"STATION","DATE","SOURCE","LATITUDE","LONGITUDE","ELEVATION","NAME","REPORT_TYPE","CALL_SIGN","QUALITY_CONTROL","WND","CIG","VIS","TMP","DEW","SLP","AA1","AY1","AY2","GA1","GA2","GA3","GE1","GF1","KA1","KA2","MD1","MW1","REM","EQD"
"42139099999","2022-01-01T03:00:00","4","29.0166666","77.7166667","222.0","MEERUT, IN","FM-12","99999","V020","999,9,C,0000,1","99999,9,9,N","001000,1,9,9","+0082,1","+0065,1","10234,1",,"0,1,02,1","0,1,02,1",,,,,,"240,M,+0224,1","240,N,+0049,1","9,9,999,9,-009,1","10,1","SYN07442139 31994 00000 10082 20065 40234 71000 333 10224 20049 59009 555 10000=",
"42139099999","2022-01-01T06:00:00","4","29.0166666","77.7166667","222.0","MEERUT, IN","FM-12","99999","V020","999,9,C,0000,1","99999,9,9,N","002000,1,9,9","+0172,1","+0091,1","10229,1",,"0,1,02,1","0,1,02,1",,,,,,,,"9,9,999,9,-010,1","05,1","SYN05242139 31995 00000 10172 20091 40229 70500 333 59010=",
"42139099999","2022-01-01T09:00:00","4","29.0166666","77.7166667","222.0","MEERUT, IN","FM-12","99999","V020","999,9,C,0000,1","99999,9,9,N","002000,1,9,9","+0210,1","+0059,1","10199,1",,"0,1,02,1","0,1,02,1",,,,,,,,"9,9,999,9,-007,1","05,1","SYN05242139 31995 00000 10210 20059 40199 70500 333 59007=",
"42139099999","2022-01-01T12:00:00","4","29.0166666","77.7166667","222.0","MEERUT, IN","FM-12","99999","V020","999,9,C,0000,1","99999,9,9,N","002000,1,9,9","+0160,1","+0103,1","10196,1",,"0,1,02,1","0,1,02,1",,,,,,,,"9,9,999,9,-012,1","05,1","SYN05842139 31995 00000 10160 20103 40196 70500 333 10218 59012=",
"42139099999","2022-01-02T03:00:00","4","29.0166666","77.7166667","222.0","MEERUT, IN","FM-12","99999","V020","999,9,C,0000,1","22000,1,9,N","001000,1,9,9","+0080,1","+0067,1","10220,1",,"0,1,02,1","0,1,02,1","99,9,+99999,9,00,1",,,"9,AGL   ,+99999,+99999","03,99,1,00,1,99,9,99999,9,99,9,99,9","240,M,+0218,1","240,N,+0042,1","9,9,999,9,-014,1","10,1","SYN08042139 31994 30000 10080 20067 40220 71000 80001 333 10218 20042 59014 555 10000=","Q01    003SCCGA1"
"42139099999","2022-01-02T06:00:00","4","29.0166666","77.7166667","222.0","MEERUT, IN","FM-12","99999","V020","999,9,C,0000,1","22000,1,9,N","002000,1,9,9","+0176,1","+0078,1","10214,1",,"0,1,02,1","0,1,02,1","99,9,+99999,9,00,1",,,"9,AGL   ,+99999,+99999","03,99,1,00,1,99,9,99999,9,99,9,99,9",,,"9,9,999,9,-015,1","05,1","SYN05842139 31995 30000 10176 20078 40214 70500 80001 333 59015=","Q01    003SCCGA1"
"42139099999","2022-01-02T09:00:00","4","29.0166666","77.7166667","222.0","MEERUT, IN","FM-12","99999","V020","999,9,C,0000,1","22000,1,9,N","002000,1,9,9","+0220,1","+0089,1","10184,1",,"1,1,02,1","0,1,02,1","99,9,+99999,9,00,1",,,"9,AGL   ,+99999,+99999","04,99,1,00,1,99,9,99999,9,99,9,99,9",,,"9,9,999,9,-015,1","05,1","SYN05842139 31995 40000 10220 20089 40184 70510 80001 333 59015=","Q01    003SCCGA1"
"42139099999","2022-01-02T12:00:00","4","29.0166666","77.7166667","222.0","MEERUT, IN","FM-12","99999","V020","999,9,C,0000,1","22000,1,9,N","002000,1,9,9","+0170,1","+0102,1","10176,1",,"1,1,02,1","1,1,02,1","99,9,+99999,9,00,1",,,"9,AGL   ,+99999,+99999","02,99,1,00,1,99,9,99999,9,99,9,99,9",,,"9,9,999,9,-018,1","05,1","SYN06442139 31995 20000 10170 20102 40176 70511 80001 333 10224 59018=","Q01    003SCCGA1"
"42139099999","2022-01-03T03:00:00","4","29.0166666","77.7166667","222.0","MEERUT, IN","FM-12","99999","V020","999,9,C,0000,1","22000,1,9,N","001000,1,9,9","+0086,1","+0069,1","10201,1",,"1,1,02,1","0,1,02,1","99,9,+99999,9,00,1",,,"9,AGL   ,+99999,+99999","02,99,1,00,1,99,9,99999,9,99,9,99,9","240,M,+0224,1","240,N,+0049,1","9,9,999,9,-019,1","10,1","SYN08042139 31994 20000 10086 20069 40201 71010 80001 333 10224 20049 59019 555 10000=","Q01    003SCCGA1"
"42139099999","2022-01-03T06:00:00","4","29.0166666","77.7166667","222.0","MEERUT, IN","FM-12","99999","V020","999,9,C,0000,1","99999,9,9,N","002000,1,9,9","+0190,1","+0072,1","10189,1",,"0,1,02,1","0,1,02,1",,,,,,,,"9,9,999,9,-024,1","05,1","SYN05242139 31995 00000 10190 20072 40189 70500 333 59024=",
"42139099999","2022-01-03T09:00:00","4","29.0166666","77.7166667","222.0","MEERUT, IN","FM-12","99999","V020","999,9,C,0000,1","22000,1,9,N","002000,1,9,9","+0222,1","+0071,1","10159,1",,"1,1,02,1","0,1,02,1","99,9,+99999,9,00,1",,,"9,AGL   ,+99999,+99999","01,99,1,00,1,99,9,99999,9,99,9,99,9",,,"9,9,999,9,-022,1","05,1","SYN05842139 31995 10000 10222 20071 40159 70510 80001 333 59022=","Q01    003SCCGA1"
"42139099999","2022-01-03T12:00:00","4","29.0166666","77.7166667","222.0","MEERUT, IN","FM-12","99999","V020","999,9,C,0000,1","22000,1,9,N","002000,1,9,9","+0176,1","+0097,1","10162,1",,"1,1,02,1","1,1,02,1","99,9,+99999,9,00,1",,,"9,AGL   ,+99999,+99999","02,99,1,00,1,99,9,99999,9,99,9,99,9",,,"9,9,999,9,-013,1","05,1","SYN06442139 31995 20000 10176 20097 40162 70511 80001 333 10224 59013=","Q01    003SCCGA1"
"42139099999","2022-01-04T03:00:00","4","29.0166666","77.7166667","222.0","MEERUT, IN","FM-12","99999","V020","999,9,C,0000,1","99999,9,9,N","001000,1,9,9","+0112,1","+0096,1","10190,1",,"2,1,02,1","2,1,02,1","06,1,+99999,9,03,1",,,"9,AGL   ,+99999,+99999","06,99,1,06,1,99,9,99999,9,99,9,99,9","240,M,+0224,1","240,N,+0070,1","9,9,999,9,-006,1","10,1","SYN08042139 31994 60000 10112 20096 40190 71022 86030 333 10224 20070 59006 555 10000=",
"42139099999","2022-01-04T06:00:00","4","29.0166666","77.7166667","222.0","MEERUT, IN","FM-12","99999","V020","999,9,C,0000,1","99999,9,9,N","001000,1,9,9","+0196,1","+0108,1","10189,1",,"2,1,02,1","2,1,02,1","06,1,+99999,9,03,1","99,9,+99999,9,00,1",,"9,AGL   ,+99999,+99999","07,99,1,06,1,99,9,99999,9,99,9,99,9",,,"9,9,999,9,+001,1","05,1","SYN05842139 31994 70000 10196 20108 40189 70522 86031 333 58001=",
"42139099999","2022-01-04T09:00:00","4","29.0166666","77.7166667","222.0","MEERUT, IN","FM-12","99999","V020","999,9,C,0000,1","99999,9,9,N","002000,1,9,9","+0226,1","+0072,1","10156,1",,"2,1,02,1","2,1,02,1","02,1,+99999,9,03,1","99,9,+99999,9,00,1",,"9,AGL   ,+99999,+99999","05,99,1,02,1,99,9,99999,9,99,9,99,9",,,"9,9,999,9,-003,1","05,1","SYN05842139 31995 50000 10226 20072 40156 70522 82031 333 59003=",
"42139099999","2022-01-04T12:00:00","4","29.0166666","77.7166667","222.0","MEERUT, IN","FM-12","99999","V020","999,9,C,0000,1","99999,9,9,N","002000,1,9,9","+0190,1","+0118,1","10156,1",,"2,1,02,1","2,1,02,1","04,1,+00800,1,06,1","99,9,+99999,9,04,1",,"9,AGL   ,+99999,+99999","08,99,1,04,1,99,9,00800,1,99,9,99,9","240,M,+0233,1",,"9,9,999,9,-005,1","05,1","SYN06442139 31595 80000 10190 20118 40156 70522 8451/ 333 10233 59005=",
"42139099999","2022-01-05T03:00:00","4","29.0166666","77.7166667","222.0","MEERUT, IN","FM-12","99999","V020","999,9,C,0000,1","00120,1,W,N","000500,1,9,9","+0128,1","+0113,1","10181,1",,"4,1,02,1","4,1,02,1","09,1,+99999,9,99,9",,,"9,AGL   ,+99999,+99999","09,99,1,09,1,99,9,99999,9,99,9,99,9","240,M,+0233,1","240,N,+0089,1","9,9,999,9,-010,1","45,1","SYN08042139 31/93 90000 10128 20113 40181 74544 89/// 333 10233 20089 59010 555 10000=",
"42139099999","2022-01-05T06:00:00","4","29.0166666","77.7166667","222.0","MEERUT, IN","FM-12","99999","V020","999,9,C,0000,1","99999,9,9,N","000500,1,9,9","+0152,1","+0138,1","10193,1","03,0007,3,1","6,1,02,1","4,1,02,1","05,1,+00800,1,06,1","99,9,+99999,9,05,1",,"9,AGL   ,+99999,+99999","08,99,1,05,1,99,9,00800,1,99,9,99,9",,,"9,9,999,9,+000,1","61,1","SYN06442139 21593 80000 10152 20138 40193 76164 8552/ 333 58000 6997/=",
"42139099999","2022-01-05T09:00:00","4","29.0166666","77.7166667","222.0","MEERUT, IN","FM-12","99999","V020","999,9,C,0000,1","99999,9,9,N","000500,1,9,9","+0150,1","+0139,1","10167,1","06,0020,3,1","6,1,02,1","6,1,02,1","05,1,+00800,1,06,1","99,9,+99999,9,05,1",,"9,AGL   ,+99999,+99999","08,99,1,05,1,99,9,00800,1,99,9,99,9",,,"9,9,999,9,+003,1","61,1","SYN06442139 21593 80000 10150 20139 40167 76166 8552/ 333 58003 6002/=",
"42139099999","2022-01-05T12:00:00","4","29.0166666","77.7166667","222.0","MEERUT, IN","FM-12","99999","V020","999,9,C,0000,1","99999,9,9,N","000500,1,9,9","+0136,1","+0125,1","10156,1","09,0040,3,1","6,1,02,1","6,1,02,1","06,1,+00800,1,06,1","99,9,+99999,9,05,1",,"9,AGL   ,+99999,+99999","08,99,1,06,1,99,9,00800,1,99,9,99,9",,,"9,9,999,9,-004,1","61,1","SYN07042139 21593 80000 10136 20125 40156 76166 8652/ 333 10154 59004 6004/=",
"42139099999","2022-01-06T03:00:00","4","29.0166666","77.7166667","222.0","MEERUT, IN","FM-12","99999","V020","140,1,N,0010,1","99999,9,9,N","001000,1,9,9","+0142,1","+0135,1","10187,1","24,0070,3,1","2,1,02,1","2,1,02,1","04,1,+00800,1,06,1","99,9,+99999,9,03,1",,"9,AGL   ,+99999,+99999","07,99,1,04,1,99,9,00800,1,99,9,99,9","240,M,+0154,1","240,N,+0104,1","9,9,999,9,+009,1","10,1","SYN09242139 21594 71402 10142 20135 40187 71022 84530 333 10154 20104 58009 6007/ 555 00069 10007=",
"42139099999","2022-01-06T06:00:00","4","29.0166666","77.7166667","222.0","MEERUT, IN","FM-12","99999","V020","140,1,N,0010,1","99999,9,9,N","002000,1,9,9","+0182,1","+0136,1","10180,1",,"2,1,02,1","2,1,02,1","04,1,+00800,1,06,1","99,9,+99999,9,03,1",,"9,AGL   ,+99999,+99999","06,99,1,04,1,99,9,00800,1,99,9,99,9",,,"9,9,999,9,-009,1","05,1","SYN05842139 31595 61402 10182 20136 40180 70522 84430 333 59009=",
"42139099999","2022-01-06T09:00:00","4","29.0166666","77.7166667","222.0","MEERUT, IN","FM-12","99999","V020","050,1,N,0015,1","22000,1,9,N","002000,1,9,9","+0194,1","+0110,1","10148,1",,"2,1,02,1","2,1,02,1","02,1,+00800,1,06,1","99,9,+99999,9,03,1",,"9,AGL   ,+99999,+99999","04,99,1,02,1,99,9,00800,1,99,9,99,9",,,"9,9,999,9,-014,1","05,1","SYN05842139 31595 40503 10194 20110 40148 70522 82530 333 59014=",
"42139099999","2022-01-06T12:00:00","4","29.0166666","77.7166667","222.0","MEERUT, IN","FM-12","99999","V020","999,9,C,0000,1","99999,9,9,N","002000,1,9,9","+0184,1","+0131,1","10152,1",,"2,1,02,1","2,1,02,1","03,1,+00800,1,06,1","99,9,+99999,9,03,1",,"9,AGL   ,+99999,+99999","06,99,1,03,1,99,9,00800,1,99,9,99,9",,,"9,9,999,9,+000,1","05,1","SYN06442139 31595 60000 10184 20131 40152 70522 83530 333 10196 58000=",
"42139099999","2022-01-07T03:00:00","4","29.0166666","77.7166667","222.0","MEERUT, IN","FM-12","99999","V020","230,1,N,0010,1","00240,1,W,N","001000,1,9,9","+0148,1","+0141,1","10180,1",,"0,1,02,1","0,1,02,1","09,1,+99999,9,99,9",,,"9,AGL   ,+99999,+99999","09,99,1,09,1,99,9,99999,9,99,9,99,9","240,M,+0196,1","240,N,+0104,1","9,9,999,9,-007,1","10,1","SYN08042139 31/94 92302 10148 20141 40180 71000 89/// 333 10196 20104 59007 555 10007=",
"42139099999","2022-01-07T06:00:00","4","29.0166666","77.7166667","222.0","MEERUT, IN","FM-12","99999","V020","230,1,N,0015,1","22000,1,9,N","002000,1,9,9","+0178,1","+0151,1","10186,1",,"1,1,02,1","0,1,02,1","04,1,+00800,1,06,1",,,"9,AGL   ,+99999,+99999","04,99,1,04,1,99,9,00800,1,99,9,99,9",,,"9,9,999,9,+004,1","10,1","SYN05842139 31595 42303 10178 20151 40186 71010 84500 333 58004=",
"42139099999","2022-01-07T09:00:00","4","29.0166666","77.7166667","222.0","MEERUT, IN","FM-12","99999","V020","230,1,N,0021,1","99999,9,9,N","002000,1,9,9","+0190,1","+0142,1","10165,1",,"2,1,02,1","1,1,02,1","03,1,+00800,1,06,1","99,9,+99999,9,03,1",,"9,AGL   ,+99999,+99999","07,99,1,03,1,99,9,00800,1,99,9,99,9",,,"9,9,999,9,+016,1","05,1","SYN05842139 31595 72304 10190 20142 40165 70521 83570 333 58016=",
"42139099999","2022-01-07T12:00:00","4","29.0166666","77.7166667","222.0","MEERUT, IN","FM-12","99999","V020","999,9,C,0000,1","99999,9,9,N","002000,1,9,9","+0190,1","+0156,1","10158,1",,"2,1,02,1","2,1,02,1","03,1,+00800,1,06,1","99,9,+99999,9,04,1",,"9,AGL   ,+99999,+99999","08,99,1,03,1,99,9,00800,1,99,9,99,9",,,"9,9,999,9,+006,1","10,1","SYN06442139 31595 80000 10190 20156 40158 71022 8351/ 333 10199 58006=",
"42139099999","2022-01-08T03:00:00","4","29.0166666","77.7166667","222.0","MEERUT, IN","FM-12","99999","V020","050,1,N,0010,1","99999,9,9,N","001000,1,9,9","+0150,1","+0146,1","10176,1","24,0260,3,1","9,1,02,1","6,1,02,1","05,1,+00800,1,09,1","99,9,+99999,9,05,1",,"9,AGL   ,+99999,+99999","08,99,1,05,1,99,9,00800,1,99,9,99,9","240,M,+0199,1","240,N,+0121,1","9,9,999,9,-002,1","61,1","SYN09242139 21594 80502 10150 20146 40176 76196 8532/ 333 10199 20121 59002 6026/ 555 00260 10033=",
"42139099999","2022-01-08T06:00:00","4","29.0166666","77.7166667","222.0","MEERUT, IN","FM-12","99999","V020","999,9,C,0000,1","99999,9,9,N","001000,1,9,9","+0150,1","+0146,1","10194,1","03,0080,3,1","9,1,02,1","6,1,02,1","05,1,+00800,1,09,1","99,9,+99999,9,05,1",,"9,AGL   ,+99999,+99999","08,99,1,05,1,99,9,00800,1,99,9,99,9",,,"9,9,999,9,+005,1","95,1","SYN06442139 21594 80000 10150 20146 40194 79596 8532/ 333 58005 6008/=",
"42139099999","2022-01-08T09:00:00","4","29.0166666","77.7166667","222.0","MEERUT, IN","FM-12","99999","V020","090,1,N,0010,1","99999,9,9,N","002000,1,9,9","+0160,1","+0157,1","10169,1","06,0170,3,1","9,1,02,1","6,1,02,1","04,1,+00800,1,06,1","99,9,+99999,9,04,1",,"9,AGL   ,+99999,+99999","08,99,1,04,1,99,9,00800,1,99,9,99,9",,,"9,9,999,9,+001,1","10,1","SYN06442139 21595 80902 10160 20157 40169 71096 8451/ 333 58001 6017/=",
"42139099999","2022-01-08T12:00:00","4","29.0166666","77.7166667","222.0","MEERUT, IN","FM-12","99999","V020","050,1,N,0015,1","99999,9,9,N","002000,1,9,9","+0160,1","+0150,1","10158,1","09,0170,3,1","9,1,02,1","6,1,02,1","05,1,+00450,1,07,1","99,9,+99999,9,03,1",,"9,AGL   ,+99999,+99999","06,99,1,05,1,99,9,00450,1,99,9,99,9","240,M,+0163,1",,"9,9,999,9,-003,1","10,1","SYN07042139 21495 60503 10160 20150 40158 71096 85730 333 10163 59003 6017/=",
"42139099999","2022-01-09T03:00:00","4","29.0166666","77.7166667","222.0","MEERUT, IN","FM-12","99999","V020","140,1,N,0015,1","99999,9,9,N","002000,1,9,9","+0142,1","+0135,1","10152,1","24,0340,3,1","6,1,02,1","2,1,02,1","02,1,+00800,1,06,1","99,9,+99999,9,03,1",,"9,AGL   ,+99999,+99999","05,99,1,02,1,99,9,00800,1,99,9,99,9","240,M,+0163,1","240,N,+0110,1","9,9,999,9,-024,1","10,1","SYN09242139 21595 51403 10142 20135 40152 71062 82530 333 10163 20110 59024 6034/ 555 00338 10067=",
"42139099999","2022-01-09T06:00:00","4","29.0166666","77.7166667","222.0","MEERUT, IN","FM-12","99999","V020","140,1,N,0015,1","99999,9,9,N","002000,1,9,9","+0164,1","+0147,1","10156,1",,"2,1,02,1","2,1,02,1","05,1,+00450,1,07,1","99,9,+99999,9,04,1",,"9,AGL   ,+99999,+99999","08,99,1,05,1,99,9,00450,1,99,9,99,9",,,"9,9,999,9,-035,1","10,1","SYN05842139 31495 81403 10164 20147 40156 71022 8571/ 333 59035=",
"42139099999","2022-01-09T09:00:00","4","29.0166666","77.7166667","222.0","MEERUT, IN","FM-12","99999","V020","180,1,N,0010,1","99999,9,9,9","002000,1,9,9","+0186,1","+0152,1","10136,1",,"6,1,03,1","2,1,03,1","04,1,+00600,1,08,1","99,9,+99999,9,03,1",,"9,AGL   ,+99999,+99999","06,99,1,04,1,99,9,00600,1,99,9,99,9",,,"9,9,999,9,-030,1","05,1","SYN004BUFR",
"42139099999","2022-01-09T12:00:00","4","29.0166666","77.7166667","222.0","MEERUT, IN","FM-12","99999","V020","999,9,C,0000,1","99999,9,9,N","002000,1,9,9","+0152,1","+0134,1","10142,1","09,0008,3,1","2,1,02,1","2,1,02,1","05,1,+00800,1,06,1","99,9,+99999,9,04,1",,"9,AGL   ,+99999,+99999","08,99,1,05,1,99,9,00800,1,99,9,99,9",,,"9,9,999,9,-016,1","10,1","SYN07042139 21595 80000 10152 20134 40142 71022 8551/ 333 10188 59016 6998/=",
"42139099999","2022-01-10T03:00:00","4","29.0166666","77.7166667","222.0","MEERUT, IN","FM-12","99999","V020","999,9,C,0000,1","99999,9,9,N","001000,1,9,9","+0128,1","+0117,1","10186,1","24,0020,3,1","2,1,02,1","2,1,02,1","04,1,+00800,1,06,1","99,9,+99999,9,03,1",,"9,AGL   ,+99999,+99999","06,99,1,04,1,99,9,00800,1,99,9,99,9","240,M,+0188,1","240,N,+0092,1","9,9,999,9,+031,1","10,1","SYN09242139 21594 60000 10128 20117 40186 71022 84530 333 10188 20092 58031 6002/ 555 00024 10069=",
"42139099999","2022-01-10T06:00:00","4","29.0166666","77.7166667","222.0","MEERUT, IN","FM-12","99999","V020","340,1,N,0010,1","99999,9,9,N","002000,1,9,9","+0148,1","+0122,1","10192,1",,"2,1,02,1","2,1,02,1","04,1,+00800,1,06,1","99,9,+99999,9,03,1",,"9,AGL   ,+99999,+99999","06,99,1,04,1,99,9,00800,1,99,9,99,9",,,"9,9,999,9,+033,1","10,1","SYN05842139 31595 63402 10148 20122 40192 71022 84530 333 58033=",
"42139099999","2022-01-10T09:00:00","4","29.0166666","77.7166667","222.0","MEERUT, IN","FM-12","99999","V020","999,9,C,0000,1","22000,1,9,N","002000,1,9,9","+0170,1","+0127,1","10168,1",,"2,1,02,1","1,1,02,1","03,1,+00800,1,06,1",,,"9,AGL   ,+99999,+99999","03,99,1,03,1,99,9,00800,1,99,9,99,9",,,"9,9,999,9,+030,1","05,1","SYN05842139 31595 30000 10170 20127 40168 70521 83500 333 58030=",
"42139099999","2022-01-10T12:00:00","4","29.0166666","77.7166667","222.0","MEERUT, IN","FM-12","99999","V020","999,9,C,0000,1","99999,9,9,N","002000,1,9,9","+0156,1","+0123,1","10166,1",,"1,1,02,1","0,1,02,1",,,,,,,,"9,9,999,9,+024,1","10,1","SYN05842139 31995 00000 10156 20123 40166 71010 333 10178 58024=",
"42139099999","2022-01-11T03:00:00","4","29.0166666","77.7166667","222.0","MEERUT, IN","FM-12","99999","V020","999,9,C,0000,1","99999,9,9,N","001000,1,9,9","+0096,1","+0092,1","10194,1",,"2,1,02,1","0,1,02,1","05,1,+99999,9,03,1",,,"9,AGL   ,+99999,+99999","05,99,1,05,1,99,9,99999,9,99,9,99,9","240,M,+0178,1","240,N,+0066,1","9,9,999,9,+005,1","10,1","SYN08042139 31994 50000 10096 20092 40194 71020 85030 333 10178 20066 58005 555 10069=",
"42139099999","2022-01-11T06:00:00","4","29.0166666","77.7166667","222.0","MEERUT, IN","FM-12","99999","V020","320,1,N,0010,1","00240,1,W,N","002000,1,9,9","+0116,1","+0108,1","10198,1",,"2,1,02,1","0,1,02,1","09,1,+99999,9,99,9",,,"9,AGL   ,+99999,+99999","09,99,1,09,1,99,9,99999,9,99,9,99,9",,,"9,9,999,9,+003,1","10,1","SYN05842139 31/95 93202 10116 20108 40198 71020 89/// 333 58003=",
"42139099999","2022-01-11T09:00:00","4","29.0166666","77.7166667","222.0","MEERUT, IN","FM-12","99999","V020","999,9,C,0000,1","00240,1,W,N","002000,1,9,9","+0140,1","+0118,1","10169,1",,"0,1,02,1","0,1,02,1","09,1,+99999,9,99,9",,,"9,AGL   ,+99999,+99999","09,99,1,09,1,99,9,99999,9,99,9,99,9",,,"9,9,999,9,-001,1","10,1","SYN05842139 31/95 90000 10140 20118 40169 71000 89/// 333 59001=",
"42139099999","2022-01-11T12:00:00","4","29.0166666","77.7166667","222.0","MEERUT, IN","FM-12","99999","V020","320,1,N,0010,1","99999,9,9,N","002000,1,9,9","+0126,1","+0107,1","10160,1",,"0,1,02,1","0,1,02,1",,,,,,,,"9,9,999,9,-008,1","10,1","SYN05842139 31995 03202 10126 20107 40160 71000 333 10141 59008=",
"42139099999","2022-01-12T03:00:00","4","29.0166666","77.7166667","222.0","MEERUT, IN","FM-12","99999","V020","999,9,C,0000,1","00240,1,W,N","001000,1,9,9","+0106,1","+0090,1","10188,1",,"0,1,02,1","0,1,02,1","09,1,+99999,9,99,9",,,"9,AGL   ,+99999,+99999","09,99,1,09,1,99,9,99999,9,99,9,99,9","240,M,+0141,1","240,N,+0073,1","9,9,999,9,-003,1","10,1","SYN08042139 31/94 90000 10106 20090 40188 71000 89/// 333 10141 20073 59003 555 10069=",
"42139099999","2022-01-12T06:00:00","4","29.0166666","77.7166667","222.0","MEERUT, IN","FM-12","99999","V020","999,9,C,0000,1","00240,1,W,N","002000,1,9,9","+0128,1","+0101,1","10195,1",,"0,1,02,1","0,1,02,1","09,1,+99999,9,99,9",,,"9,AGL   ,+99999,+99999","09,99,1,09,1,99,9,99999,9,99,9,99,9",,,"9,9,999,9,-002,1","10,1","SYN05842139 31/95 90000 10128 20101 40195 71000 89/// 333 59002=",
"42139099999","2022-01-12T09:00:00","4","29.0166666","77.7166667","222.0","MEERUT, IN","FM-12","99999","V020","999,9,C,0000,1","99999,9,9,N","002000,1,9,9","+0170,1","+0102,1","10163,1",,"0,1,02,1","0,1,02,1",,,,,,,,"9,9,999,9,-004,1","05,1","SYN05242139 31995 00000 10170 20102 40163 70500 333 59004=",
"42139099999","2022-01-12T12:00:00","4","29.0166666","77.7166667","222.0","MEERUT, IN","FM-12","99999","V020","999,9,C,0000,1","99999,9,9,N","002000,1,9,9","+0150,1","+0113,1","10160,1",,"0,1,02,1","0,1,02,1",,,,,,,,"9,9,999,9,+001,1","10,1","SYN05842139 31995 00000 10150 20113 40160 71000 333 10175 58001=",
"42139099999","2022-01-13T03:00:00","4","29.0166666","77.7166667","222.0","MEERUT, IN","FM-12","99999","V020","999,9,C,0000,1","00120,1,W,N","000500,1,9,9","+0082,1","+0078,1","10192,1",,"4,1,02,1","4,1,02,1","09,1,+99999,9,99,9",,,"9,AGL   ,+99999,+99999","09,99,1,09,1,99,9,99999,9,99,9,99,9","240,M,+0175,1","240,N,+0042,1","9,9,999,9,+002,1","45,1","SYN08042139 31/93 90000 10082 20078 40192 74544 89/// 333 10175 20042 58002 555 10069=",
"42139099999","2022-01-13T06:00:00","4","29.0166666","77.7166667","222.0","MEERUT, IN","FM-12","99999","V020","999,9,C,0000,1","00240,1,W,N","001000,1,9,9","+0126,1","+0107,1","10198,1",,"4,1,02,1","0,1,02,1","09,1,+99999,9,99,9",,,"9,AGL   ,+99999,+99999","09,99,1,09,1,99,9,99999,9,99,9,99,9",,,"9,9,999,9,+003,1","10,1","SYN05842139 31/94 90000 10126 20107 40198 71040 89/// 333 58003=",
"42139099999","2022-01-13T09:00:00","4","29.0166666","77.7166667","222.0","MEERUT, IN","FM-12","99999","V020","999,9,C,0000,1","00240,1,W,N","001000,1,9,9","+0138,1","+0099,1","10171,1",,"0,1,02,1","0,1,02,1","09,1,+99999,9,99,9",,,"9,AGL   ,+99999,+99999","09,99,1,09,1,99,9,99999,9,99,9,99,9",,,"9,9,999,9,+006,1","10,1","SYN05842139 31/94 90000 10138 20099 40171 71000 89/// 333 58006=",
"42139099999","2022-01-13T12:00:00","4","29.0166666","77.7166667","222.0","MEERUT, IN","FM-12","99999","V020","999,9,C,0000,1","99999,9,9,N","002000,1,9,9","+0132,1","+0109,1","10163,1",,"0,1,02,1","0,1,02,1",,,,,,,,"9,9,999,9,+003,1","10,1","SYN05842139 31995 00000 10132 20109 40163 71000 333 10140 58003=",
"42139099999","2022-01-14T03:00:00","4","29.0166666","77.7166667","222.0","MEERUT, IN","FM-12","99999","V020","999,9,C,0000,1","00060,1,W,N","000200,1,9,9","+0078,1","+0074,1","10203,1",,"4,1,02,1","4,1,02,1","09,1,+99999,9,99,9",,,"9,AGL   ,+99999,+99999","09,99,1,09,1,99,9,99999,9,99,9,99,9","240,M,+0140,1","240,N,+0038,1","9,9,999,9,+009,1","45,1","SYN08042139 31/92 90000 10078 20074 40203 74544 89/// 333 10140 20038 58009 555 10069=",
"42139099999","2022-01-14T06:00:00","4","29.0166666","77.7166667","222.0","MEERUT, IN","FM-12","99999","V020","999,9,C,0000,1","00120,1,W,N","000500,1,9,9","+0112,1","+0104,1","10206,1",,"4,1,02,1","4,1,02,1","09,1,+99999,9,99,9",,,"9,AGL   ,+99999,+99999","09,99,1,09,1,99,9,99999,9,99,9,99,9",,,"9,9,999,9,+007,1","43,1","SYN05842139 31/93 90000 10112 20104 40206 74344 89/// 333 58007=",
"42139099999","2022-01-14T09:00:00","4","29.0166666","77.7166667","222.0","MEERUT, IN","FM-12","99999","V020","320,1,N,0010,1","00240,1,W,N","001000,1,9,9","+0120,1","+0079,1","10181,1",,"4,1,02,1","0,1,02,1","09,1,+99999,9,99,9",,,"9,AGL   ,+99999,+99999","09,99,1,09,1,99,9,99999,9,99,9,99,9",,,"9,9,999,9,+008,1","10,1","SYN05842139 31/94 93202 10120 20079 40181 71040 89/// 333 58008=",
"42139099999","2022-01-14T12:00:00","4","29.0166666","77.7166667","222.0","MEERUT, IN","FM-12","99999","V020","999,9,C,0000,1","22000,1,9,N","001000,1,9,9","+0122,1","+0099,1","10173,1",,"1,1,02,1","0,1,02,1","99,9,+99999,9,00,1",,,"9,AGL   ,+99999,+99999","02,99,1,00,1,99,9,99999,9,99,9,99,9",,,"9,9,999,9,+009,1","10,1","SYN06442139 31994 20000 10122 20099 40173 71010 80001 333 10130 58009=","Q01    003SCCGA1"
"42139099999","2022-01-15T03:00:00","4","29.0166666","77.7166667","222.0","MEERUT, IN","FM-12","99999","V020","320,1,N,0010,1","00120,1,W,N","000500,1,9,9","+0086,1","+0082,1","10214,1",,"4,1,02,1","4,1,02,1","09,1,+99999,9,99,9",,,"9,AGL   ,+99999,+99999","09,99,1,09,1,99,9,99999,9,99,9,99,9","240,M,+0130,1","240,N,+0054,1","9,9,999,9,+011,1","43,1","SYN08042139 31/93 93202 10086 20082 40214 74344 89/// 333 10130 20054 58011 555 10069=",
"42139099999","2022-01-15T06:00:00","4","29.0166666","77.7166667","222.0","MEERUT, IN","FM-12","99999","V020","320,1,N,0010,1","00240,1,W,N","001000,1,9,9","+0094,1","+0082,1","10227,1",,"4,1,02,1","0,1,02,1","09,1,+99999,9,99,9",,,"9,AGL   ,+99999,+99999","09,99,1,09,1,99,9,99999,9,99,9,99,9",,,"9,9,999,9,+019,1","10,1","SYN05842139 31/94 93202 10094 20082 40227 71040 89/// 333 58019=",
"42139099999","2022-01-15T09:00:00","4","29.0166666","77.7166667","222.0","MEERUT, IN","FM-12","99999","V020","999,9,C,0000,1","00240,1,W,N","002000,1,9,9","+0106,1","+0090,1","10200,1",,"0,1,02,1","0,1,02,1","09,1,+99999,9,99,9",,,"9,AGL   ,+99999,+99999","09,99,1,09,1,99,9,99999,9,99,9,99,9",,,"9,9,999,9,+016,1","10,1","SYN05842139 31/95 90000 10106 20090 40200 71000 89/// 333 58016=",
"42139099999","2022-01-15T12:00:00","4","29.0166666","77.7166667","222.0","MEERUT, IN","FM-12","99999","V020","999,9,C,0000,1","00240,1,W,N","001000,1,9,9","+0106,1","+0090,1","10198,1",,"0,1,02,1","0,1,02,1","09,1,+99999,9,99,9",,,"9,AGL   ,+99999,+99999","09,99,1,09,1,99,9,99999,9,99,9,99,9",,,"9,9,999,9,+021,1","10,1","SYN06442139 31/94 90000 10106 20090 40198 71000 89/// 333 10110 58021=",
"42139099999","2022-01-16T03:00:00","4","29.0166666","77.7166667","222.0","MEERUT, IN","FM-12","99999","V020","999,9,C,0000,1","00240,1,W,N","002000,1,9,9","+0090,1","+0077,1","10218,1",,"0,1,02,1","0,1,02,1","09,1,+99999,9,99,9",,,"9,AGL   ,+99999,+99999","09,99,1,09,1,99,9,99999,9,99,9,99,9","240,M,+0110,1","240,N,+0058,1","9,9,999,9,+004,1","10,1","SYN08042139 31/95 90000 10090 20077 40218 71000 89/// 333 10110 20058 58004 555 10069=",
"42139099999","2022-01-16T06:00:00","4","29.0166666","77.7166667","222.0","MEERUT, IN","FM-12","99999","V020","999,9,C,0000,1","00240,1,W,N","002000,1,9,9","+0104,1","+0075,1","10229,1",,"0,1,02,1","0,1,02,1","09,1,+99999,9,99,9",,,"9,AGL   ,+99999,+99999","09,99,1,09,1,99,9,99999,9,99,9,99,9",,,"9,9,999,9,+003,1","10,1","SYN05842139 31/95 90000 10104 20075 40229 71000 89/// 333 58003=",
"42139099999","2022-01-16T09:00:00","4","29.0166666","77.7166667","222.0","MEERUT, IN","FM-12","99999","V020","999,9,C,0000,1","00240,1,W,N","002000,1,9,9","+0128,1","+0079,1","10200,1",,"0,1,02,1","0,1,02,1","09,1,+99999,9,99,9",,,"9,AGL   ,+99999,+99999","09,99,1,09,1,99,9,99999,9,99,9,99,9",,,"9,9,999,9,+002,1","10,1","SYN05842139 31/95 90000 10128 20079 40200 71000 89/// 333 58002=",
"42139099999","2022-01-16T12:00:00","4","29.0166666","77.7166667","222.0","MEERUT, IN","FM-12","99999","V020","999,9,C,0000,1","22000,1,9,N","002000,1,9,9","+0120,1","+0092,1","10200,1",,"1,1,02,1","0,1,02,1","99,9,+99999,9,00,1",,,"9,AGL   ,+99999,+99999","02,99,1,00,1,99,9,99999,9,99,9,99,9",,,"9,9,999,9,+003,1","10,1","SYN06442139 31995 20000 10120 20092 40200 71010 80001 333 10132 58003=","Q01    003SCCGA1"
"42139099999","2022-01-17T03:00:00","4","29.0166666","77.7166667","222.0","MEERUT, IN","FM-12","99999","V020","999,9,C,0000,1","00240,1,W,N","001000,1,9,9","+0092,1","+0066,1","10224,1",,"0,1,02,1","0,1,02,1","09,1,+99999,9,99,9",,,"9,AGL   ,+99999,+99999","09,99,1,09,1,99,9,99999,9,99,9,99,9","240,M,+0132,1","240,N,+0053,1","9,9,999,9,+011,1","10,1","SYN08042139 31/94 90000 10092 20066 40224 71000 89/// 333 10132 20053 58011 555 10069=",
"42139099999","2022-01-17T06:00:00","4","29.0166666","77.7166667","222.0","MEERUT, IN","FM-12","99999","V020","999,9,C,0000,1","00240,1,W,N","002000,1,9,9","+0110,1","+0063,1","10232,1",,"0,1,02,1","0,1,02,1","09,1,+99999,9,99,9",,,"9,AGL   ,+99999,+99999","09,99,1,09,1,99,9,99999,9,99,9,99,9",,,"9,9,999,9,+002,1","05,1","SYN05842139 31/95 90000 10110 20063 40232 70500 89/// 333 58002=",
"42139099999","2022-01-17T09:00:00","4","29.0166666","77.7166667","222.0","MEERUT, IN","FM-12","99999","V020","050,1,N,0010,1","99999,9,9,N","002000,1,9,9","+0136,1","+0080,1","10204,1",,"1,1,02,1","0,1,02,1","03,1,+00800,1,06,1","99,9,+99999,9,03,1",,"9,AGL   ,+99999,+99999","07,99,1,03,1,99,9,00800,1,99,9,99,9",,,"9,9,999,9,+005,1","05,1","SYN05842139 31595 70502 10136 20080 40204 70510 83530 333 58005=",
"42139099999","2022-01-17T12:00:00","4","29.0166666","77.7166667","222.0","MEERUT, IN","FM-12","99999","V020","999,9,C,0000,1","99999,9,9,N","002000,1,9,9","+0130,1","+0091,1","10203,1",,"2,1,02,1","2,1,02,1","02,1,+00800,1,06,1","99,9,+99999,9,03,1",,"9,AGL   ,+99999,+99999","07,99,1,02,1,99,9,00800,1,99,9,99,9",,,"9,9,999,9,+004,1","05,1","SYN06442139 31595 70000 10130 20091 40203 70522 82530 333 10140 58004=",
"42139099999","2022-01-18T03:00:00","4","29.0166666","77.7166667","222.0","MEERUT, IN","FM-12","99999","V020","999,9,C,0000,1","00060,1,W,N","000200,1,9,9","+0080,1","+0076,1","10205,1",,"4,1,02,1","4,1,02,1","09,1,+99999,9,99,9",,,"9,AGL   ,+99999,+99999","09,99,1,09,1,99,9,99999,9,99,9,99,9","240,M,+0140,1","240,N,+0048,1","9,9,999,9,-020,1","43,1","SYN08042139 31/92 90000 10080 20076 40205 74344 89/// 333 10140 20048 59020 555 10069=",
"42139099999","2022-01-18T06:00:00","4","29.0166666","77.7166667","222.0","MEERUT, IN","FM-12","99999","V020","999,9,C,0000,1","00240,1,W,N","001000,1,9,9","+0102,1","+0077,1","10207,1",,"4,1,02,1","4,1,02,1","09,1,+99999,9,99,9",,,"9,AGL   ,+99999,+99999","09,99,1,09,1,99,9,99999,9,99,9,99,9",,,"9,9,999,9,-024,1","10,1","SYN05842139 31/94 90000 10102 20077 40207 71044 89/// 333 59024=",
"42139099999","2022-01-18T09:00:00","4","29.0166666","77.7166667","222.0","MEERUT, IN","FM-12","99999","V020","320,1,N,0010,1","99999,9,9,N","002000,1,9,9","+0136,1","+0080,1","10171,1",,"0,1,02,1","0,1,02,1",,,,,,,,"9,9,999,9,-031,1","05,1","SYN05242139 31995 03202 10136 20080 40171 70500 333 59031=",
"42139099999","2022-01-18T12:00:00","4","29.0166666","77.7166667","222.0","MEERUT, IN","FM-12","99999","V020","999,9,C,0000,1","99999,9,9,N","001000,1,9,9","+0126,1","+0090,1","10170,1",,"2,1,02,1","0,1,02,1",,,,,,"240,M,+0142,1",,"9,9,999,9,-031,1","10,1","SYN05842139 31994 00000 10126 20090 40170 71020 333 10142 59031=",
"42139099999","2022-01-19T03:00:00","4","29.0166666","77.7166667","222.0","MEERUT, IN","FM-12","99999","V020","999,9,C,0000,1","00240,1,W,N","001000,1,9,9","+0092,1","+0075,1","10184,1",,"0,1,02,1","0,1,02,1","09,1,+99999,9,99,9",,,"9,AGL   ,+99999,+99999","09,99,1,09,1,99,9,99999,9,99,9,99,9","240,M,+0142,1","240,N,+0060,1","9,9,999,9,-018,1","10,1","SYN08042139 31/94 90000 10092 20075 40184 71000 89/// 333 10142 20060 59018 555 10069=",
"42139099999","2022-01-19T06:00:00","4","29.0166666","77.7166667","222.0","MEERUT, IN","FM-12","99999","V020","999,9,C,0000,1","00240,1,W,N","001000,1,9,9","+0110,1","+0077,1","10181,1",,"0,1,02,1","0,1,02,1","09,1,+99999,9,99,9",,,"9,AGL   ,+99999,+99999","09,99,1,09,1,99,9,99999,9,99,9,99,9",,,"9,9,999,9,-024,1","10,1","SYN05842139 31/94 90000 10110 20077 40181 71000 89/// 333 59024=",
"42139099999","2022-01-19T09:00:00","4","29.0166666","77.7166667","222.0","MEERUT, IN","FM-12","99999","V020","999,9,C,0000,1","99999,9,9,N","002000,1,9,9","+0152,1","+0090,1","10145,1",,"2,1,02,1","2,1,02,1","06,1,+99999,9,03,1","99,9,+99999,9,00,1",,"9,AGL   ,+99999,+99999","07,99,1,06,1,99,9,99999,9,99,9,99,9",,,"9,9,999,9,-025,1","05,1","SYN05842139 31995 70000 10152 20090 40145 70522 86031 333 59025=",
"42139099999","2022-01-19T12:00:00","4","29.0166666","77.7166667","222.0","MEERUT, IN","FM-12","99999","V020","999,9,C,0000,1","22000,1,9,N","001000,1,9,9","+0148,1","+0106,1","10136,1",,"2,1,02,1","1,1,02,1","02,1,+99999,9,03,1",,,"9,AGL   ,+99999,+99999","02,99,1,02,1,99,9,99999,9,99,9,99,9",,,"9,9,999,9,-033,1","10,1","SYN06442139 31994 20000 10148 20106 40136 71021 82030 333 10158 59033=",
"42139099999","2022-01-20T03:00:00","4","29.0166666","77.7166667","222.0","MEERUT, IN","FM-12","99999","V020","180,1,N,0010,1","00060,1,W,N","000200,1,9,9","+0106,1","+0102,1","10135,1","24,0020,3,1","4,1,02,1","4,1,02,1","09,1,+99999,9,99,9",,,"9,AGL   ,+99999,+99999","09,99,1,09,1,99,9,99999,9,99,9,99,9","240,M,+0158,1","240,N,+0073,1","9,9,999,9,-047,1","45,1","SYN09242139 21/92 91802 10106 20102 40135 74544 89/// 333 10158 20073 59047 6002/ 555 00022 10071=",
"42139099999","2022-01-20T06:00:00","4","29.0166666","77.7166667","222.0","MEERUT, IN","FM-12","99999","V020","999,9,C,0000,1","00120,1,W,N","000500,1,9,9","+0110,1","+0106,1","10143,1",,"4,1,02,1","4,1,02,1","09,1,+99999,9,99,9",,,"9,AGL   ,+99999,+99999","09,99,1,09,1,99,9,99999,9,99,9,99,9",,,"9,9,999,9,-038,1","43,1","SYN05842139 31/93 90000 10110 20106 40143 74344 89/// 333 59038=",
"42139099999","2022-01-20T09:00:00","4","29.0166666","77.7166667","222.0","MEERUT, IN","FM-12","99999","V020","999,9,C,0000,1","00240,1,W,N","002000,1,9,9","+0144,1","+0114,1","10113,1",,"4,1,02,1","4,1,02,1","09,1,+99999,9,99,9",,,"9,AGL   ,+99999,+99999","09,99,1,09,1,99,9,99999,9,99,9,99,9",,,"9,9,999,9,-031,1","10,1","SYN05842139 31/95 90000 10144 20114 40113 71044 89/// 333 59031=",
"42139099999","2022-01-20T12:00:00","4","29.0166666","77.7166667","222.0","MEERUT, IN","FM-12","99999","V020","999,9,C,0000,1","22000,1,9,N","001000,1,9,9","+0146,1","+0120,1","10103,1",,"1,1,02,1","0,1,02,1","03,1,+99999,9,03,1",,,"9,AGL   ,+99999,+99999","03,99,1,03,1,99,9,99999,9,99,9,99,9",,,"9,9,999,9,-031,1","10,1","SYN06442139 31994 30000 10146 20120 40103 71010 83030 333 10156 59031=",
"42139099999","2022-01-21T03:00:00","4","29.0166666","77.7166667","222.0","MEERUT, IN","FM-12","99999","V020","999,9,C,0000,1","00030,1,W,N","000050,1,9,9","+0096,1","+0092,1","10137,1",,"4,1,02,1","4,1,02,1","09,1,+99999,9,99,9",,,"9,AGL   ,+99999,+99999","09,99,1,09,1,99,9,99999,9,99,9,99,9","240,M,+0156,1","240,N,+0057,1","9,9,999,9,+001,1","45,1","SYN08042139 31/91 90000 10096 20092 40137 74544 89/// 333 10156 20057 58001 555 10071=",
"42139099999","2022-01-21T06:00:00","4","29.0166666","77.7166667","222.0","MEERUT, IN","FM-12","99999","V020","999,9,C,0000,1","00120,1,W,N","000500,1,9,9","+0118,1","+0110,1","10149,1",,"4,1,02,1","4,1,02,1","09,1,+99999,9,99,9",,,"9,AGL   ,+99999,+99999","09,99,1,09,1,99,9,99999,9,99,9,99,9",,,"9,9,999,9,+007,1","43,1","SYN05842139 31/93 90000 10118 20110 40149 74344 89/// 333 58007=",
"42139099999","2022-01-21T09:00:00","4","29.0166666","77.7166667","222.0","MEERUT, IN","FM-12","99999","V020","999,9,C,0000,1","99999,9,9,N","002000,1,9,9","+0152,1","+0115,1","10118,1",,"4,1,02,1","0,1,02,1",,,,,,,,"9,9,999,9,+006,1","10,1","SYN05242139 31995 00000 10152 20115 40118 71040 333 58006=",
"42139099999","2022-01-21T12:00:00","4","29.0166666","77.7166667","222.0","MEERUT, IN","FM-12","99999","V020","230,1,N,0010,1","99999,9,9,N","002000,1,9,9","+0154,1","+0113,1","10105,1",,"0,1,02,1","0,1,02,1",,,,,,,,"9,9,999,9,+003,1","10,1","SYN05842139 31995 02302 10154 20113 40105 71000 333 10159 58003=",
"42139099999","2022-01-22T03:00:00","4","29.0166666","77.7166667","222.0","MEERUT, IN","FM-12","99999","V020","999,9,C,0000,1","99999,9,9,N","001000,1,9,9","+0116,1","+0112,1","10097,1","24,0020,3,1","6,1,02,1","2,1,02,1","06,1,+00800,1,06,1","99,9,+99999,9,04,1",,"9,AGL   ,+99999,+99999","08,99,1,06,1,99,9,00800,1,99,9,99,9","240,M,+0159,1","240,N,+0068,1","9,9,999,9,-038,1","21,1","SYN09242139 21594 80000 10116 20112 40097 72162 8651/ 333 10159 20068 59038 6002/ 555 00024 10074=",
"42139099999","2022-01-22T06:00:00","4","29.0166666","77.7166667","222.0","MEERUT, IN","FM-12","99999","V020","999,9,C,0000,1","00240,1,W,N","001000,1,9,9","+0120,1","+0112,1","10100,1","03,0000,2,1","6,1,02,1","2,1,02,1","09,1,+99999,9,99,9",,,"9,AGL   ,+99999,+99999","09,99,1,09,1,99,9,99999,9,99,9,99,9",,,"9,9,999,9,-048,1","61,1","SYN06442139 21/94 90000 10120 20112 40100 76162 89/// 333 59048 6990/=",
"42139099999","2022-01-22T09:00:00","4","29.0166666","77.7166667","222.0","MEERUT, IN","FM-12","99999","V020","050,1,N,0005,1","99999,9,9,N","001000,1,9,9","+0120,1","+0112,1","10073,1","06,0008,3,1","6,1,02,1","2,1,02,1","06,1,+00800,1,06,1","99,9,+99999,9,05,1",,"9,AGL   ,+99999,+99999","08,99,1,06,1,99,9,00800,1,99,9,99,9",,,"9,9,999,9,-048,1","61,1","SYN06442139 21594 80501 10120 20112 40073 76162 8652/ 333 59048 6998/=",
"42139099999","2022-01-22T12:00:00","4","29.0166666","77.7166667","222.0","MEERUT, IN","FM-12","99999","V020","050,1,N,0015,1","99999,9,9,N","001000,1,9,9","+0122,1","+0114,1","10065,1","09,0030,3,1","6,1,02,1","2,1,02,1","05,1,+00800,1,06,1","99,9,+99999,9,03,1",,"9,AGL   ,+99999,+99999","07,99,1,05,1,99,9,00800,1,99,9,99,9",,,"9,9,999,9,-042,1","21,1","SYN07042139 21594 70503 10122 20114 40065 72162 85560 333 10122 59042 6003/=",
"42139099999","2022-01-23T03:00:00","4","29.0166666","77.7166667","222.0","MEERUT, IN","FM-12","99999","V020","999,9,C,0000,1","00240,1,W,N","001000,1,9,9","+0120,1","+0116,1","10098,1","24,0290,3,1","6,1,02,1","2,1,02,1","09,1,+99999,9,99,9",,,"9,AGL   ,+99999,+99999","09,99,1,09,1,99,9,99999,9,99,9,99,9","240,M,+0122,1","240,N,+0082,1","9,9,999,9,+001,1","21,1","SYN09242139 21/94 90000 10120 20116 40098 72162 89/// 333 10122 20082 58001 6029/ 555 00292 10103=",
"42139099999","2022-01-23T06:00:00","4","29.0166666","77.7166667","222.0","MEERUT, IN","FM-12","99999","V020","999,9,C,0000,1","99999,9,9,N","001000,1,9,9","+0128,1","+0124,1","10114,1","03,0000,2,1","6,1,02,1","2,1,02,1","04,1,+00800,1,06,1","99,9,+99999,9,04,1",,"9,AGL   ,+99999,+99999","08,99,1,04,1,99,9,00800,1,99,9,99,9",,,"9,9,999,9,+015,1","21,1","SYN06442139 21594 80000 10128 20124 40114 72162 8451/ 333 58015 6990/=",
"42139099999","2022-01-23T09:00:00","4","29.0166666","77.7166667","222.0","MEERUT, IN","FM-12","99999","V020","999,9,C,0000,1","99999,9,9,N","001000,1,9,9","+0128,1","+0124,1","10100,1","06,0008,3,1","6,1,02,1","2,1,02,1","04,1,+00800,1,06,1","99,9,+99999,9,05,1",,"9,AGL   ,+99999,+99999","08,99,1,04,1,99,9,00800,1,99,9,99,9",,,"9,9,999,9,+027,1","61,1","SYN06442139 21594 80000 10128 20124 40100 76162 8452/ 333 58027 6998/=",
"42139099999","2022-01-23T12:00:00","4","29.0166666","77.7166667","222.0","MEERUT, IN","FM-12","99999","V020","999,9,C,0000,1","99999,9,9,N","000500,1,9,9","+0122,1","+0122,1","10104,1","09,0009,3,1","6,1,02,1","5,1,02,1","04,1,+00800,1,06,1","99,9,+99999,9,05,1",,"9,AGL   ,+99999,+99999","08,99,1,04,1,99,9,00800,1,99,9,99,9",,,"9,9,999,9,+038,1","51,1","SYN07042139 21593 80000 10122 20122 40104 75165 8452/ 333 10128 58038 6999/=",
"42139099999","2022-01-24T03:00:00","4","29.0166666","77.7166667","222.0","MEERUT, IN","FM-12","99999","V020","999,9,C,0000,1","00060,1,W,N","000200,1,9,9","+0098,1","+0094,1","10146,1","24,0009,3,1","4,1,02,1","4,1,02,1","09,1,+99999,9,99,9",,,"9,AGL   ,+99999,+99999","09,99,1,09,1,99,9,99999,9,99,9,99,9","240,M,+0128,1","240,N,+0068,1","9,9,999,9,+045,1","45,1","SYN09242139 21/92 90000 10098 20094 40146 74544 89/// 333 10128 20068 58045 6999/ 555 00009 10104=",
"42139099999","2022-01-24T06:00:00","4","29.0166666","77.7166667","222.0","MEERUT, IN","FM-12","99999","V020","999,9,C,0000,1","00240,1,W,N","001000,1,9,9","+0110,1","+0098,1","10165,1",,"4,1,02,1","0,1,02,1","09,1,+99999,9,99,9",,,"9,AGL   ,+99999,+99999","09,99,1,09,1,99,9,99999,9,99,9,99,9",,,"9,9,999,9,+048,1","10,1","SYN05842139 31/94 90000 10110 20098 40165 71040 89/// 333 58048=",
"42139099999","2022-01-24T09:00:00","4","29.0166666","77.7166667","222.0","MEERUT, IN","FM-12","99999","V020","999,9,C,0000,1","22000,1,9,N","002000,1,9,9","+0140,1","+0110,1","10141,1",,"2,1,02,1","1,1,02,1","02,1,+00800,1,06,1","99,9,+99999,9,03,1",,"9,AGL   ,+99999,+99999","04,99,1,02,1,99,9,00800,1,99,9,99,9",,,"9,9,999,9,+041,1","10,1","SYN05842139 31595 40000 10140 20110 40141 71021 82530 333 58041=",
"42139099999","2022-01-24T12:00:00","4","29.0166666","77.7166667","222.0","MEERUT, IN","FM-12","99999","V020","999,9,C,0000,1","22000,1,9,N","002000,1,9,9","+0126,1","+0103,1","10135,1",,"1,1,02,1","0,1,02,1","02,1,+00800,1,08,1",,,"9,AGL   ,+99999,+99999","02,99,1,02,1,99,9,00800,1,99,9,99,9",,,"9,9,999,9,+030,1","10,1","SYN06442139 31595 20000 10126 20103 40135 71010 82200 333 10146 58030=",
"42139099999","2022-01-25T03:00:00","4","29.0166666","77.7166667","222.0","MEERUT, IN","FM-12","99999","V020","999,9,C,0000,1","00060,1,W,N","000200,1,9,9","+0080,1","+0080,1","10160,1",,"4,1,02,1","4,1,02,1","09,1,+99999,9,99,9",,,"9,AGL   ,+99999,+99999","09,99,1,09,1,99,9,99999,9,99,9,99,9","240,M,+0146,1","240,N,+0046,1","9,9,999,9,+012,1","45,1","SYN08042139 31/92 90000 10080 20080 40160 74544 89/// 333 10146 20046 58012 555 10104=",
"42139099999","2022-01-25T06:00:00","4","29.0166666","77.7166667","222.0","MEERUT, IN","FM-12","99999","V020","999,9,C,0000,1","00240,1,W,N","001000,1,9,9","+0092,1","+0088,1","10166,1",,"4,1,02,1","0,1,02,1","09,1,+99999,9,99,9",,,"9,AGL   ,+99999,+99999","09,99,1,09,1,99,9,99999,9,99,9,99,9",,,"9,9,999,9,+000,1","10,1","SYN05842139 31/94 90000 10092 20088 40166 71040 89/// 333 58000=",
"42139099999","2022-01-25T09:00:00","4","29.0166666","77.7166667","222.0","MEERUT, IN","FM-12","99999","V020","999,9,C,0000,1","00240,1,W,N","001000,1,9,9","+0110,1","+0094,1","10144,1",,"0,1,02,1","0,1,02,1","09,1,+99999,9,99,9",,,"9,AGL   ,+99999,+99999","09,99,1,09,1,99,9,99999,9,99,9,99,9",,,"9,9,999,9,+000,1","10,1","SYN05842139 31/94 90000 10110 20094 40144 71000 89/// 333 58000=",
"42139099999","2022-01-25T12:00:00","4","29.0166666","77.7166667","222.0","MEERUT, IN","FM-12","99999","V020","999,9,C,0000,1","99999,9,9,N","001000,1,9,9","+0118,1","+0103,1","10138,1",,"2,1,02,1","2,1,02,1","02,1,+00800,1,06,1","99,9,+99999,9,03,1",,"9,AGL   ,+99999,+99999","05,99,1,02,1,99,9,00800,1,99,9,99,9",,,"9,9,999,9,+002,1","10,1","SYN06442139 31594 50000 10118 20103 40138 71022 82530 333 10120 58002=",
"42139099999","2022-01-26T03:00:00","4","29.0166666","77.7166667","222.0","MEERUT, IN","FM-12","99999","V020","999,9,C,0000,1","00030,1,W,N","000050,1,9,9","+0088,1","+0084,1","10164,1",,"4,1,02,1","4,1,02,1","09,1,+99999,9,99,9",,,"9,AGL   ,+99999,+99999","09,99,1,09,1,99,9,99999,9,99,9,99,9","240,M,+0120,1","240,N,+0055,1","9,9,999,9,+005,1","45,1","SYN08042139 31/91 90000 10088 20084 40164 74544 89/// 333 10120 20055 58005 555 10104=",
"42139099999","2022-01-26T06:00:00","4","29.0166666","77.7166667","222.0","MEERUT, IN","FM-12","99999","V020","999,9,C,0000,1","00240,1,W,N","001000,1,9,9","+0110,1","+0102,1","10175,1",,"4,1,02,1","0,1,02,1","09,1,+99999,9,99,9",,,"9,AGL   ,+99999,+99999","09,99,1,09,1,99,9,99999,9,99,9,99,9",,,"9,9,999,9,+010,1","10,1","SYN05842139 31/94 90000 10110 20102 40175 71040 89/// 333 58010=",
"42139099999","2022-01-26T09:00:00","4","29.0166666","77.7166667","222.0","MEERUT, IN","FM-12","99999","V020","320,1,N,0010,1","22000,1,9,N","002000,1,9,9","+0148,1","+0098,1","10152,1",,"2,1,02,1","1,1,02,1","02,1,+00800,1,06,1","99,9,+99999,9,03,1",,"9,AGL   ,+99999,+99999","04,99,1,02,1,99,9,00800,1,99,9,99,9",,,"9,9,999,9,+011,1","05,1","SYN05842139 31595 43202 10148 20098 40152 70521 82530 333 58011=",
"42139099999","2022-01-26T12:00:00","4","29.0166666","77.7166667","222.0","MEERUT, IN","FM-12","99999","V020","999,9,C,0000,1","99999,9,9,N","001000,1,9,9","+0136,1","+0110,1","10147,1",,"0,1,02,1","0,1,02,1",,,,,,,,"9,9,999,9,+011,1","10,1","SYN05842139 31994 00000 10136 20110 40147 71000 333 10150 58011=",
"42139099999","2022-01-27T03:00:00","4","29.0166666","77.7166667","222.0","MEERUT, IN","FM-12","99999","V020","999,9,C,0000,1","00060,1,W,N","000200,1,9,9","+0088,1","+0084,1","10176,1",,"4,1,02,1","4,1,02,1","09,1,+99999,9,99,9",,,"9,AGL   ,+99999,+99999","09,99,1,09,1,99,9,99999,9,99,9,99,9","240,M,+0150,1","240,N,+0058,1","9,9,999,9,+012,1","45,1","SYN08042139 31/92 90000 10088 20084 40176 74544 89/// 333 10150 20058 58012 555 10104=",
"42139099999","2022-01-27T06:00:00","4","29.0166666","77.7166667","222.0","MEERUT, IN","FM-12","99999","V020","320,1,N,0015,1","00240,1,W,N","002000,1,9,9","+0120,1","+0105,1","10192,1",,"4,1,02,1","4,1,02,1","09,1,+99999,9,99,9",,,"9,AGL   ,+99999,+99999","09,99,1,09,1,99,9,99999,9,99,9,99,9",,,"9,9,999,9,+016,1","10,1","SYN05842139 31/95 93203 10120 20105 40192 71044 89/// 333 58016=",
"42139099999","2022-01-27T09:00:00","4","29.0166666","77.7166667","222.0","MEERUT, IN","FM-12","99999","V020","320,1,N,0010,1","99999,9,9,N","002000,1,9,9","+0170,1","+0107,1","10165,1",,"0,1,02,1","0,1,02,1",,,,,,,,"9,9,999,9,+015,1","05,1","SYN05242139 31995 03202 10170 20107 40165 70500 333 58015=",
"42139099999","2022-01-27T12:00:00","4","29.0166666","77.7166667","222.0","MEERUT, IN","FM-12","99999","V020","320,1,N,0010,1","99999,9,9,N","002000,1,9,9","+0152,1","+0098,1","10154,1",,"0,1,02,1","0,1,02,1",,,,,,,,"9,9,999,9,+008,1","05,1","SYN05842139 31995 03202 10152 20098 40154 70500 333 10172 58008=",
"42139099999","2022-01-28T03:00:00","4","29.0166666","77.7166667","222.0","MEERUT, IN","FM-12","99999","V020","270,1,N,0010,1","99999,9,9,N","002000,1,9,9","+0086,1","+0055,1","10166,1",,"0,1,02,1","0,1,02,1",,,,,,"240,M,+0172,1","240,N,+0049,1","9,9,999,9,-010,1","10,1","SYN07442139 31995 02702 10086 20055 40166 71000 333 10172 20049 59010 555 10104=",
"42139099999","2022-01-28T06:00:00","4","29.0166666","77.7166667","222.0","MEERUT, IN","FM-12","99999","V020","320,1,N,0010,1","99999,9,9,N","002000,1,9,9","+0176,1","+0068,1","10170,1",,"0,1,02,1","0,1,02,1",,,,,,,,"9,9,999,9,-015,1","05,1","SYN05242139 31995 03202 10176 20068 40170 70500 333 59015=",
"42139099999","2022-01-28T09:00:00","4","29.0166666","77.7166667","222.0","MEERUT, IN","FM-12","99999","V020","270,1,N,0021,1","99999,9,9,N","002000,1,9,9","+0194,1","+0039,1","10150,1",,"0,1,02,1","0,1,02,1",,,,,,,,"9,9,999,9,-012,1","05,1","SYN05242139 31995 02704 10194 20039 40150 70500 333 59012=",
"42139099999","2022-01-28T12:00:00","4","29.0166666","77.7166667","222.0","MEERUT, IN","FM-12","99999","V020","270,1,N,0010,1","99999,9,9,N","002000,1,9,9","+0164,1","+0051,1","10153,1",,"0,1,02,1","0,1,02,1",,,,,,,,"9,9,999,9,+000,1","05,1","SYN05842139 31995 02702 10164 20051 40153 70500 333 10196 58000=",
"42139099999","2022-01-29T03:00:00","4","29.0166666","77.7166667","222.0","MEERUT, IN","FM-12","99999","V020","999,9,C,0000,1","99999,9,9,N","002000,1,9,9","+0092,1","+0071,1","10186,1",,"0,1,02,1","0,1,02,1",,,,,,"240,M,+0196,1","240,N,+0050,1","9,9,999,9,+021,1","10,1","SYN07442139 31995 00000 10092 20071 40186 71000 333 10196 20050 58021 555 10104=",
"42139099999","2022-01-29T06:00:00","4","29.0166666","77.7166667","222.0","MEERUT, IN","FM-12","99999","V020","320,1,N,0005,1","99999,9,9,N","002000,1,9,9","+0170,1","+0080,1","10188,1",,"0,1,02,1","0,1,02,1",,,,,,,,"9,9,999,9,+016,1","05,1","SYN05242139 31995 03201 10170 20080 40188 70500 333 58016=",
"42139099999","2022-01-29T09:00:00","4","29.0166666","77.7166667","222.0","MEERUT, IN","FM-12","99999","V020","230,1,N,0010,1","99999,9,9,N","002000,1,9,9","+0206,1","+0099,1","10154,1",,"0,1,02,1","0,1,02,1",,,,,,,,"9,9,999,9,+005,1","05,1","SYN05242139 31995 02302 10206 20099 40154 70500 333 58005=",
"42139099999","2022-01-29T12:00:00","4","29.0166666","77.7166667","222.0","MEERUT, IN","FM-12","99999","V020","999,9,C,0000,1","99999,9,9,N","002000,1,9,9","+0180,1","+0083,1","10148,1",,"0,1,02,1","0,1,02,1",,,,,,,,"9,9,999,9,-004,1","05,1","SYN05842139 31995 00000 10180 20083 40148 70500 333 10209 59004=",
"42139099999","2022-01-30T03:00:00","4","29.0166666","77.7166667","222.0","MEERUT, IN","FM-12","99999","V020","270,1,N,0010,1","99999,9,9,N","002000,1,9,9","+0106,1","+0068,1","10125,1",,"0,1,02,1","0,1,02,1",,,,,,"240,M,+0209,1","240,N,+0060,1","9,9,999,9,-059,1","10,1","SYN07442139 31995 02702 10106 20068 40125 71000 333 10209 20060 59059 555 10104=",
"42139099999","2022-01-30T06:00:00","4","29.0166666","77.7166667","222.0","MEERUT, IN","FM-12","99999","V020","270,1,N,0010,1","99999,9,9,N","002000,1,9,9","+0184,1","+0079,1","10119,1",,"0,1,02,1","0,1,02,1",,,,,,,,"9,9,999,9,-065,1","05,1","SYN05242139 31995 02702 10184 20079 40119 70500 333 59065=",
"42139099999","2022-01-30T09:00:00","4","29.0166666","77.7166667","222.0","MEERUT, IN","FM-12","99999","V020","230,1,N,0021,1","99999,9,9,N","002000,1,9,9","+0230,1","+0062,1","10092,1",,"2,1,02,1","2,1,02,1","05,1,+99999,9,03,1",,,"9,AGL   ,+99999,+99999","05,99,1,05,1,99,9,99999,9,99,9,99,9",,,"9,9,999,9,-059,1","05,1","SYN05842139 31995 52304 10230 20062 40092 70522 85030 333 59059=",
"42139099999","2022-01-30T12:00:00","4","29.0166666","77.7166667","222.0","MEERUT, IN","FM-12","99999","V020","230,1,N,0005,1","99999,9,9,N","002000,1,9,9","+0198,1","+0088,1","10088,1",,"2,1,02,1","2,1,02,1","03,1,+99999,9,03,1","99,9,+99999,9,00,1",,"9,AGL   ,+99999,+99999","05,99,1,03,1,99,9,99999,9,99,9,99,9",,,"9,9,999,9,-057,1","05,1","SYN06442139 31995 52301 10198 20088 40088 70522 83031 333 10232 59057=",
"42139099999","2022-01-31T03:00:00","4","29.0166666","77.7166667","222.0","MEERUT, IN","FM-12","99999","V020","050,1,N,0010,1","00030,1,W,N","000050,1,9,9","+0086,1","+0082,1","10138,1",,"4,1,02,1","4,1,02,1","09,1,+99999,9,99,9",,,"9,AGL   ,+99999,+99999","09,99,1,09,1,99,9,99999,9,99,9,99,9","240,M,+0232,1","240,N,+0037,1","9,9,999,9,+011,1","45,1","SYN08042139 31/91 90502 10086 20082 40138 74544 89/// 333 10232 20037 58011 555 10104=",
"42139099999","2022-01-31T06:00:00","4","29.0166666","77.7166667","222.0","MEERUT, IN","FM-12","99999","V020","090,1,N,0010,1","00120,1,W,N","000500,1,9,9","+0106,1","+0102,1","10154,1",,"4,1,02,1","4,1,02,1","09,1,+99999,9,99,9",,,"9,AGL   ,+99999,+99999","09,99,1,09,1,99,9,99999,9,99,9,99,9",,,"9,9,999,9,+027,1","43,1","SYN05842139 31/93 90902 10106 20102 40154 74344 89/// 333 58027=",
"42139099999","2022-01-31T09:00:00","4","29.0166666","77.7166667","222.0","MEERUT, IN","FM-12","99999","V020","050,1,N,0005,1","99999,9,9,N","001000,1,9,9","+0136,1","+0114,1","10122,1",,"4,1,02,1","0,1,02,1",,,,,,,,"9,9,999,9,+022,1","10,1","SYN05242139 31994 00501 10136 20114 40122 71040 333 58022=",
"42139099999","2022-01-31T12:00:00","4","29.0166666","77.7166667","222.0","MEERUT, IN","FM-12","99999","V020","999,9,C,0000,1","99999,9,9,N","001000,1,9,9","+0144,1","+0118,1","10115,1",,"4,1,02,1","0,1,02,1",,,,,,,,"9,9,999,9,+023,1","10,1","SYN05842139 31994 00000 10144 20118 40115 71040 333 10146 58023=",
"42139099999","2022-02-01T03:00:00","4","29.0166666","77.7166667","222.0","MEERUT, IN","FM-12","99999","V020","999,9,C,0000,1","00030,1,W,N","000050,1,9,9","+0084,1","+0084,1","10136,1",,"4,1,02,1","4,1,02,1","09,1,+99999,9,99,9",,,"9,AGL   ,+99999,+99999","09,99,1,09,1,99,9,99999,9,99,9,99,9","240,M,+0146,1","240,N,+0035,1","9,9,999,9,-002,1","45,1","SYN08042139 31/91 90000 10084 20084 40136 74544 89/// 333 10146 20035 59002 555 10104=",
"42139099999","2022-02-01T06:00:00","4","29.0166666","77.7166667","222.0","MEERUT, IN","FM-12","99999","V020","999,9,C,0000,1","99999,9,9,N","001000,1,9,9","+0124,1","+0105,1","10135,1",,"4,1,02,1","0,1,02,1",,,,,,,,"9,9,999,9,-016,1","10,1","SYN05242139 31994 00000 10124 20105 40135 71040 333 59016=",
"42139099999","2022-02-01T09:00:00","4","29.0166666","77.7166667","222.0","MEERUT, IN","FM-12","99999","V020","140,1,N,0010,1","99999,9,9,N","002000,1,9,9","+0200,1","+0100,1","10094,1",,"0,1,02,1","0,1,02,1",,,,,,,,"9,9,999,9,-023,1","05,1","SYN05242139 31995 01402 10200 20100 40094 70500 333 59023=",
"42139099999","2022-02-01T12:00:00","4","29.0166666","77.7166667","222.0","MEERUT, IN","FM-12","99999","V020","320,1,N,0005,1","99999,9,9,N","002000,1,9,9","+0176,1","+0097,1","10090,1",,"0,1,02,1","0,1,02,1",,,,,,,,"9,9,999,9,-023,1","05,1","SYN05842139 31995 03201 10176 20097 40090 70500 333 10201 59023=",
"42139099999","2022-02-02T03:00:00","4","29.0166666","77.7166667","222.0","MEERUT, IN","FM-12","99999","V020","999,9,C,0000,1","00240,1,W,N","001000,1,9,9","+0118,1","+0094,1","10124,1",,"0,1,02,1","0,1,02,1","09,1,+99999,9,99,9",,,"9,AGL   ,+99999,+99999","09,99,1,09,1,99,9,99999,9,99,9,99,9","240,M,+0201,1","240,N,+0088,1","9,9,999,9,-010,1","10,1","SYN08042139 31/94 90000 10118 20094 40124 71000 89/// 333 10201 20088 59010 555 10104=",
"42139099999","2022-02-02T06:00:00","4","29.0166666","77.7166667","222.0","MEERUT, IN","FM-12","99999","V020","140,1,N,0010,1","99999,9,9,N","002000,1,9,9","+0148,1","+0102,1","10137,1",,"0,1,02,1","0,1,02,1",,,,,,,,"9,9,999,9,+002,1","05,1","SYN05242139 31995 01402 10148 20102 40137 70500 333 58002=",
"42139099999","2022-02-02T09:00:00","4","29.0166666","77.7166667","222.0","MEERUT, IN","FM-12","99999","V020","140,1,N,0010,1","22000,1,9,N","002000,1,9,9","+0180,1","+0097,1","10105,1",,"0,1,02,1","0,1,02,1","01,1,+00800,1,06,1","99,9,+99999,9,03,1",,"9,AGL   ,+99999,+99999","03,99,1,01,1,99,9,00800,1,99,9,99,9",,,"9,9,999,9,+010,1","05,1","SYN05842139 31595 31402 10180 20097 40105 70500 81530 333 58010=",
"42139099999","2022-02-02T12:00:00","4","29.0166666","77.7166667","222.0","MEERUT, IN","FM-12","99999","V020","999,9,C,0000,1","22000,1,9,N","002000,1,9,9","+0178,1","+0120,1","10099,1",,"1,1,02,1","1,1,02,1","02,1,+00800,1,06,1","99,9,+99999,9,03,1",,"9,AGL   ,+99999,+99999","04,99,1,02,1,99,9,00800,1,99,9,99,9",,,"9,9,999,9,+009,1","05,1","SYN06442139 31595 40000 10178 20120 40099 70511 82530 333 10190 58009=",
"42139099999","2022-02-03T03:00:00","4","29.0166666","77.7166667","222.0","MEERUT, IN","FM-12","99999","V020","140,1,N,0026,1","99999,9,9,N","001000,1,9,9","+0110,1","+0063,1","10095,1","24,0040,3,1","9,1,02,1","6,1,02,1","05,1,+00800,1,09,1","99,9,+99999,9,05,1",,"9,AGL   ,+99999,+99999","08,99,1,05,1,99,9,00800,1,99,9,99,9","240,M,+0190,1","240,N,+0079,1","9,9,999,9,-029,1","95,1","SYN09242139 21594 81405 10110 20063 40095 79596 8532/ 333 10190 20079 59029 6004/ 555 00038 10108=",
"42139099999","2022-02-03T06:00:00","4","29.0166666","77.7166667","222.0","MEERUT, IN","FM-12","99999","V020","140,1,N,0031,1","99999,9,9,N","002000,1,9,9","+0136,1","+0045,1","10087,1","03,0040,3,1","9,1,02,1","6,1,02,1","04,1,+00800,1,06,1","99,9,+99999,9,04,1",,"9,AGL   ,+99999,+99999","08,99,1,04,1,99,9,00800,1,99,9,99,9",,,"9,9,999,9,-049,1","05,1","SYN06442139 21595 81406 10136 20045 40087 70596 8451/ 333 59049 6004/=",
"42139099999","2022-02-03T09:00:00","4","29.0166666","77.7166667","222.0","MEERUT, IN","FM-12","99999","V020","090,1,N,0051,1","99999,9,9,N","002000,1,9,9","+0146,1","+0073,1","10059,1","06,0040,3,1","2,1,02,1","2,1,02,1","07,1,+00800,1,08,1",,,"9,AGL   ,+99999,+99999","07,99,1,07,1,99,9,00800,1,99,9,99,9",,,"9,9,999,9,-048,1","05,1","SYN06442139 21595 70910 10146 20073 40059 70522 87800 333 59048 6004/=",
"42139099999","2022-02-03T12:00:00","4","29.0166666","77.7166667","222.0","MEERUT, IN","FM-12","99999","V020","090,1,N,0021,1","99999,9,9,N","002000,1,9,9","+0142,1","+0082,1","10056,1","09,0040,3,1","2,1,02,1","2,1,02,1","06,1,+00800,1,06,1","99,9,+99999,9,05,1",,"9,AGL   ,+99999,+99999","08,99,1,06,1,99,9,00800,1,99,9,99,9",,,"9,9,999,9,-045,1","05,1","SYN07042139 21595 80904 10142 20082 40056 70522 8652/ 333 10147 59045 6004/=",
"42139099999","2022-02-04T03:00:00","4","29.0166666","77.7166667","222.0","MEERUT, IN","FM-12","99999","V020","999,9,C,0000,1","99999,9,9,N","002000,1,9,9","+0116,1","+0108,1","10100,1","24,0070,3,1","6,1,02,1","2,1,02,1","06,1,+00800,1,06,1","99,9,+99999,9,05,1",,"9,AGL   ,+99999,+99999","08,99,1,06,1,99,9,00800,1,99,9,99,9","240,M,+0147,1","240,N,+0084,1","9,9,999,9,+006,1","61,1","SYN09242139 21595 80000 10116 20108 40100 76162 8652/ 333 10147 20084 58006 6007/ 555 00074 10115=",
"42139099999","2022-02-04T06:00:00","4","29.0166666","77.7166667","222.0","MEERUT, IN","FM-12","99999","V020","999,9,C,0000,1","99999,9,9,N","002000,1,9,9","+0126,1","+0115,1","10114,1","03,0002,3,1","6,1,02,1","2,1,02,1","06,1,+00800,1,06,1","99,9,+99999,9,05,1",,"9,AGL   ,+99999,+99999","08,99,1,06,1,99,9,00800,1,99,9,99,9",,,"9,9,999,9,+026,1","05,1","SYN06442139 21595 80000 10126 20115 40114 70562 8652/ 333 58026 6992/=",
"42139099999","2022-02-04T09:00:00","4","29.0166666","77.7166667","222.0","MEERUT, IN","FM-12","99999","V020","050,1,N,0005,1","99999,9,9,N","002000,1,9,9","+0122,1","+0114,1","10100,1","06,0003,3,1","6,1,02,1","2,1,02,1","06,1,+00800,1,06,1","99,9,+99999,9,05,1",,"9,AGL   ,+99999,+99999","08,99,1,06,1,99,9,00800,1,99,9,99,9",,,"9,9,999,9,+038,1","21,1","SYN06442139 21595 80501 10122 20114 40100 72162 8652/ 333 58038 6993/=",
"42139099999","2022-02-04T12:00:00","4","29.0166666","77.7166667","222.0","MEERUT, IN","FM-12","99999","V020","050,1,N,0005,1","99999,9,9,N","002000,1,9,9","+0126,1","+0115,1","10106,1","09,0003,3,1","6,1,02,1","2,1,02,1","02,1,+00800,1,06,1","99,9,+99999,9,03,1",,"9,AGL   ,+99999,+99999","06,99,1,02,1,99,9,00800,1,99,9,99,9",,,"9,9,999,9,+047,1","10,1","SYN07042139 21595 60501 10126 20115 40106 71062 82530 333 10130 58047 6993/=",
"42139099999","2022-02-05T03:00:00","4","29.0166666","77.7166667","222.0","MEERUT, IN","FM-12","99999","V020","999,9,C,0000,1","99999,9,9,N","001000,1,9,9","+0100,1","+0088,1","10142,1","24,0003,3,1","1,1,02,1","1,1,02,1","03,1,+00800,1,06,1","99,9,+99999,9,03,1",,"9,AGL   ,+99999,+99999","06,99,1,03,1,99,9,00800,1,99,9,99,9","240,M,+0130,1","240,N,+0063,1","9,9,999,9,+039,1","10,1","SYN09242139 21594 60000 10100 20088 40142 71011 83530 333 10130 20063 58039 6993/ 555 00003 10115=",
"42139099999","2022-02-05T06:00:00","4","29.0166666","77.7166667","222.0","MEERUT, IN","FM-12","99999","V020","320,1,N,0010,1","22000,1,9,N","002000,1,9,9","+0130,1","+0095,1","10151,1",,"2,1,02,1","1,1,02,1","03,1,+00800,1,06,1",,,"9,AGL   ,+99999,+99999","03,99,1,03,1,99,9,00800,1,99,9,99,9",,,"9,9,999,9,+035,1","05,1","SYN05842139 31595 33202 10130 20095 40151 70521 83500 333 58035=",
"42139099999","2022-02-05T09:00:00","4","29.0166666","77.7166667","222.0","MEERUT, IN","FM-12","99999","V020","290,1,N,0010,1","22000,1,9,N","002000,1,9,9","+0174,1","+0099,1","10133,1",,"1,1,02,1","0,1,02,1","03,1,+00800,1,06,1",,,"9,AGL   ,+99999,+99999","03,99,1,03,1,99,9,00800,1,99,9,99,9",,,"9,9,999,9,+036,1","05,1","SYN05842139 31595 32902 10174 20099 40133 70510 83500 333 58036=",
"42139099999","2022-02-05T12:00:00","4","29.0166666","77.7166667","222.0","MEERUT, IN","FM-12","99999","V020","999,9,C,0000,1","22000,1,9,N","002000,1,9,9","+0158,1","+0101,1","10133,1",,"0,1,02,1","0,1,02,1","99,9,+99999,9,00,1",,,"9,AGL   ,+99999,+99999","02,99,1,00,1,99,9,99999,9,99,9,99,9",,,"9,9,999,9,+026,1","05,1","SYN06442139 31995 20000 10158 20101 40133 70500 80001 333 10182 58026=","Q01    003SCCGA1"
"42139099999","2022-02-06T03:00:00","4","29.0166666","77.7166667","222.0","MEERUT, IN","FM-12","99999","V020","999,9,C,0000,1","99999,9,9,N","001000,1,9,9","+0086,1","+0078,1","10171,1",,"0,1,02,1","0,1,02,1",,,,,,"240,M,+0182,1","240,N,+0046,1","9,9,999,9,+028,1","10,1","SYN06442139 31994 00000 10086 20078 40171 71000 333 10182 20046 58028=",
"42139099999","2022-02-06T06:00:00","4","29.0166666","77.7166667","222.0","MEERUT, IN","FM-12","99999","V020","999,9,C,0000,1","99999,9,9,N","002000,1,9,9","+0174,1","+0107,1","10176,1",,"0,1,02,1","0,1,02,1",,,,,,,,"9,9,999,9,+029,1","05,1","SYN05242139 31995 00000 10174 20107 40176 70500 333 58029=",
"42139099999","2022-02-06T09:00:00","4","29.0166666","77.7166667","222.0","MEERUT, IN","FM-12","99999","V020","320,1,N,0005,1","99999,9,9,N","002000,1,9,9","+0202,1","+0088,1","10149,1",,"0,1,02,1","0,1,02,1",,,,,,,,"9,9,999,9,+019,1","05,1","SYN05242139 31995 03201 10202 20088 40149 70500 333 58019=",
"42139099999","2022-02-06T12:00:00","4","29.0166666","77.7166667","222.0","MEERUT, IN","FM-12","99999","V020","999,9,C,0000,1","99999,9,9,N","002000,1,9,9","+0180,1","+0106,1","10144,1",,"0,1,02,1","0,1,02,1",,,,,,,,"9,9,999,9,+013,1","05,1","SYN05842139 31995 00000 10180 20106 40144 70500 333 10214 58013=",
"42139099999","2022-02-07T03:00:00","4","29.0166666","77.7166667","222.0","MEERUT, IN","FM-12","99999","V020","999,9,C,0000,1","99999,9,9,N","001000,1,9,9","+0098,1","+0090,1","10167,1",,"2,1,02,1","2,1,02,1",,,,,,"240,M,+0214,1","240,N,+0058,1","9,9,999,9,-003,1","10,1","SYN07442139 31994 00000 10098 20090 40167 71022 333 10214 20058 59003 555 10115=",
"42139099999","2022-02-07T06:00:00","4","29.0166666","77.7166667","222.0","MEERUT, IN","FM-12","99999","V020","999,9,C,0000,1","99999,9,9,N","002000,1,9,9","+0174,1","+0103,1","10167,1",,"0,1,02,1","0,1,02,1",,,,,,,,"9,9,999,9,-009,1","05,1","SYN05242139 31995 00000 10174 20103 40167 70500 333 59009=",
"42139099999","2022-02-07T09:00:00","4","29.0166666","77.7166667","222.0","MEERUT, IN","FM-12","99999","V020","160,1,N,0010,1","99999,9,9,N","002000,1,9,9","+0216,1","+0120,1","10135,1",,"0,1,02,1","0,1,02,1",,,,,,,,"9,9,999,9,-013,1","05,1","SYN05242139 31995 01602 10216 20120 40135 70500 333 59013=",
"42139099999","2022-02-07T12:00:00","4","29.0166666","77.7166667","222.0","MEERUT, IN","FM-12","99999","V020","999,9,C,0000,1","22000,1,9,N","002000,1,9,9","+0204,1","+0138,1","10125,1",,"0,1,02,1","0,1,02,1","02,1,+99999,9,03,1",,,"9,AGL   ,+99999,+99999","02,99,1,02,1,99,9,99999,9,99,9,99,9",,,"9,9,999,9,-018,1","05,1","SYN06442139 31995 20000 10204 20138 40125 70500 82030 333 10220 59018=",
"42139099999","2022-02-08T03:00:00","4","29.0166666","77.7166667","222.0","MEERUT, IN","FM-12","99999","V020","050,1,N,0005,1","00030,1,W,N","000050,1,9,9","+0106,1","+0102,1","10155,1",,"4,1,02,1","4,1,02,1","09,1,+99999,9,99,9",,,"9,AGL   ,+99999,+99999","09,99,1,09,1,99,9,99999,9,99,9,99,9","240,M,+0220,1","240,N,+0069,1","9,9,999,9,-011,1","45,1","SYN08042139 31/91 90501 10106 20102 40155 74544 89/// 333 10220 20069 59011 555 10115=",
"42139099999","2022-02-08T06:00:00","4","29.0166666","77.7166667","222.0","MEERUT, IN","FM-12","99999","V020","050,1,N,0010,1","99999,9,9,N","002000,1,9,9","+0182,1","+0136,1","10154,1",,"4,1,02,1","2,1,02,1","05,1,+99999,9,03,1",,,"9,AGL   ,+99999,+99999","05,99,1,05,1,99,9,99999,9,99,9,99,9",,,"9,9,999,9,-012,1","05,1","SYN05842139 31995 50502 10182 20136 40154 70542 85030 333 59012=",
"42139099999","2022-02-08T09:00:00","4","29.0166666","77.7166667","222.0","MEERUT, IN","FM-12","99999","V020","140,1,N,0005,1","99999,9,9,N","002000,1,9,9","+0220,1","+0138,1","10123,1",,"2,1,02,1","2,1,02,1","05,1,+99999,9,03,1",,,"9,AGL   ,+99999,+99999","05,99,1,05,1,99,9,99999,9,99,9,99,9",,,"9,9,999,9,-011,1","05,1","SYN05842139 31995 51401 10220 20138 40123 70522 85030 333 59011=",
"42139099999","2022-02-08T12:00:00","4","29.0166666","77.7166667","222.0","MEERUT, IN","FM-12","99999","V020","999,9,C,0000,1","22000,1,9,N","002000,1,9,9","+0208,1","+0154,1","10113,1",,"2,1,02,1","1,1,02,1","04,1,+99999,9,03,1",,,"9,AGL   ,+99999,+99999","04,99,1,04,1,99,9,99999,9,99,9,99,9",,,"9,9,999,9,-012,1","05,1","SYN06442139 31995 40000 10208 20154 40113 70521 84030 333 10224 59012=",
"42139099999","2022-02-09T03:00:00","4","29.0166666","77.7166667","222.0","MEERUT, IN","FM-12","99999","V020","999,9,C,0000,1","99999,9,9,N","002000,1,9,9","+0130,1","+0126,1","10160,1","24,0100,3,1","6,1,02,1","5,1,02,1","04,1,+00800,1,06,1","99,9,+99999,9,04,1",,"9,AGL   ,+99999,+99999","08,99,1,04,1,99,9,00800,1,99,9,99,9","240,M,+0224,1","240,N,+0102,1","9,9,999,9,+007,1","21,1","SYN09242139 21595 80000 10130 20126 40160 72165 8451/ 333 10224 20102 58007 6010/ 555 00098 10125=",
"42139099999","2022-02-09T06:00:00","4","29.0166666","77.7166667","222.0","MEERUT, IN","FM-12","99999","V020","090,1,N,0015,1","99999,9,9,N","002000,1,9,9","+0150,1","+0128,1","10166,1",,"6,1,02,1","2,1,02,1","03,1,+00800,1,06,1","99,9,+99999,9,03,1",,"9,AGL   ,+99999,+99999","06,99,1,03,1,99,9,00800,1,99,9,99,9",,,"9,9,999,9,+008,1","10,1","SYN05842139 31595 60903 10150 20128 40166 71062 83530 333 58008=",
"42139099999","2022-02-09T09:00:00","4","29.0166666","77.7166667","222.0","MEERUT, IN","FM-12","99999","V020","140,1,N,0021,1","99999,9,9,N","002000,1,9,9","+0178,1","+0128,1","10154,1",,"2,1,02,1","2,1,02,1","03,1,+00800,1,06,1","99,9,+99999,9,03,1",,"9,AGL   ,+99999,+99999","05,99,1,03,1,99,9,00800,1,99,9,99,9",,,"9,9,999,9,+026,1","05,1","SYN05842139 31595 51404 10178 20128 40154 70522 83430 333 58026=",
"42139099999","2022-02-09T12:00:00","4","29.0166666","77.7166667","222.0","MEERUT, IN","FM-12","99999","V020","999,9,C,0000,1","22000,1,9,N","002000,1,9,9","+0166,1","+0126,1","10156,1",,"2,1,02,1","1,1,02,1","02,1,+00800,1,06,1",,,"9,AGL   ,+99999,+99999","02,99,1,02,1,99,9,00800,1,99,9,99,9",,,"9,9,999,9,+038,1","10,1","SYN06442139 31595 20000 10166 20126 40156 71021 82500 333 10180 58038=",
"42139099999","2022-02-10T03:00:00","4","29.0166666","77.7166667","222.0","MEERUT, IN","FM-12","99999","V020","999,9,C,0000,1","00060,1,W,N","000200,1,9,9","+0122,1","+0118,1","10185,1",,"4,1,02,1","4,1,02,1","09,1,+99999,9,99,9",,,"9,AGL   ,+99999,+99999","09,99,1,09,1,99,9,99999,9,99,9,99,9","240,M,+0180,1","240,N,+0064,1","9,9,999,9,+025,1","45,1","SYN08042139 31/92 90000 10122 20118 40185 74544 89/// 333 10180 20064 58025 555 10125=",
"42139099999","2022-02-10T06:00:00","4","29.0166666","77.7166667","222.0","MEERUT, IN","FM-12","99999","V020","999,9,C,0000,1","99999,9,9,N","001000,1,9,9","+0160,1","+0128,1","10196,1",,"4,1,02,1","0,1,02,1",,,,,,,,"9,9,999,9,+030,1","10,1","SYN05242139 31994 00000 10160 20128 40196 71040 333 58030=",
"42139099999","2022-02-10T09:00:00","4","29.0166666","77.7166667","222.0","MEERUT, IN","FM-12","99999","V020","320,1,N,0015,1","22000,1,9,N","002000,1,9,9","+0206,1","+0089,1","10164,1",,"1,1,02,1","0,1,02,1","02,1,+99999,9,03,1",,,"9,AGL   ,+99999,+99999","02,99,1,02,1,99,9,99999,9,99,9,99,9",,,"9,9,999,9,+013,1","05,1","SYN05842139 31995 23203 10206 20089 40164 70510 82030 333 58013=",
"42139099999","2022-02-10T12:00:00","4","29.0166666","77.7166667","222.0","MEERUT, IN","FM-12","99999","V020","320,1,N,0005,1","22000,1,9,N","002000,1,9,9","+0188,1","+0089,1","10154,1",,"1,1,02,1","1,1,02,1","02,1,+00800,1,06,1","99,9,+99999,9,00,1",,"9,AGL   ,+99999,+99999","03,99,1,02,1,99,9,00800,1,99,9,99,9",,,"9,9,999,9,+000,1","05,1","SYN06442139 31595 33201 10188 20089 40154 70511 82501 333 10210 58000=",
"42139099999","2022-02-11T03:00:00","4","29.0166666","77.7166667","222.0","MEERUT, IN","FM-12","99999","V020","230,1,N,0010,1","99999,9,9,N","002000,1,9,9","+0120,1","+0070,1","10163,1",,"0,1,02,1","0,1,02,1",,,,,,"240,M,+0210,1","240,N,+0070,1","9,9,999,9,-023,1","05,1","SYN07442139 31995 02302 10120 20070 40163 70500 333 10210 20070 59023 555 10125=",
"42139099999","2022-02-11T06:00:00","4","29.0166666","77.7166667","222.0","MEERUT, IN","FM-12","99999","V020","230,1,N,0010,1","99999,9,9,N","002000,1,9,9","+0198,1","+0083,1","10164,1",,"0,1,02,1","0,1,02,1",,,,,,,,"9,9,999,9,-027,1","05,1","SYN05242139 31995 02302 10198 20083 40164 70500 333 59027=",
"42139099999","2022-02-11T09:00:00","4","29.0166666","77.7166667","222.0","MEERUT, IN","FM-12","99999","V020","270,1,N,0015,1","99999,9,9,N","002000,1,9,9","+0212,1","+0056,1","10139,1",,"0,1,02,1","0,1,02,1",,,,,,,,"9,9,999,9,-024,1","05,1","SYN05242139 31995 02703 10212 20056 40139 70500 333 59024=",
"42139099999","2022-02-11T12:00:00","4","29.0166666","77.7166667","222.0","MEERUT, IN","FM-12","99999","V020","270,1,N,0015,1","99999,9,9,N","002000,1,9,9","+0190,1","+0050,1","10143,1",,"0,1,02,1","0,1,02,1",,,,,,,,"9,9,999,9,-011,1","05,1","SYN05842139 31995 02703 10190 20050 40143 70500 333 10220 59011=",
"42139099999","2022-02-12T03:00:00","4","29.0166666","77.7166667","222.0","MEERUT, IN","FM-12","99999","V020","270,1,N,0010,1","99999,9,9,N","002000,1,9,9","+0120,1","+0079,1","10156,1",,"0,1,02,1","0,1,02,1",,,,,,"240,M,+0220,1","240,N,+0072,1","9,9,999,9,-007,1","05,1","SYN07442139 31995 02702 10120 20079 40156 70500 333 10220 20072 59007 555 10125=",
"42139099999","2022-02-12T06:00:00","4","29.0166666","77.7166667","222.0","MEERUT, IN","FM-12","99999","V020","270,1,N,0010,1","99999,9,9,N","002000,1,9,9","+0202,1","+0079,1","10155,1",,"0,1,02,1","0,1,02,1",,,,,,,,"9,9,999,9,-008,1","05,1","SYN05242139 31995 02702 10202 20079 40155 70500 333 59008=",
"42139099999","2022-02-12T09:00:00","4","29.0166666","77.7166667","222.0","MEERUT, IN","FM-12","99999","V020","320,1,N,0015,1","99999,9,9,N","002000,1,9,9","+0230,1","+0044,1","10131,1",,"0,1,02,1","0,1,02,1",,,,,,,,"9,9,999,9,-007,1","05,1","SYN05242139 31995 03203 10230 20044 40131 70500 333 59007=",
"42139099999","2022-02-12T12:00:00","4","29.0166666","77.7166667","222.0","MEERUT, IN","FM-12","99999","V020","270,1,N,0010,1","99999,9,9,N","002000,1,9,9","+0196,1","+0080,1","10122,1",,"0,1,02,1","0,1,02,1",,,,,,,,"9,9,999,9,-019,1","05,1","SYN05842139 31995 02702 10196 20080 40122 70500 333 10236 59019=",
"42139099999","2022-02-13T03:00:00","4","29.0166666","77.7166667","222.0","MEERUT, IN","FM-12","99999","V020","999,9,C,0000,1","99999,9,9,N","001000,1,9,9","+0100,1","+0088,1","10152,1",,"0,1,02,1","0,1,02,1",,,,,,"240,M,+0236,1","240,N,+0056,1","9,9,999,9,-006,1","10,1","SYN07442139 31994 00000 10100 20088 40152 71000 333 10236 20056 59006 555 10125=",
"42139099999","2022-02-13T06:00:00","4","29.0166666","77.7166667","222.0","MEERUT, IN","FM-12","99999","V020","140,1,N,0010,1","99999,9,9,N","002000,1,9,9","+0210,2","+0090,1","10149,1",,"0,1,02,1","0,1,02,1",,,,,,,,"9,9,999,9,-006,1","05,1","SYN05242139 31995 01402 10210 20090 40149 70500 333 59006=",
"42139099999","2022-02-13T09:00:00","4","29.0166666","77.7166667","222.0","MEERUT, IN","FM-12","99999","V020","180,1,N,0010,1","99999,9,9,N","002000,1,9,9","+0246,1","+0087,1","10118,1",,"0,1,02,1","0,1,02,1",,,,,,,,"9,9,999,9,-010,1","05,1","SYN05242139 31995 01802 10246 20087 40118 70500 333 59010=",
"42139099999","2022-02-13T12:00:00","4","29.0166666","77.7166667","222.0","MEERUT, IN","FM-12","99999","V020","999,9,C,0000,1","99999,9,9,N","002000,1,9,9","+0206,1","+0103,1","10113,1",,"0,1,02,1","0,1,02,1",,,,,,,,"9,9,999,9,-008,1","05,1","SYN05842139 31995 00000 10206 20103 40113 70500 333 10252 59008=",
"42139099999","2022-02-14T03:00:00","4","29.0166666","77.7166667","222.0","MEERUT, IN","FM-12","99999","V020","999,9,C,0000,1","99999,9,9,N","001000,1,9,9","+0102,1","+0090,1","10157,1",,"0,1,02,1","0,1,02,1",,,,,,"240,M,+0252,1","240,N,+0051,1","9,9,999,9,+006,1","10,1","SYN07442139 31994 00000 10102 20090 40157 71000 333 10252 20051 58006 555 10125=",
"42139099999","2022-02-14T06:00:00","4","29.0166666","77.7166667","222.0","MEERUT, IN","FM-12","99999","V020","140,1,N,0015,1","99999,9,9,N","002000,1,9,9","+0220,2","+0094,1","10153,1",,"0,1,02,1","0,1,02,1",,,,,,,,"9,9,999,9,+005,1","05,1","SYN05242139 31995 01403 10220 20094 40153 70500 333 58005=",
"42139099999","2022-02-14T09:00:00","4","29.0166666","77.7166667","222.0","MEERUT, IN","FM-12","99999","V020","999,9,C,0000,1","99999,9,9,N","002000,1,9,9","+0238,1","+0069,1","10122,1",,"0,1,02,1","0,1,02,1",,,,,,,,"9,9,999,9,+002,1","05,1","SYN05242139 31995 00000 10238 20069 40122 70500 333 58002=",
"42139099999","2022-02-14T12:00:00","4","29.0166666","77.7166667","222.0","MEERUT, IN","FM-12","99999","V020","999,9,C,0000,1","99999,9,9,N","002000,1,9,9","+0212,1","+0128,1","10117,1",,"0,1,02,1","0,1,02,1",,,,,,,,"9,9,999,9,+003,1","05,1","SYN05842139 31995 00000 10212 20128 40117 70500 333 10249 58003=",
"42139099999","2022-02-15T03:00:00","4","29.0166666","77.7166667","222.0","MEERUT, IN","FM-12","99999","V020","999,9,C,0000,1","99999,9,9,N","001000,1,9,9","+0114,1","+0098,1","10160,1",,"0,1,02,1","0,1,02,1",,,,,,"240,M,+0249,1","240,N,+0067,1","9,9,999,9,+004,1","10,1","SYN07442139 31994 00000 10114 20098 40160 71000 333 10249 20067 58004 555 10125=",
"42139099999","2022-02-15T06:00:00","4","29.0166666","77.7166667","222.0","MEERUT, IN","FM-12","99999","V020","999,9,C,0000,1","99999,9,9,N","002000,1,9,9","+0220,1","+0094,1","10155,1",,"0,1,02,1","0,1,02,1",,,,,,,,"9,9,999,9,+002,1","05,1","SYN05242139 31995 00000 10220 20094 40155 70500 333 58002=",
"42139099999","2022-02-15T09:00:00","4","29.0166666","77.7166667","222.0","MEERUT, IN","FM-12","99999","V020","999,9,C,0000,1","99999,9,9,N","002000,1,9,9","+0250,1","+0098,1","10120,1",,"0,1,02,1","0,1,02,1",,,,,,,,"9,9,999,9,+000,1","05,1","SYN05242139 31995 00000 10250 20098 40120 70500 333 58000=",
"42139099999","2022-02-15T12:00:00","4","29.0166666","77.7166667","222.0","MEERUT, IN","FM-12","99999","V020","320,1,N,0005,1","99999,9,9,N","002000,1,9,9","+0220,1","+0094,1","10109,1",,"0,1,02,1","0,1,02,1",,,,,,,,"9,9,999,9,-006,1","05,1","SYN05842139 31995 03201 10220 20094 40109 70500 333 10254 59006=",
"42139099999","2022-02-16T03:00:00","4","29.0166666","77.7166667","222.0","MEERUT, IN","FM-12","99999","V020","999,9,C,0000,1","99999,9,9,N","001000,1,9,9","+0116,1","+0100,1","10133,1",,"0,1,02,1","0,1,02,1",,,,,,"240,M,+0254,1","240,N,+0071,1","9,9,999,9,-026,1","10,1","SYN07442139 31994 00000 10116 20100 40133 71000 333 10254 20071 59026 555 10125=",
"42139099999","2022-02-16T06:00:00","4","29.0166666","77.7166667","222.0","MEERUT, IN","FM-12","99999","V020","320,1,N,0010,1","99999,9,9,N","002000,1,9,9","+0216,1","+0103,1","10134,1",,"0,1,02,1","0,1,02,1",,,,,,,,"9,9,999,9,-021,1","05,1","SYN05242139 31995 03202 10216 20103 40134 70500 333 59021=",
"42139099999","2022-02-16T09:00:00","4","29.0166666","77.7166667","222.0","MEERUT, IN","FM-12","99999","V020","270,1,N,0010,1","99999,9,9,N","002000,1,9,9","+0246,1","+0092,1","10097,1",,"0,1,02,1","0,1,02,1",,,,,,,,"9,9,999,9,-023,1","05,1","SYN05242139 31995 02702 10246 20092 40097 70500 333 59023=",
"42139099999","2022-02-16T12:00:00","4","29.0166666","77.7166667","222.0","MEERUT, IN","FM-12","99999","V020","999,9,C,0000,1","99999,9,9,N","002000,1,9,9","+0218,1","+0096,1","10083,1",,"0,1,02,1","0,1,02,1",,,,,,,,"9,9,999,9,-026,1","05,1","SYN05842139 31995 00000 10218 20096 40083 70500 333 10250 59026=",
"42139099999","2022-02-17T03:00:00","4","29.0166666","77.7166667","222.0","MEERUT, IN","FM-12","99999","V020","999,9,C,0000,1","99999,9,9,N","001000,1,9,9","+0138,1","+0116,1","10124,1",,"0,1,02,1","0,1,02,1",,,,,,"240,M,+0250,1","240,N,+0084,1","9,9,999,9,-007,1","10,1","SYN07442139 31994 00000 10138 20116 40124 71000 333 10250 20084 59007 555 10125=",
"42139099999","2022-02-17T06:00:00","4","29.0166666","77.7166667","222.0","MEERUT, IN","FM-12","99999","V020","270,1,N,0005,1","99999,9,9,N","002000,1,9,9","+0222,1","+0128,1","10125,1",,"0,1,02,1","0,1,02,1",,,,,,,,"9,9,999,9,-007,1","05,1","SYN05242139 31995 02701 10222 20128 40125 70500 333 59007=",
"42139099999","2022-02-17T09:00:00","4","29.0166666","77.7166667","222.0","MEERUT, IN","FM-12","99999","V020","270,1,N,0010,1","99999,9,9,N","002000,1,9,9","+0252,1","+0058,1","10101,1",,"0,1,02,1","0,1,02,1",,,,,,,,"9,9,999,9,+005,1","05,1","SYN05242139 31995 02702 10252 20058 40101 70500 333 58005=",
"42139099999","2022-02-17T12:00:00","4","29.0166666","77.7166667","222.0","MEERUT, IN","FM-12","99999","V020","999,9,C,0000,1","99999,9,9,N","002000,1,9,9","+0228,1","+0064,1","10092,1",,"0,1,02,1","0,1,02,1",,,,,,,,"9,9,999,9,+010,1","05,1","SYN05842139 31995 00000 10228 20064 40092 70500 333 10256 58010=",
"42139099999","2022-02-18T03:00:00","4","29.0166666","77.7166667","222.0","MEERUT, IN","FM-12","99999","V020","999,9,C,0000,1","99999,9,9,N","001000,1,9,9","+0136,1","+0117,1","10135,1",,"0,1,02,1","0,1,02,1",,,,,,"240,M,+0256,1","240,N,+0089,1","9,9,999,9,+011,1","10,1","SYN07442139 31994 00000 10136 20117 40135 71000 333 10256 20089 58011 555 10125=",
"42139099999","2022-02-18T06:00:00","4","29.0166666","77.7166667","222.0","MEERUT, IN","FM-12","99999","V020","320,1,N,0005,1","99999,9,9,N","002000,1,9,9","+0236,1","+0087,1","10142,1",,"0,1,02,1","0,1,02,1",,,,,,,,"9,9,999,9,+017,1","05,1","SYN05242139 31995 03201 10236 20087 40142 70500 333 58017=",
"42139099999","2022-02-18T09:00:00","4","29.0166666","77.7166667","222.0","MEERUT, IN","FM-12","99999","V020","999,9,C,0000,1","99999,9,9,N","002000,1,9,9","+0260,1","+0053,1","10109,1",,"0,1,02,1","0,1,02,1",,,,,,,,"9,9,999,9,+008,1","05,1","SYN05242139 31995 00000 10260 20053 40109 70500 333 58008=",
"42139099999","2022-02-18T12:00:00","4","29.0166666","77.7166667","222.0","MEERUT, IN","FM-12","99999","V020","999,9,C,0000,1","99999,9,9,N","002000,1,9,9","+0230,1","+0078,1","10102,1",,"0,1,02,1","0,1,02,1",,,,,,,,"9,9,999,9,+010,1","05,1","SYN05842139 31995 00000 10230 20078 40102 70500 333 10270 58010=",
"42139099999","2022-02-19T03:00:00","4","29.0166666","77.7166667","222.0","MEERUT, IN","FM-12","99999","V020","999,9,C,0000,1","99999,9,9,N","002000,1,9,9","+0142,1","+0108,1","10154,1",,"0,1,02,1","0,1,02,1",,,,,,"240,M,+0270,1","240,N,+0100,1","9,9,999,9,+018,1","10,1","SYN07442139 31995 00000 10142 20108 40154 71000 333 10270 20100 58018 555 10125=",
"42139099999","2022-02-19T06:00:00","4","29.0166666","77.7166667","222.0","MEERUT, IN","FM-12","99999","V020","230,1,N,0005,1","99999,9,9,N","002000,1,9,9","+0222,1","+0111,1","10154,1",,"0,1,02,1","0,1,02,1",,,,,,,,"9,9,999,9,+011,1","05,1","SYN05242139 31995 02301 10222 20111 40154 70500 333 58011=",
"42139099999","2022-02-19T09:00:00","4","29.0166666","77.7166667","222.0","MEERUT, IN","FM-12","99999","V020","230,1,N,0015,1","99999,9,9,N","002000,1,9,9","+0246,1","+0082,1","10123,1",,"0,1,02,1","0,1,02,1",,,,,,,,"9,9,999,9,+013,1","05,1","SYN05242139 31995 02303 10246 20082 40123 70500 333 58013=",
"42139099999","2022-02-19T12:00:00","4","29.0166666","77.7166667","222.0","MEERUT, IN","FM-12","99999","V020","270,1,N,0015,1","99999,9,9,N","002000,1,9,9","+0222,1","+0101,1","10112,1",,"0,1,02,1","0,1,02,1",,,,,,,,"9,9,999,9,+010,1","05,1","SYN05842139 31995 02703 10222 20101 40112 70500 333 10251 58010=",
"42139099999","2022-02-20T03:00:00","4","29.0166666","77.7166667","222.0","MEERUT, IN","FM-12","99999","V020","999,9,C,0000,1","99999,9,9,N","002000,1,9,9","+0136,1","+0097,1","10091,1",,"0,1,02,1","0,1,02,1",,,,,,"240,M,+0251,1","240,N,+0095,1","9,9,999,9,-061,1","05,1","SYN07442139 31995 00000 10136 20097 40091 70500 333 10251 20095 59061 555 10125=",
"42139099999","2022-02-20T06:00:00","4","29.0166666","77.7166667","222.0","MEERUT, IN","FM-12","99999","V020","270,1,N,0010,1","99999,9,9,N","002000,1,9,9","+0212,1","+0111,1","10081,1",,"0,1,02,1","0,1,02,1",,,,,,,,"9,9,999,9,-073,1","05,1","SYN05242139 31995 02702 10212 20111 40081 70500 333 59073=",
"42139099999","2022-02-20T09:00:00","4","29.0166666","77.7166667","222.0","MEERUT, IN","FM-12","99999","V020","270,1,N,0026,1","22000,1,9,N","002000,1,9,9","+0234,1","+0089,1","10050,1",,"0,1,02,1","0,1,02,1","01,1,+99999,9,03,1",,,"9,AGL   ,+99999,+99999","01,99,1,01,1,99,9,99999,9,99,9,99,9",,,"9,9,999,9,-073,1","05,1","SYN05842139 31995 12705 10234 20089 40050 70500 81030 333 59073=",
"42139099999","2022-02-20T12:00:00","4","29.0166666","77.7166667","222.0","MEERUT, IN","FM-12","99999","V020","270,1,N,0010,1","99999,9,9,N","002000,1,9,9","+0218,1","+0091,1","10048,1",,"0,1,02,1","0,1,02,1",,,,,,,,"9,9,999,9,-064,1","05,1","SYN05842139 31995 02702 10218 20091 40048 70500 333 10237 59064=",
"42139099999","2022-02-21T03:00:00","4","29.0166666","77.7166667","222.0","MEERUT, IN","FM-12","99999","V020","999,9,C,0000,1","99999,9,9,N","002000,1,9,9","+0134,1","+0107,1","10089,1",,"0,1,02,1","0,1,02,1",,,,,,"240,M,+0237,1","240,N,+0087,1","9,9,999,9,-003,1","10,1","SYN07442139 31995 00000 10134 20107 40089 71000 333 10237 20087 59003 555 10125=",
"42139099999","2022-02-21T06:00:00","4","29.0166666","77.7166667","222.0","MEERUT, IN","FM-12","99999","V020","999,9,C,0000,1","99999,9,9,N","002000,1,9,9","+0218,1","+0091,1","10091,1",,"0,1,02,1","0,1,02,1",,,,,,,,"9,9,999,9,+010,1","05,1","SYN05242139 31995 00000 10218 20091 40091 70500 333 58010=",
"42139099999","2022-02-21T09:00:00","4","29.0166666","77.7166667","222.0","MEERUT, IN","FM-12","99999","V020","320,1,N,0010,1","99999,9,9,N","002000,1,9,9","+0250,1","+0048,1","10062,1",,"0,1,02,1","0,1,02,1",,,,,,,,"9,9,999,9,+013,1","05,1","SYN05242139 31995 03202 10250 20048 40062 70500 333 58013=",
"42139099999","2022-02-21T12:00:00","4","29.0166666","77.7166667","222.0","MEERUT, IN","FM-12","99999","V020","999,9,C,0000,1","99999,9,9,N","002000,1,9,9","+0226,1","+0083,1","10065,1",,"0,1,02,1","0,1,02,1",,,,,,,,"9,9,999,9,+018,1","05,1","SYN05842139 31995 00000 10226 20083 40065 70500 333 10254 58018=",
"42139099999","2022-02-22T03:00:00","4","29.0166666","77.7166667","222.0","MEERUT, IN","FM-12","99999","V020","050,1,N,0005,1","22000,1,9,N","002000,1,9,9","+0130,1","+0099,1","10128,1",,"1,1,02,1","0,1,02,1","99,9,+99999,9,00,1",,,"9,AGL   ,+99999,+99999","03,99,1,00,1,99,9,99999,9,99,9,99,9","240,M,+0254,1","240,N,+0071,1","9,9,999,9,+038,1","10,1","SYN08042139 31995 30501 10130 20099 40128 71010 80001 333 10254 20071 58038 555 10125=","Q01    003SCCGA1"
"42139099999","2022-02-22T06:00:00","4","29.0166666","77.7166667","222.0","MEERUT, IN","FM-12","99999","V020","140,1,N,0021,1","99999,9,9,N","002000,1,9,9","+0214,1","+0104,1","10119,1",,"0,1,02,1","0,1,02,1",,,,,,,,"9,9,999,9,+028,1","05,1","SYN05242139 31995 01404 10214 20104 40119 70500 333 58028=",
"42139099999","2022-02-22T09:00:00","4","29.0166666","77.7166667","222.0","MEERUT, IN","FM-12","99999","V020","180,1,N,0026,1","22000,1,9,N","002000,1,9,9","+0246,1","+0106,1","10092,1",,"1,1,02,1","0,1,02,1","99,9,+99999,9,00,1",,,"9,AGL   ,+99999,+99999","03,99,1,00,1,99,9,99999,9,99,9,99,9",,,"9,9,999,9,+029,1","05,1","SYN05842139 31995 31805 10246 20106 40092 70510 80001 333 58029=","Q01    003SCCGA1"
"42139099999","2022-02-22T12:00:00","4","29.0166666","77.7166667","222.0","MEERUT, IN","FM-12","99999","V020","140,1,N,0031,1","22000,1,9,N","002000,1,9,9","+0222,1","+0128,1","10083,1",,"1,1,02,1","1,1,02,1","99,9,+99999,9,00,1",,,"9,AGL   ,+99999,+99999","04,99,1,00,1,99,9,99999,9,99,9,99,9",,,"9,9,999,9,+017,1","05,1","SYN06442139 31995 41406 10222 20128 40083 70511 80001 333 10250 58017=","Q01    003SCCGA1"
"42139099999","2022-02-23T03:00:00","4","29.0166666","77.7166667","222.0","MEERUT, IN","FM-12","99999","V020","140,1,N,0015,1","22000,1,9,N","002000,1,9,9","+0162,1","+0126,1","10160,1",,"2,1,02,1","1,1,02,1","04,1,+99999,9,03,1",,,"9,AGL   ,+99999,+99999","04,99,1,04,1,99,9,99999,9,99,9,99,9","240,M,+0250,1","240,N,+0122,1","9,9,999,9,+034,1","05,1","SYN08042139 31995 41403 10162 20126 40160 70521 84030 333 10250 20122 58034 555 10125=",
"42139099999","2022-02-23T06:00:00","4","29.0166666","77.7166667","222.0","MEERUT, IN","FM-12","99999","V020","140,1,N,0036,1","99999,9,9,N","002000,1,9,9","+0220,1","+0134,1","10161,1",,"2,1,02,1","2,1,02,1","05,1,+99999,9,03,1",,,"9,AGL   ,+99999,+99999","05,99,1,05,1,99,9,99999,9,99,9,99,9",,,"9,9,999,9,+041,1","05,1","SYN05842139 31995 51407 10220 20134 40161 70522 85030 333 58041=",
"42139099999","2022-02-23T09:00:00","4","29.0166666","77.7166667","222.0","MEERUT, IN","FM-12","99999","V020","140,1,N,0015,1","99999,9,9,N","002000,1,9,9","+0232,1","+0132,1","10137,1",,"2,1,02,1","2,1,02,1","06,1,+99999,9,03,1",,,"9,AGL   ,+99999,+99999","06,99,1,06,1,99,9,99999,9,99,9,99,9",,,"9,9,999,9,+043,1","05,1","SYN05842139 31995 61403 10232 20132 40137 70522 86030 333 58043=",
"42139099999","2022-02-23T12:00:00","4","29.0166666","77.7166667","222.0","MEERUT, IN","FM-12","99999","V020","140,1,N,0010,1","99999,9,9,N","002000,1,9,9","+0220,1","+0142,1","10132,1",,"2,1,02,1","0,1,02,1",,,,,,,,"9,9,999,9,+047,1","05,1","SYN05842139 31995 01402 10220 20142 40132 70520 333 10238 58047=",
"42139099999","2022-02-24T03:00:00","4","29.0166666","77.7166667","222.0","MEERUT, IN","FM-12","99999","V020","999,9,C,0000,1","22000,1,9,N","001000,1,9,9","+0144,1","+0133,1","10176,1",,"4,1,02,1","1,1,02,1","99,9,+99999,9,00,1",,,"9,AGL   ,+99999,+99999","04,99,1,00,1,99,9,99999,9,99,9,99,9","240,M,+0238,1","240,N,+0096,1","9,9,999,9,+014,1","10,1","SYN08042139 31994 40000 10144 20133 40176 71041 80001 333 10238 20096 58014 555 10125=","Q01    003SCCGA1"
"42139099999","2022-02-24T06:00:00","4","29.0166666","77.7166667","222.0","MEERUT, IN","FM-12","99999","V020","180,1,N,0015,1","22000,1,9,N","002000,1,9,9","+0220,1","+0145,1","10170,1",,"2,1,02,1","2,1,02,1","99,9,+99999,9,00,1",,,"9,AGL   ,+99999,+99999","04,99,1,00,1,99,9,99999,9,99,9,99,9",,,"9,9,999,9,+007,1","05,1","SYN05842139 31995 41803 10220 20145 40170 70522 80001 333 58007=","Q01    003SCCGA1"
"42139099999","2022-02-24T09:00:00","4","29.0166666","77.7166667","222.0","MEERUT, IN","FM-12","99999","V020","200,1,N,0010,1","22000,1,9,N","002000,1,9,9","+0250,1","+0146,1","10139,1",,"2,1,02,1","1,1,02,1","03,1,+00800,1,08,1",,,"9,AGL   ,+99999,+99999","03,99,1,03,1,99,9,00800,1,99,9,99,9",,,"9,9,999,9,+002,1","05,1","SYN05842139 31595 32002 10250 20146 40139 70521 83100 333 58002=",
"42139099999","2022-02-24T12:00:00","4","29.0166666","77.7166667","222.0","MEERUT, IN","FM-12","99999","V020","999,9,C,0000,1","22000,1,9,N","002000,1,9,9","+0230,1","+0134,1","10127,1",,"1,1,02,1","1,1,02,1","99,9,+00800,1,99,9",,,"9,AGL   ,+99999,+99999","02,99,1,99,9,99,9,00800,1,99,9,99,9",,,"9,9,999,9,-004,1","05,1","SYN05842139 31595 20000 10230 20134 40127 70511 333 10256 59004=",
"42139099999","2022-02-25T03:00:00","4","29.0166666","77.7166667","222.0","MEERUT, IN","FM-12","99999","V020","050,1,N,0010,1","22000,1,9,N","002000,1,9,9","+0154,1","+0129,1","10181,1",,"1,1,02,1","0,1,02,1","02,1,+00800,1,06,1",,,"9,AGL   ,+99999,+99999","02,99,1,02,1,99,9,00800,1,99,9,99,9","240,M,+0256,1","240,N,+0098,1","9,9,999,9,+006,1","10,1","SYN08042139 31595 20502 10154 20129 40181 71010 82500 333 10256 20098 58006 555 10125=",
"42139099999","2022-02-25T06:00:00","4","29.0166666","77.7166667","222.0","MEERUT, IN","FM-12","99999","V020","050,1,N,0010,1","22000,1,9,N","002000,1,9,9","+0234,1","+0139,1","10178,1",,"1,1,02,1","1,1,02,1","99,9,+99999,9,00,1",,,"9,AGL   ,+99999,+99999","02,99,1,00,1,99,9,99999,9,99,9,99,9",,,"9,9,999,9,+012,1","05,1","SYN05842139 31995 20502 10234 20139 40178 70511 80001 333 58012=","Q01    003SCCGA1"
"42139099999","2022-02-25T09:00:00","4","29.0166666","77.7166667","222.0","MEERUT, IN","FM-12","99999","V020","140,1,N,0010,1","22000,1,9,N","002000,1,9,9","+0256,1","+0076,1","10147,1",,"1,1,02,1","1,1,02,1","02,1,+00800,1,08,1",,,"9,AGL   ,+99999,+99999","02,99,1,02,1,99,9,00800,1,99,9,99,9",,,"9,9,999,9,+009,1","05,1","SYN05842139 31595 21402 10256 20076 40147 70511 82100 333 58009=",
"42139099999","2022-02-25T12:00:00","4","29.0166666","77.7166667","222.0","MEERUT, IN","FM-12","99999","V020","180,1,N,0010,1","22000,1,9,N","002000,1,9,9","+0240,1","+0117,1","10135,1",,"1,1,02,1","1,1,02,1","99,9,+99999,9,00,1",,,"9,AGL   ,+99999,+99999","02,99,1,00,1,99,9,99999,9,99,9,99,9",,,"9,9,999,9,+009,1","05,1","SYN06442139 31995 21802 10240 20117 40135 70511 80001 333 10265 58009=","Q01    003SCCGA1"
"42139099999","2022-02-26T03:00:00","4","29.0166666","77.7166667","222.0","MEERUT, IN","FM-12","99999","V020","320,1,N,0021,1","99999,9,9,N","001000,1,9,9","+0140,1","+0125,1","10214,1","24,0080,3,1","9,1,02,1","6,1,02,1","05,1,+00800,1,09,1","99,9,+99999,9,05,1",,"9,AGL   ,+99999,+99999","08,99,1,05,1,99,9,00800,1,99,9,99,9","240,M,+0265,1","240,N,+0106,1","9,9,999,9,+030,1","95,1","SYN09242139 21594 83204 10140 20125 40214 79596 8532/ 333 10265 20106 58030 6008/ 555 00078 10133=",
"42139099999","2022-02-26T06:00:00","4","29.0166666","77.7166667","222.0","MEERUT, IN","FM-12","99999","V020","320,1,N,0015,1","99999,9,9,N","002000,1,9,9","+0172,1","+0129,1","10211,1","03,0003,3,1","9,1,02,1","6,1,02,1","04,1,+00800,1,06,1","99,9,+99999,9,04,1",,"9,AGL   ,+99999,+99999","08,99,1,04,1,99,9,00800,1,99,9,99,9",,,"9,9,999,9,+026,1","10,1","SYN06442139 21595 83203 10172 20129 40211 71096 8451/ 333 58026 6993/=",
"42139099999","2022-02-26T09:00:00","4","29.0166666","77.7166667","222.0","MEERUT, IN","FM-12","99999","V020","050,1,N,0021,1","22000,1,9,N","002000,1,9,9","+0206,1","+0133,1","10161,1","06,0003,3,1","1,1,02,1","1,1,02,1","03,1,+00800,1,08,1",,,"9,AGL   ,+99999,+99999","03,99,1,03,1,99,9,00800,1,99,9,99,9",,,"9,9,999,9,+020,1","05,1","SYN06442139 21595 30504 10206 20133 40161 70511 83100 333 58020 6993/=",
"42139099999","2022-02-26T12:00:00","4","29.0166666","77.7166667","222.0","MEERUT, IN","FM-12","99999","V020","140,1,N,0015,1","22000,1,9,N","002000,1,9,9","+0192,1","+0112,1","10158,1","09,0003,3,1","1,1,02,1","1,1,02,1","02,1,+00800,1,06,1","99,9,+99999,9,03,1",,"9,AGL   ,+99999,+99999","04,99,1,02,1,99,9,00800,1,99,9,99,9",,,"9,9,999,9,+019,1","05,1","SYN07042139 21595 41403 10192 20112 40158 70511 82530 333 10210 58019 6993/=",
"42139099999","2022-02-27T03:00:00","4","29.0166666","77.7166667","222.0","MEERUT, IN","FM-12","99999","V020","320,1,N,0005,1","99999,9,9,N","002000,1,9,9","+0154,1","+0113,1","10201,1","24,0003,3,1","0,1,02,1","0,1,02,1",,,,,,"240,M,+0210,1","240,N,+0099,1","9,9,999,9,-011,1","05,1","SYN08642139 21995 03201 10154 20113 40201 70500 333 10210 20099 59011 6993/ 555 00003 10133=",
"42139099999","2022-02-27T06:00:00","4","29.0166666","77.7166667","222.0","MEERUT, IN","FM-12","99999","V020","320,1,N,0010,1","99999,9,9,N","002000,1,9,9","+0230,1","+0112,1","10199,1",,"0,1,02,1","0,1,02,1",,,,,,,,"9,9,999,9,-008,1","05,1","SYN05242139 31995 03202 10230 20112 40199 70500 333 59008=",
"42139099999","2022-02-27T09:00:00","4","29.0166666","77.7166667","222.0","MEERUT, IN","FM-12","99999","V020","320,1,N,0010,1","22000,1,9,N","002000,1,9,9","+0240,1","+0107,1","10167,1",,"1,1,02,1","0,1,02,1","03,1,+99999,9,03,1",,,"9,AGL   ,+99999,+99999","03,99,1,03,1,99,9,99999,9,99,9,99,9",,,"9,9,999,9,-001,1","05,1","SYN05842139 31995 33202 10240 20107 40167 70510 83030 333 59001=",
"42139099999","2022-02-28T03:00:00","4","29.0166666","77.7166667","222.0","MEERUT, IN","FM-12","99999","V020","200,1,N,0010,1","99999,9,9,N","002000,1,9,9","+0132,1","+0093,1","10176,1",,"0,1,02,1","0,1,02,1",,,,,,"240,M,+0251,1","240,N,+0091,1","9,9,999,9,-027,1","05,1","SYN07442139 31995 02002 10132 20093 40176 70500 333 10251 20091 59027 555 10133=",
"42139099999","2022-02-28T06:00:00","4","29.0166666","77.7166667","222.0","MEERUT, IN","FM-12","99999","V020","320,1,N,0015,1","99999,9,9,N","002000,1,9,9","+0212,1","+0102,1","10177,1",,"0,1,02,1","0,1,02,1",,,,,,,,"9,9,999,9,-023,1","05,1","SYN05242139 31995 03203 10212 20102 40177 70500 333 59023=",
"42139099999","2022-02-28T09:00:00","4","29.0166666","77.7166667","222.0","MEERUT, IN","FM-12","99999","V020","320,1,N,0010,1","22000,1,9,N","002000,1,9,9","+0248,1","+0079,1","10146,1",,"0,1,02,1","0,1,02,1","99,9,+99999,9,00,1",,,"9,AGL   ,+99999,+99999","02,99,1,00,1,99,9,99999,9,99,9,99,9",,,"9,9,999,9,-021,1","05,1","SYN05842139 31995 23202 10248 20079 40146 70500 80001 333 59021=","Q01    003SCCGA1"
"42139099999","2022-02-28T12:00:00","4","29.0166666","77.7166667","222.0","MEERUT, IN","FM-12","99999","V020","320,1,N,0010,1","22000,1,9,N","002000,1,9,9","+0220,1","+0089,1","10140,1",,"0,1,02,1","0,1,02,1","99,9,+99999,9,00,1",,,"9,AGL   ,+99999,+99999","02,99,1,00,1,99,9,99999,9,99,9,99,9",,,"9,9,999,9,-020,1","05,1","SYN06442139 31995 23202 10220 20089 40140 70500 80001 333 10252 59020=","Q01    003SCCGA1"
"42139099999","2022-03-01T03:00:00","4","29.0166666","77.7166667","222.0","MEERUT, IN","FM-12","99999","V020","320,1,N,0005,1","99999,9,9,N","002000,1,9,9","+0150,1","+0113,1","10182,1",,"0,1,02,1","0,1,02,1",,,,,,"240,M,+0252,1","240,N,+0086,1","9,9,999,9,+008,1","05,1","SYN06442139 31995 03201 10150 20113 40182 70500 333 10252 20086 58008=",
"42139099999","2022-03-01T06:00:00","4","29.0166666","77.7166667","222.0","MEERUT, IN","FM-12","99999","V020","999,9,C,0000,1","22000,1,9,N","002000,1,9,9","+0220,1","+0117,1","10184,1",,"0,1,02,1","0,1,02,1","99,9,+99999,9,00,1",,,"9,AGL   ,+99999,+99999","01,99,1,00,1,99,9,99999,9,99,9,99,9",,,"9,9,999,9,+007,1","05,1","SYN05842139 31995 10000 10220 20117 40184 70500 80001 333 58007=","Q01    003SCCGA1"
"42139099999","2022-03-01T09:00:00","4","29.0166666","77.7166667","222.0","MEERUT, IN","FM-12","99999","V020","320,1,N,0005,1","22000,1,9,N","002000,1,9,9","+0252,1","+0096,1","10155,1",,"1,1,02,1","0,1,02,1","03,1,+99999,9,03,1",,,"9,AGL   ,+99999,+99999","03,99,1,03,1,99,9,99999,9,99,9,99,9",,,"9,9,999,9,+010,1","05,1","SYN05842139 31995 33201 10252 20096 40155 70510 83030 333 58010=",
"42139099999","2022-03-01T12:00:00","4","29.0166666","77.7166667","222.0","MEERUT, IN","FM-12","99999","V020","320,1,N,0005,1","99999,9,9,N","002000,1,9,9","+0226,1","+0083,1","10152,1",,"0,1,02,1","0,1,02,1",,,,,,,,"9,9,999,9,+013,1","05,1","SYN05842139 31995 03201 10226 20083 40152 70500 333 10256 58013=",
"42139099999","2022-03-02T03:00:00","4","29.0166666","77.7166667","222.0","MEERUT, IN","FM-12","99999","V020","999,9,C,0000,1","99999,9,9,N","002000,1,9,9","+0160,1","+0131,1","10181,1",,"0,1,02,1","0,1,02,1",,,,,,"240,M,+0256,1","240,N,+0097,1","9,9,999,9,+000,1","10,1","SYN07442139 31995 00000 10160 20131 40181 71000 333 10256 20097 58000 555 10000=",
"42139099999","2022-03-02T06:00:00","4","29.0166666","77.7166667","222.0","MEERUT, IN","FM-12","99999","V020","320,1,N,0010,1","99999,9,9,N","002000,1,9,9","+0238,1","+0105,1","10177,1",,"0,1,02,1","0,1,02,1",,,,,,,,"9,9,999,9,-003,1","05,1","SYN05242139 31995 03202 10238 20105 40177 70500 333 59003=",
"42139099999","2022-03-02T09:00:00","4","29.0166666","77.7166667","222.0","MEERUT, IN","FM-12","99999","V020","230,1,N,0010,1","22000,1,9,N","002000,1,9,9","+0264,1","+0113,1","10149,1",,"1,1,02,1","0,1,02,1","99,9,+99999,9,00,1",,,"9,AGL   ,+99999,+99999","01,99,1,00,1,99,9,99999,9,99,9,99,9",,,"9,9,999,9,-005,1","05,1","SYN05842139 31995 12302 10264 20113 40149 70510 80001 333 59005=","Q01    003SCCGA1"
"42139099999","2022-03-02T12:00:00","4","29.0166666","77.7166667","222.0","MEERUT, IN","FM-12","99999","V020","270,1,N,0010,1","99999,9,9,N","002000,1,9,9","+0236,1","+0092,1","10138,1",,"1,1,02,1","1,1,02,1","99,9,+99999,9,00,1",,,"9,AGL   ,+99999,+99999","99,99,9,00,1,99,9,99999,9,99,9,99,9",,,"9,9,999,9,-013,1","05,1","SYN06442139 31995 02702 10236 20092 40138 70511 80001 333 10270 59013=","Q01    003SCCGA1"
"42139099999","2022-03-03T06:00:00","4","29.0166666","77.7166667","222.0","MEERUT, IN","FM-12","99999","V020","050,1,N,0015,1","22000,1,9,N","002000,1,9,9","+0244,1","+0131,1","10167,1",,"1,1,02,1","1,1,02,1","04,1,+00800,1,06,1",,,"9,AGL   ,+99999,+99999","04,99,1,04,1,99,9,00800,1,99,9,99,9",,,"9,9,999,9,-010,1","05,1","SYN05842139 31595 40503 10244 20131 40167 70511 84400 333 59010=",
"42139099999","2022-03-03T09:00:00","4","29.0166666","77.7166667","222.0","MEERUT, IN","FM-12","99999","V020","230,1,N,0010,1","99999,9,9,N","002000,1,9,9","+0276,1","+0112,1","10135,1",,"0,1,02,1","0,1,02,1",,,,,,,,"9,9,999,9,-013,1","05,1","SYN05242139 31995 02302 10276 20112 40135 70500 333 59013=",
"42139099999","2022-03-03T12:00:00","4","29.0166666","77.7166667","222.0","MEERUT, IN","FM-12","99999","V020","999,9,C,0000,1","99999,9,9,N","002000,1,9,9","+0254,1","+0113,1","10123,1",,"0,1,02,1","0,1,02,1",,,,,,,,"9,9,999,9,-012,1","05,1","SYN05842139 31995 00000 10254 20113 40123 70500 333 10283 59012=",
"42139099999","2022-03-04T03:00:00","4","29.0166666","77.7166667","222.0","MEERUT, IN","FM-12","99999","V020","320,1,N,0010,1","22000,1,9,N","002000,1,9,9","+0170,1","+0142,1","10165,1",,"1,1,02,1","1,1,02,1","99,9,+99999,9,00,1",,,"9,AGL   ,+99999,+99999","04,99,1,00,1,99,9,99999,9,99,9,99,9","240,M,+0283,1","240,N,+0128,1","9,9,999,9,+005,1","10,1","SYN08042139 31995 43202 10170 20142 40165 71011 80001 333 10283 20128 58005 555 10000=","Q01    003SCCGA1"
"42139099999","2022-03-04T06:00:00","4","29.0166666","77.7166667","222.0","MEERUT, IN","FM-12","99999","V020","270,1,N,0015,1","22000,1,9,N","002000,1,9,9","+0230,1","+0146,1","10173,1",,"1,1,02,1","1,1,02,1","99,9,+99999,9,00,1",,,"9,AGL   ,+99999,+99999","03,99,1,00,1,99,9,99999,9,99,9,99,9",,,"9,9,999,9,+003,1","05,1","SYN05842139 31995 32703 10230 20146 40173 70511 80001 333 58003=","Q01    003SCCGA1"
"42139099999","2022-03-04T09:00:00","4","29.0166666","77.7166667","222.0","MEERUT, IN","FM-12","99999","V020","250,1,N,0015,1","22000,1,9,N","002000,1,9,9","+0252,1","+0145,1","10143,1",,"0,1,02,1","0,1,02,1","99,9,+99999,9,00,1",,,"9,AGL   ,+99999,+99999","01,99,1,00,1,99,9,99999,9,99,9,99,9",,,"9,9,999,9,-004,1","05,1","SYN05842139 31995 12503 10252 20145 40143 70500 80001 333 59004=","Q01    003SCCGA1"
"42139099999","2022-03-04T12:00:00","4","29.0166666","77.7166667","222.0","MEERUT, IN","FM-12","99999","V020","270,1,N,0015,1","22000,1,9,N","002000,1,9,9","+0234,1","+0135,1","10134,1",,"0,1,02,1","0,1,02,1","99,9,+99999,9,00,1",,,"9,AGL   ,+99999,+99999","01,99,1,00,1,99,9,99999,9,99,9,99,9",,,"9,9,999,9,+008,1","05,1","SYN06442139 31995 12703 10234 20135 40134 70500 80001 333 10260 58008=","Q01    003SCCGA1"
"42139099999","2022-03-05T03:00:00","4","29.0166666","77.7166667","222.0","MEERUT, IN","FM-12","99999","V020","320,1,N,0005,1","99999,9,9,N","002000,1,9,9","+0160,1","+0128,1","10159,1",,"0,1,02,1","0,1,02,1",,,,,,"240,M,+0260,1","240,N,+0109,1","9,9,999,9,-006,1","05,1","SYN07442139 31995 03201 10160 20128 40159 70500 333 10260 20109 59006 555 10000=",
"42139099999","2022-03-05T06:00:00","4","29.0166666","77.7166667","222.0","MEERUT, IN","FM-12","99999","V020","320,1,N,0021,1","99999,9,9,N","002000,1,9,9","+0238,1","+0135,1","10159,1",,"0,1,02,1","0,1,02,1",,,,,,,,"9,9,999,9,-011,1","05,1","SYN05242139 31995 03204 10238 20135 40159 70500 333 59011=",
"42139099999","2022-03-05T09:00:00","4","29.0166666","77.7166667","222.0","MEERUT, IN","FM-12","99999","V020","230,1,N,0015,1","22000,1,9,N","002000,1,9,9","+0260,1","+0126,1","10132,1",,"0,1,02,1","0,1,02,1","99,9,+99999,9,00,1",,,"9,AGL   ,+99999,+99999","01,99,1,00,1,99,9,99999,9,99,9,99,9",,,"9,9,999,9,-011,1","05,1","SYN05842139 31995 12303 10260 20126 40132 70500 80001 333 59011=","Q01    003SCCGA1"
"42139099999","2022-03-05T12:00:00","4","29.0166666","77.7166667","222.0","MEERUT, IN","FM-12","99999","V020","270,1,N,0015,1","22000,1,9,N","002000,1,9,9","+0240,1","+0154,1","10120,1",,"1,1,02,1","0,1,02,1","99,9,+99999,9,00,1",,,"9,AGL   ,+99999,+99999","02,99,1,00,1,99,9,99999,9,99,9,99,9",,,"9,9,999,9,-013,1","05,1","SYN06442139 31995 22703 10240 20154 40120 70510 80001 333 10267 59013=","Q01    003SCCGA1"
"42139099999","2022-03-06T03:00:00","4","29.0166666","77.7166667","222.0","MEERUT, IN","FM-12","99999","V020","999,9,C,0000,1","99999,9,9,N","001000,1,9,9","+0170,1","+0142,1","10146,1",,"2,1,02,1","2,1,02,1","03,1,+99999,9,00,1",,,"9,AGL   ,+99999,+99999","05,99,1,03,1,99,9,99999,9,99,9,99,9","240,M,+0267,1","240,N,+0126,1","9,9,999,9,-012,1","10,1","SYN08042139 31994 50000 10170 20142 40146 71022 83001 333 10267 20126 59012 555 10000=",
"42139099999","2022-03-06T06:00:00","4","29.0166666","77.7166667","222.0","MEERUT, IN","FM-12","99999","V020","360,1,N,0005,1","99999,9,9,N","002000,1,9,9","+0230,1","+0150,1","10153,1",,"2,1,02,1","2,1,02,1","05,1,+99999,9,03,1",,,"9,AGL   ,+99999,+99999","05,99,1,05,1,99,9,99999,9,99,9,99,9",,,"9,9,999,9,-007,1","05,1","SYN05842139 31995 53601 10230 20150 40153 70522 85030 333 59007=",
"42139099999","2022-03-06T09:00:00","4","29.0166666","77.7166667","222.0","MEERUT, IN","FM-12","99999","V020","320,1,N,0010,1","22000,1,9,N","002000,1,9,9","+0270,1","+0108,1","10124,1",,"2,1,02,1","1,1,02,1","04,1,+99999,9,03,1",,,"9,AGL   ,+99999,+99999","04,99,1,04,1,99,9,99999,9,99,9,99,9",,,"9,9,999,9,-006,1","05,1","SYN05842139 31995 43202 10270 20108 40124 70521 84030 333 59006=",
"42139099999","2022-03-06T12:00:00","4","29.0166666","77.7166667","222.0","MEERUT, IN","FM-12","99999","V020","999,9,C,0000,1","99999,9,9,N","002000,1,9,9","+0250,1","+0150,1","10118,1",,"2,1,02,1","2,1,02,1","05,1,+99999,9,03,1",,,"9,AGL   ,+99999,+99999","05,99,1,05,1,99,9,99999,9,99,9,99,9",,,"9,9,999,9,-001,1","05,1","SYN06442139 31995 50000 10250 20150 40118 70522 85030 333 10273 59001=",
"42139099999","2022-03-07T03:00:00","4","29.0166666","77.7166667","222.0","MEERUT, IN","FM-12","99999","V020","999,9,C,0000,1","99999,9,9,N","002000,1,9,9","+0170,1","+0150,1","10162,1",,"2,1,02,1","0,1,02,1","99,9,+99999,9,00,1",,,"9,AGL   ,+99999,+99999","05,99,1,00,1,99,9,99999,9,99,9,99,9","240,M,+0273,1","240,N,+0107,1","9,9,999,9,+016,1","10,1","SYN08042139 31995 50000 10170 20150 40162 71020 80001 333 10273 20107 58016 555 10000=","Q01    003SCCGA1"
"42139099999","2022-03-07T06:00:00","4","29.0166666","77.7166667","222.0","MEERUT, IN","FM-12","99999","V020","999,9,C,0000,1","99999,9,9,N","002000,1,9,9","+0244,1","+0143,1","10168,1",,"2,1,02,1","2,1,02,1","99,9,+99999,9,00,1",,,"9,AGL   ,+99999,+99999","05,99,1,00,1,99,9,99999,9,99,9,99,9",,,"9,9,999,9,+016,1","05,1","SYN05842139 31995 50000 10244 20143 40168 70522 80001 333 58016=","Q01    003SCCGA1"
"42139099999","2022-03-07T09:00:00","4","29.0166666","77.7166667","222.0","MEERUT, IN","FM-12","99999","V020","050,1,N,0010,1","22000,1,9,N","002000,1,9,9","+0270,1","+0108,1","10135,1",,"2,1,02,1","1,1,02,1","99,9,+99999,9,00,1",,,"9,AGL   ,+99999,+99999","02,99,1,00,1,99,9,99999,9,99,9,99,9",,,"9,9,999,9,+010,1","05,1","SYN05842139 31995 20502 10270 20108 40135 70521 80001 333 58010=","Q01    003SCCGA1"
"42139099999","2022-03-07T12:00:00","4","29.0166666","77.7166667","222.0","MEERUT, IN","FM-12","99999","V020","999,9,C,0000,1","22000,1,9,N","002000,1,9,9","+0254,1","+0155,1","10124,1",,"1,1,02,1","1,1,02,1","02,1,+00800,1,08,1",,,"9,AGL   ,+99999,+99999","02,99,1,02,1,99,9,00800,1,99,9,99,9",,,"9,9,999,9,+007,1","05,1","SYN06442139 31595 20000 10254 20155 40124 70511 82100 333 10278 58007=",
"42139099999","2022-03-08T03:00:00","4","29.0166666","77.7166667","222.0","MEERUT, IN","FM-12","99999","V020","999,9,C,0000,1","22000,1,9,N","002000,1,9,9","+0184,1","+0157,1","10155,1",,"1,1,02,1","0,1,02,1","99,9,+99999,9,00,1",,,"9,AGL   ,+99999,+99999","02,99,1,00,1,99,9,99999,9,99,9,99,9","240,M,+0278,1","240,N,+0109,1","9,9,999,9,-005,1","10,1","SYN08042139 31995 20000 10184 20157 40155 71010 80001 333 10278 20109 59005 555 10000=","Q01    003SCCGA1"
"42139099999","2022-03-08T06:00:00","4","29.0166666","77.7166667","222.0","MEERUT, IN","FM-12","99999","V020","270,1,N,0010,1","22000,1,9,N","002000,1,9,9","+0270,1","+0152,1","10145,1",,"1,1,02,1","1,1,02,1","99,9,+99999,9,00,1",,,"9,AGL   ,+99999,+99999","03,99,1,00,1,99,9,99999,9,99,9,99,9",,,"9,9,999,9,-021,1","05,1","SYN05842139 31995 32702 10270 20152 40145 70511 80001 333 59021=","Q01    003SCCGA1"
"42139099999","2022-03-08T09:00:00","4","29.0166666","77.7166667","222.0","MEERUT, IN","FM-12","99999","V020","270,1,N,0015,1","22000,1,9,N","004000,1,9,9","+0300,1","+0119,1","10112,1",,"1,1,02,1","1,1,02,1","99,9,+99999,9,00,1",,,"9,AGL   ,+99999,+99999","03,99,1,00,1,99,9,99999,9,99,9,99,9",,,"9,9,999,9,-019,1","05,1","SYN05842139 31996 32703 10300 20119 40112 70511 80001 333 59019=","Q01    003SCCGA1"
"42139099999","2022-03-08T12:00:00","4","29.0166666","77.7166667","222.0","MEERUT, IN","FM-12","99999","V020","270,1,N,0010,1","22000,1,9,N","004000,1,9,9","+0274,1","+0109,1","10106,1",,"1,1,02,1","1,1,02,1","99,9,+99999,9,00,1",,,"9,AGL   ,+99999,+99999","02,99,1,00,1,99,9,99999,9,99,9,99,9",,,"9,9,999,9,-017,1","05,1","SYN06442139 31996 22702 10274 20109 40106 70511 80001 333 10304 59017=","Q01    003SCCGA1"
"42139099999","2022-03-09T03:00:00","4","29.0166666","77.7166667","222.0","MEERUT, IN","FM-12","99999","V020","270,1,N,0010,1","99999,9,9,N","002000,1,9,9","+0182,1","+0129,1","10138,1",,"1,1,02,1","1,1,02,1","99,9,+99999,9,00,1",,,"9,AGL   ,+99999,+99999","05,99,1,00,1,99,9,99999,9,99,9,99,9","240,M,+0304,1","240,N,+0132,1","9,9,999,9,-017,1","05,1","SYN08042139 31995 52702 10182 20129 40138 70511 80001 333 10304 20132 59017 555 10000=","Q01    003SCCGA1"
"42139099999","2022-03-09T06:00:00","4","29.0166666","77.7166667","222.0","MEERUT, IN","FM-12","99999","V020","270,1,N,0015,1","99999,9,9,N","002000,1,9,9","+0278,1","+0124,1","10134,1",,"0,1,02,1","0,1,02,1",,,,,,,,"9,9,999,9,-010,1","05,1","SYN05242139 31995 02703 10278 20124 40134 70500 333 59010=",
"42139099999","2022-03-09T09:00:00","4","29.0166666","77.7166667","222.0","MEERUT, IN","FM-12","99999","V020","320,1,N,0026,1","99999,9,9,N","002000,1,9,9","+0300,1","+0109,1","10107,1",,"0,1,02,1","0,1,02,1",,,,,,,,"9,9,999,9,-005,1","05,1","SYN05242139 31995 03205 10300 20109 40107 70500 333 59005=",
"42139099999","2022-03-09T12:00:00","4","29.0166666","77.7166667","222.0","MEERUT, IN","FM-12","99999","V020","320,1,N,0010,1","99999,9,9,N","002000,1,9,9","+0270,1","+0103,1","10101,1",,"0,1,02,1","0,1,02,1",,,,,,,,"9,9,999,9,-006,1","05,1","SYN05842139 31995 03202 10270 20103 40101 70500 333 10308 59006=",
"42139099999","2022-03-10T03:00:00","4","29.0166666","77.7166667","222.0","MEERUT, IN","FM-12","99999","V020","230,1,N,0005,1","22000,1,9,N","002000,1,9,9","+0180,1","+0126,1","10140,1",,"1,1,02,1","0,1,02,1","99,9,+99999,9,00,1",,,"9,AGL   ,+99999,+99999","03,99,1,00,1,99,9,99999,9,99,9,99,9","240,M,+0308,1","240,N,+0144,1","9,9,999,9,+001,1","05,1","SYN08042139 31995 32301 10180 20126 40140 70510 80001 333 10308 20144 58001 555 10000=","Q01    003SCCGA1"
"42139099999","2022-03-10T06:00:00","4","29.0166666","77.7166667","222.0","MEERUT, IN","FM-12","99999","V020","320,1,N,0010,1","22000,1,9,N","002000,1,9,9","+0268,1","+0128,1","10133,1",,"1,1,02,1","0,1,02,1","99,9,+99999,9,00,1",,,"9,AGL   ,+99999,+99999","02,99,1,00,1,99,9,99999,9,99,9,99,9",,,"9,9,999,9,-002,1","05,1","SYN05842139 31995 23202 10268 20128 40133 70510 80001 333 59002=","Q01    003SCCGA1"
"42139099999","2022-03-10T09:00:00","4","29.0166666","77.7166667","222.0","MEERUT, IN","FM-12","99999","V020","320,1,N,0015,1","22000,1,9,N","002000,1,9,9","+0288,1","+0134,1","10110,1",,"2,1,02,1","1,1,02,1","99,9,+99999,9,00,1",,,"9,AGL   ,+99999,+99999","03,99,1,00,1,99,9,99999,9,99,9,99,9",,,"9,9,999,9,+002,1","05,1","SYN05842139 31995 33203 10288 20134 40110 70521 80001 333 58002=","Q01    003SCCGA1"
"42139099999","2022-03-10T12:00:00","4","29.0166666","77.7166667","222.0","MEERUT, IN","FM-12","99999","V020","320,1,N,0015,1","22000,1,9,N","002000,1,9,9","+0266,1","+0130,1","10106,1",,"1,1,02,1","0,1,02,1","99,9,+99999,9,00,1",,,"9,AGL   ,+99999,+99999","02,99,1,00,1,99,9,99999,9,99,9,99,9",,,"9,9,999,9,+005,1","05,1","SYN06442139 31995 23203 10266 20130 40106 70510 80001 333 10295 58005=","Q01    003SCCGA1"
"42139099999","2022-03-11T03:00:00","4","29.0166666","77.7166667","222.0","MEERUT, IN","FM-12","99999","V020","270,1,N,0010,1","99999,9,9,N","002000,1,9,9","+0196,1","+0152,1","10144,1",,"0,1,02,1","0,1,02,1",,,,,,"240,M,+0295,1","240,N,+0146,1","9,9,999,9,+006,1","05,1","SYN07442139 31995 02702 10196 20152 40144 70500 333 10295 20146 58006 555 10000=",
"42139099999","2022-03-11T06:00:00","4","29.0166666","77.7166667","222.0","MEERUT, IN","FM-12","99999","V020","320,1,N,0021,1","99999,9,9,N","002000,1,9,9","+0260,1","+0155,1","10143,1",,"0,1,02,1","0,1,02,1",,,,,,,,"9,9,999,9,+009,1","05,1","SYN05242139 31995 03204 10260 20155 40143 70500 333 58009=",
"42139099999","2022-03-11T12:00:00","4","29.0166666","77.7166667","222.0","MEERUT, IN","FM-12","99999","V020","230,1,N,0015,1","99999,9,9,N","002000,1,9,9","+0266,1","+0147,1","10097,1",,"0,1,02,1","0,1,02,1",,,,,,,,"9,9,999,9,-009,1","05,1","SYN05842139 31995 02303 10266 20147 40097 70500 333 10290 59009=",
"42139099999","2022-03-12T03:00:00","4","29.0166666","77.7166667","222.0","MEERUT, IN","FM-12","99999","V020","230,1,N,0010,1","99999,9,9,N","002000,1,9,9","+0200,1","+0145,1","10122,1",,"0,1,02,1","0,1,02,1",,,,,,"240,M,+0290,1","240,N,+0144,1","9,9,999,9,-021,1","05,1","SYN07442139 31995 02302 10200 20145 40122 70500 333 10290 20144 59021 555 10000=",
"42139099999","2022-03-12T06:00:00","4","29.0166666","77.7166667","222.0","MEERUT, IN","FM-12","99999","V020","320,1,N,0021,1","99999,9,9,N","002000,1,9,9","+0274,1","+0153,1","10118,1",,"0,1,02,1","0,1,02,1",,,,,,,,"9,9,999,9,-022,1","05,1","SYN05242139 31995 03204 10274 20153 40118 70500 333 59022=",
"42139099999","2022-03-12T09:00:00","4","29.0166666","77.7166667","222.0","MEERUT, IN","FM-12","99999","V020","320,1,N,0021,1","99999,9,9,N","004000,1,9,9","+0300,1","+0154,1","10090,1",,"0,1,02,1","0,1,02,1",,,,,,,,"9,9,999,9,-017,1","05,1","SYN05242139 31996 03204 10300 20154 40090 70500 333 59017=",
"42139099999","2022-03-12T12:00:00","4","29.0166666","77.7166667","222.0","MEERUT, IN","FM-12","99999","V020","230,1,N,0010,1","22000,1,9,N","004000,1,9,9","+0278,1","+0137,1","10087,1",,"1,1,02,1","0,1,02,1","99,9,+99999,9,00,1",,,"9,AGL   ,+99999,+99999","02,99,1,00,1,99,9,99999,9,99,9,99,9",,,"9,9,999,9,-009,1","05,1","SYN06442139 31996 22302 10278 20137 40087 70510 80001 333 10301 59009=","Q01    003SCCGA1"
"42139099999","2022-03-13T03:00:00","4","29.0166666","77.7166667","222.0","MEERUT, IN","FM-12","99999","V020","999,9,C,0000,1","99999,9,9,N","002000,1,9,9","+0210,1","+0171,1","10119,1",,"0,1,02,1","0,1,02,1",,,,,,"240,M,+0301,1","240,N,+0158,1","9,9,999,9,-002,1","05,1","SYN07442139 31995 00000 10210 20171 40119 70500 333 10301 20158 59002 555 10000=",
"42139099999","2022-03-13T06:00:00","4","29.0166666","77.7166667","222.0","MEERUT, IN","FM-12","99999","V020","999,9,C,0000,1","99999,9,9,N","004000,1,9,9","+0280,1","+0168,1","10117,1",,"0,1,02,1","0,1,02,1",,,,,,,,"9,9,999,9,-001,1","05,1","SYN05242139 31996 00000 10280 20168 40117 70500 333 59001=",
"42139099999","2022-03-13T09:00:00","4","29.0166666","77.7166667","222.0","MEERUT, IN","FM-12","99999","V020","320,1,N,0015,1","99999,9,9,N","004000,1,9,9","+0312,1","+0158,1","10090,1",,"0,1,02,1","0,1,02,1",,,,,,,,"9,9,999,9,+002,1","05,1","SYN05242139 31996 03203 10312 20158 40090 70500 333 58002=",
"42139099999","2022-03-13T12:00:00","4","29.0166666","77.7166667","222.0","MEERUT, IN","FM-12","99999","V020","320,1,N,0010,1","99999,9,9,N","004000,1,9,9","+0290,1","+0161,1","10086,1",,"0,1,02,1","0,1,02,1",,,,,,,,"9,9,999,9,+000,1","05,1","SYN05842139 31996 03202 10290 20161 40086 70500 333 10316 58000=",
"42139099999","2022-03-14T03:00:00","4","29.0166666","77.7166667","222.0","MEERUT, IN","FM-12","99999","V020","999,9,C,0000,1","99999,9,9,N","001000,1,9,9","+0216,1","+0188,1","10120,1",,"0,1,02,1","0,1,02,1",,,,,,"240,M,+0316,1","240,N,+0146,1","9,9,999,9,+002,1","10,1","SYN07442139 31994 00000 10216 20188 40120 71000 333 10316 20146 58002 555 10000=",
"42139099999","2022-03-14T06:00:00","4","29.0166666","77.7166667","222.0","MEERUT, IN","FM-12","99999","V020","050,1,N,0010,1","99999,9,9,N","002000,1,9,9","+0292,1","+0187,1","10116,1",,"0,1,02,1","0,1,02,1",,,,,,,,"9,9,999,9,+001,1","05,1","SYN05242139 31995 00502 10292 20187 40116 70500 333 58001=",
"42139099999","2022-03-14T09:00:00","4","29.0166666","77.7166667","222.0","MEERUT, IN","FM-12","99999","V020","320,1,N,0010,1","99999,9,9,N","002000,1,9,9","+0318,1","+0178,1","10085,1",,"0,1,02,1","0,1,02,1",,,,,,,,"9,9,999,9,-005,1","05,1","SYN05242139 31995 03202 10318 20178 40085 70500 333 59005=",
"42139099999","2022-03-14T12:00:00","4","29.0166666","77.7166667","222.0","MEERUT, IN","FM-12","99999","V020","320,1,N,0005,1","99999,9,9,N","002000,1,9,9","+0296,1","+0177,1","10077,1",,"0,1,02,1","0,1,02,1",,,,,,,,"9,9,999,9,-008,1","05,1","SYN05842139 31995 03201 10296 20177 40077 70500 333 10321 59008=",
"42139099999","2022-03-15T03:00:00","4","29.0166666","77.7166667","222.0","MEERUT, IN","FM-12","99999","V020","999,9,C,0000,1","99999,9,9,N","001000,1,9,9","+0228,1","+0207,1","10095,1",,"0,1,02,1","0,1,02,1",,,,,,"240,M,+0321,1","240,N,+0167,1","9,9,999,9,-024,1","05,1","SYN07442139 31994 00000 10228 20207 40095 70500 333 10321 20167 59024 555 10000=",
"42139099999","2022-03-15T06:00:00","4","29.0166666","77.7166667","222.0","MEERUT, IN","FM-12","99999","V020","999,9,C,0000,1","99999,9,9,N","002000,1,9,9","+0300,1","+0207,1","10088,1",,"0,1,02,1","0,1,02,1",,,,,,,,"9,9,999,9,-028,1","05,1","SYN05242139 31995 00000 10300 20207 40088 70500 333 59028=",
"42139099999","2022-03-15T09:00:00","4","29.0166666","77.7166667","222.0","MEERUT, IN","FM-12","99999","V020","270,1,N,0015,1","99999,9,9,N","002000,1,9,9","+0328,1","+0202,1","10049,1",,"0,1,02,1","0,1,02,1",,,,,,,,"9,9,999,9,-034,1","05,1","SYN05242139 31995 02703 10328 20202 40049 70500 333 59034=",
"42139099999","2022-03-15T12:00:00","4","29.0166666","77.7166667","222.0","MEERUT, IN","FM-12","99999","V020","320,1,N,0015,1","99999,9,9,N","002000,1,9,9","+0306,1","+0197,1","10042,1",,"0,1,02,1","0,1,02,1",,,,,,"240,M,+0330,1",,"9,9,999,9,-033,1","05,1","SYN05842139 31995 03203 10306 20197 40042 70500 333 10330 59033=",
"42139099999","2022-03-16T03:00:00","4","29.0166666","77.7166667","222.0","MEERUT, IN","FM-12","99999","V020","320,1,N,0005,1","99999,9,9,N","001000,1,9,9","+0232,1","+0201,1","10063,1",,"0,1,02,1","0,1,02,1",,,,,,"240,M,+0330,1","240,N,+0188,1","9,9,999,9,-030,1","10,1","SYN07442139 31994 03201 10232 20201 40063 71000 333 10330 20188 59030 555 10000=",
"42139099999","2022-03-16T06:00:00","4","29.0166666","77.7166667","222.0","MEERUT, IN","FM-12","99999","V020","320,1,N,0015,1","99999,9,9,N","002000,1,9,9","+0304,1","+0212,1","10055,1",,"0,1,02,1","0,1,02,1",,,,,,,,"9,9,999,9,-031,1","05,1","SYN05242139 31995 03203 10304 20212 40055 70500 333 59031=",
"42139099999","2022-03-16T09:00:00","4","29.0166666","77.7166667","222.0","MEERUT, IN","FM-12","99999","V020","320,1,N,0021,1","99999,9,9,N","002000,1,9,9","+0330,1","+0182,1","10027,1",,"0,1,02,1","0,1,02,1",,,,,,,,"9,9,999,9,-021,1","05,1","SYN05242139 31995 03204 10330 20182 40027 70500 333 59021=",
"42139099999","2022-03-16T12:00:00","4","29.0166666","77.7166667","222.0","MEERUT, IN","FM-12","99999","V020","270,1,N,0015,1","99999,9,9,N","002000,1,9,9","+0314,1","+0192,1","10020,1",,"0,1,02,1","0,1,02,1",,,,,,,,"9,9,999,9,-021,1","05,1","SYN05842139 31995 02703 10314 20192 40020 70500 333 10334 59021=",
"42139099999","2022-03-17T03:00:00","4","29.0166666","77.7166667","222.0","MEERUT, IN","FM-12","99999","V020","999,9,C,0000,1","99999,9,9,N","001000,1,9,9","+0228,1","+0207,1","10075,1",,"0,1,02,1","0,1,02,1",,,,,,"240,M,+0334,1","240,N,+0170,1","9,9,999,9,+011,1","10,1","SYN07442139 31994 00000 10228 20207 40075 71000 333 10334 20170 58011 555 10000=",
"42139099999","2022-03-17T06:00:00","4","29.0166666","77.7166667","222.0","MEERUT, IN","FM-12","99999","V020","070,1,N,0010,1","99999,9,9,N","002000,1,9,9","+0302,1","+0226,1","99999,9",,"0,1,02,1","0,1,02,1",,,,,,,,"9,9,999,9,+017,1","05,1","SYN05242139 31995 00702 10302 20226 40173 70500 333 58017=",
"42139099999","2022-03-17T09:00:00","4","29.0166666","77.7166667","222.0","MEERUT, IN","FM-12","99999","V020","140,1,N,0021,1","22000,1,9,N","002000,1,9,9","+0330,1","+0219,1","10050,1",,"1,1,02,1","0,1,02,1","01,1,+00800,1,08,1","99,9,+99999,9,03,1",,"9,AGL   ,+99999,+99999","03,99,1,01,1,99,9,00800,1,99,9,99,9",,,"9,9,999,9,+022,1","05,1","SYN05842139 31595 31404 10330 20219 40050 70510 81130 333 58022=",
"42139099999","2022-03-17T12:00:00","4","29.0166666","77.7166667","222.0","MEERUT, IN","FM-12","99999","V020","999,9,C,0000,1","99999,9,9,N","002000,1,9,9","+0314,1","+0223,1","10044,1",,"0,1,02,1","0,1,02,1",,,,,,,,"9,9,999,9,+024,1","05,1","SYN05842139 31995 00000 10314 20223 40044 70500 333 10332 58024=",
"42139099999","2022-03-18T03:00:00","4","29.0166666","77.7166667","222.0","MEERUT, IN","FM-12","99999","V020","180,1,N,0010,1","99999,9,9,N","001000,1,9,9","+0240,1","+0222,1","10093,1",,"0,1,02,1","0,1,02,1",,,,,,"240,M,+0332,1","240,N,+0185,1","9,9,999,9,+018,1","10,1","SYN07442139 31994 01802 10240 20222 40093 71000 333 10332 20185 58018 555 10000=",
"42139099999","2022-03-18T06:00:00","4","29.0166666","77.7166667","222.0","MEERUT, IN","FM-12","99999","V020","180,1,N,0015,1","99999,9,9,N","002000,1,9,9","+0318,1","+0214,1","10092,1",,"0,1,02,1","0,1,02,1",,,,,,,,"9,9,999,9,+020,1","05,1","SYN05242139 31995 01803 10318 20214 40092 70500 333 58020=",
"42139099999","2022-03-18T09:00:00","4","29.0166666","77.7166667","222.0","MEERUT, IN","FM-12","99999","V020","180,1,N,0010,1","99999,9,9,N","004000,1,9,9","+0338,1","+0185,1","10065,1",,"0,1,02,1","0,1,02,1",,,,,,,,"9,9,999,9,+015,1","05,1","SYN05242139 31996 01802 10338 20185 40065 70500 333 58015=",
"42139099999","2022-03-18T12:00:00","4","29.0166666","77.7166667","222.0","MEERUT, IN","FM-12","99999","V020","999,9,C,0000,1","99999,9,9,N","004000,1,9,9","+0320,1","+0188,1","10046,1",,"0,1,02,1","0,1,02,1",,,,,,,,"9,9,999,9,+002,1","05,1","SYN05842139 31996 00000 10320 20188 40046 70500 333 10343 58002=",
"42139099999","2022-03-19T03:00:00","4","29.0166666","77.7166667","222.0","MEERUT, IN","FM-12","99999","V020","999,9,C,0000,1","99999,9,9,N","002000,1,9,9","+0244,1","+0214,1","10074,1",,"0,1,02,1","0,1,02,1",,,,,,"240,M,+0343,1","240,N,+0164,1","9,9,999,9,-017,1","10,1","SYN07442139 31995 00000 10244 20214 40074 71000 333 10343 20164 59017 555 10000=",
"42139099999","2022-03-19T06:00:00","4","29.0166666","77.7166667","222.0","MEERUT, IN","FM-12","99999","V020","230,1,N,0010,1","99999,9,9,N","004000,1,9,9","+0326,1","+0196,1","10073,1",,"0,1,02,1","0,1,02,1",,,,,,,,"9,9,999,9,-019,1","05,1","SYN05242139 31996 02302 10326 20196 40073 70500 333 59019=",
"42139099999","2022-03-19T09:00:00","4","29.0166666","77.7166667","222.0","MEERUT, IN","FM-12","99999","V020","180,1,N,0015,1","99999,9,9,N","004000,1,9,9","+0344,1","+0181,1","10038,1",,"0,1,02,1","0,1,02,1",,,,,,,,"9,9,999,9,-026,1","05,1","SYN05242139 31996 01803 10344 20181 40038 70500 333 59026=",
"42139099999","2022-03-19T12:00:00","4","29.0166666","77.7166667","222.0","MEERUT, IN","FM-12","99999","V020","180,1,N,0010,1","99999,9,9,N","004000,1,9,9","+0328,1","+0206,1","10016,1",,"0,1,02,1","0,1,02,1",,,,,,,,"9,9,999,9,-028,1","05,1","SYN05842139 31996 01802 10328 20206 40016 70500 333 10350 59028=",
"42139099999","2022-03-20T03:00:00","4","29.0166666","77.7166667","222.0","MEERUT, IN","FM-12","99999","V020","999,9,C,0000,1","99999,9,9,N","002000,1,9,9","+0246,1","+0190,1","10052,1",,"0,1,02,1","0,1,02,1",,,,,,"240,M,+0350,1","240,N,+0173,1","9,9,999,9,-022,1","05,1","SYN07442139 31995 00000 10246 20190 40052 70500 333 10350 20173 59022 555 10000=",
"42139099999","2022-03-20T06:00:00","4","29.0166666","77.7166667","222.0","MEERUT, IN","FM-12","99999","V020","180,1,N,0010,1","99999,9,9,N","004000,1,9,9","+0328,1","+0213,1","10046,1",,"0,1,02,1","0,1,02,1",,,,,,,,"9,9,999,9,-025,1","05,1","SYN05242139 31996 01802 10328 20213 40046 70500 333 59025=",
"42139099999","2022-03-20T09:00:00","4","29.0166666","77.7166667","222.0","MEERUT, IN","FM-12","99999","V020","999,9,C,0000,1","22000,1,9,N","004000,1,9,9","+0350,1","+0201,1","10022,1",,"1,1,02,1","0,1,02,1","99,9,+99999,9,00,1",,,"9,AGL   ,+99999,+99999","02,99,1,00,1,99,9,99999,9,99,9,99,9",,,"9,9,999,9,-016,1","05,1","SYN05842139 31996 20000 10350 20201 40022 70510 80001 333 59016=","Q01    003SCCGA1"
"42139099999","2022-03-20T12:00:00","4","29.0166666","77.7166667","222.0","MEERUT, IN","FM-12","99999","V020","999,9,C,0000,1","99999,9,9,N","004000,1,9,9","+0332,1","+0214,1","10010,1",,"0,1,02,1","0,1,02,1",,,,,,,,"9,9,999,9,-005,1","05,1","SYN05842139 31996 00000 10332 20214 40010 70500 333 10354 59005=",
"42139099999","2022-03-21T03:00:00","4","29.0166666","77.7166667","222.0","MEERUT, IN","FM-12","99999","V020","140,1,N,0010,1","99999,9,9,N","001000,1,9,9","+0250,1","+0210,1","10065,1",,"0,1,02,1","0,1,02,1",,,,,,"240,M,+0354,1","240,N,+0193,1","9,9,999,9,+013,1","05,1","SYN07442139 31994 01402 10250 20210 40065 70500 333 10354 20193 58013 555 10000=",
"42139099999","2022-03-21T06:00:00","4","29.0166666","77.7166667","222.0","MEERUT, IN","FM-12","99999","V020","999,9,C,0000,1","99999,9,9,N","002000,1,9,9","+0330,1","+0215,1","10070,1",,"0,1,02,1","0,1,02,1",,,,,,,,"9,9,999,9,+022,1","05,1","SYN05242139 31995 00000 10330 20215 40070 70500 333 58022=",
"42139099999","2022-03-21T09:00:00","4","29.0166666","77.7166667","222.0","MEERUT, IN","FM-12","99999","V020","320,1,N,0015,1","99999,9,9,N","002000,1,9,9","+0350,1","+0201,1","10045,1",,"0,1,02,1","0,1,02,1",,,,,,,,"9,9,999,9,+023,1","05,1","SYN05242139 31995 03203 10350 20201 40045 70500 333 58023=",
"42139099999","2022-03-21T12:00:00","4","29.0166666","77.7166667","222.0","MEERUT, IN","FM-12","99999","V020","320,1,N,0010,1","99999,9,9,N","002000,1,9,9","+0328,1","+0159,1","10036,1",,"0,1,02,1","0,1,02,1",,,,,,,,"9,9,999,9,+024,1","05,1","SYN05842139 31995 03202 10328 20159 40036 70500 333 10354 58024=",
"42139099999","2022-03-22T03:00:00","4","29.0166666","77.7166667","222.0","MEERUT, IN","FM-12","99999","V020","270,1,N,0015,1","99999,9,9,N","002000,1,9,9","+0240,1","+0158,1","10066,1",,"0,1,02,1","0,1,02,1",,,,,,"240,M,+0354,1","240,N,+0189,1","9,9,999,9,-001,1","05,1","SYN07442139 31995 02703 10240 20158 40066 70500 333 10354 20189 59001 555 10000=",
"42139099999","2022-03-22T06:00:00","4","29.0166666","77.7166667","222.0","MEERUT, IN","FM-12","99999","V020","320,1,N,0021,1","99999,9,9,N","002000,1,9,9","+0318,1","+0145,1","10069,1",,"0,1,02,1","0,1,02,1",,,,,,,,"9,9,999,9,-001,1","05,1","SYN05242139 31995 03204 10318 20145 40069 70500 333 59001=",
"42139099999","2022-03-22T09:00:00","4","29.0166666","77.7166667","222.0","MEERUT, IN","FM-12","99999","V020","320,1,N,0026,1","99999,9,9,N","004000,1,9,9","+0338,1","+0139,1","10050,1",,"0,1,02,1","0,1,02,1",,,,,,,,"9,9,999,9,+004,1","05,1","SYN05242139 31996 03205 10338 20139 40050 70500 333 58004=",
"42139099999","2022-03-22T12:00:00","4","29.0166666","77.7166667","222.0","MEERUT, IN","FM-12","99999","V020","270,1,N,0015,1","99999,9,9,N","004000,1,9,9","+0310,1","+0134,1","10044,1",,"0,1,02,1","0,1,02,1",,,,,,,,"9,9,999,9,+006,1","05,1","SYN05842139 31996 02703 10310 20134 40044 70500 333 10340 58006=",
"42139099999","2022-03-23T03:00:00","4","29.0166666","77.7166667","222.0","MEERUT, IN","FM-12","99999","V020","999,9,C,0000,1","99999,9,9,N","002000,1,9,9","+0234,1","+0183,1","10085,1",,"0,1,02,1","0,1,02,1",,,,,,"240,M,+0340,1","240,N,+0164,1","9,9,999,9,+019,1","05,1","SYN07442139 31995 00000 10234 20183 40085 70500 333 10340 20164 58019 555 10000=",
"42139099999","2022-03-23T06:00:00","4","29.0166666","77.7166667","222.0","MEERUT, IN","FM-12","99999","V020","999,9,C,0000,1","99999,9,9,N","002000,1,9,9","+0310,1","+0183,1","10082,1",,"0,1,02,1","0,1,02,1",,,,,,,,"9,9,999,9,+012,1","05,1","SYN05242139 31995 00000 10310 20183 40082 70500 333 58012=",
"42139099999","2022-03-23T09:00:00","4","29.0166666","77.7166667","222.0","MEERUT, IN","FM-12","99999","V020","050,1,N,0010,1","99999,9,9,N","002000,1,9,9","+0338,1","+0152,1","10049,1",,"0,1,02,1","0,1,02,1",,,,,,,,"9,9,999,9,-001,1","05,1","SYN05242139 31995 00502 10338 20152 40049 70500 333 59001=",
"42139099999","2022-03-23T12:00:00","4","29.0166666","77.7166667","222.0","MEERUT, IN","FM-12","99999","V020","270,1,N,0010,1","99999,9,9,N","002000,1,9,9","+0314,1","+0139,1","10036,1",,"0,1,02,1","0,1,02,1",,,,,,,,"9,9,999,9,-035,1","05,1","SYN05842139 31995 02702 10314 20139 40036 70500 333 10341 59035=",
"42139099999","2022-03-24T03:00:00","4","29.0166666","77.7166667","222.0","MEERUT, IN","FM-12","99999","V020","999,9,C,0000,1","99999,9,9,N","002000,1,9,9","+0250,1","+0194,1","10060,1",,"0,1,02,1","0,1,02,1",,,,,,"240,M,+0341,1","240,N,+0154,1","9,9,999,9,-023,1","05,1","SYN07442139 31995 00000 10250 20194 40060 70500 333 10341 20154 59023 555 10000=",
"42139099999","2022-03-24T06:00:00","4","29.0166666","77.7166667","222.0","MEERUT, IN","FM-12","99999","V020","999,9,C,0000,1","99999,9,9,N","002000,1,9,9","+0324,1","+0158,1","10056,1",,"0,1,02,1","0,1,02,1",,,,,,,,"9,9,999,9,-023,1","05,1","SYN05242139 31995 00000 10324 20158 40056 70500 333 59023=",
"42139099999","2022-03-24T09:00:00","4","29.0166666","77.7166667","222.0","MEERUT, IN","FM-12","99999","V020","230,1,N,0010,1","99999,9,9,N","002000,1,9,9","+0342,1","+0145,1","10032,1",,"0,1,02,1","0,1,02,1",,,,,,,,"9,9,999,9,-016,1","05,1","SYN05242139 31995 02302 10342 20145 40032 70500 333 59016=",
"42139099999","2022-03-24T12:00:00","4","29.0166666","77.7166667","222.0","MEERUT, IN","FM-12","99999","V020","999,9,C,0000,1","99999,9,9,N","002000,1,9,9","+0310,1","+0138,1","10024,1",,"0,1,02,1","0,1,02,1",,,,,,,,"9,9,999,9,-013,1","05,1","SYN05842139 31995 00000 10310 20138 40024 70500 333 10343 59013=",
"42139099999","2022-03-25T03:00:00","4","29.0166666","77.7166667","222.0","MEERUT, IN","FM-12","99999","V020","999,9,C,0000,1","99999,9,9,N","002000,1,9,9","+0246,1","+0183,1","10066,1",,"0,1,02,1","0,1,02,1",,,,,,"240,M,+0343,1","240,N,+0184,1","9,9,999,9,+006,1","05,1","SYN07442139 31995 00000 10246 20183 40066 70500 333 10343 20184 58006 555 10000=",
"42139099999","2022-03-25T06:00:00","4","29.0166666","77.7166667","222.0","MEERUT, IN","FM-12","99999","V020","320,1,N,0010,1","99999,9,9,N","002000,1,9,9","+0314,1","+0161,1","10065,1",,"0,1,02,1","0,1,02,1",,,,,,,,"9,9,999,9,+008,1","05,1","SYN05242139 31995 03202 10314 20161 40065 70500 333 58008=",
"42139099999","2022-03-25T09:00:00","4","29.0166666","77.7166667","222.0","MEERUT, IN","FM-12","99999","V020","320,1,N,0021,1","99999,9,9,N","004000,1,9,9","+0336,1","+0111,1","10043,1",,"0,1,02,1","0,1,02,1",,,,,,,,"9,9,999,9,+010,1","05,1","SYN05242139 31996 03204 10336 20111 40043 70500 333 58010=",
"42139099999","2022-03-25T12:00:00","4","29.0166666","77.7166667","222.0","MEERUT, IN","FM-12","99999","V020","270,1,N,0015,1","99999,9,9,N","002000,1,9,9","+0318,1","+0117,1","10046,1",,"0,1,02,1","0,1,02,1",,,,,,,,"9,9,999,9,+023,1","05,1","SYN05842139 31995 02703 10318 20117 40046 70500 333 10341 58023=",
"42139099999","2022-03-26T03:00:00","4","29.0166666","77.7166667","222.0","MEERUT, IN","FM-12","99999","V020","320,1,N,0015,1","99999,9,9,N","002000,1,9,9","+0250,1","+0150,1","10087,1",,"0,1,02,1","0,1,02,1",,,,,,"240,M,+0341,1","240,N,+0190,1","9,9,999,9,+020,1","05,1","SYN07442139 31995 03203 10250 20150 40087 70500 333 10341 20190 58020 555 10000=",
"42139099999","2022-03-26T06:00:00","4","29.0166666","77.7166667","222.0","MEERUT, IN","FM-12","99999","V020","320,1,N,0021,1","99999,9,9,N","004000,1,9,9","+0306,1","+0137,1","10087,1",,"0,1,02,1","0,1,02,1",,,,,,,,"9,9,999,9,+020,1","05,1","SYN05242139 31996 03204 10306 20137 40087 70500 333 58020=",
"42139099999","2022-03-26T09:00:00","4","29.0166666","77.7166667","222.0","MEERUT, IN","FM-12","99999","V020","320,1,N,0026,1","99999,9,9,N","004000,1,9,9","+0334,1","+0118,1","10056,1",,"0,1,02,1","0,1,02,1",,,,,,,,"9,9,999,9,+013,1","05,1","SYN05242139 31996 03205 10334 20118 40056 70500 333 58013=",
"42139099999","2022-03-26T12:00:00","4","29.0166666","77.7166667","222.0","MEERUT, IN","FM-12","99999","V020","320,1,N,0021,1","99999,9,9,N","004000,1,9,9","+0318,1","+0127,1","10046,1",,"0,1,02,1","0,1,02,1",,,,,,,,"9,9,999,9,+000,1","05,1","SYN05842139 31996 03204 10318 20127 40046 70500 333 10336 58000=",
"42139099999","2022-03-27T03:00:00","4","29.0166666","77.7166667","222.0","MEERUT, IN","FM-12","99999","V020","270,1,N,0010,1","99999,9,9,N","002000,1,9,9","+0244,1","+0162,1","10086,1",,"0,1,02,1","0,1,02,1",,,,,,"240,M,+0336,1","240,N,+0186,1","9,9,999,9,-001,1","05,1","SYN07442139 31995 02702 10244 20162 40086 70500 333 10336 20186 59001 555 10000=",
"42139099999","2022-03-27T06:00:00","4","29.0166666","77.7166667","222.0","MEERUT, IN","FM-12","99999","V020","270,1,N,0010,1","99999,9,9,N","004000,1,9,9","+0322,1","+0155,1","10090,1",,"0,1,02,1","0,1,02,1",,,,,,,,"9,9,999,9,+004,1","05,1","SYN05242139 31996 02702 10322 20155 40090 70500 333 58004=",
"42139099999","2022-03-27T09:00:00","4","29.0166666","77.7166667","222.0","MEERUT, IN","FM-12","99999","V020","270,1,N,0015,1","99999,9,9,N","004000,1,9,9","+0354,1","+0099,1","10062,1",,"0,1,02,1","0,1,02,1",,,,,,,,"9,9,999,9,+008,1","05,1","SYN05242139 31996 02703 10354 20099 40062 70500 333 58008=",
"42139099999","2022-03-27T12:00:00","4","29.0166666","77.7166667","222.0","MEERUT, IN","FM-12","99999","V020","270,1,N,0010,1","99999,9,9,N","002000,1,9,9","+0330,1","+0122,1","10053,1",,"0,1,02,1","0,1,02,1",,,,,,,,"9,9,999,9,+008,1","05,1","SYN05842139 31995 02702 10330 20122 40053 70500 333 10358 58008=",
"42139099999","2022-03-28T03:00:00","4","29.0166666","77.7166667","222.0","MEERUT, IN","FM-12","99999","V020","999,9,C,0000,1","99999,9,9,N","002000,1,9,9","+0238,1","+0163,1","10088,1",,"0,1,02,1","0,1,02,1",,,,,,"240,M,+0358,1","240,N,+0167,1","9,9,999,9,+001,1","05,1","SYN07442139 31995 00000 10238 20163 40088 70500 333 10358 20167 58001 555 10000=",
"42139099999","2022-03-28T06:00:00","4","29.0166666","77.7166667","222.0","MEERUT, IN","FM-12","99999","V020","999,9,C,0000,1","99999,9,9,N","002000,1,9,9","+0340,1","+0146,1","10079,1",,"0,1,02,1","0,1,02,1",,,,,,,,"9,9,999,9,-010,1","05,1","SYN05242139 31995 00000 10340 20146 40079 70500 333 59010=",
"42139099999","2022-03-28T09:00:00","4","29.0166666","77.7166667","222.0","MEERUT, IN","FM-12","99999","V020","270,1,N,0010,1","99999,9,9,N","002000,1,9,9","+0372,1","+0120,1","10045,1",,"0,1,02,1","0,1,02,1",,,,,,,,"9,9,999,9,-015,1","05,1","SYN05242139 31995 02702 10372 20120 40045 70500 333 59015=",
"42139099999","2022-03-28T12:00:00","4","29.0166666","77.7166667","222.0","MEERUT, IN","FM-12","99999","V020","270,1,N,0005,1","99999,9,9,N","002000,1,9,9","+0348,1","+0140,1","10037,1",,"0,1,02,1","0,1,02,1",,,,,,,,"9,9,999,9,-015,1","05,1","SYN05842139 31995 02701 10348 20140 40037 70500 333 10376 59015=",
"42139099999","2022-03-29T03:00:00","4","29.0166666","77.7166667","222.0","MEERUT, IN","FM-12","99999","V020","999,9,C,0000,1","99999,9,9,N","002000,1,9,9","+0264,1","+0152,1","10059,1",,"0,1,02,1","0,1,02,1",,,,,,"240,M,+0376,1","240,N,+0171,1","9,9,999,9,-025,1","05,1","SYN07442139 31995 00000 10264 20152 40059 70500 333 10376 20171 59025 555 10000=",
"42139099999","2022-03-29T06:00:00","4","29.0166666","77.7166667","222.0","MEERUT, IN","FM-12","99999","V020","270,1,N,0005,1","99999,9,9,N","002000,1,9,9","+0352,1","+0159,1","10057,1",,"0,1,02,1","0,1,02,1",,,,,,,,"9,9,999,9,-019,1","05,1","SYN05242139 31995 02701 10352 20159 40057 70500 333 59019=",
"42139099999","2022-03-29T09:00:00","4","29.0166666","77.7166667","222.0","MEERUT, IN","FM-12","99999","V020","270,1,N,0015,1","99999,9,9,N","004000,1,9,9","+0380,1","+0123,1","10030,1",,"0,1,02,1","0,1,02,1",,,,,,,,"9,9,999,9,-015,1","05,1","SYN05242139 31996 02703 10380 20123 40030 70500 333 59015=",
"42139099999","2022-03-29T12:00:00","4","29.0166666","77.7166667","222.0","MEERUT, IN","FM-12","99999","V020","270,1,N,0005,1","99999,9,9,N","002000,1,9,9","+0358,1","+0117,1","10022,1",,"0,1,02,1","0,1,02,1",,,,,,,,"9,9,999,9,-014,1","05,1","SYN05842139 31995 02701 10358 20117 40022 70500 333 10382 59014=",
"42139099999","2022-03-30T03:00:00","4","29.0166666","77.7166667","222.0","MEERUT, IN","FM-12","99999","V020","050,1,N,0005,1","99999,9,9,N","002000,1,9,9","+0244,1","+0173,1","10071,1",,"0,1,02,1","0,1,02,1",,,,,,"240,M,+0382,1","240,N,+0156,1","9,9,999,9,+010,1","05,1","SYN07442139 31995 00501 10244 20173 40071 70500 333 10382 20156 58010 555 10000=",
"42139099999","2022-03-30T06:00:00","4","29.0166666","77.7166667","222.0","MEERUT, IN","FM-12","99999","V020","320,1,N,0005,1","99999,9,9,N","002000,1,9,9","+0336,1","+0149,1","10067,1",,"0,1,02,1","0,1,02,1",,,,,,,,"9,9,999,9,+008,1","05,1","SYN05242139 31995 03201 10336 20149 40067 70500 333 58008=",
"42139099999","2022-03-30T09:00:00","4","29.0166666","77.7166667","222.0","MEERUT, IN","FM-12","99999","V020","320,1,N,0005,1","99999,9,9,N","004000,1,9,9","+0380,1","+0102,1","10039,1",,"0,1,02,1","0,1,02,1",,,,,,,,"9,9,999,9,+009,1","05,1","SYN05242139 31996 03201 10380 20102 40039 70500 333 58009=",
"42139099999","2022-03-30T12:00:00","4","29.0166666","77.7166667","222.0","MEERUT, IN","FM-12","99999","V020","999,9,C,0000,1","99999,9,9,N","002000,1,9,9","+0352,1","+0146,1","10031,1",,"0,1,02,1","0,1,02,1",,,,,,,,"9,9,999,9,+009,1","05,1","SYN05842139 31995 00000 10352 20146 40031 70500 333 10386 58009=",
"42139099999","2022-03-31T03:00:00","4","29.0166666","77.7166667","222.0","MEERUT, IN","FM-12","99999","V020","050,1,N,0010,1","99999,9,9,N","002000,1,9,9","+0246,1","+0161,1","10078,1",,"0,1,02,1","0,1,02,1",,,,,,"240,M,+0386,1","240,N,+0160,1","9,9,999,9,+006,1","05,1","SYN07442139 31995 00502 10246 20161 40078 70500 333 10386 20160 58006 555 10000=",
"42139099999","2022-03-31T06:00:00","4","29.0166666","77.7166667","222.0","MEERUT, IN","FM-12","99999","V020","050,1,N,0010,1","99999,9,9,N","002000,1,9,9","+0338,1","+0169,1","10075,1",,"0,1,02,1","0,1,02,1",,,,,,,,"9,9,999,9,+007,1","05,1","SYN05242139 31995 00502 10338 20169 40075 70500 333 58007=",
"42139099999","2022-03-31T09:00:00","4","29.0166666","77.7166667","222.0","MEERUT, IN","FM-12","99999","V020","270,1,N,0005,1","99999,9,9,N","004000,1,9,9","+0370,1","+0155,1","10046,1",,"0,1,02,1","0,1,02,1",,,,,,,,"9,9,999,9,+006,1","05,1","SYN05242139 31996 02701 10370 20155 40046 70500 333 58006=",
"42139099999","2022-03-31T12:00:00","4","29.0166666","77.7166667","222.0","MEERUT, IN","FM-12","99999","V020","999,9,C,0000,1","99999,9,9,N","002000,1,9,9","+0354,1","+0187,1","10033,1",,"0,1,02,1","0,1,02,1",,,,,,,,"9,9,999,9,+002,1","05,1","SYN05842139 31995 00000 10354 20187 40033 70500 333 10378 58002=",
"42139099999","2022-04-01T03:00:00","4","29.0166666","77.7166667","222.0","MEERUT, IN","FM-12","99999","V020","999,9,C,0000,1","99999,9,9,N","002000,1,9,9","+0258,1","+0140,1","10068,1",,"0,1,02,1","0,1,02,1",,,,,,"240,M,+0378,1","240,N,+0204,1","9,9,999,9,-007,1","05,1","SYN07442139 31995 00000 10258 20140 40068 70500 333 10378 20204 59007 555 10000=",
"42139099999","2022-04-01T06:00:00","4","29.0166666","77.7166667","222.0","MEERUT, IN","FM-12","99999","V020","290,1,N,0010,1","99999,9,9,N","002000,1,9,9","+0336,1","+0126,1","10064,1",,"0,1,02,1","0,1,02,1",,,,,,,,"9,9,999,9,-011,1","05,1","SYN05242139 31995 02902 10336 20126 40064 70500 333 59011=",
"42139099999","2022-04-01T09:00:00","4","29.0166666","77.7166667","222.0","MEERUT, IN","FM-12","99999","V020","290,1,N,0010,1","99999,9,9,N","004000,1,9,9","+0364,1","+0077,1","10041,1",,,,,,,,,,,"9,9,999,9,-005,1",,"SYN04642139 32996 02902 10364 20077 40041 333 59005=",
"42139099999","2022-04-01T12:00:00","4","29.0166666","77.7166667","222.0","MEERUT, IN","FM-12","99999","V020","270,1,N,0010,1","99999,9,9,N","002000,1,9,9","+0340,1","+0085,1","10035,1",,"0,1,02,1","0,1,02,1",,,,,,,,"9,9,999,9,+000,1","05,1","SYN05842139 31995 02702 10340 20085 40035 70500 333 10372 58000=",
"42139099999","2022-04-02T03:00:00","4","29.0166666","77.7166667","222.0","MEERUT, IN","FM-12","99999","V020","999,9,C,0000,1","99999,9,9,N","002000,1,9,9","+0258,1","+0123,1","10090,1",,"0,1,02,1","0,1,02,1",,,,,,"240,M,+0372,1","240,N,+0146,1","9,9,999,9,+022,1","05,1","SYN07442139 31995 00000 10258 20123 40090 70500 333 10372 20146 58022 555 10000=",
"42139099999","2022-04-02T06:00:00","4","29.0166666","77.7166667","222.0","MEERUT, IN","FM-12","99999","V020","999,9,C,0000,1","99999,9,9,N","004000,1,9,9","+0348,1","+0121,1","10093,1",,"0,1,02,1","0,1,02,1",,,,,,,,"9,9,999,9,+030,1","05,1","SYN05242139 31996 00000 10348 20121 40093 70500 333 58030=",
"42139099999","2022-04-02T09:00:00","4","29.0166666","77.7166667","222.0","MEERUT, IN","FM-12","99999","V020","999,9,C,0000,1","99999,9,9,N","004000,1,9,9","+0382,1","+0111,1","10069,1",,"0,1,02,1","0,1,02,1",,,,,,,,"9,9,999,9,+028,1","05,1","SYN05242139 31996 00000 10382 20111 40069 70500 333 58028=",
"42139099999","2022-04-02T12:00:00","4","29.0166666","77.7166667","222.0","MEERUT, IN","FM-12","99999","V020","999,9,C,0000,1","99999,9,9,N","002000,1,9,9","+0354,1","+0145,1","10056,1",,"0,1,02,1","0,1,02,1",,,,,,"240,M,+0383,1",,"9,9,999,9,+023,1","05,1","SYN05842139 31995 00000 10354 20145 40056 70500 333 10383 58023=",
"42139099999","2022-04-03T03:00:00","4","29.0166666","77.7166667","222.0","MEERUT, IN","FM-12","99999","V020","999,9,C,0000,1","99999,9,9,N","002000,1,9,9","+0260,1","+0143,1","10086,1",,"0,1,02,1","0,1,02,1",,,,,,"240,M,+0383,1","240,N,+0156,1","9,9,999,9,-004,1","05,1","SYN07442139 31995 00000 10260 20143 40086 70500 333 10383 20156 59004 555 10000=",
"42139099999","2022-04-03T06:00:00","4","29.0166666","77.7166667","222.0","MEERUT, IN","FM-12","99999","V020","160,1,N,0010,1","99999,9,9,N","002000,1,9,9","+0348,1","+0116,1","10079,1",,"0,1,02,1","0,1,02,1",,,,,,,,"9,9,999,9,-014,1","05,1","SYN05242139 31995 01602 10348 20116 40079 70500 333 59014=",
"42139099999","2022-04-03T09:00:00","4","29.0166666","77.7166667","222.0","MEERUT, IN","FM-12","99999","V020","999,9,C,0000,1","99999,9,9,N","002000,1,9,9","+0380,1","+0113,1","10050,1",,"0,1,02,1","0,1,02,1",,,,,,,,"9,9,999,9,-018,1","05,1","SYN05242139 31995 00000 10380 20113 40050 70500 333 59018=",
"42139099999","2022-04-03T12:00:00","4","29.0166666","77.7166667","222.0","MEERUT, IN","FM-12","99999","V020","999,9,C,0000,1","99999,9,9,N","002000,1,9,9","+0356,1","+0124,1","10042,1",,"0,1,02,1","0,1,02,1",,,,,,,,"9,9,999,9,-014,1","05,1","SYN05842139 31995 00000 10356 20124 40042 70500 333 10393 59014=",
"42139099999","2022-04-04T03:00:00","4","29.0166666","77.7166667","222.0","MEERUT, IN","FM-12","99999","V020","999,9,C,0000,1","99999,9,9,N","002000,1,9,9","+0258,1","+0123,1","10065,1",,"0,1,02,1","0,1,02,1",,,,,,"240,M,+0393,1","240,N,+0154,1","9,9,999,9,-020,1","05,1","SYN07442139 31995 00000 10258 20123 40065 70500 333 10393 20154 59020 555 10000=",
"42139099999","2022-04-04T06:00:00","4","29.0166666","77.7166667","222.0","MEERUT, IN","FM-12","99999","V020","320,1,N,0005,1","99999,9,9,N","004000,1,9,9","+0338,1","+0134,1","10065,1",,"0,1,02,1","0,1,02,1",,,,,,,,"9,9,999,9,-014,1","05,1","SYN05242139 31996 03201 10338 20134 40065 70500 333 59014=",
"42139099999","2022-04-04T09:00:00","4","29.0166666","77.7166667","222.0","MEERUT, IN","FM-12","99999","V020","320,1,N,0005,1","99999,9,9,N","004000,1,9,9","+0378,1","+0120,1","10050,1",,"0,1,02,1","0,1,02,1",,,,,,,,"9,9,999,9,+000,1","05,1","SYN05242139 31996 03201 10378 20120 40050 70500 333 58000=",
"42139099999","2022-04-04T12:00:00","4","29.0166666","77.7166667","222.0","MEERUT, IN","FM-12","99999","V020","999,9,C,0000,1","99999,9,9,N","002000,1,9,9","+0356,1","+0129,1","10046,1",,"0,1,02,1","0,1,02,1",,,,,,,,"9,9,999,9,+004,1","05,1","SYN05842139 31995 00000 10356 20129 40046 70500 333 10380 58004=",
"42139099999","2022-04-05T03:00:00","4","29.0166666","77.7166667","222.0","MEERUT, IN","FM-12","99999","V020","999,9,C,0000,1","22000,1,9,N","002000,1,9,9","+0266,1","+0107,1","10102,1",,"0,1,02,1","0,1,02,1","99,9,+99999,9,00,1",,,"9,AGL   ,+99999,+99999","03,99,1,00,1,99,9,99999,9,99,9,99,9","240,M,+0380,1","240,N,+0163,1","9,9,999,9,+036,1","05,1","SYN08042139 31995 30000 10266 20107 40102 70500 80001 333 10380 20163 58036 555 10000=","Q01    003SCCGA1"
"42139099999","2022-04-05T06:00:00","4","29.0166666","77.7166667","222.0","MEERUT, IN","FM-12","99999","V020","320,1,N,0010,1","22000,1,9,N","004000,1,9,9","+0350,1","+0119,1","10103,1",,"1,1,02,1","1,1,02,1","99,9,+99999,9,00,1",,,"9,AGL   ,+99999,+99999","03,99,1,00,1,99,9,99999,9,99,9,99,9",,,"9,9,999,9,+038,1","05,1","SYN05842139 31996 33202 10350 20119 40103 70511 80001 333 58038=","Q01    003SCCGA1"
"42139099999","2022-04-05T09:00:00","4","29.0166666","77.7166667","222.0","MEERUT, IN","FM-12","99999","V020","320,1,N,0010,1","22000,1,9,N","004000,1,9,9","+0376,1","+0062,1","10081,1",,,,"99,9,+99999,9,00,1",,,"9,AGL   ,+99999,+99999","03,99,1,00,1,99,9,99999,9,99,9,99,9",,,"9,9,999,9,+029,1",,"SYN05242139 32996 33202 10376 20062 40081 80001 333 58029=","Q01    003SCCGA1"
"42139099999","2022-04-05T12:00:00","4","29.0166666","77.7166667","222.0","MEERUT, IN","FM-12","99999","V020","999,9,C,0000,1","22000,1,9,N","004000,1,9,9","+0360,1","+0087,1","10069,1",,,,"99,9,+99999,9,00,1",,,"9,AGL   ,+99999,+99999","04,99,1,00,1,99,9,99999,9,99,9,99,9",,,"9,9,999,9,+022,1",,"SYN05842139 32996 40000 10360 20087 40069 80001 333 10384 58022=","Q01    003SCCGA1"
"42139099999","2022-04-06T03:00:00","4","29.0166666","77.7166667","222.0","MEERUT, IN","FM-12","99999","V020","999,9,C,0000,1","99999,9,9,N","002000,1,9,9","+0276,1","+0102,1","10105,1",,"0,1,02,1","0,1,02,1",,,,,,"240,M,+0384,1","240,N,+0164,1","9,9,999,9,+004,1","05,1","SYN07442139 31995 00000 10276 20102 40105 70500 333 10384 20164 58004 555 10000=",
"42139099999","2022-04-06T06:00:00","4","29.0166666","77.7166667","222.0","MEERUT, IN","FM-12","99999","V020","270,1,N,0010,1","99999,9,9,N","002000,1,9,9","+0354,1","+0099,1","10108,1",,"0,1,02,1","0,1,02,1",,,,,,,,"9,9,999,9,+004,1","05,1","SYN05242139 31995 02702 10354 20099 40108 70500 333 58004=",
"42139099999","2022-04-06T09:00:00","4","29.0166666","77.7166667","222.0","MEERUT, IN","FM-12","99999","V020","270,1,N,0010,1","99999,9,9,N","004000,1,9,9","+0384,1","+0059,1","10077,1",,,,,,,,,,,"9,9,999,9,-003,1",,"SYN04642139 32996 02702 10384 20059 40077 333 59003=",
"42139099999","2022-04-06T12:00:00","4","29.0166666","77.7166667","222.0","MEERUT, IN","FM-12","99999","V020","999,9,C,0000,1","22000,1,9,N","002000,1,9,9","+0368,1","+0072,1","10061,1",,"0,1,02,1","0,1,02,1","99,9,+99999,9,00,1",,,"9,AGL   ,+99999,+99999","03,99,1,00,1,99,9,99999,9,99,9,99,9",,,"9,9,999,9,-007,1","05,1","SYN06442139 31995 30000 10368 20072 40061 70500 80001 333 10390 59007=","Q01    003SCCGA1"
"42139099999","2022-04-07T03:00:00","4","29.0166666","77.7166667","222.0","MEERUT, IN","FM-12","99999","V020","999,9,C,0000,1","99999,9,9,N","002000,1,9,9","+0276,1","+0112,1","10104,1",,"0,1,02,1","0,1,02,1",,,,,,"240,M,+0390,1","240,N,+0179,1","9,9,999,9,-001,1","05,1","SYN07442139 31995 00000 10276 20112 40104 70500 333 10390 20179 59001 555 10000=",
"42139099999","2022-04-07T06:00:00","4","29.0166666","77.7166667","222.0","MEERUT, IN","FM-12","99999","V020","320,1,N,0010,1","99999,9,9,N","004000,1,9,9","+0364,1","+0137,1","10097,1",,"0,1,02,1","0,1,02,1",,,,,,,,"9,9,999,9,-008,1","05,1","SYN05242139 31996 03202 10364 20137 40097 70500 333 59008=",
"42139099999","2022-04-07T09:00:00","4","29.0166666","77.7166667","222.0","MEERUT, IN","FM-12","99999","V020","320,1,N,0005,1","99999,9,9,N","004000,1,9,9","+0394,1","+0147,1","10065,1",,"0,1,02,1","0,1,02,1",,,,,,,,"9,9,999,9,-011,1","05,1","SYN05242139 31996 03201 10394 20147 40065 70500 333 59011=",
"42139099999","2022-04-07T12:00:00","4","29.0166666","77.7166667","222.0","MEERUT, IN","FM-12","99999","V020","999,9,C,0000,1","99999,9,9,N","002000,1,9,9","+0376,1","+0117,1","10048,1",,"0,1,02,1","0,1,02,1",,,,,,"240,M,+0394,1",,"9,9,999,9,-011,1","05,1","SYN05842139 31995 00000 10376 20117 40048 70500 333 10394 59011=",
"42139099999","2022-04-08T03:00:00","4","29.0166666","77.7166667","222.0","MEERUT, IN","FM-12","99999","V020","999,9,C,0000,1","99999,9,9,N","002000,1,9,9","+0280,1","+0122,1","10079,1",,"0,1,02,1","0,1,02,1",,,,,,"240,M,+0394,1","240,N,+0180,1","9,9,999,9,-025,1","05,1","SYN07442139 31995 00000 10280 20122 40079 70500 333 10394 20180 59025 555 10000=",
"42139099999","2022-04-08T06:00:00","4","29.0166666","77.7166667","222.0","MEERUT, IN","FM-12","99999","V020","999,9,C,0000,1","99999,9,9,N","002000,1,9,9","+0368,1","+0138,1","10070,1",,"0,1,02,1","0,1,02,1",,,,,,,,"9,9,999,9,-027,1","05,1","SYN05242139 31995 00000 10368 20138 40070 70500 333 59027=",
"42139099999","2022-04-08T09:00:00","4","29.0166666","77.7166667","222.0","MEERUT, IN","FM-12","99999","V020","999,9,C,0000,1","99999,9,9,N","002000,1,9,9","+0396,1","+0115,1","10036,1",,"0,1,02,1","0,1,02,1",,,,,,,,"9,9,999,9,-028,1","05,1","SYN05242139 31995 00000 10396 20115 40036 70500 333 59028=",
"42139099999","2022-04-08T12:00:00","4","29.0166666","77.7166667","222.0","MEERUT, IN","FM-12","99999","V020","999,9,C,0000,1","99999,9,9,N","002000,1,9,9","+0380,1","+0129,1","10022,1",,"0,1,02,1","0,1,02,1",,,,,,"240,M,+0402,1",,"9,9,999,9,-026,1","05,1","SYN05842139 31995 00000 10380 20129 40022 70500 333 10402 59026=",
"42139099999","2022-04-09T03:00:00","4","29.0166666","77.7166667","222.0","MEERUT, IN","FM-12","99999","V020","999,9,C,0000,1","99999,9,9,N","002000,1,9,9","+0290,1","+0165,1","10058,1",,"0,1,02,1","0,1,02,1",,,,,,"240,M,+0402,1","240,N,+0179,1","9,9,999,9,-019,1","05,1","SYN07442139 31995 00000 10290 20165 40058 70500 333 10402 20179 59019 555 10000=",
"42139099999","2022-04-09T06:00:00","4","29.0166666","77.7166667","222.0","MEERUT, IN","FM-12","99999","V020","320,1,N,0005,1","99999,9,9,N","004000,1,9,9","+0370,1","+0142,1","10057,1",,"0,1,02,1","0,1,02,1",,,,,,,,"9,9,999,9,-012,1","05,1","SYN05242139 31996 03201 10370 20142 40057 70500 333 59012=",
"42139099999","2022-04-09T09:00:00","4","29.0166666","77.7166667","222.0","MEERUT, IN","FM-12","99999","V020","320,1,N,0005,1","99999,9,9,N","004000,1,9,9","+0402,1","+0109,1","10026,1",,"0,1,02,1","0,1,02,1",,,,,,,,"9,9,999,9,-009,1","05,1","SYN05242139 31996 03201 10402 20109 40026 70500 333 59009=",
"42139099999","2022-04-09T12:00:00","4","29.0166666","77.7166667","222.0","MEERUT, IN","FM-12","99999","V020","999,9,C,0000,1","99999,9,9,N","002000,1,9,9","+0386,1","+0157,1","10007,1",,"0,1,02,1","0,1,02,1",,,,,,"240,M,+0407,1",,"9,9,999,9,-013,1","05,1","SYN05842139 31995 00000 10386 20157 40007 70500 333 10407 59013=",
"42139099999","2022-04-10T03:00:00","4","29.0166666","77.7166667","222.0","MEERUT, IN","FM-12","99999","V020","999,9,C,0000,1","99999,9,9,N","002000,1,9,9","+0286,1","+0164,1","10053,1",,"0,1,02,1","0,1,02,1",,,,,,"240,M,+0407,1","240,N,+0201,1","9,9,999,9,-005,1","05,1","SYN07442139 31995 00000 10286 20164 40053 70500 333 10407 20201 59005 555 10000=",
"42139099999","2022-04-10T06:00:00","4","29.0166666","77.7166667","222.0","MEERUT, IN","FM-12","99999","V020","320,1,N,0005,1","99999,9,9,N","004000,1,9,9","+0366,1","+0154,1","10046,1",,"0,1,02,1","0,1,02,1",,,,,,,,"9,9,999,9,-011,1","05,1","SYN05242139 31996 03201 10366 20154 40046 70500 333 59011=",
"42139099999","2022-04-10T09:00:00","4","29.0166666","77.7166667","222.0","MEERUT, IN","FM-12","99999","V020","999,9,C,0000,1","99999,9,9,N","004000,1,9,9","+0396,1","+0115,1","10019,1",,,,,,,,,,,"9,9,999,9,-008,1",,"SYN04642139 32996 00000 10396 20115 40019 333 59008=",
"42139099999","2022-04-10T12:00:00","4","29.0166666","77.7166667","222.0","MEERUT, IN","FM-12","99999","V020","999,9,C,0000,1","99999,9,9,N","004000,1,9,9","+0380,1","+0183,1","10002,1",,"0,1,02,1","0,1,02,1",,,,,,"240,M,+0403,1",,"9,9,999,9,-014,1","05,1","SYN05842139 31996 00000 10380 20183 40002 70500 333 10403 59014=",
"42139099999","2022-04-11T03:00:00","4","29.0166666","77.7166667","222.0","MEERUT, IN","FM-12","99999","V020","999,9,C,0000,1","99999,9,9,N","002000,1,9,9","+0294,1","+0142,1","10048,1",,"0,1,02,1","0,1,02,1",,,,,,"240,M,+0403,1","240,N,+0198,1","9,9,999,9,-004,1","05,1","SYN07442139 31995 00000 10294 20142 40048 70500 333 10403 20198 59004 555 10000=",
"42139099999","2022-04-11T06:00:00","4","29.0166666","77.7166667","222.0","MEERUT, IN","FM-12","99999","V020","270,1,N,0005,1","99999,9,9,N","004000,1,9,9","+0380,1","+0134,1","10040,1",,"0,1,02,1","0,1,02,1",,,,,,,,"9,9,999,9,-005,1","05,1","SYN05242139 31996 02701 10380 20134 40040 70500 333 59005=",
"42139099999","2022-04-11T09:00:00","4","29.0166666","77.7166667","222.0","MEERUT, IN","FM-12","99999","V020","270,1,N,0005,1","99999,9,9,N","004000,1,9,9","+0406,1","+0127,1","10008,1",,"0,1,02,1","0,1,02,1","99,9,+99999,9,00,1",,,"9,AGL   ,+99999,+99999","99,99,9,00,1,99,9,99999,9,99,9,99,9",,,"9,9,999,9,-009,1","05,1","SYN05842139 31996 02701 10406 20127 40008 70500 80001 333 59009=","Q01    003SCCGA1"
"42139099999","2022-04-11T12:00:00","4","29.0166666","77.7166667","222.0","MEERUT, IN","FM-12","99999","V020","999,9,C,0000,1","22000,1,9,N","002000,1,9,9","+0386,1","+0157,1","09993,1",,"0,1,02,1","0,1,02,1","99,9,+99999,9,00,1",,,"9,AGL   ,+99999,+99999","02,99,1,00,1,99,9,99999,9,99,9,99,9","240,M,+0410,1",,"9,9,999,9,-008,1","05,1","SYN06442139 31995 20000 10386 20157 49993 70500 80001 333 10410 59008=","Q01    003SCCGA1"
"42139099999","2022-04-12T03:00:00","4","29.0166666","77.7166667","222.0","MEERUT, IN","FM-12","99999","V020","050,1,N,0010,1","22000,1,9,N","002000,1,9,9","+0268,1","+0169,1","10051,1",,"1,1,02,1","1,1,02,1","99,9,+99999,9,00,1",,,"9,AGL   ,+99999,+99999","04,99,1,00,1,99,9,99999,9,99,9,99,9","240,M,+0410,1","240,N,+0200,1","9,9,999,9,+001,1","05,1","SYN08042139 31995 40502 10268 20169 40051 70511 80001 333 10410 20200 58001 555 10000=","Q01    003SCCGA1"
"42139099999","2022-04-12T06:00:00","4","29.0166666","77.7166667","222.0","MEERUT, IN","FM-12","99999","V020","999,9,C,0000,1","22000,1,9,N","002000,1,9,9","+0350,1","+0169,1","10042,1",,"1,1,02,1","1,1,02,1","99,9,+99999,9,00,1",,,"9,AGL   ,+99999,+99999","04,99,1,00,1,99,9,99999,9,99,9,99,9",,,"9,9,999,9,+000,1","05,1","SYN05842139 31995 40000 10350 20169 40042 70511 80001 333 58000=","Q01    003SCCGA1"
"42139099999","2022-04-12T09:00:00","4","29.0166666","77.7166667","222.0","MEERUT, IN","FM-12","99999","V020","999,9,C,0000,1","99999,9,9,N","002000,1,9,9","+0380,1","+0138,1","10017,1",,"2,1,02,1","1,1,02,1","02,1,+99999,9,03,1","99,9,+99999,9,00,1",,"9,AGL   ,+99999,+99999","05,99,1,02,1,99,9,99999,9,99,9,99,9",,,"9,9,999,9,+006,1","05,1","SYN05842139 31995 50000 10380 20138 40017 70521 82031 333 58006=",
"42139099999","2022-04-12T12:00:00","4","29.0166666","77.7166667","222.0","MEERUT, IN","FM-12","99999","V020","999,9,C,0000,1","99999,9,9,N","002000,1,9,9","+0346,1","+0184,1","10003,1",,"2,1,02,1","2,1,02,1","01,1,+00800,1,06,1","99,9,+99999,9,03,1","99,9,+99999,9,00,1","9,AGL   ,+99999,+99999","07,99,1,01,1,99,9,00800,1,99,9,99,9","240,M,+0385,1",,"9,9,999,9,+005,1","05,1","SYN06442139 31595 70000 10346 20184 40003 70522 81531 333 10385 58005=",
"42139099999","2022-04-13T03:00:00","4","29.0166666","77.7166667","222.0","MEERUT, IN","FM-12","99999","V020","140,1,N,0010,1","99999,9,9,N","002000,1,9,9","+0290,1","+0229,1","10047,1",,"0,1,02,1","0,1,02,1",,,,,,"240,M,+0385,1","240,N,+0196,1","9,9,999,9,-003,1","05,1","SYN07442139 31995 01402 10290 20229 40047 70500 333 10385 20196 59003 555 10000=",
"42139099999","2022-04-13T06:00:00","4","29.0166666","77.7166667","222.0","MEERUT, IN","FM-12","99999","V020","270,1,N,0010,1","99999,9,9,N","004000,1,9,9","+0368,1","+0124,1","10033,1",,"0,1,02,1","0,1,02,1",,,,,,,,"9,9,999,9,-008,1","05,1","SYN05242139 31996 02702 10368 20124 40033 70500 333 59008=",
"42139099999","2022-04-13T09:00:00","4","29.0166666","77.7166667","222.0","MEERUT, IN","FM-12","99999","V020","999,9,C,0000,1","99999,9,9,N","004000,1,9,9","+0394,1","+0068,1","10002,1",,,,,,,,,,,"9,9,999,9,-013,1",,"SYN04642139 32996 00000 10394 20068 40002 333 59013=",
"42139099999","2022-04-13T12:00:00","4","29.0166666","77.7166667","222.0","MEERUT, IN","FM-12","99999","V020","999,9,C,0000,1","99999,9,9,N","004000,1,9,9","+0370,1","+0142,1","09989,1",,,,,,,,,"240,M,+0401,1",,"9,9,999,9,-011,1",,"SYN05242139 32996 00000 10370 20142 49989 333 10401 59011=",
"42139099999","2022-04-14T03:00:00","4","29.0166666","77.7166667","222.0","MEERUT, IN","FM-12","99999","V020","999,9,C,0000,1","22000,1,9,N","002000,1,9,9","+0276,1","+0139,1","10034,1",,"1,1,02,1","0,1,02,1","99,9,+99999,9,00,1",,,"9,AGL   ,+99999,+99999","02,99,1,00,1,99,9,99999,9,99,9,99,9","240,M,+0401,1","240,N,+0216,1","9,9,999,9,-014,1","05,1","SYN08042139 31995 20000 10276 20139 40034 70510 80001 333 10401 20216 59014 555 10000=","Q01    003SCCGA1"
"42139099999","2022-04-14T06:00:00","4","29.0166666","77.7166667","222.0","MEERUT, IN","FM-12","99999","V020","320,1,N,0005,1","99999,9,9,N","004000,1,9,9","+0346,1","+0159,1","10031,1",,"0,1,02,1","0,1,02,1",,,,,,,,"9,9,999,9,-004,1","05,1","SYN05242139 31996 03201 10346 20159 40031 70500 333 59004=",
"42139099999","2022-04-14T09:00:00","4","29.0166666","77.7166667","222.0","MEERUT, IN","FM-12","99999","V020","360,1,N,0010,1","99999,9,9,N","004000,1,9,9","+0388,1","+0111,1","10001,1",,,,,,,,,,,"9,9,999,9,-001,1",,"SYN04642139 32996 03602 10388 20111 40001 333 59001=",
"42139099999","2022-04-14T12:00:00","4","29.0166666","77.7166667","222.0","MEERUT, IN","FM-12","99999","V020","999,9,C,0000,1","99999,9,9,N","004000,1,9,9","+0368,1","+0129,1","09984,1",,,,,,,,,"240,M,+0394,1",,"9,9,999,9,-005,1",,"SYN05242139 32996 00000 10368 20129 49984 333 10394 59005=",
"42139099999","2022-04-15T03:00:00","4","29.0166666","77.7166667","222.0","MEERUT, IN","FM-12","99999","V020","999,9,C,0000,1","99999,9,9,N","002000,1,9,9","+0284,1","+0158,1","10038,1",,"0,1,02,1","0,1,02,1",,,,,,"240,M,+0394,1","240,N,+0183,1","9,9,999,9,+005,1","05,1","SYN07442139 31995 00000 10284 20158 40038 70500 333 10394 20183 58005 555 10000=",
"42139099999","2022-04-15T06:00:00","4","29.0166666","77.7166667","222.0","MEERUT, IN","FM-12","99999","V020","200,1,N,0005,1","99999,9,9,N","004000,1,9,9","+0340,1","+0123,1","10036,1",,"0,1,02,1","0,1,02,1",,,,,,,,"9,9,999,9,+004,1","05,1","SYN05242139 31996 02001 10340 20123 40036 70500 333 58004=",
"42139099999","2022-04-15T09:00:00","4","29.0166666","77.7166667","222.0","MEERUT, IN","FM-12","99999","V020","270,1,N,0010,1","99999,9,9,N","004000,1,9,9","+0376,1","+0132,1","10010,1",,"0,1,02,1","0,1,02,1",,,,,,,,"9,9,999,9,+008,1","05,1","SYN05242139 31996 02702 10376 20132 40010 70500 333 58008=",
"42139099999","2022-04-15T12:00:00","4","29.0166666","77.7166667","222.0","MEERUT, IN","FM-12","99999","V020","999,9,C,0000,1","99999,9,9,N","002000,1,9,9","+0362,1","+0148,1","09995,1",,"0,1,02,1","0,1,02,1",,,,,,"240,M,+0379,1",,"9,9,999,9,+011,1","05,1","SYN05842139 31995 00000 10362 20148 49995 70500 333 10379 58011=",
"42139099999","2022-04-16T03:00:00","4","29.0166666","77.7166667","222.0","MEERUT, IN","FM-12","99999","V020","360,1,N,0005,1","99999,9,9,N","002000,1,9,9","+0280,1","+0127,1","10038,1",,"0,1,02,1","0,1,02,1",,,,,,"240,M,+0379,1","240,N,+0177,1","9,9,999,9,-001,1","05,1","SYN07442139 31995 03601 10280 20127 40038 70500 333 10379 20177 59001 555 10000=",
"42139099999","2022-04-16T06:00:00","4","29.0166666","77.7166667","222.0","MEERUT, IN","FM-12","99999","V020","140,1,N,0005,1","99999,9,9,N","004000,1,9,9","+0350,1","+0114,1","10031,1",,"0,1,02,1","0,1,02,1",,,,,,,,"9,9,999,9,-004,1","05,1","SYN05242139 31996 01401 10350 20114 40031 70500 333 59004=",
"42139099999","2022-04-16T09:00:00","4","29.0166666","77.7166667","222.0","MEERUT, IN","FM-12","99999","V020","140,1,N,0010,1","99999,9,9,N","004000,1,9,9","+0378,1","+0115,1","10003,1",,"0,1,02,1","0,1,02,1",,,,,,,,"9,9,999,9,-007,1","05,1","SYN05242139 31996 01402 10378 20115 40003 70500 333 59007=",
"42139099999","2022-04-16T12:00:00","4","29.0166666","77.7166667","222.0","MEERUT, IN","FM-12","99999","V020","999,9,C,0000,1","99999,9,9,N","002000,1,9,9","+0364,1","+0146,1","09988,1",,"0,1,02,1","0,1,02,1",,,,,,"240,M,+0388,1",,"9,9,999,9,-007,1","05,1","SYN05842139 31995 00000 10364 20146 49988 70500 333 10388 59007=",
"42139099999","2022-04-17T03:00:00","4","29.0166666","77.7166667","222.0","MEERUT, IN","FM-12","99999","V020","999,9,C,0000,1","99999,9,9,N","002000,1,9,9","+0300,1","+0133,1","10037,1",,"0,1,02,1","0,1,02,1",,,,,,"240,M,+0388,1","240,N,+0174,1","9,9,999,9,+001,1","05,1","SYN07442139 31995 00000 10300 20133 40037 70500 333 10388 20174 58001 555 10000=",
"42139099999","2022-04-17T06:00:00","4","29.0166666","77.7166667","222.0","MEERUT, IN","FM-12","99999","V020","999,9,C,0000,1","22000,1,9,N","002000,1,9,9","+0376,1","+0122,1","10036,1",,"0,1,02,1","0,1,02,1","99,9,+99999,9,00,1",,,"9,AGL   ,+99999,+99999","03,99,1,00,1,99,9,99999,9,99,9,99,9",,,"9,9,999,9,+008,1","05,1","SYN05842139 31995 30000 10376 20122 40036 70500 80001 333 58008=","Q01    003SCCGA1"
"42139099999","2022-04-17T09:00:00","4","29.0166666","77.7166667","222.0","MEERUT, IN","FM-12","99999","V020","140,1,N,0010,1","99999,9,9,N","002000,1,9,9","+0380,1","+0113,1","10013,1",,"0,1,02,1","0,1,02,1",,,,,,,,"9,9,999,9,+009,1","05,1","SYN05242139 31995 01402 10380 20113 40013 70500 333 58009=",
"42139099999","2022-04-17T12:00:00","4","29.0166666","77.7166667","222.0","MEERUT, IN","FM-12","99999","V020","999,9,C,0000,1","22000,1,9,N","002000,1,9,9","+0378,1","+0135,1","10000,1",,"0,1,02,1","0,1,02,1","99,9,+99999,9,00,1",,,"9,AGL   ,+99999,+99999","03,99,1,00,1,99,9,99999,9,99,9,99,9","240,M,+0400,1",,"9,9,999,9,+012,1","05,1","SYN06442139 31995 30000 10378 20135 40000 70500 80001 333 10400 58012=","Q01    003SCCGA1"
"42139099999","2022-04-18T03:00:00","4","29.0166666","77.7166667","222.0","MEERUT, IN","FM-12","99999","V020","999,9,C,0000,1","99999,9,9,N","002000,1,9,9","+0306,1","+0146,1","10055,1",,"0,1,02,1","0,1,02,1",,,,,,"240,M,+0400,1","240,N,+0186,1","9,9,999,9,+019,1","05,1","SYN07442139 31995 00000 10306 20146 40055 70500 333 10400 20186 58019 555 10000=",
"42139099999","2022-04-18T06:00:00","4","29.0166666","77.7166667","222.0","MEERUT, IN","FM-12","99999","V020","360,1,N,0010,1","99999,9,9,N","004000,1,9,9","+0368,1","+0143,1","10055,1",,"0,1,02,1","0,1,02,1",,,,,,,,"9,9,999,9,+018,1","05,1","SYN05242139 31996 03602 10368 20143 40055 70500 333 58018=",
"42139099999","2022-04-18T09:00:00","4","29.0166666","77.7166667","222.0","MEERUT, IN","FM-12","99999","V020","230,1,N,0005,1","99999,9,9,N","004000,1,9,9","+0400,1","+0111,1","10028,1",,"0,1,02,1","0,1,02,1",,,,,,,,"9,9,999,9,+016,1","05,1","SYN05242139 31996 02301 10400 20111 40028 70500 333 58016=",
"42139099999","2022-04-18T12:00:00","4","29.0166666","77.7166667","222.0","MEERUT, IN","FM-12","99999","V020","999,9,C,0000,1","99999,9,9,N","004000,1,9,9","+0386,1","+0129,1","10015,1",,"0,1,02,1","0,1,02,1",,,,,,"240,M,+0414,1",,"9,9,999,9,+015,1","05,1","SYN05842139 31996 00000 10386 20129 40015 70500 333 10414 58015=",
"42139099999","2022-04-19T03:00:00","4","29.0166666","77.7166667","222.0","MEERUT, IN","FM-12","99999","V020","320,1,N,0010,1","99999,9,9,N","002000,1,9,9","+0302,1","+0144,1","10075,1",,"0,1,02,1","0,1,02,1",,,,,,"240,M,+0414,1","240,N,+0207,1","9,9,999,9,+019,1","05,1","SYN07442139 31995 03202 10302 20144 40075 70500 333 10414 20207 58019 555 10000=",
"42139099999","2022-04-19T06:00:00","4","29.0166666","77.7166667","222.0","MEERUT, IN","FM-12","99999","V020","999,9,C,0000,1","99999,9,9,N","002000,1,9,9","+0378,1","+0154,1","10073,1",,"0,1,02,1","0,1,02,1",,,,,,,,"9,9,999,9,+017,1","05,1","SYN05242139 31995 00000 10378 20154 40073 70500 333 58017=",
"42139099999","2022-04-19T09:00:00","4","29.0166666","77.7166667","222.0","MEERUT, IN","FM-12","99999","V020","320,1,N,0015,1","22000,1,9,N","002000,1,9,9","+0410,1","+0113,1","10042,1",,"0,1,02,1","0,1,02,1","02,1,+00800,1,08,1",,,"9,AGL   ,+99999,+99999","02,99,1,02,1,99,9,00800,1,99,9,99,9",,,"9,9,999,9,+015,1","05,1","SYN05842139 31595 23203 10410 20113 40042 70500 82100 333 58015=",
"42139099999","2022-04-19T12:00:00","4","29.0166666","77.7166667","222.0","MEERUT, IN","FM-12","99999","V020","999,9,C,0000,1","22000,1,9,N","002000,1,9,9","+0382,1","+0151,1","10024,1",,"0,1,02,1","0,1,02,1","01,1,+99999,9,03,1",,,"9,AGL   ,+99999,+99999","01,99,1,01,1,99,9,99999,9,99,9,99,9","240,M,+0416,1",,"9,9,999,9,+009,1","05,1","SYN06442139 31995 10000 10382 20151 40024 70500 81030 333 10416 58009=",
"42139099999","2022-04-20T03:00:00","4","29.0166666","77.7166667","222.0","MEERUT, IN","FM-12","99999","V020","270,1,N,0010,1","22000,1,9,N","002000,1,9,9","+0300,1","+0142,1","10057,1",,"1,1,02,1","0,1,02,1","99,9,+99999,9,00,1",,,"9,AGL   ,+99999,+99999","02,99,1,00,1,99,9,99999,9,99,9,99,9","240,M,+0416,1","240,N,+0244,1","9,9,999,9,-018,1","05,1","SYN08042139 31995 22702 10300 20142 40057 70510 80001 333 10416 20244 59018 555 10000=","Q01    003SCCGA1"
"42139099999","2022-04-20T06:00:00","4","29.0166666","77.7166667","222.0","MEERUT, IN","FM-12","99999","V020","230,1,N,0021,1","99999,9,9,N","004000,1,9,9","+0380,1","+0129,1","10048,1",,"0,1,02,1","0,1,02,1",,,,,,,,"9,9,999,9,-023,1","05,1","SYN05242139 31996 02304 10380 20129 40048 70500 333 59023=",
"42139099999","2022-04-20T09:00:00","4","29.0166666","77.7166667","222.0","MEERUT, IN","FM-12","99999","V020","320,1,N,0021,1","22000,1,9,N","004000,1,9,9","+0406,1","+0111,1","10024,1",,,,"99,9,+99999,9,00,1",,,"9,AGL   ,+99999,+99999","03,99,1,00,1,99,9,99999,9,99,9,99,9",,,"9,9,999,9,-018,1",,"SYN05242139 32996 33204 10406 20111 40024 80001 333 59018=","Q01    003SCCGA1"
"42139099999","2022-04-20T12:00:00","4","29.0166666","77.7166667","222.0","MEERUT, IN","FM-12","99999","V020","270,1,N,0015,1","22000,1,9,N","004000,1,9,9","+0386,1","+0096,1","10006,1",,,,"99,9,+99999,9,00,1",,,"9,AGL   ,+99999,+99999","04,99,1,00,1,99,9,99999,9,99,9,99,9","240,M,+0408,1",,"9,9,999,9,-016,1",,"SYN05842139 32996 42703 10386 20096 40006 80001 333 10408 59016=","Q01    003SCCGA1"
"42139099999","2022-04-21T03:00:00","4","29.0166666","77.7166667","222.0","MEERUT, IN","FM-12","99999","V020","160,1,N,0015,1","99999,9,9,N","002000,1,9,9","+0280,1","+0160,1","10075,1",,"2,1,02,1","1,1,02,1","03,1,+99999,9,03,1","99,9,+99999,9,00,1",,"9,AGL   ,+99999,+99999","05,99,1,03,1,99,9,99999,9,99,9,99,9","240,M,+0408,1","240,N,+0223,1","9,9,999,9,+015,1","05,1","SYN08042139 31995 51603 10280 20160 40075 70521 83031 333 10408 20223 58015 555 10000=",
"42139099999","2022-04-21T06:00:00","4","29.0166666","77.7166667","222.0","MEERUT, IN","FM-12","99999","V020","270,1,N,0015,1","99999,9,9,N","002000,1,9,9","+0342,1","+0175,1","10068,1",,"2,1,02,1","2,1,02,1","02,1,+00800,1,06,1","99,9,+99999,9,03,1",,"9,AGL   ,+99999,+99999","06,99,1,02,1,99,9,00800,1,99,9,99,9",,,"9,9,999,9,+016,1","06,1","SYN05842139 31595 62703 10342 20175 40068 70622 82530 333 58016=",
"42139099999","2022-04-21T09:00:00","4","29.0166666","77.7166667","222.0","MEERUT, IN","FM-12","99999","V020","270,1,N,0010,1","99999,9,9,N","002000,1,9,9","+0332,1","+0110,1","10059,1",,"2,1,02,1","2,1,02,1","03,1,+00800,1,06,1","99,9,+99999,9,03,1",,"9,AGL   ,+99999,+99999","07,99,1,03,1,99,9,00800,1,99,9,99,9",,,"9,9,999,9,-028,1","05,1","SYN05842139 31595 72702 10332 20110 40059 70522 83530 333 59028=",
"42139099999","2022-04-21T12:00:00","4","29.0166666","77.7166667","222.0","MEERUT, IN","FM-12","99999","V020","320,1,N,0010,1","99999,9,9,N","002000,1,9,9","+0324,1","+0127,1","10045,1","09,0000,9,1","6,1,02,1","2,1,02,1","02,1,+00800,1,06,1","99,9,+99999,9,03,1",,"9,AGL   ,+99999,+99999","05,99,1,02,1,99,9,00800,1,99,9,99,9","240,M,+0354,1",,"9,9,999,9,+033,1","05,1","SYN07042139 21595 53202 10324 20127 40045 70562 82530 333 10354 58033 6990/=","Q01  00002PRCP09"
"42139099999","2022-04-22T03:00:00","4","29.0166666","77.7166667","222.0","MEERUT, IN","FM-12","99999","V020","320,1,N,0010,1","99999,9,9,N","002000,1,9,9","+0286,1","+0144,1","10082,1","24,0000,9,1","0,1,02,1","0,1,02,1",,,,,,"240,M,+0354,1","240,N,+0190,1","9,9,999,9,+008,1","05,1","SYN08642139 21995 03202 10286 20144 40082 70500 333 10354 20190 58008 6990/ 555 00000 10000=","Q01  00002PRCP24"
"42139099999","2022-04-22T06:00:00","4","29.0166666","77.7166667","222.0","MEERUT, IN","FM-12","99999","V020","320,1,N,0010,1","99999,9,9,N","004000,1,9,9","+0346,1","+0127,1","10081,1",,"0,1,02,1","0,1,02,1",,,,,,,,"9,9,999,9,+013,1","05,1","SYN05242139 31996 03202 10346 20127 40081 70500 333 58013=",
"42139099999","2022-04-22T09:00:00","4","29.0166666","77.7166667","222.0","MEERUT, IN","FM-12","99999","V020","999,9,C,0000,1","99999,9,9,N","004000,1,9,9","+0376,1","+0127,1","10054,1",,,,,,,,,,,"9,9,999,9,+000,1",,"SYN04642139 32996 00000 10376 20127 40054 333 58000=",
"42139099999","2022-04-22T12:00:00","4","29.0166666","77.7166667","222.0","MEERUT, IN","FM-12","99999","V020","320,1,N,0010,1","99999,9,9,N","004000,1,9,9","+0356,1","+0119,1","10041,1",,,,,,,,,"240,M,+0381,1",,"9,9,999,9,-002,1",,"SYN05242139 32996 03202 10356 20119 40041 333 10381 59002=",
"42139099999","2022-04-23T03:00:00","4","29.0166666","77.7166667","222.0","MEERUT, IN","FM-12","99999","V020","999,9,C,0000,1","99999,9,9,N","002000,1,9,9","+0282,1","+0134,1","10083,1",,"0,1,02,1","0,1,02,1",,,,,,"240,M,+0381,1","240,N,+0173,1","9,9,999,9,+001,1","05,1","SYN07442139 31995 00000 10282 20134 40083 70500 333 10381 20173 58001 555 10000=",
"42139099999","2022-04-23T06:00:00","4","29.0166666","77.7166667","222.0","MEERUT, IN","FM-12","99999","V020","320,1,N,0010,1","99999,9,9,N","002000,1,9,9","+0370,1","+0094,1","10075,1",,"0,1,02,1","0,1,02,1",,,,,,,,"9,9,999,9,-004,1","05,1","SYN05242139 31995 03202 10370 20094 40075 70500 333 59004=",
"42139099999","2022-04-23T09:00:00","4","29.0166666","77.7166667","222.0","MEERUT, IN","FM-12","99999","V020","290,1,N,0015,1","99999,9,9,N","004000,1,9,9","+0388,1","+0105,1","10056,1",,,,,,,,,,,"9,9,999,9,+001,1",,"SYN04642139 32996 02903 10388 20105 40056 333 58001=",
"42139099999","2022-04-23T12:00:00","4","29.0166666","77.7166667","222.0","MEERUT, IN","FM-12","99999","V020","320,1,N,0010,1","99999,9,9,N","002000,1,9,9","+0366,1","+0120,1","10042,1",,"0,1,02,1","0,1,02,1",,,,,,"240,M,+0390,1",,"9,9,999,9,+002,1","05,1","SYN05842139 31995 03202 10366 20120 40042 70500 333 10390 58002=",
"42139099999","2022-04-24T03:00:00","4","29.0166666","77.7166667","222.0","MEERUT, IN","FM-12","99999","V020","999,9,C,0000,1","99999,9,9,N","002000,1,9,9","+0296,1","+0127,1","10063,1",,"0,1,02,1","0,1,02,1",,,,,,"240,M,+0390,1","240,N,+0226,1","9,9,999,9,-018,1","05,1","SYN07442139 31995 00000 10296 20127 40063 70500 333 10390 20226 59018 555 10000=",
"42139099999","2022-04-24T06:00:00","4","29.0166666","77.7166667","222.0","MEERUT, IN","FM-12","99999","V020","230,1,N,0015,1","99999,9,9,N","004000,1,9,9","+0368,1","+0118,1","10051,1",,"0,1,02,1","0,1,02,1",,,,,,,,"9,9,999,9,-023,1","05,1","SYN05242139 31996 02303 10368 20118 40051 70500 333 59023=",
"42139099999","2022-04-24T09:00:00","4","29.0166666","77.7166667","222.0","MEERUT, IN","FM-12","99999","V020","230,1,N,0021,1","99999,9,9,N","004000,1,9,9","+0384,1","+0079,1","10025,1",,"0,1,02,1","0,1,02,1",,,,,,,,"9,9,999,9,-030,1","05,1","SYN05242139 31996 02304 10384 20079 40025 70500 333 59030=",
"42139099999","2022-04-24T12:00:00","4","29.0166666","77.7166667","222.0","MEERUT, IN","FM-12","99999","V020","320,1,N,0010,1","99999,9,9,N","004000,1,9,9","+0366,1","+0087,1","10011,1",,"0,1,02,1","0,1,02,1",,,,,,"240,M,+0386,1",,"9,9,999,9,-031,1","05,1","SYN05842139 31996 03202 10366 20087 40011 70500 333 10386 59031=",
"42139099999","2022-04-25T03:00:00","4","29.0166666","77.7166667","222.0","MEERUT, IN","FM-12","99999","V020","320,1,N,0010,1","99999,9,9,N","002000,1,9,9","+0302,1","+0131,1","10038,1",,"0,1,02,1","0,1,02,1",,,,,,"240,M,+0386,1","240,N,+0232,1","9,9,999,9,-024,1","05,1","SYN07442139 31995 03202 10302 20131 40038 70500 333 10386 20232 59024 555 10000=",
"42139099999","2022-04-25T06:00:00","4","29.0166666","77.7166667","222.0","MEERUT, IN","FM-12","99999","V020","320,1,N,0015,1","99999,9,9,N","004000,1,9,9","+0378,1","+0115,1","10035,1",,,,,,,,,,,"9,9,999,9,-015,1",,"SYN04642139 32996 03203 10378 20115 40035 333 59015=",
"42139099999","2022-04-25T09:00:00","4","29.0166666","77.7166667","222.0","MEERUT, IN","FM-12","99999","V020","270,1,N,0015,1","99999,9,9,N","004000,1,9,9","+0406,1","+0111,1","10009,1",,,,,,,,,,,"9,9,999,9,-013,1",,"SYN04642139 32996 02703 10406 20111 40009 333 59013=",
"42139099999","2022-04-25T12:00:00","4","29.0166666","77.7166667","222.0","MEERUT, IN","FM-12","99999","V020","320,1,N,0015,1","22000,1,9,N","004000,1,9,9","+0384,1","+0086,1","09997,1",,,,"99,9,+99999,9,00,1",,,"9,AGL   ,+99999,+99999","01,99,1,00,1,99,9,99999,9,99,9,99,9","240,M,+0406,1",,"9,9,999,9,-011,1",,"SYN05842139 32996 13203 10384 20086 49997 80001 333 10406 59011=","Q01    003SCCGA1"
"42139099999","2022-04-26T03:00:00","4","29.0166666","77.7166667","222.0","MEERUT, IN","FM-12","99999","V020","999,9,C,0000,1","99999,9,9,N","002000,1,9,9","+0300,1","+0137,1","10059,1",,"0,1,02,1","0,1,02,1",,,,,,"240,M,+0406,1","240,N,+0204,1","9,9,999,9,+019,1","05,1","SYN07442139 31995 00000 10300 20137 40059 70500 333 10406 20204 58019 555 10000=",
"42139099999","2022-04-26T06:00:00","4","29.0166666","77.7166667","222.0","MEERUT, IN","FM-12","99999","V020","340,1,N,0010,1","99999,9,9,N","002000,1,9,9","+0368,1","+0118,1","10052,1",,"0,1,02,1","0,1,02,1",,,,,,,,"9,9,999,9,+015,1","05,1","SYN05242139 31995 03402 10368 20118 40052 70500 333 58015=",
"42139099999","2022-04-26T09:00:00","4","29.0166666","77.7166667","222.0","MEERUT, IN","FM-12","99999","V020","320,1,N,0010,1","99999,9,9,N","002000,1,9,9","+0390,1","+0120,1","10029,1",,"0,1,02,1","0,1,02,1",,,,,,,,"9,9,999,9,+017,1","05,1","SYN05242139 31995 03202 10390 20120 40029 70500 333 58017=",
"42139099999","2022-04-26T12:00:00","4","29.0166666","77.7166667","222.0","MEERUT, IN","FM-12","99999","V020","320,1,N,0010,1","99999,9,9,N","002000,1,9,9","+0368,1","+0113,1","10014,1",,"0,1,02,1","0,1,02,1",,,,,,"240,M,+0402,1",,"9,9,999,9,+014,1","05,1","SYN05842139 31995 03202 10368 20113 40014 70500 333 10402 58014=",
"42139099999","2022-04-27T03:00:00","4","29.0166666","77.7166667","222.0","MEERUT, IN","FM-12","99999","V020","999,9,C,0000,1","99999,9,9,N","002000,1,9,9","+0312,1","+0123,1","10048,1",,"0,1,02,1","0,1,02,1",,,,,,"240,M,+0402,1","240,N,+0209,1","9,9,999,9,-008,1","05,1","SYN07442139 31995 00000 10312 20123 40048 70500 333 10402 20209 59008 555 10000=",
"42139099999","2022-04-27T06:00:00","4","29.0166666","77.7166667","222.0","MEERUT, IN","FM-12","99999","V020","320,1,N,0010,1","99999,9,9,N","004000,1,9,9","+0380,1","+0118,1","10048,1",,"0,1,02,1","0,1,02,1",,,,,,,,"9,9,999,9,-002,1","05,1","SYN05242139 31996 03202 10380 20118 40048 70500 333 59002=",
"42139099999","2022-04-27T09:00:00","4","29.0166666","77.7166667","222.0","MEERUT, IN","FM-12","99999","V020","320,1,N,0010,1","99999,9,9,N","004000,1,9,9","+0402,1","+0097,1","10032,1",,,,,,,,,,,"9,9,999,9,+005,1",,"SYN04642139 32996 03202 10402 20097 40032 333 58005=",
"42139099999","2022-04-27T12:00:00","4","29.0166666","77.7166667","222.0","MEERUT, IN","FM-12","99999","V020","320,1,N,0010,1","99999,9,9,N","004000,1,9,9","+0384,1","+0092,1","10001,1",,,,,,,,,"240,M,+0408,1",,"9,9,999,9,-010,1",,"SYN05242139 32996 03202 10384 20092 40001 333 10408 59010=",
"42139099999","2022-04-28T03:00:00","4","29.0166666","77.7166667","222.0","MEERUT, IN","FM-12","99999","V020","999,9,C,0000,1","99999,9,9,N","002000,1,9,9","+0318,1","+0141,1","10047,1",,"0,1,02,1","0,1,02,1",,,,,,"240,M,+0408,1","240,N,+0235,1","9,9,999,9,-001,1","05,1","SYN07442139 31995 00000 10318 20141 40047 70500 333 10408 20235 59001 555 10000=",
"42139099999","2022-04-28T06:00:00","4","29.0166666","77.7166667","222.0","MEERUT, IN","FM-12","99999","V020","230,1,N,0005,1","99999,9,9,N","004000,1,9,9","+0388,1","+0156,1","10046,1",,"0,1,02,1","0,1,02,1",,,,,,,,"9,9,999,9,-002,1","05,1","SYN05242139 31996 02301 10388 20156 40046 70500 333 59002=",
"42139099999","2022-04-28T09:00:00","4","29.0166666","77.7166667","222.0","MEERUT, IN","FM-12","99999","V020","320,1,N,0010,1","99999,9,9,N","004000,1,9,9","+0420,1","+0109,1","10019,1",,"0,1,02,1","0,1,02,1","99,9,+99999,9,00,1",,,"9,AGL   ,+99999,+99999","99,99,9,00,1,99,9,99999,9,99,9,99,9",,,"9,9,999,9,-002,1","05,1","SYN05842139 31996 03202 10420 20109 40019 70500 80001 333 59002=","Q01    003SCCGA1"
"42139099999","2022-04-28T12:00:00","4","29.0166666","77.7166667","222.0","MEERUT, IN","FM-12","99999","V020","999,9,C,0000,1","99999,9,9,N","004000,1,9,9","+0400,1","+0142,1","10003,1",,"0,1,02,1","0,1,02,1",,,,,,"240,M,+0427,1",,"9,9,999,9,+002,1","05,1","SYN05842139 31996 00000 10400 20142 40003 70500 333 10427 58002=",
"42139099999","2022-04-29T03:00:00","4","29.0166666","77.7166667","222.0","MEERUT, IN","FM-12","99999","V020","999,9,C,0000,1","99999,9,9,N","002000,1,9,9","+0308,1","+0177,1","10051,1",,"0,1,02,1","0,1,02,1",,,,,,"240,M,+0427,1","240,N,+0216,1","9,9,999,9,+003,1","05,1","SYN07442139 31995 00000 10308 20177 40051 70500 333 10427 20216 58003 555 10000=",
"42139099999","2022-04-29T06:00:00","4","29.0166666","77.7166667","222.0","MEERUT, IN","FM-12","99999","V020","270,1,N,0005,1","99999,9,9,N","002000,1,9,9","+0380,1","+0175,1","10042,1",,"0,1,02,1","0,1,02,1",,,,,,,,"9,9,999,9,-004,1","05,1","SYN05242139 31995 02701 10380 20175 40042 70500 333 59004=",
"42139099999","2022-04-29T09:00:00","4","29.0166666","77.7166667","222.0","MEERUT, IN","FM-12","99999","V020","270,1,N,0010,1","99999,9,9,N","004000,1,9,9","+0420,1","+0136,1","10007,1",,"0,1,02,1","0,1,02,1",,,,,,,,"9,9,999,9,-011,1","05,1","SYN05242139 31996 02702 10420 20136 40007 70500 333 59011=",
"42139099999","2022-04-29T12:00:00","4","29.0166666","77.7166667","222.0","MEERUT, IN","FM-12","99999","V020","320,1,N,0010,1","99999,9,9,N","002000,1,9,9","+0392,1","+0153,1","09984,1",,"0,1,02,1","0,1,02,1",,,,,,"240,M,+0423,1",,"9,9,999,9,-019,1","05,1","SYN05842139 31995 03202 10392 20153 49984 70500 333 10423 59019=",
"42139099999","2022-04-30T03:00:00","4","29.0166666","77.7166667","222.0","MEERUT, IN","FM-12","99999","V020","999,9,C,0000,1","99999,9,9,N","002000,1,9,9","+0316,1","+0159,1","10015,1",,"0,1,02,1","0,1,02,1",,,,,,"240,M,+0423,1","240,N,+0227,1","9,9,999,9,-034,1","05,1","SYN07442139 31995 00000 10316 20159 40015 70500 333 10423 20227 59034 555 10000=",
"42139099999","2022-04-30T06:00:00","4","29.0166666","77.7166667","222.0","MEERUT, IN","FM-12","99999","V020","999,9,C,0000,1","99999,9,9,N","004000,1,9,9","+0392,1","+0148,1","10015,1",,"0,1,02,1","0,1,02,1",,,,,,,,"9,9,999,9,-026,1","05,1","SYN05242139 31996 00000 10392 20148 40015 70500 333 59026=",
"42139099999","2022-04-30T09:00:00","4","29.0166666","77.7166667","222.0","MEERUT, IN","FM-12","99999","V020","999,9,C,0000,1","99999,9,9,N","004000,1,9,9","+0418,1","+0133,1","09986,1",,"0,1,02,1","0,1,02,1",,,,,,,,"9,9,999,9,-021,1","05,1","SYN05242139 31996 00000 10418 20133 49986 70500 333 59021=",
"42139099999","2022-04-30T12:00:00","4","29.0166666","77.7166667","222.0","MEERUT, IN","FM-12","99999","V020","999,9,C,0000,1","99999,9,9,N","002000,1,9,9","+0390,1","+0205,1","09967,1",,"0,1,02,1","0,1,02,1",,,,,,"240,M,+0421,1",,"9,9,999,9,-017,1","05,1","SYN05842139 31995 00000 10390 20205 49967 70500 333 10421 59017=",
"42139099999","2022-05-01T03:00:00","4","29.0166666","77.7166667","222.0","MEERUT, IN","FM-12","99999","V020","140,1,N,0015,1","99999,9,9,N","002000,1,9,9","+0286,1","+0194,1","10036,1",,"2,1,02,1","2,1,02,1","03,1,+99999,9,06,1","99,9,+99999,9,03,1",,"9,AGL   ,+99999,+99999","07,99,1,03,1,99,9,99999,9,99,9,99,9","240,M,+0421,1","240,N,+0236,1","9,9,999,9,+017,1","05,1","SYN08042139 31995 71403 10286 20194 40036 70522 83530 333 10421 20236 58017 555 10000=",
"42139099999","2022-05-01T06:00:00","4","29.0166666","77.7166667","222.0","MEERUT, IN","FM-12","99999","V020","140,1,N,0026,1","22000,1,9,N","002000,1,9,9","+0330,1","+0194,1","10023,1",,"2,1,02,1","0,1,02,1","99,9,+99999,9,00,1",,,"9,AGL   ,+99999,+99999","02,99,1,00,1,99,9,99999,9,99,9,99,9",,,"9,9,999,9,+003,1","05,1","SYN05842139 31995 21405 10330 20194 40023 70520 80001 333 58003=","Q01    003SCCGA1"
"42139099999","2022-05-01T09:00:00","4","29.0166666","77.7166667","222.0","MEERUT, IN","FM-12","99999","V020","140,1,N,0021,1","99999,9,9,N","002000,1,9,9","+0362,1","+0205,1","09988,1",,"0,1,02,1","0,1,02,1",,,,,,,,"9,9,999,9,-002,1","05,1","SYN05242139 31995 01404 10362 20205 49988 70500 333 59002=",
"42139099999","2022-05-01T12:00:00","4","29.0166666","77.7166667","222.0","MEERUT, IN","FM-12","99999","V020","320,1,N,0015,1","99999,9,9,N","002000,1,9,9","+0352,1","+0203,1","09968,1",,"0,1,02,1","0,1,02,1",,,,,,"240,M,+0367,1",,"9,9,999,9,-002,1","05,1","SYN05842139 31995 03203 10352 20203 49968 70500 333 10367 59002=",
"42139099999","2022-05-02T03:00:00","4","29.0166666","77.7166667","222.0","MEERUT, IN","FM-12","99999","V020","140,1,N,0015,1","99999,9,9,N","002000,1,9,9","+0296,1","+0209,1","10026,1",,"0,1,02,1","0,1,02,1",,,,,,"240,M,+0367,1","240,N,+0235,1","9,9,999,9,-009,1","05,1","SYN07442139 31995 01403 10296 20209 40026 70500 333 10367 20235 59009 555 10000=",
"42139099999","2022-05-02T06:00:00","4","29.0166666","77.7166667","222.0","MEERUT, IN","FM-12","99999","V020","140,1,N,0015,1","99999,9,9,N","004000,1,9,9","+0340,1","+0210,1","10014,1",,"0,1,02,1","0,1,02,1",,,,,,,,"9,9,999,9,-005,1","05,1","SYN05242139 31996 01403 10340 20210 40014 70500 333 59005=",
"42139099999","2022-05-02T09:00:00","4","29.0166666","77.7166667","222.0","MEERUT, IN","FM-12","99999","V020","140,1,N,0021,1","99999,9,9,N","004000,1,9,9","+0362,1","+0209,1","09986,1",,"0,1,02,1","0,1,02,1",,,,,,,,"9,9,999,9,-002,1","05,1","SYN05242139 31996 01404 10362 20209 49986 70500 333 59002=",
"42139099999","2022-05-02T12:00:00","4","29.0166666","77.7166667","222.0","MEERUT, IN","FM-12","99999","V020","140,1,N,0015,1","99999,9,9,N","004000,1,9,9","+0354,1","+0202,1","09971,1",,"0,1,02,1","0,1,02,1",,,,,,"240,M,+0368,1",,"9,9,999,9,+003,1","05,1","SYN05842139 31996 01403 10354 20202 49971 70500 333 10368 58003=",
"42139099999","2022-05-03T03:00:00","4","29.0166666","77.7166667","222.0","MEERUT, IN","FM-12","99999","V020","360,1,N,0010,1","22000,1,9,N","002000,1,9,9","+0288,1","+0207,1","10048,1",,"2,1,02,1","1,1,02,1","04,1,+99999,9,03,1",,,"9,AGL   ,+99999,+99999","04,99,1,04,1,99,9,99999,9,99,9,99,9","240,M,+0368,1","240,N,+0236,1","9,9,999,9,+021,1","05,1","SYN08042139 31995 43602 10288 20207 40048 70521 84030 333 10368 20236 58021 555 10000=",
"42139099999","2022-05-03T06:00:00","4","29.0166666","77.7166667","222.0","MEERUT, IN","FM-12","99999","V020","320,1,N,0010,1","22000,1,9,N","002000,1,9,9","+0332,1","+0214,1","10045,1",,"2,1,02,1","1,1,02,1","03,1,+99999,9,03,1",,,"9,AGL   ,+99999,+99999","03,99,1,03,1,99,9,99999,9,99,9,99,9",,,"9,9,999,9,+021,1","05,1","SYN05842139 31995 33202 10332 20214 40045 70521 83030 333 58021=",
"42139099999","2022-05-03T09:00:00","4","29.0166666","77.7166667","222.0","MEERUT, IN","FM-12","99999","V020","999,9,C,0000,1","99999,9,9,N","002000,1,9,9","+0358,1","+0218,1","10018,1",,"2,1,02,1","0,1,02,1",,,,,,,,"9,9,999,9,+030,1","05,1","SYN05242139 31995 00000 10358 20218 40018 70520 333 58030=",
"42139099999","2022-05-03T12:00:00","4","29.0166666","77.7166667","222.0","MEERUT, IN","FM-12","99999","V020","999,9,C,0000,1","99999,9,9,N","002000,1,9,9","+0358,1","+0218,1","10001,1",,"0,1,02,1","0,1,02,1",,,,,,"240,M,+0366,1",,"9,9,999,9,+030,1","05,1","SYN05842139 31995 00000 10358 20218 40001 70500 333 10366 58030=",
"42139099999","2022-05-04T03:00:00","4","29.0166666","77.7166667","222.0","MEERUT, IN","FM-12","99999","V020","230,1,N,0010,1","99999,9,9,N","002000,1,9,9","+0300,1","+0224,1","10068,1",,"0,1,02,1","0,1,02,1",,,,,,"240,M,+0366,1","240,N,+0234,1","9,9,999,9,+021,1","05,1","SYN07442139 31995 02302 10300 20224 40068 70500 333 10366 20234 58021 555 10000=",
"42139099999","2022-05-04T06:00:00","4","29.0166666","77.7166667","222.0","MEERUT, IN","FM-12","99999","V020","230,1,N,0010,1","99999,9,9,N","002000,1,9,9","+0338,1","+0228,1","10063,1",,"0,1,02,1","0,1,02,1",,,,,,,,"9,9,999,9,+018,1","05,1","SYN05242139 31995 02302 10338 20228 40063 70500 333 58018=",
"42139099999","2022-05-04T09:00:00","4","29.0166666","77.7166667","222.0","MEERUT, IN","FM-12","99999","V020","140,1,N,0015,1","22000,1,9,N","002000,1,9,9","+0362,1","+0230,1","10032,1",,"0,1,02,1","0,1,02,1","02,1,+99999,9,03,1",,,"9,AGL   ,+99999,+99999","02,99,1,02,1,99,9,99999,9,99,9,99,9",,,"9,9,999,9,+015,1","05,1","SYN05842139 31995 21403 10362 20230 40032 70500 82030 333 58015=",
"42139099999","2022-05-04T12:00:00","4","29.0166666","77.7166667","222.0","MEERUT, IN","FM-12","99999","V020","320,1,N,0026,1","99999,9,9,N","002000,1,9,9","+0266,1","+0202,1","10036,1","09,0010,3,1","9,1,02,1","6,1,02,1","04,1,+00800,1,09,1","99,9,+99999,9,03,1",,"9,AGL   ,+99999,+99999","06,99,1,04,1,99,9,00800,1,99,9,99,9","240,M,+0366,1",,"9,9,999,9,+027,1","95,1","SYN07042139 21595 63205 10266 20202 40036 79596 84930 333 10366 58027 6001/=",
"42139099999","2022-05-05T03:00:00","4","29.0166666","77.7166667","222.0","MEERUT, IN","FM-12","99999","V020","999,9,C,0000,1","99999,9,9,N","002000,1,9,9","+0266,1","+0195,1","10076,1","24,0190,3,1","0,1,02,1","0,1,02,1",,,,,,"240,M,+0366,1","240,N,+0172,1","9,9,999,9,+004,1","05,1","SYN08642139 21995 00000 10266 20195 40076 70500 333 10366 20172 58004 6019/ 555 00190 10019=",
"42139099999","2022-05-05T06:00:00","4","29.0166666","77.7166667","222.0","MEERUT, IN","FM-12","99999","V020","090,1,N,0010,1","99999,9,9,N","004000,1,9,9","+0302,1","+0195,1","10076,1",,"0,1,02,1","0,1,02,1",,,,,,,,"9,9,999,9,+010,1","05,1","SYN05242139 31996 00902 10302 20195 40076 70500 333 58010=",
"42139099999","2022-05-05T09:00:00","4","29.0166666","77.7166667","222.0","MEERUT, IN","FM-12","99999","V020","140,1,N,0010,1","99999,9,9,N","004000,1,9,9","+0330,1","+0194,1","10045,1",,"0,1,02,1","0,1,02,1",,,,,,,,"9,9,999,9,+010,1","05,1","SYN05242139 31996 01402 10330 20194 40045 70500 333 58010=",
"42139099999","2022-05-05T12:00:00","4","29.0166666","77.7166667","222.0","MEERUT, IN","FM-12","99999","V020","999,9,C,0000,1","99999,9,9,N","004000,1,9,9","+0328,1","+0202,1","10024,1",,"0,1,02,1","0,1,02,1",,,,,,"240,M,+0332,1",,"9,9,999,9,-007,1","05,1","SYN05842139 31996 00000 10328 20202 40024 70500 333 10332 59007=",
"42139099999","2022-05-06T03:00:00","4","29.0166666","77.7166667","222.0","MEERUT, IN","FM-12","99999","V020","050,1,N,0010,1","99999,9,9,N","002000,1,9,9","+0282,1","+0216,1","10071,1",,"0,1,02,1","0,1,02,1",,,,,,"240,M,+0332,1","240,N,+0208,1","9,9,999,9,-003,1","05,1","SYN07442139 31995 00502 10282 20216 40071 70500 333 10332 20208 59003 555 10019=",
"42139099999","2022-05-06T06:00:00","4","29.0166666","77.7166667","222.0","MEERUT, IN","FM-12","99999","V020","180,1,N,0010,1","99999,9,9,N","002000,1,9,9","+0338,1","+0218,1","10067,1",,"0,1,02,1","0,1,02,1",,,,,,,,"9,9,999,9,-007,1","05,1","SYN05242139 31995 01802 10338 20218 40067 70500 333 59007=",
"42139099999","2022-05-06T09:00:00","4","29.0166666","77.7166667","222.0","MEERUT, IN","FM-12","99999","V020","999,9,C,0000,1","99999,9,9,N","002000,1,9,9","+0360,1","+0195,1","10031,1",,"0,1,02,1","0,1,02,1",,,,,,,,"9,9,999,9,-012,1","05,1","SYN05242139 31995 00000 10360 20195 40031 70500 333 59012=",
"42139099999","2022-05-06T12:00:00","4","29.0166666","77.7166667","222.0","MEERUT, IN","FM-12","99999","V020","999,9,C,0000,1","99999,9,9,N","002000,1,9,9","+0348,1","+0209,1","10013,1",,"0,1,02,1","0,1,02,1",,,,,,"240,M,+0370,1",,"9,9,999,9,-010,1","05,1","SYN05842139 31995 00000 10348 20209 40013 70500 333 10370 59010=",
"42139099999","2022-05-07T03:00:00","4","29.0166666","77.7166667","222.0","MEERUT, IN","FM-12","99999","V020","090,1,N,0010,1","99999,9,9,N","002000,1,9,9","+0290,1","+0188,1","10069,1",,"0,1,02,1","0,1,02,1",,,,,,"240,M,+0370,1","240,N,+0206,1","9,9,999,9,-001,1","05,1","SYN07442139 31995 00902 10290 20188 40069 70500 333 10370 20206 59001 555 10019=",
"42139099999","2022-05-07T06:00:00","4","29.0166666","77.7166667","222.0","MEERUT, IN","FM-12","99999","V020","140,1,N,0015,1","99999,9,9,N","004000,1,9,9","+0340,1","+0188,1","10063,1",,"0,1,02,1","0,1,02,1",,,,,,,,"9,9,999,9,-003,1","05,1","SYN05242139 31996 01403 10340 20188 40063 70500 333 59003=",
"42139099999","2022-05-07T09:00:00","4","29.0166666","77.7166667","222.0","MEERUT, IN","FM-12","99999","V020","999,9,C,0000,1","22000,1,9,N","004000,1,9,9","+0368,1","+0194,1","10033,1",,"1,1,02,1","0,1,02,1","01,1,+00800,1,08,1",,,"9,AGL   ,+99999,+99999","01,99,1,01,1,99,9,00800,1,99,9,99,9",,,"9,9,999,9,+003,1","05,1","SYN05842139 31596 10000 10368 20194 40033 70510 81100 333 58003=",
"42139099999","2022-05-07T12:00:00","4","29.0166666","77.7166667","222.0","MEERUT, IN","FM-12","99999","V020","999,9,C,0000,1","99999,9,9,N","004000,1,9,9","+0360,1","+0183,1","10010,1",,"0,1,02,1","0,1,02,1",,,,,,"240,M,+0375,1",,"9,9,999,9,-001,1","05,1","SYN05842139 31996 00000 10360 20183 40010 70500 333 10375 59001=",
"42139099999","2022-05-08T06:00:00","4","29.0166666","77.7166667","222.0","MEERUT, IN","FM-12","99999","V020","050,1,N,0015,1","99999,9,9,N","002000,1,9,9","+0330,1","+0194,1","10048,1",,"0,1,02,1","0,1,02,1",,,,,,,,"9,9,999,9,-015,1","05,1","SYN05242139 31995 00503 10330 20194 40048 70500 333 59015=",
"42139099999","2022-05-08T09:00:00","4","29.0166666","77.7166667","222.0","MEERUT, IN","FM-12","99999","V020","140,1,N,0010,1","99999,9,9,N","002000,1,9,9","+0362,1","+0198,1","10021,1",,"0,1,02,1","0,1,02,1",,,,,,,,"9,9,999,9,-012,1","05,1","SYN05242139 31995 01402 10362 20198 40021 70500 333 59012=",
"42139099999","2022-05-08T12:00:00","4","29.0166666","77.7166667","222.0","MEERUT, IN","FM-12","99999","V020","999,9,C,0000,1","99999,9,9,N","002000,1,9,9","+0352,1","+0198,1","09995,1",,"0,1,02,1","0,1,02,1",,,,,,"240,M,+0369,1",,"9,9,999,9,-015,1","05,1","SYN05842139 31995 00000 10352 20198 49995 70500 333 10369 59015=",
"42139099999","2022-05-09T03:00:00","4","29.0166666","77.7166667","222.0","MEERUT, IN","FM-12","99999","V020","140,1,N,0015,1","99999,9,9,N","002000,1,9,9","+0292,1","+0211,1","10056,1",,"0,1,02,1","0,1,02,1",,,,,,"240,M,+0369,1","240,N,+0223,1","9,9,999,9,+004,1","05,1","SYN07442139 31995 01403 10292 20211 40056 70500 333 10369 20223 58004 555 10019=",
"42139099999","2022-05-09T06:00:00","4","29.0166666","77.7166667","222.0","MEERUT, IN","FM-12","99999","V020","050,1,N,0021,1","99999,9,9,N","004000,1,9,9","+0342,1","+0201,1","10045,1",,"0,1,02,1","0,1,02,1",,,,,,,,"9,9,999,9,-002,1","05,1","SYN05242139 31996 00504 10342 20201 40045 70500 333 59002=",
"42139099999","2022-05-09T09:00:00","4","29.0166666","77.7166667","222.0","MEERUT, IN","FM-12","99999","V020","050,1,N,0010,1","99999,9,9,N","004000,1,9,9","+0352,1","+0207,1","10017,1",,"0,1,02,1","0,1,02,1",,,,,,,,"9,9,999,9,-005,1","05,1","SYN05242139 31996 00502 10352 20207 40017 70500 333 59005=",
"42139099999","2022-05-09T12:00:00","4","29.0166666","77.7166667","222.0","MEERUT, IN","FM-12","99999","V020","140,1,N,0010,1","99999,9,9,N","004000,1,9,9","+0350,1","+0201,1","09994,1",,"0,1,02,1","0,1,02,1",,,,,,"240,M,+0364,1",,"9,9,999,9,-002,1","05,1","SYN05842139 31996 01402 10350 20201 49994 70500 333 10364 59002=",
"42139099999","2022-05-10T03:00:00","4","29.0166666","77.7166667","222.0","MEERUT, IN","FM-12","99999","V020","999,9,V,0010,1","99999,9,9,N","002000,1,9,9","+0298,1","+0208,1","10058,1",,"0,1,02,1","0,1,02,1",,,,,,"240,M,+0365,1","240,N,+0224,1","9,9,999,9,+002,1","05,1","SYN07442139 31995 09902 10298 20208 40058 70500 333 10365 20224 58002 555 10019=",
"42139099999","2022-05-10T06:00:00","4","29.0166666","77.7166667","222.0","MEERUT, IN","FM-12","99999","V020","140,1,N,0021,1","99999,9,9,N","002000,1,9,9","+0344,1","+0215,1","10043,1",,"0,1,02,1","0,1,02,1",,,,,,,,"9,9,999,9,-002,1","05,1","SYN05242139 31995 01404 10344 20215 40043 70500 333 59002=",
"42139099999","2022-05-10T09:00:00","4","29.0166666","77.7166667","222.0","MEERUT, IN","FM-12","99999","V020","140,1,N,0010,1","99999,9,9,N","002000,1,9,9","+0360,1","+0206,1","10019,1",,"0,1,02,1","0,1,02,1",,,,,,,,"9,9,999,9,+002,1","05,1","SYN05242139 31995 01402 10360 20206 40019 70500 333 58002=",
"42139099999","2022-05-10T12:00:00","4","29.0166666","77.7166667","222.0","MEERUT, IN","FM-12","99999","V020","999,9,C,0000,1","99999,9,9,N","002000,1,9,9","+0350,1","+0201,1","09998,1",,"0,1,02,1","0,1,02,1",,,,,,"240,M,+0366,1",,"9,9,999,9,+003,1","05,1","SYN05842139 31995 00000 10350 20201 49998 70500 333 10366 58003=",
"42139099999","2022-05-11T03:00:00","4","29.0166666","77.7166667","222.0","MEERUT, IN","FM-12","99999","V020","050,1,N,0015,1","99999,9,9,N","002000,1,9,9","+0300,1","+0200,1","10032,1",,"0,1,02,1","0,1,02,1",,,,,,"240,M,+0366,1","240,N,+0223,1","9,9,999,9,-026,1","05,1","SYN07442139 31995 00503 10300 20200 40032 70500 333 10366 20223 59026 555 10019=",
"42139099999","2022-05-11T06:00:00","4","29.0166666","77.7166667","222.0","MEERUT, IN","FM-12","99999","V020","050,1,N,0015,1","99999,9,9,N","004000,1,9,9","+0346,1","+0217,1","10023,1",,"0,1,02,1","0,1,02,1",,,,,,,,"9,9,999,9,-020,1","05,1","SYN05242139 31996 00503 10346 20217 40023 70500 333 59020=",
"42139099999","2022-05-11T09:00:00","4","29.0166666","77.7166667","222.0","MEERUT, IN","FM-12","99999","V020","090,1,N,0010,1","99999,9,9,N","004000,1,9,9","+0370,1","+0223,1","09998,1",,"0,1,02,1","0,1,02,1",,,,,,,,"9,9,999,9,-019,1","05,1","SYN05242139 31996 00902 10370 20223 49998 70500 333 59019=",
"42139099999","2022-05-11T12:00:00","4","29.0166666","77.7166667","222.0","MEERUT, IN","FM-12","99999","V020","140,1,N,0010,1","99999,9,9,N","004000,1,9,9","+0368,1","+0223,1","09975,1",,"0,1,02,1","0,1,02,1",,,,,,"240,M,+0377,1",,"9,9,999,9,-020,1","05,1","SYN05842139 31996 01402 10368 20223 49975 70500 333 10377 59020=",
"42139099999","2022-05-12T03:00:00","4","29.0166666","77.7166667","222.0","MEERUT, IN","FM-12","99999","V020","050,1,N,0010,1","99999,9,9,N","002000,1,9,9","+0316,1","+0239,1","10017,1",,"0,1,02,1","0,1,02,1",,,,,,"240,M,+0377,1","240,N,+0247,1","9,9,999,9,-013,1","05,1","SYN07442139 31995 00502 10316 20239 40017 70500 333 10377 20247 59013 555 10019=",
"42139099999","2022-05-12T06:00:00","4","29.0166666","77.7166667","222.0","MEERUT, IN","FM-12","99999","V020","140,1,N,0015,1","99999,9,9,N","002000,1,9,9","+0360,1","+0224,1","10011,1",,"0,1,02,1","0,1,02,1",,,,,,,,"9,9,999,9,-011,1","05,1","SYN05242139 31995 01403 10360 20224 40011 70500 333 59011=",
"42139099999","2022-05-12T09:00:00","4","29.0166666","77.7166667","222.0","MEERUT, IN","FM-12","99999","V020","140,1,N,0010,1","99999,9,9,N","002000,1,9,9","+0384,1","+0230,1","09977,1",,"0,1,02,1","0,1,02,1",,,,,,,,"9,9,999,9,-019,1","05,1","SYN05242139 31995 01402 10384 20230 49977 70500 333 59019=",
"42139099999","2022-05-12T12:00:00","4","29.0166666","77.7166667","222.0","MEERUT, IN","FM-12","99999","V020","999,9,C,0000,1","99999,9,9,N","002000,1,9,9","+0384,1","+0215,1","09948,1",,"0,1,02,1","0,1,02,1",,,,,,"240,M,+0397,1",,"9,9,999,9,-025,1","05,1","SYN05842139 31995 00000 10384 20215 49948 70500 333 10397 59025=",
"42139099999","2022-05-13T03:00:00","4","29.0166666","77.7166667","222.0","MEERUT, IN","FM-12","99999","V020","090,1,N,0010,1","99999,9,9,N","002000,1,9,9","+0302,1","+0216,1","09990,1",,"0,1,02,1","0,1,02,1",,,,,,"240,M,+0397,1","240,N,+0237,1","9,9,999,9,-027,1","05,1","SYN07442139 31995 00902 10302 20216 49990 70500 333 10397 20237 59027 555 10019=",
"42139099999","2022-05-13T06:00:00","4","29.0166666","77.7166667","222.0","MEERUT, IN","FM-12","99999","V020","090,1,N,0010,1","99999,9,9,N","004000,1,9,9","+0350,1","+0219,1","09982,1",,"0,1,02,1","0,1,02,1",,,,,,,,"9,9,999,9,-029,1","05,1","SYN05242139 31996 00902 10350 20219 49982 70500 333 59029=",
"42139099999","2022-05-13T09:00:00","4","29.0166666","77.7166667","222.0","MEERUT, IN","FM-12","99999","V020","999,9,C,0000,1","99999,9,9,N","004000,1,9,9","+0382,1","+0216,1","09948,1",,"0,1,02,1","0,1,02,1",,,,,,,,"9,9,999,9,-028,1","05,1","SYN05242139 31996 00000 10382 20216 49948 70500 333 59028=",
"42139099999","2022-05-13T12:00:00","4","29.0166666","77.7166667","222.0","MEERUT, IN","FM-12","99999","V020","999,9,C,0000,1","99999,9,9,N","004000,1,9,9","+0382,1","+0224,1","09928,1",,"0,1,02,1","0,1,02,1",,,,,,"240,M,+0395,1",,"9,9,999,9,-019,1","05,1","SYN05842139 31996 00000 10382 20224 49928 70500 333 10395 59019=",
"42139099999","2022-05-14T03:00:00","4","29.0166666","77.7166667","222.0","MEERUT, IN","FM-12","99999","V020","050,1,N,0005,1","99999,9,9,N","002000,1,9,9","+0312,1","+0247,1","09979,1",,"0,1,02,1","0,1,02,1",,,,,,"240,M,+0395,1","240,N,+0238,1","9,9,999,9,-010,1","05,1","SYN06442139 31995 00501 10312 20247 49979 70500 333 10395 20238 59010=",
"42139099999","2022-05-14T06:00:00","4","29.0166666","77.7166667","222.0","MEERUT, IN","FM-12","99999","V020","360,1,N,0010,1","99999,9,9,N","002000,1,9,9","+0384,1","+0204,1","09977,1",,"0,1,02,1","0,1,02,1",,,,,,,,"9,9,999,9,-001,1","05,1","SYN05242139 31995 03602 10384 20204 49977 70500 333 59001=",
"42139099999","2022-05-14T09:00:00","4","29.0166666","77.7166667","222.0","MEERUT, IN","FM-12","99999","V020","230,1,N,0010,1","99999,9,9,N","004000,1,9,9","+0426,1","+0126,1","09955,1",,,,,,,,,,,"9,9,999,9,+010,1",,"SYN04642139 32996 02302 10426 20126 49955 333 58010=",
"42139099999","2022-05-14T12:00:00","4","29.0166666","77.7166667","222.0","MEERUT, IN","FM-12","99999","V020","999,9,C,0000,1","99999,9,9,N","002000,1,9,9","+0410,1","+0154,1","09942,1",,"0,1,02,1","0,1,02,1",,,,,,"240,M,+0429,1",,"9,9,999,9,+015,1","05,1","SYN05842139 31995 00000 10410 20154 49942 70500 333 10429 58015=",
"42139099999","2022-05-15T03:00:00","4","29.0166666","77.7166667","222.0","MEERUT, IN","FM-12","99999","V020","090,1,N,0010,1","99999,9,9,N","002000,1,9,9","+0308,1","+0239,1","09994,1",,"0,1,02,1","0,1,02,1",,,,,,"240,M,+0429,1","240,N,+0215,1","9,9,999,9,+014,1","05,1","SYN07442139 31995 00902 10308 20239 49994 70500 333 10429 20215 58014 555 10190=",
"42139099999","2022-05-15T06:00:00","4","29.0166666","77.7166667","222.0","MEERUT, IN","FM-12","99999","V020","050,1,N,0010,1","99999,9,9,N","004000,1,9,9","+0368,1","+0234,1","09993,1",,"0,1,02,1","0,1,02,1",,,,,,,,"9,9,999,9,+014,1","05,1","SYN05242139 31996 00502 10368 20234 49993 70500 333 58014=",
"42139099999","2022-05-15T09:00:00","4","29.0166666","77.7166667","222.0","MEERUT, IN","FM-12","99999","V020","180,1,N,0010,1","99999,9,9,N","004000,1,9,9","+0406,1","+0211,1","09970,1",,"0,1,02,1","0,1,02,1",,,,,,,,"9,9,999,9,+012,1","05,1","SYN05242139 31996 01802 10406 20211 49970 70500 333 58012=",
"42139099999","2022-05-15T12:00:00","4","29.0166666","77.7166667","222.0","MEERUT, IN","FM-12","99999","V020","050,1,N,0010,1","99999,9,9,N","004000,1,9,9","+0402,1","+0224,1","09951,1",,"0,1,02,1","0,1,02,1",,,,,,"240,M,+0431,1",,"9,9,999,9,+009,1","05,1","SYN05842139 31996 00502 10402 20224 49951 70500 333 10431 58009=",
"42139099999","2022-05-16T03:00:00","4","29.0166666","77.7166667","222.0","MEERUT, IN","FM-12","99999","V020","999,9,C,0000,1","99999,9,9,N","002000,1,9,9","+0318,1","+0247,1","09990,1",,"2,1,02,1","2,1,02,1","02,1,+00800,1,06,1","99,9,+99999,9,03,1",,"9,AGL   ,+99999,+99999","07,99,1,02,1,99,9,00800,1,99,9,99,9","240,M,+0431,1","240,N,+0267,1","9,9,999,9,-003,1","05,1","SYN08042139 31595 70000 10318 20247 49990 70522 82530 333 10431 20267 59003 555 10019=",
"42139099999","2022-05-16T06:00:00","4","29.0166666","77.7166667","222.0","MEERUT, IN","FM-12","99999","V020","050,1,N,0010,1","99999,9,9,N","002000,1,9,9","+0352,1","+0159,1","09994,1",,"2,1,02,1","2,1,02,1","02,1,+00800,1,06,1","99,9,+99999,9,03,1",,"9,AGL   ,+99999,+99999","06,99,1,02,1,99,9,00800,1,99,9,99,9",,,"9,9,999,9,+000,1","05,1","SYN05842139 31595 60502 10352 20159 49994 70522 82530 333 58000=",
"42139099999","2022-05-16T09:00:00","4","29.0166666","77.7166667","222.0","MEERUT, IN","FM-12","99999","V020","999,9,C,0000,1","22000,1,9,N","002000,1,9,9","+0390,1","+0185,1","09968,1",,"2,1,02,1","1,1,02,1","01,1,+00800,1,06,1","99,9,+99999,9,03,1",,"9,AGL   ,+99999,+99999","04,99,1,01,1,99,9,00800,1,99,9,99,9",,,"9,9,999,9,-003,1","05,1","SYN05842139 31595 40000 10390 20185 49968 70521 81530 333 59003=",
"42139099999","2022-05-16T12:00:00","4","29.0166666","77.7166667","222.0","MEERUT, IN","FM-12","99999","V020","999,9,C,0000,1","22000,1,9,N","002000,1,9,9","+0384,1","+0204,1","09941,1",,"1,1,02,1","1,1,02,1","02,1,+99999,9,03,1",,,"9,AGL   ,+99999,+99999","02,99,1,02,1,99,9,99999,9,99,9,99,9","240,M,+0396,1",,"9,9,999,9,-011,1","05,1","SYN06442139 31995 20000 10384 20204 49941 70511 82030 333 10396 59011=",
"42139099999","2022-05-17T03:00:00","4","29.0166666","77.7166667","222.0","MEERUT, IN","FM-12","99999","V020","999,9,C,0000,1","99999,9,9,N","002000,1,9,9","+0298,1","+0172,1","10011,1",,"2,1,02,1","2,1,02,1","05,1,+99999,9,03,1",,,"9,AGL   ,+99999,+99999","05,99,1,05,1,99,9,99999,9,99,9,99,9","240,M,+0396,1","240,N,+0216,1","9,9,999,9,+019,1","05,1","SYN08042139 31995 50000 10298 20172 40011 70522 85030 333 10396 20216 58019 555 10019=",
"42139099999","2022-05-17T06:00:00","4","29.0166666","77.7166667","222.0","MEERUT, IN","FM-12","99999","V020","140,1,N,0010,1","22000,1,9,N","002000,1,9,9","+0350,1","+0177,1","10008,1",,"2,1,02,1","1,1,02,1","03,1,+99999,9,03,1",,,"9,AGL   ,+99999,+99999","03,99,1,03,1,99,9,99999,9,99,9,99,9",,,"9,9,999,9,+013,1","05,1","SYN05842139 31995 31402 10350 20177 40008 70521 83030 333 58013=",
"42139099999","2022-05-17T09:00:00","4","29.0166666","77.7166667","222.0","MEERUT, IN","FM-12","99999","V020","140,1,N,0005,1","22000,1,9,N","002000,1,9,9","+0374,1","+0187,1","09982,1",,"2,1,02,1","1,1,02,1","03,1,+99999,9,03,1",,,"9,AGL   ,+99999,+99999","03,99,1,03,1,99,9,99999,9,99,9,99,9",,,"9,9,999,9,+013,1","05,1","SYN05842139 31995 31401 10374 20187 49982 70521 83030 333 58013=",
"42139099999","2022-05-17T12:00:00","4","29.0166666","77.7166667","222.0","MEERUT, IN","FM-12","99999","V020","999,9,C,0000,1","99999,9,9,N","002000,1,9,9","+0370,1","+0208,1","09968,1",,"2,1,02,1","0,1,02,1",,,,,,"240,M,+0380,1",,"9,9,999,9,+024,1","05,1","SYN05842139 31995 00000 10370 20208 49968 70520 333 10380 58024=",
"42139099999","2022-05-18T03:00:00","4","29.0166666","77.7166667","222.0","MEERUT, IN","FM-12","99999","V020","050,1,N,0015,1","22000,1,9,N","002000,1,9,9","+0316,1","+0191,1","10024,1",,"1,1,02,1","0,1,02,1","99,9,+99999,9,00,1",,,"9,AGL   ,+99999,+99999","01,99,1,00,1,99,9,99999,9,99,9,99,9","240,M,+0380,1","240,N,+0238,1","9,9,999,9,+014,1","05,1","SYN08042139 31995 10503 10316 20191 40024 70510 80001 333 10380 20238 58014 555 10019=","Q01    003SCCGA1"
"42139099999","2022-05-18T06:00:00","4","29.0166666","77.7166667","222.0","MEERUT, IN","FM-12","99999","V020","050,1,N,0015,1","22000,1,9,N","004000,1,9,9","+0368,1","+0174,1","10020,1",,"1,1,02,1","1,1,02,1","03,1,+99999,9,03,1",,,"9,AGL   ,+99999,+99999","03,99,1,03,1,99,9,99999,9,99,9,99,9",,,"9,9,999,9,+013,1","05,1","SYN05842139 31996 30503 10368 20174 40020 70511 83030 333 58013=",
"42139099999","2022-05-18T09:00:00","4","29.0166666","77.7166667","222.0","MEERUT, IN","FM-12","99999","V020","050,1,N,0021,1","22000,1,9,N","004000,1,9,9","+0350,1","+0157,1","10013,1",,"1,1,02,1","1,1,02,1","02,1,+99999,9,03,1","99,9,+99999,9,00,1",,"9,AGL   ,+99999,+99999","04,99,1,02,1,99,9,99999,9,99,9,99,9",,,"9,9,999,9,+028,1","05,1","SYN05842139 31996 40504 10350 20157 40013 70511 82031 333 58028=",
"42139099999","2022-05-18T12:00:00","4","29.0166666","77.7166667","222.0","MEERUT, IN","FM-12","99999","V020","999,9,C,0000,1","99999,9,9,N","004000,1,9,9","+0334,1","+0164,1","09995,1",,"0,1,02,1","0,1,02,1",,,,,,"240,M,+0370,1",,"9,9,999,9,+025,1","05,1","SYN05842139 31996 00000 10334 20164 49995 70500 333 10370 58025=",
"42139099999","2022-05-19T03:00:00","4","29.0166666","77.7166667","222.0","MEERUT, IN","FM-12","99999","V020","050,1,N,0010,1","99999,9,9,N","002000,1,9,9","+0300,1","+0196,1","10035,1",,"0,1,02,1","0,1,02,1",,,,,,"240,M,+0370,1","240,N,+0213,1","9,9,999,9,+009,1","05,1","SYN07442139 31995 00502 10300 20196 40035 70500 333 10370 20213 58009 555 10019=",
"42139099999","2022-05-19T06:00:00","4","29.0166666","77.7166667","222.0","MEERUT, IN","FM-12","99999","V020","050,1,N,0010,1","99999,9,9,N","002000,1,9,9","+0358,1","+0176,1","10022,1",,"0,1,02,1","0,1,02,1",,,,,,,,"9,9,999,9,+001,1","05,1","SYN05242139 31995 00502 10358 20176 40022 70500 333 58001=",
"42139099999","2022-05-19T09:00:00","4","29.0166666","77.7166667","222.0","MEERUT, IN","FM-12","99999","V020","140,1,N,0010,1","99999,9,9,N","002000,1,9,9","+0390,1","+0185,1","09993,1",,"0,1,02,1","0,1,02,1",,,,,,,,"9,9,999,9,-018,1","05,1","SYN05242139 31995 01402 10390 20185 49993 70500 333 59018=",
"42139099999","2022-05-19T12:00:00","4","29.0166666","77.7166667","222.0","MEERUT, IN","FM-12","99999","V020","999,9,C,0000,1","99999,9,9,N","002000,1,9,9","+0378,1","+0204,1","09972,1",,"0,1,02,1","0,1,02,1",,,,,,"240,M,+0401,1",,"9,9,999,9,-019,1","05,1","SYN05842139 31995 00000 10378 20204 49972 70500 333 10401 59019=",
"42139099999","2022-05-20T03:00:00","4","29.0166666","77.7166667","222.0","MEERUT, IN","FM-12","99999","V020","050,1,N,0015,1","99999,9,9,N","002000,1,9,9","+0318,1","+0214,1","09996,1",,"0,1,02,1","0,1,02,1",,,,,,"240,M,+0401,1","240,N,+0254,1","9,9,999,9,-036,1","05,1","SYN07442139 31995 00503 10318 20214 49996 70500 333 10401 20254 59036 555 10019=",
"42139099999","2022-05-20T06:00:00","4","29.0166666","77.7166667","222.0","MEERUT, IN","FM-12","99999","V020","140,1,N,0010,1","99999,9,9,N","002000,1,9,9","+0372,1","+0207,1","09989,1",,"0,1,02,1","0,1,02,1",,,,,,,,"9,9,999,9,-030,1","05,1","SYN05242139 31995 01402 10372 20207 49989 70500 333 59030=",
"42139099999","2022-05-20T09:00:00","4","29.0166666","77.7166667","222.0","MEERUT, IN","FM-12","99999","V020","180,1,N,0005,1","99999,9,9,N","002000,1,9,9","+0400,1","+0203,1","09964,1",,"0,1,02,1","0,1,02,1",,,,,,,,"9,9,999,9,-017,1","05,1","SYN05242139 31995 01801 10400 20203 49964 70500 333 59017=",
"42139099999","2022-05-20T12:00:00","4","29.0166666","77.7166667","222.0","MEERUT, IN","FM-12","99999","V020","999,9,C,0000,1","99999,9,9,N","002000,1,9,9","+0398,1","+0226,1","09941,1",,"0,1,02,1","0,1,02,1",,,,,,"240,M,+0409,1",,"9,9,999,9,-029,1","05,1","SYN05842139 31995 00000 10398 20226 49941 70500 333 10409 59029=",
"42139099999","2022-05-21T03:00:00","4","29.0166666","77.7166667","222.0","MEERUT, IN","FM-12","99999","V020","180,1,N,0010,1","99999,9,9,N","002000,1,9,9","+0320,1","+0181,1","09980,1",,"0,1,02,1","0,1,02,1",,,,,,"240,M,+0409,1","240,N,+0248,1","9,9,999,9,-016,1","05,1","SYN07442139 31995 01802 10320 20181 49980 70500 333 10409 20248 59016 555 10019=",
"42139099999","2022-05-21T06:00:00","4","29.0166666","77.7166667","222.0","MEERUT, IN","FM-12","99999","V020","050,1,N,0010,1","22000,1,9,N","004000,1,9,9","+0380,1","+0170,1","09955,1",,"1,1,02,1","0,1,02,1","99,9,+99999,9,00,1",,,"9,AGL   ,+99999,+99999","02,99,1,00,1,99,9,99999,9,99,9,99,9",,,"9,9,999,9,-033,1","05,1","SYN05842139 31996 20502 10380 20170 49955 70510 80001 333 59033=","Q01    003SCCGA1"
"42139099999","2022-05-21T09:00:00","4","29.0166666","77.7166667","222.0","MEERUT, IN","FM-12","99999","V020","230,1,N,0015,1","99999,9,9,N","004000,1,9,9","+0396,1","+0150,1","09928,1",,"0,1,02,1","0,1,02,1",,,,,,,,"9,9,999,9,-034,1","05,1","SYN05242139 31996 02303 10396 20150 49928 70500 333 59034=",
"42139099999","2022-05-21T12:00:00","4","29.0166666","77.7166667","222.0","MEERUT, IN","FM-12","99999","V020","180,1,N,0021,1","99999,9,9,N","002000,1,9,9","+0346,1","+0137,1","09917,1","09,0000,2,1","9,1,02,1","6,1,02,1","07,1,+00800,1,09,1",,,"9,AGL   ,+99999,+99999","07,99,1,07,1,99,9,00800,1,99,9,99,9","240,M,+0406,1",,"9,9,999,9,-028,1","95,1","SYN07042139 21595 71804 10346 20137 49917 79596 87300 333 10406 59028 6990/=",
"42139099999","2022-05-22T03:00:00","4","29.0166666","77.7166667","222.0","MEERUT, IN","FM-12","99999","V020","140,1,N,0005,1","99999,9,9,N","002000,1,9,9","+0294,1","+0182,1","09960,1","24,0010,3,1","0,1,02,1","0,1,02,1",,,,,,"240,M,+0406,1","240,N,+0204,1","9,9,999,9,-020,1","05,1","SYN08642139 21995 01401 10294 20182 49960 70500 333 10406 20204 59020 6001/ 555 00015 10021=",
"42139099999","2022-05-22T06:00:00","4","29.0166666","77.7166667","222.0","MEERUT, IN","FM-12","99999","V020","230,1,N,0010,1","99999,9,9,N","002000,1,9,9","+0342,1","+0166,1","09956,1",,"0,1,02,1","0,1,02,1","99,9,+99999,9,00,1",,,"9,AGL   ,+99999,+99999","99,99,9,00,1,99,9,99999,9,99,9,99,9",,,"9,9,999,9,-001,1","05,1","SYN05842139 31995 02302 10342 20166 49956 70500 80001 333 59001=","Q01    003SCCGA1"
"42139099999","2022-05-22T09:00:00","4","29.0166666","77.7166667","222.0","MEERUT, IN","FM-12","99999","V020","180,1,N,0010,1","99999,9,9,N","002000,1,9,9","+0360,1","+0175,1","09941,1",,"2,1,02,1","2,1,02,1","05,1,+99999,9,03,1",,,"9,AGL   ,+99999,+99999","05,99,1,05,1,99,9,99999,9,99,9,99,9",,,"9,9,999,9,+009,1","05,1","SYN05842139 31995 51802 10360 20175 49941 70522 85030 333 58009=",
"42139099999","2022-05-22T12:00:00","4","29.0166666","77.7166667","222.0","MEERUT, IN","FM-12","99999","V020","090,1,N,0005,1","99999,9,9,N","002000,1,9,9","+0350,1","+0177,1","09928,1",,"2,1,02,1","0,1,02,1",,,,,,"240,M,+0367,1",,"9,9,999,9,+011,1","05,1","SYN05842139 31995 00901 10350 20177 49928 70520 333 10367 58011=",
"42139099999","2022-05-23T03:00:00","4","29.0166666","77.7166667","222.0","MEERUT, IN","FM-12","99999","V020","050,1,N,0031,1","99999,9,9,N","001000,1,9,9","+0184,1","+0184,1","10051,1","24,0260,3,1","6,1,02,1","6,1,02,1","04,1,+00800,1,06,1","99,9,+99999,9,05,1",,"9,AGL   ,+99999,+99999","08,99,1,04,1,99,9,00800,1,99,9,99,9","240,M,+0367,1","240,N,+0157,1","9,9,999,9,+079,1","63,1","SYN09242139 21594 80506 10184 20184 40051 76366 8452/ 333 10367 20157 58079 6026/ 555 00260 10047=",
"42139099999","2022-05-23T06:00:00","4","29.0166666","77.7166667","222.0","MEERUT, IN","FM-12","99999","V020","050,1,N,0026,1","99999,9,9,N","002000,1,9,9","+0216,1","+0167,1","09995,1","03,0040,3,1","6,1,02,1","2,1,02,1","04,1,+00800,1,06,1","99,9,+99999,9,04,1",,"9,AGL   ,+99999,+99999","08,99,1,04,1,99,9,00800,1,99,9,99,9",,,"9,9,999,9,+027,1","05,1","SYN06442139 21595 80505 10216 20167 49995 70562 8451/ 333 58027 6004/=",
"42139099999","2022-05-23T09:00:00","4","29.0166666","77.7166667","222.0","MEERUT, IN","FM-12","99999","V020","140,1,N,0015,1","99999,9,9,N","002000,1,9,9","+0260,1","+0181,1","09988,1","06,0040,3,1","2,1,02,1","2,1,02,1","01,1,+00800,1,06,1","99,9,+99999,9,03,1","99,9,+99999,9,00,1","9,AGL   ,+99999,+99999","06,99,1,01,1,99,9,00800,1,99,9,99,9",,,"9,9,999,9,+038,1","05,1","SYN06442139 21595 61403 10260 20181 49988 70522 81531 333 58038 6004/=",
"42139099999","2022-05-23T12:00:00","4","29.0166666","77.7166667","222.0","MEERUT, IN","FM-12","99999","V020","140,1,N,0015,1","99999,9,9,N","002000,1,9,9","+0260,1","+0188,1","09979,1","09,0040,3,1","2,1,02,1","2,1,02,1","02,1,+00800,1,06,1","99,9,+99999,9,03,1",,"9,AGL   ,+99999,+99999","06,99,1,02,1,99,9,00800,1,99,9,99,9","240,M,+0273,1",,"9,9,999,9,+042,1","05,1","SYN07042139 21595 61403 10260 20188 49979 70522 82530 333 10273 58042 6004/=",
"42139099999","2022-05-24T03:00:00","4","29.0166666","77.7166667","222.0","MEERUT, IN","FM-12","99999","V020","050,1,N,0010,1","22000,1,9,N","002000,1,9,9","+0246,1","+0203,1","10046,1","24,0130,3,1","1,1,02,1","0,1,02,1","02,1,+00800,1,08,1",,,"9,AGL   ,+99999,+99999","02,99,1,02,1,99,9,00800,1,99,9,99,9","240,M,+0273,1","240,N,+0171,1","9,9,999,9,+000,1","05,1","SYN09242139 21595 20502 10246 20203 40046 70510 82100 333 10273 20171 58000 6013/ 555 00132 10060=",
"42139099999","2022-05-24T06:00:00","4","29.0166666","77.7166667","222.0","MEERUT, IN","FM-12","99999","V020","180,1,N,0021,1","22000,1,9,N","004000,1,9,9","+0280,1","+0201,1","10043,1",,"1,1,02,1","1,1,02,1","04,1,+00800,1,08,1",,,"9,AGL   ,+99999,+99999","04,99,1,04,1,99,9,00800,1,99,9,99,9",,,"9,9,999,9,+061,1","05,1","SYN05842139 31596 41804 10280 20201 40043 70511 84100 333 58061=",
"42139099999","2022-05-24T09:00:00","4","29.0166666","77.7166667","222.0","MEERUT, IN","FM-12","99999","V020","180,1,N,0010,1","22000,1,9,N","004000,1,9,9","+0300,1","+0203,1","10041,1",,"1,1,02,1","1,1,02,1","04,1,+00800,1,08,1",,,"9,AGL   ,+99999,+99999","04,99,1,04,1,99,9,00800,1,99,9,99,9",,,"9,9,999,9,+055,1","05,1","SYN05842139 31596 41802 10300 20203 40041 70511 84100 333 58055=",
"42139099999","2022-05-24T12:00:00","4","29.0166666","77.7166667","222.0","MEERUT, IN","FM-12","99999","V020","999,9,C,0000,1","22000,1,9,N","004000,1,9,9","+0296,1","+0209,1","10037,1",,"1,1,02,1","1,1,02,1","03,1,+00800,1,08,1",,,"9,AGL   ,+99999,+99999","03,99,1,03,1,99,9,00800,1,99,9,99,9","240,M,+0305,1",,"9,9,999,9,+060,1","05,1","SYN06442139 31596 30000 10296 20209 40037 70511 83100 333 10305 58060=",
"42139099999","2022-05-25T03:00:00","4","29.0166666","77.7166667","222.0","MEERUT, IN","FM-12","99999","V020","999,9,C,0000,1","22000,1,9,N","002000,1,9,9","+0290,1","+0216,1","10064,1",,"1,1,02,1","0,1,02,1","03,1,+99999,9,03,1",,,"9,AGL   ,+99999,+99999","03,99,1,03,1,99,9,99999,9,99,9,99,9","240,M,+0305,1","240,N,+0197,1","9,9,999,9,+021,1","05,1","SYN08042139 31995 30000 10290 20216 40064 70510 83030 333 10305 20197 58021 555 10060=",
"42139099999","2022-05-25T06:00:00","4","29.0166666","77.7166667","222.0","MEERUT, IN","FM-12","99999","V020","050,1,N,0010,1","22000,1,9,N","002000,1,9,9","+0312,1","+0197,1","10050,1",,"1,1,02,1","0,1,02,1","03,1,+99999,9,03,1",,,"9,AGL   ,+99999,+99999","03,99,1,03,1,99,9,99999,9,99,9,99,9",,,"9,9,999,9,+001,1","05,1","SYN05842139 31995 30502 10312 20197 40050 70510 83030 333 58001=",
"42139099999","2022-05-25T09:00:00","4","29.0166666","77.7166667","222.0","MEERUT, IN","FM-12","99999","V020","230,1,N,0005,1","22000,1,9,N","002000,1,9,9","+0330,1","+0170,1","10032,1",,"2,1,02,1","1,1,02,1","04,1,+99999,9,03,1",,,"9,AGL   ,+99999,+99999","04,99,1,04,1,99,9,99999,9,99,9,99,9",,,"9,9,999,9,-006,1","05,1","SYN05842139 31995 42301 10330 20170 40032 70521 84030 333 59006=",
"42139099999","2022-05-25T12:00:00","4","29.0166666","77.7166667","222.0","MEERUT, IN","FM-12","99999","V020","270,1,N,0005,1","99999,9,9,N","002000,1,9,9","+0320,1","+0188,1","10017,1",,"2,1,02,1","0,1,02,1",,,,,,"240,M,+0338,1",,"9,9,999,9,-017,1","05,1","SYN05842139 31995 02701 10320 20188 40017 70520 333 10338 59017=",
"42139099999","2022-05-26T06:00:00","4","29.0166666","77.7166667","222.0","MEERUT, IN","FM-12","99999","V020","999,9,C,0000,1","99999,9,9,N","002000,1,9,9","+0318,1","+0197,1","10036,1",,"2,1,02,1","0,1,02,1","02,1,+00800,1,08,1","99,9,+99999,9,03,1",,"9,AGL   ,+99999,+99999","05,99,1,02,1,99,9,00800,1,99,9,99,9",,,"9,9,999,9,-014,1","05,1","SYN05842139 31595 50000 10318 20197 40036 70520 82130 333 59014=",
"42139099999","2022-05-26T09:00:00","4","29.0166666","77.7166667","222.0","MEERUT, IN","FM-12","99999","V020","050,1,N,0010,1","22000,1,9,N","002000,1,9,9","+0330,1","+0208,1","10016,1",,"1,1,02,1","0,1,02,1","02,1,+99999,9,03,1",,,"9,AGL   ,+99999,+99999","02,99,1,02,1,99,9,99999,9,99,9,99,9",,,"9,9,999,9,-016,1","05,1","SYN05842139 31995 20502 10330 20208 40016 70510 82030 333 59016=",
"42139099999","2022-05-26T12:00:00","4","29.0166666","77.7166667","222.0","MEERUT, IN","FM-12","99999","V020","050,1,N,0010,1","99999,9,9,N","002000,1,9,9","+0328,1","+0209,1","09992,1",,"0,1,02,1","0,1,02,1",,,,,,"240,M,+0341,1",,"9,9,999,9,-024,1","05,1","SYN05842139 31995 00502 10328 20209 49992 70500 333 10341 59024=",
"42139099999","2022-05-27T03:00:00","4","29.0166666","77.7166667","222.0","MEERUT, IN","FM-12","99999","V020","999,9,C,0000,1","22000,1,9,N","002000,1,9,9","+0300,1","+0224,1","10009,1",,"1,1,02,1","0,1,02,1","04,1,+00800,1,06,1",,,"9,AGL   ,+99999,+99999","04,99,1,04,1,99,9,00800,1,99,9,99,9","240,M,+0341,1","240,N,+0218,1","9,9,999,9,-034,1","05,1","SYN08042139 31595 40000 10300 20224 40009 70510 84500 333 10341 20218 59034 555 10060=",
"42139099999","2022-05-27T06:00:00","4","29.0166666","77.7166667","222.0","MEERUT, IN","FM-12","99999","V020","050,1,N,0010,1","99999,9,9,N","004000,1,9,9","+0344,1","+0200,1","10002,1",,"0,1,02,1","0,1,02,1",,,,,,,,"9,9,999,9,-031,1","05,1","SYN05242139 31996 00502 10344 20200 40002 70500 333 59031=",
"42139099999","2022-05-27T09:00:00","4","29.0166666","77.7166667","222.0","MEERUT, IN","FM-12","99999","V020","999,9,C,0000,1","99999,9,9,N","004000,1,9,9","+0366,1","+0207,1","09976,1",,"0,1,02,1","0,1,02,1",,,,,,,,"9,9,999,9,-036,1","05,1","SYN05242139 31996 00000 10366 20207 49976 70500 333 59036=",
"42139099999","2022-05-27T12:00:00","4","29.0166666","77.7166667","222.0","MEERUT, IN","FM-12","99999","V020","999,9,C,0000,1","99999,9,9,N","002000,1,9,9","+0352,1","+0235,1","09954,1",,"0,1,02,1","0,1,02,1",,,,,,"240,M,+0374,1",,"9,9,999,9,-035,1","05,1","SYN05842139 31995 00000 10352 20235 49954 70500 333 10374 59035=",
"42139099999","2022-05-28T03:00:00","4","29.0166666","77.7166667","222.0","MEERUT, IN","FM-12","99999","V020","999,9,C,0000,1","99999,9,9,N","002000,1,9,9","+0300,1","+0220,1","09992,1","24,0010,3,1","0,1,02,1","0,1,02,1",,,,,,"240,M,+0374,1","240,N,+0221,1","9,9,999,9,-017,1","05,1","SYN08642139 21995 00000 10300 20220 49992 70500 333 10374 20221 59017 6001/ 555 00013 10061=",
"42139099999","2022-05-28T06:00:00","4","29.0166666","77.7166667","222.0","MEERUT, IN","FM-12","99999","V020","999,9,C,0000,1","99999,9,9,N","002000,1,9,9","+0346,1","+0221,1","09985,1",,"0,1,02,1","0,1,02,1",,,,,,,,"9,9,999,9,-017,1","05,1","SYN05242139 31995 00000 10346 20221 49985 70500 333 59017=",
"42139099999","2022-05-28T09:00:00","4","29.0166666","77.7166667","222.0","MEERUT, IN","FM-12","99999","V020","140,1,N,0010,1","99999,9,9,N","002000,1,9,9","+0374,1","+0234,1","09966,1",,"2,1,02,1","2,1,02,1","05,1,+99999,9,03,1",,,"9,AGL   ,+99999,+99999","99,99,9,05,1,99,9,99999,9,99,9,99,9",,,"9,9,999,9,-009,1","05,1","SYN05842139 31995 01402 10374 20234 49966 70522 85030 333 59009=",
"42139099999","2022-05-28T12:00:00","4","29.0166666","77.7166667","222.0","MEERUT, IN","FM-12","99999","V020","999,9,C,0000,1","99999,9,9,N","002000,1,9,9","+0360,1","+0254,1","09948,1",,"2,1,02,1","0,1,02,1",,,,,,"240,M,+0381,1",,"9,9,999,9,-006,1","05,1","SYN05842139 31995 00000 10360 20254 49948 70520 333 10381 59006=",
"42139099999","2022-05-29T03:00:00","4","29.0166666","77.7166667","222.0","MEERUT, IN","FM-12","99999","V020","999,9,C,0000,1","99999,9,9,N","002000,1,9,9","+0318,1","+0228,1","09987,1",,"0,1,02,1","0,1,02,1",,,,,,"240,M,+0381,1","240,N,+0230,1","9,9,999,9,-003,1","05,1","SYN07442139 31995 00000 10318 20228 49987 70500 333 10381 20230 59003 555 10061=",
"42139099999","2022-05-29T06:00:00","4","29.0166666","77.7166667","222.0","MEERUT, IN","FM-12","99999","V020","140,1,N,0010,1","99999,9,9,N","002000,1,9,9","+0348,1","+0240,1","09987,1",,"0,1,02,1","0,1,02,1",,,,,,,,"9,9,999,9,+002,1","05,1","SYN05242139 31995 01402 10348 20240 49987 70500 333 58002=",
"42139099999","2022-05-29T09:00:00","4","29.0166666","77.7166667","222.0","MEERUT, IN","FM-12","99999","V020","140,1,N,0010,1","99999,9,9,N","002000,1,9,9","+0368,1","+0254,1","09970,1",,"0,1,02,1","0,1,02,1",,,,,,,,"9,9,999,9,+003,1","05,1","SYN05242139 31995 01402 10368 20254 49970 70500 333 58003=",
"42139099999","2022-05-29T12:00:00","4","29.0166666","77.7166667","222.0","MEERUT, IN","FM-12","99999","V020","140,1,N,0010,1","99999,9,9,N","002000,1,9,9","+0352,1","+0241,1","09954,1",,"0,1,02,1","0,1,02,1",,,,,,"240,M,+0378,1",,"9,9,999,9,+005,1","05,1","SYN05842139 31995 01402 10352 20241 49954 70500 333 10378 58005=",
"42139099999","2022-05-30T03:00:00","4","29.0166666","77.7166667","222.0","MEERUT, IN","FM-12","99999","V020","140,1,N,0010,1","99999,9,9,N","002000,1,9,9","+0300,1","+0249,1","10006,1","24,0001,3,1","0,1,02,1","0,1,02,1",,,,,,"240,M,+0378,1","240,N,+0240,1","9,9,999,9,+017,1","05,1","SYN08642139 21995 01402 10300 20249 40006 70500 333 10378 20240 58017 6991/ 555 00001 10061=",
"42139099999","2022-05-30T06:00:00","4","29.0166666","77.7166667","222.0","MEERUT, IN","FM-12","99999","V020","140,1,N,0015,1","99999,9,9,N","004000,1,9,9","+0340,1","+0250,1","09999,1",,"0,1,02,1","0,1,02,1",,,,,,,,"9,9,999,9,+012,1","05,1","SYN05242139 31996 01403 10340 20250 49999 70500 333 58012=",
"42139099999","2022-05-30T09:00:00","4","29.0166666","77.7166667","222.0","MEERUT, IN","FM-12","99999","V020","999,9,C,0000,1","22000,1,9,N","004000,1,9,9","+0368,1","+0244,1","09983,1",,"1,1,02,1","0,1,02,1","01,1,+00800,1,08,1",,,"9,AGL   ,+99999,+99999","01,99,1,01,1,99,9,00800,1,99,9,99,9",,,"9,9,999,9,+013,1","05,1","SYN05842139 31596 10000 10368 20244 49983 70510 81100 333 58013=",
"42139099999","2022-05-30T12:00:00","4","29.0166666","77.7166667","222.0","MEERUT, IN","FM-12","99999","V020","270,1,N,0026,1","99999,9,9,N","002000,1,9,9","+0338,1","+0221,1","09981,1",,"2,1,02,1","1,1,02,1","04,1,+00800,1,06,1","99,9,+99999,9,03,1",,"9,AGL   ,+99999,+99999","07,99,1,04,1,99,9,00800,1,99,9,99,9","240,M,+0376,1",,"9,9,999,9,+026,1","05,1","SYN06442139 31595 72705 10338 20221 49981 70521 84430 333 10376 58026=",
"42139099999","2022-05-31T03:00:00","4","29.0166666","77.7166667","222.0","MEERUT, IN","FM-12","99999","V020","360,1,N,0010,1","99999,9,9,N","002000,1,9,9","+0306,1","+0221,1","10004,1","24,0000,9,1","0,1,02,1","0,1,02,1",,,,,,"240,M,+0376,1","240,N,+0230,1","9,9,999,9,-001,1","05,1","SYN08042139 21995 03602 10306 20221 40004 70500 333 10376 20230 59001 6990/ 555 10061=","Q01  00002PRCP24"
"42139099999","2022-05-31T06:00:00","4","29.0166666","77.7166667","222.0","MEERUT, IN","FM-12","99999","V020","050,1,N,0015,1","99999,9,9,N","002000,1,9,9","+0354,1","+0227,1","09996,1",,"0,1,02,1","0,1,02,1",,,,,,,,"9,9,999,9,-002,1","05,1","SYN05242139 31995 00503 10354 20227 49996 70500 333 59002=",
"42139099999","2022-05-31T09:00:00","4","29.0166666","77.7166667","222.0","MEERUT, IN","FM-12","99999","V020","320,1,N,0005,1","22000,1,9,N","002000,1,9,9","+0380,1","+0214,1","09980,1",,"1,1,02,1","0,1,02,1","03,1,+99999,9,03,1",,,"9,AGL   ,+99999,+99999","03,99,1,03,1,99,9,99999,9,99,9,99,9",,,"9,9,999,9,-002,1","05,1","SYN05842139 31995 33201 10380 20214 49980 70510 83030 333 59002=",
"42139099999","2022-05-31T12:00:00","4","29.0166666","77.7166667","222.0","MEERUT, IN","FM-12","99999","V020","999,9,C,0000,1","99999,9,9,N","002000,1,9,9","+0372,1","+0225,1","09964,1",,"0,1,02,1","0,1,02,1",,,,,,"240,M,+0390,1",,"9,9,999,9,-014,1","05,1","SYN05842139 31995 00000 10372 20225 49964 70500 333 10390 59014=",
"42139099999","2022-06-01T03:00:00","4","29.0166666","77.7166667","222.0","MEERUT, IN","FM-12","99999","V020","999,9,C,0000,1","99999,9,9,N","002000,1,9,9","+0390,1","+0219,1","10008,1",,"0,1,02,1","0,1,02,1",,,,,,"240,M,+0390,1","240,N,+0216,1","9,9,999,9,+005,1","05,1","SYN07442139 31995 00000 10390 20219 40008 70500 333 10390 20216 58005 555 10000=",
"42139099999","2022-06-01T06:00:00","4","29.0166666","77.7166667","222.0","MEERUT, IN","FM-12","99999","V020","320,1,N,0010,1","99999,9,9,N","002000,1,9,9","+0376,1","+0205,1","10001,1",,"0,1,02,1","0,1,02,1",,,,,,,,"9,9,999,9,+007,1","05,1","SYN05242139 31995 03202 10376 20205 40001 70500 333 58007=",
"42139099999","2022-06-01T09:00:00","4","29.0166666","77.7166667","222.0","MEERUT, IN","FM-12","99999","V020","320,1,N,0015,1","99999,9,9,N","004000,1,9,9","+0406,1","+0170,1","09979,1",,"0,1,02,1","0,1,02,1",,,,,,,,"9,9,999,9,+001,1","05,1","SYN05242139 31996 03203 10406 20170 49979 70500 333 58001=",
"42139099999","2022-06-01T12:00:00","4","29.0166666","77.7166667","222.0","MEERUT, IN","FM-12","99999","V020","999,9,C,0000,1","99999,9,9,N","002000,1,9,9","+0390,1","+0185,1","09962,1",,"0,1,02,1","0,1,02,1",,,,,,"240,M,+0410,1",,"9,9,999,9,-001,1","05,1","SYN05842139 31995 00000 10390 20185 49962 70500 333 10410 59001=",
"42139099999","2022-06-02T03:00:00","4","29.0166666","77.7166667","222.0","MEERUT, IN","FM-12","99999","V020","999,9,C,0000,1","99999,9,9,N","002000,1,9,9","+0334,1","+0180,1","10003,1",,"0,1,02,1","0,1,02,1",,,,,,"240,M,+0410,1","240,N,+0231,1","9,9,999,9,-003,1","05,1","SYN07442139 31995 00000 10334 20180 40003 70500 333 10410 20231 59003 555 10000=",
"42139099999","2022-06-02T06:00:00","4","29.0166666","77.7166667","222.0","MEERUT, IN","FM-12","99999","V020","270,1,N,0010,1","99999,9,9,N","004000,1,9,9","+0384,1","+0180,1","09996,1",,"0,1,02,1","0,1,02,1",,,,,,,,"9,9,999,9,-004,1","05,1","SYN05242139 31996 02702 10384 20180 49996 70500 333 59004=",
"42139099999","2022-06-02T09:00:00","4","29.0166666","77.7166667","222.0","MEERUT, IN","FM-12","99999","V020","270,1,N,0010,1","99999,9,9,N","004000,1,9,9","+0408,1","+0165,1","09976,1",,"0,1,02,1","0,1,02,1",,,,,,,,"9,9,999,9,-003,1","05,1","SYN05242139 31996 02702 10408 20165 49976 70500 333 59003=",
"42139099999","2022-06-02T12:00:00","4","29.0166666","77.7166667","222.0","MEERUT, IN","FM-12","99999","V020","999,9,C,0000,1","22000,1,9,N","004000,1,9,9","+0390,1","+0197,1","09963,1",,"1,1,02,1","0,1,02,1","03,1,+99999,9,03,1",,,"9,AGL   ,+99999,+99999","03,99,1,03,1,99,9,99999,9,99,9,99,9","240,M,+0414,1",,"9,9,999,9,+001,1","05,1","SYN06442139 31996 30000 10390 20197 49963 70510 83030 333 10414 58001=",
"42139099999","2022-06-03T03:00:00","4","29.0166666","77.7166667","222.0","MEERUT, IN","FM-12","99999","V020","999,9,C,0000,1","22000,1,9,N","002000,1,9,9","+0332,1","+0173,1","09984,1",,"0,1,02,1","0,1,02,1","01,1,+99999,9,03,1",,,"9,AGL   ,+99999,+99999","01,99,1,01,1,99,9,99999,9,99,9,99,9","240,M,+0414,1","240,N,+0237,1","9,9,999,9,-019,1","05,1","SYN08042139 31995 10000 10332 20173 49984 70500 81030 333 10414 20237 59019 555 10000=",
"42139099999","2022-06-03T06:00:00","4","29.0166666","77.7166667","222.0","MEERUT, IN","FM-12","99999","V020","999,9,C,0000,1","99999,9,9,N","002000,1,9,9","+0388,1","+0151,1","09985,1",,"0,1,02,1","0,1,02,1",,,,,,,,"9,9,999,9,-011,1","05,1","SYN05242139 31995 00000 10388 20151 49985 70500 333 59011=",
"42139099999","2022-06-03T09:00:00","4","29.0166666","77.7166667","222.0","MEERUT, IN","FM-12","99999","V020","050,1,N,0010,1","99999,9,9,N","002000,1,9,9","+0412,1","+0152,1","09969,1",,"0,1,02,1","0,1,02,1",,,,,,,,"9,9,999,9,-006,1","05,1","SYN05242139 31995 00502 10412 20152 49969 70500 333 59006=",
"42139099999","2022-06-03T12:00:00","4","29.0166666","77.7166667","222.0","MEERUT, IN","FM-12","99999","V020","999,9,C,0000,1","99999,9,9,N","002000,1,9,9","+0390,1","+0168,1","09955,1",,"0,1,02,1","0,1,02,1",,,,,,"240,M,+0418,1",,"9,9,999,9,-008,1","05,1","SYN05842139 31995 00000 10390 20168 49955 70500 333 10418 59008=",
"42139099999","2022-06-04T03:00:00","4","29.0166666","77.7166667","222.0","MEERUT, IN","FM-12","99999","V020","999,9,C,0000,1","99999,9,9,N","002000,1,9,9","+0334,1","+0187,1","09991,1",,"0,1,02,1","0,1,02,1",,,,,,"240,M,+0418,1","240,N,+0227,1","9,9,999,9,+007,1","05,1","SYN07442139 31995 00000 10334 20187 49991 70500 333 10418 20227 58007 555 10000=",
"42139099999","2022-06-04T06:00:00","4","29.0166666","77.7166667","222.0","MEERUT, IN","FM-12","99999","V020","320,1,N,0010,1","99999,9,9,N","004000,1,9,9","+0404,1","+0167,1","09983,1",,"0,1,02,1","0,1,02,1",,,,,,,,"9,9,999,9,-001,1","05,1","SYN05242139 31996 03202 10404 20167 49983 70500 333 59001=",
"42139099999","2022-06-04T09:00:00","4","29.0166666","77.7166667","222.0","MEERUT, IN","FM-12","99999","V020","320,1,N,0015,1","99999,9,9,N","004000,1,9,9","+0428,1","+0150,1","09969,1",,,,,,,,,,,"9,9,999,9,+001,1",,"SYN04642139 32996 03203 10428 20150 49969 333 58001=",
"42139099999","2022-06-04T12:00:00","4","29.0166666","77.7166667","222.0","MEERUT, IN","FM-12","99999","V020","999,9,C,0000,1","99999,9,9,N","004000,1,9,9","+0406,1","+0170,1","09957,1",,"0,1,02,1","0,1,02,1",,,,,,"240,M,+0429,1",,"9,9,999,9,+004,1","05,1","SYN05842139 31996 00000 10406 20170 49957 70500 333 10429 58004=",
"42139099999","2022-06-05T03:00:00","4","29.0166666","77.7166667","222.0","MEERUT, IN","FM-12","99999","V020","999,9,C,0000,1","99999,9,9,N","002000,1,9,9","+0338,1","+0129,1","09990,1",,"0,1,02,1","0,1,02,1",,,,,,"240,M,+0429,1","240,N,+0236,1","9,9,999,9,-001,1","05,1","SYN07442139 31995 00000 10338 20129 49990 70500 333 10429 20236 59001 555 10000=",
"42139099999","2022-06-05T06:00:00","4","29.0166666","77.7166667","222.0","MEERUT, IN","FM-12","99999","V020","290,1,N,0010,1","99999,9,9,N","002000,1,9,9","+0392,1","+0171,1","09994,1",,"0,1,02,1","0,1,02,1",,,,,,,,"9,9,999,9,+010,1","05,1","SYN05242139 31995 02902 10392 20171 49994 70500 333 58010=",
"42139099999","2022-06-05T09:00:00","4","29.0166666","77.7166667","222.0","MEERUT, IN","FM-12","99999","V020","999,9,C,0000,1","99999,9,9,N","002000,1,9,9","+0428,1","+0150,1","09972,1",,"0,1,02,1","0,1,02,1",,,,,,,,"9,9,999,9,+003,1","05,1","SYN05242139 31995 00000 10428 20150 49972 70500 333 58003=",
"42139099999","2022-06-05T12:00:00","4","29.0166666","77.7166667","222.0","MEERUT, IN","FM-12","99999","V020","999,9,C,0000,1","99999,9,9,N","002000,1,9,9","+0408,1","+0165,1","09964,1",,"0,1,02,1","0,1,02,1",,,,,,"240,M,+0434,1",,"9,9,999,9,+006,1","05,1","SYN05842139 31995 00000 10408 20165 49964 70500 333 10434 58006=",
"42139099999","2022-06-06T03:00:00","4","29.0166666","77.7166667","222.0","MEERUT, IN","FM-12","99999","V020","270,1,N,0010,1","99999,9,9,N","002000,1,9,9","+0340,1","+0118,1","09986,1",,"0,1,02,1","0,1,02,1",,,,,,"240,M,+0434,1","240,N,+0254,1","9,9,999,9,-004,1","05,1","SYN07442139 31995 02702 10340 20118 49986 70500 333 10434 20254 59004 555 10000=",
"42139099999","2022-06-06T06:00:00","4","29.0166666","77.7166667","222.0","MEERUT, IN","FM-12","99999","V020","320,1,N,0010,1","99999,9,9,N","004000,1,9,9","+0394,1","+0132,1","09985,1",,,,,,,,,,,"9,9,999,9,-011,1",,"SYN04642139 32996 03202 10394 20132 49985 333 59011=",
"42139099999","2022-06-06T12:00:00","4","29.0166666","77.7166667","222.0","MEERUT, IN","FM-12","99999","V020","999,9,C,0000,1","99999,9,9,N","004000,1,9,9","+0400,1","+0166,1","09953,1",,,,,,,,,"240,M,+0420,1",,"9,9,999,9,-010,1",,"SYN05242139 32996 00000 10400 20166 49953 333 10420 59010=",
"42139099999","2022-06-07T03:00:00","4","29.0166666","77.7166667","222.0","MEERUT, IN","FM-12","99999","V020","999,9,C,0000,1","22000,1,9,N","002000,1,9,9","+0328,1","+0176,1","09981,1",,"0,1,02,1","0,1,02,1","02,1,+99999,9,03,1",,,"9,AGL   ,+99999,+99999","02,99,1,02,1,99,9,99999,9,99,9,99,9","240,M,+0420,1","240,N,+0240,1","9,9,999,9,-006,1","05,1","SYN08042139 31995 20000 10328 20176 49981 70500 82030 333 10420 20240 59006 555 10000=",
"42139099999","2022-06-07T06:00:00","4","29.0166666","77.7166667","222.0","MEERUT, IN","FM-12","99999","V020","320,1,N,0010,1","99999,9,9,N","002000,1,9,9","+0380,1","+0203,1","09976,1",,"0,1,02,1","0,1,02,1",,,,,,,,"9,9,999,9,-010,1","05,1","SYN05242139 31995 03202 10380 20203 49976 70500 333 59010=",
"42139099999","2022-06-07T09:00:00","4","29.0166666","77.7166667","222.0","MEERUT, IN","FM-12","99999","V020","999,9,C,0000,1","99999,9,9,N","002000,1,9,9","+0412,1","+0166,1","09959,1",,"0,1,02,1","0,1,02,1",,,,,,,,"9,9,999,9,-002,1","05,1","SYN05242139 31995 00000 10412 20166 49959 70500 333 59002=",
"42139099999","2022-06-07T12:00:00","4","29.0166666","77.7166667","222.0","MEERUT, IN","FM-12","99999","V020","999,9,C,0000,1","99999,9,9,N","002000,1,9,9","+0406,1","+0183,1","09947,1",,"0,1,02,1","0,1,02,1",,,,,,"240,M,+0426,1",,"9,9,999,9,-007,1","05,1","SYN05842139 31995 00000 10406 20183 49947 70500 333 10426 59007=",
"42139099999","2022-06-08T03:00:00","4","29.0166666","77.7166667","222.0","MEERUT, IN","FM-12","99999","V020","270,1,N,0010,1","99999,9,9,N","002000,1,9,9","+0340,1","+0151,1","09983,1",,"0,1,02,1","0,1,02,1",,,,,,"240,M,+0426,1","240,N,+0172,1","9,9,999,9,+003,1","05,1","SYN07442139 31995 02702 10340 20151 49983 70500 333 10426 20172 58003 555 10000=",
"42139099999","2022-06-08T06:00:00","4","29.0166666","77.7166667","222.0","MEERUT, IN","FM-12","99999","V020","270,1,N,0010,1","22000,1,9,N","004000,1,9,9","+0390,1","+0176,1","09977,1",,"1,1,02,1","0,1,02,1","99,9,+99999,9,00,1",,,"9,AGL   ,+99999,+99999","01,99,1,00,1,99,9,99999,9,99,9,99,9",,,"9,9,999,9,+002,1","05,1","SYN05842139 31996 12702 10390 20176 49977 70510 80001 333 58002=","Q01    003SCCGA1"
"42139099999","2022-06-08T09:00:00","4","29.0166666","77.7166667","222.0","MEERUT, IN","FM-12","99999","V020","270,1,N,0015,1","22000,1,9,N","004000,1,9,9","+0414,1","+0165,1","09954,1",,"1,1,02,1","1,1,02,1","99,9,+99999,9,00,1",,,"9,AGL   ,+99999,+99999","02,99,1,00,1,99,9,99999,9,99,9,99,9",,,"9,9,999,9,-004,1","05,1","SYN05842139 31996 22703 10414 20165 49954 70511 80001 333 59004=","Q01    003SCCGA1"
"42139099999","2022-06-08T12:00:00","4","29.0166666","77.7166667","222.0","MEERUT, IN","FM-12","99999","V020","999,9,C,0000,1","99999,9,9,N","004000,1,9,9","+0406,1","+0166,1","09936,1",,"0,1,02,1","0,1,02,1",,,,,,"240,M,+0421,1",,"9,9,999,9,-010,1","05,1","SYN05842139 31996 00000 10406 20166 49936 70500 333 10421 59010=",
"42139099999","2022-06-09T03:00:00","4","29.0166666","77.7166667","222.0","MEERUT, IN","FM-12","99999","V020","320,1,N,0010,1","99999,9,9,N","002000,1,9,9","+0342,1","+0179,1","09971,1",,"0,1,02,1","0,1,02,1",,,,,,"240,M,+0421,1","240,N,+0268,1","9,9,999,9,-012,1","05,1","SYN07442139 31995 03202 10342 20179 49971 70500 333 10421 20268 59012 555 10000=",
"42139099999","2022-06-09T06:00:00","4","29.0166666","77.7166667","222.0","MEERUT, IN","FM-12","99999","V020","320,1,N,0010,1","22000,1,9,N","002000,1,9,9","+0386,1","+0183,1","09968,1",,"0,1,02,1","0,1,02,1","01,1,+99999,9,03,1",,,"9,AGL   ,+99999,+99999","01,99,1,01,1,99,9,99999,9,99,9,99,9",,,"9,9,999,9,-008,1","05,1","SYN05842139 31995 13202 10386 20183 49968 70500 81030 333 59008=",
"42139099999","2022-06-09T09:00:00","4","29.0166666","77.7166667","222.0","MEERUT, IN","FM-12","99999","V020","140,1,N,0010,1","22000,1,9,N","002000,1,9,9","+0418,1","+0180,1","09950,1",,"0,1,02,1","0,1,02,1","01,1,+99999,9,03,1",,,"9,AGL   ,+99999,+99999","01,99,1,01,1,99,9,99999,9,99,9,99,9",,,"9,9,999,9,-005,1","05,1","SYN05842139 31995 11402 10418 20180 49950 70500 81030 333 59005=",
"42139099999","2022-06-09T12:00:00","4","29.0166666","77.7166667","222.0","MEERUT, IN","FM-12","99999","V020","140,1,N,0010,1","99999,9,9,N","002000,1,9,9","+0402,1","+0164,1","09930,1",,"0,1,02,1","0,1,02,1",,,,,,"240,M,+0430,1",,"9,9,999,9,-006,1","05,1","SYN05842139 31995 01402 10402 20164 49930 70500 333 10430 59006=",
"42139099999","2022-06-10T03:00:00","4","29.0166666","77.7166667","222.0","MEERUT, IN","FM-12","99999","V020","230,1,N,0010,1","99999,9,9,N","002000,1,9,9","+0350,1","+0189,1","09977,1",,"0,1,02,1","0,1,02,1",,,,,,"240,M,+0430,1","240,N,+0268,1","9,9,999,9,+006,1","05,1","SYN07442139 31995 02302 10350 20189 49977 70500 333 10430 20268 58006 555 10000=",
"42139099999","2022-06-10T06:00:00","4","29.0166666","77.7166667","222.0","MEERUT, IN","FM-12","99999","V020","230,1,N,0015,1","99999,9,9,N","004000,1,9,9","+0390,1","+0212,1","09977,1",,"0,1,02,1","0,1,02,1",,,,,,,,"9,9,999,9,+009,1","05,1","SYN05242139 31996 02303 10390 20212 49977 70500 333 58009=",
"42139099999","2022-06-10T09:00:00","4","29.0166666","77.7166667","222.0","MEERUT, IN","FM-12","99999","V020","230,1,N,0010,1","99999,9,9,N","004000,1,9,9","+0410,1","+0209,1","09952,1",,"0,1,02,1","0,1,02,1",,,,,,,,"9,9,999,9,+002,1","05,1","SYN05242139 31996 02302 10410 20209 49952 70500 333 58002=",
"42139099999","2022-06-10T12:00:00","4","29.0166666","77.7166667","222.0","MEERUT, IN","FM-12","99999","V020","230,1,N,0015,1","99999,9,9,N","004000,1,9,9","+0402,1","+0182,1","09926,1",,"0,1,02,1","0,1,02,1",,,,,,"240,M,+0421,1",,"9,9,999,9,-004,1","05,1","SYN05842139 31996 02303 10402 20182 49926 70500 333 10421 59004=",
"42139099999","2022-06-11T03:00:00","4","29.0166666","77.7166667","222.0","MEERUT, IN","FM-12","99999","V020","999,9,C,0000,1","99999,9,9,N","002000,1,9,9","+0340,1","+0195,1","09981,1",,"0,1,02,1","0,1,02,1",,,,,,"240,M,+0421,1","240,N,+0249,1","9,9,999,9,+004,1","05,1","SYN07442139 31995 00000 10340 20195 49981 70500 333 10421 20249 58004 555 10000=",
"42139099999","2022-06-11T06:00:00","4","29.0166666","77.7166667","222.0","MEERUT, IN","FM-12","99999","V020","320,1,N,0015,1","99999,9,9,N","002000,1,9,9","+0390,1","+0208,1","09983,1",,"0,1,02,1","0,1,02,1",,,,,,,,"9,9,999,9,+006,1","05,1","SYN05242139 31995 03203 10390 20208 49983 70500 333 58006=",
"42139099999","2022-06-11T09:00:00","4","29.0166666","77.7166667","222.0","MEERUT, IN","FM-12","99999","V020","270,1,N,0015,1","99999,9,9,N","002000,1,9,9","+0420,1","+0237,1","09960,1",,"0,1,02,1","0,1,02,1",,,,,,,,"9,9,999,9,+008,1","05,1","SYN05242139 31995 02703 10420 20237 49960 70500 333 58008=",
"42139099999","2022-06-11T12:00:00","4","29.0166666","77.7166667","222.0","MEERUT, IN","FM-12","99999","V020","320,1,N,0005,1","99999,9,9,N","002000,1,9,9","+0404,1","+0184,1","09935,1",,"0,1,02,1","0,1,02,1",,,,,,"240,M,+0420,1",,"9,9,999,9,+009,1","05,1","SYN05842139 31995 03201 10404 20184 49935 70500 333 10420 58009=",
"42139099999","2022-06-12T03:00:00","4","29.0166666","77.7166667","222.0","MEERUT, IN","FM-12","99999","V020","999,9,C,0000,1","99999,9,9,N","002000,1,9,9","+0352,1","+0207,1","09990,1",,"0,1,02,1","0,1,02,1",,,,,,"240,M,+0420,1","240,N,+0234,1","9,9,999,9,+010,1","05,1","SYN07442139 31995 00000 10352 20207 49990 70500 333 10420 20234 58010 555 10000=",
"42139099999","2022-06-12T06:00:00","4","29.0166666","77.7166667","222.0","MEERUT, IN","FM-12","99999","V020","999,9,C,0000,1","99999,9,9,N","002000,1,9,9","+0392,1","+0211,1","09990,1",,"0,1,02,1","0,1,02,1",,,,,,,,"9,9,999,9,+007,1","05,1","SYN05242139 31995 00000 10392 20211 49990 70500 333 58007=",
"42139099999","2022-06-12T09:00:00","4","29.0166666","77.7166667","222.0","MEERUT, IN","FM-12","99999","V020","999,9,C,0000,1","99999,9,9,N","002000,1,9,9","+0420,1","+0199,1","09971,1",,"0,1,02,1","0,1,02,1",,,,,,,,"9,9,999,9,+011,1","05,1","SYN05242139 31995 00000 10420 20199 49971 70500 333 58011=",
"42139099999","2022-06-12T12:00:00","4","29.0166666","77.7166667","222.0","MEERUT, IN","FM-12","99999","V020","999,9,C,0000,1","99999,9,9,N","002000,1,9,9","+0406,1","+0219,1","09952,1",,"0,1,02,1","0,1,02,1",,,,,,"240,M,+0426,1",,"9,9,999,9,+017,1","05,1","SYN05842139 31995 00000 10406 20219 49952 70500 333 10426 58017=",
"42139099999","2022-06-13T03:00:00","4","29.0166666","77.7166667","222.0","MEERUT, IN","FM-12","99999","V020","270,1,N,0010,1","22000,1,9,N","002000,1,9,9","+0350,1","+0201,1","10016,1",,"0,1,02,1","0,1,02,1","02,1,+99999,9,03,1",,,"9,AGL   ,+99999,+99999","02,99,1,02,1,99,9,99999,9,99,9,99,9","240,M,+0426,1","240,N,+0282,1","9,9,999,9,+014,1","05,1","SYN08042139 31995 22702 10350 20201 40016 70500 82030 333 10426 20282 58014 555 10000=",
"42139099999","2022-06-13T06:00:00","4","29.0166666","77.7166667","222.0","MEERUT, IN","FM-12","99999","V020","270,1,N,0010,1","99999,9,9,N","002000,1,9,9","+0394,1","+0217,1","10007,1",,"0,1,02,1","0,1,02,1",,,,,,,,"9,9,999,9,+016,1","05,1","SYN05242139 31995 02702 10394 20217 40007 70500 333 58016=",
"42139099999","2022-06-13T09:00:00","4","29.0166666","77.7166667","222.0","MEERUT, IN","FM-12","99999","V020","270,1,N,0010,1","22000,1,9,N","002000,1,9,9","+0420,1","+0191,1","09983,1",,"0,1,02,1","0,1,02,1","01,1,+99999,9,03,1",,,"9,AGL   ,+99999,+99999","01,99,1,01,1,99,9,99999,9,99,9,99,9",,,"9,9,999,9,+012,1","05,1","SYN05842139 31995 12702 10420 20191 49983 70500 81030 333 58012=",
"42139099999","2022-06-13T12:00:00","4","29.0166666","77.7166667","222.0","MEERUT, IN","FM-12","99999","V020","270,1,N,0010,1","99999,9,9,N","002000,1,9,9","+0406,1","+0199,1","09954,1",,"0,1,02,1","0,1,02,1",,,,,,"240,M,+0426,1",,"9,9,999,9,+001,1","05,1","SYN05842139 31995 02702 10406 20199 49954 70500 333 10426 58001=",
"42139099999","2022-06-14T03:00:00","4","29.0166666","77.7166667","222.0","MEERUT, IN","FM-12","99999","V020","270,1,N,0015,1","99999,9,9,N","002000,1,9,9","+0334,1","+0213,1","10004,1",,"0,1,02,1","0,1,02,1",,,,,,"240,M,+0426,1","240,N,+0278,1","9,9,999,9,-011,1","05,1","SYN07442139 31995 02703 10334 20213 40004 70500 333 10426 20278 59011 555 10000=",
"42139099999","2022-06-14T06:00:00","4","29.0166666","77.7166667","222.0","MEERUT, IN","FM-12","99999","V020","230,1,N,0021,1","99999,9,9,N","002000,1,9,9","+0364,1","+0229,1","10003,1",,"2,1,02,1","2,1,02,1","05,1,+99999,9,03,1",,,"9,AGL   ,+99999,+99999","05,99,1,05,1,99,9,99999,9,99,9,99,9",,,"9,9,999,9,-005,1","05,1","SYN05842139 31995 52304 10364 20229 40003 70522 85030 333 59005=",
"42139099999","2022-06-14T09:00:00","4","29.0166666","77.7166667","222.0","MEERUT, IN","FM-12","99999","V020","180,1,N,0015,1","99999,9,9,N","002000,1,9,9","+0386,1","+0229,1","09989,1",,"2,1,02,1","2,1,02,1","06,1,+99999,9,03,1",,,"9,AGL   ,+99999,+99999","06,99,1,06,1,99,9,99999,9,99,9,99,9",,,"9,9,999,9,+004,1","05,1","SYN05842139 31995 61803 10386 20229 49989 70522 86030 333 58004=",
"42139099999","2022-06-14T12:00:00","4","29.0166666","77.7166667","222.0","MEERUT, IN","FM-12","99999","V020","270,1,N,0010,1","99999,9,9,N","002000,1,9,9","+0360,1","+0220,1","09972,1",,"2,1,02,1","2,1,02,1","02,1,+00800,1,06,1","99,9,+99999,9,03,1",,"9,AGL   ,+99999,+99999","07,99,1,02,1,99,9,00800,1,99,9,99,9","240,M,+0389,1",,"9,9,999,9,+014,1","05,1","SYN06442139 31595 72702 10360 20220 49972 70522 82530 333 10389 58014=",
"42139099999","2022-06-15T03:00:00","4","29.0166666","77.7166667","222.0","MEERUT, IN","FM-12","99999","V020","270,1,N,0015,1","99999,9,9,N","002000,1,9,9","+0336,1","+0229,1","09990,1",,"0,1,02,1","0,1,02,1",,,,,,"240,M,+0389,1","240,N,+0264,1","9,9,999,9,-014,1","05,1","SYN07442139 31995 02703 10336 20229 49990 70500 333 10389 20264 59014 555 10000=",
"42139099999","2022-06-15T06:00:00","4","29.0166666","77.7166667","222.0","MEERUT, IN","FM-12","99999","V020","230,1,N,0010,1","99999,9,9,N","002000,1,9,9","+0380,1","+0235,1","09986,1",,"0,1,02,1","0,1,02,1",,,,,,,,"9,9,999,9,-016,1","05,1","SYN05242139 31995 02302 10380 20235 49986 70500 333 59016=",
"42139099999","2022-06-15T09:00:00","4","29.0166666","77.7166667","222.0","MEERUT, IN","FM-12","99999","V020","230,1,N,0015,1","99999,9,9,N","002000,1,9,9","+0410,1","+0205,1","09965,1",,"0,1,02,1","0,1,02,1",,,,,,,,"9,9,999,9,-023,1","05,1","SYN05242139 31995 02303 10410 20205 49965 70500 333 59023=",
"42139099999","2022-06-15T12:00:00","4","29.0166666","77.7166667","222.0","MEERUT, IN","FM-12","99999","V020","999,9,C,0000,1","99999,9,9,N","002000,1,9,9","+0398,1","+0212,1","09935,1",,"0,1,02,1","0,1,02,1",,,,,,"240,M,+0418,1",,"9,9,999,9,-032,1","05,1","SYN05842139 31995 00000 10398 20212 49935 70500 333 10418 59032=",
"42139099999","2022-06-16T03:00:00","4","29.0166666","77.7166667","222.0","MEERUT, IN","FM-12","99999","V020","320,1,N,0010,1","99999,9,9,N","002000,1,9,9","+0308,1","+0216,1","10009,1",,"2,1,02,1","2,1,02,1","04,1,+00800,1,06,1","99,9,+99999,9,03,1",,"9,AGL   ,+99999,+99999","06,99,1,04,1,99,9,00800,1,99,9,99,9","240,M,+0418,1","240,N,+0254,1","9,9,999,9,+015,1","05,1","SYN08042139 31595 63202 10308 20216 40009 70522 84430 333 10418 20254 58015 555 10000=",
"42139099999","2022-06-16T06:00:00","4","29.0166666","77.7166667","222.0","MEERUT, IN","FM-12","99999","V020","320,1,N,0010,1","99999,9,9,N","002000,1,9,9","+0368,1","+0209,1","10010,1",,"2,1,02,1","2,1,02,1","02,1,+00800,1,06,1","99,9,+99999,9,03,1",,"9,AGL   ,+99999,+99999","05,99,1,02,1,99,9,00800,1,99,9,99,9",,,"9,9,999,9,+023,1","05,1","SYN05842139 31595 53202 10368 20209 40010 70522 82530 333 58023=",
"42139099999","2022-06-16T09:00:00","4","29.0166666","77.7166667","222.0","MEERUT, IN","FM-12","99999","V020","320,1,N,0015,1","99999,9,9,N","002000,1,9,9","+0384,1","+0200,1","09975,1",,"1,1,02,1","0,1,02,1",,,,,,,,"9,9,999,9,+009,1","05,1","SYN05242139 31995 03203 10384 20200 49975 70510 333 58009=",
"42139099999","2022-06-16T12:00:00","4","29.0166666","77.7166667","222.0","MEERUT, IN","FM-12","99999","V020","999,9,C,0000,1","22000,1,9,N","002000,1,9,9","+0366,1","+0228,1","09965,1",,"1,1,02,1","0,1,02,1","99,9,+99999,9,00,1",,,"9,AGL   ,+99999,+99999","02,99,1,00,1,99,9,99999,9,99,9,99,9","240,M,+0396,1",,"9,9,999,9,+027,1","05,1","SYN06442139 31995 20000 10366 20228 49965 70510 80001 333 10396 58027=","Q01    003SCCGA1"
"42139099999","2022-06-17T03:00:00","4","29.0166666","77.7166667","222.0","MEERUT, IN","FM-12","99999","V020","999,9,C,0000,1","99999,9,9,N","002000,1,9,9","+0240,1","+0225,1","10025,1","24,0380,3,1","9,1,02,1","6,1,02,1","06,1,+00450,1,09,1","99,9,+99999,9,05,1",,"9,AGL   ,+99999,+99999","08,99,1,06,1,99,9,00450,1,99,9,99,9","240,M,+0396,1","240,N,+0190,1","9,9,999,9,+011,1","17,1","SYN09242139 21495 80000 10240 20225 40025 71796 8692/ 333 10396 20190 58011 6038/ 555 00380 10038=",
"42139099999","2022-06-17T06:00:00","4","29.0166666","77.7166667","222.0","MEERUT, IN","FM-12","99999","V020","050,1,N,0015,1","99999,9,9,N","002000,1,9,9","+0290,1","+0238,1","10018,1",,"9,1,02,1","2,1,02,1","02,1,+00800,1,06,1","99,9,+99999,9,03,1",,"9,AGL   ,+99999,+99999","06,99,1,02,1,99,9,00800,1,99,9,99,9",,,"9,9,999,9,+002,1","05,1","SYN05842139 31595 60503 10290 20238 40018 70592 82530 333 58002=",
"42139099999","2022-06-17T09:00:00","4","29.0166666","77.7166667","222.0","MEERUT, IN","FM-12","99999","V020","050,1,N,0010,1","99999,9,9,N","002000,1,9,9","+0310,1","+0225,1","10007,1",,"2,1,02,1","2,1,02,1","05,1,+99999,9,03,1",,,"9,AGL   ,+99999,+99999","05,99,1,05,1,99,9,99999,9,99,9,99,9",,,"9,9,999,9,+025,1","05,1","SYN05842139 31995 50502 10310 20225 40007 70522 85030 333 58025=",
"42139099999","2022-06-17T12:00:00","4","29.0166666","77.7166667","222.0","MEERUT, IN","FM-12","99999","V020","999,9,C,0000,1","99999,9,9,N","002000,1,9,9","+0292,1","+0224,1","09986,1",,"2,1,02,1","2,1,02,1","02,1,+00800,1,06,1","99,9,+99999,9,03,1",,"9,AGL   ,+99999,+99999","07,99,1,02,1,99,9,00800,1,99,9,99,9","240,M,+0316,1",,"9,9,999,9,+014,1","05,1","SYN06442139 31595 70000 10292 20224 49986 70522 82530 333 10316 58014=",
"42139099999","2022-06-18T03:00:00","4","29.0166666","77.7166667","222.0","MEERUT, IN","FM-12","99999","V020","270,1,N,0010,1","99999,9,9,N","002000,1,9,9","+0240,1","+0235,1","10039,1","24,0050,3,1","6,1,02,1","2,1,02,1","06,1,+00800,1,06,1","99,9,+99999,9,05,1",,"9,AGL   ,+99999,+99999","08,99,1,06,1,99,9,00800,1,99,9,99,9","240,M,+0316,1","240,N,+0206,1","9,9,999,9,+013,1","21,1","SYN09242139 21595 82702 10240 20235 40039 72162 8652/ 333 10316 20206 58013 6005/ 555 00050 10043=",
"42139099999","2022-06-18T06:00:00","4","29.0166666","77.7166667","222.0","MEERUT, IN","FM-12","99999","V020","050,1,N,0026,1","99999,9,9,N","002000,1,9,9","+0282,1","+0229,1","10027,1",,"9,1,02,1","6,1,02,1","02,1,+00800,1,06,1","99,9,+99999,9,03,1",,"9,AGL   ,+99999,+99999","06,99,1,02,1,99,9,00800,1,99,9,99,9",,,"9,9,999,9,+007,1","05,1","SYN05842139 31595 60505 10282 20229 40027 70596 82530 333 58007=",
"42139099999","2022-06-18T09:00:00","4","29.0166666","77.7166667","222.0","MEERUT, IN","FM-12","99999","V020","050,1,N,0010,1","99999,9,9,N","002000,1,9,9","+0306,1","+0227,1","10013,1",,"2,1,02,1","2,1,02,1","02,1,+00800,1,06,1","99,9,+99999,9,03,1",,"9,AGL   ,+99999,+99999","05,99,1,02,1,99,9,00800,1,99,9,99,9",,,"9,9,999,9,+006,1","05,1","SYN05842139 31595 50502 10306 20227 40013 70522 82530 333 58006=",
"42139099999","2022-06-18T12:00:00","4","29.0166666","77.7166667","222.0","MEERUT, IN","FM-12","99999","V020","999,9,C,0000,1","22000,1,9,N","002000,1,9,9","+0298,1","+0244,1","09997,1",,"2,1,02,1","1,1,02,1","02,1,+99999,9,03,1",,,"9,AGL   ,+99999,+99999","02,99,1,02,1,99,9,99999,9,99,9,99,9","240,M,+0314,1",,"9,9,999,9,+011,1","05,1","SYN06442139 31995 20000 10298 20244 49997 70521 82030 333 10314 58011=",
"42139099999","2022-06-19T03:00:00","4","29.0166666","77.7166667","222.0","MEERUT, IN","FM-12","99999","V020","999,9,C,0000,1","99999,9,9,N","002000,1,9,9","+0266,1","+0234,1","10018,1",,"2,1,02,1","2,1,02,1","04,1,+00800,1,06,1","99,9,+99999,9,04,1",,"9,AGL   ,+99999,+99999","08,99,1,04,1,99,9,00800,1,99,9,99,9","240,M,+0314,1","240,N,+0214,1","9,9,999,9,-017,1","10,1","SYN08042139 31595 80000 10266 20234 40018 71022 8451/ 333 10314 20214 59017 555 10043=",
"42139099999","2022-06-19T06:00:00","4","29.0166666","77.7166667","222.0","MEERUT, IN","FM-12","99999","V020","999,9,C,0000,1","99999,9,9,N","002000,1,9,9","+0290,1","+0232,1","10017,1",,"2,1,02,1","2,1,02,1","04,1,+00800,1,06,1","99,9,+99999,9,04,1",,"9,AGL   ,+99999,+99999","08,99,1,04,1,99,9,00800,1,99,9,99,9",,,"9,9,999,9,-008,1","05,1","SYN05842139 31595 80000 10290 20232 40017 70522 8451/ 333 59008=",
"42139099999","2022-06-19T09:00:00","4","29.0166666","77.7166667","222.0","MEERUT, IN","FM-12","99999","V020","999,9,C,0000,1","99999,9,9,N","002000,1,9,9","+0316,1","+0239,1","10005,1",,"2,1,02,1","2,1,02,1","04,1,+00800,1,06,1","99,9,+99999,9,04,1",,"9,AGL   ,+99999,+99999","08,99,1,04,1,99,9,00800,1,99,9,99,9",,,"9,9,999,9,-007,1","05,1","SYN05842139 31595 80000 10316 20239 40005 70522 8451/ 333 59007=",
"42139099999","2022-06-19T12:00:00","4","29.0166666","77.7166667","222.0","MEERUT, IN","FM-12","99999","V020","999,9,C,0000,1","99999,9,9,N","002000,1,9,9","+0310,1","+0238,1","09976,1",,"2,1,02,1","2,1,02,1","03,1,+00800,1,06,1","99,9,+99999,9,03,1",,"9,AGL   ,+99999,+99999","07,99,1,03,1,99,9,00800,1,99,9,99,9","240,M,+0322,1",,"9,9,999,9,-020,1","05,1","SYN06442139 31595 70000 10310 20238 49976 70522 83530 333 10322 59020=",
"42139099999","2022-06-20T03:00:00","4","29.0166666","77.7166667","222.0","MEERUT, IN","FM-12","99999","V020","050,1,N,0010,1","99999,9,9,N","001000,1,9,9","+0274,1","+0239,1","09993,1",,"2,1,02,1","2,1,02,1","05,1,+00800,1,06,1","99,9,+99999,9,03,1",,"9,AGL   ,+99999,+99999","07,99,1,05,1,99,9,00800,1,99,9,99,9","240,M,+0322,1","240,N,+0227,1","9,9,999,9,-024,1","10,1","SYN08042139 31594 70502 10274 20239 49993 71022 85530 333 10322 20227 59024 555 10043=",
"42139099999","2022-06-20T06:00:00","4","29.0166666","77.7166667","222.0","MEERUT, IN","FM-12","99999","V020","999,9,C,0000,1","99999,9,9,N","002000,1,9,9","+0304,1","+0238,1","09997,1",,"2,1,02,1","2,1,02,1","05,1,+00800,1,06,1","99,9,+99999,9,03,1",,"9,AGL   ,+99999,+99999","07,99,1,05,1,99,9,00800,1,99,9,99,9",,,"9,9,999,9,-019,1","05,1","SYN05842139 31595 70000 10304 20238 49997 70522 85530 333 59019=",
"42139099999","2022-06-20T09:00:00","4","29.0166666","77.7166667","222.0","MEERUT, IN","FM-12","99999","V020","999,9,C,0000,1","99999,9,9,N","002000,1,9,9","+0314,1","+0233,1","09978,1",,"2,1,02,1","2,1,02,1","05,1,+00800,1,06,1","99,9,+99999,9,03,1",,"9,AGL   ,+99999,+99999","07,99,1,05,1,99,9,00800,1,99,9,99,9",,,"9,9,999,9,-027,1","05,1","SYN05842139 31595 70000 10314 20233 49978 70522 85530 333 59027=",
"42139099999","2022-06-20T12:00:00","4","29.0166666","77.7166667","222.0","MEERUT, IN","FM-12","99999","V020","999,9,C,0000,1","99999,9,9,N","002000,1,9,9","+0316,1","+0235,1","09959,1",,"2,1,02,1","2,1,02,1","02,1,+00800,1,06,1","99,9,+99999,9,03,1",,"9,AGL   ,+99999,+99999","06,99,1,02,1,99,9,00800,1,99,9,99,9","240,M,+0327,1",,"9,9,999,9,-016,1","05,1","SYN06442139 31595 60000 10316 20235 49959 70522 82530 333 10327 59016=",
"42139099999","2022-06-21T03:00:00","4","29.0166666","77.7166667","222.0","MEERUT, IN","FM-12","99999","V020","140,1,N,0005,1","99999,9,9,N","002000,1,9,9","+0290,1","+0244,1","09987,1",,"2,1,02,1","2,1,02,1","05,1,+99999,9,03,1",,,"9,AGL   ,+99999,+99999","05,99,1,05,1,99,9,99999,9,99,9,99,9","240,M,+0327,1","240,N,+0216,1","9,9,999,9,-005,1","05,1","SYN08042139 31995 51401 10290 20244 49987 70522 85030 333 10327 20216 59005 555 10043=",
"42139099999","2022-06-21T06:00:00","4","29.0166666","77.7166667","222.0","MEERUT, IN","FM-12","99999","V020","140,1,N,0010,1","99999,9,9,N","002000,1,9,9","+0314,1","+0220,1","09997,1",,"2,1,02,1","2,1,02,1","02,1,+00800,1,06,1","99,9,+99999,9,03,1",,"9,AGL   ,+99999,+99999","07,99,1,02,1,99,9,00800,1,99,9,99,9",,,"9,9,999,9,+001,1","05,1","SYN05842139 31595 71402 10314 20220 49997 70522 82530 333 58001=",
"42139099999","2022-06-21T09:00:00","4","29.0166666","77.7166667","222.0","MEERUT, IN","FM-12","99999","V020","999,9,C,0000,1","99999,9,9,N","002000,1,9,9","+0324,1","+0238,1","09970,1",,"2,1,02,1","2,1,02,1","05,1,+99999,9,03,1",,,"9,AGL   ,+99999,+99999","05,99,1,05,1,99,9,99999,9,99,9,99,9",,,"9,9,999,9,-007,1","05,1","SYN05842139 31995 50000 10324 20238 49970 70522 85030 333 59007=",
"42139099999","2022-06-21T12:00:00","4","29.0166666","77.7166667","222.0","MEERUT, IN","FM-12","99999","V020","140,1,N,0005,1","22000,1,9,N","002000,1,9,9","+0324,1","+0232,1","09969,1",,"2,1,02,1","2,1,02,1","04,1,+99999,9,03,1",,,"9,AGL   ,+99999,+99999","04,99,1,04,1,99,9,99999,9,99,9,99,9","240,M,+0331,1",,"9,9,999,9,+011,1","05,1","SYN06442139 31995 41401 10324 20232 49969 70522 84030 333 10331 58011=",
"42139099999","2022-06-22T03:00:00","4","29.0166666","77.7166667","222.0","MEERUT, IN","FM-12","99999","V020","320,1,N,0031,1","22000,1,9,N","002000,1,9,9","+0276,1","+0226,1","10053,1",,"2,1,02,1","1,1,02,1","99,9,+99999,9,00,1",,,"9,AGL   ,+99999,+99999","04,99,1,00,1,99,9,99999,9,99,9,99,9","240,M,+0331,1","240,N,+0226,1","9,9,999,9,+063,1","05,1","SYN08042139 31995 43206 10276 20226 40053 70521 80001 333 10331 20226 58063 555 10043=","Q01    003SCCGA1"
"42139099999","2022-06-22T06:00:00","4","29.0166666","77.7166667","222.0","MEERUT, IN","FM-12","99999","V020","320,1,N,0015,1","99999,9,9,N","002000,1,9,9","+0310,1","+0215,1","10042,1",,"1,1,02,1","0,1,02,1",,,,,,,,"9,9,999,9,+043,1","05,1","SYN05242139 31995 03203 10310 20215 40042 70510 333 58043=",
"42139099999","2022-06-22T09:00:00","4","29.0166666","77.7166667","222.0","MEERUT, IN","FM-12","99999","V020","999,9,C,0000,1","22000,1,9,N","002000,1,9,9","+0340,1","+0234,1","10021,1",,"1,1,02,1","0,1,02,1","99,9,+99999,9,00,1",,,"9,AGL   ,+99999,+99999","03,99,1,00,1,99,9,99999,9,99,9,99,9",,,"9,9,999,9,+050,1","05,1","SYN05842139 31995 30000 10340 20234 40021 70510 80001 333 58050=","Q01    003SCCGA1"
"42139099999","2022-06-22T12:00:00","4","29.0166666","77.7166667","222.0","MEERUT, IN","FM-12","99999","V020","999,9,C,0000,1","99999,9,9,N","002000,1,9,9","+0338,1","+0241,1","10005,1",,"1,1,02,1","0,1,02,1",,,,,,"240,M,+0356,1",,"9,9,999,9,+037,1","05,1","SYN05842139 31995 00000 10338 20241 40005 70510 333 10356 58037=",
"42139099999","2022-06-23T03:00:00","4","29.0166666","77.7166667","222.0","MEERUT, IN","FM-12","99999","V020","999,9,C,0000,1","22000,1,9,N","002000,1,9,9","+0302,1","+0236,1","10043,1",,"1,1,02,1","0,1,02,1","99,9,+99999,9,00,1",,,"9,AGL   ,+99999,+99999","04,99,1,00,1,99,9,99999,9,99,9,99,9","240,M,+0356,1","240,N,+0230,1","9,9,999,9,-007,1","05,1","SYN08042139 31995 40000 10302 20236 40043 70510 80001 333 10356 20230 59007 555 10043=","Q01    003SCCGA1"
"42139099999","2022-06-23T06:00:00","4","29.0166666","77.7166667","222.0","MEERUT, IN","FM-12","99999","V020","270,1,N,0010,1","22000,1,9,N","002000,1,9,9","+0344,1","+0238,1","10038,1",,"1,1,02,1","1,1,02,1","99,9,+99999,9,00,1",,,"9,AGL   ,+99999,+99999","02,99,1,00,1,99,9,99999,9,99,9,99,9",,,"9,9,999,9,-001,1","05,1","SYN05842139 31995 22702 10344 20238 40038 70511 80001 333 59001=","Q01    003SCCGA1"
"42139099999","2022-06-23T09:00:00","4","29.0166666","77.7166667","222.0","MEERUT, IN","FM-12","99999","V020","320,1,N,0010,1","22000,1,9,N","002000,1,9,9","+0350,1","+0226,1","10017,1",,"1,1,02,1","0,1,02,1","99,9,+99999,9,00,1",,,"9,AGL   ,+99999,+99999","02,99,1,00,1,99,9,99999,9,99,9,99,9",,,"9,9,999,9,-001,1","05,1","SYN05842139 31995 23202 10350 20226 40017 70510 80001 333 59001=","Q01    003SCCGA1"
"42139099999","2022-06-23T12:00:00","4","29.0166666","77.7166667","222.0","MEERUT, IN","FM-12","99999","V020","320,1,N,0010,1","22000,1,9,N","002000,1,9,9","+0346,1","+0217,1","09996,1",,"1,1,02,1","1,1,02,1","99,9,+99999,9,00,1",,,"9,AGL   ,+99999,+99999","02,99,1,00,1,99,9,99999,9,99,9,99,9","240,M,+0366,1",,"9,9,999,9,-009,1","05,1","SYN06442139 31995 23202 10346 20217 49996 70511 80001 333 10366 59009=","Q01    003SCCGA1"
"42139099999","2022-06-24T03:00:00","4","29.0166666","77.7166667","222.0","MEERUT, IN","FM-12","99999","V020","320,1,N,0010,1","99999,9,9,N","002000,1,9,9","+0304,1","+0208,1","10026,1",,"0,1,02,1","0,1,02,1",,,,,,"240,M,+0366,1","240,N,+0218,1","9,9,999,9,-017,1","05,1","SYN07442139 31995 03202 10304 20208 40026 70500 333 10366 20218 59017 555 10043=",
"42139099999","2022-06-24T06:00:00","4","29.0166666","77.7166667","222.0","MEERUT, IN","FM-12","99999","V020","320,1,N,0010,1","99999,9,9,N","002000,1,9,9","+0352,1","+0203,1","10018,1",,"0,1,02,1","0,1,02,1",,,,,,,,"9,9,999,9,-019,1","05,1","SYN05242139 31995 03202 10352 20203 40018 70500 333 59019=",
"42139099999","2022-06-24T09:00:00","4","29.0166666","77.7166667","222.0","MEERUT, IN","FM-12","99999","V020","320,1,N,0015,1","99999,9,9,N","002000,1,9,9","+0372,1","+0188,1","09991,1",,"0,1,02,1","0,1,02,1",,,,,,,,"9,9,999,9,-022,1","05,1","SYN05242139 31995 03203 10372 20188 49991 70500 333 59022=",
"42139099999","2022-06-24T12:00:00","4","29.0166666","77.7166667","222.0","MEERUT, IN","FM-12","99999","V020","320,1,N,0010,1","99999,9,9,N","002000,1,9,9","+0354,1","+0183,1","09966,1",,"0,1,02,1","0,1,02,1",,,,,,"240,M,+0378,1",,"9,9,999,9,-029,1","05,1","SYN05842139 31995 03202 10354 20183 49966 70500 333 10378 59029=",
"42139099999","2022-06-25T03:00:00","4","29.0166666","77.7166667","222.0","MEERUT, IN","FM-12","99999","V020","999,9,C,0000,1","99999,9,9,N","002000,1,9,9","+0332,1","+0192,1","09995,1",,"1,1,02,1","0,1,02,1",,,,,,"240,M,+0378,1","240,N,+0190,1","9,9,999,9,-027,1","05,1","SYN07442139 31995 00000 10332 20192 49995 70510 333 10378 20190 59027 555 10043=",
"42139099999","2022-06-25T06:00:00","4","29.0166666","77.7166667","222.0","MEERUT, IN","FM-12","99999","V020","999,9,C,0000,1","99999,9,9,N","002000,1,9,9","+0360,1","+0195,1","09993,1",,"0,1,02,1","0,1,02,1",,,,,,,,"9,9,999,9,-024,1","05,1","SYN05242139 31995 00000 10360 20195 49993 70500 333 59024=",
"42139099999","2022-06-25T09:00:00","4","29.0166666","77.7166667","222.0","MEERUT, IN","FM-12","99999","V020","050,1,N,0010,1","99999,9,9,N","002000,1,9,9","+0376,1","+0146,1","09966,1",,"0,1,02,1","0,1,02,1",,,,,,,,"9,9,999,9,-025,1","05,1","SYN05242139 31995 00502 10376 20146 49966 70500 333 59025=",
"42139099999","2022-06-25T12:00:00","4","29.0166666","77.7166667","222.0","MEERUT, IN","FM-12","99999","V020","999,9,C,0000,1","99999,9,9,N","002000,1,9,9","+0366,1","+0163,1","09954,1",,"0,1,02,1","0,1,02,1",,,,,,"240,M,+0380,1",,"9,9,999,9,-010,1","05,1","SYN05842139 31995 00000 10366 20163 49954 70500 333 10380 59010=",
"42139099999","2022-06-26T03:00:00","4","29.0166666","77.7166667","222.0","MEERUT, IN","FM-12","99999","V020","140,1,N,0015,1","99999,9,9,N","002000,1,9,9","+0312,1","+0259,1","10010,1",,"0,1,02,1","0,1,02,1",,,,,,"240,M,+0380,1","240,N,+0238,1","9,9,999,9,+013,1","05,1","SYN07442139 31995 01403 10312 20259 40010 70500 333 10380 20238 58013 555 10043=",
"42139099999","2022-06-26T06:00:00","4","29.0166666","77.7166667","222.0","MEERUT, IN","FM-12","99999","V020","140,1,N,0015,1","22000,1,9,N","002000,1,9,9","+0348,1","+0265,1","10010,1",,"1,1,02,1","0,1,02,1","02,1,+00800,1,08,1",,,"9,AGL   ,+99999,+99999","02,99,1,02,1,99,9,00800,1,99,9,99,9",,,"9,9,999,9,+016,1","05,1","SYN05842139 31595 21403 10348 20265 40010 70510 82100 333 58016=",
"42139099999","2022-06-26T09:00:00","4","29.0166666","77.7166667","222.0","MEERUT, IN","FM-12","99999","V020","140,1,N,0015,1","22000,1,9,N","002000,1,9,9","+0360,1","+0260,1","09991,1",,"1,1,02,1","1,1,02,1","03,1,+00800,1,08,1",,,"9,AGL   ,+99999,+99999","03,99,1,03,1,99,9,00800,1,99,9,99,9",,,"9,9,999,9,+023,1","05,1","SYN05842139 31595 31403 10360 20260 49991 70511 83100 333 58023=",
"42139099999","2022-06-26T12:00:00","4","29.0166666","77.7166667","222.0","MEERUT, IN","FM-12","99999","V020","140,1,N,0015,1","99999,9,9,N","002000,1,9,9","+0352,1","+0251,1","09978,1",,"0,1,02,1","0,1,02,1",,,,,,"240,M,+0365,1",,"9,9,999,9,+022,1","05,1","SYN05842139 31995 01403 10352 20251 49978 70500 333 10365 58022=",
"42139099999","2022-06-27T03:00:00","4","29.0166666","77.7166667","222.0","MEERUT, IN","FM-12","99999","V020","140,1,N,0015,1","22000,1,9,N","002000,1,9,9","+0322,1","+0258,1","10023,1",,"2,1,02,1","1,1,02,1","99,9,+99999,9,00,1",,,"9,AGL   ,+99999,+99999","04,99,1,00,1,99,9,99999,9,99,9,99,9","240,M,+0365,1","240,N,+0254,1","9,9,999,9,+013,1","05,1","SYN08042139 31995 41403 10322 20258 40023 70521 80001 333 10365 20254 58013 555 10043=","Q01    003SCCGA1"
"42139099999","2022-06-27T06:00:00","4","29.0166666","77.7166667","222.0","MEERUT, IN","FM-12","99999","V020","050,1,N,0021,1","99999,9,9,N","002000,1,9,9","+0344,1","+0264,1","10018,1",,"2,1,02,1","2,1,02,1","05,1,+99999,9,03,1",,,"9,AGL   ,+99999,+99999","05,99,1,05,1,99,9,99999,9,99,9,99,9",,,"9,9,999,9,+008,1","05,1","SYN05842139 31995 50504 10344 20264 40018 70522 85030 333 58008=",
"42139099999","2022-06-27T09:00:00","4","29.0166666","77.7166667","222.0","MEERUT, IN","FM-12","99999","V020","050,1,N,0021,1","22000,1,9,N","002000,1,9,9","+0368,1","+0254,1","09996,1",,"2,1,02,1","1,1,02,1","03,1,+00800,1,08,1",,,"9,AGL   ,+99999,+99999","03,99,1,03,1,99,9,00800,1,99,9,99,9",,,"9,9,999,9,+006,1","05,1","SYN05842139 31595 30504 10368 20254 49996 70521 83100 333 58006=",
"42139099999","2022-06-27T12:00:00","4","29.0166666","77.7166667","222.0","MEERUT, IN","FM-12","99999","V020","140,1,N,0010,1","22000,1,9,N","002000,1,9,9","+0366,1","+0248,1","09978,1",,"2,1,02,1","1,1,02,1","04,1,+99999,9,03,1",,,"9,AGL   ,+99999,+99999","04,99,1,04,1,99,9,99999,9,99,9,99,9","240,M,+0374,1",,"9,9,999,9,+001,1","05,1","SYN06442139 31995 41402 10366 20248 49978 70521 84030 333 10374 58001=",
"42139099999","2022-06-28T03:00:00","4","29.0166666","77.7166667","222.0","MEERUT, IN","FM-12","99999","V020","999,9,C,0000,1","99999,9,9,N","002000,1,9,9","+0324,1","+0263,1","09987,1",,"2,1,02,1","2,1,02,1","02,1,+99999,9,03,1","99,9,+99999,9,00,1",,"9,AGL   ,+99999,+99999","05,99,1,02,1,99,9,99999,9,99,9,99,9","240,M,+0374,1","240,N,+0263,1","9,9,999,9,-035,1","05,1","SYN08042139 31995 50000 10324 20263 49987 70522 82031 333 10374 20263 59035 555 10043=",
"42139099999","2022-06-28T06:00:00","4","29.0166666","77.7166667","222.0","MEERUT, IN","FM-12","99999","V020","050,1,N,0010,1","99999,9,9,N","002000,1,9,9","+0352,1","+0276,1","09982,1",,"2,1,02,1","2,1,02,1","02,1,+00800,1,06,1","99,9,+99999,9,03,1",,"9,AGL   ,+99999,+99999","06,99,1,02,1,99,9,00800,1,99,9,99,9",,,"9,9,999,9,-035,1","05,1","SYN05842139 31595 60502 10352 20276 49982 70522 82530 333 59035=",
"42139099999","2022-06-28T09:00:00","4","29.0166666","77.7166667","222.0","MEERUT, IN","FM-12","99999","V020","090,1,N,0010,1","99999,9,9,N","002000,1,9,9","+0342,1","+0274,1","09963,1",,"2,1,02,1","2,1,02,1","02,1,+00800,1,06,1","99,9,+99999,9,03,1",,"9,AGL   ,+99999,+99999","06,99,1,02,1,99,9,00800,1,99,9,99,9",,,"9,9,999,9,-035,1","05,1","SYN05842139 31595 60902 10342 20274 49963 70522 82530 333 59035=",
"42139099999","2022-06-28T12:00:00","4","29.0166666","77.7166667","222.0","MEERUT, IN","FM-12","99999","V020","999,9,C,0000,1","99999,9,9,N","002000,1,9,9","+0336,1","+0273,1","09942,1",,"2,1,02,1","2,1,02,1","02,1,+00800,1,06,1","99,9,+99999,9,03,1",,"9,AGL   ,+99999,+99999","06,99,1,02,1,99,9,00800,1,99,9,99,9","240,M,+0363,1",,"9,9,999,9,-037,1","05,1","SYN06442139 31595 60000 10336 20273 49942 70522 82530 333 10363 59037=",
"42139099999","2022-06-29T03:00:00","4","29.0166666","77.7166667","222.0","MEERUT, IN","FM-12","99999","V020","999,9,C,0000,1","99999,9,9,N","002000,1,9,9","+0304,1","+0274,1","09960,1",,"2,1,02,1","2,1,02,1","03,1,+00800,1,06,1","99,9,+99999,9,03,1",,"9,AGL   ,+99999,+99999","06,99,1,03,1,99,9,00800,1,99,9,99,9","240,M,+0363,1","240,N,+0256,1","9,9,999,9,-034,1","05,1","SYN08042139 31595 60000 10304 20274 49960 70522 83530 333 10363 20256 59034 555 10043=",
"42139099999","2022-06-29T06:00:00","4","29.0166666","77.7166667","222.0","MEERUT, IN","FM-12","99999","V020","270,1,N,0010,1","99999,9,9,N","002000,1,9,9","+0344,1","+0267,1","09951,1",,"2,1,02,1","2,1,02,1","02,1,+00800,1,06,1","99,9,+99999,9,03,1",,"9,AGL   ,+99999,+99999","06,99,1,02,1,99,9,00800,1,99,9,99,9",,,"9,9,999,9,-030,1","05,1","SYN05842139 31595 62702 10344 20267 49951 70522 82530 333 59030=",
"42139099999","2022-06-29T09:00:00","4","29.0166666","77.7166667","222.0","MEERUT, IN","FM-12","99999","V020","320,1,N,0015,1","99999,9,9,N","002000,1,9,9","+0346,1","+0269,1","09944,1",,"2,1,02,1","2,1,02,1","03,1,+00800,1,06,1","99,9,+99999,9,03,1",,"9,AGL   ,+99999,+99999","06,99,1,03,1,99,9,00800,1,99,9,99,9",,,"9,9,999,9,-017,1","05,1","SYN05842139 31595 63203 10346 20269 49944 70522 83530 333 59017=",
"42139099999","2022-06-29T12:00:00","4","29.0166666","77.7166667","222.0","MEERUT, IN","FM-12","99999","V020","320,1,N,0010,1","99999,9,9,N","002000,1,9,9","+0326,1","+0259,1","09929,1",,"2,1,02,1","2,1,02,1","03,1,+00800,1,06,1","99,9,+99999,9,03,1",,"9,AGL   ,+99999,+99999","06,99,1,03,1,99,9,00800,1,99,9,99,9","240,M,+0354,1",,"9,9,999,9,-014,1","05,1","SYN06442139 31595 63202 10326 20259 49929 70522 83530 333 10354 59014=",
"42139099999","2022-06-30T03:00:00","4","29.0166666","77.7166667","222.0","MEERUT, IN","FM-12","99999","V020","999,9,C,0000,1","99999,9,9,N","002000,1,9,9","+0244,1","+0238,1","09992,1","24,0040,3,1","6,1,02,1","5,1,02,1","05,1,+00450,1,07,1","99,9,+99999,9,04,1",,"9,AGL   ,+99999,+99999","08,99,1,05,1,99,9,00450,1,99,9,99,9","240,M,+0354,1","240,N,+0212,1","9,9,999,9,+026,1","21,1","SYN09242139 21495 80000 10244 20238 49992 72165 8571/ 333 10354 20212 58026 6004/ 555 00040 10047=",
"42139099999","2022-06-30T06:00:00","4","29.0166666","77.7166667","222.0","MEERUT, IN","FM-12","99999","V020","999,9,C,0000,1","99999,9,9,N","002000,1,9,9","+0252,1","+0240,1","10009,1","03,0006,3,1","6,1,02,1","5,1,02,1","04,1,+00800,1,06,1","99,9,+99999,9,04,1",,"9,AGL   ,+99999,+99999","08,99,1,04,1,99,9,00800,1,99,9,99,9",,,"9,9,999,9,+049,1","10,1","SYN06442139 21595 80000 10252 20240 40009 71065 8451/ 333 58049 6996/=",
"42139099999","2022-06-30T09:00:00","4","29.0166666","77.7166667","222.0","MEERUT, IN","FM-12","99999","V020","999,9,C,0000,1","99999,9,9,N","002000,1,9,9","+0270,1","+0247,1","10001,1","06,0008,3,1","6,1,02,1","5,1,02,1","04,1,+00800,1,06,1","99,9,+99999,9,04,1",,"9,AGL   ,+99999,+99999","08,99,1,04,1,99,9,00800,1,99,9,99,9",,,"9,9,999,9,+049,1","10,1","SYN06442139 21595 80000 10270 20247 40001 71065 8451/ 333 58049 6998/=",
"42139099999","2022-06-30T12:00:00","4","29.0166666","77.7166667","222.0","MEERUT, IN","FM-12","99999","V020","050,1,N,0015,1","99999,9,9,N","002000,1,9,9","+0276,1","+0247,1","09975,1","09,0008,3,1","2,1,02,1","2,1,02,1","03,1,+00800,1,06,1","99,9,+99999,9,03,1",,"9,AGL   ,+99999,+99999","06,99,1,03,1,99,9,00800,1,99,9,99,9","240,M,+0277,1",,"9,9,999,9,+041,1","10,1","SYN07042139 21595 60503 10276 20247 49975 71022 83530 333 10277 58041 6998/=",
"42139099999","2022-07-01T03:00:00","4","29.0166666","77.7166667","222.0","MEERUT, IN","FM-12","99999","V020","050,1,N,0010,1","99999,9,9,N","002000,1,9,9","+0274,1","+0254,1","10004,1","24,0008,3,1","2,1,02,1","2,1,02,1","05,1,+00800,1,06,1","99,9,+99999,9,03,1",,"9,AGL   ,+99999,+99999","07,99,1,05,1,99,9,00800,1,99,9,99,9","240,M,+0277,1","240,N,+0226,1","9,9,999,9,+015,1","05,1","SYN09242139 21595 70502 10274 20254 40004 70522 85530 333 10277 20226 58015 6998/ 555 00008 10048=",
"42139099999","2022-07-01T06:00:00","4","29.0166666","77.7166667","222.0","MEERUT, IN","FM-12","99999","V020","050,1,N,0010,1","99999,9,9,N","002000,1,9,9","+0290,1","+0247,1","10001,1",,"2,1,02,1","2,1,02,1","04,1,+00800,1,06,1","99,9,+99999,9,03,1",,"9,AGL   ,+99999,+99999","07,99,1,04,1,99,9,00800,1,99,9,99,9",,,"9,9,999,9,-005,1","05,1","SYN05842139 31595 70502 10290 20247 40001 70522 84530 333 59005=",
"42139099999","2022-07-01T09:00:00","4","29.0166666","77.7166667","222.0","MEERUT, IN","FM-12","99999","V020","140,1,N,0010,1","99999,9,9,N","002000,1,9,9","+0320,1","+0243,1","09976,1",,"2,1,02,1","2,1,02,1","05,1,+00800,1,08,1",,,"9,AGL   ,+99999,+99999","05,99,1,05,1,99,9,00800,1,99,9,99,9",,,"9,9,999,9,-021,1","05,1","SYN05842139 31595 51402 10320 20243 49976 70522 85800 333 59021=",
"42139099999","2022-07-01T12:00:00","4","29.0166666","77.7166667","222.0","MEERUT, IN","FM-12","99999","V020","180,1,N,0005,1","99999,9,9,N","002000,1,9,9","+0312,1","+0253,1","09964,1",,"2,1,02,1","2,1,02,1","04,1,+00800,1,08,1","99,9,+99999,9,03,1",,"9,AGL   ,+99999,+99999","07,99,1,04,1,99,9,00800,1,99,9,99,9","240,M,+0326,1",,"9,9,999,9,-007,1","05,1","SYN06442139 31595 71801 10312 20253 49964 70522 84830 333 10326 59007=",
"42139099999","2022-07-02T03:00:00","4","29.0166666","77.7166667","222.0","MEERUT, IN","FM-12","99999","V020","999,9,C,0000,1","99999,9,9,N","002000,1,9,9","+0262,1","+0256,1","09985,1","24,0140,3,1","6,1,02,1","2,1,02,1","03,1,+00800,1,06,1","99,9,+99999,9,03,1",,"9,AGL   ,+99999,+99999","07,99,1,03,1,99,9,00800,1,99,9,99,9","240,M,+0326,1","240,N,+0220,1","9,9,999,9,-020,1","21,1","SYN09242139 21595 70000 10262 20256 49985 72162 83570 333 10326 20220 59020 6014/ 555 00144 10062=",
"42139099999","2022-07-02T06:00:00","4","29.0166666","77.7166667","222.0","MEERUT, IN","FM-12","99999","V020","999,9,C,0000,1","99999,9,9,N","002000,1,9,9","+0302,1","+0269,1","09976,1",,"2,1,02,1","2,1,02,1","04,1,+00800,1,06,1","99,9,+99999,9,00,1",,"9,AGL   ,+99999,+99999","06,99,1,04,1,99,9,00800,1,99,9,99,9",,,"9,9,999,9,-024,1","05,1","SYN05842139 31595 60000 10302 20269 49976 70522 84401 333 59024=",
"42139099999","2022-07-02T09:00:00","4","29.0166666","77.7166667","222.0","MEERUT, IN","FM-12","99999","V020","999,9,C,0000,1","22000,1,9,N","002000,1,9,9","+0334,1","+0256,1","09952,1",,"2,1,02,1","1,1,02,1","04,1,+00800,1,06,1",,,"9,AGL   ,+99999,+99999","04,99,1,04,1,99,9,00800,1,99,9,99,9",,,"9,9,999,9,-021,1","05,1","SYN05842139 31595 40000 10334 20256 49952 70521 84400 333 59021=",
"42139099999","2022-07-02T12:00:00","4","29.0166666","77.7166667","222.0","MEERUT, IN","FM-12","99999","V020","999,9,C,0000,1","99999,9,9,9","002000,1,9,9","+0322,1","+0272,1","09944,1","99,9999,9,9","2,1,99,9","2,1,99,9","04,1,+00600,1,06,1","99,9,+99999,9,03,1",,"9,AGL   ,+99999,+99999","07,99,1,04,1,99,9,00600,1,99,9,99,9",,,"9,9,999,9,-019,1","05,1","SYN004BUFR",
"42139099999","2022-07-03T03:00:00","4","29.0166666","77.7166667","222.0","MEERUT, IN","FM-12","99999","V020","999,9,C,0000,1","00600,1,C,9","002000,1,9,9","+0296,1","+0265,1","09999,1","99,9999,9,9","2,1,99,9","2,1,99,9","06,1,+00600,1,08,1",,,"9,AGL   ,+99999,+99999","06,99,1,06,1,99,9,00600,1,99,9,99,9","120,M,+0338,1","120,N,+0236,1","9,9,999,9,+016,1","05,1","SYN004BUFR",
"42139099999","2022-07-03T06:00:00","4","29.0166666","77.7166667","222.0","MEERUT, IN","FM-12","99999","V020","050,1,N,0015,1","99999,9,9,N","002000,1,9,9","+0326,1","+0265,1","09990,1",,"2,1,02,1","2,1,02,1","06,1,+00800,1,08,1",,,"9,AGL   ,+99999,+99999","06,99,1,06,1,99,9,00800,1,99,9,99,9",,,"9,9,999,9,+016,1","05,1","SYN05842139 31595 60503 10326 20265 49990 70522 86800 333 58016=",
"42139099999","2022-07-03T09:00:00","4","29.0166666","77.7166667","222.0","MEERUT, IN","FM-12","99999","V020","140,1,N,0010,1","99999,9,9,N","002000,1,9,9","+0334,1","+0265,1","09974,1",,"2,1,02,1","2,1,02,1","05,1,+00800,1,08,1",,,"9,AGL   ,+99999,+99999","05,99,1,05,1,99,9,00800,1,99,9,99,9",,,"9,9,999,9,+021,1","05,1","SYN05842139 31595 51402 10334 20265 49974 70522 85800 333 58021=",
"42139099999","2022-07-03T12:00:00","4","29.0166666","77.7166667","222.0","MEERUT, IN","FM-12","99999","V020","999,9,C,0000,1","99999,9,9,N","002000,1,9,9","+0338,1","+0260,1","09953,1",,"2,1,02,1","2,1,02,1","05,1,+99999,9,03,1",,,"9,AGL   ,+99999,+99999","05,99,1,05,1,99,9,99999,9,99,9,99,9","240,M,+0346,1",,"9,9,999,9,+010,1","05,1","SYN06442139 31995 50000 10338 20260 49953 70522 85030 333 10346 58010=",
"42139099999","2022-07-04T03:00:00","4","29.0166666","77.7166667","222.0","MEERUT, IN","FM-12","99999","V020","050,1,N,0010,1","22000,1,9,N","002000,1,9,9","+0314,1","+0276,1","09992,1",,"0,1,02,1","0,1,02,1","02,1,+99999,9,03,1",,,"9,AGL   ,+99999,+99999","02,99,1,02,1,99,9,99999,9,99,9,99,9","240,M,+0346,1","240,N,+0256,1","9,9,999,9,-005,1","10,1","SYN08042139 31995 20502 10314 20276 49992 71000 82030 333 10346 20256 59005 555 10062=",
"42139099999","2022-07-04T06:00:00","4","29.0166666","77.7166667","222.0","MEERUT, IN","FM-12","99999","V020","050,1,N,0010,1","99999,9,9,N","002000,1,9,9","+0354,1","+0269,1","09980,1",,"2,1,02,1","1,1,02,1","05,1,+00800,1,06,1",,,"9,AGL   ,+99999,+99999","05,99,1,05,1,99,9,00800,1,99,9,99,9",,,"9,9,999,9,-008,1","05,1","SYN05842139 31595 50502 10354 20269 49980 70521 85400 333 59008=",
"42139099999","2022-07-04T09:00:00","4","29.0166666","77.7166667","222.0","MEERUT, IN","FM-12","99999","V020","999,9,C,0000,1","99999,9,9,N","002000,1,9,9","+0368,1","+0266,1","09962,1",,"2,1,02,1","2,1,02,1","05,1,+00800,1,06,1",,,"9,AGL   ,+99999,+99999","05,99,1,05,1,99,9,00800,1,99,9,99,9",,,"9,9,999,9,-010,1","05,1","SYN05842139 31595 50000 10368 20266 49962 70522 85400 333 59010=",
"42139099999","2022-07-04T12:00:00","4","29.0166666","77.7166667","222.0","MEERUT, IN","FM-12","99999","V020","999,9,C,0000,1","99999,9,9,N","002000,1,9,9","+0292,1","+0275,1","09955,1","09,0090,3,1","6,1,02,1","2,1,02,1","03,1,+00800,1,06,1","99,9,+99999,9,03,1",,"9,AGL   ,+99999,+99999","06,99,1,03,1,99,9,00800,1,99,9,99,9","240,M,+0372,1",,"9,9,999,9,-003,1","10,1","SYN07042139 21595 60000 10292 20275 49955 71062 83530 333 10372 59003 6009/=",
"42139099999","2022-07-05T03:00:00","4","29.0166666","77.7166667","222.0","MEERUT, IN","FM-12","99999","V020","050,1,N,0010,1","99999,9,9,N","002000,1,9,9","+0296,1","+0277,1","09995,1","24,0090,3,1","2,1,02,1","2,1,02,1","03,1,+00800,1,06,1","99,9,+99999,9,04,1",,"9,AGL   ,+99999,+99999","08,99,1,03,1,99,9,00800,1,99,9,99,9","240,M,+0372,1","240,N,+0256,1","9,9,999,9,+001,1","10,1","SYN09242139 21595 80502 10296 20277 49995 71022 8351/ 333 10372 20256 58001 6009/ 555 00086 10072=",
"42139099999","2022-07-05T06:00:00","4","29.0166666","77.7166667","222.0","MEERUT, IN","FM-12","99999","V020","050,1,N,0015,1","99999,9,9,N","002000,1,9,9","+0336,1","+0279,1","09976,1",,"2,1,02,1","2,1,02,1","02,1,+99999,9,03,1","99,9,+99999,9,00,1",,"9,AGL   ,+99999,+99999","05,99,1,02,1,99,9,99999,9,99,9,99,9",,,"9,9,999,9,-005,1","05,1","SYN05842139 31995 50503 10336 20279 49976 70522 82031 333 59005=",
"42139099999","2022-07-05T09:00:00","4","29.0166666","77.7166667","222.0","MEERUT, IN","FM-12","99999","V020","140,1,N,0010,1","99999,9,9,N","002000,1,9,9","+0352,1","+0270,1","09965,1",,"2,1,02,1","2,1,02,1","03,1,+00800,1,06,1","99,9,+99999,9,03,1",,"9,AGL   ,+99999,+99999","05,99,1,03,1,99,9,00800,1,99,9,99,9",,,"9,9,999,9,+002,1","05,1","SYN05842139 31595 51402 10352 20270 49965 70522 83530 333 58002=",
"42139099999","2022-07-05T12:00:00","4","29.0166666","77.7166667","222.0","MEERUT, IN","FM-12","99999","V020","140,1,N,0010,1","22000,1,9,N","002000,1,9,9","+0350,1","+0270,1","09950,1",,"2,1,02,1","1,1,02,1","02,1,+00800,1,08,1",,,"9,AGL   ,+99999,+99999","02,99,1,02,1,99,9,00800,1,99,9,99,9","240,M,+0360,1",,"9,9,999,9,+001,1","05,1","SYN06442139 31595 21402 10350 20270 49950 70521 82100 333 10360 58001=",
"42139099999","2022-07-06T03:00:00","4","29.0166666","77.7166667","222.0","MEERUT, IN","FM-12","99999","V020","999,9,C,0000,1","99999,9,9,N","002000,1,9,9","+0330,1","+0278,1","10009,1",,"2,1,02,1","2,1,02,1","05,1,+99999,9,03,1",,,"9,AGL   ,+99999,+99999","05,99,1,05,1,99,9,99999,9,99,9,99,9","240,M,+0360,1","240,N,+0254,1","9,9,999,9,+017,1","05,1","SYN08042139 31995 50000 10330 20278 40009 70522 85030 333 10360 20254 58017 555 10072=",
"42139099999","2022-07-06T06:00:00","4","29.0166666","77.7166667","222.0","MEERUT, IN","FM-12","99999","V020","999,9,C,0000,1","99999,9,9,N","002000,1,9,9","+0360,1","+0269,1","10016,1",,"2,1,02,1","2,1,02,1","05,1,+00800,1,06,1",,,"9,AGL   ,+99999,+99999","05,99,1,05,1,99,9,00800,1,99,9,99,9",,,"9,9,999,9,+041,1","05,1","SYN05842139 31595 50000 10360 20269 40016 70522 85400 333 58041=",
"42139099999","2022-07-06T09:00:00","4","29.0166666","77.7166667","222.0","MEERUT, IN","FM-12","99999","V020","999,9,C,0000,1","22000,1,9,N","002000,1,9,9","+0368,1","+0275,1","09990,1","06,0000,9,1","6,1,02,1","2,1,02,1","04,1,+00800,1,06,1",,,"9,AGL   ,+99999,+99999","04,99,1,04,1,99,9,00800,1,99,9,99,9",,,"9,9,999,9,+026,1","05,1","SYN06442139 21595 40000 10368 20275 49990 70562 84400 333 58026 6990/=","Q01  00002PRCP06"
"42139099999","2022-07-06T12:00:00","4","29.0166666","77.7166667","222.0","MEERUT, IN","FM-12","99999","V020","050,1,N,0010,1","99999,9,9,N","002000,1,9,9","+0358,1","+0267,1","09981,1","09,0000,9,1","1,1,02,1","0,1,02,1",,,,,,"240,M,+0370,1",,"9,9,999,9,+030,1","05,1","SYN06442139 21995 00502 10358 20267 49981 70510 333 10370 58030 6990/=","Q01  00002PRCP09"
"42139099999","2022-07-07T03:00:00","4","29.0166666","77.7166667","222.0","MEERUT, IN","FM-12","99999","V020","140,1,N,0021,1","22000,1,9,N","002000,1,9,9","+0326,1","+0268,1","10046,1","24,0004,3,1","0,1,02,1","0,1,02,1","99,9,+99999,9,00,1",,,"9,AGL   ,+99999,+99999","02,99,1,00,1,99,9,99999,9,99,9,99,9","240,M,+0370,1","240,N,+0261,1","9,9,999,9,+036,1","05,1","SYN09242139 21995 21404 10326 20268 40046 70500 80001 333 10370 20261 58036 6994/ 555 00004 10072=","Q01    003SCCGA1"
"42139099999","2022-07-07T06:00:00","4","29.0166666","77.7166667","222.0","MEERUT, IN","FM-12","99999","V020","050,1,N,0015,1","99999,9,9,N","002000,1,9,9","+0350,1","+0261,1","10038,1",,"2,1,02,1","2,1,02,1","03,1,+00800,1,08,1","99,9,+99999,9,03,1",,"9,AGL   ,+99999,+99999","06,99,1,03,1,99,9,00800,1,99,9,99,9",,,"9,9,999,9,+020,1","05,1","SYN05842139 31595 60503 10350 20261 40038 70522 83130 333 58020=",
"42139099999","2022-07-07T09:00:00","4","29.0166666","77.7166667","222.0","MEERUT, IN","FM-12","99999","V020","140,1,N,0015,1","22000,1,9,N","002000,1,9,9","+0368,1","+0260,1","10012,1",,"1,1,02,1","0,1,02,1","03,1,+00800,1,08,1",,,"9,AGL   ,+99999,+99999","03,99,1,03,1,99,9,00800,1,99,9,99,9",,,"9,9,999,9,+022,1","05,1","SYN05842139 31595 31403 10368 20260 40012 70510 83800 333 58022=",
"42139099999","2022-07-07T12:00:00","4","29.0166666","77.7166667","222.0","MEERUT, IN","FM-12","99999","V020","050,1,N,0010,1","22000,1,9,N","002000,1,9,9","+0360,1","+0247,1","09982,1",,"0,1,02,1","0,1,02,1","99,9,+99999,9,00,1",,,"9,AGL   ,+99999,+99999","02,99,1,00,1,99,9,99999,9,99,9,99,9","240,M,+0371,1",,"9,9,999,9,+001,1","05,1","SYN06442139 31995 20502 10360 20247 49982 70500 80001 333 10371 58001=","Q01    003SCCGA1"
"42139099999","2022-07-08T03:00:00","4","29.0166666","77.7166667","222.0","MEERUT, IN","FM-12","99999","V020","070,1,N,0010,1","22000,1,9,N","002000,1,9,9","+0320,1","+0270,1","10016,1",,"0,1,02,1","0,1,02,1","99,9,+99999,9,00,1",,,"9,AGL   ,+99999,+99999","03,99,1,00,1,99,9,99999,9,99,9,99,9","240,M,+0371,1","240,N,+0263,1","9,9,999,9,-031,1","05,1","SYN08042139 31995 30702 10320 20270 40016 70500 80001 333 10371 20263 59031 555 10072=","Q01    003SCCGA1"
"42139099999","2022-07-08T06:00:00","4","29.0166666","77.7166667","222.0","MEERUT, IN","FM-12","99999","V020","140,1,N,0010,1","22000,1,9,N","002000,1,9,9","+0352,1","+0257,1","09998,1",,"1,1,02,1","1,1,02,1","04,1,+00800,1,06,1",,,"9,AGL   ,+99999,+99999","04,99,1,04,1,99,9,00800,1,99,9,99,9",,,"9,9,999,9,-039,1","05,1","SYN05842139 31595 41402 10352 20257 49998 70511 84400 333 59039=",
"42139099999","2022-07-08T09:00:00","4","29.0166666","77.7166667","222.0","MEERUT, IN","FM-12","99999","V020","140,1,N,0015,1","99999,9,9,N","002000,1,9,9","+0366,1","+0248,1","09991,1",,"2,1,02,1","2,1,02,1","05,1,+00800,1,08,1",,,"9,AGL   ,+99999,+99999","05,99,1,05,1,99,9,00800,1,99,9,99,9",,,"9,9,999,9,-031,1","05,1","SYN05842139 31595 51403 10366 20248 49991 70522 85800 333 59031=",
"42139099999","2022-07-08T12:00:00","4","29.0166666","77.7166667","222.0","MEERUT, IN","FM-12","99999","V020","999,9,C,0000,1","99999,9,9,N","002000,1,9,9","+0362,1","+0256,1","09957,1",,"1,1,02,1","0,1,02,1",,,,,,"240,M,+0376,1",,"9,9,999,9,-023,1","05,1","SYN05842139 31995 00000 10362 20256 49957 70510 333 10376 59023=",
"42139099999","2022-07-09T03:00:00","4","29.0166666","77.7166667","222.0","MEERUT, IN","FM-12","99999","V020","140,1,N,0015,1","99999,9,9,N","002000,1,9,9","+0290,1","+0253,1","09985,1",,"2,1,02,1","2,1,02,1","03,1,+00800,1,06,1","99,9,+99999,9,03,1",,"9,AGL   ,+99999,+99999","06,99,1,03,1,99,9,00800,1,99,9,99,9","240,M,+0376,1","240,N,+0260,1","9,9,999,9,-032,1","10,1","SYN08042139 31595 61403 10290 20253 49985 71022 83530 333 10376 20260 59032 555 10072=",
"42139099999","2022-07-09T09:00:00","4","29.0166666","77.7166667","222.0","MEERUT, IN","FM-12","99999","V020","140,1,N,0021,1","99999,9,9,N","002000,1,9,9","+0276,1","+0241,1","09988,1",,"2,1,02,1","2,1,02,1","04,1,+00800,1,06,1","99,9,+99999,9,04,1",,"9,AGL   ,+99999,+99999","08,99,1,04,1,99,9,00800,1,99,9,99,9",,,"9,9,999,9,+000,1","05,1","SYN05842139 31595 81404 10276 20241 49988 70522 8451/ 333 58000=",
"42139099999","2022-07-09T12:00:00","4","29.0166666","77.7166667","222.0","MEERUT, IN","FM-12","99999","V020","999,9,C,0000,1","99999,9,9,N","002000,1,9,9","+0282,1","+0242,1","09983,1",,"2,1,02,1","2,1,02,1","04,1,+00800,1,06,1","99,9,+99999,9,04,1",,"9,AGL   ,+99999,+99999","08,99,1,04,1,99,9,00800,1,99,9,99,9","240,M,+0294,1",,"9,9,999,9,+019,1","05,1","SYN06442139 31595 80000 10282 20242 49983 70522 8451/ 333 10294 58019=",
"42139099999","2022-07-10T03:00:00","4","29.0166666","77.7166667","222.0","MEERUT, IN","FM-12","99999","V020","050,1,N,0005,1","99999,9,9,N","002000,1,9,9","+0282,1","+0251,1","10005,1",,"2,1,02,1","2,1,02,1","05,1,+00800,1,06,1","99,9,+99999,9,03,1",,"9,AGL   ,+99999,+99999","07,99,1,05,1,99,9,00800,1,99,9,99,9","240,M,+0294,1","240,N,+0239,1","9,9,999,9,+020,1","05,1","SYN08042139 31595 70501 10282 20251 40005 70522 85530 333 10294 20239 58020 555 10072=",
"42139099999","2022-07-10T06:00:00","4","29.0166666","77.7166667","222.0","MEERUT, IN","FM-12","99999","V020","140,1,N,0010,1","99999,9,9,N","002000,1,9,9","+0334,1","+0259,1","10001,1",,"2,1,02,1","2,1,02,1","03,1,+00800,1,06,1","99,9,+99999,9,03,1",,"9,AGL   ,+99999,+99999","07,99,1,03,1,99,9,00800,1,99,9,99,9",,,"9,9,999,9,+007,1","05,1","SYN05842139 31595 71402 10334 20259 40001 70522 83530 333 58007=",
"42139099999","2022-07-10T09:00:00","4","29.0166666","77.7166667","222.0","MEERUT, IN","FM-12","99999","V020","999,9,C,0000,1","99999,9,9,N","002000,1,9,9","+0352,1","+0260,1","09983,1",,"2,1,02,1","2,1,02,1","07,1,+00800,1,08,1",,,"9,AGL   ,+99999,+99999","07,99,1,07,1,99,9,00800,1,99,9,99,9",,,"9,9,999,9,+001,1","05,1","SYN05842139 31595 70000 10352 20260 49983 70522 87800 333 58001=",
"42139099999","2022-07-10T12:00:00","4","29.0166666","77.7166667","222.0","MEERUT, IN","FM-12","99999","V020","050,1,N,0005,1","22000,1,9,N","002000,1,9,9","+0300,1","+0258,1","09980,1",,"2,1,02,1","1,1,02,1","04,1,+99999,9,03,1",,,"9,AGL   ,+99999,+99999","04,99,1,04,1,99,9,99999,9,99,9,99,9","240,M,+0353,1",,"9,9,999,9,-003,1","05,1","SYN06442139 31995 40501 10300 20258 49980 70521 84030 333 10353 59003=",
"42139099999","2022-07-11T03:00:00","4","29.0166666","77.7166667","222.0","MEERUT, IN","FM-12","99999","V020","050,1,N,0010,1","99999,9,9,N","002000,1,9,9","+0324,1","+0260,1","10007,1",,"0,1,02,1","0,1,02,1",,,,,,"240,M,+0353,1","240,N,+0239,1","9,9,999,9,+005,1","05,1","SYN07442139 31995 00502 10324 20260 40007 70500 333 10353 20239 58005 555 10072=",
"42139099999","2022-07-11T06:00:00","4","29.0166666","77.7166667","222.0","MEERUT, IN","FM-12","99999","V020","999,9,C,0000,1","99999,9,9,N","002000,1,9,9","+0358,1","+0258,1","10001,1",,"2,1,02,1","1,1,02,1","05,1,+00800,1,08,1",,,"9,AGL   ,+99999,+99999","05,99,1,05,1,99,9,00800,1,99,9,99,9",,,"9,9,999,9,+001,1","05,1","SYN05842139 31595 50000 10358 20258 40001 70521 85800 333 58001=",
"42139099999","2022-07-11T09:00:00","4","29.0166666","77.7166667","222.0","MEERUT, IN","FM-12","99999","V020","999,9,C,0000,1","22000,1,9,N","002000,1,9,9","+0366,1","+0264,1","09981,1",,"2,1,02,1","1,1,02,1","03,1,+00800,1,08,1",,,"9,AGL   ,+99999,+99999","03,99,1,03,1,99,9,00800,1,99,9,99,9",,,"9,9,999,9,-001,1","05,1","SYN05842139 31595 30000 10366 20264 49981 70521 83100 333 59001=",
"42139099999","2022-07-11T12:00:00","4","29.0166666","77.7166667","222.0","MEERUT, IN","FM-12","99999","V020","999,9,C,0000,1","22000,1,9,N","002000,1,9,9","+0292,1","+0278,1","09973,1","09,0050,3,1","6,1,02,1","2,1,02,1","04,1,+00800,1,06,1",,,"9,AGL   ,+99999,+99999","04,99,1,04,1,99,9,00800,1,99,9,99,9","240,M,+0374,1",,"9,9,999,9,-007,1","10,1","SYN07042139 21595 40000 10292 20278 49973 71062 84400 333 10374 59007 6005/=",
"42139099999","2022-07-12T03:00:00","4","29.0166666","77.7166667","222.0","MEERUT, IN","FM-12","99999","V020","999,9,C,0000,1","99999,9,9,N","001000,1,9,9","+0272,1","+0258,1","10012,1","24,0080,3,1","6,1,02,1","2,1,02,1","04,1,+00800,1,06,1","99,9,+99999,9,05,1",,"9,AGL   ,+99999,+99999","08,99,1,04,1,99,9,00800,1,99,9,99,9","240,M,+0374,1","240,N,+0238,1","9,9,999,9,-001,1","61,1","SYN09242139 21594 80000 10272 20258 40012 76162 8452/ 333 10374 20238 59001 6008/ 555 00084 10080=",
"42139099999","2022-07-12T06:00:00","4","29.0166666","77.7166667","222.0","MEERUT, IN","FM-12","99999","V020","999,9,C,0000,1","99999,9,9,N","002000,1,9,9","+0260,1","+0260,1","10015,1","03,0870,3,1","9,1,02,1","6,1,02,1","04,1,+00800,1,06,1","99,9,+99999,9,03,1",,"9,AGL   ,+99999,+99999","07,99,1,04,1,99,9,00800,1,99,9,99,9",,,"9,9,999,9,-001,1","91,1","SYN06442139 21595 70000 10260 20260 40015 79196 84530 333 59001 6087/=",
"42139099999","2022-07-12T12:00:00","4","29.0166666","77.7166667","222.0","MEERUT, IN","FM-12","99999","V020","050,1,N,0010,1","22000,1,9,N","002000,1,9,9","+0324,1","+0275,1","09962,1","09,0880,3,1","6,1,02,1","2,1,02,1","04,1,+00800,1,08,1",,,"9,AGL   ,+99999,+99999","04,99,1,04,1,99,9,00800,1,99,9,99,9","240,M,+0332,1",,"9,9,999,9,-008,1","05,1","SYN07042139 21595 40502 10324 20275 49962 70562 84800 333 10332 59008 6088/=",
"42139099999","2022-07-13T03:00:00","4","29.0166666","77.7166667","222.0","MEERUT, IN","FM-12","99999","V020","999,9,C,0000,1","99999,9,9,N","002000,1,9,9","+0254,1","+0245,1","10000,1","24,0890,3,1","6,1,02,1","2,1,02,1","04,1,+00800,1,06,1","99,9,+99999,9,03,1",,"9,AGL   ,+99999,+99999","07,99,1,04,1,99,9,00800,1,99,9,99,9","240,M,+0332,1","240,N,+0222,1","9,9,999,9,-012,1","21,1","SYN09242139 21595 70000 10254 20245 40000 72162 84430 333 10332 20222 59012 6089/ 555 00886 10169=",
"42139099999","2022-07-13T06:00:00","4","29.0166666","77.7166667","222.0","MEERUT, IN","FM-12","99999","V020","090,1,N,0010,1","22000,1,9,N","002000,1,9,9","+0320,1","+0255,1","09986,1","03,0002,3,1","6,1,02,1","2,1,02,1","02,1,+00800,1,06,1","99,9,+99999,9,03,1",,"9,AGL   ,+99999,+99999","04,99,1,02,1,99,9,00800,1,99,9,99,9",,,"9,9,999,9,-023,1","05,1","SYN06442139 21595 40902 10320 20255 49986 70562 82530 333 59023 6992/=",
"42139099999","2022-07-13T09:00:00","4","29.0166666","77.7166667","222.0","MEERUT, IN","FM-12","99999","V020","999,9,C,0000,1","22000,1,9,N","002000,1,9,9","+0346,1","+0269,1","09962,1","06,0002,3,1","2,1,02,1","2,1,02,1","02,1,+00800,1,08,1","99,9,+99999,9,03,1",,"9,AGL   ,+99999,+99999","04,99,1,02,1,99,9,00800,1,99,9,99,9",,,"9,9,999,9,-019,1","05,1","SYN06442139 21595 40000 10346 20269 49962 70522 82130 333 59019 6992/=",
"42139099999","2022-07-13T12:00:00","4","29.0166666","77.7166667","222.0","MEERUT, IN","FM-12","99999","V020","999,9,C,0000,1","99999,9,9,N","002000,1,9,9","+0306,1","+0267,1","09947,1","09,0002,3,1","9,1,02,1","2,1,02,1","04,1,+00800,1,09,1","99,9,+99999,9,03,1",,"9,AGL   ,+99999,+99999","06,99,1,04,1,99,9,00800,1,99,9,99,9","240,M,+0353,1",,"9,9,999,9,-016,1","29,1","SYN07042139 21595 60000 10306 20267 49947 72992 84330 333 10353 59016 6992/=",
"42139099999","2022-07-14T03:00:00","4","29.0166666","77.7166667","222.0","MEERUT, IN","FM-12","99999","V020","050,1,N,0010,1","22000,1,9,N","002000,1,9,9","+0330,1","+0266,1","09976,1","24,0002,3,1","0,1,02,1","0,1,02,1","99,9,+99999,9,00,1",,,"9,AGL   ,+99999,+99999","01,99,1,00,1,99,9,99999,9,99,9,99,9","240,M,+0353,1","240,N,+0247,1","9,9,999,9,-018,1","05,1","SYN07642139 21995 10502 10330 20266 49976 70500 80001 333 10353 20247 59018 6992/=","Q01    003SCCGA1"
"42139099999","2022-07-14T06:00:00","4","29.0166666","77.7166667","222.0","MEERUT, IN","FM-12","99999","V020","140,1,N,0015,1","22000,1,9,N","002000,1,9,9","+0350,1","+0261,1","09981,1",,"1,1,02,1","0,1,02,1","03,1,+99999,9,03,1",,,"9,AGL   ,+99999,+99999","03,99,1,03,1,99,9,99999,9,99,9,99,9",,,"9,9,999,9,-003,1","05,1","SYN05842139 31995 31403 10350 20261 49981 70510 83030 333 59003=",
"42139099999","2022-07-14T09:00:00","4","29.0166666","77.7166667","222.0","MEERUT, IN","FM-12","99999","V020","050,1,N,0010,1","99999,9,9,N","002000,1,9,9","+0356,1","+0262,1","09955,1",,"2,1,02,1","2,1,02,1","05,1,+00800,1,08,1",,,"9,AGL   ,+99999,+99999","05,99,1,05,1,99,9,00800,1,99,9,99,9",,,"9,9,999,9,-007,1","05,1","SYN05842139 31595 50502 10356 20262 49955 70522 85800 333 59007=",
"42139099999","2022-07-14T12:00:00","4","29.0166666","77.7166667","222.0","MEERUT, IN","FM-12","99999","V020","050,1,N,0010,1","99999,9,9,N","002000,1,9,9","+0352,1","+0257,1","09943,1",,"2,1,02,1","2,1,02,1","05,1,+99999,9,03,1",,,"9,AGL   ,+99999,+99999","05,99,1,05,1,99,9,99999,9,99,9,99,9","240,M,+0360,1",,"9,9,999,9,+000,1","05,1","SYN06442139 31995 50502 10352 20257 49943 70522 85030 333 10360 58000=",
"42139099999","2022-07-15T03:00:00","4","29.0166666","77.7166667","222.0","MEERUT, IN","FM-12","99999","V020","140,1,N,0015,1","22000,1,9,N","002000,1,9,9","+0322,1","+0248,1","09991,1",,"1,1,02,1","0,1,02,1","99,9,+99999,9,00,1",,,"9,AGL   ,+99999,+99999","02,99,1,00,1,99,9,99999,9,99,9,99,9","240,M,+0360,1","240,N,+0240,1","9,9,999,9,+015,1","05,1","SYN08042139 31995 21403 10322 20248 49991 70510 80001 333 10360 20240 58015 555 10169=","Q01    003SCCGA1"
"42139099999","2022-07-15T06:00:00","4","29.0166666","77.7166667","222.0","MEERUT, IN","FM-12","99999","V020","050,1,N,0015,1","22000,1,9,N","002000,1,9,9","+0340,1","+0256,1","10000,1",,"1,1,02,1","1,1,02,1","02,1,+00800,1,08,1","99,9,+99999,9,03,1",,"9,AGL   ,+99999,+99999","04,99,1,02,1,99,9,00800,1,99,9,99,9",,,"9,9,999,9,+019,1","05,1","SYN05842139 31595 40503 10340 20256 40000 70511 82130 333 58019=",
"42139099999","2022-07-15T09:00:00","4","29.0166666","77.7166667","222.0","MEERUT, IN","FM-12","99999","V020","050,1,N,0015,1","22000,1,9,N","002000,1,9,9","+0356,1","+0265,1","09987,1",,"1,1,02,1","1,1,02,1","03,1,+00800,1,08,1","99,9,+99999,9,00,1",,"9,AGL   ,+99999,+99999","04,99,1,03,1,99,9,00800,1,99,9,99,9",,,"9,9,999,9,+031,1","05,1","SYN05842139 31595 40503 10356 20265 49987 70511 83101 333 58031=",
"42139099999","2022-07-15T12:00:00","4","29.0166666","77.7166667","222.0","MEERUT, IN","FM-12","99999","V020","999,9,C,0000,1","22000,1,9,N","002000,1,9,9","+0348,1","+0262,1","09968,1",,"1,1,02,1","1,1,02,1","01,1,+00800,1,08,1","99,9,+99999,9,00,1",,"9,AGL   ,+99999,+99999","03,99,1,01,1,99,9,00800,1,99,9,99,9","240,M,+0360,1",,"9,9,999,9,+021,1","05,1","SYN06442139 31595 30000 10348 20262 49968 70511 81101 333 10360 58021=",
"42139099999","2022-07-16T03:00:00","4","29.0166666","77.7166667","222.0","MEERUT, IN","FM-12","99999","V020","050,1,N,0010,1","22000,1,9,N","002000,1,9,9","+0324,1","+0244,1","10003,1",,"1,1,02,1","1,1,02,1","99,9,+99999,9,00,1",,,"9,AGL   ,+99999,+99999","03,99,1,00,1,99,9,99999,9,99,9,99,9","240,M,+0360,1","240,N,+0246,1","9,9,999,9,+012,1","05,1","SYN08042139 31995 30502 10324 20244 40003 70511 80001 333 10360 20246 58012 555 10169=","Q01    003SCCGA1"
"42139099999","2022-07-16T06:00:00","4","29.0166666","77.7166667","222.0","MEERUT, IN","FM-12","99999","V020","050,1,N,0010,1","99999,9,9,N","002000,1,9,9","+0350,1","+0258,1","10006,1",,"2,1,02,1","1,1,02,1","02,1,+00800,1,08,1","99,9,+99999,9,03,1",,"9,AGL   ,+99999,+99999","05,99,1,02,1,99,9,00800,1,99,9,99,9",,,"9,9,999,9,+006,1","05,1","SYN05842139 31595 50502 10350 20258 40006 70521 82130 333 58006=",
"42139099999","2022-07-16T09:00:00","4","29.0166666","77.7166667","222.0","MEERUT, IN","FM-12","99999","V020","999,9,C,0000,1","99999,9,9,N","002000,1,9,9","+0332,1","+0277,1","09978,1",,"2,1,02,1","2,1,02,1","03,1,+00800,1,06,1","99,9,+99999,9,03,1",,"9,AGL   ,+99999,+99999","06,99,1,03,1,99,9,00800,1,99,9,99,9",,,"9,9,999,9,-010,1","05,1","SYN05842139 31595 60000 10332 20277 49978 70522 83530 333 59010=",
"42139099999","2022-07-16T12:00:00","4","29.0166666","77.7166667","222.0","MEERUT, IN","FM-12","99999","V020","999,9,C,0000,1","99999,9,9,N","002000,1,9,9","+0292,1","+0258,1","09988,1","09,0000,2,1","6,1,02,1","2,1,02,1","04,1,+00800,1,08,1","99,9,+99999,9,05,1",,"9,AGL   ,+99999,+99999","08,99,1,04,1,99,9,00800,1,99,9,99,9","240,M,+0356,1",,"9,9,999,9,+016,1","61,1","SYN07042139 21595 80000 10292 20258 49988 76162 8482/ 333 10356 58016 6990/=",
"42139099999","2022-07-17T03:00:00","4","29.0166666","77.7166667","222.0","MEERUT, IN","FM-12","99999","V020","999,9,C,0000,1","99999,9,9,N","002000,1,9,9","+0292,1","+0278,1","10038,1","24,0190,3,1","2,1,02,1","2,1,02,1","03,1,+00800,1,06,1","99,9,+99999,9,03,1",,"9,AGL   ,+99999,+99999","07,99,1,03,1,99,9,00800,1,99,9,99,9","240,M,+0356,1","240,N,+0217,1","9,9,999,9,+031,1","05,1","SYN09242139 21595 70000 10292 20278 40038 70522 83530 333 10356 20217 58031 6019/ 555 00190 10188=",
"42139099999","2022-07-17T06:00:00","4","29.0166666","77.7166667","222.0","MEERUT, IN","FM-12","99999","V020","999,9,C,0000,1","99999,9,9,N","002000,1,9,9","+0324,1","+0275,1","10028,1",,"2,1,02,1","2,1,02,1","06,1,+00800,1,08,1",,,"9,AGL   ,+99999,+99999","06,99,1,06,1,99,9,00800,1,99,9,99,9",,,"9,9,999,9,+020,1","05,1","SYN05842139 31595 60000 10324 20275 40028 70522 86800 333 58020=",
"42139099999","2022-07-17T09:00:00","4","29.0166666","77.7166667","222.0","MEERUT, IN","FM-12","99999","V020","999,9,C,0000,1","99999,9,9,N","002000,1,9,9","+0296,1","+0277,1","10017,1","06,0020,3,1","9,1,02,1","6,1,02,1","02,1,+00800,1,06,1","99,9,+99999,9,03,1",,"9,AGL   ,+99999,+99999","07,99,1,02,1,99,9,00800,1,99,9,99,9",,,"9,9,999,9,+035,1","05,1","SYN06442139 21595 70000 10296 20277 40017 70596 82530 333 58035 6002/=",
"42139099999","2022-07-17T12:00:00","4","29.0166666","77.7166667","222.0","MEERUT, IN","FM-12","99999","V020","050,1,N,0010,1","22000,1,9,N","002000,1,9,9","+0326,1","+0271,1","09999,1","09,0020,3,1","9,1,02,1","6,1,02,1","04,1,+99999,9,03,1",,,"9,AGL   ,+99999,+99999","04,99,1,04,1,99,9,99999,9,99,9,99,9","240,M,+0329,1",,"9,9,999,9,+014,1","05,1","SYN07042139 21995 40502 10326 20271 49999 70596 84030 333 10329 58014 6002/=",
"42139099999","2022-07-18T03:00:00","4","29.0166666","77.7166667","222.0","MEERUT, IN","FM-12","99999","V020","180,1,N,0005,1","22000,1,9,N","002000,1,9,9","+0320,1","+0273,1","10014,1","24,0020,3,1","0,1,02,1","0,1,02,1","99,9,+99999,9,00,1",,,"9,AGL   ,+99999,+99999","02,99,1,00,1,99,9,99999,9,99,9,99,9","240,M,+0329,1","240,N,+0246,1","9,9,999,9,-021,1","05,1","SYN09242139 21995 21801 10320 20273 40014 70500 80001 333 10329 20246 59021 6002/ 555 00022 10190=","Q01    003SCCGA1"
"42139099999","2022-07-18T06:00:00","4","29.0166666","77.7166667","222.0","MEERUT, IN","FM-12","99999","V020","999,9,C,0000,1","99999,9,9,N","002000,1,9,9","+0344,1","+0273,1","10011,1",,"2,1,02,1","1,1,02,1","05,1,+00800,1,08,1",,,"9,AGL   ,+99999,+99999","05,99,1,05,1,99,9,00800,1,99,9,99,9",,,"9,9,999,9,-016,1","05,1","SYN05842139 31595 50000 10344 20273 40011 70521 85800 333 59016=",
"42139099999","2022-07-18T09:00:00","4","29.0166666","77.7166667","222.0","MEERUT, IN","FM-12","99999","V020","999,9,C,0000,1","99999,9,9,N","002000,1,9,9","+0350,1","+0279,1","09993,1",,"2,1,02,1","2,1,02,1","05,1,+00800,1,08,1",,,"9,AGL   ,+99999,+99999","05,99,1,05,1,99,9,00800,1,99,9,99,9",,,"9,9,999,9,-020,1","05,1","SYN05842139 31595 50000 10350 20279 49993 70522 85800 333 59020=",
"42139099999","2022-07-18T12:00:00","4","29.0166666","77.7166667","222.0","MEERUT, IN","FM-12","99999","V020","090,1,N,0010,1","22000,1,9,N","002000,1,9,9","+0350,1","+0270,1","09970,1",,"2,1,02,1","2,1,02,1","03,1,+00800,1,06,1","99,9,+99999,9,03,1",,"9,AGL   ,+99999,+99999","04,99,1,03,1,99,9,00800,1,99,9,99,9","240,M,+0360,1",,"9,9,999,9,-027,1","05,1","SYN06442139 31595 40902 10350 20270 49970 70522 83430 333 10360 59027=",
"42139099999","2022-07-19T03:00:00","4","29.0166666","77.7166667","222.0","MEERUT, IN","FM-12","99999","V020","999,9,C,0000,1","22000,1,9,N","002000,1,9,9","+0326,1","+0277,1","09999,1","24,0006,3,1","2,1,02,1","1,1,02,1","02,1,+00800,1,06,1","99,9,+99999,9,03,1",,"9,AGL   ,+99999,+99999","04,99,1,02,1,99,9,00800,1,99,9,99,9","240,M,+0360,1","240,N,+0262,1","9,9,999,9,-014,1","05,1","SYN09242139 21595 40000 10326 20277 49999 70521 82530 333 10360 20262 59014 6996/ 555 00006 10191=",
"42139099999","2022-07-19T06:00:00","4","29.0166666","77.7166667","222.0","MEERUT, IN","FM-12","99999","V020","999,9,C,0000,1","99999,9,9,N","002000,1,9,9","+0348,1","+0274,1","09997,1",,"2,1,02,1","2,1,02,1","02,1,+00800,1,08,1",,,"9,AGL   ,+99999,+99999","06,99,1,02,1,99,9,00800,1,99,9,99,9",,,"9,9,999,9,-013,1","05,1","SYN05842139 31595 60000 10348 20274 49997 70522 82800 333 59013=",
"42139099999","2022-07-19T09:00:00","4","29.0166666","77.7166667","222.0","MEERUT, IN","FM-12","99999","V020","999,9,C,0000,1","99999,9,9,N","002000,1,9,9","+0356,1","+0274,1","09973,1",,"2,1,02,1","2,1,02,1","03,1,+00800,1,08,1",,,"9,AGL   ,+99999,+99999","06,99,1,03,1,99,9,00800,1,99,9,99,9",,,"9,9,999,9,-019,1","05,1","SYN05842139 31595 60000 10356 20274 49973 70522 83800 333 59019=",
"42139099999","2022-07-19T12:00:00","4","29.0166666","77.7166667","222.0","MEERUT, IN","FM-12","99999","V020","999,9,C,0000,1","99999,9,9,N","002000,1,9,9","+0288,1","+0280,1","09972,1","09,0070,3,1","9,1,02,1","2,1,02,1","04,1,+00800,1,09,1","99,9,+99999,9,05,1",,"9,AGL   ,+99999,+99999","08,99,1,04,1,99,9,00800,1,99,9,99,9","240,M,+0362,1",,"9,9,999,9,-003,1","95,1","SYN07042139 21595 80000 10288 20280 49972 79592 8432/ 333 10362 59003 6007/=",
"42139099999","2022-07-20T03:00:00","4","29.0166666","77.7166667","222.0","MEERUT, IN","FM-12","99999","V020","999,9,C,0000,1","99999,9,9,N","002000,1,9,9","+0308,1","+0275,1","09993,1","24,0070,3,1","2,1,02,1","0,1,02,1","02,1,+00800,1,06,1","99,9,+99999,9,03,1",,"9,AGL   ,+99999,+99999","05,99,1,02,1,99,9,00800,1,99,9,99,9","240,M,+0362,1","240,N,+0244,1","9,9,999,9,-008,1","05,1","SYN09242139 21595 50000 10308 20275 49993 70520 82530 333 10362 20244 59008 6007/ 555 00066 10198=",
"42139099999","2022-07-20T06:00:00","4","29.0166666","77.7166667","222.0","MEERUT, IN","FM-12","99999","V020","999,9,C,0000,1","99999,9,9,N","002000,1,9,9","+0328,1","+0290,1","09992,1",,"2,1,02,1","2,1,02,1","05,1,+00800,1,06,1","99,9,+99999,9,04,1",,"9,AGL   ,+99999,+99999","08,99,1,05,1,99,9,00800,1,99,9,99,9",,,"9,9,999,9,-006,1","05,1","SYN05842139 31595 80000 10328 20290 49992 70522 8541/ 333 59006=",
"42139099999","2022-07-20T09:00:00","4","29.0166666","77.7166667","222.0","MEERUT, IN","FM-12","99999","V020","140,1,N,0010,1","99999,9,9,N","002000,1,9,9","+0258,1","+0246,1","09996,1","06,0120,3,1","9,1,02,1","6,1,02,1","05,1,+00800,1,06,1","99,9,+99999,9,04,1",,"9,AGL   ,+99999,+99999","08,99,1,05,1,99,9,00800,1,99,9,99,9",,,"9,9,999,9,+015,1","29,1","SYN06442139 21595 81402 10258 20246 49996 72996 8541/ 333 58015 6012/=",
"42139099999","2022-07-20T12:00:00","4","29.0166666","77.7166667","222.0","MEERUT, IN","FM-12","99999","V020","999,9,C,0000,1","99999,9,9,N","002000,1,9,9","+0258,1","+0249,1","09986,1","09,0130,3,1","9,1,02,1","6,1,02,1","04,1,+00800,1,06,1","99,9,+99999,9,04,1",,"9,AGL   ,+99999,+99999","08,99,1,04,1,99,9,00800,1,99,9,99,9","240,M,+0336,1",,"9,9,999,9,+011,1","10,1","SYN07042139 21595 80000 10258 20249 49986 71096 8451/ 333 10336 58011 6013/=",
"42139099999","2022-07-21T03:00:00","4","29.0166666","77.7166667","222.0","MEERUT, IN","FM-12","99999","V020","999,9,C,0000,1","99999,9,9,N","001000,1,9,9","+0266,1","+0252,1","10025,1","24,0130,3,1","2,1,02,1","2,1,02,1","05,1,+00800,1,06,1","99,9,+99999,9,04,1",,"9,AGL   ,+99999,+99999","08,99,1,05,1,99,9,00800,1,99,9,99,9","240,M,+0336,1","240,N,+0224,1","9,9,999,9,+028,1","10,1","SYN07642139 21594 80000 10266 20252 40025 71022 8551/ 333 10336 20224 58028 6013/=",
"42139099999","2022-07-21T06:00:00","4","29.0166666","77.7166667","222.0","MEERUT, IN","FM-12","99999","V020","999,9,C,0000,1","99999,9,9,N","001000,1,9,9","+0280,1","+0254,1","10033,1","03,0000,2,1","6,1,02,1","2,1,02,1","05,1,+00800,1,06,1","99,9,+99999,9,04,1",,"9,AGL   ,+99999,+99999","08,99,1,05,1,99,9,00800,1,99,9,99,9",,,"9,9,999,9,+035,1","21,1","SYN06442139 21594 80000 10280 20254 40033 72162 8551/ 333 58035 6990/=",
"42139099999","2022-07-21T09:00:00","4","29.0166666","77.7166667","222.0","MEERUT, IN","FM-12","99999","V020","050,1,N,0010,1","99999,9,9,N","002000,1,9,9","+0290,1","+0256,1","10015,1","06,0002,3,1","6,1,02,1","2,1,02,1","03,1,+00800,1,06,1","99,9,+99999,9,03,1",,"9,AGL   ,+99999,+99999","06,99,1,03,1,99,9,00800,1,99,9,99,9",,,"9,9,999,9,+020,1","10,1","SYN06442139 21595 60502 10290 20256 40015 71062 83530 333 58020 6992/=",
"42139099999","2022-07-21T12:00:00","4","29.0166666","77.7166667","222.0","MEERUT, IN","FM-12","99999","V020","999,9,C,0000,1","22000,1,9,N","002000,1,9,9","+0300,1","+0258,1","10006,1","09,0002,3,1","6,1,02,1","2,1,02,1","01,1,+00800,1,06,1","99,9,+99999,9,03,1",,"9,AGL   ,+99999,+99999","04,99,1,01,1,99,9,00800,1,99,9,99,9","240,M,+0304,1",,"9,9,999,9,+022,1","05,1","SYN07042139 21595 40000 10300 20258 40006 70562 81530 333 10304 58022 6992/=",
"42139099999","2022-07-22T03:00:00","4","29.0166666","77.7166667","222.0","MEERUT, IN","FM-12","99999","V020","360,1,N,0005,1","99999,9,9,N","002000,1,9,9","+0282,1","+0265,1","10049,1","24,0002,3,1","2,1,02,1","2,1,02,1","06,1,+00800,1,06,1","99,9,+99999,9,05,1",,"9,AGL   ,+99999,+99999","08,99,1,06,1,99,9,00800,1,99,9,99,9","240,M,+0304,1","240,N,+0235,1","9,9,999,9,+025,1","05,1","SYN09242139 21595 83601 10282 20265 40049 70522 8652/ 333 10304 20235 58025 6992/ 555 00002 10211=",
"42139099999","2022-07-22T06:00:00","4","29.0166666","77.7166667","222.0","MEERUT, IN","FM-12","99999","V020","140,1,N,0015,1","99999,9,9,N","002000,1,9,9","+0310,1","+0263,1","10040,1",,"2,1,02,1","2,1,02,1","03,1,+00800,1,06,1","99,9,+99999,9,03,1",,"9,AGL   ,+99999,+99999","07,99,1,03,1,99,9,00800,1,99,9,99,9",,,"9,9,999,9,+010,1","05,1","SYN05842139 31595 71403 10310 20263 40040 70522 83530 333 58010=",
"42139099999","2022-07-22T09:00:00","4","29.0166666","77.7166667","222.0","MEERUT, IN","FM-12","99999","V020","050,1,N,0010,1","99999,9,9,N","002000,1,9,9","+0318,1","+0259,1","10016,1","06,0000,2,1","6,1,02,1","2,1,02,1","02,1,+00800,1,06,1","99,9,+99999,9,03,1",,"9,AGL   ,+99999,+99999","07,99,1,02,1,99,9,00800,1,99,9,99,9",,,"9,9,999,9,+005,1","61,1","SYN06442139 21595 70502 10318 20259 40016 76162 82530 333 58005 6990/=",
"42139099999","2022-07-22T12:00:00","4","29.0166666","77.7166667","222.0","MEERUT, IN","FM-12","99999","V020","050,1,N,0005,1","99999,9,9,N","002000,1,9,9","+0320,1","+0261,1","10000,1","09,0001,3,1","6,1,02,1","2,1,02,1","02,1,+00800,1,06,1","99,9,+99999,9,03,1",,"9,AGL   ,+99999,+99999","07,99,1,02,1,99,9,00800,1,99,9,99,9","240,M,+0327,1",,"9,9,999,9,-003,1","05,1","SYN07042139 21595 70501 10320 20261 40000 70562 82530 333 10327 59003 6991/=",
"42139099999","2022-07-23T03:00:00","4","29.0166666","77.7166667","222.0","MEERUT, IN","FM-12","99999","V020","140,1,N,0015,1","99999,9,9,N","002000,1,9,9","+0284,1","+0259,1","10031,1","24,0030,3,1","2,1,02,1","2,1,02,1","07,1,+00800,1,08,1",,,"9,AGL   ,+99999,+99999","07,99,1,07,1,99,9,00800,1,99,9,99,9","240,M,+0327,1","240,N,+0231,1","9,9,999,9,-018,1","05,1","SYN09242139 21595 71403 10284 20259 40031 70522 87800 333 10327 20231 59018 6003/ 555 00025 10213=",
"42139099999","2022-07-23T06:00:00","4","29.0166666","77.7166667","222.0","MEERUT, IN","FM-12","99999","V020","180,1,N,0015,1","99999,9,9,N","002000,1,9,9","+0320,1","+0261,1","10023,1",,"2,1,02,1","2,1,02,1","07,1,+00800,1,08,1",,,"9,AGL   ,+99999,+99999","07,99,1,07,1,99,9,00800,1,99,9,99,9",,,"9,9,999,9,-016,1","05,1","SYN05842139 31595 71803 10320 20261 40023 70522 87800 333 59016=",
"42139099999","2022-07-23T09:00:00","4","29.0166666","77.7166667","222.0","MEERUT, IN","FM-12","99999","V020","230,1,N,0015,1","99999,9,9,N","002000,1,9,9","+0314,1","+0261,1","10000,1",,"2,1,02,1","2,1,02,1","07,1,+00800,1,08,1",,,"9,AGL   ,+99999,+99999","07,99,1,07,1,99,9,00800,1,99,9,99,9",,,"9,9,999,9,-016,1","05,1","SYN05842139 31595 72303 10314 20261 40000 70522 87800 333 59016=",
"42139099999","2022-07-23T12:00:00","4","29.0166666","77.7166667","222.0","MEERUT, IN","FM-12","99999","V020","999,9,C,0000,1","99999,9,9,N","002000,1,9,9","+0272,1","+0264,1","09998,1","09,0070,3,1","9,1,02,1","6,1,02,1","06,1,+00800,1,08,1",,,"9,AGL   ,+99999,+99999","06,99,1,06,1,99,9,00800,1,99,9,99,9","240,M,+0324,1",,"9,9,999,9,-005,1","29,1","SYN07042139 21595 60000 10272 20264 49998 72996 86800 333 10324 59005 6007/=",
"42139099999","2022-07-24T03:00:00","4","29.0166666","77.7166667","222.0","MEERUT, IN","FM-12","99999","V020","230,1,N,0015,1","22000,1,9,N","002000,1,9,9","+0314,1","+0261,1","10012,1","24,0070,3,1","0,1,02,1","0,1,02,1","99,9,+99999,9,00,1",,,"9,AGL   ,+99999,+99999","02,99,1,00,1,99,9,99999,9,99,9,99,9","240,M,+0324,1","240,N,+0234,1","9,9,999,9,-015,1","05,1","SYN09242139 21995 22303 10314 20261 40012 70500 80001 333 10324 20234 59015 6007/ 555 00075 10221=","Q01    003SCCGA1"
"42139099999","2022-07-24T06:00:00","4","29.0166666","77.7166667","222.0","MEERUT, IN","FM-12","99999","V020","140,1,N,0021,1","99999,9,9,N","002000,1,9,9","+0326,1","+0262,1","10019,1",,"2,1,02,1","2,1,02,1","05,1,+00800,1,08,1",,,"9,AGL   ,+99999,+99999","05,99,1,05,1,99,9,00800,1,99,9,99,9",,,"9,9,999,9,-003,1","05,1","SYN05842139 31595 51404 10326 20262 40019 70522 85800 333 59003=",
"42139099999","2022-07-24T09:00:00","4","29.0166666","77.7166667","222.0","MEERUT, IN","FM-12","99999","V020","320,1,N,0015,1","99999,9,9,N","002000,1,9,9","+0334,1","+0265,1","10001,1",,"2,1,02,1","2,1,02,1","07,1,+00800,1,08,1",,,"9,AGL   ,+99999,+99999","07,99,1,07,1,99,9,00800,1,99,9,99,9",,,"9,9,999,9,+003,1","05,1","SYN05842139 31595 73203 10334 20265 40001 70522 87800 333 58003=",
"42139099999","2022-07-24T12:00:00","4","29.0166666","77.7166667","222.0","MEERUT, IN","FM-12","99999","V020","320,1,N,0015,1","99999,9,9,N","002000,1,9,9","+0330,1","+0260,1","09982,1",,"2,1,02,1","2,1,02,1","04,1,+00800,1,06,1","99,9,+99999,9,03,1",,"9,AGL   ,+99999,+99999","07,99,1,04,1,99,9,00800,1,99,9,99,9","240,M,+0341,1",,"9,9,999,9,-012,1","05,1","SYN06442139 31595 73203 10330 20260 49982 70522 84530 333 10341 59012=",
"42139099999","2022-07-25T03:00:00","4","29.0166666","77.7166667","222.0","MEERUT, IN","FM-12","99999","V020","090,1,N,0021,1","99999,9,9,N","002000,1,9,9","+0296,1","+0248,1","10041,1",,"2,1,02,1","2,1,02,1","02,1,+00800,1,06,1","99,9,+99999,9,03,1",,"9,AGL   ,+99999,+99999","05,99,1,02,1,99,9,00800,1,99,9,99,9","240,M,+0341,1","240,N,+0239,1","9,9,999,9,+026,1","05,1","SYN08042139 31595 50904 10296 20248 40041 70522 82530 333 10341 20239 58026 555 10221=",
"42139099999","2022-07-25T06:00:00","4","29.0166666","77.7166667","222.0","MEERUT, IN","FM-12","99999","V020","070,1,N,0015,1","99999,9,9,N","002000,1,9,9","+0320,1","+0246,1","10048,1",,"2,1,02,1","2,1,02,1","05,1,+00800,1,08,1",,,"9,AGL   ,+99999,+99999","05,99,1,05,1,99,9,00800,1,99,9,99,9",,,"9,9,999,9,+028,1","05,1","SYN05842139 31595 50703 10320 20246 40048 70522 85800 333 58028=",
"42139099999","2022-07-25T09:00:00","4","29.0166666","77.7166667","222.0","MEERUT, IN","FM-12","99999","V020","070,1,N,0021,1","99999,9,9,N","002000,1,9,9","+0326,1","+0250,1","10027,1",,"2,1,02,1","2,1,02,1","04,1,+00800,1,08,1","99,9,+99999,9,03,1",,"9,AGL   ,+99999,+99999","06,99,1,04,1,99,9,00800,1,99,9,99,9",,,"9,9,999,9,+024,1","05,1","SYN05842139 31595 60704 10326 20250 40027 70522 84830 333 58024=",
"42139099999","2022-07-25T12:00:00","4","29.0166666","77.7166667","222.0","MEERUT, IN","FM-12","99999","V020","050,1,N,0010,1","22000,1,9,N","002000,1,9,9","+0326,1","+0247,1","10010,1",,"2,1,02,1","2,1,02,1","02,1,+00800,1,08,1","99,9,+99999,9,03,1",,"9,AGL   ,+99999,+99999","04,99,1,02,1,99,9,00800,1,99,9,99,9","240,M,+0337,1",,"9,9,999,9,-027,1","05,1","SYN06442139 31595 40502 10326 20247 40010 70522 82830 333 10337 59027=",
"42139099999","2022-07-26T03:00:00","4","29.0166666","77.7166667","222.0","MEERUT, IN","FM-12","99999","V020","050,1,N,0015,1","99999,9,9,N","002000,1,9,9","+0280,1","+0252,1","10060,1","24,0002,3,1","6,1,02,1","2,1,02,1","05,1,+00800,1,06,1","99,9,+99999,9,05,1",,"9,AGL   ,+99999,+99999","08,99,1,05,1,99,9,00800,1,99,9,99,9","240,M,+0337,1","240,N,+0236,1","9,9,999,9,+017,1","61,1","SYN09242139 21595 80503 10280 20252 40060 76162 8552/ 333 10337 20236 58017 6992/ 555 00002 10221=",
"42139099999","2022-07-26T06:00:00","4","29.0166666","77.7166667","222.0","MEERUT, IN","FM-12","99999","V020","090,1,N,0021,1","99999,9,9,N","002000,1,9,9","+0300,1","+0246,1","10064,1","03,0001,3,1","6,1,02,1","2,1,02,1","02,1,+00800,1,06,1","99,9,+99999,9,03,1",,"9,AGL   ,+99999,+99999","05,99,1,02,1,99,9,00800,1,99,9,99,9",,,"9,9,999,9,+014,1","05,1","SYN06442139 21595 50904 10300 20246 40064 70562 82530 333 58014 6991/=",
"42139099999","2022-07-26T09:00:00","4","29.0166666","77.7166667","222.0","MEERUT, IN","FM-12","99999","V020","140,1,N,0015,1","22000,1,9,N","002000,1,9,9","+0324,1","+0244,1","10036,1","06,0001,3,1","2,1,02,1","1,1,02,1","04,1,+00800,1,08,1",,,"9,AGL   ,+99999,+99999","04,99,1,04,1,99,9,00800,1,99,9,99,9",,,"9,9,999,9,+009,1","05,1","SYN06442139 21595 41403 10324 20244 40036 70521 84100 333 58009 6991/=",
"42139099999","2022-07-26T12:00:00","4","29.0166666","77.7166667","222.0","MEERUT, IN","FM-12","99999","V020","090,1,N,0015,1","99999,9,9,N","002000,1,9,9","+0310,1","+0257,1","10022,1","09,0001,3,1","2,1,02,1","1,1,02,1","03,1,+00800,1,08,1","99,9,+99999,9,03,1",,"9,AGL   ,+99999,+99999","05,99,1,03,1,99,9,00800,1,99,9,99,9","240,M,+0334,1",,"9,9,999,9,+010,1","05,1","SYN07042139 21595 50903 10310 20257 40022 70521 83830 333 10334 58010 6991/=",
"42139099999","2022-07-27T03:00:00","4","29.0166666","77.7166667","222.0","MEERUT, IN","FM-12","99999","V020","320,1,N,0005,1","99999,9,9,N","002000,1,9,9","+0274,1","+0257,1","10058,1","24,0001,3,1","6,1,02,1","2,1,02,1","06,1,+00800,1,06,1","99,9,+99999,9,05,1",,"9,AGL   ,+99999,+99999","08,99,1,06,1,99,9,00800,1,99,9,99,9","240,M,+0334,1","240,N,+0236,1","9,9,999,9,-002,1","61,1","SYN09242139 21595 83201 10274 20257 40058 76162 8652/ 333 10334 20236 59002 6991/ 555 00001 10221=",
"42139099999","2022-07-27T06:00:00","4","29.0166666","77.7166667","222.0","MEERUT, IN","FM-12","99999","V020","050,1,N,0010,1","99999,9,9,N","002000,1,9,9","+0310,1","+0260,1","10055,1","03,0002,3,1","6,1,02,1","2,1,02,1","02,1,+00800,1,06,1","99,9,+99999,9,03,1",,"9,AGL   ,+99999,+99999","06,99,1,02,1,99,9,00800,1,99,9,99,9",,,"9,9,999,9,-008,1","05,1","SYN06442139 21595 60502 10310 20260 40055 70562 82530 333 59008 6992/=",
"42139099999","2022-07-27T09:00:00","4","29.0166666","77.7166667","222.0","MEERUT, IN","FM-12","99999","V020","180,1,N,0005,1","99999,9,9,N","002000,1,9,9","+0302,1","+0266,1","10042,1","06,0002,3,1","2,1,02,1","2,1,02,1","06,1,+00800,1,06,1","99,9,+99999,9,05,1",,"9,AGL   ,+99999,+99999","08,99,1,06,1,99,9,00800,1,99,9,99,9",,,"9,9,999,9,+004,1","05,1","SYN06442139 21595 81801 10302 20266 40042 70522 8652/ 333 58004 6992/=",
"42139099999","2022-07-27T12:00:00","4","29.0166666","77.7166667","222.0","MEERUT, IN","FM-12","99999","V020","050,1,N,0005,1","99999,9,9,N","002000,1,9,9","+0304,1","+0262,1","10023,1","09,0002,3,1","2,1,02,1","2,1,02,1","07,1,+00800,1,08,1",,,"9,AGL   ,+99999,+99999","07,99,1,07,1,99,9,00800,1,99,9,99,9","240,M,+0317,1",,"9,9,999,9,+001,1","05,1","SYN07042139 21595 70501 10304 20262 40023 70522 87800 333 10317 58001 6992/=",
"42139099999","2022-07-28T03:00:00","4","29.0166666","77.7166667","222.0","MEERUT, IN","FM-12","99999","V020","140,1,N,0010,1","99999,9,9,N","001000,1,9,9","+0278,1","+0264,1","10063,1","24,0006,3,1","6,1,02,1","2,1,02,1","05,1,+00800,1,06,1","99,9,+99999,9,05,1",,"9,AGL   ,+99999,+99999","08,99,1,05,1,99,9,00800,1,99,9,99,9","240,M,+0317,1","240,N,+0237,1","9,9,999,9,+004,1","61,1","SYN09242139 21594 81402 10278 20264 40063 76162 8552/ 333 10317 20237 58004 6996/ 555 00006 10221=",
"42139099999","2022-07-28T06:00:00","4","29.0166666","77.7166667","222.0","MEERUT, IN","FM-12","99999","V020","140,1,N,0010,1","99999,9,9,N","002000,1,9,9","+0312,1","+0262,1","10059,1","03,0010,3,1","6,1,02,1","2,1,02,1","04,1,+00800,1,06,1","99,9,+99999,9,03,1",,"9,AGL   ,+99999,+99999","06,99,1,04,1,99,9,00800,1,99,9,99,9",,,"9,9,999,9,+004,1","05,1","SYN06442139 21595 61402 10312 20262 40059 70562 84430 333 58004 6001/=",
"42139099999","2022-07-28T09:00:00","4","29.0166666","77.7166667","222.0","MEERUT, IN","FM-12","99999","V020","140,1,N,0015,1","99999,9,9,N","002000,1,9,9","+0332,1","+0253,1","10035,1","06,0010,3,1","2,1,02,1","2,1,02,1","05,1,+00800,1,08,1",,,"9,AGL   ,+99999,+99999","05,99,1,05,1,99,9,00800,1,99,9,99,9",,,"9,9,999,9,-005,1","05,1","SYN06442139 21595 51403 10332 20253 40035 70522 85800 333 59005 6001/=",
"42139099999","2022-07-28T12:00:00","4","29.0166666","77.7166667","222.0","MEERUT, IN","FM-12","99999","V020","999,9,V,0010,1","99999,9,9,N","002000,1,9,9","+0314,1","+0255,1","10026,1","09,0010,3,1","9,1,02,1","2,1,02,1","05,1,+00800,1,09,1","99,9,+99999,9,05,1",,"9,AGL   ,+99999,+99999","08,99,1,05,1,99,9,00800,1,99,9,99,9","240,M,+0339,1",,"9,9,999,9,+004,1","17,1","SYN07042139 21595 89902 10314 20255 40026 71792 8592/ 333 10339 58004 6001/=",
"42139099999","2022-07-29T03:00:00","4","29.0166666","77.7166667","222.0","MEERUT, IN","FM-12","99999","V020","999,9,C,0000,1","99999,9,9,N","002000,1,9,9","+0280,1","+0266,1","10055,1","24,0230,3,1","2,1,02,1","2,1,02,1","06,1,+00800,1,06,1","99,9,+99999,9,05,1",,"9,AGL   ,+99999,+99999","08,99,1,06,1,99,9,00800,1,99,9,99,9","240,M,+0339,1","240,N,+0232,1","9,9,999,9,-007,1","05,1","SYN09242139 21595 80000 10280 20266 40055 70522 8652/ 333 10339 20232 59007 6023/ 555 00234 10245=",
"42139099999","2022-07-29T06:00:00","4","29.0166666","77.7166667","222.0","MEERUT, IN","FM-12","99999","V020","999,9,C,0000,1","99999,9,9,N","002000,1,9,9","+0280,1","+0254,1","10059,1",,"2,1,02,1","2,1,02,1","06,1,+00800,1,06,1","99,9,+99999,9,05,1",,"9,AGL   ,+99999,+99999","08,99,1,06,1,99,9,00800,1,99,9,99,9",,,"9,9,999,9,-003,1","05,1","SYN05842139 31595 80000 10280 20254 40059 70522 8652/ 333 59003=",
"42139099999","2022-07-29T09:00:00","4","29.0166666","77.7166667","222.0","MEERUT, IN","FM-12","99999","V020","999,9,C,0000,1","99999,9,9,N","002000,1,9,9","+0282,1","+0259,1","10035,1","06,0002,3,1","6,1,02,1","5,1,02,1","04,1,+00800,1,06,1","99,9,+99999,9,03,1",,"9,AGL   ,+99999,+99999","08,99,1,04,1,99,9,00800,1,99,9,99,9",,,"9,9,999,9,-004,1","20,1","SYN06442139 21595 80000 10282 20259 40035 72065 8453/ 333 59004 6992/=",
"42139099999","2022-07-29T12:00:00","4","29.0166666","77.7166667","222.0","MEERUT, IN","FM-12","99999","V020","180,1,N,0005,1","99999,9,9,N","002000,1,9,9","+0300,1","+0264,1","10015,1","09,0002,3,1","6,1,02,1","5,1,02,1","04,1,+00800,1,06,1","99,9,+99999,9,03,1",,"9,AGL   ,+99999,+99999","07,99,1,04,1,99,9,00800,1,99,9,99,9","240,M,+0307,1",,"9,9,999,9,-012,1","05,1","SYN07042139 21595 71801 10300 20264 40015 70565 84530 333 10307 59012 6992/=",
"42139099999","2022-07-30T03:00:00","4","29.0166666","77.7166667","222.0","MEERUT, IN","FM-12","99999","V020","999,9,C,0000,1","99999,9,9,N","002000,1,9,9","+0272,1","+0261,1","10038,1","24,0010,3,1","2,1,02,1","2,1,02,1","03,1,+00800,1,06,1","99,9,+99999,9,04,1",,"9,AGL   ,+99999,+99999","08,99,1,03,1,99,9,00800,1,99,9,99,9","240,M,+0307,1","240,N,+0234,1","9,9,999,9,-017,1","05,1","SYN09242139 21595 80000 10272 20261 40038 70522 8351/ 333 10307 20234 59017 6001/ 555 00014 10246=",
"42139099999","2022-07-30T06:00:00","4","29.0166666","77.7166667","222.0","MEERUT, IN","FM-12","99999","V020","230,1,N,0010,1","99999,9,9,N","002000,1,9,9","+0290,1","+0259,1","10037,1",,"2,1,02,1","2,1,02,1","03,1,+00800,1,06,1","99,9,+99999,9,04,1",,"9,AGL   ,+99999,+99999","08,99,1,03,1,99,9,00800,1,99,9,99,9",,,"9,9,999,9,-021,1","05,1","SYN05842139 31595 82302 10290 20259 40037 70522 8351/ 333 59021=",
"42139099999","2022-07-30T09:00:00","4","29.0166666","77.7166667","222.0","MEERUT, IN","FM-12","99999","V020","999,9,C,0000,1","99999,9,9,N","002000,1,9,9","+0310,1","+0260,1","10016,1",,"2,1,02,1","2,1,02,1","05,1,+00800,1,06,1","99,9,+99999,9,03,1",,"9,AGL   ,+99999,+99999","07,99,1,05,1,99,9,00800,1,99,9,99,9",,,"9,9,999,9,-016,1","05,1","SYN05842139 31595 70000 10310 20260 40016 70522 85430 333 59016=",
"42139099999","2022-07-30T12:00:00","4","29.0166666","77.7166667","222.0","MEERUT, IN","FM-12","99999","V020","999,9,C,0000,1","99999,9,9,N","002000,1,9,9","+0290,1","+0265,1","10000,1","09,0003,3,1","6,1,02,1","2,1,02,1","04,1,+00800,1,06,1","99,9,+99999,9,05,1",,"9,AGL   ,+99999,+99999","08,99,1,04,1,99,9,00800,1,99,9,99,9","240,M,+0321,1",,"9,9,999,9,-015,1","61,1","SYN07042139 21595 80000 10290 20265 40000 76162 8452/ 333 10321 59015 6993/=",
"42139099999","2022-07-31T03:00:00","4","29.0166666","77.7166667","222.0","MEERUT, IN","FM-12","99999","V020","999,9,C,0000,1","99999,9,9,N","002000,1,9,9","+0260,1","+0251,1","10012,1","24,0140,3,1","6,1,02,1","2,1,02,1","03,1,+00800,1,06,1","99,9,+99999,9,03,1",,"9,AGL   ,+99999,+99999","07,99,1,03,1,99,9,00800,1,99,9,99,9","240,M,+0321,1","240,N,+0218,1","9,9,999,9,-026,1","21,1","SYN09242139 21595 70000 10260 20251 40012 72162 83530 333 10321 20218 59026 6014/ 555 00143 10261=",
"42139099999","2022-07-31T06:00:00","4","29.0166666","77.7166667","222.0","MEERUT, IN","FM-12","99999","V020","999,9,C,0000,1","99999,9,9,N","002000,1,9,9","+0282,1","+0262,1","10013,1",,"6,1,02,1","2,1,02,1","04,1,+00800,1,08,1","99,9,+99999,9,03,1",,"9,AGL   ,+99999,+99999","07,99,1,04,1,99,9,00800,1,99,9,99,9",,,"9,9,999,9,-022,1","05,1","SYN05842139 31595 70000 10282 20262 40013 70562 84830 333 59022=",
"42139099999","2022-07-31T09:00:00","4","29.0166666","77.7166667","222.0","MEERUT, IN","FM-12","99999","V020","999,9,C,0000,1","99999,9,9,N","002000,1,9,9","+0284,1","+0264,1","09993,1","06,0060,3,1","9,1,02,1","6,1,02,1","03,1,+00800,1,06,1","99,9,+99999,9,03,1",,"9,AGL   ,+99999,+99999","06,99,1,03,1,99,9,00800,1,99,9,99,9",,,"9,9,999,9,-024,1","29,1","SYN06442139 21595 60000 10284 20264 49993 72996 83530 333 59024 6006/=",
"42139099999","2022-07-31T12:00:00","4","29.0166666","77.7166667","222.0","MEERUT, IN","FM-12","99999","V020","999,9,C,0000,1","99999,9,9,N","002000,1,9,9","+0294,1","+0269,1","09983,1","09,0060,3,1","2,1,02,1","2,1,02,1","05,1,+00800,1,06,1","99,9,+99999,9,03,1",,"9,AGL   ,+99999,+99999","07,99,1,05,1,99,9,00800,1,99,9,99,9","240,M,+0300,1",,"9,9,999,9,-017,1","05,1","SYN07042139 21595 70000 10294 20269 49983 70522 85430 333 10300 59017 6006/=",
"42139099999","2022-08-01T03:00:00","4","29.0166666","77.7166667","222.0","MEERUT, IN","FM-12","99999","V020","999,9,C,0000,1","99999,9,9,N","002000,1,9,9","+0274,1","+0254,1","10018,1","24,0060,3,1","2,1,02,1","2,1,02,1","05,1,+00800,1,06,1","99,9,+99999,9,03,1",,"9,AGL   ,+99999,+99999","07,99,1,05,1,99,9,00800,1,99,9,99,9","240,M,+0300,1","240,N,+0228,1","9,9,999,9,+006,1","10,1","SYN09242139 21595 70000 10274 20254 40018 71022 85530 333 10300 20228 58006 6006/ 555 00063 10267=",
"42139099999","2022-08-01T06:00:00","4","29.0166666","77.7166667","222.0","MEERUT, IN","FM-12","99999","V020","999,9,C,0000,1","99999,9,9,N","002000,1,9,9","+0302,1","+0266,1","10015,1",,"2,1,02,1","2,1,02,1","04,1,+00800,1,06,1","99,9,+99999,9,03,1",,"9,AGL   ,+99999,+99999","07,99,1,04,1,99,9,00800,1,99,9,99,9",,,"9,9,999,9,+002,1","10,1","SYN05842139 31595 70000 10302 20266 40015 71022 84530 333 58002=",
"42139099999","2022-08-01T09:00:00","4","29.0166666","77.7166667","222.0","MEERUT, IN","FM-12","99999","V020","320,1,N,0021,1","99999,9,9,N","002000,1,9,9","+0304,1","+0259,1","09995,1",,"2,1,02,1","2,1,02,1","05,1,+00800,1,06,1","99,9,+99999,9,04,1",,"9,AGL   ,+99999,+99999","08,99,1,05,1,99,9,00800,1,99,9,99,9",,,"9,9,999,9,+003,1","05,1","SYN05842139 31595 83204 10304 20259 49995 70522 8551/ 333 58003=",
"42139099999","2022-08-01T12:00:00","4","29.0166666","77.7166667","222.0","MEERUT, IN","FM-12","99999","V020","999,9,C,0000,1","99999,9,9,N","002000,1,9,9","+0290,1","+0262,1","09979,1","09,0070,3,1","9,1,02,1","6,1,02,1","02,1,+00800,1,06,1","99,9,+99999,9,03,1",,"9,AGL   ,+99999,+99999","05,99,1,02,1,99,9,00800,1,99,9,99,9","240,M,+0334,1",,"9,9,999,9,-004,1","10,1","SYN07042139 21595 50000 10290 20262 49979 71096 82530 333 10334 59004 6007/=",
"42139099999","2022-08-02T03:00:00","4","29.0166666","77.7166667","222.0","MEERUT, IN","FM-12","99999","V020","999,9,C,0000,1","22000,1,9,N","002000,1,9,9","+0294,1","+0269,1","10004,1","24,0070,3,1","0,1,02,1","0,1,02,1","99,9,+99999,9,00,1",,,"9,AGL   ,+99999,+99999","01,99,1,00,1,99,9,99999,9,99,9,99,9","240,M,+0334,1","240,N,+0235,1","9,9,999,9,-011,1","05,1","SYN09242139 21995 10000 10294 20269 40004 70500 80001 333 10334 20235 59011 6007/ 555 00066 10273=","Q01    003SCCGA1"
"42139099999","2022-08-02T06:00:00","4","29.0166666","77.7166667","222.0","MEERUT, IN","FM-12","99999","V020","999,9,C,0000,1","99999,9,9,N","002000,1,9,9","+0330,1","+0266,1","10004,1",,"2,1,02,1","2,1,02,1","05,1,+00800,1,08,1",,,"9,AGL   ,+99999,+99999","05,99,1,05,1,99,9,00800,1,99,9,99,9",,,"9,9,999,9,-008,1","05,1","SYN05842139 31595 50000 10330 20266 40004 70522 85800 333 59008=",
"42139099999","2022-08-02T09:00:00","4","29.0166666","77.7166667","222.0","MEERUT, IN","FM-12","99999","V020","230,1,N,0005,1","99999,9,9,N","002000,1,9,9","+0346,1","+0272,1","09984,1",,"2,1,02,1","2,1,02,1","05,1,+00800,1,08,1",,,"9,AGL   ,+99999,+99999","05,99,1,05,1,99,9,00800,1,99,9,99,9",,,"9,9,999,9,-008,1","05,1","SYN05842139 31595 52301 10346 20272 49984 70522 85800 333 59008=",
"42139099999","2022-08-02T12:00:00","4","29.0166666","77.7166667","222.0","MEERUT, IN","FM-12","99999","V020","999,9,C,0000,1","22000,1,9,N","002000,1,9,9","+0338,1","+0272,1","09972,1",,"2,1,02,1","1,1,02,1","04,1,+99999,9,03,1",,,"9,AGL   ,+99999,+99999","04,99,1,04,1,99,9,99999,9,99,9,99,9","240,M,+0350,1",,"9,9,999,9,-003,1","05,1","SYN06442139 31995 40000 10338 20272 49972 70521 84030 333 10350 59003=",
"42139099999","2022-08-03T03:00:00","4","29.0166666","77.7166667","222.0","MEERUT, IN","FM-12","99999","V020","360,1,N,0005,1","00240,1,W,N","001000,1,9,9","+0280,1","+0266,1","10029,1",,"0,1,02,1","0,1,02,1","09,1,+99999,9,99,9",,,"9,AGL   ,+99999,+99999","09,99,1,09,1,99,9,99999,9,99,9,99,9","240,M,+0350,1","240,N,+0241,1","9,9,999,9,+022,1","10,1","SYN08042139 31/94 93601 10280 20266 40029 71000 89/// 333 10350 20241 58022 555 10273=",
"42139099999","2022-08-03T06:00:00","4","29.0166666","77.7166667","222.0","MEERUT, IN","FM-12","99999","V020","360,1,N,0010,1","99999,9,9,N","002000,1,9,9","+0314,1","+0273,1","10028,1",,"2,1,02,1","2,1,02,1","03,1,+00800,1,06,1","99,9,+99999,9,03,1",,"9,AGL   ,+99999,+99999","07,99,1,03,1,99,9,00800,1,99,9,99,9",,,"9,9,999,9,+022,1","10,1","SYN05842139 31595 73602 10314 20273 40028 71022 83530 333 58022=",
"42139099999","2022-08-03T09:00:00","4","29.0166666","77.7166667","222.0","MEERUT, IN","FM-12","99999","V020","050,1,N,0010,1","99999,9,9,N","002000,1,9,9","+0324,1","+0275,1","10006,1",,"2,1,02,1","2,1,02,1","06,1,+99999,9,03,1",,,"9,AGL   ,+99999,+99999","06,99,1,06,1,99,9,99999,9,99,9,99,9",,,"9,9,999,9,+021,1","05,1","SYN05842139 31995 60502 10324 20275 40006 70522 86030 333 58021=",
"42139099999","2022-08-03T12:00:00","4","29.0166666","77.7166667","222.0","MEERUT, IN","FM-12","99999","V020","999,9,C,0000,1","99999,9,9,N","002000,1,9,9","+0322,1","+0272,1","09988,1",,"2,1,02,1","2,1,02,1","02,1,+99999,9,03,1","99,9,+99999,9,00,1",,"9,AGL   ,+99999,+99999","06,99,1,02,1,99,9,99999,9,99,9,99,9","240,M,+0331,1",,"9,9,999,9,+015,1","05,1","SYN06442139 31995 60000 10322 20272 49988 70522 82031 333 10331 58015=",
"42139099999","2022-08-04T03:00:00","4","29.0166666","77.7166667","222.0","MEERUT, IN","FM-12","99999","V020","050,1,N,0010,1","99999,9,9,N","002000,1,9,9","+0278,1","+0258,1","10040,1",,"2,1,02,1","2,1,02,1","03,1,+99999,9,06,1","99,9,+99999,9,04,1",,"9,AGL   ,+99999,+99999","08,99,1,03,1,99,9,99999,9,99,9,99,9","240,M,+0331,1","240,N,+0239,1","9,9,999,9,+011,1","05,1","SYN08042139 31995 80502 10278 20258 40040 70522 8351/ 333 10331 20239 58011 555 10273=",
"42139099999","2022-08-04T06:00:00","4","29.0166666","77.7166667","222.0","MEERUT, IN","FM-12","99999","V020","050,1,N,0015,1","99999,9,9,N","002000,1,9,9","+0302,1","+0263,1","10034,1",,"2,1,02,1","2,1,02,1","02,1,+00800,1,06,1","99,9,+99999,9,03,1",,"9,AGL   ,+99999,+99999","07,99,1,02,1,99,9,00800,1,99,9,99,9",,,"9,9,999,9,+005,1","05,1","SYN05842139 31595 70503 10302 20263 40034 70522 82530 333 58005=",
"42139099999","2022-08-04T09:00:00","4","29.0166666","77.7166667","222.0","MEERUT, IN","FM-12","99999","V020","180,1,N,0010,1","99999,9,9,N","002000,1,9,9","+0320,1","+0258,1","10011,1",,"2,1,02,1","2,1,02,1","05,1,+00800,1,08,1",,,"9,AGL   ,+99999,+99999","05,99,1,05,1,99,9,00800,1,99,9,99,9",,,"9,9,999,9,+004,1","05,1","SYN05842139 31595 51802 10320 20258 40011 70522 85800 333 58004=",
"42139099999","2022-08-04T12:00:00","4","29.0166666","77.7166667","222.0","MEERUT, IN","FM-12","99999","V020","090,1,N,0015,1","99999,9,9,N","002000,1,9,9","+0310,1","+0257,1","09995,1",,"2,1,02,1","2,1,02,1","05,1,+00800,1,08,1",,,"9,AGL   ,+99999,+99999","05,99,1,05,1,99,9,00800,1,99,9,99,9","240,M,+0328,1",,"9,9,999,9,-015,1","05,1","SYN06442139 31595 50903 10310 20257 49995 70522 85800 333 10328 59015=",
"42139099999","2022-08-05T03:00:00","4","29.0166666","77.7166667","222.0","MEERUT, IN","FM-12","99999","V020","050,1,N,0010,1","99999,9,9,N","002000,1,9,9","+0278,1","+0258,1","10030,1",,"2,1,02,1","2,1,02,1","05,1,+00800,1,06,1","99,9,+99999,9,04,1",,"9,AGL   ,+99999,+99999","08,99,1,05,1,99,9,00800,1,99,9,99,9","240,M,+0328,1","240,N,+0237,1","9,9,999,9,-010,1","10,1","SYN08042139 31595 80502 10278 20258 40030 71022 8551/ 333 10328 20237 59010 555 10273=",
"42139099999","2022-08-05T06:00:00","4","29.0166666","77.7166667","222.0","MEERUT, IN","FM-12","99999","V020","999,9,C,0000,1","99999,9,9,N","002000,1,9,9","+0278,1","+0261,1","10025,1","03,0010,3,1","6,1,02,1","2,1,02,1","05,1,+00800,1,06,1","99,9,+99999,9,04,1",,"9,AGL   ,+99999,+99999","08,99,1,05,1,99,9,00800,1,99,9,99,9",,,"9,9,999,9,-012,1","21,1","SYN06442139 21595 80000 10278 20261 40025 72162 8551/ 333 59012 6001/=",
"42139099999","2022-08-05T09:00:00","4","29.0166666","77.7166667","222.0","MEERUT, IN","FM-12","99999","V020","050,1,N,0015,1","99999,9,9,N","002000,1,9,9","+0298,1","+0259,1","09998,1","06,0010,3,1","2,1,02,1","2,1,02,1","04,1,+00800,1,06,1","99,9,+99999,9,03,1",,"9,AGL   ,+99999,+99999","06,99,1,04,1,99,9,00800,1,99,9,99,9",,,"9,9,999,9,-015,1","05,1","SYN06442139 21595 60503 10298 20259 49998 70522 84430 333 59015 6001/=",
"42139099999","2022-08-05T12:00:00","4","29.0166666","77.7166667","222.0","MEERUT, IN","FM-12","99999","V020","999,9,C,0000,1","99999,9,9,N","002000,1,9,9","+0302,1","+0260,1","09983,1","09,0010,3,1","2,1,02,1","2,1,02,1","05,1,+00800,1,06,1",,,"9,AGL   ,+99999,+99999","05,99,1,05,1,99,9,00800,1,99,9,99,9","240,M,+0309,1",,"9,9,999,9,-012,1","05,1","SYN07042139 21595 50000 10302 20260 49983 70522 85400 333 10309 59012 6001/=",
"42139099999","2022-08-06T03:00:00","4","29.0166666","77.7166667","222.0","MEERUT, IN","FM-12","99999","V020","999,9,C,0000,1","22000,1,9,N","002000,1,9,9","+0286,1","+0266,1","10007,1","24,0010,3,1","1,1,02,1","0,1,02,1","99,9,+99999,9,00,1",,,"9,AGL   ,+99999,+99999","03,99,1,00,1,99,9,99999,9,99,9,99,9","240,M,+0309,1","240,N,+0234,1","9,9,999,9,-020,1","05,1","SYN09242139 21995 30000 10286 20266 40007 70510 80001 333 10309 20234 59020 6001/ 555 00014 10275=","Q01    003SCCGA1"
"42139099999","2022-08-06T06:00:00","4","29.0166666","77.7166667","222.0","MEERUT, IN","FM-12","99999","V020","140,1,N,0010,1","99999,9,9,N","002000,1,9,9","+0320,1","+0270,1","09998,1",,"2,1,02,1","2,1,02,1","07,1,+00800,1,08,1",,,"9,AGL   ,+99999,+99999","07,99,1,07,1,99,9,00800,1,99,9,99,9",,,"9,9,999,9,-022,1","05,1","SYN05842139 31595 71402 10320 20270 49998 70522 87800 333 59022=",
"42139099999","2022-08-06T09:00:00","4","29.0166666","77.7166667","222.0","MEERUT, IN","FM-12","99999","V020","999,9,C,0000,1","99999,9,9,N","002000,1,9,9","+0336,1","+0267,1","09969,1",,"2,1,02,1","2,1,02,1","05,1,+99999,9,03,1",,,"9,AGL   ,+99999,+99999","05,99,1,05,1,99,9,99999,9,99,9,99,9",,,"9,9,999,9,-025,1","05,1","SYN05842139 31995 50000 10336 20267 49969 70522 85030 333 59025=",
"42139099999","2022-08-06T12:00:00","4","29.0166666","77.7166667","222.0","MEERUT, IN","FM-12","99999","V020","999,9,C,0000,1","99999,9,9,N","002000,1,9,9","+0328,1","+0270,1","09952,1",,"9,1,02,1","2,1,02,1","06,1,+00800,1,09,1","99,9,+99999,9,05,1",,"9,AGL   ,+99999,+99999","08,99,1,06,1,99,9,00800,1,99,9,99,9","240,M,+0339,1",,"9,9,999,9,-028,1","17,1","SYN06442139 31595 80000 10328 20270 49952 71792 8692/ 333 10339 59028=",
"42139099999","2022-08-07T03:00:00","4","29.0166666","77.7166667","222.0","MEERUT, IN","FM-12","99999","V020","050,1,N,0015,1","99999,9,9,N","002000,1,9,9","+0252,1","+0237,1","10007,1","24,0000,2,1","5,1,02,1","2,1,02,1","05,1,+00800,1,06,1","99,9,+99999,9,05,1",,"9,AGL   ,+99999,+99999","08,99,1,05,1,99,9,00800,1,99,9,99,9","240,M,+0339,1","240,N,+0220,1","9,9,999,9,-003,1","50,1","SYN09242139 21595 80503 10252 20237 40007 75052 8552/ 333 10339 20220 59003 6990/ 555 00000 10275=",
"42139099999","2022-08-07T06:00:00","4","29.0166666","77.7166667","222.0","MEERUT, IN","FM-12","99999","V020","999,9,C,0000,1","99999,9,9,N","002000,1,9,9","+0260,1","+0251,1","10008,1","03,0020,3,1","6,1,02,1","5,1,02,1","05,1,+00800,1,06,1","99,9,+99999,9,05,1",,"9,AGL   ,+99999,+99999","08,99,1,05,1,99,9,00800,1,99,9,99,9",,,"9,9,999,9,+005,1","61,1","SYN06442139 21595 80000 10260 20251 40008 76165 8552/ 333 58005 6002/=",
"42139099999","2022-08-07T09:00:00","4","29.0166666","77.7166667","222.0","MEERUT, IN","FM-12","99999","V020","230,1,N,0010,1","99999,9,9,N","002000,1,9,9","+0280,1","+0254,1","09993,1","06,0020,3,1","6,1,02,1","2,1,02,1","05,1,+00800,1,06,1","99,9,+99999,9,03,1",,"9,AGL   ,+99999,+99999","07,99,1,05,1,99,9,00800,1,99,9,99,9",,,"9,9,999,9,+019,1","05,1","SYN06442139 21595 72302 10280 20254 49993 70562 85430 333 58019 6002/=",
"42139099999","2022-08-07T12:00:00","4","29.0166666","77.7166667","222.0","MEERUT, IN","FM-12","99999","V020","999,9,C,0000,1","99999,9,9,N","002000,1,9,9","+0290,1","+0250,1","09973,1","09,0020,3,1","2,1,02,1","2,1,02,1","02,1,+00800,1,06,1","99,9,+99999,9,03,1",,"9,AGL   ,+99999,+99999","05,99,1,02,1,99,9,00800,1,99,9,99,9","240,M,+0294,1",,"9,9,999,9,+017,1","05,1","SYN07042139 21595 50000 10290 20250 49973 70522 82530 333 10294 58017 6002/=",
"42139099999","2022-08-08T03:00:00","4","29.0166666","77.7166667","222.0","MEERUT, IN","FM-12","99999","V020","050,1,N,0010,1","22000,1,9,N","002000,1,9,9","+0296,1","+0260,1","09995,1","24,0020,3,1","0,1,02,1","0,1,02,1","99,9,+99999,9,00,1",,,"9,AGL   ,+99999,+99999","03,99,1,00,1,99,9,99999,9,99,9,99,9","240,M,+0294,1","240,N,+0226,1","9,9,999,9,-009,1","10,1","SYN09242139 21995 30502 10296 20260 49995 71000 80001 333 10294 20226 59009 6002/ 555 00024 10277=","Q01    003SCCGA1"
"42139099999","2022-08-08T06:00:00","4","29.0166666","77.7166667","222.0","MEERUT, IN","FM-12","99999","V020","999,9,C,0000,1","22000,1,9,N","002000,1,9,9","+0336,1","+0255,1","09986,1",,"0,1,02,1","0,1,02,1","03,1,+00800,1,06,1",,,"9,AGL   ,+99999,+99999","03,99,1,03,1,99,9,00800,1,99,9,99,9",,,"9,9,999,9,-015,1","05,1","SYN05842139 31595 30000 10336 20255 49986 70500 83500 333 59015=",
"42139099999","2022-08-08T09:00:00","4","29.0166666","77.7166667","222.0","MEERUT, IN","FM-12","99999","V020","999,9,C,0000,1","22000,1,9,N","002000,1,9,9","+0338,1","+0269,1","09973,1",,"1,1,02,1","1,1,02,1","04,1,+00800,1,06,1",,,"9,AGL   ,+99999,+99999","04,99,1,04,1,99,9,00800,1,99,9,99,9",,,"9,9,999,9,-015,1","05,1","SYN05842139 31595 40000 10338 20269 49973 70511 84400 333 59015=",
"42139099999","2022-08-08T12:00:00","4","29.0166666","77.7166667","222.0","MEERUT, IN","FM-12","99999","V020","999,9,C,0000,1","99999,9,9,N","002000,1,9,9","+0338,1","+0269,1","09954,1",,"2,1,02,1","2,1,02,1","03,1,+00800,1,08,1","99,9,+99999,9,00,1",,"9,AGL   ,+99999,+99999","06,99,1,03,1,99,9,00800,1,99,9,99,9","240,M,+0348,1",,"9,9,999,9,-015,1","05,1","SYN06442139 31595 60000 10338 20269 49954 70522 83801 333 10348 59015=",
"42139099999","2022-08-09T03:00:00","4","29.0166666","77.7166667","222.0","MEERUT, IN","FM-12","99999","V020","360,1,N,0005,1","22000,1,9,N","002000,1,9,9","+0328,1","+0270,1","09996,1",,"0,1,02,1","0,1,02,1","99,9,+99999,9,00,1",,,"9,AGL   ,+99999,+99999","01,99,1,00,1,99,9,99999,9,99,9,99,9","240,M,+0348,1","240,N,+0246,1","9,9,999,9,+004,1","05,1","SYN08042139 31995 13601 10328 20270 49996 70500 80001 333 10348 20246 58004 555 10277=","Q01    003SCCGA1"
"42139099999","2022-08-09T06:00:00","4","29.0166666","77.7166667","222.0","MEERUT, IN","FM-12","99999","V020","050,1,N,0005,1","99999,9,9,N","002000,1,9,9","+0350,1","+0267,1","09988,1",,"2,1,02,1","2,1,02,1","05,1,+00800,1,08,1",,,"9,AGL   ,+99999,+99999","05,99,1,05,1,99,9,00800,1,99,9,99,9",,,"9,9,999,9,+002,1","05,1","SYN05842139 31595 50501 10350 20267 49988 70522 85800 333 58002=",
"42139099999","2022-08-09T09:00:00","4","29.0166666","77.7166667","222.0","MEERUT, IN","FM-12","99999","V020","050,1,N,0010,1","99999,9,9,N","002000,1,9,9","+0348,1","+0271,1","09967,1",,"2,1,02,1","2,1,02,1","05,1,+00800,1,08,1","99,9,+99999,9,03,1",,"9,AGL   ,+99999,+99999","07,99,1,05,1,99,9,00800,1,99,9,99,9",,,"9,9,999,9,-006,1","05,1","SYN05842139 31595 70502 10348 20271 49967 70522 85830 333 59006=",
"42139099999","2022-08-09T12:00:00","4","29.0166666","77.7166667","222.0","MEERUT, IN","FM-12","99999","V020","999,9,C,0000,1","22000,1,9,N","002000,1,9,9","+0350,1","+0258,1","09955,1",,"0,1,02,1","0,1,02,1","02,1,+00800,1,08,1",,,"9,AGL   ,+99999,+99999","02,99,1,02,1,99,9,00800,1,99,9,99,9","240,M,+0358,1",,"9,9,999,9,+003,1","05,1","SYN06442139 31595 20000 10350 20258 49955 70500 82800 333 10358 58003=",
"42139099999","2022-08-10T03:00:00","4","29.0166666","77.7166667","222.0","MEERUT, IN","FM-12","99999","V020","090,1,N,0015,1","22000,1,9,N","002000,1,9,9","+0328,1","+0246,1","09975,1",,"1,1,02,1","0,1,02,1","02,1,+00800,1,08,1",,,"9,AGL   ,+99999,+99999","02,99,1,02,1,99,9,00800,1,99,9,99,9","240,M,+0358,1","240,N,+0251,1","9,9,999,9,-021,1","05,1","SYN08042139 31595 20903 10328 20246 49975 70510 82100 333 10358 20251 59021 555 10277=",
"42139099999","2022-08-10T06:00:00","4","29.0166666","77.7166667","222.0","MEERUT, IN","FM-12","99999","V020","180,1,N,0010,1","22000,1,9,N","002000,1,9,9","+0344,1","+0270,1","09973,1",,"1,1,02,1","1,1,02,1","04,1,+99999,9,03,1",,,"9,AGL   ,+99999,+99999","04,99,1,04,1,99,9,99999,9,99,9,99,9",,,"9,9,999,9,-015,1","05,1","SYN05842139 31995 41802 10344 20270 49973 70511 84030 333 59015=",
"42139099999","2022-08-10T09:00:00","4","29.0166666","77.7166667","222.0","MEERUT, IN","FM-12","99999","V020","140,1,N,0010,1","99999,9,9,N","002000,1,9,9","+0350,1","+0239,1","09959,1",,"2,1,02,1","1,1,02,1","02,1,+00800,1,08,1","99,9,+99999,9,03,1",,"9,AGL   ,+99999,+99999","05,99,1,02,1,99,9,00800,1,99,9,99,9",,,"9,9,999,9,-006,1","05,1","SYN05842139 31595 51402 10350 20239 49959 70521 82130 333 59006=",
"42139099999","2022-08-10T12:00:00","4","29.0166666","77.7166667","222.0","MEERUT, IN","FM-12","99999","V020","140,1,N,0010,1","22000,1,9,N","002000,1,9,9","+0344,1","+0238,1","09946,1",,"1,1,02,1","1,1,02,1","02,1,+00800,1,08,1",,,"9,AGL   ,+99999,+99999","02,99,1,02,1,99,9,00800,1,99,9,99,9","240,M,+0361,1",,"9,9,999,9,-009,1","05,1","SYN06442139 31595 21402 10344 20238 49946 70511 82100 333 10361 59009=",
"42139099999","2022-08-11T03:00:00","4","29.0166666","77.7166667","222.0","MEERUT, IN","FM-12","99999","V020","050,1,N,0021,1","99999,9,9,N","002000,1,9,9","+0280,1","+0237,1","10008,1",,"2,1,02,1","2,1,02,1","04,1,+00800,1,06,1","99,9,+99999,9,03,1",,"9,AGL   ,+99999,+99999","07,99,1,04,1,99,9,00800,1,99,9,99,9","240,M,+0361,1","240,N,+0244,1","9,9,999,9,+027,1","05,1","SYN08042139 31595 70504 10280 20237 40008 70522 84530 333 10361 20244 58027 555 10277=",
"42139099999","2022-08-11T06:00:00","4","29.0166666","77.7166667","222.0","MEERUT, IN","FM-12","99999","V020","340,1,N,0010,1","99999,9,9,N","002000,1,9,9","+0290,1","+0238,1","10001,1","03,0003,3,1","6,1,02,1","2,1,02,1","03,1,+00800,1,06,1","99,9,+99999,9,03,1",,"9,AGL   ,+99999,+99999","07,99,1,03,1,99,9,00800,1,99,9,99,9",,,"9,9,999,9,+024,1","05,1","SYN06442139 21595 73402 10290 20238 40001 70562 83530 333 58024 6993/=",
"42139099999","2022-08-11T09:00:00","4","29.0166666","77.7166667","222.0","MEERUT, IN","FM-12","99999","V020","999,9,C,0000,1","99999,9,9,N","002000,1,9,9","+0302,1","+0239,1","09987,1","06,0003,3,1","2,1,02,1","2,1,02,1","04,1,+00800,1,06,1","99,9,+99999,9,03,1",,"9,AGL   ,+99999,+99999","07,99,1,04,1,99,9,00800,1,99,9,99,9",,,"9,9,999,9,+023,1","05,1","SYN06442139 21595 70000 10302 20239 49987 70522 84530 333 58023 6993/=",
"42139099999","2022-08-11T12:00:00","4","29.0166666","77.7166667","222.0","MEERUT, IN","FM-12","99999","V020","050,1,N,0010,1","99999,9,9,N","002000,1,9,9","+0300,1","+0249,1","09987,1","09,0003,3,1","6,1,02,1","2,1,02,1","02,1,+00800,1,06,1","99,9,+99999,9,03,1",,"9,AGL   ,+99999,+99999","06,99,1,02,1,99,9,00800,1,99,9,99,9","240,M,+0312,1",,"9,9,999,9,+035,1","05,1","SYN07042139 21595 60502 10300 20249 49987 70562 82530 333 10312 58035 6993/=",
"42139099999","2022-08-12T03:00:00","4","29.0166666","77.7166667","222.0","MEERUT, IN","FM-12","99999","V020","140,1,N,0015,1","99999,9,9,N","002000,1,9,9","+0312,1","+0240,1","10003,1","24,0030,3,1","0,1,02,1","0,1,02,1",,,,,,"240,M,+0312,1","240,N,+0230,1","9,9,999,9,+000,1","05,1","SYN08642139 21995 01403 10312 20240 40003 70500 333 10312 20230 58000 6003/ 555 00003 10278=",
"42139099999","2022-08-12T06:00:00","4","29.0166666","77.7166667","222.0","MEERUT, IN","FM-12","99999","V020","140,1,N,0021,1","22000,1,9,N","002000,1,9,9","+0336,1","+0239,1","09997,1",,"1,1,02,1","0,1,02,1","02,1,+00800,1,08,1",,,"9,AGL   ,+99999,+99999","02,99,1,02,1,99,9,00800,1,99,9,99,9",,,"9,9,999,9,+000,1","05,1","SYN05842139 31595 21404 10336 20239 49997 70510 82100 333 58000=",
"42139099999","2022-08-12T09:00:00","4","29.0166666","77.7166667","222.0","MEERUT, IN","FM-12","99999","V020","140,1,N,0021,1","22000,1,9,N","002000,1,9,9","+0344,1","+0245,1","09970,1",,"1,1,02,1","1,1,02,1","04,1,+00800,1,08,1",,,"9,AGL   ,+99999,+99999","04,99,1,04,1,99,9,00800,1,99,9,99,9",,,"9,9,999,9,-004,1","05,1","SYN05842139 31595 41404 10344 20245 49970 70511 84100 333 59004=",
"42139099999","2022-08-12T12:00:00","4","29.0166666","77.7166667","222.0","MEERUT, IN","FM-12","99999","V020","140,1,N,0015,1","22000,1,9,N","002000,1,9,9","+0340,1","+0247,1","09968,1",,"1,1,02,1","1,1,02,1","03,1,+00800,1,08,1",,,"9,AGL   ,+99999,+99999","03,99,1,03,1,99,9,00800,1,99,9,99,9","240,M,+0356,1",,"9,9,999,9,-015,1","05,1","SYN06442139 31595 31403 10340 20247 49968 70511 83100 333 10356 59015=",
"42139099999","2022-08-13T03:00:00","4","29.0166666","77.7166667","222.0","MEERUT, IN","FM-12","99999","V020","140,1,N,0015,1","22000,1,9,N","002000,1,9,9","+0306,1","+0255,1","09988,1",,"1,1,02,1","0,1,02,1","02,1,+00800,1,08,1",,,"9,AGL   ,+99999,+99999","02,99,1,02,1,99,9,00800,1,99,9,99,9","240,M,+0356,1","240,N,+0234,1","9,9,999,9,-016,1","05,1","SYN08042139 31595 21403 10306 20255 49988 70510 82100 333 10356 20234 59016 555 10278=",
"42139099999","2022-08-13T06:00:00","4","29.0166666","77.7166667","222.0","MEERUT, IN","FM-12","99999","V020","140,1,N,0021,1","22000,1,9,N","002000,1,9,9","+0340,1","+0247,1","09988,1",,"1,1,02,1","1,1,02,1","04,1,+00800,1,08,1",,,"9,AGL   ,+99999,+99999","04,99,1,04,1,99,9,00800,1,99,9,99,9",,,"9,9,999,9,-011,1","05,1","SYN05842139 31595 41404 10340 20247 49988 70511 84100 333 59011=",
"42139099999","2022-08-13T09:00:00","4","29.0166666","77.7166667","222.0","MEERUT, IN","FM-12","99999","V020","140,1,N,0021,1","22000,1,9,N","002000,1,9,9","+0350,1","+0252,1","09976,1",,"1,1,02,1","1,1,02,1","03,1,+00800,1,08,1",,,"9,AGL   ,+99999,+99999","03,99,1,03,1,99,9,00800,1,99,9,99,9",,,"9,9,999,9,-004,1","05,1","SYN05842139 31595 31404 10350 20252 49976 70511 83100 333 59004=",
"42139099999","2022-08-13T12:00:00","4","29.0166666","77.7166667","222.0","MEERUT, IN","FM-12","99999","V020","180,1,N,0015,1","99999,9,9,N","002000,1,9,9","+0338,1","+0251,1","09967,1",,"2,1,02,1","1,1,02,1","05,1,+00800,1,06,1",,,"9,AGL   ,+99999,+99999","05,99,1,05,1,99,9,00800,1,99,9,99,9","240,M,+0353,1",,"9,9,999,9,-001,1","05,1","SYN06442139 31595 51803 10338 20251 49967 70521 85400 333 10353 59001=",
"42139099999","2022-08-14T03:00:00","4","29.0166666","77.7166667","222.0","MEERUT, IN","FM-12","99999","V020","999,9,C,0000,1","22000,1,9,N","002000,1,9,9","+0314,1","+0267,1","10008,1",,"0,1,02,1","0,1,02,1","99,9,+99999,9,00,1",,,"9,AGL   ,+99999,+99999","03,99,1,00,1,99,9,99999,9,99,9,99,9","240,M,+0353,1","240,N,+0250,1","9,9,999,9,+020,1","05,1","SYN08042139 31995 30000 10314 20267 40008 70500 80001 333 10353 20250 58020 555 10278=","Q01    003SCCGA1"
"42139099999","2022-08-14T06:00:00","4","29.0166666","77.7166667","222.0","MEERUT, IN","FM-12","99999","V020","999,9,C,0000,1","99999,9,9,N","002000,1,9,9","+0340,1","+0265,1","10015,1",,"1,1,02,1","1,1,02,1","05,1,+00800,1,08,1",,,"9,AGL   ,+99999,+99999","05,99,1,05,1,99,9,00800,1,99,9,99,9",,,"9,9,999,9,+027,1","05,1","SYN05842139 31595 50000 10340 20265 40015 70511 85800 333 58027=",
"42139099999","2022-08-14T09:00:00","4","29.0166666","77.7166667","222.0","MEERUT, IN","FM-12","99999","V020","180,1,N,0041,1","99999,9,9,N","001000,1,9,9","+0280,1","+0260,1","10021,1","06,0002,3,1","9,1,02,1","6,1,02,1","05,1,+00800,1,09,1","99,9,+99999,9,05,1",,"9,AGL   ,+99999,+99999","08,99,1,05,1,99,9,00800,1,99,9,99,9",,,"9,9,999,9,+038,1","95,1","SYN06442139 21594 81808 10280 20260 40021 79596 8592/ 333 58038 6992/=",
"42139099999","2022-08-14T12:00:00","4","29.0166666","77.7166667","222.0","MEERUT, IN","FM-12","99999","V020","999,9,C,0000,1","99999,9,9,N","002000,1,9,9","+0270,1","+0256,1","10013,1","09,0160,3,1","9,1,02,1","6,1,02,1","04,1,+00800,1,06,1","99,9,+99999,9,03,1",,"9,AGL   ,+99999,+99999","07,99,1,04,1,99,9,00800,1,99,9,99,9","240,M,+0356,1",,"9,9,999,9,+039,1","05,1","SYN07042139 21595 70000 10270 20256 40013 70596 84530 333 10356 58039 6016/=",
"42139099999","2022-08-15T03:00:00","4","29.0166666","77.7166667","222.0","MEERUT, IN","FM-12","99999","V020","050,1,N,0010,1","99999,9,9,N","002000,1,9,9","+0274,1","+0245,1","10032,1","24,0160,3,1","2,1,02,1","2,1,02,1","02,1,+00800,1,06,1","99,9,+99999,9,03,1",,"9,AGL   ,+99999,+99999","05,99,1,02,1,99,9,00800,1,99,9,99,9","240,M,+0356,1","240,N,+0218,1","9,9,999,9,+020,1","05,1","SYN09242139 21595 50502 10274 20245 40032 70522 82530 333 10356 20218 58020 6016/ 555 00161 10294=",
"42139099999","2022-08-15T06:00:00","4","29.0166666","77.7166667","222.0","MEERUT, IN","FM-12","99999","V020","050,1,N,0010,1","99999,9,9,N","002000,1,9,9","+0308,1","+0254,1","10039,1",,"2,1,02,1","2,1,02,1","03,1,+00800,1,06,1","99,9,+99999,9,03,1",,"9,AGL   ,+99999,+99999","07,99,1,03,1,99,9,00800,1,99,9,99,9",,,"9,9,999,9,+022,1","05,1","SYN05842139 31595 70502 10308 20254 40039 70522 83530 333 58022=",
"42139099999","2022-08-15T09:00:00","4","29.0166666","77.7166667","222.0","MEERUT, IN","FM-12","99999","V020","050,1,N,0010,1","99999,9,9,N","002000,1,9,9","+0332,1","+0247,1","10025,1",,"2,1,02,1","2,1,02,1","03,1,+00800,1,06,1","99,9,+99999,9,03,1",,"9,AGL   ,+99999,+99999","05,99,1,03,1,99,9,00800,1,99,9,99,9",,,"9,9,999,9,+009,1","05,1","SYN05842139 31595 50502 10332 20247 40025 70522 83430 333 58009=",
"42139099999","2022-08-15T12:00:00","4","29.0166666","77.7166667","222.0","MEERUT, IN","FM-12","99999","V020","050,1,N,0015,1","99999,9,9,N","002000,1,9,9","+0330,1","+0245,1","10004,1",,"2,1,02,1","2,1,02,1","05,1,+00800,1,06,1",,,"9,AGL   ,+99999,+99999","05,99,1,05,1,99,9,00800,1,99,9,99,9","240,M,+0344,1",,"9,9,999,9,-003,1","05,1","SYN06442139 31595 50503 10330 20245 40004 70522 85400 333 10344 59003=",
"42139099999","2022-08-16T03:00:00","4","29.0166666","77.7166667","222.0","MEERUT, IN","FM-12","99999","V020","320,1,N,0031,1","99999,9,9,N","002000,1,9,9","+0300,1","+0227,1","10024,1","24,0000,9,1","2,1,02,1","2,1,02,1","05,1,+00800,1,06,1","99,9,+99999,9,03,1",,"9,AGL   ,+99999,+99999","07,99,1,05,1,99,9,00800,1,99,9,99,9","240,M,+0344,1","240,N,+0236,1","9,9,999,9,-006,1","05,1","SYN08642139 21595 73206 10300 20227 40024 70522 85530 333 10344 20236 59006 6990/ 555 10294=","Q01  00002PRCP24"
"42139099999","2022-08-16T06:00:00","4","29.0166666","77.7166667","222.0","MEERUT, IN","FM-12","99999","V020","140,1,N,0036,1","99999,9,9,N","002000,1,9,9","+0318,1","+0234,1","10020,1",,"2,1,02,1","2,1,02,1","04,1,+00800,1,06,1","99,9,+99999,9,03,1",,"9,AGL   ,+99999,+99999","07,99,1,04,1,99,9,00800,1,99,9,99,9",,,"9,9,999,9,-018,1","05,1","SYN05842139 31595 71407 10318 20234 40020 70522 84530 333 59018=",
"42139099999","2022-08-16T09:00:00","4","29.0166666","77.7166667","222.0","MEERUT, IN","FM-12","99999","V020","140,1,N,0026,1","99999,9,9,N","002000,1,9,9","+0302,1","+0242,1","10008,1",,"2,1,02,1","2,1,02,1","05,1,+00800,1,06,1","99,9,+99999,9,03,1",,"9,AGL   ,+99999,+99999","07,99,1,05,1,99,9,00800,1,99,9,99,9",,,"9,9,999,9,-018,1","05,1","SYN05842139 31595 71405 10302 20242 40008 70522 85530 333 59018=",
"42139099999","2022-08-16T12:00:00","4","29.0166666","77.7166667","222.0","MEERUT, IN","FM-12","99999","V020","140,1,N,0021,1","99999,9,9,N","002000,1,9,9","+0304,1","+0231,1","09998,1","09,0000,9,1","2,1,02,1","2,1,02,1","05,1,+00800,1,06,1","99,9,+99999,9,03,1",,"9,AGL   ,+99999,+99999","07,99,1,05,1,99,9,00800,1,99,9,99,9","240,M,+0329,1",,"9,9,999,9,-008,1","05,1","SYN07042139 21595 71404 10304 20231 49998 70522 85530 333 10329 59008 6990/=","Q01  00002PRCP09"
"42139099999","2022-08-17T03:00:00","4","29.0166666","77.7166667","222.0","MEERUT, IN","FM-12","99999","V020","110,1,N,0015,1","99999,9,9,N","002000,1,9,9","+0282,1","+0242,1","10039,1","24,0010,3,1","2,1,02,1","2,1,02,1","02,1,+00800,1,06,1","99,9,+99999,9,03,1",,"9,AGL   ,+99999,+99999","05,99,1,02,1,99,9,00800,1,99,9,99,9","240,M,+0329,1","240,N,+0221,1","9,9,999,9,+014,1","05,1","SYN09242139 21595 51103 10282 20242 40039 70522 82530 333 10329 20221 58014 6001/ 555 00012 10295=",
"42139099999","2022-08-17T06:00:00","4","29.0166666","77.7166667","222.0","MEERUT, IN","FM-12","99999","V020","110,1,N,0015,1","99999,9,9,N","002000,1,9,9","+0310,1","+0244,1","10035,1",,"2,1,02,1","2,1,02,1","05,1,+00800,1,08,1",,,"9,AGL   ,+99999,+99999","05,99,1,05,1,99,9,00800,1,99,9,99,9",,,"9,9,999,9,+014,1","05,1","SYN05842139 31595 51103 10310 20244 40035 70522 85800 333 58014=",
"42139099999","2022-08-17T09:00:00","4","29.0166666","77.7166667","222.0","MEERUT, IN","FM-12","99999","V020","140,1,N,0026,1","99999,9,9,N","002000,1,9,9","+0322,1","+0242,1","10016,1",,"2,1,02,1","2,1,02,1","05,1,+00800,1,08,1",,,"9,AGL   ,+99999,+99999","05,99,1,05,1,99,9,00800,1,99,9,99,9",,,"9,9,999,9,+009,1","05,1","SYN05842139 31595 51405 10322 20242 40016 70522 85800 333 58009=",
"42139099999","2022-08-17T12:00:00","4","29.0166666","77.7166667","222.0","MEERUT, IN","FM-12","99999","V020","140,1,N,0021,1","22000,1,9,N","002000,1,9,9","+0320,1","+0237,1","10000,1",,"2,1,02,1","1,1,02,1","03,1,+00800,1,08,1",,,"9,AGL   ,+99999,+99999","03,99,1,03,1,99,9,00800,1,99,9,99,9","240,M,+0331,1",,"9,9,999,9,+002,1","05,1","SYN06442139 31595 31404 10320 20237 40000 70521 83100 333 10331 58002=",
"42139099999","2022-08-18T03:00:00","4","29.0166666","77.7166667","222.0","MEERUT, IN","FM-12","99999","V020","999,9,C,0000,1","99999,9,9,N","002000,1,9,9","+0302,1","+0248,1","10017,1",,"0,1,02,1","0,1,02,1",,,,,,"240,M,+0332,1","240,N,+0232,1","9,9,999,9,-017,1","05,1","SYN07442139 31995 00000 10302 20248 40017 70500 333 10332 20232 59017 555 10295=",
"42139099999","2022-08-18T06:00:00","4","29.0166666","77.7166667","222.0","MEERUT, IN","FM-12","99999","V020","230,1,N,0010,1","99999,9,9,N","002000,1,9,9","+0332,1","+0241,1","10021,1",,"2,1,02,1","2,1,02,1","05,1,+00800,1,08,1",,,"9,AGL   ,+99999,+99999","05,99,1,05,1,99,9,00800,1,99,9,99,9",,,"9,9,999,9,-012,1","05,1","SYN05842139 31595 52302 10332 20241 40021 70522 85100 333 59012=",
"42139099999","2022-08-18T09:00:00","4","29.0166666","77.7166667","222.0","MEERUT, IN","FM-12","99999","V020","999,9,C,0000,1","99999,9,9,N","002000,1,9,9","+0338,1","+0257,1","10003,1",,"2,1,02,1","2,1,02,1","05,1,+00800,1,06,1",,,"9,AGL   ,+99999,+99999","05,99,1,05,1,99,9,00800,1,99,9,99,9",,,"9,9,999,9,-011,1","05,1","SYN05842139 31595 50000 10338 20257 40003 70522 85400 333 59011=",
"42139099999","2022-08-18T12:00:00","4","29.0166666","77.7166667","222.0","MEERUT, IN","FM-12","99999","V020","999,9,C,0000,1","22000,1,9,N","002000,1,9,9","+0334,1","+0259,1","09983,1",,"2,1,02,1","2,1,02,1","04,1,+00800,1,06,1",,,"9,AGL   ,+99999,+99999","04,99,1,04,1,99,9,00800,1,99,9,99,9","240,M,+0348,1",,"9,9,999,9,-014,1","05,1","SYN06442139 31595 40000 10334 20259 49983 70522 84400 333 10348 59014=",
"42139099999","2022-08-19T03:00:00","4","29.0166666","77.7166667","222.0","MEERUT, IN","FM-12","99999","V020","320,1,N,0005,1","22000,1,9,N","002000,1,9,9","+0300,1","+0258,1","10012,1",,"2,1,02,1","1,1,02,1","04,1,+99999,9,03,1",,,"9,AGL   ,+99999,+99999","04,99,1,04,1,99,9,99999,9,99,9,99,9","240,M,+0348,1","240,N,+0245,1","9,9,999,9,-007,1","05,1","SYN08042139 31995 43201 10300 20258 40012 70521 84030 333 10348 20245 59007 555 10295=",
"42139099999","2022-08-19T06:00:00","4","29.0166666","77.7166667","222.0","MEERUT, IN","FM-12","99999","V020","320,1,N,0010,1","99999,9,9,N","002000,1,9,9","+0330,1","+0263,1","10017,1",,"2,1,02,1","2,1,02,1","05,1,+00800,1,08,1",,,"9,AGL   ,+99999,+99999","05,99,1,05,1,99,9,00800,1,99,9,99,9",,,"9,9,999,9,-003,1","05,1","SYN05842139 31595 53202 10330 20263 40017 70522 85800 333 59003=",
"42139099999","2022-08-19T09:00:00","4","29.0166666","77.7166667","222.0","MEERUT, IN","FM-12","99999","V020","050,1,N,0015,1","99999,9,9,N","002000,1,9,9","+0350,1","+0264,1","09992,1",,"2,1,02,1","2,1,02,1","05,1,+00800,1,08,1",,,"9,AGL   ,+99999,+99999","05,99,1,05,1,99,9,00800,1,99,9,99,9",,,"9,9,999,9,-011,1","05,1","SYN05842139 31595 50503 10350 20264 49992 70522 85800 333 59011=",
"42139099999","2022-08-19T12:00:00","4","29.0166666","77.7166667","222.0","MEERUT, IN","FM-12","99999","V020","180,1,N,0010,1","22000,1,9,N","002000,1,9,9","+0334,1","+0252,1","09985,1",,"2,1,02,1","1,1,02,1","03,1,+99999,9,03,1",,,"9,AGL   ,+99999,+99999","03,99,1,03,1,99,9,99999,9,99,9,99,9","240,M,+0358,1",,"9,9,999,9,+002,1","05,1","SYN06442139 31995 31802 10334 20252 49985 70521 83030 333 10358 58002=",
"42139099999","2022-08-20T03:00:00","4","29.0166666","77.7166667","222.0","MEERUT, IN","FM-12","99999","V020","050,1,N,0010,1","99999,9,9,N","002000,1,9,9","+0282,1","+0265,1","10035,1",,"2,1,02,1","2,1,02,1","03,1,+00800,1,06,1","99,9,+99999,9,04,1",,"9,AGL   ,+99999,+99999","08,99,1,03,1,99,9,00800,1,99,9,99,9","240,M,+0358,1","240,N,+0245,1","9,9,999,9,+021,1","05,1","SYN08042139 31595 80502 10282 20265 40035 70522 8351/ 333 10358 20245 58021 555 10295=",
"42139099999","2022-08-20T06:00:00","4","29.0166666","77.7166667","222.0","MEERUT, IN","FM-12","99999","V020","090,1,N,0010,1","99999,9,9,N","002000,1,9,9","+0296,1","+0262,1","10046,1",,"2,1,02,1","2,1,02,1","03,1,+00800,1,06,1","99,9,+99999,9,04,1",,"9,AGL   ,+99999,+99999","08,99,1,03,1,99,9,00800,1,99,9,99,9",,,"9,9,999,9,+025,1","05,1","SYN05842139 31595 80902 10296 20262 40046 70522 8351/ 333 58025=",
"42139099999","2022-08-20T09:00:00","4","29.0166666","77.7166667","222.0","MEERUT, IN","FM-12","99999","V020","999,9,C,0000,1","99999,9,9,N","002000,1,9,9","+0326,1","+0259,1","10020,1","06,0001,3,1","6,1,02,1","2,1,02,1","02,1,+00800,1,06,1","99,9,+99999,9,03,1",,"9,AGL   ,+99999,+99999","05,99,1,02,1,99,9,00800,1,99,9,99,9",,,"9,9,999,9,+026,1","05,1","SYN06442139 31595 50000 10326 20259 40020 70562 82530 333 58026 6991/=",
"42139099999","2022-08-20T12:00:00","4","29.0166666","77.7166667","222.0","MEERUT, IN","FM-12","99999","V020","999,9,C,0000,1","99999,9,9,N","002000,1,9,9","+0312,1","+0253,1","10001,1","09,0001,3,1","6,1,02,1","2,1,02,1","04,1,+00800,1,06,1","99,9,+99999,9,03,1",,"9,AGL   ,+99999,+99999","07,99,1,04,1,99,9,00800,1,99,9,99,9","240,M,+0334,1",,"9,9,999,9,+014,1","05,1","SYN07042139 21595 70000 10312 20253 40001 70562 84530 333 10334 58014 6991/=",
"42139099999","2022-08-21T03:00:00","4","29.0166666","77.7166667","222.0","MEERUT, IN","FM-12","99999","V020","999,9,C,0000,1","22000,1,9,N","002000,1,9,9","+0286,1","+0264,1","10015,1","24,0001,3,1","2,1,02,1","1,1,02,1","04,1,+99999,9,03,1",,,"9,AGL   ,+99999,+99999","04,99,1,04,1,99,9,99999,9,99,9,99,9","240,M,+0334,1","240,N,+0235,1","9,9,999,9,-018,1","05,1","SYN09242139 21995 40000 10286 20264 40015 70521 84030 333 10334 20235 59018 6991/ 555 00001 10295=",
"42139099999","2022-08-21T06:00:00","4","29.0166666","77.7166667","222.0","MEERUT, IN","FM-12","99999","V020","360,1,N,0005,1","22000,1,9,N","002000,1,9,9","+0346,1","+0247,1","10013,1",,"2,1,02,1","1,1,02,1","04,1,+99999,9,03,1",,,"9,AGL   ,+99999,+99999","04,99,1,04,1,99,9,99999,9,99,9,99,9",,,"9,9,999,9,-028,1","05,1","SYN05842139 31995 43601 10346 20247 40013 70521 84030 333 59028=",
"42139099999","2022-08-21T09:00:00","4","29.0166666","77.7166667","222.0","MEERUT, IN","FM-12","99999","V020","999,9,C,0000,1","99999,9,9,N","002000,1,9,9","+0364,1","+0255,1","09985,1",,"2,1,02,1","2,1,02,1","05,1,+00800,1,08,1",,,"9,AGL   ,+99999,+99999","05,99,1,05,1,99,9,00800,1,99,9,99,9",,,"9,9,999,9,-031,1","05,1","SYN05842139 31595 50000 10364 20255 49985 70522 85800 333 59031=",
"42139099999","2022-08-21T12:00:00","4","29.0166666","77.7166667","222.0","MEERUT, IN","FM-12","99999","V020","320,1,N,0005,1","22000,1,9,N","002000,1,9,9","+0346,1","+0257,1","09974,1",,"2,1,02,1","1,1,02,1","03,1,+00800,1,08,1",,,"9,AGL   ,+99999,+99999","03,99,1,03,1,99,9,00800,1,99,9,99,9","240,M,+0365,1",,"9,9,999,9,-025,1","05,1","SYN06442139 31595 33201 10346 20257 49974 70521 83800 333 10365 59025=",
"42139099999","2022-08-22T03:00:00","4","29.0166666","77.7166667","222.0","MEERUT, IN","FM-12","99999","V020","140,1,N,0010,1","99999,9,9,N","002000,1,9,9","+0300,1","+0256,1","09999,1",,"2,1,02,1","2,1,02,1","02,1,+00800,1,06,1","99,9,+99999,9,03,1",,"9,AGL   ,+99999,+99999","05,99,1,02,1,99,9,00800,1,99,9,99,9","240,M,+0365,1","240,N,+0248,1","9,9,999,9,-017,1","05,1","SYN08042139 31595 51402 10300 20256 49999 70522 82530 333 10365 20248 59017 555 10295=",
"42139099999","2022-08-22T06:00:00","4","29.0166666","77.7166667","222.0","MEERUT, IN","FM-12","99999","V020","140,1,N,0010,1","99999,9,9,N","002000,1,9,9","+0342,1","+0243,1","09992,1",,"2,1,02,1","2,1,02,1","03,1,+00800,1,06,1","99,9,+99999,9,00,1",,"9,AGL   ,+99999,+99999","05,99,1,03,1,99,9,00800,1,99,9,99,9",,,"9,9,999,9,-021,1","05,1","SYN05842139 31595 51402 10342 20243 49992 70522 83401 333 59021=",
"42139099999","2022-08-22T09:00:00","4","29.0166666","77.7166667","222.0","MEERUT, IN","FM-12","99999","V020","050,1,N,0015,1","22000,1,9,N","002000,1,9,9","+0344,1","+0242,1","09973,1",,"2,1,02,1","1,1,02,1","04,1,+00800,1,08,1",,,"9,AGL   ,+99999,+99999","04,99,1,04,1,99,9,00800,1,99,9,99,9",,,"9,9,999,9,-014,1","05,1","SYN05842139 31595 40503 10344 20242 49973 70521 84800 333 59014=",
"42139099999","2022-08-22T12:00:00","4","29.0166666","77.7166667","222.0","MEERUT, IN","FM-12","99999","V020","050,1,N,0015,1","99999,9,9,N","002000,1,9,9","+0334,1","+0246,1","09965,1",,"2,1,02,1","2,1,02,1","02,1,+00800,1,06,1","99,9,+99999,9,00,1",,"9,AGL   ,+99999,+99999","05,99,1,02,1,99,9,00800,1,99,9,99,9","240,M,+0356,1",,"9,9,999,9,-009,1","05,1","SYN06442139 31595 50503 10334 20246 49965 70522 82501 333 10356 59009=",
"42139099999","2022-08-23T03:00:00","4","29.0166666","77.7166667","222.0","MEERUT, IN","FM-12","99999","V020","050,1,N,0015,1","99999,9,9,N","002000,1,9,9","+0306,1","+0255,1","10006,1",,"2,1,02,1","2,1,02,1","06,1,+00800,1,08,1",,,"9,AGL   ,+99999,+99999","06,99,1,06,1,99,9,00800,1,99,9,99,9","240,M,+0356,1","240,N,+0242,1","9,9,999,9,+009,1","05,1","SYN08042139 31595 60503 10306 20255 40006 70522 86800 333 10356 20242 58009 555 10295=",
"42139099999","2022-08-23T06:00:00","4","29.0166666","77.7166667","222.0","MEERUT, IN","FM-12","99999","V020","140,1,N,0021,1","99999,9,9,N","002000,1,9,9","+0320,1","+0252,1","10013,1",,"2,1,02,1","2,1,02,1","04,1,+00800,1,06,1","99,9,+99999,9,03,1",,"9,AGL   ,+99999,+99999","06,99,1,04,1,99,9,00800,1,99,9,99,9",,,"9,9,999,9,+019,1","05,1","SYN05842139 31595 61404 10320 20252 40013 70522 84530 333 58019=",
"42139099999","2022-08-23T09:00:00","4","29.0166666","77.7166667","222.0","MEERUT, IN","FM-12","99999","V020","140,1,N,0021,1","99999,9,9,N","002000,1,9,9","+0338,1","+0241,1","09998,1",,"2,1,02,1","2,1,02,1","05,1,+00800,1,08,1",,,"9,AGL   ,+99999,+99999","05,99,1,05,1,99,9,00800,1,99,9,99,9",,,"9,9,999,9,+025,1","05,1","SYN05842139 31595 51404 10338 20241 49998 70522 85800 333 58025=",
"42139099999","2022-08-23T12:00:00","4","29.0166666","77.7166667","222.0","MEERUT, IN","FM-12","99999","V020","230,1,N,0026,1","22000,1,9,N","002000,1,9,9","+0330,1","+0238,1","09992,1",,"2,1,02,1","2,1,02,1","04,1,+00800,1,08,1",,,"9,AGL   ,+99999,+99999","04,99,1,04,1,99,9,00800,1,99,9,99,9","240,M,+0344,1",,"9,9,999,9,+026,1","05,1","SYN06442139 31595 42305 10330 20238 49992 70522 84800 333 10344 58026=",
"42139099999","2022-08-24T03:00:00","4","29.0166666","77.7166667","222.0","MEERUT, IN","FM-12","99999","V020","050,1,N,0015,1","99999,9,9,N","002000,1,9,9","+0278,1","+0246,1","10063,1",,"2,1,02,1","2,1,02,1","04,1,+00800,1,06,1","99,9,+99999,9,03,1",,"9,AGL   ,+99999,+99999","06,99,1,04,1,99,9,00800,1,99,9,99,9","240,M,+0344,1","240,N,+0228,1","9,9,999,9,+052,1","05,1","SYN08042139 31595 60503 10278 20246 40063 70522 84530 333 10344 20228 58052 555 10295=",
"42139099999","2022-08-24T06:00:00","4","29.0166666","77.7166667","222.0","MEERUT, IN","FM-12","99999","V020","140,1,N,0010,1","99999,9,9,N","002000,1,9,9","+0264,1","+0247,1","10068,1","03,0006,3,1","6,1,02,1","2,1,02,1","04,1,+00800,1,06,1","99,9,+99999,9,03,1",,"9,AGL   ,+99999,+99999","07,99,1,04,1,99,9,00800,1,99,9,99,9",,,"9,9,999,9,+048,1","60,1","SYN06442139 21595 71402 10264 20247 40068 76062 84530 333 58048 6996/=",
"42139099999","2022-08-24T09:00:00","4","29.0166666","77.7166667","222.0","MEERUT, IN","FM-12","99999","V020","140,1,N,0026,1","99999,9,9,N","002000,1,9,9","+0292,1","+0243,1","10040,1","06,0006,3,1","6,1,02,1","2,1,02,1","05,1,+00800,1,08,1","99,9,+99999,9,03,1",,"9,AGL   ,+99999,+99999","06,99,1,05,1,99,9,00800,1,99,9,99,9",,,"9,9,999,9,+037,1","05,1","SYN06442139 21595 61405 10292 20243 40040 70562 85830 333 58037 6996/=",
"42139099999","2022-08-24T12:00:00","4","29.0166666","77.7166667","222.0","MEERUT, IN","FM-12","99999","V020","999,9,C,0000,1","22000,1,9,N","002000,1,9,9","+0300,1","+0243,1","10026,1","09,0006,3,1","6,1,02,1","2,1,02,1","02,1,+00800,1,06,1","99,9,+99999,9,03,1",,"9,AGL   ,+99999,+99999","04,99,1,02,1,99,9,00800,1,99,9,99,9","240,M,+0314,1",,"9,9,999,9,+030,1","05,1","SYN07042139 21595 40000 10300 20243 40026 70562 82530 333 10314 58030 6996/=",
"42139099999","2022-08-25T03:00:00","4","29.0166666","77.7166667","222.0","MEERUT, IN","FM-12","99999","V020","999,9,C,0000,1","22000,1,9,9","002000,1,9,9","+0300,1","+0252,1","10049,1",,"0,1,99,9","0,1,99,9","99,9,+08000,1,00,1",,,"9,AGL   ,+99999,+99999","01,99,1,99,9,99,9,08000,1,99,9,99,9","120,M,+0314,1","120,N,+0252,1","9,9,999,9,-011,1","05,1","SYN004BUFR",
"42139099999","2022-08-25T06:00:00","4","29.0166666","77.7166667","222.0","MEERUT, IN","FM-12","99999","V020","050,1,N,0005,1","99999,9,9,N","002000,1,9,9","+0322,1","+0258,1","10049,1",,"2,1,02,1","2,1,02,1","05,1,+00800,1,08,1",,,"9,AGL   ,+99999,+99999","05,99,1,05,1,99,9,00800,1,99,9,99,9",,,"9,9,999,9,-012,1","05,1","SYN05842139 31595 50501 10322 20258 40049 70522 85800 333 59012=",
"42139099999","2022-08-25T09:00:00","4","29.0166666","77.7166667","222.0","MEERUT, IN","FM-12","99999","V020","999,9,C,0000,1","99999,9,9,N","002000,1,9,9","+0340,1","+0250,1","10025,1",,"2,1,02,1","2,1,02,1","05,1,+00800,1,08,1",,,"9,AGL   ,+99999,+99999","05,99,1,05,1,99,9,00800,1,99,9,99,9",,,"9,9,999,9,-012,1","05,1","SYN05842139 31595 50000 10340 20250 40025 70522 85800 333 59012=",
"42139099999","2022-08-25T12:00:00","4","29.0166666","77.7166667","222.0","MEERUT, IN","FM-12","99999","V020","999,9,C,0000,1","22000,1,9,N","002000,1,9,9","+0338,1","+0254,1","10008,1",,"1,1,02,1","0,1,02,1","01,1,+00800,1,06,1","99,9,+99999,9,03,1",,"9,AGL   ,+99999,+99999","03,99,1,01,1,99,9,00800,1,99,9,99,9","240,M,+0356,1",,"9,9,999,9,-013,1","05,1","SYN06442139 31595 30000 10338 20254 40008 70510 81530 333 10356 59013=",
"42139099999","2022-08-26T03:00:00","4","29.0166666","77.7166667","222.0","MEERUT, IN","FM-12","99999","V020","999,9,C,0000,1","22000,1,9,N","002000,1,9,9","+0308,1","+0263,1","10035,1",,"0,1,02,1","0,1,02,1","03,1,+99999,9,03,1",,,"9,AGL   ,+99999,+99999","03,99,1,03,1,99,9,99999,9,99,9,99,9","240,M,+0356,1","240,N,+0240,1","9,9,999,9,-013,1","05,1","SYN08042139 31995 30000 10308 20263 40035 70500 83030 333 10356 20240 59013 555 10296=",
"42139099999","2022-08-26T06:00:00","4","29.0166666","77.7166667","222.0","MEERUT, IN","FM-12","99999","V020","290,1,N,0010,1","99999,9,9,N","002000,1,9,9","+0332,1","+0253,1","10036,1",,"1,1,02,1","0,1,02,1","05,1,+00800,1,08,1",,,"9,AGL   ,+99999,+99999","05,99,1,05,1,99,9,00800,1,99,9,99,9",,,"9,9,999,9,-013,1","05,1","SYN05842139 31595 52902 10332 20253 40036 70510 85800 333 59013=",
"42139099999","2022-08-26T09:00:00","4","29.0166666","77.7166667","222.0","MEERUT, IN","FM-12","99999","V020","290,1,N,0015,1","99999,9,9,N","002000,1,9,9","+0344,1","+0251,1","10015,1",,"2,1,02,1","2,1,02,1","05,1,+00800,1,06,1",,,"9,AGL   ,+99999,+99999","05,99,1,05,1,99,9,00800,1,99,9,99,9",,,"9,9,999,9,-009,1","05,1","SYN05842139 31595 52903 10344 20251 40015 70522 85400 333 59009=",
"42139099999","2022-08-26T12:00:00","4","29.0166666","77.7166667","222.0","MEERUT, IN","FM-12","99999","V020","290,1,N,0010,1","22000,1,9,N","002000,1,9,9","+0338,1","+0244,1","09998,1",,"0,1,02,1","0,1,02,1","02,1,+00800,1,08,1",,,"9,AGL   ,+99999,+99999","02,99,1,02,1,99,9,00800,1,99,9,99,9","240,M,+0357,1",,"9,9,999,9,-010,1","05,1","SYN06442139 31595 22902 10338 20244 49998 70500 82100 333 10357 59010=",
"42139099999","2022-08-27T03:00:00","4","29.0166666","77.7166667","222.0","MEERUT, IN","FM-12","99999","V020","230,1,N,0010,1","22000,1,9,N","002000,1,9,9","+0302,1","+0257,1","10027,1",,"0,1,02,1","0,1,02,1","99,9,+99999,9,00,1",,,"9,AGL   ,+99999,+99999","01,99,1,00,1,99,9,99999,9,99,9,99,9","240,M,+0357,1","240,N,+0241,1","9,9,999,9,-008,1","05,1","SYN08042139 31995 12302 10302 20257 40027 70500 80001 333 10357 20241 59008 555 10296=","Q01    003SCCGA1"
"42139099999","2022-08-27T06:00:00","4","29.0166666","77.7166667","222.0","MEERUT, IN","FM-12","99999","V020","320,1,N,0010,1","99999,9,9,N","002000,1,9,9","+0338,1","+0260,1","10026,1",,"2,1,02,1","2,1,02,1","06,1,+00800,1,08,1",,,"9,AGL   ,+99999,+99999","06,99,1,06,1,99,9,00800,1,99,9,99,9",,,"9,9,999,9,-010,1","05,1","SYN05842139 31595 63202 10338 20260 40026 70522 86800 333 59010=",
"42139099999","2022-08-27T09:00:00","4","29.0166666","77.7166667","222.0","MEERUT, IN","FM-12","99999","V020","230,1,N,0015,1","99999,9,9,N","002000,1,9,9","+0352,1","+0257,1","10006,1",,"2,1,02,1","2,1,02,1","05,1,+00800,1,08,1",,,"9,AGL   ,+99999,+99999","05,99,1,05,1,99,9,00800,1,99,9,99,9",,,"9,9,999,9,-007,1","05,1","SYN05842139 31595 52303 10352 20257 40006 70522 85800 333 59007=",
"42139099999","2022-08-27T12:00:00","4","29.0166666","77.7166667","222.0","MEERUT, IN","FM-12","99999","V020","320,1,N,0015,1","22000,1,9,N","002000,1,9,9","+0334,1","+0252,1","09987,1",,"2,1,02,1","1,1,02,1","03,1,+99999,9,03,1",,,"9,AGL   ,+99999,+99999","03,99,1,03,1,99,9,99999,9,99,9,99,9","240,M,+0355,1",,"9,9,999,9,-011,1","05,1","SYN06442139 31995 33203 10334 20252 49987 70521 83030 333 10355 59011=",
"42139099999","2022-08-28T03:00:00","4","29.0166666","77.7166667","222.0","MEERUT, IN","FM-12","99999","V020","180,1,N,0010,1","22000,1,9,N","002000,1,9,9","+0300,1","+0237,1","10024,1",,"0,1,02,1","0,1,02,1","99,9,+99999,9,00,1",,,"9,AGL   ,+99999,+99999","01,99,1,00,1,99,9,99999,9,99,9,99,9","240,M,+0355,1","240,N,+0239,1","9,9,999,9,-004,1","05,1","SYN08042139 31995 11802 10300 20237 40024 70500 80001 333 10355 20239 59004 555 10296=","Q01    003SCCGA1"
"42139099999","2022-08-28T06:00:00","4","29.0166666","77.7166667","222.0","MEERUT, IN","FM-12","99999","V020","320,1,N,0010,1","99999,9,9,N","002000,1,9,9","+0346,1","+0244,1","10030,1",,"2,1,02,1","2,1,02,1","05,1,+00800,1,08,1",,,"9,AGL   ,+99999,+99999","05,99,1,05,1,99,9,00800,1,99,9,99,9",,,"9,9,999,9,+005,1","05,1","SYN05842139 31595 53202 10346 20244 40030 70522 85800 333 58005=",
"42139099999","2022-08-28T09:00:00","4","29.0166666","77.7166667","222.0","MEERUT, IN","FM-12","99999","V020","230,1,N,0010,1","99999,9,9,N","002000,1,9,9","+0362,1","+0250,1","10010,1",,"2,1,02,1","2,1,02,1","05,1,+00800,1,08,1",,,"9,AGL   ,+99999,+99999","05,99,1,05,1,99,9,00800,1,99,9,99,9",,,"9,9,999,9,+005,1","05,1","SYN05842139 31595 52302 10362 20250 40010 70522 85800 333 58005=",
"42139099999","2022-08-28T12:00:00","4","29.0166666","77.7166667","222.0","MEERUT, IN","FM-12","99999","V020","999,9,C,0000,1","22000,1,9,N","002000,1,9,9","+0328,1","+0249,1","10004,1",,"2,1,02,1","2,1,02,1","99,9,+99999,9,00,1",,,"9,AGL   ,+99999,+99999","04,99,1,00,1,99,9,99999,9,99,9,99,9","240,M,+0365,1",,"9,9,999,9,+016,1","05,1","SYN06442139 31995 40000 10328 20249 40004 70522 80001 333 10365 58016=","Q01    003SCCGA1"
"42139099999","2022-08-29T03:00:00","4","29.0166666","77.7166667","222.0","MEERUT, IN","FM-12","99999","V020","999,9,C,0000,1","99999,9,9,N","002000,1,9,9","+0300,1","+0243,1","10074,1",,"2,1,02,1","2,1,02,1","05,1,+00800,1,06,1","99,9,+99999,9,03,1",,"9,AGL   ,+99999,+99999","07,99,1,05,1,99,9,00800,1,99,9,99,9","240,M,+0365,1","240,N,+0250,1","9,9,999,9,+049,1","05,1","SYN08042139 31595 70000 10300 20243 40074 70522 85530 333 10365 20250 58049 555 10296=",
"42139099999","2022-08-29T06:00:00","4","29.0166666","77.7166667","222.0","MEERUT, IN","FM-12","99999","V020","340,1,N,0010,1","99999,9,9,N","002000,1,9,9","+0338,1","+0254,1","10078,1",,"2,1,02,1","2,1,02,1","02,1,+00800,1,06,1","99,9,+99999,9,03,1",,"9,AGL   ,+99999,+99999","05,99,1,02,1,99,9,00800,1,99,9,99,9",,,"9,9,999,9,+046,1","05,1","SYN05842139 31595 53402 10338 20254 40078 70522 82530 333 58046=",
"42139099999","2022-08-29T09:00:00","4","29.0166666","77.7166667","222.0","MEERUT, IN","FM-12","99999","V020","090,1,N,0010,1","99999,9,9,N","002000,1,9,9","+0338,1","+0251,1","10059,1",,"2,1,02,1","2,1,02,1","03,1,+00800,1,06,1","99,9,+99999,9,03,1",,"9,AGL   ,+99999,+99999","06,99,1,03,1,99,9,00800,1,99,9,99,9",,,"9,9,999,9,+044,1","05,1","SYN05842139 31595 60902 10338 20251 40059 70522 83530 333 58044=",
"42139099999","2022-08-29T12:00:00","4","29.0166666","77.7166667","222.0","MEERUT, IN","FM-12","99999","V020","999,9,C,0000,1","99999,9,9,N","002000,1,9,9","+0302,1","+0272,1","10049,1","09,0020,3,1","6,1,02,1","2,1,02,1","05,1,+00800,1,06,1","99,9,+99999,9,04,1",,"9,AGL   ,+99999,+99999","08,99,1,05,1,99,9,00800,1,99,9,99,9","240,M,+0354,1",,"9,9,999,9,+042,1","21,1","SYN07042139 21595 80000 10302 20272 40049 72162 8551/ 333 10354 58042 6002/=",
"42139099999","2022-08-30T03:00:00","4","29.0166666","77.7166667","222.0","MEERUT, IN","FM-12","99999","V020","999,9,C,0000,1","99999,9,9,N","002000,1,9,9","+0290,1","+0256,1","10084,1","24,0020,3,1","2,1,02,1","2,1,02,1","05,1,+99999,9,03,1",,,"9,AGL   ,+99999,+99999","05,99,1,05,1,99,9,99999,9,99,9,99,9","240,M,+0354,1","240,N,+0227,1","9,9,999,9,+009,1","05,1","SYN09242139 21995 50000 10290 20256 40084 70522 85030 333 10354 20227 58009 6002/ 555 00016 10297=",
"42139099999","2022-08-30T06:00:00","4","29.0166666","77.7166667","222.0","MEERUT, IN","FM-12","99999","V020","999,9,C,0000,1","99999,9,9,N","002000,1,9,9","+0338,1","+0260,1","10082,1",,"2,1,02,1","2,1,02,1","06,1,+00800,1,08,1",,,"9,AGL   ,+99999,+99999","06,99,1,06,1,99,9,00800,1,99,9,99,9",,,"9,9,999,9,+008,1","05,1","SYN05842139 31595 60000 10338 20260 40082 70522 86800 333 58008=",
"42139099999","2022-08-30T09:00:00","4","29.0166666","77.7166667","222.0","MEERUT, IN","FM-12","99999","V020","180,1,N,0005,1","99999,9,9,N","002000,1,9,9","+0342,1","+0249,1","10058,1",,"2,1,02,1","2,1,02,1","04,1,+00800,1,08,1","99,9,+99999,9,03,1",,"9,AGL   ,+99999,+99999","06,99,1,04,1,99,9,00800,1,99,9,99,9",,,"9,9,999,9,+001,1","05,1","SYN05842139 31595 61801 10342 20249 40058 70522 84830 333 58001=",
"42139099999","2022-08-30T12:00:00","4","29.0166666","77.7166667","222.0","MEERUT, IN","FM-12","99999","V020","230,1,N,0005,1","22000,1,9,N","002000,1,9,9","+0320,1","+0267,1","10048,1","09,0010,3,1","6,1,02,1","2,1,02,1","04,1,+99999,9,03,1",,,"9,AGL   ,+99999,+99999","04,99,1,04,1,99,9,99999,9,99,9,99,9","240,M,+0347,1",,"9,9,999,9,+000,1","05,1","SYN07042139 21995 42301 10320 20267 40048 70562 84030 333 10347 58000 6001/=",
"42139099999","2022-08-31T03:00:00","4","29.0166666","77.7166667","222.0","MEERUT, IN","FM-12","99999","V020","999,9,C,0000,1","99999,9,9,N","002000,1,9,9","+0308,1","+0254,1","10052,1","24,0010,3,1","0,1,02,1","0,1,02,1",,,,,,"240,M,+0347,1","240,N,+0239,1","9,9,999,9,-029,1","05,1","SYN08642139 21995 00000 10308 20254 40052 70500 333 10347 20239 59029 6001/ 555 00010 10298=",
"42139099999","2022-08-31T06:00:00","4","29.0166666","77.7166667","222.0","MEERUT, IN","FM-12","99999","V020","999,9,C,0000,1","22000,1,9,N","002000,1,9,9","+0354,1","+0247,1","10050,1",,"1,1,02,1","0,1,02,1","03,1,+00800,1,06,1",,,"9,AGL   ,+99999,+99999","03,99,1,03,1,99,9,00800,1,99,9,99,9",,,"9,9,999,9,-029,1","05,1","SYN05842139 31595 30000 10354 20247 40050 70510 83500 333 59029=",
"42139099999","2022-08-31T09:00:00","4","29.0166666","77.7166667","222.0","MEERUT, IN","FM-12","99999","V020","320,1,N,0010,1","22000,1,9,N","002000,1,9,9","+0360,1","+0247,1","10027,1",,"1,1,02,1","1,1,02,1","04,1,+00800,1,06,1",,,"9,AGL   ,+99999,+99999","04,99,1,04,1,99,9,00800,1,99,9,99,9",,,,"05,1","SYN04842139 31595 43202 10360 20247 40027 70511 84400=",
"42139099999","2022-08-31T12:00:00","4","29.0166666","77.7166667","222.0","MEERUT, IN","FM-12","99999","V020","200,1,N,0015,1","22000,1,9,N","002000,1,9,9","+0340,1","+0247,1","10016,1",,"1,1,02,1","1,1,02,1","03,1,+00800,1,06,1","99,9,+99999,9,03,1",,"9,AGL   ,+99999,+99999","04,99,1,03,1,99,9,00800,1,99,9,99,9","240,M,+0373,1",,"9,9,999,9,-030,1","05,1","SYN06442139 31595 42003 10340 20247 40016 70511 83530 333 10373 59030=",
"42139099999","2022-09-01T06:00:00","4","29.0166666","77.7166667","222.0","MEERUT, IN","FM-12","99999","V020","999,9,C,0000,1","99999,9,9,N","002000,1,9,9","+0354,1","+0263,1","10049,1",,"2,1,02,1","2,1,02,1","06,1,+00800,1,08,1",,,"9,AGL   ,+99999,+99999","06,99,1,06,1,99,9,00800,1,99,9,99,9",,,"9,9,999,9,-001,1","05,1","SYN05842139 31595 60000 10354 20263 40049 70522 86800 333 59001=",
"42139099999","2022-09-01T09:00:00","4","29.0166666","77.7166667","222.0","MEERUT, IN","FM-12","99999","V020","999,9,C,0000,1","99999,9,9,N","002000,1,9,9","+0362,1","+0253,1","10022,1",,"2,1,02,1","2,1,02,1","03,1,+00800,1,06,1","99,9,+99999,9,03,1",,"9,AGL   ,+99999,+99999","05,99,1,03,1,99,9,00800,1,99,9,99,9",,,"9,9,999,9,-004,1","05,1","SYN05842139 31595 50000 10362 20253 40022 70522 83530 333 59004=",
"42139099999","2022-09-01T12:00:00","4","29.0166666","77.7166667","222.0","MEERUT, IN","FM-12","99999","V020","999,9,C,0000,1","99999,9,9,N","002000,1,9,9","+0350,1","+0245,1","10011,1",,"2,1,02,1","2,1,02,1","05,1,+99999,9,03,1",,,"9,AGL   ,+99999,+99999","05,99,1,05,1,99,9,99999,9,99,9,99,9","240,M,+0371,1",,"9,9,999,9,-004,1","05,1","SYN06442139 31995 50000 10350 20245 40011 70522 85030 333 10371 59004=",
"42139099999","2022-09-02T03:00:00","4","29.0166666","77.7166667","222.0","MEERUT, IN","FM-12","99999","V020","999,9,C,0000,1","22000,1,9,N","002000,1,9,9","+0302,1","+0263,1","10074,1",,"1,1,02,1","1,1,02,1","03,1,+99999,9,03,1",,,"9,AGL   ,+99999,+99999","03,99,1,03,1,99,9,99999,9,99,9,99,9","240,M,+0371,1","240,N,+0234,1","9,9,999,9,+022,1","05,1","SYN08042139 31995 30000 10302 20263 40074 70511 83030 333 10371 20234 58022 555 10298=",
"42139099999","2022-09-02T06:00:00","4","29.0166666","77.7166667","222.0","MEERUT, IN","FM-12","99999","V020","999,9,C,0000,1","99999,9,9,N","002000,1,9,9","+0352,1","+0260,1","10070,1",,"2,1,02,1","1,1,02,1","05,1,+00800,1,06,1",,,"9,AGL   ,+99999,+99999","05,99,1,05,1,99,9,00800,1,99,9,99,9",,,"9,9,999,9,+020,1","05,1","SYN05842139 31595 50000 10352 20260 40070 70521 85500 333 58020=",
"42139099999","2022-09-02T09:00:00","4","29.0166666","77.7166667","222.0","MEERUT, IN","FM-12","99999","V020","200,1,N,0015,1","99999,9,9,N","002000,1,9,9","+0366,1","+0248,1","10044,1",,"2,1,02,1","2,1,02,1","04,1,+00800,1,09,1","99,9,+99999,9,03,1",,"9,AGL   ,+99999,+99999","06,99,1,04,1,99,9,00800,1,99,9,99,9",,,,"05,1","SYN06442139 31595 62003 10366 20248 40044 70522 84330 333 57930 58022=",
"42139099999","2022-09-02T12:00:00","4","29.0166666","77.7166667","222.0","MEERUT, IN","FM-12","99999","V020","999,9,C,0000,1","99999,9,9,N","002000,1,9,9","+0332,1","+0247,1","10031,1",,"2,1,02,1","2,1,02,1","02,1,+00800,1,06,1","99,9,+99999,9,03,1",,"9,AGL   ,+99999,+99999","06,99,1,02,1,99,9,00800,1,99,9,99,9","240,M,+0368,1",,"9,9,999,9,+018,1","05,1","SYN06442139 31595 60000 10332 20247 40031 70522 82530 333 10368 58018=",
"42139099999","2022-09-03T03:00:00","4","29.0166666","77.7166667","222.0","MEERUT, IN","FM-12","99999","V020","999,9,C,0000,1","99999,9,9,N","002000,1,9,9","+0310,1","+0263,1","10043,1",,"0,1,02,1","0,1,02,1",,,,,,"240,M,+0368,1","240,N,+0248,1","9,9,999,9,-027,1","05,1","SYN07442139 31995 00000 10310 20263 40043 70500 333 10368 20248 59027 555 10298=",
"42139099999","2022-09-03T06:00:00","4","29.0166666","77.7166667","222.0","MEERUT, IN","FM-12","99999","V020","250,1,N,0021,1","22000,1,9,N","002000,1,9,9","+0354,1","+0247,1","10036,1",,"2,1,02,1","1,1,02,1","04,1,+00800,1,08,1",,,"9,AGL   ,+99999,+99999","04,99,1,04,1,99,9,00800,1,99,9,99,9",,,"9,9,999,9,-033,1","05,1","SYN05842139 31595 42504 10354 20247 40036 70521 84800 333 59033=",
"42139099999","2022-09-03T09:00:00","4","29.0166666","77.7166667","222.0","MEERUT, IN","FM-12","99999","V020","230,1,N,0026,1","99999,9,9,N","002000,1,9,9","+0378,1","+0243,1","10009,1",,"2,1,02,1","2,1,02,1","05,1,+00800,1,06,1",,,"9,AGL   ,+99999,+99999","05,99,1,05,1,99,9,00800,1,99,9,99,9",,,"9,9,999,9,-034,1","05,1","SYN05842139 31595 52305 10378 20243 40009 70522 85500 333 59034=",
"42139099999","2022-09-03T12:00:00","4","29.0166666","77.7166667","222.0","MEERUT, IN","FM-12","99999","V020","230,1,N,0021,1","22000,1,9,N","002000,1,9,9","+0344,1","+0225,1","09992,1",,"2,1,02,1","2,1,02,1","02,1,+00800,1,06,1",,,"9,AGL   ,+99999,+99999","02,99,1,02,1,99,9,00800,1,99,9,99,9","240,M,+0380,1",,"9,9,999,9,-037,1","05,1","SYN06442139 31595 22304 10344 20225 49992 70522 82500 333 10380 59037=",
"42139099999","2022-09-04T03:00:00","4","29.0166666","77.7166667","222.0","MEERUT, IN","FM-12","99999","V020","020,1,N,0021,1","99999,9,9,N","002000,1,9,9","+0304,1","+0241,1","10027,1",,"0,1,02,1","0,1,02,1",,,,,,"240,M,+0380,1","240,N,+0246,1","9,9,999,9,-017,1","05,1","SYN07442139 31995 00204 10304 20241 40027 70500 333 10380 20246 59017 555 10298=",
"42139099999","2022-09-04T06:00:00","4","29.0166666","77.7166667","222.0","MEERUT, IN","FM-12","99999","V020","230,1,N,0021,1","22000,1,9,N","002000,1,9,9","+0350,1","+0255,1","10027,1",,"1,1,02,1","0,1,02,1","02,1,+00800,1,06,1",,,"9,AGL   ,+99999,+99999","02,99,1,02,1,99,9,00800,1,99,9,99,9",,,"9,9,999,9,-010,1","05,1","SYN05842139 31595 22304 10350 20255 40027 70510 82500 333 59010=",
"42139099999","2022-09-04T09:00:00","4","29.0166666","77.7166667","222.0","MEERUT, IN","FM-12","99999","V020","200,1,N,0015,1","22000,1,9,N","002000,1,9,9","+0372,1","+0249,1","10002,1",,"1,1,02,1","1,1,02,1","04,1,+00800,1,06,1",,,"9,AGL   ,+99999,+99999","04,99,1,04,1,99,9,00800,1,99,9,99,9",,,"9,9,999,9,-006,1","05,1","SYN05842139 31595 42003 10372 20249 40002 70511 84500 333 59006=",
"42139099999","2022-09-04T12:00:00","4","29.0166666","77.7166667","222.0","MEERUT, IN","FM-12","99999","V020","320,1,N,0005,1","99999,9,9,N","002000,1,9,9","+0350,1","+0242,1","09990,1",,"0,1,02,1","0,1,02,1",,,,,,"240,M,+0375,1",,"9,9,999,9,-002,1","05,1","SYN05842139 31995 03201 10350 20242 49990 70500 333 10375 59002=",
"42139099999","2022-09-05T03:00:00","4","29.0166666","77.7166667","222.0","MEERUT, IN","FM-12","99999","V020","200,1,N,0010,1","99999,9,9,N","002000,1,9,9","+0308,1","+0236,1","10047,1",,"0,1,02,1","0,1,02,1",,,,,,"240,M,+0375,1","240,N,+0236,1","9,9,999,9,+020,1","05,1","SYN07442139 31995 02002 10308 20236 40047 70500 333 10375 20236 58020 555 10298=",
"42139099999","2022-09-05T06:00:00","4","29.0166666","77.7166667","222.0","MEERUT, IN","FM-12","99999","V020","250,1,N,0010,1","22000,1,9,N","002000,1,9,9","+0356,1","+0243,1","10048,1",,"0,1,02,1","0,1,02,1","02,1,+00800,1,06,1",,,"9,AGL   ,+99999,+99999","02,99,1,02,1,99,9,00800,1,99,9,99,9",,,"9,9,999,9,+022,1","05,1","SYN05842139 31595 22502 10356 20243 40048 70500 82500 333 58022=",
"42139099999","2022-09-05T09:00:00","4","29.0166666","77.7166667","222.0","MEERUT, IN","FM-12","99999","V020","230,1,N,0010,1","99999,9,9,N","002000,1,9,9","+0362,1","+0228,1","10022,1",,"1,1,02,1","0,1,02,1","05,1,+00800,1,06,1",,,"9,AGL   ,+99999,+99999","05,99,1,05,1,99,9,00800,1,99,9,99,9",,,"9,9,999,9,+014,1","05,1","SYN05842139 31595 52302 10362 20228 40022 70510 85400 333 58014=",
"42139099999","2022-09-05T12:00:00","4","29.0166666","77.7166667","222.0","MEERUT, IN","FM-12","99999","V020","230,1,N,0015,1","22000,1,9,N","002000,1,9,9","+0348,1","+0233,1","10009,1",,"0,1,02,1","0,1,02,1","02,1,+00800,1,06,1","99,9,+99999,9,03,1",,"9,AGL   ,+99999,+99999","02,99,1,02,1,99,9,00800,1,99,9,99,9","240,M,+0376,1",,"9,9,999,9,+019,1","05,1","SYN06442139 31595 22303 10348 20233 40009 70500 82530 333 10376 58019=",
"42139099999","2022-09-06T03:00:00","4","29.0166666","77.7166667","222.0","MEERUT, IN","FM-12","99999","V020","020,1,N,0015,1","22000,1,9,N","002000,1,9,9","+0312,1","+0256,1","10056,1",,"0,1,02,1","0,1,02,1","02,1,+99999,9,03,1",,,"9,AGL   ,+99999,+99999","02,99,1,02,1,99,9,99999,9,99,9,99,9","240,M,+0376,1","240,N,+0232,1","9,9,999,9,+010,1","05,1","SYN08042139 31995 20203 10312 20256 40056 70500 82030 333 10376 20232 58010 555 10298=",
"42139099999","2022-09-06T06:00:00","4","29.0166666","77.7166667","222.0","MEERUT, IN","FM-12","99999","V020","250,1,N,0015,1","99999,9,9,N","002000,1,9,9","+0354,1","+0244,1","10058,1",,"2,1,02,1","1,1,02,1","05,1,+00800,1,06,1",,,"9,AGL   ,+99999,+99999","05,99,1,05,1,99,9,00800,1,99,9,99,9",,,"9,9,999,9,+010,1","05,1","SYN05842139 31595 52503 10354 20244 40058 70521 85400 333 58010=",
"42139099999","2022-09-06T09:00:00","4","29.0166666","77.7166667","222.0","MEERUT, IN","FM-12","99999","V020","020,1,N,0010,1","22000,1,9,N","002000,1,9,9","+0360,1","+0241,1","10036,1",,"2,1,02,1","1,1,02,1","04,1,+00800,1,06,1",,,"9,AGL   ,+99999,+99999","04,99,1,04,1,99,9,00800,1,99,9,99,9",,,"9,9,999,9,+016,1","05,1","SYN05842139 31595 40202 10360 20241 40036 70521 84400 333 58016=",
"42139099999","2022-09-06T12:00:00","4","29.0166666","77.7166667","222.0","MEERUT, IN","FM-12","99999","V020","999,9,C,0000,1","22000,1,9,N","002000,1,9,9","+0346,1","+0241,1","10026,1",,"1,1,02,1","0,1,02,1","02,1,+00800,1,06,1","99,9,+99999,9,03,1",,"9,AGL   ,+99999,+99999","02,99,1,02,1,99,9,00800,1,99,9,99,9","240,M,+0366,1",,"9,9,999,9,+016,1","05,1","SYN06442139 31595 20000 10346 20241 40026 70510 82530 333 10366 58016=",
"42139099999","2022-09-07T03:00:00","4","29.0166666","77.7166667","222.0","MEERUT, IN","FM-12","99999","V020","999,9,C,0000,1","99999,9,9,N","002000,1,9,9","+0310,1","+0257,1","10075,1",,"0,1,02,1","0,1,02,1",,,,,,"240,M,+0366,1","240,N,+0224,1","9,9,999,9,+017,1","05,1","SYN07442139 31995 00000 10310 20257 40075 70500 333 10366 20224 58017 555 10298=",
"42139099999","2022-09-07T06:00:00","4","29.0166666","77.7166667","222.0","MEERUT, IN","FM-12","99999","V020","320,1,N,0015,1","22000,1,9,N","002000,1,9,9","+0354,1","+0234,1","10073,1",,"0,1,02,1","0,1,02,1","02,1,+99999,9,03,1",,,"9,AGL   ,+99999,+99999","02,99,1,02,1,99,9,99999,9,99,9,99,9",,,"9,9,999,9,+014,1","05,1","SYN05842139 31995 23203 10354 20234 40073 70500 82030 333 58014=",
"42139099999","2022-09-07T09:00:00","4","29.0166666","77.7166667","222.0","MEERUT, IN","FM-12","99999","V020","999,9,C,0000,1","99999,9,9,N","002000,1,9,9","+0378,1","+0232,1","10052,1",,"2,1,02,1","1,1,02,1","04,1,+00800,1,06,1","99,9,+99999,9,03,1",,"9,AGL   ,+99999,+99999","05,99,1,04,1,99,9,00800,1,99,9,99,9",,,"9,9,999,9,+015,1","05,1","SYN05842139 31595 50000 10378 20232 40052 70521 84430 333 58015=",
"42139099999","2022-09-07T12:00:00","4","29.0166666","77.7166667","222.0","MEERUT, IN","FM-12","99999","V020","999,9,C,0000,1","22000,1,9,N","002000,1,9,9","+0352,1","+0226,1","10043,1",,"2,1,02,1","1,1,02,1","02,1,+99999,9,03,1",,,"9,AGL   ,+99999,+99999","02,99,1,02,1,99,9,99999,9,99,9,99,9","240,M,+0380,1",,"9,9,999,9,+018,1","05,1","SYN06442139 31995 20000 10352 20226 40043 70521 82030 333 10380 58018=",
"42139099999","2022-09-08T03:00:00","4","29.0166666","77.7166667","222.0","MEERUT, IN","FM-12","99999","V020","020,1,N,0010,1","99999,9,9,N","002000,1,9,9","+0304,1","+0253,1","10087,1",,"0,1,02,1","0,1,02,1",,,,,,"240,M,+0380,1","240,N,+0230,1","9,9,999,9,+012,1","05,1","SYN07442139 31995 00202 10304 20253 40087 70500 333 10380 20230 58012 555 10298=",
"42139099999","2022-09-08T06:00:00","4","29.0166666","77.7166667","222.0","MEERUT, IN","FM-12","99999","V020","090,1,N,0021,1","22000,1,9,N","002000,1,9,9","+0352,1","+0228,1","10085,1",,"1,1,02,1","0,1,02,1","04,1,+00800,1,06,1",,,"9,AGL   ,+99999,+99999","04,99,1,04,1,99,9,00800,1,99,9,99,9",,,"9,9,999,9,+012,1","05,1","SYN05842139 31595 40904 10352 20228 40085 70510 84500 333 58012=",
"42139099999","2022-09-08T09:00:00","4","29.0166666","77.7166667","222.0","MEERUT, IN","FM-12","99999","V020","999,9,C,0000,1","22000,1,9,N","002000,1,9,9","+0360,1","+0231,1","10059,1",,"1,1,02,1","1,1,02,1","04,1,+00800,1,08,1",,,"9,AGL   ,+99999,+99999","04,99,1,04,1,99,9,00800,1,99,9,99,9",,,"9,9,999,9,+005,1","05,1","SYN05842139 31595 40000 10360 20231 40059 70511 84100 333 58005=",
"42139099999","2022-09-08T12:00:00","4","29.0166666","77.7166667","222.0","MEERUT, IN","FM-12","99999","V020","070,1,N,0010,1","22000,1,9,9","002000,1,9,9","+0345,1","+0242,1","10043,1","99,9999,9,9","0,1,99,9","0,1,99,9","02,1,+04000,1,03,1",,,"9,AGL   ,+99999,+99999","02,99,1,02,1,99,9,04000,1,99,9,99,9",,,"9,9,999,9,-001,1","05,1","SYN004BUFR",
"42139099999","2022-09-09T03:00:00","4","29.0166666","77.7166667","222.0","MEERUT, IN","FM-12","99999","V020","070,1,N,0010,1","99999,9,9,N","002000,1,9,9","+0298,1","+0262,1","10089,1",,"0,1,02,1","0,1,02,1",,,,,,"240,M,+0372,1","240,N,+0234,1","9,9,999,9,+001,1","10,1","SYN07442139 31995 00702 10298 20262 40089 71000 333 10372 20234 58001 555 10298=",
"42139099999","2022-09-09T06:00:00","4","29.0166666","77.7166667","222.0","MEERUT, IN","FM-12","99999","V020","999,9,C,0000,1","22000,1,9,N","002000,1,9,9","+0342,1","+0252,1","10084,1",,"1,1,02,1","0,1,02,1","04,1,+00800,1,06,1",,,"9,AGL   ,+99999,+99999","04,99,1,04,1,99,9,00800,1,99,9,99,9",,,"9,9,999,9,-002,1","05,1","SYN05842139 31595 40000 10342 20252 40084 70510 84400 333 59002=",
"42139099999","2022-09-09T09:00:00","4","29.0166666","77.7166667","222.0","MEERUT, IN","FM-12","99999","V020","050,1,N,0031,1","99999,9,9,N","002000,1,9,9","+0334,1","+0233,1","10057,1",,"0,1,02,1","0,1,02,1",,,,,,,,"9,9,999,9,-004,1","05,1","SYN05242139 31995 00506 10334 20233 40057 70500 333 59004=",
"42139099999","2022-09-09T12:00:00","4","29.0166666","77.7166667","222.0","MEERUT, IN","FM-12","99999","V020","070,1,N,0015,1","99999,9,9,N","002000,1,9,9","+0330,1","+0257,1","10041,1",,"0,1,02,1","0,1,02,1",,,,,,"240,M,+0360,1",,"9,9,999,9,-003,1","05,1","SYN05842139 31995 00703 10330 20257 40041 70500 333 10360 59003=",
"42139099999","2022-09-10T03:00:00","4","29.0166666","77.7166667","222.0","MEERUT, IN","FM-12","99999","V020","999,9,C,0000,1","22000,1,9,N","002000,1,9,9","+0292,1","+0264,1","10082,1",,"1,1,02,1","0,1,02,1","03,1,+00800,1,06,1",,,"9,AGL   ,+99999,+99999","03,99,1,03,1,99,9,00800,1,99,9,99,9","240,M,+0360,1","240,N,+0238,1","9,9,999,9,-007,1","10,1","SYN08042139 31595 30000 10292 20264 40082 71010 83400 333 10360 20238 59007 555 10298=",
"42139099999","2022-09-10T06:00:00","4","29.0166666","77.7166667","222.0","MEERUT, IN","FM-12","99999","V020","050,1,N,0015,1","99999,9,9,N","002000,1,9,9","+0332,1","+0265,1","10075,1",,"2,1,02,1","1,1,02,1","05,1,+00800,1,09,1","99,9,+99999,9,03,1",,"9,AGL   ,+99999,+99999","06,99,1,05,1,99,9,00800,1,99,9,99,9",,,,"05,1","SYN06442139 31595 60503 10332 20265 40075 70521 85330 333 57920 59010=",
"42139099999","2022-09-10T09:00:00","4","29.0166666","77.7166667","222.0","MEERUT, IN","FM-12","99999","V020","090,1,N,0021,1","22000,1,9,N","002000,1,9,9","+0340,1","+0253,1","10047,1",,"2,1,02,1","1,1,02,1","03,1,+00800,1,08,1","99,9,+99999,9,03,1",,"9,AGL   ,+99999,+99999","04,99,1,03,1,99,9,00800,1,99,9,99,9",,,"9,9,999,9,-010,1","05,1","SYN05842139 31595 40904 10340 20253 40047 70521 83830 333 59010=",
"42139099999","2022-09-10T12:00:00","4","29.0166666","77.7166667","222.0","MEERUT, IN","FM-12","99999","V020","999,9,C,0000,1","22000,1,9,N","002000,1,9,9","+0312,1","+0240,1","10021,1",,"2,1,02,1","1,1,02,1","04,1,+99999,9,03,1",,,"9,AGL   ,+99999,+99999","04,99,1,04,1,99,9,99999,9,99,9,99,9","240,M,+0346,1",,"9,9,999,9,-021,1","05,1","SYN06442139 31995 40000 10312 20240 40021 70521 84030 333 10346 59021=",
"42139099999","2022-09-11T03:00:00","4","29.0166666","77.7166667","222.0","MEERUT, IN","FM-12","99999","V020","110,1,N,0021,1","99999,9,9,N","002000,1,9,9","+0298,1","+0247,1","10060,1",,"0,1,02,1","0,1,02,1",,,,,,"240,M,+0346,1","240,N,+0224,1","9,9,999,9,-021,1","05,1","SYN07442139 31995 01104 10298 20247 40060 70500 333 10346 20224 59021 555 10298=",
"42139099999","2022-09-11T06:00:00","4","29.0166666","77.7166667","222.0","MEERUT, IN","FM-12","99999","V020","140,1,N,0015,1","22000,1,9,N","002000,1,9,9","+0342,1","+0239,1","10045,1",,"0,1,02,1","0,1,02,1","03,1,+00800,1,08,1",,,"9,AGL   ,+99999,+99999","03,99,1,03,1,99,9,00800,1,99,9,99,9",,,"9,9,999,9,-026,1","05,1","SYN05842139 31595 31403 10342 20239 40045 70500 83100 333 59026=",
"42139099999","2022-09-11T09:00:00","4","29.0166666","77.7166667","222.0","MEERUT, IN","FM-12","99999","V020","140,1,N,0015,1","22000,1,9,N","002000,1,9,9","+0356,1","+0229,1","10017,1",,"1,1,02,1","1,1,02,1","03,1,+00800,1,08,1",,,"9,AGL   ,+99999,+99999","03,99,1,03,1,99,9,00800,1,99,9,99,9",,,"9,9,999,9,-028,1","05,1","SYN05842139 31595 31403 10356 20229 40017 70511 83100 333 59028=",
"42139099999","2022-09-11T12:00:00","4","29.0166666","77.7166667","222.0","MEERUT, IN","FM-12","99999","V020","999,9,C,0000,1","22000,1,9,N","002000,1,9,9","+0334,1","+0240,1","10000,1",,"1,1,02,1","0,1,02,1","02,1,+00800,1,06,1",,,"9,AGL   ,+99999,+99999","02,99,1,02,1,99,9,00800,1,99,9,99,9","240,M,+0360,1",,"9,9,999,9,-018,1","05,1","SYN06442139 31595 20000 10334 20240 40000 70510 82500 333 10360 59018=",
"42139099999","2022-09-12T03:00:00","4","29.0166666","77.7166667","222.0","MEERUT, IN","FM-12","99999","V020","250,1,N,0015,1","22000,1,9,N","002000,1,9,9","+0298,1","+0247,1","10039,1",,"1,1,02,1","0,1,02,1","01,1,+99999,9,03,1","99,9,+99999,9,00,1",,"9,AGL   ,+99999,+99999","03,99,1,01,1,99,9,99999,9,99,9,99,9","240,M,+0360,1","240,N,+0226,1","9,9,999,9,-021,1","05,1","SYN08042139 31995 32503 10298 20247 40039 70510 81031 333 10360 20226 59021 555 10298=",
"42139099999","2022-09-12T06:00:00","4","29.0166666","77.7166667","222.0","MEERUT, IN","FM-12","99999","V020","020,1,N,0026,1","22000,1,9,N","002000,1,9,9","+0334,1","+0237,1","10031,1",,"2,1,02,1","1,1,02,1","03,1,+00800,1,08,1","99,9,+99999,9,03,1",,"9,AGL   ,+99999,+99999","04,99,1,03,1,99,9,00800,1,99,9,99,9",,,"9,9,999,9,-017,1","05,1","SYN05842139 31595 40205 10334 20237 40031 70521 83830 333 59017=",
"42139099999","2022-09-12T09:00:00","4","29.0166666","77.7166667","222.0","MEERUT, IN","FM-12","99999","V020","999,9,C,0000,1","99999,9,9,N","002000,1,9,9","+0340,1","+0230,1","10009,1",,"2,1,02,1","2,1,02,1","04,1,+00800,1,08,1","99,9,+99999,9,03,1",,"9,AGL   ,+99999,+99999","05,99,1,04,1,99,9,00800,1,99,9,99,9",,,"9,9,999,9,-008,1","05,1","SYN05842139 31595 50000 10340 20230 40009 70522 84130 333 59008=",
"42139099999","2022-09-12T12:00:00","4","29.0166666","77.7166667","222.0","MEERUT, IN","FM-12","99999","V020","999,9,C,0000,1","99999,9,9,N","002000,1,9,9","+0334,1","+0230,1","09993,1",,"2,1,02,1","2,1,02,1","02,1,+00800,1,06,1","99,9,+99999,9,03,1","99,9,+99999,9,00,1","9,AGL   ,+99999,+99999","06,99,1,02,1,99,9,00800,1,99,9,99,9","240,M,+0348,1",,"9,9,999,9,-007,1","05,1","SYN06442139 31595 60000 10334 20230 49993 70522 82531 333 10348 59007=",
"42139099999","2022-09-13T03:00:00","4","29.0166666","77.7166667","222.0","MEERUT, IN","FM-12","99999","V020","050,1,N,0026,1","99999,9,9,N","002000,1,9,9","+0284,1","+0238,1","10046,1","24,0020,3,1","2,1,02,1","2,1,02,1","02,1,+00800,1,06,1","99,9,+99999,9,03,1",,"9,AGL   ,+99999,+99999","05,99,1,02,1,99,9,00800,1,99,9,99,9","240,M,+0348,1","240,N,+0222,1","9,9,999,9,+006,1","05,1","SYN09242139 21595 50505 10284 20238 40046 70522 82530 333 10348 20222 58006 6002/ 555 00017 10300=",
"42139099999","2022-09-13T06:00:00","4","29.0166666","77.7166667","222.0","MEERUT, IN","FM-12","99999","V020","020,1,N,0021,1","99999,9,9,N","002000,1,9,9","+0312,1","+0234,1","10046,1",,"2,1,02,1","2,1,02,1","03,1,+00800,1,06,1","99,9,+99999,9,03,1",,"9,AGL   ,+99999,+99999","06,99,1,03,1,99,9,00800,1,99,9,99,9",,,"9,9,999,9,+014,1","05,1","SYN05842139 31595 60204 10312 20234 40046 70522 83530 333 58014=",
"42139099999","2022-09-13T09:00:00","4","29.0166666","77.7166667","222.0","MEERUT, IN","FM-12","99999","V020","200,1,N,0021,1","99999,9,9,N","002000,1,9,9","+0334,1","+0233,1","10020,1",,"2,1,02,1","2,1,02,1","03,1,+00800,1,08,1","99,9,+99999,9,03,1",,"9,AGL   ,+99999,+99999","06,99,1,03,1,99,9,00800,1,99,9,99,9",,,"9,9,999,9,+009,1","05,1","SYN05842139 31595 62004 10334 20233 40020 70522 83830 333 58009=",
"42139099999","2022-09-13T12:00:00","4","29.0166666","77.7166667","222.0","MEERUT, IN","FM-12","99999","V020","999,9,C,0000,1","22000,1,9,N","002000,1,9,9","+0316,1","+0242,1","10010,1",,"2,1,02,1","1,1,02,1","02,1,+99999,9,03,1",,,"9,AGL   ,+99999,+99999","02,99,1,02,1,99,9,99999,9,99,9,99,9","240,M,+0342,1",,"9,9,999,9,+015,1","05,1","SYN06442139 31995 20000 10316 20242 40010 70521 82030 333 10342 58015=",
"42139099999","2022-09-14T03:00:00","4","29.0166666","77.7166667","222.0","MEERUT, IN","FM-12","99999","V020","050,1,N,0021,1","99999,9,9,N","002000,1,9,9","+0268,1","+0230,1","10050,1",,"2,1,02,1","2,1,02,1","03,1,+00800,1,06,1","99,9,+99999,9,03,1",,"9,AGL   ,+99999,+99999","07,99,1,03,1,99,9,00800,1,99,9,99,9","240,M,+0342,1","240,N,+0218,1","9,9,999,9,+003,1","10,1","SYN08042139 31595 70504 10268 20230 40050 71022 83530 333 10342 20218 58003 555 10300=",
"42139099999","2022-09-14T06:00:00","4","29.0166666","77.7166667","222.0","MEERUT, IN","FM-12","99999","V020","050,1,N,0026,1","99999,9,9,N","002000,1,9,9","+0296,1","+0238,1","10049,1",,"2,1,02,1","2,1,02,1","03,1,+00800,1,06,1","99,9,+99999,9,03,1",,"9,AGL   ,+99999,+99999","06,99,1,03,1,99,9,00800,1,99,9,99,9",,,"9,9,999,9,+001,1","05,1","SYN05842139 31595 60505 10296 20238 40049 70522 83530 333 58001=",
"42139099999","2022-09-14T12:00:00","4","29.0166666","77.7166667","222.0","MEERUT, IN","FM-12","99999","V020","050,1,N,0031,1","99999,9,9,N","002000,1,9,9","+0296,1","+0229,1","10016,1",,"2,1,02,1","2,1,02,1","02,1,+99999,9,06,1","99,9,+99999,9,03,1",,"9,AGL   ,+99999,+99999","05,99,1,02,1,99,9,99999,9,99,9,99,9","240,M,+0321,1",,"9,9,999,9,+004,1","05,1","SYN06442139 31995 50506 10296 20229 40016 70522 82530 333 10321 58004=",
"42139099999","2022-09-15T03:00:00","4","29.0166666","77.7166667","222.0","MEERUT, IN","FM-12","99999","V020","050,1,N,0015,1","99999,9,9,N","002000,1,9,9","+0270,1","+0244,1","10029,1",,"2,1,02,1","2,1,02,1","04,1,+00800,1,06,1","99,9,+99999,9,03,1",,"9,AGL   ,+99999,+99999","07,99,1,04,1,99,9,00800,1,99,9,99,9","240,M,+0321,1","240,N,+0223,1","9,9,999,9,-021,1","10,1","SYN08042139 31595 70503 10270 20244 40029 71022 84530 333 10321 20223 59021 555 10300=",
"42139099999","2022-09-15T06:00:00","4","29.0166666","77.7166667","222.0","MEERUT, IN","FM-12","99999","V020","050,1,N,0015,1","99999,9,9,N","002000,1,9,9","+0260,1","+0246,1","10030,1","03,0030,3,1","6,1,02,1","2,1,02,1","06,1,+00800,1,06,1","99,9,+99999,9,05,1",,"9,AGL   ,+99999,+99999","08,99,1,06,1,99,9,00800,1,99,9,99,9",,,"9,9,999,9,-022,1","21,1","SYN06442139 21595 80503 10260 20246 40030 72162 8652/ 333 59022 6003/=",
"42139099999","2022-09-15T09:00:00","4","29.0166666","77.7166667","222.0","MEERUT, IN","FM-12","99999","V020","050,1,N,0010,1","99999,9,9,N","002000,1,9,9","+0250,1","+0244,1","10010,1","06,0040,3,1","6,1,02,1","2,1,02,1","06,1,+00800,1,06,1","99,9,+99999,9,05,1",,"9,AGL   ,+99999,+99999","08,99,1,06,1,99,9,00800,1,99,9,99,9",,,"9,9,999,9,-017,1","21,1","SYN06442139 21595 80502 10250 20244 40010 72162 8652/ 333 59017 6004/=",
"42139099999","2022-09-15T12:00:00","4","29.0166666","77.7166667","222.0","MEERUT, IN","FM-12","99999","V020","050,1,N,0015,1","99999,9,9,N","002000,1,9,9","+0244,1","+0238,1","10004,1","09,0040,3,1","6,1,02,1","5,1,02,1","06,1,+00450,1,07,1","99,9,+99999,9,05,1",,"9,AGL   ,+99999,+99999","08,99,1,06,1,99,9,00450,1,99,9,99,9","240,M,+0293,1",,"9,9,999,9,-016,1","51,1","SYN07042139 21495 80503 10244 20238 40004 75165 8672/ 333 10293 59016 6004/=",
"42139099999","2022-09-16T03:00:00","4","29.0166666","77.7166667","222.0","MEERUT, IN","FM-12","99999","V020","360,1,N,0005,1","99999,9,9,N","002000,1,9,9","+0236,1","+0233,1","10006,1","24,0190,3,1","6,1,02,1","5,1,02,1","06,1,+00800,1,06,1","99,9,+99999,9,05,1",,"9,AGL   ,+99999,+99999","08,99,1,06,1,99,9,00800,1,99,9,99,9","240,M,+0293,1","240,N,+0196,1","9,9,999,9,-025,1","51,1","SYN09242139 21595 83601 10236 20233 40006 75165 8652/ 333 10293 20196 59025 6019/ 555 00185 10318=",
"42139099999","2022-09-16T06:00:00","4","29.0166666","77.7166667","222.0","MEERUT, IN","FM-12","99999","V020","999,9,C,0000,1","99999,9,9,N","002000,1,9,9","+0240,1","+0240,1","10005,1","03,0170,3,1","6,1,02,1","2,1,02,1","06,1,+00800,1,06,1","99,9,+99999,9,05,1",,"9,AGL   ,+99999,+99999","08,99,1,06,1,99,9,00800,1,99,9,99,9",,,"9,9,999,9,-026,1","61,1","SYN06442139 21595 80000 10240 20240 40005 76162 8652/ 333 59026 6017/=",
"42139099999","2022-09-16T09:00:00","4","29.0166666","77.7166667","222.0","MEERUT, IN","FM-12","99999","V020","999,9,C,0000,1","99999,9,9,N","002000,1,9,9","+0260,1","+0260,1","09982,1","06,0200,3,1","6,1,02,1","2,1,02,1","06,1,+00800,1,06,1","99,9,+99999,9,05,1",,"9,AGL   ,+99999,+99999","08,99,1,06,1,99,9,00800,1,99,9,99,9",,,"9,9,999,9,-027,1","61,1","SYN06442139 21595 80000 10260 20260 49982 76162 8652/ 333 59027 6020/=",
"42139099999","2022-09-16T12:00:00","4","29.0166666","77.7166667","222.0","MEERUT, IN","FM-12","99999","V020","999,9,C,0000,1","99999,9,9,N","002000,1,9,9","+0256,1","+0253,1","09976,1","09,0210,3,1","6,1,02,1","2,1,02,1","06,1,+00800,1,06,1","99,9,+99999,9,05,1",,"9,AGL   ,+99999,+99999","08,99,1,06,1,99,9,00800,1,99,9,99,9","240,M,+0264,1",,"9,9,999,9,-027,1","05,1","SYN07042139 21595 80000 10256 20253 49976 70562 8652/ 333 10264 59027 6021/=",
"42139099999","2022-09-17T03:00:00","4","29.0166666","77.7166667","222.0","MEERUT, IN","FM-12","99999","V020","999,9,C,0000,1","99999,9,9,N","002000,1,9,9","+0256,1","+0247,1","10018,1","24,0210,3,1","2,1,02,1","2,1,02,1","05,1,+00800,1,06,1","99,9,+99999,9,03,1",,"9,AGL   ,+99999,+99999","08,99,1,05,1,99,9,00800,1,99,9,99,9","240,M,+0264,1","240,N,+0210,1","9,9,999,9,+014,1","10,1","SYN09242139 21595 80000 10256 20247 40018 71022 8553/ 333 10264 20210 58014 6021/ 555 00209 10339=",
"42139099999","2022-09-17T06:00:00","4","29.0166666","77.7166667","222.0","MEERUT, IN","FM-12","99999","V020","999,9,C,0000,1","99999,9,9,N","002000,1,9,9","+0300,1","+0252,1","10028,1",,"2,1,02,1","2,1,02,1","03,1,+00800,1,06,1","99,9,+99999,9,03,1",,"9,AGL   ,+99999,+99999","07,99,1,03,1,99,9,00800,1,99,9,99,9",,,"9,9,999,9,+027,1","05,1","SYN05842139 31595 70000 10300 20252 40028 70522 83530 333 58027=",
"42139099999","2022-09-17T09:00:00","4","29.0166666","77.7166667","222.0","MEERUT, IN","FM-12","99999","V020","999,9,C,0000,1","99999,9,9,N","002000,1,9,9","+0320,1","+0264,1","10013,1",,"2,1,02,1","2,1,02,1","07,1,+00800,1,08,1",,,"9,AGL   ,+99999,+99999","07,99,1,07,1,99,9,00800,1,99,9,99,9",,,"9,9,999,9,+036,1","05,1","SYN05842139 31595 70000 10320 20264 40013 70522 87800 333 58036=",
"42139099999","2022-09-17T12:00:00","4","29.0166666","77.7166667","222.0","MEERUT, IN","FM-12","99999","V020","999,9,C,0000,1","99999,9,9,N","002000,1,9,9","+0270,1","+0247,1","10015,1","09,0020,3,1","9,1,02,1","6,1,02,1","03,1,+00800,1,06,1","99,9,+99999,9,03,1",,"9,AGL   ,+99999,+99999","07,99,1,03,1,99,9,00800,1,99,9,99,9","240,M,+0325,1",,"9,9,999,9,+040,1","21,1","SYN07042139 21595 70000 10270 20247 40015 72196 83530 333 10325 58040 6002/=",
"42139099999","2022-09-18T03:00:00","4","29.0166666","77.7166667","222.0","MEERUT, IN","FM-12","99999","V020","999,9,C,0000,1","22000,1,9,N","002000,1,9,9","+0270,1","+0238,1","10060,1","24,0020,3,1","1,1,02,1","0,1,02,1","99,9,+00800,1,00,1",,,"9,AGL   ,+99999,+99999","02,99,1,00,1,99,9,00800,1,99,9,99,9","240,M,+0325,1","240,N,+0201,1","9,9,999,9,+042,1","10,1","SYN09242139 21595 20000 10270 20238 40060 71010 80001 333 10325 20201 58042 6002/ 555 00017 10341=","Q01    003SCCGA1"
"42139099999","2022-09-18T06:00:00","4","29.0166666","77.7166667","222.0","MEERUT, IN","FM-12","99999","V020","999,9,C,0000,1","22000,1,9,N","002000,1,9,9","+0310,1","+0241,1","10057,1",,"1,1,02,1","1,1,02,1","02,1,+00800,1,08,1",,,"9,AGL   ,+99999,+99999","02,99,1,02,1,99,9,00800,1,99,9,99,9",,,"9,9,999,9,+030,1","05,1","SYN05842139 31595 20000 10310 20241 40057 70511 82100 333 58030=",
"42139099999","2022-09-18T09:00:00","4","29.0166666","77.7166667","222.0","MEERUT, IN","FM-12","99999","V020","999,9,C,0000,1","99999,9,9,N","002000,1,9,9","+0330,1","+0245,1","10037,1",,"1,1,02,1","1,1,02,1","02,1,+00800,1,08,1","99,9,+99999,9,03,1",,"9,AGL   ,+99999,+99999","05,99,1,02,1,99,9,00800,1,99,9,99,9",,,"9,9,999,9,+024,1","05,1","SYN05842139 31595 50000 10330 20245 40037 70511 82130 333 58024=",
"42139099999","2022-09-18T12:00:00","4","29.0166666","77.7166667","222.0","MEERUT, IN","FM-12","99999","V020","999,9,C,0000,1","22000,1,9,N","002000,1,9,9","+0316,1","+0260,1","10027,1",,"1,1,02,1","1,1,02,1","02,1,+00800,1,08,1",,,"9,AGL   ,+99999,+99999","02,99,1,02,1,99,9,00800,1,99,9,99,9","240,M,+0333,1",,"9,9,999,9,+015,1","05,1","SYN06442139 31595 20000 10316 20260 40027 70511 82100 333 10333 58015=",
"42139099999","2022-09-19T03:00:00","4","29.0166666","77.7166667","222.0","MEERUT, IN","FM-12","99999","V020","999,9,C,0000,1","99999,9,9,N","002000,1,9,9","+0272,1","+0258,1","10059,1",,"2,1,02,1","2,1,02,1","06,1,+00800,1,06,1","99,9,+99999,9,05,1",,"9,AGL   ,+99999,+99999","08,99,1,06,1,99,9,00800,1,99,9,99,9","240,M,+0333,1","240,N,+0252,1","9,9,999,9,-001,1","10,1","SYN08042139 31595 80000 10272 20258 40059 71022 8652/ 333 10333 20252 59001 555 10341=",
"42139099999","2022-09-19T06:00:00","4","29.0166666","77.7166667","222.0","MEERUT, IN","FM-12","99999","V020","999,9,C,0000,1","99999,9,9,N","002000,1,9,9","+0310,1","+0260,1","10059,1",,"2,1,02,1","2,1,02,1","02,1,+00800,1,06,1","99,9,+99999,9,03,1",,"9,AGL   ,+99999,+99999","07,99,1,02,1,99,9,00800,1,99,9,99,9",,,"9,9,999,9,+002,1","05,1","SYN05842139 31595 70000 10310 20260 40059 70522 82530 333 58002=",
"42139099999","2022-09-19T09:00:00","4","29.0166666","77.7166667","222.0","MEERUT, IN","FM-12","99999","V020","050,1,N,0015,1","99999,9,9,N","002000,1,9,9","+0300,1","+0237,1","10043,1",,"9,1,02,1","2,1,02,1","06,1,+00800,1,09,1","99,9,+99999,9,05,1",,"9,AGL   ,+99999,+99999","08,99,1,06,1,99,9,00800,1,99,9,99,9",,,"9,9,999,9,+003,1","17,1","SYN05842139 31595 80503 10300 20237 40043 71792 8692/ 333 58003=",
"42139099999","2022-09-19T12:00:00","4","29.0166666","77.7166667","222.0","MEERUT, IN","FM-12","99999","V020","999,9,C,0000,1","22000,1,9,N","002000,1,9,9","+0286,1","+0258,1","10033,1","09,0007,3,1","9,1,02,1","6,1,02,1","02,1,+99999,9,03,1",,,"9,AGL   ,+99999,+99999","02,99,1,02,1,99,9,99999,9,99,9,99,9","240,M,+0340,1",,"9,9,999,9,+003,1","05,1","SYN07042139 21995 20000 10286 20258 40033 70596 82030 333 10340 58003 6997/=",
"42139099999","2022-09-20T03:00:00","4","29.0166666","77.7166667","222.0","MEERUT, IN","FM-12","99999","V020","999,9,C,0000,1","99999,9,9,N","002000,1,9,9","+0250,1","+0250,1","10066,1","24,0360,3,1","6,1,02,1","2,1,02,1","04,1,+00800,1,06,1","99,9,+99999,9,03,1",,"9,AGL   ,+99999,+99999","07,99,1,04,1,99,9,00800,1,99,9,99,9","240,M,+0340,1","240,N,+0224,1","9,9,999,9,+005,1","21,1","SYN09242139 21595 70000 10250 20250 40066 72162 84530 333 10340 20224 58005 6036/ 555 00363 10377=",
"42139099999","2022-09-20T06:00:00","4","29.0166666","77.7166667","222.0","MEERUT, IN","FM-12","99999","V020","999,9,C,0000,1","99999,9,9,N","002000,1,9,9","+0300,1","+0267,1","10059,1",,"2,1,02,1","2,1,02,1","02,1,+00800,1,06,1","99,9,+99999,9,03,1",,"9,AGL   ,+99999,+99999","06,99,1,02,1,99,9,00800,1,99,9,99,9",,,"9,9,999,9,-001,1","05,1","SYN05842139 31595 60000 10300 20267 40059 70522 82530 333 59001=",
"42139099999","2022-09-20T09:00:00","4","29.0166666","77.7166667","222.0","MEERUT, IN","FM-12","99999","V020","999,9,C,0000,1","99999,9,9,N","002000,1,9,9","+0314,1","+0264,1","10028,1",,"2,1,02,1","2,1,02,1","06,1,+00800,1,08,1",,,"9,AGL   ,+99999,+99999","06,99,1,06,1,99,9,00800,1,99,9,99,9",,,"9,9,999,9,-013,1","05,1","SYN05842139 31595 60000 10314 20264 40028 70522 86800 333 59013=",
"42139099999","2022-09-20T12:00:00","4","29.0166666","77.7166667","222.0","MEERUT, IN","FM-12","99999","V020","999,9,C,0000,1","99999,9,9,N","002000,1,9,9","+0278,1","+0261,1","10030,1","09,0020,3,1","9,1,02,1","6,1,02,1","03,1,+00800,1,06,1","99,9,+99999,9,03,1",,"9,AGL   ,+99999,+99999","06,99,1,03,1,99,9,00800,1,99,9,99,9","240,M,+0316,1",,"9,9,999,9,-004,1","05,1","SYN07042139 21595 60000 10278 20261 40030 70596 83530 333 10316 59004 6002/=",
"42139099999","2022-09-21T03:00:00","4","29.0166666","77.7166667","222.0","MEERUT, IN","FM-12","99999","V020","999,9,C,0000,1","99999,9,9,N","002000,1,9,9","+0266,1","+0252,1","10060,1","24,0020,3,1","6,1,02,1","2,1,02,1","06,1,+00800,1,06,1","99,9,+99999,9,05,1",,"9,AGL   ,+99999,+99999","08,99,1,06,1,99,9,00800,1,99,9,99,9","240,M,+0316,1","240,N,+0248,1","9,9,999,9,-004,1","21,1","SYN09242139 21595 80000 10266 20252 40060 72162 8652/ 333 10316 20248 59004 6002/ 555 00024 10380=",
"42139099999","2022-09-21T06:00:00","4","29.0166666","77.7166667","222.0","MEERUT, IN","FM-12","99999","V020","999,9,C,0000,1","99999,9,9,N","002000,1,9,9","+0318,1","+0259,1","10054,1",,"2,1,02,1","2,1,02,1","06,1,+00800,1,08,1",,,"9,AGL   ,+99999,+99999","06,99,1,06,1,99,9,00800,1,99,9,99,9",,,"9,9,999,9,-003,1","05,1","SYN05842139 31595 60000 10318 20259 40054 70522 86800 333 59003=",
"42139099999","2022-09-21T09:00:00","4","29.0166666","77.7166667","222.0","MEERUT, IN","FM-12","99999","V020","999,9,C,0000,1","99999,9,9,N","002000,1,9,9","+0240,1","+0237,1","10040,1","06,0070,3,1","6,1,02,1","2,1,02,1","03,1,+00800,1,06,1","99,9,+99999,9,05,1",,"9,AGL   ,+99999,+99999","08,99,1,03,1,99,9,00800,1,99,9,99,9",,,"9,9,999,9,+005,1","61,1","SYN06442139 21595 80000 10240 20237 40040 76162 8352/ 333 58005 6007/=",
"42139099999","2022-09-21T12:00:00","4","29.0166666","77.7166667","222.0","MEERUT, IN","FM-12","99999","V020","999,9,C,0000,1","99999,9,9,N","002000,1,9,9","+0256,1","+0244,1","10036,1","09,0080,3,1","6,1,02,1","2,1,02,1","03,1,+00800,1,06,1","99,9,+99999,9,04,1",,"9,AGL   ,+99999,+99999","08,99,1,03,1,99,9,00800,1,99,9,99,9","240,M,+0322,1",,"9,9,999,9,+005,1","10,1","SYN07042139 21595 80000 10256 20244 40036 71062 8351/ 333 10322 58005 6008/=",
"42139099999","2022-09-22T03:00:00","4","29.0166666","77.7166667","222.0","MEERUT, IN","FM-12","99999","V020","999,9,C,0000,1","99999,9,9,N","002000,1,9,9","+0252,1","+0246,1","10058,1","24,0100,3,1","2,1,02,1","2,1,02,1","04,1,+00800,1,06,1","99,9,+99999,9,03,1",,"9,AGL   ,+99999,+99999","07,99,1,04,1,99,9,00800,1,99,9,99,9","240,M,+0322,1","240,N,+0232,1","9,9,999,9,-004,1","05,1","SYN09242139 21595 70000 10252 20246 40058 70522 84530 333 10322 20232 59004 6010/ 555 00104 10390=",
"42139099999","2022-09-22T06:00:00","4","29.0166666","77.7166667","222.0","MEERUT, IN","FM-12","99999","V020","050,1,N,0010,1","99999,9,9,N","002000,1,9,9","+0272,1","+0249,1","10060,1","03,0002,3,1","6,1,02,1","2,1,02,1","03,1,+00800,1,06,1","99,9,+99999,9,05,1",,"9,AGL   ,+99999,+99999","08,99,1,03,1,99,9,00800,1,99,9,99,9",,,"9,9,999,9,+002,1","61,1","SYN06442139 21595 80502 10272 20249 40060 76162 8352/ 333 58002 6992/=",
"42139099999","2022-09-22T09:00:00","4","29.0166666","77.7166667","222.0","MEERUT, IN","FM-12","99999","V020","320,1,N,0015,1","99999,9,9,N","002000,1,9,9","+0280,1","+0249,1","10032,1","06,0004,3,1","6,1,02,1","2,1,02,1","04,1,+00800,1,06,1","99,9,+99999,9,03,1",,"9,AGL   ,+99999,+99999","07,99,1,04,1,99,9,00800,1,99,9,99,9",,,"9,9,999,9,-005,1","05,1","SYN06442139 21595 73203 10280 20249 40032 70562 84530 333 59005 6994/=",
"42139099999","2022-09-22T12:00:00","4","29.0166666","77.7166667","222.0","MEERUT, IN","FM-12","99999","V020","050,1,N,0010,1","99999,9,9,N","002000,1,9,9","+0268,1","+0257,1","10028,1","09,0030,3,1","6,1,02,1","2,1,02,1","04,1,+00800,1,06,1","99,9,+99999,9,03,1",,"9,AGL   ,+99999,+99999","07,99,1,04,1,99,9,00800,1,99,9,99,9","240,M,+0290,1",,"9,9,999,9,-007,1","21,1","SYN07042139 21595 70502 10268 20257 40028 72162 84530 333 10290 59007 6003/=",
"42139099999","2022-09-23T03:00:00","4","29.0166666","77.7166667","222.0","MEERUT, IN","FM-12","99999","V020","999,9,C,0000,1","99999,9,9,N","002000,1,9,9","+0252,1","+0252,1","10047,1","24,0670,3,1","6,1,02,1","6,1,02,1","05,1,+00800,1,06,1","99,9,+99999,9,05,1",,"9,AGL   ,+99999,+99999","08,99,1,05,1,99,9,00800,1,99,9,99,9","240,M,+0290,1","240,N,+0232,1","9,9,999,9,-010,1","61,1","SYN09242139 21595 80000 10252 20252 40047 76166 8552/ 333 10290 20232 59010 6067/ 555 00668 10457=",
"42139099999","2022-09-23T06:00:00","4","29.0166666","77.7166667","222.0","MEERUT, IN","FM-12","99999","V020","140,1,N,0010,1","99999,9,9,N","002000,1,9,9","+0270,1","+0267,1","10048,1","03,0010,3,1","6,1,02,1","2,1,02,1","04,1,+00800,1,06,1","99,9,+99999,9,03,1",,"9,AGL   ,+99999,+99999","07,99,1,04,1,99,9,00800,1,99,9,99,9",,,"9,9,999,9,-012,1","10,1","SYN06442139 21595 71402 10270 20267 40048 71062 84530 333 59012 6001/=",
"42139099999","2022-09-23T09:00:00","4","29.0166666","77.7166667","222.0","MEERUT, IN","FM-12","99999","V020","070,1,N,0021,1","99999,9,9,N","002000,1,9,9","+0256,1","+0247,1","10018,1","06,0050,3,1","6,1,02,1","2,1,02,1","05,1,+00450,1,09,1","99,9,+99999,9,05,1",,"9,AGL   ,+99999,+99999","08,99,1,05,1,99,9,00450,1,99,9,99,9",,,,"61,1","SYN07042139 21495 80704 10256 20247 40018 76162 8532/ 333 57950 59014 6005/=",
"42139099999","2022-09-23T12:00:00","4","29.0166666","77.7166667","222.0","MEERUT, IN","FM-12","99999","V020","999,9,C,0000,1","99999,9,9,N","002000,1,9,9","+0244,1","+0244,1","10020,1","09,0120,3,1","9,1,02,1","6,1,02,1","03,1,+00800,1,06,1","99,9,+99999,9,05,1",,"9,AGL   ,+99999,+99999","08,99,1,03,1,99,9,00800,1,99,9,99,9","240,M,+0288,1",,"9,9,999,9,-009,1","61,1","SYN07042139 21595 80000 10244 20244 40020 76196 8352/ 333 10288 59009 6012/=",
"42139099999","2022-09-24T03:00:00","4","29.0166666","77.7166667","222.0","MEERUT, IN","FM-12","99999","V020","230,1,N,0021,1","99999,9,9,N","002000,1,9,9","+0248,1","+0242,1","10040,1","24,0290,3,1","2,1,02,1","2,1,02,1","03,1,+00800,1,06,1","99,9,+99999,9,05,1",,"9,AGL   ,+99999,+99999","08,99,1,03,1,99,9,00800,1,99,9,99,9","240,M,+0288,1","240,N,+0226,1","9,9,999,9,-008,1","10,1","SYN09242139 21595 82304 10248 20242 40040 71022 8352/ 333 10288 20226 59008 6029/ 555 00285 10485=",
"42139099999","2022-09-24T06:00:00","4","29.0166666","77.7166667","222.0","MEERUT, IN","FM-12","99999","V020","320,1,N,0015,1","99999,9,9,N","002000,1,9,9","+0266,1","+0240,1","10037,1",,"2,1,02,1","2,1,02,1","04,1,+00450,1,07,1","99,9,+99999,9,05,1",,"9,AGL   ,+99999,+99999","08,99,1,04,1,99,9,00450,1,99,9,99,9",,,"9,9,999,9,-011,1","10,1","SYN05842139 31495 83203 10266 20240 40037 71022 8472/ 333 59011=",
"42139099999","2022-09-24T09:00:00","4","29.0166666","77.7166667","222.0","MEERUT, IN","FM-12","99999","V020","340,1,N,0015,1","99999,9,9,N","002000,1,9,9","+0278,1","+0246,1","10011,1",,"2,1,02,1","2,1,02,1","04,1,+00800,1,06,1","99,9,+99999,9,03,1",,"9,AGL   ,+99999,+99999","07,99,1,04,1,99,9,00800,1,99,9,99,9",,,"9,9,999,9,-005,1","10,1","SYN05842139 31595 73403 10278 20246 40011 71022 84530 333 59005=",
"42139099999","2022-09-24T12:00:00","4","29.0166666","77.7166667","222.0","MEERUT, IN","FM-12","99999","V020","200,1,N,0021,1","99999,9,9,N","002000,1,9,9","+0256,1","+0253,1","09999,1","09,0060,3,1","6,1,02,1","2,1,02,1","05,1,+00450,1,09,1","99,9,+99999,9,05,1",,"9,AGL   ,+99999,+99999","08,99,1,05,1,99,9,00450,1,99,9,99,9","240,M,+0283,1",,,"61,1","SYN07642139 21495 82004 10256 20253 49999 76162 8532/ 333 10283 57950 59020 6006/=",
"42139099999","2022-09-25T03:00:00","4","29.0166666","77.7166667","222.0","MEERUT, IN","FM-12","99999","V020","999,9,C,0000,1","99999,9,9,N","002000,1,9,9","+0252,1","+0249,1","10043,1","24,0180,3,1","2,1,02,1","2,1,02,1","04,1,+00800,1,06,1","99,9,+99999,9,03,1",,"9,AGL   ,+99999,+99999","07,99,1,04,1,99,9,00800,1,99,9,99,9","240,M,+0283,1","240,N,+0236,1","9,9,999,9,+004,1","10,1","SYN09242139 21595 70000 10252 20249 40043 71022 84530 333 10283 20236 58004 6018/ 555 00184 10504=",
"42139099999","2022-09-25T06:00:00","4","29.0166666","77.7166667","222.0","MEERUT, IN","FM-12","99999","V020","999,9,C,0000,1","99999,9,9,N","002000,1,9,9","+0276,1","+0253,1","10059,1",,"2,1,02,1","2,1,02,1","04,1,+00800,1,08,1","99,9,+99999,9,03,1",,"9,AGL   ,+99999,+99999","07,99,1,04,1,99,9,00800,1,99,9,99,9",,,"9,9,999,9,+022,1","10,1","SYN05842139 31595 70000 10276 20253 40059 71022 84830 333 58022=",
"42139099999","2022-09-25T09:00:00","4","29.0166666","77.7166667","222.0","MEERUT, IN","FM-12","99999","V020","999,9,C,0000,1","99999,9,9,N","002000,1,9,9","+0294,1","+0248,1","10046,1",,"2,1,02,1","2,1,02,1","04,1,+00800,1,08,1","99,9,+99999,9,03,1",,"9,AGL   ,+99999,+99999","06,99,1,04,1,99,9,00800,1,99,9,99,9",,,"9,9,999,9,+035,1","05,1","SYN05842139 31595 60000 10294 20248 40046 70522 84830 333 58035=",
"42139099999","2022-09-25T12:00:00","4","29.0166666","77.7166667","222.0","MEERUT, IN","FM-12","99999","V020","999,9,C,0000,1","99999,9,9,N","002000,1,9,9","+0268,1","+0254,1","10050,1","09,0030,3,1","6,1,02,1","2,1,02,1","03,1,+00800,1,06,1","99,9,+99999,9,03,1",,"9,AGL   ,+99999,+99999","06,99,1,03,1,99,9,00800,1,99,9,99,9","240,M,+0296,1",,"9,9,999,9,+051,1","21,1","SYN07042139 21595 60000 10268 20254 40050 72162 83530 333 10296 58051 6003/=",
"42139099999","2022-09-26T03:00:00","4","29.0166666","77.7166667","222.0","MEERUT, IN","FM-12","99999","V020","999,9,C,0000,1","99999,9,9,N","002000,1,9,9","+0260,1","+0243,1","10094,1","24,0030,3,1","2,1,02,1","2,1,02,1","04,1,+00800,1,06,1","99,9,+99999,9,03,1",,"9,AGL   ,+99999,+99999","07,99,1,04,1,99,9,00800,1,99,9,99,9","240,M,+0296,1","240,N,+0232,1","9,9,999,9,+050,1","10,1","SYN09242139 21595 70000 10260 20243 40094 71022 84530 333 10296 20232 58050 6003/ 555 00030 10507=",
"42139099999","2022-09-26T06:00:00","4","29.0166666","77.7166667","222.0","MEERUT, IN","FM-12","99999","V020","999,9,C,0000,1","99999,9,9,N","002000,1,9,9","+0298,1","+0247,1","10098,1",,"2,1,02,1","2,1,02,1","04,1,+00800,1,06,1","99,9,+99999,9,03,1",,"9,AGL   ,+99999,+99999","05,99,1,04,1,99,9,00800,1,99,9,99,9",,,"9,9,999,9,+040,1","05,1","SYN05842139 31595 50000 10298 20247 40098 70522 84530 333 58040=",
"42139099999","2022-09-26T09:00:00","4","29.0166666","77.7166667","222.0","MEERUT, IN","FM-12","99999","V020","320,1,N,0010,1","22000,1,9,N","002000,1,9,9","+0316,1","+0242,1","10066,1",,"2,1,02,1","1,1,02,1","03,1,+00800,1,06,1","99,9,+99999,9,03,1",,"9,AGL   ,+99999,+99999","03,99,1,03,1,99,9,00800,1,99,9,99,9",,,"9,9,999,9,+022,1","05,1","SYN05842139 31595 33202 10316 20242 40066 70521 83530 333 58022=",
"42139099999","2022-09-26T12:00:00","4","29.0166666","77.7166667","222.0","MEERUT, IN","FM-12","99999","V020","320,1,N,0015,1","22000,1,9,N","002000,1,9,9","+0294,1","+0236,1","10053,1",,"1,1,02,1","0,1,02,1","02,1,+00800,1,06,1",,,"9,AGL   ,+99999,+99999","02,99,1,02,1,99,9,00800,1,99,9,99,9","240,M,+0321,1",,"9,9,999,9,+005,1","05,1","SYN06442139 31595 23203 10294 20236 40053 70510 82500 333 10321 58005=",
"42139099999","2022-09-27T03:00:00","4","29.0166666","77.7166667","222.0","MEERUT, IN","FM-12","99999","V020","290,1,N,0010,1","99999,9,9,N","002000,1,9,9","+0260,1","+0240,1","10077,1",,"0,1,02,1","0,1,02,1",,,,,,"240,M,+0321,1","240,N,+0226,1","9,9,999,9,-017,1","10,1","SYN07442139 31995 02902 10260 20240 40077 71000 333 10321 20226 59017 555 10507=",
"42139099999","2022-09-27T06:00:00","4","29.0166666","77.7166667","222.0","MEERUT, IN","FM-12","99999","V020","999,9,C,0000,1","22000,1,9,N","002000,1,9,9","+0306,1","+0243,1","10074,1",,"0,1,02,1","0,1,02,1","02,1,+00800,1,06,1","99,9,+99999,9,03,1",,"9,AGL   ,+99999,+99999","02,99,1,02,1,99,9,00800,1,99,9,99,9",,,"9,9,999,9,-023,1","05,1","SYN05842139 31595 20000 10306 20243 40074 70500 82530 333 59023=",
"42139099999","2022-09-27T09:00:00","4","29.0166666","77.7166667","222.0","MEERUT, IN","FM-12","99999","V020","270,1,N,0015,1","22000,1,9,N","002000,1,9,9","+0324,1","+0241,1","10050,1",,"0,1,02,1","0,1,02,1","03,1,+00800,1,06,1",,,"9,AGL   ,+99999,+99999","03,99,1,03,1,99,9,00800,1,99,9,99,9",,,"9,9,999,9,-015,1","05,1","SYN05842139 31595 32703 10324 20241 40050 70500 83500 333 59015=",
"42139099999","2022-09-27T12:00:00","4","29.0166666","77.7166667","222.0","MEERUT, IN","FM-12","99999","V020","999,9,C,0000,1","22000,1,9,N","002000,1,9,9","+0298,1","+0234,1","10048,1",,"0,1,02,1","0,1,02,1","01,1,+99999,9,03,1",,,"9,AGL   ,+99999,+99999","01,99,1,01,1,99,9,99999,9,99,9,99,9","240,M,+0331,1",,"9,9,999,9,-005,1","05,1","SYN06442139 31995 10000 10298 20234 40048 70500 81030 333 10331 59005=",
"42139099999","2022-09-28T03:00:00","4","29.0166666","77.7166667","222.0","MEERUT, IN","FM-12","99999","V020","999,9,C,0000,1","99999,9,9,N","002000,1,9,9","+0268,1","+0245,1","10067,1",,"0,1,02,1","0,1,02,1",,,,,,"240,M,+0331,1","240,N,+0226,1","9,9,999,9,-008,1","10,1","SYN07442139 31995 00000 10268 20245 40067 71000 333 10331 20226 59008 555 10507=",
"42139099999","2022-09-28T06:00:00","4","29.0166666","77.7166667","222.0","MEERUT, IN","FM-12","99999","V020","999,9,C,0000,1","22000,1,9,N","002000,1,9,9","+0316,1","+0238,1","10065,1",,"0,1,02,1","0,1,02,1","01,1,+00800,1,06,1",,,"9,AGL   ,+99999,+99999","01,99,1,01,1,99,9,00800,1,99,9,99,9",,,"9,9,999,9,-008,1","05,1","SYN05842139 31595 10000 10316 20238 40065 70500 81500 333 59008=",
"42139099999","2022-09-28T09:00:00","4","29.0166666","77.7166667","222.0","MEERUT, IN","FM-12","99999","V020","270,1,N,0010,1","22000,1,9,N","002000,1,9,9","+0334,1","+0246,1","10040,1",,"0,1,02,1","0,1,02,1","02,1,+00800,1,06,1",,,"9,AGL   ,+99999,+99999","02,99,1,02,1,99,9,00800,1,99,9,99,9",,,"9,9,999,9,-010,1","05,1","SYN05842139 31595 22702 10334 20246 40040 70500 82500 333 59010=",
"42139099999","2022-09-28T12:00:00","4","29.0166666","77.7166667","222.0","MEERUT, IN","FM-12","99999","V020","999,9,C,0000,1","22000,1,9,N","002000,1,9,9","+0302,1","+0248,1","10033,1",,"0,1,02,1","0,1,02,1","01,1,+99999,9,03,1",,,"9,AGL   ,+99999,+99999","01,99,1,01,1,99,9,99999,9,99,9,99,9","240,M,+0337,1",,"9,9,999,9,-014,1","05,1","SYN06442139 31995 10000 10302 20248 40033 70500 81030 333 10337 59014=",
"42139099999","2022-09-29T03:00:00","4","29.0166666","77.7166667","222.0","MEERUT, IN","FM-12","99999","V020","999,9,C,0000,1","99999,9,9,N","002000,1,9,9","+0266,1","+0246,1","10067,1",,"0,1,02,1","0,1,02,1",,,,,,"240,M,+0337,1","240,N,+0226,1","9,9,999,9,+000,1","10,1","SYN07442139 31995 00000 10266 20246 40067 71000 333 10337 20226 58000 555 10507=",
"42139099999","2022-09-29T06:00:00","4","29.0166666","77.7166667","222.0","MEERUT, IN","FM-12","99999","V020","999,9,C,0000,1","99999,9,9,N","002000,1,9,9","+0312,1","+0243,1","10059,1",,"1,1,02,1","0,1,02,1","05,1,+00800,1,06,1",,,"9,AGL   ,+99999,+99999","05,99,1,05,1,99,9,00800,1,99,9,99,9",,,"9,9,999,9,-005,1","05,1","SYN05842139 31595 50000 10312 20243 40059 70510 85400 333 59005=",
"42139099999","2022-09-29T09:00:00","4","29.0166666","77.7166667","222.0","MEERUT, IN","FM-12","99999","V020","999,9,C,0000,1","22000,1,9,N","002000,1,9,9","+0328,1","+0243,1","10037,1",,"1,1,02,1","1,1,02,1","03,1,+00800,1,08,1",,,"9,AGL   ,+99999,+99999","03,99,1,03,1,99,9,00800,1,99,9,99,9",,,"9,9,999,9,-003,1","05,1","SYN05842139 31595 30000 10328 20243 40037 70511 83100 333 59003=",
"42139099999","2022-09-29T12:00:00","4","29.0166666","77.7166667","222.0","MEERUT, IN","FM-12","99999","V020","999,9,C,0000,1","22000,1,9,N","002000,1,9,9","+0300,1","+0243,1","10031,1",,"1,1,02,1","1,1,02,1","01,1,+00800,1,08,1",,,"9,AGL   ,+99999,+99999","01,99,1,01,1,99,9,00800,1,99,9,99,9","240,M,+0333,1",,"9,9,999,9,-003,1","05,1","SYN06442139 31595 10000 10300 20243 40031 70511 81100 333 10333 59003=",
"42139099999","2022-09-30T03:00:00","4","29.0166666","77.7166667","222.0","MEERUT, IN","FM-12","99999","V020","999,9,C,0000,1","99999,9,9,N","002000,1,9,9","+0268,1","+0248,1","10072,1",,"0,1,02,1","0,1,02,1",,,,,,"240,M,+0333,1","240,N,+0235,1","9,9,999,9,+005,1","10,1","SYN07442139 31995 00000 10268 20248 40072 71000 333 10333 20235 58005 555 10507=",
"42139099999","2022-09-30T06:00:00","4","29.0166666","77.7166667","222.0","MEERUT, IN","FM-12","99999","V020","999,9,C,0000,1","99999,9,9,N","002000,1,9,9","+0310,1","+0247,1","10066,1",,"2,1,02,1","2,1,02,1","06,1,+00800,1,08,1",,,"9,AGL   ,+99999,+99999","06,99,1,06,1,99,9,00800,1,99,9,99,9",,,"9,9,999,9,+006,1","05,1","SYN05842139 31595 60000 10310 20247 40066 70522 86800 333 58006=",
"42139099999","2022-09-30T09:00:00","4","29.0166666","77.7166667","222.0","MEERUT, IN","FM-12","99999","V020","320,1,N,0010,1","99999,9,9,N","002000,1,9,9","+0332,1","+0247,1","10039,1",,"2,1,02,1","2,1,02,1","02,1,+00800,1,06,1","99,9,+99999,9,03,1",,"9,AGL   ,+99999,+99999","06,99,1,02,1,99,9,00800,1,99,9,99,9",,,"9,9,999,9,+002,1","05,1","SYN05842139 31595 63202 10332 20247 40039 70522 82530 333 58002=",
"42139099999","2022-09-30T12:00:00","4","29.0166666","77.7166667","222.0","MEERUT, IN","FM-12","99999","V020","999,9,C,0000,1","22000,1,9,N","002000,1,9,9","+0306,1","+0249,1","10034,1",,"2,1,02,1","1,1,02,1","02,1,+99999,9,03,1",,,"9,AGL   ,+99999,+99999","02,99,1,02,1,99,9,99999,9,99,9,99,9","240,M,+0333,1",,"9,9,999,9,+004,1","05,1","SYN06442139 31995 20000 10306 20249 40034 70521 82030 333 10333 58004=",
"42139099999","2022-10-01T03:00:00","4","29.0166666","77.7166667","222.0","MEERUT, IN","FM-12","99999","V020","999,9,C,0000,1","99999,9,9,N","002000,1,9,9","+0270,1","+0253,1","10066,1",,"0,1,02,1","0,1,02,1",,,,,,"240,M,+0333,1","240,N,+0234,1","9,9,999,9,-006,1","10,1","SYN07442139 31995 00000 10270 20253 40066 71000 333 10333 20234 59006 555 10000=",
"42139099999","2022-10-01T06:00:00","4","29.0166666","77.7166667","222.0","MEERUT, IN","FM-12","99999","V020","999,9,C,0000,1","99999,9,9,N","002000,1,9,9","+0318,1","+0250,1","10057,1",,"2,1,02,1","2,1,02,1","05,1,+99999,9,03,1",,,"9,AGL   ,+99999,+99999","05,99,1,05,1,99,9,99999,9,99,9,99,9",,,"9,9,999,9,-008,1","05,1","SYN05842139 31995 50000 10318 20250 40057 70522 85030 333 59008=",
"42139099999","2022-10-01T09:00:00","4","29.0166666","77.7166667","222.0","MEERUT, IN","FM-12","99999","V020","999,9,C,0000,1","99999,9,9,N","002000,1,9,9","+0332,1","+0238,1","10031,1",,"2,1,02,1","2,1,02,1","05,1,+99999,9,03,1",,,"9,AGL   ,+99999,+99999","05,99,1,05,1,99,9,99999,9,99,9,99,9",,,"9,9,999,9,-008,1","05,1","SYN05842139 31995 50000 10332 20238 40031 70522 85030 333 59008=",
"42139099999","2022-10-01T12:00:00","4","29.0166666","77.7166667","222.0","MEERUT, IN","FM-12","99999","V020","999,9,C,0000,1","22000,1,9,N","002000,1,9,9","+0308,1","+0245,1","10024,1",,"2,1,02,1","1,1,02,1","02,1,+99999,9,03,1",,,"9,AGL   ,+99999,+99999","02,99,1,02,1,99,9,99999,9,99,9,99,9","240,M,+0336,1",,"9,9,999,9,-010,1","05,1","SYN06442139 31995 20000 10308 20245 40024 70521 82030 333 10336 59010=",
"42139099999","2022-10-02T03:00:00","4","29.0166666","77.7166667","222.0","MEERUT, IN","FM-12","99999","V020","999,9,C,0000,1","22000,1,9,N","002000,1,9,9","+0270,1","+0247,1","10065,1",,"1,1,02,1","0,1,02,1","02,1,+99999,9,03,1",,,"9,AGL   ,+99999,+99999","02,99,1,02,1,99,9,99999,9,99,9,99,9","240,M,+0336,1","240,N,+0233,1","9,9,999,9,-001,1","10,1","SYN08042139 31995 20000 10270 20247 40065 71010 82030 333 10336 20233 59001 555 10000=",
"42139099999","2022-10-02T06:00:00","4","29.0166666","77.7166667","222.0","MEERUT, IN","FM-12","99999","V020","999,9,C,0000,1","22000,1,9,N","002000,1,9,9","+0328,1","+0252,1","10059,1",,"1,1,02,1","1,1,02,1","02,1,+00800,1,08,1",,,"9,AGL   ,+99999,+99999","02,99,1,02,1,99,9,00800,1,99,9,99,9",,,"9,9,999,9,+003,1","05,1","SYN05842139 31595 20000 10328 20252 40059 70511 82100 333 58003=",
"42139099999","2022-10-02T09:00:00","4","29.0166666","77.7166667","222.0","MEERUT, IN","FM-12","99999","V020","320,1,N,0010,1","22000,1,9,N","002000,1,9,9","+0338,1","+0235,1","10034,1",,"1,1,02,1","1,1,02,1","02,1,+00800,1,06,1",,,"9,AGL   ,+99999,+99999","02,99,1,02,1,99,9,00800,1,99,9,99,9",,,"9,9,999,9,+003,1","05,1","SYN05842139 31595 23202 10338 20235 40034 70511 82500 333 58003=",
"42139099999","2022-10-02T12:00:00","4","29.0166666","77.7166667","222.0","MEERUT, IN","FM-12","99999","V020","230,1,N,0010,1","99999,9,9,N","002000,1,9,9","+0310,1","+0225,1","10027,1",,"0,1,02,1","0,1,02,1",,,,,,"240,M,+0340,1",,"9,9,999,9,+003,1","05,1","SYN05842139 31995 02302 10310 20225 40027 70500 333 10340 58003=",
"42139099999","2022-10-03T03:00:00","4","29.0166666","77.7166667","222.0","MEERUT, IN","FM-12","99999","V020","320,1,N,0005,1","22000,1,9,N","002000,1,9,9","+0260,1","+0231,1","10066,1",,"0,1,02,1","0,1,02,1","99,9,+99999,9,00,1",,,"9,AGL   ,+99999,+99999","02,99,1,00,1,99,9,99999,9,99,9,99,9","240,M,+0340,1","240,N,+0227,1","9,9,999,9,+000,1","10,1","SYN08042139 31995 23201 10260 20231 40066 71000 80001 333 10340 20227 58000 555 10000=","Q01    003SCCGA1"
"42139099999","2022-10-03T06:00:00","4","29.0166666","77.7166667","222.0","MEERUT, IN","FM-12","99999","V020","320,1,N,0015,1","99999,9,9,N","002000,1,9,9","+0322,1","+0239,1","10062,1",,"0,1,02,1","0,1,02,1",,,,,,,,"9,9,999,9,-003,1","05,1","SYN05242139 31995 03203 10322 20239 40062 70500 333 59003=",
"42139099999","2022-10-03T09:00:00","4","29.0166666","77.7166667","222.0","MEERUT, IN","FM-12","99999","V020","320,1,N,0010,1","99999,9,9,N","002000,1,9,9","+0338,1","+0241,1","10043,1",,"0,1,02,1","0,1,02,1",,,,,,,,"9,9,999,9,+009,1","05,1","SYN05242139 31995 03202 10338 20241 40043 70500 333 58009=",
"42139099999","2022-10-03T12:00:00","4","29.0166666","77.7166667","222.0","MEERUT, IN","FM-12","99999","V020","999,9,C,0000,1","99999,9,9,N","002000,1,9,9","+0310,1","+0235,1","10040,1",,"0,1,02,1","0,1,02,1",,,,,,"240,M,+0341,1",,"9,9,999,9,+013,1","05,1","SYN05842139 31995 00000 10310 20235 40040 70500 333 10341 58013=",
"42139099999","2022-10-04T03:00:00","4","29.0166666","77.7166667","222.0","MEERUT, IN","FM-12","99999","V020","999,9,C,0000,1","22000,1,9,N","002000,1,9,9","+0270,1","+0235,1","10088,1",,"1,1,02,1","0,1,02,1","99,9,+99999,9,00,1",,,"9,AGL   ,+99999,+99999","03,99,1,00,1,99,9,99999,9,99,9,99,9","240,M,+0341,1","240,N,+0230,1","9,9,999,9,+023,1","05,1","SYN08042139 31995 30000 10270 20235 40088 70510 80001 333 10341 20230 58023 555 10000=","Q01    003SCCGA1"
"42139099999","2022-10-04T06:00:00","4","29.0166666","77.7166667","222.0","MEERUT, IN","FM-12","99999","V020","230,1,N,0005,1","22000,1,9,N","002000,1,9,9","+0336,1","+0236,1","10085,1",,"1,1,02,1","0,1,02,1","03,1,+99999,9,03,1",,,"9,AGL   ,+99999,+99999","03,99,1,03,1,99,9,99999,9,99,9,99,9",,,"9,9,999,9,+022,1","05,1","SYN05842139 31995 32301 10336 20236 40085 70510 83030 333 58022=",
"42139099999","2022-10-04T09:00:00","4","29.0166666","77.7166667","222.0","MEERUT, IN","FM-12","99999","V020","999,9,C,0000,1","99999,9,9,N","002000,1,9,9","+0350,1","+0236,1","10057,1",,"2,1,02,1","2,1,02,1","05,1,+99999,9,03,1",,,"9,AGL   ,+99999,+99999","05,99,1,05,1,99,9,99999,9,99,9,99,9",,,"9,9,999,9,+015,1","05,1","SYN05842139 31995 50000 10350 20236 40057 70522 85030 333 58015=",
"42139099999","2022-10-04T12:00:00","4","29.0166666","77.7166667","222.0","MEERUT, IN","FM-12","99999","V020","999,9,C,0000,1","22000,1,9,N","002000,1,9,9","+0320,1","+0240,1","10050,1",,"2,1,02,1","1,1,02,1","03,1,+99999,9,03,1",,,"9,AGL   ,+99999,+99999","03,99,1,03,1,99,9,99999,9,99,9,99,9","240,M,+0354,1",,"9,9,999,9,+011,1","05,1","SYN06442139 31995 30000 10320 20240 40050 70521 83030 333 10354 58011=",
"42139099999","2022-10-05T03:00:00","4","29.0166666","77.7166667","222.0","MEERUT, IN","FM-12","99999","V020","230,1,N,0005,1","99999,9,9,N","002000,1,9,9","+0280,1","+0252,1","10083,1",,"0,1,02,1","0,1,02,1",,,,,,"240,M,+0354,1","240,N,+0240,1","9,9,999,9,-006,1","10,1","SYN07442139 31995 02301 10280 20252 40083 71000 333 10354 20240 59006 555 10000=",
"42139099999","2022-10-05T06:00:00","4","29.0166666","77.7166667","222.0","MEERUT, IN","FM-12","99999","V020","140,1,N,0010,1","99999,9,9,N","002000,1,9,9","+0324,1","+0254,1","10077,1",,"2,1,02,1","2,1,02,1","05,1,+99999,9,03,1",,,"9,AGL   ,+99999,+99999","05,99,1,05,1,99,9,99999,9,99,9,99,9",,,"9,9,999,9,-009,1","05,1","SYN05842139 31995 51402 10324 20254 40077 70522 85030 333 59009=",
"42139099999","2022-10-05T09:00:00","4","29.0166666","77.7166667","222.0","MEERUT, IN","FM-12","99999","V020","180,1,N,0010,1","99999,9,9,N","002000,1,9,9","+0326,1","+0256,1","10045,1","06,0000,9,1","6,1,02,1","2,1,02,1","06,1,+00800,1,08,1",,,"9,AGL   ,+99999,+99999","06,99,1,06,1,99,9,00800,1,99,9,99,9",,,"9,9,999,9,-013,1","05,1","SYN06442139 21595 61802 10326 20256 40045 70562 86800 333 59013 6990/=","Q01  00002PRCP06"
"42139099999","2022-10-05T12:00:00","4","29.0166666","77.7166667","222.0","MEERUT, IN","FM-12","99999","V020","999,9,C,0000,1","99999,9,9,N","002000,1,9,9","+0280,1","+0224,1","10053,1","09,0001,3,1","6,1,02,1","2,1,02,1","05,1,+99999,9,03,1",,,"9,AGL   ,+99999,+99999","05,99,1,05,1,99,9,99999,9,99,9,99,9","240,M,+0331,1",,"9,9,999,9,-001,1","05,1","SYN07042139 21995 50000 10280 20224 40053 70562 85030 333 10331 59001 6991/=",
"42139099999","2022-10-06T03:00:00","4","29.0166666","77.7166667","222.0","MEERUT, IN","FM-12","99999","V020","320,1,N,0010,1","99999,9,9,N","002000,1,9,9","+0258,1","+0213,1","10090,1","24,0001,3,1","0,1,02,1","0,1,02,1",,,,,,"240,M,+0331,1","240,N,+0212,1","9,9,999,9,+006,1","05,1","SYN08642139 21995 03202 10258 20213 40090 70500 333 10331 20212 58006 6991/ 555 00001 10000=",
"42139099999","2022-10-06T06:00:00","4","29.0166666","77.7166667","222.0","MEERUT, IN","FM-12","99999","V020","140,1,N,0021,1","99999,9,9,N","002000,1,9,9","+0292,1","+0224,1","10092,1",,"1,1,02,1","0,1,02,1","05,1,+00800,1,06,1",,,"9,AGL   ,+99999,+99999","05,99,1,05,1,99,9,00800,1,99,9,99,9",,,"9,9,999,9,+013,1","05,1","SYN05842139 31595 51404 10292 20224 40092 70510 85400 333 58013=",
"42139099999","2022-10-06T09:00:00","4","29.0166666","77.7166667","222.0","MEERUT, IN","FM-12","99999","V020","999,9,C,0000,1","99999,9,9,N","002000,1,9,9","+0290,1","+0222,1","10079,1",,"2,1,02,1","1,1,02,1","04,1,+00800,1,06,1","99,9,+99999,9,03,1",,"9,AGL   ,+99999,+99999","07,99,1,04,1,99,9,00800,1,99,9,99,9",,,"9,9,999,9,+019,1","05,1","SYN05842139 31595 70000 10290 20222 40079 70521 84530 333 58019=",
"42139099999","2022-10-06T12:00:00","4","29.0166666","77.7166667","222.0","MEERUT, IN","FM-12","99999","V020","050,1,N,0010,1","99999,9,9,N","002000,1,9,9","+0284,1","+0225,1","10064,1",,"2,1,02,1","2,1,02,1","05,1,+00800,1,08,1",,,"9,AGL   ,+99999,+99999","05,99,1,05,1,99,9,00800,1,99,9,99,9","240,M,+0296,1",,"9,9,999,9,+012,1","05,1","SYN06442139 31595 50502 10284 20225 40064 70522 85800 333 10296 58012=",
"42139099999","2022-10-07T03:00:00","4","29.0166666","77.7166667","222.0","MEERUT, IN","FM-12","99999","V020","999,9,C,0000,1","99999,9,9,N","002000,1,9,9","+0232,1","+0220,1","10105,1","24,0005,3,1","2,1,02,1","2,1,02,1","05,1,+00800,1,07,1","99,9,+99999,9,05,1",,"9,AGL   ,+99999,+99999","08,99,1,05,1,99,9,00800,1,99,9,99,9","240,M,+0296,1","240,N,+0208,1","9,9,999,9,+013,1","10,1","SYN09242139 21595 80000 10232 20220 40105 71022 8562/ 333 10296 20208 58013 6995/ 555 00005 10001=",
"42139099999","2022-10-07T06:00:00","4","29.0166666","77.7166667","222.0","MEERUT, IN","FM-12","99999","V020","140,1,N,0015,1","99999,9,9,N","002000,1,9,9","+0266,1","+0225,1","10104,1",,"2,1,02,1","2,1,02,1","05,1,+00800,1,06,1","99,9,+99999,9,03,1",,"9,AGL   ,+99999,+99999","08,99,1,05,1,99,9,00800,1,99,9,99,9",,,"9,9,999,9,+009,1","05,1","SYN05842139 31595 81403 10266 20225 40104 70522 8553/ 333 58009=",
"42139099999","2022-10-07T09:00:00","4","29.0166666","77.7166667","222.0","MEERUT, IN","FM-12","99999","V020","180,1,N,0010,1","99999,9,9,N","002000,1,9,9","+0254,1","+0224,1","10088,1","06,0000,2,1","6,1,02,1","2,1,02,1","06,1,+00800,1,06,1","99,9,+99999,9,05,1",,"9,AGL   ,+99999,+99999","08,99,1,06,1,99,9,00800,1,99,9,99,9",,,"9,9,999,9,+014,1","60,1","SYN06442139 21595 81802 10254 20224 40088 76062 8652/ 333 58014 6990/=",
"42139099999","2022-10-07T12:00:00","4","29.0166666","77.7166667","222.0","MEERUT, IN","FM-12","99999","V020","999,9,C,0000,1","99999,9,9,N","002000,1,9,9","+0240,1","+0231,1","10083,1","09,0005,3,1","6,1,02,1","2,1,02,1","06,1,+00800,1,06,1","99,9,+99999,9,05,1",,"9,AGL   ,+99999,+99999","08,99,1,06,1,99,9,00800,1,99,9,99,9","240,M,+0270,1",,"9,9,999,9,+014,1","60,1","SYN07042139 21595 80000 10240 20231 40083 76062 8652/ 333 10270 58014 6995/=",
"42139099999","2022-10-08T03:00:00","4","29.0166666","77.7166667","222.0","MEERUT, IN","FM-12","99999","V020","050,1,N,0010,1","99999,9,9,N","002000,1,9,9","+0216,1","+0213,1","10120,1","24,0080,3,1","6,1,02,1","2,1,02,1","06,1,+00800,1,06,1","99,9,+99999,9,05,1",,"9,AGL   ,+99999,+99999","08,99,1,06,1,99,9,00800,1,99,9,99,9","240,M,+0270,1","240,N,+0203,1","9,9,999,9,+012,1","61,1","SYN09242139 21595 80502 10216 20213 40120 76162 8652/ 333 10270 20203 58012 6008/ 555 00079 10009=",
"42139099999","2022-10-08T06:00:00","4","29.0166666","77.7166667","222.0","MEERUT, IN","FM-12","99999","V020","050,1,N,0010,1","99999,9,9,N","002000,1,9,9","+0222,1","+0219,1","10121,1","03,0030,3,1","6,1,02,1","2,1,02,1","05,1,+00800,1,06,1","99,9,+99999,9,05,1",,"9,AGL   ,+99999,+99999","08,99,1,05,1,99,9,00800,1,99,9,99,9",,,"9,9,999,9,+014,1","61,1","SYN06442139 21595 80502 10222 20219 40121 76162 8552/ 333 58014 6003/=",
"42139099999","2022-10-08T09:00:00","4","29.0166666","77.7166667","222.0","MEERUT, IN","FM-12","99999","V020","050,1,N,0010,1","99999,9,9,N","002000,1,9,9","+0222,1","+0219,1","10100,1","06,0180,3,1","6,1,02,1","2,1,02,1","05,1,+00450,1,07,1","99,9,+99999,9,05,1",,"9,AGL   ,+99999,+99999","08,99,1,05,1,99,9,00450,1,99,9,99,9",,,"9,9,999,9,+009,1","61,1","SYN06442139 21495 80502 10222 20219 40100 76162 8572/ 333 58009 6018/=",
"42139099999","2022-10-08T12:00:00","4","29.0166666","77.7166667","222.0","MEERUT, IN","FM-12","99999","V020","090,1,N,0010,1","99999,9,9,N","002000,1,9,9","+0222,1","+0219,1","10088,1","09,0230,3,1","6,1,02,1","2,1,02,1","05,1,+00450,1,07,1","99,9,+99999,9,05,1",,"9,AGL   ,+99999,+99999","08,99,1,05,1,99,9,00450,1,99,9,99,9","240,M,+0228,1",,"9,9,999,9,+004,1","61,1","SYN07042139 21495 80902 10222 20219 40088 76162 8572/ 333 10228 58004 6023/=",
"42139099999","2022-10-09T03:00:00","4","29.0166666","77.7166667","222.0","MEERUT, IN","FM-12","99999","V020","050,1,N,0015,1","99999,9,9,N","002000,1,9,9","+0214,1","+0211,1","10105,1","24,0470,3,1","6,1,02,1","2,1,02,1","05,1,+00800,1,06,1",,,"9,AGL   ,+99999,+99999","08,99,1,05,1,99,9,00800,1,99,9,99,9","240,M,+0228,1","240,N,+0195,1","9,9,999,9,-014,1","60,1","SYN09242139 21595 80503 10214 20211 40105 76062 855// 333 10228 20195 59014 6047/ 555 00466 10055=",
"42139099999","2022-10-09T06:00:00","4","29.0166666","77.7166667","222.0","MEERUT, IN","FM-12","99999","V020","050,1,N,0021,1","99999,9,9,N","002000,1,9,9","+0228,1","+0225,1","10088,1","03,0030,3,1","6,1,02,1","6,1,02,1","05,1,+00800,1,06,1","99,9,+99999,9,05,1",,"9,AGL   ,+99999,+99999","08,99,1,05,1,99,9,00800,1,99,9,99,9",,,"9,9,999,9,-013,1","61,1","SYN06442139 21595 80504 10228 20225 40088 76166 8552/ 333 59013 6003/=",
"42139099999","2022-10-09T09:00:00","4","29.0166666","77.7166667","222.0","MEERUT, IN","FM-12","99999","V020","999,9,C,0000,1","99999,9,9,N","002000,1,9,9","+0222,1","+0222,1","10094,1","06,0430,3,1","6,1,02,1","6,1,02,1","05,1,+00800,1,06,1","99,9,+99999,9,05,1",,"9,AGL   ,+99999,+99999","08,99,1,05,1,99,9,00800,1,99,9,99,9",,,"9,9,999,9,-006,1","61,1","SYN06442139 21595 80000 10222 20222 40094 76166 8552/ 333 59006 6043/=",
"42139099999","2022-10-09T12:00:00","4","29.0166666","77.7166667","222.0","MEERUT, IN","FM-12","99999","V020","070,1,N,0021,1","99999,9,9,N","002000,1,9,9","+0208,1","+0208,1","10095,1","09,0480,3,1","6,1,02,1","6,1,02,1","05,1,+00800,1,06,1","99,9,+99999,9,05,1",,"9,AGL   ,+99999,+99999","08,99,1,05,1,99,9,00800,1,99,9,99,9","240,M,+0232,1",,"9,9,999,9,+005,1","61,1","SYN07042139 21595 80704 10208 20208 40095 76166 8552/ 333 10232 58005 6048/=",
"42139099999","2022-10-10T03:00:00","4","29.0166666","77.7166667","222.0","MEERUT, IN","FM-12","99999","V020","090,1,N,0021,1","99999,9,9,N","002000,1,9,9","+0208,1","+0205,1","10130,1","24,0580,3,1","6,1,02,1","6,1,02,1","05,1,+00800,1,06,1","99,9,+99999,9,05,1",,"9,AGL   ,+99999,+99999","08,99,1,05,1,99,9,00800,1,99,9,99,9","240,M,+0232,1","240,N,+0191,1","9,9,999,9,+024,1","60,1","SYN09242139 21595 80904 10208 20205 40130 76066 8552/ 333 10232 20191 58024 6058/ 555 00576 10112=",
"42139099999","2022-10-10T06:00:00","4","29.0166666","77.7166667","222.0","MEERUT, IN","FM-12","99999","V020","140,1,N,0015,1","99999,9,9,N","002000,1,9,9","+0224,1","+0212,1","10127,1","03,0008,3,1","6,1,02,1","2,1,02,1","05,1,+00800,1,06,1","99,9,+99999,9,03,1",,"9,AGL   ,+99999,+99999","08,99,1,05,1,99,9,00800,1,99,9,99,9",,,"9,9,999,9,+019,1","10,1","SYN06442139 21595 81403 10224 20212 40127 71062 8553/ 333 58019 6998/=",
"42139099999","2022-10-10T09:00:00","4","29.0166666","77.7166667","222.0","MEERUT, IN","FM-12","99999","V020","340,1,N,0015,1","99999,9,9,N","002000,1,9,9","+0220,1","+0217,1","10113,1","06,0008,3,1","5,1,02,1","2,1,02,1","05,1,+00800,1,06,1","99,9,+99999,9,05,1",,"9,AGL   ,+99999,+99999","08,99,1,05,1,99,9,00800,1,99,9,99,9",,,"9,9,999,9,+018,1","51,1","SYN06442139 21595 83403 10220 20217 40113 75152 8552/ 333 58018 6998/=",
"42139099999","2022-10-10T12:00:00","4","29.0166666","77.7166667","222.0","MEERUT, IN","FM-12","99999","V020","999,9,C,0000,1","99999,9,9,N","002000,1,9,9","+0218,1","+0215,1","10104,1","09,0010,3,1","6,1,02,1","5,1,02,1","05,1,+00800,1,06,1","99,9,+99999,9,05,1",,"9,AGL   ,+99999,+99999","08,99,1,05,1,99,9,00800,1,99,9,99,9","240,M,+0226,1",,"9,9,999,9,+010,1","60,1","SYN07042139 21595 80000 10218 20215 40104 76065 8552/ 333 10226 58010 6001/=",
"42139099999","2022-10-11T03:00:00","4","29.0166666","77.7166667","222.0","MEERUT, IN","FM-12","99999","V020","999,9,C,0000,1","99999,9,9,N","002000,1,9,9","+0220,1","+0217,1","10108,1","24,0010,3,1","6,1,02,1","2,1,02,1","05,1,+00800,1,06,1","99,9,+99999,9,05,1",,"9,AGL   ,+99999,+99999","08,99,1,05,1,99,9,00800,1,99,9,99,9","240,M,+0226,1","240,N,+0206,1","9,9,999,9,-021,1","61,1","SYN09242139 21595 80000 10220 20217 40108 76162 8552/ 333 10226 20206 59021 6001/ 555 00015 10114=",
"42139099999","2022-10-11T06:00:00","4","29.0166666","77.7166667","222.0","MEERUT, IN","FM-12","99999","V020","999,9,C,0000,1","99999,9,9,N","001000,1,9,9","+0206,1","+0206,1","10119,1","03,0420,3,1","9,1,02,1","6,1,02,1","05,1,+00800,1,09,1","99,9,+99999,9,05,1",,"9,AGL   ,+99999,+99999","08,99,1,05,1,99,9,00800,1,99,9,99,9",,,"9,9,999,9,-010,1","95,1","SYN06442139 21594 80000 10206 20206 40119 79596 8592/ 333 59010 6042/=",
"42139099999","2022-10-11T09:00:00","4","29.0166666","77.7166667","222.0","MEERUT, IN","FM-12","99999","V020","999,9,C,0000,1","99999,9,9,N","002000,1,9,9","+0256,1","+0233,1","10084,1","06,0460,3,1","9,1,02,1","6,1,02,1","03,1,+00800,1,06,1","99,9,+99999,9,03,1",,"9,AGL   ,+99999,+99999","05,99,1,03,1,99,9,00800,1,99,9,99,9",,,"9,9,999,9,-025,1","10,1","SYN06442139 21595 50000 10256 20233 40084 71096 83530 333 59025 6046/=",
"42139099999","2022-10-11T12:00:00","4","29.0166666","77.7166667","222.0","MEERUT, IN","FM-12","99999","V020","999,9,C,0000,1","22000,1,9,N","002000,1,9,9","+0250,1","+0238,1","10072,1","09,0460,3,1","9,1,02,1","6,1,02,1","01,1,+99999,9,03,1",,,"9,AGL   ,+99999,+99999","01,99,1,01,1,99,9,99999,9,99,9,99,9","240,M,+0264,1",,"9,9,999,9,-028,1","10,1","SYN07042139 21995 10000 10250 20238 40072 71096 81030 333 10264 59028 6046/=",
"42139099999","2022-10-12T03:00:00","4","29.0166666","77.7166667","222.0","MEERUT, IN","FM-12","99999","V020","999,9,C,0000,1","22000,1,9,N","002000,1,9,9","+0236,1","+0230,1","10118,1","24,0460,3,1","0,1,02,1","0,1,02,1","01,1,+99999,9,03,1",,,"9,AGL   ,+99999,+99999","01,99,1,01,1,99,9,99999,9,99,9,99,9","240,M,+0264,1","240,N,+0202,1","9,9,999,9,+012,1","10,1","SYN09242139 21995 10000 10236 20230 40118 71000 81030 333 10264 20202 58012 6046/ 555 00460 10160=",
"42139099999","2022-10-12T06:00:00","4","29.0166666","77.7166667","222.0","MEERUT, IN","FM-12","99999","V020","140,1,N,0010,1","22000,1,9,N","002000,1,9,9","+0284,1","+0225,1","10119,1",,"1,1,02,1","0,1,02,1","04,1,+00800,1,08,1",,,"9,AGL   ,+99999,+99999","04,99,1,04,1,99,9,00800,1,99,9,99,9",,,"9,9,999,9,+007,1","05,1","SYN05842139 31595 41402 10284 20225 40119 70510 84800 333 58007=",
"42139099999","2022-10-12T09:00:00","4","29.0166666","77.7166667","222.0","MEERUT, IN","FM-12","99999","V020","999,9,C,0000,1","22000,1,9,N","002000,1,9,9","+0300,1","+0220,1","10091,1",,"1,1,02,1","0,1,02,1","04,1,+00800,1,08,1",,,"9,AGL   ,+99999,+99999","04,99,1,04,1,99,9,00800,1,99,9,99,9",,,"9,9,999,9,+010,1","05,1","SYN05842139 31595 40000 10300 20220 40091 70510 84800 333 58010=",
"42139099999","2022-10-12T12:00:00","4","29.0166666","77.7166667","222.0","MEERUT, IN","FM-12","99999","V020","999,9,C,0000,1","99999,9,9,N","002000,1,9,9","+0272,1","+0237,1","10081,1",,"2,1,02,1","1,1,02,1","04,1,+00800,1,08,1","99,9,+99999,9,03,1",,"9,AGL   ,+99999,+99999","05,99,1,04,1,99,9,00800,1,99,9,99,9","240,M,+0308,1",,"9,9,999,9,+010,1","10,1","SYN06442139 31595 50000 10272 20237 40081 71021 84830 333 10308 58010=",
"42139099999","2022-10-13T03:00:00","4","29.0166666","77.7166667","222.0","MEERUT, IN","FM-12","99999","V020","999,9,C,0000,1","99999,9,9,N","002000,1,9,9","+0222,1","+0213,1","10126,1",,"0,1,02,1","0,1,02,1",,,,,,"240,M,+0308,1","240,N,+0184,1","9,9,999,9,+007,1","10,1","SYN07442139 31995 00000 10222 20213 40126 71000 333 10308 20184 58007 555 10160=",
"42139099999","2022-10-13T06:00:00","4","29.0166666","77.7166667","222.0","MEERUT, IN","FM-12","99999","V020","999,9,C,0000,1","99999,9,9,N","002000,1,9,9","+0284,1","+0202,1","10131,1",,"0,1,02,1","0,1,02,1",,,,,,,,"9,9,999,9,+011,1","05,1","SYN05242139 31995 00000 10284 20202 40131 70500 333 58011=",
"42139099999","2022-10-13T09:00:00","4","29.0166666","77.7166667","222.0","MEERUT, IN","FM-12","99999","V020","160,1,N,0010,1","99999,9,9,N","002000,1,9,9","+0298,1","+0198,1","10103,1",,"0,1,02,1","0,1,02,1",,,,,,,,"9,9,999,9,+012,1","05,1","SYN05242139 31995 01602 10298 20198 40103 70500 333 58012=",
"42139099999","2022-10-13T12:00:00","4","29.0166666","77.7166667","222.0","MEERUT, IN","FM-12","99999","V020","999,9,C,0000,1","99999,9,9,N","002000,1,9,9","+0270,1","+0226,1","10097,1",,"0,1,02,1","0,1,02,1",,,,,,"240,M,+0304,1",,"9,9,999,9,+015,1","05,1","SYN05842139 31995 00000 10270 20226 40097 70500 333 10304 58015=",
"42139099999","2022-10-14T03:00:00","4","29.0166666","77.7166667","222.0","MEERUT, IN","FM-12","99999","V020","999,9,C,0000,1","99999,9,9,N","002000,1,9,9","+0224,1","+0199,1","10126,1",,"0,1,02,1","0,1,02,1",,,,,,"240,M,+0304,1","240,N,+0184,1","9,9,999,9,+000,1","10,1","SYN07442139 31995 00000 10224 20199 40126 71000 333 10304 20184 58000 555 10160=",
"42139099999","2022-10-14T06:00:00","4","29.0166666","77.7166667","222.0","MEERUT, IN","FM-12","99999","V020","140,1,N,0015,1","99999,9,9,N","002000,1,9,9","+0284,1","+0209,1","10120,1",,"0,1,02,1","0,1,02,1",,,,,,,,"9,9,999,9,-010,1","05,1","SYN05242139 31995 01403 10284 20209 40120 70500 333 59010=",
"42139099999","2022-10-14T09:00:00","4","29.0166666","77.7166667","222.0","MEERUT, IN","FM-12","99999","V020","999,9,C,0000,1","22000,1,9,N","002000,1,9,9","+0308,1","+0206,1","10097,1",,"0,1,02,1","0,1,02,1","01,1,+99999,9,03,1",,,"9,AGL   ,+99999,+99999","01,99,1,01,1,99,9,99999,9,99,9,99,9",,,"9,9,999,9,-005,1","05,1","SYN05842139 31995 10000 10308 20206 40097 70500 81030 333 59005=",
"42139099999","2022-10-14T12:00:00","4","29.0166666","77.7166667","222.0","MEERUT, IN","FM-12","99999","V020","999,9,C,0000,1","99999,9,9,N","002000,1,9,9","+0274,1","+0230,1","10093,1",,"0,1,02,1","0,1,02,1",,,,,,"240,M,+0310,1",,"9,9,999,9,-003,1","05,1","SYN05842139 31995 00000 10274 20230 40093 70500 333 10310 59003=",
"42139099999","2022-10-15T03:00:00","4","29.0166666","77.7166667","222.0","MEERUT, IN","FM-12","99999","V020","999,9,C,0000,1","99999,9,9,N","002000,1,9,9","+0224,1","+0215,1","10115,1",,"0,1,02,1","0,1,02,1",,,,,,"240,M,+0310,1","240,N,+0188,1","9,9,999,9,-011,1","10,1","SYN07442139 31995 00000 10224 20215 40115 71000 333 10310 20188 59011 555 10160=",
"42139099999","2022-10-15T06:00:00","4","29.0166666","77.7166667","222.0","MEERUT, IN","FM-12","99999","V020","140,1,N,0010,1","99999,9,9,N","002000,1,9,9","+0290,1","+0202,1","10102,1",,"0,1,02,1","0,1,02,1",,,,,,,,"9,9,999,9,-010,1","05,1","SYN05242139 31995 01402 10290 20202 40102 70500 333 59010=",
"42139099999","2022-10-15T09:00:00","4","29.0166666","77.7166667","222.0","MEERUT, IN","FM-12","99999","V020","999,9,C,0000,1","99999,9,9,N","002000,1,9,9","+0314,1","+0210,1","10088,1",,"0,1,02,1","0,1,02,1",,,,,,,,"9,9,999,9,-008,1","05,1","SYN05242139 31995 00000 10314 20210 40088 70500 333 59008=",
"42139099999","2022-10-15T12:00:00","4","29.0166666","77.7166667","222.0","MEERUT, IN","FM-12","99999","V020","999,9,C,0000,1","99999,9,9,N","002000,1,9,9","+0278,1","+0232,1","10091,1",,"0,1,02,1","0,1,02,1",,,,,,"240,M,+0319,1",,"9,9,999,9,-002,1","05,1","SYN05842139 31995 00000 10278 20232 40091 70500 333 10319 59002=",
"42139099999","2022-10-16T03:00:00","4","29.0166666","77.7166667","222.0","MEERUT, IN","FM-12","99999","V020","999,9,C,0000,1","99999,9,9,N","002000,1,9,9","+0230,1","+0196,1","10143,1",,"0,1,02,1","0,1,02,1",,,,,,"240,M,+0319,1","240,N,+0176,1","9,9,999,9,+027,1","10,1","SYN07442139 31995 00000 10230 20196 40143 71000 333 10319 20176 58027 555 10160=",
"42139099999","2022-10-16T06:00:00","4","29.0166666","77.7166667","222.0","MEERUT, IN","FM-12","99999","V020","999,9,C,0000,1","99999,9,9,N","002000,1,9,9","+0300,1","+0207,1","10140,1",,"0,1,02,1","0,1,02,1",,,,,,,,"9,9,999,9,+030,1","05,1","SYN05242139 31995 00000 10300 20207 40140 70500 333 58030=",
"42139099999","2022-10-16T09:00:00","4","29.0166666","77.7166667","222.0","MEERUT, IN","FM-12","99999","V020","999,9,C,0000,1","99999,9,9,N","002000,1,9,9","+0316,1","+0194,1","10117,1",,"0,1,02,1","0,1,02,1",,,,,,,,"9,9,999,9,+029,1","05,1","SYN05242139 31995 00000 10316 20194 40117 70500 333 58029=",
"42139099999","2022-10-16T12:00:00","4","29.0166666","77.7166667","222.0","MEERUT, IN","FM-12","99999","V020","999,9,C,0000,1","99999,9,9,N","002000,1,9,9","+0276,1","+0232,1","10118,1",,"0,1,02,1","0,1,02,1",,,,,,"240,M,+0325,1",,"9,9,999,9,+027,1","05,1","SYN05842139 31995 00000 10276 20232 40118 70500 333 10325 58027=",
"42139099999","2022-10-17T06:00:00","4","29.0166666","77.7166667","222.0","MEERUT, IN","FM-12","99999","V020","999,9,C,0000,1","99999,9,9,N","002000,1,9,9","+0298,1","+0194,1","10143,1",,"0,1,02,1","0,1,02,1",,,,,,,,"9,9,999,9,+003,1","05,1","SYN05242139 31995 00000 10298 20194 40143 70500 333 58003=",
"42139099999","2022-10-17T09:00:00","4","29.0166666","77.7166667","222.0","MEERUT, IN","FM-12","99999","V020","999,9,C,0000,1","99999,9,9,N","002000,1,9,9","+0304,1","+0201,1","10110,1",,"0,1,02,1","0,1,02,1",,,,,,,,"9,9,999,9,-008,1","05,1","SYN05242139 31995 00000 10304 20201 40110 70500 333 59008=",
"42139099999","2022-10-17T12:00:00","4","29.0166666","77.7166667","222.0","MEERUT, IN","FM-12","99999","V020","999,9,C,0000,1","99999,9,9,N","002000,1,9,9","+0274,1","+0230,1","10103,1",,"0,1,02,1","0,1,02,1",,,,,,"240,M,+0318,1",,"9,9,999,9,-015,1","05,1","SYN05842139 31995 00000 10274 20230 40103 70500 333 10318 59015=",
"42139099999","2022-10-18T03:00:00","4","29.0166666","77.7166667","222.0","MEERUT, IN","FM-12","99999","V020","999,9,C,0000,1","99999,9,9,N","002000,1,9,9","+0218,1","+0206,1","10133,1",,"0,1,02,1","0,1,02,1",,,,,,"240,M,+0318,1","240,N,+0176,1","9,9,999,9,-023,1","10,1","SYN07442139 31995 00000 10218 20206 40133 71000 333 10318 20176 59023 555 10160=",
"42139099999","2022-10-18T06:00:00","4","29.0166666","77.7166667","222.0","MEERUT, IN","FM-12","99999","V020","999,9,C,0000,1","99999,9,9,N","002000,1,9,9","+0292,1","+0183,1","10124,1",,"0,1,02,1","0,1,02,1",,,,,,,,"9,9,999,9,-019,1","05,1","SYN05242139 31995 00000 10292 20183 40124 70500 333 59019=",
"42139099999","2022-10-18T09:00:00","4","29.0166666","77.7166667","222.0","MEERUT, IN","FM-12","99999","V020","999,9,C,0000,1","99999,9,9,N","002000,1,9,9","+0304,1","+0218,1","10097,1",,"0,1,02,1","0,1,02,1",,,,,,,,"9,9,999,9,-013,1","05,1","SYN05242139 31995 00000 10304 20218 40097 70500 333 59013=",
"42139099999","2022-10-18T12:00:00","4","29.0166666","77.7166667","222.0","MEERUT, IN","FM-12","99999","V020","999,9,C,0000,1","99999,9,9,N","002000,1,9,9","+0270,1","+0229,1","10089,1",,"0,1,02,1","0,1,02,1",,,,,,"240,M,+0316,1",,"9,9,999,9,-015,1","05,1","SYN05842139 31995 00000 10270 20229 40089 70500 333 10316 59015=",
"42139099999","2022-10-19T03:00:00","4","29.0166666","77.7166667","222.0","MEERUT, IN","FM-12","99999","V020","999,9,C,0000,1","99999,9,9,N","002000,1,9,9","+0214,1","+0192,1","10134,1",,"0,1,02,1","0,1,02,1",,,,,,"240,M,+0316,1","240,N,+0166,1","9,9,999,9,+001,1","10,1","SYN07442139 31995 00000 10214 20192 40134 71000 333 10316 20166 58001 555 10160=",
"42139099999","2022-10-19T06:00:00","4","29.0166666","77.7166667","222.0","MEERUT, IN","FM-12","99999","V020","140,1,N,0010,1","99999,9,9,N","002000,1,9,9","+0286,1","+0187,1","10133,1",,"0,1,02,1","0,1,02,1",,,,,,,,"9,9,999,9,+008,1","05,1","SYN05242139 31995 01402 10286 20187 40133 70500 333 58008=",
"42139099999","2022-10-19T09:00:00","4","29.0166666","77.7166667","222.0","MEERUT, IN","FM-12","99999","V020","140,1,N,0010,1","99999,9,9,N","002000,1,9,9","+0310,1","+0219,1","10101,1",,"0,1,02,1","0,1,02,1",,,,,,,,"9,9,999,9,+004,1","05,1","SYN05242139 31995 01402 10310 20219 40101 70500 333 58004=",
"42139099999","2022-10-19T12:00:00","4","29.0166666","77.7166667","222.0","MEERUT, IN","FM-12","99999","V020","999,9,C,0000,1","99999,9,9,N","002000,1,9,9","+0272,1","+0234,1","10094,1",,"0,1,02,1","0,1,02,1",,,,,,"240,M,+0322,1",,"9,9,999,9,+006,1","05,1","SYN05842139 31995 00000 10272 20234 40094 70500 333 10322 58006=",
"42139099999","2022-10-20T03:00:00","4","29.0166666","77.7166667","222.0","MEERUT, IN","FM-12","99999","V020","140,1,N,0010,1","99999,9,9,N","002000,1,9,9","+0210,1","+0197,1","10143,1",,"0,1,02,1","0,1,02,1",,,,,,"240,M,+0322,1","240,N,+0166,1","9,9,999,9,+008,1","10,1","SYN07442139 31995 01402 10210 20197 40143 71000 333 10322 20166 58008 555 10160=",
"42139099999","2022-10-20T06:00:00","4","29.0166666","77.7166667","222.0","MEERUT, IN","FM-12","99999","V020","999,9,C,0000,1","99999,9,9,N","002000,1,9,9","+0278,1","+0195,1","10143,1",,"0,1,02,1","0,1,02,1",,,,,,,,"9,9,999,9,+009,1","05,1","SYN05242139 31995 00000 10278 20195 40143 70500 333 58009=",
"42139099999","2022-10-20T09:00:00","4","29.0166666","77.7166667","222.0","MEERUT, IN","FM-12","99999","V020","999,9,C,0000,1","99999,9,9,N","002000,1,9,9","+0306,1","+0227,1","10118,1",,"0,1,02,1","0,1,02,1",,,,,,,,"9,9,999,9,+017,1","05,1","SYN05242139 31995 00000 10306 20227 40118 70500 333 58017=",
"42139099999","2022-10-20T12:00:00","4","29.0166666","77.7166667","222.0","MEERUT, IN","FM-12","99999","V020","999,9,C,0000,1","99999,9,9,N","002000,1,9,9","+0276,1","+0238,1","10119,1",,"0,1,02,1","0,1,02,1",,,,,,"240,M,+0320,1",,"9,9,999,9,+025,1","05,1","SYN05842139 31995 00000 10276 20238 40119 70500 333 10320 58025=",
"42139099999","2022-10-21T03:00:00","4","29.0166666","77.7166667","222.0","MEERUT, IN","FM-12","99999","V020","999,9,C,0000,1","22000,1,9,N","002000,1,9,9","+0212,1","+0183,1","10169,1",,"0,1,02,1","0,1,02,1","02,1,+99999,9,03,1",,,"9,AGL   ,+99999,+99999","02,99,1,02,1,99,9,99999,9,99,9,99,9","240,M,+0320,1","240,N,+0172,1","9,9,999,9,+027,1","10,1","SYN08042139 31995 20000 10212 20183 40169 71000 82030 333 10320 20172 58027 555 10160=",
"42139099999","2022-10-21T06:00:00","4","29.0166666","77.7166667","222.0","MEERUT, IN","FM-12","99999","V020","999,9,C,0000,1","22000,1,9,N","002000,1,9,9","+0286,1","+0187,1","10163,1",,"0,1,02,1","0,1,02,1","02,1,+99999,9,03,1",,,"9,AGL   ,+99999,+99999","02,99,1,02,1,99,9,99999,9,99,9,99,9",,,"9,9,999,9,+021,1","05,1","SYN05842139 31995 20000 10286 20187 40163 70500 82030 333 58021=",
"42139099999","2022-10-21T09:00:00","4","29.0166666","77.7166667","222.0","MEERUT, IN","FM-12","99999","V020","999,9,C,0000,1","99999,9,9,N","002000,1,9,9","+0316,1","+0226,1","10137,1",,"0,1,02,1","0,1,02,1",,,,,,,,"9,9,999,9,+018,1","05,1","SYN05242139 31995 00000 10316 20226 40137 70500 333 58018=",
"42139099999","2022-10-21T12:00:00","4","29.0166666","77.7166667","222.0","MEERUT, IN","FM-12","99999","V020","999,9,C,0000,1","99999,9,9,N","002000,1,9,9","+0268,1","+0227,1","10133,1",,"0,1,02,1","0,1,02,1",,,,,,"240,M,+0321,1",,"9,9,999,9,+012,1","05,1","SYN05842139 31995 00000 10268 20227 40133 70500 333 10321 58012=",
"42139099999","2022-10-22T03:00:00","4","29.0166666","77.7166667","222.0","MEERUT, IN","FM-12","99999","V020","999,9,C,0000,1","99999,9,9,N","002000,1,9,9","+0198,1","+0185,1","10181,1",,"0,1,02,1","0,1,02,1",,,,,,"240,M,+0321,1","240,N,+0164,1","9,9,999,9,+010,1","10,1","SYN07442139 31995 00000 10198 20185 40181 71000 333 10321 20164 58010 555 10160=",
"42139099999","2022-10-22T06:00:00","4","29.0166666","77.7166667","222.0","MEERUT, IN","FM-12","99999","V020","999,9,C,0000,1","99999,9,9,N","002000,1,9,9","+0282,1","+0196,1","10176,1",,"0,1,02,1","0,1,02,1",,,,,,,,"9,9,999,9,+012,1","05,1","SYN05242139 31995 00000 10282 20196 40176 70500 333 58012=",
"42139099999","2022-10-22T09:00:00","4","29.0166666","77.7166667","222.0","MEERUT, IN","FM-12","99999","V020","999,9,C,0000,1","99999,9,9,N","002000,1,9,9","+0298,1","+0218,1","10143,1",,"0,1,02,1","0,1,02,1",,,,,,,,"9,9,999,9,+005,1","05,1","SYN05242139 31995 00000 10298 20218 40143 70500 333 58005=",
"42139099999","2022-10-22T12:00:00","4","29.0166666","77.7166667","222.0","MEERUT, IN","FM-12","99999","V020","999,9,C,0000,1","99999,9,9,N","002000,1,9,9","+0264,1","+0222,1","10139,1",,"0,1,02,1","0,1,02,1",,,,,,"240,M,+0305,1",,"9,9,999,9,+006,1","05,1","SYN05842139 31995 00000 10264 20222 40139 70500 333 10305 58006=",
"42139099999","2022-10-23T03:00:00","4","29.0166666","77.7166667","222.0","MEERUT, IN","FM-12","99999","V020","999,9,C,0000,1","99999,9,9,N","002000,1,9,9","+0192,1","+0165,1","10173,1",,"0,1,02,1","0,1,02,1",,,,,,"240,M,+0305,1","240,N,+0146,1","9,9,999,9,-008,1","10,1","SYN07442139 31995 00000 10192 20165 40173 71000 333 10305 20146 59008 555 10160=",
"42139099999","2022-10-23T06:00:00","4","29.0166666","77.7166667","222.0","MEERUT, IN","FM-12","99999","V020","999,9,C,0000,1","99999,9,9,N","002000,1,9,9","+0286,1","+0179,1","10163,1",,"0,1,02,1","0,1,02,1",,,,,,,,"9,9,999,9,-012,1","05,1","SYN05242139 31995 00000 10286 20179 40163 70500 333 59012=",
"42139099999","2022-10-23T09:00:00","4","29.0166666","77.7166667","222.0","MEERUT, IN","FM-12","99999","V020","999,9,C,0000,1","99999,9,9,N","002000,1,9,9","+0296,1","+0219,1","10136,1",,"0,1,02,1","0,1,02,1",,,,,,,,"9,9,999,9,-007,1","05,1","SYN05242139 31995 00000 10296 20219 40136 70500 333 59007=",
"42139099999","2022-10-23T12:00:00","4","29.0166666","77.7166667","222.0","MEERUT, IN","FM-12","99999","V020","999,9,C,0000,1","99999,9,9,N","002000,1,9,9","+0258,1","+0213,1","10129,1",,"0,1,02,1","0,1,02,1",,,,,,"240,M,+0308,1",,"9,9,999,9,-011,1","05,1","SYN05842139 31995 00000 10258 20213 40129 70500 333 10308 59011=",
"42139099999","2022-10-24T03:00:00","4","29.0166666","77.7166667","222.0","MEERUT, IN","FM-12","99999","V020","999,9,C,0000,1","99999,9,9,N","002000,1,9,9","+0198,1","+0175,1","10127,1",,"0,1,02,1","0,1,02,1",,,,,,"240,M,+0308,1","240,N,+0148,1","9,9,999,9,-045,1","10,1","SYN07442139 31995 00000 10198 20175 40127 71000 333 10308 20148 59045 555 10160=",
"42139099999","2022-10-24T06:00:00","4","29.0166666","77.7166667","222.0","MEERUT, IN","FM-12","99999","V020","090,1,N,0010,1","99999,9,9,N","002000,1,9,9","+0298,1","+0190,1","10109,1",,"0,1,02,1","0,1,02,1",,,,,,,,"9,9,999,9,-052,1","05,1","SYN05242139 31995 00902 10298 20190 40109 70500 333 59052=",
"42139099999","2022-10-24T09:00:00","4","29.0166666","77.7166667","222.0","MEERUT, IN","FM-12","99999","V020","090,1,N,0010,1","99999,9,9,N","002000,1,9,9","+0310,1","+0212,1","10078,1",,"0,1,02,1","0,1,02,1",,,,,,,,"9,9,999,9,-056,1","05,1","SYN05242139 31995 00902 10310 20212 40078 70500 333 59056=",
"42139099999","2022-10-24T12:00:00","4","29.0166666","77.7166667","222.0","MEERUT, IN","FM-12","99999","V020","999,9,C,0000,1","99999,9,9,N","002000,1,9,9","+0262,1","+0227,1","10070,1",,"0,1,02,1","0,1,02,1",,,,,,"240,M,+0322,1",,"9,9,999,9,-055,1","05,1","SYN05842139 31995 00000 10262 20227 40070 70500 333 10322 59055=",
"42139099999","2022-10-25T03:00:00","4","29.0166666","77.7166667","222.0","MEERUT, IN","FM-12","99999","V020","999,9,C,0000,1","99999,9,9,N","002000,1,9,9","+0208,1","+0139,1","10088,1",,"0,1,02,1","0,1,02,1",,,,,,"240,M,+0322,1","240,N,+0159,1","9,9,999,9,-038,1","05,1","SYN07442139 31995 00000 10208 20139 40088 70500 333 10322 20159 59038 555 10160=",
"42139099999","2022-10-25T06:00:00","4","29.0166666","77.7166667","222.0","MEERUT, IN","FM-12","99999","V020","270,1,N,0010,1","99999,9,9,N","002000,1,9,9","+0280,1","+0148,1","10089,1",,"0,1,02,1","0,1,02,1",,,,,,,,"9,9,999,9,-022,1","05,1","SYN05242139 31995 02702 10280 20148 40089 70500 333 59022=",
"42139099999","2022-10-25T09:00:00","4","29.0166666","77.7166667","222.0","MEERUT, IN","FM-12","99999","V020","270,1,N,0015,1","99999,9,9,N","002000,1,9,9","+0290,1","+0149,1","10067,1",,"0,1,02,1","0,1,02,1",,,,,,,,"9,9,999,9,-012,1","05,1","SYN05242139 31995 02703 10290 20149 40067 70500 333 59012=",
"42139099999","2022-10-25T12:00:00","4","29.0166666","77.7166667","222.0","MEERUT, IN","FM-12","99999","V020","999,9,C,0000,1","99999,9,9,N","002000,1,9,9","+0262,1","+0176,1","10072,1",,"0,1,02,1","0,1,02,1",,,,,,"240,M,+0305,1",,"9,9,999,9,+002,1","05,1","SYN05842139 31995 00000 10262 20176 40072 70500 333 10305 58002=",
"42139099999","2022-10-26T03:00:00","4","29.0166666","77.7166667","222.0","MEERUT, IN","FM-12","99999","V020","999,9,C,0000,1","99999,9,9,N","002000,1,9,9","+0188,1","+0161,1","10140,1",,"0,1,02,1","0,1,02,1",,,,,,"240,M,+0305,1","240,N,+0150,1","9,9,999,9,+049,1","10,1","SYN07442139 31995 00000 10188 20161 40140 71000 333 10305 20150 58049 555 10160=",
"42139099999","2022-10-26T06:00:00","4","29.0166666","77.7166667","222.0","MEERUT, IN","FM-12","99999","V020","999,9,C,0000,1","99999,9,9,N","002000,1,9,9","+0282,1","+0167,1","10136,1",,"0,1,02,1","0,1,02,1",,,,,,,,"9,9,999,9,+047,1","05,1","SYN05242139 31995 00000 10282 20167 40136 70500 333 58047=",
"42139099999","2022-10-26T09:00:00","4","29.0166666","77.7166667","222.0","MEERUT, IN","FM-12","99999","V020","999,9,C,0000,1","99999,9,9,N","002000,1,9,9","+0298,1","+0179,1","10115,1",,"0,1,02,1","0,1,02,1",,,,,,,,"9,9,999,9,+047,1","05,1","SYN05242139 31995 00000 10298 20179 40115 70500 333 58047=",
"42139099999","2022-10-26T12:00:00","4","29.0166666","77.7166667","222.0","MEERUT, IN","FM-12","99999","V020","999,9,C,0000,1","99999,9,9,N","002000,1,9,9","+0260,1","+0198,1","10117,1",,"0,1,02,1","0,1,02,1",,,,,,"240,M,+0308,1",,"9,9,999,9,+041,1","05,1","SYN05842139 31995 00000 10260 20198 40117 70500 333 10308 58041=",
"42139099999","2022-10-27T03:00:00","4","29.0166666","77.7166667","222.0","MEERUT, IN","FM-12","99999","V020","999,9,C,0000,1","99999,9,9,N","002000,1,9,9","+0190,1","+0174,1","10141,1",,"0,1,02,1","0,1,02,1",,,,,,"240,M,+0308,1","240,N,+0149,1","9,9,999,9,+001,1","10,1","SYN07442139 31995 00000 10190 20174 40141 71000 333 10308 20149 58001 555 10160=",
"42139099999","2022-10-27T06:00:00","4","29.0166666","77.7166667","222.0","MEERUT, IN","FM-12","99999","V020","999,9,C,0000,1","99999,9,9,N","002000,1,9,9","+0276,1","+0171,1","10133,1",,"0,1,02,1","0,1,02,1",,,,,,,,"9,9,999,9,-004,1","05,1","SYN05242139 31995 00000 10276 20171 40133 70500 333 59004=",
"42139099999","2022-10-27T09:00:00","4","29.0166666","77.7166667","222.0","MEERUT, IN","FM-12","99999","V020","999,9,C,0000,1","99999,9,9,N","002000,1,9,9","+0296,1","+0169,1","10110,1",,"0,1,02,1","0,1,02,1",,,,,,,,"9,9,999,9,-004,1","05,1","SYN05242139 31995 00000 10296 20169 40110 70500 333 59004=",
"42139099999","2022-10-27T12:00:00","4","29.0166666","77.7166667","222.0","MEERUT, IN","FM-12","99999","V020","999,9,C,0000,1","99999,9,9,N","002000,1,9,9","+0260,1","+0195,1","10112,1",,"0,1,02,1","0,1,02,1",,,,,,"240,M,+0310,1",,"9,9,999,9,-003,1","05,1","SYN05842139 31995 00000 10260 20195 40112 70500 333 10310 59003=",
"42139099999","2022-10-28T03:00:00","4","29.0166666","77.7166667","222.0","MEERUT, IN","FM-12","99999","V020","999,9,C,0000,1","99999,9,9,N","001000,1,9,9","+0188,1","+0175,1","10145,1",,"0,1,02,1","0,1,02,1",,,,,,"240,M,+0310,1","240,N,+0150,1","9,9,999,9,+004,1","10,1","SYN07442139 31994 00000 10188 20175 40145 71000 333 10310 20150 58004 555 10160=",
"42139099999","2022-10-28T06:00:00","4","29.0166666","77.7166667","222.0","MEERUT, IN","FM-12","99999","V020","999,9,C,0000,1","99999,9,9,N","002000,1,9,9","+0264,1","+0189,1","10140,1",,"0,1,02,1","0,1,02,1",,,,,,,,"9,9,999,9,+006,1","05,1","SYN05242139 31995 00000 10264 20189 40140 70500 333 58006=",
"42139099999","2022-10-28T09:00:00","4","29.0166666","77.7166667","222.0","MEERUT, IN","FM-12","99999","V020","999,9,C,0000,1","99999,9,9,N","002000,1,9,9","+0292,1","+0179,1","10115,1",,"0,1,02,1","0,1,02,1",,,,,,,,"9,9,999,9,+004,1","05,1","SYN05242139 31995 00000 10292 20179 40115 70500 333 58004=",
"42139099999","2022-10-28T12:00:00","4","29.0166666","77.7166667","222.0","MEERUT, IN","FM-12","99999","V020","999,9,C,0000,1","99999,9,9,N","002000,1,9,9","+0250,1","+0204,1","10116,1",,"0,1,02,1","0,1,02,1",,,,,,"240,M,+0298,1",,"9,9,999,9,+001,1","05,1","SYN05842139 31995 00000 10250 20204 40116 70500 333 10298 58001=",
"42139099999","2022-10-29T03:00:00","4","29.0166666","77.7166667","222.0","MEERUT, IN","FM-12","99999","V020","999,9,C,0000,1","99999,9,9,N","001000,1,9,9","+0186,1","+0173,1","10149,1",,"0,1,02,1","0,1,02,1",,,,,,"240,M,+0298,1","240,N,+0151,1","9,9,999,9,+004,1","10,1","SYN07442139 31994 00000 10186 20173 40149 71000 333 10298 20151 58004 555 10160=",
"42139099999","2022-10-29T06:00:00","4","29.0166666","77.7166667","222.0","MEERUT, IN","FM-12","99999","V020","999,9,C,0000,1","99999,9,9,N","002000,1,9,9","+0266,1","+0181,1","10147,1",,"0,1,02,1","0,1,02,1",,,,,,,,"9,9,999,9,+007,1","05,1","SYN05242139 31995 00000 10266 20181 40147 70500 333 58007=",
"42139099999","2022-10-29T09:00:00","4","29.0166666","77.7166667","222.0","MEERUT, IN","FM-12","99999","V020","999,9,C,0000,1","99999,9,9,N","002000,1,9,9","+0286,1","+0179,1","10126,1",,"0,1,02,1","0,1,02,1",,,,,,,,"9,9,999,9,+010,1","05,1","SYN05242139 31995 00000 10286 20179 40126 70500 333 58010=",
"42139099999","2022-10-29T12:00:00","4","29.0166666","77.7166667","222.0","MEERUT, IN","FM-12","99999","V020","999,9,C,0000,1","99999,9,9,N","002000,1,9,9","+0250,1","+0191,1","10124,1",,"0,1,02,1","0,1,02,1",,,,,,"240,M,+0296,1",,"9,9,999,9,+010,1","05,1","SYN05842139 31995 00000 10250 20191 40124 70500 333 10296 58010=",
"42139099999","2022-10-30T03:00:00","4","29.0166666","77.7166667","222.0","MEERUT, IN","FM-12","99999","V020","999,9,C,0000,1","99999,9,9,N","002000,1,9,9","+0184,1","+0178,1","10156,1",,"0,1,02,1","0,1,02,1",,,,,,"240,M,+0296,1","240,N,+0149,1","9,9,999,9,+007,1","10,1","SYN07442139 31995 00000 10184 20178 40156 71000 333 10296 20149 58007 555 10160=",
"42139099999","2022-10-30T06:00:00","4","29.0166666","77.7166667","222.0","MEERUT, IN","FM-12","99999","V020","320,1,N,0005,1","99999,9,9,N","002000,1,9,9","+0264,1","+0182,1","10146,1",,"0,1,02,1","0,1,02,1",,,,,,,,"9,9,999,9,-001,1","05,1","SYN05242139 31995 03201 10264 20182 40146 70500 333 59001=",
"42139099999","2022-10-30T09:00:00","4","29.0166666","77.7166667","222.0","MEERUT, IN","FM-12","99999","V020","320,1,N,0005,1","99999,9,9,N","002000,1,9,9","+0290,1","+0181,1","10120,1",,"0,1,02,1","0,1,02,1",,,,,,,,"9,9,999,9,-005,1","05,1","SYN05242139 31995 03201 10290 20181 40120 70500 333 59005=",
"42139099999","2022-10-30T12:00:00","4","29.0166666","77.7166667","222.0","MEERUT, IN","FM-12","99999","V020","999,9,C,0000,1","99999,9,9,N","002000,1,9,9","+0256,1","+0201,1","10120,1",,"0,1,02,1","0,1,02,1",,,,,,"240,M,+0301,1",,"9,9,999,9,-003,1","05,1","SYN05842139 31995 00000 10256 20201 40120 70500 333 10301 59003=",
"42139099999","2022-10-31T03:00:00","4","29.0166666","77.7166667","222.0","MEERUT, IN","FM-12","99999","V020","999,9,C,0000,1","99999,9,9,N","002000,1,9,9","+0190,1","+0180,1","10156,1",,"0,1,02,1","0,1,02,1",,,,,,"240,M,+0301,1","240,N,+0152,1","9,9,999,9,+000,1","10,1","SYN07442139 31995 00000 10190 20180 40156 71000 333 10301 20152 58000 555 10160=",
"42139099999","2022-10-31T06:00:00","4","29.0166666","77.7166667","222.0","MEERUT, IN","FM-12","99999","V020","050,1,N,0005,1","99999,9,9,N","002000,1,9,9","+0260,1","+0188,1","10149,1",,"0,1,02,1","0,1,02,1",,,,,,,,"9,9,999,9,+002,1","05,1","SYN05242139 31995 00501 10260 20188 40149 70500 333 58002=",
"42139099999","2022-10-31T09:00:00","4","29.0166666","77.7166667","222.0","MEERUT, IN","FM-12","99999","V020","999,9,C,0000,1","99999,9,9,N","002000,1,9,9","+0298,1","+0179,1","10118,1",,"0,1,02,1","0,1,02,1",,,,,,,,"9,9,999,9,-001,1","05,1","SYN05242139 31995 00000 10298 20179 40118 70500 333 59001=",
"42139099999","2022-10-31T12:00:00","4","29.0166666","77.7166667","222.0","MEERUT, IN","FM-12","99999","V020","999,9,C,0000,1","99999,9,9,N","002000,1,9,9","+0256,1","+0201,1","10118,1",,"0,1,02,1","0,1,02,1",,,,,,"240,M,+0301,1",,"9,9,999,9,-002,1","05,1","SYN05842139 31995 00000 10256 20201 40118 70500 333 10301 59002=",
"42139099999","2022-11-01T03:00:00","4","29.0166666","77.7166667","222.0","MEERUT, IN","FM-12","99999","V020","999,9,C,0000,1","99999,9,9,N","002000,1,9,9","+0184,1","+0171,1","10158,1",,"0,1,02,1","0,1,02,1",,,,,,"240,M,+0301,1","240,N,+0146,1","9,9,999,9,+002,1","10,1","SYN07442139 31995 00000 10184 20171 40158 71000 333 10301 20146 58002 555 10160=",
"42139099999","2022-11-01T06:00:00","4","29.0166666","77.7166667","222.0","MEERUT, IN","FM-12","99999","V020","999,9,C,0000,1","99999,9,9,N","002000,1,9,9","+0270,1","+0179,1","10149,1",,"0,1,02,1","0,1,02,1",,,,,,,,"9,9,999,9,+001,1","05,1","SYN05242139 31995 00000 10270 20179 40149 70500 333 58001=",
"42139099999","2022-11-01T09:00:00","4","29.0166666","77.7166667","222.0","MEERUT, IN","FM-12","99999","V020","999,9,C,0000,1","99999,9,9,N","002000,1,9,9","+0298,1","+0179,1","10120,1",,"0,1,02,1","0,1,02,1",,,,,,,,"9,9,999,9,+002,1","05,1","SYN05242139 31995 00000 10298 20179 40120 70500 333 58002=",
"42139099999","2022-11-01T12:00:00","4","29.0166666","77.7166667","222.0","MEERUT, IN","FM-12","99999","V020","999,9,C,0000,1","99999,9,9,N","002000,1,9,9","+0260,1","+0208,1","10123,1",,"0,1,02,1","0,1,02,1",,,,,,"240,M,+0302,1",,"9,9,999,9,+005,1","05,1","SYN05842139 31995 00000 10260 20208 40123 70500 333 10302 58005=",
"42139099999","2022-11-02T03:00:00","4","29.0166666","77.7166667","222.0","MEERUT, IN","FM-12","99999","V020","999,9,C,0000,1","99999,9,9,N","002000,1,9,9","+0196,1","+0183,1","10141,1",,"0,1,02,1","0,1,02,1",,,,,,"240,M,+0302,1","240,N,+0157,1","9,9,999,9,-016,1","10,1","SYN07442139 31995 00000 10196 20183 40141 71000 333 10302 20157 59016 555 10160=",
"42139099999","2022-11-02T06:00:00","4","29.0166666","77.7166667","222.0","MEERUT, IN","FM-12","99999","V020","999,9,C,0000,1","99999,9,9,N","002000,1,9,9","+0274,1","+0183,1","10127,1",,"0,1,02,1","0,1,02,1",,,,,,,,"9,9,999,9,-021,1","05,1","SYN05242139 31995 00000 10274 20183 40127 70500 333 59021=",
"42139099999","2022-11-02T09:00:00","4","29.0166666","77.7166667","222.0","MEERUT, IN","FM-12","99999","V020","999,9,C,0000,1","99999,9,9,N","002000,1,9,9","+0296,1","+0199,1","10093,1",,"0,1,02,1","0,1,02,1",,,,,,,,"9,9,999,9,-027,1","05,1","SYN05242139 31995 00000 10296 20199 40093 70500 333 59027=",
"42139099999","2022-11-02T12:00:00","4","29.0166666","77.7166667","222.0","MEERUT, IN","FM-12","99999","V020","999,9,C,0000,1","99999,9,9,N","002000,1,9,9","+0264,1","+0213,1","10095,1",,"0,1,02,1","0,1,02,1",,,,,,"240,M,+0306,1",,"9,9,999,9,-028,1","05,1","SYN05842139 31995 00000 10264 20213 40095 70500 333 10306 59028=",
"42139099999","2022-11-03T03:00:00","4","29.0166666","77.7166667","222.0","MEERUT, IN","FM-12","99999","V020","999,9,C,0000,1","99999,9,9,N","002000,1,9,9","+0190,1","+0170,1","10132,1",,"0,1,02,1","0,1,02,1",,,,,,"240,M,+0306,1","240,N,+0168,1","9,9,999,9,-009,1","10,1","SYN07442139 31995 00000 10190 20170 40132 71000 333 10306 20168 59009 555 10160=",
"42139099999","2022-11-03T06:00:00","4","29.0166666","77.7166667","222.0","MEERUT, IN","FM-12","99999","V020","999,9,C,0000,1","22000,1,9,N","002000,1,9,9","+0270,1","+0175,1","10124,1",,"0,1,02,1","0,1,02,1","99,9,+99999,9,00,1",,,"9,AGL   ,+99999,+99999","01,99,1,00,1,99,9,99999,9,99,9,99,9",,,"9,9,999,9,-003,1","05,1","SYN05842139 31995 10000 10270 20175 40124 70500 80001 333 59003=","Q01    003SCCGA1"
"42139099999","2022-11-03T09:00:00","4","29.0166666","77.7166667","222.0","MEERUT, IN","FM-12","99999","V020","999,9,C,0000,1","99999,9,9,N","002000,1,9,9","+0292,1","+0168,1","10094,1",,"0,1,02,1","0,1,02,1",,,,,,,,"9,9,999,9,+001,1","05,1","SYN05242139 31995 00000 10292 20168 40094 70500 333 58001=",
"42139099999","2022-11-03T12:00:00","4","29.0166666","77.7166667","222.0","MEERUT, IN","FM-12","99999","V020","999,9,C,0000,1","99999,9,9,N","002000,1,9,9","+0258,1","+0193,1","10096,1",,"0,1,02,1","0,1,02,1",,,,,,"240,M,+0302,1",,"9,9,999,9,+001,1","05,1","SYN05842139 31995 00000 10258 20193 40096 70500 333 10302 58001=",
"42139099999","2022-11-04T03:00:00","4","29.0166666","77.7166667","222.0","MEERUT, IN","FM-12","99999","V020","999,9,C,0000,1","99999,9,9,N","001000,1,9,9","+0184,1","+0171,1","10147,1",,"0,1,02,1","0,1,02,1",,,,,,"240,M,+0302,1","240,N,+0151,1","9,9,999,9,+014,1","10,1","SYN07442139 31994 00000 10184 20171 40147 71000 333 10302 20151 58014 555 10160=",
"42139099999","2022-11-04T06:00:00","4","29.0166666","77.7166667","222.0","MEERUT, IN","FM-12","99999","V020","140,1,N,0005,1","99999,9,9,N","002000,1,9,9","+0254,1","+0188,1","10144,1",,"0,1,02,1","0,1,02,1",,,,,,,,"9,9,999,9,+018,1","05,1","SYN05242139 31995 01401 10254 20188 40144 70500 333 58018=",
"42139099999","2022-11-04T09:00:00","4","29.0166666","77.7166667","222.0","MEERUT, IN","FM-12","99999","V020","090,1,N,0005,1","99999,9,9,N","002000,1,9,9","+0276,1","+0193,1","10118,1",,"0,1,02,1","0,1,02,1",,,,,,,,"9,9,999,9,+022,1","05,1","SYN05242139 31995 00901 10276 20193 40118 70500 333 58022=",
"42139099999","2022-11-04T12:00:00","4","29.0166666","77.7166667","222.0","MEERUT, IN","FM-12","99999","V020","999,9,C,0000,1","99999,9,9,N","002000,1,9,9","+0250,1","+0211,1","10119,1",,"0,1,02,1","0,1,02,1",,,,,,"240,M,+0278,1",,"9,9,999,9,+022,1","05,1","SYN05842139 31995 00000 10250 20211 40119 70500 333 10278 58022=",
"42139099999","2022-11-05T03:00:00","4","29.0166666","77.7166667","222.0","MEERUT, IN","FM-12","99999","V020","320,1,N,0005,1","99999,9,9,N","001000,1,9,9","+0192,1","+0189,1","10170,1",,"0,1,02,1","0,1,02,1",,,,,,"240,M,+0278,1","240,N,+0167,1","9,9,999,9,+024,1","10,1","SYN07442139 31994 03201 10192 20189 40170 71000 333 10278 20167 58024 555 10160=",
"42139099999","2022-11-05T06:00:00","4","29.0166666","77.7166667","222.0","MEERUT, IN","FM-12","99999","V020","140,1,N,0010,1","99999,9,9,N","002000,1,9,9","+0252,1","+0203,1","10170,1",,"0,1,02,1","0,1,02,1",,,,,,,,"9,9,999,9,+026,1","05,1","SYN05242139 31995 01402 10252 20203 40170 70500 333 58026=",
"42139099999","2022-11-05T09:00:00","4","29.0166666","77.7166667","222.0","MEERUT, IN","FM-12","99999","V020","140,1,N,0015,1","99999,9,9,N","002000,1,9,9","+0280,1","+0204,1","10142,1",,"0,1,02,1","0,1,02,1",,,,,,,,"9,9,999,9,+023,1","05,1","SYN05242139 31995 01403 10280 20204 40142 70500 333 58023=",
"42139099999","2022-11-05T12:00:00","4","29.0166666","77.7166667","222.0","MEERUT, IN","FM-12","99999","V020","999,9,C,0000,1","99999,9,9,N","002000,1,9,9","+0260,1","+0218,1","10141,1",,"0,1,02,1","0,1,02,1",,,,,,"240,M,+0281,1",,"9,9,999,9,+021,1","05,1","SYN05842139 31995 00000 10260 20218 40141 70500 333 10281 58021=",
"42139099999","2022-11-06T03:00:00","4","29.0166666","77.7166667","222.0","MEERUT, IN","FM-12","99999","V020","999,9,C,0000,1","99999,9,9,N","001000,1,9,9","+0192,1","+0189,1","10178,1",,"0,1,02,1","0,1,02,1",,,,,,"240,M,+0281,1","240,N,+0162,1","9,9,999,9,+008,1","10,1","SYN07442139 31994 00000 10192 20189 40178 71000 333 10281 20162 58008 555 10160=",
"42139099999","2022-11-06T06:00:00","4","29.0166666","77.7166667","222.0","MEERUT, IN","FM-12","99999","V020","140,1,N,0010,1","99999,9,9,N","002000,1,9,9","+0260,1","+0205,1","10174,1",,"0,1,02,1","0,1,02,1",,,,,,,,"9,9,999,9,+004,1","05,1","SYN05242139 31995 01402 10260 20205 40174 70500 333 58004=",
"42139099999","2022-11-06T09:00:00","4","29.0166666","77.7166667","222.0","MEERUT, IN","FM-12","99999","V020","160,1,N,0005,1","99999,9,9,N","002000,1,9,9","+0286,1","+0208,1","10138,1",,"0,1,02,1","0,1,02,1",,,,,,,,"9,9,999,9,-003,1","05,1","SYN05242139 31995 01601 10286 20208 40138 70500 333 59003=",
"42139099999","2022-11-06T12:00:00","4","29.0166666","77.7166667","222.0","MEERUT, IN","FM-12","99999","V020","999,9,C,0000,1","99999,9,9,N","002000,1,9,9","+0256,1","+0217,1","10135,1",,"0,1,02,1","0,1,02,1",,,,,,"240,M,+0291,1",,"9,9,999,9,-069,1","05,1","SYN05842139 31995 00000 10256 20217 40135 70500 333 10291 59069=",
"42139099999","2022-11-07T03:00:00","4","29.0166666","77.7166667","222.0","MEERUT, IN","FM-12","99999","V020","140,1,N,0010,1","22000,1,9,N","001000,1,9,9","+0208,1","+0199,1","10160,1",,"2,1,02,1","1,1,02,1","99,9,+99999,9,00,1",,,"9,AGL   ,+99999,+99999","04,99,1,00,1,99,9,99999,9,99,9,99,9","240,M,+0291,1","240,N,+0167,1","9,9,999,9,-017,1","10,1","SYN08042139 31994 41402 10208 20199 40160 71021 80001 333 10291 20167 59017 555 10160=","Q01    003SCCGA1"
"42139099999","2022-11-07T06:00:00","4","29.0166666","77.7166667","222.0","MEERUT, IN","FM-12","99999","V020","360,1,N,0005,1","22000,1,9,N","002000,1,9,9","+0272,1","+0202,1","10157,1",,"2,1,02,1","1,1,02,1","99,9,+99999,9,00,1",,,"9,AGL   ,+99999,+99999","03,99,1,00,1,99,9,99999,9,99,9,99,9",,,"9,9,999,9,-015,1","05,1","SYN05842139 31995 33601 10272 20202 40157 70521 80001 333 59015=","Q01    003SCCGA1"
"42139099999","2022-11-07T09:00:00","4","29.0166666","77.7166667","222.0","MEERUT, IN","FM-12","99999","V020","999,9,C,0000,1","99999,9,9,N","002000,1,9,9","+0294,1","+0214,1","10125,1",,"0,1,02,1","0,1,02,1",,,,,,,,"9,9,999,9,-011,1","05,1","SYN05242139 31995 00000 10294 20214 40125 70500 333 59011=",
"42139099999","2022-11-07T12:00:00","4","29.0166666","77.7166667","222.0","MEERUT, IN","FM-12","99999","V020","999,9,C,0000,1","22000,1,9,N","002000,1,9,9","+0262,1","+0227,1","10124,1",,"1,1,02,1","0,1,02,1","02,1,+99999,9,03,1",,,"9,AGL   ,+99999,+99999","02,99,1,02,1,99,9,99999,9,99,9,99,9","240,M,+0306,1",,"9,9,999,9,-010,1","05,1","SYN06442139 31995 20000 10262 20227 40124 70510 82030 333 10306 59010=",
"42139099999","2022-11-08T03:00:00","4","29.0166666","77.7166667","222.0","MEERUT, IN","FM-12","99999","V020","070,1,N,0015,1","00240,1,W,N","002000,1,9,9","+0184,1","+0181,1","10170,1",,"4,1,02,1","4,1,02,1","09,1,+99999,9,99,9",,,"9,AGL   ,+99999,+99999","09,99,1,09,1,99,9,99999,9,99,9,99,9","240,M,+0306,1","240,N,+0165,1","9,9,999,9,+008,1","45,1","SYN08042139 31995 90703 10184 20181 40170 74544 89/// 333 10306 20165 58008 555 10160=",
"42139099999","2022-11-08T06:00:00","4","29.0166666","77.7166667","222.0","MEERUT, IN","FM-12","99999","V020","050,1,N,0010,1","99999,9,9,N","002000,1,9,9","+0242,1","+0202,1","10169,1",,"4,1,02,1","0,1,02,1",,,,,,,,"9,9,999,9,+009,1","05,1","SYN05242139 31995 00502 10242 20202 40169 70540 333 58009=",
"42139099999","2022-11-08T09:00:00","4","29.0166666","77.7166667","222.0","MEERUT, IN","FM-12","99999","V020","999,9,C,0000,1","99999,9,9,N","002000,1,9,9","+0262,1","+0204,1","10144,1",,"0,1,02,1","0,1,02,1",,,,,,,,"9,9,999,9,+015,1","05,1","SYN05242139 31995 00000 10262 20204 40144 70500 333 58015=",
"42139099999","2022-11-08T12:00:00","4","29.0166666","77.7166667","222.0","MEERUT, IN","FM-12","99999","V020","999,9,C,0000,1","22000,1,9,N","002000,1,9,9","+0244,1","+0211,1","10132,1",,"1,1,02,1","0,1,02,1","03,1,+99999,9,03,1",,,"9,AGL   ,+99999,+99999","03,99,1,03,1,99,9,99999,9,99,9,99,9","240,M,+0266,1",,"9,9,999,9,+006,1","10,1","SYN06442139 31995 30000 10244 20211 40132 71010 83030 333 10266 58006=",
"42139099999","2022-11-09T03:00:00","4","29.0166666","77.7166667","222.0","MEERUT, IN","FM-12","99999","V020","999,9,C,0000,1","99999,9,9,N","001000,1,9,9","+0184,1","+0171,1","10171,1",,"2,1,02,1","2,1,02,1","06,1,+99999,9,03,1",,,"9,AGL   ,+99999,+99999","06,99,1,06,1,99,9,99999,9,99,9,99,9","240,M,+0266,1","240,N,+0161,1","9,9,999,9,+001,1","10,1","SYN08042139 31994 60000 10184 20171 40171 71022 86030 333 10266 20161 58001 555 10160=",
"42139099999","2022-11-09T06:00:00","4","29.0166666","77.7166667","222.0","MEERUT, IN","FM-12","99999","V020","180,1,N,0010,1","99999,9,9,N","002000,1,9,9","+0246,1","+0168,1","10169,1",,"2,1,02,1","1,1,02,1",,,,,,,,"9,9,999,9,+000,1","05,1","SYN05242139 31995 01802 10246 20168 40169 70521 333 58000=",
"42139099999","2022-11-09T09:00:00","4","29.0166666","77.7166667","222.0","MEERUT, IN","FM-12","99999","V020","999,9,C,0000,1","99999,9,9,N","002000,1,9,9","+0272,1","+0181,1","10139,1",,"0,1,02,1","0,1,02,1",,,,,,,,"9,9,999,9,-004,1","05,1","SYN05242139 31995 00000 10272 20181 40139 70500 333 59004=",
"42139099999","2022-11-09T12:00:00","4","29.0166666","77.7166667","222.0","MEERUT, IN","FM-12","99999","V020","999,9,C,0000,1","99999,9,9,N","002000,1,9,9","+0242,1","+0199,1","10136,1",,"0,1,02,1","0,1,02,1",,,,,,"240,M,+0280,1",,"9,9,999,9,+004,1","05,1","SYN05842139 31995 00000 10242 20199 40136 70500 333 10280 58004=",
"42139099999","2022-11-10T03:00:00","4","29.0166666","77.7166667","222.0","MEERUT, IN","FM-12","99999","V020","999,9,C,0000,1","99999,9,9,N","000050,1,9,9","+0166,1","+0163,1","10183,1",,"4,1,02,1","4,1,02,1","09,1,+99999,9,99,9",,,"9,AGL   ,+99999,+99999","99,99,9,09,1,99,9,99999,9,99,9,99,9","240,M,+0280,1","240,N,+0148,1","9,9,999,9,+010,1","45,1","SYN08042139 31191 00000 10166 20163 40183 74544 89/// 333 10280 20148 58010 555 10163=",
"42139099999","2022-11-10T06:00:00","4","29.0166666","77.7166667","222.0","MEERUT, IN","FM-12","99999","V020","999,9,C,0000,1","99999,9,9,N","002000,1,9,9","+0250,1","+0177,1","10175,1",,"0,1,02,1","0,1,02,1",,,,,,,,"9,9,999,9,+006,1","05,1","SYN05242139 31995 00000 10250 20177 40175 70500 333 58006=",
"42139099999","2022-11-10T09:00:00","4","29.0166666","77.7166667","222.0","MEERUT, IN","FM-12","99999","V020","999,9,C,0000,1","99999,9,9,N","002000,1,9,9","+0274,1","+0172,1","10147,1",,"0,1,02,1","0,1,02,1",,,,,,,,"9,9,999,9,+008,1","05,1","SYN05242139 31995 00000 10274 20172 40147 70500 333 58008=",
"42139099999","2022-11-10T12:00:00","4","29.0166666","77.7166667","222.0","MEERUT, IN","FM-12","99999","V020","999,9,C,0000,1","99999,9,9,N","002000,1,9,9","+0240,1","+0186,1","10143,1",,"0,1,02,1","0,1,02,1",,,,,,"240,M,+0282,1",,"9,9,999,9,+007,1","05,1","SYN05842139 31995 00000 10240 20186 40143 70500 333 10282 58007=",
"42139099999","2022-11-11T03:00:00","4","29.0166666","77.7166667","222.0","MEERUT, IN","FM-12","99999","V020","999,9,C,0000,1","99999,9,9,N","001000,1,9,9","+0176,1","+0141,1","10178,1",,"0,1,02,1","0,1,02,1",,,,,,"240,M,+0282,1","240,N,+0144,1","9,9,999,9,-004,1","10,1","SYN07442139 31994 00000 10176 20141 40178 71000 333 10282 20144 59004 555 10160=",
"42139099999","2022-11-11T06:00:00","4","29.0166666","77.7166667","222.0","MEERUT, IN","FM-12","99999","V020","320,1,N,0010,1","99999,9,9,N","002000,1,9,9","+0248,1","+0156,1","10175,1",,"0,1,02,1","0,1,02,1",,,,,,,,"9,9,999,9,+000,1","05,1","SYN05242139 31995 03202 10248 20156 40175 70500 333 58000=",
"42139099999","2022-11-11T09:00:00","4","29.0166666","77.7166667","222.0","MEERUT, IN","FM-12","99999","V020","230,1,N,0010,1","99999,9,9,N","002000,1,9,9","+0268,1","+0123,1","10152,1",,"0,1,02,1","0,1,02,1",,,,,,,,"9,9,999,9,+004,1","05,1","SYN05242139 31995 02302 10268 20123 40152 70500 333 58004=",
"42139099999","2022-11-11T12:00:00","4","29.0166666","77.7166667","222.0","MEERUT, IN","FM-12","99999","V020","999,9,C,0000,1","99999,9,9,N","002000,1,9,9","+0230,1","+0153,1","10145,1",,"0,1,02,1","0,1,02,1",,,,,,"240,M,+0276,1",,"9,9,999,9,+001,1","05,1","SYN05842139 31995 00000 10230 20153 40145 70500 333 10276 58001=",
"42139099999","2022-11-12T03:00:00","4","29.0166666","77.7166667","222.0","MEERUT, IN","FM-12","99999","V020","250,1,N,0015,1","99999,9,9,N","002000,1,9,9","+0174,1","+0107,1","10173,1",,"0,1,02,1","0,1,02,1",,,,,,"240,M,+0276,1","240,N,+0141,1","9,9,999,9,-005,1","05,1","SYN07442139 31995 02503 10174 20107 40173 70500 333 10276 20141 59005 555 10160=",
"42139099999","2022-11-12T06:00:00","4","29.0166666","77.7166667","222.0","MEERUT, IN","FM-12","99999","V020","270,1,N,0021,1","99999,9,9,N","002000,1,9,9","+0248,1","+0095,1","10169,1",,"0,1,02,1","0,1,02,1",,,,,,,,"9,9,999,9,-006,1","05,1","SYN05242139 31995 02704 10248 20095 40169 70500 333 59006=",
"42139099999","2022-11-12T09:00:00","4","29.0166666","77.7166667","222.0","MEERUT, IN","FM-12","99999","V020","270,1,N,0021,1","99999,9,9,N","002000,1,9,9","+0264,1","+0078,1","10142,1",,"0,1,02,1","0,1,02,1",,,,,,,,"9,9,999,9,-010,1","05,1","SYN05242139 31995 02704 10264 20078 40142 70500 333 59010=",
"42139099999","2022-11-12T12:00:00","4","29.0166666","77.7166667","222.0","MEERUT, IN","FM-12","99999","V020","999,9,C,0000,1","99999,9,9,N","002000,1,9,9","+0230,1","+0121,1","10138,1",,"0,1,02,1","0,1,02,1",,,,,,"240,M,+0276,1",,"9,9,999,9,-007,1","05,1","SYN05842139 31995 00000 10230 20121 40138 70500 333 10276 59007=",
"42139099999","2022-11-13T03:00:00","4","29.0166666","77.7166667","222.0","MEERUT, IN","FM-12","99999","V020","999,9,C,0000,1","99999,9,9,N","002000,1,9,9","+0162,1","+0104,1","10160,1",,"0,1,02,1","0,1,02,1",,,,,,"240,M,+0276,1","240,N,+0120,1","9,9,999,9,-014,1","05,1","SYN07442139 31995 00000 10162 20104 40160 70500 333 10276 20120 59014 555 10160=",
"42139099999","2022-11-13T06:00:00","4","29.0166666","77.7166667","222.0","MEERUT, IN","FM-12","99999","V020","250,1,N,0010,1","99999,9,9,N","002000,1,9,9","+0248,1","+0095,1","10153,1",,"0,1,02,1","0,1,02,1",,,,,,,,"9,9,999,9,-016,1","05,1","SYN05242139 31995 02502 10248 20095 40153 70500 333 59016=",
"42139099999","2022-11-13T09:00:00","4","29.0166666","77.7166667","222.0","MEERUT, IN","FM-12","99999","V020","320,1,N,0015,1","99999,9,9,N","002000,1,9,9","+0260,1","+0130,1","10129,1",,"0,1,02,1","0,1,02,1",,,,,,,,"9,9,999,9,-014,1","05,1","SYN05242139 31995 03203 10260 20130 40129 70500 333 59014=",
"42139099999","2022-11-13T12:00:00","4","29.0166666","77.7166667","222.0","MEERUT, IN","FM-12","99999","V020","999,9,C,0000,1","99999,9,9,N","002000,1,9,9","+0226,1","+0149,1","10127,1",,"2,1,02,1","1,1,02,1","02,1,+99999,9,03,1","99,9,+99999,9,00,1",,"9,AGL   ,+99999,+99999","06,99,1,02,1,99,9,99999,9,99,9,99,9","240,M,+0271,1",,"9,9,999,9,-011,1","05,1","SYN06442139 31995 60000 10226 20149 40127 70521 82031 333 10271 59011=",
"42139099999","2022-11-14T03:00:00","4","29.0166666","77.7166667","222.0","MEERUT, IN","FM-12","99999","V020","999,9,C,0000,1","22000,1,9,N","001000,1,9,9","+0156,1","+0131,1","10178,1",,"2,1,02,1","1,1,02,1","04,1,+99999,9,03,1",,,"9,AGL   ,+99999,+99999","04,99,1,04,1,99,9,99999,9,99,9,99,9","240,M,+0271,1","240,N,+0120,1","9,9,999,9,+017,1","10,1","SYN08042139 31994 40000 10156 20131 40178 71021 84030 333 10271 20120 58017 555 10160=",
"42139099999","2022-11-14T06:00:00","4","29.0166666","77.7166667","222.0","MEERUT, IN","FM-12","99999","V020","230,1,N,0010,1","99999,9,9,N","002000,1,9,9","+0250,1","+0117,1","10172,1",,"1,1,02,1","0,1,02,1",,,,,,,,"9,9,999,9,+019,1","05,1","SYN05242139 31995 02302 10250 20117 40172 70510 333 58019=",
"42139099999","2022-11-14T09:00:00","4","29.0166666","77.7166667","222.0","MEERUT, IN","FM-12","99999","V020","999,9,C,0000,1","99999,9,9,N","002000,1,9,9","+0270,1","+0117,1","10140,1",,"0,1,02,1","0,1,02,1",,,,,,,,"9,9,999,9,+012,1","05,1","SYN05242139 31995 00000 10270 20117 40140 70500 333 58012=",
"42139099999","2022-11-14T12:00:00","4","29.0166666","77.7166667","222.0","MEERUT, IN","FM-12","99999","V020","999,9,C,0000,1","99999,9,9,N","002000,1,9,9","+0232,1","+0160,1","10141,1",,"0,1,02,1","0,1,02,1",,,,,,"240,M,+0286,1",,"9,9,999,9,+015,1","05,1","SYN05842139 31995 00000 10232 20160 40141 70500 333 10286 58015=",
"42139099999","2022-11-15T03:00:00","4","29.0166666","77.7166667","222.0","MEERUT, IN","FM-12","99999","V020","999,9,C,0000,1","99999,9,9,N","002000,1,9,9","+0192,1","+0144,1","10166,1","24,0000,9,1","5,1,02,1","2,1,02,1","04,1,+99999,9,03,1","99,9,+99999,9,00,1",,"9,AGL   ,+99999,+99999","06,99,1,04,1,99,9,99999,9,99,9,99,9","240,M,+0286,1","240,N,+0156,1","9,9,999,9,-008,1","10,1","SYN08642139 21995 60000 10192 20144 40166 71052 84031 333 10286 20156 59008 6990/ 555 10160=","Q01  00002PRCP24"
"42139099999","2022-11-15T06:00:00","4","29.0166666","77.7166667","222.0","MEERUT, IN","FM-12","99999","V020","999,9,C,0000,1","99999,9,9,N","002000,1,9,9","+0260,1","+0147,1","10164,1",,"2,1,02,1","2,1,02,1","04,1,+99999,9,03,1","99,9,+99999,9,00,1",,"9,AGL   ,+99999,+99999","06,99,1,04,1,99,9,99999,9,99,9,99,9",,,"9,9,999,9,-007,1","05,1","SYN05842139 31995 60000 10260 20147 40164 70522 84031 333 59007=",
"42139099999","2022-11-15T09:00:00","4","29.0166666","77.7166667","222.0","MEERUT, IN","FM-12","99999","V020","999,9,C,0000,1","22000,1,9,N","002000,1,9,9","+0280,1","+0127,1","10135,1",,"2,1,02,1","2,1,02,1","04,1,+99999,9,03,1",,,"9,AGL   ,+99999,+99999","04,99,1,04,1,99,9,99999,9,99,9,99,9",,,"9,9,999,9,-004,1","05,1","SYN05842139 31995 40000 10280 20127 40135 70522 84030 333 59004=",
"42139099999","2022-11-15T12:00:00","4","29.0166666","77.7166667","222.0","MEERUT, IN","FM-12","99999","V020","999,9,C,0000,1","22000,1,9,N","002000,1,9,9","+0244,1","+0166,1","10131,1",,"2,1,02,1","1,1,02,1","03,1,+99999,9,03,1",,,"9,AGL   ,+99999,+99999","03,99,1,03,1,99,9,99999,9,99,9,99,9","240,M,+0288,1",,"9,9,999,9,-010,1","05,1","SYN06442139 31995 30000 10244 20166 40131 70521 83030 333 10288 59010=",
"42139099999","2022-11-16T03:00:00","4","29.0166666","77.7166667","222.0","MEERUT, IN","FM-12","99999","V020","999,9,C,0000,1","22000,1,9,N","002000,1,9,9","+0168,1","+0129,1","10155,1",,"2,1,02,1","1,1,02,1","04,1,+99999,1,03,1",,,"9,AGL   ,+99999,+99999","04,99,1,04,1,99,0,99999,9,99,1,99,1","240,M,+0288,1","240,N,+0150,1","9,0,999,0,-014,1","10,1","SYN08042139 31995 40000 10168 20129 40155 71021 84030 333 10288 20150 59014 555 10160=",
"42139099999","2022-11-16T06:00:00","4","29.0166666","77.7166667","222.0","MEERUT, IN","FM-12","99999","V020","320,1,N,0005,1","22000,1,9,N","002000,1,9,9","+0248,1","+0123,1","10150,1",,"1,1,02,1","0,1,02,1","99,9,+99999,9,00,1",,,"9,AGL   ,+99999,+99999","02,99,1,00,1,99,9,99999,9,99,9,99,9",,,"9,9,999,9,-015,1","05,1","SYN05842139 31995 23201 10248 20123 40150 70510 80001 333 59015=","Q01    003SCCGA1"
"42139099999","2022-11-16T09:00:00","4","29.0166666","77.7166667","222.0","MEERUT, IN","FM-12","99999","V020","320,1,N,0015,1","99999,9,9,N","002000,1,9,9","+0256,1","+0059,1","10124,1",,"0,1,02,1","0,1,02,1",,,,,,,,"9,9,999,9,-011,1","05,1","SYN05242139 31995 03203 10256 20059 40124 70500 333 59011=",
"42139099999","2022-11-16T12:00:00","4","29.0166666","77.7166667","222.0","MEERUT, IN","FM-12","99999","V020","999,9,C,0000,1","99999,9,9,N","002000,1,9,9","+0222,1","+0101,1","10127,1",,"0,1,02,1","0,1,02,1",,,,,,"240,M,+0271,1",,"9,9,999,9,-004,1","05,1","SYN05842139 31995 00000 10222 20101 40127 70500 333 10271 59004=",
"42139099999","2022-11-17T03:00:00","4","29.0166666","77.7166667","222.0","MEERUT, IN","FM-12","99999","V020","050,1,N,0005,1","99999,9,9,N","002000,1,9,9","+0160,1","+0112,1","10153,1",,"0,1,02,1","0,1,02,1",,,,,,"240,M,+0271,1","240,N,+0134,1","9,9,999,9,-003,1","05,1","SYN07442139 31995 00501 10160 20112 40153 70500 333 10271 20134 59003 555 10160=",
"42139099999","2022-11-17T06:00:00","4","29.0166666","77.7166667","222.0","MEERUT, IN","FM-12","99999","V020","320,1,N,0015,1","99999,9,9,N","002000,1,9,9","+0230,1","+0121,1","10147,1",,"0,1,02,1","0,1,02,1",,,,,,,,"9,9,999,9,-004,1","05,1","SYN05242139 31995 03203 10230 20121 40147 70500 333 59004=",
"42139099999","2022-11-17T09:00:00","4","29.0166666","77.7166667","222.0","MEERUT, IN","FM-12","99999","V020","320,1,N,0015,1","99999,9,9,N","002000,1,9,9","+0240,1","+0112,1","10123,1",,"0,1,02,1","0,1,02,1",,,,,,,,"9,9,999,9,-003,1","05,1","SYN05242139 31995 03203 10240 20112 40123 70500 333 59003=",
"42139099999","2022-11-17T12:00:00","4","29.0166666","77.7166667","222.0","MEERUT, IN","FM-12","99999","V020","999,9,C,0000,1","99999,9,9,N","002000,1,9,9","+0212,1","+0120,1","10126,1",,"0,1,02,1","0,1,02,1",,,,,,"240,M,+0251,1",,"9,9,999,9,-002,1","05,1","SYN05842139 31995 00000 10212 20120 40126 70500 333 10251 59002=",
"42139099999","2022-11-18T03:00:00","4","29.0166666","77.7166667","222.0","MEERUT, IN","FM-12","99999","V020","999,9,C,0000,1","99999,9,9,N","002000,1,9,9","+0160,1","+0103,1","10171,1",,"0,1,02,1","0,1,02,1",,,,,,"240,M,+0251,1","240,N,+0119,1","9,9,999,9,+018,1","05,1","SYN07442139 31995 00000 10160 20103 40171 70500 333 10251 20119 58018 555 10160=",
"42139099999","2022-11-18T06:00:00","4","29.0166666","77.7166667","222.0","MEERUT, IN","FM-12","99999","V020","999,9,C,0000,1","99999,9,9,N","002000,1,9,9","+0232,1","+0119,1","10164,1",,"0,1,02,1","0,1,02,1",,,,,,,,"9,9,999,9,+018,1","05,1","SYN05242139 31995 00000 10232 20119 40164 70500 333 58018=",
"42139099999","2022-11-18T09:00:00","4","29.0166666","77.7166667","222.0","MEERUT, IN","FM-12","99999","V020","270,1,N,0010,1","99999,9,9,N","002000,1,9,9","+0248,1","+0123,1","10138,1",,"0,1,02,1","0,1,02,1",,,,,,,,"9,9,999,9,+014,1","05,1","SYN05242139 31995 02702 10248 20123 40138 70500 333 58014=",
"42139099999","2022-11-18T12:00:00","4","29.0166666","77.7166667","222.0","MEERUT, IN","FM-12","99999","V020","999,9,C,0000,1","99999,9,9,N","002000,1,9,9","+0216,1","+0145,1","10137,1",,"0,1,02,1","0,1,02,1",,,,,,"240,M,+0260,1",,"9,9,999,9,+010,1","05,1","SYN05842139 31995 00000 10216 20145 40137 70500 333 10260 58010=",
"42139099999","2022-11-19T03:00:00","4","29.0166666","77.7166667","222.0","MEERUT, IN","FM-12","99999","V020","999,9,C,0000,1","99999,9,9,N","002000,1,9,9","+0138,1","+0123,1","10185,1",,"0,1,02,1","0,1,02,1",,,,,,"240,M,+0260,1","240,N,+0103,1","9,9,999,9,+013,1","10,1","SYN07442139 31995 00000 10138 20123 40185 71000 333 10260 20103 58013 555 10160=",
"42139099999","2022-11-19T06:00:00","4","29.0166666","77.7166667","222.0","MEERUT, IN","FM-12","99999","V020","999,9,C,0000,1","99999,9,9,N","002000,1,9,9","+0244,1","+0135,1","10177,1",,"0,1,02,1","0,1,02,1",,,,,,,,"9,9,999,9,+013,1","05,1","SYN05242139 31995 00000 10244 20135 40177 70500 333 58013=",
"42139099999","2022-11-19T09:00:00","4","29.0166666","77.7166667","222.0","MEERUT, IN","FM-12","99999","V020","999,9,C,0000,1","99999,9,9,N","002000,1,9,9","+0256,1","+0120,1","10143,1",,"0,1,02,1","0,1,02,1",,,,,,,,"9,9,999,9,+006,1","05,1","SYN05242139 31995 00000 10256 20120 40143 70500 333 58006=",
"42139099999","2022-11-19T12:00:00","4","29.0166666","77.7166667","222.0","MEERUT, IN","FM-12","99999","V020","999,9,C,0000,1","22000,1,9,N","002000,1,9,9","+0222,1","+0152,1","10137,1",,"0,1,02,1","0,1,02,1","99,9,+99999,9,00,1",,,"9,AGL   ,+99999,+99999","02,99,1,00,1,99,9,99999,9,99,9,99,9","240,M,+0270,1",,"9,9,999,9,+001,1","05,1","SYN06442139 31995 20000 10222 20152 40137 70500 80001 333 10270 58001=","Q01    003SCCGA1"
"42139099999","2022-11-20T03:00:00","4","29.0166666","77.7166667","222.0","MEERUT, IN","FM-12","99999","V020","999,9,C,0000,1","22000,1,9,N","002000,1,9,9","+0138,1","+0116,1","10165,1",,"0,1,02,1","0,1,02,1","99,9,+99999,9,00,1",,,"9,AGL   ,+99999,+99999","02,99,1,00,1,99,9,99999,9,99,9,99,9","240,M,+0270,1","240,N,+0107,1","9,9,999,9,-020,1","10,1","SYN08042139 31995 20000 10138 20116 40165 71000 80001 333 10270 20107 59020 555 10160=","Q01    003SCCGA1"
"42139099999","2022-11-20T06:00:00","4","29.0166666","77.7166667","222.0","MEERUT, IN","FM-12","99999","V020","270,1,N,0005,1","22000,1,9,N","002000,1,9,9","+0246,1","+0120,1","10155,1",,"2,1,02,1","1,1,02,1","99,9,+99999,9,00,1",,,"9,AGL   ,+99999,+99999","04,99,1,00,1,99,9,99999,9,99,9,99,9",,,"9,9,999,9,-022,1","05,1","SYN05842139 31995 42701 10246 20120 40155 70521 80001 333 59022=","Q01    003SCCGA1"
"42139099999","2022-11-20T09:00:00","4","29.0166666","77.7166667","222.0","MEERUT, IN","FM-12","99999","V020","270,1,N,0010,1","22000,1,9,N","002000,1,9,9","+0252,1","+0119,1","10124,1",,"2,1,02,1","1,1,02,1","99,9,+99999,9,00,1",,,"9,AGL   ,+99999,+99999","04,99,1,00,1,99,9,99999,9,99,9,99,9",,,"9,9,999,9,-017,1","05,1","SYN05842139 31995 42702 10252 20119 40124 70521 80001 333 59017=","Q01    003SCCGA1"
"42139099999","2022-11-20T12:00:00","4","29.0166666","77.7166667","222.0","MEERUT, IN","FM-12","99999","V020","999,9,C,0000,1","22000,1,9,N","002000,1,9,9","+0222,1","+0152,1","10122,1",,"2,1,02,1","0,1,02,1","99,9,+99999,9,00,1",,,"9,AGL   ,+99999,+99999","01,99,1,00,1,99,9,99999,9,99,9,99,9","240,M,+0265,1",,"9,9,999,9,-014,1","05,1","SYN06442139 31995 10000 10222 20152 40122 70520 80001 333 10265 59014=","Q01    003SCCGA1"
"42139099999","2022-11-21T03:00:00","4","29.0166666","77.7166667","222.0","MEERUT, IN","FM-12","99999","V020","999,9,C,0000,1","99999,9,9,N","002000,1,9,9","+0150,1","+0100,1","10150,1",,"0,1,02,1","0,1,02,1",,,,,,"240,M,+0265,1","240,N,+0111,1","9,9,999,9,-015,1","05,1","SYN07442139 31995 00000 10150 20100 40150 70500 333 10265 20111 59015 555 10160=",
"42139099999","2022-11-21T09:00:00","4","29.0166666","77.7166667","222.0","MEERUT, IN","FM-12","99999","V020","320,1,N,0010,1","22000,1,9,N","002000,1,9,9","+0260,1","+0087,1","10118,1",,"0,1,02,1","0,1,02,1","02,1,+99999,9,03,1",,,"9,AGL   ,+99999,+99999","02,99,1,02,1,99,9,99999,9,99,9,99,9",,,"9,9,999,9,-006,1","05,1","SYN05842139 31995 23202 10260 20087 40118 70500 82030 333 59006=",
"42139099999","2022-11-21T12:00:00","4","29.0166666","77.7166667","222.0","MEERUT, IN","FM-12","99999","V020","999,9,C,0000,1","22000,1,9,N","002000,1,9,9","+0222,1","+0136,1","10119,1",,"1,1,02,1","0,1,02,1","99,9,+99999,9,00,1",,,"9,AGL   ,+99999,+99999","03,99,1,00,1,99,9,99999,9,99,9,99,9","240,M,+0274,1",,"9,9,999,9,-003,1","05,1","SYN06442139 31995 30000 10222 20136 40119 70510 80001 333 10274 59003=","Q01    003SCCGA1"
"42139099999","2022-11-22T03:00:00","4","29.0166666","77.7166667","222.0","MEERUT, IN","FM-12","99999","V020","230,1,N,0005,1","99999,9,9,N","002000,1,9,9","+0154,1","+0088,1","10147,1",,"0,1,02,1","0,1,02,1",,,,,,"240,M,+0274,1","240,N,+0116,1","9,9,999,9,-002,1","05,1","SYN07442139 31995 02301 10154 20088 40147 70500 333 10274 20116 59002 555 10160=",
"42139099999","2022-11-22T06:00:00","4","29.0166666","77.7166667","222.0","MEERUT, IN","FM-12","99999","V020","320,1,N,0015,1","99999,9,9,N","002000,1,9,9","+0236,1","+0097,1","10143,1",,"0,1,02,1","0,1,02,1",,,,,,,,"9,9,999,9,+002,1","05,1","SYN05242139 31995 03203 10236 20097 40143 70500 333 58002=",
"42139099999","2022-11-22T09:00:00","4","29.0166666","77.7166667","222.0","MEERUT, IN","FM-12","99999","V020","320,1,N,0005,1","99999,9,9,N","002000,1,9,9","+0250,1","+0072,1","10118,1",,"0,1,02,1","0,1,02,1",,,,,,,,"9,9,999,9,-001,1","05,1","SYN05242139 31995 03201 10250 20072 40118 70500 333 59001=",
"42139099999","2022-11-22T12:00:00","4","29.0166666","77.7166667","222.0","MEERUT, IN","FM-12","99999","V020","999,9,C,0000,1","99999,9,9,N","002000,1,9,9","+0214,1","+0126,1","10119,1",,"0,1,02,1","0,1,02,1",,,,,,"240,M,+0262,1",,"9,9,999,9,-001,1","05,1","SYN05842139 31995 00000 10214 20126 40119 70500 333 10262 59001=",
"42139099999","2022-11-23T03:00:00","4","29.0166666","77.7166667","222.0","MEERUT, IN","FM-12","99999","V020","999,9,C,0000,1","99999,9,9,N","002000,1,9,9","+0146,1","+0078,1","10152,1",,"0,1,02,1","0,1,02,1",,,,,,"240,M,+0262,1","240,N,+0102,1","9,9,999,9,+004,1","05,1","SYN07442139 31995 00000 10146 20078 40152 70500 333 10262 20102 58004 555 10160=",
"42139099999","2022-11-23T06:00:00","4","29.0166666","77.7166667","222.0","MEERUT, IN","FM-12","99999","V020","320,1,N,0015,1","99999,9,9,N","002000,1,9,9","+0228,1","+0095,1","10146,1",,"0,1,02,1","0,1,02,1",,,,,,,,"9,9,999,9,+002,1","05,1","SYN05242139 31995 03203 10228 20095 40146 70500 333 58002=",
"42139099999","2022-11-23T09:00:00","4","29.0166666","77.7166667","222.0","MEERUT, IN","FM-12","99999","V020","250,1,N,0015,1","99999,9,9,N","002000,1,9,9","+0250,1","+0060,1","10120,1",,"0,1,02,1","0,1,02,1",,,,,,,,"9,9,999,9,+002,1","05,1","SYN05242139 31995 02503 10250 20060 40120 70500 333 58002=",
"42139099999","2022-11-23T12:00:00","4","29.0166666","77.7166667","222.0","MEERUT, IN","FM-12","99999","V020","999,9,C,0000,1","99999,9,9,N","002000,1,9,9","+0214,1","+0118,1","10123,1",,"0,1,02,1","0,1,02,1",,,,,,"240,M,+0258,1",,"9,9,999,9,+004,1","05,1","SYN05842139 31995 00000 10214 20118 40123 70500 333 10258 58004=",
"42139099999","2022-11-24T03:00:00","4","29.0166666","77.7166667","222.0","MEERUT, IN","FM-12","99999","V020","340,1,N,0010,1","99999,9,9,N","002000,1,9,9","+0144,1","+0075,1","10148,1",,"0,1,02,1","0,1,02,1",,,,,,"240,M,+0258,1","240,N,+0111,1","9,9,999,9,-004,1","05,1","SYN07442139 31995 03402 10144 20075 40148 70500 333 10258 20111 59004 555 10160=",
"42139099999","2022-11-24T06:00:00","4","29.0166666","77.7166667","222.0","MEERUT, IN","FM-12","99999","V020","270,1,N,0015,1","99999,9,9,N","002000,1,9,9","+0228,1","+0095,1","10141,1",,"0,1,02,1","0,1,02,1",,,,,,,,"9,9,999,9,-005,1","05,1","SYN05242139 31995 02703 10228 20095 40141 70500 333 59005=",
"42139099999","2022-11-24T09:00:00","4","29.0166666","77.7166667","222.0","MEERUT, IN","FM-12","99999","V020","140,1,N,0010,1","99999,9,9,N","002000,1,9,9","+0254,1","+0083,1","10120,1",,"0,1,02,1","0,1,02,1",,,,,,,,"9,9,999,9,-001,1","05,1","SYN05242139 31995 01402 10254 20083 40120 70500 333 59001=",
"42139099999","2022-11-24T12:00:00","4","29.0166666","77.7166667","222.0","MEERUT, IN","FM-12","99999","V020","999,9,C,0000,1","99999,9,9,N","002000,1,9,9","+0220,1","+0129,1","10123,1",,"0,1,02,1","0,1,02,1",,,,,,"240,M,+0260,1",,"9,9,999,9,+000,1","05,1","SYN05842139 31995 00000 10220 20129 40123 70500 333 10260 58000=",
"42139099999","2022-11-25T03:00:00","4","29.0166666","77.7166667","222.0","MEERUT, IN","FM-12","99999","V020","999,9,C,0000,1","99999,9,9,N","001000,1,9,9","+0114,1","+0098,1","10186,1",,"0,1,02,1","0,1,02,1",,,,,,"240,M,+0260,1","240,N,+0095,1","9,9,999,9,+036,1","10,1","SYN07442139 31994 00000 10114 20098 40186 71000 333 10260 20095 58036 555 10160=",
"42139099999","2022-11-25T06:00:00","4","29.0166666","77.7166667","222.0","MEERUT, IN","FM-12","99999","V020","140,1,N,0010,1","99999,9,9,N","002000,1,9,9","+0242,2","+0124,1","10175,1",,"0,1,02,1","0,1,02,1",,,,,,,,"9,9,999,9,+035,1","05,1","SYN05242139 31995 01402 10242 20124 40175 70500 333 58035=",
"42139099999","2022-11-25T09:00:00","4","29.0166666","77.7166667","222.0","MEERUT, IN","FM-12","99999","V020","999,9,C,0000,1","99999,9,9,N","002000,1,9,9","+0252,1","+0119,1","10148,1",,"0,1,02,1","0,1,02,1",,,,,,,,"9,9,999,9,+026,1","05,1","SYN05242139 31995 00000 10252 20119 40148 70500 333 58026=",
"42139099999","2022-11-25T12:00:00","4","29.0166666","77.7166667","222.0","MEERUT, IN","FM-12","99999","V020","999,9,C,0000,1","22000,1,9,N","002000,1,9,9","+0214,1","+0161,1","10145,1",,"0,1,02,1","0,1,02,1","01,1,+07500,1,00,1",,,"9,AGL   ,+99999,+99999","01,99,1,01,1,99,9,07500,1,99,9,99,9","240,M,+0264,1",,"9,9,999,9,+021,1","05,1","SYN07042139 31995 10000 10214 20161 40145 70500 80001 333 10264 58021 81075=",
"42139099999","2022-11-26T03:00:00","4","29.0166666","77.7166667","222.0","MEERUT, IN","FM-12","99999","V020","999,9,C,0000,1","99999,9,9,N","002000,1,9,9","+0150,1","+0092,1","10150,1",,"0,1,02,1","0,1,02,1",,,,,,"240,M,+0264,1","240,N,+0119,1","9,9,999,9,-034,1","05,1","SYN07442139 31995 00000 10150 20092 40150 70500 333 10264 20119 59034 555 10160=",
"42139099999","2022-11-26T06:00:00","4","29.0166666","77.7166667","222.0","MEERUT, IN","FM-12","99999","V020","320,1,N,0005,1","99999,9,9,N","002000,1,9,9","+0242,1","+0105,1","10140,1",,"0,1,02,1","0,1,02,1",,,,,,,,"9,9,999,9,-035,1","05,1","SYN05242139 31995 03201 10242 20105 40140 70500 333 59035=",
"42139099999","2022-11-26T09:00:00","4","29.0166666","77.7166667","222.0","MEERUT, IN","FM-12","99999","V020","999,9,C,0000,1","99999,9,9,N","002000,1,9,9","+0270,1","+0112,1","10116,1",,"0,1,02,1","0,1,02,1",,,,,,,,"9,9,999,9,-030,1","05,1","SYN05242139 31995 00000 10270 20112 40116 70500 333 59030=",
"42139099999","2022-11-26T12:00:00","4","29.0166666","77.7166667","222.0","MEERUT, IN","FM-12","99999","V020","999,9,C,0000,1","22000,1,9,N","002000,1,9,9","+0220,1","+0121,1","10107,1",,"0,1,02,1","0,1,02,1","02,1,+07500,1,00,1",,,"9,AGL   ,+99999,+99999","02,99,1,02,1,99,9,07500,1,99,9,99,9","240,M,+0270,1",,"9,9,999,9,-037,1","05,1","SYN07042139 31995 20000 10220 20121 40107 70500 80001 333 10270 59037 82075=",
"42139099999","2022-11-27T03:00:00","4","29.0166666","77.7166667","222.0","MEERUT, IN","FM-12","99999","V020","999,9,C,0000,1","99999,9,9,N","002000,1,9,9","+0128,1","+0105,1","10130,1",,"0,1,02,1","0,1,02,1",,,,,,"240,M,+0270,1","240,N,+0101,1","9,9,999,9,-020,1","05,1","SYN07442139 31995 00000 10128 20105 40130 70500 333 10270 20101 59020 555 10160=",
"42139099999","2022-11-27T06:00:00","4","29.0166666","77.7166667","222.0","MEERUT, IN","FM-12","99999","V020","320,1,N,0010,1","99999,9,9,N","004000,1,9,9","+0246,2","+0116,1","10120,1",,"0,1,02,1","0,1,02,1",,,,,,,,"9,9,999,9,-019,1","05,1","SYN05242139 31996 03202 10246 20116 40120 70500 333 59019=",
"42139099999","2022-11-27T09:00:00","4","29.0166666","77.7166667","222.0","MEERUT, IN","FM-12","99999","V020","999,9,C,0000,1","99999,9,9,N","004000,1,9,9","+0260,1","+0107,1","10101,1",,"0,1,02,1","0,1,02,1",,,,,,,,"9,9,999,9,-016,1","05,1","SYN05242139 31996 00000 10260 20107 40101 70500 333 59016=",
"42139099999","2022-11-27T12:00:00","4","29.0166666","77.7166667","222.0","MEERUT, IN","FM-12","99999","V020","999,9,C,0000,1","99999,9,9,N","002000,1,9,9","+0210,1","+0181,1","10095,1",,"0,1,02,1","0,1,02,1",,,,,,"240,M,+0274,1",,"9,9,999,9,-013,1","05,1","SYN05842139 31995 00000 10210 20181 40095 70500 333 10274 59013=",
"42139099999","2022-11-28T03:00:00","4","29.0166666","77.7166667","222.0","MEERUT, IN","FM-12","99999","V020","999,9,C,0000,1","99999,9,9,N","001000,1,9,9","+0108,1","+0100,1","10143,1",,"0,1,02,1","0,1,02,1",,,,,,"240,M,+0274,1","240,N,+0082,1","9,9,999,9,+010,1","10,1","SYN07442139 31994 00000 10108 20100 40143 71000 333 10274 20082 58010 555 10160=",
"42139099999","2022-11-28T06:00:00","4","29.0166666","77.7166667","222.0","MEERUT, IN","FM-12","99999","V020","999,9,C,0000,1","99999,9,9,N","002000,1,9,9","+0228,2","+0091,1","10139,1",,"0,1,02,1","0,1,02,1",,,,,,,,"9,9,999,9,+017,1","05,1","SYN05242139 31995 00000 10228 20091 40139 70500 333 58017=",
"42139099999","2022-11-28T09:00:00","4","29.0166666","77.7166667","222.0","MEERUT, IN","FM-12","99999","V020","999,9,C,0000,1","99999,9,9,N","002000,1,9,9","+0256,1","+0097,1","10118,1",,"0,1,02,1","0,1,02,1",,,,,,,,"9,9,999,9,+018,1","05,1","SYN05242139 31995 00000 10256 20097 40118 70500 333 58018=",
"42139099999","2022-11-28T12:00:00","4","29.0166666","77.7166667","222.0","MEERUT, IN","FM-12","99999","V020","999,9,C,0000,1","99999,9,9,N","002000,1,9,9","+0204,1","+0130,1","10119,1",,"0,1,02,1","0,1,02,1",,,,,,"240,M,+0276,1",,"9,9,999,9,+024,1","05,1","SYN05842139 31995 00000 10204 20130 40119 70500 333 10276 58024=",
"42139099999","2022-11-29T03:00:00","4","29.0166666","77.7166667","222.0","MEERUT, IN","FM-12","99999","V020","999,9,C,0000,1","99999,9,9,N","001000,1,9,9","+0114,1","+0106,1","10167,1",,"0,1,02,1","0,1,02,1",,,,,,"240,M,+0276,1","240,N,+0095,1","9,9,999,9,+025,1","10,1","SYN07442139 31994 00000 10114 20106 40167 71000 333 10276 20095 58025 555 10160=",
"42139099999","2022-11-29T06:00:00","4","29.0166666","77.7166667","222.0","MEERUT, IN","FM-12","99999","V020","999,9,C,0000,1","99999,9,9,N","002000,1,9,9","+0226,2","+0141,1","10161,1",,"0,1,02,1","0,1,02,1",,,,,,,,"9,9,999,9,+022,1","05,1","SYN05242139 31995 00000 10226 20141 40161 70500 333 58022=",
"42139099999","2022-11-29T09:00:00","4","29.0166666","77.7166667","222.0","MEERUT, IN","FM-12","99999","V020","999,9,C,0000,1","99999,9,9,N","002000,1,9,9","+0250,1","+0146,1","10136,1",,"0,1,02,1","0,1,02,1",,,,,,,,"9,9,999,9,+015,1","05,1","SYN05242139 31995 00000 10250 20146 40136 70500 333 58015=",
"42139099999","2022-11-29T12:00:00","4","29.0166666","77.7166667","222.0","MEERUT, IN","FM-12","99999","V020","999,9,C,0000,1","99999,9,9,N","002000,1,9,9","+0210,1","+0157,1","10135,1",,"2,1,02,1","1,1,02,1","99,9,+99999,9,00,1",,,"9,AGL   ,+99999,+99999","05,99,1,00,1,99,9,99999,9,99,9,99,9","240,M,+0271,1",,"9,9,999,9,+015,1","05,1","SYN06442139 31995 50000 10210 20157 40135 70521 80001 333 10271 58015=","Q01    003SCCGA1"
"42139099999","2022-11-30T03:00:00","4","29.0166666","77.7166667","222.0","MEERUT, IN","FM-12","99999","V020","999,9,C,0000,1","99999,9,9,N","001000,1,9,9","+0124,1","+0109,1","10177,1",,"0,1,02,1","0,1,02,1",,,,,,"240,M,+0271,1","240,N,+0104,1","9,9,999,9,+011,1","10,1","SYN07442139 31994 00000 10124 20109 40177 71000 333 10271 20104 58011 555 10160=",
"42139099999","2022-11-30T06:00:00","4","29.0166666","77.7166667","222.0","MEERUT, IN","FM-12","99999","V020","050,1,N,0010,1","99999,9,9,N","002000,1,9,9","+0226,1","+0133,1","10175,1",,"0,1,02,1","0,1,02,1",,,,,,,,"9,9,999,9,+014,1","05,1","SYN05242139 31995 00502 10226 20133 40175 70500 333 58014=",
"42139099999","2022-11-30T09:00:00","4","29.0166666","77.7166667","222.0","MEERUT, IN","FM-12","99999","V020","999,9,C,0000,1","99999,9,9,N","002000,1,9,9","+0250,1","+0130,1","10147,1",,"0,1,02,1","0,1,02,1",,,,,,,,"9,9,999,9,+011,1","05,1","SYN05242139 31995 00000 10250 20130 40147 70500 333 58011=",
"42139099999","2022-11-30T12:00:00","4","29.0166666","77.7166667","222.0","MEERUT, IN","FM-12","99999","V020","999,9,C,0000,1","99999,9,9,N","002000,1,9,9","+0210,1","+0138,1","10145,1",,"0,1,02,1","0,1,02,1",,,,,,"240,M,+0262,1",,"9,9,999,9,+010,1","05,1","SYN05842139 31995 00000 10210 20138 40145 70500 333 10262 58010=",
"42139099999","2022-12-01T03:00:00","4","29.0166666","77.7166667","222.0","MEERUT, IN","FM-12","99999","V020","999,9,C,0000,1","99999,9,9,N","002000,1,9,9","+0120,1","+0105,1","10166,1",,"0,1,02,1","0,1,02,1",,,,,,"240,M,+0262,1","240,N,+0100,1","9,9,999,9,-012,1","10,1","SYN07442139 31995 00000 10120 20105 40166 71000 333 10262 20100 59012 555 10160=",
"42139099999","2022-12-01T06:00:00","4","29.0166666","77.7166667","222.0","MEERUT, IN","FM-12","99999","V020","999,9,C,0000,1","99999,9,9,N","002000,1,9,9","+0226,1","+0120,1","10155,1",,"0,1,02,1","0,1,02,1",,,,,,,,"9,9,999,9,-020,1","05,1","SYN05242139 31995 00000 10226 20120 40155 70500 333 59020=",
"42139099999","2022-12-01T09:00:00","4","29.0166666","77.7166667","222.0","MEERUT, IN","FM-12","99999","V020","999,9,C,0000,1","99999,9,9,N","002000,1,9,9","+0246,1","+0116,1","10125,1",,"0,1,02,1","0,1,02,1",,,,,,,,"9,9,999,9,-022,1","05,1","SYN05242139 31995 00000 10246 20116 40125 70500 333 59022=",
"42139099999","2022-12-01T12:00:00","4","29.0166666","77.7166667","222.0","MEERUT, IN","FM-12","99999","V020","999,9,C,0000,1","99999,9,9,N","002000,1,9,9","+0208,1","+0143,1","10125,1",,"0,1,02,1","0,1,02,1",,,,,,"240,M,+0274,1",,"9,9,999,9,-020,1","05,1","SYN05842139 31995 00000 10208 20143 40125 70500 333 10274 59020=",
"42139099999","2022-12-02T03:00:00","4","29.0166666","77.7166667","222.0","MEERUT, IN","FM-12","99999","V020","999,9,C,0000,1","99999,9,9,N","001000,1,9,9","+0116,1","+0108,1","10162,1",,"0,1,02,1","0,1,02,1",,,,,,"240,M,+0274,1","240,N,+0096,1","9,9,999,9,-004,1","10,1","SYN07442139 31994 00000 10116 20108 40162 71000 333 10274 20096 59004 555 10160=",
"42139099999","2022-12-02T06:00:00","4","29.0166666","77.7166667","222.0","MEERUT, IN","FM-12","99999","V020","230,1,N,0010,1","99999,9,9,N","002000,1,9,9","+0220,1","+0125,1","10151,1",,"0,1,02,1","0,1,02,1",,,,,,,,"9,9,999,9,-005,1","05,1","SYN05242139 31995 02302 10220 20125 40151 70500 333 59005=",
"42139099999","2022-12-02T09:00:00","4","29.0166666","77.7166667","222.0","MEERUT, IN","FM-12","99999","V020","999,9,C,0000,1","22000,1,9,N","002000,1,9,9","+0246,1","+0120,1","10121,1",,"0,1,02,1","0,1,02,1","99,9,+99999,9,00,1",,,"9,AGL   ,+99999,+99999","03,99,1,00,1,99,9,99999,9,99,9,99,9",,,"9,9,999,9,-002,1","05,1","SYN05842139 31995 30000 10246 20120 40121 70500 80001 333 59002=","Q01    003SCCGA1"
"42139099999","2022-12-02T12:00:00","4","29.0166666","77.7166667","222.0","MEERUT, IN","FM-12","99999","V020","999,9,C,0000,1","99999,9,9,N","002000,1,9,9","+0204,1","+0164,1","10122,1",,"2,1,02,1","1,1,02,1","99,9,+99999,9,00,1",,,"9,AGL   ,+99999,+99999","05,99,1,00,1,99,9,99999,9,99,9,99,9","240,M,+0254,1",,"9,9,999,9,-003,1","05,1","SYN06442139 31995 50000 10204 20164 40122 70521 80001 333 10254 59003=","Q01    003SCCGA1"
"42139099999","2022-12-03T03:00:00","4","29.0166666","77.7166667","222.0","MEERUT, IN","FM-12","99999","V020","999,9,C,0000,1","99999,9,9,N","001000,1,9,9","+0112,1","+0104,1","10167,1",,"0,1,02,1","0,1,02,1",,,,,,"240,M,+0254,1","240,N,+0098,1","9,9,999,9,+005,1","10,1","SYN07442139 31994 00000 10112 20104 40167 71000 333 10254 20098 58005 555 10160=",
"42139099999","2022-12-03T06:00:00","4","29.0166666","77.7166667","222.0","MEERUT, IN","FM-12","99999","V020","230,1,N,0010,1","99999,9,9,N","002000,1,9,9","+0216,1","+0132,1","10161,1",,"0,1,02,1","0,1,02,1",,,,,,,,"9,9,999,9,+010,1","05,1","SYN05242139 31995 02302 10216 20132 40161 70500 333 58010=",
"42139099999","2022-12-03T09:00:00","4","29.0166666","77.7166667","222.0","MEERUT, IN","FM-12","99999","V020","999,9,C,0000,1","99999,9,9,N","002000,1,9,9","+0240,1","+0134,1","10135,1",,"0,1,02,1","0,1,02,1",,,,,,,,"9,9,999,9,+012,1","05,1","SYN05242139 31995 00000 10240 20134 40135 70500 333 58012=",
"42139099999","2022-12-03T12:00:00","4","29.0166666","77.7166667","222.0","MEERUT, IN","FM-12","99999","V020","999,9,C,0000,1","99999,9,9,N","002000,1,9,9","+0200,1","+0164,1","10133,1",,"0,1,02,1","0,1,02,1",,,,,,"240,M,+0256,1",,"9,9,999,9,+010,1","10,1","SYN05842139 31995 00000 10200 20164 40133 71000 333 10256 58010=",
"42139099999","2022-12-04T03:00:00","4","29.0166666","77.7166667","222.0","MEERUT, IN","FM-12","99999","V020","999,9,C,0000,1","99999,9,9,N","000500,1,9,9","+0120,1","+0112,1","10169,1",,"4,1,02,1","4,1,02,1",,,,,,"240,M,+0256,1","240,N,+0102,1","9,9,999,9,+002,1","42,1","SYN07442139 31993 00000 10120 20112 40169 74244 333 10256 20102 58002 555 10160=",
"42139099999","2022-12-04T06:00:00","4","29.0166666","77.7166667","222.0","MEERUT, IN","FM-12","99999","V020","999,9,C,0000,1","99999,9,9,N","002000,1,9,9","+0206,1","+0129,1","10166,1",,"4,1,02,1","0,1,02,1",,,,,,,,"9,9,999,9,+004,1","05,1","SYN05242139 31995 00000 10206 20129 40166 70540 333 58004=",
"42139099999","2022-12-04T09:00:00","4","29.0166666","77.7166667","222.0","MEERUT, IN","FM-12","99999","V020","999,9,C,0000,1","99999,9,9,N","002000,1,9,9","+0246,1","+0120,1","10132,1",,"0,1,02,1","0,1,02,1",,,,,,,,"9,9,999,9,-003,1","05,1","SYN05242139 31995 00000 10246 20120 40132 70500 333 59003=",
"42139099999","2022-12-04T12:00:00","4","29.0166666","77.7166667","222.0","MEERUT, IN","FM-12","99999","V020","999,9,C,0000,1","99999,9,9,N","002000,1,9,9","+0200,1","+0149,1","10132,1",,"0,1,02,1","0,1,02,1",,,,,,"240,M,+0250,1",,"9,9,999,9,-001,1","05,1","SYN05842139 31995 00000 10200 20149 40132 70500 333 10250 59001=",
"42139099999","2022-12-05T03:00:00","4","29.0166666","77.7166667","222.0","MEERUT, IN","FM-12","99999","V020","999,9,C,0000,1","99999,9,9,N","001000,1,9,9","+0108,1","+0100,1","10189,1",,"0,1,02,1","0,1,02,1",,,,,,"240,M,+0250,1","240,N,+0090,1","9,9,999,9,+019,1","10,1","SYN07442139 31994 00000 10108 20100 40189 71000 333 10250 20090 58019 555 10160=",
"42139099999","2022-12-05T06:00:00","4","29.0166666","77.7166667","222.0","MEERUT, IN","FM-12","99999","V020","290,1,N,0010,1","99999,9,9,N","002000,1,9,9","+0230,2","+0112,1","10186,1",,"0,1,02,1","0,1,02,1",,,,,,,,"9,9,999,9,+022,1","05,1","SYN05242139 31995 02902 10230 20112 40186 70500 333 58022=",
"42139099999","2022-12-05T09:00:00","4","29.0166666","77.7166667","222.0","MEERUT, IN","FM-12","99999","V020","340,1,N,0010,1","99999,9,9,N","002000,1,9,9","+0238,1","+0109,1","10158,1",,"0,1,02,1","0,1,02,1",,,,,,,,"9,9,999,9,+026,1","05,1","SYN05242139 31995 03402 10238 20109 40158 70500 333 58026=",
"42139099999","2022-12-05T12:00:00","4","29.0166666","77.7166667","222.0","MEERUT, IN","FM-12","99999","V020","999,9,C,0000,1","99999,9,9,N","002000,1,9,9","+0196,1","+0133,1","10157,1",,"0,1,02,1","0,1,02,1",,,,,,"240,M,+0248,1",,"9,9,999,9,+025,1","05,1","SYN05842139 31995 00000 10196 20133 40157 70500 333 10248 58025=",
"42139099999","2022-12-06T03:00:00","4","29.0166666","77.7166667","222.0","MEERUT, IN","FM-12","99999","V020","999,9,C,0000,1","99999,9,9,N","001000,1,9,9","+0134,1","+0103,1","10170,1",,"0,1,02,1","0,1,02,1",,,,,,"240,M,+0248,1","240,N,+0116,1","9,9,999,9,-016,1","10,1","SYN07442139 31994 00000 10134 20103 40170 71000 333 10248 20116 59016 555 10160=",
"42139099999","2022-12-06T06:00:00","4","29.0166666","77.7166667","222.0","MEERUT, IN","FM-12","99999","V020","230,1,N,0015,1","99999,9,9,N","002000,1,9,9","+0200,1","+0100,1","10169,1",,"0,1,02,1","0,1,02,1",,,,,,,,"9,9,999,9,-020,1","05,1","SYN05242139 31995 02303 10200 20100 40169 70500 333 59020=",
"42139099999","2022-12-06T09:00:00","4","29.0166666","77.7166667","222.0","MEERUT, IN","FM-12","99999","V020","270,1,N,0015,1","99999,9,9,N","002000,1,9,9","+0232,1","+0071,1","10135,1",,"0,1,02,1","0,1,02,1",,,,,,,,"9,9,999,9,-023,1","05,1","SYN05242139 31995 02703 10232 20071 40135 70500 333 59023=",
"42139099999","2022-12-06T12:00:00","4","29.0166666","77.7166667","222.0","MEERUT, IN","FM-12","99999","V020","999,9,C,0000,1","99999,9,9,N","002000,1,9,9","+0200,1","+0100,1","10134,1",,"0,1,02,1","0,1,02,1",,,,,,"240,M,+0235,1",,"9,9,999,9,-023,1","05,1","SYN05842139 31995 00000 10200 20100 40134 70500 333 10235 59023=",
"42139099999","2022-12-07T03:00:00","4","29.0166666","77.7166667","222.0","MEERUT, IN","FM-12","99999","V020","230,1,N,0010,1","99999,9,9,N","002000,1,9,9","+0130,1","+0095,1","10164,1",,"0,1,02,1","0,1,02,1",,,,,,"240,M,+0235,1","240,N,+0114,1","9,9,999,9,-007,1","10,1","SYN07442139 31995 02302 10130 20095 40164 71000 333 10235 20114 59007 555 10160=",
"42139099999","2022-12-07T06:00:00","4","29.0166666","77.7166667","222.0","MEERUT, IN","FM-12","99999","V020","230,1,N,0010,1","99999,9,9,N","002000,1,9,9","+0210,1","+0108,1","10159,1",,"0,1,02,1","0,1,02,1",,,,,,,,"9,9,999,9,-009,1","05,1","SYN05242139 31995 02302 10210 20108 40159 70500 333 59009=",
"42139099999","2022-12-07T09:00:00","4","29.0166666","77.7166667","222.0","MEERUT, IN","FM-12","99999","V020","320,1,N,0021,1","99999,9,9,N","002000,1,9,9","+0234,1","+0057,1","10129,1",,"0,1,02,1","0,1,02,1",,,,,,,,"9,9,999,9,-006,1","05,1","SYN05242139 31995 03204 10234 20057 40129 70500 333 59006=",
"42139099999","2022-12-07T12:00:00","4","29.0166666","77.7166667","222.0","MEERUT, IN","FM-12","99999","V020","999,9,C,0000,1","99999,9,9,N","002000,1,9,9","+0202,1","+0073,1","10123,1",,"0,1,02,1","0,1,02,1",,,,,,"240,M,+0235,1",,"9,9,999,9,-009,1","05,1","SYN05842139 31995 00000 10202 20073 40123 70500 333 10235 59009=",
"42139099999","2022-12-08T03:00:00","4","29.0166666","77.7166667","222.0","MEERUT, IN","FM-12","99999","V020","230,1,N,0005,1","99999,9,9,N","001000,1,9,9","+0118,1","+0102,1","10180,1",,"0,1,02,1","0,1,02,1",,,,,,"240,M,+0235,1","240,N,+0103,1","9,9,999,9,+015,1","10,1","SYN07442139 31994 02301 10118 20102 40180 71000 333 10235 20103 58015 555 10160=",
"42139099999","2022-12-08T06:00:00","4","29.0166666","77.7166667","222.0","MEERUT, IN","FM-12","99999","V020","270,1,N,0010,1","99999,9,9,N","002000,1,9,9","+0182,1","+0108,1","10178,1",,"0,1,02,1","0,1,02,1",,,,,,,,"9,9,999,9,+017,1","05,1","SYN05242139 31995 02702 10182 20108 40178 70500 333 58017=",
"42139099999","2022-12-08T09:00:00","4","29.0166666","77.7166667","222.0","MEERUT, IN","FM-12","99999","V020","160,1,N,0010,1","99999,9,9,N","002000,1,9,9","+0220,1","+0099,1","10151,1",,"0,1,02,1","0,1,02,1",,,,,,,,"9,9,999,9,+020,1","05,1","SYN05242139 31995 01602 10220 20099 40151 70500 333 58020=",
"42139099999","2022-12-08T12:00:00","4","29.0166666","77.7166667","222.0","MEERUT, IN","FM-12","99999","V020","999,9,C,0000,1","99999,9,9,N","002000,1,9,9","+0190,1","+0122,1","10138,1",,"0,1,02,1","0,1,02,1",,,,,,"240,M,+0220,1",,"9,9,999,9,+012,1","05,1","SYN05842139 31995 00000 10190 20122 40138 70500 333 10220 58012=",
"42139099999","2022-12-09T03:00:00","4","29.0166666","77.7166667","222.0","MEERUT, IN","FM-12","99999","V020","999,9,C,0000,1","99999,9,9,N","000500,1,9,9","+0102,1","+0094,1","10172,1",,"4,1,02,1","4,1,02,1",,,,,,"240,M,+0220,1","240,N,+0090,1","9,9,999,9,-009,1","42,1","SYN07442139 31993 00000 10102 20094 40172 74244 333 10220 20090 59009 555 10160=",
"42139099999","2022-12-09T06:00:00","4","29.0166666","77.7166667","222.0","MEERUT, IN","FM-12","99999","V020","320,1,N,0010,1","99999,9,9,N","002000,1,9,9","+0194,1","+0118,1","10161,1",,"4,1,02,1","0,1,02,1",,,,,,,,"9,9,999,9,-016,1","05,1","SYN05242139 31995 03202 10194 20118 40161 70540 333 59016=",
"42139099999","2022-12-09T09:00:00","4","29.0166666","77.7166667","222.0","MEERUT, IN","FM-12","99999","V020","999,9,C,0000,1","99999,9,9,N","002000,1,9,9","+0236,1","+0129,1","10129,1",,"0,1,02,1","0,1,02,1",,,,,,,,"9,9,999,9,-020,1","05,1","SYN05242139 31995 00000 10236 20129 40129 70500 333 59020=",
"42139099999","2022-12-09T12:00:00","4","29.0166666","77.7166667","222.0","MEERUT, IN","FM-12","99999","V020","999,9,C,0000,1","99999,9,9,N","001000,1,9,9","+0204,1","+0157,1","10122,1",,"0,1,02,1","0,1,02,1",,,,,,"240,M,+0237,1",,"9,9,999,9,-013,1","05,1","SYN05842139 31994 00000 10204 20157 40122 70500 333 10237 59013=",
"42139099999","2022-12-10T03:00:00","4","29.0166666","77.7166667","222.0","MEERUT, IN","FM-12","99999","V020","999,9,C,0000,1","99999,9,9,N","000500,1,9,9","+0114,1","+0106,1","10170,1",,"4,1,02,1","4,1,02,1",,,,,,"240,M,+0237,1","240,N,+0098,1","9,9,999,9,-001,1","42,1","SYN07442139 31993 00000 10114 20106 40170 74244 333 10237 20098 59001 555 10160=",
"42139099999","2022-12-10T06:00:00","4","29.0166666","77.7166667","222.0","MEERUT, IN","FM-12","99999","V020","999,9,C,0000,1","22000,1,9,N","002000,1,9,9","+0220,1","+0130,1","10160,1",,"4,1,02,1","0,1,02,1","99,9,+99999,9,00,1",,,"9,AGL   ,+99999,+99999","01,99,1,00,1,99,9,99999,9,99,9,99,9",,,"9,9,999,9,+001,1","05,1","SYN05842139 31995 10000 10220 20130 40160 70540 80001 333 58001=","Q01    003SCCGA1"
"42139099999","2022-12-10T09:00:00","4","29.0166666","77.7166667","222.0","MEERUT, IN","FM-12","99999","V020","999,9,C,0000,1","99999,9,9,N","002000,1,9,9","+0252,1","+0149,1","10131,1",,"0,1,02,1","0,1,02,1",,,,,,,,"9,9,999,9,+003,1","05,1","SYN05242139 31995 00000 10252 20149 40131 70500 333 58003=",
"42139099999","2022-12-10T12:00:00","4","29.0166666","77.7166667","222.0","MEERUT, IN","FM-12","99999","V020","999,9,C,0000,1","99999,9,9,N","002000,1,9,9","+0216,1","+0163,1","10129,1",,"0,1,02,1","0,1,02,1",,,,,,"240,M,+0257,1",,"9,9,999,9,+008,1","05,1","SYN05842139 31995 00000 10216 20163 40129 70500 333 10257 58008=",
"42139099999","2022-12-11T03:00:00","4","29.0166666","77.7166667","222.0","MEERUT, IN","FM-12","99999","V020","999,9,C,0000,1","99999,9,9,N","001000,1,9,9","+0134,1","+0119,1","10167,1",,"0,1,02,1","0,1,02,1",,,,,,"240,M,+0257,1","240,N,+0112,1","9,9,999,9,-001,1","10,1","SYN07442139 31994 00000 10134 20119 40167 71000 333 10257 20112 59001 555 10160=",
"42139099999","2022-12-11T06:00:00","4","29.0166666","77.7166667","222.0","MEERUT, IN","FM-12","99999","V020","270,1,N,0010,1","99999,9,9,N","002000,1,9,9","+0224,1","+0130,1","10166,1",,"0,1,02,1","0,1,02,1",,,,,,,,"9,9,999,9,+007,1","05,1","SYN05242139 31995 02702 10224 20130 40166 70500 333 58007=",
"42139099999","2022-12-11T09:00:00","4","29.0166666","77.7166667","222.0","MEERUT, IN","FM-12","99999","V020","320,1,N,0010,1","99999,9,9,N","002000,1,9,9","+0270,1","+0103,1","10134,1",,"0,1,02,1","0,1,02,1",,,,,,,,"9,9,999,9,+004,1","05,1","SYN05242139 31995 03202 10270 20103 40134 70500 333 58004=",
"42139099999","2022-12-11T12:00:00","4","29.0166666","77.7166667","222.0","MEERUT, IN","FM-12","99999","V020","999,9,C,0000,1","99999,9,9,N","002000,1,9,9","+0218,1","+0127,1","10129,1",,"0,1,02,1","0,1,02,1",,,,,,"240,M,+0281,1",,"9,9,999,9,+000,1","05,1","SYN05842139 31995 00000 10218 20127 40129 70500 333 10281 58000=",
"42139099999","2022-12-12T03:00:00","4","29.0166666","77.7166667","222.0","MEERUT, IN","FM-12","99999","V020","999,9,C,0000,1","99999,9,9,N","001000,1,9,9","+0130,1","+0099,1","10159,1",,"0,1,02,1","0,1,02,1",,,,,,"240,M,+0281,1","240,N,+0112,1","9,9,999,9,-009,1","10,1","SYN07442139 31994 00000 10130 20099 40159 71000 333 10281 20112 59009 555 10160=",
"42139099999","2022-12-12T06:00:00","4","29.0166666","77.7166667","222.0","MEERUT, IN","FM-12","99999","V020","320,1,N,0010,1","99999,9,9,N","002000,1,9,9","+0222,1","+0087,1","10155,1",,"0,1,02,1","0,1,02,1",,,,,,,,"9,9,999,9,-011,1","05,1","SYN05242139 31995 03202 10222 20087 40155 70500 333 59011=",
"42139099999","2022-12-12T09:00:00","4","29.0166666","77.7166667","222.0","MEERUT, IN","FM-12","99999","V020","290,1,N,0015,1","99999,9,9,N","002000,1,9,9","+0258,1","+0062,1","10120,1",,"0,1,02,1","0,1,02,1",,,,,,,,"9,9,999,9,-013,1","05,1","SYN05242139 31995 02903 10258 20062 40120 70500 333 59013=",
"42139099999","2022-12-12T12:00:00","4","29.0166666","77.7166667","222.0","MEERUT, IN","FM-12","99999","V020","999,9,C,0000,1","99999,9,9,N","002000,1,9,9","+0216,1","+0112,1","10119,1",,"0,1,02,1","0,1,02,1",,,,,,"240,M,+0266,1",,"9,9,999,9,-010,1","05,1","SYN05842139 31995 00000 10216 20112 40119 70500 333 10266 59010=",
"42139099999","2022-12-13T03:00:00","4","29.0166666","77.7166667","222.0","MEERUT, IN","FM-12","99999","V020","270,1,N,0015,1","99999,9,9,N","002000,1,9,9","+0136,1","+0070,1","10173,1",,"0,1,02,1","0,1,02,1",,,,,,"240,M,+0266,1","240,N,+0119,1","9,9,999,9,+015,1","05,1","SYN07442139 31995 02703 10136 20070 40173 70500 333 10266 20119 58015 555 10160=",
"42139099999","2022-12-13T06:00:00","4","29.0166666","77.7166667","222.0","MEERUT, IN","FM-12","99999","V020","270,1,N,0015,1","99999,9,9,N","002000,1,9,9","+0230,1","+0085,1","10166,1",,"0,1,02,1","0,1,02,1",,,,,,,,"9,9,999,9,+011,1","05,1","SYN05242139 31995 02703 10230 20085 40166 70500 333 58011=",
"42139099999","2022-12-13T09:00:00","4","29.0166666","77.7166667","222.0","MEERUT, IN","FM-12","99999","V020","270,1,N,0021,1","99999,9,9,N","002000,1,9,9","+0254,1","+0061,1","10136,1",,"0,1,02,1","0,1,02,1",,,,,,,,"9,9,999,9,+014,1","05,1","SYN05242139 31995 02704 10254 20061 40136 70500 333 58014=",
"42139099999","2022-12-14T03:00:00","4","29.0166666","77.7166667","222.0","MEERUT, IN","FM-12","99999","V020","320,1,N,0010,1","99999,9,9,N","002000,1,9,9","+0128,1","+0070,1","10165,1",,"0,1,02,1","0,1,02,1",,,,,,"240,M,+0254,1","240,N,+0106,1","9,9,999,9,-009,1","05,1","SYN07442139 31995 03202 10128 20070 40165 70500 333 10254 20106 59009 555 10160=",
"42139099999","2022-12-14T06:00:00","4","29.0166666","77.7166667","222.0","MEERUT, IN","FM-12","99999","V020","320,1,N,0021,1","99999,9,9,N","002000,1,9,9","+0208,1","+0061,1","10166,1",,"0,1,02,1","0,1,02,1",,,,,,,,"9,9,999,9,-002,1","05,1","SYN05242139 31995 03204 10208 20061 40166 70500 333 59002=",
"42139099999","2022-12-14T09:00:00","4","29.0166666","77.7166667","222.0","MEERUT, IN","FM-12","99999","V020","320,1,N,0021,1","99999,9,9,N","002000,1,9,9","+0220,1","+0039,1","10145,1",,"0,1,02,1","0,1,02,1",,,,,,,,"9,9,999,9,+006,1","05,1","SYN05242139 31995 03204 10220 20039 40145 70500 333 58006=",
"42139099999","2022-12-14T12:00:00","4","29.0166666","77.7166667","222.0","MEERUT, IN","FM-12","99999","V020","999,9,C,0000,1","99999,9,9,N","002000,1,9,9","+0188,1","+0047,1","10146,1",,"0,1,02,1","0,1,02,1",,,,,,"240,M,+0221,1",,"9,9,999,9,+009,1","05,1","SYN05842139 31995 00000 10188 20047 40146 70500 333 10221 58009=",
"42139099999","2022-12-15T03:00:00","4","29.0166666","77.7166667","222.0","MEERUT, IN","FM-12","99999","V020","999,9,C,0000,1","99999,9,9,N","002000,1,9,9","+0116,1","+0067,1","10166,1",,"0,1,02,1","0,1,02,1",,,,,,"240,M,+0221,1","240,N,+0090,1","9,9,999,9,+000,1","05,1","SYN07442139 31995 00000 10116 20067 40166 70500 333 10221 20090 58000 555 10160=",
"42139099999","2022-12-15T06:00:00","4","29.0166666","77.7166667","222.0","MEERUT, IN","FM-12","99999","V020","270,1,N,0010,1","99999,9,9,N","002000,1,9,9","+0190,1","+0082,1","10166,1",,"0,1,02,1","0,1,02,1",,,,,,,,"9,9,999,9,-002,1","05,1","SYN05242139 31995 02702 10190 20082 40166 70500 333 59002=",
"42139099999","2022-12-15T09:00:00","4","29.0166666","77.7166667","222.0","MEERUT, IN","FM-12","99999","V020","270,1,N,0010,1","99999,9,9,N","002000,1,9,9","+0220,1","+0063,1","10131,1",,"0,1,02,1","0,1,02,1",,,,,,,,"9,9,999,9,-014,1","05,1","SYN05242139 31995 02702 10220 20063 40131 70500 333 59014=",
"42139099999","2022-12-15T12:00:00","4","29.0166666","77.7166667","222.0","MEERUT, IN","FM-12","99999","V020","999,9,C,0000,1","99999,9,9,N","002000,1,9,9","+0190,1","+0087,1","10123,1",,"0,1,02,1","0,1,02,1",,,,,,"240,M,+0221,1",,"9,9,999,9,-022,1","05,1","SYN05842139 31995 00000 10190 20087 40123 70500 333 10221 59022=",
"42139099999","2022-12-16T03:00:00","4","29.0166666","77.7166667","222.0","MEERUT, IN","FM-12","99999","V020","999,9,C,0000,1","99999,9,9,N","002000,1,9,9","+0112,1","+0075,1","10149,1",,"0,1,02,1","0,1,02,1",,,,,,"240,M,+0221,1","240,N,+0092,1","9,9,999,9,-017,1","05,1","SYN07442139 31995 00000 10112 20075 40149 70500 333 10221 20092 59017 555 10160=",
"42139099999","2022-12-16T06:00:00","4","29.0166666","77.7166667","222.0","MEERUT, IN","FM-12","99999","V020","999,9,C,0000,1","99999,9,9,N","002000,1,9,9","+0188,1","+0093,1","10150,1",,"0,1,02,1","0,1,02,1",,,,,,,,"9,9,999,9,-016,1","05,1","SYN05242139 31995 00000 10188 20093 40150 70500 333 59016=",
"42139099999","2022-12-16T09:00:00","4","29.0166666","77.7166667","222.0","MEERUT, IN","FM-12","99999","V020","999,9,C,0000,1","99999,9,9,N","002000,1,9,9","+0218,1","+0096,1","10123,1",,"0,1,02,1","0,1,02,1",,,,,,,,"9,9,999,9,-008,1","05,1","SYN05242139 31995 00000 10218 20096 40123 70500 333 59008=",
"42139099999","2022-12-16T12:00:00","4","29.0166666","77.7166667","222.0","MEERUT, IN","FM-12","99999","V020","999,9,C,0000,1","99999,9,9,N","002000,1,9,9","+0186,1","+0117,1","10127,1",,"0,1,02,1","0,1,02,1",,,,,,"240,M,+0224,1",,"9,9,999,9,+003,1","05,1","SYN05842139 31995 00000 10186 20117 40127 70500 333 10224 58003=",
"42139099999","2022-12-17T03:00:00","4","29.0166666","77.7166667","222.0","MEERUT, IN","FM-12","99999","V020","999,9,C,0000,1","99999,9,9,N","001000,1,9,9","+0096,1","+0088,1","10170,1",,"0,1,02,1","0,1,02,1",,,,,,"240,M,+0224,1","240,N,+0082,1","9,9,999,9,+019,1","10,1","SYN07442139 31994 00000 10096 20088 40170 71000 333 10224 20082 58019 555 10160=",
"42139099999","2022-12-17T06:00:00","4","29.0166666","77.7166667","222.0","MEERUT, IN","FM-12","99999","V020","020,1,N,0010,1","99999,9,9,N","002000,1,9,9","+0198,1","+0106,1","10167,1",,"0,1,02,1","0,1,02,1",,,,,,,,"9,9,999,9,+018,1","05,1","SYN05242139 31995 00202 10198 20106 40167 70500 333 58018=",
"42139099999","2022-12-17T09:00:00","4","29.0166666","77.7166667","222.0","MEERUT, IN","FM-12","99999","V020","270,1,N,0010,1","99999,9,9,N","002000,1,9,9","+0220,1","+0094,1","10146,1",,"0,1,02,1","0,1,02,1",,,,,,,,"9,9,999,9,+023,1","05,1","SYN05242139 31995 02702 10220 20094 40146 70500 333 58023=",
"42139099999","2022-12-17T12:00:00","4","29.0166666","77.7166667","222.0","MEERUT, IN","FM-12","99999","V020","999,9,C,0000,1","99999,9,9,N","002000,1,9,9","+0184,1","+0119,1","10145,1",,"0,1,02,1","0,1,02,1",,,,,,"240,M,+0225,1",,"9,9,999,9,+018,1","05,1","SYN05842139 31995 00000 10184 20119 40145 70500 333 10225 58018=",
"42139099999","2022-12-18T03:00:00","4","29.0166666","77.7166667","222.0","MEERUT, IN","FM-12","99999","V020","999,9,C,0000,1","99999,9,9,N","001000,1,9,9","+0088,1","+0080,1","10183,1",,"0,1,02,1","0,1,02,1",,,,,,"240,M,+0225,1","240,N,+0075,1","9,9,999,9,+012,1","10,1","SYN07442139 31994 00000 10088 20080 40183 71000 333 10225 20075 58012 555 10160=",
"42139099999","2022-12-18T06:00:00","4","29.0166666","77.7166667","222.0","MEERUT, IN","FM-12","99999","V020","999,9,C,0000,1","99999,9,9,N","002000,1,9,9","+0164,1","+0128,1","10180,1",,"4,1,02,1","0,1,02,1",,,,,,,,"9,9,999,9,+010,1","10,1","SYN05242139 31995 00000 10164 20128 40180 71040 333 58010=",
"42139099999","2022-12-18T09:00:00","4","29.0166666","77.7166667","222.0","MEERUT, IN","FM-12","99999","V020","290,1,N,0010,1","99999,9,9,N","002000,1,9,9","+0208,1","+0131,1","10148,1",,"0,1,02,1","0,1,02,1",,,,,,,,"9,9,999,9,+001,1","05,1","SYN05242139 31995 02902 10208 20131 40148 70500 333 58001=",
"42139099999","2022-12-18T12:00:00","4","29.0166666","77.7166667","222.0","MEERUT, IN","FM-12","99999","V020","999,9,C,0000,1","99999,9,9,N","002000,1,9,9","+0182,1","+0148,1","10139,1",,"0,1,02,1","0,1,02,1",,,,,,"240,M,+0210,1",,"9,9,999,9,-006,1","10,1","SYN05842139 31995 00000 10182 20148 40139 71000 333 10210 59006=",
"42139099999","2022-12-19T03:00:00","4","29.0166666","77.7166667","222.0","MEERUT, IN","FM-12","99999","V020","999,9,C,0000,1","00060,1,W,N","000200,1,9,9","+0084,1","+0080,1","10166,1",,"4,1,02,1","4,1,02,1","09,1,+99999,9,99,9",,,"9,AGL   ,+99999,+99999","09,99,1,09,1,99,9,99999,9,99,9,99,9","240,M,+0210,1","240,N,+0070,1","9,9,999,9,-017,1","45,1","SYN08042139 31/92 90000 10084 20080 40166 74544 89/// 333 10210 20070 59017 555 10160=",
"42139099999","2022-12-19T06:00:00","4","29.0166666","77.7166667","222.0","MEERUT, IN","FM-12","99999","V020","999,9,C,0000,1","99999,9,9,N","002000,1,9,9","+0174,1","+0115,1","10165,1",,"4,1,02,1","0,1,02,1",,,,,,,,"9,9,999,9,-014,1","05,1","SYN05242139 31995 00000 10174 20115 40165 70540 333 59014=",
"42139099999","2022-12-19T09:00:00","4","29.0166666","77.7166667","222.0","MEERUT, IN","FM-12","99999","V020","270,1,N,0010,1","99999,9,9,N","002000,1,9,9","+0222,1","+0132,1","10131,1",,"2,1,02,1","1,1,02,1","99,9,+99999,9,00,1",,,"9,AGL   ,+99999,+99999","07,99,1,00,1,99,9,99999,9,99,9,99,9",,,"9,9,999,9,-015,1","05,1","SYN05842139 31995 72702 10222 20132 40131 70521 80001 333 59015=","Q01    003SCCGA1"
"42139099999","2022-12-19T12:00:00","4","29.0166666","77.7166667","222.0","MEERUT, IN","FM-12","99999","V020","999,9,C,0000,1","99999,9,9,N","002000,1,9,9","+0186,1","+0145,1","10124,1",,"2,1,02,1","2,1,02,1","99,9,+99999,9,00,1",,,"9,AGL   ,+99999,+99999","06,99,1,00,1,99,9,99999,9,99,9,99,9","240,M,+0224,1",,"9,9,999,9,-015,1","05,1","SYN06442139 31995 60000 10186 20145 40124 70522 80001 333 10224 59015=","Q01    003SCCGA1"
"42139099999","2022-12-20T03:00:00","4","29.0166666","77.7166667","222.0","MEERUT, IN","FM-12","99999","V020","999,9,C,0000,1","00030,1,W,N","000050,1,9,9","+0102,1","+0098,1","10159,1",,"4,1,02,1","4,1,02,1","09,1,+99999,9,99,9",,,"9,AGL   ,+99999,+99999","09,99,1,09,1,99,9,99999,9,99,9,99,9","240,M,+0224,1","240,N,+0092,1","9,9,999,9,-005,1","45,1","SYN08042139 31/91 90000 10102 20098 40159 74544 89/// 333 10224 20092 59005 555 10160=",
"42139099999","2022-12-20T06:00:00","4","29.0166666","77.7166667","222.0","MEERUT, IN","FM-12","99999","V020","070,1,N,0010,1","00240,1,W,N","001000,1,9,9","+0118,1","+0102,1","10169,1",,"4,1,02,1","0,1,02,1","09,1,+99999,9,99,9",,,"9,AGL   ,+99999,+99999","09,99,1,09,1,99,9,99999,9,99,9,99,9",,,"9,9,999,9,-001,1","10,1","SYN05842139 31/94 90702 10118 20102 40169 71040 89/// 333 59001=",
"42139099999","2022-12-20T09:00:00","4","29.0166666","77.7166667","222.0","MEERUT, IN","FM-12","99999","V020","999,9,C,0000,1","22000,1,9,N","002000,1,9,9","+0184,1","+0115,1","10127,1",,"1,1,02,1","1,1,02,1","99,9,+99999,9,00,1",,,"9,AGL   ,+99999,+99999","03,99,1,00,1,99,9,99999,9,99,9,99,9",,,"9,9,999,9,-007,1","05,1","SYN05842139 31995 30000 10184 20115 40127 70511 80001 333 59007=","Q01    003SCCGA1"
"42139099999","2022-12-20T12:00:00","4","29.0166666","77.7166667","222.0","MEERUT, IN","FM-12","99999","V020","999,9,C,0000,1","99999,9,9,N","001000,1,9,9","+0160,1","+0139,1","10119,1",,"2,1,02,1","2,1,02,1","99,9,+99999,9,00,1",,,"9,AGL   ,+99999,+99999","07,99,1,00,1,99,9,99999,9,99,9,99,9","240,M,+0187,1",,"9,9,999,9,-008,1","10,1","SYN06442139 31994 70000 10160 20139 40119 71022 80001 333 10187 59008=","Q01    003SCCGA1"
"42139099999","2022-12-21T03:00:00","4","29.0166666","77.7166667","222.0","MEERUT, IN","FM-12","99999","V020","020,1,N,0010,1","00240,1,W,N","001000,1,9,9","+0092,1","+0088,1","10178,1",,"0,1,02,1","0,1,02,1","09,1,+99999,9,99,9",,,"9,AGL   ,+99999,+99999","09,99,1,09,1,99,9,99999,9,99,9,99,9","240,M,+0187,1","240,N,+0086,1","9,9,999,9,+018,1","10,1","SYN08042139 31/94 90202 10092 20088 40178 71000 89/// 333 10187 20086 58018 555 10160=",
"42139099999","2022-12-21T06:00:00","4","29.0166666","77.7166667","222.0","MEERUT, IN","FM-12","99999","V020","110,1,N,0010,1","99999,9,9,N","002000,1,9,9","+0124,1","+0097,1","10182,1",,"0,1,02,1","0,1,02,1",,,,,,,,"9,9,999,9,+014,1","10,1","SYN05242139 31995 01102 10124 20097 40182 71000 333 58014=",
"42139099999","2022-12-21T09:00:00","4","29.0166666","77.7166667","222.0","MEERUT, IN","FM-12","99999","V020","020,1,N,0010,1","99999,9,9,N","002000,1,9,9","+0182,1","+0104,1","10147,1",,"0,1,02,1","0,1,02,1",,,,,,,,"9,9,999,9,+019,1","05,1","SYN05242139 31995 00202 10182 20104 40147 70500 333 58019=",
"42139099999","2022-12-21T12:00:00","4","29.0166666","77.7166667","222.0","MEERUT, IN","FM-12","99999","V020","999,9,C,0000,1","99999,9,9,N","002000,1,9,9","+0160,1","+0120,1","10139,1",,"0,1,02,1","0,1,02,1",,,,,,"240,M,+0183,1",,"9,9,999,9,+020,1","05,1","SYN05842139 31995 00000 10160 20120 40139 70500 333 10183 58020=",
"42139099999","2022-12-22T03:00:00","4","29.0166666","77.7166667","222.0","MEERUT, IN","FM-12","99999","V020","020,1,N,0010,1","00240,1,W,N","001000,1,9,9","+0092,1","+0084,1","10170,1",,"0,1,02,1","0,1,02,1","09,1,+99999,9,99,9",,,"9,AGL   ,+99999,+99999","09,99,1,09,1,99,9,99999,9,99,9,99,9","240,M,+0183,1","240,N,+0084,1","9,9,999,9,-008,1","10,1","SYN08042139 31/94 90202 10092 20084 40170 71000 89/// 333 10183 20084 59008 555 10160=",
"42139099999","2022-12-22T06:00:00","4","29.0166666","77.7166667","222.0","MEERUT, IN","FM-12","99999","V020","020,1,N,0010,1","99999,9,9,N","002000,1,9,9","+0116,1","+0092,1","10172,1",,"0,1,02,1","0,1,02,1",,,,,,,,"9,9,999,9,-011,1","10,1","SYN05242139 31995 00202 10116 20092 40172 71000 333 59011=",
"42139099999","2022-12-22T09:00:00","4","29.0166666","77.7166667","222.0","MEERUT, IN","FM-12","99999","V020","999,9,C,0000,1","99999,9,9,N","002000,1,9,9","+0168,1","+0113,1","10140,1",,"0,1,02,1","0,1,02,1",,,,,,,,"9,9,999,9,-009,1","05,1","SYN05242139 31995 00000 10168 20113 40140 70500 333 59009=",
"42139099999","2022-12-22T12:00:00","4","29.0166666","77.7166667","222.0","MEERUT, IN","FM-12","99999","V020","999,9,C,0000,1","99999,9,9,N","002000,1,9,9","+0152,1","+0119,1","10129,1",,"0,1,02,1","0,1,02,1",,,,,,"240,M,+0170,1",,"9,9,999,9,-010,1","10,1","SYN05842139 31995 00000 10152 20119 40129 71000 333 10170 59010=",
"42139099999","2022-12-23T03:00:00","4","29.0166666","77.7166667","222.0","MEERUT, IN","FM-12","99999","V020","999,9,C,0000,1","00030,1,W,N","000050,1,9,9","+0072,1","+0068,1","10164,1",,"4,1,02,1","4,1,02,1","09,1,+99999,9,99,9",,,"9,AGL   ,+99999,+99999","09,99,1,09,1,99,9,99999,9,99,9,99,9","240,M,+0170,1","240,N,+0064,1","9,9,999,9,-008,1","45,1","SYN08042139 31/91 90000 10072 20068 40164 74544 89/// 333 10170 20064 59008 555 10160=",
"42139099999","2022-12-23T06:00:00","4","29.0166666","77.7166667","222.0","MEERUT, IN","FM-12","99999","V020","320,1,N,0010,1","99999,9,9,N","002000,1,9,9","+0116,1","+0079,1","10161,1",,"4,1,02,1","0,1,02,1",,,,,,,,"9,9,999,9,-013,1","10,1","SYN05242139 31995 03202 10116 20079 40161 71040 333 59013=",
"42139099999","2022-12-23T09:00:00","4","29.0166666","77.7166667","222.0","MEERUT, IN","FM-12","99999","V020","999,9,C,0000,1","99999,9,9,N","002000,1,9,9","+0180,1","+0083,1","10129,1",,"0,1,02,1","0,1,02,1",,,,,,,,"9,9,999,9,-008,1","05,1","SYN05242139 31995 00000 10180 20083 40129 70500 333 59008=",
"42139099999","2022-12-23T12:00:00","4","29.0166666","77.7166667","222.0","MEERUT, IN","FM-12","99999","V020","999,9,C,0000,1","22000,1,9,N","002000,1,9,9","+0160,1","+0103,1","10124,1",,"1,1,02,1","0,1,02,1","03,1,+00800,1,06,1",,,"9,AGL   ,+99999,+99999","03,99,1,03,1,99,9,00800,1,99,9,99,9","240,M,+0182,1",,"9,9,999,9,-003,1","05,1","SYN06442139 31595 30000 10160 20103 40124 70510 83400 333 10182 59003=",
"42139099999","2022-12-24T03:00:00","4","29.0166666","77.7166667","222.0","MEERUT, IN","FM-12","99999","V020","230,1,N,0010,1","22000,1,9,N","001000,1,9,9","+0100,1","+0071,1","10167,1",,"0,1,02,1","0,1,02,1","99,9,+99999,9,00,1",,,"9,AGL   ,+99999,+99999","02,99,1,00,1,99,9,99999,9,99,9,99,9","240,M,+0182,1","240,N,+0086,1","9,9,999,9,+005,1","10,1","SYN08042139 31994 22302 10100 20071 40167 71000 80001 333 10182 20086 58005 555 10160=","Q01    003SCCGA1"
"42139099999","2022-12-24T06:00:00","4","29.0166666","77.7166667","222.0","MEERUT, IN","FM-12","99999","V020","320,1,N,0010,1","99999,9,9,N","002000,1,9,9","+0154,1","+0078,1","10172,1",,"0,1,02,1","0,1,02,1",,,,,,,,"9,9,999,9,+016,1","05,1","SYN05242139 31995 03202 10154 20078 40172 70500 333 58016=",
"42139099999","2022-12-24T09:00:00","4","29.0166666","77.7166667","222.0","MEERUT, IN","FM-12","99999","V020","999,9,C,0000,1","99999,9,9,N","002000,1,9,9","+0180,1","+0083,1","10149,1",,"0,1,02,1","0,1,02,1",,,,,,,,"9,9,999,9,+018,1","05,1","SYN05242139 31995 00000 10180 20083 40149 70500 333 58018=",
"42139099999","2022-12-24T12:00:00","4","29.0166666","77.7166667","222.0","MEERUT, IN","FM-12","99999","V020","230,1,N,0010,1","99999,9,9,N","001000,1,9,9","+0162,1","+0069,1","10144,1",,"0,1,02,1","0,1,02,1",,,,,,"240,M,+0193,1",,"9,9,999,9,+019,1","05,1","SYN05842139 31994 02302 10162 20069 40144 70500 333 10193 58019=",
"42139099999","2022-12-25T03:00:00","4","29.0166666","77.7166667","222.0","MEERUT, IN","FM-12","99999","V020","320,1,N,0010,1","00120,1,W,N","000500,1,9,9","+0082,1","+0069,1","10180,1",,"4,1,02,1","4,1,02,1",,,,,"09,99,1,99,9,99,9,99999,9,99,9,99,9","240,M,+0193,1","240,N,+0074,1","9,9,999,9,+012,1","43,1","SYN07442139 31/93 93202 10082 20069 40180 74344 333 10193 20074 58012 555 10160=",
"42139099999","2022-12-25T06:00:00","4","29.0166666","77.7166667","222.0","MEERUT, IN","FM-12","99999","V020","140,1,N,0015,1","00240,1,W,N","001000,1,9,9","+0120,1","+0092,1","10185,1",,"4,1,02,1","4,1,02,1","09,1,+99999,9,99,9",,,"9,AGL   ,+99999,+99999","09,99,1,09,1,99,9,99999,9,99,9,99,9",,,"9,9,999,9,+010,1","10,1","SYN05842139 31/94 91403 10120 20092 40185 71044 89/// 333 58010=",
"42139099999","2022-12-25T09:00:00","4","29.0166666","77.7166667","222.0","MEERUT, IN","FM-12","99999","V020","320,1,N,0010,1","99999,9,9,N","002000,1,9,9","+0134,1","+0077,1","10159,1",,"0,1,02,1","0,1,02,1",,,,,,,,"9,9,999,9,+007,1","05,1","SYN05242139 31995 03202 10134 20077 40159 70500 333 58007=",
"42139099999","2022-12-25T12:00:00","4","29.0166666","77.7166667","222.0","MEERUT, IN","FM-12","99999","V020","999,9,C,0000,1","22000,1,9,N","001000,1,9,9","+0120,1","+0084,1","10161,1",,"0,1,02,1","0,1,02,1","02,1,+00800,1,06,1",,,"9,AGL   ,+99999,+99999","02,99,1,02,1,99,9,00800,1,99,9,99,9","240,M,+0134,1",,"9,9,999,9,+013,1","10,1","SYN06442139 31594 20000 10120 20084 40161 71000 82500 333 10134 58013=",
"42139099999","2022-12-26T03:00:00","4","29.0166666","77.7166667","222.0","MEERUT, IN","FM-12","99999","V020","999,9,C,0000,1","00060,1,W,N","000200,1,9,9","+0078,1","+0069,1","10199,1",,"4,1,02,1","4,1,02,1","09,1,+99999,9,99,9",,,"9,AGL   ,+99999,+99999","09,99,1,09,1,99,9,99999,9,99,9,99,9","240,M,+0134,1","240,N,+0070,1","9,9,999,9,+017,1","43,1","SYN08042139 31/92 90000 10078 20069 40199 74344 89/// 333 10134 20070 58017 555 10160=",
"42139099999","2022-12-26T06:00:00","4","29.0166666","77.7166667","222.0","MEERUT, IN","FM-12","99999","V020","320,1,N,0015,1","00120,1,W,N","000500,1,9,9","+0090,1","+0077,1","10214,1",,"4,1,02,1","4,1,02,1","09,1,+99999,9,99,9",,,"9,AGL   ,+99999,+99999","09,99,1,09,1,99,9,99999,9,99,9,99,9",,,"9,9,999,9,+024,1","43,1","SYN05842139 31/93 93203 10090 20077 40214 74344 89/// 333 58024=",
"42139099999","2022-12-26T09:00:00","4","29.0166666","77.7166667","222.0","MEERUT, IN","FM-12","99999","V020","320,1,N,0010,1","99999,9,9,N","002000,1,9,9","+0138,1","+0091,1","10180,1",,"4,1,02,1","0,1,02,1",,,,,,,,"9,9,999,9,+021,1","05,1","SYN05242139 31995 03202 10138 20091 40180 70540 333 58021=",
"42139099999","2022-12-26T12:00:00","4","29.0166666","77.7166667","222.0","MEERUT, IN","FM-12","99999","V020","999,9,C,0000,1","99999,9,9,N","001000,1,9,9","+0132,1","+0109,1","10178,1",,"4,1,02,1","0,1,02,1",,,,,,"240,M,+0140,1",,"9,9,999,9,+019,1","10,1","SYN05842139 31994 00000 10132 20109 40178 71040 333 10140 58019=",
"42139099999","2022-12-27T03:00:00","4","29.0166666","77.7166667","222.0","MEERUT, IN","FM-12","99999","V020","320,1,N,0005,1","00030,1,W,N","000050,1,9,9","+0084,1","+0080,1","10197,1",,"4,1,02,1","4,1,02,1","09,1,+99999,9,99,9",,,"9,AGL   ,+99999,+99999","09,99,1,09,1,99,9,99999,9,99,9,99,9","240,M,+0140,1","240,N,+0074,1","9,9,999,9,-002,1","45,1","SYN08042139 31/91 93201 10084 20080 40197 74544 89/// 333 10140 20074 59002 555 10160=",
"42139099999","2022-12-27T06:00:00","4","29.0166666","77.7166667","222.0","MEERUT, IN","FM-12","99999","V020","290,1,N,0010,1","00240,1,W,N","001000,1,9,9","+0116,1","+0084,1","10196,1",,"4,1,02,1","0,1,02,1",,,,,"09,99,1,99,9,99,9,99999,9,99,9,99,9",,,"9,9,999,9,-015,1","10,1","SYN05242139 31/94 92902 10116 20084 40196 71040 333 59015=",
"42139099999","2022-12-27T09:00:00","4","29.0166666","77.7166667","222.0","MEERUT, IN","FM-12","99999","V020","270,1,N,0010,1","99999,9,9,N","002000,1,9,9","+0154,1","+0092,1","10163,1",,"0,1,02,1","0,1,02,1",,,,,,,,"9,9,999,9,-016,1","05,1","SYN05242139 31995 02702 10154 20092 40163 70500 333 59016=",
"42139099999","2022-12-27T12:00:00","4","29.0166666","77.7166667","222.0","MEERUT, IN","FM-12","99999","V020","999,9,C,0000,1","22000,1,9,N","001000,1,9,9","+0148,1","+0111,1","10155,1",,"0,1,02,1","0,1,02,1","01,1,+00800,1,06,1",,,"9,AGL   ,+99999,+99999","01,99,1,01,1,99,9,00800,1,99,9,99,9","240,M,+0157,1",,"9,9,999,9,-023,1","10,1","SYN06442139 31594 10000 10148 20111 40155 71000 81500 333 10157 59023=",
"42139099999","2022-12-28T03:00:00","4","29.0166666","77.7166667","222.0","MEERUT, IN","FM-12","99999","V020","999,9,C,0000,1","22000,1,9,N","001000,1,9,9","+0086,1","+0073,1","10176,1",,"0,1,02,1","0,1,02,1","99,9,+99999,9,00,1",,,"9,AGL   ,+99999,+99999","01,99,1,00,1,99,9,99999,9,99,9,99,9","240,M,+0157,1","240,N,+0078,1","9,9,999,9,-019,1","10,1","SYN08042139 31994 10000 10086 20073 40176 71000 80001 333 10157 20078 59019 555 10160=","Q01    003SCCGA1"
"42139099999","2022-12-28T06:00:00","4","29.0166666","77.7166667","222.0","MEERUT, IN","FM-12","99999","V020","320,1,N,0010,1","99999,9,9,N","002000,1,9,9","+0160,1","+0086,1","10181,1",,"0,1,02,1","0,1,02,1",,,,,,,,"9,9,999,9,-010,1","05,1","SYN05242139 31995 03202 10160 20086 40181 70500 333 59010=",
"42139099999","2022-12-28T09:00:00","4","29.0166666","77.7166667","222.0","MEERUT, IN","FM-12","99999","V020","320,1,N,0026,1","99999,9,9,N","002000,1,9,9","+0206,1","+0052,1","10149,1",,"0,1,02,1","0,1,02,1",,,,,,,,"9,9,999,9,-009,1","05,1","SYN05242139 31995 03205 10206 20052 40149 70500 333 59009=",
"42139099999","2022-12-28T12:00:00","4","29.0166666","77.7166667","222.0","MEERUT, IN","FM-12","99999","V020","999,9,C,0000,1","22000,1,9,N","002000,1,9,9","+0180,1","+0063,1","10154,1",,"0,1,02,1","0,1,02,1","99,9,+99999,9,00,1",,,"9,AGL   ,+99999,+99999","02,99,1,00,1,99,9,99999,9,99,9,99,9","240,M,+0207,1",,"9,9,999,9,+002,1","05,1","SYN06442139 31995 20000 10180 20063 40154 70500 80001 333 10207 58002=","Q01    003SCCGA1"
"42139099999","2022-12-29T03:00:00","4","29.0166666","77.7166667","222.0","MEERUT, IN","FM-12","99999","V020","020,1,N,0010,1","99999,9,9,N","001000,1,9,9","+0094,1","+0086,1","10203,1",,"4,1,02,1","2,1,02,1","03,1,+99999,9,03,1","99,9,+99999,9,00,1",,"9,AGL   ,+99999,+99999","06,99,1,03,1,99,9,99999,9,99,9,99,9","240,M,+0207,1","240,N,+0075,1","9,9,999,9,+026,1","10,1","SYN08042139 31994 60202 10094 20086 40203 71042 83031 333 10207 20075 58026 555 10160=",
"42139099999","2022-12-29T06:00:00","4","29.0166666","77.7166667","222.0","MEERUT, IN","FM-12","99999","V020","020,1,N,0010,1","99999,9,9,N","001000,1,9,9","+0116,1","+0084,1","10212,1",,"4,1,02,1","2,1,02,1","05,1,+99999,9,03,1","99,9,+99999,9,00,1",,"9,AGL   ,+99999,+99999","06,99,1,05,1,99,9,99999,9,99,9,99,9",,,"9,9,999,9,+026,1","10,1","SYN05842139 31994 60202 10116 20084 40212 71042 85031 333 58026=",
"42139099999","2022-12-29T09:00:00","4","29.0166666","77.7166667","222.0","MEERUT, IN","FM-12","99999","V020","090,1,N,0015,1","22000,1,9,N","002000,1,9,9","+0160,1","+0099,1","10178,1",,"2,1,02,1","1,1,02,1","99,9,+99999,9,00,1",,,"9,AGL   ,+99999,+99999","02,99,1,00,1,99,9,99999,9,99,9,99,9",,,"9,9,999,9,+024,1","05,1","SYN05842139 31995 20903 10160 20099 40178 70521 80001 333 58024=","Q01    003SCCGA1"
"42139099999","2022-12-29T12:00:00","4","29.0166666","77.7166667","222.0","MEERUT, IN","FM-12","99999","V020","020,1,N,0010,1","99999,9,9,N","001000,1,9,9","+0094,1","+0086,1","10203,1",,"4,1,02,1","2,1,02,1","03,1,+99999,9,03,1","99,9,+99999,9,00,1",,"9,AGL   ,+99999,+99999","06,99,1,03,1,99,9,99999,9,99,9,99,9","240,M,+0207,1","240,N,+0075,1","9,9,999,9,+026,1","10,1","SYN08042139 31994 60202 10094 20086 40203 71042 83031 333 10207 20075 58026 555 10160=",
"42139099999","2022-12-30T03:00:00","4","29.0166666","77.7166667","222.0","MEERUT, IN","FM-12","99999","V020","020,1,N,0010,1","99999,9,9,N","000200,1,9,9","+0110,1","+0098,1","10205,1",,"4,1,02,1","4,1,02,1","02,1,+00800,1,06,1","99,9,+99999,9,03,1",,"9,AGL   ,+99999,+99999","06,99,1,02,1,99,9,00800,1,99,9,99,9","240,M,+0162,1","240,N,+0095,1","9,9,999,9,+003,1","42,1","SYN08042139 31592 60202 10110 20098 40205 74244 82530 333 10162 20095 58003 555 10160=",
"42139099999","2022-12-30T06:00:00","4","29.0166666","77.7166667","222.0","MEERUT, IN","FM-12","99999","V020","140,1,N,0010,1","99999,9,9,N","002000,1,9,9","+0140,1","+0114,1","10207,1","03,0000,2,1","6,1,02,1","4,1,02,1","05,1,+00800,1,06,1","99,9,+99999,9,03,1",,"9,AGL   ,+99999,+99999","07,99,1,05,1,99,9,00800,1,99,9,99,9",,,"9,9,999,9,-003,1","21,1","SYN06442139 21595 71402 10140 20114 40207 72164 85430 333 59003 6990/=",
"42139099999","2022-12-30T09:00:00","4","29.0166666","77.7166667","222.0","MEERUT, IN","FM-12","99999","V020","090,1,N,0010,1","99999,9,9,N","002000,1,9,9","+0162,1","+0126,1","10181,1","06,0000,2,1","6,1,02,1","2,1,02,1","04,1,+00800,1,06,1","99,9,+99999,9,03,1",,"9,AGL   ,+99999,+99999","06,99,1,04,1,99,9,00800,1,99,9,99,9",,,"9,9,999,9,+004,1","10,1","SYN06442139 21595 60902 10162 20126 40181 71062 84430 333 58004 6990/=",
"42139099999","2022-12-30T12:00:00","4","29.0166666","77.7166667","222.0","MEERUT, IN","FM-12","99999","V020","999,9,C,0000,1","22000,1,9,N","001000,1,9,9","+0164,1","+0132,1","10178,1","09,0000,2,1","2,1,02,1","1,1,02,1","03,1,+00800,1,06,1",,,"9,AGL   ,+99999,+99999","03,99,1,03,1,99,9,00800,1,99,9,99,9","240,M,+0176,1",,"9,9,999,9,+005,1","10,1","SYN07042139 21594 30000 10164 20132 40178 71021 83500 333 10176 58005 6990/=",
"42139099999","2022-12-31T03:00:00","4","29.0166666","77.7166667","222.0","MEERUT, IN","FM-12","99999","V020","999,9,C,0000,1","00120,1,W,N","000500,1,9,9","+0114,1","+0110,1","10203,1","24,0000,2,1","4,1,02,1","4,1,02,1","09,1,+99999,9,99,9",,,"9,AGL   ,+99999,+99999","09,99,1,09,1,99,9,99999,9,99,9,99,9","240,M,+0176,1","240,N,+0086,1","9,9,999,9,+001,1","45,1","SYN08642139 21/93 90000 10114 20110 40203 74544 89/// 333 10176 20086 58001 6990/ 555 10160=",
"42139099999","2022-12-31T06:00:00","4","29.0166666","77.7166667","222.0","MEERUT, IN","FM-12","99999","V020","270,1,N,0015,1","99999,9,9,N","001000,1,9,9","+0134,1","+0111,1","10211,1",,"4,1,02,1","2,1,02,1","06,1,+99999,9,03,1",,,"9,AGL   ,+99999,+99999","06,99,1,06,1,99,9,99999,9,99,9,99,9",,,"9,9,999,9,+006,1","10,1","SYN05842139 31994 62703 10134 20111 40211 71042 86030 333 58006=",
"42139099999","2022-12-31T09:00:00","4","29.0166666","77.7166667","222.0","MEERUT, IN","FM-12","99999","V020","320,1,N,0015,1","99999,9,9,N","002000,1,9,9","+0182,1","+0121,1","10178,1",,"2,1,02,1","1,1,02,1",,,,,,,,"9,9,999,9,-001,1","05,1","SYN05242139 31995 03203 10182 20121 40178 70521 333 59001=",
"42139099999","2022-12-31T12:00:00","4","29.0166666","77.7166667","222.0","MEERUT, IN","FM-12","99999","V020","999,9,C,0000,1","99999,9,9,N","002000,1,9,9","+0164,1","+0124,1","10176,1",,"0,1,02,1","0,1,02,1",,,,,,"240,M,+0184,1",,"9,9,999,9,-002,1","05,1","SYN05842139 31995 00000 10164 20124 40176 70500 333 10184 59002=",
