"STATION","DATE","SOURCE","LATITUDE","LONGITUDE","ELEVATION","NAME","REPORT_TYPE","CALL_SIGN","QUALITY_CONTROL","WND","CIG","VIS","TMP","DEW","SLP","AA1","AY1","AY2","GA1","GA2","GA3","GE1","GF1","KA1","KA2","MD1","MW1","REM","EQD"
"42262099999","2022-01-01T03:00:00","4","27.8833333","78.0666666","187.0","ALIGARH, IN","FM-12","99999","V020","320,1,N,0015,1","22000,1,9,N","000200,1,9,9","+0078,1","+0061,1","10238,1",,"0,1,02,1","0,1,02,1","99,9,+99999,9,00,1",,,"9,AGL   ,+99999,+99999","01,99,1,00,1,99,9,99999,9,99,9,99,9","240,M,+0186,1","240,N,+0058,1","9,9,999,9,-009,1","42,1","SYN08042262 31992 13203 10078 20061 40238 74200 80001 333 10186 20058 59009 555 10000=","Q01    003SCCGA1"
"42262099999","2022-01-01T12:00:00","4","27.8833333","78.0666666","187.0","ALIGARH, IN","FM-12","99999","V020","320,1,N,0010,1","99999,9,9,N","001000,1,9,9","+0160,1","+0103,1","10212,1",,"0,1,02,1","0,1,02,1",,,,,,,,"9,9,999,9,-004,1","05,1","SYN05842262 31994 03202 10160 20103 40212 70500 333 10184 59004=",
"42262099999","2022-01-02T03:00:00","4","27.8833333","78.0666666","187.0","ALIGARH, IN","FM-12","99999","V020","320,1,N,0010,1","22000,1,9,N","000500,1,9,9","+0094,1","+0077,1","10229,1",,"4,1,02,1","0,1,02,1","99,9,+99999,9,00,1",,,"9,AGL   ,+99999,+99999","02,99,1,00,1,99,9,99999,9,99,9,99,9","240,M,+0184,1","240,N,+0068,1","9,9,999,9,-007,1","42,1","SYN08042262 31993 23202 10094 20077 40229 74240 80001 333 10184 20068 59007 555 10000=","Q01    003SCCGA1"
"42262099999","2022-01-02T12:00:00","4","27.8833333","78.0666666","187.0","ALIGARH, IN","FM-12","99999","V020","320,1,N,0010,1","99999,9,9,N","004000,1,9,9","+0162,1","+0110,1","10184,1",,"0,1,02,1","0,1,02,1",,,,,,,,"9,9,999,9,-026,1","46,1","SYN05842262 31996 03202 10162 20110 40184 74600 333 10194 59026=",
"42262099999","2022-01-03T03:00:00","4","27.8833333","78.0666666","187.0","ALIGARH, IN","FM-12","99999","V020","320,1,N,0010,1","99999,9,9,N","000200,1,9,9","+0088,1","+0075,1","10210,1",,"4,1,02,1","4,1,02,1",,,,,,"240,M,+0194,1","240,N,+0070,1","9,9,999,9,-020,1","42,1","SYN07442262 31992 03202 10088 20075 40210 74244 333 10194 20070 59020 555 10000=",
"42262099999","2022-01-03T12:00:00","4","27.8833333","78.0666666","187.0","ALIGARH, IN","FM-12","99999","V020","320,1,N,0021,1","99999,9,9,N","001000,1,9,9","+0180,1","+0097,1","10160,1",,"0,1,02,1","0,1,02,1",,,,,,,,"9,9,999,9,-022,1","05,1","SYN05842262 31994 03204 10180 20097 40160 70500 333 10208 59022=",
"42262099999","2022-01-04T03:00:00","4","27.8833333","78.0666666","187.0","ALIGARH, IN","FM-12","99999","V020","999,9,C,0000,1","22000,1,9,N","000500,1,9,9","+0104,1","+0088,1","10197,1",,"0,1,02,1","0,1,02,1","99,9,+99999,9,00,1",,,"9,AGL   ,+99999,+99999","04,99,1,00,1,99,9,99999,9,99,9,99,9","240,M,+0208,1","240,N,+0084,1","9,9,999,9,-010,1","42,1","SYN08042262 31993 40000 10104 20088 40197 74200 80001 333 10208 20084 59010 555 10000=","Q01    003SCCGA1"
"42262099999","2022-01-04T12:00:00","4","27.8833333","78.0666666","187.0","ALIGARH, IN","FM-12","99999","V020","270,1,N,0010,1","22000,1,9,N","002000,1,9,9","+0192,1","+0116,1","10159,1",,"2,1,02,1","1,1,02,1","99,9,+99999,9,00,1",,,"9,AGL   ,+99999,+99999","04,99,1,00,1,99,9,99999,9,99,9,99,9","240,M,+0226,1",,"9,9,999,9,-001,1","05,1","SYN06442262 31995 42702 10192 20116 40159 70521 80001 333 10226 59001=","Q01    003SCCGA1"
"42262099999","2022-01-05T03:00:00","4","27.8833333","78.0666666","187.0","ALIGARH, IN","FM-12","99999","V020","999,9,C,0000,1","99999,9,9,N","000500,1,9,9","+0136,1","+0117,1","10178,1",,"4,1,02,1","2,1,02,1","99,9,+99999,9,00,1",,,"9,AGL   ,+99999,+99999","07,99,1,00,1,99,9,99999,9,99,9,99,9","240,M,+0226,1","240,N,+0120,1","9,9,999,9,-017,1","44,1","SYN08042262 31993 70000 10136 20117 40178 74442 80002 333 10226 20120 59017 555 10000=","Q01    003SCCGA1"
"42262099999","2022-01-05T12:00:00","4","27.8833333","78.0666666","187.0","ALIGARH, IN","FM-12","99999","V020","050,1,N,0015,1","99999,9,9,N","000500,1,9,9","+0152,1","+0141,1","10164,1","09,0020,3,1","6,1,02,1","2,1,02,1","02,1,+01750,1,05,1","99,9,+99999,9,00,1",,"9,AGL   ,+99999,+99999","07,99,1,02,1,99,9,01750,1,99,9,99,9",,,"9,9,999,9,+002,1","42,1","SYN07042262 21793 70503 10152 20141 40164 74262 82022 333 10162 58002 6002/=",
"42262099999","2022-01-06T03:00:00","4","27.8833333","78.0666666","187.0","ALIGARH, IN","FM-12","99999","V020","050,1,N,0021,1","99999,9,9,N","000500,1,9,9","+0138,1","+0131,1","10187,1","24,0080,3,1","2,1,02,1","2,1,02,1","03,1,+01750,1,05,1","99,9,+99999,9,00,1",,"9,AGL   ,+99999,+99999","07,99,1,03,1,99,9,01750,1,99,9,99,9","240,M,+0162,1","240,N,+0122,1","9,9,999,9,+009,1","42,1","SYN09242262 21793 70504 10138 20131 40187 74222 83022 333 10162 20122 58009 6008/ 555 00076 10008=",
"42262099999","2022-01-06T12:00:00","4","27.8833333","78.0666666","187.0","ALIGARH, IN","FM-12","99999","V020","140,1,N,0026,1","99999,9,9,N","001000,1,9,9","+0164,1","+0143,1","10151,1",,"2,1,02,1","2,1,02,1","02,1,+01750,1,05,1","99,9,+99999,9,00,1",,"9,AGL   ,+99999,+99999","07,99,1,02,1,99,9,01750,1,99,9,99,9",,,"9,9,999,9,-012,1","10,1","SYN06442262 31794 71405 10164 20143 40151 71022 82022 333 10188 59012=",
"42262099999","2022-01-07T03:00:00","4","27.8833333","78.0666666","187.0","ALIGARH, IN","FM-12","99999","V020","140,1,N,0031,1","99999,9,9,N","000500,1,9,9","+0152,1","+0149,1","10182,1","24,0004,3,1","2,1,02,1","2,1,02,1","02,1,+01750,1,05,1","99,9,+99999,9,00,1",,"9,AGL   ,+99999,+99999","07,99,1,02,1,99,9,01750,1,99,9,99,9","240,M,+0188,1","240,N,+0140,1","9,9,999,9,-003,1","42,1","SYN09242262 21793 71406 10152 20149 40182 74222 82022 333 10188 20140 59003 6994/ 555 00004 10008=",
"42262099999","2022-01-07T12:00:00","4","27.8833333","78.0666666","187.0","ALIGARH, IN","FM-12","99999","V020","140,1,N,0031,1","99999,9,9,N","001000,1,9,9","+0170,1","+0131,1","10152,1",,"2,1,02,1","1,1,02,1","02,1,+01750,1,05,1","99,9,+99999,9,00,1",,"9,AGL   ,+99999,+99999","06,99,1,02,1,99,9,01750,1,99,9,99,9",,,"9,9,999,9,+001,1","10,1","SYN06442262 31794 61406 10170 20131 40152 71021 82022 333 10190 58001=",
"42262099999","2022-01-08T03:00:00","4","27.8833333","78.0666666","187.0","ALIGARH, IN","FM-12","99999","V020","140,1,N,0031,1","99999,9,9,N","002000,1,9,9","+0160,1","+0157,1","10162,1","24,0020,3,1","6,1,02,1","0,1,02,1","01,1,+00800,1,06,1","99,9,+99999,9,05,1","99,9,+99999,9,00,1","9,AGL   ,+99999,+99999","07,99,1,01,1,99,9,00800,1,99,9,99,9","240,M,+0190,1","240,N,+0152,1","9,9,999,9,-019,1","62,1","SYN09242262 21595 71406 10160 20157 40162 76260 81522 333 10190 20152 59019 6002/ 555 00024 10010=",
"42262099999","2022-01-08T12:00:00","4","27.8833333","78.0666666","187.0","ALIGARH, IN","FM-12","99999","V020","140,1,N,0031,1","99999,9,9,N","002000,1,9,9","+0162,1","+0137,1","10156,1","09,0040,3,1","6,1,02,1","2,1,02,1","02,1,+01750,1,05,1","99,9,+99999,9,00,1",,"9,AGL   ,+99999,+99999","07,99,1,02,1,99,9,01750,1,99,9,99,9",,,"9,9,999,9,+004,1","10,1","SYN07042262 21795 71406 10162 20137 40156 71062 82022 333 10174 58004 6004/=",
"42262099999","2022-01-09T03:00:00","4","27.8833333","78.0666666","187.0","ALIGARH, IN","FM-12","99999","V020","050,1,N,0010,1","99999,9,9,N","000500,1,9,9","+0156,1","+0153,1","10159,1","24,0080,3,1","6,1,02,1","2,1,02,1","02,1,+00800,1,06,1","99,9,+99999,9,05,1","99,9,+99999,9,00,1","9,AGL   ,+99999,+99999","07,99,1,02,1,99,9,00800,1,99,9,99,9","240,M,+0174,1","240,N,+0146,1","9,9,999,9,-004,1","52,1","SYN07642262 21593 70502 10156 20153 40159 75262 82522 333 10174 20146 59004 6008/=",
"42262099999","2022-01-09T12:00:00","4","27.8833333","78.0666666","187.0","ALIGARH, IN","FM-12","99999","V020","140,1,N,0021,1","99999,9,9,N","001000,1,9,9","+0158,1","+0148,1","10135,1","09,0004,3,1","6,1,02,1","2,1,02,1","02,1,+00800,1,06,1","99,9,+99999,9,05,1","99,9,+99999,9,00,1","9,AGL   ,+99999,+99999","07,99,1,02,1,99,9,00800,1,99,9,99,9",,,"9,9,999,9,-022,1","50,1","SYN07042262 21594 71404 10158 20148 40135 75062 82522 333 10168 59022 6994/=",
"42262099999","2022-01-10T03:00:00","4","27.8833333","78.0666666","187.0","ALIGARH, IN","FM-12","99999","V020","320,1,N,0021,1","99999,9,9,N","001000,1,9,9","+0124,1","+0120,1","10184,1","24,0004,3,1","2,1,02,1","1,1,02,1","99,9,+99999,9,00,1",,,"9,AGL   ,+99999,+99999","05,99,1,00,1,99,9,99999,9,99,9,99,9","240,M,+0168,1","240,N,+0112,1","9,9,999,9,+022,1","10,1","SYN09242262 21994 53204 10124 20120 40184 71021 80002 333 10168 20112 58022 6994/ 555 00004 10019=","Q01    003SCCGA1"
"42262099999","2022-01-10T12:00:00","4","27.8833333","78.0666666","187.0","ALIGARH, IN","FM-12","99999","V020","320,1,N,0010,1","99999,9,9,N","002000,1,9,9","+0154,1","+0117,1","10167,1",,"0,1,02,1","0,1,02,1",,,,,,,,"9,9,999,9,+032,1","05,1","SYN05842262 31995 03202 10154 20117 40167 70500 333 10178 58032=",
"42262099999","2022-01-11T03:00:00","4","27.8833333","78.0666666","187.0","ALIGARH, IN","FM-12","99999","V020","320,1,N,0010,1","99999,9,9,N","000200,1,9,9","+0104,1","+0100,1","10193,1",,"4,1,02,1","4,1,02,1","99,9,+99999,9,00,1",,,"9,AGL   ,+99999,+99999","05,99,1,00,1,99,9,99999,9,99,9,99,9","240,M,+0178,1","240,N,+0082,1","9,9,999,9,+008,1","42,1","SYN08042262 31992 53202 10104 20100 40193 74244 80001 333 10178 20082 58008 555 10019=","Q01    003SCCGA1"
"42262099999","2022-01-12T03:00:00","4","27.8833333","78.0666666","187.0","ALIGARH, IN","FM-12","99999","V020","999,9,C,0000,1","99999,9,9,N","000500,1,9,9","+0098,1","+0090,1","10200,1",,"2,1,02,1","2,1,02,1","02,1,+02250,1,05,1","99,9,+99999,9,00,1",,"9,AGL   ,+99999,+99999","07,99,1,02,1,99,9,02250,1,99,9,99,9","240,M,+0188,1","240,N,+0076,1","9,9,999,9,+006,1","42,1","SYN07042262 31893 70000 10098 20090 40200 74222 82022 333 10188 20076 58006=",
"42262099999","2022-01-12T12:00:00","4","27.8833333","78.0666666","187.0","ALIGARH, IN","FM-12","99999","V020","270,1,N,0010,1","99999,9,9,N","001000,1,9,9","+0150,1","+0119,1","10166,1",,"0,1,02,1","0,1,02,1",,,,,,,,"9,9,999,9,+004,1","10,1","SYN05842262 31994 02702 10150 20119 40166 71000 333 10172 58004=",
"42262099999","2022-01-13T03:00:00","4","27.8833333","78.0666666","187.0","ALIGARH, IN","FM-12","99999","V020","320,1,N,0010,1","00030,1,W,N","000050,1,9,9","+0090,1","+0082,1","10193,1",,"4,1,02,1","4,1,02,1","09,1,+99999,9,99,9",,,"9,AGL   ,+99999,+99999","09,99,1,09,1,99,9,99999,9,99,9,99,9","240,M,+0172,1","240,N,+0072,1","9,9,999,9,-007,1","43,1","SYN08042262 31/91 93202 10090 20082 40193 74344 89/// 333 10172 20072 59007 555 10019=",
"42262099999","2022-01-13T12:00:00","4","27.8833333","78.0666666","187.0","ALIGARH, IN","FM-12","99999","V020","320,1,N,0010,1","22000,1,9,N","001000,1,9,9","+0148,1","+0122,1","10165,1",,"2,1,02,1","1,1,02,1","99,9,+99999,9,00,1",,,"9,AGL   ,+99999,+99999","01,99,1,00,1,99,9,99999,9,99,9,99,9",,,"9,9,999,9,-002,1","10,1","SYN06442262 31994 13202 10148 20122 40165 71021 80001 333 10168 59002=","Q01    003SCCGA1"
"42262099999","2022-01-14T03:00:00","4","27.8833333","78.0666666","187.0","ALIGARH, IN","FM-12","99999","V020","320,1,N,0010,1","00030,1,W,N","000050,1,9,9","+0088,1","+0084,1","10208,1",,"4,1,02,1","4,1,02,1","09,1,+99999,9,99,9",,,"9,AGL   ,+99999,+99999","09,99,1,09,1,99,9,99999,9,99,9,99,9","240,M,+0168,1","240,N,+0066,1","9,9,999,9,+013,1","43,1","SYN08042262 31/91 93202 10088 20084 40208 74344 89/// 333 10168 20066 58013 555 10019=",
"42262099999","2022-01-14T12:00:00","4","27.8833333","78.0666666","187.0","ALIGARH, IN","FM-12","99999","V020","320,1,N,0026,1","22000,1,9,N","000500,1,9,9","+0142,1","+0120,1","10172,1",,"4,1,02,1","4,1,02,1","99,9,+99999,9,00,1",,,"9,AGL   ,+99999,+99999","02,99,1,00,1,99,9,99999,9,99,9,99,9",,,"9,9,999,9,+007,1","46,1","SYN06442262 31993 23205 10142 20120 40172 74644 80001 333 10162 58007=","Q01    003SCCGA1"
"42262099999","2022-01-15T03:00:00","4","27.8833333","78.0666666","187.0","ALIGARH, IN","FM-12","99999","V020","320,1,N,0031,1","00030,1,W,N","000050,1,9,9","+0102,1","+0094,1","10212,1",,"4,1,02,1","4,1,02,1","09,1,+99999,9,99,9",,,"9,AGL   ,+99999,+99999","09,99,1,09,1,99,9,99999,9,99,9,99,9","240,M,+0162,1","240,N,+0092,1","9,9,999,9,+006,1","43,1","SYN08042262 31/91 93206 10102 20094 40212 74344 89/// 333 10162 20092 58006 555 10019=",
"42262099999","2022-01-16T03:00:00","4","27.8833333","78.0666666","187.0","ALIGARH, IN","FM-12","99999","V020","320,1,N,0021,1","00240,1,W,N","001000,1,9,9","+0092,1","+0084,1","10227,1",,"0,1,02,1","0,1,02,1","09,1,+99999,9,99,9",,,"9,AGL   ,+99999,+99999","09,99,1,09,1,99,9,99999,9,99,9,99,9","240,M,+0138,1","240,N,+0080,1","9,9,999,9,+014,1","10,1","SYN08042262 31/94 93204 10092 20084 40227 71000 89/// 333 10138 20080 58014 555 10019=",
"42262099999","2022-01-17T03:00:00","4","27.8833333","78.0666666","187.0","ALIGARH, IN","FM-12","99999","V020","230,1,N,0021,1","00240,1,W,N","002000,1,9,9","+0086,1","+0064,1","10232,1",,"0,1,02,1","0,1,02,1","09,1,+99999,9,99,9",,,"9,AGL   ,+99999,+99999","09,99,1,09,1,99,9,99999,9,99,9,99,9","240,M,+0126,1","240,N,+0074,1","9,9,999,9,+004,1","10,1","SYN08042262 31/95 92304 10086 20064 40232 71000 89/// 333 10126 20074 58004 555 10019=",
"42262099999","2022-01-17T12:00:00","4","27.8833333","78.0666666","187.0","ALIGARH, IN","FM-12","99999","V020","270,1,N,0015,1","99999,9,9,N","002000,1,9,9","+0124,1","+0092,1","10209,1",,"2,1,02,1","1,1,02,1","99,9,+99999,9,00,1",,,"9,AGL   ,+99999,+99999","05,99,1,00,1,99,9,99999,9,99,9,99,9",,,"9,9,999,9,+002,1","10,1","SYN06442262 31995 52703 10124 20092 40209 71021 80002 333 10134 58002=","Q01    003SCCGA1"
"42262099999","2022-01-18T03:00:00","4","27.8833333","78.0666666","187.0","ALIGARH, IN","FM-12","99999","V020","320,1,N,0026,1","00030,1,W,N","000050,1,9,9","+0076,1","+0072,1","10214,1",,"4,1,02,1","4,1,02,1","09,1,+99999,9,99,9",,,"9,AGL   ,+99999,+99999","09,99,1,09,1,99,9,99999,9,99,9,99,9","240,M,+0134,1","240,N,+0062,1","9,9,999,9,-019,1","43,1","SYN07042262 31/91 93205 10076 20072 40214 74344 89/// 333 10134 20062 59019=",
"42262099999","2022-01-18T12:00:00","4","27.8833333","78.0666666","187.0","ALIGARH, IN","FM-12","99999","V020","320,1,N,0021,1","99999,9,9,N","000500,1,9,9","+0110,1","+0094,1","10177,1",,"4,1,02,1","4,1,02,1",,,,,,"240,M,+0122,1",,"9,9,999,9,-031,1","46,1","SYN05842262 31993 03204 10110 20094 40177 74644 333 10122 59031=",
"42262099999","2022-01-19T03:00:00","4","27.8833333","78.0666666","187.0","ALIGARH, IN","FM-12","99999","V020","270,1,N,0010,1","00030,1,W,N","000050,1,9,9","+0086,1","+0082,1","10194,1",,"4,1,02,1","4,1,02,1","09,1,+99999,9,99,9",,,"9,AGL   ,+99999,+99999","09,99,1,09,1,99,9,99999,9,99,9,99,9","240,M,+0122,1","240,N,+0060,1","9,9,999,9,-018,1","43,1","SYN08042262 31/91 92702 10086 20082 40194 74344 89/// 333 10122 20060 59018 555 10019=",
"42262099999","2022-01-19T12:00:00","4","27.8833333","78.0666666","187.0","ALIGARH, IN","FM-12","99999","V020","270,1,N,0010,1","99999,9,9,N","000500,1,9,9","+0126,1","+0107,1","10151,1",,"4,1,02,1","4,1,02,1","99,9,+99999,9,00,1",,,"9,AGL   ,+99999,+99999","06,99,1,00,1,99,9,99999,9,99,9,99,9",,,"9,9,999,9,-026,1","42,1","SYN06442262 31993 62702 10126 20107 40151 74244 80002 333 10136 59026=","Q01    003SCCGA1"
"42262099999","2022-01-20T03:00:00","4","27.8833333","78.0666666","187.0","ALIGARH, IN","FM-12","99999","V020","140,1,N,0010,1","00030,1,W,N","000050,1,9,9","+0090,1","+0086,1","10141,1",,"4,1,02,1","4,1,02,1","09,1,+99999,9,99,9",,,"9,AGL   ,+99999,+99999","09,99,1,09,1,99,9,99999,9,99,9,99,9","240,M,+0136,1","240,N,+0074,1","9,9,999,9,-051,1","43,1","SYN08042262 31/91 91402 10090 20086 40141 74344 89/// 333 10136 20074 59051 555 10019=",
"42262099999","2022-01-20T12:00:00","4","27.8833333","78.0666666","187.0","ALIGARH, IN","FM-12","99999","V020","090,1,N,0021,1","99999,9,9,N","000500,1,9,9","+0110,1","+0098,1","10101,1","09,0000,2,1","4,1,02,1","4,1,02,1","02,1,+02250,1,05,1","99,9,+99999,9,00,1",,"9,AGL   ,+99999,+99999","06,99,1,02,1,99,9,02250,1,99,9,99,9",,,"9,9,999,9,-049,1","50,1","SYN07042262 21893 60904 10110 20098 40101 75044 82022 333 10118 59049 6990/=",
"42262099999","2022-01-21T03:00:00","4","27.8833333","78.0666666","187.0","ALIGARH, IN","FM-12","99999","V020","320,1,N,0010,1","00030,1,W,N","000049,1,9,9","+0078,1","+0078,1","10143,1","24,0000,2,1","4,1,02,1","4,1,02,1","09,1,+99999,9,99,9",,,"9,AGL   ,+99999,+99999","09,99,1,09,1,99,9,99999,9,99,9,99,9","240,M,+0118,1","240,N,+0066,1","9,9,999,9,+000,1","43,1","SYN09242262 21/90 93202 10078 20078 40143 74344 89/// 333 10118 20066 58000 6990/ 555 00000 10019=",
"42262099999","2022-01-21T12:00:00","4","27.8833333","78.0666666","187.0","ALIGARH, IN","FM-12","99999","V020","320,1,N,0010,1","99999,9,9,N","001000,1,9,9","+0150,1","+0113,1","10123,1",,"0,1,02,1","0,1,02,1",,,,,,,,"9,9,999,9,+025,1","10,1","SYN05842262 31994 03202 10150 20113 40123 71000 333 10178 58025=",
"42262099999","2022-01-22T03:00:00","4","27.8833333","78.0666666","187.0","ALIGARH, IN","FM-12","99999","V020","140,1,N,0021,1","99999,9,9,N","000500,1,9,9","+0120,1","+0116,1","10095,1","24,0050,3,1","6,1,02,1","2,1,02,1","02,1,+01750,1,05,1","99,9,+99999,9,00,1",,"9,AGL   ,+99999,+99999","07,99,1,02,1,99,9,01750,1,99,9,99,9","240,M,+0178,1","240,N,+0104,1","9,9,999,9,-040,1","42,1","SYN09242262 21793 71404 10120 20116 40095 74262 82022 333 10178 20104 59040 6005/ 555 00046 10024=",
"42262099999","2022-01-22T12:00:00","4","27.8833333","78.0666666","187.0","ALIGARH, IN","FM-12","99999","V020","140,1,N,0031,1","99999,9,9,N","001000,1,9,9","+0160,1","+0116,1","10063,1",,"2,1,02,1","1,1,02,1","02,1,+02250,1,05,1","99,9,+99999,9,00,1",,"9,AGL   ,+99999,+99999","06,99,1,02,1,99,9,02250,1,99,9,99,9",,,"9,9,999,9,-058,1","10,1","SYN06442262 31894 61406 10160 20116 40063 71021 82022 333 10168 59058=",
"42262099999","2022-01-23T03:00:00","4","27.8833333","78.0666666","187.0","ALIGARH, IN","FM-12","99999","V020","140,1,N,0026,1","99999,9,9,N","001000,1,9,9","+0116,1","+0112,1","10099,1","24,0070,3,1","6,1,02,1","2,1,02,1","01,1,+00800,1,06,1","99,9,+99999,9,05,1","99,9,+99999,9,00,1","9,AGL   ,+99999,+99999","07,99,1,01,1,99,9,00800,1,99,9,99,9","240,M,+0168,1","240,N,+0100,1","9,9,999,9,+000,1","10,1","SYN09242262 21594 71405 10116 20112 40099 71062 81522 333 10168 20100 58000 6007/ 555 00068 10031=",
"42262099999","2022-01-23T12:00:00","4","27.8833333","78.0666666","187.0","ALIGARH, IN","FM-12","99999","V020","050,1,N,0010,1","99999,9,9,N","001000,1,9,9","+0146,1","+0120,1","10094,1",,"2,1,02,1","2,1,02,1","02,1,+02250,1,05,1","99,9,+99999,9,00,1",,"9,AGL   ,+99999,+99999","07,99,1,02,1,99,9,02250,1,99,9,99,9",,,"9,9,999,9,+029,1","10,1","SYN06442262 31894 70502 10146 20120 40094 71022 82022 333 10154 58029=",
"42262099999","2022-01-24T03:00:00","4","27.8833333","78.0666666","187.0","ALIGARH, IN","FM-12","99999","V020","140,1,N,0021,1","99999,9,9,N","000050,1,9,9","+0106,1","+0102,1","10149,1","24,0000,9,1","4,1,02,1","4,1,02,1","01,1,+01750,1,05,1","99,9,+99999,9,00,1",,"9,AGL   ,+99999,+99999","06,99,1,01,1,99,9,01750,1,99,9,99,9","240,M,+0154,1","240,N,+0092,1","9,9,999,9,+049,1","42,1","SYN07642262 21791 61404 10106 20102 40149 74244 81022 333 10154 20092 58049 6990/=","Q01  00002PRCP24"
"42262099999","2022-01-24T12:00:00","4","27.8833333","78.0666666","187.0","ALIGARH, IN","FM-12","99999","V020","050,1,N,0010,1","99999,9,9,N","002000,1,9,9","+0146,1","+0112,1","10137,1",,"0,1,02,1","0,1,02,1",,,,,,,,"9,9,999,9,+046,1","10,1","SYN05842262 31995 00502 10146 20112 40137 71000 333 10156 58046=",
"42262099999","2022-01-25T03:00:00","4","27.8833333","78.0666666","187.0","ALIGARH, IN","FM-12","99999","V020","320,1,N,0010,1","00030,1,W,N","000049,1,9,9","+0074,1","+0074,1","10165,1",,"4,1,02,1","4,1,02,1","09,1,+99999,9,99,9",,,"9,AGL   ,+99999,+99999","09,99,1,09,1,99,9,99999,9,99,9,99,9","240,M,+0156,1","240,N,+0060,1","9,9,999,9,+012,1","43,1","SYN08042262 31/90 93202 10074 20074 40165 74344 89/// 333 10156 20060 58012 555 10031=",
"42262099999","2022-01-25T12:00:00","4","27.8833333","78.0666666","187.0","ALIGARH, IN","FM-12","99999","V020","320,1,N,0021,1","99999,9,9,N","001000,1,9,9","+0110,1","+0098,1","10137,1",,"2,1,02,1","2,1,02,1","02,1,+01750,1,05,1","99,9,+99999,9,00,1",,"9,AGL   ,+99999,+99999","07,99,1,02,1,99,9,01750,1,99,9,99,9",,,"9,9,999,9,-003,1","10,1","SYN06442262 31794 73204 10110 20098 40137 71022 82022 333 10116 59003=",
"42262099999","2022-01-26T03:00:00","4","27.8833333","78.0666666","187.0","ALIGARH, IN","FM-12","99999","V020","320,1,N,0010,1","00030,1,W,N","000049,1,9,9","+0070,1","+0066,1","10170,1",,"4,1,02,1","4,1,02,1","09,1,+99999,9,99,9",,,"9,AGL   ,+99999,+99999","09,99,1,09,1,99,9,99999,9,99,9,99,9","240,M,+0116,1","240,N,+0054,1","9,9,999,9,+005,1","43,1","SYN08042262 31/90 93202 10070 20066 40170 74344 89/// 333 10116 20054 58005 555 10031=",
"42262099999","2022-01-26T12:00:00","4","27.8833333","78.0666666","187.0","ALIGARH, IN","FM-12","99999","V020","320,1,N,0010,1","22000,1,9,N","001000,1,9,9","+0144,1","+0110,1","10154,1",,"2,1,02,1","1,1,02,1","99,9,+99999,9,00,1",,,"9,AGL   ,+99999,+99999","03,99,1,00,1,99,9,99999,9,99,9,99,9",,,"9,9,999,9,+018,1","10,1","SYN06442262 31994 33202 10144 20110 40154 71021 80002 333 10166 58018=","Q01    003SCCGA1"
"42262099999","2022-01-27T03:00:00","4","27.8833333","78.0666666","187.0","ALIGARH, IN","FM-12","99999","V020","320,1,N,0021,1","99999,9,9,N","000200,1,9,9","+0082,1","+0078,1","10179,1",,"4,1,02,1","4,1,02,1",,,,,,"240,M,+0166,1","240,N,+0056,1","9,9,999,9,+010,1","42,1","SYN07442262 31992 03204 10082 20078 40179 74244 333 10166 20056 58010 555 10031=",
"42262099999","2022-01-27T12:00:00","4","27.8833333","78.0666666","187.0","ALIGARH, IN","FM-12","99999","V020","320,1,N,0031,1","99999,9,9,N","001000,1,9,9","+0156,1","+0127,1","10163,1",,"0,1,02,1","0,1,02,1",,,,,,,,"9,9,999,9,+010,1","10,1","SYN05842262 31994 03206 10156 20127 40163 71000 333 10186 58010=",
"42262099999","2022-01-28T03:00:00","4","27.8833333","78.0666666","187.0","ALIGARH, IN","FM-12","99999","V020","320,1,N,0021,1","99999,9,9,N","002000,1,9,9","+0088,1","+0062,1","10179,1",,"0,1,02,1","0,1,02,1",,,,,,"240,M,+0186,1","240,N,+0066,1","9,9,999,9,+000,1","10,1","SYN07442262 31995 03204 10088 20062 40179 71000 333 10186 20066 58000 555 10031=",
"42262099999","2022-01-28T12:00:00","4","27.8833333","78.0666666","187.0","ALIGARH, IN","FM-12","99999","V020","320,1,N,0031,1","99999,9,9,N","002000,1,9,9","+0174,1","+0080,1","10162,1",,"0,1,02,1","0,1,02,1",,,,,,,,"9,9,999,9,+000,1","05,1","SYN05842262 31995 03206 10174 20080 40162 70500 333 10202 58000=",
"42262099999","2022-01-29T03:00:00","4","27.8833333","78.0666666","187.0","ALIGARH, IN","FM-12","99999","V020","320,1,N,0010,1","99999,9,9,N","002000,1,9,9","+0088,1","+0067,1","10190,1",,"0,1,02,1","0,1,02,1",,,,,,"240,M,+0202,1","240,N,+0064,1","9,9,999,9,+011,1","10,1","SYN07442262 31995 03202 10088 20067 40190 71000 333 10202 20064 58011 555 10031=",
"42262099999","2022-01-29T12:00:00","4","27.8833333","78.0666666","187.0","ALIGARH, IN","FM-12","99999","V020","320,1,N,0010,1","99999,9,9,N","002000,1,9,9","+0186,1","+0100,1","10154,1",,"0,1,02,1","0,1,02,1",,,,,,,,"9,9,999,9,-006,1","05,1","SYN05842262 31995 03202 10186 20100 40154 70500 333 10212 59006=",
"42262099999","2022-01-30T03:00:00","4","27.8833333","78.0666666","187.0","ALIGARH, IN","FM-12","99999","V020","320,1,N,0031,1","99999,9,9,N","002000,1,9,9","+0112,1","+0084,1","10136,1",,"0,1,02,1","0,1,02,1",,,,,,"240,M,+0212,1","240,N,+0086,1","9,9,999,9,-050,1","10,1","SYN07442262 31995 03206 10112 20084 40136 71000 333 10212 20086 59050 555 10031=",
"42262099999","2022-01-30T12:00:00","4","27.8833333","78.0666666","187.0","ALIGARH, IN","FM-12","99999","V020","320,1,N,0031,1","99999,9,9,N","002000,1,9,9","+0194,1","+0097,1","10094,1",,"0,1,02,1","0,1,02,1",,,,,,,,"9,9,999,9,-059,1","05,1","SYN05842262 31995 03206 10194 20097 40094 70500 333 10226 59059=",
"42262099999","2022-01-31T03:00:00","4","27.8833333","78.0666666","187.0","ALIGARH, IN","FM-12","99999","V020","050,1,N,0031,1","00030,1,W,N","000050,1,9,9","+0078,1","+0078,1","10146,1",,"4,1,02,1","4,1,02,1","09,1,+99999,9,99,9",,,"9,AGL   ,+99999,+99999","09,99,1,09,1,99,9,99999,9,99,9,99,9","240,M,+0226,1","240,N,+0060,1","9,9,999,9,+006,1","43,1","SYN08042262 31/91 90506 10078 20078 40146 74344 89/// 333 10226 20060 58006 555 10031=",
"42262099999","2022-01-31T12:00:00","4","27.8833333","78.0666666","187.0","ALIGARH, IN","FM-12","99999","V020","050,1,N,0021,1","99999,9,9,N","001000,1,9,9","+0144,1","+0110,1","10114,1",,"0,1,02,1","0,1,02,1",,,,,,,,"9,9,999,9,+016,1","10,1","SYN05842262 31994 00504 10144 20110 40114 71000 333 10160 58016=",
"42262099999","2022-02-01T03:00:00","4","27.8833333","78.0666666","187.0","ALIGARH, IN","FM-12","99999","V020","999,9,C,0000,1","00030,1,W,N","000049,1,9,9","+0090,1","+9999,9","10134,1",,"4,1,02,1","4,1,02,1","09,1,+99999,9,99,9",,,"9,AGL   ,+99999,+99999","09,99,1,09,1,99,9,99999,9,99,9,99,9","240,M,+0160,1","240,N,+0074,1","9,9,999,9,-010,1","43,1","SYN08042262 31/90 90000 10090 20092 40134 74344 89/// 333 10160 20074 59010 555 10031=",
"42262099999","2022-02-01T12:00:00","4","27.8833333","78.0666666","187.0","ALIGARH, IN","FM-12","99999","V020","320,1,N,0021,1","99999,9,9,N","001000,1,9,9","+0150,1","+0092,1","10095,1",,"0,1,02,1","0,1,02,1",,,,,,,,"9,9,999,9,-017,1","05,1","SYN05842262 31994 03204 10150 20092 40095 70500 333 10172 59017=",
"42262099999","2022-02-02T03:00:00","4","27.8833333","78.0666666","187.0","ALIGARH, IN","FM-12","99999","V020","320,1,N,0010,1","00060,1,W,N","000200,1,9,9","+0112,1","+0104,1","10133,1",,"4,1,02,1","4,1,02,1","09,1,+99999,9,99,9",,,"9,AGL   ,+99999,+99999","09,99,1,09,1,99,9,99999,9,99,9,99,9","240,M,+0172,1","240,N,+0094,1","9,9,999,9,+001,1","43,1","SYN08042262 31/92 93202 10112 20104 40133 74344 89/// 333 10172 20094 58001 555 10031=",
"42262099999","2022-02-02T12:00:00","4","27.8833333","78.0666666","187.0","ALIGARH, IN","FM-12","99999","V020","050,1,N,0021,1","22000,1,9,N","001000,1,9,9","+0160,1","+0128,1","10106,1",,"2,1,02,1","2,1,02,1","99,9,+99999,9,00,1",,,"9,AGL   ,+99999,+99999","04,99,1,00,1,99,9,99999,9,99,9,99,9",,,"9,9,999,9,+001,1","10,1","SYN06442262 31994 40504 10160 20128 40106 71022 80002 333 10182 58001=","Q01    003SCCGA1"
"42262099999","2022-02-03T03:00:00","4","27.8833333","78.0666666","187.0","ALIGARH, IN","FM-12","99999","V020","050,1,N,0036,1","22000,1,9,N","001000,1,9,9","+0110,1","+0098,1","10093,1",,"2,1,02,1","1,1,02,1","99,9,+99999,9,00,1",,,"9,AGL   ,+99999,+99999","04,99,1,00,1,99,9,99999,9,99,9,99,9","240,M,+0182,1","240,N,+0094,1","9,9,999,9,-039,1","10,1","SYN08042262 31994 40507 10110 20098 40093 71021 80002 333 10182 20094 59039 555 10031=","Q01    003SCCGA1"
"42262099999","2022-02-03T12:00:00","4","27.8833333","78.0666666","187.0","ALIGARH, IN","FM-12","99999","V020","050,1,N,0041,1","99999,9,9,N","001000,1,9,9","+0120,1","+0109,1","10056,1","09,0008,3,1","2,1,02,1","2,1,02,1","02,1,+02250,1,05,1","99,9,+99999,9,00,1",,"9,AGL   ,+99999,+99999","07,99,1,02,1,99,9,02250,1,99,9,99,9",,,"9,9,999,9,-052,1","10,1","SYN07042262 21894 70508 10120 20109 40056 71022 82022 333 10138 59052 6998/=",
"42262099999","2022-02-04T03:00:00","4","27.8833333","78.0666666","187.0","ALIGARH, IN","FM-12","99999","V020","230,1,N,0010,1","99999,9,9,N","001000,1,9,9","+0112,1","+0096,1","10109,1","24,0008,3,1","2,1,02,1","2,1,02,1","02,1,+99999,9,05,1","99,9,+99999,9,00,1",,"9,AGL   ,+99999,+99999","07,99,1,02,1,99,9,99999,9,99,9,99,9","240,M,+0138,1","240,N,+0086,1","9,9,999,9,+015,1","10,1","SYN09242262 21994 72302 10112 20096 40109 71022 82022 333 10138 20086 58015 6998/ 555 00008 10032=",
"42262099999","2022-02-04T12:00:00","4","27.8833333","78.0666666","187.0","ALIGARH, IN","FM-12","99999","V020","999,9,C,0000,1","22000,1,9,N","001000,1,9,9","+0152,1","+0115,1","10103,1","09,0006,3,1","2,1,02,1","1,1,02,1","99,9,+99999,9,00,1",,,"9,AGL   ,+99999,+99999","03,99,1,00,1,99,9,99999,9,99,9,99,9",,,"9,9,999,9,+048,1","10,1","SYN07042262 21994 30000 10152 20115 40103 71021 80002 333 10160 58048 6996/=","Q01    003SCCGA1"
"42262099999","2022-02-05T03:00:00","4","27.8833333","78.0666666","187.0","ALIGARH, IN","FM-12","99999","V020","999,9,C,0000,1","00030,1,W,N","000049,1,9,9","+0082,1","+0082,1","10150,1","24,0006,3,1","4,1,02,1","4,1,02,1","09,1,+99999,9,99,9",,,"9,AGL   ,+99999,+99999","09,99,1,09,1,99,9,99999,9,99,9,99,9","240,M,+0160,1","240,N,+0056,1","9,9,999,9,+038,1","43,1","SYN09242262 21/90 90000 10082 20082 40150 74344 89/// 333 10160 20056 58038 6996/ 555 00006 10032=",
"42262099999","2022-02-05T12:00:00","4","27.8833333","78.0666666","187.0","ALIGARH, IN","FM-12","99999","V020","320,1,N,0010,1","22000,1,9,N","001000,1,9,9","+0150,1","+0109,1","10136,1",,"2,1,02,1","1,1,02,1","99,9,+00800,1,00,1",,,"9,AGL   ,+99999,+99999","02,99,1,00,1,99,9,00800,1,99,9,99,9",,,"9,9,999,9,+033,1","10,1","SYN06442262 31594 23202 10150 20109 40136 71021 80001 333 10166 58033=","Q01    003SCCGA1"
"42262099999","2022-02-06T03:00:00","4","27.8833333","78.0666666","187.0","ALIGARH, IN","FM-12","99999","V020","320,1,N,0010,1","00030,1,W,N","000049,1,9,9","+0076,1","+0076,1","10177,1",,"4,1,02,1","4,1,02,1","09,1,+99999,9,99,9",,,"9,AGL   ,+99999,+99999","09,99,1,09,1,99,9,99999,9,99,9,99,9","240,M,+0166,1","240,N,+0058,1","9,9,999,9,+025,1","43,1","SYN08042262 31/90 93202 10076 20076 40177 74344 89/// 333 10166 20058 58025 555 10032=",
"42262099999","2022-02-06T12:00:00","4","27.8833333","78.0666666","187.0","ALIGARH, IN","FM-12","99999","V020","320,1,N,0010,1","99999,9,9,N","002000,1,9,9","+0174,1","+0111,1","10152,1",,"0,1,02,1","0,1,02,1",,,,,,,,"9,9,999,9,+017,1","05,1","SYN05842262 31995 03202 10174 20111 40152 70500 333 10196 58017=",
"42262099999","2022-02-07T03:00:00","4","27.8833333","78.0666666","187.0","ALIGARH, IN","FM-12","99999","V020","140,1,N,0010,1","99999,9,9,N","001000,1,9,9","+0106,1","+0098,1","10172,1",,"0,1,02,1","0,1,02,1",,,,,,"240,M,+0196,1","240,N,+0068,1","9,9,999,9,-002,1","10,1","SYN06442262 31994 01402 10106 20098 40172 71000 333 10196 20068 59002=",
"42262099999","2022-02-07T12:00:00","4","27.8833333","78.0666666","187.0","ALIGARH, IN","FM-12","99999","V020","320,1,N,0010,1","99999,9,9,N","004000,1,9,9","+0206,1","+0141,1","10131,1",,,,,,,,,,,"9,9,999,9,+018,1",,"SYN05242262 32996 03202 10206 20141 40131 333 10228 58018=",
"42262099999","2022-02-08T03:00:00","4","27.8833333","78.0666666","187.0","ALIGARH, IN","FM-12","99999","V020","140,1,N,0010,1","99999,9,9,N","001000,1,9,9","+0136,1","+0121,1","10150,1",,"0,1,02,1","0,1,02,1",,,,,,"240,M,+0228,1","240,N,+0106,1","9,9,999,9,-020,1","10,1","SYN07442262 31994 01402 10136 20121 40150 71000 333 10228 20106 59020 555 10032=",
"42262099999","2022-02-08T12:00:00","4","27.8833333","78.0666666","187.0","ALIGARH, IN","FM-12","99999","V020","050,1,N,0010,1","22000,1,9,N","002000,1,9,9","+0214,1","+0146,1","10118,1",,"0,1,02,1","0,1,02,1","99,9,+99999,9,00,1",,,"9,AGL   ,+99999,+99999","01,99,1,00,1,99,9,99999,9,99,9,99,9",,,"9,9,999,9,-013,1","05,1","SYN06442262 31995 10502 10214 20146 40118 70500 80001 333 10246 59013=","Q01    003SCCGA1"
"42262099999","2022-02-09T03:00:00","4","27.8833333","78.0666666","187.0","ALIGARH, IN","FM-12","99999","V020","050,1,N,0010,1","99999,9,9,N","001000,1,9,9","+0136,1","+0117,1","10160,1","24,0100,3,1","6,1,02,1","2,1,02,1","02,1,+00800,1,06,1","99,9,+99999,9,05,1",,"9,AGL   ,+99999,+99999","07,99,1,02,1,99,9,00800,1,99,9,99,9","240,M,+0246,1","240,N,+0126,1","9,9,999,9,+020,1","61,1","SYN09242262 21594 70502 10136 20117 40160 76162 82520 333 10246 20126 58020 6010/ 555 00102 10042=",
"42262099999","2022-02-11T03:00:00","4","27.8833333","78.0666666","187.0","ALIGARH, IN","FM-12","99999","V020","230,1,N,0031,1","99999,9,9,N","001000,1,9,9","+0112,1","+0088,1","10179,1",,"0,1,02,1","0,1,02,1",,,,,,"240,M,+0216,1","240,N,+0080,1","9,9,999,9,+006,1","10,1","SYN07442262 31994 02306 10112 20088 40179 71000 333 10216 20080 58006 555 10043=",
"42262099999","2022-02-11T12:00:00","4","27.8833333","78.0666666","187.0","ALIGARH, IN","FM-12","99999","V020","320,1,N,0031,1","99999,9,9,N","002000,1,9,9","+0198,1","+0131,1","10146,1",,"0,1,02,1","0,1,02,1",,,,,,,,"9,9,999,9,+029,1","05,1","SYN05842262 31995 03206 10198 20131 40146 70500 333 10220 58029=",
"42262099999","2022-02-12T03:00:00","4","27.8833333","78.0666666","187.0","ALIGARH, IN","FM-12","99999","V020","320,1,N,0031,1","99999,9,9,N","002000,1,9,9","+0124,1","+0079,1","10167,1",,"0,1,02,1","0,1,02,1",,,,,,"240,M,+0220,1","240,N,+0092,1","9,9,999,9,-012,1","05,1","SYN07442262 31995 03206 10124 20079 40167 70500 333 10220 20092 59012 555 10043=",
"42262099999","2022-02-12T12:00:00","4","27.8833333","78.0666666","187.0","ALIGARH, IN","FM-12","99999","V020","320,1,N,0010,1","99999,9,9,N","004000,1,9,9","+0218,1","+0105,1","10134,1",,,,,,,,,,,"9,9,999,9,-011,1",,"SYN05242262 32996 03202 10218 20105 40134 333 10232 59011=",
"42262099999","2022-02-13T03:00:00","4","27.8833333","78.0666666","187.0","ALIGARH, IN","FM-12","99999","V020","999,9,C,0000,1","99999,9,9,N","001000,1,9,9","+0116,1","+0092,1","10156,1",,"0,1,02,1","0,1,02,1",,,,,,"240,M,+0232,1","240,N,+0080,1","9,9,999,9,-011,1","10,1","SYN07442262 31994 00000 10116 20092 40156 71000 333 10232 20080 59011 555 10043=",
"42262099999","2022-02-13T12:00:00","4","27.8833333","78.0666666","187.0","ALIGARH, IN","FM-12","99999","V020","999,9,C,0000,1","99999,9,9,N","004000,1,9,9","+0228,1","+0100,1","10124,1",,,,,,,,,,,"9,9,999,9,+001,1",,"SYN05242262 32996 00000 10228 20100 40124 333 10242 58001=",
"42262099999","2022-02-14T03:00:00","4","27.8833333","78.0666666","187.0","ALIGARH, IN","FM-12","99999","V020","230,1,N,0010,1","99999,9,9,N","000500,1,9,9","+0124,1","+0113,1","10156,1",,"0,1,02,1","0,1,02,1",,,,,,"240,M,+0242,1","240,N,+0080,1","9,9,999,9,+000,1","42,1","SYN07442262 31993 02302 10124 20113 40156 74200 333 10242 20080 58000 555 10043=",
"42262099999","2022-02-14T12:00:00","4","27.8833333","78.0666666","187.0","ALIGARH, IN","FM-12","99999","V020","320,1,N,0010,1","99999,9,9,N","004000,1,9,9","+0228,1","+0109,1","10120,1",,,,,,,,,,,"9,9,999,9,-004,1",,"SYN05242262 32996 03202 10228 20109 40120 333 10248 59004=",
"42262099999","2022-02-15T03:00:00","4","27.8833333","78.0666666","187.0","ALIGARH, IN","FM-12","99999","V020","999,9,C,0000,1","99999,9,9,N","002000,1,9,9","+0130,1","+0103,1","10161,1",,"0,1,02,1","0,1,02,1",,,,,,"240,M,+0248,1","240,N,+0106,1","9,9,999,9,+006,1","10,1","SYN07442262 31995 00000 10130 20103 40161 71000 333 10248 20106 58006 555 10043=",
"42262099999","2022-02-15T12:00:00","4","27.8833333","78.0666666","187.0","ALIGARH, IN","FM-12","99999","V020","320,1,N,0015,1","99999,9,9,N","002000,1,9,9","+0232,1","+0096,1","10119,1",,"0,1,02,1","0,1,02,1",,,,,,,,"9,9,999,9,+000,1","05,1","SYN05842262 31995 03203 10232 20096 40119 70500 333 10254 58000=",
"42262099999","2022-02-16T03:00:00","4","27.8833333","78.0666666","187.0","ALIGARH, IN","FM-12","99999","V020","999,9,C,0000,1","99999,9,9,N","000200,1,9,9","+0134,1","+0115,1","10136,1",,"4,1,02,1","4,1,02,1",,,,,,"240,M,+0254,1","240,N,+0110,1","9,9,999,9,-024,1","42,1","SYN07442262 31992 00000 10134 20115 40136 74244 333 10254 20110 59024 555 10043=",
"42262099999","2022-02-16T12:00:00","4","27.8833333","78.0666666","187.0","ALIGARH, IN","FM-12","99999","V020","320,1,N,0010,1","99999,9,9,N","002000,1,9,9","+0234,1","+0132,1","10096,1",,,,,,,,,,,"9,9,999,9,-022,1",,"SYN05242262 31995 03202 10234 20132 40096 333 10252 59022=",
"42262099999","2022-02-17T03:00:00","4","27.8833333","78.0666666","187.0","ALIGARH, IN","FM-12","99999","V020","320,1,N,0015,1","99999,9,9,N","000500,1,9,9","+0136,1","+0125,1","10127,1",,"0,1,02,1","0,1,02,1",,,,,,"240,M,+0252,1","240,N,+0110,1","9,9,999,9,-009,1","42,1","SYN07442262 31993 03203 10136 20125 40127 74200 333 10252 20110 59009 555 10043=",
"42262099999","2022-02-17T12:00:00","4","27.8833333","78.0666666","187.0","ALIGARH, IN","FM-12","99999","V020","320,1,N,0010,1","99999,9,9,N","004000,1,9,9","+0240,1","+0138,1","10098,1",,,,,,,,,,,"9,9,999,9,+002,1",,"SYN05242262 32996 03202 10240 20138 40098 333 10260 58002=",
"42262099999","2022-02-18T03:00:00","4","27.8833333","78.0666666","187.0","ALIGARH, IN","FM-12","99999","V020","320,1,N,0010,1","99999,9,9,N","001000,1,9,9","+0140,1","+0114,1","10137,1",,"0,1,02,1","0,1,02,1",,,,,,"240,M,+0260,1","240,N,+0112,1","9,9,999,9,+011,1","10,1","SYN07442262 31994 03202 10140 20114 40137 71000 333 10260 20112 58011 555 10043=",
"42262099999","2022-02-18T12:00:00","4","27.8833333","78.0666666","187.0","ALIGARH, IN","FM-12","99999","V020","320,1,N,0010,1","99999,9,9,N","004000,1,9,9","+0248,1","+0123,1","10101,1",,,,,,,,,,,"9,9,999,9,+003,1",,"SYN05242262 32996 03202 10248 20123 40101 333 10272 58003=",
"42262099999","2022-02-19T03:00:00","4","27.8833333","78.0666666","187.0","ALIGARH, IN","FM-12","99999","V020","320,1,N,0010,1","99999,9,9,N","002000,1,9,9","+0150,1","+0121,1","10156,1",,"0,1,02,1","0,1,02,1",,,,,,"240,M,+0272,1","240,N,+0122,1","9,9,999,9,+019,1","10,1","SYN07442262 31995 03202 10150 20121 40156 71000 333 10272 20122 58019 555 10043=",
"42262099999","2022-02-19T12:00:00","4","27.8833333","78.0666666","187.0","ALIGARH, IN","FM-12","99999","V020","320,1,N,0031,1","99999,9,9,N","004000,1,9,9","+0250,1","+0121,1","10115,1",,,,,,,,,,,"9,9,999,9,+014,1",,"SYN05242262 32996 03206 10250 20121 40115 333 10268 58014=",
"42262099999","2022-02-20T03:00:00","4","27.8833333","78.0666666","187.0","ALIGARH, IN","FM-12","99999","V020","320,1,N,0031,1","99999,9,9,N","002000,1,9,9","+0144,1","+0110,1","10099,1",,"0,1,02,1","0,1,02,1",,,,,,"240,M,+0268,1","240,N,+0114,1","9,9,999,9,-055,1","10,1","SYN06442262 31995 03206 10144 20110 40099 71000 333 10268 20114 59055=",
"42262099999","2022-02-20T12:00:00","4","27.8833333","78.0666666","187.0","ALIGARH, IN","FM-12","99999","V020","320,1,N,0041,1","99999,9,9,N","004000,1,9,9","+0236,1","+0124,1","10053,1",,,,,,,,,,,"9,9,999,9,-062,1",,"SYN05242262 32996 03208 10236 20124 40053 333 10256 59062=",
"42262099999","2022-02-21T03:00:00","4","27.8833333","78.0666666","187.0","ALIGARH, IN","FM-12","99999","V020","320,1,N,0031,1","99999,9,9,N","002000,1,9,9","+0148,1","+0089,1","10094,1",,"0,1,02,1","0,1,02,1",,,,,,"240,M,+0256,1","240,N,+0114,1","9,9,999,9,-006,1","05,1","SYN07442262 31995 03206 10148 20089 40094 70500 333 10256 20114 59006 555 10043=",
"42262099999","2022-02-21T12:00:00","4","27.8833333","78.0666666","187.0","ALIGARH, IN","FM-12","99999","V020","320,1,N,0026,1","99999,9,9,N","004000,1,9,9","+0238,1","+0105,1","10072,1",,,,,,,,,,,"9,9,999,9,+019,1",,"SYN05242262 32996 03205 10238 20105 40072 333 10252 58019=",
"42262099999","2022-02-22T03:00:00","4","27.8833333","78.0666666","187.0","ALIGARH, IN","FM-12","99999","V020","050,1,N,0036,1","99999,9,9,N","002000,1,9,9","+0162,1","+0084,1","10124,1",,"0,1,02,1","0,1,02,1",,,,,,"240,M,+0252,1","240,N,+0124,1","9,9,999,9,+031,1","05,1","SYN07442262 31995 00507 10162 20084 40124 70500 333 10252 20124 58031 555 10043=",
"42262099999","2022-02-22T12:00:00","4","27.8833333","78.0666666","187.0","ALIGARH, IN","FM-12","99999","V020","050,1,N,0046,1","22000,1,9,N","002000,1,9,9","+0242,1","+0140,1","10087,1",,"0,1,02,1","0,1,02,1","99,9,+99999,9,00,1",,,"9,AGL   ,+99999,+99999","02,99,1,00,1,99,9,99999,9,99,9,99,9",,,"9,9,999,9,+016,1","05,1","SYN06442262 31995 20509 10242 20140 40087 70500 80001 333 10258 58016=","Q01    003SCCGA1"
"42262099999","2022-02-23T03:00:00","4","27.8833333","78.0666666","187.0","ALIGARH, IN","FM-12","99999","V020","050,1,N,0046,1","22000,1,9,N","002000,1,9,9","+0156,1","+0135,1","10150,1",,"0,1,02,1","0,1,02,1",,,,"9,AGL   ,+99999,+99999","04,99,1,99,9,99,9,99999,9,99,9,99,9","240,M,+0258,1","240,N,+0140,1","9,9,999,9,+024,1","10,1","SYN07442262 31995 40509 10156 20135 40150 71000 333 10258 20140 58024 555 10043=",
"42262099999","2022-02-23T12:00:00","4","27.8833333","78.0666666","187.0","ALIGARH, IN","FM-12","99999","V020","050,1,N,0036,1","22000,1,9,N","002000,1,9,9","+0214,1","+0157,1","10130,1",,"2,1,02,1","1,1,02,1","99,9,+99999,9,00,1",,,"9,AGL   ,+99999,+99999","04,99,1,00,1,99,9,99999,9,99,9,99,9",,,"9,9,999,9,+039,1","05,1","SYN06442262 31995 40507 10214 20157 40130 70521 80002 333 10228 58039=","Q01    003SCCGA1"
"42262099999","2022-02-24T03:00:00","4","27.8833333","78.0666666","187.0","ALIGARH, IN","FM-12","99999","V020","050,1,N,0010,1","99999,9,9,N","001000,1,9,9","+0162,1","+0137,1","10173,1",,"2,1,02,1","2,1,02,1","99,9,+99999,9,00,1",,,"9,AGL   ,+99999,+99999","06,99,1,00,1,99,9,99999,9,99,9,99,9","240,M,+0228,1","240,N,+0138,1","9,9,999,9,+024,1","10,1","SYN08042262 31994 60502 10162 20137 40173 71022 80002 333 10228 20138 58024 555 10043=","Q01    003SCCGA1"
"42262099999","2022-02-24T12:00:00","4","27.8833333","78.0666666","187.0","ALIGARH, IN","FM-12","99999","V020","050,1,N,0010,1","22000,1,9,N","002000,1,9,9","+0222,1","+0152,1","10142,1",,"2,1,02,1","1,1,02,1","99,9,+99999,9,00,1",,,"9,AGL   ,+99999,+99999","03,99,1,00,1,99,9,99999,9,99,9,99,9",,,"9,9,999,9,+012,1","05,1","SYN06442262 31995 30502 10222 20152 40142 70521 80002 333 10238 58012=","Q01    003SCCGA1"
"42262099999","2022-02-25T03:00:00","4","27.8833333","78.0666666","187.0","ALIGARH, IN","FM-12","99999","V020","050,1,N,0010,1","99999,9,9,N","000500,1,9,9","+0172,1","+0159,1","10178,1",,"4,1,02,1","4,1,02,1",,,,,,"240,M,+0238,1","240,N,+0144,1","9,9,999,9,+005,1","42,1","SYN07442262 31993 00502 10172 20159 40178 74244 333 10238 20144 58005 555 10043=",
"42262099999","2022-02-25T12:00:00","4","27.8833333","78.0666666","187.0","ALIGARH, IN","FM-12","99999","V020","050,1,N,0010,1","22000,1,9,N","002000,1,9,9","+0254,1","+0163,1","10142,1",,"2,1,02,1","1,1,02,1","99,9,+99999,9,00,1",,,"9,AGL   ,+99999,+99999","02,99,1,00,1,99,9,99999,9,99,9,99,9",,,"9,9,999,9,+002,1","05,1","SYN06442262 31995 20502 10254 20163 40142 70521 80002 333 10274 58002=","Q01    003SCCGA1"
"42262099999","2022-02-26T03:00:00","4","27.8833333","78.0666666","187.0","ALIGARH, IN","FM-12","99999","V020","050,1,N,0031,1","22000,1,9,N","002000,1,9,9","+0172,1","+0125,1","10184,1","24,0050,3,1","2,1,02,1","1,1,02,1","01,1,+01750,1,03,1","99,9,+99999,9,00,1",,"9,AGL   ,+99999,+99999","03,99,1,01,1,99,9,01750,1,99,9,99,9","240,M,+0274,1","240,N,+0140,1","9,9,999,9,+006,1","05,1","SYN09242262 21795 30506 10172 20125 40184 70521 81031 333 10274 20140 58006 6005/ 555 00052 10048=",
"42262099999","2022-02-26T12:00:00","4","27.8833333","78.0666666","187.0","ALIGARH, IN","FM-12","99999","V020","050,1,N,0046,1","99999,9,9,N","002000,1,9,9","+0196,1","+0156,1","10167,1",,"2,1,02,1","1,1,02,1","01,1,+01750,1,03,1","99,9,+99999,9,00,1",,"9,AGL   ,+99999,+99999","05,99,1,01,1,99,9,01750,1,99,9,99,9",,,"9,9,999,9,+021,1","10,1","SYN06442262 31795 50509 10196 20156 40167 71021 81032 333 10212 58021=",
"42262099999","2022-02-28T03:00:00","4","27.8833333","78.0666666","187.0","ALIGARH, IN","FM-12","99999","V020","320,1,N,0026,1","99999,9,9,N","002000,1,9,9","+0138,1","+0112,1","10181,1",,"0,1,02,1","0,1,02,1",,,,,,"240,M,+0256,1","240,N,+0110,1","9,9,999,9,-016,1","10,1","SYN07442262 31995 03205 10138 20112 40181 71000 333 10256 20110 59016 555 10044=",
"42262099999","2022-02-28T12:00:00","4","27.8833333","78.0666666","187.0","ALIGARH, IN","FM-12","99999","V020","320,1,N,0026,1","99999,9,9,N","002000,1,9,9","+0230,1","+0146,1","10146,1",,"0,1,02,1","0,1,02,1",,,,,,,,"9,9,999,9,-015,1","05,1","SYN05842262 31995 03205 10230 20146 40146 70500 333 10248 59015=",
"42262099999","2022-03-01T03:00:00","4","27.8833333","78.0666666","187.0","ALIGARH, IN","FM-12","99999","V020","320,1,N,0015,1","99999,9,9,N","002000,1,9,9","+0134,1","+0115,1","10185,1",,"0,1,02,1","0,1,02,1",,,,,,"240,M,+0248,1","240,N,+0088,1","9,9,999,9,+004,1","05,1","SYN06442262 31995 03203 10134 20115 40185 70500 333 10248 20088 58004=",
"42262099999","2022-03-01T12:00:00","4","27.8833333","78.0666666","187.0","ALIGARH, IN","FM-12","99999","V020","320,1,N,0010,1","22000,1,9,N","002000,1,9,9","+0240,1","+0130,1","10146,1",,"2,1,02,1","1,1,02,1","99,9,+99999,9,00,1",,,"9,AGL   ,+99999,+99999","02,99,1,00,1,99,9,99999,9,99,9,99,9",,,"9,9,999,9,-014,1","05,1","SYN06442262 31995 23202 10240 20130 40146 70521 80001 333 10262 59014=","Q01    003SCCGA1"
"42262099999","2022-03-02T03:00:00","4","27.8833333","78.0666666","187.0","ALIGARH, IN","FM-12","99999","V020","320,1,N,0015,1","99999,9,9,N","001000,1,9,9","+0154,1","+0133,1","10187,1",,"0,1,02,1","0,1,02,1",,,,,,"240,M,+0262,1","240,N,+0124,1","9,9,999,9,-002,1","10,1","SYN07442262 31994 03203 10154 20133 40187 71000 333 10262 20124 59002 555 10000=",
"42262099999","2022-03-02T12:00:00","4","27.8833333","78.0666666","187.0","ALIGARH, IN","FM-12","99999","V020","320,1,N,0010,1","99999,9,9,N","004000,1,9,9","+0248,1","+0127,1","10144,1",,,,,,,,,,,"9,9,999,9,-004,1",,"SYN05242262 32996 03202 10248 20127 40144 333 10266 59004=",
"42262099999","2022-03-03T03:00:00","4","27.8833333","78.0666666","187.0","ALIGARH, IN","FM-12","99999","V020","320,1,N,0010,1","99999,9,9,N","002000,1,9,9","+0172,1","+0140,1","10176,1","24,0000,9,1","2,1,02,1","1,1,02,1","01,1,+01750,1,03,1","99,9,+99999,9,00,1",,"9,AGL   ,+99999,+99999","05,99,1,01,1,99,9,01750,1,99,9,99,9","240,M,+0266,1","240,N,+0140,1","9,9,999,9,-010,1","10,1","SYN09242262 21795 53202 10172 20140 40176 71021 81031 333 10266 20140 59010 6990/ 555 00000 10000=","Q01  00002PRCP24"
"42262099999","2022-03-03T12:00:00","4","27.8833333","78.0666666","187.0","ALIGARH, IN","FM-12","99999","V020","140,1,N,0010,1","99999,9,9,N","004000,1,9,9","+0270,1","+0135,1","10115,1",,,,,,,,,,,"9,9,999,9,-027,1",,"SYN05242262 32996 01402 10270 20135 40115 333 10288 59027=",
"42262099999","2022-03-04T03:00:00","4","27.8833333","78.0666666","187.0","ALIGARH, IN","FM-12","99999","V020","320,1,N,0021,1","99999,9,9,N","002000,1,9,9","+0174,1","+0146,1","10166,1",,"0,1,02,1","0,1,02,1",,,,,,"240,M,+0288,1","240,N,+0150,1","9,9,999,9,-010,1","10,1","SYN07442262 31995 03204 10174 20146 40166 71000 333 10288 20150 59010 555 10000=",
"42262099999","2022-03-04T12:00:00","4","27.8833333","78.0666666","187.0","ALIGARH, IN","FM-12","99999","V020","320,1,N,0015,1","99999,9,9,N","002000,1,9,9","+0270,1","+0160,1","10126,1",,"0,1,02,1","0,1,02,1",,,,,,,,"9,9,999,9,+011,1","05,1","SYN05842262 31995 03203 10270 20160 40126 70500 333 10292 58011=",
"42262099999","2022-03-05T03:00:00","4","27.8833333","78.0666666","187.0","ALIGARH, IN","FM-12","99999","V020","320,1,N,0031,1","99999,9,9,N","002000,1,9,9","+0156,1","+0135,1","10162,1",,"0,1,02,1","0,1,02,1",,,,,,"240,M,+0292,1","240,N,+0132,1","9,9,999,9,-005,1","10,1","SYN07442262 31995 03206 10156 20135 40162 71000 333 10292 20132 59005 555 10000=",
"42262099999","2022-03-05T12:00:00","4","27.8833333","78.0666666","187.0","ALIGARH, IN","FM-12","99999","V020","320,1,N,0031,1","99999,9,9,N","002000,1,9,9","+0248,1","+0160,1","10121,1",,"0,1,02,1","0,1,02,1",,,,,,,,"9,9,999,9,-007,1","05,1","SYN05842262 31995 03206 10248 20160 40121 70500 333 10262 59007=",
"42262099999","2022-03-06T03:00:00","4","27.8833333","78.0666666","187.0","ALIGARH, IN","FM-12","99999","V020","140,1,N,0021,1","22000,1,9,N","001000,1,9,9","+0168,1","+0136,1","10156,1",,"2,1,02,1","1,1,02,1","99,9,+99999,9,00,1",,,"9,AGL   ,+99999,+99999","04,99,1,00,1,99,9,99999,9,99,9,99,9","240,M,+0262,1","240,N,+0136,1","9,9,999,9,-005,1","10,1","SYN08042262 31994 41404 10168 20136 40156 71021 80001 333 10262 20136 59005 555 10000=","Q01    003SCCGA1"
"42262099999","2022-03-06T12:00:00","4","27.8833333","78.0666666","187.0","ALIGARH, IN","FM-12","99999","V020","050,1,N,0010,1","99999,9,9,N","002000,1,9,9","+0252,1","+0137,1","10120,1",,"2,1,02,1","1,1,02,1","99,9,+99999,9,00,1",,,"9,AGL   ,+99999,+99999","05,99,1,00,1,99,9,99999,9,99,9,99,9",,,"9,9,999,9,-001,1","05,1","SYN06442262 31995 50502 10252 20137 40120 70521 80001 333 10274 59001=","Q01    003SCCGA1"
"42262099999","2022-03-07T03:00:00","4","27.8833333","78.0666666","187.0","ALIGARH, IN","FM-12","99999","V020","140,1,N,0021,1","22000,1,9,N","002000,1,9,9","+0188,1","+0132,1","10163,1",,"2,1,02,1","1,1,02,1","99,9,+99999,9,00,1",,,"9,AGL   ,+99999,+99999","04,99,1,00,1,99,9,99999,9,99,9,99,9","240,M,+0274,1","240,N,+0140,1","9,9,999,9,+009,1","05,1","SYN08042262 31995 41404 10188 20132 40163 70521 80001 333 10274 20140 58009 555 10000=","Q01    003SCCGA1"
"42262099999","2022-03-07T12:00:00","4","27.8833333","78.0666666","187.0","ALIGARH, IN","FM-12","99999","V020","050,1,N,0010,1","99999,9,9,N","004000,1,9,9","+0264,1","+0144,1","10123,1",,,,,,,,,,,"9,9,999,9,+004,1",,"SYN05242262 32996 00502 10264 20144 40123 333 10286 58004=",
"42262099999","2022-03-08T03:00:00","4","27.8833333","78.0666666","187.0","ALIGARH, IN","FM-12","99999","V020","320,1,N,0010,1","99999,9,9,N","002000,1,9,9","+0180,1","+0146,1","10153,1",,"0,1,02,1","0,1,02,1",,,,,,"240,M,+0286,1","240,N,+0142,1","9,9,999,9,-010,1","10,1","SYN07442262 31995 03202 10180 20146 40153 71000 333 10286 20142 59010 555 10000=",
"42262099999","2022-03-08T12:00:00","4","27.8833333","78.0666666","187.0","ALIGARH, IN","FM-12","99999","V020","320,1,N,0015,1","22000,1,9,N","002000,1,9,9","+0278,1","+0170,1","10104,1",,"2,1,02,1","1,1,02,1","99,9,+99999,9,00,1",,,"9,AGL   ,+99999,+99999","03,99,1,00,1,99,9,99999,9,99,9,99,9",,,"9,9,999,9,-018,1","05,1","SYN06442262 31995 33203 10278 20170 40104 70521 80001 333 10294 59018=","Q01    003SCCGA1"
"42262099999","2022-03-09T03:00:00","4","27.8833333","78.0666666","187.0","ALIGARH, IN","FM-12","99999","V020","320,1,N,0021,1","22000,1,9,N","002000,1,9,9","+0196,1","+0145,1","10141,1",,"0,1,02,1","0,1,02,1","99,9,+99999,9,00,1",,,"9,AGL   ,+99999,+99999","03,99,1,00,1,99,9,99999,9,99,9,99,9","240,M,+0294,1","240,N,+0162,1","9,9,999,9,-011,1","05,1","SYN08042262 31995 33204 10196 20145 40141 70500 80001 333 10294 20162 59011 555 10000=","Q01    003SCCGA1"
"42262099999","2022-03-09T12:00:00","4","27.8833333","78.0666666","187.0","ALIGARH, IN","FM-12","99999","V020","320,1,N,0010,1","99999,9,9,N","004000,1,9,9","+0308,1","+0161,1","10098,1",,,,,,,,,,,"9,9,999,9,-004,1",,"SYN05242262 32996 03202 10308 20161 40098 333 10320 59004=",
"42262099999","2022-03-10T03:00:00","4","27.8833333","78.0666666","187.0","ALIGARH, IN","FM-12","99999","V020","270,1,N,0021,1","99999,9,9,N","002000,1,9,9","+0206,1","+0148,1","10139,1",,"2,1,02,1","1,1,02,1","01,1,+01750,1,03,1","99,9,+99999,9,00,1",,"9,AGL   ,+99999,+99999","05,99,1,01,1,99,9,01750,1,99,9,99,9","240,M,+0320,1","240,N,+0182,1","9,9,999,9,-001,1","05,1","SYN08042262 31795 52704 10206 20148 40139 70521 81032 333 10320 20182 59001 555 10000=",
"42262099999","2022-03-10T12:00:00","4","27.8833333","78.0666666","187.0","ALIGARH, IN","FM-12","99999","V020","320,1,N,0015,1","99999,9,9,N","004000,1,9,9","+0278,1","+0158,1","10109,1",,,,,,,,,,,"9,9,999,9,+009,1",,"SYN05242262 32996 03203 10278 20158 40109 333 10290 58009=",
"42262099999","2022-03-11T03:00:00","4","27.8833333","78.0666666","187.0","ALIGARH, IN","FM-12","99999","V020","320,1,N,0021,1","99999,9,9,N","002000,1,9,9","+0194,1","+0153,1","10149,1",,"0,1,02,1","0,1,02,1",,,,,,"240,M,+0290,1","240,N,+0164,1","9,9,999,9,+008,1","05,1","SYN07442262 31995 03204 10194 20153 40149 70500 333 10290 20164 58008 555 10000=",
"42262099999","2022-03-11T12:00:00","4","27.8833333","78.0666666","187.0","ALIGARH, IN","FM-12","99999","V020","320,1,N,0031,1","99999,9,9,N","004000,1,9,9","+0282,1","+0159,1","10101,1",,,,,,,,,,,"9,9,999,9,-008,1",,"SYN05242262 32996 03206 10282 20159 40101 333 10304 59008=",
"42262099999","2022-03-12T03:00:00","4","27.8833333","78.0666666","187.0","ALIGARH, IN","FM-12","99999","V020","320,1,N,0031,1","99999,9,9,N","002000,1,9,9","+0192,1","+0140,1","10127,1",,"0,1,02,1","0,1,02,1",,,,,,"240,M,+0304,1","240,N,+0158,1","9,9,999,9,-021,1","05,1","SYN07442262 31995 03206 10192 20140 40127 70500 333 10304 20158 59021 555 10000=",
"42262099999","2022-03-12T12:00:00","4","27.8833333","78.0666666","187.0","ALIGARH, IN","FM-12","99999","V020","320,1,N,0026,1","99999,9,9,N","004000,1,9,9","+0284,1","+0173,1","10091,1",,,,,,,,,,,"9,9,999,9,-009,1",,"SYN05242262 32996 03205 10284 20173 40091 333 10306 59009=",
"42262099999","2022-03-13T03:00:00","4","27.8833333","78.0666666","187.0","ALIGARH, IN","FM-12","99999","V020","320,1,N,0010,1","99999,9,9,N","002000,1,9,9","+0194,1","+0142,1","10122,1",,"0,1,02,1","0,1,02,1",,,,,,"240,M,+0306,1","240,N,+0158,1","9,9,999,9,-005,1","05,1","SYN07442262 31995 03202 10194 20142 40122 70500 333 10306 20158 59005 555 10000=",
"42262099999","2022-03-13T12:00:00","4","27.8833333","78.0666666","187.0","ALIGARH, IN","FM-12","99999","V020","320,1,N,0021,1","99999,9,9,N","004000,1,9,9","+0294,1","+0167,1","10086,1",,,,,,,,,,,"9,9,999,9,-005,1",,"SYN05242262 32996 03204 10294 20167 40086 333 10310 59005=",
"42262099999","2022-03-14T03:00:00","4","27.8833333","78.0666666","187.0","ALIGARH, IN","FM-12","99999","V020","320,1,N,0021,1","99999,9,9,N","002000,1,9,9","+0216,1","+0181,1","10122,1",,"0,1,02,1","0,1,02,1",,,,,,"240,M,+0310,1","240,N,+0166,1","9,9,999,9,+001,1","10,1","SYN07442262 31995 03204 10216 20181 40122 71000 333 10310 20166 58001 555 10000=",
"42262099999","2022-03-14T12:00:00","4","27.8833333","78.0666666","187.0","ALIGARH, IN","FM-12","99999","V020","320,1,N,0021,1","99999,9,9,N","004000,1,9,9","+0314,1","+0192,1","10081,1",,,,,,,,,,,"9,9,999,9,-003,1",,"SYN05242262 32996 03204 10314 20192 40081 333 10330 59003=",
"42262099999","2022-03-15T03:00:00","4","27.8833333","78.0666666","187.0","ALIGARH, IN","FM-12","99999","V020","320,1,N,0010,1","99999,9,9,N","002000,1,9,9","+0226,1","+0198,1","10099,1",,"0,1,02,1","0,1,02,1",,,,,,"240,M,+0330,1","240,N,+0194,1","9,9,999,9,-022,1","10,1","SYN07442262 31995 03202 10226 20198 40099 71000 333 10330 20194 59022 555 10000=",
"42262099999","2022-03-15T12:00:00","4","27.8833333","78.0666666","187.0","ALIGARH, IN","FM-12","99999","V020","320,1,N,0021,1","99999,9,9,N","004000,1,9,9","+0326,1","+0207,1","10037,1",,,,,,,,,"240,M,+0338,1",,"9,9,999,9,-043,1",,"SYN05242262 32996 03204 10326 20207 40037 333 10338 59043=",
"42262099999","2022-03-16T03:00:00","4","27.8833333","78.0666666","187.0","ALIGARH, IN","FM-12","99999","V020","320,1,N,0021,1","99999,9,9,N","001000,1,9,9","+0234,1","+0203,1","10065,1",,"0,1,02,1","0,1,02,1",,,,,,"240,M,+0338,1","240,N,+0198,1","9,9,999,9,-032,1","10,1","SYN07442262 31994 03204 10234 20203 40065 71000 333 10338 20198 59032 555 10000=",
"42262099999","2022-03-16T12:00:00","4","27.8833333","78.0666666","187.0","ALIGARH, IN","FM-12","99999","V020","320,1,N,0031,1","99999,9,9,N","002000,1,9,9","+0336,1","+0208,1","10014,1",,"0,1,02,1","0,1,02,1",,,,,,,,"9,9,999,9,-021,1","05,1","SYN05842262 31995 03206 10336 20208 40014 70500 333 10346 59021=",
"42262099999","2022-03-17T03:00:00","4","27.8833333","78.0666666","187.0","ALIGARH, IN","FM-12","99999","V020","320,1,N,0010,1","99999,9,9,N","002000,1,9,9","+0238,1","+0204,1","10069,1",,"0,1,02,1","0,1,02,1",,,,,,"240,M,+0346,1","240,N,+0202,1","9,9,999,9,+004,1","10,1","SYN07442262 31995 03202 10238 20204 40069 71000 333 10346 20202 58004 555 10000=",
"42262099999","2022-03-17T12:00:00","4","27.8833333","78.0666666","187.0","ALIGARH, IN","FM-12","99999","V020","050,1,N,0021,1","99999,9,9,N","002000,1,9,9","+0338,1","+0214,1","10039,1",,"0,1,02,1","0,1,02,1",,,,,,,,"9,9,999,9,+025,1","05,1","SYN05842262 31995 00504 10338 20214 40039 70500 333 10348 58025=",
"42262099999","2022-03-18T03:00:00","4","27.8833333","78.0666666","187.0","ALIGARH, IN","FM-12","99999","V020","320,1,N,0010,1","99999,9,9,N","004000,1,9,9","+0236,1","+0201,1","10073,1",,,,,,,,,"240,M,+0348,1","240,N,+0200,1","9,9,999,9,+004,1",,"SYN06842262 32996 03202 10236 20201 40073 333 10348 20200 58004 555 10000=",
"42262099999","2022-03-18T12:00:00","4","27.8833333","78.0666666","187.0","ALIGARH, IN","FM-12","99999","V020","320,1,N,0031,1","99999,9,9,N","004000,1,9,9","+0342,1","+0205,1","10045,1",,,,,,,,,,,"9,9,999,9,+005,1",,"SYN05242262 32996 03206 10342 20205 40045 333 10354 58005=",
"42262099999","2022-03-19T03:00:00","4","27.8833333","78.0666666","187.0","ALIGARH, IN","FM-12","99999","V020","140,1,N,0021,1","99999,9,9,N","002000,1,9,9","+0234,1","+0203,1","10072,1",,"0,1,02,1","0,1,02,1",,,,,,"240,M,+0354,1","240,N,+0198,1","9,9,999,9,-001,1","10,1","SYN07442262 31995 01404 10234 20203 40072 71000 333 10354 20198 59001 555 10000=",
"42262099999","2022-03-19T12:00:00","4","27.8833333","78.0666666","187.0","ALIGARH, IN","FM-12","99999","V020","360,1,N,0010,1","99999,9,9,N","002000,1,9,9","+0346,1","+0231,1","10022,1",,"0,1,02,1","0,1,02,1",,,,,,,,"9,9,999,9,-023,1","05,1","SYN05842262 31995 03602 10346 20231 40022 70500 333 10356 59023=",
"42262099999","2022-03-20T03:00:00","4","27.8833333","78.0666666","187.0","ALIGARH, IN","FM-12","99999","V020","140,1,N,0021,1","99999,9,9,N","002000,1,9,9","+0238,1","+0204,1","10053,1",,"0,1,02,1","0,1,02,1",,,,,,"240,M,+0356,1","240,N,+0200,1","9,9,999,9,-019,1","10,1","SYN07442262 31995 01404 10238 20204 40053 71000 333 10356 20200 59019 555 10000=",
"42262099999","2022-03-20T12:00:00","4","27.8833333","78.0666666","187.0","ALIGARH, IN","FM-12","99999","V020","320,1,N,0021,1","22000,1,9,N","002000,1,9,9","+0348,1","+0227,1","10001,1",,"2,1,02,1","1,1,02,1","99,9,+99999,9,00,1",,,"9,AGL   ,+99999,+99999","02,99,1,00,1,99,9,99999,9,99,9,99,9",,,"9,9,999,9,-022,1","05,1","SYN06442262 31995 23204 10348 20227 40001 70521 80001 333 10360 59022=","Q01    003SCCGA1"
"42262099999","2022-03-21T03:00:00","4","27.8833333","78.0666666","187.0","ALIGARH, IN","FM-12","99999","V020","320,1,N,0015,1","99999,9,9,N","002000,1,9,9","+0252,1","+0183,1","10068,1",,"0,1,02,1","0,1,02,1",,,,,,"240,M,+0360,1","240,N,+0210,1","9,9,999,9,+016,1","05,1","SYN07442262 31995 03203 10252 20183 40068 70500 333 10360 20210 58016 555 10000=",
"42262099999","2022-03-21T12:00:00","4","27.8833333","78.0666666","187.0","ALIGARH, IN","FM-12","99999","V020","320,1,N,0021,1","99999,9,9,N","002000,1,9,9","+0360,1","+0202,1","10032,1",,"0,1,02,1","0,1,02,1",,,,,,,,"9,9,999,9,+031,1","05,1","SYN05842262 31995 03204 10360 20202 40032 70500 333 10372 58031=",
"42262099999","2022-03-22T03:00:00","4","27.8833333","78.0666666","187.0","ALIGARH, IN","FM-12","99999","V020","230,1,N,0031,1","99999,9,9,N","002000,1,9,9","+0240,1","+0193,1","10077,1",,"0,1,02,1","0,1,02,1",,,,,,"240,M,+0372,1","240,N,+0202,1","9,9,999,9,+009,1","05,1","SYN07442262 31995 02306 10240 20193 40077 70500 333 10372 20202 58009 555 10000=",
"42262099999","2022-03-22T12:00:00","4","27.8833333","78.0666666","187.0","ALIGARH, IN","FM-12","99999","V020","320,1,N,0036,1","99999,9,9,N","004000,1,9,9","+0352,1","+0132,1","10041,1",,,,,,,,,,,"9,9,999,9,+008,1",,"SYN05242262 32996 03207 10352 20132 40041 333 10364 58008=",
"42262099999","2022-03-23T03:00:00","4","27.8833333","78.0666666","187.0","ALIGARH, IN","FM-12","99999","V020","230,1,N,0031,1","99999,9,9,N","002000,1,9,9","+0242,1","+0171,1","10090,1",,"0,1,02,1","0,1,02,1",,,,,,"240,M,+0364,1","240,N,+0192,1","9,9,999,9,+012,1","05,1","SYN07442262 31995 02306 10242 20171 40090 70500 333 10364 20192 58012 555 10000=",
"42262099999","2022-03-23T12:00:00","4","27.8833333","78.0666666","187.0","ALIGARH, IN","FM-12","99999","V020","320,1,N,0031,1","99999,9,9,N","002000,1,9,9","+0344,1","+0173,1","10039,1",,"0,1,02,1","0,1,02,1",,,,,,,,"9,9,999,9,-002,1","05,1","SYN05842262 31995 03206 10344 20173 40039 70500 333 10352 59002=",
"42262099999","2022-03-24T03:00:00","4","27.8833333","78.0666666","187.0","ALIGARH, IN","FM-12","99999","V020","140,1,N,0010,1","99999,9,9,N","002000,1,9,9","+0244,1","+0177,1","10063,1",,"0,1,02,1","0,1,02,1",,,,,,"240,M,+0352,1","240,N,+0206,1","9,9,999,9,-026,1","05,1","SYN07442262 31995 01402 10244 20177 40063 70500 333 10352 20206 59026 555 10000=",
"42262099999","2022-03-24T12:00:00","4","27.8833333","78.0666666","187.0","ALIGARH, IN","FM-12","99999","V020","320,1,N,0021,1","99999,9,9,N","004000,1,9,9","+0354,1","+0171,1","10017,1",,,,,,,,,,,"9,9,999,9,-021,1",,"SYN05242262 32996 03204 10354 20171 40017 333 10368 59021=",
"42262099999","2022-03-25T03:00:00","4","27.8833333","78.0666666","187.0","ALIGARH, IN","FM-12","99999","V020","320,1,N,0021,1","99999,9,9,N","002000,1,9,9","+0246,1","+0179,1","10066,1",,"0,1,02,1","0,1,02,1",,,,,,"240,M,+0368,1","240,N,+0206,1","9,9,999,9,+003,1","05,1","SYN07442262 31995 03204 10246 20179 40066 70500 333 10368 20206 58003 555 10000=",
"42262099999","2022-03-25T12:00:00","4","27.8833333","78.0666666","187.0","ALIGARH, IN","FM-12","99999","V020","320,1,N,0031,1","99999,9,9,N","004000,1,9,9","+0352,1","+0122,1","10024,1",,,,,,,,,,,"9,9,999,9,+007,1",,"SYN05242262 32996 03206 10352 20122 40024 333 10362 58007=",
"42262099999","2022-03-26T03:00:00","4","27.8833333","78.0666666","187.0","ALIGARH, IN","FM-12","99999","V020","320,1,N,0031,1","99999,9,9,N","004000,1,9,9","+0238,1","+0155,1","10096,1",,,,,,,,,"240,M,+0362,1","240,N,+0198,1","9,9,999,9,+028,1",,"SYN06842262 32996 03206 10238 20155 40096 333 10362 20198 58028 555 10000=",
"42262099999","2022-03-26T12:00:00","4","27.8833333","78.0666666","187.0","ALIGARH, IN","FM-12","99999","V020","320,1,N,0046,1","99999,9,9,N","002000,1,9,9","+0344,1","+0068,1","10056,1",,"0,1,02,1","0,1,02,1",,,,,,,,"9,9,999,9,+031,1","05,1","SYN05842262 31995 03209 10344 20068 40056 70500 333 10356 58031=",
"42262099999","2022-03-27T03:00:00","4","27.8833333","78.0666666","187.0","ALIGARH, IN","FM-12","99999","V020","320,1,N,0031,1","99999,9,9,N","004000,1,9,9","+0234,1","+0158,1","10095,1",,,,,,,,,"240,M,+0356,1","240,N,+0188,1","9,9,999,9,-002,1",,"SYN06842262 32996 03206 10234 20158 40095 333 10356 20188 59002 555 10000=",
"42262099999","2022-03-27T12:00:00","4","27.8833333","78.0666666","187.0","ALIGARH, IN","FM-12","99999","V020","320,1,N,0031,1","99999,9,9,N","004000,1,9,9","+0354,1","+0088,1","10058,1",,,,,,,,,,,"9,9,999,9,+002,1",,"SYN05242262 32996 03206 10354 20088 40058 333 10366 58002=",
"42262099999","2022-03-28T03:00:00","4","27.8833333","78.0666666","187.0","ALIGARH, IN","FM-12","99999","V020","320,1,N,0010,1","99999,9,9,N","004000,1,9,9","+0250,1","+0146,1","10092,1",,,,,,,,,"240,M,+0366,1","240,N,+0184,1","9,9,999,9,-002,1",,"SYN06842262 32996 03202 10250 20146 40092 333 10366 20184 59002 555 10000=",
"42262099999","2022-03-28T12:00:00","4","27.8833333","78.0666666","187.0","ALIGARH, IN","FM-12","99999","V020","320,1,N,0031,1","99999,9,9,N","004000,1,9,9","+0376,1","+0100,1","10049,1",,,,,,,,,,,"9,9,999,9,-007,1",,"SYN05242262 32996 03206 10376 20100 40049 333 10388 59007=",
"42262099999","2022-03-29T03:00:00","4","27.8833333","78.0666666","187.0","ALIGARH, IN","FM-12","99999","V020","320,1,N,0010,1","99999,9,9,N","004000,1,9,9","+0250,1","+0150,1","10065,1",,,,,,,,,"240,M,+0388,1","240,N,+0196,1","9,9,999,9,-026,1",,"SYN06842262 32996 03202 10250 20150 40065 333 10388 20196 59026 555 10000=",
"42262099999","2022-03-29T12:00:00","4","27.8833333","78.0666666","187.0","ALIGARH, IN","FM-12","99999","V020","320,1,N,0031,1","99999,9,9,N","004000,1,9,9","+0388,1","+0075,1","10023,1",,,,,,,,,,,"9,9,999,9,-025,1",,"SYN05242262 32996 03206 10388 20075 40023 333 10404 59025=",
"42262099999","2022-03-30T03:00:00","4","27.8833333","78.0666666","187.0","ALIGARH, IN","FM-12","99999","V020","230,1,N,0010,1","99999,9,9,N","004000,1,9,9","+0258,1","+0136,1","10066,1",,,,,,,,,"240,M,+0404,1","240,N,+0202,1","9,9,999,9,+001,1",,"SYN06842262 32996 02302 10258 20136 40066 333 10404 20202 58001 555 10000=",
"42262099999","2022-03-30T12:00:00","4","27.8833333","78.0666666","187.0","ALIGARH, IN","FM-12","99999","V020","230,1,N,0031,1","99999,9,9,N","004000,1,9,9","+0388,1","+0116,1","10025,1",,,,,,,,,,,"9,9,999,9,+002,1",,"SYN05242262 32996 02306 10388 20116 40025 333 10402 58002=",
"42262099999","2022-03-31T03:00:00","4","27.8833333","78.0666666","187.0","ALIGARH, IN","FM-12","99999","V020","140,1,N,0010,1","99999,9,9,N","004000,1,9,9","+0270,1","+0152,1","10068,1",,,,,,,,,"240,M,+0402,1","240,N,+0212,1","9,9,999,9,+004,1",,"SYN06842262 32996 01402 10270 20152 40068 333 10402 20212 58004 555 10000=",
"42262099999","2022-04-01T03:00:00","4","27.8833333","78.0666666","187.0","ALIGARH, IN","FM-12","99999","V020","320,1,N,0021,1","99999,9,9,N","004000,1,9,9","+0266,1","+0142,1","10071,1",,,,,,,,,"240,M,+0406,1","240,N,+0218,1","9,9,999,9,+002,1",,"SYN06842262 32996 03204 10266 20142 40071 333 10406 20218 58002 555 10000=",
"42262099999","2022-04-01T12:00:00","4","27.8833333","78.0666666","187.0","ALIGARH, IN","FM-12","99999","V020","320,1,N,0031,1","99999,9,9,N","004000,1,9,9","+0376,1","+0088,1","10035,1",,,,,,,,,,,"9,9,999,9,-003,1",,"SYN05242262 32996 03206 10376 20088 40035 333 10390 59003=",
"42262099999","2022-04-02T03:00:00","4","27.8833333","78.0666666","187.0","ALIGARH, IN","FM-12","99999","V020","320,1,N,0010,1","99999,9,9,N","004000,1,9,9","+0256,1","+0102,1","10093,1",,,,,,,,,"240,M,+0390,1","240,N,+0186,1","9,9,999,9,+020,1",,"SYN06842262 32996 03202 10256 20102 40093 333 10390 20186 58020 555 10000=",
"42262099999","2022-04-02T12:00:00","4","27.8833333","78.0666666","187.0","ALIGARH, IN","FM-12","99999","V020","230,1,N,0021,1","99999,9,9,N","004000,1,9,9","+0382,1","+0082,1","10048,1",,,,,,,,,"240,M,+0396,1",,"9,9,999,9,+013,1",,"SYN05242262 32996 02304 10382 20082 40048 333 10396 58013=",
"42262099999","2022-04-03T03:00:00","4","27.8833333","78.0666666","187.0","ALIGARH, IN","FM-12","99999","V020","140,1,N,0041,1","99999,9,9,N","004000,1,9,9","+0264,1","+0104,1","10095,1",,,,,,,,,"240,M,+0396,1","240,N,+0194,1","9,9,999,9,+003,1",,"SYN06842262 32996 01408 10264 20104 40095 333 10396 20194 58003 555 10000=",
"42262099999","2022-04-03T12:00:00","4","27.8833333","78.0666666","187.0","ALIGARH, IN","FM-12","99999","V020","320,1,N,0031,1","99999,9,9,N","004000,1,9,9","+0384,1","+0073,1","10049,1",,,,,,,,,,,"9,9,999,9,+001,1",,"SYN05242262 32996 03206 10384 20073 40049 333 10398 58001=",
"42262099999","2022-04-04T03:00:00","4","27.8833333","78.0666666","187.0","ALIGARH, IN","FM-12","99999","V020","320,1,N,0036,1","99999,9,9,N","002000,1,9,9","+0266,1","+0070,1","10070,1",,"0,1,02,1","0,1,02,1",,,,,,"240,M,+0398,1","240,N,+0194,1","9,9,999,9,-024,1","05,1","SYN07442262 31995 03207 10266 20070 40070 70500 333 10398 20194 59024 555 10000=",
"42262099999","2022-04-04T12:00:00","4","27.8833333","78.0666666","187.0","ALIGARH, IN","FM-12","99999","V020","320,1,N,0036,1","99999,9,9,N","004000,1,9,9","+0384,1","+0045,1","10044,1",,,,,,,,,,,"9,9,999,9,-005,1",,"SYN05242262 32996 03207 10384 20045 40044 333 10396 59005=",
"42262099999","2022-04-05T03:00:00","4","27.8833333","78.0666666","187.0","ALIGARH, IN","FM-12","99999","V020","320,1,N,0010,1","99999,9,9,N","004000,1,9,9","+0272,1","+0115,1","10105,1",,,,,,,,,"240,M,+0396,1","240,N,+0204,1","9,9,999,9,+035,1",,"SYN06842262 32996 03202 10272 20115 40105 333 10396 20204 58035 555 10000=",
"42262099999","2022-04-05T12:00:00","4","27.8833333","78.0666666","187.0","ALIGARH, IN","FM-12","99999","V020","320,1,N,0041,1","99999,9,9,N","004000,1,9,9","+0390,1","+0044,1","10063,1",,,,,,,,,,,"9,9,999,9,+020,1",,"SYN05242262 32996 03208 10390 20044 40063 333 10402 58020=",
"42262099999","2022-04-06T03:00:00","4","27.8833333","78.0666666","187.0","ALIGARH, IN","FM-12","99999","V020","320,1,N,0021,1","22000,1,9,N","002000,1,9,9","+0278,1","+0079,1","10114,1",,"2,1,02,1","1,1,02,1","99,9,+99999,9,00,1",,,"9,AGL   ,+99999,+99999","03,99,1,00,1,99,9,99999,9,99,9,99,9","240,M,+0402,1","240,N,+0198,1","9,9,999,9,+009,1","05,1","SYN08042262 31995 33204 10278 20079 40114 70521 80001 333 10402 20198 58009 555 10000=","Q01    003SCCGA1"
"42262099999","2022-04-07T03:00:00","4","27.8833333","78.0666666","187.0","ALIGARH, IN","FM-12","99999","V020","320,1,N,0010,1","22000,1,9,9","002000,1,9,9","+0287,1","+0095,1","10106,1","99,9999,9,9","0,1,99,9","0,1,99,9",,,,,"00,99,1,99,9,99,9,99999,9,99,9,99,9","120,M,+0400,1","120,N,+0200,1","9,9,999,9,-008,1","05,1","SYN004BUFR",
"42262099999","2022-04-07T12:00:00","4","27.8833333","78.0666666","187.0","ALIGARH, IN","FM-12","99999","V020","320,1,N,0031,1","99999,9,9,N","002000,1,9,9","+0400,1","+0061,1","10079,1",,"0,1,02,1","0,1,02,1",,,,,,"240,M,+0410,1",,"9,9,999,9,+018,1","05,1","SYN05842262 31995 03206 10400 20061 40079 70500 333 10410 58018=",
"42262099999","2022-04-08T03:00:00","4","27.8833333","78.0666666","187.0","ALIGARH, IN","FM-12","99999","V020","320,1,N,0010,1","99999,9,9,N","002000,1,9,9","+0286,1","+0102,1","10079,1",,"0,1,02,1","0,1,02,1",,,,,,"240,M,+0410,1","240,N,+0214,1","9,9,999,9,-026,1","05,1","SYN07442262 31995 03202 10286 20102 40079 70500 333 10410 20214 59026 555 10000=",
"42262099999","2022-04-09T03:00:00","4","27.8833333","78.0666666","187.0","ALIGARH, IN","FM-12","99999","V020","320,1,N,0010,1","22000,1,9,9","002000,1,9,9","+0287,1","+0125,1","10058,1","99,9999,9,9","0,1,99,9","0,1,99,9",,,,,"00,99,1,99,9,99,9,99999,9,99,9,99,9","120,M,+0422,1","120,N,+0214,1","9,9,999,9,-021,1","05,1","SYN004BUFR",
"42262099999","2022-04-09T12:00:00","4","27.8833333","78.0666666","187.0","ALIGARH, IN","FM-12","99999","V020","320,1,N,0021,1","99999,9,9,N","002000,1,9,9","+0420,1","+0103,1","10012,1",,"0,1,02,1","0,1,02,1",,,,,,"240,M,+0438,1",,"9,9,999,9,-013,1","05,1","SYN05842262 31995 03204 10420 20103 40012 70500 333 10438 59013=",
"42262099999","2022-04-10T03:00:00","4","27.8833333","78.0666666","187.0","ALIGARH, IN","FM-12","99999","V020","320,1,N,0021,1","99999,9,9,N","002000,1,9,9","+0290,1","+0123,1","10044,1",,"0,1,02,1","0,1,02,1",,,,,,"240,M,+0438,1","240,N,+0218,1","9,9,999,9,-013,1","05,1","SYN07442262 31995 03204 10290 20123 40044 70500 333 10438 20218 59013 555 10000=",
"42262099999","2022-04-10T12:00:00","4","27.8833333","78.0666666","187.0","ALIGARH, IN","FM-12","99999","V020","320,1,N,0041,1","99999,9,9,N","004000,1,9,9","+0420,1","+0097,1","10008,1",,,,,,,,,"240,M,+0436,1",,"9,9,999,9,-004,1",,"SYN05242262 32996 03208 10420 20097 40008 333 10436 59004=",
"42262099999","2022-04-11T03:00:00","4","27.8833333","78.0666666","187.0","ALIGARH, IN","FM-12","99999","V020","320,1,N,0021,1","99999,9,9,N","004000,1,9,9","+0304,1","+0139,1","10046,1",,,,,,,,,"240,M,+0436,1","240,N,+0224,1","9,9,999,9,+003,1",,"SYN06842262 32996 03204 10304 20139 40046 333 10436 20224 58003 555 10000=",
"42262099999","2022-04-11T12:00:00","4","27.8833333","78.0666666","187.0","ALIGARH, IN","FM-12","99999","V020","320,1,N,0031,1","99999,9,9,N","004000,1,9,9","+0418,1","+0080,1","09997,1",,,,,,,,,"240,M,+0434,1",,"9,9,999,9,-001,1",,"SYN05242262 32996 03206 10418 20080 49997 333 10434 59001=",
"42262099999","2022-04-12T03:00:00","4","27.8833333","78.0666666","187.0","ALIGARH, IN","FM-12","99999","V020","320,1,N,0010,1","22000,1,9,9","002000,1,9,9","+0305,1","+0143,1","10051,1","99,9999,9,9","0,1,99,9","0,1,99,9",,,,,"00,99,1,99,9,99,9,99999,9,99,9,99,9","120,M,+0434,1","120,N,+0230,1","9,9,999,9,+005,1","05,1","SYN004BUFR",
"42262099999","2022-04-12T12:00:00","4","27.8833333","78.0666666","187.0","ALIGARH, IN","FM-12","99999","V020","320,1,N,0010,1","99999,9,9,N","002000,1,9,9","+0392,1","+0134,1","10011,1",,"2,1,02,1","1,1,02,1","99,9,+99999,9,00,1",,,"9,AGL   ,+99999,+99999","06,99,1,00,1,99,9,99999,9,99,9,99,9","240,M,+0406,1",,"9,9,999,9,+012,1","05,1","SYN06442262 31995 63202 10392 20134 40011 70521 80002 333 10406 58012=","Q01    003SCCGA1"
"42262099999","2022-04-13T03:00:00","4","27.8833333","78.0666666","187.0","ALIGARH, IN","FM-12","99999","V020","050,1,N,0021,1","22000,1,9,N","002000,1,9,9","+0290,1","+0206,1","10050,1",,"2,1,02,1","1,1,02,1","99,9,+99999,9,00,1",,,"9,AGL   ,+99999,+99999","04,99,1,00,1,99,9,99999,9,99,9,99,9","240,M,+0406,1","240,N,+0232,1","9,9,999,9,-002,1","05,1","SYN08042262 31995 40504 10290 20206 40050 70521 80002 333 10406 20232 59002 555 10000=","Q01    003SCCGA1"
"42262099999","2022-04-13T12:00:00","4","27.8833333","78.0666666","187.0","ALIGARH, IN","FM-12","99999","V020","050,1,N,0021,1","99999,9,9,N","002000,1,9,9","+0396,1","+0115,1","09996,1",,"0,1,02,1","0,1,02,1",,,,,,"240,M,+0406,1",,"9,9,999,9,-015,1","05,1","SYN05842262 31995 00504 10396 20115 49996 70500 333 10406 59015=",
"42262099999","2022-04-14T03:00:00","4","27.8833333","78.0666666","187.0","ALIGARH, IN","FM-12","99999","V020","320,1,N,0015,1","22000,1,9,N","002000,1,9,9","+0288,1","+0207,1","10040,1",,"2,1,02,1","1,1,02,1","99,9,+99999,9,00,1",,,"9,AGL   ,+99999,+99999","04,99,1,00,1,99,9,99999,9,99,9,99,9","240,M,+0406,1","240,N,+0230,1","9,9,999,9,-010,1","05,1","SYN08042262 31995 43203 10288 20207 40040 70521 80001 333 10406 20230 59010 555 10000=","Q01    003SCCGA1"
"42262099999","2022-04-14T12:00:00","4","27.8833333","78.0666666","187.0","ALIGARH, IN","FM-12","99999","V020","270,1,N,0031,1","22000,1,9,9","002000,1,9,9","+0387,1","+0116,1","09976,1","99,9999,9,9","0,1,99,9","0,1,99,9","99,9,+08000,1,00,1",,,"9,AGL   ,+99999,+99999","02,99,1,99,9,99,9,08000,1,99,9,99,9",,,"9,9,999,9,-020,1","05,1","SYN004BUFR",
"42262099999","2022-04-15T03:00:00","4","27.8833333","78.0666666","187.0","ALIGARH, IN","FM-12","99999","V020","320,1,N,0021,1","22000,1,9,N","002000,1,9,9","+0286,1","+0194,1","10037,1",,"2,1,02,1","1,1,02,1","99,9,+99999,9,00,1",,,"9,AGL   ,+99999,+99999","04,99,1,00,1,99,9,99999,9,99,9,99,9","240,M,+0400,1","240,N,+0228,1","9,9,999,9,-003,1","05,1","SYN08042262 31995 43204 10286 20194 40037 70521 80001 333 10400 20228 59003 555 10000=","Q01    003SCCGA1"
"42262099999","2022-04-15T12:00:00","4","27.8833333","78.0666666","187.0","ALIGARH, IN","FM-12","99999","V020","320,1,N,0031,1","99999,9,9,N","002000,1,9,9","+0394,1","+0137,1","09970,1",,"2,1,02,1","2,1,02,1","99,9,+99999,9,00,1",,,"9,AGL   ,+99999,+99999","06,99,1,00,1,99,9,99999,9,99,9,99,9","240,M,+0406,1",,"9,9,999,9,-005,1","05,1","SYN06442262 31995 63206 10394 20137 49970 70522 80002 333 10406 59005=","Q01    003SCCGA1"
"42262099999","2022-04-16T03:00:00","4","27.8833333","78.0666666","187.0","ALIGARH, IN","FM-12","99999","V020","140,1,N,0021,1","22000,1,9,9","002000,1,9,9","+0302,1","+0161,1","10030,1",,"2,1,99,9","1,1,99,9","99,9,+08000,1,00,1",,,"9,AGL   ,+99999,+99999","02,99,1,99,9,99,9,08000,1,99,9,99,9","120,M,+0406,1","120,N,+0226,1","9,9,999,9,-005,1","05,1","SYN004BUFR",
"42262099999","2022-04-16T12:00:00","4","27.8833333","78.0666666","187.0","ALIGARH, IN","FM-12","99999","V020","090,1,N,0010,1","99999,9,9,N","002000,1,9,9","+0398,1","+0107,1","09977,1",,"0,1,02,1","0,1,02,1",,,,,,"240,M,+0408,1",,"9,9,999,9,+006,1","05,1","SYN05842262 31995 00902 10398 20107 49977 70500 333 10408 58006=",
"42262099999","2022-04-17T03:00:00","4","27.8833333","78.0666666","187.0","ALIGARH, IN","FM-12","99999","V020","050,1,N,0010,1","99999,9,9,N","004000,1,9,9","+0306,1","+0162,1","10042,1",,,,,,,,,"240,M,+0408,1","240,N,+0232,1","9,9,999,9,+011,1",,"SYN06842262 32996 00502 10306 20162 40042 333 10408 20232 58011 555 10000=",
"42262099999","2022-04-17T12:00:00","4","27.8833333","78.0666666","187.0","ALIGARH, IN","FM-12","99999","V020","320,1,N,0010,1","99999,9,9,N","004000,1,9,9","+0404,1","+0101,1","09998,1",,,,,,,,,"240,M,+0414,1",,"9,9,999,9,-002,1",,"SYN05242262 32996 03202 10404 20101 49998 333 10414 59002=",
"42262099999","2022-04-18T03:00:00","4","27.8833333","78.0666666","187.0","ALIGARH, IN","FM-12","99999","V020","050,1,N,0010,1","99999,9,9,N","002000,1,9,9","+0314,1","+0173,1","10054,1",,"0,1,02,1","0,1,02,1",,,,,,"240,M,+0414,1","240,N,+0230,1","9,9,999,9,+013,1","05,1","SYN07442262 31995 00502 10314 20173 40054 70500 333 10414 20230 58013 555 10000=",
"42262099999","2022-04-18T12:00:00","4","27.8833333","78.0666666","187.0","ALIGARH, IN","FM-12","99999","V020","320,1,N,0010,1","99999,9,9,N","002000,1,9,9","+0414,1","+0109,1","10013,1",,"0,1,02,1","0,1,02,1",,,,,,"240,M,+0424,1",,"9,9,999,9,+015,1","05,1","SYN05842262 31995 03202 10414 20109 40013 70500 333 10424 58015=",
"42262099999","2022-04-19T03:00:00","4","27.8833333","78.0666666","187.0","ALIGARH, IN","FM-12","99999","V020","320,1,N,0010,1","99999,9,9,N","002000,1,9,9","+0312,1","+0145,1","10076,1",,"0,1,02,1","0,1,02,1",,,,,,"240,M,+0424,1","240,N,+0244,1","9,9,999,9,+022,1","05,1","SYN07442262 31995 03202 10312 20145 40076 70500 333 10424 20244 58022 555 10000=",
"42262099999","2022-04-19T12:00:00","4","27.8833333","78.0666666","187.0","ALIGARH, IN","FM-12","99999","V020","320,1,N,0041,1","99999,9,9,N","004000,1,9,9","+0422,1","+0089,1","10022,1",,,,,,,,,"240,M,+0436,1",,"9,9,999,9,+010,1",,"SYN05242262 32996 03208 10422 20089 40022 333 10436 58010=",
"42262099999","2022-04-20T03:00:00","4","27.8833333","78.0666666","187.0","ALIGARH, IN","FM-12","99999","V020","320,1,N,0015,1","99999,9,9,N","002000,1,9,9","+0320,1","+0144,1","10058,1",,"0,1,02,1","0,1,02,1",,,,,,"240,M,+0436,1","240,N,+0252,1","9,9,999,9,-018,1","05,1","SYN06442262 31995 03203 10320 20144 40058 70500 333 10436 20252 59018=",
"42262099999","2022-04-20T12:00:00","4","27.8833333","78.0666666","187.0","ALIGARH, IN","FM-12","99999","V020","360,1,N,0031,1","22000,1,9,N","002000,1,9,9","+0408,1","+0065,1","10012,1",,"2,1,02,1","1,1,02,1","99,9,+99999,9,00,1",,,"9,AGL   ,+99999,+99999","03,99,1,00,1,99,9,99999,9,99,9,99,9","240,M,+0422,1",,"9,9,999,9,-011,1","05,1","SYN06442262 31995 33606 10408 20065 40012 70521 80002 333 10422 59011=","Q01    003SCCGA1"
"42262099999","2022-04-21T03:00:00","4","27.8833333","78.0666666","187.0","ALIGARH, IN","FM-12","99999","V020","140,1,N,0010,1","22000,1,9,N","002000,1,9,9","+0322,1","+0172,1","10069,1",,"2,1,02,1","1,1,02,1","99,9,+99999,9,00,1",,,"9,AGL   ,+99999,+99999","02,99,1,00,1,99,9,99999,9,99,9,99,9","240,M,+0422,1","240,N,+0254,1","9,9,999,9,+011,1","05,1","SYN08042262 31995 21402 10322 20172 40069 70521 80001 333 10422 20254 58011 555 10000=","Q01    003SCCGA1"
"42262099999","2022-04-21T12:00:00","4","27.8833333","78.0666666","187.0","ALIGARH, IN","FM-12","99999","V020","320,1,N,0041,1","99999,9,9,N","002000,1,9,9","+0354,1","+0110,1","10028,1",,"2,1,02,1","2,1,02,1","99,9,+99999,9,00,1",,,"9,AGL   ,+99999,+99999","06,99,1,00,1,99,9,99999,9,99,9,99,9","240,M,+0368,1",,"9,9,999,9,+012,1","05,1","SYN06442262 31995 63208 10354 20110 40028 70522 80002 333 10368 58012=","Q01    003SCCGA1"
"42262099999","2022-04-22T03:00:00","4","27.8833333","78.0666666","187.0","ALIGARH, IN","FM-12","99999","V020","050,1,N,0031,1","22000,1,9,N","002000,1,9,9","+0280,1","+0160,1","10088,1",,"2,1,02,1","1,1,02,1","99,9,+99999,9,00,1",,,"9,AGL   ,+99999,+99999","02,99,1,00,1,99,9,99999,9,99,9,99,9","240,M,+0368,1","240,N,+0224,1","9,9,999,9,+015,1","05,1","SYN08042262 31995 20506 10280 20160 40088 70521 80001 333 10368 20224 58015 555 10000=","Q01    003SCCGA1"
"42262099999","2022-04-22T12:00:00","4","27.8833333","78.0666666","187.0","ALIGARH, IN","FM-12","99999","V020","360,1,N,0031,1","99999,9,9,N","004000,1,9,9","+0382,1","+0122,1","10028,1",,,,,,,,,"240,M,+0392,1",,"9,9,999,9,+002,1",,"SYN05242262 32996 03606 10382 20122 40028 333 10392 58002=",
"42262099999","2022-04-23T03:00:00","4","27.8833333","78.0666666","187.0","ALIGARH, IN","FM-12","99999","V020","230,1,N,0021,1","99999,9,9,N","004000,1,9,9","+0302,1","+0153,1","10083,1",,,,,,,,,"240,M,+0392,1","240,N,+0220,1","9,9,999,9,-002,1",,"SYN06842262 32996 02304 10302 20153 40083 333 10392 20220 59002 555 10000=",
"42262099999","2022-04-23T12:00:00","4","27.8833333","78.0666666","187.0","ALIGARH, IN","FM-12","99999","V020","270,1,N,0031,1","99999,9,9,N","004000,1,9,9","+0392,1","+0089,1","10042,1",,,,,,,,,"240,M,+0404,1",,"9,9,999,9,+014,1",,"SYN05242262 32996 02706 10392 20089 40042 333 10404 58014=",
"42262099999","2022-04-25T03:00:00","4","27.8833333","78.0666666","187.0","ALIGARH, IN","FM-12","99999","V020","270,1,N,0021,1","99999,9,9,N","004000,1,9,9","+0302,1","+0161,1","10053,1",,,,,,,,,"240,M,+0408,1","240,N,+0226,1","9,9,999,9,-012,1",,"SYN06842262 32996 02704 10302 20161 40053 333 10408 20226 59012 555 10000=",
"42262099999","2022-04-25T12:00:00","4","27.8833333","78.0666666","187.0","ALIGARH, IN","FM-12","99999","V020","320,1,N,0031,1","99999,9,9,N","004000,1,9,9","+0404,1","+0118,1","10002,1",,,,,,,,,"240,M,+0418,1",,"9,9,999,9,-011,1",,"SYN05242262 32996 03206 10404 20118 40002 333 10418 59011=",
"42262099999","2022-04-26T03:00:00","4","27.8833333","78.0666666","187.0","ALIGARH, IN","FM-12","99999","V020","050,1,N,0021,1","22000,1,9,N","002000,1,9,9","+0328,1","+0133,1","10054,1","24,0000,9,1","2,1,02,1","1,1,02,1","99,9,+99999,9,00,1",,,"9,AGL   ,+99999,+99999","02,99,1,00,1,99,9,99999,9,99,9,99,9","240,M,+0418,1","240,N,+0278,1","9,9,999,9,+002,1","05,1","SYN09242262 21995 20504 10328 20133 40054 70521 80001 333 10418 20278 58002 6990/ 555 00000 10000=","Q01  00002PRCP24Q02    003SCCGA1"
"42262099999","2022-04-26T12:00:00","4","27.8833333","78.0666666","187.0","ALIGARH, IN","FM-12","99999","V020","360,1,N,0010,1","22000,1,9,N","002000,1,9,9","+0396,1","+0125,1","10017,1",,"2,1,02,1","1,1,02,1","99,9,+99999,9,00,1",,,"9,AGL   ,+99999,+99999","02,99,1,00,1,99,9,99999,9,99,9,99,9","240,M,+0418,1",,"9,9,999,9,+014,1","05,1","SYN06442262 31995 23602 10396 20125 40017 70521 80001 333 10418 58014=","Q01    003SCCGA1"
"42262099999","2022-04-27T03:00:00","4","27.8833333","78.0666666","187.0","ALIGARH, IN","FM-12","99999","V020","230,1,N,0021,1","99999,9,9,N","004000,1,9,9","+0314,1","+0173,1","10052,1",,,,,,,,,"240,M,+0418,1","240,N,+0236,1","9,9,999,9,-002,1",,"SYN06842262 32996 02304 10314 20173 40052 333 10418 20236 59002 555 10000=",
"42262099999","2022-04-27T12:00:00","4","27.8833333","78.0666666","187.0","ALIGARH, IN","FM-12","99999","V020","320,1,N,0021,1","99999,9,9,N","004000,1,9,9","+0404,1","+0055,1","10002,1",,,,,,,,,"240,M,+0424,1",,"9,9,999,9,-014,1",,"SYN05242262 32996 03204 10404 20055 40002 333 10424 59014=",
"42262099999","2022-04-28T03:00:00","4","27.8833333","78.0666666","187.0","ALIGARH, IN","FM-12","99999","V020","230,1,N,0010,1","99999,9,9,N","004000,1,9,9","+0322,1","+0142,1","10056,1",,,,,,,,,"240,M,+0424,1","240,N,+0236,1","9,9,999,9,+004,1",,"SYN06842262 32996 02302 10322 20142 40056 333 10424 20236 58004 555 10000=",
"42262099999","2022-04-28T12:00:00","4","27.8833333","78.0666666","187.0","ALIGARH, IN","FM-12","99999","V020","320,1,N,0021,1","99999,9,9,N","004000,1,9,9","+0416,1","+0107,1","10005,1",,,,,,,,,"240,M,+0442,1",,"9,9,999,9,+003,1",,"SYN05242262 32996 03204 10416 20107 40005 333 10442 58003=",
"42262099999","2022-04-29T03:00:00","4","27.8833333","78.0666666","187.0","ALIGARH, IN","FM-12","99999","V020","320,1,N,0021,1","99999,9,9,N","004000,1,9,9","+0326,1","+0144,1","10054,1",,,,,,,,,"240,M,+0442,1","240,N,+0240,1","9,9,999,9,-002,1",,"SYN06842262 32996 03204 10326 20144 40054 333 10442 20240 59002 555 10000=",
"42262099999","2022-04-29T12:00:00","4","27.8833333","78.0666666","187.0","ALIGARH, IN","FM-12","99999","V020","320,1,N,0021,1","99999,9,9,N","004000,1,9,9","+0420,1","+0103,1","09991,1",,,,,,,,,"240,M,+0442,1",,"9,9,999,9,-013,1",,"SYN05242262 32996 03204 10420 20103 49991 333 10442 59013=",
"42262099999","2022-04-30T03:00:00","4","27.8833333","78.0666666","187.0","ALIGARH, IN","FM-12","99999","V020","320,1,N,0010,1","99999,9,9,N","004000,1,9,9","+0340,1","+0142,1","10017,1",,,,,,,,,"240,M,+0442,1","240,N,+0258,1","9,9,999,9,-034,1",,"SYN06842262 32996 03202 10340 20142 40017 333 10442 20258 59034 555 10000=",
"42262099999","2022-04-30T12:00:00","4","27.8833333","78.0666666","187.0","ALIGARH, IN","FM-12","99999","V020","320,1,N,0021,1","99999,9,9,N","004000,1,9,9","+0416,1","+0083,1","09968,1",,,,,,,,,"240,M,+0442,1",,"9,9,999,9,-023,1",,"SYN05242262 32996 03204 10416 20083 49968 333 10442 59023=",
"42262099999","2022-05-01T03:00:00","4","27.8833333","78.0666666","187.0","ALIGARH, IN","FM-12","99999","V020","050,1,N,0046,1","22000,1,9,N","002000,1,9,9","+0294,1","+0203,1","10028,1",,"2,1,02,1","1,1,02,1","99,9,+99999,9,00,1",,,"9,AGL   ,+99999,+99999","04,99,1,00,1,99,9,99999,9,99,9,99,9","240,M,+0442,1","240,N,+0270,1","9,9,999,9,+007,1","05,1","SYN08042262 31995 40509 10294 20203 40028 70521 80001 333 10442 20270 58007 555 10000=","Q01    003SCCGA1"
"42262099999","2022-05-01T12:00:00","4","27.8833333","78.0666666","187.0","ALIGARH, IN","FM-12","99999","V020","140,1,N,0031,1","99999,9,9,N","002000,1,9,9","+0378,1","+0154,1","09977,1",,"2,1,02,1","2,1,02,1","99,9,+99999,9,00,1",,,"9,AGL   ,+99999,+99999","05,99,1,00,1,99,9,99999,9,99,9,99,9","240,M,+0416,1",,"9,9,999,9,+003,1","05,1","SYN06442262 31995 51406 10378 20154 49977 70522 80002 333 10416 58003=","Q01    003SCCGA1"
"42262099999","2022-05-02T03:00:00","4","27.8833333","78.0666666","187.0","ALIGARH, IN","FM-12","99999","V020","090,1,N,0041,1","22000,1,9,N","002000,1,9,9","+0302,1","+0213,1","10023,1",,"2,1,02,1","1,1,02,1","99,9,+99999,9,00,1",,,"9,AGL   ,+99999,+99999","02,99,1,00,1,99,9,99999,9,99,9,99,9","240,M,+0416,1","240,N,+0272,1","9,9,999,9,-004,1","05,1","SYN08042262 31995 20908 10302 20213 40023 70521 80001 333 10416 20272 59004 555 10000=","Q01    003SCCGA1"
"42262099999","2022-05-02T12:00:00","4","27.8833333","78.0666666","187.0","ALIGARH, IN","FM-12","99999","V020","050,1,N,0041,1","99999,9,9,N","004000,1,9,9","+0388,1","+0182,1","09971,1",,,,,,,,,"240,M,+0402,1",,"9,9,999,9,-002,1",,"SYN05242262 32996 00508 10388 20182 49971 333 10402 59002=",
"42262099999","2022-05-03T03:00:00","4","27.8833333","78.0666666","187.0","ALIGARH, IN","FM-12","99999","V020","140,1,N,0036,1","22000,1,9,N","002000,1,9,9","+0304,1","+0208,1","10039,1",,"2,1,02,1","1,1,02,1","99,9,+99999,9,00,1",,,"9,AGL   ,+99999,+99999","02,99,1,00,1,99,9,99999,9,99,9,99,9","240,M,+0402,1","240,N,+0274,1","9,9,999,9,+016,1","05,1","SYN08042262 31995 21407 10304 20208 40039 70521 80001 333 10402 20274 58016 555 10000=","Q01    003SCCGA1"
"42262099999","2022-05-03T12:00:00","4","27.8833333","78.0666666","187.0","ALIGARH, IN","FM-12","99999","V020","320,1,N,0021,1","22000,1,9,N","002000,1,9,9","+0384,1","+0196,1","10002,1",,"2,1,02,1","1,1,02,1","99,9,+99999,9,00,1",,,"9,AGL   ,+99999,+99999","04,99,1,00,1,99,9,99999,9,99,9,99,9","240,M,+0398,1",,"9,9,999,9,+031,1","05,1","SYN06442262 31995 43204 10384 20196 40002 70521 80002 333 10398 58031=","Q01    003SCCGA1"
"42262099999","2022-05-04T03:00:00","4","27.8833333","78.0666666","187.0","ALIGARH, IN","FM-12","99999","V020","050,1,N,0046,1","99999,9,9,N","002000,1,9,9","+0310,1","+0229,1","10064,1",,"0,1,02,1","0,1,02,1",,,,,,"240,M,+0398,1","240,N,+0276,1","9,9,999,9,+044,1","05,1","SYN07442262 31995 00509 10310 20229 40064 70500 333 10398 20276 58044 555 10000=",
"42262099999","2022-05-04T12:00:00","4","27.8833333","78.0666666","187.0","ALIGARH, IN","FM-12","99999","V020","050,1,N,0046,1","99999,9,9,N","002000,1,9,9","+0340,1","+0253,1","10029,1","09,0008,3,1","2,1,02,1","1,1,02,1","01,1,+02250,1,05,1","99,9,+99999,9,00,1",,"9,AGL   ,+99999,+99999","06,99,1,01,1,99,9,02250,1,99,9,99,9","240,M,+0380,1",,"9,9,999,9,+024,1","05,1","SYN07042262 21895 60509 10340 20253 40029 70521 81022 333 10380 58024 6998/=",
"42262099999","2022-05-05T03:00:00","4","27.8833333","78.0666666","187.0","ALIGARH, IN","FM-12","99999","V020","050,1,N,0031,1","99999,9,9,N","002000,1,9,9","+0268,1","+0197,1","10079,1","24,0020,3,1","0,1,02,1","0,1,02,1",,,,,,"240,M,+0380,1","240,N,+0220,1","9,9,999,9,+011,1","05,1","SYN08642262 21995 00506 10268 20197 40079 70500 333 10380 20220 58011 6002/ 555 00018 10002=",
"42262099999","2022-05-05T12:00:00","4","27.8833333","78.0666666","187.0","ALIGARH, IN","FM-12","99999","V020","140,1,N,0021,1","99999,9,9,N","004000,1,9,9","+0340,1","+0191,1","10018,1",,,,,,,,,"240,M,+0354,1",,"9,9,999,9,-011,1",,"SYN05242262 32996 01404 10340 20191 40018 333 10354 59011=",
"42262099999","2022-05-06T03:00:00","4","27.8833333","78.0666666","187.0","ALIGARH, IN","FM-12","99999","V020","140,1,N,0015,1","99999,9,9,N","004000,1,9,9","+0304,1","+0218,1","10068,1",,,,,,,,,"240,M,+0354,1","240,N,+0248,1","9,9,999,9,-008,1",,"SYN05842262 32996 01403 10304 20218 40068 333 10354 20248 59008=",
"42262099999","2022-05-06T12:00:00","4","27.8833333","78.0666666","187.0","ALIGARH, IN","FM-12","99999","V020","230,1,N,0046,1","22000,1,9,N","002000,1,9,9","+0338,1","+0143,1","10026,1",,"2,1,02,1","1,1,02,1","01,1,+01750,1,05,1","99,9,+99999,9,00,1",,"9,AGL   ,+99999,+99999","03,99,1,01,1,99,9,01750,1,99,9,99,9","240,M,+0388,1",,"9,9,999,9,+007,1","05,1","SYN06442262 31795 32309 10338 20143 40026 70521 81021 333 10388 58007=",
"42262099999","2022-05-07T03:00:00","4","27.8833333","78.0666666","187.0","ALIGARH, IN","FM-12","99999","V020","050,1,N,0031,1","99999,9,9,N","004000,1,9,9","+0304,1","+0179,1","10070,1",,,,,,,,,"240,M,+0388,1","240,N,+0256,1","9,9,999,9,+002,1",,"SYN06842262 32996 00506 10304 20179 40070 333 10388 20256 58002 555 10002=",
"42262099999","2022-05-07T12:00:00","4","27.8833333","78.0666666","187.0","ALIGARH, IN","FM-12","99999","V020","320,1,N,0021,1","99999,9,9,N","002000,1,9,9","+0384,1","+0168,1","10010,1",,,,,,,,,"240,M,+0398,1",,"9,9,999,9,-016,1",,"SYN05242262 31995 03204 10384 20168 40010 333 10398 59016=",
"42262099999","2022-05-08T03:00:00","4","27.8833333","78.0666666","187.0","ALIGARH, IN","FM-12","99999","V020","140,1,N,0021,1","99999,9,9,N","002000,1,9,9","+0308,1","+0177,1","10045,1",,"0,1,02,1","0,1,02,1",,,,,,"240,M,+0398,1","240,N,+0260,1","9,9,999,9,-025,1","05,1","SYN07442262 31995 01404 10308 20177 40045 70500 333 10398 20260 59025 555 10002=",
"42262099999","2022-05-08T12:00:00","4","27.8833333","78.0666666","187.0","ALIGARH, IN","FM-12","99999","V020","050,1,N,0031,1","99999,9,9,N","004000,1,9,9","+0394,1","+0156,1","09995,1",,,,,,,,,"240,M,+0408,1",,"9,9,999,9,-011,1",,"SYN05242262 32996 00506 10394 20156 49995 333 10408 59011=",
"42262099999","2022-05-09T03:00:00","4","27.8833333","78.0666666","187.0","ALIGARH, IN","FM-12","99999","V020","050,1,N,0046,1","99999,9,9,N","002000,1,9,9","+0302,1","+0217,1","10052,1",,"0,1,02,1","0,1,02,1",,,,,,"240,M,+0408,1","240,N,+0258,1","9,9,999,9,+007,1","05,1","SYN07442262 31995 00509 10302 20217 40052 70500 333 10408 20258 58007 555 10002=",
"42262099999","2022-05-09T12:00:00","4","27.8833333","78.0666666","187.0","ALIGARH, IN","FM-12","99999","V020","050,1,N,0041,1","99999,9,9,N","002000,1,9,9","+0360,1","+0199,1","10007,1",,"0,1,02,1","0,1,02,1",,,,,,"240,M,+0376,1",,"9,9,999,9,+010,1","05,1","SYN05842262 31995 00508 10360 20199 40007 70500 333 10376 58010=",
"42262099999","2022-05-10T03:00:00","4","27.8833333","78.0666666","187.0","ALIGARH, IN","FM-12","99999","V020","140,1,N,0046,1","99999,9,9,N","002000,1,9,9","+0308,1","+0216,1","10056,1",,"0,1,02,1","0,1,02,1",,,,,,"240,M,+0376,1","240,N,+0272,1","9,9,999,9,+004,1","05,1","SYN07442262 31995 01409 10308 20216 40056 70500 333 10376 20272 58004 555 10002=",
"42262099999","2022-05-10T12:00:00","4","27.8833333","78.0666666","187.0","ALIGARH, IN","FM-12","99999","V020","050,1,N,0041,1","99999,9,9,N","004000,1,9,9","+0364,1","+0211,1","09996,1",,,,,,,,,"240,M,+0376,1",,"9,9,999,9,-011,1",,"SYN05242262 32996 00508 10364 20211 49996 333 10376 59011=",
"42262099999","2022-05-11T03:00:00","4","27.8833333","78.0666666","187.0","ALIGARH, IN","FM-12","99999","V020","090,1,N,0031,1","99999,9,9,N","002000,1,9,9","+0312,1","+0221,1","10027,1",,"0,1,02,1","0,1,02,1",,,,,,"240,M,+0376,1","240,N,+0276,1","9,9,999,9,-027,1","05,1","SYN07442262 31995 00906 10312 20221 40027 70500 333 10376 20276 59027 555 10002=",
"42262099999","2022-05-11T12:00:00","4","27.8833333","78.0666666","187.0","ALIGARH, IN","FM-12","99999","V020","050,1,N,0031,1","99999,9,9,N","002000,1,9,9","+0376,1","+0237,1","09971,1",,"0,1,02,1","0,1,02,1",,,,,,"240,M,+0388,1",,"9,9,999,9,-023,1","05,1","SYN05842262 31995 00506 10376 20237 49971 70500 333 10388 59023=",
"42262099999","2022-05-12T03:00:00","4","27.8833333","78.0666666","187.0","ALIGARH, IN","FM-12","99999","V020","140,1,N,0021,1","99999,9,9,N","004000,1,9,9","+0328,1","+0233,1","10018,1",,,,,,,,,"240,M,+0388,1","240,N,+0292,1","9,9,999,9,-009,1",,"SYN06842262 32996 01404 10328 20233 40018 333 10388 20292 59009 555 10002=",
"42262099999","2022-05-12T12:00:00","4","27.8833333","78.0666666","187.0","ALIGARH, IN","FM-12","99999","V020","140,1,N,0021,1","99999,9,9,N","004000,1,9,9","+0398,1","+0226,1","09963,1",,,,,,,,,"240,M,+0408,1",,"9,9,999,9,-007,1",,"SYN05242262 32996 01404 10398 20226 49963 333 10408 59007=",
"42262099999","2022-05-13T12:00:00","4","27.8833333","78.0666666","187.0","ALIGARH, IN","FM-12","99999","V020","320,1,N,0031,1","99999,9,9,N","002000,1,9,9","+0394,1","+0217,1","09927,1",,"0,1,02,1","0,1,02,1",,,,,,"240,M,+0412,1",,"9,9,999,9,-035,1","05,1","SYN05842262 31995 03206 10394 20217 49927 70500 333 10412 59035=",
"42262099999","2022-05-14T03:00:00","4","27.8833333","78.0666666","187.0","ALIGARH, IN","FM-12","99999","V020","230,1,N,0010,1","99999,9,9,N","004000,1,9,9","+0346,1","+0238,1","09970,1",,,,,,,,,"240,M,+0412,1","240,N,+0292,1","9,9,999,9,-012,1",,"SYN05842262 32996 02302 10346 20238 49970 333 10412 20292 59012=",
"42262099999","2022-05-14T12:00:00","4","27.8833333","78.0666666","187.0","ALIGARH, IN","FM-12","99999","V020","230,1,N,0036,1","99999,9,9,N","004000,1,9,9","+0436,1","+0168,1","09933,1",,,,,,,,,"240,M,+0448,1",,"9,9,999,9,+007,1",,"SYN05242262 32996 02307 10436 20168 49933 333 10448 58007=",
"42262099999","2022-05-15T03:00:00","4","27.8833333","78.0666666","187.0","ALIGARH, IN","FM-12","99999","V020","050,1,N,0010,1","99999,9,9,N","004000,1,9,9","+0344,1","+0225,1","09998,1",,,,,,,,,"240,M,+0448,1","240,N,+0280,1","9,9,999,9,+028,1",,"SYN06842262 32996 00502 10344 20225 49998 333 10448 20280 58028 555 10002=",
"42262099999","2022-05-15T12:00:00","4","27.8833333","78.0666666","187.0","ALIGARH, IN","FM-12","99999","V020","320,1,N,0031,1","99999,9,9,N","004000,1,9,9","+0432,1","+0193,1","09949,1",,,,,,,,,"240,M,+0446,1",,"9,9,999,9,+017,1",,"SYN05242262 32996 03206 10432 20193 49949 333 10446 58017=",
"42262099999","2022-05-16T03:00:00","4","27.8833333","78.0666666","187.0","ALIGARH, IN","FM-12","99999","V020","320,1,N,0031,1","99999,9,9,N","002000,1,9,9","+0352,1","+0146,1","09987,1",,"2,1,02,1","1,1,02,1","99,9,+99999,9,00,1",,,"9,AGL   ,+99999,+99999","06,99,1,00,1,99,9,99999,9,99,9,99,9","240,M,+0446,1","240,N,+0282,1","9,9,999,9,-012,1","05,1","SYN08042262 31995 63206 10352 20146 49987 70521 80002 333 10446 20282 59012 555 10002=","Q01    003SCCGA1"
"42262099999","2022-05-17T03:00:00","4","27.8833333","78.0666666","187.0","ALIGARH, IN","FM-12","99999","V020","050,1,N,0010,1","22000,1,9,N","002000,1,9,9","+0300,1","+0196,1","10011,1",,"0,1,02,1","0,1,02,1","99,9,+99999,9,00,1",,,"9,AGL   ,+99999,+99999","02,99,1,00,1,99,9,99999,9,99,9,99,9","240,M,+0434,1","240,N,+0276,1","9,9,999,9,+021,1","05,1","SYN08042262 31995 20502 10300 20196 40011 70500 80001 333 10434 20276 58021 555 10002=","Q01    003SCCGA1"
"42262099999","2022-05-17T12:00:00","4","27.8833333","78.0666666","187.0","ALIGARH, IN","FM-12","99999","V020","050,1,N,0031,1","99999,9,9,N","002000,1,9,9","+0398,1","+0176,1","09972,1",,"0,1,02,1","0,1,02,1",,,,,,"240,M,+0408,1",,"9,9,999,9,+022,1","05,1","SYN05842262 31995 00506 10398 20176 49972 70500 333 10408 58022=",
"42262099999","2022-05-18T03:00:00","4","27.8833333","78.0666666","187.0","ALIGARH, IN","FM-12","99999","V020","360,1,N,0031,1","99999,9,9,N","002000,1,9,9","+0338,1","+0204,1","10035,1",,"9,1,02,1","2,1,02,1","02,1,+01750,1,05,1","99,9,+99999,9,00,1",,"9,AGL   ,+99999,+99999","06,99,1,02,1,99,9,01750,1,99,9,99,9","240,M,+0408,1","240,N,+0294,1","9,9,999,9,+025,1","02,1","SYN08042262 31795 63606 10338 20204 40035 70292 82022 333 10408 20294 58025 555 10002=",
"42262099999","2022-05-18T12:00:00","4","27.8833333","78.0666666","187.0","ALIGARH, IN","FM-12","99999","V020","360,1,N,0031,1","99999,9,9,N","002000,1,9,9","+0404,1","+0197,1","09979,1",,"0,1,02,1","0,1,02,1",,,,,,"240,M,+0416,1",,"9,9,999,9,+007,1","05,1","SYN05842262 31995 03606 10404 20197 49979 70500 333 10416 58007=",
"42262099999","2022-05-19T03:00:00","4","27.8833333","78.0666666","187.0","ALIGARH, IN","FM-12","99999","V020","050,1,N,0010,1","99999,9,9,N","002000,1,9,9","+0324,1","+0211,1","10034,1",,"0,1,02,1","0,1,02,1",,,,,,"240,M,+0416,1","240,N,+0276,1","9,9,999,9,-002,1","05,1","SYN07442262 31995 00502 10324 20211 40034 70500 333 10416 20276 59002 555 10002=",
"42262099999","2022-05-19T12:00:00","4","27.8833333","78.0666666","187.0","ALIGARH, IN","FM-12","99999","V020","050,1,N,0021,1","99999,9,9,N","002000,1,9,9","+0406,1","+0211,1","09978,1",,"0,1,02,1","0,1,02,1",,,,,,"240,M,+0420,1",,"9,9,999,9,-001,1","05,1","SYN05842262 31995 00504 10406 20211 49978 70500 333 10420 59001=",
"42262099999","2022-05-20T03:00:00","4","27.8833333","78.0666666","187.0","ALIGARH, IN","FM-12","99999","V020","140,1,N,0010,1","99999,9,9,N","002000,1,9,9","+0340,1","+0206,1","09990,1",,"0,1,02,1","0,1,02,1",,,,,,"240,M,+0420,1","240,N,+0304,1","9,9,999,9,-041,1","05,1","SYN07442262 31995 01402 10340 20206 49990 70500 333 10420 20304 59041 555 10002=",
"42262099999","2022-05-20T12:00:00","4","27.8833333","78.0666666","187.0","ALIGARH, IN","FM-12","99999","V020","320,1,N,0031,1","99999,9,9,N","002000,1,9,9","+0410,1","+0209,1","09948,1",,"0,1,02,1","0,1,02,1",,,,,,"240,M,+0434,1",,"9,9,999,9,-029,1","05,1","SYN05842262 31995 03206 10410 20209 49948 70500 333 10434 59029=",
"42262099999","2022-05-21T03:00:00","4","27.8833333","78.0666666","187.0","ALIGARH, IN","FM-12","99999","V020","320,1,N,0021,1","99999,9,9,N","002000,1,9,9","+0346,1","+0234,1","09982,1",,"0,1,02,1","0,1,02,1",,,,,,"240,M,+0434,1","240,N,+0214,1","9,9,999,9,-008,1","05,1","SYN07442262 31995 03204 10346 20234 49982 70500 333 10434 20214 59008 555 10002=",
"42262099999","2022-05-21T12:00:00","4","27.8833333","78.0666666","187.0","ALIGARH, IN","FM-12","99999","V020","230,1,N,0031,1","99999,9,9,N","002000,1,9,9","+0382,1","+0186,1","09934,1",,"2,1,02,1","2,1,02,1","01,1,+01750,1,05,1","99,9,+99999,9,00,1",,"9,AGL   ,+99999,+99999","06,99,1,01,1,99,9,01750,1,99,9,99,9","240,M,+0394,1",,"9,9,999,9,-016,1","05,1","SYN06442262 31795 62306 10382 20186 49934 70522 81022 333 10394 59016=",
"42262099999","2022-05-22T03:00:00","4","27.8833333","78.0666666","187.0","ALIGARH, IN","FM-12","99999","V020","140,1,N,0031,1","22000,1,9,N","002000,1,9,9","+0320,1","+0188,1","09962,1","24,0000,9,1","2,1,02,1","1,1,02,1","99,9,+99999,9,00,1",,,"9,AGL   ,+99999,+99999","02,99,1,00,1,99,9,99999,9,99,9,99,9","240,M,+0394,1","240,N,+0262,1","9,9,999,9,-021,1","05,1","SYN08642262 21995 21406 10320 20188 49962 70521 80001 333 10394 20262 59021 6990/ 555 10002=","Q01  00002PRCP24Q02    003SCCGA1"
"42262099999","2022-05-22T12:00:00","4","27.8833333","78.0666666","187.0","ALIGARH, IN","FM-12","99999","V020","090,1,N,0026,1","22000,1,9,N","002000,1,9,9","+0380,1","+0210,1","09919,1",,"2,1,02,1","1,1,02,1","99,9,+99999,9,00,1",,,"9,AGL   ,+99999,+99999","02,99,1,00,1,99,9,99999,9,99,9,99,9","240,M,+0398,1",,"9,9,999,9,-015,1","05,1","SYN06442262 31995 20905 10380 20210 49919 70521 80001 333 10398 59015=","Q01    003SCCGA1"
"42262099999","2022-05-23T03:00:00","4","27.8833333","78.0666666","187.0","ALIGARH, IN","FM-12","99999","V020","320,1,N,0062,1","99999,9,9,N","002000,1,9,9","+0198,1","+0188,1","10041,1","24,0110,3,1","6,1,02,1","0,1,02,1","02,1,+00800,1,06,1","99,9,+99999,9,05,1","99,9,+99999,9,00,1","9,AGL   ,+99999,+99999","07,99,1,02,1,99,9,00800,1,99,9,99,9","240,M,+0398,1","240,N,+0188,1","9,9,999,9,+069,1","62,1","SYN09242262 21595 73212 10198 20188 40041 76260 82522 333 10398 20188 58069 6011/ 555 00114 10013=",
"42262099999","2022-05-23T12:00:00","4","27.8833333","78.0666666","187.0","ALIGARH, IN","FM-12","99999","V020","050,1,N,0031,1","22000,1,9,N","002000,1,9,9","+0286,1","+0201,1","09965,1","09,0000,2,1","2,1,02,1","1,1,02,1","99,9,+99999,9,00,1",,,"9,AGL   ,+99999,+99999","03,99,1,00,1,99,9,99999,9,99,9,99,9","240,M,+0296,1",,"9,9,999,9,+040,1","05,1","SYN07042262 21995 30506 10286 20201 49965 70521 80001 333 10296 58040 6990/=","Q01    003SCCGA1"
"42262099999","2022-05-24T03:00:00","4","27.8833333","78.0666666","187.0","ALIGARH, IN","FM-12","99999","V020","140,1,N,0031,1","22000,1,9,N","002000,1,9,9","+0246,1","+0213,1","10054,1","24,0090,3,1","2,1,02,1","1,1,02,1","01,1,+01750,1,03,1","99,9,+99999,9,00,1",,"9,AGL   ,+99999,+99999","04,99,1,01,1,99,9,01750,1,99,9,99,9","240,M,+0296,1","240,N,+0200,1","9,9,999,9,+016,1","10,1","SYN09242262 21795 41406 10246 20213 40054 71021 81031 333 10296 20200 58016 6009/ 555 00094 10023=",
"42262099999","2022-05-24T12:00:00","4","27.8833333","78.0666666","187.0","ALIGARH, IN","FM-12","99999","V020","050,1,N,0026,1","99999,9,9,N","004000,1,9,9","+0306,1","+0221,1","10024,1",,,,,,,,,"240,M,+0318,1",,"9,9,999,9,+059,1",,"SYN05242262 32996 00505 10306 20221 40024 333 10318 58059=",
"42262099999","2022-05-25T03:00:00","4","27.8833333","78.0666666","187.0","ALIGARH, IN","FM-12","99999","V020","050,1,N,0031,1","22000,1,9,N","002000,1,9,9","+0290,1","+0219,1","10063,1",,"2,1,02,1","1,1,02,1","99,9,+99999,9,00,1",,,"9,AGL   ,+99999,+99999","02,99,1,00,1,99,9,99999,9,99,9,99,9","240,M,+0318,1","240,N,+0250,1","9,9,999,9,+012,1","05,1","SYN08042262 31995 20506 10290 20219 40063 70521 80001 333 10318 20250 58012 555 10023=","Q01    003SCCGA1"
"42262099999","2022-05-25T12:00:00","4","27.8833333","78.0666666","187.0","ALIGARH, IN","FM-12","99999","V020","050,1,N,0026,1","99999,9,9,N","002000,1,9,9","+0328,1","+0226,1","10005,1",,"0,1,02,1","0,1,02,1",,,,,,"240,M,+0338,1",,"9,9,999,9,-018,1","05,1","SYN05842262 31995 00505 10328 20226 40005 70500 333 10338 59018=",
"42262099999","2022-05-26T03:00:00","4","27.8833333","78.0666666","187.0","ALIGARH, IN","FM-12","99999","V020","140,1,N,0010,1","99999,9,9,N","002000,1,9,9","+0306,1","+0221,1","10044,1",,"0,1,02,1","0,1,02,1",,,,,,"240,M,+0338,1","240,N,+0258,1","9,9,999,9,-018,1","05,1","SYN07442262 31995 01402 10306 20221 40044 70500 333 10338 20258 59018 555 10023=",
"42262099999","2022-05-26T12:00:00","4","27.8833333","78.0666666","187.0","ALIGARH, IN","FM-12","99999","V020","050,1,N,0031,1","99999,9,9,N","002000,1,9,9","+0348,1","+0230,1","09990,1",,"0,1,02,1","0,1,02,1",,,,,,"240,M,+0356,1",,"9,9,999,9,-013,1","05,1","SYN05842262 31995 00506 10348 20230 49990 70500 333 10356 59013=",
"42262099999","2022-05-27T03:00:00","4","27.8833333","78.0666666","187.0","ALIGARH, IN","FM-12","99999","V020","050,1,N,0015,1","22000,1,9,N","002000,1,9,9","+0306,1","+0217,1","10015,1","24,0000,9,1","2,1,02,1","1,1,02,1","99,9,+99999,9,00,1",,,"9,AGL   ,+99999,+99999","02,99,1,00,1,99,9,99999,9,99,9,99,9","240,M,+0356,1","240,N,+0264,1","9,9,999,9,-028,1","05,1","SYN07642262 21995 20503 10306 20217 40015 70521 80001 333 10356 20264 59028 6990/=","Q01  00002PRCP24Q02    003SCCGA1"
"42262099999","2022-05-27T12:00:00","4","27.8833333","78.0666666","187.0","ALIGARH, IN","FM-12","99999","V020","230,1,N,0062,1","99999,9,9,N","001000,1,9,9","+0322,1","+0223,1","09983,1",,"2,1,02,1","2,1,02,1","02,1,+01750,1,05,1","99,9,+99999,9,00,1",,"9,AGL   ,+99999,+99999","06,99,1,02,1,99,9,01750,1,99,9,99,9","240,M,+0386,1",,"9,9,999,9,+009,1","05,1","SYN06442262 31794 62312 10322 20223 49983 70522 82022 333 10386 58009=",
"42262099999","2022-05-28T12:00:00","4","27.8833333","78.0666666","187.0","ALIGARH, IN","FM-12","99999","V020","320,1,N,0010,1","99999,9,9,N","002000,1,9,9","+0388,1","+0238,1","09944,1",,"0,1,02,1","0,1,02,1",,,,,,"240,M,+0396,1",,"9,9,999,9,-034,1","05,1","SYN05842262 31995 03202 10388 20238 49944 70500 333 10396 59034=",
"42262099999","2022-05-29T03:00:00","4","27.8833333","78.0666666","187.0","ALIGARH, IN","FM-12","99999","V020","230,1,N,0010,1","22000,1,9,N","002000,1,9,9","+0318,1","+0225,1","09987,1","24,0000,9,1","2,1,02,1","1,1,02,1","99,9,+99999,9,00,1",,,"9,AGL   ,+99999,+99999","02,99,1,00,1,99,9,99999,9,99,9,99,9","240,M,+0396,1","240,N,+0286,1","9,9,999,9,-007,1","05,1","SYN08642262 21995 22302 10318 20225 49987 70521 80001 333 10396 20286 59007 6990/ 555 10023=","Q01  00002PRCP24Q02    003SCCGA1"
"42262099999","2022-05-29T12:00:00","4","27.8833333","78.0666666","187.0","ALIGARH, IN","FM-12","99999","V020","050,1,N,0031,1","22000,1,9,N","002000,1,9,9","+0344,1","+0245,1","09961,1",,"0,1,02,1","0,1,02,1","99,9,+99999,9,00,1",,,"9,AGL   ,+99999,+99999","04,99,1,00,1,99,9,99999,9,99,9,99,9","240,M,+0402,1",,"9,9,999,9,+015,1","05,1","SYN06442262 31995 40506 10344 20245 49961 70500 80002 333 10402 58015=","Q01    003SCCGA1"
"42262099999","2022-05-30T03:00:00","4","27.8833333","78.0666666","187.0","ALIGARH, IN","FM-12","99999","V020","140,1,N,0031,1","99999,9,9,N","002000,1,9,9","+0304,1","+0262,1","10007,1","24,0100,3,1","2,1,02,1","1,1,02,1","99,9,+99999,9,00,1",,,"9,AGL   ,+99999,+99999","06,99,1,00,1,99,9,99999,9,99,9,99,9","240,M,+0402,1","240,N,+0226,1","9,9,999,9,+020,1","10,1","SYN09242262 21995 61406 10304 20262 40007 71021 80002 333 10402 20226 58020 6010/ 555 00100 10033=","Q01    003SCCGA1"
"42262099999","2022-05-30T12:00:00","4","27.8833333","78.0666666","187.0","ALIGARH, IN","FM-12","99999","V020","230,1,N,0057,1","99999,9,9,N","002000,1,9,9","+0332,1","+0269,1","09966,1",,"2,1,02,1","2,1,02,1","02,1,+01750,1,05,1","99,9,+99999,9,00,1",,"9,AGL   ,+99999,+99999","06,99,1,02,1,99,9,01750,1,99,9,99,9","240,M,+0384,1",,"9,9,999,9,+005,1","05,1","SYN06442262 31795 62311 10332 20269 49966 70522 82022 333 10384 58005=",
"42262099999","2022-05-31T12:00:00","4","27.8833333","78.0666666","187.0","ALIGARH, IN","FM-12","99999","V020","140,1,N,0021,1","99999,9,9,N","002000,1,9,9","+0374,1","+0264,1","09958,1",,"0,1,02,1","0,1,02,1",,,,,,"240,M,+0386,1",,"9,9,999,9,-006,1","05,1","SYN05842262 31995 01404 10374 20264 49958 70500 333 10386 59006=",
"42262099999","2022-06-01T03:00:00","4","27.8833333","78.0666666","187.0","ALIGARH, IN","FM-12","99999","V020","230,1,N,0031,1","99999,9,9,N","002000,1,9,9","+0332,1","+0227,1","10006,1",,"0,1,02,1","0,1,02,1",,,,,,"240,M,+0386,1","240,N,+0266,1","9,9,999,9,+008,1","05,1","SYN07442262 31995 02306 10332 20227 40006 70500 333 10386 20266 58008 555 10000=",
"42262099999","2022-06-01T12:00:00","4","27.8833333","78.0666666","187.0","ALIGARH, IN","FM-12","99999","V020","320,1,N,0021,1","99999,9,9,N","002000,1,9,9","+0406,1","+0127,1","09963,1",,"0,1,02,1","0,1,02,1",,,,,,"240,M,+0416,1",,"9,9,999,9,+007,1","05,1","SYN05842262 31995 03204 10406 20127 49963 70500 333 10416 58007=",
"42262099999","2022-06-02T03:00:00","4","27.8833333","78.0666666","187.0","ALIGARH, IN","FM-12","99999","V020","050,1,N,0015,1","99999,9,9,N","002000,1,9,9","+0340,1","+0188,1","10007,1",,"0,1,02,1","0,1,02,1",,,,,,"240,M,+0416,1","240,N,+0280,1","9,9,999,9,+002,1","05,1","SYN07442262 31995 00503 10340 20188 40007 70500 333 10416 20280 58002 555 10000=",
"42262099999","2022-06-02T12:00:00","4","27.8833333","78.0666666","187.0","ALIGARH, IN","FM-12","99999","V020","320,1,N,0010,1","22000,1,9,N","002000,1,9,9","+0404,1","+0175,1","09957,1",,"0,1,02,1","0,1,02,1","99,9,+99999,9,00,1",,,"9,AGL   ,+99999,+99999","02,99,1,00,1,99,9,99999,9,99,9,99,9","240,M,+0414,1",,"9,9,999,9,-006,1","05,1","SYN06442262 31995 23202 10404 20175 49957 70500 80001 333 10414 59006=","Q01    003SCCGA1"
"42262099999","2022-06-03T03:00:00","4","27.8833333","78.0666666","187.0","ALIGARH, IN","FM-12","99999","V020","320,1,N,0010,1","22000,1,9,N","002000,1,9,9","+0344,1","+0189,1","09989,1",,"2,1,02,1","1,1,02,1","99,9,+99999,9,00,1",,,"9,AGL   ,+99999,+99999","02,99,1,00,1,99,9,99999,9,99,9,99,9","240,M,+0414,1","240,N,+0292,1","9,9,999,9,-018,1","05,1","SYN08042262 31995 23202 10344 20189 49989 70521 80001 333 10414 20292 59018 555 10000=","Q01    003SCCGA1"
"42262099999","2022-06-03T12:00:00","4","27.8833333","78.0666666","187.0","ALIGARH, IN","FM-12","99999","V020","320,1,N,0021,1","22000,1,9,N","002000,1,9,9","+0428,1","+0113,1","09952,1",,"2,1,02,1","1,1,02,1","99,9,+99999,9,00,1",,,"9,AGL   ,+99999,+99999","02,99,1,00,1,99,9,99999,9,99,9,99,9","240,M,+0438,1",,"9,9,999,9,-004,1","05,1","SYN06442262 31995 23204 10428 20113 49952 70521 80001 333 10438 59004=","Q01    003SCCGA1"
"42262099999","2022-06-04T03:00:00","4","27.8833333","78.0666666","187.0","ALIGARH, IN","FM-12","99999","V020","320,1,N,0010,1","22000,1,9,N","002000,1,9,9","+0340,1","+0191,1","09993,1",,"0,1,02,1","0,1,02,1","99,9,+99999,9,00,1",,,"9,AGL   ,+99999,+99999","02,99,1,00,1,99,9,99999,9,99,9,99,9","240,M,+0438,1","240,N,+0282,1","9,9,999,9,+004,1","05,1","SYN08042262 31995 23202 10340 20191 49993 70500 80001 333 10438 20282 58004 555 10000=","Q01    003SCCGA1"
"42262099999","2022-06-04T12:00:00","4","27.8833333","78.0666666","187.0","ALIGARH, IN","FM-12","99999","V020","320,1,N,0015,1","22000,1,9,N","002000,1,9,9","+0426,1","+0126,1","09961,1",,"2,1,02,1","1,1,02,1","99,9,+99999,9,00,1",,,"9,AGL   ,+99999,+99999","02,99,1,00,1,99,9,99999,9,99,9,99,9","240,M,+0438,1",,"9,9,999,9,+009,1","05,1","SYN06442262 31995 23203 10426 20126 49961 70521 80001 333 10438 58009=","Q01    003SCCGA1"
"42262099999","2022-06-05T03:00:00","4","27.8833333","78.0666666","187.0","ALIGARH, IN","FM-12","99999","V020","320,1,N,0031,1","22000,1,9,N","002000,1,9,9","+0344,1","+0124,1","09996,1",,"0,1,02,1","0,1,02,1","99,9,+99999,9,00,1",,,"9,AGL   ,+99999,+99999","04,99,1,00,1,99,9,99999,9,99,9,99,9","240,M,+0438,1","240,N,+0284,1","9,9,999,9,+003,1","05,1","SYN08042262 31995 43206 10344 20124 49996 70500 80001 333 10438 20284 58003 555 10000=","Q01    003SCCGA1"
"42262099999","2022-06-05T12:00:00","4","27.8833333","78.0666666","187.0","ALIGARH, IN","FM-12","99999","V020","320,1,N,0021,1","22000,1,9,N","002000,1,9,9","+0428,1","+0125,1","09964,1",,"2,1,02,1","1,1,02,1","99,9,+99999,9,00,1",,,"9,AGL   ,+99999,+99999","03,99,1,00,1,99,9,99999,9,99,9,99,9","240,M,+0444,1",,"9,9,999,9,+003,1","05,1","SYN06442262 31995 33204 10428 20125 49964 70521 80001 333 10444 58003=","Q01    003SCCGA1"
"42262099999","2022-06-06T03:00:00","4","27.8833333","78.0666666","187.0","ALIGARH, IN","FM-12","99999","V020","230,1,N,0031,1","99999,9,9,N","002000,1,9,9","+0350,1","+0124,1","09991,1",,"0,1,02,1","0,1,02,1",,,,,,"240,M,+0444,1","240,N,+0286,1","9,9,999,9,-005,1","05,1","SYN07442262 31995 02306 10350 20124 49991 70500 333 10444 20286 59005 555 10000=",
"42262099999","2022-06-06T12:00:00","4","27.8833333","78.0666666","187.0","ALIGARH, IN","FM-12","99999","V020","230,1,N,0015,1","99999,9,9,N","004000,1,9,9","+0428,1","+0119,1","09957,1",,,,,,,,,"240,M,+0440,1",,"9,9,999,9,-007,1",,"SYN05242262 32996 02303 10428 20119 49957 333 10440 59007=",
"42262099999","2022-06-07T03:00:00","4","27.8833333","78.0666666","187.0","ALIGARH, IN","FM-12","99999","V020","320,1,N,0031,1","99999,9,9,N","002000,1,9,9","+0338,1","+0165,1","09986,1",,"2,1,02,1","1,1,02,1","99,9,+99999,9,00,1",,,"9,AGL   ,+99999,+99999","05,99,1,00,1,99,9,99999,9,99,9,99,9","240,M,+0440,1","240,N,+0288,1","9,9,999,9,-006,1","05,1","SYN08042262 31995 53206 10338 20165 49986 70521 80002 333 10440 20288 59006 555 10000=","Q01    003SCCGA1"
"42262099999","2022-06-07T12:00:00","4","27.8833333","78.0666666","187.0","ALIGARH, IN","FM-12","99999","V020","320,1,N,0021,1","99999,9,9,N","002000,1,9,9","+0410,1","+0189,1","09957,1",,"0,1,02,1","0,1,02,1",,,,,,"240,M,+0432,1",,"9,9,999,9,-001,1","05,1","SYN05842262 31995 03204 10410 20189 49957 70500 333 10432 59001=",
"42262099999","2022-06-08T03:00:00","4","27.8833333","78.0666666","187.0","ALIGARH, IN","FM-12","99999","V020","320,1,N,0031,1","99999,9,9,N","002000,1,9,9","+0342,1","+0145,1","09991,1",,"2,1,02,1","2,1,02,1","99,9,+99999,9,00,1",,,"9,AGL   ,+99999,+99999","06,99,1,00,1,99,9,99999,9,99,9,99,9","240,M,+0432,1","240,N,+0302,1","9,9,999,9,+006,1","05,1","SYN08042262 31995 63206 10342 20145 49991 70522 80002 333 10432 20302 58006 555 10000=","Q01    003SCCGA1"
"42262099999","2022-06-08T12:00:00","4","27.8833333","78.0666666","187.0","ALIGARH, IN","FM-12","99999","V020","320,1,N,0031,1","99999,9,9,N","004000,1,9,9","+0408,1","+0178,1","09950,1",,,,,,,,,"240,M,+0430,1",,"9,9,999,9,-007,1",,"SYN05242262 32996 03206 10408 20178 49950 333 10430 59007=",
"42262099999","2022-06-09T03:00:00","4","27.8833333","78.0666666","187.0","ALIGARH, IN","FM-12","99999","V020","270,1,N,0010,1","22000,1,9,N","002000,1,9,9","+0350,1","+0169,1","09975,1",,"0,1,02,1","0,1,02,1","99,9,+99999,9,00,1",,,"9,AGL   ,+99999,+99999","02,99,1,00,1,99,9,99999,9,99,9,99,9","240,M,+0430,1","240,N,+0290,1","9,9,999,9,-015,1","05,1","SYN08042262 31995 22702 10350 20169 49975 70500 80001 333 10430 20290 59015 555 10000=","Q01    003SCCGA1"
"42262099999","2022-06-09T12:00:00","4","27.8833333","78.0666666","187.0","ALIGARH, IN","FM-12","99999","V020","320,1,N,0021,1","99999,9,9,N","002000,1,9,9","+0416,1","+0164,1","09942,1",,"0,1,02,1","0,1,02,1",,,,,,"240,M,+0434,1",,"9,9,999,9,-008,1","05,1","SYN05842262 31995 03204 10416 20164 49942 70500 333 10434 59008=",
"42262099999","2022-06-10T03:00:00","4","27.8833333","78.0666666","187.0","ALIGARH, IN","FM-12","99999","V020","270,1,N,0021,1","22000,1,9,N","002000,1,9,9","+0360,1","+0187,1","09984,1","24,0000,9,1","2,1,02,1","1,1,02,1","99,9,+99999,9,00,1",,,"9,AGL   ,+99999,+99999","03,99,1,00,1,99,9,99999,9,99,9,99,9","240,M,+0434,1","240,N,+0314,1","9,9,999,9,+009,1","05,1","SYN09242262 21995 32704 10360 20187 49984 70521 80002 333 10434 20314 58009 6990/ 555 00000 10000=","Q01  00002PRCP24Q02    003SCCGA1"
"42262099999","2022-06-10T12:00:00","4","27.8833333","78.0666666","187.0","ALIGARH, IN","FM-12","99999","V020","320,1,N,0021,1","99999,9,9,N","002000,1,9,9","+0418,1","+0164,1","09946,1",,"0,1,02,1","0,1,02,1",,,,,,"240,M,+0438,1",,"9,9,999,9,-004,1","05,1","SYN05842262 31995 03204 10418 20164 49946 70500 333 10438 59004=",
"42262099999","2022-06-11T03:00:00","4","27.8833333","78.0666666","187.0","ALIGARH, IN","FM-12","99999","V020","320,1,N,0031,1","99999,9,9,N","002000,1,9,9","+0352,1","+0155,1","09986,1",,"0,1,02,1","0,1,02,1",,,,,,"240,M,+0438,1","240,N,+0294,1","9,9,999,9,+001,1","05,1","SYN07442262 31995 03206 10352 20155 49986 70500 333 10438 20294 58001 555 10000=",
"42262099999","2022-06-11T12:00:00","4","27.8833333","78.0666666","187.0","ALIGARH, IN","FM-12","99999","V020","320,1,N,0036,1","99999,9,9,N","002000,1,9,9","+0418,1","+0188,1","09938,1",,"0,1,02,1","0,1,02,1",,,,,,"240,M,+0432,1",,"9,9,999,9,-009,1","05,1","SYN05842262 31995 03207 10418 20188 49938 70500 333 10432 59009=",
"42262099999","2022-06-12T03:00:00","4","27.8833333","78.0666666","187.0","ALIGARH, IN","FM-12","99999","V020","320,1,N,0021,1","22000,1,9,N","002000,1,9,9","+0354,1","+0154,1","09990,1",,"0,1,02,1","0,1,02,1","99,9,+99999,9,00,1",,,"9,AGL   ,+99999,+99999","02,99,1,00,1,99,9,99999,9,99,9,99,9","240,M,+0432,1","240,N,+0302,1","9,9,999,9,+006,1","05,1","SYN07042262 31995 23204 10354 20154 49990 70500 80001 333 10432 20302 58006=","Q01    003SCCGA1"
"42262099999","2022-06-13T03:00:00","4","27.8833333","78.0666666","187.0","ALIGARH, IN","FM-12","99999","V020","320,1,N,0021,1","99999,9,9,N","002000,1,9,9","+0342,1","+0179,1","10012,1",,"2,1,02,1","2,1,02,1","01,1,+01750,1,05,1","99,9,+99999,9,00,1",,"9,AGL   ,+99999,+99999","06,99,1,01,1,99,9,01750,1,99,9,99,9","240,M,+0436,1","240,N,+0292,1","9,9,999,9,+022,1","05,1","SYN07042262 31795 63204 10342 20179 40012 70522 81022 333 10436 20292 58022=",
"42262099999","2022-06-13T12:00:00","4","27.8833333","78.0666666","187.0","ALIGARH, IN","FM-12","99999","V020","320,1,N,0026,1","22000,1,9,N","002000,1,9,9","+0408,1","+0210,1","09994,1",,"2,1,02,1","1,1,02,1","99,9,+99999,9,00,1",,,"9,AGL   ,+99999,+99999","03,99,1,00,1,99,9,99999,9,99,9,99,9","240,M,+0416,1",,"9,9,999,9,+039,1","05,1","SYN06442262 31995 33205 10408 20210 49994 70521 80001 333 10416 58039=","Q01    003SCCGA1"
"42262099999","2022-06-14T03:00:00","4","27.8833333","78.0666666","187.0","ALIGARH, IN","FM-12","99999","V020","320,1,N,0036,1","22000,1,9,N","002000,1,9,9","+0348,1","+0198,1","10014,1",,"2,1,02,1","1,1,02,1","99,9,+99999,9,00,1",,,"9,AGL   ,+99999,+99999","02,99,1,00,1,99,9,99999,9,99,9,99,9","240,M,+0416,1","240,N,+0314,1","9,9,999,9,+002,1","05,1","SYN08042262 31995 23207 10348 20198 40014 70521 80001 333 10416 20314 58002 555 10000=","Q01    003SCCGA1"
"42262099999","2022-06-14T12:00:00","4","27.8833333","78.0666666","187.0","ALIGARH, IN","FM-12","99999","V020","320,1,N,0036,1","99999,9,9,N","002000,1,9,9","+0402,1","+0268,1","09996,1",,"0,1,02,1","0,1,02,1",,,,,,"240,M,+0410,1",,"9,9,999,9,+002,1","05,1","SYN05842262 31995 03207 10402 20268 49996 70500 333 10410 58002=",
"42262099999","2022-06-15T03:00:00","4","27.8833333","78.0666666","187.0","ALIGARH, IN","FM-12","99999","V020","270,1,N,0046,1","22000,1,9,N","002000,1,9,9","+0342,1","+0223,1","10001,1",,"2,1,02,1","1,1,02,1","99,9,+99999,9,00,1",,,"9,AGL   ,+99999,+99999","02,99,1,00,1,99,9,99999,9,99,9,99,9","240,M,+0410,1","240,N,+0300,1","9,9,999,9,-013,1","05,1","SYN07042262 31995 22709 10342 20223 40001 70521 80001 333 10410 20300 59013=","Q01    003SCCGA1"
"42262099999","2022-06-15T12:00:00","4","27.8833333","78.0666666","187.0","ALIGARH, IN","FM-12","99999","V020","230,1,N,0046,1","99999,9,9,N","002000,1,9,9","+0408,1","+0229,1","09958,1",,"0,1,02,1","0,1,02,1","99,9,+99999,9,00,1",,,"9,AGL   ,+99999,+99999","05,99,1,00,1,99,9,99999,9,99,9,99,9","240,M,+0422,1",,"9,9,999,9,-038,1","05,1","SYN06442262 31995 52309 10408 20229 49958 70500 80002 333 10422 59038=","Q01    003SCCGA1"
"42262099999","2022-06-16T03:00:00","4","27.8833333","78.0666666","187.0","ALIGARH, IN","FM-12","99999","V020","320,1,N,0036,1","22000,1,9,N","002000,1,9,9","+0344,1","+0211,1","09996,1",,"2,1,02,1","1,1,02,1","99,9,+99999,9,00,1",,,"9,AGL   ,+99999,+99999","04,99,1,00,1,99,9,99999,9,99,9,99,9","240,M,+0422,1","240,N,+0292,1","9,9,999,9,-005,1","05,1","SYN08042262 31995 43207 10344 20211 49996 70521 80001 333 10422 20292 59005 555 10000=","Q01    003SCCGA1"
"42262099999","2022-06-16T12:00:00","4","27.8833333","78.0666666","187.0","ALIGARH, IN","FM-12","99999","V020","320,1,N,0041,1","99999,9,9,N","002000,1,9,9","+0366,1","+0210,1","09951,1",,"2,1,02,1","2,1,02,1","99,9,+99999,9,00,1",,,"9,AGL   ,+99999,+99999","05,99,1,00,1,99,9,99999,9,99,9,99,9","240,M,+0400,1",,"9,9,999,9,-009,1","05,1","SYN06442262 31995 53208 10366 20210 49951 70522 80002 333 10400 59009=","Q01    003SCCGA1"
"42262099999","2022-06-17T03:00:00","4","27.8833333","78.0666666","187.0","ALIGARH, IN","FM-12","99999","V020","050,1,N,0015,1","99999,9,9,N","002000,1,9,9","+0258,1","+0229,1","10029,1","24,0010,3,1","6,1,02,1","2,1,02,1","01,1,+00800,1,06,1","99,9,+99999,9,05,1","99,9,+99999,9,00,1","9,AGL   ,+99999,+99999","07,99,1,01,1,99,9,00800,1,99,9,99,9","240,M,+0400,1","240,N,+0248,1","9,9,999,9,+026,1","50,1","SYN09242262 21595 70503 10258 20229 40029 75062 81522 333 10400 20248 58026 6001/ 555 00014 10001=",
"42262099999","2022-06-17T12:00:00","4","27.8833333","78.0666666","187.0","ALIGARH, IN","FM-12","99999","V020","050,1,N,0031,1","99999,9,9,N","002000,1,9,9","+0364,1","+0215,1","09981,1",,"2,1,02,1","1,1,02,1","99,9,+99999,9,00,1",,,"9,AGL   ,+99999,+99999","05,99,1,00,1,99,9,99999,9,99,9,99,9","240,M,+0372,1",,"9,9,999,9,+029,1","05,1","SYN06442262 31995 50506 10364 20215 49981 70521 80002 333 10372 58029=","Q01    003SCCGA1"
"42262099999","2022-06-18T03:00:00","4","27.8833333","78.0666666","187.0","ALIGARH, IN","FM-12","99999","V020","050,1,N,0031,1","99999,9,9,N","002000,1,9,9","+0272,1","+0237,1","10032,1","24,0020,3,1","6,1,02,1","2,1,02,1","01,1,+00800,1,06,1","99,9,+99999,9,05,1","99,9,+99999,9,00,1","9,AGL   ,+99999,+99999","06,99,1,01,1,99,9,00800,1,99,9,99,9","240,M,+0372,1","240,N,+0254,1","9,9,999,9,+005,1","50,1","SYN09242262 21595 60506 10272 20237 40032 75062 81522 333 10372 20254 58005 6002/ 555 00016 10003=",
"42262099999","2022-06-18T12:00:00","4","27.8833333","78.0666666","187.0","ALIGARH, IN","FM-12","99999","V020","050,1,N,0021,1","99999,9,9,N","002000,1,9,9","+0260,1","+0256,1","10000,1","09,0290,3,1","2,1,02,1","2,1,02,1","02,1,+01750,1,05,1","99,9,+99999,9,00,1",,"9,AGL   ,+99999,+99999","06,99,1,02,1,99,9,01750,1,99,9,99,9","240,M,+0304,1",,"9,9,999,9,+013,1","10,1","SYN07042262 21795 60504 10260 20256 40000 71022 82022 333 10304 58013 6029/=",
"42262099999","2022-06-19T03:00:00","4","27.8833333","78.0666666","187.0","ALIGARH, IN","FM-12","99999","V020","320,1,N,0015,1","99999,9,9,N","002000,1,9,9","+0264,1","+0247,1","10029,1","24,0290,3,1","6,1,02,1","1,1,02,1","02,1,+00800,1,06,1","99,9,+99999,9,05,1",,"9,AGL   ,+99999,+99999","07,99,1,02,1,99,9,00800,1,99,9,99,9","240,M,+0304,1","240,N,+0250,1","9,9,999,9,-004,1","52,1","SYN09242262 21595 73203 10264 20247 40029 75261 82520 333 10304 20250 59004 6029/ 555 00286 10032=",
"42262099999","2022-06-19T12:00:00","4","27.8833333","78.0666666","187.0","ALIGARH, IN","FM-12","99999","V020","320,1,N,0015,1","99999,9,9,N","004000,1,9,9","+0302,1","+0251,1","09987,1","09,0000,2,1","2,1,02,1","2,1,02,1","99,9,+01750,1,00,1",,,"9,AGL   ,+99999,+99999","07,99,1,00,1,99,9,01750,1,99,9,99,9","240,M,+0334,1",,"9,9,999,9,-011,1","05,1","SYN07042262 21796 73203 10302 20251 49987 70522 80002 333 10334 59011 6990/=","Q01    003SCCGA1"
"42262099999","2022-06-20T03:00:00","4","27.8833333","78.0666666","187.0","ALIGARH, IN","FM-12","99999","V020","230,1,N,0015,1","22000,1,9,N","002000,1,9,9","+0266,1","+0215,1","10001,1","24,0000,2,1","2,1,02,1","1,1,02,1","99,9,+99999,9,00,1",,,"9,AGL   ,+99999,+99999","03,99,1,00,1,99,9,99999,9,99,9,99,9","240,M,+0334,1","240,N,+0234,1","9,9,999,9,-028,1","05,1","SYN07642262 21995 32303 10266 20215 40001 70521 80002 333 10334 20234 59028 6990/=","Q01    003SCCGA1"
"42262099999","2022-06-20T12:00:00","4","27.8833333","78.0666666","187.0","ALIGARH, IN","FM-12","99999","V020","230,1,N,0015,1","99999,9,9,N","002000,1,9,9","+0328,1","+0226,1","09961,1",,"2,1,02,1","2,1,02,1","01,1,+01750,1,03,1","99,9,+99999,9,00,1",,"9,AGL   ,+99999,+99999","05,99,1,01,1,99,9,01750,1,99,9,99,9","240,M,+0338,1",,"9,9,999,9,-024,1","05,1","SYN06442262 31795 52303 10328 20226 49961 70522 81032 333 10338 59024=",
"42262099999","2022-06-21T03:00:00","4","27.8833333","78.0666666","187.0","ALIGARH, IN","FM-12","99999","V020","230,1,N,0015,1","22000,1,9,N","002000,1,9,9","+0292,1","+0237,1","09982,1",,"0,1,02,1","0,1,02,1","99,9,+99999,9,00,1",,,"9,AGL   ,+99999,+99999","04,99,1,00,1,99,9,99999,9,99,9,99,9","240,M,+0338,1","240,N,+0258,1","9,9,999,9,-016,1","05,1","SYN08042262 31995 42303 10292 20237 49982 70500 80001 333 10338 20258 59016 555 10032=","Q01    003SCCGA1"
"42262099999","2022-06-21T12:00:00","4","27.8833333","78.0666666","187.0","ALIGARH, IN","FM-12","99999","V020","050,1,N,0021,1","22000,1,9,N","002000,1,9,9","+0354,1","+0230,1","09956,1",,"2,1,02,1","1,1,02,1","99,9,+99999,9,00,1",,,"9,AGL   ,+99999,+99999","03,99,1,00,1,99,9,99999,9,99,9,99,9","240,M,+0362,1",,"9,9,999,9,-003,1","05,1","SYN06442262 31995 30504 10354 20230 49956 70521 80001 333 10362 59003=","Q01    003SCCGA1"
"42262099999","2022-06-22T12:00:00","4","27.8833333","78.0666666","187.0","ALIGARH, IN","FM-12","99999","V020","320,1,N,0015,1","99999,9,9,N","002000,1,9,9","+0382,1","+0224,1","09999,1",,"0,1,02,1","0,1,02,1",,,,,,"240,M,+0382,1",,"9,9,999,9,+044,1","05,1","SYN05842262 31995 03203 10382 20224 49999 70500 333 10382 58044=",
"42262099999","2022-06-23T03:00:00","4","27.8833333","78.0666666","187.0","ALIGARH, IN","FM-12","99999","V020","320,1,N,0026,1","99999,9,9,N","002000,1,9,9","+0310,1","+0208,1","10039,1",,"0,1,02,1","0,1,02,1",,,,,,"240,M,+0392,1","240,N,+0296,1","9,9,999,9,+014,1","05,1","SYN07442262 31995 03205 10310 20208 40039 70500 333 10392 20296 58014 555 10032=",
"42262099999","2022-06-23T12:00:00","4","27.8833333","78.0666666","187.0","ALIGARH, IN","FM-12","99999","V020","320,1,N,0021,1","99999,9,9,N","002000,1,9,9","+0390,1","+0220,1","09995,1",,"0,1,02,1","0,1,02,1",,,,,,"240,M,+0398,1",,"9,9,999,9,-003,1","05,1","SYN05842262 31995 03204 10390 20220 49995 70500 333 10398 59003=",
"42262099999","2022-06-24T03:00:00","4","27.8833333","78.0666666","187.0","ALIGARH, IN","FM-12","99999","V020","320,1,N,0021,1","99999,9,9,N","002000,1,9,9","+0322,1","+0187,1","10017,1",,"0,1,02,1","0,1,02,1",,,,,,"240,M,+0398,1","240,N,+0292,1","9,9,999,9,-021,1","05,1","SYN07442262 31995 03204 10322 20187 40017 70500 333 10398 20292 59021 555 10032=",
"42262099999","2022-06-24T12:00:00","4","27.8833333","78.0666666","187.0","ALIGARH, IN","FM-12","99999","V020","320,1,N,0021,1","99999,9,9,N","002000,1,9,9","+0284,1","+0219,1","09978,1",,"0,1,02,1","0,1,02,1",,,,,,"240,M,+0398,1",,"9,9,999,9,-021,1","05,1","SYN05842262 31995 03204 10284 20219 49978 70500 333 10398 59021=",
"42262099999","2022-06-25T03:00:00","4","27.8833333","78.0666666","187.0","ALIGARH, IN","FM-12","99999","V020","140,1,N,0010,1","99999,9,9,N","002000,1,9,9","+0336,1","+0174,1","10001,1",,"0,1,02,1","0,1,02,1",,,,,,"240,M,+0398,1","240,N,+0284,1","9,9,999,9,-015,1","05,1","SYN07442262 31995 01402 10336 20174 40001 70500 333 10398 20284 59015 555 10032=",
"42262099999","2022-06-25T12:00:00","4","27.8833333","78.0666666","187.0","ALIGARH, IN","FM-12","99999","V020","360,1,N,0021,1","99999,9,9,N","002000,1,9,9","+0382,1","+0205,1","09954,1",,"0,1,02,1","0,1,02,1",,,,,,"240,M,+0394,1",,"9,9,999,9,-023,1","05,1","SYN05842262 31995 03604 10382 20205 49954 70500 333 10394 59023=",
"42262099999","2022-06-26T03:00:00","4","27.8833333","78.0666666","187.0","ALIGARH, IN","FM-12","99999","V020","140,1,N,0036,1","22000,1,9,N","002000,1,9,9","+0336,1","+0264,1","10010,1",,"0,1,02,1","0,1,02,1","99,9,+99999,9,00,1",,,"9,AGL   ,+99999,+99999","02,99,1,00,1,99,9,99999,9,99,9,99,9","240,M,+0394,1","240,N,+0296,1","9,9,999,9,+009,1","05,1","SYN08042262 31995 21407 10336 20264 40010 70500 80001 333 10394 20296 58009 555 10032=","Q01    003SCCGA1"
"42262099999","2022-06-26T12:00:00","4","27.8833333","78.0666666","187.0","ALIGARH, IN","FM-12","99999","V020","140,1,N,0031,1","22000,1,9,N","002000,1,9,9","+0388,1","+0258,1","09970,1",,"2,1,02,1","1,1,02,1","99,9,+99999,9,00,1",,,"9,AGL   ,+99999,+99999","04,99,1,00,1,99,9,99999,9,99,9,99,9","240,M,+0398,1",,"9,9,999,9,+015,1","05,1","SYN06442262 31995 41406 10388 20258 49970 70521 80002 333 10398 58015=","Q01    003SCCGA1"
"42262099999","2022-06-27T03:00:00","4","27.8833333","78.0666666","187.0","ALIGARH, IN","FM-12","99999","V020","140,1,N,0031,1","22000,1,9,N","002000,1,9,9","+0332,1","+0263,1","10020,1",,"2,1,02,1","1,1,02,1","99,9,+99999,9,00,1",,,"9,AGL   ,+99999,+99999","02,99,1,00,1,99,9,99999,9,99,9,99,9","240,M,+0398,1","240,N,+0304,1","9,9,999,9,+010,1","05,1","SYN08042262 31995 21406 10332 20263 40020 70521 80001 333 10398 20304 58010 555 10032=","Q01    003SCCGA1"
"42262099999","2022-06-27T12:00:00","4","27.8833333","78.0666666","187.0","ALIGARH, IN","FM-12","99999","V020","140,1,N,0036,1","22000,1,9,N","002000,1,9,9","+0386,1","+0256,1","09973,1",,"2,1,02,1","1,1,02,1","99,9,+99999,9,00,1",,,"9,AGL   ,+99999,+99999","04,99,1,00,1,99,9,99999,9,99,9,99,9","240,M,+0396,1",,"9,9,999,9,+003,1","05,1","SYN06442262 31995 41407 10386 20256 49973 70521 80001 333 10396 58003=","Q01    003SCCGA1"
"42262099999","2022-06-28T03:00:00","4","27.8833333","78.0666666","187.0","ALIGARH, IN","FM-12","99999","V020","140,1,N,0015,1","22000,1,9,N","002000,1,9,9","+0340,1","+0268,1","09988,1",,"2,1,02,1","1,1,02,1","99,9,+99999,9,00,1",,,"9,AGL   ,+99999,+99999","04,99,1,00,1,99,9,99999,9,99,9,99,9","240,M,+0396,1","240,N,+0308,1","9,9,999,9,-031,1","05,1","SYN08042262 31995 41403 10340 20268 49988 70521 80002 333 10396 20308 59031 555 10032=","Q01    003SCCGA1"
"42262099999","2022-06-29T03:00:00","4","27.8833333","78.0666666","187.0","ALIGARH, IN","FM-12","99999","V020","140,1,N,0015,1","99999,9,9,N","002000,1,9,9","+0312,1","+0271,1","09965,1","24,0006,3,1","2,1,02,1","1,1,02,1","01,1,+01750,1,05,1","99,9,+99999,9,00,1",,"9,AGL   ,+99999,+99999","07,99,1,01,1,99,9,01750,1,99,9,99,9","240,M,+0386,1","240,N,+0292,1","9,9,999,9,-024,1","10,1","SYN09242262 21795 71403 10312 20271 49965 71021 81022 333 10386 20292 59024 6996/ 555 00006 10032=",
"42262099999","2022-06-29T12:00:00","4","27.8833333","78.0666666","187.0","ALIGARH, IN","FM-12","99999","V020","050,1,N,0031,1","99999,9,9,N","002000,1,9,9","+0356,1","+0268,1","09938,1",,"2,1,02,1","1,1,02,1","99,9,+99999,9,00,1",,,"9,AGL   ,+99999,+99999","07,99,1,00,1,99,9,99999,9,99,9,99,9","240,M,+0364,1",,"9,9,999,9,-006,1","05,1","SYN06442262 31995 70506 10356 20268 49938 70521 80002 333 10364 59006=","Q01    003SCCGA1"
"42262099999","2022-06-30T03:00:00","4","27.8833333","78.0666666","187.0","ALIGARH, IN","FM-12","99999","V020","140,1,N,0021,1","99999,9,9,N","002000,1,9,9","+0280,1","+0252,1","09992,1","24,0000,9,1","2,1,02,1","2,1,02,1","02,1,+01750,1,05,1","99,9,+99999,9,00,1",,"9,AGL   ,+99999,+99999","07,99,1,02,1,99,9,01750,1,99,9,99,9","240,M,+0364,1","240,N,+0272,1","9,9,999,9,+024,1","10,1","SYN08642262 21795 71404 10280 20252 49992 71022 82022 333 10364 20272 58024 6990/ 555 10032=","Q01  00002PRCP24"
"42262099999","2022-06-30T12:00:00","4","27.8833333","78.0666666","187.0","ALIGARH, IN","FM-12","99999","V020","320,1,N,0026,1","99999,9,9,N","002000,1,9,9","+0278,1","+0243,1","09989,1","09,0100,3,1","2,1,02,1","1,1,02,1","02,1,+01750,1,05,1","99,9,+99999,9,00,1",,"9,AGL   ,+99999,+99999","06,99,1,02,1,99,9,01750,1,99,9,99,9","240,M,+0288,1",,"9,9,999,9,+046,1","10,1","SYN07042262 21795 63205 10278 20243 49989 71021 82022 333 10288 58046 6010/=",
"42262099999","2022-07-01T03:00:00","4","27.8833333","78.0666666","187.0","ALIGARH, IN","FM-12","99999","V020","140,1,N,0015,1","99999,9,9,N","002000,1,9,9","+0274,1","+0242,1","09995,1","24,0100,3,1","2,1,02,1","1,1,02,1","01,1,+00800,1,06,1","99,9,+99999,9,05,1","99,9,+99999,9,00,1","9,AGL   ,+99999,+99999","06,99,1,01,1,99,9,00800,1,99,9,99,9","240,M,+0288,1","240,N,+0248,1","9,9,999,9,+002,1","10,1","SYN09242262 21595 61403 10274 20242 49995 71021 81522 333 10288 20248 58002 6010/ 555 00102 10042=",
"42262099999","2022-07-01T12:00:00","4","27.8833333","78.0666666","187.0","ALIGARH, IN","FM-12","99999","V020","230,1,N,0021,1","99999,9,9,N","002000,1,9,9","+0314,1","+0273,1","09967,1","09,0000,9,1","2,1,02,1","1,1,02,1","02,1,+01750,1,05,1","99,9,+99999,9,00,1",,"9,AGL   ,+99999,+99999","05,99,1,02,1,99,9,01750,1,99,9,99,9","240,M,+0322,1",,"9,9,999,9,-019,1","10,1","SYN07042262 21795 52304 10314 20273 49967 71021 82022 333 10322 59019 6990/=","Q01  00002PRCP09"
"42262099999","2022-07-02T03:00:00","4","27.8833333","78.0666666","187.0","ALIGARH, IN","FM-12","99999","V020","320,1,N,0010,1","99999,9,9,N","002000,1,9,9","+0302,1","+0266,1","09981,1","24,0000,9,1","2,1,02,1","1,1,02,1","01,1,+01750,1,05,1","99,9,+99999,9,00,1",,"9,AGL   ,+99999,+99999","05,99,1,01,1,99,9,01750,1,99,9,99,9","240,M,+0322,1","240,N,+0256,1","9,9,999,9,-011,1","10,1","SYN09242262 21795 53202 10302 20266 49981 71021 81022 333 10322 20256 59011 6990/ 555 00000 10042=","Q01  00002PRCP24"
"42262099999","2022-07-02T12:00:00","4","27.8833333","78.0666666","187.0","ALIGARH, IN","FM-12","99999","V020","140,1,N,0026,1","99999,9,9,N","002000,1,9,9","+0338,1","+0263,1","09948,1",,"2,1,02,1","1,1,02,1","01,1,+01750,1,03,1","99,9,+99999,9,00,1",,"9,AGL   ,+99999,+99999","05,99,1,01,1,99,9,01750,1,99,9,99,9","240,M,+0344,1",,"9,9,999,9,-018,1","05,1","SYN06442262 31795 51405 10338 20263 49948 70521 81032 333 10344 59018=",
"42262099999","2022-07-03T03:00:00","4","27.8833333","78.0666666","187.0","ALIGARH, IN","FM-12","99999","V020","140,1,N,0010,1","99999,9,9,N","002000,1,9,9","+0296,1","+0271,1","09996,1","24,0000,9,1","2,1,02,1","1,1,02,1","01,1,+01750,1,03,1","99,9,+99999,9,00,1",,"9,AGL   ,+99999,+99999","05,99,1,01,1,99,9,01750,1,99,9,99,9","240,M,+0344,1","240,N,+0262,1","9,9,999,9,+013,1","10,1","SYN09242262 21795 51402 10296 20271 49996 71021 81032 333 10344 20262 58013 6990/ 555 00000 10042=","Q01  00002PRCP24"
"42262099999","2022-07-03T12:00:00","4","27.8833333","78.0666666","187.0","ALIGARH, IN","FM-12","99999","V020","140,1,N,0010,1","99999,9,9,N","002000,1,9,9","+0336,1","+0270,1","09959,1",,"2,1,02,1","2,1,02,1","02,1,+01750,1,05,1","99,9,+99999,9,00,1",,"9,AGL   ,+99999,+99999","06,99,1,02,1,99,9,01750,1,99,9,99,9","240,M,+0342,1",,"9,9,999,9,+011,1","05,1","SYN06442262 31795 61402 10336 20270 49959 70522 82022 333 10342 58011=",
"42262099999","2022-07-04T12:00:00","4","27.8833333","78.0666666","187.0","ALIGARH, IN","FM-12","99999","V020","140,1,N,0010,1","99999,9,9,N","002000,1,9,9","+0358,1","+0261,1","09955,1",,"2,1,02,1","2,1,02,1","01,1,+01750,1,05,1","99,9,+99999,9,00,1",,"9,AGL   ,+99999,+99999","06,99,1,01,1,99,9,01750,1,99,9,99,9","240,M,+0366,1",,"9,9,999,9,-003,1","05,1","SYN06442262 31795 61402 10358 20261 49955 70522 81022 333 10366 59003=",
"42262099999","2022-07-05T03:00:00","4","27.8833333","78.0666666","187.0","ALIGARH, IN","FM-12","99999","V020","050,1,N,0021,1","22000,1,9,N","002000,1,9,9","+0334,1","+0285,1","09989,1",,"2,1,02,1","1,1,02,1","99,9,+99999,9,00,1",,,"9,AGL   ,+99999,+99999","03,99,1,00,1,99,9,99999,9,99,9,99,9","240,M,+0366,1","240,N,+0298,1","9,9,999,9,-002,1","05,1","SYN08042262 31995 30504 10334 20285 49989 70521 80002 333 10366 20298 59002 555 10055=","Q01    003SCCGA1"
"42262099999","2022-07-05T12:00:00","4","27.8833333","78.0666666","187.0","ALIGARH, IN","FM-12","99999","V020","140,1,N,0015,1","99999,9,9,N","002000,1,9,9","+0360,1","+0276,1","09952,1","09,0000,9,1","2,1,02,1","1,1,02,1","01,1,+01750,1,03,1","99,9,+99999,9,00,1",,"9,AGL   ,+99999,+99999","06,99,1,01,1,99,9,01750,1,99,9,99,9","240,M,+0368,1",,"9,9,999,9,-005,1","05,1","SYN07042262 21795 61403 10360 20276 49952 70521 81032 333 10368 59005 6990/=","Q01  00002PRCP09"
"42262099999","2022-07-06T03:00:00","4","27.8833333","78.0666666","187.0","ALIGARH, IN","FM-12","99999","V020","140,1,N,0031,1","22000,1,9,N","002000,1,9,9","+0336,1","+0285,1","10007,1","24,0000,9,1","0,1,02,1","0,1,02,1","99,9,+99999,9,00,1",,,"9,AGL   ,+99999,+99999","02,99,1,00,1,99,9,99999,9,99,9,99,9","240,M,+0368,1","240,N,+0300,1","9,9,999,9,+012,1","05,1","SYN08642262 21995 21406 10336 20285 40007 70500 80002 333 10368 20300 58012 6990/ 555 10055=","Q01  00002PRCP24Q02    003SCCGA1"
"42262099999","2022-07-06T12:00:00","4","27.8833333","78.0666666","187.0","ALIGARH, IN","FM-12","99999","V020","140,1,N,0036,1","99999,9,9,N","002000,1,9,9","+0358,1","+0276,1","09996,1",,"2,1,02,1","1,1,02,1","01,1,+01750,1,03,1","99,9,+99999,9,00,1",,"9,AGL   ,+99999,+99999","05,99,1,01,1,99,9,01750,1,99,9,99,9","240,M,+0370,1",,"9,9,999,9,+043,1","05,1","SYN06442262 31795 51407 10358 20276 49996 70521 81032 333 10370 58043=",
"42262099999","2022-07-07T03:00:00","4","27.8833333","78.0666666","187.0","ALIGARH, IN","FM-12","99999","V020","140,1,N,0026,1","22000,1,9,N","002000,1,9,9","+0326,1","+0277,1","10045,1",,"2,1,02,1","1,1,02,1","01,1,+01750,1,03,1","99,9,+99999,9,00,1",,"9,AGL   ,+99999,+99999","03,99,1,01,1,99,9,01750,1,99,9,99,9","240,M,+0370,1","240,N,+0306,1","9,9,999,9,+036,1","05,1","SYN07042262 31795 31405 10326 20277 40045 70521 81031 333 10370 20306 58036=",
"42262099999","2022-07-07T12:00:00","4","27.8833333","78.0666666","187.0","ALIGARH, IN","FM-12","99999","V020","050,1,N,0036,1","99999,9,9,N","002000,1,9,9","+0362,1","+0266,1","09985,1",,"2,1,02,1","2,1,02,1","02,1,+01750,1,03,1","99,9,+99999,9,00,1",,"9,AGL   ,+99999,+99999","05,99,1,02,1,99,9,01750,1,99,9,99,9","240,M,+0378,1",,"9,9,999,9,-010,1","05,1","SYN06442262 31795 50507 10362 20266 49985 70522 82032 333 10378 59010=",
"42262099999","2022-07-08T12:00:00","4","27.8833333","78.0666666","187.0","ALIGARH, IN","FM-12","99999","V020","140,1,N,0021,1","22000,1,9,N","002000,1,9,9","+0370,1","+0259,1","09957,1",,"2,1,02,1","1,1,02,1","99,9,+99999,9,00,1",,,"9,AGL   ,+99999,+99999","03,99,1,00,1,99,9,99999,9,99,9,99,9","240,M,+0384,1",,"9,9,999,9,-026,1","05,1","SYN06442262 31995 31404 10370 20259 49957 70521 80001 333 10384 59026=","Q01    003SCCGA1"
"42262099999","2022-07-09T03:00:00","4","27.8833333","78.0666666","187.0","ALIGARH, IN","FM-12","99999","V020","140,1,N,0021,1","99999,9,9,N","002000,1,9,9","+0326,1","+0274,1","09987,1",,"2,1,02,1","2,1,02,1","99,9,+99999,9,00,1",,,"9,AGL   ,+99999,+99999","07,99,1,00,1,99,9,99999,9,99,9,99,9","240,M,+0384,1","240,N,+0312,1","9,9,999,9,-031,1","05,1","SYN08042262 31995 71404 10326 20274 49987 70522 80002 333 10384 20312 59031 555 10055=","Q01    003SCCGA1"
"42262099999","2022-07-09T12:00:00","4","27.8833333","78.0666666","187.0","ALIGARH, IN","FM-12","99999","V020","050,1,N,0036,1","99999,9,9,N","002000,1,9,9","+0324,1","+0269,1","09967,1",,"2,1,02,1","1,1,02,1","02,1,+01750,1,03,1","99,9,+99999,9,00,1",,"9,AGL   ,+99999,+99999","06,99,1,02,1,99,9,01750,1,99,9,99,9","240,M,+0334,1",,"9,9,999,9,+006,1","05,1","SYN06442262 31795 60507 10324 20269 49967 70521 82032 333 10334 58006=",
"42262099999","2022-07-10T03:00:00","4","27.8833333","78.0666666","187.0","ALIGARH, IN","FM-12","99999","V020","140,1,N,0021,1","99999,9,9,N","002000,1,9,9","+0300,1","+0264,1","10004,1",,"2,1,02,1","1,1,02,1","01,1,+01750,1,05,1","99,9,+99999,9,00,1",,"9,AGL   ,+99999,+99999","05,99,1,01,1,99,9,01750,1,99,9,99,9","240,M,+0334,1","240,N,+0284,1","9,9,999,9,+016,1","10,1","SYN08042262 31795 51404 10300 20264 40004 71021 81022 333 10334 20284 58016 555 10055=",
"42262099999","2022-07-10T12:00:00","4","27.8833333","78.0666666","187.0","ALIGARH, IN","FM-12","99999","V020","050,1,N,0031,1","99999,9,9,N","002000,1,9,9","+0332,1","+0260,1","09970,1",,"2,1,02,1","1,1,02,1","99,9,+99999,9,00,1",,,"9,AGL   ,+99999,+99999","05,99,1,00,1,99,9,99999,9,99,9,99,9","240,M,+0340,1",,"9,9,999,9,+004,1","05,1","SYN06442262 31995 50506 10332 20260 49970 70521 80001 333 10340 58004=","Q01    003SCCGA1"
"42262099999","2022-07-11T03:00:00","4","27.8833333","78.0666666","187.0","ALIGARH, IN","FM-12","99999","V020","140,1,N,0010,1","22000,1,9,N","002000,1,9,9","+0326,1","+0259,1","10011,1",,"0,1,02,1","0,1,02,1","99,9,+99999,9,00,1",,,"9,AGL   ,+99999,+99999","02,99,1,00,1,99,9,99999,9,99,9,99,9","240,M,+0340,1","240,N,+0290,1","9,9,999,9,+008,1","05,1","SYN08042262 31995 21402 10326 20259 40011 70500 80001 333 10340 20290 58008 555 10055=","Q01    003SCCGA1"
"42262099999","2022-07-11T12:00:00","4","27.8833333","78.0666666","187.0","ALIGARH, IN","FM-12","99999","V020","050,1,N,0031,1","22000,1,9,N","002000,1,9,9","+0376,1","+0230,1","09963,1",,"2,1,02,1","1,1,02,1","99,9,+99999,9,00,1",,,"9,AGL   ,+99999,+99999","02,99,1,00,1,99,9,99999,9,99,9,99,9","240,M,+0384,1",,"9,9,999,9,-004,1","05,1","SYN06442262 31995 20506 10376 20230 49963 70521 80001 333 10384 59004=","Q01    003SCCGA1"
"42262099999","2022-07-12T03:00:00","4","27.8833333","78.0666666","187.0","ALIGARH, IN","FM-12","99999","V020","050,1,N,0026,1","22000,1,9,N","002000,1,9,9","+0322,1","+0261,1","10009,1",,"2,1,02,1","1,1,02,1","99,9,+99999,9,00,1",,,"9,AGL   ,+99999,+99999","03,99,1,00,1,99,9,99999,9,99,9,99,9","240,M,+0384,1","240,N,+0288,1","9,9,999,9,-002,1","05,1","SYN08042262 31995 30505 10322 20261 40009 70521 80001 333 10384 20288 59002 555 10055=","Q01    003SCCGA1"
"42262099999","2022-07-12T12:00:00","4","27.8833333","78.0666666","187.0","ALIGARH, IN","FM-12","99999","V020","050,1,N,0010,1","99999,9,9,N","002000,1,9,9","+0350,1","+0267,1","09958,1","09,0000,9,1","2,1,02,1","1,1,02,1","01,1,+01750,1,03,1","99,9,+99999,9,00,1",,"9,AGL   ,+99999,+99999","05,99,1,01,1,99,9,01750,1,99,9,99,9","240,M,+0372,1",,"9,9,999,9,-007,1","05,1","SYN07042262 21795 50502 10350 20267 49958 70521 81032 333 10372 59007 6990/=","Q01  00002PRCP09"
"42262099999","2022-07-13T03:00:00","4","27.8833333","78.0666666","187.0","ALIGARH, IN","FM-12","99999","V020","140,1,N,0031,1","99999,9,9,N","002000,1,9,9","+0322,1","+0261,1","09988,1","24,0000,9,1","2,1,02,1","1,1,02,1","02,1,+01750,1,03,1","99,9,+99999,9,00,1",,"9,AGL   ,+99999,+99999","05,99,1,02,1,99,9,01750,1,99,9,99,9","240,M,+0372,1","240,N,+0290,1","9,9,999,9,-021,1","05,1","SYN09242262 21795 51406 10322 20261 49988 70521 82031 333 10372 20290 59021 6990/ 555 00000 10055=","Q01  00002PRCP24"
"42262099999","2022-07-13T12:00:00","4","27.8833333","78.0666666","187.0","ALIGARH, IN","FM-12","99999","V020","140,1,N,0021,1","22000,1,9,N","002000,1,9,9","+0370,1","+0243,1","09943,1",,"0,1,02,1","0,1,02,1","99,9,+99999,9,00,1",,,"9,AGL   ,+99999,+99999","02,99,1,00,1,99,9,99999,9,99,9,99,9","240,M,+0378,1",,"9,9,999,9,-013,1","05,1","SYN06442262 31995 21404 10370 20243 49943 70500 80001 333 10378 59013=","Q01    003SCCGA1"
"42262099999","2022-07-14T03:00:00","4","27.8833333","78.0666666","187.0","ALIGARH, IN","FM-12","99999","V020","140,1,N,0046,1","22000,1,9,N","002000,1,9,9","+0336,1","+0255,1","09972,1",,"0,1,02,1","0,1,02,1","99,9,+99999,9,00,1",,,"9,AGL   ,+99999,+99999","02,99,1,00,1,99,9,99999,9,99,9,99,9","240,M,+0378,1","240,N,+0304,1","9,9,999,9,-015,1","05,1","SYN07042262 31995 21409 10336 20255 49972 70500 80001 333 10378 20304 59015=","Q01    003SCCGA1"
"42262099999","2022-07-14T12:00:00","4","27.8833333","78.0666666","187.0","ALIGARH, IN","FM-12","99999","V020","050,1,N,0036,1","22000,1,9,N","002000,1,9,9","+0378,1","+0259,1","09938,1",,"2,1,02,1","1,1,02,1","99,9,+99999,9,00,1",,,"9,AGL   ,+99999,+99999","03,99,1,00,1,99,9,99999,9,99,9,99,9","240,M,+0388,1",,"9,9,999,9,-005,1","05,1","SYN06442262 31995 30507 10378 20259 49938 70521 80001 333 10388 59005=","Q01    003SCCGA1"
"42262099999","2022-07-15T03:00:00","4","27.8833333","78.0666666","187.0","ALIGARH, IN","FM-12","99999","V020","050,1,N,0036,1","22000,1,9,N","002000,1,9,9","+0328,1","+0259,1","09991,1",,"2,1,02,1","1,1,02,1","99,9,+99999,9,00,1",,,"9,AGL   ,+99999,+99999","02,99,1,00,1,99,9,99999,9,99,9,99,9","240,M,+0388,1","240,N,+0300,1","9,9,999,9,+018,1","05,1","SYN07042262 31995 20507 10328 20259 49991 70521 80001 333 10388 20300 58018=","Q01    003SCCGA1"
"42262099999","2022-07-15T12:00:00","4","27.8833333","78.0666666","187.0","ALIGARH, IN","FM-12","99999","V020","140,1,N,0036,1","22000,1,9,N","002000,1,9,9","+0382,1","+0231,1","09965,1",,"2,1,02,1","1,1,02,1","99,9,+99999,9,00,1",,,"9,AGL   ,+99999,+99999","03,99,1,00,1,99,9,99999,9,99,9,99,9","240,M,+0392,1",,"9,9,999,9,+027,1","05,1","SYN06442262 31995 31407 10382 20231 49965 70521 80001 333 10392 58027=","Q01    003SCCGA1"
"42262099999","2022-07-16T03:00:00","4","27.8833333","78.0666666","187.0","ALIGARH, IN","FM-12","99999","V020","140,1,N,0015,1","22000,1,9,9","002000,1,9,9","+0317,1","+0253,1","09999,1",,"2,1,99,9","1,1,99,9","01,1,+01750,1,03,1","99,9,+99999,9,00,1",,"9,AGL   ,+99999,+99999","04,99,1,01,1,99,9,01750,1,99,9,99,9","120,M,+0392,1","120,N,+0276,1","9,9,999,9,+008,1","05,1","SYN004BUFR",
"42262099999","2022-07-16T12:00:00","4","27.8833333","78.0666666","187.0","ALIGARH, IN","FM-12","99999","V020","050,1,N,0036,1","99999,9,9,N","002000,1,9,9","+0342,1","+0252,1","09970,1","09,0000,2,1","5,1,02,1","1,1,02,1","01,1,+00800,1,06,1","99,9,+99999,9,05,1","99,9,+99999,9,00,1","9,AGL   ,+99999,+99999","06,99,1,01,1,99,9,00800,1,99,9,99,9","240,M,+0368,1",,"9,9,999,9,+003,1","50,1","SYN07042262 21595 60507 10342 20252 49970 75051 81522 333 10368 58003 6990/=",
"42262099999","2022-07-17T03:00:00","4","27.8833333","78.0666666","187.0","ALIGARH, IN","FM-12","99999","V020","320,1,N,0021,1","99999,9,9,9","002000,1,9,9","+0282,1","+0259,1","10029,1",,"2,1,99,9","1,1,99,9","01,1,+01750,1,03,1","99,9,+99999,9,00,1",,"9,AGL   ,+99999,+99999","05,99,1,01,1,99,9,01750,1,99,9,99,9","120,M,+0368,1","120,N,+0260,1","9,9,999,9,+028,1","10,1","SYN004BUFR",
"42262099999","2022-07-17T12:00:00","4","27.8833333","78.0666666","187.0","ALIGARH, IN","FM-12","99999","V020","140,1,N,0026,1","99999,9,9,9","002000,1,9,9","+0337,1","+0257,1","09979,1",,"2,1,99,9","2,1,99,9","02,1,+01750,1,05,1","99,9,+99999,9,00,1",,"9,AGL   ,+99999,+99999","06,99,1,02,1,99,9,01750,1,99,9,99,9",,,"9,9,999,9,+008,1","05,1","SYN004BUFR",
"42262099999","2022-07-18T03:00:00","4","27.8833333","78.0666666","187.0","ALIGARH, IN","FM-12","99999","V020","050,1,N,0026,1","22000,1,9,N","002000,1,9,9","+0328,1","+0267,1","10012,1","24,0004,3,1","2,1,02,1","1,1,02,1","99,9,+99999,9,00,1",,,"9,AGL   ,+99999,+99999","04,99,1,00,1,99,9,99999,9,99,9,99,9","240,M,+0358,1","240,N,+0276,1","9,9,999,9,-015,1","05,1","SYN07642262 21995 40505 10328 20267 40012 70521 80002 333 10358 20276 59015 6994/=","Q01    003SCCGA1"
"42262099999","2022-07-18T12:00:00","4","27.8833333","78.0666666","187.0","ALIGARH, IN","FM-12","99999","V020","140,1,N,0026,1","22000,1,9,N","002000,1,9,9","+0356,1","+0262,1","09965,1",,"2,1,02,1","1,1,02,1","99,9,+99999,9,00,1",,,"9,AGL   ,+99999,+99999","04,99,1,00,1,99,9,99999,9,99,9,99,9","240,M,+0366,1",,"9,9,999,9,-013,1","05,1","SYN06442262 31995 41405 10356 20262 49965 70521 80001 333 10366 59013=","Q01    003SCCGA1"
"42262099999","2022-07-19T03:00:00","4","27.8833333","78.0666666","187.0","ALIGARH, IN","FM-12","99999","V020","140,1,N,0026,1","22000,1,9,9","002000,1,9,9","+0330,1","+0260,1","10002,1","99,9999,9,9","2,1,99,9","1,1,99,9","99,9,+08000,1,00,1",,,"9,AGL   ,+99999,+99999","02,99,1,99,9,99,9,08000,1,99,9,99,9","120,M,+0366,1","120,N,+0300,1","9,9,999,9,-009,1","05,1","SYN004BUFR",
"42262099999","2022-07-19T12:00:00","4","27.8833333","78.0666666","187.0","ALIGARH, IN","FM-12","99999","V020","050,1,N,0010,1","22000,1,9,N","002000,1,9,9","+0362,1","+0250,1","09960,1",,"2,1,02,1","1,1,02,1","99,9,+99999,9,00,1",,,"9,AGL   ,+99999,+99999","03,99,1,00,1,99,9,99999,9,99,9,99,9","240,M,+0372,1",,"9,9,999,9,-004,1","05,1","SYN06442262 31995 30502 10362 20250 49960 70521 80002 333 10372 59004=","Q01    003SCCGA1"
"42262099999","2022-07-20T03:00:00","4","27.8833333","78.0666666","187.0","ALIGARH, IN","FM-12","99999","V020","230,1,N,0010,1","22000,1,9,9","002000,1,9,9","+0322,1","+0275,1","09994,1",,"2,1,99,9","1,1,99,9","99,9,+08000,1,00,1",,,"9,AGL   ,+99999,+99999","03,99,1,99,9,99,9,08000,1,99,9,99,9","120,M,+0372,1","120,N,+0300,1","9,9,999,9,-009,1","10,1","SYN004BUFR",
"42262099999","2022-07-20T12:00:00","4","27.8833333","78.0666666","187.0","ALIGARH, IN","FM-12","99999","V020","050,1,N,0026,1","99999,9,9,N","002000,1,9,9","+0300,1","+0275,1","09975,1","09,0060,3,1","6,1,02,1","2,1,02,1","02,1,+00800,1,06,1","99,9,+99999,9,05,1","99,9,+99999,9,00,1","9,AGL   ,+99999,+99999","07,99,1,02,1,99,9,00800,1,99,9,99,9","240,M,+0358,1",,"9,9,999,9,+012,1","51,1","SYN07042262 21595 70505 10300 20275 49975 75162 82522 333 10358 58012 6006/=",
"42262099999","2022-07-21T03:00:00","4","27.8833333","78.0666666","187.0","ALIGARH, IN","FM-12","99999","V020","050,1,N,0010,1","99999,9,9,N","002000,1,9,9","+0282,1","+0254,1","10026,1","24,0180,3,1","2,1,02,1","2,1,02,1","02,1,+01750,1,05,1","99,9,+99999,9,00,1",,"9,AGL   ,+99999,+99999","07,99,1,02,1,99,9,01750,1,99,9,99,9","240,M,+0358,1","240,N,+0254,1","9,9,999,9,+030,1","10,1","SYN07642262 21795 70502 10282 20254 40026 71022 82022 333 10358 20254 58030 6018/=",
"42262099999","2022-07-21T12:00:00","4","27.8833333","78.0666666","187.0","ALIGARH, IN","FM-12","99999","V020","360,1,N,0010,1","99999,9,9,N","002000,1,9,9","+0318,1","+0253,1","10003,1",,"2,1,02,1","1,1,02,1","99,9,+99999,9,00,1",,,"9,AGL   ,+99999,+99999","07,99,1,00,1,99,9,99999,9,99,9,99,9","240,M,+0326,1",,"9,9,999,9,+027,1","05,1","SYN06442262 31995 73602 10318 20253 40003 70521 80002 333 10326 58027=","Q01    003SCCGA1"
"42262099999","2022-07-22T03:00:00","4","27.8833333","78.0666666","187.0","ALIGARH, IN","FM-12","99999","V020","140,1,N,0010,1","99999,9,9,9","002000,1,9,9","+0286,1","+0261,1","10043,1",,"2,1,99,9","2,1,99,9","02,1,+01750,1,05,1","99,9,+99999,9,00,1",,"9,AGL   ,+99999,+99999","07,99,1,02,1,99,9,01750,1,99,9,99,9","120,M,+0326,1","120,N,+0274,1","9,9,999,9,+015,1","10,1","SYN004BUFR",
"42262099999","2022-07-22T12:00:00","4","27.8833333","78.0666666","187.0","ALIGARH, IN","FM-12","99999","V020","140,1,N,0021,1","99999,9,9,9","002000,1,9,9","+0287,1","+0259,1","10008,1",,"2,1,99,9","2,1,99,9","01,1,+00600,1,06,1","99,9,+99999,9,05,1","99,9,+99999,9,00,1","9,AGL   ,+99999,+99999","07,99,1,01,1,99,9,00600,1,99,9,99,9",,,"9,9,999,9,+004,1","50,1","SYN004BUFR",
"42262099999","2022-07-23T03:00:00","4","27.8833333","78.0666666","187.0","ALIGARH, IN","FM-12","99999","V020","050,1,N,0031,1","99999,9,9,N","002000,1,9,9","+0286,1","+0266,1","10025,1","24,0090,3,1","2,1,02,1","2,1,02,1","02,1,+00800,1,06,1","99,9,+99999,9,05,1","99,9,+99999,9,00,1","9,AGL   ,+99999,+99999","07,99,1,02,1,99,9,00800,1,99,9,99,9","240,M,+0314,1","240,N,+0264,1","9,9,999,9,-016,1","10,1","SYN09242262 21595 70506 10286 20266 40025 71022 82522 333 10314 20264 59016 6009/ 555 00086 10092=",
"42262099999","2022-07-23T12:00:00","4","27.8833333","78.0666666","187.0","ALIGARH, IN","FM-12","99999","V020","140,1,N,0036,1","99999,9,9,N","002000,1,9,9","+0318,1","+0262,1","09995,1",,"2,1,02,1","2,1,02,1","01,1,+00800,1,06,1","99,9,+99999,9,05,1","99,9,+99999,9,00,1","9,AGL   ,+99999,+99999","06,99,1,01,1,99,9,00800,1,99,9,99,9","240,M,+0328,1",,"9,9,999,9,-012,1","05,1","SYN06442262 31595 61407 10318 20262 49995 70522 81522 333 10328 59012=",
"42262099999","2022-07-24T03:00:00","4","27.8833333","78.0666666","187.0","ALIGARH, IN","FM-12","99999","V020","140,1,N,0026,1","22000,1,9,N","002000,1,9,9","+0304,1","+0259,1","10009,1",,"2,1,02,1","1,1,02,1","02,1,+01250,1,07,1",,,"9,AGL   ,+99999,+99999","02,99,1,02,1,99,9,01250,1,99,9,99,9","240,M,+0328,1","240,N,+0274,1","9,9,999,9,-015,1","05,1","SYN08042262 31695 21405 10304 20259 40009 70521 82600 333 10328 20274 59015 555 10092=",
"42262099999","2022-07-24T12:00:00","4","27.8833333","78.0666666","187.0","ALIGARH, IN","FM-12","99999","V020","140,1,N,0031,1","99999,9,9,N","002000,1,9,9","+0322,1","+0258,1","09983,1",,"2,1,02,1","2,1,02,1","01,1,+01750,1,03,1","99,9,+99999,9,00,1",,"9,AGL   ,+99999,+99999","05,99,1,01,1,99,9,01750,1,99,9,99,9","240,M,+0342,1",,"9,9,999,9,-012,1","05,1","SYN06442262 31795 51406 10322 20258 49983 70522 81031 333 10342 59012=",
"42262099999","2022-07-25T03:00:00","4","27.8833333","78.0666666","187.0","ALIGARH, IN","FM-12","99999","V020","140,1,N,0036,1","99999,9,9,N","002000,1,9,9","+0282,1","+0245,1","10042,1","24,0000,9,1","2,1,02,1","2,1,02,1","01,1,+00800,1,06,1","99,9,+99999,9,05,1","99,9,+99999,9,00,1","9,AGL   ,+99999,+99999","06,99,1,01,1,99,9,00800,1,99,9,99,9","240,M,+0342,1","240,N,+0274,1","9,9,999,9,+030,1","10,1","SYN08642262 21595 61407 10282 20245 40042 71022 81522 333 10342 20274 58030 6990/ 555 10092=","Q01  00002PRCP24"
"42262099999","2022-07-25T12:00:00","4","27.8833333","78.0666666","187.0","ALIGARH, IN","FM-12","99999","V020","140,1,N,0036,1","99999,9,9,N","002000,1,9,9","+0324,1","+0241,1","10018,1",,"2,1,02,1","1,1,02,1","02,1,+01750,1,03,1","99,9,+99999,9,00,1",,"9,AGL   ,+99999,+99999","05,99,1,02,1,99,9,01750,1,99,9,99,9","240,M,+0344,1",,"9,9,999,9,+035,1","05,1","SYN06442262 31795 51407 10324 20241 40018 70521 82032 333 10344 58035=",
"42262099999","2022-07-26T03:00:00","4","27.8833333","78.0666666","187.0","ALIGARH, IN","FM-12","99999","V020","140,1,N,0051,1","99999,9,9,N","002000,1,9,9","+0276,1","+0244,1","10060,1","24,0000,9,1","2,1,02,1","2,1,02,1","02,1,+01750,1,05,1","99,9,+99999,9,00,1",,"9,AGL   ,+99999,+99999","07,99,1,02,1,99,9,01750,1,99,9,99,9","240,M,+0344,1","240,N,+0264,1","9,9,999,9,+018,1","10,1","SYN09242262 21795 71410 10276 20244 40060 71022 82022 333 10344 20264 58018 6990/ 555 00000 10092=","Q01  00002PRCP24"
"42262099999","2022-07-27T03:00:00","4","27.8833333","78.0666666","187.0","ALIGARH, IN","FM-12","99999","V020","140,1,N,0021,1","99999,9,9,N","002000,1,9,9","+0294,1","+0260,1","10054,1","24,0030,3,1","2,1,02,1","1,1,02,1","02,1,+01750,1,03,1","99,9,+99999,9,00,1",,"9,AGL   ,+99999,+99999","05,99,1,02,1,99,9,01750,1,99,9,99,9","240,M,+0326,1","240,N,+0272,1","9,9,999,9,-005,1","10,1","SYN09242262 21795 51404 10294 20260 40054 71021 82032 333 10326 20272 59005 6003/ 555 00028 10094=",
"42262099999","2022-07-27T12:00:00","4","27.8833333","78.0666666","187.0","ALIGARH, IN","FM-12","99999","V020","140,1,N,0021,1","99999,9,9,N","002000,1,9,9","+0310,1","+0260,1","10024,1",,"2,1,02,1","2,1,02,1","02,1,+01750,1,05,1","99,9,+99999,9,00,1",,"9,AGL   ,+99999,+99999","06,99,1,02,1,99,9,01750,1,99,9,99,9","240,M,+0318,1",,"9,9,999,9,-002,1","10,1","SYN06442262 31795 61404 10310 20260 40024 71022 82022 333 10318 59002=",
"42262099999","2022-07-28T03:00:00","4","27.8833333","78.0666666","187.0","ALIGARH, IN","FM-12","99999","V020","230,1,N,0010,1","99999,9,9,N","002000,1,9,9","+0262,1","+0259,1","10066,1","24,0420,3,1","9,1,02,1","6,1,02,1","02,1,+00800,1,06,1","99,9,+99999,9,05,1",,"9,AGL   ,+99999,+99999","07,99,1,02,1,99,9,00800,1,99,9,99,9","240,M,+0318,1","240,N,+0246,1","9,9,999,9,+038,1","52,1","SYN09242262 21595 72302 10262 20259 40066 75296 82520 333 10318 20246 58038 6042/ 555 00422 10137=",
"42262099999","2022-07-28T12:00:00","4","27.8833333","78.0666666","187.0","ALIGARH, IN","FM-12","99999","V020","140,1,N,0010,1","99999,9,9,N","002000,1,9,9","+0314,1","+0258,1","10030,1",,"2,1,02,1","1,1,02,1","02,1,+01750,1,05,1","99,9,+99999,9,00,1",,"9,AGL   ,+99999,+99999","06,99,1,02,1,99,9,01750,1,99,9,99,9","240,M,+0320,1",,"9,9,999,9,+006,1","05,1","SYN06442262 31795 61402 10314 20258 40030 70521 82022 333 10320 58006=",
"42262099999","2022-07-29T03:00:00","4","27.8833333","78.0666666","187.0","ALIGARH, IN","FM-12","99999","V020","320,1,N,0015,1","99999,9,9,N","002000,1,9,9","+0288,1","+0257,1","10058,1","24,0000,2,1",,,"01,1,+00800,1,06,1","99,9,+99999,9,05,1","99,9,+99999,9,00,1","9,AGL   ,+99999,+99999","06,99,1,01,1,99,9,00800,1,99,9,99,9","240,M,+0320,1","240,N,+0266,1","9,9,999,9,-007,1",,"SYN08042262 21595 63203 10288 20257 40058 81521 333 10320 20266 59007 6990/ 555 10137=",
"42262099999","2022-07-29T12:00:00","4","27.8833333","78.0666666","187.0","ALIGARH, IN","FM-12","99999","V020","320,1,N,0031,1","99999,9,9,N","002000,1,9,9","+0304,1","+0262,1","10025,1","09,0000,2,1","2,1,02,1","2,1,02,1","02,1,+01250,1,07,1","99,9,+99999,9,05,1","99,9,+99999,9,00,1","9,AGL   ,+99999,+99999","06,99,1,02,1,99,9,01250,1,99,9,99,9","240,M,+0326,1",,"9,9,999,9,-005,1","51,1","SYN07042262 21695 63206 10304 20262 40025 75122 82622 333 10326 59005 6990/=",
"42262099999","2022-07-30T03:00:00","4","27.8833333","78.0666666","187.0","ALIGARH, IN","FM-12","99999","V020","230,1,N,0010,1","99999,9,9,9","002000,1,9,9","+0262,1","+0262,1","10050,1",,"6,1,99,9","2,1,99,9","03,1,+00600,1,06,1","99,9,+99999,9,05,1",,"9,AGL   ,+99999,+99999","07,99,1,03,1,99,9,00600,1,99,9,99,9","120,M,+0326,1","120,N,+0250,1","9,9,999,9,-009,1","52,1","SYN004BUFR",
"42262099999","2022-07-30T12:00:00","4","27.8833333","78.0666666","187.0","ALIGARH, IN","FM-12","99999","V020","140,1,N,0010,1","99999,9,9,9","002000,1,9,9","+0280,1","+0272,1","10011,1",,"6,1,99,9","2,1,99,9","02,1,+00600,1,06,1","99,9,+99999,9,05,1","99,9,+99999,9,00,1","9,AGL   ,+99999,+99999","06,99,1,02,1,99,9,00600,1,99,9,99,9",,,"9,9,999,9,-015,1","50,1","SYN004BUFR",
"42262099999","2022-07-31T03:00:00","4","27.8833333","78.0666666","187.0","ALIGARH, IN","FM-12","99999","V020","999,9,C,0000,1","99999,9,9,9","002000,1,9,9","+0277,1","+0255,1","10020,1",,"2,1,99,9","2,1,99,9","02,1,+00600,1,06,1","99,9,+99999,9,03,1","99,9,+99999,9,00,1","9,AGL   ,+99999,+99999","06,99,1,02,1,99,9,00600,1,99,9,99,9","120,M,+0296,1","120,N,+0252,1","9,9,999,9,-028,1","10,1","SYN004BUFR",
"42262099999","2022-07-31T12:00:00","4","27.8833333","78.0666666","187.0","ALIGARH, IN","FM-12","99999","V020","050,1,N,0010,1","99999,9,9,9","002000,1,9,9","+0316,1","+0260,1","09981,1","99,9999,9,9","2,1,99,9","1,1,99,9","01,1,+01750,1,03,1","99,9,+99999,9,00,1",,"9,AGL   ,+99999,+99999","05,99,1,01,1,99,9,01750,1,99,9,99,9",,,"9,9,999,9,-026,1","05,1","SYN004BUFR",
"42262099999","2022-08-01T03:00:00","4","27.8833333","78.0666666","187.0","ALIGARH, IN","FM-12","99999","V020","230,1,N,0010,1","99999,9,9,N","002000,1,9,9","+0296,1","+0262,1","10019,1",,"2,1,02,1","1,1,02,1","01,1,+01750,1,05,1","99,9,+99999,9,00,1",,"9,AGL   ,+99999,+99999","05,99,1,01,1,99,9,01750,1,99,9,99,9","240,M,+0332,1","240,N,+0270,1","9,9,999,9,+000,1","10,1","SYN08042262 31795 52302 10296 20262 40019 71021 81022 333 10332 20270 58000 555 10162=",
"42262099999","2022-08-01T12:00:00","4","27.8833333","78.0666666","187.0","ALIGARH, IN","FM-12","99999","V020","230,1,N,0010,1","22000,1,9,N","002000,1,9,9","+0336,1","+0258,1","09981,1",,"2,1,02,1","1,1,02,1","99,9,+99999,9,00,1",,,"9,AGL   ,+99999,+99999","03,99,1,00,1,99,9,99999,9,99,9,99,9","240,M,+0342,1",,"9,9,999,9,+000,1","05,1","SYN06442262 31995 32302 10336 20258 49981 70521 80002 333 10342 58000=","Q01    003SCCGA1"
"42262099999","2022-08-02T03:00:00","4","27.8833333","78.0666666","187.0","ALIGARH, IN","FM-12","99999","V020","320,1,N,0010,1","22000,1,9,N","002000,1,9,9","+0298,1","+0262,1","10010,1","24,0000,9,1","0,1,02,1","0,1,02,1","01,1,+01750,1,03,1","99,9,+99999,9,00,1",,"9,AGL   ,+99999,+99999","03,99,1,01,1,99,9,01750,1,99,9,99,9","240,M,+0342,1","240,N,+0272,1","9,9,999,9,-009,1","10,1","SYN09242262 21795 33202 10298 20262 40010 71000 81031 333 10342 20272 59009 6990/ 555 00000 10162=","Q01  00002PRCP24"
"42262099999","2022-08-02T12:00:00","4","27.8833333","78.0666666","187.0","ALIGARH, IN","FM-12","99999","V020","320,1,N,0010,1","22000,1,9,N","002000,1,9,9","+0348,1","+0250,1","09975,1",,"2,1,02,1","1,1,02,1","99,9,+99999,9,00,1",,,"9,AGL   ,+99999,+99999","04,99,1,00,1,99,9,99999,9,99,9,99,9","240,M,+0356,1",,"9,9,999,9,-005,1","05,1","SYN06442262 31995 43202 10348 20250 49975 70521 80001 333 10356 59005=","Q01    003SCCGA1"
"42262099999","2022-08-03T03:00:00","4","27.8833333","78.0666666","187.0","ALIGARH, IN","FM-12","99999","V020","999,9,C,0000,1","99999,9,9,N","002000,1,9,9","+0302,1","+0260,1","10023,1",,"2,1,02,1","2,1,02,1","02,1,+01750,1,05,1","99,9,+99999,9,00,1",,"9,AGL   ,+99999,+99999","06,99,1,02,1,99,9,01750,1,99,9,99,9","240,M,+0356,1","240,N,+0284,1","9,9,999,9,+014,1","10,1","SYN08042262 31795 60000 10302 20260 40023 71022 82022 333 10356 20284 58014 555 10162=",
"42262099999","2022-08-03T12:00:00","4","27.8833333","78.0666666","187.0","ALIGARH, IN","FM-12","99999","V020","360,1,N,0010,1","99999,9,9,N","002000,1,9,9","+0318,1","+0262,1","09999,1",,"2,1,02,1","2,1,02,1","02,1,+01750,1,05,1","99,9,+99999,9,00,1",,"9,AGL   ,+99999,+99999","07,99,1,02,1,99,9,01750,1,99,9,99,9","240,M,+0336,1",,"9,9,999,9,+021,1","05,1","SYN06442262 31795 73602 10318 20262 49999 70522 82022 333 10336 58021=",
"42262099999","2022-08-04T03:00:00","4","27.8833333","78.0666666","187.0","ALIGARH, IN","FM-12","99999","V020","050,1,N,0021,1","99999,9,9,N","002000,1,9,9","+0288,1","+0260,1","10038,1",,"2,1,02,1","1,1,02,1","02,1,+99999,9,03,1","99,9,+99999,9,00,1",,"9,AGL   ,+99999,+99999","06,99,1,02,1,99,9,99999,9,99,9,99,9","240,M,+0336,1","240,N,+0272,1","9,9,999,9,+012,1","10,1","SYN08042262 31995 60504 10288 20260 40038 71021 82031 333 10336 20272 58012 555 10162=",
"42262099999","2022-08-04T12:00:00","4","27.8833333","78.0666666","187.0","ALIGARH, IN","FM-12","99999","V020","050,1,N,0021,1","99999,9,9,N","002000,1,9,9","+0280,1","+0254,1","10007,1","09,0030,3,1","2,1,02,1","1,1,02,1","01,1,+00800,1,06,1","99,9,+99999,9,05,1","99,9,+99999,9,00,1","9,AGL   ,+99999,+99999","06,99,1,01,1,99,9,00800,1,99,9,99,9","240,M,+0312,1",,"9,9,999,9,+006,1","10,1","SYN07042262 21595 60504 10280 20254 40007 71021 81521 333 10312 58006 6003/=",
"42262099999","2022-08-05T03:00:00","4","27.8833333","78.0666666","187.0","ALIGARH, IN","FM-12","99999","V020","140,1,N,0021,1","99999,9,9,N","002000,1,9,9","+0274,1","+0257,1","10029,1","24,0030,3,1","2,1,02,1","2,1,02,1","03,1,+00800,1,06,1","99,9,+99999,9,05,1",,"9,AGL   ,+99999,+99999","07,99,1,03,1,99,9,00800,1,99,9,99,9","240,M,+0312,1","240,N,+0268,1","9,9,999,9,-008,1","10,1","SYN09242262 21595 71404 10274 20257 40029 71022 83520 333 10312 20268 59008 6003/ 555 00032 10165=",
"42262099999","2022-08-05T12:00:00","4","27.8833333","78.0666666","187.0","ALIGARH, IN","FM-12","99999","V020","140,1,N,0015,1","22000,1,9,N","002000,1,9,9","+0320,1","+0252,1","09985,1",,"2,1,02,1","1,1,02,1","01,1,+01750,1,03,1","99,9,+99999,9,00,1",,"9,AGL   ,+99999,+99999","04,99,1,01,1,99,9,01750,1,99,9,99,9","240,M,+0328,1",,"9,9,999,9,-020,1","05,1","SYN06442262 31795 41403 10320 20252 49985 70521 81031 333 10328 59020=",
"42262099999","2022-08-06T03:00:00","4","27.8833333","78.0666666","187.0","ALIGARH, IN","FM-12","99999","V020","140,1,N,0026,1","99999,9,9,N","002000,1,9,9","+0296,1","+0268,1","10009,1",,"2,1,02,1","2,1,02,1","02,1,+01750,1,05,1","99,9,+99999,9,00,1",,"9,AGL   ,+99999,+99999","06,99,1,02,1,99,9,01750,1,99,9,99,9","240,M,+0328,1","240,N,+0280,1","9,9,999,9,-019,1","10,1","SYN08042262 31795 61405 10296 20268 40009 71022 82022 333 10328 20280 59019 555 10165=",
"42262099999","2022-08-06T12:00:00","4","27.8833333","78.0666666","187.0","ALIGARH, IN","FM-12","99999","V020","050,1,N,0015,1","99999,9,9,N","002000,1,9,9","+0328,1","+0279,1","09955,1",,"2,1,02,1","1,1,02,1","01,1,+01750,1,05,1","99,9,+99999,9,00,1",,"9,AGL   ,+99999,+99999","05,99,1,01,1,99,9,01750,1,99,9,99,9","240,M,+0338,1",,"9,9,999,9,-029,1","10,1","SYN06442262 31795 50503 10328 20279 49955 71021 81021 333 10338 59029=",
"42262099999","2022-08-07T12:00:00","4","27.8833333","78.0666666","187.0","ALIGARH, IN","FM-12","99999","V020","140,1,N,0010,1","99999,9,9,N","002000,1,9,9","+0258,1","+0246,1","09985,1","09,0150,3,1","2,1,02,1","1,1,02,1","02,1,+01750,1,05,1","99,9,+99999,9,00,1",,"9,AGL   ,+99999,+99999","06,99,1,02,1,99,9,01750,1,99,9,99,9","240,M,+0264,1",,"9,9,999,9,+023,1","10,1","SYN07042262 21795 61402 10258 20246 49985 71021 82022 333 10264 58023 6015/=",
"42262099999","2022-08-08T03:00:00","4","27.8833333","78.0666666","187.0","ALIGARH, IN","FM-12","99999","V020","050,1,N,0010,1","22000,1,9,N","002000,1,9,9","+0284,1","+0264,1","09998,1","24,0150,3,1","2,1,02,1","1,1,02,1","01,1,+01750,1,03,1","99,9,+99999,9,00,1",,"9,AGL   ,+99999,+99999","04,99,1,01,1,99,9,01750,1,99,9,99,9","240,N,+0252,1",,"9,9,999,9,-007,1","10,1","SYN09242262 21795 40502 10284 20264 49998 71021 81032 333 10264 20252 59007 6015/ 555 00154 10183=",
"42262099999","2022-08-08T12:00:00","4","27.8833333","78.0666666","187.0","ALIGARH, IN","FM-12","99999","V020","140,1,N,0010,1","99999,9,9,N","002000,1,9,9","+0326,1","+0264,1","09959,1",,"2,1,02,1","2,1,02,1","01,1,+00800,1,06,1","99,9,+99999,9,03,1","99,9,+99999,9,00,1","9,AGL   ,+99999,+99999","06,99,1,01,1,99,9,00800,1,99,9,99,9","240,M,+0336,1",,"9,9,999,9,-019,1","05,1","SYN06442262 31595 61402 10326 20264 49959 70522 81531 333 10336 59019=",
"42262099999","2022-08-09T03:00:00","4","27.8833333","78.0666666","187.0","ALIGARH, IN","FM-12","99999","V020","140,1,N,0010,1","99999,9,9,N","002000,1,9,9","+0308,1","+0257,1","09996,1","24,0000,9,1","2,1,02,1","1,1,02,1","02,1,+01750,1,05,1","99,9,+99999,9,00,1",,"9,AGL   ,+99999,+99999","05,99,1,02,1,99,9,01750,1,99,9,99,9","240,M,+0336,1","240,N,+0284,1","9,9,999,9,-001,1","10,1","SYN08642262 21795 51402 10308 20257 49996 71021 82021 333 10336 20284 59001 6990/ 555 10183=","Q01  00002PRCP24"
"42262099999","2022-08-09T12:00:00","4","27.8833333","78.0666666","187.0","ALIGARH, IN","FM-12","99999","V020","050,1,N,0021,1","22000,1,9,N","002000,1,9,9","+0338,1","+0260,1","09945,1",,"2,1,02,1","1,1,02,1","01,1,+01750,1,03,1","99,9,+99999,9,00,1",,"9,AGL   ,+99999,+99999","04,99,1,01,1,99,9,01750,1,99,9,99,9","240,M,+0348,1",,"9,9,999,9,-013,1","05,1","SYN06442262 31795 40504 10338 20260 49945 70521 81031 333 10348 59013=",
"42262099999","2022-08-10T03:00:00","4","27.8833333","78.0666666","187.0","ALIGARH, IN","FM-12","99999","V020","140,1,N,0031,1","22000,1,9,N","002000,1,9,9","+0314,1","+0255,1","09970,1","24,0000,9,1","2,1,02,1","1,1,02,1","01,1,+01750,1,03,1",,,"9,AGL   ,+99999,+99999","02,99,1,01,1,99,9,01750,1,99,9,99,9","240,M,+0348,1","240,N,+0286,1","9,9,999,9,-024,1","05,1","SYN08642262 21795 21406 10314 20255 49970 70521 81030 333 10348 20286 59024 6990/ 555 10183=","Q01  00002PRCP24"
"42262099999","2022-08-10T12:00:00","4","27.8833333","78.0666666","187.0","ALIGARH, IN","FM-12","99999","V020","140,1,N,0026,1","22000,1,9,N","002000,1,9,9","+0350,1","+0249,1","09948,1",,"2,1,02,1","1,1,02,1","01,1,+99999,9,03,1","99,9,+99999,9,00,1",,"9,AGL   ,+99999,+99999","04,99,1,01,1,99,9,99999,9,99,9,99,9","240,M,+0358,1",,"9,9,999,9,+004,1","05,1","SYN06442262 31995 41405 10350 20249 49948 70521 81031 333 10358 58004=",
"42262099999","2022-08-11T03:00:00","4","27.8833333","78.0666666","187.0","ALIGARH, IN","FM-12","99999","V020","050,1,N,0031,1","99999,9,9,N","002000,1,9,9","+0290,1","+0238,1","09992,1",,"2,1,02,1","2,1,02,1","02,1,+01750,1,05,1","99,9,+99999,9,00,1",,"9,AGL   ,+99999,+99999","06,99,1,02,1,99,9,01750,1,99,9,99,9","240,M,+0358,1","240,N,+0280,1","9,9,999,9,+019,1","05,1","SYN08042262 31795 60506 10290 20238 49992 70522 82022 333 10358 20280 58019 555 10183=",
"42262099999","2022-08-11T12:00:00","4","27.8833333","78.0666666","187.0","ALIGARH, IN","FM-12","99999","V020","050,1,N,0026,1","99999,9,9,N","002000,1,9,9","+0312,1","+0256,1","09963,1",,"2,1,02,1","1,1,02,1","02,1,+01750,1,05,1","99,9,+99999,9,00,1",,"9,AGL   ,+99999,+99999","05,99,1,02,1,99,9,01750,1,99,9,99,9","240,M,+0324,1",,"9,9,999,9,+013,1","05,1","SYN06442262 31795 50505 10312 20256 49963 70521 82021 333 10324 58013=",
"42262099999","2022-08-12T03:00:00","4","27.8833333","78.0666666","187.0","ALIGARH, IN","FM-12","99999","V020","050,1,N,0036,1","22000,1,9,N","002000,1,9,9","+0292,1","+0229,1","10005,1",,"2,1,02,1","1,1,02,1","01,1,+01750,1,03,1","99,9,+99999,9,00,1",,"9,AGL   ,+99999,+99999","04,99,1,01,1,99,9,01750,1,99,9,99,9","240,M,+0324,1","240,N,+0260,1","9,9,999,9,+013,1","05,1","SYN08042262 31795 40507 10292 20229 40005 70521 81031 333 10324 20260 58013 555 10183=",
"42262099999","2022-08-12T12:00:00","4","27.8833333","78.0666666","187.0","ALIGARH, IN","FM-12","99999","V020","050,1,N,0046,1","99999,9,9,N","002000,1,9,9","+0322,1","+0255,1","09966,1","09,0000,9,1","2,1,02,1","1,1,02,1","02,1,+01750,1,03,1","99,9,+99999,9,00,1",,"9,AGL   ,+99999,+99999","05,99,1,02,1,99,9,01750,1,99,9,99,9","240,M,+0338,1",,"9,9,999,9,+003,1","05,1","SYN07042262 21795 50509 10322 20255 49966 70521 82031 333 10338 58003 6990/=","Q01  00002PRCP09"
"42262099999","2022-08-13T03:00:00","4","27.8833333","78.0666666","187.0","ALIGARH, IN","FM-12","99999","V020","050,1,N,0021,1","99999,9,9,N","002000,1,9,9","+0284,1","+0256,1","09991,1","24,0000,9,1","2,1,02,1","2,1,02,1","02,1,+01250,1,07,1","99,9,+99999,9,05,1","99,9,+99999,9,00,1","9,AGL   ,+99999,+99999","06,99,1,02,1,99,9,01250,1,99,9,99,9","240,M,+0338,1","240,N,+0272,1","9,9,999,9,-014,1","10,1","SYN08642262 21695 60504 10284 20256 49991 71022 82622 333 10338 20272 59014 6990/ 555 10183=","Q01  00002PRCP24"
"42262099999","2022-08-13T12:00:00","4","27.8833333","78.0666666","187.0","ALIGARH, IN","FM-12","99999","V020","140,1,N,0015,1","22000,1,9,N","002000,1,9,9","+0336,1","+0252,1","09971,1",,"2,1,02,1","1,1,02,1","01,1,+01750,1,03,1","99,9,+99999,9,00,1",,"9,AGL   ,+99999,+99999","04,99,1,01,1,99,9,01750,1,99,9,99,9","240,M,+0342,1",,"9,9,999,9,-006,1","05,1","SYN06442262 31795 41403 10336 20252 49971 70521 81031 333 10342 59006=",
"42262099999","2022-08-14T03:00:00","4","27.8833333","78.0666666","187.0","ALIGARH, IN","FM-12","99999","V020","360,1,N,0010,1","99999,9,9,N","002000,1,9,9","+0288,1","+0254,1","10006,1",,"2,1,02,1","2,1,02,1","02,1,+01750,1,05,1","99,9,+99999,9,00,1",,"9,AGL   ,+99999,+99999","06,99,1,02,1,99,9,01750,1,99,9,99,9","240,M,+0342,1","240,N,+0274,1","9,9,999,9,+015,1","10,1","SYN08042262 31795 63602 10288 20254 40006 71022 82022 333 10342 20274 58015 555 10183=",
"42262099999","2022-08-14T12:00:00","4","27.8833333","78.0666666","187.0","ALIGARH, IN","FM-12","99999","V020","050,1,N,0026,1","99999,9,9,N","002000,1,9,9","+0270,1","+0259,1","10012,1","09,0180,3,1","2,1,02,1","1,1,02,1","02,1,+00800,1,06,1","99,9,+99999,9,05,1","99,9,+99999,9,00,1","9,AGL   ,+99999,+99999","06,99,1,02,1,99,9,00800,1,99,9,99,9","240,M,+0326,1",,"9,9,999,9,+036,1","10,1","SYN07042262 21595 60505 10270 20259 40012 71021 82521 333 10326 58036 6018/=",
"42262099999","2022-08-15T03:00:00","4","27.8833333","78.0666666","187.0","ALIGARH, IN","FM-12","99999","V020","050,1,N,0041,1","99999,9,9,N","002000,1,9,9","+0286,1","+0246,1","10030,1","24,0180,3,1","2,1,02,1","1,1,02,1","02,1,+00800,1,06,1","99,9,+99999,9,05,1","99,9,+99999,9,00,1","9,AGL   ,+99999,+99999","06,99,1,02,1,99,9,00800,1,99,9,99,9","240,M,+0326,1","240,N,+0262,1","9,9,999,9,+024,1","10,1","SYN09242262 21595 60508 10286 20246 40030 71021 82521 333 10326 20262 58024 6018/ 555 00178 10200=",
"42262099999","2022-08-16T03:00:00","4","27.8833333","78.0666666","187.0","ALIGARH, IN","FM-12","99999","V020","050,1,N,0051,1","99999,9,9,N","002000,1,9,9","+0284,1","+0241,1","10009,1","24,0010,3,1","2,1,02,1","1,1,02,1","02,1,+01250,1,03,1","99,9,+99999,9,00,1",,"9,AGL   ,+99999,+99999","05,99,1,02,1,99,9,01250,1,99,9,99,9","240,M,+0328,1","240,N,+0272,1","9,9,999,9,-021,1","10,1","SYN09242262 21695 50510 10284 20241 40009 71021 82031 333 10328 20272 59021 6001/ 555 00012 10202=",
"42262099999","2022-08-16T12:00:00","4","27.8833333","78.0666666","187.0","ALIGARH, IN","FM-12","99999","V020","140,1,N,0041,1","99999,9,9,N","002000,1,9,9","+0292,1","+0246,1","09997,1","09,0010,3,1","2,1,02,1","1,1,02,1","01,1,+01250,1,07,1","99,9,+99999,9,03,1","99,9,+99999,9,00,1","9,AGL   ,+99999,+99999","05,99,1,01,1,99,9,01250,1,99,9,99,9","240,M,+0306,1",,"9,9,999,9,-012,1","10,1","SYN07042262 21695 51408 10292 20246 49997 71021 81631 333 10306 59012 6001/=",
"42262099999","2022-08-17T03:00:00","4","27.8833333","78.0666666","187.0","ALIGARH, IN","FM-12","99999","V020","140,1,N,0015,1","22000,1,9,N","002000,1,9,9","+0282,1","+0245,1","10043,1","24,0010,3,1","2,1,02,1","1,1,02,1","02,1,+01750,1,03,1",,,"9,AGL   ,+99999,+99999","03,99,1,02,1,99,9,01750,1,99,9,99,9","240,M,+0306,1","240,N,+0254,1","9,9,999,9,+032,1","10,1","SYN09242262 21795 31403 10282 20245 40043 71021 82030 333 10306 20254 58032 6001/ 555 00012 10203=",
"42262099999","2022-08-17T12:00:00","4","27.8833333","78.0666666","187.0","ALIGARH, IN","FM-12","99999","V020","140,1,N,0015,1","22000,1,9,N","002000,1,9,9","+0318,1","+0253,1","10007,1","09,0000,9,1","2,1,02,1","1,1,02,1","01,1,+01750,1,03,1","99,9,+99999,9,00,1",,"9,AGL   ,+99999,+99999","03,99,1,01,1,99,9,01750,1,99,9,99,9","240,M,+0324,1",,"9,9,999,9,+012,1","05,1","SYN07042262 21795 31403 10318 20253 40007 70521 81031 333 10324 58012 6990/=","Q01  00002PRCP09"
"42262099999","2022-08-18T03:00:00","4","27.8833333","78.0666666","187.0","ALIGARH, IN","FM-12","99999","V020","230,1,N,0026,1","22000,1,9,N","002000,1,9,9","+0290,1","+0250,1","10026,1","24,0000,9,1","0,1,02,1","0,1,02,1","01,1,+01750,1,03,1",,,"9,AGL   ,+99999,+99999","02,99,1,01,1,99,9,01750,1,99,9,99,9","240,M,+0324,1","240,N,+0266,1","9,9,999,9,-015,1","10,1","SYN09242262 21795 22305 10290 20250 40026 71000 81030 333 10324 20266 59015 6990/ 555 00000 10203=","Q01  00002PRCP24"
"42262099999","2022-08-18T12:00:00","4","27.8833333","78.0666666","187.0","ALIGARH, IN","FM-12","99999","V020","230,1,N,0031,1","22000,1,9,N","002000,1,9,9","+0328,1","+0246,1","09996,1",,"2,1,02,1","1,1,02,1","99,9,+99999,9,00,1",,,"9,AGL   ,+99999,+99999","03,99,1,00,1,99,9,99999,9,99,9,99,9","240,M,+0336,1",,"9,9,999,9,-011,1","05,1","SYN06442262 31995 32306 10328 20246 49996 70521 80001 333 10336 59011=","Q01    003SCCGA1"
"42262099999","2022-08-19T03:00:00","4","27.8833333","78.0666666","187.0","ALIGARH, IN","FM-12","99999","V020","320,1,N,0031,1","99999,9,9,N","002000,1,9,9","+0298,1","+0253,1","10020,1",,"0,1,02,1","0,1,02,1","01,1,+01750,1,03,1","99,9,+99999,9,00,1",,"9,AGL   ,+99999,+99999","05,99,1,01,1,99,9,01750,1,99,9,99,9","240,M,+0336,1","240,N,+0268,1","9,9,999,9,-006,1","10,1","SYN08042262 31795 53206 10298 20253 40020 71000 81031 333 10336 20268 59006 555 10203=",
"42262099999","2022-08-19T12:00:00","4","27.8833333","78.0666666","187.0","ALIGARH, IN","FM-12","99999","V020","320,1,N,0026,1","99999,9,9,N","002000,1,9,9","+0332,1","+0247,1","09991,1",,"2,1,02,1","2,1,02,1","01,1,+01750,1,03,1","99,9,+99999,9,00,1",,"9,AGL   ,+99999,+99999","05,99,1,01,1,99,9,01750,1,99,9,99,9","240,M,+0346,1",,"9,9,999,9,-004,1","05,1","SYN06442262 31795 53205 10332 20247 49991 70522 81032 333 10346 59004=",
"42262099999","2022-08-20T03:00:00","4","27.8833333","78.0666666","187.0","ALIGARH, IN","FM-12","99999","V020","050,1,N,0015,1","99999,9,9,N","002000,1,9,9","+0276,1","+0253,1","10045,1",,"2,1,02,1","2,1,02,1","02,1,+00800,1,06,1","99,9,+99999,9,05,1",,"9,AGL   ,+99999,+99999","07,99,1,02,1,99,9,00800,1,99,9,99,9","240,M,+0346,1","240,N,+0268,1","9,9,999,9,+023,1","10,1","SYN08042262 31595 70503 10276 20253 40045 71022 82520 333 10346 20268 58023 555 10203=",
"42262099999","2022-08-20T12:00:00","4","27.8833333","78.0666666","187.0","ALIGARH, IN","FM-12","99999","V020","320,1,N,0026,1","99999,9,9,N","002000,1,9,9","+0314,1","+0264,1","10005,1",,"2,1,02,1","1,1,02,1","01,1,+01750,1,03,1","99,9,+99999,9,00,1",,"9,AGL   ,+99999,+99999","05,99,1,01,1,99,9,01750,1,99,9,99,9","240,M,+0320,1",,"9,9,999,9,+013,1","05,1","SYN06442262 31795 53205 10314 20264 40005 70521 81032 333 10320 58013=",
"42262099999","2022-08-21T03:00:00","4","27.8833333","78.0666666","187.0","ALIGARH, IN","FM-12","99999","V020","050,1,N,0015,1","99999,9,9,N","002000,1,9,9","+0278,1","+0258,1","10033,1",,"2,1,02,1","2,1,02,1","02,1,+01750,1,05,1","99,9,+99999,9,00,1",,"9,AGL   ,+99999,+99999","06,99,1,02,1,99,9,01750,1,99,9,99,9","240,M,+0320,1","240,N,+0266,1","9,9,999,9,-012,1","10,1","SYN08042262 31795 60503 10278 20258 40033 71022 82022 333 10320 20266 59012 555 10203=",
"42262099999","2022-08-21T12:00:00","4","27.8833333","78.0666666","187.0","ALIGARH, IN","FM-12","99999","V020","050,1,N,0015,1","22000,1,9,N","002000,1,9,9","+0342,1","+0249,1","09985,1",,"2,1,02,1","1,1,02,1","99,9,+99999,9,00,1",,,"9,AGL   ,+99999,+99999","04,99,1,00,1,99,9,99999,9,99,9,99,9","240,M,+0352,1",,"9,9,999,9,-018,1","05,1","SYN06442262 31995 40503 10342 20249 49985 70521 80002 333 10352 59018=","Q01    003SCCGA1"
"42262099999","2022-08-22T03:00:00","4","27.8833333","78.0666666","187.0","ALIGARH, IN","FM-12","99999","V020","050,1,N,0015,1","99999,9,9,N","002000,1,9,9","+0302,1","+0254,1","09994,1","24,0020,3,1","2,1,02,1","1,1,02,1","01,1,+01750,1,03,1","99,9,+99999,9,00,1",,"9,AGL   ,+99999,+99999","05,99,1,01,1,99,9,01750,1,99,9,99,9","240,M,+0352,1","240,N,+0270,1","9,9,999,9,-036,1","10,1","SYN09242262 21795 50503 10302 20254 49994 71021 81032 333 10352 20270 59036 6002/ 555 00024 10205=",
"42262099999","2022-08-22T12:00:00","4","27.8833333","78.0666666","187.0","ALIGARH, IN","FM-12","99999","V020","050,1,N,0036,1","99999,9,9,N","002000,1,9,9","+0304,1","+0247,1","09964,1","09,0010,3,1","2,1,02,1","2,1,02,1","02,1,+01750,1,05,1","99,9,+99999,9,00,1",,"9,AGL   ,+99999,+99999","06,99,1,02,1,99,9,01750,1,99,9,99,9","240,M,+0340,1",,"9,9,999,9,-023,1","05,1","SYN07042262 21795 60507 10304 20247 49964 70522 82022 333 10340 59023 6001/=",
"42262099999","2022-08-23T03:00:00","4","27.8833333","78.0666666","187.0","ALIGARH, IN","FM-12","99999","V020","050,1,N,0046,1","22000,1,9,N","002000,1,9,9","+0286,1","+0237,1","10004,1","24,0010,3,1","2,1,02,1","1,1,02,1","01,1,+01250,1,07,1","99,9,+99999,9,03,1",,"9,AGL   ,+99999,+99999","04,99,1,01,1,99,9,01250,1,99,9,99,9","240,M,+0340,1","240,N,+0266,1","9,9,999,9,+012,1","05,1","SYN09242262 21695 40509 10286 20237 40004 70521 81630 333 10340 20266 58012 6001/ 555 00010 10206=",
"42262099999","2022-08-23T12:00:00","4","27.8833333","78.0666666","187.0","ALIGARH, IN","FM-12","99999","V020","140,1,N,0036,1","22000,1,9,N","002000,1,9,9","+0322,1","+0236,1","09996,1",,"2,1,02,1","1,1,02,1","99,9,+99999,9,00,1",,,"9,AGL   ,+99999,+99999","03,99,1,00,1,99,9,99999,9,99,9,99,9","240,M,+0328,1",,"9,9,999,9,+029,1","05,1","SYN06442262 31995 31407 10322 20236 49996 70521 80001 333 10328 58029=","Q01    003SCCGA1"
"42262099999","2022-08-24T03:00:00","4","27.8833333","78.0666666","187.0","ALIGARH, IN","FM-12","99999","V020","140,1,N,0031,1","99999,9,9,N","002000,1,9,9","+0288,1","+0248,1","10061,1",,"2,1,02,1","1,1,02,1","02,1,+00800,1,06,1","99,9,+99999,9,05,1","99,9,+99999,9,00,1","9,AGL   ,+99999,+99999","06,99,1,02,1,99,9,00800,1,99,9,99,9","240,M,+0328,1","240,N,+0266,1","9,9,999,9,+045,1","10,1","SYN08042262 31595 61406 10288 20248 40061 71021 82521 333 10328 20266 58045 555 10206=",
"42262099999","2022-08-24T12:00:00","4","27.8833333","78.0666666","187.0","ALIGARH, IN","FM-12","99999","V020","140,1,N,0010,1","99999,9,9,N","002000,1,9,9","+0306,1","+0252,1","10031,1","09,0004,3,1","2,1,02,1","2,1,02,1","01,1,+00800,1,06,1","99,9,+99999,9,05,1","99,9,+99999,9,00,1","9,AGL   ,+99999,+99999","06,99,1,01,1,99,9,00800,1,99,9,99,9","240,M,+0314,1",,"9,9,999,9,+034,1","51,1","SYN07042262 21595 61402 10306 20252 40031 75122 81521 333 10314 58034 6994/=",
"42262099999","2022-08-25T03:00:00","4","27.8833333","78.0666666","187.0","ALIGARH, IN","FM-12","99999","V020","320,1,N,0010,1","22000,1,9,N","002000,1,9,9","+0272,1","+0243,1","10054,1","24,0040,3,1","2,1,02,1","1,1,02,1","99,9,+99999,9,00,1",,,"9,AGL   ,+99999,+99999","03,99,1,00,1,99,9,99999,9,99,9,99,9","240,M,+0314,1","240,N,+0248,1","9,9,999,9,-007,1","10,1","SYN09242262 21995 33202 10272 20243 40054 71021 80001 333 10314 20248 59007 6004/ 555 00040 10210=","Q01    003SCCGA1"
"42262099999","2022-08-25T12:00:00","4","27.8833333","78.0666666","187.0","ALIGARH, IN","FM-12","99999","V020","320,1,N,0010,1","22000,1,9,N","002000,1,9,9","+0322,1","+0248,1","10019,1",,"2,1,02,1","1,1,02,1","99,9,+99999,9,00,1",,,"9,AGL   ,+99999,+99999","03,99,1,00,1,99,9,99999,9,99,9,99,9","240,M,+0328,1",,"9,9,999,9,-011,1","05,1","SYN06442262 31995 33202 10322 20248 40019 70521 80001 333 10328 59011=","Q01    003SCCGA1"
"42262099999","2022-08-26T03:00:00","4","27.8833333","78.0666666","187.0","ALIGARH, IN","FM-12","99999","V020","320,1,N,0010,1","22000,1,9,N","002000,1,9,9","+0294,1","+0254,1","10041,1",,"0,1,02,1","0,1,02,1","99,9,+99999,9,00,1",,,"9,AGL   ,+99999,+99999","02,99,1,00,1,99,9,99999,9,99,9,99,9","240,M,+0328,1","240,N,+0266,1","9,9,999,9,-012,1","10,1","SYN08042262 31995 23202 10294 20254 40041 71000 80002 333 10328 20266 59012 555 10210=","Q01    003SCCGA1"
"42262099999","2022-08-26T12:00:00","4","27.8833333","78.0666666","187.0","ALIGARH, IN","FM-12","99999","V020","320,1,N,0015,1","22000,1,9,N","002000,1,9,9","+0326,1","+0259,1","10007,1",,"2,1,02,1","1,1,02,1","99,9,+99999,9,00,1",,,"9,AGL   ,+99999,+99999","02,99,1,00,1,99,9,99999,9,99,9,99,9","240,M,+0336,1",,"9,9,999,9,-012,1","05,1","SYN06442262 31995 23203 10326 20259 40007 70521 80002 333 10336 59012=","Q01    003SCCGA1"
"42262099999","2022-08-27T03:00:00","4","27.8833333","78.0666666","187.0","ALIGARH, IN","FM-12","99999","V020","320,1,N,0010,1","99999,9,9,N","002000,1,9,9","+0296,1","+0245,1","10034,1",,"0,1,02,1","0,1,02,1",,,,,,"240,M,+0336,1","240,N,+0270,1","9,9,999,9,-007,1","05,1","SYN07442262 31995 03202 10296 20245 40034 70500 333 10336 20270 59007 555 10210=",
"42262099999","2022-08-27T12:00:00","4","27.8833333","78.0666666","187.0","ALIGARH, IN","FM-12","99999","V020","320,1,N,0031,1","22000,1,9,N","002000,1,9,9","+0346,1","+0241,1","09998,1",,"2,1,02,1","1,1,02,1","99,9,+99999,9,00,1",,,"9,AGL   ,+99999,+99999","02,99,1,00,1,99,9,99999,9,99,9,99,9","240,M,+0356,1",,"9,9,999,9,-007,1","05,1","SYN06442262 31995 23206 10346 20241 49998 70521 80001 333 10356 59007=","Q01    003SCCGA1"
"42262099999","2022-08-28T03:00:00","4","27.8833333","78.0666666","187.0","ALIGARH, IN","FM-12","99999","V020","320,1,N,0036,1","22000,1,9,N","002000,1,9,9","+0300,1","+0243,1","10027,1",,"0,1,02,1","0,1,02,1","99,9,+99999,9,00,1",,,"9,AGL   ,+99999,+99999","04,99,1,00,1,99,9,99999,9,99,9,99,9","240,M,+0356,1","240,N,+0272,1","9,9,999,9,-005,1","05,1","SYN08042262 31995 43207 10300 20243 40027 70500 80001 333 10356 20272 59005 555 10210=","Q01    003SCCGA1"
"42262099999","2022-08-28T12:00:00","4","27.8833333","78.0666666","187.0","ALIGARH, IN","FM-12","99999","V020","320,1,N,0021,1","99999,9,9,N","002000,1,9,9","+0334,1","+0271,1","10008,1",,"0,1,02,1","0,1,02,1","01,1,+01750,1,05,1","99,9,+99999,9,00,1",,"9,AGL   ,+99999,+99999","06,99,1,01,1,99,9,01750,1,99,9,99,9","240,M,+0348,1",,"9,9,999,9,+010,1","05,1","SYN06442262 31795 63204 10334 20271 40008 70500 81022 333 10348 58010=",
"42262099999","2022-08-29T03:00:00","4","27.8833333","78.0666666","187.0","ALIGARH, IN","FM-12","99999","V020","320,1,N,0026,1","99999,9,9,N","002000,1,9,9","+0304,1","+0238,1","10075,1",,"2,1,02,1","1,1,02,1","99,9,+99999,9,00,1",,,"9,AGL   ,+99999,+99999","05,99,1,00,1,99,9,99999,9,99,9,99,9","240,M,+0348,1","240,N,+0270,1","9,9,999,9,+047,1","05,1","SYN07042262 31995 53205 10304 20238 40075 70521 80002 333 10348 20270 58047=","Q01    003SCCGA1"
"42262099999","2022-08-30T03:00:00","4","27.8833333","78.0666666","187.0","ALIGARH, IN","FM-12","99999","V020","999,9,C,0000,1","99999,9,9,N","002000,1,9,9","+0292,1","+0255,1","10086,1","24,0210,3,1","2,1,02,1","1,1,02,1","02,1,+01750,1,03,1","99,9,+99999,9,00,1",,"9,AGL   ,+99999,+99999","05,99,1,02,1,99,9,01750,1,99,9,99,9","240,M,+0342,1","240,N,+0268,1","9,9,999,9,+009,1","10,1","SYN09242262 21795 50000 10292 20255 40086 71021 82032 333 10342 20268 58009 6021/ 555 00208 10231=",
"42262099999","2022-08-30T12:00:00","4","27.8833333","78.0666666","187.0","ALIGARH, IN","FM-12","99999","V020","320,1,N,0010,1","99999,9,9,N","002000,1,9,9","+0302,1","+0283,1","10053,1","09,0060,3,1","9,1,02,1","6,1,02,1","01,1,+01750,1,03,1","99,9,+99999,9,00,1",,"9,AGL   ,+99999,+99999","05,99,1,01,1,99,9,01750,1,99,9,99,9","240,M,+0342,1",,"9,9,999,9,+000,1","10,1","SYN07042262 21795 53202 10302 20283 40053 71096 81032 333 10342 58000 6006/=",
"42262099999","2022-08-31T03:00:00","4","27.8833333","78.0666666","187.0","ALIGARH, IN","FM-12","99999","V020","320,1,N,0010,1","99999,9,9,N","002000,1,9,9","+0294,1","+0257,1","10058,1","24,0060,3,1","0,1,02,1","0,1,02,1",,,,,,"240,M,+0342,1","240,N,+0266,1","9,9,999,9,-027,1","10,1","SYN08642262 21995 03202 10294 20257 40058 71000 333 10342 20266 59027 6006/ 555 00060 10237=",
"42262099999","2022-09-01T03:00:00","4","27.8833333","78.0666666","187.0","ALIGARH, IN","FM-12","99999","V020","230,1,N,0010,1","22000,1,9,N","002000,1,9,9","+0304,1","+0259,1","10057,1",,"2,1,02,1","1,1,02,1","99,9,+99999,9,00,1",,,"9,AGL   ,+99999,+99999","04,99,1,00,1,99,9,99999,9,99,9,99,9","240,M,+0360,1","240,N,+0274,1","9,9,999,9,+000,1","10,1","SYN08042262 31995 42302 10304 20259 40057 71021 80001 333 10360 20274 58000 555 10237=","Q01    003SCCGA1"
"42262099999","2022-09-02T03:00:00","4","27.8833333","78.0666666","187.0","ALIGARH, IN","FM-12","99999","V020","050,1,N,0015,1","99999,9,9,N","002000,1,9,9","+0292,1","+0249,1","10076,1",,"2,1,02,1","2,1,02,1","02,1,+01750,1,05,1","99,9,+99999,9,00,1",,"9,AGL   ,+99999,+99999","06,99,1,02,1,99,9,01750,1,99,9,99,9","240,M,+0366,1","240,N,+0276,1","9,9,999,9,+018,1","10,1","SYN08042262 31795 60503 10292 20249 40076 71022 82022 333 10366 20276 58018 555 10237=",
"42262099999","2022-09-02T12:00:00","4","27.8833333","78.0666666","187.0","ALIGARH, IN","FM-12","99999","V020","999,9,C,0000,1","99999,9,9,N","002000,1,9,9","+0316,1","+0272,1","10039,1","09,0008,3,1","6,1,02,1","2,1,02,1","01,1,+01750,1,03,1","99,9,+99999,9,00,1",,"9,AGL   ,+99999,+99999","05,99,1,01,1,99,9,01750,1,99,9,99,9","240,M,+0338,1",,"9,9,999,9,+009,1","10,1","SYN07042262 21795 50000 10316 20272 40039 71062 81032 333 10338 58009 6998/=",
"42262099999","2022-09-03T03:00:00","4","27.8833333","78.0666666","187.0","ALIGARH, IN","FM-12","99999","V020","030,1,N,0103,1","22000,1,9,N","002000,1,9,9","+0296,1","+0248,1","10051,1","24,0040,3,1","2,1,02,1","1,1,02,1","99,9,+99999,9,00,1",,,"9,AGL   ,+99999,+99999","02,99,1,00,1,99,9,99999,9,99,9,99,9","240,M,+0338,1","240,N,+0268,1","9,9,999,9,-025,1","10,1","SYN09242262 21995 20320 10296 20248 40051 71021 80002 333 10338 20268 59025 6004/ 555 00038 10241=","Q01    003SCCGA1"
"42262099999","2022-09-03T12:00:00","4","27.8833333","78.0666666","187.0","ALIGARH, IN","FM-12","99999","V020","320,1,N,0026,1","99999,9,9,N","002000,1,9,9","+0348,1","+0230,1","09990,1",,"0,1,02,1","0,1,02,1",,,,,,"240,M,+0362,1",,"9,9,999,9,-054,1","05,1","SYN05842262 32995 03205 10348 20230 49990 70500 333 10362 59054=",
"42262099999","2022-09-04T03:00:00","4","27.8833333","78.0666666","187.0","ALIGARH, IN","FM-12","99999","V020","320,1,N,0021,1","22000,1,9,N","002000,1,9,9","+0306,1","+0240,1","10023,1",,"2,1,02,1","1,1,02,1","99,9,+99999,9,00,1",,,"9,AGL   ,+99999,+99999","03,99,1,00,1,99,9,99999,9,99,9,99,9","240,M,+0362,1","240,N,+0272,1","9,9,999,9,-026,1","05,1","SYN08042262 31995 33204 10306 20240 40023 70521 80001 333 10362 20272 59026 555 10241=","Q01    003SCCGA1"
"42262099999","2022-09-04T12:00:00","4","27.8833333","78.0666666","187.0","ALIGARH, IN","FM-12","99999","V020","230,1,N,0021,1","22000,1,9,N","002000,1,9,9","+0350,1","+0226,1","09993,1",,"0,1,02,1","0,1,02,1","99,9,+99999,9,00,1",,,"9,AGL   ,+99999,+99999","02,99,1,00,1,99,9,99999,9,99,9,99,9","240,M,+0366,1",,"9,9,999,9,+003,1","05,1","SYN06442262 31995 22304 10350 20226 49993 70500 80001 333 10366 58003=","Q01    003SCCGA1"
"42262099999","2022-09-05T03:00:00","4","27.8833333","78.0666666","187.0","ALIGARH, IN","FM-12","99999","V020","320,1,N,0015,1","22000,1,9,N","002000,1,9,9","+0304,1","+0231,1","10054,1",,"0,1,02,1","0,1,02,1","99,9,+99999,9,00,1",,,"9,AGL   ,+99999,+99999","02,99,1,00,1,99,9,99999,9,99,9,99,9","240,M,+0366,1","240,N,+0274,1","9,9,999,9,+030,1","05,1","SYN08042262 31995 23203 10304 20231 40054 70500 80001 333 10366 20274 58030 555 10241=","Q01    003SCCGA1"
"42262099999","2022-09-05T12:00:00","4","27.8833333","78.0666666","187.0","ALIGARH, IN","FM-12","99999","V020","230,1,N,0031,1","99999,9,9,N","002000,1,9,9","+0344,1","+0228,1","10010,1",,"0,1,02,1","0,1,02,1",,,,,,"240,M,+0356,1",,"9,9,999,9,+017,1","05,1","SYN05842262 31995 02306 10344 20228 40010 70500 333 10356 58017=",
"42262099999","2022-09-06T03:00:00","4","27.8833333","78.0666666","187.0","ALIGARH, IN","FM-12","99999","V020","320,1,N,0021,1","99999,9,9,N","002000,1,9,9","+0304,1","+0244,1","10058,1",,"0,1,02,1","0,1,02,1",,,,,,"240,M,+0356,1","240,N,+0274,1","9,9,999,9,+004,1","05,1","SYN07442262 31995 03204 10304 20244 40058 70500 333 10356 20274 58004 555 10241=",
"42262099999","2022-09-06T12:00:00","4","27.8833333","78.0666666","187.0","ALIGARH, IN","FM-12","99999","V020","320,1,N,0026,1","22000,1,9,N","002000,1,9,9","+0354,1","+0217,1","10022,1",,"0,1,02,1","0,1,02,1","99,9,+99999,9,00,1",,,"9,AGL   ,+99999,+99999","02,99,1,00,1,99,9,99999,9,99,9,99,9","240,M,+0366,1",,"9,9,999,9,+012,1","05,1","SYN06442262 31995 23205 10354 20217 40022 70500 80001 333 10366 58012=","Q01    003SCCGA1"
"42262099999","2022-09-07T03:00:00","4","27.8833333","78.0666666","187.0","ALIGARH, IN","FM-12","99999","V020","050,1,N,0015,1","99999,9,9,N","002000,1,9,9","+0304,1","+0244,1","10077,1",,"0,1,02,1","0,1,02,1",,,,,,"240,M,+0366,1","240,N,+0274,1","9,9,999,9,+019,1","05,1","SYN06442262 31995 00503 10304 20244 40077 70500 333 10366 20274 58019=",
"42262099999","2022-09-07T12:00:00","4","27.8833333","78.0666666","187.0","ALIGARH, IN","FM-12","99999","V020","360,1,N,0015,1","22000,1,9,N","002000,1,9,9","+0358,1","+0222,1","10040,1",,"0,1,02,1","0,1,02,1","99,9,+99999,9,00,1",,,"9,AGL   ,+99999,+99999","01,99,1,00,1,99,9,99999,9,99,9,99,9","240,M,+0368,1",,"9,9,999,9,+017,1","05,1","SYN06442262 31995 13603 10358 20222 40040 70500 80001 333 10368 58017=","Q01    003SCCGA1"
"42262099999","2022-09-08T03:00:00","4","27.8833333","78.0666666","187.0","ALIGARH, IN","FM-12","99999","V020","140,1,N,0010,1","99999,9,9,N","002000,1,9,9","+0312,1","+0247,1","10088,1",,"0,1,02,1","0,1,02,1",,,,,,"240,M,+0368,1","240,N,+0274,1","9,9,999,9,+011,1","05,1","SYN07442262 31995 01402 10312 20247 40088 70500 333 10368 20274 58011 555 10241=",
"42262099999","2022-09-08T12:00:00","4","27.8833333","78.0666666","187.0","ALIGARH, IN","FM-12","99999","V020","050,1,N,0015,1","99999,9,9,N","002000,1,9,9","+0354,1","+0234,1","10046,1",,"0,1,02,1","0,1,02,1",,,,,,"240,M,+0366,1",,"9,9,999,9,+006,1","05,1","SYN05842262 31995 00503 10354 20234 40046 70500 333 10366 58006=",
"42262099999","2022-09-09T12:00:00","4","27.8833333","78.0666666","187.0","ALIGARH, IN","FM-12","99999","V020","140,1,N,0026,1","22000,1,9,N","002000,1,9,9","+0348,1","+0242,1","10044,1",,"2,1,02,1","1,1,02,1","99,9,+99999,9,00,1",,,"9,AGL   ,+99999,+99999","03,99,1,00,1,99,9,99999,9,99,9,99,9","240,M,+0362,1",,"9,9,999,9,-002,1","05,1","SYN06442262 31995 31405 10348 20242 40044 70521 80001 333 10362 59002=","Q01    003SCCGA1"
"42262099999","2022-09-10T03:00:00","4","27.8833333","78.0666666","187.0","ALIGARH, IN","FM-12","99999","V020","140,1,N,0010,1","22000,1,9,N","002000,1,9,9","+0294,1","+0266,1","10078,1","24,0100,3,1","2,1,02,1","1,1,02,1","99,9,+99999,9,00,1",,,"9,AGL   ,+99999,+99999","04,99,1,00,1,99,9,99999,9,99,9,99,9","240,M,+0362,1","240,N,+0258,1","9,9,999,9,-009,1","10,1","SYN09242262 21995 41402 10294 20266 40078 71021 80002 333 10362 20258 59009 6010/ 555 00096 10250=","Q01    003SCCGA1"
"42262099999","2022-09-10T12:00:00","4","27.8833333","78.0666666","187.0","ALIGARH, IN","FM-12","99999","V020","050,1,N,0015,1","99999,9,9,N","002000,1,9,9","+0306,1","+0246,1","10028,1","09,0170,3,1","6,1,02,1","2,1,02,1","99,9,+99999,9,00,1",,,"9,AGL   ,+99999,+99999","05,99,1,00,1,99,9,99999,9,99,9,99,9","240,M,+0336,1",,"9,9,999,9,-018,1","05,1","SYN07042262 21995 50503 10306 20246 40028 70562 80002 333 10336 59018 6017/=","Q01    003SCCGA1"
"42262099999","2022-09-11T03:00:00","4","27.8833333","78.0666666","187.0","ALIGARH, IN","FM-12","99999","V020","050,1,N,0026,1","22000,1,9,N","002000,1,9,9","+0292,1","+0249,1","10059,1","24,0170,3,1","2,1,02,1","1,1,02,1","99,9,+99999,9,00,1",,,"9,AGL   ,+99999,+99999","02,99,1,00,1,99,9,99999,9,99,9,99,9","240,M,+0336,1","240,N,+0264,1","9,9,999,9,-019,1","10,1","SYN09242262 21995 20505 10292 20249 40059 71021 80001 333 10336 20264 59019 6017/ 555 00166 10267=","Q01    003SCCGA1"
"42262099999","2022-09-11T12:00:00","4","27.8833333","78.0666666","187.0","ALIGARH, IN","FM-12","99999","V020","090,1,N,0010,1","22000,1,9,N","002000,1,9,9","+0348,1","+0250,1","10005,1",,"2,1,02,1","1,1,02,1","99,9,+99999,9,00,1",,,"9,AGL   ,+99999,+99999","03,99,1,00,1,99,9,99999,9,99,9,99,9","240,M,+0356,1",,"9,9,999,9,-020,1","05,1","SYN06442262 31995 30902 10348 20250 40005 70521 80001 333 10356 59020=","Q01    003SCCGA1"
"42262099999","2022-09-12T03:00:00","4","27.8833333","78.0666666","187.0","ALIGARH, IN","FM-12","99999","V020","050,1,N,0031,1","22000,1,9,N","002000,1,9,9","+0294,1","+0242,1","10032,1",,"0,1,02,1","0,1,02,1","99,9,+99999,9,00,1",,,"9,AGL   ,+99999,+99999","02,99,1,00,1,99,9,99999,9,99,9,99,9","240,M,+0356,1","240,N,+0264,1","9,9,999,9,-026,1","05,1","SYN08042262 31995 20506 10294 20242 40032 70500 80001 333 10356 20264 59026 555 10267=","Q01    003SCCGA1"
"42262099999","2022-09-12T12:00:00","4","27.8833333","78.0666666","187.0","ALIGARH, IN","FM-12","99999","V020","140,1,N,0031,1","22000,1,9,N","002000,1,9,9","+0334,1","+0233,1","09993,1",,"2,1,02,1","1,1,02,1","01,1,+01750,1,03,1","99,9,+99999,9,00,1",,"9,AGL   ,+99999,+99999","04,99,1,01,1,99,9,01750,1,99,9,99,9","240,M,+0342,1",,"9,9,999,9,-013,1","05,1","SYN06442262 31795 41406 10334 20233 49993 70521 81031 333 10342 59013=",
"42262099999","2022-09-13T03:00:00","4","27.8833333","78.0666666","187.0","ALIGARH, IN","FM-12","99999","V020","140,1,N,0036,1","99999,9,9,N","002000,1,9,9","+0280,1","+0237,1","10036,1",,"2,1,02,1","1,1,02,1","02,1,+01250,1,07,1","99,9,+99999,9,03,1","99,9,+99999,9,00,1","9,AGL   ,+99999,+99999","05,99,1,02,1,99,9,01250,1,99,9,99,9","240,M,+0342,1","240,N,+0264,1","9,9,999,9,+002,1","10,1","SYN08042262 31695 51407 10280 20237 40036 71021 82631 333 10342 20264 58002 555 10267=",
"42262099999","2022-09-13T12:00:00","4","27.8833333","78.0666666","187.0","ALIGARH, IN","FM-12","99999","V020","090,1,N,0046,1","22000,1,9,N","002000,1,9,9","+0316,1","+0232,1","09999,1",,"2,1,02,1","1,1,02,1","01,1,+01750,1,03,1","99,9,+99999,9,00,1",,"9,AGL   ,+99999,+99999","03,99,1,01,1,99,9,01750,1,99,9,99,9","240,M,+0328,1",,"9,9,999,9,+005,1","05,1","SYN06442262 31795 30909 10316 20232 49999 70521 81031 333 10328 58005=",
"42262099999","2022-09-14T03:00:00","4","27.8833333","78.0666666","187.0","ALIGARH, IN","FM-12","99999","V020","050,1,N,0046,1","99999,9,9,N","002000,1,9,9","+0274,1","+0242,1","10040,1","24,0000,2,1","6,1,02,1","0,1,02,1","02,1,+01250,1,07,1","99,9,+99999,9,05,1",,"9,AGL   ,+99999,+99999","06,99,1,02,1,99,9,01250,1,99,9,99,9","240,M,+0328,1","240,N,+0264,1","9,9,999,9,+004,1","50,1","SYN09242262 21695 60509 10274 20242 40040 75060 82620 333 10328 20264 58004 6990/ 555 00000 10267=",
"42262099999","2022-09-14T12:00:00","4","27.8833333","78.0666666","187.0","ALIGARH, IN","FM-12","99999","V020","050,1,N,0036,1","99999,9,9,N","002000,1,9,9","+0264,1","+0255,1","10012,1","09,0050,3,1","6,1,02,1","2,1,02,1","02,1,+01250,1,07,1","99,9,+99999,9,05,1",,"9,AGL   ,+99999,+99999","06,99,1,02,1,99,9,01250,1,99,9,99,9","240,M,+0294,1",,"9,9,999,9,+009,1","50,1","SYN07042262 21695 60507 10264 20255 40012 75062 82620 333 10294 58009 6005/=",
"42262099999","2022-09-15T03:00:00","4","27.8833333","78.0666666","187.0","ALIGARH, IN","FM-12","99999","V020","050,1,N,0021,1","99999,9,9,N","002000,1,9,9","+0272,1","+0249,1","10017,1","24,0050,3,1","2,1,02,1","2,1,02,1","03,1,+00800,1,06,1","99,9,+99999,9,03,1",,"9,AGL   ,+99999,+99999","07,99,1,03,1,99,9,00800,1,99,9,99,9","240,M,+0294,1","240,N,+0256,1","9,9,999,9,-022,1","10,1","SYN09242262 21595 70504 10272 20249 40017 71022 83530 333 10294 20256 59022 6005/ 555 00046 10272=",
"42262099999","2022-09-15T12:00:00","4","27.8833333","78.0666666","187.0","ALIGARH, IN","FM-12","99999","V020","050,1,N,0041,1","99999,9,9,N","002000,1,9,9","+0282,1","+0257,1","09981,1","09,0030,3,1","6,1,02,1","2,1,02,1","02,1,+01250,1,07,1","99,9,+99999,9,05,1",,"9,AGL   ,+99999,+99999","07,99,1,02,1,99,9,01250,1,99,9,99,9","240,M,+0324,1",,"9,9,999,9,-023,1","10,1","SYN07042262 21695 70508 10282 20257 49981 71062 82620 333 10324 59023 6003/=",
"42262099999","2022-09-16T03:00:00","4","27.8833333","78.0666666","187.0","ALIGARH, IN","FM-12","99999","V020","320,1,N,0010,1","99999,9,9,N","002000,1,9,9","+0252,1","+0237,1","10000,1","24,0030,3,1","2,1,02,1","2,1,02,1","03,1,+00800,1,06,1","99,9,+99999,9,05,1",,"9,AGL   ,+99999,+99999","07,99,1,03,1,99,9,00800,1,99,9,99,9","240,M,+0304,1","240,N,+0246,1","9,9,999,9,-019,1","50,1","SYN09242262 21595 73202 10252 20237 40000 75022 83520 333 10304 20246 59019 6003/ 555 00030 10275=",
"42262099999","2022-09-16T12:00:00","4","27.8833333","78.0666666","187.0","ALIGARH, IN","FM-12","99999","V020","320,1,N,0021,1","99999,9,9,N","002000,1,9,9","+0264,1","+0255,1","09981,1","09,0120,3,1","6,1,02,1","2,1,02,1","02,1,+00800,1,06,1","99,9,+99999,9,05,1",,"9,AGL   ,+99999,+99999","07,99,1,02,1,99,9,00800,1,99,9,99,9","240,M,+0276,1",,"9,9,999,9,-002,1","52,1","SYN07042262 21595 73204 10264 20255 49981 75262 82520 333 10276 59002 6012/=",
"42262099999","2022-09-17T03:00:00","4","27.8833333","78.0666666","187.0","ALIGARH, IN","FM-12","99999","V020","320,1,N,0010,1","99999,9,9,9","002000,1,9,9","+0260,1","+0243,1","10022,1",,"2,1,99,9","1,1,99,9","01,1,+01750,1,05,1","99,9,+99999,9,00,1",,"9,AGL   ,+99999,+99999","05,99,1,01,1,99,9,01750,1,99,9,99,9","120,M,+0276,1","120,N,+0242,1","9,9,999,9,+023,1","10,1","SYN004BUFR",
"42262099999","2022-09-17T12:00:00","4","27.8833333","78.0666666","187.0","ALIGARH, IN","FM-12","99999","V020","320,1,N,0010,1","99999,9,9,9","002000,1,9,9","+0317,1","+0256,1","10000,1","99,9999,9,9","2,1,99,9","2,1,99,9","01,1,+01750,1,03,1","99,9,+99999,9,00,1",,"9,AGL   ,+99999,+99999","05,99,1,01,1,99,9,01750,1,99,9,99,9",,,"9,9,999,9,+022,1","05,1","SYN004BUFR",
"42262099999","2022-09-18T03:00:00","4","27.8833333","78.0666666","187.0","ALIGARH, IN","FM-12","99999","V020","320,1,N,0021,1","22000,1,9,9","002000,1,9,9","+0270,1","+0238,1","10058,1","99,9999,9,9","2,1,99,9","1,1,99,9","99,9,+08000,1,00,1",,,"9,AGL   ,+99999,+99999","03,99,1,99,9,99,9,08000,1,99,9,99,9","120,M,+0328,1","120,N,+0246,1","9,9,999,9,+036,1","10,1","SYN004BUFR",
"42262099999","2022-09-18T12:00:00","4","27.8833333","78.0666666","187.0","ALIGARH, IN","FM-12","99999","V020","320,1,N,0010,1","22000,1,9,9","002000,1,9,9","+0320,1","+0243,1","10029,1","99,9999,9,9","2,1,99,9","1,1,99,9","99,9,+08000,1,00,1",,,"9,AGL   ,+99999,+99999","03,99,1,99,9,99,9,08000,1,99,9,99,9",,,"9,9,999,9,+029,1","05,1","SYN004BUFR",
"42262099999","2022-09-19T03:00:00","4","27.8833333","78.0666666","187.0","ALIGARH, IN","FM-12","99999","V020","360,1,N,0026,1","99999,9,9,N","002000,1,9,9","+0238,1","+0235,1","10070,1","24,0420,3,1","6,1,02,1","2,1,02,1","03,1,+00800,1,06,1","99,9,+99999,9,05,1",,"9,AGL   ,+99999,+99999","07,99,1,03,1,99,9,00800,1,99,9,99,9","240,M,+0330,1","240,N,+0232,1","9,9,999,9,+009,1","61,1","SYN07642262 21595 73605 10238 20235 40070 76162 83520 333 10330 20232 58009 6042/=",
"42262099999","2022-09-19T12:00:00","4","27.8833333","78.0666666","187.0","ALIGARH, IN","FM-12","99999","V020","270,1,N,0015,1","99999,9,9,N","002000,1,9,9","+0266,1","+0249,1","10035,1","09,0300,3,1","6,1,02,1","2,1,02,1","02,1,+01750,1,03,1","99,9,+99999,9,00,1",,"9,AGL   ,+99999,+99999","05,99,1,02,1,99,9,01750,1,99,9,99,9","240,M,+0282,1",,"9,9,999,9,+002,1","10,1","SYN07042262 21795 52703 10266 20249 40035 71062 82032 333 10282 58002 6030/=",
"42262099999","2022-09-20T12:00:00","4","27.8833333","78.0666666","187.0","ALIGARH, IN","FM-12","99999","V020","050,1,N,0021,1","99999,9,9,9","004000,1,9,9","+0252,1","+0231,1","10041,1",,"6,1,99,9","2,1,99,9","02,1,+00600,1,06,1","99,9,+99999,9,05,1","99,9,+99999,9,00,1","9,AGL   ,+99999,+99999","07,99,1,02,1,99,9,00600,1,99,9,99,9",,,"9,9,999,9,+004,1","52,1","SYN004BUFR",
"42262099999","2022-09-21T03:00:00","4","27.8833333","78.0666666","187.0","ALIGARH, IN","FM-12","99999","V020","360,1,N,0010,1","99999,9,9,9","002000,1,9,9","+0267,1","+0245,1","10059,1",,"2,1,99,9","1,1,99,9","01,1,+01750,1,03,1","99,9,+99999,9,00,1",,"9,AGL   ,+99999,+99999","05,99,1,01,1,99,9,01750,1,99,9,99,9","120,M,+0282,1","120,N,+0240,1","9,9,999,9,-002,1","10,1","SYN004BUFR",
"42262099999","2022-09-21T12:00:00","4","27.8833333","78.0666666","187.0","ALIGARH, IN","FM-12","99999","V020","360,1,N,0010,1","99999,9,9,9","002000,1,9,9","+0262,1","+0251,1","10028,1",,"2,1,99,9","2,1,99,9","02,1,+00600,1,06,1","99,9,+99999,9,05,1","99,9,+99999,9,00,1","9,AGL   ,+99999,+99999","07,99,1,02,1,99,9,00600,1,99,9,99,9",,,"9,9,999,9,-011,1","10,1","SYN004BUFR",
"42262099999","2022-09-22T03:00:00","4","27.8833333","78.0666666","187.0","ALIGARH, IN","FM-12","99999","V020","050,1,N,0021,1","99999,9,9,9","001000,1,9,9","+0246,1","+0243,1","10047,1",,"6,1,99,9","2,1,99,9","03,1,+00300,1,06,1","99,9,+99999,9,05,1",,"9,AGL   ,+99999,+99999","07,99,1,03,1,99,9,00300,1,99,9,99,9","120,M,+0280,1","120,N,+0236,1","9,9,999,9,-013,1","62,1","SYN004BUFR",
"42262099999","2022-09-22T12:00:00","4","27.8833333","78.0666666","187.0","ALIGARH, IN","FM-12","99999","V020","050,1,N,0031,1","99999,9,9,9","001000,1,9,9","+0247,1","+0245,1","10021,1",,"6,1,99,9","2,1,99,9","03,1,+00300,1,06,1","99,9,+99999,9,05,1",,"9,AGL   ,+99999,+99999","07,99,1,03,1,99,9,00300,1,99,9,99,9",,,"9,9,999,9,-009,1","62,1","SYN004BUFR",
"42262099999","2022-09-23T03:00:00","4","27.8833333","78.0666666","187.0","ALIGARH, IN","FM-12","99999","V020","050,1,N,0015,1","99999,9,9,N","002000,1,9,9","+0252,1","+0249,1","10039,1","24,1260,3,1","9,1,02,1","6,1,02,1","02,1,+00800,1,06,1","99,9,+99999,9,03,1",,"9,AGL   ,+99999,+99999","07,99,1,02,1,99,9,00800,1,99,9,99,9","240,M,+0260,1","240,N,+0234,1","9,9,999,9,-008,1","61,1","SYN09242262 21595 70503 10252 20249 40039 76196 82530 333 10260 20234 59008 6126/ 555 01262 10596=",
"42262099999","2022-09-23T12:00:00","4","27.8833333","78.0666666","187.0","ALIGARH, IN","FM-12","99999","V020","050,1,N,0015,1","99999,9,9,9","002000,1,9,9","+0250,1","+0247,1","10012,1",,"6,1,99,9","2,1,99,9","02,1,+00600,1,06,1","99,9,+99999,9,05,1","99,9,+99999,9,00,1","9,AGL   ,+99999,+99999","07,99,1,02,1,99,9,00600,1,99,9,99,9",,,"9,9,999,9,-008,1","61,1","SYN004BUFR",
"42262099999","2022-09-24T03:00:00","4","27.8833333","78.0666666","187.0","ALIGARH, IN","FM-12","99999","V020","140,1,N,0031,1","99999,9,9,9","002000,1,9,9","+0260,1","+0249,1","10034,1",,"2,1,99,9","2,1,99,9","02,1,+00600,1,06,1","99,9,+99999,9,05,1",,"9,AGL   ,+99999,+99999","07,99,1,02,1,99,9,00600,1,99,9,99,9","120,M,+0288,1","120,N,+0244,1","9,9,999,9,-003,1","10,1","SYN004BUFR",
"42262099999","2022-09-24T12:00:00","4","27.8833333","78.0666666","187.0","ALIGARH, IN","FM-12","99999","V020","140,1,N,0031,1","99999,9,9,9","002000,1,9,9","+0257,1","+0252,1","10004,1",,"6,1,99,9","2,1,99,9","02,1,+00600,1,06,1","99,9,+99999,9,05,1","99,9,+99999,9,00,1","9,AGL   ,+99999,+99999","06,99,1,02,1,99,9,00600,1,99,9,99,9",,,"9,9,999,9,-008,1","50,1","SYN004BUFR",
"42262099999","2022-09-25T03:00:00","4","27.8833333","78.0666666","187.0","ALIGARH, IN","FM-12","99999","V020","320,1,N,0031,1","22000,1,9,9","002000,1,9,9","+0267,1","+0245,1","10049,1",,"2,1,99,9","1,1,99,9","01,1,+01750,1,03,1","99,9,+99999,9,00,1",,"9,AGL   ,+99999,+99999","03,99,1,01,1,99,9,01750,1,99,9,99,9","120,M,+0276,1","120,N,+0244,1","9,9,999,9,+014,1","10,1","SYN004BUFR",
"42262099999","2022-09-25T12:00:00","4","27.8833333","78.0666666","187.0","ALIGARH, IN","FM-12","99999","V020","360,1,N,0010,1","22000,1,9,N","002000,1,9,9","+0280,1","+0243,1","10034,1",,"2,1,02,1","1,1,02,1","01,1,+01750,1,03,1","99,9,+99999,9,00,1",,"9,AGL   ,+99999,+99999","04,99,1,01,1,99,9,01750,1,99,9,99,9","240,M,+0296,1",,"9,9,999,9,+033,1","10,1","SYN06442262 31795 43602 10280 20243 40034 71021 81032 333 10296 58033=",
"42262099999","2022-09-26T03:00:00","4","27.8833333","78.0666666","187.0","ALIGARH, IN","FM-12","99999","V020","320,1,N,0010,1","22000,1,9,9","001000,1,9,9","+0262,1","+0245,1","10094,1","99,9999,9,9","4,1,99,9","2,1,99,9","99,9,+08000,1,00,1",,,"9,AGL   ,+99999,+99999","02,99,1,99,9,99,9,08000,1,99,9,99,9","120,M,+0296,1","120,N,+0248,1","9,9,999,9,+044,1","10,1","SYN004BUFR",
"42262099999","2022-09-26T12:00:00","4","27.8833333","78.0666666","187.0","ALIGARH, IN","FM-12","99999","V020","360,1,N,0021,1","22000,1,9,N","002000,1,9,9","+0290,1","+0238,1","10060,1",,"2,1,02,1","1,1,02,1","99,9,+99999,9,00,1",,,"9,AGL   ,+99999,+99999","02,99,1,00,1,99,9,99999,9,99,9,99,9","240,M,+0302,1",,"9,9,999,9,+017,1","05,1","SYN06442262 31995 23604 10290 20238 40060 70521 80001 333 10302 58017=","Q01    003SCCGA1"
"42262099999","2022-09-27T03:00:00","4","27.8833333","78.0666666","187.0","ALIGARH, IN","FM-12","99999","V020","320,1,N,0015,1","99999,9,9,N","002000,1,9,9","+0266,1","+0249,1","10078,1",,"0,1,02,1","0,1,02,1",,,,,,"240,M,+0302,1","240,N,+0244,1","9,9,999,9,-015,1","10,1","SYN07442262 31995 03203 10266 20249 40078 71000 333 10302 20244 59015 555 10635=",
"42262099999","2022-09-27T12:00:00","4","27.8833333","78.0666666","187.0","ALIGARH, IN","FM-12","99999","V020","320,1,N,0010,1","22000,1,9,9","002000,1,9,9","+0316,1","+0251,1","10046,1","99,9999,9,9","0,1,99,9","0,1,99,9",,,,,"00,99,1,99,9,99,9,99999,9,99,9,99,9",,,"9,9,999,9,-012,1","05,1","SYN004BUFR",
"42262099999","2022-09-28T12:00:00","4","27.8833333","78.0666666","187.0","ALIGARH, IN","FM-12","99999","V020","050,1,N,0010,1","22000,1,9,9","002000,1,9,9","+0307,1","+0209,1","10035,1",,"2,1,99,9","1,1,99,9","01,1,+01750,1,03,1","99,9,+99999,9,00,1",,"9,AGL   ,+99999,+99999","04,99,1,01,1,99,9,01750,1,99,9,99,9",,,"9,9,999,9,-012,1","05,1","SYN004BUFR",
"42262099999","2022-09-29T03:00:00","4","27.8833333","78.0666666","187.0","ALIGARH, IN","FM-12","99999","V020","999,9,C,0000,1","22000,1,9,9","002000,1,9,9","+0276,1","+0238,1","10066,1",,"0,1,99,9","0,1,99,9",,,,,"00,99,1,99,9,99,9,99999,9,99,9,99,9","120,M,+0336,1","120,N,+0248,1","9,9,999,9,-001,1","10,1","SYN004BUFR",
"42262099999","2022-09-29T12:00:00","4","27.8833333","78.0666666","187.0","ALIGARH, IN","FM-12","99999","V020","360,1,N,0010,1","22000,1,9,9","002000,1,9,9","+0316,1","+0235,1","10034,1","99,9999,9,9","2,1,99,9","1,1,99,9","99,9,+08000,1,00,1",,,"9,AGL   ,+99999,+99999","02,99,1,99,9,99,9,08000,1,99,9,99,9",,,"9,9,999,9,-001,1","05,1","SYN004BUFR",
"42262099999","2022-09-30T03:00:00","4","27.8833333","78.0666666","187.0","ALIGARH, IN","FM-12","99999","V020","320,1,N,0010,1","22000,1,9,9","002000,1,9,9","+0276,1","+0238,1","10069,1","99,9999,9,9","0,1,99,9","0,1,99,9",,,,,"00,99,1,99,9,99,9,99999,9,99,9,99,9","120,M,+0326,1","120,N,+0246,1","9,9,999,9,+003,1","10,1","SYN004BUFR",
"42262099999","2022-10-01T12:00:00","4","27.8833333","78.0666666","187.0","ALIGARH, IN","FM-12","99999","V020","320,1,N,0010,1","22000,1,9,9","002000,1,9,9","+0317,1","+0234,1","10023,1","99,9999,9,9","2,1,99,9","1,1,99,9","99,9,+08000,1,00,1",,,"9,AGL   ,+99999,+99999","04,99,1,99,9,99,9,08000,1,99,9,99,9",,,"9,9,999,9,-015,1","05,1","SYN004BUFR",
"42262099999","2022-10-02T03:00:00","4","27.8833333","78.0666666","187.0","ALIGARH, IN","FM-12","99999","V020","320,1,N,0010,1","22000,1,9,9","002000,1,9,9","+0267,1","+0242,1","10061,1","99,9999,9,9","0,1,99,9","0,1,99,9",,,,,"00,99,1,99,9,99,9,99999,9,99,9,99,9","120,M,+0330,1","120,N,+0248,1","9,9,999,9,-005,1","10,1","SYN004BUFR",
"42262099999","2022-10-02T12:00:00","4","27.8833333","78.0666666","187.0","ALIGARH, IN","FM-12","99999","V020","200,1,N,0108,1","22000,1,9,N","002000,1,9,9","+0316,1","+0232,1","10034,1",,"0,1,02,1","0,1,02,1",,,,"9,AGL   ,+99999,+99999","03,99,1,99,9,99,9,99999,9,99,9,99,9","240,M,+0332,1",,"9,9,999,9,+010,1","05,1","SYN05842262 31995 32021 10316 20232 40034 70500 333 10332 58010=",
"42262099999","2022-10-03T03:00:00","4","27.8833333","78.0666666","187.0","ALIGARH, IN","FM-12","99999","V020","320,1,N,0026,1","22000,1,9,9","002000,1,9,9","+0266,1","+0215,1","10067,1","99,9999,9,9","0,1,99,9","0,1,99,9",,,,,"00,99,1,99,9,99,9,99999,9,99,9,99,9","120,M,+0332,1","120,N,+0240,1","9,9,999,9,+006,1","05,1","SYN004BUFR",
"42262099999","2022-10-03T12:00:00","4","27.8833333","78.0666666","187.0","ALIGARH, IN","FM-12","99999","V020","320,1,N,0031,1","99999,9,9,N","002000,1,9,9","+0324,1","+0201,1","10040,1",,"0,1,02,1","0,1,02,1",,,,,,"240,M,+0344,1",,"9,9,999,9,+006,1","05,1","SYN05842262 31995 03206 10324 20201 40040 70500 333 10344 58006=",
"42262099999","2022-10-04T03:00:00","4","27.8833333","78.0666666","187.0","ALIGARH, IN","FM-12","99999","V020","320,1,N,0010,1","22000,1,9,9","002000,1,9,9","+0275,1","+0233,1","10085,1","99,9999,9,9","2,1,99,9","1,1,99,9","01,1,+01750,1,03,1","99,9,+99999,9,00,1",,"9,AGL   ,+99999,+99999","03,99,1,01,1,99,9,01750,1,99,9,99,9","120,M,+0344,1","120,N,+0250,1","9,9,999,9,+019,1","10,1","SYN004BUFR",
"42262099999","2022-10-04T12:00:00","4","27.8833333","78.0666666","187.0","ALIGARH, IN","FM-12","99999","V020","050,1,N,0010,1","22000,1,9,9","002000,1,9,9","+0322,1","+0248,1","10049,1","99,9999,9,9","2,1,99,9","1,1,99,9","99,9,+08000,1,00,1",,,"9,AGL   ,+99999,+99999","04,99,1,99,9,99,9,08000,1,99,9,99,9",,,"9,9,999,9,+009,1","05,1","SYN004BUFR",
"42262099999","2022-10-05T12:00:00","4","27.8833333","78.0666666","187.0","ALIGARH, IN","FM-12","99999","V020","050,1,N,0046,1","99999,9,9,9","002000,1,9,9","+0315,1","+0252,1","10064,1","99,9999,9,9","2,1,99,9","2,1,99,9","02,1,+01750,1,05,1","99,9,+99999,9,00,1",,"9,AGL   ,+99999,+99999","06,99,1,02,1,99,9,01750,1,99,9,99,9",,,"9,9,999,9,+015,1","05,1","SYN004BUFR",
"42262099999","2022-10-06T03:00:00","4","27.8833333","78.0666666","187.0","ALIGARH, IN","FM-12","99999","V020","090,1,N,0031,1","99999,9,9,N","002000,1,9,9","+0244,1","+0217,1","10090,1","24,0000,2,1","2,1,02,1","2,1,02,1","02,1,+01250,1,07,1","99,9,+99999,9,05,1","99,9,+99999,9,00,1","9,AGL   ,+99999,+99999","05,99,1,02,1,99,9,01250,1,99,9,99,9","240,M,+0332,1","240,N,+0234,1","9,9,999,9,+020,1","50,1","SYN09242262 21695 50906 10244 20217 40090 75022 82622 333 10332 20234 58020 6990/ 555 00000 10000=",
"42262099999","2022-10-06T12:00:00","4","27.8833333","78.0666666","187.0","ALIGARH, IN","FM-12","99999","V020","050,1,N,0046,1","99999,9,9,N","002000,1,9,9","+0252,1","+0222,1","10069,1",,"2,1,02,1","2,1,02,1","02,1,+00800,1,06,1","99,9,+99999,9,05,1",,"9,AGL   ,+99999,+99999","07,99,1,02,1,99,9,00800,1,99,9,99,9",,,"9,9,999,9,+000,1","10,1","SYN06442262 31595 70509 10252 20222 40069 71022 82520 333 10270 58000=",
"42262099999","2022-10-07T12:00:00","4","27.8833333","78.0666666","187.0","ALIGARH, IN","FM-12","99999","V020","050,1,N,0036,1","99999,9,9,N","002000,1,9,9","+0236,1","+0209,1","10082,1","09,0004,3,1","5,1,02,1","2,1,02,1","02,1,+00800,1,06,1","99,9,+99999,9,05,1","99,9,+99999,9,00,1","9,AGL   ,+99999,+99999","07,99,1,02,1,99,9,00800,1,99,9,99,9",,,"9,9,999,9,+012,1","10,1","SYN07042262 21595 70507 10236 20209 40082 71052 82522 333 10262 58012 6994/=",
"42262099999","2022-10-08T03:00:00","4","27.8833333","78.0666666","187.0","ALIGARH, IN","FM-12","99999","V020","050,1,N,0021,1","99999,9,9,N","001000,1,9,9","+0214,1","+0211,1","10116,1","24,0070,3,1","6,1,02,1","1,1,02,1","03,1,+00800,1,06,1","99,9,+99999,9,05,1",,"9,AGL   ,+99999,+99999","07,99,1,03,1,99,9,00800,1,99,9,99,9","240,M,+0262,1","240,N,+0210,1","9,9,999,9,+018,1","62,1","SYN09242262 21594 70504 10214 20211 40116 76261 83520 333 10262 20210 58018 6007/ 555 00066 10007=",
"42262099999","2022-10-08T12:00:00","4","27.8833333","78.0666666","187.0","ALIGARH, IN","FM-12","99999","V020","050,1,N,0036,1","99999,9,9,N","001000,1,9,9","+0224,1","+0221,1","10081,1","09,0240,3,1","6,1,02,1","2,1,02,1","02,1,+00800,1,06,1","99,9,+99999,9,05,1",,"9,AGL   ,+99999,+99999","07,99,1,02,1,99,9,00800,1,99,9,99,9",,,"9,9,999,9,-002,1","52,1","SYN07042262 21594 70507 10224 20221 40081 75262 82520 333 10226 59002 6024/=",
"42262099999","2022-10-10T03:00:00","4","27.8833333","78.0666666","187.0","ALIGARH, IN","FM-12","99999","V020","050,1,N,0010,1","99999,9,9,N","001000,1,9,9","+0220,1","+0217,1","10115,1","24,0600,3,1","6,1,02,1","2,1,02,1","02,1,+00800,1,06,1","99,9,+99999,9,05,1",,"9,AGL   ,+99999,+99999","07,99,1,02,1,99,9,00800,1,99,9,99,9","240,M,+0226,1","240,N,+0210,1","9,9,999,9,+017,1","51,1","SYN09242262 21594 70502 10220 20217 40115 75162 82520 333 10226 20210 58017 6060/ 555 00596 10239=",
"42262099999","2022-10-10T12:00:00","4","27.8833333","78.0666666","187.0","ALIGARH, IN","FM-12","99999","V020","050,1,N,0021,1","99999,9,9,N","002000,1,9,9","+0234,1","+0228,1","10095,1","09,0000,2,1","2,1,02,1","1,1,02,1","01,1,+00800,1,06,1","99,9,+99999,9,05,1","99,9,+99999,9,00,1","9,AGL   ,+99999,+99999","06,99,1,01,1,99,9,00800,1,99,9,99,9","240,M,+0238,1",,"9,9,999,9,+018,1","10,1","SYN07042262 21595 60504 10234 20228 40095 71021 81522 333 10238 58018 6990/=",
"42262099999","2022-10-11T12:00:00","4","27.8833333","78.0666666","187.0","ALIGARH, IN","FM-12","99999","V020","050,1,N,0010,1","22000,1,9,N","002000,1,9,9","+0264,1","+0241,1","10071,1",,"2,1,02,1","1,1,02,1","99,9,+99999,9,00,1",,,"9,AGL   ,+99999,+99999","04,99,1,00,1,99,9,99999,9,99,9,99,9",,,"9,9,999,9,-021,1","10,1","SYN06442262 31995 40502 10264 20241 40071 71021 80001 333 10272 59021=","Q01    003SCCGA1"
"42262099999","2022-10-12T03:00:00","4","27.8833333","78.0666666","187.0","ALIGARH, IN","FM-12","99999","V020","999,9,C,0000,1","99999,9,9,N","000500,1,9,9","+0246,1","+0243,1","10116,1",,"4,1,02,1","4,1,02,1",,,,,,"240,M,+0272,1","240,N,+0236,1","9,9,999,9,+011,1","42,1","SYN07442262 31993 00000 10246 20243 40116 74244 333 10272 20236 58011 555 10239=",
"42262099999","2022-10-12T12:00:00","4","27.8833333","78.0666666","187.0","ALIGARH, IN","FM-12","99999","V020","320,1,N,0015,1","22000,1,9,N","002000,1,9,9","+0278,1","+0234,1","10088,1",,"0,1,02,1","0,1,02,1","99,9,+99999,9,00,1",,,"9,AGL   ,+99999,+99999","02,99,1,00,1,99,9,99999,9,99,9,99,9",,,"9,9,999,9,+017,1","05,1","SYN06442262 31995 23203 10278 20234 40088 70500 80001 333 10292 58017=","Q01    003SCCGA1"
"42262099999","2022-10-13T03:00:00","4","27.8833333","78.0666666","187.0","ALIGARH, IN","FM-12","99999","V020","999,9,C,0000,1","99999,9,9,N","001000,1,9,9","+0236,1","+0215,1","10129,1",,"4,1,02,1","0,1,02,1",,,,,,"240,M,+0292,1","240,N,+0212,1","9,9,999,9,+012,1","10,1","SYN07442262 31994 00000 10236 20215 40129 71040 333 10292 20212 58012 555 10239=",
"42262099999","2022-10-14T03:00:00","4","27.8833333","78.0666666","187.0","ALIGARH, IN","FM-12","99999","V020","320,1,N,0026,1","99999,9,9,N","002000,1,9,9","+0232,1","+0204,1","10128,1",,"0,1,02,1","0,1,02,1",,,,,,"240,M,+0304,1","240,N,+0204,1","9,9,999,9,-001,1","10,1","SYN07442262 31995 03205 10232 20204 40128 71000 333 10304 20204 59001 555 10239=",
"42262099999","2022-10-14T12:00:00","4","27.8833333","78.0666666","187.0","ALIGARH, IN","FM-12","99999","V020","320,1,N,0015,1","99999,9,9,N","002000,1,9,9","+0280,1","+0190,1","10098,1",,"0,1,02,1","0,1,02,1",,,,,,,,"9,9,999,9,-002,1","05,1","SYN05842262 31995 03203 10280 20190 40098 70500 333 10302 59002=",
"42262099999","2022-10-15T03:00:00","4","27.8833333","78.0666666","187.0","ALIGARH, IN","FM-12","99999","V020","999,9,C,0000,1","99999,9,9,N","002000,1,9,9","+0232,1","+0204,1","10115,1",,"0,1,02,1","0,1,02,1",,,,,,"240,M,+0302,1","240,N,+0208,1","9,9,999,9,-013,1","05,1","SYN07442262 31995 00000 10232 20204 40115 70500 333 10302 20208 59013 555 10239=",
"42262099999","2022-10-15T12:00:00","4","27.8833333","78.0666666","187.0","ALIGARH, IN","FM-12","99999","V020","320,1,N,0010,1","99999,9,9,N","002000,1,9,9","+0284,1","+0205,1","10091,1",,"0,1,02,1","0,1,02,1",,,,,,"240,M,+0314,1",,"9,9,999,9,-007,1","05,1","SYN05842262 31995 03202 10284 20205 40091 70500 333 10314 59007=",
"42262099999","2022-10-17T03:00:00","4","27.8833333","78.0666666","187.0","ALIGARH, IN","FM-12","99999","V020","230,1,N,0010,1","99999,9,9,N","002000,1,9,9","+0234,1","+0200,1","10153,1",,"0,1,02,1","0,1,02,1",,,,,,"240,M,+0322,1","240,N,+0204,1","9,9,999,9,+015,1","05,1","SYN07442262 31995 02302 10234 20200 40153 70500 333 10322 20204 58015 555 10239=",
"42262099999","2022-10-17T12:00:00","4","27.8833333","78.0666666","187.0","ALIGARH, IN","FM-12","99999","V020","320,1,N,0010,1","99999,9,9,N","002000,1,9,9","+0294,1","+0178,1","10104,1",,"0,1,02,1","0,1,02,1",,,,,,,,"9,9,999,9,-012,1","05,1","SYN05842262 31995 03202 10294 20178 40104 70500 333 10322 59012=",
"42262099999","2022-10-18T03:00:00","4","27.8833333","78.0666666","187.0","ALIGARH, IN","FM-12","99999","V020","999,9,C,0000,1","99999,9,9,N","002000,1,9,9","+0232,1","+0198,1","10134,1",,"0,1,02,1","0,1,02,1",,,,,,"240,M,+0322,1","240,N,+0200,1","9,9,999,9,-019,1","10,1","SYN07442262 31995 00000 10232 20198 40134 71000 333 10322 20200 59019 555 10239=",
"42262099999","2022-10-18T12:00:00","4","27.8833333","78.0666666","187.0","ALIGARH, IN","FM-12","99999","V020","320,1,N,0010,1","99999,9,9,N","002000,1,9,9","+0298,1","+0190,1","10097,1",,"0,1,02,1","0,1,02,1",,,,,,"240,M,+0320,1",,"9,9,999,9,-007,1","05,1","SYN05842262 31995 03202 10298 20190 40097 70500 333 10320 59007=",
"42262099999","2022-10-19T03:00:00","4","27.8833333","78.0666666","187.0","ALIGARH, IN","FM-12","99999","V020","999,9,C,0000,1","99999,9,9,N","002000,1,9,9","+0224,1","+0193,1","10134,1",,"0,1,02,1","0,1,02,1",,,,,,"240,M,+0320,1","240,N,+0194,1","9,9,999,9,-001,1","10,1","SYN07442262 31995 00000 10224 20193 40134 71000 333 10320 20194 59001 555 10239=",
"42262099999","2022-10-19T12:00:00","4","27.8833333","78.0666666","187.0","ALIGARH, IN","FM-12","99999","V020","320,1,N,0010,1","99999,9,9,N","002000,1,9,9","+0300,1","+0166,1","10094,1",,"0,1,02,1","0,1,02,1",,,,,,"240,M,+0334,1",,"9,9,999,9,-002,1","05,1","SYN05842262 31995 03202 10300 20166 40094 70500 333 10334 59002=",
"42262099999","2022-10-20T03:00:00","4","27.8833333","78.0666666","187.0","ALIGARH, IN","FM-12","99999","V020","999,9,C,0000,1","99999,9,9,N","002000,1,9,9","+0242,1","+0178,1","10144,1",,"0,1,02,1","0,1,02,1",,,,,,"240,M,+0334,1","240,N,+0200,1","9,9,999,9,+020,1","05,1","SYN07442262 31995 00000 10242 20178 40144 70500 333 10334 20200 58020 555 10239=",
"42262099999","2022-10-20T12:00:00","4","27.8833333","78.0666666","187.0","ALIGARH, IN","FM-12","99999","V020","999,9,C,0000,1","99999,9,9,N","002000,1,9,9","+0302,1","+0169,1","10116,1",,"0,1,02,1","0,1,02,1",,,,,,"240,M,+0334,1",,"9,9,999,9,+022,1","05,1","SYN05842262 31995 00000 10302 20169 40116 70500 333 10334 58022=",
"42262099999","2022-10-21T03:00:00","4","27.8833333","78.0666666","187.0","ALIGARH, IN","FM-12","99999","V020","230,1,N,0010,1","99999,9,9,N","002000,1,9,9","+0228,1","+0194,1","10165,1",,"0,1,02,1","0,1,02,1",,,,,,"240,M,+0334,1","240,N,+0202,1","9,9,999,9,+029,1","10,1","SYN07442262 31995 02302 10228 20194 40165 71000 333 10334 20202 58029 555 10239=",
"42262099999","2022-10-21T12:00:00","4","27.8833333","78.0666666","187.0","ALIGARH, IN","FM-12","99999","V020","320,1,N,0010,1","99999,9,9,N","002000,1,9,9","+0298,1","+0156,1","10131,1",,"0,1,02,1","0,1,02,1",,,,,,,,"9,9,999,9,+014,1","05,1","SYN05842262 31995 03202 10298 20156 40131 70500 333 10334 58014=",
"42262099999","2022-10-22T03:00:00","4","27.8833333","78.0666666","187.0","ALIGARH, IN","FM-12","99999","V020","320,1,N,0010,1","99999,9,9,N","000200,1,9,9","+0220,1","+0182,1","10176,1",,"0,1,02,1","0,1,02,1",,,,,,"240,M,+0334,1","240,N,+0194,1","9,9,999,9,+011,1","10,1","SYN07442262 31992 03202 10220 20182 40176 71000 333 10334 20194 58011 555 10239=",
"42262099999","2022-10-22T12:00:00","4","27.8833333","78.0666666","187.0","ALIGARH, IN","FM-12","99999","V020","320,1,N,0021,1","99999,9,9,N","002000,1,9,9","+0290,1","+0141,1","10135,1",,"0,1,02,1","0,1,02,1",,,,,,,,"9,9,999,9,+004,1","05,1","SYN05842262 31995 03204 10290 20141 40135 70500 333 10322 58004=",
"42262099999","2022-10-23T03:00:00","4","27.8833333","78.0666666","187.0","ALIGARH, IN","FM-12","99999","V020","999,9,C,0000,1","99999,9,9,N","001000,1,9,9","+0204,1","+0154,1","10170,1",,"0,1,02,1","0,1,02,1",,,,,,"240,M,+0322,1","240,N,+0182,1","9,9,999,9,-007,1","05,1","SYN07442262 31994 00000 10204 20154 40170 70500 333 10322 20182 59007 555 10239=",
"42262099999","2022-10-23T12:00:00","4","27.8833333","78.0666666","187.0","ALIGARH, IN","FM-12","99999","V020","999,9,C,0000,1","99999,9,9,N","002000,1,9,9","+0276,1","+0121,1","10133,1",,"0,1,02,1","0,1,02,1",,,,,,,,"9,9,999,9,-003,1","05,1","SYN05842262 31995 00000 10276 20121 40133 70500 333 10304 59003=",
"42262099999","2022-10-24T03:00:00","4","27.8833333","78.0666666","187.0","ALIGARH, IN","FM-12","99999","V020","999,9,C,0000,1","99999,9,9,N","001000,1,9,9","+0210,1","+0157,1","10134,1",,"0,1,02,1","0,1,02,1",,,,,,"240,M,+0304,1","240,N,+0186,1","9,9,999,9,-035,1","05,1","SYN07442262 31994 00000 10210 20157 40134 70500 333 10304 20186 59035 555 10239=",
"42262099999","2022-10-24T12:00:00","4","27.8833333","78.0666666","187.0","ALIGARH, IN","FM-12","99999","V020","320,1,N,0010,1","99999,9,9,N","002000,1,9,9","+0282,1","+0106,1","10095,1",,"0,1,02,1","0,1,02,1",,,,,,,,"9,9,999,9,-038,1","05,1","SYN05842262 31995 03202 10282 20106 40095 70500 333 10308 59038=",
"42262099999","2022-10-25T03:00:00","4","27.8833333","78.0666666","187.0","ALIGARH, IN","FM-12","99999","V020","270,1,N,0021,1","99999,9,9,N","001000,1,9,9","+0208,1","+0151,1","10106,1",,"0,1,02,1","0,1,02,1",,,,,,"240,M,+0308,1","240,N,+0178,1","9,9,999,9,-028,1","05,1","SYN07442262 31994 02704 10208 20151 40106 70500 333 10308 20178 59028 555 10239=",
"42262099999","2022-10-25T12:00:00","4","27.8833333","78.0666666","187.0","ALIGARH, IN","FM-12","99999","V020","320,1,N,0021,1","99999,9,9,N","002000,1,9,9","+0280,1","+0098,1","10090,1",,"0,1,02,1","0,1,02,1",,,,,,,,"9,9,999,9,-005,1","05,1","SYN05842262 31995 03204 10280 20098 40090 70500 333 10306 59005=",
"42262099999","2022-10-26T03:00:00","4","27.8833333","78.0666666","187.0","ALIGARH, IN","FM-12","99999","V020","999,9,C,0000,1","99999,9,9,N","001000,1,9,9","+0202,1","+0174,1","10141,1",,"0,1,02,1","0,1,02,1",,,,,,"240,M,+0306,1","240,N,+0174,1","9,9,999,9,+035,1","10,1","SYN07442262 31994 00000 10202 20174 40141 71000 333 10306 20174 58035 555 10239=",
"42262099999","2022-10-26T12:00:00","4","27.8833333","78.0666666","187.0","ALIGARH, IN","FM-12","99999","V020","999,9,C,0000,1","99999,9,9,N","002000,1,9,9","+0290,1","+0165,1","10113,1",,"0,1,02,1","0,1,02,1",,,,,,"240,M,+0324,1",,"9,9,999,9,+024,1","05,1","SYN05842262 31995 00000 10290 20165 40113 70500 333 10324 58024=",
"42262099999","2022-10-27T12:00:00","4","27.8833333","78.0666666","187.0","ALIGARH, IN","FM-12","99999","V020","320,1,N,0010,1","99999,9,9,N","001000,1,9,9","+0284,1","+0158,1","10115,1",,"0,1,02,1","0,1,02,1",,,,,,"240,M,+0320,1",,"9,9,999,9,+002,1","05,1","SYN05842262 31994 03202 10284 20158 40115 70500 333 10320 58002=",
"42262099999","2022-10-28T03:00:00","4","27.8833333","78.0666666","187.0","ALIGARH, IN","FM-12","99999","V020","999,9,C,0000,1","99999,9,9,N","001000,1,9,9","+0212,1","+0177,1","10144,1",,"0,1,02,1","0,1,02,1",,,,,,"240,M,+0320,1","240,N,+0182,1","9,9,999,9,+000,1","10,1","SYN07442262 31994 00000 10212 20177 40144 71000 333 10320 20182 58000 555 10239=",
"42262099999","2022-10-28T12:00:00","4","27.8833333","78.0666666","187.0","ALIGARH, IN","FM-12","99999","V020","360,1,N,0010,1","99999,9,9,N","001000,1,9,9","+0288,1","+0134,1","10119,1",,"0,1,02,1","0,1,02,1",,,,,,"240,M,+0318,1",,"9,9,999,9,+004,1","05,1","SYN05842262 31994 03602 10288 20134 40119 70500 333 10318 58004=",
"42262099999","2022-10-29T03:00:00","4","27.8833333","78.0666666","187.0","ALIGARH, IN","FM-12","99999","V020","999,9,C,0000,1","99999,9,9,N","000500,1,9,9","+0204,1","+0182,1","10150,1",,"4,1,02,1","0,1,02,1",,,,,,"240,M,+0318,1","240,N,+0184,1","9,9,999,9,+006,1","42,1","SYN07442262 31993 00000 10204 20182 40150 74240 333 10318 20184 58006 555 10239=",
"42262099999","2022-10-29T12:00:00","4","27.8833333","78.0666666","187.0","ALIGARH, IN","FM-12","99999","V020","999,9,C,0000,1","99999,9,9,N","001000,1,9,9","+0264,1","+0186,1","10121,1",,"0,1,02,1","0,1,02,1",,,,,,,,"9,9,999,9,+000,1","05,1","SYN05842262 31994 00000 10264 20186 40121 70500 333 10302 58000=",
"42262099999","2022-10-30T03:00:00","4","27.8833333","78.0666666","187.0","ALIGARH, IN","FM-12","99999","V020","320,1,N,0010,1","99999,9,9,N","001000,1,9,9","+0200,1","+0167,1","10157,1",,"0,1,02,1","0,1,02,1",,,,,,"240,M,+0302,1","240,N,+0178,1","9,9,999,9,+007,1","10,1","SYN07442262 31994 03202 10200 20167 40157 71000 333 10302 20178 58007 555 10239=",
"42262099999","2022-10-30T12:00:00","4","27.8833333","78.0666666","187.0","ALIGARH, IN","FM-12","99999","V020","320,1,N,0010,1","99999,9,9,N","001000,1,9,9","+0268,1","+0165,1","10133,1",,"0,1,02,1","0,1,02,1",,,,,,,,"9,9,999,9,+012,1","05,1","SYN05842262 31994 03202 10268 20165 40133 70500 333 10300 58012=",
"42262099999","2022-10-31T03:00:00","4","27.8833333","78.0666666","187.0","ALIGARH, IN","FM-12","99999","V020","320,1,N,0010,1","99999,9,9,N","001000,1,9,9","+0200,1","+0171,1","10156,1",,"0,1,02,1","0,1,02,1",,,,,,"240,M,+0300,1","240,N,+0184,1","9,9,999,9,-001,1","10,1","SYN07442262 31994 03202 10200 20171 40156 71000 333 10300 20184 59001 555 10239=",
"42262099999","2022-10-31T12:00:00","4","27.8833333","78.0666666","187.0","ALIGARH, IN","FM-12","99999","V020","999,9,C,0000,1","99999,9,9,N","001000,1,9,9","+0272,1","+0209,1","10119,1",,"0,1,02,1","0,1,02,1",,,,,,,,"9,9,999,9,-014,1","05,1","SYN05842262 31994 00000 10272 20209 40119 70500 333 10310 59014=",
"42262099999","2022-11-01T03:00:00","4","27.8833333","78.0666666","187.0","ALIGARH, IN","FM-12","99999","V020","050,1,N,0010,1","99999,9,9,N","000500,1,9,9","+0208,1","+0186,1","10158,1",,"4,1,02,1","0,1,02,1",,,,,,"240,M,+0310,1","240,N,+0186,1","9,9,999,9,+002,1","42,1","SYN07442262 31993 00502 10208 20186 40158 74240 333 10310 20186 58002 555 10239=",
"42262099999","2022-11-01T12:00:00","4","27.8833333","78.0666666","187.0","ALIGARH, IN","FM-12","99999","V020","999,9,C,0000,1","99999,9,9,N","001000,1,9,9","+0284,1","+0209,1","10121,1",,"0,1,02,1","0,1,02,1",,,,,,,,"9,9,999,9,+003,1","05,1","SYN05842262 31994 00000 10284 20209 40121 70500 333 10306 58003=",
"42262099999","2022-11-02T03:00:00","4","27.8833333","78.0666666","187.0","ALIGARH, IN","FM-12","99999","V020","320,1,N,0010,1","99999,9,9,N","001000,1,9,9","+0210,1","+0178,1","10139,1",,"0,1,02,1","0,1,02,1",,,,,,"240,M,+0306,1","240,N,+0186,1","9,9,999,9,-018,1","10,1","SYN07442262 31994 03202 10210 20178 40139 71000 333 10306 20186 59018 555 10239=",
"42262099999","2022-11-02T12:00:00","4","27.8833333","78.0666666","187.0","ALIGARH, IN","FM-12","99999","V020","320,1,N,0010,1","99999,9,9,N","001000,1,9,9","+0288,1","+0151,1","10092,1",,"0,1,02,1","0,1,02,1",,,,,,,,"9,9,999,9,-029,1","05,1","SYN05842262 31994 03202 10288 20151 40092 70500 333 10324 59029=",
"42262099999","2022-11-03T03:00:00","4","27.8833333","78.0666666","187.0","ALIGARH, IN","FM-12","99999","V020","230,1,N,0021,1","99999,9,9,N","000200,1,9,9","+0208,1","+0176,1","10131,1",,"4,1,02,1","0,1,02,1",,,,,,"240,M,+0324,1","240,N,+0190,1","9,9,999,9,-008,1","42,1","SYN06442262 31992 02304 10208 20176 40131 74240 333 10324 20190 59008=",
"42262099999","2022-11-03T12:00:00","4","27.8833333","78.0666666","187.0","ALIGARH, IN","FM-12","99999","V020","270,1,N,0010,1","99999,9,9,N","000500,1,9,9","+0282,1","+0171,1","10095,1",,"0,1,02,1","0,1,02,1",,,,,,"240,M,+0306,1",,"9,9,999,9,+003,1","05,1","SYN05842262 31993 02702 10282 20171 40095 70500 333 10306 58003=",
"42262099999","2022-11-04T03:00:00","4","27.8833333","78.0666666","187.0","ALIGARH, IN","FM-12","99999","V020","999,9,C,0000,1","99999,9,9,N","000500,1,9,9","+0214,1","+0182,1","10101,1",,"4,1,02,1","0,1,02,1",,,,,,"240,M,+0306,1","240,N,+0194,1","9,9,999,9,-030,1","42,1","SYN07442262 31993 00000 10214 20182 40101 74240 333 10306 20194 59030 555 10239=",
"42262099999","2022-11-04T12:00:00","4","27.8833333","78.0666666","187.0","ALIGARH, IN","FM-12","99999","V020","320,1,N,0010,1","99999,9,9,N","001000,1,9,9","+0284,1","+0173,1","10110,1",,"0,1,02,1","0,1,02,1",,,,,,,,"9,9,999,9,-006,1","05,1","SYN05842262 31994 03202 10284 20173 40110 70500 333 10306 59006=",
"42262099999","2022-11-05T03:00:00","4","27.8833333","78.0666666","187.0","ALIGARH, IN","FM-12","99999","V020","140,1,N,0021,1","99999,9,9,N","001000,1,9,9","+0218,1","+0193,1","10166,1",,"0,1,02,1","0,1,02,1",,,,,,"240,M,+0306,1","240,N,+0204,1","9,9,999,9,+064,1","10,1","SYN07442262 31994 01404 10218 20193 40166 71000 333 10306 20204 58064 555 10239=",
"42262099999","2022-11-05T12:00:00","4","27.8833333","78.0666666","187.0","ALIGARH, IN","FM-12","99999","V020","050,1,N,0021,1","99999,9,9,N","001000,1,9,9","+0282,1","+0207,1","10136,1",,"0,1,02,1","0,1,02,1",,,,,,,,"9,9,999,9,+026,1","05,1","SYN05842262 31994 00504 10282 20207 40136 70500 333 10292 58026=",
"42262099999","2022-11-06T03:00:00","4","27.8833333","78.0666666","187.0","ALIGARH, IN","FM-12","99999","V020","140,1,N,0021,1","99999,9,9,N","001000,1,9,9","+0228,1","+0194,1","10174,1",,"0,1,02,1","0,1,02,1",,,,,,"240,M,+0292,1","240,N,+0198,1","9,9,999,9,+009,1","10,1","SYN07442262 31994 01404 10228 20194 40174 71000 333 10292 20198 58009 555 10239=",
"42262099999","2022-11-06T12:00:00","4","27.8833333","78.0666666","187.0","ALIGARH, IN","FM-12","99999","V020","140,1,N,0010,1","22000,1,9,N","001000,1,9,9","+0284,1","+0209,1","10136,1",,"0,1,02,1","0,1,02,1","99,9,+99999,9,00,1",,,"9,AGL   ,+99999,+99999","03,99,1,00,1,99,9,99999,9,99,9,99,9","240,M,+0294,1",,"9,9,999,9,+044,1","05,1","SYN06442262 31994 31402 10284 20209 40136 70500 80002 333 10294 58044=","Q01    003SCCGA1"
"42262099999","2022-11-07T03:00:00","4","27.8833333","78.0666666","187.0","ALIGARH, IN","FM-12","99999","V020","140,1,N,0010,1","99999,9,9,N","001000,1,9,9","+0222,1","+0187,1","10158,1",,"0,1,02,1","0,1,02,1","99,9,+99999,9,00,1",,,"9,AGL   ,+99999,+99999","05,99,1,00,1,99,9,99999,9,99,9,99,9","240,M,+0294,1","240,N,+0196,1","9,9,999,9,-016,1","10,1","SYN08042262 31994 51402 10222 20187 40158 71000 80002 333 10294 20196 59016 555 10239=","Q01    003SCCGA1"
"42262099999","2022-11-07T12:00:00","4","27.8833333","78.0666666","187.0","ALIGARH, IN","FM-12","99999","V020","050,1,N,0010,1","22000,1,9,N","001000,1,9,9","+0292,1","+0190,1","10119,1",,"2,1,02,1","1,1,02,1","99,9,+99999,9,00,1",,,"9,AGL   ,+99999,+99999","02,99,1,00,1,99,9,99999,9,99,9,99,9","240,M,+0326,1",,"9,9,999,9,-016,1","05,1","SYN06442262 31994 20502 10292 20190 40119 70521 80002 333 10326 59016=","Q01    003SCCGA1"
"42262099999","2022-11-08T12:00:00","4","27.8833333","78.0666666","187.0","ALIGARH, IN","FM-12","99999","V020","050,1,N,0021,1","22000,1,9,N","001000,1,9,9","+0284,1","+0188,1","10138,1",,"0,1,02,1","0,1,02,1","99,9,+99999,9,00,1",,,"9,AGL   ,+99999,+99999","03,99,1,00,1,99,9,99999,9,99,9,99,9",,,"9,9,999,9,+017,1","05,1","SYN06442262 31994 30504 10284 20188 40138 70500 80002 333 10302 58017=","Q01    003SCCGA1"
"42262099999","2022-11-09T03:00:00","4","27.8833333","78.0666666","187.0","ALIGARH, IN","FM-12","99999","V020","050,1,N,0010,1","99999,9,9,N","002000,1,9,9","+0214,1","+0161,1","10169,1",,"2,1,02,1","1,1,02,1","02,1,+99999,9,05,1","99,9,+99999,9,00,1",,"9,AGL   ,+99999,+99999","06,99,1,02,1,99,9,99999,9,99,9,99,9","240,M,+0302,1","240,N,+0196,1","9,9,999,9,+001,1","05,1","SYN08042262 31995 60502 10214 20161 40169 70521 82022 333 10302 20196 58001 555 10239=",
"42262099999","2022-11-09T12:00:00","4","27.8833333","78.0666666","187.0","ALIGARH, IN","FM-12","99999","V020","050,1,N,0010,1","22000,1,9,N","001000,1,9,9","+0266,1","+0185,1","10136,1",,"0,1,02,1","0,1,02,1","99,9,+99999,9,00,1",,,"9,AGL   ,+99999,+99999","04,99,1,00,1,99,9,99999,9,99,9,99,9",,,"9,9,999,9,-002,1","05,1","SYN06442262 31994 40502 10266 20185 40136 70500 80002 333 10276 59002=","Q01    003SCCGA1"
"42262099999","2022-11-10T12:00:00","4","27.8833333","78.0666666","187.0","ALIGARH, IN","FM-12","99999","V020","320,1,N,0010,1","99999,9,9,N","001000,1,9,9","+0278,1","+0188,1","10152,1",,"2,1,02,1","1,1,02,1","99,9,+99999,9,00,1",,,"9,AGL   ,+99999,+99999","06,99,1,00,1,99,9,99999,9,99,9,99,9","240,M,+0296,1",,"9,9,999,9,+016,1","05,1","SYN06442262 31994 63202 10278 20188 40152 70521 80002 333 10296 58016=","Q01    003SCCGA1"
"42262099999","2022-11-11T03:00:00","4","27.8833333","78.0666666","187.0","ALIGARH, IN","FM-12","99999","V020","270,1,N,0021,1","99999,9,9,N","001000,1,9,9","+0196,1","+0163,1","10175,1",,"0,1,02,1","0,1,02,1",,,,,,"240,M,+0296,1","240,N,+0172,1","9,9,999,9,-005,1","10,1","SYN07442262 31994 02704 10196 20163 40175 71000 333 10296 20172 59005 555 10239=",
"42262099999","2022-11-12T12:00:00","4","27.8833333","78.0666666","187.0","ALIGARH, IN","FM-12","99999","V020","320,1,N,0026,1","99999,9,9,N","002000,1,9,9","+0252,1","+0115,1","10144,1",,"0,1,02,1","0,1,02,1",,,,,,,,"9,9,999,9,-013,1","05,1","SYN05842262 31995 03205 10252 20115 40144 70500 333 10286 59013=",
"42262099999","2022-11-13T03:00:00","4","27.8833333","78.0666666","187.0","ALIGARH, IN","FM-12","99999","V020","230,1,N,0021,1","99999,9,9,N","002000,1,9,9","+0180,1","+0114,1","10163,1",,"0,1,02,1","0,1,02,1",,,,,,"240,M,+0286,1","240,N,+0154,1","9,9,999,9,-011,1","05,1","SYN06442262 31995 02304 10180 20114 40163 70500 333 10286 20154 59011=",
"42262099999","2022-11-14T03:00:00","4","27.8833333","78.0666666","187.0","ALIGARH, IN","FM-12","99999","V020","999,9,C,0000,1","22000,1,9,N","001000,1,9,9","+0180,1","+0142,1","10173,1",,"2,1,02,1","1,1,02,1","99,9,+99999,9,00,1",,,"9,AGL   ,+99999,+99999","03,99,1,00,1,99,9,99999,9,99,9,99,9","240,M,+0278,1","240,N,+0156,1","9,9,999,9,+010,1","10,1","SYN08042262 31994 30000 10180 20142 40173 71021 80001 333 10278 20156 58010 555 10239=","Q01    003SCCGA1"
"42262099999","2022-11-15T03:00:00","4","27.8833333","78.0666666","187.0","ALIGARH, IN","FM-12","99999","V020","320,1,N,0010,1","22000,1,9,N","001000,1,9,9","+0180,1","+0134,1","10169,1",,"2,1,02,1","1,1,02,1","99,9,+99999,9,00,1",,,"9,AGL   ,+99999,+99999","04,99,1,00,1,99,9,99999,9,99,9,99,9","240,M,+0294,1","240,N,+0156,1","9,9,999,9,-006,1","10,1","SYN07042262 31994 43202 10180 20134 40169 71021 80001 333 10294 20156 59006=","Q01    003SCCGA1"
"42262099999","2022-11-16T03:00:00","4","27.8833333","78.0666666","187.0","ALIGARH, IN","FM-12","99999","V020","320,1,N,0010,1","99999,9,9,N","001000,1,9,9","+0180,1","+0138,1","10157,1",,"2,1,02,1","2,1,02,1","02,1,+01750,1,03,1","99,9,+99999,9,00,1",,"9,AGL   ,+99999,+99999","05,99,1,02,1,99,9,01750,1,99,9,99,9","240,M,+0296,1","240,N,+0158,1","9,9,999,9,-012,1","10,1","SYN08042262 31794 53202 10180 20138 40157 71022 82031 333 10296 20158 59012 555 10239=",
"42262099999","2022-11-16T12:00:00","4","27.8833333","78.0666666","187.0","ALIGARH, IN","FM-12","99999","V020","320,1,N,0010,1","99999,9,9,N","001000,1,9,9","+0232,1","+0115,1","10128,1",,"0,1,02,1","0,1,02,1",,,,,,,,"9,9,999,9,-005,1","05,1","SYN05842262 31994 03202 10232 20115 40128 70500 333 10274 59005=",
"42262099999","2022-11-17T03:00:00","4","27.8833333","78.0666666","187.0","ALIGARH, IN","FM-12","99999","V020","270,1,N,0021,1","99999,9,9,N","002000,1,9,9","+0162,1","+0110,1","10157,1",,"0,1,02,1","0,1,02,1",,,,,,"240,M,+0274,1","240,N,+0140,1","9,9,999,9,+000,1","05,1","SYN07442262 31995 02704 10162 20110 40157 70500 333 10274 20140 58000 555 10239=",
"42262099999","2022-11-18T03:00:00","4","27.8833333","78.0666666","187.0","ALIGARH, IN","FM-12","99999","V020","230,1,N,0015,1","99999,9,9,N","002000,1,9,9","+0152,1","+0107,1","10174,1",,"0,1,02,1","0,1,02,1",,,,,,"240,M,+0260,1","240,N,+0130,1","9,9,999,9,+016,1","05,1","SYN07442262 31995 02303 10152 20107 40174 70500 333 10260 20130 58016 555 10239=",
"42262099999","2022-11-21T03:00:00","4","27.8833333","78.0666666","187.0","ALIGARH, IN","FM-12","99999","V020","320,1,N,0021,1","99999,9,9,N","002000,1,9,9","+0134,1","+0099,1","10154,1",,"0,1,02,1","0,1,02,1",,,,,,"240,M,+0260,1","240,N,+0120,1","9,9,999,9,-014,1","10,1","SYN07442262 31995 03204 10134 20099 40154 71000 333 10260 20120 59014 555 10239=",
"42262099999","2022-11-21T12:00:00","4","27.8833333","78.0666666","187.0","ALIGARH, IN","FM-12","99999","V020","320,1,N,0021,1","99999,9,9,N","002000,1,9,9","+0234,1","+0084,1","10125,1",,"0,1,02,1","0,1,02,1",,,,,,,,"9,9,999,9,-004,1","05,1","SYN05842262 31995 03204 10234 20084 40125 70500 333 10272 59004=",
"42262099999","2022-11-22T03:00:00","4","27.8833333","78.0666666","187.0","ALIGARH, IN","FM-12","99999","V020","320,1,N,0015,1","99999,9,9,N","002000,1,9,9","+0132,1","+0093,1","10152,1",,"0,1,02,1","0,1,02,1",,,,,,"240,M,+0272,1","240,N,+0122,1","9,9,999,9,-002,1","05,1","SYN07442262 31995 03203 10132 20093 40152 70500 333 10272 20122 59002 555 10239=",
"42262099999","2022-11-22T12:00:00","4","27.8833333","78.0666666","187.0","ALIGARH, IN","FM-12","99999","V020","320,1,N,0031,1","99999,9,9,N","002000,1,9,9","+0224,1","+0074,1","10128,1",,"0,1,02,1","0,1,02,1",,,,,,,,"9,9,999,9,+020,1","05,1","SYN05842262 31995 03206 10224 20074 40128 70500 333 10262 58020=",
"42262099999","2022-11-23T03:00:00","4","27.8833333","78.0666666","187.0","ALIGARH, IN","FM-12","99999","V020","230,1,N,0021,1","99999,9,9,N","002000,1,9,9","+0136,1","+0089,1","10157,1",,"0,1,02,1","0,1,02,1",,,,,,"240,M,+0262,1","240,N,+0120,1","9,9,999,9,+005,1","05,1","SYN07442262 31995 02304 10136 20089 40157 70500 333 10262 20120 58005 555 10239=",
"42262099999","2022-11-24T03:00:00","4","27.8833333","78.0666666","187.0","ALIGARH, IN","FM-12","99999","V020","320,1,N,0021,1","99999,9,9,N","002000,1,9,9","+0140,1","+0084,1","10146,1",,"0,1,02,1","0,1,02,1",,,,,,"240,M,+0260,1","240,N,+0114,1","9,9,999,9,-009,1","10,1","SYN07442262 31995 03204 10140 20084 40146 71000 333 10260 20114 59009 555 10239=",
"42262099999","2022-11-24T12:00:00","4","27.8833333","78.0666666","187.0","ALIGARH, IN","FM-12","99999","V020","320,1,N,0015,1","99999,9,9,N","002000,1,9,9","+0242,1","+0075,1","10130,1",,"0,1,02,1","0,1,02,1",,,,,,"240,M,+0266,1",,"9,9,999,9,+000,1","05,1","SYN05842262 31995 03203 10242 20075 40130 70500 333 10266 58000=",
"42262099999","2022-11-25T03:00:00","4","27.8833333","78.0666666","187.0","ALIGARH, IN","FM-12","99999","V020","050,1,N,0010,1","99999,9,9,N","001000,1,9,9","+0132,1","+0089,1","10182,1",,"0,1,02,1","0,1,02,1","99,9,+99999,1,00,1",,,"9,AGL   ,+99999,+99999","05,99,1,00,1,99,0,99999,9,99,1,99,1","240,M,+0266,1","240,N,+0112,1","9,0,999,0,+034,1","10,1","SYN08042262 31994 50502 10132 20089 40182 71000 80001 333 10266 20112 58034 555 10239=","Q01    003SCCGA1"
"42262099999","2022-11-25T12:00:00","4","27.8833333","78.0666666","187.0","ALIGARH, IN","FM-12","99999","V020","360,1,N,0010,1","99999,9,9,N","002000,1,9,9","+0222,1","+0043,1","10155,1",,"2,1,02,1","1,1,02,1","99,9,+99999,9,00,1",,,"9,AGL   ,+99999,+99999","06,99,1,00,1,99,9,99999,9,99,9,99,9","240,M,+0258,1",,"9,9,999,9,+022,1","05,1","SYN06442262 31995 63602 10222 20043 40155 70521 80002 333 10258 58022=","Q01    003SCCGA1"
"42262099999","2022-11-26T03:00:00","4","27.8833333","78.0666666","187.0","ALIGARH, IN","FM-12","99999","V020","320,1,N,0015,1","99999,9,9,N","002000,1,9,9","+0140,1","+0075,1","10153,1",,"0,1,02,1","0,1,02,1",,,,,,"240,M,+0258,1","240,N,+0110,1","9,9,999,9,-028,1","05,1","SYN07442262 31995 03203 10140 20075 40153 70500 333 10258 20110 59028 555 10239=",
"42262099999","2022-11-26T12:00:00","4","27.8833333","78.0666666","187.0","ALIGARH, IN","FM-12","99999","V020","320,1,N,0015,1","99999,9,9,N","002000,1,9,9","+0232,1","+0165,1","10118,1",,"0,1,02,1","0,1,02,1",,,,,,"240,M,+0264,1",,"9,9,999,9,-035,1","05,1","SYN05842262 31995 03203 10232 20165 40118 70500 333 10264 59035=",
"42262099999","2022-11-27T03:00:00","4","27.8833333","78.0666666","187.0","ALIGARH, IN","FM-12","99999","V020","320,1,N,0015,1","99999,9,9,N","001000,1,9,9","+0144,1","+0118,1","10131,1",,"0,1,02,1","0,1,02,1",,,,,,"240,M,+0264,1","240,N,+0114,1","9,9,999,9,-021,1","10,1","SYN07442262 31994 03203 10144 20118 40131 71000 333 10264 20114 59021 555 10239=",
"42262099999","2022-11-27T12:00:00","4","27.8833333","78.0666666","187.0","ALIGARH, IN","FM-12","99999","V020","320,1,N,0010,1","99999,9,9,N","002000,1,9,9","+0230,1","+0129,1","10094,1",,"0,1,02,1","0,1,02,1",,,,,,,,"9,9,999,9,-024,1","05,1","SYN05842262 31995 03202 10230 20129 40094 70500 333 10276 59024=",
"42262099999","2022-11-28T03:00:00","4","27.8833333","78.0666666","187.0","ALIGARH, IN","FM-12","99999","V020","999,9,C,0000,1","99999,9,9,N","001000,1,9,9","+0142,1","+0124,1","10135,1",,"0,1,02,1","0,1,02,1",,,,,,"240,M,+0276,1","240,N,+0112,1","9,9,999,9,+004,1","10,1","SYN07442262 31994 00000 10142 20124 40135 71000 333 10276 20112 58004 555 10239=",
"42262099999","2022-11-28T12:00:00","4","27.8833333","78.0666666","187.0","ALIGARH, IN","FM-12","99999","V020","320,1,N,0010,1","99999,9,9,N","002000,1,9,9","+0226,1","+0141,1","10128,1",,"0,1,02,1","0,1,02,1",,,,,,"240,M,+0268,1",,"9,9,999,9,+033,1","05,1","SYN05842262 31995 03202 10226 20141 40128 70500 333 10268 58033=",
"42262099999","2022-11-29T03:00:00","4","27.8833333","78.0666666","187.0","ALIGARH, IN","FM-12","99999","V020","999,9,C,0000,1","99999,9,9,N","000500,1,9,9","+0134,1","+0119,1","10167,1",,"0,1,02,1","0,1,02,1",,,,,,"240,M,+0268,1","240,N,+0104,1","9,9,999,9,+030,1","42,1","SYN07442262 31993 00000 10134 20119 40167 74200 333 10268 20104 58030 555 10239=",
"42262099999","2022-11-29T12:00:00","4","27.8833333","78.0666666","187.0","ALIGARH, IN","FM-12","99999","V020","320,1,N,0015,1","22000,1,9,N","002000,1,9,9","+0218,1","+0159,1","10144,1",,"0,1,02,1","0,1,02,1","99,9,+99999,9,00,1",,,"9,AGL   ,+99999,+99999","02,99,1,00,1,99,9,99999,9,99,9,99,9","240,M,+0254,1",,"9,9,999,9,+014,1","05,1","SYN06442262 31995 23203 10218 20159 40144 70500 80001 333 10254 58014=","Q01    003SCCGA1"
"42262099999","2022-11-30T03:00:00","4","27.8833333","78.0666666","187.0","ALIGARH, IN","FM-12","99999","V020","320,1,N,0010,1","99999,9,9,N","001000,1,9,9","+0140,1","+0110,1","10179,1",,"0,1,02,1","0,1,02,1",,,,,,"240,M,+0252,1","240,N,+0112,1","9,9,999,9,+013,1","10,1","SYN07442262 31994 03202 10140 20110 40179 71000 333 10252 20112 58013 555 10239=",
"42262099999","2022-12-01T03:00:00","4","27.8833333","78.0666666","187.0","ALIGARH, IN","FM-12","99999","V020","320,1,N,0010,1","99999,9,9,N","000500,1,9,9","+0134,1","+0107,1","10174,1",,"0,1,02,1","0,1,02,1",,,,,,"240,M,+0262,1","240,N,+0106,1","9,9,999,9,-006,1","42,1","SYN07442262 31993 03202 10134 20107 40174 74200 333 10262 20106 59006 555 10239=",
"42262099999","2022-12-01T12:00:00","4","27.8833333","78.0666666","187.0","ALIGARH, IN","FM-12","99999","V020","320,1,N,0010,1","99999,9,9,N","002000,1,9,9","+0224,1","+0158,1","10128,1",,"0,1,02,1","0,1,02,1",,,,,,,,"9,9,999,9,-021,1","05,1","SYN05842262 31995 03202 10224 20158 40128 70500 333 10266 59021=",
"42262099999","2022-12-02T03:00:00","4","27.8833333","78.0666666","187.0","ALIGARH, IN","FM-12","99999","V020","320,1,N,0010,1","99999,9,9,N","001000,1,9,9","+0148,1","+0119,1","10160,1",,"0,1,02,1","0,1,02,1",,,,,,"240,M,+0266,1","240,N,+0122,1","9,9,999,9,-013,1","10,1","SYN07442262 31994 03202 10148 20119 40160 71000 333 10266 20122 59013 555 10239=",
"42262099999","2022-12-02T12:00:00","4","27.8833333","78.0666666","187.0","ALIGARH, IN","FM-12","99999","V020","320,1,N,0010,1","99999,9,9,N","001000,1,9,9","+0222,1","+0155,1","10132,1",,"0,1,02,1","0,1,02,1",,,,,,"240,M,+0260,1",,"9,9,999,9,+004,1","05,1","SYN05842262 31994 03202 10222 20155 40132 70500 333 10260 58004=",
"42262099999","2022-12-03T03:00:00","4","27.8833333","78.0666666","187.0","ALIGARH, IN","FM-12","99999","V020","320,1,N,0015,1","99999,9,9,N","000500,1,9,9","+0146,1","+0128,1","10166,1",,"4,1,02,1","0,1,02,1",,,,,,"240,M,+0260,1","240,N,+0122,1","9,9,999,9,+004,1","42,1","SYN07442262 31993 03203 10146 20128 40166 74240 333 10260 20122 58004 555 10239=",
"42262099999","2022-12-03T12:00:00","4","27.8833333","78.0666666","187.0","ALIGARH, IN","FM-12","99999","V020","320,1,N,0010,1","99999,9,9,N","001000,1,9,9","+0216,1","+0141,1","10139,1",,"0,1,02,1","0,1,02,1",,,,,,,,"9,9,999,9,+006,1","05,1","SYN05842262 31994 03202 10216 20141 40139 70500 333 10248 58006=",
"42262099999","2022-12-04T12:00:00","4","27.8833333","78.0666666","187.0","ALIGARH, IN","FM-12","99999","V020","320,1,N,0010,1","99999,9,9,N","001000,1,9,9","+0212,1","+0159,1","10144,1",,"0,1,02,1","0,1,02,1",,,,,,"240,M,+0244,1",,"9,9,999,9,+004,1","05,1","SYN05842262 31994 03202 10212 20159 40144 70500 333 10244 58004=",
"42262099999","2022-12-05T03:00:00","4","27.8833333","78.0666666","187.0","ALIGARH, IN","FM-12","99999","V020","999,9,C,0000,1","99999,9,9,N","000500,1,9,9","+0134,1","+0123,1","10187,1",,"4,1,02,1","4,1,02,1",,,,,,"240,M,+0244,1","240,N,+0122,1","9,9,999,9,+013,1","42,1","SYN07442262 31993 00000 10134 20123 40187 74244 333 10244 20122 58013 555 10239=",
"42262099999","2022-12-05T12:00:00","4","27.8833333","78.0666666","187.0","ALIGARH, IN","FM-12","99999","V020","320,1,N,0010,1","99999,9,9,N","001000,1,9,9","+0214,1","+0134,1","10154,1",,"0,1,02,1","0,1,02,1",,,,,,,,"9,9,999,9,+010,1","05,1","SYN05842262 31994 03202 10214 20134 40154 70500 333 10244 58010=",
"42262099999","2022-12-06T03:00:00","4","27.8833333","78.0666666","187.0","ALIGARH, IN","FM-12","99999","V020","320,1,N,0010,1","99999,9,9,N","001000,1,9,9","+0132,1","+0109,1","10182,1",,"0,1,02,1","0,1,02,1",,,,,,"240,M,+0244,1","240,N,+0114,1","9,9,999,9,-007,1","10,1","SYN07442262 31994 03202 10132 20109 40182 71000 333 10244 20114 59007 555 10239=",
"42262099999","2022-12-06T12:00:00","4","27.8833333","78.0666666","187.0","ALIGARH, IN","FM-12","99999","V020","320,1,N,0010,1","99999,9,9,N","001000,1,9,9","+0206,1","+0141,1","10139,1",,"0,1,02,1","0,1,02,1",,,,,,,,"9,9,999,9,-014,1","05,1","SYN05842262 31994 03202 10206 20141 40139 70500 333 10240 59014=",
"42262099999","2022-12-07T03:00:00","4","27.8833333","78.0666666","187.0","ALIGARH, IN","FM-12","99999","V020","320,1,N,0026,1","99999,9,9,N","002000,1,9,9","+0136,1","+0105,1","10172,1",,"0,1,02,1","0,1,02,1",,,,,,"240,M,+0240,1","240,N,+0112,1","9,9,999,9,-008,1","10,1","SYN07442262 31995 03205 10136 20105 40172 71000 333 10240 20112 59008 555 10239=",
"42262099999","2022-12-07T12:00:00","4","27.8833333","78.0666666","187.0","ALIGARH, IN","FM-12","99999","V020","320,1,N,0026,1","99999,9,9,N","002000,1,9,9","+0208,1","+0127,1","10127,1",,"0,1,02,1","0,1,02,1",,,,,,,,"9,9,999,9,-012,1","05,1","SYN05842262 31995 03205 10208 20127 40127 70500 333 10242 59012=",
"42262099999","2022-12-08T03:00:00","4","27.8833333","78.0666666","187.0","ALIGARH, IN","FM-12","99999","V020","320,1,N,0021,1","99999,9,9,N","002000,1,9,9","+0140,1","+0106,1","10178,1",,"0,1,02,1","0,1,02,1",,,,,,"240,M,+0242,1","240,N,+0112,1","9,9,999,9,+007,1","10,1","SYN07442262 31995 03204 10140 20106 40178 71000 333 10242 20112 58007 555 10239=",
"42262099999","2022-12-08T12:00:00","4","27.8833333","78.0666666","187.0","ALIGARH, IN","FM-12","99999","V020","320,1,N,0021,1","99999,9,9,N","002000,1,9,9","+0220,1","+0125,1","10135,1",,"0,1,02,1","0,1,02,1",,,,,,"240,M,+0254,1",,"9,9,999,9,+009,1","05,1","SYN05842262 31995 03204 10220 20125 40135 70500 333 10254 58009=",
"42262099999","2022-12-09T03:00:00","4","27.8833333","78.0666666","187.0","ALIGARH, IN","FM-12","99999","V020","320,1,N,0021,1","99999,9,9,N","001000,1,9,9","+0134,1","+0103,1","10165,1",,"0,1,02,1","0,1,02,1",,,,,,"240,M,+0254,1","240,N,+0110,1","9,9,999,9,-014,1","10,1","SYN07442262 31994 03204 10134 20103 40165 71000 333 10254 20110 59014 555 10239=",
"42262099999","2022-12-09T12:00:00","4","27.8833333","78.0666666","187.0","ALIGARH, IN","FM-12","99999","V020","320,1,N,0015,1","99999,9,9,N","001000,1,9,9","+0218,1","+0127,1","10139,1",,"0,1,02,1","0,1,02,1",,,,,,,,"9,9,999,9,+003,1","05,1","SYN05842262 31994 03203 10218 20127 40139 70500 333 10256 58003=",
"42262099999","2022-12-10T12:00:00","4","27.8833333","78.0666666","187.0","ALIGARH, IN","FM-12","99999","V020","999,9,C,0000,1","99999,9,9,N","000500,1,9,9","+0226,1","+0164,1","10130,1",,"0,1,02,1","0,1,02,1",,,,,,,,"9,9,999,9,-008,1","05,1","SYN05842262 31993 00000 10226 20164 40130 70500 333 10262 59008=",
"42262099999","2022-12-11T03:00:00","4","27.8833333","78.0666666","187.0","ALIGARH, IN","FM-12","99999","V020","999,9,C,0000,1","99999,9,9,N","000500,1,9,9","+0128,1","+0109,1","10168,1",,"0,1,02,1","0,1,02,1",,,,,,"240,M,+0262,1","240,N,+0110,1","9,9,999,9,+002,1","42,1","SYN07442262 31993 00000 10128 20109 40168 74200 333 10262 20110 58002 555 10239=",
"42262099999","2022-12-11T12:00:00","4","27.8833333","78.0666666","187.0","ALIGARH, IN","FM-12","99999","V020","320,1,N,0015,1","99999,9,9,N","002000,1,9,9","+0224,1","+0158,1","10135,1",,"0,1,02,1","0,1,02,1",,,,,,,,"9,0,999,0,+005,1","05,1","SYN05842262 31995 03203 10224 20158 40135 70500 333 10260 58005=",
"42262099999","2022-12-12T03:00:00","4","27.8833333","78.0666666","187.0","ALIGARH, IN","FM-12","99999","V020","320,1,N,0021,1","99999,9,9,N","002000,1,9,9","+0142,1","+0116,1","10159,1",,"0,1,02,1","0,1,02,1",,,,,,"240,M,+0260,1","240,N,+0118,1","9,9,999,9,+007,1","10,1","SYN07442262 31995 03204 10142 20116 40159 71000 333 10260 20118 58007 555 10239=",
"42262099999","2022-12-12T12:00:00","4","27.8833333","78.0666666","187.0","ALIGARH, IN","FM-12","99999","V020","320,1,N,0010,1","99999,9,9,N","002000,1,9,9","+0232,1","+0152,1","10122,1",,"0,1,02,1","0,1,02,1",,,,,,,,"9,9,999,9,-012,1","05,1","SYN05842262 31995 03202 10232 20152 40122 70500 333 10274 59012=",
"42262099999","2022-12-13T03:00:00","4","27.8833333","78.0666666","187.0","ALIGARH, IN","FM-12","99999","V020","320,1,N,0026,1","99999,9,9,N","002000,1,9,9","+0136,1","+0101,1","10178,1",,"0,1,02,1","0,1,02,1",,,,,,"240,M,+0274,1","240,N,+0112,1","9,9,999,9,+018,1","10,1","SYN07442262 31995 03205 10136 20101 40178 71000 333 10274 20112 58018 555 10239=",
"42262099999","2022-12-14T12:00:00","4","27.8833333","78.0666666","187.0","ALIGARH, IN","FM-12","99999","V020","320,1,N,0031,1","99999,9,9,N","004000,1,9,9","+0212,1","+0092,1","10144,1",,,,,,,,,"240,M,+0246,1",,"9,9,999,9,+004,1",,"SYN05242262 32996 03206 10212 20092 40144 333 10246 58004=",
"42262099999","2022-12-15T03:00:00","4","27.8833333","78.0666666","187.0","ALIGARH, IN","FM-12","99999","V020","320,1,N,0010,1","99999,9,9,N","004000,1,9,9","+0120,1","+0061,1","10173,1",,,,,,,,,"240,M,+0246,1","240,N,+0094,1","9,0,999,0,-001,1",,"SYN06842262 32996 03202 10120 20061 40173 333 10246 20094 59001 555 10239=",
"42262099999","2022-12-15T12:00:00","4","27.8833333","78.0666666","187.0","ALIGARH, IN","FM-12","99999","V020","320,1,N,0015,1","99999,9,9,N","002000,1,9,9","+0196,1","+0108,1","10129,1",,"0,1,02,1","0,1,02,1",,,,,,,,"9,9,999,9,-015,1","05,1","SYN05842262 31995 03203 10196 20108 40129 70500 333 10230 59015=",
"42262099999","2022-12-16T12:00:00","4","27.8833333","78.0666666","187.0","ALIGARH, IN","FM-12","99999","V020","320,1,N,0010,1","22000,1,9,N","002000,1,9,9","+0200,1","+0104,1","10126,1",,"0,1,02,1","0,1,02,1","99,9,+99999,9,00,1",,,"9,AGL   ,+99999,+99999","02,99,1,00,1,99,9,99999,9,99,9,99,9","240,M,+0232,1",,"9,9,999,9,-002,1","05,1","SYN06442262 31995 23202 10200 20104 40126 70500 80001 333 10232 59002=","Q01    003SCCGA1"
"42262099999","2022-12-17T03:00:00","4","27.8833333","78.0666666","187.0","ALIGARH, IN","FM-12","99999","V020","320,1,N,0010,1","99999,9,9,N","000500,1,9,9","+0112,1","+0075,1","10175,1",,"0,1,02,1","0,1,02,1",,,,,,"240,M,+0232,1","240,N,+0092,1","9,9,999,9,+018,1","42,1","SYN07442262 31993 03202 10112 20075 40175 74200 333 10232 20092 58018 555 10239=",
"42262099999","2022-12-17T12:00:00","4","27.8833333","78.0666666","187.0","ALIGARH, IN","FM-12","99999","V020","320,1,N,0015,1","99999,9,9,N","001000,1,9,9","+0202,1","+0111,1","10144,1",,"0,1,02,1","0,1,02,1",,,,,,,,"9,9,999,9,+017,1","05,1","SYN05842262 31994 03203 10202 20111 40144 70500 333 10240 58017=",
"42262099999","2022-12-18T03:00:00","4","27.8833333","78.0666666","187.0","ALIGARH, IN","FM-12","99999","V020","230,1,N,0010,1","22000,1,9,N","000500,1,9,9","+0106,1","+0081,1","10178,1",,"4,1,02,1","0,1,02,1","99,9,+99999,9,00,1",,,"9,AGL   ,+99999,+99999","01,99,1,00,1,99,9,99999,9,99,9,99,9","240,M,+0240,1","240,N,+0088,1","9,9,999,9,+002,1","42,1","SYN08042262 31993 12302 10106 20081 40178 74240 80001 333 10240 20088 58002 555 10239=","Q01    003SCCGA1"
"42262099999","2022-12-18T12:00:00","4","27.8833333","78.0666666","187.0","ALIGARH, IN","FM-12","99999","V020","320,1,N,0010,1","99999,9,9,N","000500,1,9,9","+0200,1","+0141,1","10143,1",,"4,1,02,1","4,1,02,1",,,,,,"240,M,+0238,1",,"9,9,999,9,-001,1","46,1","SYN05842262 31993 03202 10200 20141 40143 74644 333 10238 59001=",
"42262099999","2022-12-19T03:00:00","4","27.8833333","78.0666666","187.0","ALIGARH, IN","FM-12","99999","V020","320,1,N,0010,1","00030,1,W,N","000049,1,9,9","+0102,1","+0098,1","10167,1",,"4,1,02,1","4,1,02,1","09,1,+99999,9,99,9",,,"9,AGL   ,+99999,+99999","09,99,1,09,1,99,9,99999,9,99,9,99,9","240,M,+0238,1","240,N,+0092,1","9,9,999,9,-011,1","43,1","SYN08042262 31/90 93202 10102 20098 40167 74344 89/// 333 10238 20092 59011 555 10239=",
"42262099999","2022-12-19T12:00:00","4","27.8833333","78.0666666","187.0","ALIGARH, IN","FM-12","99999","V020","320,1,N,0010,1","22000,1,9,N","000500,1,9,9","+0186,1","+0159,1","10124,1",,"4,1,02,1","4,1,02,1","99,9,+99999,9,00,1",,,"9,AGL   ,+99999,+99999","02,99,1,00,1,99,9,99999,9,99,9,99,9",,,"9,9,999,9,-019,1","46,1","SYN06442262 31993 23202 10186 20159 40124 74644 80002 333 10198 59019=","Q01    003SCCGA1"
"42262099999","2022-12-20T03:00:00","4","27.8833333","78.0666666","187.0","ALIGARH, IN","FM-12","99999","V020","999,9,C,0000,1","00030,1,W,N","000049,1,9,9","+0092,1","+0080,1","10163,1",,"4,1,02,1","4,1,02,1","09,1,+99999,9,99,9",,,"9,AGL   ,+99999,+99999","09,99,1,09,1,99,9,99999,9,99,9,99,9","240,M,+0198,1","240,N,+0080,1","9,9,999,9,-005,1","43,1","SYN08042262 31/90 90000 10092 20080 40163 74344 89/// 333 10198 20080 59005 555 10239=",
"42262099999","2022-12-20T12:00:00","4","27.8833333","78.0666666","187.0","ALIGARH, IN","FM-12","99999","V020","320,1,N,0010,1","22000,1,9,N","001000,1,9,9","+0190,1","+0114,1","10120,1",,"0,1,02,1","0,1,02,1","99,9,+99999,9,00,1",,,"9,AGL   ,+99999,+99999","04,99,1,00,1,99,9,99999,9,99,9,99,9","240,M,+0222,1",,"9,9,999,9,-004,1","05,1","SYN06442262 31994 43202 10190 20114 40120 70500 80001 333 10222 59004=","Q01    003SCCGA1"
"42262099999","2022-12-21T03:00:00","4","27.8833333","78.0666666","187.0","ALIGARH, IN","FM-12","99999","V020","050,1,N,0021,1","00030,1,W,N","000050,1,9,9","+0088,1","+0080,1","10180,1",,"4,1,02,1","4,1,02,1","09,1,+99999,9,99,9",,,"9,AGL   ,+99999,+99999","09,99,1,09,1,99,9,99999,9,99,9,99,9","240,M,+0222,1","240,N,+0080,1","9,9,999,9,+016,1","43,1","SYN08042262 31/91 90504 10088 20080 40180 74344 89/// 333 10222 20080 58016 555 10239=",
"42262099999","2022-12-21T12:00:00","4","27.8833333","78.0666666","187.0","ALIGARH, IN","FM-12","99999","V020","050,1,N,0010,1","99999,9,9,N","001000,1,9,9","+0174,1","+0120,1","10142,1",,"0,1,02,1","0,1,02,1",,,,,,,,"9,9,999,9,+020,1","05,1","SYN05842262 31994 00502 10174 20120 40142 70500 333 10196 58020=",
"42262099999","2022-12-22T03:00:00","4","27.8833333","78.0666666","187.0","ALIGARH, IN","FM-12","99999","V020","320,1,N,0021,1","00030,1,W,N","000050,1,9,9","+0096,1","+0088,1","10169,1",,"4,1,02,1","4,1,02,1","09,1,+99999,9,99,9",,,"9,AGL   ,+99999,+99999","09,99,1,09,1,99,9,99999,9,99,9,99,9","240,M,+0196,1","240,N,+0080,1","9,9,999,9,-010,1","43,1","SYN08042262 31/91 93204 10096 20088 40169 74344 89/// 333 10196 20080 59010 555 10239=",
"42262099999","2022-12-22T12:00:00","4","27.8833333","78.0666666","187.0","ALIGARH, IN","FM-12","99999","V020","320,1,N,0010,1","99999,9,9,N","001000,1,9,9","+0168,1","+0136,1","10134,1",,"0,1,02,1","0,1,02,1",,,,,,"240,M,+0192,1",,"9,9,999,9,-008,1","10,1","SYN05842262 31994 03202 10168 20136 40134 71000 333 10192 59008=",
"42262099999","2022-12-23T03:00:00","4","27.8833333","78.0666666","187.0","ALIGARH, IN","FM-12","99999","V020","999,9,C,0000,1","99999,9,9,N","000200,1,9,9","+0082,1","+0078,1","10162,1",,"4,1,02,1","4,1,02,1",,,,,,"240,M,+0192,1","240,N,+0074,1","9,9,999,9,-008,1","42,1","SYN07442262 31992 00000 10082 20078 40162 74244 333 10192 20074 59008 555 10239=",
"42262099999","2022-12-24T03:00:00","4","27.8833333","78.0666666","187.0","ALIGARH, IN","FM-12","99999","V020","320,1,N,0010,1","99999,9,9,N","001000,1,9,9","+0102,1","+0081,1","10164,1",,"0,1,02,1","0,1,02,1",,,,,,"240,M,+0198,1","240,N,+0086,1","9,9,999,9,+004,1","10,1","SYN07442262 31994 03202 10102 20081 40164 71000 333 10198 20086 58004 555 10239=",
"42262099999","2022-12-24T12:00:00","4","27.8833333","78.0666666","187.0","ALIGARH, IN","FM-12","99999","V020","320,1,N,0021,1","99999,9,9,N","002000,1,9,9","+0176,1","+0105,1","10143,1",,"0,1,02,1","0,1,02,1",,,,,,"240,M,+0218,1",,"9,9,999,9,+014,1","05,1","SYN05842262 31995 03204 10176 20105 40143 70500 333 10218 58014=",
"42262099999","2022-12-25T03:00:00","4","27.8833333","78.0666666","187.0","ALIGARH, IN","FM-12","99999","V020","320,1,N,0036,1","00060,1,W,N","000200,1,9,9","+0080,1","+0060,1","10187,1",,"4,1,02,1","4,1,02,1","09,1,+99999,9,99,9",,,"9,AGL   ,+99999,+99999","09,99,1,09,1,99,9,99999,9,99,9,99,9","240,M,+0218,1","240,N,+0068,1","9,9,999,9,+018,1","43,1","SYN08042262 31/92 93207 10080 20060 40187 74344 89/// 333 10218 20068 58018 555 10239=",
"42262099999","2022-12-25T12:00:00","4","27.8833333","78.0666666","187.0","ALIGARH, IN","FM-12","99999","V020","320,1,N,0021,1","22000,1,9,N","000500,1,9,9","+0152,1","+0115,1","10150,1",,"2,1,02,1","1,1,02,1","99,9,+99999,9,00,1",,,"9,AGL   ,+99999,+99999","03,99,1,00,1,99,9,99999,9,99,9,99,9","240,M,+0168,1",,"9,9,999,9,+005,1","42,1","SYN06442262 31993 33204 10152 20115 40150 74221 80001 333 10168 58005=","Q01    003SCCGA1"
"42262099999","2022-12-26T03:00:00","4","27.8833333","78.0666666","187.0","ALIGARH, IN","FM-12","99999","V020","320,1,N,0010,1","00030,1,W,N","000050,1,9,9","+0082,1","+0074,1","10196,1",,"4,1,02,1","4,1,02,1","09,1,+99999,9,99,9",,,"9,AGL   ,+99999,+99999","09,99,1,09,1,99,9,99999,9,99,9,99,9","240,M,+0168,1","240,N,+0066,1","9,9,999,9,+012,1","43,1","SYN08042262 31/91 93202 10082 20074 40196 74344 89/// 333 10168 20066 58012 555 10239=",
"42262099999","2022-12-26T12:00:00","4","27.8833333","78.0666666","187.0","ALIGARH, IN","FM-12","99999","V020","320,1,N,0015,1","00120,1,W,N","000500,1,9,9","+0102,1","+0094,1","10187,1",,"4,1,02,1","4,1,02,1","09,1,+99999,9,99,9",,,"9,AGL   ,+99999,+99999","09,99,1,09,1,99,9,99999,9,99,9,99,9","240,M,+0110,1",,"9,9,999,9,+019,1","47,1","SYN06442262 31/93 93203 10102 20094 40187 74744 89/// 333 10110 58019=",
"42262099999","2022-12-27T03:00:00","4","27.8833333","78.0666666","187.0","ALIGARH, IN","FM-12","99999","V020","320,1,N,0031,1","00030,1,W,N","000050,1,9,9","+0080,1","+0078,1","10199,1",,"4,1,02,1","4,1,02,1","09,1,+99999,9,99,9",,,"9,AGL   ,+99999,+99999","09,99,1,09,1,99,9,99999,9,99,9,99,9","240,M,+0110,1","240,N,+0066,1","9,9,999,9,+003,1","43,1","SYN08042262 31/91 93206 10080 20078 40199 74344 89/// 333 10110 20066 58003 555 10239=",
"42262099999","2022-12-27T12:00:00","4","27.8833333","78.0666666","187.0","ALIGARH, IN","FM-12","99999","V020","320,1,N,0010,1","99999,9,9,N","001000,1,9,9","+0148,1","+0111,1","10164,1",,"0,1,02,1","0,1,02,1",,,,,,,,"9,9,999,9,-020,1","10,1","SYN05842262 31994 03202 10148 20111 40164 71000 333 10174 59020=",
"42262099999","2022-12-28T12:00:00","4","27.8833333","78.0666666","187.0","ALIGARH, IN","FM-12","99999","V020","270,1,N,0026,1","99999,9,9,N","002000,1,9,9","+0176,1","+0118,1","10157,1",,"0,1,02,1","0,1,02,1",,,,,,,,"9,9,999,9,-005,1","05,1","SYN05842262 31995 02705 10176 20118 40157 70500 333 10216 59005=",
"42262099999","2022-12-29T03:00:00","4","27.8833333","78.0666666","187.0","ALIGARH, IN","FM-12","99999","V020","320,1,N,0010,1","99999,9,9,N","002000,1,9,9","+0102,1","+0077,1","10203,1",,"0,1,02,1","0,1,02,1",,,,,,"240,M,+0216,1","240,N,+0082,1","9,9,999,9,+016,1","10,1","SYN07442262 31995 03202 10102 20077 40203 71000 333 10216 20082 58016 555 10239=",
"42262099999","2022-12-30T03:00:00","4","27.8833333","78.0666666","187.0","ALIGARH, IN","FM-12","99999","V020","050,1,N,0031,1","99999,9,9,N","000200,1,9,9","+0102,1","+0086,1","10217,1",,"2,1,02,1","2,1,02,1","99,9,+99999,9,00,1",,,"9,AGL   ,+99999,+99999","06,99,1,00,1,99,9,99999,9,99,9,99,9","240,M,+0204,1","240,N,+0094,1","9,9,999,9,+004,1","42,1","SYN08042262 31992 60506 10102 20086 40217 74222 80002 333 10204 20094 58004 555 10239=","Q01    003SCCGA1"
"42262099999","2022-12-30T12:00:00","4","27.8833333","78.0666666","187.0","ALIGARH, IN","FM-12","99999","V020","010,1,N,0257,1","22000,1,9,9","000200,1,9,9","+9999,9","+0128,1","10178,1",,,,"99,9,+00600,1,00,1",,,"9,AGL   ,+99999,+99999","01,99,1,99,9,99,9,00600,1,99,9,99,9",,,"9,9,999,9,+004,1",,"SYN004BUFR",
