"STATION","DATE","SOURCE","LATITUDE","LONGITUDE","ELEVATION","NAME","REPORT_TYPE","CALL_SIGN","QUALITY_CONTROL","WND","CIG","VIS","TMP","DEW","SLP","AA1","AA2","AY1","AY2","GA1","GA2","GA3","GE1","GF1","KA1","KA2","MA1","MD1","MW1","REM","EQD"
"43125099999","2022-01-01T12:00:00","4","17.9166666","77.5333333","663.0","BIDAR, IN","FM-12","99999","V020","050,1,N,0010,1","22000,1,9,N","010000,1,9,9","+0250,1","+0151,1","10138,1",,,,,"02,2,+99999,9,99,9",,,"9,AGL   ,+99999,+99999","01,99,2,02,2,99,9,99999,9,99,9,99,9","240,M,+0276,1",,"99999,9,09406,1","9,9,999,9,-004,1",,"SYN06443125 32997 10502 10250 20151 39406 40138 82000 333 10276 59004=",
"43125099999","2022-01-02T12:00:00","4","17.9166666","77.5333333","663.0","BIDAR, IN","FM-12","99999","V020","020,1,N,0010,1","22000,1,9,N","010000,1,9,9","+0252,1","+0138,1","10140,1",,,,,"02,2,+00800,1,99,9",,,"9,AGL   ,+99999,+99999","01,99,2,02,2,99,9,00800,1,99,9,99,9","240,M,+0276,1",,"99999,9,09410,1","9,9,999,9,+004,1",,"SYN06443125 32597 10202 10252 20138 39410 40140 82000 333 10276 58004=",
"43125099999","2022-01-04T03:00:00","4","17.9166666","77.5333333","663.0","BIDAR, IN","FM-12","99999","V020","140,1,N,0010,1","22000,1,9,N","010000,1,9,9","+0210,1","+0144,1","10162,1",,,,,,,,"9,AGL   ,+99999,+99999","01,99,1,99,9,99,9,99999,9,99,9,99,9","240,M,+0272,1","240,N,+0120,1","99999,9,09418,1","9,9,999,9,-002,1",,"SYN07443125 32997 11402 10210 20144 39418 40162 333 10272 20120 59002 555 10000=",
"43125099999","2022-01-04T12:00:00","4","17.9166666","77.5333333","663.0","BIDAR, IN","FM-12","99999","V020","090,1,N,0010,1","22000,1,9,N","010000,1,9,9","+0250,1","+0115,1","10121,1",,,,,"00,1,+99999,9,99,9",,,"9,AGL   ,+99999,+99999","01,99,1,00,1,99,9,99999,9,99,9,99,9","240,M,+0274,1",,"99999,9,09390,1","9,9,999,9,-020,1",,"SYN06443125 32997 10902 10250 20115 39390 40121 80000 333 10274 59020=",
"43125099999","2022-01-05T03:00:00","4","17.9166666","77.5333333","663.0","BIDAR, IN","FM-12","99999","V020","230,1,N,0010,1","22000,1,9,N","010000,1,9,9","+0194,1","+0152,1","10175,1",,,,,,,,"9,AGL   ,+99999,+99999","01,99,1,99,9,99,9,99999,9,99,9,99,9","240,M,+0274,1","240,N,+0144,1","99999,9,09428,1","9,9,999,9,+010,1",,"SYN07443125 32997 12302 10194 20152 39428 40175 333 10274 20144 58010 555 10000=",
"43125099999","2022-01-05T12:00:00","4","17.9166666","77.5333333","663.0","BIDAR, IN","FM-12","99999","V020","090,1,N,0010,1","22000,1,9,N","010000,1,9,9","+0252,1","+0100,1","10070,1",,,,,"00,1,+99999,9,99,9",,,"9,AGL   ,+99999,+99999","01,99,1,00,1,99,9,99999,9,99,9,99,9","240,M,+0285,1",,"99999,9,09340,1","9,9,999,9,+010,1",,"SYN06443125 32997 10902 10252 20100 39340 40070 80000 333 10285 58010=",
"43125099999","2022-01-06T03:00:00","4","17.9166666","77.5333333","663.0","BIDAR, IN","FM-12","99999","V020","180,1,N,0010,1","22000,1,9,N","010000,1,9,9","+0200,1","+0151,1","10177,1",,,,,,,,"9,AGL   ,+99999,+99999","01,99,1,99,9,99,9,99999,9,99,9,99,9","240,M,+0285,1","240,N,+0138,1","99999,9,09340,1","9,9,999,9,+002,1",,"SYN07443125 32997 11802 10200 20151 39340 40177 333 10285 20138 58002 555 10000=",
"43125099999","2022-01-06T12:00:00","4","17.9166666","77.5333333","663.0","BIDAR, IN","FM-12","99999","V020","140,1,N,0010,1","22000,1,9,N","010000,1,9,9","+0256,1","+0110,1","10087,1",,,,,"00,1,+99999,9,99,9",,,"9,AGL   ,+99999,+99999","01,99,1,00,1,99,9,99999,9,99,9,99,9","240,M,+0288,1",,"99999,9,09360,1","9,9,999,9,+020,1",,"SYN06443125 32997 11402 10256 20110 39360 40087 80000 333 10288 58020=",
"43125099999","2022-01-07T12:00:00","4","17.9166666","77.5333333","663.0","BIDAR, IN","FM-12","99999","V020","020,1,N,0299,1","22000,1,9,N","010000,1,9,9","+9999,9","+0117,1","10110,1",,,,,"00,1,+99999,9,99,9",,,"9,AGL   ,+99999,+99999","01,99,1,00,1,99,9,99999,9,99,9,99,9","240,M,+0285,1",,"99999,9,09382,1","9,9,999,9,+022,1",,"SYN05843125 32997 10258 20117 39382 40110 80000 333 10285 58022=",
"43125099999","2022-01-09T03:00:00","4","17.9166666","77.5333333","663.0","BIDAR, IN","FM-12","99999","V020","230,1,N,0010,1","22000,1,9,N","010000,1,9,9","+0200,1","+0178,1","10155,1",,,,,"02,2,+99999,9,99,9",,,"9,AGL   ,+99999,+99999","01,99,2,02,2,99,9,99999,9,99,9,99,9","240,M,+0276,1","240,N,+0178,1","99999,9,09410,1","9,9,999,9,-012,1",,"SYN07043125 32997 12302 10200 20178 39410 40155 82000 333 10276 20178 59012=",
"43125099999","2022-01-10T03:00:00","4","17.9166666","77.5333333","663.0","BIDAR, IN","FM-12","99999","V020","140,1,N,0010,1","22000,1,9,N","010000,1,9,9","+0192,1","+0176,1","10161,1",,,,,"99,9,+99999,9,00,1",,,"9,AGL   ,+99999,+99999","01,99,1,00,1,99,9,99999,9,99,9,99,9","240,M,+0282,1","240,N,+0176,1","99999,9,09414,1","9,9,999,9,+004,1",,"SYN08043125 32997 11402 10192 20176 39414 40161 80001 333 10282 20176 58004 555 10000=","Q01    003SCCGA1"
"43125099999","2022-01-11T12:00:00","4","17.9166666","77.5333333","663.0","BIDAR, IN","FM-12","99999","V020","270,1,N,0010,1","22000,1,9,N","010000,1,9,9","+0256,1","+0151,1","10098,1",,,,,"03,2,+99999,9,99,9",,,"9,AGL   ,+99999,+99999","01,99,2,03,2,99,9,99999,9,99,9,99,9","240,M,+0276,1",,"99999,9,09370,1","9,9,999,9,-012,1",,"SYN06443125 32997 12702 10256 20151 39370 40098 83000 333 10276 59012=",
"43125099999","2022-01-12T12:00:00","4","17.9166666","77.5333333","663.0","BIDAR, IN","FM-12","99999","V020","340,1,N,0010,1","22000,1,9,N","010000,1,9,9","+0240,1","+0172,1","10102,1",,,,,"03,2,+99999,9,99,9",,,"9,AGL   ,+99999,+99999","01,99,2,03,2,99,9,99999,9,99,9,99,9","240,M,+0280,1",,"99999,9,09370,1","9,9,999,9,+000,1",,"SYN06443125 32997 13402 10240 20172 39370 40102 83000 333 10280 58000=",
"43125099999","2022-01-13T12:00:00","4","17.9166666","77.5333333","663.0","BIDAR, IN","FM-12","99999","V020","140,1,N,0010,1","22000,1,9,N","010000,1,9,9","+0260,1","+0144,1","10089,1",,,,,"05,2,+99999,9,99,9",,,"9,AGL   ,+99999,+99999","01,99,2,05,2,99,9,99999,9,99,9,99,9","240,M,+0280,1",,"99999,9,09362,1","9,9,999,9,-008,1",,"SYN06443125 32997 11402 10260 20144 39362 40089 85000 333 10280 59008=",
"43125099999","2022-01-14T03:00:00","4","17.9166666","77.5333333","663.0","BIDAR, IN","FM-12","99999","V020","140,1,N,0010,1","99999,9,9,N","010000,1,9,9","+0200,1","+0172,1","10147,1",,,,,,,,,,"240,M,+0280,1","240,N,+0145,1","99999,9,09402,1","9,9,999,9,-008,1",,"SYN07443125 32997 01402 10200 20172 39402 40147 333 10280 20145 59008 555 10000=",
"43125099999","2022-01-14T12:00:00","4","17.9166666","77.5333333","663.0","BIDAR, IN","FM-12","99999","V020","300,1,N,0010,1","22000,1,9,N","010000,1,9,9","+0246,1","+0134,1","10091,1",,,,,"02,2,+99999,9,99,9",,,"9,AGL   ,+99999,+99999","01,99,2,02,2,99,9,99999,9,99,9,99,9","240,M,+0275,1",,"99999,9,09362,1","9,9,999,9,+000,1",,"SYN06443125 32997 13002 10246 20134 39362 40091 82000 333 10275 58000=",
"43125099999","2022-01-15T12:00:00","4","17.9166666","77.5333333","663.0","BIDAR, IN","FM-12","99999","V020","020,1,N,0010,1","22000,1,9,N","010000,1,9,9","+9999,9","+0144,1","10093,1",,,,,"02,2,+99999,9,99,9",,,"9,AGL   ,+99999,+99999","01,99,2,02,2,99,9,99999,9,99,9,99,9","240,M,+0268,1",,"99999,9,09364,1","9,9,999,9,+002,1",,"SYN05843125 32997 10202 20144 39364 40093 82000 333 10268 58002=",
"43125099999","2022-01-17T03:00:00","4","17.9166666","77.5333333","663.0","BIDAR, IN","FM-12","99999","V020","050,1,N,0010,1","22000,1,9,N","010000,1,9,9","+0188,1","+0169,1","10191,1",,,,,"03,2,+99999,9,99,9",,,"9,AGL   ,+99999,+99999","01,99,2,03,2,99,9,99999,9,99,9,99,9","240,M,+0242,1","240,N,+0162,1","99999,9,09440,1","9,9,999,9,+018,1",,"SYN08043125 32997 10502 10188 20169 39440 40191 83000 333 10242 20162 58018 555 10000=",
"43125099999","2022-01-17T12:00:00","4","17.9166666","77.5333333","663.0","BIDAR, IN","FM-12","99999","V020","050,1,N,0010,1","22000,1,9,N","010000,1,9,9","+0246,1","+0138,1","10093,1",,,,,"00,1,+99999,9,99,9",,,"9,AGL   ,+99999,+99999","01,99,1,00,1,99,9,99999,9,99,9,99,9","240,M,+0270,1",,"99999,9,09364,1","9,9,999,9,+000,1",,"SYN06443125 32997 10502 10246 20138 39364 40093 80000 333 10270 58000=",
"43125099999","2022-01-18T03:00:00","4","17.9166666","77.5333333","663.0","BIDAR, IN","FM-12","99999","V020","180,1,N,0010,1","22000,1,9,N","010000,1,9,9","+0200,1","+0168,1","10188,1",,,,,,,,"9,AGL   ,+99999,+99999","01,99,1,99,9,99,9,99999,9,99,9,99,9","240,M,+0270,1","240,N,+0135,1","99999,9,09440,1","9,9,999,9,+000,1",,"SYN07443125 32997 11802 10200 20168 39440 40188 333 10270 20135 58000 555 10000=",
"43125099999","2022-01-19T03:00:00","4","17.9166666","77.5333333","663.0","BIDAR, IN","FM-12","99999","V020","360,1,N,0010,1","99999,9,9,N","010000,1,9,9","+0200,1","+0155,1","10169,1",,,,,,,,,,"240,M,+0285,1","240,N,+0120,1","99999,9,09422,1","9,9,999,9,-018,1",,"SYN07443125 32997 03602 10200 20155 39422 40169 333 10285 20120 59018 555 10000=",
"43125099999","2022-01-20T03:00:00","4","17.9166666","77.5333333","663.0","BIDAR, IN","FM-12","99999","V020","050,1,N,0010,1","22000,1,9,N","010000,1,9,9","+0184,1","+0122,1","10160,1",,,,,,,,"9,AGL   ,+99999,+99999","01,99,1,99,9,99,9,99999,9,99,9,99,9","240,M,+0284,1","240,N,+0105,1","99999,9,09410,1","9,9,999,9,-012,1",,"SYN07443125 32997 10502 10184 20122 39410 40160 333 10284 20105 59012 555 10000=",
"43125099999","2022-01-20T12:00:00","4","17.9166666","77.5333333","663.0","BIDAR, IN","FM-12","99999","V020","300,1,N,0010,1","22000,1,9,N","010000,1,9,9","+0274,1","+0099,1","10101,1",,,,,"00,1,+99999,9,99,9",,,"9,AGL   ,+99999,+99999","01,99,1,00,1,99,9,99999,9,99,9,99,9","240,M,+0300,1",,"99999,9,09378,1","9,9,999,9,-012,1",,"SYN06443125 32997 13002 10274 20099 39378 40101 80000 333 10300 59012=",
"43125099999","2022-01-22T03:00:00","4","17.9166666","77.5333333","663.0","BIDAR, IN","FM-12","99999","V020","180,1,N,0010,1","99999,9,9,N","010000,1,9,9","+0198,1","+0107,1","10132,1",,,,,,,,,,"240,M,+0306,1","240,N,+0124,1","99999,9,09388,1","9,9,999,9,-022,1",,"SYN07443125 32997 01802 10198 20107 39388 40132 333 10306 20124 59022 555 10000=",
"43125099999","2022-01-22T12:00:00","4","17.9166666","77.5333333","663.0","BIDAR, IN","FM-12","99999","V020","270,1,N,0010,1","22000,1,9,N","010000,1,9,9","+0278,1","+0090,1","10060,1",,,,,"00,1,+99999,9,99,9",,,"9,AGL   ,+99999,+99999","01,99,1,00,1,99,9,99999,9,99,9,99,9","240,M,+0302,1",,"99999,9,09340,1","9,9,999,9,-022,1",,"SYN06443125 32997 12702 10278 20090 39340 40060 80000 333 10302 59022=",
"43125099999","2022-01-23T12:00:00","4","17.9166666","77.5333333","663.0","BIDAR, IN","FM-12","99999","V020","270,1,N,0010,1","22000,1,9,N","010000,1,9,9","+0252,1","+0113,1","10067,1",,,,,"03,2,+99999,9,99,9",,,"9,AGL   ,+99999,+99999","01,99,2,03,2,99,9,99999,9,99,9,99,9","240,M,+0280,1",,"99999,9,09342,1","9,9,999,9,+002,1",,"SYN06443125 32997 12702 10252 20113 39342 40067 83000 333 10280 58002=",
"43125099999","2022-01-24T12:00:00","4","17.9166666","77.5333333","663.0","BIDAR, IN","FM-12","99999","V020","020,1,N,0010,1","22000,1,9,N","010000,1,9,9","+0230,1","+0101,1","10090,1",,,,,"00,1,+99999,9,99,9",,,"9,AGL   ,+99999,+99999","01,99,1,00,1,99,9,99999,9,99,9,99,9","240,M,+0254,1",,"99999,9,09356,1","9,9,999,9,+014,1",,"SYN06443125 32997 10202 10230 20101 39356 40090 80000 333 10254 58014=",
"43125099999","2022-01-25T03:00:00","4","17.9166666","77.5333333","663.0","BIDAR, IN","FM-12","99999","V020","050,1,N,0010,1","99999,9,9,N","010000,1,9,9","+0162,1","+0092,1","10147,1",,,,,,,,,,"240,M,+0254,1","240,N,+0135,1","99999,9,09394,1","9,9,999,9,+006,1",,"SYN07443125 32997 00502 10162 20092 39394 40147 333 10254 20135 58006 555 10000=",
"43125099999","2022-01-26T03:00:00","4","17.9166666","77.5333333","663.0","BIDAR, IN","FM-12","99999","V020","300,1,N,0010,1","22000,1,9,N","010000,1,9,9","+0166,1","+0101,1","10155,1",,,,,,,,"9,AGL   ,+99999,+99999","01,99,1,99,9,99,9,99999,9,99,9,99,9","240,M,+0270,1","240,N,+0140,1","99999,9,09402,1","9,9,999,9,+008,1",,"SYN07443125 32997 13002 10166 20101 39402 40155 333 10270 20140 58008 555 10000=",
"43125099999","2022-01-26T12:00:00","4","17.9166666","77.5333333","663.0","BIDAR, IN","FM-12","99999","V020","360,1,N,0010,1","22000,1,9,N","010000,1,9,9","+0242,1","+0113,1","10101,1",,,,,"01,1,+99999,9,99,9",,,"9,AGL   ,+99999,+99999","01,99,1,01,1,99,9,99999,9,99,9,99,9","240,M,+0262,1",,"99999,9,09370,1","9,9,999,9,+010,1",,"SYN06443125 32997 13602 10242 20113 39370 40101 81000 333 10262 58010=",
"43125099999","2022-01-27T03:00:00","4","17.9166666","77.5333333","663.0","BIDAR, IN","FM-12","99999","V020","050,1,N,0010,1","22000,1,9,N","010000,1,9,9","+0174,1","+0102,1","10164,1",,,,,"02,2,+99999,9,99,9",,,"9,AGL   ,+99999,+99999","01,99,2,02,2,99,9,99999,9,99,9,99,9","240,M,+0262,1","240,N,+0148,1","99999,9,09412,1","9,9,999,9,+010,1",,"SYN08043125 32997 10502 10174 20102 39412 40164 82000 333 10262 20148 58010 555 10000=",
"43125099999","2022-01-28T03:00:00","4","17.9166666","77.5333333","663.0","BIDAR, IN","FM-12","99999","V020","140,1,N,0010,1","22000,1,9,N","010000,1,9,9","+0170,1","+0085,1","10177,1",,,,,,,,"9,AGL   ,+99999,+99999","01,99,1,99,9,99,9,99999,9,99,9,99,9","240,M,+0256,1","240,N,+0095,1","99999,9,09422,1","9,9,999,9,+010,1",,"SYN07443125 32997 11402 10170 20085 39422 40177 333 10256 20095 58010 555 10000=",
"43125099999","2022-01-28T12:00:00","4","17.9166666","77.5333333","663.0","BIDAR, IN","FM-12","99999","V020","020,1,N,0010,1","22000,1,9,N","010000,1,9,9","+0234,1","+0073,1","10123,1",,,,,"00,1,+99999,9,99,9",,,"9,AGL   ,+99999,+99999","01,99,1,00,1,99,9,99999,9,99,9,99,9","240,M,+0264,1",,"99999,9,09390,1","9,9,999,9,+008,1",,"SYN06443125 32997 10202 10234 20073 39390 40123 80000 333 10264 58008=",
"43125099999","2022-01-29T03:00:00","4","17.9166666","77.5333333","663.0","BIDAR, IN","FM-12","99999","V020","140,1,N,0010,1","22000,1,9,N","010000,1,9,9","+0172,1","+0064,1","10186,1",,,,,,,,"9,AGL   ,+99999,+99999","01,99,1,99,9,99,9,99999,9,99,9,99,9","240,M,+0264,1","240,N,+0100,1","99999,9,09432,1","9,9,999,9,+010,1",,"SYN07443125 32997 11402 10172 20064 39432 40186 333 10264 20100 58010 555 10000=",
"43125099999","2022-01-29T12:00:00","4","17.9166666","77.5333333","663.0","BIDAR, IN","FM-12","99999","V020","050,1,N,0010,1","22000,1,9,N","010000,1,9,9","+0252,1","+0064,1","10130,1",,,,,"00,1,+99999,9,99,9",,,"9,AGL   ,+99999,+99999","01,99,1,00,1,99,9,99999,9,99,9,99,9","240,M,+0280,1",,"99999,9,09400,1","9,9,999,9,+010,1",,"SYN06443125 32997 10502 10252 20064 39400 40130 80000 333 10280 58010=",
"43125099999","2022-01-30T03:00:00","4","17.9166666","77.5333333","663.0","BIDAR, IN","FM-12","99999","V020","140,1,N,0010,1","99999,9,9,N","010000,1,9,9","+0200,1","+0042,1","10167,1",,,,,"00,1,+99999,9,99,9",,,"9,AGL   ,+99999,+99999","99,99,9,00,1,99,9,99999,9,99,9,99,9","240,M,+0280,1","240,N,+0086,1","99999,9,09420,1","9,9,999,9,-012,1",,"SYN08043125 32997 01402 10200 20042 39420 40167 80000 333 10280 20086 59012 555 10000=",
"43125099999","2022-01-30T12:00:00","4","17.9166666","77.5333333","663.0","BIDAR, IN","FM-12","99999","V020","300,1,N,0010,1","22000,1,9,N","010000,1,9,9","+0278,1","+0085,1","10101,1",,,,,"00,1,+99999,9,99,9",,,"9,AGL   ,+99999,+99999","01,99,1,00,1,99,9,99999,9,99,9,99,9","240,M,+0306,1",,"99999,9,09378,1","9,9,999,9,-022,1",,"SYN06443125 32997 13002 10278 20085 39378 40101 80000 333 10306 59022=",
"43125099999","2022-01-31T03:00:00","4","17.9166666","77.5333333","663.0","BIDAR, IN","FM-12","99999","V020","050,1,N,0010,1","99999,9,9,N","010000,1,9,9","+0182,1","+0082,1","10150,1",,,,,,,,,,"240,M,+0306,1","240,N,+0096,1","99999,9,09402,1","9,9,999,9,-018,1",,"SYN07443125 32997 00502 10182 20082 39402 40150 333 10306 20096 59018 555 10000=",
"43125099999","2022-01-31T12:00:00","4","17.9166666","77.5333333","663.0","BIDAR, IN","FM-12","99999","V020","300,1,N,0010,1","22000,1,9,N","010000,1,9,9","+0278,1","+0109,1","10084,1",,,,,"00,1,+99999,9,99,9",,,"9,AGL   ,+99999,+99999","01,99,1,00,1,99,9,99999,9,99,9,99,9","240,M,+0310,1",,"99999,9,09362,1","9,9,999,9,-016,1",,"SYN06443125 32997 13002 10278 20109 39362 40084 80000 333 10310 59016=",
"43125099999","2022-02-01T03:00:00","4","17.9166666","77.5333333","663.0","BIDAR, IN","FM-12","99999","V020","300,1,N,0010,1","22000,1,9,N","010000,1,9,9","+0188,1","+0127,1","10148,1",,,,,,,,"9,AGL   ,+99999,+99999","01,99,1,99,9,99,9,99999,9,99,9,99,9","240,M,+0310,1","240,N,+0110,1","99999,9,09400,1","9,9,999,9,-002,1",,"SYN06443125 32997 13002 10188 20127 39400 40148 333 10310 20110 59002=",
"43125099999","2022-02-01T12:00:00","4","17.9166666","77.5333333","663.0","BIDAR, IN","FM-12","99999","V020","360,1,N,0010,1","22000,1,9,N","010000,1,9,9","+0282,1","+0086,1","10081,1",,,,,"00,1,+99999,9,99,9",,,"9,AGL   ,+99999,+99999","01,99,1,00,1,99,9,99999,9,99,9,99,9","240,M,+0312,1",,"99999,9,09362,1","9,9,999,9,+000,1",,"SYN06443125 32997 13602 10282 20086 39362 40081 80000 333 10312 58000=",
"43125099999","2022-02-03T03:00:00","4","17.9166666","77.5333333","663.0","BIDAR, IN","FM-12","99999","V020","180,1,N,0010,1","99999,9,9,N","010000,1,9,9","+0210,1","+0155,1","10133,1",,,,,,,,,,"240,M,+0320,1","240,N,+0158,1","99999,9,09390,1","9,9,999,9,-010,1",,"SYN07443125 32997 01802 10210 20155 39390 40133 333 10320 20158 59010 555 10000=",
"43125099999","2022-02-03T12:00:00","4","17.9166666","77.5333333","663.0","BIDAR, IN","FM-12","99999","V020","180,1,N,0010,1","22000,1,9,N","010000,1,9,9","+0294,1","+0110,1","10065,1",,,,,"00,1,+99999,9,99,9",,,"9,AGL   ,+99999,+99999","01,99,1,00,1,99,9,99999,9,99,9,99,9","240,M,+0316,1",,"99999,9,09350,1","9,9,999,9,-012,1",,"SYN06443125 32997 11802 10294 20110 39350 40065 80000 333 10316 59012=",
"43125099999","2022-02-04T03:00:00","4","17.9166666","77.5333333","663.0","BIDAR, IN","FM-12","99999","V020","320,1,N,0010,1","99999,9,9,N","010000,1,9,9","+0182,1","+0112,1","10136,1",,,,,,,,,,"240,M,+0316,1","240,N,+0146,1","99999,9,09390,1","9,9,999,9,+000,1",,"SYN07443125 32997 03202 10182 20112 39390 40136 333 10316 20146 58000 555 10000=",
"43125099999","2022-02-04T12:00:00","4","17.9166666","77.5333333","663.0","BIDAR, IN","FM-12","99999","V020","230,1,N,0010,1","22000,1,9,N","010000,1,9,9","+0250,1","+0050,1","10089,1",,,,,"99,9,+99999,9,00,1",,,"9,AGL   ,+99999,+99999","01,99,1,00,1,99,9,99999,9,99,9,99,9","240,M,+0278,1",,"99999,9,09360,1","9,9,999,9,+010,1",,"SYN06443125 32997 12302 10250 20050 39360 40089 80001 333 10278 58010=","Q01    003SCCGA1"
"43125099999","2022-02-05T03:00:00","4","17.9166666","77.5333333","663.0","BIDAR, IN","FM-12","99999","V020","140,1,N,0010,1","99999,9,9,N","010000,1,9,9","+0196,1","+0041,1","10137,1",,,,,,,,,,"240,M,+0278,1","240,N,+0100,1","99999,9,09392,1","9,9,999,9,+002,1",,"SYN07443125 32997 01402 10196 20041 39392 40137 333 10278 20100 58002 555 10000=",
"43125099999","2022-02-06T12:00:00","4","17.9166666","77.5333333","663.0","BIDAR, IN","FM-12","99999","V020","050,1,N,0010,1","22000,1,9,N","010000,1,9,9","+0280,1","+0083,1","10103,1",,,,,"00,1,+99999,9,99,9",,,"9,AGL   ,+99999,+99999","01,99,1,00,1,99,9,99999,9,99,9,99,9","240,M,+0294,1",,"99999,9,09380,1","9,9,999,9,+024,1",,"SYN06443125 32997 10502 10280 20083 39380 40103 80000 333 10294 58024=",
"43125099999","2022-02-07T12:00:00","4","17.9166666","77.5333333","663.0","BIDAR, IN","FM-12","99999","V020","050,1,N,0010,1","22000,1,9,N","010000,1,9,9","+0286,1","+0150,1","10105,1",,,,,"02,2,+99999,9,99,9",,,"9,AGL   ,+99999,+99999","01,99,2,02,2,99,9,99999,9,99,9,99,9","240,M,+0320,1",,"99999,9,09384,1","9,9,999,9,+004,1",,"SYN06443125 32997 10502 10286 20150 39384 40105 82000 333 10320 58004=",
"43125099999","2022-02-08T12:00:00","4","17.9166666","77.5333333","663.0","BIDAR, IN","FM-12","99999","V020","230,1,N,0010,1","22000,1,9,N","010000,1,9,9","+0294,1","+0161,1","10088,1",,,,,"02,2,+99999,9,99,9",,,"9,AGL   ,+99999,+99999","01,99,2,02,2,99,9,99999,9,99,9,99,9","240,M,+0310,1",,"99999,9,09370,1","9,9,999,9,-014,1",,"SYN06443125 32997 12302 10294 20161 39370 40088 82000 333 10310 59014=",
"43125099999","2022-02-09T12:00:00","4","17.9166666","77.5333333","663.0","BIDAR, IN","FM-12","99999","V020","230,1,N,0010,1","22000,1,9,N","010000,1,9,9","+0282,1","+0153,1","10093,1",,,,,"02,2,+99999,9,99,9",,,"9,AGL   ,+99999,+99999","01,99,2,02,2,99,9,99999,9,99,9,99,9","240,M,+0305,1",,"99999,9,09372,1","9,9,999,9,+002,1",,"SYN06443125 32997 12302 10282 20153 39372 40093 82000 333 10305 58002=",
"43125099999","2022-02-10T03:00:00","4","17.9166666","77.5333333","663.0","BIDAR, IN","FM-12","99999","V020","360,1,N,0010,1","22000,1,9,N","010000,1,9,9","+0202,1","+0143,1","10156,1",,,,,"02,2,+99999,9,99,9",,,"9,AGL   ,+99999,+99999","01,99,2,02,2,99,9,99999,9,99,9,99,9","240,M,+0305,1","240,N,+0174,1","99999,9,09412,1","9,9,999,9,+000,1",,"SYN08043125 32997 13602 10202 20143 39412 40156 82000 333 10305 20174 58000 555 10000=",
"43125099999","2022-02-10T12:00:00","4","17.9166666","77.5333333","663.0","BIDAR, IN","FM-12","99999","V020","020,1,N,0010,1","22000,1,9,N","010000,1,9,9","+0274,1","+0150,1","10105,1",,,,,"02,2,+99999,9,99,9",,,"9,AGL   ,+99999,+99999","01,99,2,02,2,99,9,99999,9,99,9,99,9","240,M,+0294,1",,"99999,9,09382,1","9,9,999,9,+010,1",,"SYN06443125 32997 10202 10274 20150 39382 40105 82000 333 10294 58010=",
"43125099999","2022-02-11T03:00:00","4","17.9166666","77.5333333","663.0","BIDAR, IN","FM-12","99999","V020","050,1,N,0010,1","22000,1,9,N","010000,1,9,9","+0188,1","+0156,1","10172,1",,,,,"02,2,+99999,9,99,9",,,"9,AGL   ,+99999,+99999","01,99,2,02,2,99,9,99999,9,99,9,99,9","240,M,+0294,1","240,N,+0175,1","99999,9,09422,1","9,9,999,9,+010,1",,"SYN08043125 32997 10502 10188 20156 39422 40172 82000 333 10294 20175 58010 555 10000=",
"43125099999","2022-02-11T12:00:00","4","17.9166666","77.5333333","663.0","BIDAR, IN","FM-12","99999","V020","050,1,N,0010,1","22000,1,9,N","010000,1,9,9","+0266,1","+0119,1","10114,1",,,,,"02,2,+99999,9,99,9",,,"9,AGL   ,+99999,+99999","01,99,2,02,2,99,9,99999,9,99,9,99,9","240,M,+0282,1",,"99999,9,09388,1","9,9,999,9,+006,1",,"SYN06443125 32997 10502 10266 20119 39388 40114 82000 333 10282 58006=",
"43125099999","2022-02-12T03:00:00","4","17.9166666","77.5333333","663.0","BIDAR, IN","FM-12","99999","V020","050,1,N,0010,1","22000,1,9,N","010000,1,9,9","+0192,1","+0099,1","10169,1",,,,,"00,1,+99999,9,99,9",,,"9,AGL   ,+99999,+99999","01,99,1,00,1,99,9,99999,9,99,9,99,9","240,M,+0282,1","240,N,+0158,1","99999,9,09422,1","9,9,999,9,+000,1",,"SYN08043125 32997 10502 10192 20099 39422 40169 80000 333 10282 20158 58000 555 10000=",
"43125099999","2022-02-12T12:00:00","4","17.9166666","77.5333333","663.0","BIDAR, IN","FM-12","99999","V020","020,1,N,0010,1","22000,1,9,N","010000,1,9,9","+0268,1","+0099,1","10106,1",,,,,"00,1,+99999,9,99,9",,,"9,AGL   ,+99999,+99999","01,99,1,00,1,99,9,99999,9,99,9,99,9","240,M,+0292,1",,"99999,9,09380,1","9,9,999,9,-008,1",,"SYN06443125 32997 10202 10268 20099 39380 40106 80000 333 10292 59008=",
"43125099999","2022-02-13T03:00:00","4","17.9166666","77.5333333","663.0","BIDAR, IN","FM-12","99999","V020","140,1,N,0010,1","22000,1,9,N","010000,1,9,9","+0210,1","+0087,1","10156,1",,,,,"00,1,+99999,9,99,9",,,"9,AGL   ,+99999,+99999","01,99,1,00,1,99,9,99999,9,99,9,99,9","240,M,+0292,1","240,N,+0125,1","99999,9,09412,1","9,9,999,9,-010,1",,"SYN08043125 32997 11402 10210 20087 39412 40156 80000 333 10292 20125 59010 555 10000=",
"43125099999","2022-02-13T12:00:00","4","17.9166666","77.5333333","663.0","BIDAR, IN","FM-12","99999","V020","140,1,N,0010,1","22000,1,9,N","010000,1,9,9","+0278,1","+0075,1","10084,1",,,,,"99,9,+00450,1,99,9",,,"9,AGL   ,+99999,+99999","01,99,1,00,1,99,9,00450,1,99,9,99,9","240,M,+0300,1",,"99999,9,09362,1","9,9,999,9,-018,1",,"SYN06443125 32497 11402 10278 20075 39362 40084 80000 333 10300 59018=","Q01    003SCCGA1"
"43125099999","2022-02-14T12:00:00","4","17.9166666","77.5333333","663.0","BIDAR, IN","FM-12","99999","V020","140,1,N,0010,1","22000,1,9,N","010000,1,9,9","+0296,1","+0113,1","10079,1",,,,,"00,1,+99999,9,99,9",,,"9,AGL   ,+99999,+99999","01,99,1,00,1,99,9,99999,9,99,9,99,9","240,M,+0315,1",,"99999,9,09362,1","9,9,999,9,+000,1",,"SYN06443125 32997 11402 10296 20113 39362 40079 80000 333 10315 58000=",
"43125099999","2022-02-15T03:00:00","4","17.9166666","77.5333333","663.0","BIDAR, IN","FM-12","99999","V020","180,1,N,0010,1","22000,1,9,N","010000,1,9,9","+0204,1","+0156,1","10135,1",,,,,"00,1,+99999,9,99,9",,,"9,AGL   ,+99999,+99999","01,99,1,00,1,99,9,99999,9,99,9,99,9","240,M,+0315,1","240,N,+0175,1","99999,9,09392,1","9,9,999,9,+000,1",,"SYN08043125 32997 11802 10204 20156 39392 40135 80000 333 10315 20175 58000 555 10000=",
"43125099999","2022-02-15T12:00:00","4","17.9166666","77.5333333","663.0","BIDAR, IN","FM-12","99999","V020","230,1,N,0010,1","22000,1,9,N","010000,1,9,9","+0284,1","+0127,1","10071,1",,,,,"03,2,+99999,9,99,9",,,"9,AGL   ,+99999,+99999","01,99,2,03,2,99,9,99999,9,99,9,99,9","240,M,+0310,1",,"99999,9,09352,1","9,9,999,9,-010,1",,"SYN06443125 32997 12302 10284 20127 39352 40071 83000 333 10310 59010=",
"43125099999","2022-02-16T12:00:00","4","17.9166666","77.5333333","663.0","BIDAR, IN","FM-12","99999","V020","230,1,N,0010,1","22000,1,9,N","010000,1,9,9","+0282,1","+0133,1","10050,1",,,,,"02,2,+99999,9,99,9",,,"9,AGL   ,+99999,+99999","01,99,2,02,2,99,9,99999,9,99,9,99,9","240,M,+0306,1",,"99999,9,09332,1","9,9,999,9,-020,1",,"SYN06443125 32997 12302 10282 20133 39332 40050 82000 333 10306 59020=",
"43125099999","2022-02-17T03:00:00","4","17.9166666","77.5333333","663.0","BIDAR, IN","FM-12","99999","V020","180,1,N,0010,1","22000,1,9,N","010000,1,9,9","+0224,1","+0153,1","10116,1",,,,,"00,1,+99999,9,99,9",,,"9,AGL   ,+99999,+99999","01,99,1,00,1,99,9,99999,9,99,9,99,9","240,M,+0306,1","240,N,+0185,1","99999,9,09380,1","9,9,999,9,-002,1",,"SYN08043125 32997 11802 10224 20153 39380 40116 80000 333 10306 20185 59002 555 10000=",
"43125099999","2022-02-18T12:00:00","4","17.9166666","77.5333333","663.0","BIDAR, IN","FM-12","99999","V020","140,1,N,0010,1","22000,1,9,N","010000,1,9,9","+0280,1","+0134,1","10076,1",,,,,"02,2,+99999,9,99,9",,,"9,AGL   ,+99999,+99999","01,99,2,02,2,99,9,99999,9,99,9,99,9","240,M,+0310,1",,"99999,9,09354,1","9,9,999,9,+014,1",,"SYN06443125 32997 11402 10280 20134 39354 40076 82000 333 10310 58014=",
"43125099999","2022-02-19T12:00:00","4","17.9166666","77.5333333","663.0","BIDAR, IN","FM-12","99999","V020","230,1,N,0010,1","22000,1,9,N","010000,1,9,9","+0304,1","+0116,1","10088,1",,,,,"01,1,+99999,9,99,9",,,"9,AGL   ,+99999,+99999","01,99,1,01,1,99,9,99999,9,99,9,99,9","240,M,+0330,1",,"99999,9,09372,1","9,9,999,9,+018,1",,"SYN06443125 32997 12302 10304 20116 39372 40088 81000 333 10330 58018=",
"43125099999","2022-02-20T03:00:00","4","17.9166666","77.5333333","663.0","BIDAR, IN","FM-12","99999","V020","230,1,N,0010,1","22000,1,9,N","010000,1,9,9","+0248,1","+0121,1","10130,1",,,,,"00,1,+99999,9,99,9",,,"9,AGL   ,+99999,+99999","01,99,1,00,1,99,9,99999,9,99,9,99,9","240,M,+0330,1","240,N,+0185,1","99999,9,09398,1","9,9,999,9,-002,1",,"SYN08043125 32997 12302 10248 20121 39398 40130 80000 333 10330 20185 59002 555 10000=",
"43125099999","2022-02-21T12:00:00","4","17.9166666","77.5333333","663.0","BIDAR, IN","FM-12","99999","V020","050,1,N,0010,1","22000,1,9,N","010000,1,9,9","+0290,1","+0099,1","10079,1",,,,,"00,1,+99999,9,99,9",,,"9,AGL   ,+99999,+99999","01,99,1,00,1,99,9,99999,9,99,9,99,9","240,M,+0325,1",,"99999,9,09360,1","9,9,999,9,+000,1",,"SYN06443125 32997 10502 10290 20099 39360 40079 80000 333 10325 58000=",
"43125099999","2022-02-22T12:00:00","4","17.9166666","77.5333333","663.0","BIDAR, IN","FM-12","99999","V020","090,1,N,0010,1","22000,1,9,N","010000,1,9,9","+0306,1","+0084,1","10088,1",,,,,"00,1,+99999,9,99,9",,,"9,AGL   ,+99999,+99999","01,99,1,00,1,99,9,99999,9,99,9,99,9","240,M,+0334,1",,"99999,9,09372,1","9,9,999,9,+012,1",,"SYN06443125 32997 10902 10306 20084 39372 40088 80000 333 10334 58012=",
"43125099999","2022-02-25T12:00:00","4","17.9166666","77.5333333","663.0","BIDAR, IN","FM-12","99999","V020","140,1,N,0010,1","22000,1,9,N","010000,1,9,9","+0300,1","+0095,1","10115,1",,,,,"02,2,+99999,9,99,9",,,"9,AGL   ,+99999,+99999","01,99,2,02,2,99,9,99999,9,99,9,99,9","240,M,+0336,1",,"99999,9,09395,1","9,9,999,9,-005,1",,"SYN06443125 32997 11402 10300 20095 39395 40115 82000 333 10336 59005=",
"43125099999","2022-02-26T03:00:00","4","17.9166666","77.5333333","663.0","BIDAR, IN","FM-12","99999","V020","180,1,N,0010,1","22000,1,9,N","010000,1,9,9","+0216,1","+0140,1","10164,1",,,,,,,,"9,AGL   ,+99999,+99999","01,99,1,99,9,99,9,99999,9,99,9,99,9","240,M,+0336,1","240,N,+0166,1","99999,9,09422,1","9,9,999,9,-008,1",,"SYN07443125 32997 11802 10216 20140 39422 40164 333 10336 20166 59008 555 10000=",
"43125099999","2022-02-26T12:00:00","4","17.9166666","77.5333333","663.0","BIDAR, IN","FM-12","99999","V020","140,1,N,0010,1","22000,1,9,N","010000,1,9,9","+0300,1","+0090,1","10115,1",,,,,"01,1,+99999,9,99,9",,,"9,AGL   ,+99999,+99999","01,99,1,01,1,99,9,99999,9,99,9,99,9","240,M,+0336,1",,"99999,9,09395,1","9,9,999,9,+000,1",,"SYN06443125 32997 11402 10300 20090 39395 40115 81000 333 10336 58000=",
"43125099999","2022-02-27T03:00:00","4","17.9166666","77.5333333","663.0","BIDAR, IN","FM-12","99999","V020","230,1,N,0010,1","22000,1,9,N","010000,1,9,9","+0224,1","+0170,1","10173,1",,,,,,,,"9,AGL   ,+99999,+99999","01,99,1,99,9,99,9,99999,9,99,9,99,9","240,M,+0336,1","240,N,+0170,1","99999,9,09432,1","9,9,999,9,+010,1",,"SYN07443125 32997 12302 10224 20170 39432 40173 333 10336 20170 58010 555 10000=",
"43125099999","2022-02-27T12:00:00","4","17.9166666","77.5333333","663.0","BIDAR, IN","FM-12","99999","V020","050,1,N,0010,1","22000,1,9,N","010000,1,9,9","+0300,1","+0095,1","10118,1",,,,,"02,2,+99999,9,99,9",,,"9,AGL   ,+99999,+99999","01,99,2,02,2,99,9,99999,9,99,9,99,9","240,M,+0332,1",,"99999,9,09398,1","9,9,999,9,+003,1",,"SYN06443125 32997 10502 10300 20095 39398 40118 82000 333 10332 58003=",
"43125099999","2022-02-28T03:00:00","4","17.9166666","77.5333333","663.0","BIDAR, IN","FM-12","99999","V020","140,1,N,0010,1","22000,1,9,N","010000,1,9,9","+0240,1","+0092,1","10178,1",,,,,,,,"9,AGL   ,+99999,+99999","01,99,1,99,9,99,9,99999,9,99,9,99,9","240,M,+0332,1","240,N,+0168,1","99999,9,09440,1","9,9,999,9,+008,1",,"SYN07443125 32997 11402 10240 20092 39440 40178 333 10332 20168 58008 555 10000=",
"43125099999","2022-03-01T03:00:00","4","17.9166666","77.5333333","663.0","BIDAR, IN","FM-12","99999","V020","160,1,N,0010,1","22000,1,9,N","010000,1,9,9","+0256,1","+0110,1","10153,1",,,,,,,,"9,AGL   ,+99999,+99999","01,99,1,99,9,99,9,99999,9,99,9,99,9","240,M,+0335,1","240,N,+0160,1","99999,9,09422,1","9,9,999,9,-018,1",,"SYN07443125 32997 11602 10256 20110 39422 40153 333 10335 20160 59018 555 10000=",
"43125099999","2022-03-02T03:00:00","4","17.9166666","77.5333333","663.0","BIDAR, IN","FM-12","99999","V020","180,1,N,0010,1","99999,9,9,N","010000,1,9,9","+0250,1","+0092,1","10152,1",,,,,,,,,,"240,M,+0336,1","240,N,+0175,1","99999,9,09418,1","9,9,999,9,-004,1",,"SYN07443125 32997 01802 10250 20092 39418 40152 333 10336 20175 59004 555 10000=",
"43125099999","2022-03-02T12:00:00","4","17.9166666","77.5333333","663.0","BIDAR, IN","FM-12","99999","V020","070,1,N,0010,1","22000,1,9,N","010000,1,9,9","+0306,1","+0089,1","10107,1",,,,,"02,2,+99999,9,99,9",,,"9,AGL   ,+99999,+99999","01,99,2,02,2,99,9,99999,9,99,9,99,9","240,M,+0332,1",,"99999,9,09390,1","9,9,999,9,+000,1",,"SYN06443125 32997 10702 10306 20089 39390 40107 82000 333 10332 58000=",
"43125099999","2022-03-03T12:00:00","4","17.9166666","77.5333333","663.0","BIDAR, IN","FM-12","99999","V020","140,1,N,0010,1","22000,1,9,N","010000,1,9,9","+0306,1","+0089,1","10104,1",,,,,"03,2,+99999,9,99,9",,,"9,AGL   ,+99999,+99999","01,99,2,03,2,99,9,99999,9,99,9,99,9","240,M,+0340,1",,,"9,9,999,9,-002,1",,"SYN06443125 32997 11402 10306 20089 34388 40104 83000 333 10340 59002=",
"43125099999","2022-03-04T03:00:00","4","17.9166666","77.5333333","663.0","BIDAR, IN","FM-12","99999","V020","180,1,N,0010,1","99999,9,9,N","010000,1,9,9","+0240,1","+0123,1","10156,1",,,,,,,,,,"240,M,+0340,1","240,N,+0174,1","99999,9,09420,1","9,9,999,9,+008,1",,"SYN07443125 32997 01802 10240 20123 39420 40156 333 10340 20174 58008 555 10000=",
"43125099999","2022-03-05T03:00:00","4","17.9166666","77.5333333","663.0","BIDAR, IN","FM-12","99999","V020","020,1,N,0154,1","22000,1,9,N","000200,1,9,9","+9999,9","+0114,1","10151,1",,,,,"99,9,+00250,1,99,9",,,"9,AGL   ,+99999,+99999","01,99,1,99,9,99,9,00250,1,99,9,99,9","240,M,+0332,1","240,N,+0180,1","99999,9,09412,1","9,9,999,9,-008,1",,"SYN06843125 02302 10230 20114 39412 40151 333 10332 20180 59008 555 10000=",
"43125099999","2022-03-05T12:00:00","4","17.9166666","77.5333333","663.0","BIDAR, IN","FM-12","99999","V020","090,1,N,0010,1","22000,1,9,N","010000,1,9,9","+0300,1","+0090,1","10090,1",,,,,"02,2,+99999,9,99,9",,,"9,AGL   ,+99999,+99999","01,99,2,02,2,99,9,99999,9,99,9,99,9","240,M,+0326,1",,"99999,9,09372,1","9,9,999,9,-016,1",,"SYN06443125 32997 10902 10300 20090 39372 40090 82000 333 10326 59016=",
"43125099999","2022-03-06T03:00:00","4","17.9166666","77.5333333","663.0","BIDAR, IN","FM-12","99999","V020","180,1,N,0010,1","99999,9,9,N","010000,1,9,9","+0246,1","+0130,1","10142,1",,,,,,,,,,"240,M,+0326,1","240,N,+0176,1","99999,9,09410,1","9,9,999,9,-002,1",,"SYN07443125 32997 01802 10246 20130 39410 40142 333 10326 20176 59002 555 10000=",
"43125099999","2022-03-07T03:00:00","4","17.9166666","77.5333333","663.0","BIDAR, IN","FM-12","99999","V020","230,1,N,0010,1","22000,1,9,N","010000,1,9,9","+0232,1","+0148,1","10148,1",,,,,,,,"9,AGL   ,+99999,+99999","01,99,1,99,9,99,9,99999,9,99,9,99,9","240,M,+0324,1","240,N,+0175,1","99999,9,09412,1","9,9,999,9,+002,1",,"SYN07443125 32997 12302 10232 20148 39412 40148 333 10324 20175 58002 555 10000=",
"43125099999","2022-03-08T03:00:00","4","17.9166666","77.5333333","663.0","BIDAR, IN","FM-12","99999","V020","270,1,N,0010,1","22000,1,9,N","010000,1,9,9","+0242,1","+0133,1","10146,1",,,,,,,,"9,AGL   ,+99999,+99999","01,99,1,99,9,99,9,99999,9,99,9,99,9","240,M,+0322,1","240,N,+0178,1","99999,9,09412,1","9,9,999,9,+000,1",,"SYN07443125 32997 12702 10242 20133 39412 40146 333 10322 20178 58000 555 10000=",
"43125099999","2022-03-09T03:00:00","4","17.9166666","77.5333333","663.0","BIDAR, IN","FM-12","99999","V020","160,1,N,0010,1","22000,1,9,N","010000,1,9,9","+0256,1","+0135,1","10151,1",,,,,,,,"9,AGL   ,+99999,+99999","01,99,1,99,9,99,9,99999,9,99,9,99,9","240,M,+0330,1","240,N,+0168,1","99999,9,09420,1","9,9,999,9,+008,1",,"SYN07443125 32997 11602 10256 20135 39420 40151 333 10330 20168 58008 555 10000=",
"43125099999","2022-03-10T03:00:00","4","17.9166666","77.5333333","663.0","BIDAR, IN","FM-12","99999","V020","020,1,N,0010,1","22000,1,9,N","010000,1,9,9","+0236,1","+0109,1","10145,1",,,,,"03,2,+99999,9,99,9",,,"9,AGL   ,+99999,+99999","01,99,2,03,2,99,9,99999,9,99,9,99,9","240,M,+0342,1","240,N,+0185,1","99999,9,09410,1","9,9,999,9,-010,1",,"SYN08043125 32997 10202 10236 20109 39410 40145 83000 333 10342 20185 59010 555 10000=",
"43125099999","2022-03-12T03:00:00","4","17.9166666","77.5333333","663.0","BIDAR, IN","FM-12","99999","V020","320,1,N,0010,1","99999,9,9,N","010000,1,9,9","+0232,1","+0166,1","10146,1","24,0010,3,1",,,,,,,,,"240,M,+0335,1","240,N,+0205,1","99999,9,09410,1","9,9,999,9,+000,1",,"SYN09243125 22997 03202 10232 20166 39410 40146 333 10335 20205 58000 6001/ 70010 555 00010 10001=",
"43125099999","2022-03-13T03:00:00","4","17.9166666","77.5333333","663.0","BIDAR, IN","FM-12","99999","V020","180,1,N,0010,1","99999,9,9,N","010000,1,9,9","+0242,1","+0149,1","10146,1",,,,,,,,,,"240,M,+0316,1","240,N,+0170,1","99999,9,09412,1","9,9,999,9,+002,1",,"SYN07443125 32997 01802 10242 20149 39412 40146 333 10316 20170 58002 555 10001=",
"43125099999","2022-03-15T03:00:00","4","17.9166666","77.5333333","663.0","BIDAR, IN","FM-12","99999","V020","090,1,N,0010,1","22000,1,9,N","010000,1,9,9","+0302,1","+0066,1","10109,1",,,,,,,,"9,AGL   ,+99999,+99999","01,99,1,99,9,99,9,99999,9,99,9,99,9","240,M,+0350,1","240,N,+0145,1","99999,9,09392,1","9,9,999,9,-020,1",,"SYN07443125 32997 10902 10302 20066 39392 40109 333 10350 20145 59020 555 10001=",
"43125099999","2022-03-15T12:00:00","4","17.9166666","77.5333333","663.0","BIDAR, IN","FM-12","99999","V020","050,1,N,0010,1","22000,1,9,N","010000,1,9,9","+0332,1","+0063,1","10061,1",,,,,"00,1,+99999,9,99,9",,,"9,AGL   ,+99999,+99999","01,99,1,00,1,99,9,99999,9,99,9,99,9","240,M,+0354,1",,"99999,9,09354,1","9,9,999,9,-018,1",,"SYN06443125 32997 10502 10332 20063 39354 40061 80000 333 10354 59018=",
"43125099999","2022-03-18T03:00:00","4","17.9166666","77.5333333","663.0","BIDAR, IN","FM-12","99999","V020","270,1,N,0010,1","22000,1,9,N","010000,1,9,9","+0294,1","+0105,1","10083,1",,,,,,,,"9,AGL   ,+99999,+99999","01,99,1,99,9,99,9,99999,9,99,9,99,9","240,M,+0374,1","240,N,+0182,1","99999,9,09366,1","9,9,999,9,-012,1",,"SYN07443125 32997 12702 10294 20105 39366 40083 333 10374 20182 59012 555 10001=",
"43125099999","2022-03-19T03:00:00","4","17.9166666","77.5333333","663.0","BIDAR, IN","FM-12","99999","V020","250,1,N,0010,1","22000,1,9,N","010000,1,9,9","+0260,1","+0163,1","10089,1",,,,,"02,2,+99999,9,06,1",,,"9,AGL   ,+99999,+99999","01,99,2,02,2,99,9,99999,9,99,9,99,9","240,M,+0376,1","240,N,+0220,1","99999,9,09362,1","9,9,999,9,-004,1",,"SYN08043125 32997 12502 10260 20163 39362 40089 82500 333 10376 20220 59004 555 10001=",
"43125099999","2022-03-20T03:00:00","4","17.9166666","77.5333333","663.0","BIDAR, IN","FM-12","99999","V020","230,1,N,0010,1","22000,1,9,N","010000,1,9,9","+0254,1","+0177,1","10089,1",,,,,"99,9,+99999,9,00,1",,,"9,AGL   ,+99999,+99999","01,99,1,00,1,99,9,99999,9,99,9,99,9","240,M,+0376,1","240,N,+0230,1","99999,9,09362,1","9,9,999,9,-002,1",,"SYN08043125 32997 12302 10254 20177 39362 40089 80001 333 10376 20230 59002 555 10001=","Q01    003SCCGA1"
"43125099999","2022-03-21T03:00:00","4","17.9166666","77.5333333","663.0","BIDAR, IN","FM-12","99999","V020","300,1,N,0010,1","22000,1,9,N","010000,1,9,9","+0266,1","+0167,1","10086,1",,,,,"02,2,+99999,9,99,9",,,"9,AGL   ,+99999,+99999","01,99,2,02,2,99,9,99999,9,99,9,99,9","240,M,+0360,1","240,N,+0216,1","99999,9,09362,1","9,9,999,9,+000,1",,"SYN08043125 32997 13002 10266 20167 39362 40086 82000 333 10360 20216 58000 555 10001=",
"43125099999","2022-03-22T03:00:00","4","17.9166666","77.5333333","663.0","BIDAR, IN","FM-12","99999","V020","230,1,N,0010,1","22000,1,9,N","010000,1,9,9","+0280,1","+0194,1","10092,1",,,,,"00,1,+99999,9,99,9",,,"9,AGL   ,+99999,+99999","01,99,1,00,1,99,9,99999,9,99,9,99,9","240,M,+0370,1","240,N,+0230,1","99999,9,09370,1","9,9,999,9,+008,1",,"SYN08043125 32997 12302 10280 20194 39370 40092 80000 333 10370 20230 58008 555 10001=",
"43125099999","2022-03-23T03:00:00","4","17.9166666","77.5333333","663.0","BIDAR, IN","FM-12","99999","V020","230,1,N,0010,1","22000,1,9,N","010000,1,9,9","+0280,1","+0180,1","10092,1",,,,,"00,1,+99999,9,99,9",,,"9,AGL   ,+99999,+99999","01,99,1,00,1,99,9,99999,9,99,9,99,9","240,M,+0362,1","240,N,+0205,1","99999,9,09370,1","9,9,999,9,+000,1",,"SYN08043125 32997 12302 10280 20180 39370 40092 80000 333 10362 20205 58000 555 10001=",
"43125099999","2022-03-24T03:00:00","4","17.9166666","77.5333333","663.0","BIDAR, IN","FM-12","99999","V020","200,1,N,0010,1","22000,1,9,N","010000,1,9,9","+0274,1","+0222,1","10092,1",,,,,"99,9,+99999,9,03,1",,,"9,AGL   ,+99999,+99999","03,99,1,00,1,99,9,99999,9,99,9,99,9","240,M,+0366,1","240,N,+0232,1","99999,9,09370,1","9,9,999,9,+000,1",,"SYN07043125 32997 32002 10274 20222 39370 40092 80030 333 10366 20232 58000=","Q01    003SCCGA1"
"43125099999","2022-03-25T03:00:00","4","17.9166666","77.5333333","663.0","BIDAR, IN","FM-12","99999","V020","230,1,N,0010,1","22000,1,9,N","010000,1,9,9","+0256,1","+0218,1","10100,1",,,,,"03,1,+99999,9,06,1",,,"9,AGL   ,+99999,+99999","03,99,1,03,1,99,9,99999,9,99,9,99,9","240,M,+0366,1","240,N,+0228,1","99999,9,09372,1","9,9,999,9,+002,1",,"SYN08043125 32997 32302 10256 20218 39372 40100 83500 333 10366 20228 58002 555 10001=",
"43125099999","2022-03-27T03:00:00","4","17.9166666","77.5333333","663.0","BIDAR, IN","FM-12","99999","V020","300,1,N,0010,1","22000,1,9,N","010000,1,9,9","+0290,1","+0205,1","10124,1",,,,,"00,1,+99999,9,99,9",,,"9,AGL   ,+99999,+99999","01,99,1,00,1,99,9,99999,9,99,9,99,9","240,M,+0370,1","240,N,+0230,1","99999,9,09402,1","9,9,999,9,+012,1",,"SYN08043125 32997 13002 10290 20205 39402 40124 80000 333 10370 20230 58012 555 10001=",
"43125099999","2022-03-28T03:00:00","4","17.9166666","77.5333333","663.0","BIDAR, IN","FM-12","99999","V020","230,1,N,0010,1","22000,1,9,N","010000,1,9,9","+0288,1","+0219,1","10124,1",,,,,"00,1,+99999,9,99,9",,,"9,AGL   ,+99999,+99999","01,99,1,00,1,99,9,99999,9,99,9,99,9","240,M,+0374,1","240,N,+0208,1","99999,9,09402,1","9,9,999,9,+000,1",,"SYN08043125 32997 12302 10288 20219 39402 40124 80000 333 10374 20208 58000 555 10001=",
"43125099999","2022-03-29T03:00:00","4","17.9166666","77.5333333","663.0","BIDAR, IN","FM-12","99999","V020","250,1,N,0010,1","22000,1,9,N","010000,1,9,9","+0302,1","+0185,1","10106,1",,,,,"00,1,+99999,9,99,9",,,"9,AGL   ,+99999,+99999","01,99,1,00,1,99,9,99999,9,99,9,99,9","240,M,+0386,1","240,N,+0194,1","99999,9,09390,1","9,9,999,9,-012,1",,"SYN08043125 32997 12502 10302 20185 39390 40106 80000 333 10386 20194 59012 555 10001=",
"43125099999","2022-03-30T03:00:00","4","17.9166666","77.5333333","663.0","BIDAR, IN","FM-12","99999","V020","050,1,N,0010,1","22000,1,9,N","010000,1,9,9","+0300,1","+0085,1","10100,1",,,,,,,,"9,AGL   ,+99999,+99999","01,99,1,99,9,99,9,99999,9,99,9,99,9","240,M,+0390,1","240,N,+0180,1","99999,9,09382,1","9,9,999,9,-008,1",,"SYN07443125 32997 10502 10300 20085 39382 40100 333 10390 20180 59008 555 10001=",
"43125099999","2022-03-31T03:00:00","4","17.9166666","77.5333333","663.0","BIDAR, IN","FM-12","99999","V020","300,1,N,0010,1","22000,1,9,N","010000,1,9,9","+0300,1","+0095,1","10100,1",,,,,"00,1,+99999,9,99,9",,,"9,AGL   ,+99999,+99999","01,99,1,00,1,99,9,99999,9,99,9,99,9","240,M,+0392,1","240,N,+0195,1","99999,9,09382,1","9,9,999,9,+000,1",,"SYN08043125 32997 13002 10300 20095 39382 40100 80000 333 10392 20195 58000 555 10001=",
"43125099999","2022-04-01T03:00:00","4","17.9166666","77.5333333","663.0","BIDAR, IN","FM-12","99999","V020","360,1,N,0010,1","22000,1,9,N","010000,1,9,9","+0302,1","+0108,1","10090,1",,,,,"00,1,+99999,9,99,9",,,"9,AGL   ,+99999,+99999","01,99,1,00,1,99,9,99999,9,99,9,99,9","240,M,+0394,1","240,N,+0188,1","99999,9,09374,1","9,9,999,9,-008,1",,"SYN08043125 32997 13602 10302 20108 39374 40090 80000 333 10394 20188 59008 555 10001=",
"43125099999","2022-04-02T03:00:00","4","17.9166666","77.5333333","663.0","BIDAR, IN","FM-12","99999","V020","230,1,N,0010,1","22000,1,9,N","010000,1,9,9","+0302,1","+0219,1","10109,1",,,,,,,,"9,AGL   ,+99999,+99999","01,99,1,99,9,99,9,99999,9,99,9,99,9","240,M,+0398,1","240,N,+0224,1","99999,9,09392,1","9,9,999,9,+018,1",,"SYN07443125 32997 12302 10302 20219 39392 40109 333 10398 20224 58018 555 10001=",
"43125099999","2022-04-03T03:00:00","4","17.9166666","77.5333333","663.0","BIDAR, IN","FM-12","99999","V020","180,1,N,0010,1","22000,1,9,N","010000,1,9,9","+0290,1","+0224,1","10114,1",,,,,,,,"9,AGL   ,+99999,+99999","01,99,1,99,9,99,9,99999,9,99,9,99,9","240,M,+0390,1","240,N,+0235,1","99999,9,09392,1","9,9,999,9,+000,1",,"SYN07443125 32997 11802 10290 20224 39392 40114 333 10390 20235 58000 555 10001=",
"43125099999","2022-04-04T03:00:00","4","17.9166666","77.5333333","663.0","BIDAR, IN","FM-12","99999","V020","230,1,N,0010,1","22000,1,9,N","010000,1,9,9","+0290,1","+0185,1","10114,1",,,,,,,,"9,AGL   ,+99999,+99999","01,99,1,99,9,99,9,99999,9,99,9,99,9","240,M,+0380,1","240,N,+0238,1","99999,9,09392,1","9,9,999,9,+000,1",,"SYN07443125 32997 12302 10290 20185 39392 40114 333 10380 20238 58000 555 10001=",
"43125099999","2022-04-06T12:00:00","4","17.9166666","77.5333333","663.0","BIDAR, IN","FM-12","99999","V020","050,1,N,0010,1","22000,1,9,N","010000,1,9,9","+0360,1","+0141,1","10067,1",,,,,"02,1,+99999,9,06,1",,,"9,AGL   ,+99999,+99999","02,99,1,02,1,99,9,99999,9,99,9,99,9","240,M,+0384,1",,"99999,9,09365,1","9,9,999,9,-005,1",,"SYN06443125 32997 20502 10360 20141 39365 40067 82500 333 10384 59005=",
"43125099999","2022-04-11T03:00:00","4","17.9166666","77.5333333","663.0","BIDAR, IN","FM-12","99999","V020","140,1,N,0010,1","22000,1,9,N","010000,1,9,9","+0276,1","+0192,1","10103,1",,,,,"02,1,+99999,9,06,1",,,"9,AGL   ,+99999,+99999","02,99,1,02,1,99,9,99999,9,99,9,99,9","240,M,+0382,1","240,N,+0240,1","99999,9,09380,1","9,9,999,9,-002,1",,"SYN08043125 32997 21402 10276 20192 39380 40103 82500 333 10382 20240 59002 555 10001=",
"43125099999","2022-04-12T03:00:00","4","17.9166666","77.5333333","663.0","BIDAR, IN","FM-12","99999","V020","230,1,N,0010,1","22000,1,9,N","010000,1,9,9","+0294,1","+0207,1","10090,1",,,,,"99,9,+99999,9,09,1",,,"9,AGL   ,+99999,+99999","02,99,1,00,1,99,9,99999,9,99,9,99,9","240,M,+0386,1","240,N,+0250,1","99999,9,09372,1","9,9,999,9,-008,1",,"SYN08043125 32997 22302 10294 20207 39372 40090 80300 333 10386 20250 59008 555 10001=","Q01    003SCCGA1"
"43125099999","2022-04-13T03:00:00","4","17.9166666","77.5333333","663.0","BIDAR, IN","FM-12","99999","V020","180,1,N,0010,1","22000,1,9,N","010000,1,9,9","+0296,1","+0206,1","10081,1",,,,,"99,9,+99999,9,00,1",,,"9,AGL   ,+99999,+99999","01,99,1,00,1,99,9,99999,9,99,9,99,9","240,M,+0385,1","240,N,+0235,1","99999,9,09364,1","9,9,999,9,-008,1",,"SYN08043125 32997 11802 10296 20206 39364 40081 80001 333 10385 20235 59008 555 10001=","Q01    003SCCGA1"
"43125099999","2022-04-14T12:00:00","4","17.9166666","77.5333333","663.0","BIDAR, IN","FM-12","99999","V020","050,1,N,0010,1","22000,1,9,N","010000,1,9,9","+0362,1","+0196,1","10030,1",,,,,"02,1,+00450,1,06,1",,,"9,AGL   ,+99999,+99999","02,99,1,02,1,99,9,00450,1,99,9,99,9","240,M,+0384,1",,"99999,9,09332,1","9,9,999,9,+000,1",,"SYN06443125 32497 20502 10362 20196 39332 40030 82500 333 10384 58000=",
"43125099999","2022-04-15T12:00:00","4","17.9166666","77.5333333","663.0","BIDAR, IN","FM-12","99999","V020","140,1,N,0010,1","22000,1,9,N","010000,1,9,9","+0314,1","+0193,1","10039,1",,,,,"04,1,+99999,9,03,1",,,"9,AGL   ,+99999,+99999","04,99,1,04,1,99,9,99999,9,99,9,99,9","240,M,+0375,1",,"99999,9,09330,1","9,9,999,9,-002,1",,"SYN06443125 32997 41402 10314 20193 39330 40039 84030 333 10375 59002=",
"43125099999","2022-04-18T03:00:00","4","17.9166666","77.5333333","663.0","BIDAR, IN","FM-12","99999","V020","230,1,N,0010,1","22000,1,9,N","010000,1,9,9","+0280,1","+0209,1","10103,1",,,,,,,,"9,AGL   ,+99999,+99999","01,99,1,99,9,99,9,99999,9,99,9,99,9","240,M,+0390,1","240,N,+0245,1","99999,9,09380,1","9,9,999,9,+020,1",,"SYN07443125 32997 12302 10280 20209 39380 40103 333 10390 20245 58020 555 10001=",
"43125099999","2022-04-19T03:00:00","4","17.9166666","77.5333333","663.0","BIDAR, IN","FM-12","99999","V020","230,1,N,0010,1","22000,1,9,N","010000,1,9,9","+0300,1","+0172,1","10120,1",,,,,,,,"9,AGL   ,+99999,+99999","01,99,1,99,9,99,9,99999,9,99,9,99,9","240,M,+0386,1","240,N,+0228,1","99999,9,09400,1","9,9,999,9,+020,1",,"SYN07443125 32997 12302 10300 20172 39400 40120 333 10386 20228 58020 555 10001=",
"43125099999","2022-04-20T03:00:00","4","17.9166666","77.5333333","663.0","BIDAR, IN","FM-12","99999","V020","300,1,N,0010,1","22000,1,9,N","010000,1,9,9","+0314,1","+0167,1","10088,1",,,,,,,,"9,AGL   ,+99999,+99999","01,99,1,99,9,99,9,99999,9,99,9,99,9","240,M,+0395,1","240,N,+0250,1","99999,9,09374,1","9,9,999,9,-026,1",,"SYN07443125 32997 13002 10314 20167 39374 40088 333 10395 20250 59026 555 10001=",
"43125099999","2022-04-21T03:00:00","4","17.9166666","77.5333333","663.0","BIDAR, IN","FM-12","99999","V020","320,1,N,0010,1","99999,9,9,N","010000,1,9,9","+0320,1","+0156,1","10076,1",,,,,,,,,,"240,M,+0392,1","240,N,+0254,1","99999,9,09364,1","9,9,999,9,-010,1",,"SYN07443125 32997 03202 10320 20156 39364 40076 333 10392 20254 59010 555 10001=",
"43125099999","2022-04-22T03:00:00","4","17.9166666","77.5333333","663.0","BIDAR, IN","FM-12","99999","V020","360,1,N,0010,1","22000,1,9,N","010000,1,9,9","+0290,1","+0195,1","10112,1",,,,,"99,9,+99999,9,06,1",,,"9,AGL   ,+99999,+99999","02,99,1,00,1,99,9,99999,9,99,9,99,9","240,M,+0400,1","240,N,+0245,1","99999,9,09390,1","9,9,999,9,+026,1",,"SYN08043125 32997 23602 10290 20195 39390 40112 80500 333 10400 20245 58026 555 10001=","Q01    003SCCGA1"
"43125099999","2022-04-23T03:00:00","4","17.9166666","77.5333333","663.0","BIDAR, IN","FM-12","99999","V020","230,1,N,0010,1","22000,1,9,N","010000,1,9,9","+0290,1","+0221,1","10112,1",,,,,"99,9,+99999,9,06,1",,,"9,AGL   ,+99999,+99999","02,99,1,00,1,99,9,99999,9,99,9,99,9","240,M,+0366,1","240,N,+0245,1","99999,9,09390,1","9,9,999,9,+000,1",,"SYN08043125 32997 22302 10290 20221 39390 40112 80500 333 10366 20245 58000 555 10001=","Q01    003SCCGA1"
"43125099999","2022-04-25T03:00:00","4","17.9166666","77.5333333","663.0","BIDAR, IN","FM-12","99999","V020","050,1,N,0010,1","22000,1,9,N","010000,1,9,9","+0292,1","+0194,1","10106,1",,,,,"99,9,+99999,9,06,1",,,"9,AGL   ,+99999,+99999","02,99,1,00,1,99,9,99999,9,99,9,99,9","240,M,+0364,1","240,N,+0205,1","99999,9,09388,1","9,9,999,9,-014,1",,"SYN08043125 32997 20502 10292 20194 39388 40106 80500 333 10364 20205 59014 555 10010=","Q01    003SCCGA1"
"43125099999","2022-04-26T03:00:00","4","17.9166666","77.5333333","663.0","BIDAR, IN","FM-12","99999","V020","270,1,N,0010,1","22000,1,9,N","010000,1,9,9","+0292,1","+0187,1","10106,1",,,,,"02,1,+99999,9,06,1",,,"9,AGL   ,+99999,+99999","02,99,1,02,1,99,9,99999,9,99,9,99,9","240,M,+0384,1","240,N,+0252,1","99999,9,09388,1","9,9,999,9,+000,1",,"SYN08043125 32997 22702 10292 20187 39388 40106 82500 333 10384 20252 58000 555 10010=",
"43125099999","2022-04-26T12:00:00","4","17.9166666","77.5333333","663.0","BIDAR, IN","FM-12","99999","V020","140,1,N,0010,1","22000,1,9,N","010000,1,9,9","+0360,1","+0175,1","10043,1",,,,,"99,9,+99999,9,06,1",,,"9,AGL   ,+99999,+99999","02,99,1,00,1,99,9,99999,9,99,9,99,9","240,M,+0390,1",,"99999,9,09342,1","9,9,999,9,+004,1",,"SYN06443125 32997 21402 10360 20175 39342 40043 80500 333 10390 58004=","Q01    003SCCGA1"
"43125099999","2022-04-27T03:00:00","4","17.9166666","77.5333333","663.0","BIDAR, IN","FM-12","99999","V020","140,1,N,0010,1","22000,1,9,N","010000,1,9,9","+0308,1","+0182,1","10104,1",,,,,,,,"9,AGL   ,+99999,+99999","01,99,1,99,9,99,9,99999,9,99,9,99,9","240,M,+0390,1","240,N,+0215,1","99999,9,09388,1","9,9,999,9,+000,1",,"SYN07443125 32997 11402 10308 20182 39388 40104 333 10390 20215 58000 555 10010=",
"43125099999","2022-04-28T03:00:00","4","17.9166666","77.5333333","663.0","BIDAR, IN","FM-12","99999","V020","230,1,N,0010,1","99999,9,9,N","010000,1,9,9","+0320,1","+0217,1","10092,1",,,,,,,,,,"240,M,+0400,1","240,N,+0250,1","99999,9,09378,1","9,9,999,9,-010,1",,"SYN07443125 32997 02302 10320 20217 39378 40092 333 10400 20250 59010 555 10010=",
"43125099999","2022-04-29T03:00:00","4","17.9166666","77.5333333","663.0","BIDAR, IN","FM-12","99999","V020","250,1,N,0010,1","22000,1,9,N","010000,1,9,9","+0292,1","+0191,1","10082,1",,,,,,,,"9,AGL   ,+99999,+99999","01,99,1,99,9,99,9,99999,9,99,9,99,9","240,M,+0400,1","240,N,+0234,1","99999,9,09365,1","9,9,999,9,-013,1",,"SYN07443125 32997 12502 10292 20191 39365 40082 333 10400 20234 59013 555 10010=",
"43125099999","2022-05-01T03:00:00","4","17.9166666","77.5333333","663.0","BIDAR, IN","FM-12","99999","V020","300,1,N,0010,1","22000,1,9,N","010000,1,9,9","+0310,1","+0154,1","10088,1",,,,,,,,"9,AGL   ,+99999,+99999","01,99,1,99,9,99,9,99999,9,99,9,99,9","240,M,+0400,1","240,N,+0226,1","99999,9,09372,1","9,9,999,9,+004,1",,"SYN07443125 32997 13002 10310 20154 39372 40088 333 10400 20226 58004 555 10010=",
"43125099999","2022-05-03T03:00:00","4","17.9166666","77.5333333","663.0","BIDAR, IN","FM-12","99999","V020","050,1,N,0010,1","22000,1,9,N","010000,1,9,9","+0322,1","+0178,1","10078,1",,,,,,,,"9,AGL   ,+99999,+99999","01,99,1,99,9,99,9,99999,9,99,9,99,9","240,M,+0394,1","240,N,+0250,1","99999,9,09368,1","9,9,999,9,-012,1",,"SYN07443125 32997 10502 10322 20178 39368 40078 333 10394 20250 59012 555 10010=",
"43125099999","2022-05-04T03:00:00","4","17.9166666","77.5333333","663.0","BIDAR, IN","FM-12","99999","V020","140,1,N,0010,1","22000,1,9,N","010000,1,9,9","+0250,1","+0221,1","10111,1",,,,,,,,"9,AGL   ,+99999,+99999","03,99,1,99,9,99,9,99999,9,99,9,99,9","240,M,+0400,1","240,N,+0224,1","99999,9,09380,1","9,9,999,9,+012,1",,"SYN07443125 32997 31402 10250 20221 39380 40111 333 10400 20224 58012 555 10010=",
"43125099999","2022-05-06T12:00:00","4","17.9166666","77.5333333","663.0","BIDAR, IN","FM-12","99999","V020","070,1,N,0010,1","22000,1,9,N","010000,1,9,9","+0372,1","+0176,1","10007,1",,,,,"02,1,+00450,1,06,1",,,"9,AGL   ,+99999,+99999","02,99,1,02,1,99,9,00450,1,99,9,99,9","240,M,+0395,1",,"99999,9,09312,1","9,9,999,9,-008,1",,"SYN06443125 32497 20702 10372 20176 39312 40007 82500 333 10395 59008=",
"43125099999","2022-05-10T03:00:00","4","17.9166666","77.5333333","663.0","BIDAR, IN","FM-12","99999","V020","360,1,N,0010,1","22000,1,9,N","010000,1,9,9","+0330,1","+0141,1","10027,1",,,,,"99,9,+99999,9,00,1",,,"9,AGL   ,+99999,+99999","01,99,1,00,1,99,9,99999,9,99,9,99,9","240,M,+0395,1","240,N,+0236,1","99999,9,09320,1","9,9,999,9,-010,1",,"SYN08043125 32997 13602 10330 20141 39320 40027 80001 333 10395 20236 59010 555 10010=","Q01    003SCCGA1"
"43125099999","2022-05-10T12:00:00","4","17.9166666","77.5333333","663.0","BIDAR, IN","FM-12","99999","V020","050,1,N,0010,1","99999,9,9,N","010000,1,9,9","+0372,1","+0123,1","09952,1",,,,,,,,,,"240,M,+0388,1",,"99999,9,09262,1","9,9,999,9,-022,1",,"SYN05843125 32997 00502 10372 20123 39262 49952 333 10388 59022=",
"43125099999","2022-05-11T03:00:00","4","17.9166666","77.5333333","663.0","BIDAR, IN","FM-12","99999","V020","360,1,N,0010,1","22000,1,9,N","010000,1,9,9","+0298,1","+0208,1","10026,1",,,,,"02,1,+99999,9,06,1","99,9,+99999,9,03,1",,"9,AGL   ,+99999,+99999","02,99,1,02,1,99,9,99999,9,99,9,99,9","240,M,+0388,1","240,N,+0255,1","99999,9,09312,1","9,9,999,9,-008,1",,"SYN08043125 32997 23602 10298 20208 39312 40026 82530 333 10388 20255 59008 555 10010=",
"43125099999","2022-05-16T03:00:00","4","17.9166666","77.5333333","663.0","BIDAR, IN","FM-12","99999","V020","320,1,N,0010,1","22000,1,9,N","010000,1,9,9","+0252,1","+0185,1","10065,1","24,0080,3,2","24,0078,3,2",,,"03,1,+00800,1,06,1",,,"9,AGL   ,+99999,+99999","03,99,1,03,1,99,9,00800,1,99,9,99,9","240,M,+0390,1","240,N,+0200,1","99999,9,09340,1","9,9,999,9,-002,1",,"SYN09843125 22597 33202 10252 20185 39340 40065 83500 333 10390 20200 59002 6008/ 70078 555 00078 10025=",
"43125099999","2022-05-17T03:00:00","4","17.9166666","77.5333333","663.0","BIDAR, IN","FM-12","99999","V020","230,1,N,0010,1","22000,1,9,N","010000,1,9,9","+0290,1","+0221,1","10050,1",,,,,,,,"9,AGL   ,+99999,+99999","01,99,1,99,9,99,9,99999,9,99,9,99,9","240,M,+0345,1","240,N,+0246,1","99999,9,09332,1","9,9,999,9,-008,1",,"SYN07443125 32997 12302 10290 20221 39332 40050 333 10345 20246 59008 555 10025=",
"43125099999","2022-05-17T12:00:00","4","17.9166666","77.5333333","663.0","BIDAR, IN","FM-12","99999","V020","230,1,N,0010,1","22000,1,9,N","010000,1,9,9","+0320,1","+0197,1","10007,1",,,,,"03,1,+99999,9,06,1","99,9,+99999,9,00,1",,"9,AGL   ,+99999,+99999","04,99,1,03,1,99,9,99999,9,99,9,99,9","240,M,+0362,1",,"99999,9,09600,2","9,9,999,9,-012,1",,"SYN06443125 32997 42302 10320 20197 39600 40007 83501 333 10362 59012=",
"43125099999","2022-05-18T03:00:00","4","17.9166666","77.5333333","663.0","BIDAR, IN","FM-12","99999","V020","360,1,N,0010,1","22000,1,9,N","010000,1,9,9","+0272,1","+0214,1","10060,1","24,0030,3,2","24,0025,3,2",,,,,,"9,AGL   ,+99999,+99999","01,99,1,99,9,99,9,99999,9,99,9,99,9","240,M,+0362,1","240,N,+0236,1","99999,9,09340,1","9,9,999,9,+008,1",,"SYN08643125 22997 13602 10272 20214 39340 40060 333 10362 20236 58008 6003/ 70025 555 10028=",
"43125099999","2022-05-19T03:00:00","4","17.9166666","77.5333333","663.0","BIDAR, IN","FM-12","99999","V020","090,1,N,0010,1","22000,1,9,N","010000,1,9,9","+0288,1","+0225,1","10062,1",,,,,"99,9,+99999,9,00,1",,,"9,AGL   ,+99999,+99999","01,99,1,00,1,99,9,99999,9,99,9,99,9","240,M,+0360,1","240,N,+0250,1","99999,9,09344,1","9,9,999,9,+004,1",,"SYN07043125 32997 10902 10288 20225 39344 40062 80001 333 10360 20250 58004=","Q01    003SCCGA1"
"43125099999","2022-05-19T12:00:00","4","17.9166666","77.5333333","663.0","BIDAR, IN","FM-12","99999","V020","140,1,N,0010,1","22000,1,9,N","010000,1,9,9","+0330,1","+0212,1","10015,1",,,,,"03,1,+99999,9,06,1",,,"9,AGL   ,+99999,+99999","03,99,1,03,1,99,9,99999,9,99,9,99,9","240,M,+0346,1",,"99999,9,09310,1","9,9,999,9,+000,1",,"SYN06443125 32997 31402 10330 20212 39310 40015 83500 333 10346 58000=",
"43125099999","2022-05-20T12:00:00","4","17.9166666","77.5333333","663.0","BIDAR, IN","FM-12","99999","V020","340,1,N,0010,1","22000,1,9,N","010000,1,9,9","+0260,1","+0232,1","10022,1",,,,,"02,1,+99999,9,06,1",,,"9,AGL   ,+99999,+99999","04,99,1,02,1,99,9,99999,9,99,9,99,9","240,M,+0340,1",,"99999,9,09000,1","9,9,999,9,-010,1",,"SYN06443125 32997 43402 10260 20232 39000 40022 82500 333 10340 59010=",
"43125099999","2022-05-21T03:00:00","4","17.9166666","77.5333333","663.0","BIDAR, IN","FM-12","99999","V020","230,1,N,0010,1","22000,1,9,N","010000,1,9,9","+0254,1","+0184,1","10065,1","24,0040,3,1",,,,,,,"9,AGL   ,+99999,+99999","01,99,1,99,9,99,9,99999,9,99,9,99,9","240,M,+0340,1","240,N,+0216,1","99999,9,09340,1","9,9,999,9,-010,1",,"SYN08643125 22997 12302 10254 20184 39340 40065 333 10340 20216 59010 6004/ 70040 555 10032=",
"43125099999","2022-05-22T12:00:00","4","17.9166666","77.5333333","663.0","BIDAR, IN","FM-12","99999","V020","230,1,N,0010,1","22000,1,9,N","010000,1,9,9","+0348,1","+0178,1","99999,9",,,,,"00,1,+99999,9,99,9",,,"9,AGL   ,+99999,+99999","01,99,1,00,1,99,9,99999,9,99,9,99,9","240,M,+0360,1",,"99999,9,09288,1","9,9,999,9,-012,1",,"SYN06443125 32997 12302 10348 20178 39288 40987 80000 333 10360 59012=","Q011098.71APOSLP"
"43125099999","2022-05-23T03:00:00","4","17.9166666","77.5333333","663.0","BIDAR, IN","FM-12","99999","V020","230,1,N,0010,1","22000,1,9,N","010000,1,9,9","+0270,1","+0202,1","10043,1",,,,,,,,"9,AGL   ,+99999,+99999","01,99,1,99,9,99,9,99999,9,99,9,99,9","240,M,+0360,1","240,N,+0224,1","99999,9,09222,1","9,9,999,9,+000,1",,"SYN07443125 32997 12302 10270 20202 39222 40043 333 10360 20224 58000 555 10032=",
"43125099999","2022-05-24T12:00:00","4","17.9166666","77.5333333","663.0","BIDAR, IN","FM-12","99999","V020","300,1,N,0010,1","22000,1,9,N","010000,1,9,9","+0366,1","+0163,1","10003,1",,,,,"99,9,+99999,9,00,1",,,"9,AGL   ,+99999,+99999","01,99,1,00,1,99,9,99999,9,99,9,99,9","240,M,+0380,1",,"99999,9,09308,1","9,9,999,9,+020,1",,"SYN06443125 32997 13002 10366 20163 39308 40003 80001 333 10380 58020=","Q01    003SCCGA1"
"43125099999","2022-05-25T12:00:00","4","17.9166666","77.5333333","663.0","BIDAR, IN","FM-12","99999","V020","200,1,N,0010,1","22000,1,9,N","010000,1,9,9","+0298,1","+9999,9","10034,1",,,,,"99,9,+99999,9,00,1",,,"9,AGL   ,+99999,+99999","01,99,1,00,1,99,9,99999,9,99,9,99,9","240,M,+0374,1",,"99999,9,09320,1","9,9,999,9,+012,1",,"SYN05843125 32997 12002 10298 39320 40034 80001 333 10374 58012=","Q01    003SCCGA1"
"43125099999","2022-05-26T12:00:00","4","17.9166666","77.5333333","663.0","BIDAR, IN","FM-12","99999","V020","140,1,N,0010,1","22000,1,9,N","010000,1,9,9","+0246,1","+0195,1","10048,1","09,0080,3,1",,,,"99,9,+99999,9,06,1",,,"9,AGL   ,+99999,+99999","03,99,1,00,1,99,9,99999,9,99,9,99,9","240,M,+0356,1",,"99999,9,09322,1","9,9,999,9,+002,1",,"SYN07043125 22997 31402 10246 20195 39322 40048 80500 333 10356 58002 6008/=","Q01    003SCCGA1"
"43125099999","2022-05-27T03:00:00","4","17.9166666","77.5333333","663.0","BIDAR, IN","FM-12","99999","V020","300,1,N,0010,1","22000,1,9,N","010000,1,9,9","+0262,1","+0212,1","10089,1","24,0100,3,1",,,,,,,"9,AGL   ,+99999,+99999","01,99,1,99,9,99,9,99999,9,99,9,99,9","240,M,+0356,1","240,N,+0206,1","99999,9,09365,1","9,9,999,9,+003,1",,"SYN08643125 22997 13002 10262 20212 39365 40089 333 10356 20206 58003 6010/ 555 00102 10046=",
"43125099999","2022-05-27T12:00:00","4","17.9166666","77.5333333","663.0","BIDAR, IN","FM-12","99999","V020","270,1,N,0010,1","22000,1,9,N","010000,1,9,9","+0360,1","+0146,1","10017,1",,,,,,,,"9,AGL   ,+99999,+99999","01,99,1,99,9,99,9,99999,9,99,9,99,9","240,M,+0365,1",,"99999,9,09318,1","9,9,999,9,-008,1",,"SYN05843125 32997 12702 10360 20146 39318 40017 333 10365 59008=",
"43125099999","2022-05-28T03:00:00","4","17.9166666","77.5333333","663.0","BIDAR, IN","FM-12","99999","V020","250,1,N,0010,1","22000,1,9,N","010000,1,9,9","+0272,1","+0188,1","10082,1",,,,,"99,9,+99999,9,00,1",,,"9,AGL   ,+99999,+99999","01,99,1,00,1,99,9,99999,9,99,9,99,9","240,M,+0365,1","240,N,+0230,1","99999,9,09360,1","9,9,999,9,-005,1",,"SYN08043125 32997 12502 10272 20188 39360 40082 80001 333 10365 20230 59005 555 10046=","Q01    003SCCGA1"
"43125099999","2022-05-29T12:00:00","4","17.9166666","77.5333333","663.0","BIDAR, IN","FM-12","99999","V020","230,1,N,0010,1","22000,1,9,N","010000,1,9,9","+0356,1","+0153,1","10011,1",,,,,"99,9,+99999,9,06,1",,,"9,AGL   ,+99999,+99999","02,99,1,00,1,99,9,99999,9,99,9,99,9","240,M,+0376,1",,"99999,9,09312,1","9,9,999,9,+000,1",,"SYN06443125 32997 22302 10356 20153 39312 40011 80500 333 10376 58000=","Q01    003SCCGA1"
"43125099999","2022-05-30T12:00:00","4","17.9166666","77.5333333","663.0","BIDAR, IN","FM-12","99999","V020","230,1,N,0010,1","22000,1,9,N","010000,1,9,9","+0260,1","+0181,1","10036,1","09,0050,3,1",,,,"04,2,+99999,9,07,1","99,9,+99999,9,03,1","99,9,+99999,9,00,1","9,AGL   ,+99999,+99999","03,99,2,04,2,99,9,99999,9,99,9,99,9","240,M,+0380,1",,"99999,9,09312,1","9,9,999,9,+000,1",,"SYN07043125 22997 32302 10260 20181 39312 40036 84632 333 10380 58000 6005/=",
"43125099999","2022-05-31T03:00:00","4","17.9166666","77.5333333","663.0","BIDAR, IN","FM-12","99999","V020","230,1,N,0010,1","22000,1,9,N","010000,1,9,9","+0248,1","+0191,1","10068,1","24,0060,3,1",,,,"99,9,+99999,9,06,1",,,"9,AGL   ,+99999,+99999","02,99,1,00,1,99,9,99999,9,99,9,99,9","240,M,+0380,1","240,N,+0220,1","99999,9,09340,1","9,9,999,9,-008,1",,"SYN09243125 22997 22302 10248 20191 39340 40068 80500 333 10380 20220 59008 6006/ 70060 555 10057=","Q01    003SCCGA1"
"43125099999","2022-06-01T03:00:00","4","17.9166666","77.5333333","663.0","BIDAR, IN","FM-12","99999","V020","230,1,N,0010,1","22000,1,9,N","010000,1,9,9","+0240,1","+0211,1","10070,1","24,0050,3,1",,,,,,,"9,AGL   ,+99999,+99999","03,99,1,99,9,99,9,99999,9,99,9,99,9","240,M,+0355,1","240,N,+0218,1","99999,9,09340,1","9,9,999,9,+000,1",,"SYN08643125 22997 32302 10240 20211 39340 40070 333 10355 20218 58000 6005/ 555 00050 10005=",
"43125099999","2022-06-01T12:00:00","4","17.9166666","77.5333333","663.0","BIDAR, IN","FM-12","99999","V020","270,1,N,0010,1","22000,1,9,N","010000,1,9,9","+0344,1","+0216,1","10002,1",,,,,"99,9,+99999,9,00,1",,,"9,AGL   ,+99999,+99999","03,99,1,00,1,99,9,99999,9,99,9,99,9","240,M,+0355,1",,"99999,9,09302,1","9,9,999,9,+004,1",,"SYN06443125 32997 32702 10344 20216 39302 40002 80001 333 10355 58004=","Q01    003SCCGA1"
"43125099999","2022-06-02T12:00:00","4","17.9166666","77.5333333","663.0","BIDAR, IN","FM-12","99999","V020","300,1,N,0010,1","22000,1,9,N","010000,1,9,9","+0368,1","+0170,1","99999,9",,,,,"00,1,+99999,9,99,9",,,"9,AGL   ,+99999,+99999","01,99,1,00,1,99,9,99999,9,99,9,99,9","240,M,+0376,1",,"99999,9,09302,1","9,9,999,9,+000,1",,"SYN06443125 32997 13002 10368 20170 39302 40997 80000 333 10376 58000=","Q011099.71APOSLP"
"43125099999","2022-06-03T12:00:00","4","17.9166666","77.5333333","663.0","BIDAR, IN","FM-12","99999","V020","230,1,N,0010,1","22000,1,9,N","010000,1,9,9","+0346,1","+0171,1","10012,1",,,,,"99,9,+99999,9,06,1",,,"9,AGL   ,+99999,+99999","02,99,1,00,1,99,9,99999,9,99,9,99,9","240,M,+0375,1",,"99999,9,09310,1","9,9,999,9,+008,1",,"SYN06443125 32997 22302 10346 20171 39310 40012 80500 333 10375 58008=","Q01    003SCCGA1"
"43125099999","2022-06-04T03:00:00","4","17.9166666","77.5333333","663.0","BIDAR, IN","FM-12","99999","V020","230,1,N,0010,1","22000,1,9,N","010000,1,9,9","+0286,1","+0204,1","10058,1",,,,,"99,9,+99999,9,06,1",,,"9,AGL   ,+99999,+99999","03,99,1,00,1,99,9,99999,9,99,9,99,9","240,M,+0375,1","240,N,+0260,1","99999,9,09340,1","9,9,999,9,+002,1",,"SYN08043125 32997 32302 10286 20204 39340 40058 80500 333 10375 20260 58002 555 10005=","Q01    003SCCGA1"
"43125099999","2022-06-04T12:00:00","4","17.9166666","77.5333333","663.0","BIDAR, IN","FM-12","99999","V020","020,1,N,0010,1","22000,1,9,N","010000,1,9,9","+0368,1","+0166,1","99999,9",,,,,"99,9,+99999,9,00,1",,,"9,AGL   ,+99999,+99999","01,99,1,00,1,99,9,99999,9,99,9,99,9","240,M,+0390,1",,"99999,9,09300,1","9,9,999,9,-010,1",,"SYN06443125 32997 10202 10368 20166 39300 40995 80001 333 10390 59010=","Q011099.51APOSLPQ02    003SCCGA1"
"43125099999","2022-06-05T12:00:00","4","17.9166666","77.5333333","663.0","BIDAR, IN","FM-12","99999","V020","360,1,N,0010,1","22000,1,9,N","010000,1,9,9","+0370,1","+0161,1","99999,9",,,,,"99,9,+99999,9,06,1",,,"9,AGL   ,+99999,+99999","04,99,1,00,1,99,9,99999,9,99,9,99,9","240,M,+0400,1",,"99999,9,09300,1","9,9,999,9,+000,1",,"SYN06443125 32997 43602 10370 20161 39300 40995 80500 333 10400 58000=","Q011099.51APOSLPQ02    003SCCGA1"
"43125099999","2022-06-06T12:00:00","4","17.9166666","77.5333333","663.0","BIDAR, IN","FM-12","99999","V020","360,1,N,0010,1","22000,1,9,N","010000,1,9,9","+0350,1","+0169,1","10012,1",,,,,"99,9,+99999,9,06,1",,,"9,AGL   ,+99999,+99999","03,99,1,00,1,99,9,99999,9,99,9,99,9","240,M,+0370,1",,"99999,9,09310,1","9,9,999,9,+010,1",,"SYN06443125 32997 33602 10350 20169 39310 40012 80500 333 10370 58010=","Q01    003SCCGA1"
"43125099999","2022-06-07T12:00:00","4","17.9166666","77.5333333","663.0","BIDAR, IN","FM-12","99999","V020","300,1,N,0010,1","22000,1,9,N","010000,1,9,9","+0374,1","+0166,1","10132,1",,,,,"99,9,+99999,9,06,1",,,"9,AGL   ,+99999,+99999","04,99,1,00,1,99,9,99999,9,99,9,99,9","240,M,+0394,1",,"99999,9,09318,1","9,9,999,9,+008,1",,"SYN06443125 32997 43002 10374 20166 39318 40132 80500 333 10394 58008=","Q01    003SCCGA1"
"43125099999","2022-06-08T12:00:00","4","17.9166666","77.5333333","663.0","BIDAR, IN","FM-12","99999","V020","070,1,N,0010,1","99999,9,9,N","010000,1,9,9","+0242,1","+0225,1","10036,1","09,0110,3,1",,"9,1,02,1","6,1,02,1","04,1,+99999,9,09,1","99,9,+99999,9,03,1","99,9,+99999,9,00,1","9,AGL   ,+99999,+99999","06,99,1,04,1,99,9,99999,9,99,9,99,9","240,M,+0384,1",,"99999,9,09310,1","9,9,999,9,-008,1","97,1","SYN07643125 22997 60702 10242 20225 39310 40036 79796 84932 333 10384 59008 6011/=",
"43125099999","2022-06-09T03:00:00","4","17.9166666","77.5333333","663.0","BIDAR, IN","FM-12","99999","V020","230,1,N,0010,1","22000,1,9,N","010000,1,9,9","+0258,1","+0208,1","10057,1","24,0140,3,1",,,,,,,"9,AGL   ,+99999,+99999","03,99,1,99,9,99,9,99999,9,99,9,99,9","240,M,+0384,1","240,N,+0214,1","99999,9,09332,1","9,9,999,9,-008,1",,"SYN09243125 22997 32302 10258 20208 39332 40057 333 10384 20214 59008 6014/ 70140 555 00140 10019=",
"43125099999","2022-06-09T12:00:00","4","17.9166666","77.5333333","663.0","BIDAR, IN","FM-12","99999","V020","300,1,N,0010,1","22000,1,9,N","010000,1,9,9","+0330,1","+0216,1","10013,1",,,,,"00,1,+99999,9,99,9",,,"9,AGL   ,+99999,+99999","01,99,1,00,1,99,9,99999,9,99,9,99,9","240,M,+0345,1",,"99999,9,09308,1","9,9,999,9,-002,1",,"SYN06443125 32997 13002 10330 20216 39308 40013 80000 333 10345 59002=",
"43125099999","2022-06-10T03:00:00","4","17.9166666","77.5333333","663.0","BIDAR, IN","FM-12","99999","V020","230,1,N,0010,1","22000,1,9,N","010000,1,9,9","+0270,1","+0218,1","10065,1",,,,,"99,9,+99999,9,06,1",,,"9,AGL   ,+99999,+99999","02,99,1,00,1,99,9,99999,9,99,9,99,9","240,M,+0345,1","240,N,+0234,1","99999,9,09342,1","9,9,999,9,+010,1",,"SYN08043125 32997 22302 10270 20218 39342 40065 80500 333 10345 20234 58010 555 10019=","Q01    003SCCGA1"
"43125099999","2022-06-10T12:00:00","4","17.9166666","77.5333333","663.0","BIDAR, IN","FM-12","99999","V020","230,1,N,0010,1","22000,1,9,N","010000,1,9,9","+0340,1","+0204,1","10016,1",,,,,"99,9,+99999,9,06,1",,,"9,AGL   ,+99999,+99999","04,99,1,00,1,99,9,99999,9,99,9,99,9","240,M,+0352,1",,"99999,9,09312,1","9,9,999,9,+004,1",,"SYN06443125 32997 42302 10340 20204 39312 40016 80500 333 10352 58004=","Q01    003SCCGA1"
"43125099999","2022-06-11T06:00:00","4","17.9166666","77.5333333","663.0","BIDAR, IN","FM-12","99999","V020","230,1,N,0010,1","22000,1,9,N","010000,1,9,9","+0270,1","+0221,1","10074,1",,,,,,,,"9,AGL   ,+99999,+99999","03,99,1,99,9,99,9,99999,9,99,9,99,9","240,M,+0352,1","240,N,+0226,1","99999,9,09350,1","9,9,999,9,+008,1",,"SYN07443125 32997 32302 10270 20221 39350 40074 333 10352 20226 58008 555 10019=",
"43125099999","2022-06-11T12:00:00","4","17.9166666","77.5333333","663.0","BIDAR, IN","FM-12","99999","V020","230,1,N,0010,1","22000,1,9,N","010000,1,9,9","+0350,1","+0223,1","10024,1",,,,,"99,9,+99999,9,06,1",,,"9,AGL   ,+99999,+99999","03,99,1,00,1,99,9,99999,9,99,9,99,9","240,M,+0362,1",,"99999,9,09312,1","9,9,999,9,+000,1",,"SYN06443125 32997 32302 10350 20223 39312 40024 80500 333 10362 58000=","Q01    003SCCGA1"
"43125099999","2022-06-12T12:00:00","4","17.9166666","77.5333333","663.0","BIDAR, IN","FM-12","99999","V020","230,1,N,0010,1","22000,1,9,N","010000,1,9,9","+0338,1","+0208,1","10016,1",,,,,"99,9,+99999,9,06,1",,,"9,AGL   ,+99999,+99999","04,99,1,00,1,99,9,99999,9,99,9,99,9","240,M,+0342,1",,"99999,9,09312,1","9,9,999,9,+000,1",,"SYN06443125 32997 42302 10338 20208 39312 40016 80500 333 10342 58000=","Q01    003SCCGA1"
"43125099999","2022-06-13T12:00:00","4","17.9166666","77.5333333","663.0","BIDAR, IN","FM-12","99999","V020","300,1,N,0010,1","22000,1,9,N","010000,1,9,9","+0336,1","+0206,1","10024,1",,,,,"99,9,+99999,9,06,1",,,"9,AGL   ,+99999,+99999","04,99,1,00,1,99,9,99999,9,99,9,99,9","240,M,+0355,1",,"99999,9,09320,1","9,9,999,9,+008,1",,"SYN06443125 32997 43002 10336 20206 39320 40024 80500 333 10355 58008=","Q01    003SCCGA1"
"43125099999","2022-06-14T12:00:00","4","17.9166666","77.5333333","663.0","BIDAR, IN","FM-12","99999","V020","200,1,N,0010,1","99999,9,9,N","010000,1,9,9","+0244,1","+0233,1","10048,1","09,0220,3,1",,,,"99,9,+99999,9,06,1",,,"9,AGL   ,+99999,+99999","05,99,1,00,1,99,9,99999,9,99,9,99,9","240,M,+0330,1",,"99999,9,09322,1","9,9,999,9,+002,1",,"SYN07043125 22997 52002 10244 20233 39322 40048 80500 333 10330 58002 6022/=","Q01    003SCCGA1"
"43125099999","2022-06-15T12:00:00","4","17.9166666","77.5333333","663.0","BIDAR, IN","FM-12","99999","V020","230,1,N,0010,1","22000,1,9,N","010000,1,9,9","+0326,1","+0227,1","10019,1",,,,,"99,9,+99999,9,06,1",,,"9,AGL   ,+99999,+99999","03,99,1,00,1,99,9,99999,9,99,9,99,9","240,M,+0335,1",,"99999,9,09312,1","9,9,999,9,-010,1",,"SYN06443125 32997 32302 10326 20227 39312 40019 80500 333 10335 59010=","Q01    003SCCGA1"
"43125099999","2022-06-16T12:00:00","4","17.9166666","77.5333333","663.0","BIDAR, IN","FM-12","99999","V020","090,1,N,0010,1","22000,1,9,N","010000,1,9,9","+0258,1","+0232,1","10044,1","09,0050,3,1",,,,"99,9,+99999,9,09,1","99,9,+99999,9,00,1",,"9,AGL   ,+99999,+99999","04,99,1,00,1,99,9,99999,9,99,9,99,9","240,M,+0320,1",,"99999,9,09320,1","9,9,999,9,+008,1",,"SYN07043125 22997 40902 10258 20232 39320 40044 80902 333 10320 58008 6005/=","Q01    003SCCGA1"
"43125099999","2022-06-17T12:00:00","4","17.9166666","77.5333333","663.0","BIDAR, IN","FM-12","99999","V020","050,1,N,0010,1","22000,1,9,N","010000,1,9,9","+0318,1","+0237,1","10019,1",,,,,"00,1,+99999,9,99,9",,,"9,AGL   ,+99999,+99999","01,99,1,00,1,99,9,99999,9,99,9,99,9","240,M,+0340,1",,"99999,9,09310,1","9,9,999,9,-010,1",,"SYN06443125 32997 10502 10318 20237 39310 40019 80000 333 10340 59010=",
"43125099999","2022-06-18T12:00:00","4","17.9166666","77.5333333","663.0","BIDAR, IN","FM-12","99999","V020","230,1,N,0010,1","22000,1,9,N","010000,1,9,9","+0266,1","+0235,1","10041,1",,,,,"99,9,+99999,9,06,1",,,"9,AGL   ,+99999,+99999","03,99,1,00,1,99,9,99999,9,99,9,99,9","240,M,+0310,1",,"99999,9,09320,1","9,9,999,9,+010,1",,"SYN06443125 32997 32302 10266 20235 39320 40041 80500 333 10310 58010=","Q01    003SCCGA1"
"43125099999","2022-06-19T12:00:00","4","17.9166666","77.5333333","663.0","BIDAR, IN","FM-12","99999","V020","090,1,N,0010,1","22000,1,9,N","010000,1,9,9","+0264,1","+0239,1","10043,1",,,,,"99,9,+99999,9,09,1",,,"9,AGL   ,+99999,+99999","04,99,1,00,1,99,9,99999,9,99,9,99,9","240,M,+0322,1",,"99999,9,09322,1","9,9,999,9,+002,1",,"SYN06443125 32997 40902 10264 20239 39322 40043 80900 333 10322 58002=","Q01    003SCCGA1"
"43125099999","2022-06-20T12:00:00","4","17.9166666","77.5333333","663.0","BIDAR, IN","FM-12","99999","V020","230,1,N,0010,1","22000,1,9,N","010000,1,9,9","+0320,1","+0224,1","10005,1",,,,,"99,9,+99999,9,06,1",,,"9,AGL   ,+99999,+99999","03,99,1,00,1,99,9,99999,9,99,9,99,9","240,M,+0330,1",,"99999,9,09298,1","9,9,999,9,-024,1",,"SYN06443125 32997 32302 10320 20224 39298 40005 80500 333 10330 59024=","Q01    003SCCGA1"
"43125099999","2022-06-21T12:00:00","4","17.9166666","77.5333333","663.0","BIDAR, IN","FM-12","99999","V020","230,1,N,0010,1","22000,1,9,N","010000,1,9,9","+0254,1","+0234,1","10020,1",,,,,"99,9,+99999,9,03,1",,,"9,AGL   ,+99999,+99999","04,99,1,00,1,99,9,99999,9,99,9,99,9","240,M,+0305,1",,"99999,9,09298,1","9,9,999,9,+000,1",,"SYN06443125 32997 42302 10254 20234 39298 40020 80090 333 10305 58000=","Q01    003SCCGA1"
"43125099999","2022-06-22T12:00:00","4","17.9166666","77.5333333","663.0","BIDAR, IN","FM-12","99999","V020","180,1,N,0010,1","22000,1,9,N","010000,1,9,9","+0264,1","+0227,1","10030,1",,,,,"99,9,+99999,9,06,1",,,"9,AGL   ,+99999,+99999","03,99,1,00,1,99,9,99999,9,99,9,99,9","240,M,+0295,1",,"99999,9,09310,1","9,9,999,9,+012,1",,"SYN06443125 32997 31802 10264 20227 39310 40030 80500 333 10295 58012=","Q01    003SCCGA1"
"43125099999","2022-06-23T03:00:00","4","17.9166666","77.5333333","663.0","BIDAR, IN","FM-12","99999","V020","230,1,N,0010,1","22000,1,9,N","010000,1,9,9","+0246,1","+0229,1","10068,1",,,,,"04,2,+99999,9,06,1",,,"9,AGL   ,+99999,+99999","03,99,2,04,2,99,9,99999,9,99,9,99,9","240,M,+0295,1","240,N,+0210,1","99999,9,09340,1","9,9,999,9,+012,1",,"SYN07043125 32997 32302 10246 20229 39340 40068 84500 333 10295 20210 58012=",
"43125099999","2022-06-23T12:00:00","4","17.9166666","77.5333333","663.0","BIDAR, IN","FM-12","99999","V020","230,1,N,0010,1","22000,1,9,N","010000,1,9,9","+0304,1","+0221,1","10023,1",,,,,"99,9,+99999,9,06,1",,,"9,AGL   ,+99999,+99999","03,99,1,00,1,99,9,99999,9,99,9,99,9","240,M,+0322,1",,"99999,9,09312,1","9,9,999,9,+002,1",,"SYN06443125 32997 32302 10304 20221 39312 40023 80500 333 10322 58002=","Q01    003SCCGA1"
"43125099999","2022-06-24T03:00:00","4","17.9166666","77.5333333","663.0","BIDAR, IN","FM-12","99999","V020","200,1,N,0010,1","22000,1,9,N","010000,1,9,9","+0240,1","+0211,1","10072,1",,,,,"99,9,+99999,9,06,1",,,"9,AGL   ,+99999,+99999","03,99,1,00,1,99,9,99999,9,99,9,99,9","240,M,+0322,1","240,N,+0220,1","99999,9,09342,1","9,9,999,9,+002,1",,"SYN08043125 32997 32002 10240 20211 39342 40072 80500 333 10322 20220 58002 555 10098=","Q01    003SCCGA1"
"43125099999","2022-06-24T12:00:00","4","17.9166666","77.5333333","663.0","BIDAR, IN","FM-12","99999","V020","230,1,N,0010,1","22000,1,9,N","010000,1,9,9","+0300,1","+0226,1","10012,1",,,,,"99,9,+99999,9,06,1",,,"9,AGL   ,+99999,+99999","03,99,1,00,1,99,9,99999,9,99,9,99,9","240,M,+0316,1",,"99999,9,09300,1","9,9,999,9,-012,1",,"SYN06443125 32997 32302 10300 20226 39300 40012 80500 333 10316 59012=","Q01    003SCCGA1"
"43125099999","2022-06-25T03:00:00","4","17.9166666","77.5333333","663.0","BIDAR, IN","FM-12","99999","V020","230,1,N,0010,1","22000,1,9,N","010000,1,9,9","+0242,1","+0219,1","10048,1",,,,,"99,9,+99999,9,06,1",,,"9,AGL   ,+99999,+99999","03,99,1,00,1,99,9,99999,9,99,9,99,9","240,M,+0316,1","240,N,+0216,1","99999,9,09322,1","9,9,999,9,-020,1",,"SYN08043125 32997 32302 10242 20219 39322 40048 80500 333 10316 20216 59020 555 10098=","Q01    003SCCGA1"
"43125099999","2022-06-25T12:00:00","4","17.9166666","77.5333333","663.0","BIDAR, IN","FM-12","99999","V020","250,1,N,0010,1","99999,9,9,N","010000,1,9,9","+0246,1","+0243,1","10011,1","09,0050,3,1",,,,"99,9,+99999,9,03,1",,,"9,AGL   ,+99999,+99999","05,99,1,00,1,99,9,99999,9,99,9,99,9","240,M,+0324,1",,"99999,9,09288,1","9,9,999,9,-012,1",,"SYN07043125 22997 52502 10246 20243 39288 40011 80090 333 10324 59012 6005/=","Q01    003SCCGA1"
"43125099999","2022-06-26T12:00:00","4","17.9166666","77.5333333","663.0","BIDAR, IN","FM-12","99999","V020","230,1,N,0010,1","22000,1,9,N","010000,1,9,9","+0272,1","+0235,1","10015,1",,,,,"99,9,+99999,9,06,1",,,"9,AGL   ,+99999,+99999","03,99,1,00,1,99,9,99999,9,99,9,99,9","240,M,+0305,1",,"99999,9,09298,1","9,9,999,9,+010,1",,"SYN06443125 32997 32302 10272 20235 39298 40015 80500 333 10305 58010=","Q01    003SCCGA1"
"43125099999","2022-06-27T12:00:00","4","17.9166666","77.5333333","663.0","BIDAR, IN","FM-12","99999","V020","230,1,N,0010,1","99999,9,9,N","010000,1,9,9","+0266,1","+0229,1","10030,1",,,,,"99,9,+99999,9,06,1",,,"9,AGL   ,+99999,+99999","05,99,1,00,1,99,9,99999,9,99,9,99,9","240,M,+0292,1",,"99999,9,09310,1","9,9,999,9,+012,1",,"SYN06443125 32997 52302 10266 20229 39310 40030 80500 333 10292 58012=","Q01    003SCCGA1"
"43125099999","2022-06-28T12:00:00","4","17.9166666","77.5333333","663.0","BIDAR, IN","FM-12","99999","V020","300,1,N,0010,1","99999,9,9,N","010000,1,9,9","+0236,1","+0233,1","10041,1","09,0130,3,1",,,,"99,9,+99999,9,03,1",,,"9,AGL   ,+99999,+99999","06,99,1,00,1,99,9,99999,9,99,9,99,9","240,M,+0316,1",,"99999,9,09312,1","9,9,999,9,+002,1",,"SYN07043125 22997 63002 10236 20233 39312 40041 80090 333 10316 58002 6013/=","Q01    003SCCGA1"
"43125099999","2022-06-29T12:00:00","4","17.9166666","77.5333333","663.0","BIDAR, IN","FM-12","99999","V020","270,1,N,0010,1","22000,1,9,N","010000,1,9,9","+0298,1","+0239,1","10011,1","09,0030,3,1",,,,"99,9,+99999,9,06,1",,,"9,AGL   ,+99999,+99999","04,99,1,00,1,99,9,99999,9,99,9,99,9","240,M,+0302,1",,"99999,9,09300,1","9,9,999,9,-012,1",,"SYN07043125 22997 42702 10298 20239 39300 40011 80500 333 10302 59012 6003/=","Q01    003SCCGA1"
"43125099999","2022-07-03T12:00:00","4","17.9166666","77.5333333","663.0","BIDAR, IN","FM-12","99999","V020","230,1,N,0010,1","22000,1,9,N","010000,1,9,9","+0274,1","+0243,1","99999,9",,,,,"99,9,+99999,9,06,1",,,"9,AGL   ,+99999,+99999","03,99,1,00,1,99,9,99999,9,99,9,99,9","240,M,+0310,1",,"99999,9,09280,1","9,9,999,9,-008,1",,"SYN06443125 32997 32302 10274 20243 39280 40995 80500 333 10310 59008=","Q011099.51APOSLPQ02    003SCCGA1"
"43125099999","2022-07-04T12:00:00","4","17.9166666","77.5333333","663.0","BIDAR, IN","FM-12","99999","V020","270,1,N,0010,1","99999,9,9,N","010000,1,9,9","+0258,1","+0238,1","10002,1","09,0010,3,1",,,,"99,9,+99999,9,03,1",,,"9,AGL   ,+99999,+99999","05,99,1,00,1,99,9,99999,9,99,9,99,9","240,M,+0294,1",,"99999,9,09282,1","9,9,999,9,+002,1",,"SYN07043125 22997 52702 10258 20238 39282 40002 80090 333 10294 58002 6001/=","Q01    003SCCGA1"
"43125099999","2022-07-05T03:00:00","4","17.9166666","77.5333333","663.0","BIDAR, IN","FM-12","99999","V020","230,1,N,0010,1","22000,1,9,N","010000,1,9,9","+0238,1","+0226,1","10027,1","24,0030,3,2","24,0028,3,2",,,"04,2,+99999,9,06,1",,,"9,AGL   ,+99999,+99999","02,99,2,04,2,99,9,99999,9,99,9,99,9","240,M,+0294,1","240,N,+0210,1","99999,9,09300,1","9,9,999,9,-012,1",,"SYN09843125 22997 22302 10238 20226 39300 40027 84500 333 10294 20210 59012 6003/ 70028 555 00028 10162=",
"43125099999","2022-07-05T12:00:00","4","17.9166666","77.5333333","663.0","BIDAR, IN","FM-12","99999","V020","230,1,N,0010,1","99999,9,9,N","010000,1,9,9","+0230,1","+0227,1","10000,1","09,0140,3,1",,,,"99,9,+99999,9,03,1",,,"9,AGL   ,+99999,+99999","06,99,1,00,1,99,9,99999,9,99,9,99,9","240,M,+0292,1",,"99999,9,09272,1","9,9,999,9,-014,1",,"SYN07043125 22997 62302 10230 20227 39272 40000 80090 333 10292 59014 6014/=","Q01    003SCCGA1"
"43125099999","2022-07-06T03:00:00","4","17.9166666","77.5333333","663.0","BIDAR, IN","FM-12","99999","V020","230,1,N,0010,1","99999,9,9,N","010000,1,9,9","+0230,1","+0224,1","10041,1","24,0260,3,1",,,,"99,9,+99999,9,03,1",,,"9,AGL   ,+99999,+99999","05,99,1,00,1,99,9,99999,9,99,9,99,9","240,M,+0292,1","240,N,+0202,1","99999,9,09310,1","9,9,999,9,+010,1",,"SYN09243125 22997 52302 10230 20224 39310 40041 80090 333 10292 20202 58010 6026/ 555 00260 10188=","Q01    003SCCGA1"
"43125099999","2022-07-06T12:00:00","4","17.9166666","77.5333333","663.0","BIDAR, IN","FM-12","99999","V020","200,1,N,0010,1","22000,1,9,N","010000,1,9,9","+0260,1","+0237,1","10012,1",,,,,"99,9,+99999,9,06,1",,,"9,AGL   ,+99999,+99999","03,99,1,00,1,99,9,99999,9,99,9,99,9","240,M,+0266,1",,"99999,9,09290,1","9,9,999,9,-018,1",,"SYN06443125 32997 32002 10260 20237 39290 40012 80500 333 10266 59018=","Q01    003SCCGA1"
"43125099999","2022-07-07T03:00:00","4","17.9166666","77.5333333","663.0","BIDAR, IN","FM-12","99999","V020","270,1,N,0010,1","22000,1,9,N","010000,1,9,9","+0240,1","+0223,1","10051,1",,,,,"04,2,+99999,9,06,1",,,"9,AGL   ,+99999,+99999","02,99,2,04,2,99,9,99999,9,99,9,99,9","240,M,+0266,1","240,N,+0214,1","99999,9,09322,1","9,9,999,9,+012,1",,"SYN08043125 32997 22702 10240 20223 39322 40051 84500 333 10266 20214 58012 555 10188=",
"43125099999","2022-07-07T12:00:00","4","17.9166666","77.5333333","663.0","BIDAR, IN","FM-12","99999","V020","230,1,N,0010,1","22000,1,9,N","010000,1,9,9","+0264,1","+0241,1","10022,1",,,,,"99,9,+99999,9,03,1",,,"9,AGL   ,+99999,+99999","04,99,1,00,1,99,9,99999,9,99,9,99,9","240,M,+0284,1",,"99999,9,09302,1","9,9,999,9,+012,1",,"SYN06443125 32997 42302 10264 20241 39302 40022 80090 333 10284 58012=","Q01    003SCCGA1"
"43125099999","2022-07-08T12:00:00","4","17.9166666","77.5333333","663.0","BIDAR, IN","FM-12","99999","V020","300,1,N,0010,1","99999,9,9,N","010000,1,9,9","+0222,1","+0219,1","10028,1","09,0050,3,1",,,,"99,9,+99999,9,03,1",,,"9,AGL   ,+99999,+99999","07,99,1,00,1,99,9,99999,9,99,9,99,9","240,M,+0240,1",,"99999,9,09298,1","9,9,999,9,-004,1",,"SYN07043125 22997 73002 10222 20219 39298 40028 80090 333 10240 59004 6005/=","Q01    003SCCGA1"
"43125099999","2022-07-09T12:00:00","4","17.9166666","77.5333333","663.0","BIDAR, IN","FM-12","99999","V020","270,1,N,0010,1","99999,9,9,N","010000,1,9,9","+0226,1","+0223,1","10008,1","06,0160,3,1","24,0160,3,1",,,"99,9,+99999,9,03,1",,,"9,AGL   ,+99999,+99999","08,99,1,00,1,99,9,99999,9,99,9,99,9","240,M,+0226,1",,"99999,9,09280,1","9,9,999,9,-018,1",,"SYN07643125 22997 82702 10226 20223 39280 40008 80090 333 10226 59018 60161 70160=","Q01    003SCCGA1"
"43125099999","2022-07-10T03:00:00","4","17.9166666","77.5333333","663.0","BIDAR, IN","FM-12","99999","V020","270,1,N,0010,1","22000,1,9,N","010000,1,9,9","+0226,1","+0217,1","10040,1","24,0410,3,1",,,,"99,9,+99999,9,06,1",,,"9,AGL   ,+99999,+99999","04,99,1,00,1,99,9,99999,9,99,9,99,9","240,M,+0226,1","240,N,+0196,1","99999,9,09310,1","9,9,999,9,+008,1",,"SYN09243125 22997 42702 10226 20217 39310 40040 80500 333 10226 20196 58008 6041/ 555 00408 10255=","Q01    003SCCGA1"
"43125099999","2022-07-10T12:00:00","4","17.9166666","77.5333333","663.0","BIDAR, IN","FM-12","99999","V020","230,1,N,0010,1","99999,9,9,N","010000,1,9,9","+0218,1","+0218,1","10024,1","09,0200,3,2","09,0196,3,2",,,"99,9,+99999,9,03,1",,,"9,AGL   ,+99999,+99999","06,99,1,00,1,99,9,99999,9,99,9,99,9","240,M,+0240,1",,"99999,9,09292,1","9,9,999,9,+012,1",,"SYN07643125 22997 62302 10218 20218 39292 40024 80090 333 10240 58012 6020/ 70196=","Q01    003SCCGA1"
"43125099999","2022-07-11T03:00:00","4","17.9166666","77.5333333","663.0","BIDAR, IN","FM-12","99999","V020","230,1,N,0010,1","22000,1,9,N","010000,1,9,9","+0230,1","+0221,1","10043,1","24,0260,3,2","24,0262,3,2",,,"04,1,+99999,9,06,1",,,"9,AGL   ,+99999,+99999","04,99,1,04,1,99,9,99999,9,99,9,99,9","240,M,+0240,1","240,N,+0202,1","99999,9,09312,1","9,9,999,9,+002,1",,"SYN09243125 22997 42302 10230 20221 39312 40043 84500 333 10240 20202 58002 6026/ 70262 555 10281=",
"43125099999","2022-07-12T03:00:00","4","17.9166666","77.5333333","663.0","BIDAR, IN","FM-12","99999","V020","230,1,N,0010,1","99999,9,9,N","010000,1,9,9","+0214,1","+0214,1","10054,1","24,0250,3,1",,,,,,,"9,AGL   ,+99999,+99999","06,99,1,99,9,99,9,99999,9,99,9,99,9","240,M,+0254,1","240,N,+0198,1","99999,9,09320,1","9,9,999,9,+008,1",,"SYN08643125 22997 62302 10214 20214 39320 40054 333 10254 20198 58008 6025/ 555 00248 10306=",
"43125099999","2022-07-12T12:00:00","4","17.9166666","77.5333333","663.0","BIDAR, IN","FM-12","99999","V020","230,1,N,0010,1","22000,1,9,N","010000,1,9,9","+0226,1","+0217,1","10028,1","09,0120,3,2","09,0118,3,2",,,"99,9,+99999,9,06,1",,,"9,AGL   ,+99999,+99999","04,99,1,00,1,99,9,99999,9,99,9,99,9","240,M,+0226,1",,"99999,9,09298,1","9,9,999,9,-002,1",,"SYN07643125 22997 42302 10226 20217 39298 40028 80500 333 10226 59002 6012/ 70118=","Q01    003SCCGA1"
"43125099999","2022-07-13T03:00:00","4","17.9166666","77.5333333","663.0","BIDAR, IN","FM-12","99999","V020","250,1,N,0010,1","99999,9,9,N","010000,1,9,9","+0212,1","+0212,1","10030,1","24,0310,3,1",,"6,1,02,1","5,1,02,1","04,1,+99999,9,09,1","99,9,+99999,9,03,1","99,9,+99999,9,00,1","9,AGL   ,+99999,+99999","07,99,1,04,1,99,9,99999,9,99,9,99,9","240,M,+0226,1","240,N,+0196,1","99999,9,09298,1","9,9,999,9,-022,1","02,1","SYN09843125 22997 72502 10212 20212 39298 40030 70265 84932 333 10226 20196 59022 6031/ 555 00306 10337=",
"43125099999","2022-07-15T03:00:00","4","17.9166666","77.5333333","663.0","BIDAR, IN","FM-12","99999","V020","230,1,N,0010,1","22000,1,9,N","010000,1,9,9","+0232,1","+0214,1","10025,1",,,,,"99,9,+99999,9,06,1",,,"9,AGL   ,+99999,+99999","04,99,1,00,1,99,9,99999,9,99,9,99,9","240,M,+0240,1","240,N,+0206,1","99999,9,09298,1","9,9,999,9,+018,1",,"SYN08043125 32997 42302 10232 20214 39298 40025 80500 333 10240 20206 58018 555 10367=","Q01    003SCCGA1"
"43125099999","2022-07-15T12:00:00","4","17.9166666","77.5333333","663.0","BIDAR, IN","FM-12","99999","V020","250,1,N,0010,1","22000,1,9,N","010000,1,9,9","+0262,1","+0231,1","10006,1",,,,,"99,9,+99999,9,06,1",,,"9,AGL   ,+99999,+99999","04,99,1,00,1,99,9,99999,9,99,9,99,9","240,M,+0278,1",,"99999,9,09288,1","9,9,999,9,+028,1",,"SYN06443125 32997 42502 10262 20231 39288 40006 80500 333 10278 58028=","Q01    003SCCGA1"
"43125099999","2022-07-16T03:00:00","4","17.9166666","77.5333333","663.0","BIDAR, IN","FM-12","99999","V020","230,1,N,0010,1","22000,1,9,N","010000,1,9,9","+0244,1","+0209,1","10026,1",,,,,"99,9,+99999,9,06,1",,,"9,AGL   ,+99999,+99999","03,99,1,00,1,99,9,99999,9,99,9,99,9","240,M,+0278,1","240,N,+0200,1","99999,9,09302,1","9,9,999,9,+004,1",,"SYN08043125 32997 32302 10244 20209 39302 40026 80500 333 10278 20200 58004 555 10367=","Q01    003SCCGA1"
"43125099999","2022-07-16T12:00:00","4","17.9166666","77.5333333","663.0","BIDAR, IN","FM-12","99999","V020","230,1,N,0010,1","22000,1,9,N","010000,1,9,9","+0288,1","+0225,1","10011,1",,,,,"99,9,+99999,9,06,1",,,"9,AGL   ,+99999,+99999","03,99,1,00,1,99,9,99999,9,99,9,99,9","240,M,+0298,1",,"99999,9,09296,1","9,9,999,9,+008,1",,"SYN06443125 32997 32302 10288 20225 39296 40011 80500 333 10298 58008=","Q01    003SCCGA1"
"43125099999","2022-07-17T03:00:00","4","17.9166666","77.5333333","663.0","BIDAR, IN","FM-12","99999","V020","320,1,N,0010,1","22000,1,9,N","010000,1,9,9","+0240,1","+0226,1","10041,1","24,0020,3,1",,,,"03,1,+99999,9,06,1",,,"9,AGL   ,+99999,+99999","03,99,1,03,1,99,9,99999,9,99,9,99,9","240,M,+0298,1","240,N,+0212,1","99999,9,09312,1","9,9,999,9,+010,1",,"SYN09243125 22997 33202 10240 20226 39312 40041 83500 333 10298 20212 58010 6002/ 555 00020 10369=",
"43125099999","2022-07-17T12:00:00","4","17.9166666","77.5333333","663.0","BIDAR, IN","FM-12","99999","V020","270,1,N,0010,1","99999,9,9,N","010000,1,9,9","+0264,1","+0230,1","10022,1",,,,,"99,9,+99999,9,03,1",,,"9,AGL   ,+99999,+99999","07,99,1,00,1,99,9,99999,9,99,9,99,9","240,M,+0286,1",,"99999,9,09302,1","9,9,999,9,+006,1",,"SYN06443125 32997 72702 10264 20230 39302 40022 80090 333 10286 58006=","Q01    003SCCGA1"
"43125099999","2022-07-18T03:00:00","4","17.9166666","77.5333333","663.0","BIDAR, IN","FM-12","99999","V020","270,1,N,0010,1","22000,1,9,N","010000,1,9,9","+0228,1","+0222,1","10051,1","24,0150,3,1",,,,"04,1,+99999,9,06,1",,,"9,AGL   ,+99999,+99999","04,99,1,04,1,99,9,99999,9,99,9,99,9","240,M,+0286,1","240,N,+0206,1","99999,9,09320,1","9,9,999,9,+008,1",,"SYN09243125 22997 42702 10228 20222 39320 40051 84500 333 10286 20206 58008 6015/ 555 00150 10384=",
"43125099999","2022-07-18T12:00:00","4","17.9166666","77.5333333","663.0","BIDAR, IN","FM-12","99999","V020","230,1,N,0010,1","22000,1,9,N","010000,1,9,9","+0250,1","+0221,1","10026,1",,,,,"99,9,+99999,9,06,1",,,"9,AGL   ,+99999,+99999","03,99,1,00,1,99,9,99999,9,99,9,99,9","240,M,+0262,1",,"99999,9,09302,1",,,"SYN05843125 32997 32302 10250 20221 39302 40026 80500 333 10262=","Q01    003SCCGA1"
"43125099999","2022-07-19T03:00:00","4","17.9166666","77.5333333","663.0","BIDAR, IN","FM-12","99999","V020","230,1,N,0010,1","22000,1,9,N","010000,1,9,9","+0240,1","+0217,1","10070,1",,,,,"99,9,+99999,9,06,1",,,"9,AGL   ,+99999,+99999","03,99,1,00,1,99,9,99999,9,99,9,99,9","240,M,+0262,1","240,N,+0205,1","99999,9,09340,1","9,9,999,9,+020,1",,"SYN08043125 32997 32302 10240 20217 39340 40070 80500 333 10262 20205 58020 555 10384=","Q01    003SCCGA1"
"43125099999","2022-07-19T12:00:00","4","17.9166666","77.5333333","663.0","BIDAR, IN","FM-12","99999","V020","360,1,N,0010,1","22000,1,9,N","010000,1,9,9","+0280,1","+0235,1","10036,1",,,,,"99,9,+99999,9,06,1",,,"9,AGL   ,+99999,+99999","04,99,1,00,1,99,9,99999,9,99,9,99,9","240,M,+0302,1",,"99999,9,09318,1","9,9,999,9,+016,1",,"SYN06443125 32997 43602 10280 20235 39318 40036 80500 333 10302 58016=","Q01    003SCCGA1"
"43125099999","2022-07-20T03:00:00","4","17.9166666","77.5333333","663.0","BIDAR, IN","FM-12","99999","V020","270,1,N,0010,1","22000,1,9,N","010000,1,9,9","+0242,1","+0219,1","10081,1",,,,,"99,9,+99999,9,06,1",,,"9,AGL   ,+99999,+99999","03,99,1,00,1,99,9,99999,9,99,9,99,9","240,M,+0302,1","240,N,+0206,1","99999,9,09352,1","9,9,999,9,+012,1",,"SYN08043125 32997 32702 10242 20219 39352 40081 80500 333 10302 20206 58012 555 10384=","Q01    003SCCGA1"
"43125099999","2022-07-21T03:00:00","4","17.9166666","77.5333333","663.0","BIDAR, IN","FM-12","99999","V020","270,1,N,0010,1","22000,1,9,N","010000,1,9,9","+0238,1","+0218,1","10078,1",,,,,"99,9,+99999,9,06,1",,,"9,AGL   ,+99999,+99999","04,99,1,00,1,99,9,99999,9,99,9,99,9","240,M,+0312,1","240,N,+0218,1","99999,9,09348,1","9,9,999,9,-004,1",,"SYN07043125 32997 42702 10238 20218 39348 40078 80500 333 10312 20218 59004=","Q01    003SCCGA1"
"43125099999","2022-07-22T12:00:00","4","17.9166666","77.5333333","663.0","BIDAR, IN","FM-12","99999","V020","230,1,N,0010,1","99999,9,9,N","010000,1,9,9","+0228,1","+0228,1","10023,1","09,0230,3,1",,,,"99,9,+99999,9,03,1",,,"9,AGL   ,+99999,+99999","06,99,1,00,1,99,9,99999,9,99,9,99,9","240,M,+0282,1",,"99999,9,09322,1","9,9,999,9,-008,1",,"SYN07043125 22997 62302 10228 20228 39322 40023 80090 333 10282 59008 6023/=","Q01    003SCCGA1"
"43125099999","2022-07-23T03:00:00","4","17.9166666","77.5333333","663.0","BIDAR, IN","FM-12","99999","V020","230,1,N,0010,1","99999,9,9,N","010000,1,9,9","+0222,1","+0219,1","10071,1","24,0960,3,1",,,,"99,9,+99999,9,03,1",,,"9,AGL   ,+99999,+99999","06,99,1,00,1,99,9,99999,9,99,9,99,9","240,M,+0282,1","240,N,+0205,1","99999,9,09338,1","9,9,999,9,-010,1",,"SYN09243125 22997 62302 10222 20219 39338 40071 80090 333 10282 20205 59010 6096/ 555 00962 10485=","Q01    003SCCGA1"
"43125099999","2022-07-23T12:00:00","4","17.9166666","77.5333333","663.0","BIDAR, IN","FM-12","99999","V020","270,1,N,0010,1","99999,9,9,N","010000,1,9,9","+0240,1","+0223,1","10051,1",,,,,"99,9,+99999,9,06,1",,,"9,AGL   ,+99999,+99999","06,99,1,00,1,99,9,99999,9,99,9,99,9","240,M,+0245,1",,"99999,9,09322,1","9,9,999,9,+000,1",,"SYN06443125 32997 62702 10240 20223 39322 40051 80500 333 10245 58000=","Q01    003SCCGA1"
"43125099999","2022-07-24T12:00:00","4","17.9166666","77.5333333","663.0","BIDAR, IN","FM-12","99999","V020","300,1,N,0010,1","22000,1,9,N","010000,1,9,9","+0250,1","+0224,1","10048,1",,,,,"99,9,+99999,9,06,1",,,"9,AGL   ,+99999,+99999","04,99,1,00,1,99,9,99999,9,99,9,99,9","240,M,+0256,1",,"99999,9,09322,1","9,9,999,9,+000,1",,"SYN06443125 32997 43002 10250 20224 39322 40048 80500 333 10256 58000=","Q01    003SCCGA1"
"43125099999","2022-07-25T12:00:00","4","17.9166666","77.5333333","663.0","BIDAR, IN","FM-12","99999","V020","230,1,N,0010,1","22000,1,9,N","010000,1,9,9","+0282,1","+0209,1","10050,1",,,,,"99,9,+99999,9,06,1",,,"9,AGL   ,+99999,+99999","04,99,1,00,1,99,9,99999,9,99,9,99,9","240,M,+0290,1",,"99999,9,09332,1","9,9,999,9,+010,1",,"SYN06443125 32997 42302 10282 20209 39332 40050 80500 333 10290 58010=","Q01    003SCCGA1"
"43125099999","2022-07-26T03:00:00","4","17.9166666","77.5333333","663.0","BIDAR, IN","FM-12","99999","V020","230,1,N,0010,1","22000,1,9,N","010000,1,9,9","+0228,1","+0213,1","10098,1","24,0090,3,2","24,0087,3,2",,,"04,1,+00800,1,06,1",,,"9,AGL   ,+99999,+99999","04,99,1,04,1,99,9,00800,1,99,9,99,9","240,M,+0290,1","240,N,+0206,1","99999,9,09364,1","9,9,999,9,+006,1",,"SYN09843125 22597 42302 10228 20213 39364 40098 84500 333 10290 20206 58006 6009/ 70087 555 00087 10494=",
"43125099999","2022-07-26T12:00:00","4","17.9166666","77.5333333","663.0","BIDAR, IN","FM-12","99999","V020","300,1,N,0010,1","22000,1,9,N","010000,1,9,9","+0246,1","+0211,1","10076,1",,,,,"99,9,+99999,9,06,1",,,"9,AGL   ,+99999,+99999","03,99,1,00,1,99,9,99999,9,99,9,99,9","240,M,+0252,1",,"99999,9,09348,1","9,9,999,9,+016,1",,"SYN06443125 32997 33002 10246 20211 39348 40076 80500 333 10252 58016=","Q01    003SCCGA1"
"43125099999","2022-07-27T03:00:00","4","17.9166666","77.5333333","663.0","BIDAR, IN","FM-12","99999","V020","270,1,N,0010,1","22000,1,9,N","010000,1,9,9","+0240,1","+0220,1","10102,1",,,,,"03,1,+99999,9,06,1",,,"9,AGL   ,+99999,+99999","03,99,1,03,1,99,9,99999,9,99,9,99,9","240,M,+0252,1","240,N,+0204,1","99999,9,09370,1","9,9,999,9,+006,1",,"SYN08043125 32997 32702 10240 20220 39370 40102 83500 333 10252 20204 58006 555 10494=",
"43125099999","2022-07-27T12:00:00","4","17.9166666","77.5333333","663.0","BIDAR, IN","FM-12","99999","V020","180,1,N,0010,1","22000,1,9,N","010000,1,9,9","+0284,1","+0218,1","10068,1",,,,,"99,9,+99999,9,06,1",,,"9,AGL   ,+99999,+99999","03,99,1,00,1,99,9,99999,9,99,9,99,9","240,M,+0290,1",,"99999,9,09350,1","9,9,999,9,+002,1",,"SYN06443125 32997 31802 10284 20218 39350 40068 80500 333 10290 58002=","Q01    003SCCGA1"
"43125099999","2022-07-28T03:00:00","4","17.9166666","77.5333333","663.0","BIDAR, IN","FM-12","99999","V020","230,1,N,0010,1","99999,9,9,N","010000,1,9,9","+0240,1","+0226,1","10105,1","24,0020,3,1",,,,"99,9,+99999,9,03,1",,,"9,AGL   ,+99999,+99999","05,99,1,00,1,99,9,99999,9,99,9,99,9","240,M,+0290,1","240,N,+0216,1","99999,9,09372,1","9,9,999,9,+002,1",,"SYN09243125 22997 52302 10240 20226 39372 40105 80090 333 10290 20216 58002 6002/ 70020 555 10496=","Q01    003SCCGA1"
"43125099999","2022-07-28T12:00:00","4","17.9166666","77.5333333","663.0","BIDAR, IN","FM-12","99999","V020","050,1,N,0010,1","22000,1,9,N","010000,1,9,9","+0300,1","+0210,1","10057,1",,,,,"99,9,+99999,9,06,1",,,"9,AGL   ,+99999,+99999","03,99,1,00,1,99,9,99999,9,99,9,99,9","240,M,+0310,1",,"99999,9,09342,1","9,9,999,9,-008,1",,"SYN06443125 32997 30502 10300 20210 39342 40057 80500 333 10310 59008=","Q01    003SCCGA1"
"43125099999","2022-07-29T12:00:00","4","17.9166666","77.5333333","663.0","BIDAR, IN","FM-12","99999","V020","230,1,N,0010,1","22000,1,9,N","010000,1,9,9","+0242,1","+0228,1","10066,1","09,0120,3,1",,,,"99,9,+99999,9,06,1",,,"9,AGL   ,+99999,+99999","03,99,1,00,1,99,9,99999,9,99,9,99,9","240,M,+0314,1",,"99999,9,09338,1","9,9,999,9,-004,1",,"SYN07043125 22997 32302 10242 20228 39338 40066 80500 333 10314 59004 6012/=","Q01    003SCCGA1"
"43125099999","2022-07-30T12:00:00","4","17.9166666","77.5333333","663.0","BIDAR, IN","FM-12","99999","V020","999,9,C,0000,1","22000,1,9,N","010000,1,9,9","+9999,9","+0229,1","10053,1",,,,,"02,2,+99999,9,06,1",,,"9,AGL   ,+99999,+99999","01,99,2,02,2,99,9,99999,9,99,9,99,9","240,M,+0314,1",,"99999,9,09338,1","9,9,999,9,+000,1",,"SYN05843125 32997 10300 20229 39338 40053 82500 333 10314 58000=",
"43125099999","2022-08-01T12:00:00","4","17.9166666","77.5333333","663.0","BIDAR, IN","FM-12","99999","V020","140,1,N,0010,1","22000,1,9,N","010000,1,9,9","+0280,1","+0235,1","10030,1",,,,,"99,9,+99999,9,06,1",,,"9,AGL   ,+99999,+99999","03,99,1,00,1,99,9,99999,9,99,9,99,9","240,M,+0296,1",,"99999,9,09312,1","9,9,999,9,+008,1",,"SYN06443125 32997 31402 10280 20235 39312 40030 80500 333 10296 58008=","Q01    003SCCGA1"
"43125099999","2022-08-02T03:00:00","4","17.9166666","77.5333333","663.0","BIDAR, IN","FM-12","99999","V020","300,1,N,0010,1","22000,1,9,N","010000,1,9,9","+0244,1","+0224,1","10048,1","24,0010,3,2","24,0014,3,2",,,"04,2,+99999,9,06,1",,,"9,AGL   ,+99999,+99999","03,99,2,04,2,99,9,99999,9,99,9,99,9","240,M,+0296,1","240,N,+0222,1","99999,9,09322,1","9,9,999,9,-016,1",,"SYN09243125 22997 33002 10244 20224 39322 40048 84500 333 10296 20222 59016 6001/ 70014 555 10509=",
"43125099999","2022-08-02T12:00:00","4","17.9166666","77.5333333","663.0","BIDAR, IN","FM-12","99999","V020","230,1,N,0010,1","99999,9,9,N","010000,1,9,9","+0268,1","+0237,1","10022,1",,,,,"99,9,+99999,9,03,1",,,"9,AGL   ,+99999,+99999","05,99,1,00,1,99,9,99999,9,99,9,99,9","240,M,+0304,1",,"99999,9,09302,1","9,9,999,9,-010,1",,"SYN06443125 32997 52302 10268 20237 39302 40022 80090 333 10304 59010=","Q01    003SCCGA1"
"43125099999","2022-08-03T03:00:00","4","17.9166666","77.5333333","663.0","BIDAR, IN","FM-12","99999","V020","320,1,N,0010,1","22000,1,9,N","010000,1,9,9","+0260,1","+0234,1","10046,1",,,,,"03,1,+99999,9,06,1",,,"9,AGL   ,+99999,+99999","03,99,1,03,1,99,9,99999,9,99,9,99,9","240,M,+0304,1","240,N,+0224,1","99999,9,09322,1","9,9,999,9,+000,1",,"SYN08043125 32997 33202 10260 20234 39322 40046 83500 333 10304 20224 58000 555 10509=",
"43125099999","2022-08-03T12:00:00","4","17.9166666","77.5333333","663.0","BIDAR, IN","FM-12","99999","V020","020,1,N,0453,2","22000,1,9,N","010000,1,9,9","+9999,9","+0231,1","10017,1",,,,,"99,9,+99999,9,06,1",,,"9,AGL   ,+99999,+99999","01,99,1,00,1,99,9,99999,9,99,9,99,9","240,M,+0295,1",,"99999,9,09302,1","9,9,999,9,+000,1",,"SYN05843125 32997 10288 20231 39302 40017 80500 333 10295 58000=","Q01    003SCCGA1"
"43125099999","2022-08-04T03:00:00","4","17.9166666","77.5333333","663.0","BIDAR, IN","FM-12","99999","V020","360,1,N,0010,1","22000,1,9,N","010000,1,9,9","+0254,1","+0222,1","10034,1",,,,,"99,9,+99999,9,06,1",,,"9,AGL   ,+99999,+99999","02,99,1,00,1,99,9,99999,9,99,9,99,9","240,M,+0295,1","240,N,+0214,1","99999,9,09310,1","9,9,999,9,-012,1",,"SYN08043125 32997 23602 10254 20222 39310 40034 80500 333 10295 20214 59012 555 10509=","Q01    003SCCGA1"
"43125099999","2022-08-04T12:00:00","4","17.9166666","77.5333333","663.0","BIDAR, IN","FM-12","99999","V020","230,1,N,0010,1","22000,1,9,N","010000,1,9,9","+0264,1","+0230,1","10008,1",,,,,"99,9,+99999,9,06,1",,,"9,AGL   ,+99999,+99999","04,99,1,00,1,99,9,99999,9,99,9,99,9","240,M,+0304,1",,"99999,9,09290,1","9,9,999,9,-012,1",,"SYN06443125 32997 42302 10264 20230 39290 40008 80500 333 10304 59012=","Q01    003SCCGA1"
"43125099999","2022-08-05T03:00:00","4","17.9166666","77.5333333","663.0","BIDAR, IN","FM-12","99999","V020","230,1,N,0010,1","22000,1,9,N","010000,1,9,9","+0248,1","+0213,1","10040,1",,,,,"99,9,+99999,9,06,1",,,"9,AGL   ,+99999,+99999","03,99,1,00,1,99,9,99999,9,99,9,99,9","240,M,+0304,1","240,N,+0215,1","99999,9,09314,1","9,9,999,9,+004,1",,"SYN07043125 32997 32302 10248 20213 39314 40040 80500 333 10304 20215 58004=","Q01    003SCCGA1"
"43125099999","2022-08-05T12:00:00","4","17.9166666","77.5333333","663.0","BIDAR, IN","FM-12","99999","V020","230,1,N,0010,1","22000,1,9,N","010000,1,9,9","+0264,1","+0227,1","10010,1",,,,,"99,9,+99999,9,06,1",,,"9,AGL   ,+99999,+99999","03,99,1,00,1,99,9,99999,9,99,9,99,9","240,M,+0306,1",,"99999,9,09290,1","9,9,999,9,+000,1",,"SYN06443125 32997 32302 10264 20227 39290 40010 80500 333 10306 58000=","Q01    003SCCGA1"
"43125099999","2022-08-07T03:00:00","4","17.9166666","77.5333333","663.0","BIDAR, IN","FM-12","99999","V020","230,1,N,0010,1","22000,1,9,N","010000,1,9,9","+0228,1","+0216,1","10030,1","24,0050,3,2","24,0046,3,2",,,"04,1,+99999,9,06,1",,,"9,AGL   ,+99999,+99999","04,99,1,04,1,99,9,99999,9,99,9,99,9","240,M,+0290,1","240,N,+0205,1","99999,9,09300,1","9,9,999,9,-012,1",,"SYN09843125 22997 42302 10228 20216 39300 40030 84500 333 10290 20205 59012 6005/ 70046 555 00046 10514=",
"43125099999","2022-08-07T12:00:00","4","17.9166666","77.5333333","663.0","BIDAR, IN","FM-12","99999","V020","230,1,N,0010,1","22000,1,9,N","010000,1,9,9","+0246,1","+0240,1","10081,1","09,0040,3,2","09,0042,3,2",,,"00,1,+99999,9,99,9",,,"9,AGL   ,+99999,+99999","04,99,1,00,1,99,9,99999,9,99,9,99,9","240,M,+0282,1",,"99999,9,09260,1","9,9,999,9,-010,1",,"SYN07643125 22997 42302 10246 20240 39260 40081 80000 333 10282 59010 6004/ 70042=",
"43125099999","2022-08-08T03:00:00","4","17.9166666","77.5333333","663.0","BIDAR, IN","FM-12","99999","V020","230,1,N,0010,1","99999,9,9,N","010000,1,9,9","+0220,1","+0214,1","10022,1","24,0200,3,1",,,,,,,"9,AGL   ,+99999,+99999","06,99,1,99,9,99,9,99999,9,99,9,99,9","240,M,+0282,1","240,N,+0200,1","99999,9,09290,1","9,9,999,9,-010,1",,"SYN08643125 22997 62302 10220 20214 39290 40022 333 10282 20200 59010 6020/ 70200 555 10534=",
"43125099999","2022-08-08T12:00:00","4","17.9166666","77.5333333","663.0","BIDAR, IN","FM-12","99999","V020","270,1,N,0010,1","99999,9,9,N","010000,1,9,9","+0238,1","+0223,1","99999,9",,,,,"99,9,+99999,9,03,1",,,"9,AGL   ,+99999,+99999","06,99,1,00,1,99,9,99999,9,99,9,99,9","240,M,+0250,1",,"99999,9,09270,1","9,9,999,9,+010,1",,"SYN06443125 32997 62702 10238 20223 39270 40996 80090 333 10250 58010=","Q011099.61APOSLPQ02    003SCCGA1"
"43125099999","2022-08-09T03:00:00","4","17.9166666","77.5333333","663.0","BIDAR, IN","FM-12","99999","V020","250,1,N,0010,1","99999,9,9,N","010000,1,9,9","+0216,1","+0210,1","10022,1","24,0100,3,2","24,0102,3,2",,,"99,9,+99999,9,03,1",,,"9,AGL   ,+99999,+99999","06,99,1,00,1,99,9,99999,9,99,9,99,9","240,M,+0250,1","240,N,+0202,1","99999,9,09290,1","9,9,999,9,+000,1",,"SYN09843125 22997 62502 10216 20210 39290 40022 80090 333 10250 20202 58000 6010/ 70102 555 00102 10544=","Q01    003SCCGA1"
"43125099999","2022-08-09T12:00:00","4","17.9166666","77.5333333","663.0","BIDAR, IN","FM-12","99999","V020","230,1,N,0010,1","22000,1,9,N","010000,1,9,9","+0242,1","+0210,1","99999,9","09,0040,3,1",,,,"99,9,+99999,9,06,1",,,"9,AGL   ,+99999,+99999","04,99,1,00,1,99,9,99999,9,99,9,99,9","240,M,+0258,1",,"99999,9,09258,1","9,9,999,9,-012,1",,"SYN07043125 22997 42302 10242 20210 39258 40979 80500 333 10258 59012 6004/=","Q011097.91APOSLPQ02    003SCCGA1"
"43125099999","2022-08-10T03:00:00","4","17.9166666","77.5333333","663.0","BIDAR, IN","FM-12","99999","V020","230,1,N,0010,1","22000,1,9,N","010000,1,9,9","+0224,1","+0200,1","10002,1","24,0040,3,2","24,0042,3,2",,,,,,"9,AGL   ,+99999,+99999","04,99,1,99,9,99,9,99999,9,99,9,99,9","240,M,+0258,1","240,N,+0204,1","99999,9,09274,1","9,9,999,9,-016,1",,"SYN08643125 22997 42302 10224 20200 39274 40002 333 10258 20204 59016 6004/ 70042 555 10548=",
"43125099999","2022-08-10T12:00:00","4","17.9166666","77.5333333","663.0","BIDAR, IN","FM-12","99999","V020","270,1,N,0010,1","22000,1,9,N","010000,1,9,9","+0260,1","+0216,1","99999,9",,,,,"99,9,+99999,9,06,1",,,"9,AGL   ,+99999,+99999","03,99,1,00,1,99,9,99999,9,99,9,99,9","240,M,+0272,1",,"99999,9,09262,1","9,9,999,9,+004,1",,"SYN06443125 32997 32702 10260 20216 39262 40981 80500 333 10272 58004=","Q011098.11APOSLPQ02    003SCCGA1"
"43125099999","2022-08-11T03:00:00","4","17.9166666","77.5333333","663.0","BIDAR, IN","FM-12","99999","V020","230,1,N,0010,1","22000,1,9,N","010000,1,9,9","+0234,1","+0210,1","10011,1",,,,,"99,9,+99999,9,06,1",,,"9,AGL   ,+99999,+99999","03,99,1,00,1,99,9,99999,9,99,9,99,9","240,M,+0272,1","240,N,+0205,1","99999,9,09294,1","9,9,999,9,+018,1",,"SYN07043125 32997 32302 10234 20210 39294 40011 80500 333 10272 20205 58018=","Q01    003SCCGA1"
"43125099999","2022-08-11T12:00:00","4","17.9166666","77.5333333","663.0","BIDAR, IN","FM-12","99999","V020","300,1,N,0010,1","22000,1,9,N","010000,1,9,9","+0268,1","+0219,1","10006,1",,,,,"99,9,+99999,9,06,1",,,"9,AGL   ,+99999,+99999","03,99,1,00,1,99,9,99999,9,99,9,99,9","240,M,+0290,1",,"99999,9,09288,1","9,9,999,9,+026,1",,"SYN06443125 32997 33002 10268 20219 39288 40006 80500 333 10290 58026=","Q01    003SCCGA1"
"43125099999","2022-08-12T12:00:00","4","17.9166666","77.5333333","663.0","BIDAR, IN","FM-12","99999","V020","200,1,N,0010,1","22000,1,9,N","010000,1,9,9","+0286,1","+0220,1","10023,1",,,,,"99,9,+99999,9,06,1",,,"9,AGL   ,+99999,+99999","03,99,1,00,1,99,9,99999,9,99,9,99,9","240,M,+0290,1",,"99999,9,09308,1","9,9,999,9,+020,1",,"SYN06443125 32997 32002 10286 20220 39308 40023 80500 333 10290 58020=","Q01    003SCCGA1"
"43125099999","2022-08-14T12:00:00","4","17.9166666","77.5333333","663.0","BIDAR, IN","FM-12","99999","V020","230,1,N,0010,1","99999,9,9,N","010000,1,9,9","+0232,1","+0223,1","10059,1",,,,,"99,9,+99999,9,06,1",,,"9,AGL   ,+99999,+99999","05,99,1,00,1,99,9,99999,9,99,9,99,9","240,M,+0252,1",,"99999,9,09330,1","9,9,999,9,+018,1",,"SYN06443125 32997 52302 10232 20223 39330 40059 80500 333 10252 58018=","Q01    003SCCGA1"
"43125099999","2022-08-15T12:00:00","4","17.9166666","77.5333333","663.0","BIDAR, IN","FM-12","99999","V020","230,1,N,0010,1","99999,9,9,N","010000,1,9,9","+0230,1","+0224,1","10065,1","09,0010,3,1",,,,"99,9,+99999,9,06,1",,,"9,AGL   ,+99999,+99999","05,99,1,00,1,99,9,99999,9,99,9,99,9","240,M,+0244,1",,"99999,9,09332,1","9,9,999,9,+002,1",,"SYN07043125 22997 52302 10230 20224 39332 40065 80500 333 10244 58002 6001/=","Q01    003SCCGA1"
"43125099999","2022-08-16T12:00:00","4","17.9166666","77.5333333","663.0","BIDAR, IN","FM-12","99999","V020","230,1,N,0010,1","22000,1,9,N","010000,1,9,9","+0282,1","+0222,1","10050,1",,,,,"99,9,+99999,9,06,1",,,"9,AGL   ,+99999,+99999","03,99,1,00,1,99,9,99999,9,99,9,99,9","240,M,+0294,1",,"99999,9,09332,1","9,9,999,9,+000,1",,"SYN06443125 32997 32302 10282 20222 39332 40050 80500 333 10294 58000=","Q01    003SCCGA1"
"43125099999","2022-08-17T08:30:00","4","17.9166666","77.5333333","663.0","BIDAR, IN","FM-15","99999","V020","230,1,N,0046,1","00762,1,C,N","006000,1,9,9","+0300,1","+0230,1","99999,9",,,,,"04,1,+00610,1,99,9","04,1,+00762,1,99,9",,"9,AGL   ,+99999,+99999","99,99,9,04,1,99,9,00610,1,99,9,99,9",,,"10100,1,99999,9",,,"MET064METAR VOBR 170830Z 23009KT 6000 SCT020 SCT025 30/23 Q1010 NOSIG=",
"43125099999","2022-08-17T12:00:00","4","17.9166666","77.5333333","663.0","BIDAR, IN","FM-12","99999","V020","230,1,N,0010,1","22000,1,9,N","010000,1,9,9","+0290,1","+0218,1","10056,1",,,,,"99,9,+99999,9,06,1",,,"9,AGL   ,+99999,+99999","03,99,1,00,1,99,9,99999,9,99,9,99,9","240,M,+0302,1",,"99999,9,09338,1","9,9,999,9,+006,1",,"SYN06443125 32997 32302 10290 20218 39338 40056 80500 333 10302 58006=","Q01    003SCCGA1"
"43125099999","2022-08-18T03:00:00","4","17.9166666","77.5333333","663.0","BIDAR, IN","FM-12","99999","V020","230,1,N,0010,1","22000,1,9,N","010000,1,9,9","+0240,1","+0214,1","10098,1",,,,,"99,9,+99999,9,06,1",,,"9,AGL   ,+99999,+99999","02,99,1,00,1,99,9,99999,9,99,9,99,9","240,M,+0302,1","240,N,+0202,1","99999,9,09366,1","9,9,999,9,+004,1",,"SYN08043125 32997 22302 10240 20214 39366 40098 80500 333 10302 20202 58004 555 10555=","Q01    003SCCGA1"
"43125099999","2022-08-19T12:00:00","4","17.9166666","77.5333333","663.0","BIDAR, IN","FM-12","99999","V020","300,1,N,0010,1","22000,1,9,N","010000,1,9,9","+0282,1","+0212,1","10048,1",,,,,"99,9,+99999,9,06,1",,,"9,AGL   ,+99999,+99999","03,99,1,00,1,99,9,99999,9,99,9,99,9","240,M,+0294,1",,"99999,9,09332,1","9,9,999,9,-008,1",,"SYN06443125 32997 33002 10282 20212 39332 40048 80500 333 10294 59008=","Q01    003SCCGA1"
"43125099999","2022-08-22T03:00:00","4","17.9166666","77.5333333","663.0","BIDAR, IN","FM-12","99999","V020","230,1,N,0010,1","22000,1,9,N","010000,1,9,9","+0230,1","+0206,1","10077,1",,,,,,,,"9,AGL   ,+99999,+99999","02,99,1,99,9,99,9,99999,9,99,9,99,9","240,M,+0302,1","240,N,+0200,1","99999,9,09344,1","9,9,999,9,-022,1",,"SYN07443125 32997 22302 10230 20206 39344 40077 333 10302 20200 59022 555 10555=",
"43125099999","2022-08-22T12:00:00","4","17.9166666","77.5333333","663.0","BIDAR, IN","FM-12","99999","V020","230,1,N,0010,1","22000,1,9,N","010000,1,9,9","+0282,1","+0222,1","10036,1",,,,,"99,9,+99999,9,06,1",,,"9,AGL   ,+99999,+99999","03,99,1,00,1,99,9,99999,9,99,9,99,9","240,M,+0292,1",,"99999,9,09320,1","9,9,999,9,+008,1",,"SYN06443125 32997 32302 10282 20222 39320 40036 80500 333 10292 58008=","Q01    003SCCGA1"
"43125099999","2022-08-23T12:00:00","4","17.9166666","77.5333333","663.0","BIDAR, IN","FM-12","99999","V020","300,1,N,0010,1","22000,1,9,N","010000,1,9,9","+0292,1","+0214,1","10036,1",,,,,"99,9,+99999,9,06,1",,,"9,AGL   ,+99999,+99999","03,99,1,00,1,99,9,99999,9,99,9,99,9","240,M,+0306,1",,"99999,9,09322,1","9,9,999,9,+002,1",,"SYN06443125 32997 33002 10292 20214 39322 40036 80500 333 10306 58002=","Q01    003SCCGA1"
"43125099999","2022-08-24T12:00:00","4","17.9166666","77.5333333","663.0","BIDAR, IN","FM-12","99999","V020","230,1,N,0010,1","22000,1,9,N","010000,1,9,9","+0292,1","+0217,1","10055,1",,,,,"99,9,+99999,9,06,1",,,"9,AGL   ,+99999,+99999","03,99,1,00,1,99,9,99999,9,99,9,99,9","240,M,+0315,1",,"99999,9,09340,1","9,9,999,9,+018,1",,"SYN06443125 32997 32302 10292 20217 39340 40055 80500 333 10315 58018=","Q01    003SCCGA1"
"43125099999","2022-08-25T12:00:00","4","17.9166666","77.5333333","663.0","BIDAR, IN","FM-12","99999","V020","300,1,N,0010,1","22000,1,9,N","010000,1,9,9","+0290,1","+0215,1","10038,1",,,,,"99,9,+99999,9,06,1",,,"9,AGL   ,+99999,+99999","04,99,1,00,1,99,9,99999,9,99,9,99,9","240,M,+0310,1",,"99999,9,09322,1","9,9,999,9,-018,1",,"SYN06443125 32997 43002 10290 20215 39322 40038 80500 333 10310 59018=","Q01    003SCCGA1"
"43125099999","2022-08-26T12:00:00","4","17.9166666","77.5333333","663.0","BIDAR, IN","FM-12","99999","V020","360,1,N,0010,1","22000,1,9,N","010000,1,9,9","+0266,1","+0235,1","10051,1","09,0010,3,1",,,,"99,9,+99999,9,03,1",,,"9,AGL   ,+99999,+99999","04,99,1,00,1,99,9,99999,9,99,9,99,9","240,M,+0310,1",,"99999,9,09330,1","9,9,999,9,+008,1",,"SYN07043125 22997 43602 10266 20235 39330 40051 80090 333 10310 58008 6001/=","Q01    003SCCGA1"
"43125099999","2022-08-27T03:00:00","4","17.9166666","77.5333333","663.0","BIDAR, IN","FM-12","99999","V020","300,1,N,0010,1","22000,1,9,N","010000,1,9,9","+0258,1","+0223,1","10087,1","24,0010,3,1",,,,"99,9,+99999,9,06,1",,,"9,AGL   ,+99999,+99999","03,99,1,00,1,99,9,99999,9,99,9,99,9","240,M,+0310,1","240,N,+0210,1","99999,9,09360,1","9,9,999,9,-004,1",,"SYN09243125 22997 33002 10258 20223 39360 40087 80500 333 10310 20210 59004 6001/ 555 00010 10556=","Q01    003SCCGA1"
"43125099999","2022-08-27T12:00:00","4","17.9166666","77.5333333","663.0","BIDAR, IN","FM-12","99999","V020","250,1,N,0010,1","22000,1,9,N","010000,1,9,9","+0294,1","+0210,1","10034,1",,,,,"99,9,+99999,9,06,1",,,"9,AGL   ,+99999,+99999","02,99,1,00,1,99,9,99999,9,99,9,99,9","240,M,+0306,1",,"99999,9,09320,1","9,9,999,9,-010,1",,"SYN06443125 32997 22502 10294 20210 39320 40034 80500 333 10306 59010=","Q01    003SCCGA1"
"43125099999","2022-08-29T03:00:00","4","17.9166666","77.5333333","663.0","BIDAR, IN","FM-12","99999","V020","300,1,N,0010,1","22000,1,9,N","010000,1,9,9","+0260,1","+0226,1","10097,1",,,,,"99,9,+99999,9,06,1",,,"9,AGL   ,+99999,+99999","02,99,1,00,1,99,9,99999,9,99,9,99,9","240,M,+0310,1","240,N,+0225,1","99999,9,09370,1","9,9,999,9,+008,1",,"SYN08043125 32997 23002 10260 20226 39370 40097 80500 333 10310 20225 58008 555 10556=","Q01    003SCCGA1"
"43125099999","2022-08-29T12:00:00","4","17.9166666","77.5333333","663.0","BIDAR, IN","FM-12","99999","V020","340,1,N,0010,1","22000,1,9,N","010000,1,9,9","+0262,1","+0239,1","10065,1",,,,,"99,9,+99999,9,06,1",,,"9,AGL   ,+99999,+99999","03,99,1,00,1,99,9,99999,9,99,9,99,9","240,M,+0300,1",,"99999,9,09342,1","9,9,999,9,+020,1",,"SYN06443125 32997 33402 10262 20239 39342 40065 80500 333 10300 58020=","Q01    003SCCGA1"
"43125099999","2022-08-30T03:00:00","4","17.9166666","77.5333333","663.0","BIDAR, IN","FM-12","99999","V020","250,1,N,0010,1","22000,1,9,N","010000,1,9,9","+0242,1","+0230,1","10099,1","24,0010,3,1",,,,"99,9,+99999,9,06,1",,,"9,AGL   ,+99999,+99999","03,99,1,00,1,99,9,99999,9,99,9,99,9","240,M,+0300,1","240,N,+0215,1","99999,9,09370,1","9,9,999,9,+000,1",,"SYN09243125 22997 32502 10242 20230 39370 40099 80500 333 10300 20215 58000 6001/ 70010 555 10557=","Q01    003SCCGA1"
"43125099999","2022-08-30T12:00:00","4","17.9166666","77.5333333","663.0","BIDAR, IN","FM-12","99999","V020","230,1,N,0010,1","22000,1,9,N","010000,1,9,9","+0252,1","+0235,1","10079,1","09,0010,3,1",,,,"99,9,+99999,9,06,1",,,"9,AGL   ,+99999,+99999","03,99,1,00,1,99,9,99999,9,99,9,99,9","240,M,+0312,1",,"99999,9,09352,1","9,9,999,9,+010,1",,"SYN07043125 22997 32302 10252 20235 39352 40079 80500 333 10312 58010 6001/=","Q01    003SCCGA1"
"43125099999","2022-09-01T12:00:00","4","17.9166666","77.5333333","663.0","BIDAR, IN","FM-12","99999","V020","140,1,N,0010,1","22000,1,9,N","010000,1,9,9","+0262,1","+0200,1","10084,1",,,,,"99,9,+99999,9,06,1",,,"9,AGL   ,+99999,+99999","03,99,1,00,1,99,9,99999,9,99,9,99,9","240,M,+0306,1",,"99999,9,09360,1","9,9,999,9,+000,1",,"SYN06443125 32997 31402 10262 20200 39360 40084 80500 333 10306 58000=","Q01    003SCCGA1"
"43125099999","2022-09-02T03:00:00","4","17.9166666","77.5333333","663.0","BIDAR, IN","FM-12","99999","V020","140,1,N,0010,1","22000,1,9,N","010000,1,9,9","+0258,1","+0229,1","10079,1","24,0130,3,1",,,,"02,1,+99999,9,06,1",,,"9,AGL   ,+99999,+99999","02,99,1,02,1,99,9,99999,9,99,9,99,9","240,M,+0306,1","240,N,+0204,1","99999,9,09352,1","9,9,999,9,-010,1",,"SYN09243125 22997 21402 10258 20229 39352 40079 82500 333 10306 20204 59010 6013/ 555 00130 10572=",
"43125099999","2022-09-02T12:00:00","4","17.9166666","77.5333333","663.0","BIDAR, IN","FM-12","99999","V020","050,1,N,0010,1","22000,1,9,N","010000,1,9,9","+0298,1","+0230,1","10083,1",,,,,"99,9,+99999,9,06,1",,,"9,AGL   ,+99999,+99999","03,99,1,00,1,99,9,99999,9,99,9,99,9","240,M,+0312,1",,"99999,9,09366,1","9,9,999,9,+006,1",,"SYN06443125 32997 30502 10298 20230 39366 40083 80500 333 10312 58006=","Q01    003SCCGA1"
"43125099999","2022-09-03T03:00:00","4","17.9166666","77.5333333","663.0","BIDAR, IN","FM-12","99999","V020","180,1,N,0010,1","22000,1,9,N","010000,1,9,9","+0262,1","+0234,1","10084,1",,,,,"02,1,+99999,9,06,1",,,"9,AGL   ,+99999,+99999","02,99,1,02,1,99,9,99999,9,99,9,99,9","240,M,+0312,1","240,N,+0216,1","99999,9,09360,1","9,9,999,9,+008,1",,"SYN08043125 32997 21802 10262 20234 39360 40084 82500 333 10312 20216 58008 555 10572=",
"43125099999","2022-09-03T12:00:00","4","17.9166666","77.5333333","663.0","BIDAR, IN","FM-12","99999","V020","230,1,N,0010,1","22000,1,9,N","010000,1,9,9","+0278,1","+0247,1","10088,1",,,,,"99,9,+99999,9,06,1",,,"9,AGL   ,+99999,+99999","03,99,1,00,1,99,9,99999,9,99,9,99,9","240,M,+0332,1",,"99999,9,09366,1","9,9,999,9,+000,1",,"SYN06443125 32997 32302 10278 20247 39366 40088 80500 333 10332 58000=","Q01    003SCCGA1"
"43125099999","2022-09-04T12:00:00","4","17.9166666","77.5333333","663.0","BIDAR, IN","FM-12","99999","V020","050,1,N,0010,1","22000,1,9,N","010000,1,9,9","+0272,1","+0238,1","10062,1",,,,,"99,9,+99999,9,06,1",,,"9,AGL   ,+99999,+99999","03,99,1,00,1,99,9,99999,9,99,9,99,9","240,M,+0348,1",,"99999,9,09342,1","9,9,999,9,-024,1",,"SYN06443125 32997 30502 10272 20238 39342 40062 80500 333 10348 59024=","Q01    003SCCGA1"
"43125099999","2022-09-05T12:00:00","4","17.9166666","77.5333333","663.0","BIDAR, IN","FM-12","99999","V020","070,1,N,0010,1","22000,1,9,N","010000,1,9,9","+0280,1","+0226,1","10052,1",,,,,"99,9,+99999,9,06,1",,,"9,AGL   ,+99999,+99999","03,99,1,00,1,99,9,99999,9,99,9,99,9","240,M,+0296,1",,"99999,9,09010,1","9,9,999,9,-010,1",,"SYN06443125 32997 30702 10280 20226 39010 40052 80500 333 10296 59010=","Q01    003SCCGA1"
"43125099999","2022-09-06T03:00:00","4","17.9166666","77.5333333","663.0","BIDAR, IN","FM-12","99999","V020","020,1,N,0010,1","22000,1,9,N","010000,1,9,9","+0240,1","+0217,1","10097,1",,,,,"99,9,+99999,9,06,1",,,"9,AGL   ,+99999,+99999","03,99,1,00,1,99,9,99999,9,99,9,99,9","240,M,+0296,1","240,N,+0196,1","99999,9,09365,1","9,9,999,9,+003,1",,"SYN08043125 32997 30202 10240 20217 39365 40097 80500 333 10296 20196 58003 555 10672=","Q01    003SCCGA1"
"43125099999","2022-09-06T12:00:00","4","17.9166666","77.5333333","663.0","BIDAR, IN","FM-12","99999","V020","050,1,N,0010,1","22000,1,9,N","010000,1,9,9","+0282,1","+0234,1","10038,1",,,,,"99,9,+99999,9,06,1",,,"9,AGL   ,+99999,+99999","04,99,1,00,1,99,9,99999,9,99,9,99,9","240,M,+0306,1",,"99999,9,09322,1","9,9,999,9,-010,1",,"SYN06443125 32997 40502 10282 20234 39322 40038 80500 333 10306 59010=","Q01    003SCCGA1"
"43125099999","2022-09-07T03:00:00","4","17.9166666","77.5333333","663.0","BIDAR, IN","FM-12","99999","V020","300,1,N,0010,1","22000,1,9,N","010000,1,9,9","+0242,1","+0222,1","10089,1",,,,,"99,9,+99999,9,06,1",,,"9,AGL   ,+99999,+99999","04,99,1,00,1,99,9,99999,9,99,9,99,9","240,M,+0306,1","240,N,+0206,1","99999,9,09360,1","9,9,999,9,-005,1",,"SYN07043125 32997 43002 10242 20222 39360 40089 80500 333 10306 20206 59005=","Q01    003SCCGA1"
"43125099999","2022-09-07T12:00:00","4","17.9166666","77.5333333","663.0","BIDAR, IN","FM-12","99999","V020","180,1,N,0010,1","22000,1,9,N","010000,1,9,9","+0274,1","+0234,1","10040,1",,,,,"99,9,+99999,9,06,1",,,"9,AGL   ,+99999,+99999","04,99,1,00,1,99,9,99999,9,99,9,99,9","240,M,+0310,1",,"99999,9,09322,1","9,9,999,9,+000,1",,"SYN06443125 32997 41802 10274 20234 39322 40040 80500 333 10310 58000=","Q01    003SCCGA1"
"43125099999","2022-09-08T03:00:00","4","17.9166666","77.5333333","663.0","BIDAR, IN","FM-12","99999","V020","230,1,N,0010,1","22000,1,9,N","010000,1,9,9","+0236,1","+0221,1","10092,1",,,,,"99,9,+99999,9,06,1",,,"9,AGL   ,+99999,+99999","03,99,1,00,1,99,9,99999,9,99,9,99,9","240,M,+0310,1","240,N,+0200,1","99999,9,09360,1","9,9,999,9,+000,1",,"SYN08043125 32997 32302 10236 20221 39360 40092 80500 333 10310 20200 58000 555 10672=","Q01    003SCCGA1"
"43125099999","2022-09-08T12:00:00","4","17.9166666","77.5333333","663.0","BIDAR, IN","FM-12","99999","V020","140,1,N,0010,1","22000,1,9,N","010000,1,9,9","+0272,1","+0238,1","10030,1",,,,,"99,9,+99999,9,06,1",,,"9,AGL   ,+99999,+99999","03,99,1,00,1,99,9,99999,9,99,9,99,9","240,M,+0292,1",,"99999,9,09312,1","9,9,999,9,-010,1",,"SYN06443125 32997 31402 10272 20238 39312 40030 80500 333 10292 59010=","Q01    003SCCGA1"
"43125099999","2022-09-09T03:00:00","4","17.9166666","77.5333333","663.0","BIDAR, IN","FM-12","99999","V020","090,1,N,0010,1","22000,1,9,N","010000,1,9,9","+0252,1","+0226,1","10073,1","24,0630,3,2","24,0632,3,2",,,"99,9,+99999,9,06,1",,,"9,AGL   ,+99999,+99999","02,99,1,00,1,99,9,99999,9,99,9,99,9","240,M,+0292,1","240,N,+0198,1","99999,9,09348,1","9,9,999,9,-012,1",,"SYN09243125 22997 20902 10252 20226 39348 40073 80500 333 10292 20198 59012 6063/ 70632 555 10735=","Q01    003SCCGA1"
"43125099999","2022-09-09T12:00:00","4","17.9166666","77.5333333","663.0","BIDAR, IN","FM-12","99999","V020","050,1,N,0010,1","22000,1,9,N","010000,1,9,9","+0240,1","+0233,1","10029,1","09,0270,3,1",,,,"04,1,+99999,9,03,1",,,"9,AGL   ,+99999,+99999","04,99,1,04,1,99,9,99999,9,99,9,99,9","240,M,+0292,1",,"99999,9,09302,1","9,9,999,9,-010,1",,"SYN07043125 22997 40502 10240 20233 39302 40029 84090 333 10292 59010 6027/=",
"43125099999","2022-09-10T03:00:00","4","17.9166666","77.5333333","663.0","BIDAR, IN","FM-12","99999","V020","270,1,N,0010,1","22000,1,9,N","010000,1,9,9","+0220,1","+0217,1","10078,1","24,0350,3,1",,,,"99,9,+99999,9,06,1",,,"9,AGL   ,+99999,+99999","04,99,1,00,1,99,9,99999,9,99,9,99,9","240,M,+0292,1","240,N,+0202,1","99999,9,09342,1","9,9,999,9,-006,1",,"SYN08243125 22997 42702 10220 20217 39342 40078 80500 333 10292 20202 59006 6035/ 70350=","Q01    003SCCGA1"
"43125099999","2022-09-10T12:00:00","4","17.9166666","77.5333333","663.0","BIDAR, IN","FM-12","99999","V020","270,1,N,0010,1","22000,1,9,N","010000,1,9,9","+0226,1","+0217,1","10028,1","09,0350,3,1",,,,"04,1,+99999,9,06,1",,,"9,AGL   ,+99999,+99999","04,99,1,04,1,99,9,99999,9,99,9,99,9","240,M,+0232,1",,"99999,9,09298,1","9,9,999,9,-004,1",,"SYN07043125 22997 42702 10226 20217 39298 40028 84500 333 10232 59004 6035/=",
"43125099999","2022-09-11T03:00:00","4","17.9166666","77.5333333","663.0","BIDAR, IN","FM-12","99999","V020","270,1,N,0010,1","99999,9,9,N","010000,1,9,9","+0226,1","+0226,1","10053,1","24,0480,3,2","24,0478,3,2",,,"99,9,+99999,9,03,1",,,"9,AGL   ,+99999,+99999","05,99,1,00,1,99,9,99999,9,99,9,99,9","240,M,+0232,1","240,N,+0206,1","99999,9,09322,1","9,9,999,9,-020,1",,"SYN09843125 22997 52702 10226 20226 39322 40053 80090 333 10232 20206 59020 6048/ 70478 555 00478 10818=","Q01    003SCCGA1"
"43125099999","2022-09-11T12:00:00","4","17.9166666","77.5333333","663.0","BIDAR, IN","FM-12","99999","V020","230,1,N,0010,1","22000,1,9,N","010000,1,9,9","+0232,1","+0229,1","10017,1","09,0030,3,1",,,,"99,9,+99999,9,06,1",,,"9,AGL   ,+99999,+99999","04,99,1,00,1,99,9,99999,9,99,9,99,9","240,M,+0236,1",,"99999,9,09290,1","9,9,999,9,-008,1",,"SYN07043125 22997 42302 10232 20229 39290 40017 80500 333 10236 59008 6003/=","Q01    003SCCGA1"
"43125099999","2022-09-12T03:00:00","4","17.9166666","77.5333333","663.0","BIDAR, IN","FM-12","99999","V020","300,1,N,0010,1","99999,9,9,N","010000,1,9,9","+0224,1","+0221,1","10041,1","24,0040,3,2","24,0036,3,2",,,"99,9,+99999,9,03,1",,,"9,AGL   ,+99999,+99999","06,99,1,00,1,99,9,99999,9,99,9,99,9","240,M,+0236,1","240,N,+0206,1","99999,9,09310,1","9,9,999,9,-012,1",,"SYN09243125 22997 63002 10224 20221 39310 40041 80090 333 10236 20206 59012 6004/ 70036 555 10822=","Q01    003SCCGA1"
"43125099999","2022-09-12T12:00:00","4","17.9166666","77.5333333","663.0","BIDAR, IN","FM-12","99999","V020","230,1,N,0010,1","22000,1,9,N","010000,1,9,9","+0248,1","+0228,1","10014,1",,,,,"04,1,+99999,9,06,1",,,"9,AGL   ,+99999,+99999","04,99,1,04,1,99,9,99999,9,99,9,99,9","240,M,+0262,1",,"99999,9,09290,1","9,9,999,9,+000,1",,"SYN06443125 32997 42302 10248 20228 39290 40014 84500 333 10262 58000=",
"43125099999","2022-09-13T12:00:00","4","17.9166666","77.5333333","663.0","BIDAR, IN","FM-12","99999","V020","200,1,N,0010,1","22000,1,9,N","010000,1,9,9","+0260,1","+0232,1","10034,1",,,,,"03,1,+99999,9,06,1",,,"9,AGL   ,+99999,+99999","03,99,1,03,1,99,9,99999,9,99,9,99,9","240,M,+0280,1",,"99999,9,09310,1","9,9,999,9,+020,1",,"SYN06443125 32997 32002 10260 20232 39310 40034 83500 333 10280 58020=",
"43125099999","2022-09-14T03:00:00","4","17.9166666","77.5333333","663.0","BIDAR, IN","FM-12","99999","V020","250,1,N,0010,1","22000,1,9,N","010000,1,9,9","+0230,1","+0209,1","10084,1",,,,,"99,9,+99999,9,06,1",,,"9,AGL   ,+99999,+99999","03,99,1,00,1,99,9,99999,9,99,9,99,9","240,M,+0280,1","240,N,+0200,1","99999,9,09350,1","9,9,999,9,+018,1",,"SYN07043125 32997 32502 10230 20209 39350 40084 80500 333 10280 20200 58018=","Q01    003SCCGA1"
"43125099999","2022-09-14T12:00:00","4","17.9166666","77.5333333","663.0","BIDAR, IN","FM-12","99999","V020","270,1,N,0010,1","22000,1,9,N","010000,1,9,9","+0272,1","+0226,1","10052,1",,,,,"04,1,+99999,9,06,1",,,"9,AGL   ,+99999,+99999","04,99,1,04,1,99,9,99999,9,99,9,99,9","240,M,+0290,1",,"99999,9,09332,1","9,9,999,9,+022,1",,"SYN06443125 32997 42702 10272 20226 39332 40052 84500 333 10290 58022=",
"43125099999","2022-09-15T03:00:00","4","17.9166666","77.5333333","663.0","BIDAR, IN","FM-12","99999","V020","230,1,N,0010,1","22000,1,9,N","010000,1,9,9","+0230,1","+0212,1","10096,1",,,,,,,,"9,AGL   ,+99999,+99999","03,99,1,99,9,99,9,99999,9,99,9,99,9","240,M,+0290,1","240,N,+0200,1","99999,9,09362,1","9,9,999,9,+012,1",,"SYN07443125 32997 32302 10230 20212 39362 40096 333 10290 20200 58012 555 10822=",
"43125099999","2022-09-15T12:00:00","4","17.9166666","77.5333333","663.0","BIDAR, IN","FM-12","99999","V020","290,1,N,0010,1","99999,9,9,N","010000,1,9,9","+0264,1","+0227,1","10074,1",,,,,"03,1,+99999,9,06,1",,,"9,AGL   ,+99999,+99999","05,99,1,03,1,99,9,99999,9,99,9,99,9","240,M,+0284,1",,"99999,9,09350,1","9,9,999,9,+018,1",,"SYN06443125 32997 52902 10264 20227 39350 40074 83500 333 10284 58018=",
"43125099999","2022-09-16T12:00:00","4","17.9166666","77.5333333","663.0","BIDAR, IN","FM-12","99999","V020","230,1,N,0010,1","22000,1,9,N","010000,1,9,9","+0262,1","+0222,1","10055,1",,,,,"03,1,+99999,9,06,1",,,"9,AGL   ,+99999,+99999","04,99,1,03,1,99,9,99999,9,99,9,99,9","240,M,+0284,1",,"99999,9,09332,1","9,9,999,9,-018,1",,"SYN06443125 32997 42302 10262 20222 39332 40055 83500 333 10284 59018=",
"43125099999","2022-09-17T12:00:00","4","17.9166666","77.5333333","663.0","BIDAR, IN","FM-12","99999","V020","290,1,N,0010,1","22000,1,9,N","010000,1,9,9","+0280,1","+0226,1","10060,1",,,,,"03,1,+99999,9,06,1",,,"9,AGL   ,+99999,+99999","03,99,1,03,1,99,9,99999,9,99,9,99,9","240,M,+0300,1",,"99999,9,09340,1","9,9,999,9,+008,1",,"SYN06443125 32997 32902 10280 20226 39340 40060 83500 333 10300 58008=",
"43125099999","2022-09-18T12:00:00","4","17.9166666","77.5333333","663.0","BIDAR, IN","FM-12","99999","V020","290,1,N,0010,1","22000,1,9,N","010000,1,9,9","+0280,1","+0213,1","10060,1",,,,,"04,1,+99999,9,06,1",,,"9,AGL   ,+99999,+99999","04,99,1,04,1,99,9,99999,9,99,9,99,9","240,M,+0302,1",,"99999,9,09340,1","9,9,999,9,+000,1",,"SYN06443125 32997 42902 10280 20213 39340 40060 84500 333 10302 58000=",
"43125099999","2022-09-19T03:00:00","4","17.9166666","77.5333333","663.0","BIDAR, IN","FM-12","99999","V020","230,1,N,0010,1","22000,1,9,N","010000,1,9,9","+0226,1","+0208,1","10096,1",,,,,"99,9,+99999,9,06,1",,,"9,AGL   ,+99999,+99999","04,99,1,00,1,99,9,99999,9,99,9,99,9","240,M,+0302,1","240,N,+0200,1","99999,9,09362,1","9,9,999,9,-008,1",,"SYN07043125 32997 42302 10226 20208 39362 40096 80500 333 10302 20200 59008=","Q01    003SCCGA1"
"43125099999","2022-09-19T12:00:00","4","17.9166666","77.5333333","663.0","BIDAR, IN","FM-12","99999","V020","250,1,N,0010,1","22000,1,9,N","010000,1,9,9","+0258,1","+0220,1","10067,1",,,,,"99,9,+99999,9,06,1",,,"9,AGL   ,+99999,+99999","03,99,1,00,1,99,9,99999,9,99,9,99,9","240,M,+0284,1",,"99999,9,09342,1","9,9,999,9,+002,1",,"SYN06443125 32997 32502 10258 20220 39342 40067 80500 333 10284 58002=","Q01    003SCCGA1"
"43125099999","2022-09-20T12:00:00","4","17.9166666","77.5333333","663.0","BIDAR, IN","FM-12","99999","V020","290,1,N,0010,1","99999,9,9,N","010000,1,9,9","+0232,1","+0226,1","10059,1","09,0070,3,1",,,,"05,1,+99999,9,03,1",,,"9,AGL   ,+99999,+99999","05,99,1,05,1,99,9,99999,9,99,9,99,9","240,M,+0280,1",,"99999,9,09330,1","9,9,999,9,-012,1",,"SYN07043125 22997 52902 10232 20226 39330 40059 85090 333 10280 59012 6007/=",
"43125099999","2022-09-21T03:00:00","4","17.9166666","77.5333333","663.0","BIDAR, IN","FM-12","99999","V020","230,1,N,0010,1","22000,1,9,N","010000,1,9,9","+0230,1","+0212,1","10096,1","24,0070,3,2","24,0074,3,2",,,"99,9,+99999,9,06,1",,,"9,AGL   ,+99999,+99999","02,99,1,00,1,99,9,99999,9,99,9,99,9","240,M,+0280,1","240,N,+0200,1","99999,9,09362,1","9,9,999,9,-008,1",,"SYN09843125 22997 22302 10230 20212 39362 40096 80500 333 10280 20200 59008 6007/ 70074 555 00074 10831=","Q01    003SCCGA1"
"43125099999","2022-09-21T12:00:00","4","17.9166666","77.5333333","663.0","BIDAR, IN","FM-12","99999","V020","270,1,N,0010,1","22000,1,9,N","010000,1,9,9","+0266,1","+0226,1","10051,1",,,,,"02,1,+99999,9,06,1",,,"9,AGL   ,+99999,+99999","02,99,1,02,1,99,9,99999,9,99,9,99,9","240,M,+0276,1",,"99999,9,09330,1","9,9,999,9,+000,1",,"SYN06443125 32997 22702 10266 20226 39330 40051 82500 333 10276 58000=",
"43125099999","2022-09-22T03:00:00","4","17.9166666","77.5333333","663.0","BIDAR, IN","FM-12","99999","V020","230,1,N,0010,1","22000,1,9,N","010000,1,9,9","+0222,1","+0210,1","10102,1",,,,,"99,9,+99999,9,06,1",,,"9,AGL   ,+99999,+99999","04,99,1,00,1,99,9,99999,9,99,9,99,9","240,M,+0276,1","240,N,+0200,1","99999,9,09368,1","9,9,999,9,+006,1",,"SYN08043125 32997 42302 10222 20210 39368 40102 80500 333 10276 20200 58006 555 10831=","Q01    003SCCGA1"
"43125099999","2022-09-22T12:00:00","4","17.9166666","77.5333333","663.0","BIDAR, IN","FM-12","99999","V020","290,1,N,0010,1","22000,1,9,N","010000,1,9,9","+0252,1","+0220,1","10067,1",,,,,"04,1,+99999,9,06,1",,,"9,AGL   ,+99999,+99999","04,99,1,04,1,99,9,99999,9,99,9,99,9","240,M,+0256,1",,"99999,9,09342,1","9,9,999,9,+012,1",,"SYN06443125 32997 42902 10252 20220 39342 40067 84500 333 10256 58012=",
"43125099999","2022-09-23T12:00:00","4","17.9166666","77.5333333","663.0","BIDAR, IN","FM-12","99999","V020","230,1,N,0010,1","22000,1,9,N","010000,1,9,9","+0264,1","+0205,1","10076,1",,,,,"03,1,+99999,9,06,1",,,"9,AGL   ,+99999,+99999","03,99,1,03,1,99,9,99999,9,99,9,99,9","240,M,+0284,1",,"99999,9,09352,1","9,9,999,9,+010,1",,"SYN06443125 32997 32302 10264 20205 39352 40076 83500 333 10284 58010=",
"43125099999","2022-09-24T03:00:00","4","17.9166666","77.5333333","663.0","BIDAR, IN","FM-12","99999","V020","230,1,N,0010,1","22000,1,9,N","010000,1,9,9","+0234,1","+0198,1","10113,1",,,,,"99,9,+99999,9,06,1",,,"9,AGL   ,+99999,+99999","02,99,1,00,1,99,9,99999,9,99,9,99,9","240,M,+0284,1","240,N,+0190,1","99999,9,09380,1","9,9,999,9,+008,1",,"SYN08043125 32997 22302 10234 20198 39380 40113 80500 333 10284 20190 58008 555 10831=","Q01    003SCCGA1"
"43125099999","2022-09-24T12:00:00","4","17.9166666","77.5333333","663.0","BIDAR, IN","FM-12","99999","V020","270,1,N,0010,1","22000,1,9,N","010000,1,9,9","+0288,1","+0213,1","10066,1",,,,,"99,9,+99999,9,06,1",,,"9,AGL   ,+99999,+99999","03,99,1,00,1,99,9,99999,9,99,9,99,9","240,M,+0300,1",,"99999,9,09348,1","9,9,999,9,-004,1",,"SYN06443125 32997 32702 10288 20213 39348 40066 80500 333 10300 59004=","Q01    003SCCGA1"
"43125099999","2022-09-25T12:00:00","4","17.9166666","77.5333333","663.0","BIDAR, IN","FM-12","99999","V020","140,1,N,0010,1","22000,1,9,N","010000,1,9,9","+0274,1","+0222,1","10068,1",,,,,"03,1,+99999,9,06,1",,,"9,AGL   ,+99999,+99999","03,99,1,03,1,99,9,99999,9,99,9,99,9","240,M,+0296,1",,"99999,9,09348,1","9,9,999,9,+000,1",,"SYN06443125 32997 31402 10274 20222 39348 40068 83500 333 10296 58000=",
"43125099999","2022-09-26T12:00:00","4","17.9166666","77.5333333","663.0","BIDAR, IN","FM-12","99999","V020","270,1,N,0010,1","99999,9,9,N","010000,1,9,9","+0230,1","+0227,1","10049,1","09,0150,3,1",,,,"05,1,+99999,9,09,1",,,"9,AGL   ,+99999,+99999","05,99,1,05,1,99,9,99999,9,99,9,99,9","240,M,+0306,1",,"99999,9,09318,1","9,9,999,9,-030,1",,"SYN07043125 22997 52702 10230 20227 39318 40049 85900 333 10306 59030 6015/=",
"43125099999","2022-09-27T12:00:00","4","17.9166666","77.5333333","663.0","BIDAR, IN","FM-12","99999","V020","050,1,N,0010,1","22000,1,9,N","010000,1,9,9","+0262,1","+0234,1","10051,1",,,,,"03,1,+99999,9,06,1",,,"9,AGL   ,+99999,+99999","03,99,1,03,1,99,9,99999,9,99,9,99,9","240,M,+0295,1",,"99999,9,09330,1","9,9,999,9,+012,1",,"SYN06443125 32997 30502 10262 20234 39330 40051 83500 333 10295 58012=",
"43125099999","2022-09-28T12:00:00","4","17.9166666","77.5333333","663.0","BIDAR, IN","FM-12","99999","V020","300,1,N,0010,1","99999,9,9,N","010000,1,9,9","+0230,1","+0227,1","10049,1","09,0130,3,2","09,0123,3,2",,,"99,9,+99999,9,03,1",,,"9,AGL   ,+99999,+99999","05,99,1,00,1,99,9,99999,9,99,9,99,9","240,M,+0300,1",,"99999,9,09318,1","9,9,999,9,-012,1",,"SYN07643125 22997 53002 10230 20227 39318 40049 80090 333 10300 59012 6013/ 70123=","Q01    003SCCGA1"
"43125099999","2022-09-29T03:00:00","4","17.9166666","77.5333333","663.0","BIDAR, IN","FM-12","99999","V020","300,1,N,0010,1","22000,1,9,N","010000,1,9,9","+0296,1","+0223,1","10083,1","24,0130,3,2","24,0128,3,2",,,"99,9,+99999,9,06,1",,,"9,AGL   ,+99999,+99999","03,99,1,00,1,99,9,99999,9,99,9,99,9","240,M,+0300,1","240,N,+0205,1","99999,9,09355,1","9,9,999,9,-007,1",,"SYN08243125 22997 33002 10296 20223 39355 40083 80500 333 10300 20205 59007 6013/ 70128=","Q01    003SCCGA1"
"43125099999","2022-09-29T12:00:00","4","17.9166666","77.5333333","663.0","BIDAR, IN","FM-12","99999","V020","270,1,N,0010,1","99999,9,9,N","010000,1,9,9","+0250,1","+0227,1","10048,1","09,0020,3,2","09,0016,3,2",,,"99,9,+99999,9,03,1",,,"9,AGL   ,+99999,+99999","06,99,1,00,1,99,9,99999,9,99,9,99,9","240,M,+0292,1",,"99999,9,09322,1","9,9,999,9,+004,1",,"SYN07643125 22997 62702 10250 20227 39322 40048 80090 333 10292 58004 6002/ 70016=","Q01    003SCCGA1"
"43125099999","2022-09-30T03:00:00","4","17.9166666","77.5333333","663.0","BIDAR, IN","FM-12","99999","V020","300,1,N,0010,1","22000,1,9,N","010000,1,9,9","+0252,1","+0229,1","10089,1","24,0020,3,1",,,,,,,"9,AGL   ,+99999,+99999","03,99,1,99,9,99,9,99999,9,99,9,99,9","240,M,+0292,1","240,N,+0212,1","99999,9,09362,1","9,9,999,9,+007,1",,"SYN08643125 22997 33002 10252 20229 39362 40089 333 10292 20212 58007 6002/ 555 00020 10861=",
"43125099999","2022-09-30T12:00:00","4","17.9166666","77.5333333","663.0","BIDAR, IN","FM-12","99999","V020","050,1,N,0010,1","22000,1,9,N","010000,1,9,9","+0282,1","+0228,1","10038,1",,,,,"99,9,+99999,9,06,1",,,"9,AGL   ,+99999,+99999","04,99,1,00,1,99,9,99999,9,99,9,99,9","240,M,+0306,1",,"99999,9,09322,1","9,9,999,9,+000,1",,"SYN06443125 32997 40502 10282 20228 39322 40038 80500 333 10306 58000=","Q01    003SCCGA1"
"43125099999","2022-10-02T12:00:00","4","17.9166666","77.5333333","663.0","BIDAR, IN","FM-12","99999","V020","090,1,N,0010,1","22000,1,9,N","010000,1,9,9","+0238,1","+0215,1","10070,1",,,,,"04,1,+99999,9,06,1",,,"9,AGL   ,+99999,+99999","04,99,1,04,1,99,9,99999,9,99,9,99,9","240,M,+0305,1",,"99999,9,09340,1","9,9,999,9,+018,1",,"SYN06443125 32997 40902 10238 20215 39340 40070 84500 333 10305 58018=",
"43125099999","2022-10-03T03:00:00","4","17.9166666","77.5333333","663.0","BIDAR, IN","FM-12","99999","V020","300,1,N,0010,1","22000,1,9,N","010000,1,9,9","+0250,1","+0212,1","10099,1",,,,,"99,9,+99999,9,06,1",,,"9,AGL   ,+99999,+99999","02,99,1,00,1,99,9,99999,9,99,9,99,9","240,M,+0306,1","240,N,+0204,1","99999,9,09370,1","9,9,999,9,+005,1",,"SYN08043125 32997 23002 10250 20212 39370 40099 80500 333 10306 20204 58005 555 10010=","Q01    003SCCGA1"
"43125099999","2022-10-03T12:00:00","4","17.9166666","77.5333333","663.0","BIDAR, IN","FM-12","99999","V020","050,1,N,0010,1","22000,1,9,N","010000,1,9,9","+0278,1","+0221,1","10060,1",,,,,"03,1,+99999,9,06,1",,,"9,AGL   ,+99999,+99999","03,99,1,03,1,99,9,99999,9,99,9,99,9","240,M,+0310,1",,"99999,9,09340,1","9,9,999,9,+000,1",,"SYN06443125 32997 30502 10278 20221 39340 40060 83500 333 10310 58000=",
"43125099999","2022-10-04T12:00:00","4","17.9166666","77.5333333","663.0","BIDAR, IN","FM-12","99999","V020","290,1,N,0010,1","22000,1,9,N","010000,1,9,9","+0278,1","+0221,1","10060,1",,,,,"02,1,+99999,9,06,1",,,"9,AGL   ,+99999,+99999","02,99,1,02,1,99,9,99999,9,99,9,99,9","240,M,+0288,1",,"99999,9,09340,1","9,9,999,9,+000,1",,"SYN06443125 32997 22902 10278 20221 39340 40060 82500 333 10288 58000=",
"43125099999","2022-10-05T03:00:00","4","17.9166666","77.5333333","663.0","BIDAR, IN","FM-12","99999","V020","050,1,N,0010,1","22000,1,9,N","010000,1,9,9","+0260,1","+0204,1","10102,1",,,,,"99,9,+99999,9,00,1",,,"9,AGL   ,+99999,+99999","03,99,1,00,1,99,9,99999,9,99,9,99,9","240,M,+0288,1","240,N,+0206,1","99999,9,09374,1","9,9,999,9,+004,1",,"SYN08043125 32997 30502 10260 20204 39374 40102 80001 333 10288 20206 58004 555 10010=","Q01    003SCCGA1"
"43125099999","2022-10-05T12:00:00","4","17.9166666","77.5333333","663.0","BIDAR, IN","FM-12","99999","V020","050,1,N,0010,1","22000,1,9,N","010000,1,9,9","+0286,1","+0210,1","10062,1",,,,,"03,1,+99999,9,06,1",,,"9,AGL   ,+99999,+99999","03,99,1,03,1,99,9,99999,9,99,9,99,9","240,M,+0296,1",,"99999,9,09340,1","9,9,999,9,+000,1",,"SYN06443125 32997 30502 10286 20210 39340 40062 83500 333 10296 58000=",
"43125099999","2022-10-06T12:00:00","4","17.9166666","77.5333333","663.0","BIDAR, IN","FM-12","99999","V020","290,1,N,0010,1","99999,9,9,N","010000,1,9,9","+0220,1","+0220,1","10077,1","09,0190,3,1",,,,"07,1,+99999,9,03,1",,,"9,AGL   ,+99999,+99999","07,99,1,07,1,99,9,99999,9,99,9,99,9","240,M,+0260,1",,"99999,9,09338,1","9,9,999,9,-002,1",,"SYN07043125 22997 72902 10220 20220 39338 40077 87090 333 10260 59002 6019/=",
"43125099999","2022-10-08T12:00:00","4","17.9166666","77.5333333","663.0","BIDAR, IN","FM-12","99999","V020","230,1,N,0010,1","22000,1,9,N","010000,1,9,9","+0278,1","+0211,1","10070,1",,,,,"03,2,+99999,9,06,1",,,"9,AGL   ,+99999,+99999","02,99,2,03,2,99,9,99999,9,99,9,99,9","240,M,+0302,1",,"99999,9,09350,1","9,9,999,9,+006,1",,"SYN06443125 32997 22302 10278 20211 39350 40070 83500 333 10302 58006=",
"43125099999","2022-10-09T03:00:00","4","17.9166666","77.5333333","663.0","BIDAR, IN","FM-12","99999","V020","050,1,N,0010,1","22000,1,9,N","010000,1,9,9","+0270,1","+0221,1","10098,1",,,,,"99,9,+99999,9,00,1",,,"9,AGL   ,+99999,+99999","02,99,1,00,1,99,9,99999,9,99,9,99,9","240,M,+0302,1","240,N,+0204,1","99999,9,09372,1","9,9,999,9,+004,1",,"SYN08043125 32997 20502 10270 20221 39372 40098 80001 333 10302 20204 58004 555 10031=","Q01    003SCCGA1"
"43125099999","2022-10-09T12:00:00","4","17.9166666","77.5333333","663.0","BIDAR, IN","FM-12","99999","V020","050,1,N,0010,1","22000,1,9,N","010000,1,9,9","+0260,1","+0237,1","10077,1",,,,,"03,1,+99999,9,06,1",,,"9,AGL   ,+99999,+99999","04,99,1,03,1,99,9,99999,9,99,9,99,9","240,M,+0324,1",,"99999,9,09350,1","9,9,999,9,+000,1",,"SYN06443125 32997 40502 10260 20237 39350 40077 83500 333 10324 58000=",
"43125099999","2022-10-10T03:00:00","4","17.9166666","77.5333333","663.0","BIDAR, IN","FM-12","99999","V020","230,1,N,0010,1","22000,1,9,N","010000,1,9,9","+0238,1","+0229,1","10094,1","24,0150,3,2","24,0146,3,2",,,,,,"9,AGL   ,+99999,+99999","04,99,1,99,9,99,9,99999,9,99,9,99,9","240,M,+0324,1","240,N,+0204,1","99999,9,09362,1","9,9,999,9,-010,1",,"SYN08643125 22997 42302 10238 20229 39362 40094 333 10324 20204 59010 6015/ 70146 555 10046=",
"43125099999","2022-10-10T12:00:00","4","17.9166666","77.5333333","663.0","BIDAR, IN","FM-12","99999","V020","230,1,N,0010,1","99999,9,9,N","010000,1,9,9","+0246,1","+0240,1","10072,1","09,0040,3,1",,,,"08,1,+99999,9,09,1",,,"9,AGL   ,+99999,+99999","08,99,1,08,1,99,9,99999,9,99,9,99,9","240,M,+0276,1",,"99999,9,09344,1","9,9,999,9,-006,1",,"SYN07043125 22997 82302 10246 20240 39344 40072 88900 333 10276 59006 6004/=",
"43125099999","2022-10-11T12:00:00","4","17.9166666","77.5333333","663.0","BIDAR, IN","FM-12","99999","V020","180,1,N,0010,1","22000,1,9,N","010000,1,9,9","+0280,1","+0229,1","10040,1",,,,,"03,1,+99999,9,06,1",,,"9,AGL   ,+99999,+99999","03,99,1,03,1,99,9,99999,9,99,9,99,9","240,M,+0295,1",,"99999,9,09322,1","9,9,999,9,-022,1",,"SYN06443125 32997 31802 10280 20229 39322 40040 83500 333 10295 59022=",
"43125099999","2022-10-12T12:00:00","4","17.9166666","77.5333333","663.0","BIDAR, IN","FM-12","99999","V020","140,1,N,0010,1","22000,1,9,N","010000,1,9,9","+0240,1","+0226,1","10049,1",,,,,"03,1,+99999,9,06,1",,,"9,AGL   ,+99999,+99999","04,99,1,03,1,99,9,99999,9,99,9,99,9","240,M,+0280,1",,"99999,9,09320,1","9,9,999,9,-002,1",,"SYN06443125 32997 41402 10240 20226 39320 40049 83500 333 10280 59002=",
"43125099999","2022-10-14T03:00:00","4","17.9166666","77.5333333","663.0","BIDAR, IN","FM-12","99999","V020","050,1,N,0010,1","99999,9,9,N","010000,1,9,9","+0226,1","+0217,1","10139,1","24,0220,3,2","24,0218,3,2",,,,,,"9,AGL   ,+99999,+99999","05,99,1,99,9,99,9,99999,9,99,9,99,9","240,M,+0296,1","240,N,+0196,1","99999,9,09402,1","9,9,999,9,+004,1",,"SYN08643125 22997 50502 10226 20217 39402 40139 333 10296 20196 58004 6022/ 70218 555 10073=",
"43125099999","2022-10-14T12:00:00","4","17.9166666","77.5333333","663.0","BIDAR, IN","FM-12","99999","V020","340,1,N,0010,1","99999,9,9,N","010000,1,9,9","+0242,1","+0225,1","10081,1",,,,,"05,1,+99999,9,06,1",,,"9,AGL   ,+99999,+99999","05,99,1,05,1,99,9,99999,9,99,9,99,9","240,M,+0286,1",,"99999,9,09352,1","9,9,999,9,+014,1",,"SYN06443125 32997 53402 10242 20225 39352 40081 85500 333 10286 58014=",
"43125099999","2022-10-15T12:00:00","4","17.9166666","77.5333333","663.0","BIDAR, IN","FM-12","99999","V020","300,1,N,0010,1","22000,1,9,N","010000,1,9,9","+0242,1","+0230,1","10081,1",,,,,"99,9,+99999,9,06,1",,,"9,AGL   ,+99999,+99999","03,99,1,00,1,99,9,99999,9,99,9,99,9","240,M,+0262,1",,"99999,9,09352,1","9,9,999,9,+000,1",,"SYN06443125 32997 33002 10242 20230 39352 40081 80500 333 10262 58000=","Q01    003SCCGA1"
"43125099999","2022-10-16T03:00:00","4","17.9166666","77.5333333","663.0","BIDAR, IN","FM-12","99999","V020","140,1,N,0010,1","99999,9,9,N","010000,1,9,9","+0230,1","+0224,1","10073,1","24,0090,3,1",,,,,,,"9,AGL   ,+99999,+99999","06,99,1,99,9,99,9,99999,9,99,9,99,9","240,M,+0262,1","240,N,+0200,1","99999,9,09340,1","9,9,999,9,+010,1",,"SYN08643125 22997 61402 10230 20224 39340 40073 333 10262 20200 58010 6009/ 555 00088 10095=",
"43125099999","2022-10-17T03:00:00","4","17.9166666","77.5333333","663.0","BIDAR, IN","FM-12","99999","V020","050,1,N,0010,1","22000,1,9,N","010000,1,9,9","+0250,1","+0234,1","10070,1",,,,,"99,9,+99999,9,06,1",,,"9,AGL   ,+99999,+99999","02,99,1,00,1,99,9,99999,9,99,9,99,9","240,M,+0278,1","240,N,+0196,1","99999,9,09342,1","9,9,999,9,+002,1",,"SYN08043125 32997 20502 10250 20234 39342 40070 80500 333 10278 20196 58002 555 10097=","Q01    003SCCGA1"
"43125099999","2022-10-17T12:00:00","4","17.9166666","77.5333333","663.0","BIDAR, IN","FM-12","99999","V020","180,1,N,0010,1","22000,1,9,N","010000,1,9,9","+0270,1","+0230,1","10086,1",,,,,"03,1,+99999,9,06,1",,,"9,AGL   ,+99999,+99999","03,99,1,03,1,99,9,99999,9,99,9,99,9","240,M,+0298,1",,"99999,9,09362,1","9,9,999,9,+010,1",,"SYN06443125 32997 31802 10270 20230 39362 40086 83500 333 10298 58010=",
"43125099999","2022-10-18T03:00:00","4","17.9166666","77.5333333","663.0","BIDAR, IN","FM-12","99999","V020","230,1,N,0010,1","22000,1,9,N","010000,1,9,9","+0254,1","+0228,1","10085,1",,,,,,,,"9,AGL   ,+99999,+99999","02,99,1,99,9,99,9,99999,9,99,9,99,9","240,M,+0298,1","240,N,+0192,1","99999,9,09368,1","9,9,999,9,+026,1",,"SYN07443125 32997 22302 10254 20228 39368 40085 333 10298 20192 58026 555 10097=",
"43125099999","2022-10-18T12:00:00","4","17.9166666","77.5333333","663.0","BIDAR, IN","FM-12","99999","V020","180,1,N,0010,1","22000,1,9,N","010000,1,9,9","+0266,1","+0238,1","10094,1",,,,,"04,1,+99999,9,06,1",,,"9,AGL   ,+99999,+99999","04,99,1,04,1,99,9,99999,9,99,9,99,9","240,M,+0310,1",,"99999,9,09371,1","9,9,999,9,+008,1",,"SYN06443125 32997 41802 10266 20238 39371 40094 84500 333 10310 58008=",
"43125099999","2022-10-19T12:00:00","4","17.9166666","77.5333333","663.0","BIDAR, IN","FM-12","99999","V020","050,1,N,0010,1","22000,1,9,N","010000,1,9,9","+0264,1","+0233,1","10094,1",,,,,"03,1,+99999,9,06,1",,,"9,AGL   ,+99999,+99999","03,99,1,03,1,99,9,99999,9,99,9,99,9","240,M,+0302,1",,"99999,9,09370,1","9,9,999,9,+000,1",,"SYN06443125 32997 30502 10264 20233 39370 40094 83500 333 10302 58000=",
"43125099999","2022-10-20T12:00:00","4","17.9166666","77.5333333","663.0","BIDAR, IN","FM-12","99999","V020","140,1,N,0010,1","22000,1,9,N","010000,1,9,9","+0276,1","+0218,1","10094,1",,,,,"02,1,+99999,9,06,1",,,"9,AGL   ,+99999,+99999","02,99,1,02,1,99,9,99999,9,99,9,99,9","240,M,+0296,1",,"99999,9,09372,1","9,9,999,9,+002,1",,"SYN06443125 32997 21402 10276 20218 39372 40094 82500 333 10296 58002=",
"43125099999","2022-10-21T12:00:00","4","17.9166666","77.5333333","663.0","BIDAR, IN","FM-12","99999","V020","050,1,N,0010,1","99999,9,9,N","010000,1,9,9","+0232,1","+0214,1","10121,1",,,,,"06,1,+99999,9,03,1",,,"9,AGL   ,+99999,+99999","06,99,1,06,1,99,9,99999,9,99,9,99,9","240,M,+0286,1",,"99999,9,09388,1","9,9,999,9,+016,1",,"SYN06443125 32997 60502 10232 20214 39388 40121 86090 333 10286 58016=",
"43125099999","2022-10-22T03:00:00","4","17.9166666","77.5333333","663.0","BIDAR, IN","FM-12","99999","V020","140,1,N,0010,1","22000,1,9,N","010000,1,9,9","+0240,1","+0198,1","10166,1",,,,,"99,9,+99999,9,06,1",,,"9,AGL   ,+99999,+99999","02,99,1,00,1,99,9,99999,9,99,9,99,9","240,M,+0286,1","240,N,+0190,1","99999,9,09430,1","9,9,999,9,+018,1",,"SYN08043125 32997 21402 10240 20198 39430 40166 80500 333 10286 20190 58018 555 10099=","Q01    003SCCGA1"
"43125099999","2022-10-22T12:00:00","4","17.9166666","77.5333333","663.0","BIDAR, IN","FM-12","99999","V020","290,1,N,0010,1","22000,1,9,N","010000,1,9,9","+0256,1","+0158,1","10130,1",,,,,"01,1,+99999,9,06,1",,,"9,AGL   ,+99999,+99999","01,99,1,01,1,99,9,99999,9,99,9,99,9","240,M,+0280,1",,"99999,9,09400,1","9,9,999,9,+012,1",,"SYN06443125 32997 12902 10256 20158 39400 40130 81500 333 10280 58012=",
"43125099999","2022-10-23T03:00:00","4","17.9166666","77.5333333","663.0","BIDAR, IN","FM-12","99999","V020","050,1,N,0010,1","22000,1,9,N","010000,1,9,9","+0218,1","+0150,1","10175,1",,,,,"99,9,+99999,9,00,1",,,"9,AGL   ,+99999,+99999","01,99,1,00,1,99,9,99999,9,99,9,99,9","240,M,+0280,1","240,N,+0140,1","99999,9,09432,1","9,9,999,9,+002,1",,"SYN08043125 32997 10502 10218 20150 39432 40175 80001 333 10280 20140 58002 555 10099=","Q01    003SCCGA1"
"43125099999","2022-10-24T12:00:00","4","17.9166666","77.5333333","663.0","BIDAR, IN","FM-12","99999","V020","360,1,N,0010,1","22000,1,9,N","010000,1,9,9","+0264,1","+0141,1","10094,1",,,,,"99,9,+99999,9,00,1",,,"9,AGL   ,+99999,+99999","01,99,1,00,1,99,9,99999,9,99,9,99,9","240,M,+0286,1",,"99999,9,09370,1","9,9,999,9,-020,1",,"SYN06443125 32997 13602 10264 20141 39370 40094 80001 333 10286 59020=","Q01    003SCCGA1"
"43125099999","2022-10-25T03:00:00","4","17.9166666","77.5333333","663.0","BIDAR, IN","FM-12","99999","V020","050,1,N,0005,1","99999,9,9,N","004000,1,9,9","+0200,1","+0162,1","10125,1",,,,,,,,,,"240,M,+0270,1","240,N,+0175,1","99999,9,09288,1","9,9,999,9,+005,1",,"SYN07443125 32996 00501 10200 20162 39288 40125 333 10270 20175 58005 555 11082=",
"43125099999","2022-10-25T12:00:00","4","17.9166666","77.5333333","663.0","BIDAR, IN","FM-12","99999","V020","360,1,N,0010,1","22000,1,9,N","010000,1,9,9","+0268,1","+0130,1","10094,1",,,,,"99,9,+99999,9,00,1",,,"9,AGL   ,+99999,+99999","01,99,1,00,1,99,9,99999,9,99,9,99,9","240,M,+0290,1",,"99999,9,09370,1","9,9,999,9,+000,1",,"SYN06443125 32997 13602 10268 20130 39370 40094 80001 333 10290 58000=","Q01    003SCCGA1"
"43125099999","2022-10-26T03:00:00","4","17.9166666","77.5333333","663.0","BIDAR, IN","FM-12","99999","V020","070,1,N,0010,1","22000,1,9,N","010000,1,9,9","+0246,1","+0126,1","10132,1",,,,,,,,"9,AGL   ,+99999,+99999","01,99,1,99,9,99,9,99999,9,99,9,99,9","240,M,+0290,1","240,N,+0124,1","99999,9,09400,1","9,9,999,9,+012,1",,"SYN07443125 32997 10702 10246 20126 39400 40132 333 10290 20124 58012 555 10099=",
"43125099999","2022-10-26T12:00:00","4","17.9166666","77.5333333","663.0","BIDAR, IN","FM-12","99999","V020","050,1,N,0010,1","22000,1,9,N","010000,1,9,9","+0262,1","+0143,1","10117,1",,,,,"99,9,+99999,9,00,1",,,"9,AGL   ,+99999,+99999","01,99,1,00,1,99,9,99999,9,99,9,99,9","240,M,+0290,1",,"99999,9,09390,1","9,9,999,9,+020,1",,"SYN06443125 32997 10502 10262 20143 39390 40117 80001 333 10290 58020=","Q01    003SCCGA1"
"43125099999","2022-10-27T12:00:00","4","17.9166666","77.5333333","663.0","BIDAR, IN","FM-12","99999","V020","140,1,N,0010,1","22000,1,9,N","010000,1,9,9","+0260,1","+0120,1","10125,1",,,,,"99,9,+99999,9,00,1",,,"9,AGL   ,+99999,+99999","01,99,1,00,1,99,9,99999,9,99,9,99,9","240,M,+0286,1",,"99999,9,09395,1","9,9,999,9,+005,1",,"SYN06443125 32997 11402 10260 20120 39395 40125 80001 333 10286 58005=","Q01    003SCCGA1"
"43125099999","2022-10-28T12:00:00","4","17.9166666","77.5333333","663.0","BIDAR, IN","FM-12","99999","V020","050,1,N,0010,1","22000,1,9,N","010000,1,9,9","+0266,1","+0106,1","10116,1",,,,,"99,9,+99999,9,00,1",,,"9,AGL   ,+99999,+99999","01,99,1,00,1,99,9,99999,9,99,9,99,9","240,M,+0290,1",,"99999,9,09390,1","9,9,999,9,-005,1",,"SYN06443125 32997 10502 10266 20106 39390 40116 80001 333 10290 59005=","Q01    003SCCGA1"
"43125099999","2022-10-29T03:00:00","4","17.9166666","77.5333333","663.0","BIDAR, IN","FM-12","99999","V020","050,1,N,0010,1","22000,1,9,N","010000,1,9,9","+0244,1","+0119,1","10146,1",,,,,,,,"9,AGL   ,+99999,+99999","01,99,1,99,9,99,9,99999,9,99,9,99,9","240,M,+0290,1","240,N,+0162,1","99999,9,09412,1","9,9,999,9,-008,1",,"SYN07443125 32997 10502 10244 20119 39412 40146 333 10290 20162 59008 555 10099=",
"43125099999","2022-10-29T12:00:00","4","17.9166666","77.5333333","663.0","BIDAR, IN","FM-12","99999","V020","050,1,N,0010,1","22000,1,9,N","010000,1,9,9","+0260,1","+0115,1","10118,1",,,,,"99,9,+99999,9,00,1",,,"9,AGL   ,+99999,+99999","01,99,1,00,1,99,9,99999,9,99,9,99,9","240,M,+0285,1",,"99999,9,09390,1","9,9,999,9,+000,1",,"SYN06443125 32997 10502 10260 20115 39390 40118 80001 333 10285 58000=","Q01    003SCCGA1"
"43125099999","2022-10-30T03:00:00","4","17.9166666","77.5333333","663.0","BIDAR, IN","FM-12","99999","V020","090,1,N,0010,1","22000,1,9,N","010000,1,9,9","+0230,1","+0118,1","10151,1",,,,,,,,"9,AGL   ,+99999,+99999","01,99,1,99,9,99,9,99999,9,99,9,99,9","240,M,+0285,1","240,N,+0110,1","99999,9,09412,1","9,9,999,9,+000,1",,"SYN07443125 32997 10902 10230 20118 39412 40151 333 10285 20110 58000 555 10099=",
"43125099999","2022-10-31T12:00:00","4","17.9166666","77.5333333","663.0","BIDAR, IN","FM-12","99999","V020","360,1,N,0010,1","22000,1,9,N","010000,1,9,9","+0250,1","+0110,1","10119,1",,,,,"99,9,+99999,9,00,1",,,"9,AGL   ,+99999,+99999","01,99,1,00,1,99,9,99999,9,99,9,99,9","240,M,+0275,1",,"99999,9,09388,1","9,9,999,9,+000,1",,"SYN06443125 32997 13602 10250 20110 39388 40119 80001 333 10275 58000=","Q01    003SCCGA1"
"43125099999","2022-11-01T03:00:00","4","17.9166666","77.5333333","663.0","BIDAR, IN","FM-12","99999","V020","050,1,N,0010,1","22000,1,9,N","010000,1,9,9","+0218,1","+0127,1","10162,1",,,,,,,,"9,AGL   ,+99999,+99999","01,99,1,99,9,99,9,99999,9,99,9,99,9","240,M,+0275,1","240,N,+0136,1","99999,9,09420,1","9,9,999,9,+008,1",,"SYN07443125 32997 10502 10218 20127 39420 40162 333 10275 20136 58008 555 10099=",
"43125099999","2022-11-01T12:00:00","4","17.9166666","77.5333333","663.0","BIDAR, IN","FM-12","99999","V020","020,1,N,0010,1","22000,1,9,N","010000,1,9,9","+0256,1","+0180,1","10122,1",,,,,"99,9,+99999,9,00,1",,,"9,AGL   ,+99999,+99999","01,99,1,00,1,99,9,99999,9,99,9,99,9","240,M,+0278,1",,"99999,9,09392,1","9,9,999,9,+004,1",,"SYN06443125 32997 10202 10256 20180 39392 40122 80001 333 10278 58004=","Q01    003SCCGA1"
"43125099999","2022-11-03T03:00:00","4","17.9166666","77.5333333","663.0","BIDAR, IN","FM-12","99999","V020","070,1,N,0010,1","22000,1,9,N","010000,1,9,9","+0224,1","+0178,1","10151,1",,,,,,,,"9,AGL   ,+99999,+99999","01,99,1,99,9,99,9,99999,9,99,9,99,9","240,M,+0286,1","240,N,+0146,1","99999,9,09412,1","9,9,999,9,-008,1",,"SYN07443125 32997 10702 10224 20178 39412 40151 333 10286 20146 59008 555 10099=",
"43125099999","2022-11-03T12:00:00","4","17.9166666","77.5333333","663.0","BIDAR, IN","FM-12","99999","V020","090,1,N,0010,1","22000,1,9,N","010000,1,9,9","+0262,1","+0154,1","10116,1",,,,,"99,9,+99999,9,00,1",,,"9,AGL   ,+99999,+99999","01,99,1,00,1,99,9,99999,9,99,9,99,9","240,M,+0290,1",,"99999,9,09390,1","9,9,999,9,-002,1",,"SYN06443125 32997 10902 10262 20154 39390 40116 80001 333 10290 59002=","Q01    003SCCGA1"
"43125099999","2022-11-04T03:00:00","4","17.9166666","77.5333333","663.0","BIDAR, IN","FM-12","99999","V020","090,1,N,0010,1","22000,1,9,N","010000,1,9,9","+0240,1","+0161,1","10158,1",,,,,"00,1,+99999,9,99,9",,,"9,AGL   ,+99999,+99999","01,99,1,00,1,99,9,99999,9,99,9,99,9","240,M,+0290,1","240,N,+0168,1","99999,9,09422,1","9,9,999,9,+010,1",,"SYN08043125 32997 10902 10240 20161 39422 40158 80000 333 10290 20168 58010 555 10099=",
"43125099999","2022-11-04T12:00:00","4","17.9166666","77.5333333","663.0","BIDAR, IN","FM-12","99999","V020","020,1,N,0010,1","22000,1,9,N","010000,1,9,9","+0274,1","+0146,1","10125,1",,,,,"99,9,+99999,9,00,1",,,"9,AGL   ,+99999,+99999","01,99,1,00,1,99,9,99999,9,99,9,99,9","240,M,+0296,1",,"99999,9,09400,1","9,9,999,9,+010,1",,"SYN06443125 32997 10202 10274 20146 39400 40125 80001 333 10296 58010=","Q01    003SCCGA1"
"43125099999","2022-11-05T03:00:00","4","17.9166666","77.5333333","663.0","BIDAR, IN","FM-12","99999","V020","050,1,N,0010,1","22000,1,9,N","010000,1,9,9","+0240,1","+0175,1","10170,1",,,,,"00,1,+99999,9,99,9",,,"9,AGL   ,+99999,+99999","01,99,1,00,1,99,9,99999,9,99,9,99,9","240,M,+0296,1","240,N,+0156,1","99999,9,09432,1","9,9,999,9,+010,1",,"SYN08043125 32997 10502 10240 20175 39432 40170 80000 333 10296 20156 58010 555 10099=",
"43125099999","2022-11-05T12:00:00","4","17.9166666","77.5333333","663.0","BIDAR, IN","FM-12","99999","V020","050,1,N,0010,1","22000,1,9,N","010000,1,9,9","+0272,1","+0155,1","10136,1",,,,,"99,9,+99999,9,00,1",,,"9,AGL   ,+99999,+99999","01,99,1,00,1,99,9,99999,9,99,9,99,9","240,M,+0296,1",,"99999,9,09410,1","9,9,999,9,+010,1",,"SYN06443125 32997 10502 10272 20155 39410 40136 80001 333 10296 58010=","Q01    003SCCGA1"
"43125099999","2022-11-06T03:00:00","4","17.9166666","77.5333333","663.0","BIDAR, IN","FM-12","99999","V020","140,1,N,0010,1","22000,1,9,N","010000,1,9,9","+0236,1","+0149,1","10178,1",,,,,"00,1,+99999,9,99,9",,,"9,AGL   ,+99999,+99999","01,99,1,00,1,99,9,99999,9,99,9,99,9","240,M,+0296,1","240,N,+0116,1","99999,9,09440,1","9,9,999,9,+008,1",,"SYN08043125 32997 11402 10236 20149 39440 40178 80000 333 10296 20116 58008 555 10099=",
"43125099999","2022-11-06T12:00:00","4","17.9166666","77.5333333","663.0","BIDAR, IN","FM-12","99999","V020","050,1,N,0010,1","22000,1,9,N","010000,1,9,9","+0268,1","+0139,1","10101,1",,,,,"99,9,+99999,9,00,1",,,"9,AGL   ,+99999,+99999","01,99,1,00,1,99,9,99999,9,99,9,99,9","240,M,+0298,1",,"99999,9,09412,1","9,9,999,9,+002,1",,"SYN06443125 32997 10502 10268 20139 39412 40101 80001 333 10298 58002=","Q01    003SCCGA1"
"43125099999","2022-11-07T12:00:00","4","17.9166666","77.5333333","663.0","BIDAR, IN","FM-12","99999","V020","090,1,N,0010,1","22000,1,9,N","010000,1,9,9","+0276,1","+0133,1","10127,1",,,,,"99,9,+99999,9,00,1",,,"9,AGL   ,+99999,+99999","01,99,1,00,1,99,9,99999,9,99,9,99,9","240,M,+0296,1",,"99999,9,09402,1","9,9,999,9,-010,1",,"SYN06443125 32997 10902 10276 20133 39402 40127 80001 333 10296 59010=","Q01    003SCCGA1"
"43125099999","2022-11-08T03:00:00","4","17.9166666","77.5333333","663.0","BIDAR, IN","FM-12","99999","V020","050,1,N,0010,1","22000,1,9,N","010000,1,9,9","+0238,1","+0144,1","10164,1",,,,,"00,1,+99999,9,99,9",,,"9,AGL   ,+99999,+99999","01,99,1,00,1,99,9,99999,9,99,9,99,9","240,M,+0296,1","240,N,+0130,1","99999,9,09428,1","9,9,999,9,-012,1",,"SYN07043125 32997 10502 10238 20144 39428 40164 80000 333 10296 20130 59012=",
"43125099999","2022-11-08T12:00:00","4","17.9166666","77.5333333","663.0","BIDAR, IN","FM-12","99999","V020","360,1,N,0010,1","22000,1,9,N","010000,1,9,9","+0264,1","+0093,1","10129,1",,,,,"99,9,+99999,9,00,1",,,"9,AGL   ,+99999,+99999","01,99,1,00,1,99,9,99999,9,99,9,99,9","240,M,+0294,1",,"99999,9,09402,1","9,9,999,9,+000,1",,"SYN06443125 32997 13602 10264 20093 39402 40129 80001 333 10294 58000=","Q01    003SCCGA1"
"43125099999","2022-11-09T12:00:00","4","17.9166666","77.5333333","663.0","BIDAR, IN","FM-12","99999","V020","140,1,N,0010,1","22000,1,9,N","010000,1,9,9","+0262,1","+0114,1","10129,1",,,,,"99,9,+99999,9,00,1",,,"9,AGL   ,+99999,+99999","01,99,1,00,1,99,9,99999,9,99,9,99,9","240,M,+0284,1",,"99999,9,09402,1","9,9,999,9,+000,1",,"SYN06443125 32997 11402 10262 20114 39402 40129 80001 333 10284 58000=","Q01    003SCCGA1"
"43125099999","2022-11-10T03:00:00","4","17.9166666","77.5333333","663.0","BIDAR, IN","FM-12","99999","V020","300,1,N,0010,1","22000,1,9,N","010000,1,9,9","+0208,1","+0157,1","10178,1",,,,,"00,1,+99999,9,99,9",,,"9,AGL   ,+99999,+99999","01,99,1,00,1,99,9,99999,9,99,9,99,9","240,M,+0284,1","240,N,+0126,1","99999,9,09432,1","9,9,999,9,+002,1",,"SYN07043125 32997 13002 10208 20157 39432 40178 80000 333 10284 20126 58002=",
"43125099999","2022-11-11T12:00:00","4","17.9166666","77.5333333","663.0","BIDAR, IN","FM-12","99999","V020","050,1,N,0010,1","22000,1,9,N","010000,1,9,9","+0266,1","+0124,1","10139,1",,,,,"99,9,+99999,9,00,1",,,"9,AGL   ,+99999,+99999","01,99,1,00,1,99,9,99999,9,99,9,99,9","240,M,+0290,1",,"99999,9,09410,1","9,9,999,9,+010,1",,"SYN06443125 32997 10502 10266 20124 39410 40139 80001 333 10290 58010=","Q01    003SCCGA1"
"43125099999","2022-11-14T12:00:00","4","17.9166666","77.5333333","663.0","BIDAR, IN","FM-12","99999","V020","020,1,N,0010,1","22000,1,9,N","010000,1,9,9","+0272,1","+0155,1","10113,1",,,,,"00,1,+99999,9,99,9",,,"9,AGL   ,+99999,+99999","01,99,1,00,1,99,9,99999,9,99,9,99,9","240,M,+0295,1",,"99999,9,09390,1","9,9,999,9,-014,1",,"SYN06443125 32997 10202 10272 20155 39390 40113 80000 333 10295 59014=",
"43125099999","2022-11-15T12:00:00","4","17.9166666","77.5333333","663.0","BIDAR, IN","FM-12","99999","V020","050,1,N,0010,1","22000,1,9,N","010000,1,9,9","+0260,1","+0136,1","10122,1",,,,,"99,9,+99999,9,00,1",,,"9,AGL   ,+99999,+99999","01,99,1,00,1,99,9,99999,9,99,9,99,9","240,M,+0290,1",,"99999,9,09392,1","9,9,999,9,+002,1",,"SYN06443125 32997 10502 10260 20136 39392 40122 80001 333 10290 58002=","Q01    003SCCGA1"
"43125099999","2022-11-16T03:00:00","4","17.9166666","77.5333333","663.0","BIDAR, IN","FM-12","99999","V020","050,1,N,0010,1","22000,1,9,N","010000,1,9,9","+0230,1","+0109,1","10159,1",,,,,"99,9,+99999,9,00,1",,,"9,AGL   ,+99999,+99999","01,99,1,00,1,99,9,99999,9,99,9,99,9","240,M,+0290,1","240,N,+0110,1","99999,9,09420,1","9,9,999,9,-018,1",,"SYN08043125 32997 10502 10230 20109 39420 40159 80001 333 10290 20110 59018 555 10099=","Q01    003SCCGA1"
"43125099999","2022-11-18T03:00:00","4","17.9166666","77.5333333","663.0","BIDAR, IN","FM-12","99999","V020","360,1,N,0010,1","22000,1,9,N","010000,1,9,9","+0202,1","+0120,1","10156,1",,,,,"00,1,+99999,9,99,9",,,"9,AGL   ,+99999,+99999","01,99,1,00,1,99,9,99999,9,99,9,99,9","240,M,+0280,1","240,N,+0115,1","99999,9,09412,1","9,9,999,9,-008,1",,"SYN08043125 32997 13602 10202 20120 39412 40156 80000 333 10280 20115 59008 555 10099=",
"43125099999","2022-11-20T03:00:00","4","17.9166666","77.5333333","663.0","BIDAR, IN","FM-12","99999","V020","090,1,N,0010,1","22000,1,9,N","010000,1,9,9","+0194,1","+0145,1","10167,1",,,,,"99,9,+99999,9,00,1",,,"9,AGL   ,+99999,+99999","01,99,1,00,1,99,9,99999,9,99,9,99,9","240,M,+0256,1","240,N,+0085,1","99999,9,09420,1","9,9,999,9,-002,1",,"SYN08043125 32997 10902 10194 20145 39420 40167 80001 333 10256 20085 59002 555 10099=","Q01    003SCCGA1"
"43125099999","2022-11-20T12:00:00","4","17.9166666","77.5333333","663.0","BIDAR, IN","FM-12","99999","V020","140,1,N,0010,1","22000,1,9,N","010000,1,9,9","+0242,1","+0099,1","10119,1",,,,,"00,1,+99999,9,99,9",,,"9,AGL   ,+99999,+99999","01,99,1,00,1,99,9,99999,9,99,9,99,9","240,M,+0270,1",,"99999,9,09388,1","9,9,999,9,-012,1",,"SYN06443125 32997 11402 10242 20099 39388 40119 80000 333 10270 59012=",
"43125099999","2022-11-21T12:00:00","4","17.9166666","77.5333333","663.0","BIDAR, IN","FM-12","99999","V020","020,1,N,0010,1","22000,1,9,N","010000,1,9,9","+0260,1","+0163,1","10100,1",,,,,"03,1,+99999,9,99,9",,,"9,AGL   ,+99999,+99999","03,99,1,03,1,99,9,99999,9,99,9,99,9","240,M,+0276,1",,"99999,9,09372,1","9,9,999,9,-016,1",,"SYN06443125 32997 30202 10260 20163 39372 40100 83000 333 10276 59016=",
"43125099999","2022-11-22T03:00:00","4","17.9166666","77.5333333","663.0","BIDAR, IN","FM-12","99999","V020","050,1,N,0010,1","22000,1,9,N","010000,1,9,9","+0212,1","+0132,1","10148,1",,,,,"00,1,+99999,9,99,9",,,"9,AGL   ,+99999,+99999","01,99,1,00,1,99,9,99999,9,99,9,99,9","240,M,+0276,1","240,N,+0180,1","99999,9,09408,1","9,9,999,9,-002,1",,"SYN08043125 32997 10502 10212 20132 39408 40148 80000 333 10276 20180 59002 555 10099=",
"43125099999","2022-11-23T03:00:00","4","17.9166666","77.5333333","663.0","BIDAR, IN","FM-12","99999","V020","360,1,N,0010,1","22000,1,9,N","010000,1,9,9","+0214,1","+0142,1","10154,1",,,,,"05,2,+99999,9,99,9",,,"9,AGL   ,+99999,+99999","04,99,2,05,2,99,9,99999,9,99,9,99,9","240,M,+0292,1","240,N,+0184,1","99999,9,09412,1","9,9,999,9,+004,1",,"SYN08043125 32997 43602 10214 20142 39412 40154 85000 333 10292 20184 58004 555 10099=",
"43125099999","2022-11-24T03:00:00","4","17.9166666","77.5333333","663.0","BIDAR, IN","FM-12","99999","V020","140,1,N,0010,1","22000,1,9,N","010000,1,9,9","+0226,1","+0170,1","10151,1",,,,,"00,1,+99999,9,99,9",,,"9,AGL   ,+99999,+99999","01,99,1,00,1,99,9,99999,9,99,9,99,9","240,M,+0275,1","240,N,+0176,1","99999,9,09412,1","9,9,999,9,+000,1",,"SYN08043125 32997 11402 10226 20170 39412 40151 80000 333 10275 20176 58000 555 10099=",
"43125099999","2022-11-25T12:00:00","4","17.9166666","77.5333333","663.0","BIDAR, IN","FM-12","99999","V020","050,1,N,0010,1","22000,1,9,N","010000,1,9,9","+0250,1","+0180,1","10121,1",,,,,"99,9,+99999,9,00,1",,,"9,AGL   ,+99999,+99999","01,99,1,00,1,99,9,99999,9,99,9,99,9","240,M,+0295,1",,"99999,9,09390,1","9,9,999,9,+018,1",,"SYN06443125 32997 10502 10250 20180 39390 40121 80001 333 10295 58018=","Q01    003SCCGA1"
"43125099999","2022-11-26T12:00:00","4","17.9166666","77.5333333","663.0","BIDAR, IN","FM-12","99999","V020","050,1,N,0010,1","22000,1,9,N","010000,1,9,9","+0262,1","+0166,1","10114,1",,,,,"99,9,+99999,9,00,1",,,"9,AGL   ,+99999,+99999","01,99,1,00,1,99,9,99999,9,99,9,99,9","240,M,+0290,1",,"99999,9,09378,1","9,9,999,9,-012,1",,"SYN06443125 32997 10502 10262 20166 39378 40114 80001 333 10290 59012=","Q01    003SCCGA1"
"43125099999","2022-11-27T12:00:00","4","17.9166666","77.5333333","663.0","BIDAR, IN","FM-12","99999","V020","300,1,N,0010,1","22000,1,9,N","010000,1,9,9","+0262,1","+0166,1","10104,1",,,,,"00,1,+99999,9,99,9",,,"9,AGL   ,+99999,+99999","01,99,1,00,1,99,9,99999,9,99,9,99,9","240,M,+0295,1",,"99999,9,09378,1",,,"SYN05843125 32997 13002 10262 20166 39378 40104 80000 333 10295=",
"43125099999","2022-11-28T03:00:00","4","17.9166666","77.5333333","663.0","BIDAR, IN","FM-12","99999","V020","140,1,N,0010,1","22000,1,9,N","010000,1,9,9","+0220,1","+0134,1","10132,1",,,,,"00,1,+99999,9,99,9",,,"9,AGL   ,+99999,+99999","01,99,1,00,1,99,9,99999,9,99,9,99,9","240,M,+0295,1","240,N,+0120,1","99999,9,09392,1","9,9,999,9,-008,1",,"SYN08043125 32997 11402 10220 20134 39392 40132 80000 333 10295 20120 59008 555 10099=",
"43125099999","2022-11-28T12:00:00","4","17.9166666","77.5333333","663.0","BIDAR, IN","FM-12","99999","V020","050,1,N,0010,1","22000,1,9,N","010000,1,9,9","+0270,1","+0161,1","10092,1",,,,,"99,9,+99999,9,00,1",,,"9,AGL   ,+99999,+99999","01,99,1,00,1,99,9,99999,9,99,9,99,9","240,M,+0295,1",,"99999,9,09368,1","9,9,999,9,-010,1",,"SYN06443125 32997 10502 10270 20161 39368 40092 80001 333 10295 59010=","Q01    003SCCGA1"
"43125099999","2022-11-29T03:00:00","4","17.9166666","77.5333333","663.0","BIDAR, IN","FM-12","99999","V020","090,1,N,0010,1","22000,1,9,N","010000,1,9,9","+0204,1","+0130,1","10135,1",,,,,"00,1,+99999,9,99,9",,,"9,AGL   ,+99999,+99999","01,99,1,00,1,99,9,99999,9,99,9,99,9","240,M,+0295,1","240,N,+0120,1","99999,9,09392,1","9,9,999,9,+000,1",,"SYN07043125 32997 10902 10204 20130 39392 40135 80000 333 10295 20120 58000=",
"43125099999","2022-11-29T12:00:00","4","17.9166666","77.5333333","663.0","BIDAR, IN","FM-12","99999","V020","050,1,N,0010,1","22000,1,9,N","010000,1,9,9","+0252,1","+0134,1","10092,1",,,,,"99,9,+99999,9,00,1",,,"9,AGL   ,+99999,+99999","01,99,1,00,1,99,9,99999,9,99,9,99,9","240,M,+0286,1",,"99999,9,09365,1","9,9,999,9,-003,1",,"SYN06443125 32997 10502 10252 20134 39365 40092 80001 333 10286 59003=","Q01    003SCCGA1"
"43125099999","2022-11-30T03:00:00","4","17.9166666","77.5333333","663.0","BIDAR, IN","FM-12","99999","V020","050,1,N,0010,1","22000,1,9,N","010000,1,9,9","+0208,1","+0131,1","10154,1",,,,,"00,1,+99999,9,99,9",,,"9,AGL   ,+99999,+99999","01,99,1,00,1,99,9,99999,9,99,9,99,9","240,M,+0286,1","240,N,+0102,1","99999,9,09410,1","9,9,999,9,+018,1",,"SYN08043125 32997 10502 10208 20131 39410 40154 80000 333 10286 20102 58018 555 10099=",
"43125099999","2022-11-30T12:00:00","4","17.9166666","77.5333333","663.0","BIDAR, IN","FM-12","99999","V020","050,1,N,0010,1","22000,1,9,N","010000,1,9,9","+0250,1","+0115,1","10105,1",,,,,"99,9,+99999,9,00,1",,,"9,AGL   ,+99999,+99999","01,99,1,00,1,99,9,99999,9,99,9,99,9","240,M,+0278,1",,"99999,9,09368,1","9,9,999,9,+003,1",,"SYN06443125 32997 10502 10250 20115 39368 40105 80001 333 10278 58003=","Q01    003SCCGA1"
"43125099999","2022-12-01T12:00:00","4","17.9166666","77.5333333","663.0","BIDAR, IN","FM-12","99999","V020","050,1,N,0010,1","22000,1,9,N","010000,1,9,9","+0258,1","+0182,1","10100,1",,,,,"99,9,+99999,9,00,1",,,"9,AGL   ,+99999,+99999","01,99,1,00,1,99,9,99999,9,99,9,99,9","240,M,+0296,1",,"99999,9,09372,1","9,9,999,9,+004,1",,"SYN06443125 32997 10502 10258 20182 39372 40100 80001 333 10296 58004=","Q01    003SCCGA1"
"43125099999","2022-12-02T12:00:00","4","17.9166666","77.5333333","663.0","BIDAR, IN","FM-12","99999","V020","020,1,N,0010,1","22000,1,9,N","010000,1,9,9","+0262,1","+0216,1","10098,1",,,,,"99,9,+99999,9,00,1",,,"9,AGL   ,+99999,+99999","01,99,1,00,1,99,9,99999,9,99,9,99,9","240,M,+0290,1",,"99999,9,09372,1","9,9,999,9,+000,1",,"SYN06443125 32997 10202 10262 20216 39372 40098 80001 333 10290 58000=","Q01    003SCCGA1"
"43125099999","2022-12-03T03:00:00","4","17.9166666","77.5333333","663.0","BIDAR, IN","FM-12","99999","V020","140,1,N,0010,1","22000,1,9,N","010000,1,9,9","+0218,1","+0206,1","10152,1",,,,,"99,9,+99999,9,06,1",,,"9,AGL   ,+99999,+99999","03,99,1,00,1,99,9,99999,9,99,9,99,9","240,M,+0290,1","240,N,+0178,1","99999,9,09410,1","9,9,999,9,+008,1",,"SYN07043125 32997 31402 10218 20206 39410 40152 80500 333 10290 20178 58008=","Q01    003SCCGA1"
"43125099999","2022-12-03T12:00:00","4","17.9166666","77.5333333","663.0","BIDAR, IN","FM-12","99999","V020","140,1,N,0010,1","22000,1,9,N","010000,1,9,9","+0264,1","+0195,1","10111,1",,,,,"99,9,+99999,9,00,1",,,"9,AGL   ,+99999,+99999","01,99,1,00,1,99,9,99999,9,99,9,99,9","240,M,+0294,1",,"99999,9,09375,1","9,9,999,9,+003,1",,"SYN06443125 32997 11402 10264 20195 39375 40111 80001 333 10294 58003=","Q01    003SCCGA1"
"43125099999","2022-12-04T03:00:00","4","17.9166666","77.5333333","663.0","BIDAR, IN","FM-12","99999","V020","140,1,N,0010,1","22000,1,9,N","010000,1,9,9","+0230,1","+0203,1","10157,1",,,,,"99,9,+99999,9,00,1",,,"9,AGL   ,+99999,+99999","01,99,1,00,1,99,9,99999,9,99,9,99,9","240,M,+0294,1","240,N,+0176,1","99999,9,09418,1","9,9,999,9,+008,1",,"SYN08043125 32997 11402 10230 20203 39418 40157 80001 333 10294 20176 58008 555 10099=","Q01    003SCCGA1"
"43125099999","2022-12-04T12:00:00","4","17.9166666","77.5333333","663.0","BIDAR, IN","FM-12","99999","V020","050,1,N,0010,1","22000,1,9,N","010000,1,9,9","+0276,1","+0192,1","10105,1",,,,,"99,9,+99999,9,00,1",,,"9,AGL   ,+99999,+99999","01,99,1,00,1,99,9,99999,9,99,9,99,9","240,M,+0300,1",,"99999,9,09382,1","9,9,999,9,+007,1",,"SYN06443125 32997 10502 10276 20192 39382 40105 80001 333 10300 58007=","Q01    003SCCGA1"
"43125099999","2022-12-05T03:00:00","4","17.9166666","77.5333333","663.0","BIDAR, IN","FM-12","99999","V020","140,1,N,0010,1","22000,1,9,N","010000,1,9,9","+0212,1","+0150,1","10164,1",,,,,"00,1,+99999,9,99,9",,,"9,AGL   ,+99999,+99999","01,99,1,00,1,99,9,99999,9,99,9,99,9","240,M,+0300,1","240,N,+0140,1","99999,9,09422,1","9,9,999,9,+004,1",,"SYN08043125 32997 11402 10212 20150 39422 40164 80000 333 10300 20140 58004 555 10099=",
"43125099999","2022-12-06T03:00:00","4","17.9166666","77.5333333","663.0","BIDAR, IN","FM-12","99999","V020","050,1,N,0010,1","22000,1,9,N","010000,1,9,9","+0220,1","+0138,1","10164,1",,,,,"00,1,+99999,9,99,9",,,"9,AGL   ,+99999,+99999","01,99,1,00,1,99,9,99999,9,99,9,99,9","240,M,+0290,1","240,N,+0162,1","99999,9,09422,1","9,9,999,9,+000,1",,"SYN08043125 32997 10502 10220 20138 39422 40164 80000 333 10290 20162 58000 555 10099=",
"43125099999","2022-12-06T12:00:00","4","17.9166666","77.5333333","663.0","BIDAR, IN","FM-12","99999","V020","090,1,N,0010,1","22000,1,9,N","010000,1,9,9","+0268,1","+0118,1","10117,1",,,,,"00,1,+99999,9,99,9",,,"9,AGL   ,+99999,+99999","01,99,1,00,1,99,9,99999,9,99,9,99,9","240,M,+0290,1",,"99999,9,09390,1","9,9,999,9,-008,1",,"SYN06443125 32997 10902 10268 20118 39390 40117 80000 333 10290 59008=",
"43125099999","2022-12-07T12:00:00","4","17.9166666","77.5333333","663.0","BIDAR, IN","FM-12","99999","V020","090,1,N,0010,1","22000,1,9,N","010000,1,9,9","+0242,1","+0141,1","10121,1",,,,,"00,1,+99999,9,99,9",,,"9,AGL   ,+99999,+99999","01,99,1,00,1,99,9,99999,9,99,9,99,9","240,M,+0272,1",,"99999,9,09340,1","9,9,999,9,+000,1",,"SYN06443125 32997 10902 10242 20141 39340 40121 80000 333 10272 58000=",
"43125099999","2022-12-10T03:00:00","4","17.9166666","77.5333333","663.0","BIDAR, IN","FM-12","99999","V020","050,1,N,0010,1","22000,1,9,N","010000,1,9,9","+0190,1","+0117,1","10136,1",,,,,"00,1,+99999,9,99,9",,,"9,AGL   ,+99999,+99999","01,99,1,00,1,99,9,99999,9,99,9,99,9","240,M,+0276,1","240,N,+0155,1","99999,9,09390,1","9,9,999,9,-002,1",,"SYN08043125 32997 10502 10190 20117 39390 40136 80000 333 10276 20155 59002 555 10099=",
"43125099999","2022-12-10T12:00:00","4","17.9166666","77.5333333","663.0","BIDAR, IN","FM-12","99999","V020","050,1,N,0010,1","22000,1,9,N","010000,1,9,9","+0224,1","+0127,1","10110,1",,,,,"00,1,+99999,9,99,9",,,"9,AGL   ,+99999,+99999","01,99,1,00,1,99,9,99999,9,99,9,99,9","240,M,+0246,1",,"99999,9,09374,1","9,9,999,9,-008,1",,"SYN06443125 32997 10502 10224 20127 39374 40110 80000 333 10246 59008=",
"43125099999","2022-12-13T03:00:00","4","17.9166666","77.5333333","663.0","BIDAR, IN","FM-12","99999","V020","090,1,N,0010,1","22000,1,9,N","010000,1,9,9","+0220,1","+0177,1","10154,1",,,,,,,,"9,AGL   ,+99999,+99999","01,99,1,99,9,99,9,99999,9,99,9,99,9","240,M,+0288,1","240,N,+0172,1","99999,9,09412,1","9,9,999,9,+002,1",,"SYN07443125 32997 10902 10220 20177 39412 40154 333 10288 20172 58002 555 10099=",
"43125099999","2022-12-16T03:00:00","4","17.9166666","77.5333333","663.0","BIDAR, IN","FM-12","99999","V020","230,1,N,0010,1","22000,1,9,N","010000,1,9,9","+0208,1","+0167,1","10154,1",,,,,,,,"9,AGL   ,+99999,+99999","01,99,1,99,9,99,9,99999,9,99,9,99,9","240,M,+0310,1","240,N,+0146,1","99999,9,09410,1","9,9,999,9,-008,1",,"SYN07443125 32997 12302 10208 20167 39410 40154 333 10310 20146 59008 555 10099=",
"43125099999","2022-12-16T12:00:00","4","17.9166666","77.5333333","663.0","BIDAR, IN","FM-12","99999","V020","140,1,N,0010,1","22000,1,9,N","010000,1,9,9","+0278,1","+0191,1","10123,1",,,,,"00,1,+99999,9,99,9",,,"9,AGL   ,+99999,+99999","01,99,1,00,1,99,9,99999,9,99,9,99,9","240,M,+0310,1",,"99999,9,09398,1","9,9,999,9,+000,1",,"SYN06443125 32997 11402 10278 20191 39398 40123 80000 333 10310 58000=",
"43125099999","2022-12-18T12:00:00","4","17.9166666","77.5333333","663.0","BIDAR, IN","FM-12","99999","V020","050,1,N,0010,1","22000,1,9,N","010000,1,9,9","+0262,1","+0131,1","10108,1",,,,,"00,1,+99999,9,99,9",,,"9,AGL   ,+99999,+99999","01,99,1,00,1,99,9,99999,9,99,9,99,9","240,M,+0290,1",,"99999,9,09382,1","9,9,999,9,-018,1",,"SYN06443125 32997 10502 10262 20131 39382 40108 80000 333 10290 59018=",
"43125099999","2022-12-19T03:00:00","4","17.9166666","77.5333333","663.0","BIDAR, IN","FM-12","99999","V020","050,1,N,0010,1","22000,1,9,N","010000,1,9,9","+0220,1","+0101,1","10150,1",,,,,"00,1,+99999,9,99,9",,,"9,AGL   ,+99999,+99999","01,99,1,00,1,99,9,99999,9,99,9,99,9","240,M,+0290,1","240,N,+0100,1","99999,9,09410,1","9,9,999,9,+010,1",,"SYN08043125 32997 10502 10220 20101 39410 40150 80000 333 10290 20100 58010 555 10099=",
"43125099999","2022-12-20T03:00:00","4","17.9166666","77.5333333","663.0","BIDAR, IN","FM-12","99999","V020","140,1,N,0010,1","22000,1,9,N","010000,1,9,9","+0230,1","+0109,1","10147,1",,,,,"00,1,+99999,9,99,9",,,"9,AGL   ,+99999,+99999","01,99,1,00,1,99,9,99999,9,99,9,99,9","240,M,+0288,1","240,N,+0100,1","99999,9,09410,1","9,9,999,9,+000,1",,"SYN08043125 32997 11402 10230 20109 39410 40147 80000 333 10288 20100 58000 555 10099=",
"43125099999","2022-12-21T03:00:00","4","17.9166666","77.5333333","663.0","BIDAR, IN","FM-12","99999","V020","230,1,N,0010,1","22000,1,9,N","010000,1,9,9","+0230,1","+0153,1","10151,1",,,,,"00,1,+99999,9,99,9",,,"9,AGL   ,+99999,+99999","01,99,1,00,1,99,9,99999,9,99,9,99,9","240,M,+0298,1","240,N,+0110,1","99999,9,09412,1","9,9,999,9,+002,1",,"SYN08043125 32997 12302 10230 20153 39412 40151 80000 333 10298 20110 58002 555 10099=",
"43125099999","2022-12-22T12:00:00","4","17.9166666","77.5333333","663.0","BIDAR, IN","FM-12","99999","V020","050,1,N,0010,1","22000,1,9,N","010000,1,9,9","+0274,1","+0130,1","10092,1",,,,,"00,1,+99999,9,99,9",,,"9,AGL   ,+99999,+99999","01,99,1,00,1,99,9,99999,9,99,9,99,9","240,M,+0296,1",,"99999,9,09370,1","9,9,999,9,+008,1",,"SYN06443125 32997 10502 10274 20130 39370 40092 80000 333 10296 58008=",
"43125099999","2022-12-23T12:00:00","4","17.9166666","77.5333333","663.0","BIDAR, IN","FM-12","99999","V020","090,1,N,0010,1","22000,1,9,N","010000,1,9,9","+0280,1","+0121,1","10092,1",,,,,"00,1,+99999,9,99,9",,,"9,AGL   ,+99999,+99999","01,99,1,00,1,99,9,99999,9,99,9,99,9","240,M,+0306,1",,"99999,9,09370,1","9,9,999,9,+000,1",,"SYN06443125 32997 10902 10280 20121 39370 40092 80000 333 10306 58000=",
"43125099999","2022-12-24T12:00:00","4","17.9166666","77.5333333","663.0","BIDAR, IN","FM-12","99999","V020","050,1,N,0010,1","22000,1,9,N","010000,1,9,9","+0290,1","+0109,1","10083,1",,,,,"00,1,+99999,9,99,9",,,"9,AGL   ,+99999,+99999","01,99,1,00,1,99,9,99999,9,99,9,99,9","240,M,+0316,1",,"99999,9,09364,1","9,9,999,9,-006,1",,"SYN06443125 32997 10502 10290 20109 39364 40083 80000 333 10316 59006=",
"43125099999","2022-12-25T03:00:00","4","17.9166666","77.5333333","663.0","BIDAR, IN","FM-12","99999","V020","140,1,N,0010,1","22000,1,9,N","010000,1,9,9","+0182,1","+0146,1","10170,1",,,,,"00,1,+99999,9,99,9",,,"9,AGL   ,+99999,+99999","01,99,1,00,1,99,9,99999,9,99,9,99,9","240,M,+0316,1","240,N,+0124,1","99999,9,09420,1","9,9,999,9,+008,1",,"SYN08043125 32997 11402 10182 20146 39420 40170 80000 333 10316 20124 58008 555 10099=",
"43125099999","2022-12-26T03:00:00","4","17.9166666","77.5333333","663.0","BIDAR, IN","FM-12","99999","V020","180,1,N,0010,1","22000,1,9,N","010000,1,9,9","+0198,1","+0173,1","10159,1",,,,,"00,1,+99999,9,99,9",,,"9,AGL   ,+99999,+99999","01,99,1,00,1,99,9,99999,9,99,9,99,9","240,M,+0310,1","240,N,+0126,1","99999,9,09412,1","9,9,999,9,-008,1",,"SYN08043125 32997 11802 10198 20173 39412 40159 80000 333 10310 20126 59008 555 10099=",
"43125099999","2022-12-27T03:00:00","4","17.9166666","77.5333333","663.0","BIDAR, IN","FM-12","99999","V020","230,1,N,0010,1","22000,1,9,N","010000,1,9,9","+0232,1","+0183,1","10169,1",,,,,"00,1,+99999,9,99,9",,,"9,AGL   ,+99999,+99999","01,99,1,00,1,99,9,99999,9,99,9,99,9","240,M,+0290,1","240,N,+0150,1","99999,9,09430,1","9,9,999,9,+018,1",,"SYN08043125 32997 12302 10232 20183 39430 40169 80000 333 10290 20150 58018 555 10099=",
"43125099999","2022-12-27T12:00:00","4","17.9166666","77.5333333","663.0","BIDAR, IN","FM-12","99999","V020","180,1,N,0010,1","22000,1,9,N","010000,1,9,9","+0300,1","+0149,1","10083,1",,,,,"00,1,+99999,9,99,9",,,"9,AGL   ,+99999,+99999","01,99,1,00,1,99,9,99999,9,99,9,99,9","240,M,+0322,1",,"99999,9,09366,1","9,9,999,9,+004,1",,"SYN06443125 32997 11802 10300 20149 39366 40083 80000 333 10322 58004=",
"43125099999","2022-12-28T03:00:00","4","17.9166666","77.5333333","663.0","BIDAR, IN","FM-12","99999","V020","180,1,N,0010,1","22000,1,9,N","010000,1,9,9","+0238,1","+0196,1","10178,1",,,,,"00,1,+99999,9,99,9",,,"9,AGL   ,+99999,+99999","01,99,1,00,1,99,9,99999,9,99,9,99,9","240,M,+0322,1","240,N,+0165,1","99999,9,09440,1","9,9,999,9,+010,1",,"SYN08043125 32997 11802 10238 20196 39440 40178 80000 333 10322 20165 58010 555 10099=",
"43125099999","2022-12-28T12:00:00","4","17.9166666","77.5333333","663.0","BIDAR, IN","FM-12","99999","V020","300,1,N,0010,1","22000,1,9,N","010000,1,9,9","+0270,1","+0145,1","10110,1",,,,,"00,1,+99999,9,99,9",,,"9,AGL   ,+99999,+99999","01,99,1,00,1,99,9,99999,9,99,9,99,9","240,M,+0325,1",,"99999,9,09384,1","9,9,999,9,+018,1",,"SYN06443125 32997 13002 10270 20145 39384 40110 80000 333 10325 58018=",
"43125099999","2022-12-29T03:00:00","4","17.9166666","77.5333333","663.0","BIDAR, IN","FM-12","99999","V020","230,1,N,0010,1","22000,1,9,N","010000,1,9,9","+0246,1","+0189,1","10183,1",,,,,"99,9,+99999,9,00,1",,,"9,AGL   ,+99999,+99999","01,99,1,00,1,99,9,99999,9,99,9,99,9","240,M,+0325,1","240,N,+0148,1","99999,9,09448,1","9,9,999,9,+008,1",,"SYN08043125 32997 12302 10246 20189 39448 40183 80001 333 10325 20148 58008 555 10099=","Q01    003SCCGA1"
"43125099999","2022-12-29T12:00:00","4","17.9166666","77.5333333","663.0","BIDAR, IN","FM-12","99999","V020","300,1,N,0010,1","22000,1,9,N","010000,1,9,9","+0290,1","+0147,1","10126,1",,,,,"00,1,+99999,9,99,9",,,"9,AGL   ,+99999,+99999","01,99,1,00,1,99,9,99999,9,99,9,99,9","240,M,+0316,1",,"99999,9,09404,1","9,9,999,9,+020,1",,"SYN06443125 32997 13002 10290 20147 39404 40126 80000 333 10316 58020=",
"43125099999","2022-12-31T12:00:00","4","17.9166666","77.5333333","663.0","BIDAR, IN","FM-12","99999","V020","050,1,N,0010,1","22000,1,9,N","010000,1,9,9","+0268,1","+0154,1","10137,1",,,,,"00,1,+99999,9,99,9",,,"9,AGL   ,+99999,+99999","01,99,1,00,1,99,9,99999,9,99,9,99,9","240,M,+0298,1",,"99999,9,09410,1","9,9,999,9,+006,1",,"SYN06443125 32997 10502 10268 20154 39410 40137 80000 333 10298 58006=",
