"STATION","DATE","SOURCE","LATITUDE","LONGITUDE","ELEVATION","NAME","REPORT_TYPE","CALL_SIGN","QUALITY_CONTROL","WND","CIG","VIS","TMP","DEW","SLP","AA1","AZ1","AZ2","GA1","GA2","GE1","GF1","KA1","KA2","MA1","MD1","ME1","REM","EQD"
"43291099999","2022-01-01T03:00:00","4","12.3","76.7","767.0","MYSORE, IN","FM-12","99999","V020","230,1,N,0005,1","22000,1,9,N","004000,1,9,9","+0202,1","+0187,1","10152,1",,,,,,"9,AGL   ,+99999,+99999","02,99,1,99,9,99,9,99999,9,99,9,99,9","240,M,+0264,1","240,N,+0184,1","99999,9,09310,1","9,9,999,9,-005,1",,"SYN06443291 32996 22301 10202 20187 39310 40152 333 10264 20184 59005=",
"43291099999","2022-01-01T12:00:00","4","12.3","76.7","767.0","MYSORE, IN","FM-12","99999","V020","090,1,N,0005,1","99999,9,9,N","004000,1,9,9","+0254,1","+0174,1","10155,1",,,,,,"9,AGL   ,+99999,+99999","06,99,1,99,9,99,9,99999,9,99,9,99,9","240,M,+0268,1",,"99999,9,09316,1","9,9,999,9,+000,1",,"SYN05843291 32996 60901 10254 20174 39316 40155 333 10268 58000=",
"43291099999","2022-01-02T03:00:00","4","12.3","76.7","767.0","MYSORE, IN","FM-12","99999","V020","230,1,N,0010,1","99999,9,9,N","004000,1,9,9","+0222,1","+0192,1","10176,1",,,,,,,,"240,M,+0268,1","240,N,+0198,1","99999,9,09309,1","9,9,999,9,+009,1",,"SYN06443291 32996 02302 10222 20192 39309 40176 333 10268 20198 58009=",
"43291099999","2022-01-02T12:00:00","4","12.3","76.7","767.0","MYSORE, IN","FM-12","99999","V020","090,1,N,0010,1","22000,1,9,N","004000,1,9,9","+0262,1","+0169,1","10140,1",,,,,,"9,AGL   ,+99999,+99999","04,99,1,99,9,99,9,99999,9,99,9,99,9","240,M,+0280,1",,"99999,9,09305,1","9,9,999,9,-011,1",,"SYN05843291 32996 40902 10262 20169 39305 40140 333 10280 59011=",
"43291099999","2022-01-03T03:00:00","4","12.3","76.7","767.0","MYSORE, IN","FM-12","99999","V020","230,1,N,0005,1","99999,9,9,N","004000,1,9,9","+0196,1","+0180,1","10177,1",,,,,,,,"240,M,+0280,1","240,N,+0182,1","99999,9,09310,1","9,9,999,9,+001,1",,"SYN06443291 32996 02301 10196 20180 39310 40177 333 10280 20182 58001=",
"43291099999","2022-01-03T12:00:00","4","12.3","76.7","767.0","MYSORE, IN","FM-12","99999","V020","090,1,N,0005,1","99999,9,9,N","004000,1,9,9","+0268,1","+0147,1","10139,1",,,,,,"9,AGL   ,+99999,+99999","06,99,1,99,9,99,9,99999,9,99,9,99,9","240,M,+0282,1",,"99999,9,09304,1","9,9,999,9,-001,1",,"SYN05843291 32996 60901 10268 20147 39304 40139 333 10282 59001=",
"43291099999","2022-01-04T03:00:00","4","12.3","76.7","767.0","MYSORE, IN","FM-12","99999","V020","050,1,N,0010,1","99999,9,9,N","004000,1,9,9","+0194,1","+0178,1","10162,1",,,,,,,,"240,M,+0282,1","240,N,+0180,1","99999,9,09320,1","9,9,999,9,+010,1",,"SYN07443291 32996 00502 10194 20178 39320 40162 333 10282 20180 58010 555 10000=",
"43291099999","2022-01-04T12:00:00","4","12.3","76.7","767.0","MYSORE, IN","FM-12","99999","V020","090,1,N,0010,1","99999,9,9,N","004000,1,9,9","+0200,1","+0152,1","10142,1",,,,,,,,"240,M,+0276,1",,"99999,9,09304,1","9,9,999,9,-002,1",,"SYN05843291 32996 00902 10200 20152 39304 40142 333 10276 59002=",
"43291099999","2022-01-05T03:00:00","4","12.3","76.7","767.0","MYSORE, IN","FM-12","99999","V020","090,1,N,0005,1","99999,9,9,N","004000,1,9,9","+0190,1","+0172,1","10157,1",,,,,,,,"240,M,+0276,1","240,N,+0178,1","99999,9,09310,1","9,9,999,9,+000,1",,"SYN07443291 32996 00901 10190 20172 39310 40157 333 10276 20178 58000 555 10000=",
"43291099999","2022-01-05T12:00:00","4","12.3","76.7","767.0","MYSORE, IN","FM-12","99999","V020","999,9,C,0000,1","99999,9,9,N","004000,1,9,9","+0270,1","+0145,1","10136,1",,,,,,"9,AGL   ,+99999,+99999","06,99,1,99,9,99,9,99999,9,99,9,99,9","240,M,+0290,1",,"99999,9,09301,1","9,9,999,9,-003,1",,"SYN05843291 32996 60000 10270 20145 39301 40136 333 10290 59003=",
"43291099999","2022-01-06T03:00:00","4","12.3","76.7","767.0","MYSORE, IN","FM-12","99999","V020","160,1,N,0010,1","99999,9,9,N","004000,1,9,9","+0196,1","+0184,1","10156,1",,,,,,,,"240,M,+0290,1","240,N,+0182,1","99999,9,09314,1","9,9,999,9,+004,1",,"SYN06443291 32996 01602 10196 20184 39314 40156 333 10290 20182 58004=",
"43291099999","2022-01-06T12:00:00","4","12.3","76.7","767.0","MYSORE, IN","FM-12","99999","V020","999,9,C,0000,1","22000,1,9,N","004000,1,9,9","+0280,1","+0176,1","10128,1",,,,,,"9,AGL   ,+99999,+99999","04,99,1,99,9,99,9,99999,9,99,9,99,9","240,M,+0300,1",,"99999,9,09296,1","9,9,999,9,-005,1",,"SYN05843291 32996 40000 10280 20176 39296 40128 333 10300 59005=",
"43291099999","2022-01-07T03:00:00","4","12.3","76.7","767.0","MYSORE, IN","FM-12","99999","V020","270,1,N,0051,1","99999,9,9,N","004000,1,9,9","+0202,1","+0190,1","10156,1",,,,,,,,"240,M,+0300,1","240,N,+0190,1","99999,9,09314,1","9,9,999,9,+000,1",,"SYN06443291 32996 02710 10202 20190 39314 40156 333 10300 20190 58000=",
"43291099999","2022-01-07T12:00:00","4","12.3","76.7","767.0","MYSORE, IN","FM-12","99999","V020","090,1,N,0005,1","99999,9,9,N","004000,1,9,9","+0270,1","+0164,1","10130,1",,,,,,"9,AGL   ,+99999,+99999","06,99,1,99,9,99,9,99999,9,99,9,99,9","240,M,+0294,1",,"99999,9,09295,1","9,9,999,9,-001,1",,"SYN05843291 32996 60901 10270 20164 39295 40130 333 10294 59001=",
"43291099999","2022-01-08T03:00:00","4","12.3","76.7","767.0","MYSORE, IN","FM-12","99999","V020","250,1,N,0010,1","99999,9,9,N","004000,1,9,9","+0220,1","+0193,1","10157,1",,,,,,,,"240,M,+0294,1","240,N,+0193,1","99999,9,09318,1","9,9,999,9,+004,1",,"SYN06443291 32996 02502 10220 20193 39318 40157 333 10294 20193 58004=",
"43291099999","2022-01-08T12:00:00","4","12.3","76.7","767.0","MYSORE, IN","FM-12","99999","V020","050,1,N,0010,1","99999,9,9,N","004000,1,9,9","+0274,1","+0165,1","10136,1",,,,,,,,"240,M,+0300,1",,"99999,9,09304,1","9,9,999,9,+009,1",,"SYN05843291 32996 00502 10274 20165 39304 40136 333 10300 58009=",
"43291099999","2022-01-09T03:00:00","4","12.3","76.7","767.0","MYSORE, IN","FM-12","99999","V020","230,1,N,0010,1","99999,9,9,N","004000,1,9,9","+0196,1","+0184,1","10150,1",,,,,,,,"240,M,+0300,1","240,N,+0186,1","99999,9,09303,1","9,9,999,9,+000,1",,"SYN07443291 32996 02302 10196 20184 39303 40150 333 10300 20186 58000 555 10000=",
"43291099999","2022-01-10T03:00:00","4","12.3","76.7","767.0","MYSORE, IN","FM-12","99999","V020","270,1,N,0010,1","99999,9,9,N","004000,1,9,9","+0222,1","+0175,1","10157,1",,,,,,,,"240,M,+0304,1","240,N,+0188,1","99999,9,09318,1","9,9,999,9,+001,1",,"SYN06443291 32996 02702 10222 20175 39318 40157 333 10304 20188 58001=",
"43291099999","2022-01-10T12:00:00","4","12.3","76.7","767.0","MYSORE, IN","FM-12","99999","V020","090,1,N,0010,1","99999,9,9,N","004000,1,9,9","+0276,1","+0164,1","10120,1",,,,,,,,"240,M,+0298,1",,"99999,9,09286,1","9,9,999,9,-018,1",,"SYN05843291 32996 00902 10276 20164 39286 40120 333 10298 59018=",
"43291099999","2022-01-11T03:00:00","4","12.3","76.7","767.0","MYSORE, IN","FM-12","99999","V020","230,1,N,0010,1","99999,9,9,N","004000,1,9,9","+0220,1","+0177,1","10156,1",,,,,,,,"240,M,+0298,1","240,N,+0186,1","99999,9,09309,1","9,9,999,9,-009,1",,"SYN06443291 32996 02302 10220 20177 39309 40156 333 10298 20186 59009=",
"43291099999","2022-01-11T12:00:00","4","12.3","76.7","767.0","MYSORE, IN","FM-12","99999","V020","999,9,C,0000,1","22000,1,9,N","004000,1,9,9","+0290,1","+0188,1","10118,1",,,,,,"9,AGL   ,+99999,+99999","04,99,1,99,9,99,9,99999,9,99,9,99,9","240,M,+0310,1",,"99999,9,09282,1","9,9,999,9,+003,1",,"SYN05843291 32996 40000 10290 20188 39282 40118 333 10310 58003=",
"43291099999","2022-01-12T03:00:00","4","12.3","76.7","767.0","MYSORE, IN","FM-12","99999","V020","110,1,N,0010,1","99999,9,9,N","004000,1,9,9","+0222,1","+0190,1","10152,1",,,,,,,,"240,M,+0310,1","240,N,+0190,1","99999,9,09313,1","9,9,999,9,+004,1",,"SYN06443291 32996 01102 10222 20190 39313 40152 333 10310 20190 58004=",
"43291099999","2022-01-12T12:00:00","4","12.3","76.7","767.0","MYSORE, IN","FM-12","99999","V020","230,1,N,0005,1","22000,1,9,9","004000,1,9,9","+0200,1","+0131,1","10111,1","01,9999,9,9","0,1,06,1","0,1,06,1","99,9,+04000,1,99,9",,"9,AGL   ,+99999,+99999","04,99,1,99,9,99,9,04000,1,99,9,99,9",,,"99999,9,09284,1","9,9,999,9,-005,1",,"SYN004BUFR",
"43291099999","2022-01-13T03:00:00","4","12.3","76.7","767.0","MYSORE, IN","FM-12","99999","V020","250,1,N,0005,1","99999,9,9,N","004000,1,9,9","+0212,1","+0181,1","10157,1",,,,,,,,"240,M,+0300,1","240,N,+0184,1","99999,9,09310,1","9,9,999,9,-003,1",,"SYN06443291 32996 02501 10212 20181 39310 40157 333 10300 20184 59003=",
"43291099999","2022-01-13T12:00:00","4","12.3","76.7","767.0","MYSORE, IN","FM-12","99999","V020","360,1,N,0005,1","22000,1,9,N","004000,1,9,9","+0290,1","+0131,1","10111,1",,,,,,"9,AGL   ,+99999,+99999","04,99,1,99,9,99,9,99999,9,99,9,99,9","240,M,+0310,1",,"99999,9,09282,1","9,9,999,9,+000,1",,"SYN05843291 32996 43601 10290 20131 39282 40111 333 10310 58000=",
"43291099999","2022-01-14T03:00:00","4","12.3","76.7","767.0","MYSORE, IN","FM-12","99999","V020","270,1,N,0010,1","99999,9,9,N","004000,1,9,9","+0210,1","+0182,1","10157,1",,,,,,,,"240,M,+0310,1","240,N,+0132,1","99999,9,09315,1","9,9,999,9,+005,1",,"SYN06443291 32996 02702 10210 20182 39315 40157 333 10310 20132 58005=",
"43291099999","2022-01-14T12:00:00","4","12.3","76.7","767.0","MYSORE, IN","FM-12","99999","V020","110,1,N,0010,1","99999,9,9,N","004000,1,9,9","+0286,1","+0138,1","10122,1",,,,,,,,"240,M,+0296,1",,"99999,9,09293,1","9,9,999,9,+009,1",,"SYN05843291 32996 01102 10286 20138 39293 40122 333 10296 58009=",
"43291099999","2022-01-15T03:00:00","4","12.3","76.7","767.0","MYSORE, IN","FM-12","99999","V020","050,1,N,0010,1","99999,9,9,N","004000,1,9,9","+0216,1","+0185,1","10159,1",,,,,,,,"240,M,+0296,1","240,N,+0190,1","99999,9,09315,1","9,9,999,9,+000,1",,"SYN06443291 32996 00502 10216 20185 39315 40159 333 10296 20190 58000=",
"43291099999","2022-01-15T12:00:00","4","12.3","76.7","767.0","MYSORE, IN","FM-12","99999","V020","999,9,C,0000,1","22000,1,9,N","004000,1,9,9","+0290,1","+0151,1","10125,1",,,,,,"9,AGL   ,+99999,+99999","04,99,1,99,9,99,9,99999,9,99,9,99,9","240,M,+0310,1",,"99999,9,09296,1","9,9,999,9,+003,1",,"SYN05843291 32996 40000 10290 20151 39296 40125 333 10310 58003=",
"43291099999","2022-01-16T03:00:00","4","12.3","76.7","767.0","MYSORE, IN","FM-12","99999","V020","020,1,N,0010,1","99999,9,9,N","004000,1,9,9","+0224,1","+0191,1","10161,1",,,,,,,,"240,M,+0310,1","240,N,+0200,1","99999,9,09315,1","9,9,999,9,+000,1",,"SYN06443291 32996 00202 10224 20191 39315 40161 333 10310 20200 58000=",
"43291099999","2022-01-16T12:00:00","4","12.3","76.7","767.0","MYSORE, IN","FM-12","99999","V020","230,1,N,0010,1","99999,9,9,N","004000,1,9,9","+0286,1","+0158,1","10137,1",,,,,,,,"240,M,+0310,1",,"99999,9,09305,1","9,9,999,9,+012,1",,"SYN05843291 32996 02302 10286 20158 39305 40137 333 10310 58012=",
"43291099999","2022-01-17T03:00:00","4","12.3","76.7","767.0","MYSORE, IN","FM-12","99999","V020","230,1,N,0010,1","99999,9,9,N","004000,1,9,9","+0226,1","+0193,1","10155,1",,,,,,,,"240,M,+0310,1","240,N,+0200,1","99999,9,09313,1","9,9,999,9,-002,1",,"SYN07443291 32996 02302 10226 20193 39313 40155 333 10310 20200 59002 555 10000=",
"43291099999","2022-01-17T12:00:00","4","12.3","76.7","767.0","MYSORE, IN","FM-12","99999","V020","090,1,N,0005,1","22000,1,9,N","004000,1,9,9","+0282,1","+0160,1","10233,1",,,,,,"9,AGL   ,+99999,+99999","04,99,1,99,9,99,9,99999,9,99,9,99,9","240,M,+0298,1",,"99999,9,09304,1","9,9,999,9,-001,1",,"SYN05843291 32996 40901 10282 20160 39304 40233 333 10298 59001=",
"43291099999","2022-01-18T03:00:00","4","12.3","76.7","767.0","MYSORE, IN","FM-12","99999","V020","090,1,N,0010,1","22000,1,9,N","004000,1,9,9","+0202,1","+0148,1","10204,1",,,,,,"9,AGL   ,+99999,+99999","02,99,1,99,9,99,9,99999,9,99,9,99,9","240,M,+0298,1","240,N,+0174,1","99999,9,09348,1","9,9,999,9,+003,1",,"SYN07443291 32996 20902 10202 20148 39348 40204 333 10298 20174 58003 555 10000=",
"43291099999","2022-01-18T12:00:00","4","12.3","76.7","767.0","MYSORE, IN","FM-12","99999","V020","999,9,C,0000,1","22000,1,9,N","004000,1,9,9","+0270,1","+0164,1","10129,1",,,,,,"9,AGL   ,+99999,+99999","03,99,1,99,9,99,9,99999,9,99,9,99,9","240,M,+0288,1",,"99999,9,09294,1","9,9,999,9,-010,1",,"SYN05843291 32996 30000 10270 20164 39294 40129 333 10288 59010=",
"43291099999","2022-01-19T03:00:00","4","12.3","76.7","767.0","MYSORE, IN","FM-12","99999","V020","090,1,N,0010,1","99999,9,9,N","004000,1,9,9","+0220,1","+0177,1","10172,1",,,,,,,,"240,M,+0288,1","240,N,+0180,1","99999,9,09330,1","9,9,999,9,+018,1",,"SYN07443291 32996 00902 10220 20177 39330 40172 333 10288 20180 58018 555 10000=",
"43291099999","2022-01-19T12:00:00","4","12.3","76.7","767.0","MYSORE, IN","FM-12","99999","V020","999,9,C,0000,1","22000,1,9,N","004000,1,9,9","+0280,1","+0146,1","10131,1",,,,,,"9,AGL   ,+99999,+99999","04,99,1,99,9,99,9,99999,9,99,9,99,9","240,M,+0290,1",,"99999,9,09299,1","9,9,999,9,+005,1",,"SYN05843291 32996 40000 10280 20146 39299 40131 333 10290 58005=",
"43291099999","2022-01-20T03:00:00","4","12.3","76.7","767.0","MYSORE, IN","FM-12","99999","V020","999,9,C,0000,1","99999,9,9,N","004000,1,9,9","+0170,1","+0140,1","10181,1",,,,,,,,"240,M,+0290,1","240,N,+0140,1","99999,9,09315,1","9,9,999,9,-015,1",,"SYN07443291 32996 00000 10170 20140 39315 40181 333 10290 20140 59015 555 10000=",
"43291099999","2022-01-20T12:00:00","4","12.3","76.7","767.0","MYSORE, IN","FM-12","99999","V020","999,9,C,0000,1","99999,9,9,N","004000,1,9,9","+0290,1","+0139,1","10113,1",,,,,,,,"240,M,+0316,1",,"99999,9,09286,1","9,9,999,9,-013,1",,"SYN05843291 32996 00000 10290 20139 39286 40113 333 10316 59013=",
"43291099999","2022-01-21T03:00:00","4","12.3","76.7","767.0","MYSORE, IN","FM-12","99999","V020","270,1,N,0010,1","99999,9,9,N","004000,1,9,9","+0182,1","+0149,1","10161,1",,,,,,,,"240,M,+0316,1","240,N,+0160,1","99999,9,09313,1","9,9,999,9,-002,1",,"SYN06443291 32996 02702 10182 20149 39313 40161 333 10316 20160 59002=",
"43291099999","2022-01-21T12:00:00","4","12.3","76.7","767.0","MYSORE, IN","FM-12","99999","V020","999,9,C,0000,1","22000,1,9,N","004000,1,9,9","+0310,1","+0138,1","10107,1",,,,,,"9,AGL   ,+99999,+99999","04,99,1,99,9,99,9,99999,9,99,9,99,9","240,M,+0320,1",,"99999,9,09285,1","9,9,999,9,-001,1",,"SYN05843291 32996 40000 10310 20138 39285 40107 333 10320 59001=",
"43291099999","2022-01-22T03:00:00","4","12.3","76.7","767.0","MYSORE, IN","FM-12","99999","V020","050,1,N,0010,1","99999,9,9,N","004000,1,9,9","+0194,1","+0169,1","10158,1",,,,,,,,"240,M,+0320,1","240,N,+0172,1","99999,9,09316,1","9,9,999,9,+003,1",,"SYN07443291 32996 00502 10194 20169 39316 40158 333 10320 20172 58003 555 10000=",
"43291099999","2022-01-22T12:00:00","4","12.3","76.7","767.0","MYSORE, IN","FM-12","99999","V020","999,9,C,0000,1","22000,1,9,N","004000,1,9,9","+0320,1","+0135,1","10083,1",,,,,,"9,AGL   ,+99999,+99999","04,99,1,99,9,99,9,99999,9,99,9,99,9","240,M,+0330,1",,"99999,9,09264,1","9,9,999,9,-021,1",,"SYN05843291 32996 40000 10320 20135 39264 40083 333 10330 59021=",
"43291099999","2022-01-23T03:00:00","4","12.3","76.7","767.0","MYSORE, IN","FM-12","99999","V020","360,1,N,0010,1","99999,9,9,N","004000,1,9,9","+0184,1","+0155,1","10156,1",,,,,,,,"240,M,+0333,1","240,N,+0162,1","99999,9,09371,1","9,9,999,9,-005,1",,"SYN06443291 32996 03602 10184 20155 39371 40156 333 10333 20162 59005=",
"43291099999","2022-01-23T12:00:00","4","12.3","76.7","767.0","MYSORE, IN","FM-12","99999","V020","270,1,N,0005,1","22000,1,9,N","004000,1,9,9","+0290,1","+0109,1","10106,1",,,,,,"9,AGL   ,+99999,+99999","04,99,1,99,9,99,9,99999,9,99,9,99,9","240,M,+0320,1",,"99999,9,09279,1","9,9,999,9,+006,1",,"SYN05843291 32996 42701 10290 20109 39279 40106 333 10320 58006=",
"43291099999","2022-01-24T03:00:00","4","12.3","76.7","767.0","MYSORE, IN","FM-12","99999","V020","180,1,N,0010,1","99999,9,9,N","004000,1,9,9","+0202,1","+0153,1","10157,1",,,,,,,,"240,M,+0320,1","240,N,+0164,1","99999,9,09310,1","9,9,999,9,-001,1",,"SYN06443291 32996 01802 10202 20153 39310 40157 333 10320 20164 59001=",
"43291099999","2022-01-24T12:00:00","4","12.3","76.7","767.0","MYSORE, IN","FM-12","99999","V020","180,1,N,0010,1","22000,1,9,N","004000,1,9,9","+0290,1","+0109,1","10092,1",,,,,,"9,AGL   ,+99999,+99999","03,99,1,99,9,99,9,99999,9,99,9,99,9","240,M,+0328,1",,"99999,9,09266,1","9,9,999,9,-013,1",,"SYN05843291 32996 31802 10290 20109 39266 40092 333 10328 59013=",
"43291099999","2022-01-25T03:00:00","4","12.3","76.7","767.0","MYSORE, IN","FM-12","99999","V020","140,1,N,0005,1","99999,9,9,N","004000,1,9,9","+0194,1","+0181,1","10156,1",,,,,,,,"240,M,+0328,1","240,N,+0180,1","99999,9,09311,1","9,9,999,9,+001,1",,"SYN07443291 32996 01401 10194 20181 39311 40156 333 10328 20180 58001 555 10000=",
"43291099999","2022-01-25T12:00:00","4","12.3","76.7","767.0","MYSORE, IN","FM-12","99999","V020","999,9,C,0000,1","99999,9,9,N","004000,1,9,9","+0280,1","+0194,1","10095,1",,,,,,"9,AGL   ,+99999,+99999","05,99,1,99,9,99,9,99999,9,99,9,99,9","240,M,+0300,1",,"99999,9,09265,1","9,9,999,9,-001,1",,"SYN05843291 32996 50000 10280 20194 39265 40095 333 10300 59001=",
"43291099999","2022-01-26T03:00:00","4","12.3","76.7","767.0","MYSORE, IN","FM-12","99999","V020","140,1,N,0010,1","99999,9,9,N","004000,1,9,9","+0194,1","+0181,1","10156,1",,,,,,,,"240,M,+0328,1","240,N,+0180,1","99999,9,09311,1","9,9,999,9,+001,1",,"SYN07443291 32996 01402 10194 20181 39311 40156 333 10328 20180 58001 555 10000=",
"43291099999","2022-01-26T12:00:00","4","12.3","76.7","767.0","MYSORE, IN","FM-12","99999","V020","180,1,N,0005,1","22000,1,9,9","004000,1,9,9","+0282,1","+0196,1","10093,1","01,9999,9,9","0,1,06,1","0,1,06,1",,,,"00,99,1,99,9,99,9,99999,9,99,9,99,9",,,"99999,9,09265,1","9,9,999,9,+000,1",,"SYN004BUFR",
"43291099999","2022-01-27T03:00:00","4","12.3","76.7","767.0","MYSORE, IN","FM-12","99999","V020","070,1,N,0010,1","99999,9,9,N","004000,1,9,9","+0202,1","+0160,1","10162,1",,,,,,,,"240,M,+0304,1","240,N,+0170,1","99999,9,09315,1","9,9,999,9,+004,1",,"SYN07443291 32996 00702 10202 20160 39315 40162 333 10304 20170 58004 555 10000=",
"43291099999","2022-01-27T12:00:00","4","12.3","76.7","767.0","MYSORE, IN","FM-12","99999","V020","090,1,N,0005,1","22000,1,9,N","004000,1,9,9","+0280,1","+0158,1","10093,1",,,,,,"9,AGL   ,+99999,+99999","02,99,1,99,9,99,9,99999,9,99,9,99,9","240,M,+0290,1",,"99999,9,09265,1","9,9,999,9,+000,1",,"SYN05843291 32996 20901 10280 20158 39265 40093 333 10290 58000=",
"43291099999","2022-01-28T03:00:00","4","12.3","76.7","767.0","MYSORE, IN","FM-12","99999","V020","320,1,N,0010,1","99999,9,9,N","004000,1,9,9","+0222,1","+0175,1","10162,1",,,,,,,,"240,M,+0290,1","240,N,+0190,1","99999,9,09320,1","9,9,999,9,+005,1",,"SYN07443291 32996 03202 10222 20175 39320 40162 333 10290 20190 58005 555 10000=",
"43291099999","2022-01-28T12:00:00","4","12.3","76.7","767.0","MYSORE, IN","FM-12","99999","V020","090,1,N,0010,1","99999,9,9,N","004000,1,9,9","+0242,1","+0163,1","10143,1",,,,,,"9,AGL   ,+99999,+99999","07,99,1,99,9,99,9,99999,9,99,9,99,9","240,M,+0284,1",,"99999,9,09296,1","9,9,999,9,+031,1",,"SYN05843291 32996 70902 10242 20163 39296 40143 333 10284 58031=",
"43291099999","2022-01-29T03:00:00","4","12.3","76.7","767.0","MYSORE, IN","FM-12","99999","V020","200,1,N,0005,1","99999,9,9,N","004000,1,9,9","+0224,1","+0178,1","10157,1",,,,,,,,"240,M,+0284,1","240,N,+0190,1","99999,9,09315,1","9,9,999,9,-004,1",,"SYN07443291 32996 02001 10224 20178 39315 40157 333 10284 20190 59004 555 10000=",
"43291099999","2022-01-29T12:00:00","4","12.3","76.7","767.0","MYSORE, IN","FM-12","99999","V020","090,1,N,0005,1","22000,1,9,N","004000,1,9,9","+0270,1","+0168,1","10130,1",,,,,,"9,AGL   ,+99999,+99999","04,99,1,99,9,99,9,99999,9,99,9,99,9","240,M,+0290,1",,"99999,9,09295,1","9,9,999,9,-001,1",,"SYN05843291 32996 40901 10270 20168 39295 40130 333 10290 59001=",
"43291099999","2022-01-30T03:00:00","4","12.3","76.7","767.0","MYSORE, IN","FM-12","99999","V020","110,1,N,0005,1","99999,9,9,N","004000,1,9,9","+0226,1","+0183,1","10157,1",,,,,,,,"240,M,+0290,1","240,N,+0186,1","99999,9,09315,1","9,9,999,9,+000,1",,"SYN07443291 32996 01101 10226 20183 39315 40157 333 10290 20186 58000 555 10000=",
"43291099999","2022-01-30T12:00:00","4","12.3","76.7","767.0","MYSORE, IN","FM-12","99999","V020","320,1,N,0010,1","99999,9,9,N","004000,1,9,9","+0274,1","+0169,1","10125,1",,,,,,,,"240,M,+0296,1",,"99999,9,09296,1","9,9,999,9,+000,1",,"SYN05843291 32996 03202 10274 20169 39296 40125 333 10296 58000=",
"43291099999","2022-01-31T03:00:00","4","12.3","76.7","767.0","MYSORE, IN","FM-12","99999","V020","180,1,N,0005,1","99999,9,9,N","004000,1,9,9","+0228,1","+0188,1","10162,1",,,,,,,,"240,M,+0296,1","240,N,+0190,1","99999,9,09319,1","9,9,999,9,+004,1",,"SYN06443291 32996 01801 10228 20188 39319 40162 333 10296 20190 58004=",
"43291099999","2022-02-01T03:00:00","4","12.3","76.7","767.0","MYSORE, IN","FM-12","99999","V020","270,1,N,0010,1","99999,9,9,N","004000,1,9,9","+0228,1","+0192,1","10166,1",,,,,,,,"240,M,+0310,1","240,N,+0192,1","99999,9,09324,1","9,9,999,9,+005,1",,"SYN07443291 32996 02702 10228 20192 39324 40166 333 10310 20192 58005 555 10000=",
"43291099999","2022-02-01T12:00:00","4","12.3","76.7","767.0","MYSORE, IN","FM-12","99999","V020","360,1,N,0000,1","22000,1,9,9","004000,1,9,9","+0300,1","+0164,1","10106,1","01,9999,9,9","0,1,06,1","0,1,06,1",,,,"00,99,1,99,9,99,9,99999,9,99,9,99,9",,,"99999,9,09282,1","9,9,999,9,-017,1",,"SYN004BUFR",
"43291099999","2022-02-02T03:00:00","4","12.3","76.7","767.0","MYSORE, IN","FM-12","99999","V020","200,1,N,0010,1","99999,9,9,N","004000,1,9,9","+0232,1","+0190,1","10119,1",,,,,,,,"240,M,+0314,1","240,N,+0200,1","99999,9,09283,1","9,9,999,9,-041,1",,"SYN06443291 32996 02002 10232 20190 39283 40119 333 10314 20200 59041=",
"43291099999","2022-02-02T12:00:00","4","12.3","76.7","767.0","MYSORE, IN","FM-12","99999","V020","270,1,N,0005,1","22000,1,9,N","004000,1,9,9","+0310,1","+0158,1","10104,1",,,,,,"9,AGL   ,+99999,+99999","04,99,1,99,9,99,9,99999,9,99,9,99,9","240,M,+0322,1",,"99999,9,09281,1","9,9,999,9,-001,1",,"SYN05843291 32996 42701 10310 20158 39281 40104 333 10322 59001=",
"43291099999","2022-02-03T03:00:00","4","12.3","76.7","767.0","MYSORE, IN","FM-12","99999","V020","160,1,N,0010,1","99999,9,9,N","004000,1,9,9","+0230,1","+0184,1","10156,1",,,,,,,,"240,M,+0322,1","240,N,+0202,1","99999,9,09314,1","9,9,999,9,+031,1",,"SYN06443291 32996 01602 10230 20184 39314 40156 333 10322 20202 58031=",
"43291099999","2022-02-03T12:00:00","4","12.3","76.7","767.0","MYSORE, IN","FM-12","99999","V020","320,1,N,0010,1","22000,1,9,N","004000,1,9,9","+0310,1","+0162,1","10094,1",,,,,,"9,AGL   ,+99999,+99999","04,99,1,99,9,99,9,99999,9,99,9,99,9","240,M,+0320,1",,"99999,9,09272,1","9,9,999,9,-010,1",,"SYN05843291 32996 43202 10310 20162 39272 40094 333 10320 59010=",
"43291099999","2022-02-04T03:00:00","4","12.3","76.7","767.0","MYSORE, IN","FM-12","99999","V020","250,1,N,0005,1","99999,9,9,N","004000,1,9,9","+0182,1","+0153,1","10149,1",,,,,,,,"240,M,+0320,1","240,N,+0160,1","99999,9,09306,1","9,9,999,9,-008,1",,"SYN06443291 32996 02501 10182 20153 39306 40149 333 10320 20160 59008=",
"43291099999","2022-02-04T12:00:00","4","12.3","76.7","767.0","MYSORE, IN","FM-12","99999","V020","320,1,N,0021,1","22000,1,9,N","004000,1,9,9","+0300,1","+0145,1","10085,1",,,,,,"9,AGL   ,+99999,+99999","04,99,1,99,9,99,9,99999,9,99,9,99,9","240,M,+0320,1",,"99999,9,09262,1","9,9,999,9,-010,1",,"SYN05843291 32996 43204 10300 20145 39262 40085 333 10320 59010=",
"43291099999","2022-02-05T03:00:00","4","12.3","76.7","767.0","MYSORE, IN","FM-12","99999","V020","270,1,N,0010,1","99999,9,9,N","004000,1,9,9","+0202,1","+0196,1","10155,1",,,,,,,,"240,M,+0320,1","240,N,+0184,1","99999,9,09310,1","9,9,999,9,+004,1",,"SYN06443291 32996 02702 10202 20196 39310 40155 333 10320 20184 58004=",
"43291099999","2022-02-05T12:00:00","4","12.3","76.7","767.0","MYSORE, IN","FM-12","99999","V020","140,1,N,0010,1","99999,9,9,N","004000,1,9,9","+0320,1","+0148,1","10081,1",,,,,,,,"240,M,+0330,1",,"99999,9,09264,1","9,9,999,9,+002,1",,"SYN05843291 32996 01402 10320 20148 39264 40081 333 10330 58002=",
"43291099999","2022-02-06T03:00:00","4","12.3","76.7","767.0","MYSORE, IN","FM-12","99999","V020","360,1,N,0010,1","99999,9,9,N","004000,1,9,9","+0232,1","+0190,1","10157,1",,,,,,,,"240,M,+0330,1","240,N,+0200,1","99999,9,09315,1","9,9,999,9,+005,1",,"SYN06443291 32996 03602 10232 20190 39315 40157 333 10330 20200 58005=",
"43291099999","2022-02-06T12:00:00","4","12.3","76.7","767.0","MYSORE, IN","FM-12","99999","V020","090,1,N,0010,1","99999,9,9,N","004000,1,9,9","+0318,1","+0087,1","10087,1",,,,,,,,"240,M,+0326,1",,"99999,9,09269,1","9,9,999,9,+005,1",,"SYN05843291 32996 00902 10318 20087 39269 40087 333 10326 58005=",
"43291099999","2022-02-07T03:00:00","4","12.3","76.7","767.0","MYSORE, IN","FM-12","99999","V020","999,9,C,0000,1","99999,9,9,N","004000,1,9,9","+0210,1","+0182,1","10186,1",,,,,,,,"240,M,+0326,1","240,N,+0206,1","99999,9,09330,1","9,9,999,9,+015,1",,"SYN06443291 32996 00000 10210 20182 39330 40186 333 10326 20206 58015=",
"43291099999","2022-02-08T03:00:00","4","12.3","76.7","767.0","MYSORE, IN","FM-12","99999","V020","230,1,N,0010,1","99999,9,9,N","004000,1,9,9","+0212,1","+0184,1","10152,1",,,,,,,,"240,M,+0310,1","240,N,+0190,1","99999,9,09309,1","9,9,999,9,-021,1",,"SYN06443291 32996 02302 10212 20184 39309 40152 333 10310 20190 59021=",
"43291099999","2022-02-08T12:00:00","4","12.3","76.7","767.0","MYSORE, IN","FM-12","99999","V020","090,1,N,0010,1","99999,9,9,N","004000,1,9,9","+0294,1","+0149,1","10108,1",,,,,,"9,AGL   ,+99999,+99999","05,99,1,99,9,99,9,99999,9,99,9,99,9","240,M,+0310,1",,"99999,9,09284,1","9,9,999,9,-010,1",,"SYN05843291 32996 50902 10294 20149 39284 40108 333 10310 59010=",
"43291099999","2022-02-09T03:00:00","4","12.3","76.7","767.0","MYSORE, IN","FM-12","99999","V020","200,1,N,0010,1","99999,9,9,N","004000,1,9,9","+0214,1","+0186,1","10156,1",,,,,,,,"240,M,+0310,1","240,N,+0200,1","99999,9,09314,1","9,9,999,9,+005,1",,"SYN06443291 32996 02002 10214 20186 39314 40156 333 10310 20200 58005=",
"43291099999","2022-02-09T12:00:00","4","12.3","76.7","767.0","MYSORE, IN","FM-12","99999","V020","360,1,N,0010,1","22000,1,9,N","004000,1,9,9","+0292,1","+0150,1","10113,1",,,,,,"9,AGL   ,+99999,+99999","04,99,1,99,9,99,9,99999,9,99,9,99,9","240,M,+0310,1",,"99999,9,09289,1","9,9,999,9,+005,1",,"SYN05843291 32996 43602 10292 20150 39289 40113 333 10310 58005=",
"43291099999","2022-02-10T03:00:00","4","12.3","76.7","767.0","MYSORE, IN","FM-12","99999","V020","360,1,N,0010,1","99999,9,9,N","004000,1,9,9","+0210,1","+0164,1","10174,1",,,,,,,,"240,M,+0310,1","240,N,+0200,1","99999,9,09320,1","9,9,999,9,+006,1",,"SYN07443291 32996 03602 10210 20164 39320 40174 333 10310 20200 58006 555 10000=",
"43291099999","2022-02-11T03:00:00","4","12.3","76.7","767.0","MYSORE, IN","FM-12","99999","V020","230,1,N,0010,1","99999,9,9,N","004000,1,9,9","+0216,1","+0169,1","10162,1",,,,,,,,"240,M,+0310,1","240,N,+0202,1","99999,9,09320,1","9,9,999,9,+000,1",,"SYN07443291 32996 02302 10216 20169 39320 40162 333 10310 20202 58000 555 10000=",
"43291099999","2022-02-11T12:00:00","4","12.3","76.7","767.0","MYSORE, IN","FM-12","99999","V020","090,1,N,0010,1","22000,1,9,N","004000,1,9,9","+0300,1","+0084,1","10098,1",,,,,,"9,AGL   ,+99999,+99999","04,99,1,99,9,99,9,99999,9,99,9,99,9","240,M,+0312,1",,"99999,9,09274,1","9,9,999,9,-010,1",,"SYN05843291 32996 40902 10300 20084 39274 40098 333 10312 59010=",
"43291099999","2022-02-12T03:00:00","4","12.3","76.7","767.0","MYSORE, IN","FM-12","99999","V020","140,1,N,0010,1","99999,9,9,N","004000,1,9,9","+0218,1","+0178,1","10156,1",,,,,,,,"240,M,+0312,1","240,N,+0192,1","99999,9,09314,1","9,9,999,9,-006,1",,"SYN07443291 32996 01402 10218 20178 39314 40156 333 10312 20192 59006 555 10000=",
"43291099999","2022-02-13T03:00:00","4","12.3","76.7","767.0","MYSORE, IN","FM-12","99999","V020","180,1,N,0010,1","99999,9,9,N","004000,1,9,9","+0226,1","+0196,1","10156,1",,,,,,,,"240,M,+0312,1","240,N,+0200,1","99999,9,09309,1","9,9,999,9,-005,1",,"SYN07443291 32996 01802 10226 20196 39309 40156 333 10312 20200 59005 555 10000=",
"43291099999","2022-02-14T03:00:00","4","12.3","76.7","767.0","MYSORE, IN","FM-12","99999","V020","150,1,N,0005,1","99999,9,9,N","004000,1,9,9","+0220,1","+0180,1","10157,1",,,,,,,,"240,M,+0314,1","240,N,+0194,1","99999,9,09318,1","9,9,999,9,+009,1",,"SYN06443291 32996 01501 10220 20180 39318 40157 333 10314 20194 58009=",
"43291099999","2022-02-15T03:00:00","4","12.3","76.7","767.0","MYSORE, IN","FM-12","99999","V020","200,1,N,0010,1","99999,9,9,N","004000,1,9,9","+0224,1","+0191,1","10161,1",,,,,,,,"240,M,+0314,1","240,N,+0200,1","99999,9,09319,1","9,9,999,9,+001,1",,"SYN07443291 32996 02002 10224 20191 39319 40161 333 10314 20200 58001 555 10000=",
"43291099999","2022-02-17T03:00:00","4","12.3","76.7","767.0","MYSORE, IN","FM-12","99999","V020","180,1,N,0010,1","99999,9,9,N","004000,1,9,9","+0228,1","+0195,1","10156,1",,,,,,,,"240,M,+0310,1","240,N,+0202,1","99999,9,09314,1","9,9,999,9,+000,1",,"SYN07443291 32996 01802 10228 20195 39314 40156 333 10310 20202 58000 555 10000=",
"43291099999","2022-02-18T03:00:00","4","12.3","76.7","767.0","MYSORE, IN","FM-12","99999","V020","070,1,N,0005,1","99999,9,9,N","004000,1,9,9","+0226,1","+0193,1","10162,1",,,,,,,,"240,M,+0312,1","240,N,+0202,1","99999,9,09320,1","9,9,999,9,+006,1",,"SYN07443291 32996 00701 10226 20193 39320 40162 333 10312 20202 58006 555 10000=",
"43291099999","2022-02-20T03:00:00","4","12.3","76.7","767.0","MYSORE, IN","FM-12","99999","V020","250,1,N,0010,1","99999,9,9,N","004000,1,9,9","+0234,1","+0188,1","10161,1",,,,,,,,"240,M,+0319,1","240,N,+0202,1","99999,9,09319,1","9,9,999,9,+004,1",,"SYN07443291 32996 02502 10234 20188 39319 40161 333 10319 20202 58004 555 10000=",
"43291099999","2022-02-24T12:00:00","4","12.3","76.7","767.0","MYSORE, IN","FM-12","99999","V020","090,1,N,0005,1","22000,1,9,9","004000,1,9,9","+0280,1","+0117,1","10134,1","01,9999,9,9","0,1,06,1","0,1,06,1","99,9,+08000,1,00,1",,"9,AGL   ,+99999,+99999","03,99,1,99,9,99,9,08000,1,99,9,99,9",,,"99999,9,09302,1","9,9,999,9,+010,1",,"SYN004BUFR",
"43291099999","2022-02-25T12:00:00","4","12.3","76.7","767.0","MYSORE, IN","FM-12","99999","V020","320,1,N,0010,1","22000,1,9,9","004000,1,9,9","+0212,1","+0187,1","10170,1","01,9999,9,9","0,1,06,1","0,1,06,1",,,,"00,99,1,99,9,99,9,99999,9,99,9,99,9","120,M,+0332,1","120,N,+0192,1","99999,9,09325,1","9,9,999,9,+005,1",,"SYN004BUFR",
"43291099999","2022-02-26T03:00:00","4","12.3","76.7","767.0","MYSORE, IN","FM-12","99999","V020","290,1,N,0005,1","99999,9,9,N","004000,1,9,9","+0216,1","+0188,1","10165,1",,,,,,,,"240,M,+0320,1","240,N,+0196,1","99999,9,09320,1","9,9,999,9,-005,1",,"SYN07443291 32996 02901 10216 20188 39320 40165 333 10320 20196 59005 555 10000=",
"43291099999","2022-02-27T03:00:00","4","12.3","76.7","767.0","MYSORE, IN","FM-12","99999","V020","999,9,C,0000,1","99999,9,9,N","004000,1,9,9","+0230,1","+0187,1","10177,1",,,,,,,,"240,M,+0324,1","240,N,+0197,1","99999,9,09329,1","9,9,999,9,+004,1",,"SYN07443291 32996 00000 10230 20187 39329 40177 333 10324 20197 58004 555 10000=",
"43291099999","2022-02-28T03:00:00","4","12.3","76.7","767.0","MYSORE, IN","FM-12","99999","V020","250,1,N,0005,1","99999,9,9,N","004000,1,9,9","+0232,1","+0190,1","10161,1",,,,,,,,"240,M,+0322,1","240,N,+0200,1","99999,9,09319,1","9,9,999,9,-001,1",,"SYN07443291 32996 02501 10232 20190 39319 40161 333 10322 20200 59001 555 10000=",
"43291099999","2022-03-01T03:00:00","4","12.3","76.7","767.0","MYSORE, IN","FM-12","99999","V020","200,1,N,0005,1","99999,9,9,N","004000,1,9,9","+0230,1","+0187,1","10157,1",,,,,,,,"240,M,+0321,1","240,N,+0200,1","99999,9,09315,1","9,9,999,9,-004,1",,"SYN07443291 32996 02001 10230 20187 39315 40157 333 10321 20200 59004 555 10000=",
"43291099999","2022-03-02T03:00:00","4","12.3","76.7","767.0","MYSORE, IN","FM-12","99999","V020","230,1,N,0010,1","99999,9,9,N","004000,1,9,9","+0212,1","+0184,1","10165,1",,,,,,,,"240,M,+0320,1","240,N,+0192,1","99999,9,09320,1","9,9,999,9,+005,1",,"SYN07443291 32996 02302 10212 20184 39320 40165 333 10320 20192 58005 555 10000=",
"43291099999","2022-03-03T12:00:00","4","12.3","76.7","767.0","MYSORE, IN","FM-12","99999","V020","090,1,N,0010,1","99999,9,9,N","004000,1,9,9","+0300,1","+0100,1","10111,1",,,,,,"9,AGL   ,+99999,+99999","07,99,1,99,9,99,9,99999,9,99,9,99,9","240,M,+0320,1",,"99999,9,09287,1","9,9,999,9,-005,1",,"SYN05843291 32996 70902 10300 20100 39287 40111 333 10320 59005=",
"43291099999","2022-03-04T03:00:00","4","12.3","76.7","767.0","MYSORE, IN","FM-12","99999","V020","180,1,N,0010,1","99999,9,9,N","004000,1,9,9","+0194,1","+0178,1","10154,1",,,,,,,,"240,M,+0300,1","240,N,+0180,1","99999,9,09351,1","9,9,999,9,-006,1",,"SYN07443291 32996 01802 10194 20178 39351 40154 333 10300 20180 59006 555 10000=",
"43291099999","2022-03-05T03:00:00","4","12.3","76.7","767.0","MYSORE, IN","FM-12","99999","V020","270,1,N,0005,1","99999,9,9,N","004000,1,9,9","+0200,1","+0172,1","10158,1",,,,,,,,"240,M,+0320,1","240,N,+0182,1","99999,9,09355,1","9,9,999,9,+004,1",,"SYN07443291 32996 02701 10200 20172 39355 40158 333 10320 20182 58004 555 10000=",
"43291099999","2022-03-05T12:00:00","4","12.3","76.7","767.0","MYSORE, IN","FM-12","99999","V020","090,1,N,0005,1","99999,9,9,N","004000,1,9,9","+0310,1","+0120,1","10115,1",,,,,,"9,AGL   ,+99999,+99999","06,99,1,99,9,99,9,99999,9,99,9,99,9","240,M,+0320,1",,"99999,9,09292,1","9,9,999,9,+001,1",,"SYN05843291 32996 60901 10310 20120 39292 40115 333 10320 58001=",
"43291099999","2022-03-06T03:00:00","4","12.3","76.7","767.0","MYSORE, IN","FM-12","99999","V020","160,1,N,0005,1","99999,9,9,N","004000,1,9,9","+0228,1","+0175,1","10162,1",,,,,,,,"240,M,+0320,1","240,N,+0190,1","99999,9,09320,1","9,9,999,9,+005,1",,"SYN07443291 32996 01601 10228 20175 39320 40162 333 10320 20190 58005 555 10000=",
"43291099999","2022-03-07T12:00:00","4","12.3","76.7","767.0","MYSORE, IN","FM-12","99999","V020","020,1,N,0412,2","22000,1,9,N","004000,1,9,9","+9999,9","+0176,1","10112,1",,,,,,"9,AGL   ,+99999,+99999","01,99,1,99,9,99,9,99999,9,99,9,99,9","240,M,+0320,1",,"99999,9,09282,1","9,9,999,9,-015,1",,"SYN05243291 32996 10280 20176 39282 40112 333 10320 59015=",
"43291099999","2022-03-08T03:00:00","4","12.3","76.7","767.0","MYSORE, IN","FM-12","99999","V020","290,1,N,0005,1","99999,9,9,N","004000,1,9,9","+0230,1","+0187,1","99999,9",,,,,,,,"240,M,+0320,1","240,N,+0202,1","99999,9,09320,1","9,9,999,9,+000,1","3,1162,9","SYN07443291 32996 02901 10230 20187 39320 48162 333 10320 20202 58000 555 10000=",
"43291099999","2022-03-08T12:00:00","4","12.3","76.7","767.0","MYSORE, IN","FM-12","99999","V020","050,1,N,0005,1","99999,9,9,N","004000,1,9,9","+0310,1","+0138,1","10553,1",,,,,,"9,AGL   ,+99999,+99999","06,99,1,99,9,99,9,99999,9,99,9,99,9","240,M,+0340,1",,"99999,9,09271,1","9,9,999,9,-011,1",,"SYN06443291 32996 60501 10310 20138 39271 40553 8//// 333 10340 59011=",
"43291099999","2022-03-09T03:00:00","4","12.3","76.7","767.0","MYSORE, IN","FM-12","99999","V020","999,9,C,0000,1","99999,9,9,N","004000,1,9,9","+0232,1","+0190,1","10166,1",,,,,,,,"240,M,+0340,1","240,N,+0222,1","99999,9,09385,1","9,9,999,9,+004,1",,"SYN07443291 32996 00000 10232 20190 39385 40166 333 10340 20222 58004 555 10000=",
"43291099999","2022-03-10T03:00:00","4","12.3","76.7","767.0","MYSORE, IN","FM-12","99999","V020","020,1,N,0010,1","99999,9,9,N","004000,1,9,9","+0312,1","+0145,1","10101,1",,,,,,,,"240,M,+0336,1","240,N,+0200,1","99999,9,09277,1","9,9,999,9,+006,1",,"SYN07443291 32996 00202 10312 20145 39277 40101 333 10336 20200 58006 555 10000=",
"43291099999","2022-03-12T03:00:00","4","12.3","76.7","767.0","MYSORE, IN","FM-12","99999","V020","360,1,N,0010,1","99999,9,9,N","004000,1,9,9","+0232,1","+0186,1","10162,1",,,,,,,,"240,M,+0343,1","240,N,+0190,1","99999,9,09320,1","9,9,999,9,-004,1",,"SYN07443291 32996 03602 10232 20186 39320 40162 333 10343 20190 59004 555 10000=",
"43291099999","2022-03-12T12:00:00","4","12.3","76.7","767.0","MYSORE, IN","FM-12","99999","V020","270,1,N,0005,1","99999,9,9,N","004000,1,9,9","+0322,1","+0090,1","10091,1",,,,,,,,"240,M,+0340,1",,"99999,9,09277,1","9,9,999,9,+006,1",,"SYN05843291 32996 02701 10322 20090 39277 40091 333 10340 58006=",
"43291099999","2022-03-15T03:00:00","4","12.3","76.7","767.0","MYSORE, IN","FM-12","99999","V020","090,1,N,0010,1","99999,9,9,N","004000,1,9,9","+0226,1","+0176,1","10157,1",,,,,,,,"240,M,+0344,1","240,N,+0182,1","99999,9,09315,1","9,9,999,9,+002,1",,"SYN07443291 32996 00902 10226 20176 39315 40157 333 10344 20182 58002 555 10000=",
"43291099999","2022-03-18T03:00:00","4","12.3","76.7","767.0","MYSORE, IN","FM-12","99999","V020","180,1,N,0010,1","99999,9,9,N","004000,1,9,9","+0230,1","+0177,1","10161,1",,,,,,,,"240,M,+0350,1","240,N,+0188,1","99999,9,09313,1","9,9,999,9,+012,1",,"SYN07443291 32996 01802 10230 20177 39313 40161 333 10350 20188 58012 555 10000=",
"43291099999","2022-03-19T03:00:00","4","12.3","76.7","767.0","MYSORE, IN","FM-12","99999","V020","320,1,N,0005,1","99999,9,9,N","004000,1,9,9","+0242,1","+0187,1","10162,1",,,,,,,,"240,M,+0350,1","240,N,+0202,1","99999,9,09320,1","9,9,999,9,+007,1",,"SYN07443291 32996 03201 10242 20187 39320 40162 333 10350 20202 58007 555 10000=",
"43291099999","2022-03-20T03:00:00","4","12.3","76.7","767.0","MYSORE, IN","FM-12","99999","V020","230,1,N,0010,1","22000,1,9,N","004000,1,9,9","+0236,1","+0191,1","10132,1","24,0040,3,1",,,"99,9,+00800,1,99,9",,"9,AGL   ,+99999,+99999","03,99,1,99,9,99,9,00800,1,99,9,99,9","240,M,+0351,1","240,N,+0202,1","99999,9,09290,1","9,9,999,9,-030,1",,"SYN08643291 22596 32302 10236 20191 39290 40132 333 10351 20202 59030 6004/ 555 00041 10004=",
"43291099999","2022-03-21T03:00:00","4","12.3","76.7","767.0","MYSORE, IN","FM-12","99999","V020","270,1,N,0005,1","22000,1,9,N","004000,1,9,9","+0224,1","+0191,1","10142,1",,,,,,"9,AGL   ,+99999,+99999","03,99,1,99,9,99,9,99999,9,99,9,99,9","240,M,+0344,1","240,N,+0200,1","99999,9,09295,1","9,9,999,9,+005,1",,"SYN07443291 32996 32701 10224 20191 39295 40142 333 10344 20200 58005 555 10041=",
"43291099999","2022-03-22T03:00:00","4","12.3","76.7","767.0","MYSORE, IN","FM-12","99999","V020","270,1,N,0010,1","22000,1,9,N","004000,1,9,9","+0224,1","+0191,1","10142,1",,,,"00,1,+99999,9,99,9",,"9,AGL   ,+99999,+99999","03,99,1,00,1,99,9,99999,9,99,9,99,9","240,M,+0344,1","240,N,+0200,1","99999,9,09295,1","9,9,999,9,+005,1",,"SYN08043291 32996 32702 10224 20191 39295 40142 80000 333 10344 20200 58005 555 10041=",
"43291099999","2022-03-23T03:00:00","4","12.3","76.7","767.0","MYSORE, IN","FM-12","99999","V020","270,1,N,0005,1","22000,1,9,N","004000,1,9,9","+0232,1","+0205,1","10156,1",,,,"00,1,+99999,9,99,9",,"9,AGL   ,+99999,+99999","02,99,1,00,1,99,9,99999,9,99,9,99,9","240,M,+0350,1","240,N,+0212,1","99999,9,09314,1","9,9,999,9,+005,1",,"SYN08043291 32996 22701 10232 20205 39314 40156 80000 333 10350 20212 58005 555 10041=",
"43291099999","2022-03-24T03:00:00","4","12.3","76.7","767.0","MYSORE, IN","FM-12","99999","V020","360,1,N,0005,1","22000,1,9,N","004000,1,9,9","+0234,1","+0207,1","10161,1",,,,,,"9,AGL   ,+99999,+99999","02,99,1,99,9,99,9,99999,9,99,9,99,9","240,M,+0350,1","240,N,+0210,1","99999,9,09319,1","9,9,999,9,+005,1",,"SYN07443291 32996 23601 10234 20207 39319 40161 333 10350 20210 58005 555 10041=",
"43291099999","2022-03-25T03:00:00","4","12.3","76.7","767.0","MYSORE, IN","FM-12","99999","V020","320,1,N,0010,1","22000,1,9,N","004000,1,9,9","+0232,1","+0204,1","10162,1",,,,,,"9,AGL   ,+99999,+99999","02,99,1,99,9,99,9,99999,9,99,9,99,9","240,M,+0350,1","240,N,+0212,1","99999,9,09320,1","9,9,999,9,+001,1",,"SYN07443291 32996 23202 10232 20204 39320 40162 333 10350 20212 58001 555 10041=",
"43291099999","2022-03-28T03:00:00","4","12.3","76.7","767.0","MYSORE, IN","FM-12","99999","V020","230,1,N,0010,1","22000,1,9,N","004000,1,9,9","+0250,1","+0224,1","10167,1",,,,"00,1,+99999,9,99,9",,"9,AGL   ,+99999,+99999","04,99,1,00,1,99,9,99999,9,99,9,99,9","240,M,+0340,1","240,N,+0210,1","99999,9,09325,1","9,9,999,9,-001,1",,"SYN08043291 32996 42302 10250 20224 39325 40167 80000 333 10340 20210 59001 555 10043=",
"43291099999","2022-03-29T03:00:00","4","12.3","76.7","767.0","MYSORE, IN","FM-12","99999","V020","200,1,N,0010,1","22000,1,9,N","004000,1,9,9","+0246,1","+0229,1","10156,1",,,,"00,1,+99999,9,99,9",,"9,AGL   ,+99999,+99999","02,99,1,00,1,99,9,99999,9,99,9,99,9","240,M,+0339,1","240,N,+0216,1","99999,9,09317,1","9,9,999,9,-009,1",,"SYN08043291 32996 22002 10246 20229 39317 40156 80000 333 10339 20216 59009 555 10041=",
"43291099999","2022-03-31T03:00:00","4","12.3","76.7","767.0","MYSORE, IN","FM-12","99999","V020","160,1,N,0005,1","22000,1,9,N","004000,1,9,9","+0246,1","+0226,1","10169,1",,,,"00,1,+99999,9,99,9",,"9,AGL   ,+99999,+99999","02,99,1,00,1,99,9,99999,9,99,9,99,9","240,M,+0350,1","240,N,+0224,1","99999,9,09323,1","9,9,999,9,+001,1",,"SYN08043291 32996 21601 10246 20226 39323 40169 80000 333 10350 20224 58001 555 10041=",
"43291099999","2022-04-01T03:00:00","4","12.3","76.7","767.0","MYSORE, IN","FM-12","99999","V020","160,1,N,0005,1","22000,1,9,N","004000,1,9,9","+0248,1","+0231,1","10161,1",,,,"00,1,+99999,9,99,9",,"9,AGL   ,+99999,+99999","02,99,1,00,1,99,9,99999,9,99,9,99,9","240,M,+0350,1","240,N,+0230,1","99999,9,09322,1","9,9,999,9,+001,1",,"SYN08043291 32996 21601 10248 20231 39322 40161 80000 333 10350 20230 58001 555 10041=",
"43291099999","2022-04-02T03:00:00","4","12.3","76.7","767.0","MYSORE, IN","FM-12","99999","V020","230,1,N,0010,1","22000,1,9,N","004000,1,9,9","+0242,1","+0230,1","10161,1",,,,,,"9,AGL   ,+99999,+99999","03,99,1,99,9,99,9,99999,9,99,9,99,9","240,M,+0350,1","240,N,+0226,1","99999,9,09319,1","9,9,999,9,-003,1",,"SYN07443291 32996 32302 10242 20230 39319 40161 333 10350 20226 59003 555 10041=",
"43291099999","2022-04-03T03:00:00","4","12.3","76.7","767.0","MYSORE, IN","FM-12","99999","V020","160,1,N,0005,1","22000,1,9,N","004000,1,9,9","+0246,1","+0237,1","10157,1",,,,,,"9,AGL   ,+99999,+99999","02,99,1,99,9,99,9,99999,9,99,9,99,9","240,M,+0342,1","240,N,+0222,1","99999,9,09319,1","9,9,999,9,-001,1",,"SYN07443291 32996 21601 10246 20237 39319 40157 333 10342 20222 59001 555 10041=",
"43291099999","2022-04-04T03:00:00","4","12.3","76.7","767.0","MYSORE, IN","FM-12","99999","V020","270,1,N,0005,1","22000,1,9,N","004000,1,9,9","+0242,1","+0230,1","10166,1",,,,,,"9,AGL   ,+99999,+99999","02,99,1,99,9,99,9,99999,9,99,9,99,9","240,M,+0346,1","240,N,+0224,1","99999,9,09324,1","9,9,999,9,+006,1",,"SYN07443291 32996 22701 10242 20230 39324 40166 333 10346 20224 58006 555 10041=",
"43291099999","2022-04-06T12:00:00","4","12.3","76.7","767.0","MYSORE, IN","FM-12","99999","V020","090,1,N,0005,1","99999,9,9,N","004000,1,9,9","+0330,1","+0145,1","10095,1",,,,,,"9,AGL   ,+99999,+99999","06,99,1,99,9,99,9,99999,9,99,9,99,9","240,M,+0350,1",,"99999,9,09279,1","9,9,999,9,+000,1",,"SYN05843291 32996 60901 10330 20145 39279 40095 333 10350 59000=",
"43291099999","2022-04-12T03:00:00","4","12.3","76.7","767.0","MYSORE, IN","FM-12","99999","V020","140,1,N,0010,1","22000,1,9,N","004000,1,9,9","+0256,1","+0239,1","10146,1",,,,"00,1,+99999,9,99,9",,"9,AGL   ,+99999,+99999","02,99,1,00,1,99,9,99999,9,99,9,99,9","240,M,+0340,1","240,N,+0234,1","99999,9,09309,1","9,9,999,9,+004,1",,"SYN08043291 32996 21402 10256 20239 39309 40146 80000 333 10340 20234 58004 555 10041=",
"43291099999","2022-04-13T03:00:00","4","12.3","76.7","767.0","MYSORE, IN","FM-12","99999","V020","200,1,N,0010,1","22000,1,9,N","004000,1,9,9","+0258,1","+0235,1","10151,1",,,,,,"9,AGL   ,+99999,+99999","02,99,1,99,9,99,9,99999,9,99,9,99,9","240,M,+0340,1","240,N,+0230,1","99999,9,09314,1","9,9,999,9,+005,1",,"SYN06443291 32996 22002 10258 20235 39314 40151 333 10340 20230 58005=",
"43291099999","2022-04-18T03:00:00","4","12.3","76.7","767.0","MYSORE, IN","FM-12","99999","V020","270,1,N,0005,1","22000,1,9,N","004000,1,9,9","+0238,1","+0218,1","10161,1",,,,,,"9,AGL   ,+99999,+99999","02,99,1,99,9,99,9,99999,9,99,9,99,9","240,M,+0334,1","240,N,+0221,1","99999,9,09319,1","9,9,999,9,-004,1",,"SYN07443291 32996 22701 10238 20218 39319 40161 333 10334 20221 59004 555 10058=",
"43291099999","2022-04-20T03:00:00","4","12.3","76.7","767.0","MYSORE, IN","FM-12","99999","V020","070,1,N,0005,1","99999,9,9,N","004000,1,9,9","+0232,1","+0208,1","10161,1","24,0200,3,1",,,,,"9,AGL   ,+99999,+99999","05,99,1,99,9,99,9,99999,9,99,9,99,9","240,M,+0344,1","240,N,+0210,1","99999,9,09319,1","9,9,999,9,-005,1",,"SYN08643291 22996 50701 10232 20208 39319 40161 333 10344 20210 59005 6020/ 555 00200 10078=",
"43291099999","2022-04-21T03:00:00","4","12.3","76.7","767.0","MYSORE, IN","FM-12","99999","V020","140,1,N,0010,1","22000,1,9,N","004000,1,9,9","+0252,1","+0223,1","10162,1",,,,,,"9,AGL   ,+99999,+99999","02,99,1,99,9,99,9,99999,9,99,9,99,9","240,M,+0344,1","240,N,+0224,1","99999,9,09323,1","9,9,999,9,+004,1",,"SYN07443291 32996 21402 10252 20223 39323 40162 333 10344 20224 58004 555 10078=",
"43291099999","2022-04-22T03:00:00","4","12.3","76.7","767.0","MYSORE, IN","FM-12","99999","V020","270,1,N,0010,1","22000,1,9,N","004000,1,9,9","+0242,1","+0219,1","10161,1",,,,,,"9,AGL   ,+99999,+99999","02,99,1,99,9,99,9,99999,9,99,9,99,9","240,M,+0342,1","240,N,+0216,1","99999,9,09319,1","9,9,999,9,-004,1",,"SYN07443291 32996 22702 10242 20219 39319 40161 333 10342 20216 59004 555 10078=",
"43291099999","2022-04-23T03:00:00","4","12.3","76.7","767.0","MYSORE, IN","FM-12","99999","V020","090,1,N,0005,1","99999,9,9,N","004000,1,9,9","+0280,1","+0226,1","10136,1",,,,,,"9,AGL   ,+99999,+99999","06,99,1,99,9,99,9,99999,9,99,9,99,9","240,M,+0342,1","240,N,+0222,1","99999,9,09304,1","9,9,999,9,-015,1",,"SYN07443291 32996 60901 10280 20226 39304 40136 333 10342 20222 59015 555 100//=",
"43291099999","2022-04-27T03:00:00","4","12.3","76.7","767.0","MYSORE, IN","FM-12","99999","V020","200,1,N,0005,1","22000,1,9,N","004000,1,9,9","+0258,1","+0214,1","10154,1",,,,,,"9,AGL   ,+99999,+99999","02,99,1,99,9,99,9,99999,9,99,9,99,9","240,M,+0355,1","240,N,+0224,1","99999,9,09320,1","9,9,999,9,+004,1",,"SYN07443291 32996 22001 10258 20214 39320 40154 333 10355 20224 58004 555 10078=",
"43291099999","2022-04-28T03:00:00","4","12.3","76.7","767.0","MYSORE, IN","FM-12","99999","V020","340,1,N,0005,1","22000,1,9,N","004000,1,9,9","+0252,1","+0211,1","10149,1",,,,,,"9,AGL   ,+99999,+99999","02,99,1,99,9,99,9,99999,9,99,9,99,9","240,M,+0360,1","240,N,+0220,1","99999,9,09315,1","9,9,999,9,-005,1",,"SYN07443291 32996 23401 10252 20211 39315 40149 333 10360 20220 59005 555 10078=",
"43291099999","2022-04-29T03:00:00","4","12.3","76.7","767.0","MYSORE, IN","FM-12","99999","V020","050,1,N,0005,1","22000,1,9,N","004000,1,9,9","+0256,1","+0212,1","10154,1",,,,,,"9,AGL   ,+99999,+99999","02,99,1,99,9,99,9,99999,9,99,9,99,9","240,M,+0360,1","240,N,+0220,1","99999,9,09320,1","9,9,999,9,+005,1",,"SYN07443291 32996 20501 10256 20212 39320 40154 333 10360 20220 58005 555 10078=",
"43291099999","2022-05-01T03:00:00","4","12.3","76.7","767.0","MYSORE, IN","FM-12","99999","V020","180,1,N,0005,1","22000,1,9,N","004000,1,9,9","+0212,1","+0184,1","10783,1","24,0320,3,1",,,,,"9,AGL   ,+99999,+99999","04,99,1,99,9,99,9,99999,9,99,9,99,9","240,M,+0370,1","240,N,+0190,1","99999,9,09370,1","9,9,999,9,+004,1",,"SYN08643291 32996 41801 10212 20184 39370 40783 333 10370 20190 58004 6032/ 555 00320 10128=",
"43291099999","2022-05-04T03:00:00","4","12.3","76.7","767.0","MYSORE, IN","FM-12","99999","V020","999,9,C,0000,1","99999,9,9,N","004000,1,9,9","+0212,1","+0200,1","10161,1","24,0180,3,1",,,,,"9,AGL   ,+99999,+99999","06,99,1,99,9,99,9,99999,9,99,9,99,9","240,M,+0340,1","240,N,+0200,1","99999,9,09319,1","9,9,999,9,+001,1",,"SYN08643291 22996 60000 10212 20200 39319 40161 333 10340 20200 58001 6018/ 555 00180 10146=",
"43291099999","2022-05-06T12:00:00","4","12.3","76.7","767.0","MYSORE, IN","FM-12","99999","V020","360,1,N,0010,1","99999,9,9,N","004000,1,9,9","+0302,1","+0216,1","10063,1",,,,"99,9,+00450,1,99,9",,"9,AGL   ,+99999,+99999","06,99,1,99,9,99,9,00450,1,99,9,99,9","240,M,+0320,1",,"99999,9,09242,1","9,9,999,9,-012,1",,"SYN06443291 32496 63602 10302 20216 39242 40063 8//// 333 10320 59012=",
"43291099999","2022-05-10T03:00:00","4","12.3","76.7","767.0","MYSORE, IN","FM-12","99999","V020","270,1,N,0005,1","99999,9,9,N","004000,1,9,9","+0236,1","+0215,1","10087,1",,,,,,"9,AGL   ,+99999,+99999","06,99,1,99,9,99,9,99999,9,99,9,99,9","240,M,+0340,1","240,N,+0212,1","99999,9,09316,1","9,9,999,9,-002,1",,"SYN07443291 32996 62701 10236 20215 39316 40087 333 10340 20212 59002 555 10184=",
"43291099999","2022-05-14T03:00:00","4","12.3","76.7","767.0","MYSORE, IN","FM-12","99999","V020","180,1,N,0005,1","22000,1,9,N","004000,1,9,9","+0222,1","+0192,1","10137,1","24,0050,3,1",,,,,"9,AGL   ,+99999,+99999","03,99,1,99,9,99,9,99999,9,99,9,99,9","240,M,+0300,1","240,N,+0196,1","99999,9,09290,1","9,9,999,9,+004,1",,"SYN07043291 22996 31801 10222 20192 39290 40137 333 10300 20196 58004 6005/=",
"43291099999","2022-05-16T03:00:00","4","12.3","76.7","767.0","MYSORE, IN","FM-12","99999","V020","230,1,N,0010,1","22000,1,9,N","004000,1,9,9","+0204,1","+0192,1","10119,1","24,0040,3,1",,,,,"9,AGL   ,+99999,+99999","04,99,1,99,9,99,9,99999,9,99,9,99,9","240,M,+0302,1","240,N,+0190,1","99999,9,09280,1","9,9,999,9,+000,1",,"SYN08643291 22996 42302 10204 20192 39280 40119 333 10302 20190 58000 6004/ 555 00040 10243=",
"43291099999","2022-05-17T03:00:00","4","12.3","76.7","767.0","MYSORE, IN","FM-12","99999","V020","999,9,C,0000,1","22000,1,9,N","004000,1,9,9","+0202,1","+0187,1","10109,1","24,0870,3,1",,,,,"9,AGL   ,+99999,+99999","04,99,1,99,9,99,9,99999,9,99,9,99,9","240,M,+0301,1","240,N,+0184,1","99999,9,09270,1","9,9,999,9,-001,1",,"SYN08643291 22996 40000 10202 20187 39270 40109 333 10301 20184 59001 6087/ 555 00870 10330=",
"43291099999","2022-05-18T03:00:00","4","12.3","76.7","767.0","MYSORE, IN","FM-12","99999","V020","270,1,N,0005,1","99999,9,9,N","004000,1,9,9","+0214,1","+0196,1","10091,1","24,0230,3,1",,,,,"9,AGL   ,+99999,+99999","06,99,1,99,9,99,9,99999,9,99,9,99,9","240,M,+0302,1","240,N,+0192,1","99999,9,09254,1","9,9,999,9,-016,1",,"SYN08643291 22996 62701 10214 20196 39254 40091 333 10302 20192 59016 6023/ 555 00230 10253=",
"43291099999","2022-05-19T03:00:00","4","12.3","76.7","767.0","MYSORE, IN","FM-12","99999","V020","180,1,N,0005,1","99999,9,9,N","004000,1,9,9","+0212,1","+9999,9","10128,1","24,0350,3,1",,,,,"9,AGL   ,+99999,+99999","08,99,1,99,9,99,9,99999,9,99,9,99,9","240,M,+0300,1","240,N,+0200,1","99999,9,09274,1","9,9,999,9,+016,1",,"SYN07043291 22996 81801 10212 20222 39274 40128 333 10300 20200 58016 6035/=","Q0122.2  2ATOD  "
"43291099999","2022-05-19T12:00:00","4","12.3","76.7","767.0","MYSORE, IN","FM-12","99999","V020","180,1,N,0005,1","99999,9,9,N","004000,1,9,9","+0234,1","+0231,1","10097,1","09,0020,3,1",,,,,"9,AGL   ,+99999,+99999","08,99,1,99,9,99,9,99999,9,99,9,99,9","240,M,+0300,1",,"99999,9,09251,1","9,9,999,9,+019,1",,"SYN06443291 22996 81801 10234 20231 39251 40097 333 10300 58019 6002/=",
"43291099999","2022-05-20T12:00:00","4","12.3","76.7","767.0","MYSORE, IN","FM-12","99999","V020","270,1,N,0010,1","99999,9,9,N","004000,1,9,9","+0250,1","+0209,1","10107,1",,,,,,"9,AGL   ,+99999,+99999","05,99,1,99,9,99,9,99999,9,99,9,99,9","240,M,+0302,1",,"99999,9,09267,1","9,9,999,9,+016,1",,"SYN05843291 32996 52702 10250 20209 39267 40107 333 10302 58016=",
"43291099999","2022-05-21T03:00:00","4","12.3","76.7","767.0","MYSORE, IN","FM-12","99999","V020","230,1,N,0010,1","22000,1,9,N","004000,1,9,9","+0218,1","+0200,1","10119,1",,,,,,"9,AGL   ,+99999,+99999","02,99,1,99,9,99,9,99999,9,99,9,99,9","240,M,+0302,1","240,N,+0200,1","99999,9,09273,5","9,9,999,9,-005,1",,"SYN07443291 32996 22302 10218 20200 32996 40119 333 10302 20200 59005 555 10390=",
"43291099999","2022-05-22T12:00:00","4","12.3","76.7","767.0","MYSORE, IN","FM-12","99999","V020","180,1,N,0005,1","22000,1,9,N","004000,1,9,9","+0254,1","+0228,1","10088,1",,,,,,"9,AGL   ,+99999,+99999","04,99,1,99,9,99,9,99999,9,99,9,99,9","240,M,+0308,1",,"99999,9,09260,1","9,9,999,9,-007,1",,"SYN05843291 32996 41801 10254 20228 39260 40088 333 10308 59007=",
"43291099999","2022-05-24T12:00:00","4","12.3","76.7","767.0","MYSORE, IN","FM-12","99999","V020","270,1,N,0005,1","22000,1,9,N","004000,1,9,9","+0320,1","+0190,1","10071,1",,,,,,"9,AGL   ,+99999,+99999","04,99,1,99,9,99,9,99999,9,99,9,99,9","240,M,+0330,1",,"99999,9,09254,1","9,9,999,9,-010,1",,"SYN05843291 32996 42701 10320 20190 39254 40071 333 10330 59010=",
"43291099999","2022-05-25T03:00:00","4","12.3","76.7","767.0","MYSORE, IN","FM-12","99999","V020","180,1,N,0005,1","22000,1,9,N","004000,1,9,9","+0226,1","+0196,1","10131,1",,,,,,"9,AGL   ,+99999,+99999","03,99,1,99,9,99,9,99999,9,99,9,99,9","240,M,+0330,1","240,N,+0192,1","99999,9,09293,1","9,9,999,9,+004,1",,"SYN07443291 32996 31801 10226 20196 39293 40131 333 10330 20192 58004 555 10390=",
"43291099999","2022-05-26T12:00:00","4","12.3","76.7","767.0","MYSORE, IN","FM-12","99999","V020","230,1,N,0010,1","99999,9,9,N","004000,1,9,9","+0250,1","+0209,1","10101,1",,,,,,"9,AGL   ,+99999,+99999","06,99,1,99,9,99,9,99999,9,99,9,99,9","240,M,+0322,1",,"99999,9,09264,1","9,9,999,9,+012,1",,"SYN05843291 32996 62302 10250 20209 39264 40101 333 10322 58012=",
"43291099999","2022-05-27T03:00:00","4","12.3","76.7","767.0","MYSORE, IN","FM-12","99999","V020","180,1,N,0005,1","22000,1,9,N","004000,1,9,9","+0234,1","+0204,1","10135,1",,,,,,"9,AGL   ,+99999,+99999","03,99,1,99,9,99,9,99999,9,99,9,99,9","240,M,+0322,1","240,N,+0210,1","99999,9,09297,1","9,9,999,9,+001,1",,"SYN07443291 32996 31801 10234 20204 39297 40135 333 10322 20210 58001 555 10390=",
"43291099999","2022-05-27T12:00:00","4","12.3","76.7","767.0","MYSORE, IN","FM-12","99999","V020","270,1,N,0005,1","22000,1,9,N","004000,1,9,9","+0300,1","+0200,1","10085,1",,,,"99,9,+99999,9,00,1",,"9,AGL   ,+99999,+99999","04,99,1,00,1,99,9,99999,9,99,9,99,9","240,M,+0340,1",,"99999,9,09262,1","9,9,999,9,-002,1",,"SYN06443291 32996 42701 10300 20200 39262 40085 80001 333 10340 59002=","Q01    003SCCGA1"
"43291099999","2022-06-01T03:00:00","4","12.3","76.7","767.0","MYSORE, IN","FM-12","99999","V020","180,1,N,0010,1","22000,1,9,N","004000,1,9,9","+0236,1","+0209,1","10141,1",,,,,,"9,AGL   ,+99999,+99999","03,99,1,99,9,99,9,99999,9,99,9,99,9","240,M,+0328,1","240,N,+0214,1","99999,9,09306,1","9,9,999,9,-001,1",,"SYN07443291 32996 31802 10236 20209 39306 40141 333 10328 20214 59001 555 10397=",
"43291099999","2022-06-01T12:00:00","4","12.3","76.7","767.0","MYSORE, IN","FM-12","99999","V020","270,1,N,0005,1","22000,1,9,N","004000,1,9,9","+0290,1","+0202,1","10066,1",,,,"99,9,+99999,9,00,1",,"9,AGL   ,+99999,+99999","04,99,1,00,1,99,9,99999,9,99,9,99,9","240,M,+0330,1",,"99999,9,09242,1","9,9,999,9,-002,1",,"SYN06443291 32996 42701 10290 20202 39242 40066 80001 333 10330 59002=","Q01    003SCCGA1"
"43291099999","2022-06-02T12:00:00","4","12.3","76.7","767.0","MYSORE, IN","FM-12","99999","V020","360,1,N,0005,1","99999,9,9,N","004000,1,9,9","+0260,1","+0204,1","10088,1",,,,,,"9,AGL   ,+99999,+99999","06,99,1,99,9,99,9,99999,9,99,9,99,9","240,M,+0326,1",,"99999,9,09254,1","9,9,999,9,+012,1",,"SYN05843291 32996 63601 10260 20204 39254 40088 333 10326 58012=",
"43291099999","2022-06-03T12:00:00","4","12.3","76.7","767.0","MYSORE, IN","FM-12","99999","V020","270,1,N,0005,1","99999,9,9,N","004000,1,9,9","+0270,1","+0215,1","10071,1",,,,,,"9,AGL   ,+99999,+99999","07,99,1,99,9,99,9,99999,9,99,9,99,9","240,M,+0330,1",,"99999,9,09242,1","9,9,999,9,-012,1",,"SYN05843291 32996 72701 10270 20215 39242 40071 333 10330 59012=",
"43291099999","2022-06-04T12:00:00","4","12.3","76.7","767.0","MYSORE, IN","FM-12","99999","V020","270,1,N,0005,1","22000,1,9,N","004000,1,9,9","+0320,1","+0207,1","10069,1",,,,,,"9,AGL   ,+99999,+99999","04,99,1,99,9,99,9,99999,9,99,9,99,9","240,M,+0330,1",,"99999,9,09252,1","9,9,999,9,+010,1",,"SYN05843291 32996 42701 10320 20207 39252 40069 333 10330 58010=",
"43291099999","2022-06-07T12:00:00","4","12.3","76.7","767.0","MYSORE, IN","FM-12","99999","V020","360,1,N,0005,1","99999,9,9,N","004000,1,9,9","+0280,1","+0213,1","10082,1",,,,,,"9,AGL   ,+99999,+99999","06,99,1,99,9,99,9,99999,9,99,9,99,9","240,M,+0310,1",,"99999,9,09254,1","9,9,999,9,+010,1",,"SYN05843291 32996 63601 10280 20213 39254 40082 333 10310 58010=",
"43291099999","2022-06-09T03:00:00","4","12.3","76.7","767.0","MYSORE, IN","FM-12","99999","V020","230,1,N,0005,1","99999,9,9,N","004000,1,9,9","+0220,1","+0211,1","10127,1","24,0040,3,1",,,,,"9,AGL   ,+99999,+99999","05,99,1,99,9,99,9,99999,9,99,9,99,9","240,M,+0310,1","240,N,+0212,1","99999,9,09279,1","9,9,999,9,-004,1",,"SYN07043291 22996 52301 10220 20211 39279 40127 333 10310 20212 59004 6004/=",
"43291099999","2022-06-10T03:00:00","4","12.3","76.7","767.0","MYSORE, IN","FM-12","99999","V020","090,1,N,0010,1","22000,1,9,N","004000,1,9,9","+0224,1","+0215,1","10119,1",,,,"00,1,+99999,9,99,9",,"9,AGL   ,+99999,+99999","02,99,1,00,1,99,9,99999,9,99,9,99,9","240,M,+0310,1","240,N,+0212,1","99999,9,09883,1","9,9,999,9,+004,1",,"SYN08043291 32996 20902 10224 20215 39883 40119 80000 333 10310 20212 58004 555 10425=",
"43291099999","2022-06-10T12:00:00","4","12.3","76.7","767.0","MYSORE, IN","FM-12","99999","V020","270,1,N,0010,1","22000,1,9,N","004000,1,9,9","+0290,1","+0209,1","10088,1",,,,,,"9,AGL   ,+99999,+99999","04,99,1,99,9,99,9,99999,9,99,9,99,9","240,M,+0300,1",,"99999,9,09264,2","9,9,999,9,+001,1",,"SYN05843291 32996 42702 10290 20209 39264 40088 333 10300 58001=",
"43291099999","2022-06-11T12:00:00","4","12.3","76.7","767.0","MYSORE, IN","FM-12","99999","V020","180,1,N,0005,1","22000,1,9,N","004000,1,9,9","+0294,1","+0210,1","10090,1",,,,,,"9,AGL   ,+99999,+99999","03,99,1,99,9,99,9,99999,9,99,9,99,9","240,M,+0306,1",,"99999,9,09267,1","9,9,999,9,+004,1",,"SYN05843291 32996 31801 10294 20210 39267 40090 333 10306 58004=",
"43291099999","2022-06-12T12:00:00","4","12.3","76.7","767.0","MYSORE, IN","FM-12","99999","V020","999,9,C,0000,1","22000,1,9,N","004000,1,9,9","+0288,1","+0210,1","10097,1",,,,,,"9,AGL   ,+99999,+99999","01,99,1,99,9,99,9,99999,9,99,9,99,9","240,M,+0304,1",,"99999,9,09269,1","9,9,999,9,+003,1",,"SYN05843291 32996 11600 10288 20210 39269 40097 333 10304 58003=",
"43291099999","2022-06-14T12:00:00","4","12.3","76.7","767.0","MYSORE, IN","FM-12","99999","V020","270,1,N,0005,1","99999,9,9,N","004000,1,9,9","+0220,1","+0208,1","10102,1","09,0080,3,1",,,,,"9,AGL   ,+99999,+99999","08,99,1,99,9,99,9,99999,9,99,9,99,9","240,M,+0320,1",,"99999,9,09256,1","9,9,999,9,-018,1",,"SYN06443291 22996 82701 10220 20208 39256 40102 333 10320 59018 6008/=",
"43291099999","2022-06-15T12:00:00","4","12.3","76.7","767.0","MYSORE, IN","FM-12","99999","V020","270,1,N,0010,1","99999,9,9,N","004000,1,9,9","+0260,1","+0220,1","10088,1",,,,,,"9,AGL   ,+99999,+99999","06,99,1,99,9,99,9,99999,9,99,9,99,9","240,M,+0300,1",,"99999,9,09254,1","9,9,999,9,-002,1",,"SYN05843291 32996 62702 10260 20220 39254 40088 333 10300 59002=",
"43291099999","2022-06-16T12:00:00","4","12.3","76.7","767.0","MYSORE, IN","FM-12","99999","V020","999,9,C,0000,1","99999,9,9,N","004000,1,9,9","+0300,1","+0200,1","10072,1",,,,,,"9,AGL   ,+99999,+99999","06,99,1,99,9,99,9,99999,9,99,9,99,9","240,M,+0310,1",,"99999,9,09249,1","9,9,999,9,-009,1",,"SYN05843291 32996 60000 10300 20200 39249 40072 333 10310 59009=",
"43291099999","2022-06-17T12:00:00","4","12.3","76.7","767.0","MYSORE, IN","FM-12","99999","V020","999,9,C,0000,1","99999,9,9,N","004000,1,9,9","+0290,1","+0209,1","10067,1",,,,,,"9,AGL   ,+99999,+99999","06,99,1,99,9,99,9,99999,9,99,9,99,9","240,M,+0306,1",,"99999,9,09243,1","9,9,999,9,-009,1",,"SYN05843291 32996 60000 10290 20209 39243 40067 333 10306 59009=",
"43291099999","2022-06-20T12:00:00","4","12.3","76.7","767.0","MYSORE, IN","FM-12","99999","V020","999,9,C,0000,1","22000,1,9,N","004000,1,9,9","+0236,1","+0206,1","10087,1",,,,,,"9,AGL   ,+99999,+99999","03,99,1,99,9,99,9,99999,9,99,9,99,9","240,M,+0300,1",,"99999,9,09256,1","9,9,999,9,+003,1",,"SYN05843291 32996 30500 10236 20206 39256 40087 333 10300 58003=",
"43291099999","2022-06-21T12:00:00","4","12.3","76.7","767.0","MYSORE, IN","FM-12","99999","V020","230,1,N,0005,1","99999,9,9,N","004000,1,9,9","+0240,1","+0220,1","10096,1",,,,,,"9,AGL   ,+99999,+99999","06,99,1,99,9,99,9,99999,9,99,9,99,9","240,M,+0312,1",,"99999,9,09256,1","9,9,999,9,+000,1",,"SYN05843291 32996 62301 10240 20220 39256 40096 333 10312 58000=",
"43291099999","2022-06-22T12:00:00","4","12.3","76.7","767.0","MYSORE, IN","FM-12","99999","V020","180,1,N,0005,1","22000,1,9,N","004000,1,9,9","+0226,1","+0208,1","10098,1",,,,,,"9,AGL   ,+99999,+99999","02,99,1,99,9,99,9,99999,9,99,9,99,9","240,M,+0304,1",,"99999,9,09361,1","9,9,999,9,+005,1",,"SYN05843291 32996 21801 10226 20208 39361 40098 333 10304 58005=",
"43291099999","2022-06-23T03:00:00","4","12.3","76.7","767.0","MYSORE, IN","FM-12","99999","V020","140,1,N,0005,1","22000,1,9,N","004000,1,9,9","+0226,1","+0211,1","10123,1",,,,,,"9,AGL   ,+99999,+99999","02,99,1,99,9,99,9,99999,9,99,9,99,9","240,M,+0304,1","240,N,+0204,1","99999,9,09284,1","9,9,999,9,+000,1",,"SYN06443291 32996 21401 10226 20211 39284 40123 333 10304 20204 58000=",
"43291099999","2022-06-25T03:00:00","4","12.3","76.7","767.0","MYSORE, IN","FM-12","99999","V020","340,1,N,0010,1","22000,1,9,N","004000,1,9,9","+0224,1","+0221,1","10118,1","24,0020,3,1",,,,,"9,AGL   ,+99999,+99999","04,99,1,99,9,99,9,99999,9,99,9,99,9","240,M,+0304,1","240,N,+0214,1","99999,9,09282,1","9,9,999,9,-001,1",,"SYN07043291 22996 43402 10224 20221 39282 40118 333 10304 20214 59001 6002/=",
"43291099999","2022-06-26T12:00:00","4","12.3","76.7","767.0","MYSORE, IN","FM-12","99999","V020","999,9,C,0000,1","22000,1,9,N","004000,1,9,9","+0266,1","+0207,1","10126,1",,,,,,"9,AGL   ,+99999,+99999","03,99,1,99,9,99,9,99999,9,99,9,99,9","240,M,+0306,1",,"99999,9,09290,1","9,9,999,9,+011,1",,"SYN05843291 32996 32300 10266 20207 39290 40126 333 10306 58011=",
"43291099999","2022-06-27T12:00:00","4","12.3","76.7","767.0","MYSORE, IN","FM-12","99999","V020","270,1,N,0010,1","99999,9,9,N","004000,1,9,9","+0260,1","+0220,1","10102,1",,,,,,"9,AGL   ,+99999,+99999","07,99,1,99,9,99,9,99999,9,99,9,99,9","240,M,+0310,1",,"99999,9,09266,1","9,9,999,9,-014,1",,"SYN05843291 32996 72702 10260 20220 39266 40102 333 10310 59014=",
"43291099999","2022-06-28T12:00:00","4","12.3","76.7","767.0","MYSORE, IN","FM-12","99999","V020","270,1,N,0005,1","99999,9,9,N","004000,1,9,9","+0270,1","+0215,1","10087,1",,,,,,"9,AGL   ,+99999,+99999","05,99,1,99,9,99,9,99999,9,99,9,99,9","240,M,+0310,1",,"99999,9,09256,1","9,9,999,9,-010,1",,"SYN05843291 32996 52701 10270 20215 39256 40087 333 10310 59010=",
"43291099999","2022-06-29T12:00:00","4","12.3","76.7","767.0","MYSORE, IN","FM-12","99999","V020","270,1,N,0005,1","99999,9,9,N","004000,1,9,9","+0270,1","+0218,1","10074,1",,,,,,"9,AGL   ,+99999,+99999","06,99,1,99,9,99,9,99999,9,99,9,99,9","240,M,+0310,1",,"99999,9,09245,1","9,9,999,9,-011,1",,"SYN05843291 32996 62701 10270 20218 39245 40074 333 10310 59011=",
"43291099999","2022-07-04T12:00:00","4","12.3","76.7","767.0","MYSORE, IN","FM-12","99999","V020","230,1,N,0005,1","99999,9,9,N","004000,1,9,9","+0240,1","+0228,1","10090,1","09,0040,3,1",,,,,"9,AGL   ,+99999,+99999","08,99,1,99,9,99,9,99999,9,99,9,99,9","240,M,+0310,1",,"99999,9,09249,1","9,9,999,9,+012,1",,"SYN06443291 22996 82301 10240 20228 39249 40090 333 10310 58012 6004/=",
"43291099999","2022-07-05T03:00:00","4","12.3","76.7","767.0","MYSORE, IN","FM-12","99999","V020","999,9,C,0000,1","22000,1,9,N","004000,1,9,9","+0216,1","+0188,1","10123,1","24,0060,3,1",,,,,"9,AGL   ,+99999,+99999","03,99,1,99,9,99,9,99999,9,99,9,99,9","240,M,+0310,1","240,N,+0192,1","99999,9,09284,1","9,9,999,9,+001,1",,"SYN08643291 22996 33400 10216 20188 39284 40123 333 10310 20192 58001 6006/ 555 00060 10535=",
"43291099999","2022-07-05T12:00:00","4","12.3","76.7","767.0","MYSORE, IN","FM-12","99999","V020","230,1,N,0005,1","99999,9,9,N","004000,1,9,9","+0230,1","+0218,1","10083,1","09,0060,3,1",,,,,"9,AGL   ,+99999,+99999","08,99,1,99,9,99,9,99999,9,99,9,99,9","240,M,+0310,1",,"99999,9,09239,1","9,9,999,9,-010,1",,"SYN06443291 22996 82301 10230 20218 39239 40083 333 10310 59010 6006/=",
"43291099999","2022-07-07T03:00:00","4","12.3","76.7","767.0","MYSORE, IN","FM-12","99999","V020","270,1,N,0005,1","22000,1,9,N","004000,1,9,9","+0226,1","+0196,1","10119,1","24,0160,3,1",,,,,"9,AGL   ,+99999,+99999","03,99,1,99,9,99,9,99999,9,99,9,99,9","240,M,+0260,1","240,N,+0200,1","99999,9,09283,1","9,9,999,9,+004,1",,"SYN08643291 22996 32701 10226 20196 39283 40119 333 10260 20200 58004 6016/ 555 00160 10561=",
"43291099999","2022-07-07T12:00:00","4","12.3","76.7","767.0","MYSORE, IN","FM-12","99999","V020","270,1,N,0005,1","99999,9,9,N","004000,1,9,9","+0230,1","+9999,9","10125,1","09,0030,3,1",,,,,"9,AGL   ,+99999,+99999","08,99,1,99,9,99,9,99999,9,99,9,99,9","240,M,+0260,1",,"99999,9,09271,1","9,9,999,9,+013,1",,"SYN06443291 22996 82701 10230 20231 39271 40125 333 10260 58013 6003/=","Q0123.1  2ATOD  "
"43291099999","2022-07-08T12:00:00","4","12.3","76.7","767.0","MYSORE, IN","FM-12","99999","V020","270,1,N,0005,1","99999,9,9,N","004000,1,9,9","+0250,1","+0233,1","10096,1",,,,,,"9,AGL   ,+99999,+99999","06,99,1,99,9,99,9,99999,9,99,9,99,9","240,M,+0270,1",,"99999,9,09259,1","9,9,999,9,-011,1",,"SYN05843291 32996 62701 10250 20233 39259 40096 333 10270 59011=",
"43291099999","2022-07-10T03:00:00","4","12.3","76.7","767.0","MYSORE, IN","FM-12","99999","V020","999,9,C,0000,1","22000,1,9,N","004000,1,9,9","+0214,1","+0186,1","10112,1","24,0120,3,1",,,,,"9,AGL   ,+99999,+99999","04,99,1,99,9,99,9,99999,9,99,9,99,9","240,M,+0272,1","240,N,+0190,1","99999,9,09270,1","9,9,999,9,-005,1",,"SYN08643291 22996 41400 10214 20186 39270 40112 333 10272 20190 59005 6012/ 555 00120 10589=",
"43291099999","2022-07-11T03:00:00","4","12.3","76.7","767.0","MYSORE, IN","FM-12","99999","V020","200,1,N,0010,1","22000,1,9,N","004000,1,9,9","+0210,1","+0192,1","10112,1","24,0100,3,1",,,,,"9,AGL   ,+99999,+99999","04,99,1,99,9,99,9,99999,9,99,9,99,9","240,M,+0270,1","240,N,+0192,1","99999,9,09270,1","9,9,999,9,+000,1",,"SYN08643291 22996 42002 10210 20192 39270 40112 333 10270 20192 58000 6010/ 555 00100 10599=",
"43291099999","2022-07-13T12:00:00","4","12.3","76.7","767.0","MYSORE, IN","FM-12","99999","V020","270,1,N,0005,1","99999,9,9,N","004000,1,9,9","+0236,1","+0227,1","10096,1",,,,,,"9,AGL   ,+99999,+99999","08,99,1,99,9,99,9,99999,9,99,9,99,9","240,M,+0270,1",,"99999,9,09256,1","9,9,999,9,-013,1",,"SYN05843291 32996 82701 10236 20227 39256 40096 333 10270 59013=",
"43291099999","2022-07-15T03:00:00","4","12.3","76.7","767.0","MYSORE, IN","FM-12","99999","V020","230,1,N,0005,1","22000,1,9,N","004000,1,9,9","+0214,1","+0183,1","10101,1","24,0080,3,1",,,,,"9,AGL   ,+99999,+99999","04,99,1,99,9,99,9,99999,9,99,9,99,9","240,M,+0264,1","240,N,+0184,1","99999,9,09261,1","9,9,999,9,+001,1",,"SYN08643291 22996 42301 10214 20183 39261 40101 333 10264 20184 58001 6008/ 555 00080 10643=",
"43291099999","2022-07-15T12:00:00","4","12.3","76.7","767.0","MYSORE, IN","FM-12","99999","V020","270,1,N,0005,1","99999,9,9,N","004000,1,9,9","+0250,1","+0224,1","10085,1","09,0010,3,1",,,,,"9,AGL   ,+99999,+99999","08,99,1,99,9,99,9,99999,9,99,9,99,9","240,M,+0271,1",,"99999,9,09249,1","9,9,999,9,+007,1",,"SYN06443291 22996 82701 10250 20224 39249 40085 333 10271 58007 6001/=",
"43291099999","2022-07-16T03:00:00","4","12.3","76.7","767.0","MYSORE, IN","FM-12","99999","V020","050,1,N,0005,1","22000,1,9,N","004000,1,9,9","+0224,1","+0197,1","10104,1","24,0060,3,1",,,,,"9,AGL   ,+99999,+99999","02,99,1,99,9,99,9,99999,9,99,9,99,9","240,M,+0271,1","240,N,+0200,1","99999,9,09266,1","9,9,999,9,+005,1",,"SYN08643291 22996 20501 10224 20197 39266 40104 333 10271 20200 58005 6006/ 555 00060 10648=",
"43291099999","2022-07-16T12:00:00","4","12.3","76.7","767.0","MYSORE, IN","FM-12","99999","V020","270,1,N,0005,1","99999,9,9,N","004000,1,9,9","+0240,1","+0228,1","10088,1","09,0060,3,1",,,,,"9,AGL   ,+99999,+99999","07,99,1,99,9,99,9,99999,9,99,9,99,9","240,M,+0270,1",,"99999,9,09249,1","9,9,999,9,+000,1",,"SYN06443291 22996 72701 10240 20228 39249 40088 333 10270 58000 6006/=",
"43291099999","2022-07-17T03:00:00","4","12.3","76.7","767.0","MYSORE, IN","FM-12","99999","V020","320,1,N,0005,1","22000,1,9,N","004000,1,9,9","+0218,1","+0203,1","10112,1","24,0080,3,1",,,,,"9,AGL   ,+99999,+99999","04,99,1,99,9,99,9,99999,9,99,9,99,9","240,M,+0270,1","240,N,+0200,1","99999,9,09270,1","9,9,999,9,+004,1",,"SYN07043291 22996 43201 10218 20203 39270 40112 333 10270 20200 58004 6008/=",
"43291099999","2022-07-17T12:00:00","4","12.3","76.7","767.0","MYSORE, IN","FM-12","99999","V020","050,1,N,0010,1","22000,1,9,N","004000,1,9,9","+0236,1","+0224,1","10098,1",,,,,,"9,AGL   ,+99999,+99999","04,99,1,99,9,99,9,99999,9,99,9,99,9","240,M,+0264,1",,"99999,9,09258,1","9,9,999,9,+009,1",,"SYN05843291 32996 40502 10236 20224 39258 40098 333 10264 58009=",
"43291099999","2022-07-18T03:00:00","4","12.3","76.7","767.0","MYSORE, IN","FM-12","99999","V020","180,1,N,0005,1","22000,1,9,N","004000,1,9,9","+0216,1","+0201,1","10112,1",,,,,,"9,AGL   ,+99999,+99999","02,99,1,99,9,99,9,99999,9,99,9,99,9","240,M,+0264,1","240,N,+0200,1","99999,9,09270,1","9,9,999,9,+000,1",,"SYN07443291 32996 21801 10216 20201 39270 40112 333 10264 20200 58000 555 10656=",
"43291099999","2022-07-18T12:00:00","4","12.3","76.7","767.0","MYSORE, IN","FM-12","99999","V020","999,9,C,0000,1","99999,9,9,N","004000,1,9,9","+0230,1","+0227,1","10114,1",,,,,,"9,AGL   ,+99999,+99999","08,99,1,99,9,99,9,99999,9,99,9,99,9","240,M,+0280,1",,"99999,9,09269,1","9,9,999,9,-011,1",,"SYN05843291 22996 80000 10230 20227 39269 40114 333 10280 59011=",
"43291099999","2022-07-19T03:00:00","4","12.3","76.7","767.0","MYSORE, IN","FM-12","99999","V020","270,1,N,0010,1","22000,1,9,N","004000,1,9,9","+0220,1","+0217,1","10114,1","24,0020,3,1",,,,,"9,AGL   ,+99999,+99999","02,99,1,99,9,99,9,99999,9,99,9,99,9","240,M,+0280,1","240,N,+0202,1","99999,9,09275,1","9,9,999,9,+005,1",,"SYN08643291 22996 22702 10220 20217 39275 40114 333 10280 20202 58005 6002/ 555 00020 10664=",
"43291099999","2022-07-19T12:00:00","4","12.3","76.7","767.0","MYSORE, IN","FM-12","99999","V020","999,9,C,0000,1","99999,9,9,N","004000,1,9,9","+0250,1","+0239,1","10093,1","09,0020,3,1",,,,,"9,AGL   ,+99999,+99999","06,99,1,99,9,99,9,99999,9,99,9,99,9","240,M,+0310,1",,"99999,9,09256,1","9,9,999,9,-013,1",,"SYN06443291 22996 60000 10250 20239 39256 40093 333 10310 59013 6002/=",
"43291099999","2022-07-20T03:00:00","4","12.3","76.7","767.0","MYSORE, IN","FM-12","99999","V020","140,1,N,0005,1","22000,1,9,N","004000,1,9,9","+0222,1","+0206,1","10118,1",,,,,,"9,AGL   ,+99999,+99999","02,99,1,99,9,99,9,99999,9,99,9,99,9","240,M,+0312,1","240,N,+0204,1","99999,9,09279,1","9,9,999,9,+004,1",,"SYN07443291 32996 21401 10222 20206 39279 40118 333 10312 20204 58004 555 10664=",
"43291099999","2022-07-20T12:00:00","4","12.3","76.7","767.0","MYSORE, IN","FM-12","99999","V020","270,1,N,0005,1","99999,9,9,N","004000,1,9,9","+0270,1","+0230,1","10087,1",,,,,,"9,AGL   ,+99999,+99999","06,99,1,99,9,99,9,99999,9,99,9,99,9","240,M,+0320,1",,"99999,9,09257,1","9,9,999,9,+001,1",,"SYN05843291 32996 62701 10270 20230 39257 40087 333 10320 58001=",
"43291099999","2022-07-22T12:00:00","4","12.3","76.7","767.0","MYSORE, IN","FM-12","99999","V020","270,1,N,0005,1","22000,1,9,N","004000,1,9,9","+0260,1","+0234,1","10087,1",,,,,,"9,AGL   ,+99999,+99999","04,99,1,99,9,99,9,99999,9,99,9,99,9","240,M,+0344,1",,"99999,9,09256,1","9,9,999,9,+005,1",,"SYN05843291 32996 42701 10260 20234 39256 40087 333 10344 58005=",
"43291099999","2022-07-23T12:00:00","4","12.3","76.7","767.0","MYSORE, IN","FM-12","99999","V020","270,1,N,0005,1","99999,9,9,N","004000,1,9,9","+0250,1","+0239,1","10093,1",,,,,,"9,AGL   ,+99999,+99999","08,99,1,99,9,99,9,99999,9,99,9,99,9","240,M,+0320,1",,"99999,9,09256,1","9,9,999,9,+000,1",,"SYN05843291 32996 82701 10250 20239 39256 40093 333 10320 58000=",
"43291099999","2022-07-24T12:00:00","4","12.3","76.7","767.0","MYSORE, IN","FM-12","99999","V020","999,9,C,0000,1","22000,1,9,N","004000,1,9,9","+0246,1","+0229,1","10097,1",,,,,,"9,AGL   ,+99999,+99999","04,99,1,99,9,99,9,99999,9,99,9,99,9","240,M,+0314,1",,"99999,9,09263,1","9,9,999,9,+007,1",,"SYN05843291 32996 42700 10246 20229 39263 40097 333 10314 58007=",
"43291099999","2022-07-25T12:00:00","4","12.3","76.7","767.0","MYSORE, IN","FM-12","99999","V020","320,1,N,0005,1","99999,9,9,N","004000,1,9,9","+0280,1","+0226,1","10083,1",,,,,,"9,AGL   ,+99999,+99999","06,99,1,99,9,99,9,99999,9,99,9,99,9","240,M,+0320,1",,"99999,9,09255,1","9,9,999,9,-008,1",,"SYN05843291 32996 63201 10280 20226 39255 40083 333 10320 59008=",
"43291099999","2022-07-26T03:00:00","4","12.3","76.7","767.0","MYSORE, IN","FM-12","99999","V020","110,1,N,0005,1","22000,1,9,N","004000,1,9,9","+0226,1","+0214,1","10119,1",,,,,,"9,AGL   ,+99999,+99999","04,99,1,99,9,99,9,99999,9,99,9,99,9","240,M,+0320,1","240,N,+0213,1","99999,9,09283,1","9,9,999,9,+003,1",,"SYN07443291 32996 41101 10226 20214 39283 40119 333 10320 20213 58003 555 10666=",
"43291099999","2022-07-26T12:00:00","4","12.3","76.7","767.0","MYSORE, IN","FM-12","99999","V020","999,9,C,0000,1","99999,9,9,N","004000,1,9,9","+0250,1","+0239,1","10103,1",,,,,,"9,AGL   ,+99999,+99999","08,99,1,99,9,99,9,99999,9,99,9,99,9","240,M,+0317,1",,"99999,9,09266,1","9,9,999,9,+011,1",,"SYN05843291 32996 80000 10250 20239 39266 40103 333 10317 58011=",
"43291099999","2022-07-27T03:00:00","4","12.3","76.7","767.0","MYSORE, IN","FM-12","99999","V020","020,1,N,0005,1","22000,1,9,N","004000,1,9,9","+0222,1","+0213,1","10119,1",,,,,,"9,AGL   ,+99999,+99999","04,99,1,99,9,99,9,99999,9,99,9,99,9","240,M,+0317,1","240,N,+0210,1","99999,9,09280,1","9,9,999,9,-003,1",,"SYN07443291 32996 40201 10222 20213 39280 40119 333 10317 20210 59003 555 10666=",
"43291099999","2022-07-27T12:00:00","4","12.3","76.7","767.0","MYSORE, IN","FM-12","99999","V020","999,9,C,0000,1","99999,9,9,N","004000,1,9,9","+0290,1","+0221,1","10081,1","09,0060,3,1",,,,,"9,AGL   ,+99999,+99999","06,99,1,99,9,99,9,99999,9,99,9,99,9","240,M,+0300,1",,"99999,9,09256,1","9,9,999,9,-010,1",,"SYN06443291 22996 60000 10290 20221 39256 40081 333 10300 59010 6006/=",
"43291099999","2022-07-28T03:00:00","4","12.3","76.7","767.0","MYSORE, IN","FM-12","99999","V020","180,1,N,0010,1","22000,1,9,N","004000,1,9,9","+0228,1","+0213,1","10119,1","24,0540,3,1",,,,,"9,AGL   ,+99999,+99999","04,99,1,99,9,99,9,99999,9,99,9,99,9","240,M,+0300,1","240,N,+0213,1","99999,9,09283,1","9,9,999,9,+003,1",,"SYN08643291 22996 41802 10228 20213 39283 40119 333 10300 20213 58003 6054/ 555 00540 10720=",
"43291099999","2022-07-28T12:00:00","4","12.3","76.7","767.0","MYSORE, IN","FM-12","99999","V020","999,9,C,0000,1","99999,9,9,N","004000,1,9,9","+0250,1","+0239,1","10081,1",,,,,,"9,AGL   ,+99999,+99999","07,99,1,99,9,99,9,99999,9,99,9,99,9","240,M,+0310,1",,"99999,9,09246,1","9,9,999,9,-001,1",,"SYN05843291 32996 70000 10250 20239 39246 40081 333 10310 59001=",
"43291099999","2022-07-29T12:00:00","4","12.3","76.7","767.0","MYSORE, IN","FM-12","99999","V020","999,9,C,0000,1","99999,9,9,N","004000,1,9,9","+0260,1","+0234,1","10088,1",,,,,,"9,AGL   ,+99999,+99999","06,99,1,99,9,99,9,99999,9,99,9,99,9","240,M,+0320,1",,"99999,9,09254,1","9,9,999,9,+008,1",,"SYN05843291 32996 60000 10260 20234 39254 40088 333 10320 58008=",
"43291099999","2022-08-01T12:00:00","4","12.3","76.7","767.0","MYSORE, IN","FM-12","99999","V020","999,9,C,0000,1","99999,9,9,N","004000,1,9,9","+0272,1","+0229,1","10075,1","09,0010,3,1",,,,,"9,AGL   ,+99999,+99999","06,99,1,99,9,99,9,99999,9,99,9,99,9","240,M,+0310,1",,"99999,9,09246,1","9,9,999,9,-016,1",,"SYN06443291 22996 60000 10272 20229 39246 40075 333 10310 59016 6001/=",
"43291099999","2022-08-02T03:00:00","4","12.3","76.7","767.0","MYSORE, IN","FM-12","99999","V020","050,1,N,0010,1","22000,1,9,N","004000,1,9,9","+0234,1","+0222,1","10119,1","24,0260,3,1",,,"04,1,+99999,9,07,1","99,9,+99999,9,03,1","9,AGL   ,+99999,+99999","04,99,1,04,1,99,9,99999,9,99,9,99,9","240,M,+0310,1","240,N,+0220,1","99999,9,09283,1","9,9,999,9,-004,1",,"SYN09243291 22996 40502 10234 20222 39283 40119 84630 333 10310 20220 59004 6026/ 555 00260 10778=",
"43291099999","2022-08-02T12:00:00","4","12.3","76.7","767.0","MYSORE, IN","FM-12","99999","V020","999,9,C,0000,1","99999,9,9,N","004000,1,9,9","+0280,1","+0229,1","10051,1",,,,,,"9,AGL   ,+99999,+99999","06,99,1,99,9,99,9,99999,9,99,9,99,9","240,M,+0300,1",,"99999,9,09225,1","9,9,999,9,-021,1",,"SYN05843291 32996 60000 10280 20229 39225 40051 333 10300 59021=",
"43291099999","2022-08-03T03:00:00","4","12.3","76.7","767.0","MYSORE, IN","FM-12","99999","V020","160,1,N,0005,1","99999,9,9,N","004000,1,9,9","+0216,1","+0201,1","10112,1","24,0480,3,1",,,,,"9,AGL   ,+99999,+99999","06,99,1,99,9,99,9,99999,9,99,9,99,9","240,M,+0300,1","240,N,+0200,1","99999,9,09270,1","9,9,999,9,-013,1",,"SYN08643291 22996 61601 10216 20201 39270 40112 333 10300 20200 59013 6048/ 555 00480 10826=",
"43291099999","2022-08-03T12:00:00","4","12.3","76.7","767.0","MYSORE, IN","FM-12","99999","V020","999,9,C,0000,1","99999,9,9,N","004000,1,9,9","+0270,1","+0245,1","10055,1","09,0020,3,1",,,,,"9,AGL   ,+99999,+99999","08,99,1,99,9,99,9,99999,9,99,9,99,9","240,M,+0280,1",,"99999,9,09226,1","9,9,999,9,+001,1",,"SYN06443291 22996 80000 10270 20245 39226 40055 333 10280 58001 6002/=",
"43291099999","2022-08-04T12:00:00","4","12.3","76.7","767.0","MYSORE, IN","FM-12","99999","V020","999,9,C,0000,1","99999,9,9,N","004000,1,9,9","+0230,1","+0218,1","10073,1","09,0400,3,1",,,,,"9,AGL   ,+99999,+99999","08,99,1,99,9,99,9,99999,9,99,9,99,9","240,M,+0265,1",,"99999,9,09229,1","9,9,999,9,+003,1",,"SYN06443291 22996 80000 10230 20218 39229 40073 333 10265 58003 6040/=",
"43291099999","2022-08-05T12:00:00","4","12.3","76.7","767.0","MYSORE, IN","FM-12","99999","V020","270,1,N,0010,1","99999,9,9,N","004000,1,9,9","+0230,1","+0218,1","10087,1","09,0020,3,1",,,,,"9,AGL   ,+99999,+99999","08,99,1,99,9,99,9,99999,9,99,9,99,9","240,M,+0260,1",,"99999,9,09249,1","9,9,999,9,+020,1",,"SYN06443291 22996 82702 10230 20218 39249 40087 333 10260 58020 6002/=",
"43291099999","2022-08-07T03:00:00","4","12.3","76.7","767.0","MYSORE, IN","FM-12","99999","V020","090,1,N,0010,1","22000,1,9,N","004000,1,9,9","+0226,1","+0211,1","10100,1","24,0040,3,1",,,,,"9,AGL   ,+99999,+99999","04,99,1,99,9,99,9,99999,9,99,9,99,9","240,M,+0260,1","240,N,+0210,1","99999,9,09260,1","9,9,999,9,+000,1",,"SYN08643291 22996 40902 10226 20211 39260 40100 333 10260 20210 58000 6004/ 555 00040 10898=",
"43291099999","2022-08-08T12:00:00","4","12.3","76.7","767.0","MYSORE, IN","FM-12","99999","V020","270,1,N,0005,1","99999,9,9,N","004000,1,9,9","+0230,1","+0221,1","10070,1",,,,,,"9,AGL   ,+99999,+99999","06,99,1,99,9,99,9,99999,9,99,9,99,9","240,M,+0260,1",,"99999,9,09229,1","9,9,999,9,-014,1",,"SYN05843291 32996 62701 10230 20221 39229 40070 333 10260 59014=",
"43291099999","2022-08-09T03:00:00","4","12.3","76.7","767.0","MYSORE, IN","FM-12","99999","V020","270,1,N,0010,1","99999,9,9,N","004000,1,9,9","+0232,1","+0221,1","10084,1","24,0050,3,1",,,,,"9,AGL   ,+99999,+99999","08,99,1,99,9,99,9,99999,9,99,9,99,9","240,M,+0260,1","240,N,+0220,1","99999,9,09242,1","9,9,999,9,-012,1",,"SYN07043291 22996 82702 10232 20221 39242 40084 333 10260 20220 59012 6005/=",
"43291099999","2022-08-10T12:00:00","4","12.3","76.7","767.0","MYSORE, IN","FM-12","99999","V020","270,1,N,0010,1","99999,9,9,N","004000,1,9,9","+0250,1","+0224,1","10074,1",,,,,,"9,AGL   ,+99999,+99999","06,99,1,99,9,99,9,99999,9,99,9,99,9","240,M,+0270,1",,"99999,9,09239,1","9,9,999,9,+009,1",,"SYN05843291 32996 62702 10250 20224 39239 40074 333 10270 58009=",
"43291099999","2022-08-11T03:00:00","4","12.3","76.7","767.0","MYSORE, IN","FM-12","99999","V020","180,1,N,0005,1","22000,1,9,N","004000,1,9,9","+0230,1","+0215,1","10097,1",,,,,,"9,AGL   ,+99999,+99999","02,99,1,99,9,99,9,99999,9,99,9,99,9","240,M,+0270,1","240,N,+0214,1","99999,9,09263,1","9,9,999,9,-001,1",,"SYN06443291 32996 21801 10230 20215 39263 40097 333 10270 20214 59001=",
"43291099999","2022-08-11T12:00:00","4","12.3","76.7","767.0","MYSORE, IN","FM-12","99999","V020","270,1,N,0005,1","99999,9,9,N","004000,1,9,9","+0258,1","+0220,1","10082,1","09,0040,3,1",,,,,"9,AGL   ,+99999,+99999","06,99,1,99,9,99,9,99999,9,99,9,99,9","240,M,+0260,1",,"99999,9,09249,1","9,9,999,9,+010,1",,"SYN06443291 22996 62701 10258 20220 39249 40082 333 10260 58010 6004/=",
"43291099999","2022-08-12T12:00:00","4","12.3","76.7","767.0","MYSORE, IN","FM-12","99999","V020","270,1,N,0010,1","99999,9,9,N","004000,1,9,9","+0270,1","+0230,1","10088,1",,,,,,"9,AGL   ,+99999,+99999","06,99,1,99,9,99,9,99999,9,99,9,99,9","240,M,+0290,1",,"99999,9,09257,1","9,9,999,9,+008,1",,"SYN05843291 32996 62702 10270 20230 39257 40088 333 10290 58008=",
"43291099999","2022-08-15T12:00:00","4","12.3","76.7","767.0","MYSORE, IN","FM-12","99999","V020","240,1,N,0046,1","99999,9,9,N","004000,1,9,9","+0272,1","+0223,1","10094,1",,,,,,,,"240,M,+0300,1",,"99999,9,09266,1","9,9,999,9,+003,1",,"SYN05843291 32996 02409 10272 20223 39266 40094 333 10300 58003=",
"43291099999","2022-08-16T12:00:00","4","12.3","76.7","767.0","MYSORE, IN","FM-12","99999","V020","270,1,N,0005,1","22000,1,9,N","004000,1,9,9","+0280,1","+0220,1","10091,1",,,,,,"9,AGL   ,+99999,+99999","02,99,1,99,9,99,9,99999,9,99,9,99,9","240,M,+0331,1",,"99999,9,09266,1","9,9,999,9,+000,1",,"SYN05843291 32996 22701 10280 20220 39266 40091 333 10331 58000=",
"43291099999","2022-08-17T12:00:00","4","12.3","76.7","767.0","MYSORE, IN","FM-12","99999","V020","999,9,C,0000,1","99999,9,9,N","004000,1,9,9","+0300,1","+0232,1","10087,1",,,,,,"9,AGL   ,+99999,+99999","06,99,1,99,9,99,9,99999,9,99,9,99,9","240,M,+0320,1",,"99999,9,09264,1","9,9,999,9,-002,1",,"SYN05843291 32996 60000 10300 20232 39264 40087 333 10320 59002=",
"43291099999","2022-08-18T03:00:00","4","12.3","76.7","767.0","MYSORE, IN","FM-12","99999","V020","999,9,C,0000,1","99999,9,9,N","004000,1,9,9","+0230,1","+0218,1","10133,1",,,,"00,1,+99999,9,99,9",,"9,AGL   ,+99999,+99999","06,99,1,00,1,99,9,99999,9,99,9,99,9","240,M,+0320,1","240,N,+0200,1","99999,9,09288,1","9,9,999,9,+019,1",,"SYN07043291 32996 60000 10230 20218 39288 40133 80000 333 10320 20200 58019=",
"43291099999","2022-08-19T12:00:00","4","12.3","76.7","767.0","MYSORE, IN","FM-12","99999","V020","999,9,C,0000,1","99999,9,9,N","004000,1,9,9","+0290,1","+0221,1","10088,1",,,,,,"9,AGL   ,+99999,+99999","08,99,1,99,9,99,9,99999,9,99,9,99,9","240,M,+0320,1",,"99999,9,09263,1","9,9,999,9,+009,1",,"SYN05843291 32996 80000 10290 20221 39263 40088 333 10320 58009=",
"43291099999","2022-08-22T03:00:00","4","12.3","76.7","767.0","MYSORE, IN","FM-12","99999","V020","140,1,N,0010,1","22000,1,9,N","004000,1,9,9","+0234,1","+0222,1","10131,1","24,0120,3,1",,,,,"9,AGL   ,+99999,+99999","02,99,1,99,9,99,9,99999,9,99,9,99,9","240,M,+0321,1","240,N,+0216,1","99999,9,09296,1","9,9,999,9,+005,1",,"SYN08643291 22996 21402 10234 20222 39296 40131 333 10321 20216 58005 6012/ 555 00120 00926=",
"43291099999","2022-08-23T12:00:00","4","12.3","76.7","767.0","MYSORE, IN","FM-12","99999","V020","230,1,N,0005,1","99999,9,9,N","004000,1,9,9","+0272,1","+0223,1","10094,1","09,0030,3,1",,,,,"9,AGL   ,+99999,+99999","07,99,1,99,9,99,9,99999,9,99,9,99,9","240,M,+0322,1",,"99999,9,09266,1","9,9,999,9,+010,1",,"SYN06443291 22996 72301 10272 20223 39266 40094 333 10322 58010 6003/=",
"43291099999","2022-08-24T12:00:00","4","12.3","76.7","767.0","MYSORE, IN","FM-12","99999","V020","270,1,N,0005,1","99999,9,9,N","004000,1,9,9","+0270,1","+0230,1","10096,1",,,,,,"9,AGL   ,+99999,+99999","07,99,1,99,9,99,9,99999,9,99,9,99,9","240,M,+0320,1",,"99999,9,09265,1","9,9,999,9,-001,1",,"SYN05843291 32996 72701 10270 20230 39265 40096 333 10320 59001=",
"43291099999","2022-08-25T12:00:00","4","12.3","76.7","767.0","MYSORE, IN","FM-12","99999","V020","999,9,C,0000,1","99999,9,9,N","004000,1,9,9","+0242,1","+0228,1","10074,1","09,0070,3,1",,,,,"9,AGL   ,+99999,+99999","07,99,1,99,9,99,9,99999,9,99,9,99,9","240,M,+0298,1",,"99999,9,09257,1","9,9,999,9,-008,1",,"SYN06443291 22996 70000 10242 20228 39257 40074 333 10298 59008 6007/=",
"43291099999","2022-08-26T12:00:00","4","12.3","76.7","767.0","MYSORE, IN","FM-12","99999","V020","180,1,N,0010,1","22000,1,9,N","004000,1,9,9","+0256,1","+0233,1","10092,1",,,,,,"9,AGL   ,+99999,+99999","02,99,1,99,9,99,9,99999,9,99,9,99,9","240,M,+0302,1",,"99999,9,09261,1","9,9,999,9,+004,1",,"SYN05843291 32996 21802 10256 20233 39261 40092 333 10302 58004=",
"43291099999","2022-08-27T12:00:00","4","12.3","76.7","767.0","MYSORE, IN","FM-12","99999","V020","270,1,N,0005,1","99999,9,9,N","004000,1,9,9","+0248,1","+0225,1","10082,1","09,0060,3,1",,,,,"9,AGL   ,+99999,+99999","08,99,1,99,9,99,9,99999,9,99,9,99,9","240,M,+0290,1",,"99999,9,09247,1","9,9,999,9,-014,1",,"SYN06443291 22996 82701 10248 20225 39247 40082 333 10290 59014 6006/=",
"43291099999","2022-08-29T03:00:00","4","12.3","76.7","767.0","MYSORE, IN","FM-12","99999","V020","180,1,N,0010,1","22000,1,9,N","004000,1,9,9","+0214,1","+0199,1","10119,1","24,0120,3,1",,,"00,1,+99999,9,99,9",,"9,AGL   ,+99999,+99999","04,99,1,00,1,99,9,99999,9,99,9,99,9","240,M,+0294,1","240,N,+0194,1","99999,9,08283,1","9,9,999,9,-025,1",,"SYN09243291 22996 41802 10214 20199 38283 40119 80000 333 10294 20194 59025 6012/ 555 00120 11110=",
"43291099999","2022-08-29T12:00:00","4","12.3","76.7","767.0","MYSORE, IN","FM-12","99999","V020","999,9,C,0000,1","99999,9,9,N","004000,1,9,9","+0280,1","+0226,1","10073,1","09,0100,3,1",,,,,"9,AGL   ,+99999,+99999","08,99,1,99,9,99,9,99999,9,99,9,99,9","240,M,+0300,1",,"99999,9,09247,2","9,9,999,9,-005,1",,"SYN06443291 22996 80000 10280 20226 39247 40073 333 10300 59005 6010/=",
"43291099999","2022-08-30T03:00:00","4","12.3","76.7","767.0","MYSORE, IN","FM-12","99999","V020","999,9,C,0000,1","22000,1,9,N","004000,1,9,9","+0218,1","+0203,1","10123,1","24,0260,3,1",,,,,"9,AGL   ,+99999,+99999","04,99,1,99,9,99,9,99999,9,99,9,99,9","240,M,+0300,1","240,N,+0200,1","99999,9,09287,1","9,9,999,9,+004,1",,"SYN08643291 22996 41600 10218 20203 39287 40123 333 10300 20200 58004 6026/ 555 00260 10146=",
"43291099999","2022-08-30T12:00:00","4","12.3","76.7","767.0","MYSORE, IN","FM-12","99999","V020","180,1,N,0005,1","22000,1,9,N","004000,1,9,9","+0286,1","+0226,1","10087,1",,,,,,"9,AGL   ,+99999,+99999","02,99,1,99,9,99,9,99999,9,99,9,99,9","240,M,+0303,1",,"99999,9,09256,1","9,9,999,9,+004,1",,"SYN05843291 32996 21801 10286 20226 39256 40087 333 10303 58004=",
"43291099999","2022-09-01T12:00:00","4","12.3","76.7","767.0","MYSORE, IN","FM-12","99999","V020","090,1,N,0005,1","99999,9,9,N","004000,1,9,9","+0236,1","+0230,1","10091,1","09,0030,3,1",,,,,"9,AGL   ,+99999,+99999","08,99,1,99,9,99,9,99999,9,99,9,99,9","240,M,+0300,1",,"99999,9,09247,1","9,9,999,9,-014,1",,"SYN06443291 22996 80901 10236 20230 39247 40091 333 10300 59014 6003/=",
"43291099999","2022-09-02T03:00:00","4","12.3","76.7","767.0","MYSORE, IN","FM-12","99999","V020","140,1,N,0005,1","22000,1,9,N","004000,1,9,9","+0232,1","+0217,1","10127,1","24,0090,3,1",,,,,"9,AGL   ,+99999,+99999","02,99,1,99,9,99,9,99999,9,99,9,99,9","240,M,+0300,1","240,N,+0214,1","99999,9,09292,1","9,9,999,9,+015,1",,"SYN08643291 22996 21401 10232 20217 39292 40127 333 10300 20214 58015 6009/ 555 00090 10165=",
"43291099999","2022-09-02T12:00:00","4","12.3","76.7","767.0","MYSORE, IN","FM-12","99999","V020","999,9,C,0000,1","99999,9,9,N","004000,1,9,9","+0270,1","+0230,1","10097,1",,,,,,"9,AGL   ,+99999,+99999","06,99,1,99,9,99,9,99999,9,99,9,99,9","240,M,+0308,1",,"99999,9,09266,1","9,9,999,9,+019,1",,"SYN05843291 32996 60000 10270 20230 39266 40097 333 10308 58019=",
"43291099999","2022-09-03T03:00:00","4","12.3","76.7","767.0","MYSORE, IN","FM-12","99999","V020","320,1,N,0005,1","22000,1,9,N","004000,1,9,9","+0228,1","+0213,1","10123,1",,,,,,"9,AGL   ,+99999,+99999","02,99,1,99,9,99,9,99999,9,99,9,99,9","240,M,+0308,1","240,N,+0212,1","99999,9,09287,1","9,9,999,9,-005,1",,"SYN07443291 32996 23201 10228 20213 39287 40123 333 10308 20212 59005 555 10165=",
"43291099999","2022-09-03T12:00:00","4","12.3","76.7","767.0","MYSORE, IN","FM-12","99999","V020","999,9,C,0000,1","99999,9,9,N","004000,1,9,9","+0300,1","+0220,1","10077,1",,,,,,"9,AGL   ,+99999,+99999","06,99,1,99,9,99,9,99999,9,99,9,99,9","240,M,+0312,1",,"99999,9,09254,1","9,9,999,9,-012,1",,"SYN05843291 32996 60000 10300 20220 39254 40077 333 10312 59012=",
"43291099999","2022-09-04T12:00:00","4","12.3","76.7","767.0","MYSORE, IN","FM-12","99999","V020","140,1,N,0005,1","22000,1,9,N","004000,1,9,9","+0294,1","+0219,1","10105,1",,,,,,"9,AGL   ,+99999,+99999","02,99,1,99,9,99,9,99999,9,99,9,99,9","240,M,+0306,1",,"99999,9,09278,1","9,9,999,9,+024,1",,"SYN05843291 32996 21401 10294 20219 39278 40105 333 10306 58024=",
"43291099999","2022-09-05T12:00:00","4","12.3","76.7","767.0","MYSORE, IN","FM-12","99999","V020","999,9,C,0000,1","99999,9,9,N","004000,1,9,9","+0290,1","+0224,1","10055,1",,,,,,"9,AGL   ,+99999,+99999","06,99,1,99,9,99,9,99999,9,99,9,99,9","240,M,+0320,1",,"99999,9,09234,1","9,9,999,9,-014,1",,"SYN05843291 32996 60000 10290 20224 39234 40055 333 10320 59014=",
"43291099999","2022-09-06T03:00:00","4","12.3","76.7","767.0","MYSORE, IN","FM-12","99999","V020","180,1,N,0010,1","22000,1,9,N","004000,1,9,9","+0242,1","+0213,1","10123,1",,,,"00,1,+99999,9,99,9",,"9,AGL   ,+99999,+99999","02,99,1,00,1,99,9,99999,9,99,9,99,9","240,M,+0320,1","240,N,+0216,1","99999,9,09287,1","9,9,999,9,+007,1",,"SYN08043291 32996 21802 10242 20213 39287 40123 80000 333 10320 20216 58007 555 10193=",
"43291099999","2022-09-06T12:00:00","4","12.3","76.7","767.0","MYSORE, IN","FM-12","99999","V020","270,1,N,0010,1","99999,9,9,N","004000,1,9,9","+0250,1","+0239,1","10081,1",,,,,,"9,AGL   ,+99999,+99999","08,99,1,99,9,99,9,99999,9,99,9,99,9","240,M,+0310,1",,"99999,9,09246,1","9,9,999,9,+012,1",,"SYN05843291 32996 82702 10250 20239 39246 40081 333 10310 58012=",
"43291099999","2022-09-07T03:00:00","4","12.3","76.7","767.0","MYSORE, IN","FM-12","99999","V020","320,1,N,0010,1","22000,1,9,N","004000,1,9,9","+0216,1","+0201,1","10119,1","24,0180,3,1",,,"00,1,+99999,9,99,9",,"9,AGL   ,+99999,+99999","04,99,1,00,1,99,9,99999,9,99,9,99,9","240,M,+0310,1","240,N,+0200,1","99999,9,09283,1","9,9,999,9,-004,1",,"SYN07643291 22996 43202 10216 20201 39283 40119 80000 333 10310 20200 59004 6018/=",
"43291099999","2022-09-07T12:00:00","4","12.3","76.7","767.0","MYSORE, IN","FM-12","99999","V020","230,1,N,0010,1","22000,1,9,N","004000,1,9,9","+0246,1","+0226,1","10082,1",,,,,,"9,AGL   ,+99999,+99999","03,99,1,99,9,99,9,99999,9,99,9,99,9","240,M,+0312,1",,"99999,9,09251,1","9,9,999,9,+005,1",,"SYN05843291 32996 32302 10246 20226 39251 40082 333 10312 58005=",
"43291099999","2022-09-08T03:00:00","4","12.3","76.7","767.0","MYSORE, IN","FM-12","99999","V020","160,1,N,0010,1","22000,1,9,N","004000,1,9,9","+0224,1","+0209,1","10123,1","24,0140,3,1",,,"00,1,+99999,9,99,9",,"9,AGL   ,+99999,+99999","03,99,1,00,1,99,9,99999,9,99,9,99,9","240,M,+0312,1","240,N,+0206,1","99999,9,09287,1","9,9,999,9,+004,1",,"SYN09243291 22996 31602 10224 20209 39287 40123 80000 333 10312 20206 58004 6014/ 555 00140 10215=",
"43291099999","2022-09-08T12:00:00","4","12.3","76.7","767.0","MYSORE, IN","FM-12","99999","V020","999,9,C,0000,1","99999,9,9,N","004000,1,9,9","+0248,1","+0228,1","10084,1","09,0020,3,1",,,,,"9,AGL   ,+99999,+99999","08,99,1,99,9,99,9,99999,9,99,9,99,9","240,M,+0307,1",,"99999,9,09249,1","9,9,999,9,-002,1",,"SYN06443291 22996 80000 10248 20228 39249 40084 333 10307 59002 6002/=",
"43291099999","2022-09-09T03:00:00","4","12.3","76.7","767.0","MYSORE, IN","FM-12","99999","V020","180,1,N,0010,1","22000,1,9,N","004000,1,9,9","+0228,1","+0213,1","10125,1",,,,"00,1,+99999,9,99,9",,"9,AGL   ,+99999,+99999","03,99,1,00,1,99,9,99999,9,99,9,99,9","240,M,+0307,1","240,N,+0206,1","99999,9,09289,1","9,9,999,9,+002,1",,"SYN08043291 32996 31802 10228 20213 39289 40125 80000 333 10307 20206 58002 555 10227=",
"43291099999","2022-09-09T12:00:00","4","12.3","76.7","767.0","MYSORE, IN","FM-12","99999","V020","270,1,N,0005,1","99999,9,9,N","004000,1,9,9","+0250,1","+0233,1","10083,1","09,0030,3,1",,,,,"9,AGL   ,+99999,+99999","07,99,1,99,9,99,9,99999,9,99,9,99,9","240,M,+0310,1",,"99999,9,09247,1","9,9,999,9,-002,1",,"SYN06443291 22996 72701 10250 20233 39247 40083 333 10310 59002 6003/=",
"43291099999","2022-09-10T12:00:00","4","12.3","76.7","767.0","MYSORE, IN","FM-12","99999","V020","270,1,N,0005,1","22000,1,9,N","004000,1,9,9","+0256,1","+0227,1","10072,1",,,,,,"9,AGL   ,+99999,+99999","03,99,1,99,9,99,9,99999,9,99,9,99,9","240,M,+0306,1",,"99999,9,09251,1","9,9,999,9,+004,1",,"SYN05843291 32996 32701 10256 20227 39251 40072 333 10306 58004=",
"43291099999","2022-09-11T03:00:00","4","12.3","76.7","767.0","MYSORE, IN","FM-12","99999","V020","999,9,C,0000,1","99999,9,9,N","004000,1,9,9","+0236,1","+0215,1","10124,1","24,0240,3,1",,,"00,1,+99999,9,99,9",,"9,AGL   ,+99999,+99999","05,99,1,00,1,99,9,99999,9,99,9,99,9","240,M,+0306,1","240,N,+0200,1","99999,9,09279,1","9,9,999,9,-009,1",,"SYN09243291 22996 50000 10236 20215 39279 40124 80000 333 10306 20200 59009 6024/ 70240 555 1////=",
"43291099999","2022-09-12T03:00:00","4","12.3","76.7","767.0","MYSORE, IN","FM-12","99999","V020","140,1,N,0005,1","22000,1,9,N","004000,1,9,9","+0230,1","+0221,1","10119,1",,,,,,"9,AGL   ,+99999,+99999","02,99,1,99,9,99,9,99999,9,99,9,99,9","240,M,+0306,1","240,N,+0212,1","99999,9,09283,1","9,9,999,9,+004,1",,"SYN07443291 32996 21401 10230 20221 39283 40119 333 10306 20212 58004 555 10263=",
"43291099999","2022-09-12T12:00:00","4","12.3","76.7","767.0","MYSORE, IN","FM-12","99999","V020","230,1,N,0005,1","22000,1,9,N","004000,1,9,9","+0236,1","+0224,1","10116,1",,,,,,"9,AGL   ,+99999,+99999","04,99,1,99,9,99,9,99999,9,99,9,99,9","240,M,+0310,1",,"99999,9,09274,1","9,9,999,9,+009,1",,"SYN05843291 32996 42301 10236 20224 39274 40116 333 10310 58009=",
"43291099999","2022-09-13T12:00:00","4","12.3","76.7","767.0","MYSORE, IN","FM-12","99999","V020","270,1,N,0005,1","99999,9,9,N","004000,1,9,9","+0260,1","+0234,1","10103,1",,,,,,"9,AGL   ,+99999,+99999","06,99,1,99,9,99,9,99999,9,99,9,99,9","240,M,+0313,1",,"99999,9,09269,1","9,9,999,9,-005,1",,"SYN05843291 32996 62701 10260 20234 39269 40103 333 10313 59005=",
"43291099999","2022-09-14T03:00:00","4","12.3","76.7","767.0","MYSORE, IN","FM-12","99999","V020","999,9,C,0000,1","22000,1,9,N","004000,1,9,9","+0220,1","+0211,1","10117,1",,,,,,"9,AGL   ,+99999,+99999","02,99,1,99,9,99,9,99999,9,99,9,99,9","240,M,+0313,1","240,N,+0204,1","99999,9,09283,1","9,9,999,9,-004,1",,"SYN07443291 32996 20000 10220 20211 39283 40117 333 10313 20204 59004 555 10263=",
"43291099999","2022-09-14T12:00:00","4","12.3","76.7","767.0","MYSORE, IN","FM-12","99999","V020","270,1,N,0005,1","99999,9,9,N","004000,1,9,9","+0250,1","+0239,1","10124,1",,,,,,"9,AGL   ,+99999,+99999","06,99,1,99,9,99,9,99999,9,99,9,99,9","240,M,+0290,1",,"99999,9,09287,1","9,9,999,9,+018,1",,"SYN05843291 32996 62701 10250 20239 39287 40124 333 10290 58018=",
"43291099999","2022-09-15T12:00:00","4","12.3","76.7","767.0","MYSORE, IN","FM-12","99999","V020","230,1,N,0005,1","22000,1,9,N","004000,1,9,9","+0280,1","+0226,1","10125,1",,,,,,"9,AGL   ,+99999,+99999","04,99,1,99,9,99,9,99999,9,99,9,99,9","240,M,+0298,1",,"99999,9,09286,1","9,9,999,9,-001,1",,"SYN05843291 32996 42301 10280 20226 39286 40125 333 10298 59001=",
"43291099999","2022-09-16T12:00:00","4","12.3","76.7","767.0","MYSORE, IN","FM-12","99999","V020","999,9,C,0000,1","22000,1,9,N","004000,1,9,9","+0282,1","+0228,1","10107,1",,,,,,"9,AGL   ,+99999,+99999","04,99,1,99,9,99,9,99999,9,99,9,99,9","240,M,+0308,1",,"99999,9,09280,1","9,9,999,9,-006,1",,"SYN05843291 32996 40000 10282 20228 39280 40107 333 10308 59006=",
"43291099999","2022-09-17T12:00:00","4","12.3","76.7","767.0","MYSORE, IN","FM-12","99999","V020","230,1,N,0005,1","22000,1,9,N","004000,1,9,9","+0280,1","+0226,1","10104,1",,,,,,"9,AGL   ,+99999,+99999","04,99,1,99,9,99,9,99999,9,99,9,99,9","240,M,+0309,1",,"99999,9,09274,1","9,9,999,9,-006,1",,"SYN05843291 32996 42301 10280 20226 39274 40104 333 10309 59006=",
"43291099999","2022-09-18T03:00:00","4","12.3","76.7","767.0","MYSORE, IN","FM-12","99999","V020","230,1,N,0005,1","22000,1,9,N","004000,1,9,9","+0224,1","+0215,1","10121,1",,,,,,"9,AGL   ,+99999,+99999","02,99,1,99,9,99,9,99999,9,99,9,99,9","240,M,+0309,1","240,N,+0210,1","99999,9,09288,1","9,9,999,9,+000,1",,"SYN07443291 32996 22301 10224 20215 39288 40121 333 10309 20210 58000 555 10263=",
"43291099999","2022-09-18T12:00:00","4","12.3","76.7","767.0","MYSORE, IN","FM-12","99999","V020","360,1,N,0010,1","22000,1,9,N","004000,1,9,9","+0282,1","+0228,1","10105,1",,,,,,"9,AGL   ,+99999,+99999","02,99,1,99,9,99,9,99999,9,99,9,99,9","240,M,+0282,1",,"99999,9,09378,1","9,9,999,9,-004,1",,"SYN05843291 32996 23602 10282 20228 39378 40105 333 10282 59004=",
"43291099999","2022-09-20T12:00:00","4","12.3","76.7","767.0","MYSORE, IN","FM-12","99999","V020","230,1,N,0005,1","99999,9,9,N","004000,1,9,9","+0238,1","+0229,1","10118,1","09,0010,3,1",,,,,"9,AGL   ,+99999,+99999","08,99,1,99,9,99,9,99999,9,99,9,99,9","240,M,+0298,1",,"99999,9,09276,1","9,9,999,9,-001,1",,"SYN06443291 22996 82301 10238 20229 39276 40118 333 10298 59001 6001/=",
"43291099999","2022-09-21T12:00:00","4","12.3","76.7","767.0","MYSORE, IN","FM-12","99999","V020","999,9,C,0000,1","99999,9,9,N","004000,1,9,9","+0290,1","+0231,1","10091,1",,,,,,"9,AGL   ,+99999,+99999","06,99,1,99,9,99,9,99999,9,99,9,99,9","240,M,+0309,1",,"99999,9,09266,1","9,9,999,9,-010,1",,"SYN05843291 32996 60000 10290 20231 39266 40091 333 10309 59010=",
"43291099999","2022-09-22T03:00:00","4","12.3","76.7","767.0","MYSORE, IN","FM-12","99999","V020","999,9,C,0000,1","22000,1,9,N","004000,1,9,9","+0224,1","+0212,1","10123,1",,,,"00,1,+99999,9,99,9",,"9,AGL   ,+99999,+99999","02,99,1,00,1,99,9,99999,9,99,9,99,9","240,M,+0309,1","240,N,+0204,1","99999,9,09287,1","9,9,999,9,-005,1",,"SYN08043291 32996 22700 10224 20212 39287 40123 80000 333 10309 20204 59005 555 10275=",
"43291099999","2022-09-22T12:00:00","4","12.3","76.7","767.0","MYSORE, IN","FM-12","99999","V020","999,9,C,0000,1","99999,9,9,N","004000,1,9,9","+0280,1","+0235,1","10093,1",,,,,,"9,AGL   ,+99999,+99999","06,99,1,99,9,99,9,99999,9,99,9,99,9","240,M,+0308,1",,"99999,9,09265,1","9,9,999,9,-001,1",,"SYN05843291 32996 60000 10280 20235 39265 40093 333 10308 59001=",
"43291099999","2022-09-23T12:00:00","4","12.3","76.7","767.0","MYSORE, IN","FM-12","99999","V020","999,9,C,0000,1","99999,9,9,N","004000,1,9,9","+0270,1","+0236,1","10095,1",,,,,,"9,AGL   ,+99999,+99999","06,99,1,99,9,99,9,99999,9,99,9,99,9","240,M,+0307,1",,"99999,9,09264,1","9,9,999,9,-001,1",,"SYN05843291 32996 60000 10270 20236 39264 40095 333 10307 59001=",
"43291099999","2022-09-24T03:00:00","4","12.3","76.7","767.0","MYSORE, IN","FM-12","99999","V020","180,1,N,0010,1","22000,1,9,N","004000,1,9,9","+0232,1","+0220,1","10121,1",,,,,,"9,AGL   ,+99999,+99999","02,99,1,99,9,99,9,99999,9,99,9,99,9","240,M,+0307,1","240,N,+0214,1","99999,9,09288,1","9,9,999,9,+000,1",,"SYN07443291 32996 21802 10232 20220 39288 40121 333 10307 20214 58000 555 10275=",
"43291099999","2022-09-24T12:00:00","4","12.3","76.7","767.0","MYSORE, IN","FM-12","99999","V020","999,9,C,0000,1","99999,9,9,N","004000,1,9,9","+0280,1","+0226,1","10098,1",,,,,,"9,AGL   ,+99999,+99999","06,99,1,99,9,99,9,99999,9,99,9,99,9","240,M,+0309,1",,"99999,9,09269,1","9,9,999,9,+005,1",,"SYN05843291 32996 60000 10280 20226 39269 40098 333 10309 58005=",
"43291099999","2022-09-25T12:00:00","4","12.3","76.7","767.0","MYSORE, IN","FM-12","99999","V020","140,1,N,0005,1","22000,1,9,N","004000,1,9,9","+0286,1","+0226,1","10094,1",,,,,,"9,AGL   ,+99999,+99999","02,99,1,99,9,99,9,99999,9,99,9,99,9","240,M,+0306,1",,"99999,9,09267,1","9,9,999,9,-002,1",,"SYN05843291 32996 21401 10286 20226 39267 40094 333 10306 59002=",
"43291099999","2022-09-26T12:00:00","4","12.3","76.7","767.0","MYSORE, IN","FM-12","99999","V020","999,9,C,0000,1","99999,9,9,N","004000,1,9,9","+0260,1","+0234,1","10099,1",,,,,,"9,AGL   ,+99999,+99999","07,99,1,99,9,99,9,99999,9,99,9,99,9","240,M,+0300,1",,"99999,9,09265,1","9,9,999,9,-002,1",,"SYN05843291 32996 70000 10260 20234 39265 40099 333 10300 59002=",
"43291099999","2022-09-27T12:00:00","4","12.3","76.7","767.0","MYSORE, IN","FM-12","99999","V020","999,9,C,0000,1","99999,9,9,N","004000,1,9,9","+0280,1","+0226,1","10082,1",,,,,,"9,AGL   ,+99999,+99999","07,99,1,99,9,99,9,99999,9,99,9,99,9","240,M,+0312,1",,"99999,9,09254,1","9,9,999,9,-011,1",,"SYN05843291 32996 70000 10280 20226 39254 40082 333 10312 59011=",
"43291099999","2022-09-29T03:00:00","4","12.3","76.7","767.0","MYSORE, IN","FM-12","99999","V020","320,1,N,0026,1","22000,1,9,N","004000,1,9,9","+0228,1","+0213,1","10121,1",,,,,,"9,AGL   ,+99999,+99999","02,99,1,99,9,99,9,99999,9,99,9,99,9","240,M,+0318,1","240,N,+0208,1","99999,9,09288,1","9,9,999,9,+001,1",,"SYN07443291 32996 23205 10228 20213 39288 40121 333 10318 20208 58001 555 10299=",
"43291099999","2022-09-30T03:00:00","4","12.3","76.7","767.0","MYSORE, IN","FM-12","99999","V020","999,9,C,0000,1","22000,1,9,N","004000,1,9,9","+0224,1","+0209,1","10123,1",,,,,,"9,AGL   ,+99999,+99999","02,99,1,99,9,99,9,99999,9,99,9,99,9","240,M,+0315,1","240,N,+0204,1","99999,9,09287,1","9,9,999,9,-001,1",,"SYN07443291 32996 21400 10224 20209 39287 40123 333 10315 20204 59001 555 10299=",
"43291099999","2022-10-02T12:00:00","4","12.3","76.7","767.0","MYSORE, IN","FM-12","99999","V020","999,9,C,0000,1","99999,9,9,N","004000,1,9,9","+0250,1","+0227,1","10120,1",,,,,,"9,AGL   ,+99999,+99999","07,99,1,99,9,99,9,99999,9,99,9,99,9","240,M,+0298,1",,"99999,9,09281,1","9,9,999,9,+004,1",,"SYN05843291 32996 70000 10250 20227 39281 40120 333 10298 58004=",
"43291099999","2022-10-03T03:00:00","4","12.3","76.7","767.0","MYSORE, IN","FM-12","99999","V020","090,1,N,0010,1","22000,1,9,N","004000,1,9,9","+0216,1","+0182,1","10129,1","24,0120,3,1",,,"00,1,+99999,9,99,9",,"9,AGL   ,+99999,+99999","02,99,1,00,1,99,9,99999,9,99,9,99,9","240,M,+0298,1","240,N,+0182,1","99999,9,09291,1","9,9,999,9,+008,1",,"SYN07643291 22996 20902 10216 20182 39291 40129 80000 333 10298 20182 58008 6012/=",
"43291099999","2022-10-03T12:00:00","4","12.3","76.7","767.0","MYSORE, IN","FM-12","99999","V020","270,1,N,0005,1","99999,9,9,N","004000,1,9,9","+0246,1","+0234,1","10094,1",,,,,,"9,AGL   ,+99999,+99999","08,99,1,99,9,99,9,99999,9,99,9,99,9","240,M,+0297,1",,"99999,9,09257,1","9,9,999,9,-024,1",,"SYN05843291 32996 82701 10246 20234 39257 40094 333 10297 59024=",
"43291099999","2022-10-04T12:00:00","4","12.3","76.7","767.0","MYSORE, IN","FM-12","99999","V020","360,1,N,0005,1","99999,9,9,N","004000,1,9,9","+0080,1","+9999,9","10084,1",,,,,,"9,AGL   ,+99999,+99999","06,99,1,99,9,99,9,99999,9,99,9,99,9","240,M,+0300,1",,"99999,9,09256,1","9,9,999,9,-001,1",,"SYN05843291 32996 63601 10080 20216 39256 40084 333 10300 59001=","Q0121.6  2ATOD  "
"43291099999","2022-10-05T03:00:00","4","12.3","76.7","767.0","MYSORE, IN","FM-12","99999","V020","230,1,N,0005,1","22000,1,9,N","004000,1,9,9","+0228,1","+0210,1","10131,1",,,,,,"9,AGL   ,+99999,+99999","02,99,1,99,9,99,9,99999,9,99,9,99,9","240,M,+0300,1","240,N,+0204,1","99999,9,09296,1","9,9,999,9,+004,1",,"SYN07443291 32996 22301 10228 20210 39296 40131 333 10300 20204 58004 555 10319=",
"43291099999","2022-10-05T12:00:00","4","12.3","76.7","767.0","MYSORE, IN","FM-12","99999","V020","360,1,N,0005,1","99999,9,9,N","004000,1,9,9","+0286,1","+0218,1","10094,1",,,,,,"9,AGL   ,+99999,+99999","06,99,1,99,9,99,9,99999,9,99,9,99,9","240,M,+0312,1",,"99999,9,09258,1","9,9,999,9,+002,1",,"SYN05843291 32996 63601 10286 20218 39258 40094 333 10312 58002=",
"43291099999","2022-10-06T12:00:00","4","12.3","76.7","767.0","MYSORE, IN","FM-12","99999","V020","270,1,N,0005,1","22000,1,9,N","004000,1,9,9","+0264,1","+0221,1","10077,1",,,,,,"9,AGL   ,+99999,+99999","04,99,1,99,9,99,9,99999,9,99,9,99,9","240,M,+0308,1",,"99999,9,09246,1","9,9,999,9,-012,1",,"SYN05843291 32996 42701 10264 20221 39246 40077 333 10308 59012=",
"43291099999","2022-10-08T12:00:00","4","12.3","76.7","767.0","MYSORE, IN","FM-12","99999","V020","230,1,N,0005,1","99999,9,9,N","004000,1,9,9","+0276,1","+0228,1","10087,1",,,,,,,,"240,M,+0304,1",,"99999,9,09259,1","9,9,999,9,+004,1",,"SYN05843291 32996 02301 10276 20228 39259 40087 333 10304 58004=",
"43291099999","2022-10-09T03:00:00","4","12.3","76.7","767.0","MYSORE, IN","FM-12","99999","V020","999,9,C,0000,1","99999,9,9,N","004000,1,9,9","+0230,1","+0194,1","10143,1",,,,,,"9,AGL   ,+99999,+99999","06,99,1,99,9,99,9,99999,9,99,9,99,9","240,M,+0304,1","240,N,+0194,1","99999,9,09297,1","9,9,999,9,-001,1",,"SYN06443291 32996 60000 10230 20194 39297 40143 333 10304 20194 59001=",
"43291099999","2022-10-09T12:00:00","4","12.3","76.7","767.0","MYSORE, IN","FM-12","99999","V020","999,9,C,0000,1","99999,9,9,N","004000,1,9,9","+0280,1","+0235,1","10081,1",,,,,,"9,AGL   ,+99999,+99999","05,99,1,99,9,99,9,99999,9,99,9,99,9","240,M,+0308,1",,"99999,9,09253,1","9,9,999,9,-006,1",,"SYN05843291 32996 50000 10280 20235 39253 40081 333 10308 59006=",
"43291099999","2022-10-10T03:00:00","4","12.3","76.7","767.0","MYSORE, IN","FM-12","99999","V020","999,9,C,0000,1","22000,1,9,N","004000,1,9,9","+0224,1","+0197,1","10118,1","24,0450,3,1",,,,,"9,AGL   ,+99999,+99999","04,99,1,99,9,99,9,99999,9,99,9,99,9","240,M,+0308,1","240,N,+0194,1","99999,9,09282,1","9,9,999,9,-017,1",,"SYN08643291 22996 40000 10224 20197 39282 40118 333 10308 20194 59017 6045/ 555 00450 10364=",
"43291099999","2022-10-10T12:00:00","4","12.3","76.7","767.0","MYSORE, IN","FM-12","99999","V020","999,9,C,0000,1","99999,9,9,N","004000,1,9,9","+0252,1","+0236,1","10112,1",,,,,,"9,AGL   ,+99999,+99999","08,99,1,99,9,99,9,99999,9,99,9,99,9","240,M,+0310,1",,"99999,9,09276,1","9,9,999,9,+023,1",,"SYN05843291 32996 80000 10252 20236 39276 40112 333 10310 58023=",
"43291099999","2022-10-11T12:00:00","4","12.3","76.7","767.0","MYSORE, IN","FM-12","99999","V020","230,1,N,0005,1","99999,9,9,N","004000,1,9,9","+0258,1","+0235,1","10106,1",,,,,,"9,AGL   ,+99999,+99999","08,99,1,99,9,99,9,99999,9,99,9,99,9","240,M,+0312,1",,"99999,9,09266,1","9,9,999,9,-010,1",,"SYN05843291 32996 82301 10258 20235 39266 40106 333 10312 59010=",
"43291099999","2022-10-12T12:00:00","4","12.3","76.7","767.0","MYSORE, IN","FM-12","99999","V020","230,1,N,0005,1","22000,1,9,N","004000,1,9,9","+0288,1","+0222,1","10098,1",,,,,,"9,AGL   ,+99999,+99999","04,99,1,99,9,99,9,99999,9,99,9,99,9","240,M,+0312,1",,"99999,9,09271,1","9,9,999,9,+005,1",,"SYN05843291 32996 42301 10288 20222 39271 40098 333 10312 58005=",
"43291099999","2022-10-13T12:00:00","4","12.3","76.7","767.0","MYSORE, IN","FM-12","99999","V020","999,9,C,0000,1","22000,1,9,N","004000,1,9,9","+0290,1","+0224,1","10089,1",,,,,,"9,AGL   ,+99999,+99999","04,99,1,99,9,99,9,99999,9,99,9,99,9","240,M,+0313,1",,"99999,9,09264,1","9,9,999,9,-007,1",,"SYN05843291 32996 40000 10290 20224 39264 40089 333 10313 59007=",
"43291099999","2022-10-14T03:00:00","4","12.3","76.7","767.0","MYSORE, IN","FM-12","99999","V020","230,1,N,0010,1","22000,1,9,N","004000,1,9,9","+0224,1","+0209,1","10114,1","24,0320,3,1",,,,,"9,AGL   ,+99999,+99999","04,99,1,99,9,99,9,99999,9,99,9,99,9","240,M,+0313,1","240,N,+0204,1","99999,9,09271,1","9,9,999,9,+004,1",,"SYN07043291 22996 42302 10224 20209 39271 40114 333 10313 20204 58004 6032/=",
"43291099999","2022-10-14T12:00:00","4","12.3","76.7","767.0","MYSORE, IN","FM-12","99999","V020","270,1,N,0005,1","22000,1,9,N","004000,1,9,9","+0280,1","+0226,1","10083,1",,,,,,"9,AGL   ,+99999,+99999","02,99,1,99,9,99,9,99999,9,99,9,99,9","240,M,+0315,1",,"99999,9,09258,1","9,9,999,9,-006,1",,"SYN05843291 32996 22701 10280 20226 39258 40083 333 10315 59006=",
"43291099999","2022-10-15T12:00:00","4","12.3","76.7","767.0","MYSORE, IN","FM-12","99999","V020","999,9,C,0000,1","99999,9,9,N","004000,1,9,9","+0270,1","+0227,1","10075,1",,,,,,"9,AGL   ,+99999,+99999","06,99,1,99,9,99,9,99999,9,99,9,99,9","240,M,+0310,1",,"99999,9,09246,1","9,9,999,9,-018,1",,"SYN05843291 32996 60000 10270 20227 39246 40075 333 10310 59018=",
"43291099999","2022-10-16T03:00:00","4","12.3","76.7","767.0","MYSORE, IN","FM-12","99999","V020","999,9,C,0000,1","22000,1,9,N","004000,1,9,9","+0226,1","+0211,1","10123,1","24,0320,3,1",,,,,"9,AGL   ,+99999,+99999","03,99,1,99,9,99,9,99999,9,99,9,99,9","240,M,+0310,1","240,N,+0202,1","99999,9,09287,1","9,9,999,9,+003,1",,"SYN08643291 22996 30700 10226 20211 39287 40123 333 10310 20202 58003 6032/ 555 00320 10497=",
"43291099999","2022-10-16T12:00:00","4","12.3","76.7","767.0","MYSORE, IN","FM-12","99999","V020","090,1,N,0010,1","22000,1,9,9","004000,1,9,9","+0260,1","+0223,1","10074,1",,"0,1,99,9","0,1,99,9","99,9,+04000,1,99,9",,"9,AGL   ,+99999,+99999","04,99,1,99,9,99,9,04000,1,99,9,99,9",,,"99999,9,09242,1","9,9,999,9,-006,1",,"SYN004BUFR",
"43291099999","2022-10-17T03:00:00","4","12.3","76.7","767.0","MYSORE, IN","FM-12","99999","V020","270,1,N,0005,1","22000,1,9,N","004000,1,9,9","+0220,1","+0207,1","10124,1","24,0180,3,1",,,,,"9,AGL   ,+99999,+99999","02,99,1,99,9,99,9,99999,9,99,9,99,9","240,M,+0292,1","240,N,+0194,1","99999,9,09287,1","9,9,999,9,+000,1",,"SYN08043291 22996 22701 10220 20207 39287 40124 333 10292 20194 58000 6018/ 555 10515=",
"43291099999","2022-10-17T12:00:00","4","12.3","76.7","767.0","MYSORE, IN","FM-12","99999","V020","999,9,C,0000,1","22000,1,9,N","004000,1,9,9","+0280,1","+0221,1","10094,1",,,,,,"9,AGL   ,+99999,+99999","04,99,1,99,9,99,9,99999,9,99,9,99,9","240,M,+0310,1",,"99999,9,09266,1","9,9,999,9,+024,1",,"SYN05843291 32996 40000 10280 20221 39266 40094 333 10310 58024=",
"43291099999","2022-10-18T12:00:00","4","12.3","76.7","767.0","MYSORE, IN","FM-12","99999","V020","230,1,N,0005,1","22000,1,9,N","004000,1,9,9","+0268,1","+0216,1","10107,1",,,,,,"9,AGL   ,+99999,+99999","04,99,1,99,9,99,9,99999,9,99,9,99,9","240,M,+0310,1",,"99999,9,09274,1","9,9,999,9,+008,1",,"SYN05843291 32996 42301 10268 20216 39274 40107 333 10310 58008=",
"43291099999","2022-10-19T12:00:00","4","12.3","76.7","767.0","MYSORE, IN","FM-12","99999","V020","230,1,N,0005,1","22000,1,9,N","004000,1,9,9","+0280,1","+0210,1","10114,1",,,,,,"9,AGL   ,+99999,+99999","04,99,1,99,9,99,9,99999,9,99,9,99,9","240,M,+0312,1",,"99999,9,09284,1","9,9,999,9,+010,1",,"SYN05843291 32996 42301 10280 20210 39284 40114 333 10312 58010=",
"43291099999","2022-10-20T12:00:00","4","12.3","76.7","767.0","MYSORE, IN","FM-12","99999","V020","999,9,C,0000,1","22000,1,9,N","004000,1,9,9","+0270,1","+0230,1","10110,1",,,,,,"9,AGL   ,+99999,+99999","04,99,1,99,9,99,9,99999,9,99,9,99,9","240,M,+0297,1",,"99999,9,09280,1","9,9,999,9,-004,1",,"SYN05843291 32996 40000 10270 20230 39280 40110 333 10297 59004=",
"43291099999","2022-10-21T12:00:00","4","12.3","76.7","767.0","MYSORE, IN","FM-12","99999","V020","999,9,C,0000,1","99999,9,9,N","004000,1,9,9","+0270,1","+0230,1","10127,1","09,0030,3,1",,,,,"9,AGL   ,+99999,+99999","05,99,1,99,9,99,9,99999,9,99,9,99,9","240,M,+0300,1",,"99999,9,09295,1","9,9,999,9,+015,1",,"SYN06443291 22996 50000 10270 20230 39295 40127 333 10300 58015 6003/=",
"43291099999","2022-10-22T03:00:00","4","12.3","76.7","767.0","MYSORE, IN","FM-12","99999","V020","270,1,N,0005,1","22000,1,9,N","004000,1,9,9","+0220,1","+0208,1","10123,1","24,0120,3,1",,,,,"9,AGL   ,+99999,+99999","04,99,1,99,9,99,9,99999,9,99,9,99,9","240,M,+0300,1","240,N,+0200,1","99999,9,09287,1","9,9,999,9,+000,1",,"SYN07043291 22996 42701 10220 20208 39287 40123 333 10300 20200 58000 6012/=",
"43291099999","2022-10-22T12:00:00","4","12.3","76.7","767.0","MYSORE, IN","FM-12","99999","V020","999,9,C,0000,1","22000,1,9,N","004000,1,9,9","+0270,1","+0230,1","10131,1",,,,,,"9,AGL   ,+99999,+99999","04,99,1,99,9,99,9,99999,9,99,9,99,9","240,M,+0297,1",,"99999,9,09296,1","9,9,999,9,+001,1",,"SYN05843291 32996 40000 10270 20230 39296 40131 333 10297 58001=",
"43291099999","2022-10-23T03:00:00","4","12.3","76.7","767.0","MYSORE, IN","FM-12","99999","V020","270,1,N,0015,1","22000,1,9,N","004000,1,9,9","+0226,1","+0214,1","10126,1",,,,,,"9,AGL   ,+99999,+99999","03,99,1,99,9,99,9,99999,9,99,9,99,9","240,M,+0297,1","240,N,+0210,1","99999,9,09291,1","9,9,999,9,+004,1",,"SYN06443291 32996 32703 10226 20214 39291 40126 333 10297 20210 58004=",
"43291099999","2022-10-23T12:00:00","4","12.3","76.7","767.0","MYSORE, IN","FM-12","99999","V020","270,1,N,0005,1","22000,1,9,N","004000,1,9,9","+0276,1","+0218,1","10128,1",,,,,,"9,AGL   ,+99999,+99999","02,99,1,99,9,99,9,99999,9,99,9,99,9","240,M,+0334,1",,"99999,9,09296,1","9,9,999,9,+000,1",,"SYN05843291 32996 22701 10276 20218 39296 40128 333 10334 58000=",
"43291099999","2022-10-24T12:00:00","4","12.3","76.7","767.0","MYSORE, IN","FM-12","99999","V020","999,9,C,0000,1","22000,1,9,N","004000,1,9,9","+0270,1","+0230,1","10109,1",,,,,,"9,AGL   ,+99999,+99999","04,99,1,99,9,99,9,99999,9,99,9,99,9","240,M,+0300,1",,"99999,9,09276,1","9,9,999,9,-020,1",,"SYN05843291 32996 40000 10270 20230 39276 40109 333 10300 59020=",
"43291099999","2022-10-25T12:00:00","4","12.3","76.7","767.0","MYSORE, IN","FM-12","99999","V020","999,9,C,0000,1","22000,1,9,N","004000,1,9,9","+0270,1","+0224,1","10130,1",,,,,,"9,AGL   ,+99999,+99999","04,99,1,99,9,99,9,99999,9,99,9,99,9","240,M,+0301,1",,"99999,9,09295,1","9,9,999,9,-001,1",,"SYN05843291 32996 40000 10270 20224 39295 40130 333 10301 59001=",
"43291099999","2022-10-26T03:00:00","4","12.3","76.7","767.0","MYSORE, IN","FM-12","99999","V020","230,1,N,0010,1","22000,1,9,N","004000,1,9,9","+0222,1","+0213,1","10126,1",,,,,,"9,AGL   ,+99999,+99999","02,99,1,99,9,99,9,99999,9,99,9,99,9","240,M,+0301,1","240,N,+0202,1","99999,9,09288,1","9,9,999,9,-004,1",,"SYN06443291 32996 22302 10222 20213 39288 40126 333 10301 20202 59004=",
"43291099999","2022-10-26T12:00:00","4","12.3","76.7","767.0","MYSORE, IN","FM-12","99999","V020","999,9,C,0000,1","22000,1,9,N","004000,1,9,9","+0268,1","+0222,1","10131,1",,,,,,"9,AGL   ,+99999,+99999","04,99,1,99,9,99,9,99999,9,99,9,99,9","240,M,+0302,1",,"99999,9,09296,1","9,9,999,9,+001,1",,"SYN05843291 32996 40000 10268 20222 39296 40131 333 10302 58001=",
"43291099999","2022-10-27T12:00:00","4","12.3","76.7","767.0","MYSORE, IN","FM-12","99999","V020","999,9,C,0000,1","22000,1,9,N","004000,1,9,9","+0270,1","+0218,1","10130,1",,,,,,"9,AGL   ,+99999,+99999","03,99,1,99,9,99,9,99999,9,99,9,99,9","240,M,+0306,1",,"99999,9,09295,1","9,9,999,9,-001,1",,"SYN05843291 32996 30000 10270 20218 39295 40130 333 10306 59001=",
"43291099999","2022-10-28T12:00:00","4","12.3","76.7","767.0","MYSORE, IN","FM-12","99999","V020","999,9,C,0000,1","99999,9,9,N","004000,1,9,9","+0260,1","+0229,1","10122,1",,,,,,"9,AGL   ,+99999,+99999","06,99,1,99,9,99,9,99999,9,99,9,99,9","240,M,+0302,1",,"99999,9,09286,1","9,9,999,9,-009,1",,"SYN05843291 32996 60000 10260 20229 39286 40122 333 10302 59009=",
"43291099999","2022-10-29T03:00:00","4","12.3","76.7","767.0","MYSORE, IN","FM-12","99999","V020","020,1,N,0005,1","22000,1,9,N","004000,1,9,9","+0234,1","+0216,1","10131,1",,,,,,"9,AGL   ,+99999,+99999","02,99,1,99,9,99,9,99999,9,99,9,99,9","240,M,+0322,1","240,N,+0204,1","99999,9,09296,1","9,9,999,9,+001,1",,"SYN07443291 32996 20201 10234 20216 39296 40131 333 10322 20204 58001 555 10///=",
"43291099999","2022-10-29T12:00:00","4","12.3","76.7","767.0","MYSORE, IN","FM-12","99999","V020","999,9,C,0000,1","99999,9,9,N","004000,1,9,9","+0260,1","+0234,1","10129,1",,,,,,"9,AGL   ,+99999,+99999","06,99,1,99,9,99,9,99999,9,99,9,99,9","240,M,+0280,1",,"99999,9,09291,1","9,9,999,9,+005,1",,"SYN05843291 32996 60000 10260 20234 39291 40129 333 10280 58005=",
"43291099999","2022-10-30T03:00:00","4","12.3","76.7","767.0","MYSORE, IN","FM-12","99999","V020","230,1,N,0010,1","22000,1,9,N","004000,1,9,9","+0234,1","+0220,1","10130,1",,,,,,"9,AGL   ,+99999,+99999","02,99,1,99,9,99,9,99999,9,99,9,99,9","240,M,+0280,1","240,N,+0204,1","99999,9,09292,1","9,9,999,9,-004,1",,"SYN06443291 32996 22302 10234 20220 39292 40130 333 10280 20204 59004=",
"43291099999","2022-10-30T12:00:00","4","12.3","76.7","767.0","MYSORE, IN","FM-12","99999","V020","230,1,N,0010,1","22000,1,9,9","004000,1,9,9","+0265,1","+0236,1","10136,1","99,9999,9,9","0,1,99,9","0,1,99,9","99,9,+04000,1,99,9",,"9,AGL   ,+99999,+99999","02,99,1,99,9,99,9,04000,1,99,9,99,9",,,"99999,9,09291,1",,,"SYN004BUFR",
"43291099999","2022-10-31T12:00:00","4","12.3","76.7","767.0","MYSORE, IN","FM-12","99999","V020","999,9,C,0000,1","99999,9,9,N","004000,1,9,9","+0270,1","+0245,1","10117,1",,,,,,"9,AGL   ,+99999,+99999","06,99,1,99,9,99,9,99999,9,99,9,99,9","240,M,+0290,1",,"99999,9,09284,1","9,9,999,9,-007,1",,"SYN05843291 32996 60000 10270 20245 39284 40117 333 10290 59007=",
"43291099999","2022-11-01T03:00:00","4","12.3","76.7","767.0","MYSORE, IN","FM-12","99999","V020","230,1,N,0005,1","22000,1,9,N","004000,1,9,9","+0226,1","+0211,1","10125,1",,,,,,"9,AGL   ,+99999,+99999","02,99,1,99,9,99,9,99999,9,99,9,99,9","240,M,+0289,1","240,N,+0204,1","99999,9,09287,1","9,9,999,9,-009,1",,"SYN06443291 32996 22301 10226 20211 39287 40125 333 10289 20204 59009=",
"43291099999","2022-11-01T12:00:00","4","12.3","76.7","767.0","MYSORE, IN","FM-12","99999","V020","999,9,C,0000,1","99999,9,9,N","004000,1,9,9","+0270,1","+0215,1","10119,1",,,,,,"9,AGL   ,+99999,+99999","07,99,1,99,9,99,9,99999,9,99,9,99,9","240,M,+0290,1",,"99999,9,09286,1","9,9,999,9,-002,1",,"SYN05843291 32996 70000 10270 20215 39286 40119 333 10290 59002=",
"43291099999","2022-11-03T03:00:00","4","12.3","76.7","767.0","MYSORE, IN","FM-12","99999","V020","230,1,N,0010,1","22000,1,9,N","004000,1,9,9","+0226,1","+0208,1","10146,1","24,0020,3,1",,,,,"9,AGL   ,+99999,+99999","03,99,1,99,9,99,9,99999,9,99,9,99,9","240,M,+0291,1","240,N,+0202,1","99999,9,09308,1","9,9,999,9,+019,1",,"SYN07043291 22996 32302 10226 20208 39308 40146 333 10291 20202 58019 6002/=",
"43291099999","2022-11-03T12:00:00","4","12.3","76.7","767.0","MYSORE, IN","FM-12","99999","V020","999,9,C,0000,1","22000,1,9,N","004000,1,9,9","+0262,1","+0176,1","10110,1",,,,,,"9,AGL   ,+99999,+99999","04,99,1,99,9,99,9,99999,9,99,9,99,9","240,M,+0290,1",,"99999,9,09277,1","9,9,999,9,-011,1",,"SYN05843291 32996 40000 10262 20176 39277 40110 333 10290 59011=",
"43291099999","2022-11-04T12:00:00","4","12.3","76.7","767.0","MYSORE, IN","FM-12","99999","V020","999,9,C,0000,1","22000,1,9,N","004000,1,9,9","+0262,1","+0219,1","10121,1",,,,,,"9,AGL   ,+99999,+99999","04,99,1,99,9,99,9,99999,9,99,9,99,9","240,M,+0289,1",,"99999,9,09286,1","9,9,999,9,+009,1",,"SYN05843291 32996 40000 10262 20219 39286 40121 333 10289 58009=",
"43291099999","2022-11-05T03:00:00","4","12.3","76.7","767.0","MYSORE, IN","FM-12","99999","V020","140,1,N,0010,1","22000,1,9,N","004000,1,9,9","+0230,1","+0218,1","10136,1",,,,,,"9,AGL   ,+99999,+99999","02,99,1,99,9,99,9,99999,9,99,9,99,9","240,M,+0289,1","240,N,+0214,1","99999,9,09301,1","9,9,999,9,+004,1",,"SYN06443291 32996 21402 10230 20218 39301 40136 333 10289 20214 58004=",
"43291099999","2022-11-05T12:00:00","4","12.3","76.7","767.0","MYSORE, IN","FM-12","99999","V020","230,1,N,0005,1","99999,9,9,N","004000,1,9,9","+0268,1","+0219,1","10120,1",,,,,,,,"240,M,+0295,1",,"99999,9,09290,1","9,9,999,9,+004,1",,"SYN05843291 32996 02301 10268 20219 39290 40120 333 10295 58004=",
"43291099999","2022-11-06T03:00:00","4","12.3","76.7","767.0","MYSORE, IN","FM-12","99999","V020","200,1,N,0005,1","22000,1,9,N","004000,1,9,9","+0232,1","+0220,1","10141,1",,,,,,"9,AGL   ,+99999,+99999","02,99,1,99,9,99,9,99999,9,99,9,99,9","240,M,+0295,1","240,N,+0214,1","99999,9,09306,1","9,9,999,9,+005,1",,"SYN06443291 32996 22001 10232 20220 39306 40141 333 10295 20214 58005=",
"43291099999","2022-11-06T12:00:00","4","12.3","76.7","767.0","MYSORE, IN","FM-12","99999","V020","010,1,N,0005,1","99999,9,9,N","004000,1,9,9","+0270,1","+0221,1","10126,1",,,,,,,,"240,M,+0303,1",,"99999,9,09294,1","9,9,999,9,+004,1",,"SYN05843291 32996 00101 10270 20221 39294 40126 333 10303 58004=",
"43291099999","2022-11-07T12:00:00","4","12.3","76.7","767.0","MYSORE, IN","FM-12","99999","V020","999,9,C,0000,1","22000,1,9,N","004000,1,9,9","+0280,1","+0226,1","10128,1",,,,,,"9,AGL   ,+99999,+99999","04,99,1,99,9,99,9,99999,9,99,9,99,9","240,M,+0300,1",,"99999,9,09299,1","9,9,999,9,+005,1",,"SYN05843291 32996 40000 10280 20226 39299 40128 333 10300 58005=",
"43291099999","2022-11-08T12:00:00","4","12.3","76.7","767.0","MYSORE, IN","FM-12","99999","V020","230,1,N,0005,1","22000,1,9,9","004000,1,9,9","+0285,1","+0215,1","10132,1","99,9999,9,9","0,1,99,9","0,1,99,9","99,9,+04000,1,99,9",,"9,AGL   ,+99999,+99999","02,99,1,99,9,99,9,04000,1,99,9,99,9",,,"99999,9,09303,1","9,9,999,9,+004,1",,"SYN004BUFR",
"43291099999","2022-11-09T12:00:00","4","12.3","76.7","767.0","MYSORE, IN","FM-12","99999","V020","999,9,C,0000,1","99999,9,9,N","004000,1,9,9","+0270,1","+0230,1","10139,1",,,,,,"9,AGL   ,+99999,+99999","06,99,1,99,9,99,9,99999,9,99,9,99,9","240,M,+0300,1",,"99999,9,09304,1","9,9,999,9,+001,1",,"SYN05843291 32996 60000 10270 20230 39304 40139 333 10300 58001=",
"43291099999","2022-11-10T03:00:00","4","12.3","76.7","767.0","MYSORE, IN","FM-12","99999","V020","230,1,N,0010,1","99999,9,9,N","004000,1,9,9","+0228,1","+0213,1","10130,1",,,,"00,1,+99999,9,99,9",,"9,AGL   ,+99999,+99999","99,99,9,00,1,99,9,99999,9,99,9,99,9","240,M,+0299,1","240,N,+0204,1","99999,9,09292,1","9,9,999,9,-004,1",,"SYN07043291 32996 02302 10228 20213 39292 40130 80000 333 10299 20204 59004=",
"43291099999","2022-11-11T12:00:00","4","12.3","76.7","767.0","MYSORE, IN","FM-12","99999","V020","999,9,C,0000,1","99999,9,9,N","004000,1,9,9","+0222,1","+0207,1","10134,1","09,0020,3,1",,,,,"9,AGL   ,+99999,+99999","08,99,1,99,9,99,9,99999,9,99,9,99,9","240,M,+0297,1",,"99999,9,09289,1","9,9,999,9,-005,1",,"SYN06443291 22996 80000 10222 20207 39289 40134 333 10297 59005 6002/=",
"43291099999","2022-11-15T12:00:00","4","12.3","76.7","767.0","MYSORE, IN","FM-12","99999","V020","999,9,C,0000,1","22000,1,9,N","004000,1,9,9","+0280,1","+0226,1","10126,1",,,,,,"9,AGL   ,+99999,+99999","04,99,1,99,9,99,9,99999,9,99,9,99,9","240,M,+0300,1",,"99999,9,09294,1","9,9,999,9,-007,1",,"SYN05843291 32996 40000 10280 20226 39294 40126 333 10300 59007=",
"43291099999","2022-11-16T03:00:00","4","12.3","76.7","767.0","MYSORE, IN","FM-12","99999","V020","140,1,N,0010,1","22000,1,9,N","004000,1,9,9","+0242,1","+0203,1","10145,1",,,,"00,1,+99999,9,99,9",,"9,AGL   ,+99999,+99999","02,99,1,00,1,99,9,99999,9,99,9,99,9","240,M,+0300,1","240,N,+0196,1","99999,9,09307,1","9,9,999,9,-004,1",,"SYN07043291 32996 21402 10242 20203 39307 40145 80000 333 10300 20196 59004=",
"43291099999","2022-11-18T03:00:00","4","12.3","76.7","767.0","MYSORE, IN","FM-12","99999","V020","250,1,N,0005,1","22000,1,9,N","004000,1,9,9","+0240,1","+0201,1","10135,1",,,,,,"9,AGL   ,+99999,+99999","02,99,1,99,9,99,9,99999,9,99,9,99,9","240,M,+0300,1","240,N,+0172,1","99999,9,09297,1","9,9,999,9,-005,1",,"SYN06443291 32996 22501 10240 20201 39297 40135 333 10300 20172 59005=",
"43291099999","2022-11-20T03:00:00","4","12.3","76.7","767.0","MYSORE, IN","FM-12","99999","V020","360,1,N,0005,1","22000,1,9,N","004000,1,9,9","+0182,1","+0149,1","10131,1",,,,,,"9,AGL   ,+99999,+99999","02,99,1,99,9,99,9,99999,9,99,9,99,9","240,M,+0290,1","240,N,+0149,1","99999,9,09294,1","9,9,999,9,+005,1",,"SYN06443291 32996 23601 10182 20149 39294 40131 333 10290 20149 58005=",
"43291099999","2022-11-21T12:00:00","4","12.3","76.7","767.0","MYSORE, IN","FM-12","99999","V020","999,9,C,0000,1","99999,9,9,N","004000,1,9,9","+0270,1","+0230,1","10109,1",,,,,,"9,AGL   ,+99999,+99999","05,99,1,99,9,99,9,99999,9,99,9,99,9","240,M,+0300,1",,"99999,9,09276,1",,,"SYN05243291 32996 50000 10270 20230 39276 40109 333 10300=",
"43291099999","2022-11-22T03:00:00","4","12.3","76.7","767.0","MYSORE, IN","FM-12","99999","V020","999,9,C,0000,1","22000,1,9,N","004000,1,9,9","+0192,1","+0149,1","10131,1",,,,,,"9,AGL   ,+99999,+99999","02,99,1,99,9,99,9,99999,9,99,9,99,9","240,M,+0300,1","240,N,+0156,1","99999,9,09293,1","9,9,999,9,-006,1",,"SYN06443291 32996 22500 10192 20149 39293 40131 333 10300 20156 59006=",
"43291099999","2022-11-23T03:00:00","4","12.3","76.7","767.0","MYSORE, IN","FM-12","99999","V020","140,1,N,0010,1","22000,1,9,N","004000,1,9,9","+0196,1","+0161,1","10146,1","24,0100,3,1",,,,,"9,AGL   ,+99999,+99999","03,99,1,99,9,99,9,99999,9,99,9,99,9","240,M,+0300,1","240,N,+0164,1","99999,9,09298,1","9,9,999,9,+005,1",,"SYN07043291 22996 31402 10196 20161 39298 40146 333 10300 20164 58005 6010/=",
"43291099999","2022-11-24T03:00:00","4","12.3","76.7","767.0","MYSORE, IN","FM-12","99999","V020","250,1,N,0005,1","22000,1,9,N","004000,1,9,9","+0222,1","+0192,1","10140,1","24,0080,3,1",,,,,"9,AGL   ,+99999,+99999","03,99,1,99,9,99,9,99999,9,99,9,99,9","240,M,+0300,1","240,N,+0194,1","99999,9,09302,1","9,9,999,9,+004,1",,"SYN07043291 22996 32501 10222 20192 39302 40140 333 10300 20194 58004 6008/=",
"43291099999","2022-11-25T12:00:00","4","12.3","76.7","767.0","MYSORE, IN","FM-12","99999","V020","999,9,C,0000,1","22000,1,9,N","004000,1,9,9","+0250,1","+0224,1","10121,1",,,,,,"9,AGL   ,+99999,+99999","04,99,1,99,9,99,9,99999,9,99,9,99,9","240,M,+0290,1",,"99999,9,09282,1","9,9,999,9,-005,1",,"SYN06443291 32996 40000 10250 20224 39282 40121 8//// 333 10290 59005=",
"43291099999","2022-11-26T12:00:00","4","12.3","76.7","767.0","MYSORE, IN","FM-12","99999","V020","999,9,C,0000,1","22000,1,9,N","004000,1,9,9","+0250,1","+0224,1","10121,1",,,,"99,9,+99999,9,00,1",,"9,AGL   ,+99999,+99999","03,99,1,00,1,99,9,99999,9,99,9,99,9","240,M,+0300,1",,"99999,9,09287,1","9,9,999,9,+005,1",,"SYN06443291 32996 30000 10250 20224 39287 40121 80001 333 10300 58005=","Q01    003SCCGA1"
"43291099999","2022-11-28T03:00:00","4","12.3","76.7","767.0","MYSORE, IN","FM-12","99999","V020","200,1,N,0005,1","22000,1,9,N","004000,1,9,9","+0228,1","+0198,1","10135,1",,,,,,"9,AGL   ,+99999,+99999","02,99,1,99,9,99,9,99999,9,99,9,99,9","240,M,+0302,1","240,N,+0192,1","99999,9,09297,1","9,9,999,9,+004,1",,"SYN06443291 32996 22001 10228 20198 39297 40135 333 10302 20192 58004=",
"43291099999","2022-11-28T12:00:00","4","12.3","76.7","767.0","MYSORE, IN","FM-12","99999","V020","999,9,C,0000,1","99999,9,9,N","004000,1,9,9","+0254,1","+0222,1","10122,1",,,,,,"9,AGL   ,+99999,+99999","05,99,1,99,9,99,9,99999,9,99,9,99,9","240,M,+0299,1",,"99999,9,09286,1","9,9,999,9,-010,1",,"SYN06443291 32996 50000 10254 20222 39286 40122 8//// 333 10299 59010=",
"43291099999","2022-11-29T03:00:00","4","12.3","76.7","767.0","MYSORE, IN","FM-12","99999","V020","160,1,N,0005,1","22000,1,9,N","004000,1,9,9","+0224,1","+0197,1","10130,1",,,,,,"9,AGL   ,+99999,+99999","03,99,1,99,9,99,9,99999,9,99,9,99,9","240,M,+0299,1","240,N,+0192,1","99999,9,09292,1","9,9,999,9,-005,1",,"SYN06443291 32996 31601 10224 20197 39292 40130 333 10299 20192 59005=",
"43291099999","2022-11-29T12:00:00","4","12.3","76.7","767.0","MYSORE, IN","FM-12","99999","V020","999,9,C,0000,1","22000,1,9,N","004000,1,9,9","+0260,1","+0220,1","10112,1",,,,"99,9,+99999,9,00,1",,"9,AGL   ,+99999,+99999","01,99,1,00,1,99,9,99999,9,99,9,99,9","240,M,+0301,1",,"99999,9,09276,1","9,9,999,9,-010,1",,"SYN06443291 32996 10000 10260 20220 39276 40112 80001 333 10301 59010=","Q01    003SCCGA1"
"43291099999","2022-11-30T03:00:00","4","12.3","76.7","767.0","MYSORE, IN","FM-12","99999","V020","999,9,C,0000,1","22000,1,9,N","004000,1,9,9","+0226,1","+0199,1","10131,1",,,,,,"9,AGL   ,+99999,+99999","02,99,1,99,9,99,9,99999,9,99,9,99,9","240,M,+0301,1","240,N,+0194,1","99999,9,09296,1","9,9,999,9,+004,1",,"SYN07443291 32996 22000 10226 20199 39296 40131 333 10301 20194 58004 555 10///=",
"43291099999","2022-11-30T12:00:00","4","12.3","76.7","767.0","MYSORE, IN","FM-12","99999","V020","999,9,C,0000,1","99999,9,9,N","004000,1,9,9","+0262,1","+0219,1","10119,1",,,,,,"9,AGL   ,+99999,+99999","06,99,1,99,9,99,9,99999,9,99,9,99,9","240,M,+0300,1",,"99999,9,09286,1","9,9,999,9,+010,1",,"SYN06443291 32996 60000 10262 20219 39286 40119 8//// 333 10300 58010=",
"43291099999","2022-12-01T12:00:00","4","12.3","76.7","767.0","MYSORE, IN","FM-12","99999","V020","999,9,C,0000,1","22000,1,9,N","004000,1,9,9","+0260,1","+0223,1","10122,1",,,,,,"9,AGL   ,+99999,+99999","04,99,1,99,9,99,9,99999,9,99,9,99,9","240,M,+0299,1",,"99999,9,09286,1","9,9,999,9,+000,1",,"SYN05843291 32996 40000 10260 20223 39286 40122 333 10299 59000=",
"43291099999","2022-12-02T12:00:00","4","12.3","76.7","767.0","MYSORE, IN","FM-12","99999","V020","999,9,C,0000,1","99999,9,9,N","004000,1,9,9","+0278,1","+0227,1","10106,1",,,,,,"9,AGL   ,+99999,+99999","06,99,1,99,9,99,9,99999,9,99,9,99,9","240,M,+0300,1",,"99999,9,09276,1","9,9,999,9,-010,1",,"SYN05843291 32996 60000 10278 20227 39276 40106 333 10300 59010=",
"43291099999","2022-12-03T03:00:00","4","12.3","76.7","767.0","MYSORE, IN","FM-12","99999","V020","140,1,N,0010,1","22000,1,9,N","004000,1,9,9","+0232,1","+0208,1","10131,1",,,,,,"9,AGL   ,+99999,+99999","02,99,1,99,9,99,9,99999,9,99,9,99,9","240,M,+0300,1","240,N,+0200,1","99999,9,09296,1","9,9,999,9,+004,1",,"SYN06443291 32996 21402 10232 20208 39296 40131 333 10300 20200 58004=",
"43291099999","2022-12-03T12:00:00","4","12.3","76.7","767.0","MYSORE, IN","FM-12","99999","V020","999,9,C,0000,1","22000,1,9,N","004000,1,9,9","+0282,1","+0225,1","10106,1",,,,,,"9,AGL   ,+99999,+99999","04,99,1,99,9,99,9,99999,9,99,9,99,9","240,M,+0302,1",,"99999,9,09279,1","9,9,999,9,+003,1",,"SYN05843291 32996 40000 10282 20225 39279 40106 333 10302 58003=",
"43291099999","2022-12-04T03:00:00","4","12.3","76.7","767.0","MYSORE, IN","FM-12","99999","V020","230,1,N,0005,1","99999,9,9,N","004000,1,9,9","+0236,1","+0209,1","10145,1",,,,,,,,"240,M,+0302,1","240,N,+0200,1","99999,9,09297,1","9,9,999,9,+001,1",,"SYN06443291 32996 02301 10236 20209 39297 40145 333 10302 20200 58001=",
"43291099999","2022-12-04T12:00:00","4","12.3","76.7","767.0","MYSORE, IN","FM-12","99999","V020","140,1,N,0010,1","22000,1,9,N","004000,1,9,9","+0286,1","+0226,1","10110,1",,,,,,"9,AGL   ,+99999,+99999","02,99,1,99,9,99,9,99999,9,99,9,99,9","240,M,+0304,1",,"99999,9,09283,1","9,9,999,9,+004,1",,"SYN05843291 32996 21402 10286 20226 39283 40110 333 10304 58004=",
"43291099999","2022-12-05T12:00:00","4","12.3","76.7","767.0","MYSORE, IN","FM-12","99999","V020","999,9,C,0000,1","99999,9,9,N","004000,1,9,9","+0252,1","+0232,1","10134,1",,,,,,"9,AGL   ,+99999,+99999","07,99,1,99,9,99,9,99999,9,99,9,99,9","240,M,+0308,1",,"99999,9,09296,1","9,9,999,9,+013,1",,"SYN05843291 32996 70000 10252 20232 39296 40134 333 10308 58013=",
"43291099999","2022-12-06T03:00:00","4","12.3","76.7","767.0","MYSORE, IN","FM-12","99999","V020","140,1,N,0005,1","22000,1,9,N","004000,1,9,9","+0234,1","+0207,1","10135,1",,,,,,"9,AGL   ,+99999,+99999","02,99,1,99,9,99,9,99999,9,99,9,99,9","240,M,+0308,1","240,N,+0200,1","99999,9,09297,1","9,9,999,9,-004,1",,"SYN06443291 32996 21401 10234 20207 39297 40135 333 10308 20200 59004=",
"43291099999","2022-12-07T12:00:00","4","12.3","76.7","767.0","MYSORE, IN","FM-12","99999","V020","999,9,C,0000,1","99999,9,9,N","004000,1,9,9","+0250,1","+0227,1","10126,1",,,,"99,9,+00075,1,99,9",,"9,AGL   ,+99999,+99999","05,99,1,99,9,99,9,00075,1,99,9,99,9","240,M,+0307,1",,"99999,9,09287,1","9,9,999,9,-013,1",,"SYN05843291 32196 50000 10250 20227 39287 40126 333 10307 59013=",
"43291099999","2022-12-10T03:00:00","4","12.3","76.7","767.0","MYSORE, IN","FM-12","99999","V020","250,1,N,0010,1","22000,1,9,N","004000,1,9,9","+0196,1","+0163,1","10119,1","24,0040,3,1",,,,,"9,AGL   ,+99999,+99999","04,99,1,99,9,99,9,99999,9,99,9,99,9","240,M,+0300,1","240,N,+0166,1","99999,9,09283,1","9,9,999,9,+004,1",,"SYN08643291 22996 42502 10196 20163 39283 40119 333 10300 20166 58004 6004/ 555 00040 1////=",
"43291099999","2022-12-13T03:00:00","4","12.3","76.7","767.0","MYSORE, IN","FM-12","99999","V020","290,1,N,0005,1","22000,1,9,N","004000,1,9,9","+0218,1","+0178,1","10130,1","24,0090,3,1",,,,,"9,AGL   ,+99999,+99999","03,99,1,99,9,99,9,99999,9,99,9,99,9","240,M,+0270,1","240,N,+0184,1","99999,9,09292,1","9,9,999,9,+005,1",,"SYN07043291 22996 32901 10218 20178 39292 40130 333 10270 20184 58005 6009/=",
"43291099999","2022-12-16T03:00:00","4","12.3","76.7","767.0","MYSORE, IN","FM-12","99999","V020","999,9,C,0000,1","22000,1,9,N","004000,1,9,9","+0218,1","+0203,1","10124,1",,,,,,"9,AGL   ,+99999,+99999","02,99,1,99,9,99,9,99999,9,99,9,99,9","240,M,+0300,1","240,N,+0200,1","99999,9,09288,1","9,9,999,9,-004,1",,"SYN06443291 32996 20000 10218 20203 39288 40124 333 10300 20200 59004=",
"43291099999","2022-12-16T12:00:00","4","12.3","76.7","767.0","MYSORE, IN","FM-12","99999","V020","090,1,N,0005,1","22000,1,9,N","004000,1,9,9","+0280,1","+0194,1","10111,1",,,,,,"9,AGL   ,+99999,+99999","03,99,1,99,9,99,9,99999,9,99,9,99,9","240,M,+0302,1",,"99999,9,09281,1","9,9,999,9,-005,1",,"SYN05843291 32996 30901 10280 20194 39281 40111 333 10302 59005=",
"43291099999","2022-12-20T03:00:00","4","12.3","76.7","767.0","MYSORE, IN","FM-12","99999","V020","140,1,N,0010,1","22000,1,9,N","004000,1,9,9","+0214,1","+0186,1","10119,1",,,,,,"9,AGL   ,+99999,+99999","02,99,1,99,9,99,9,99999,9,99,9,99,9","240,M,+0302,1","240,N,+0170,1","99999,9,09283,1","9,9,999,9,-005,1",,"SYN06443291 32996 21402 10214 20186 39283 40119 333 10302 20170 59005=",
"43291099999","2022-12-21T03:00:00","4","12.3","76.7","767.0","MYSORE, IN","FM-12","99999","V020","200,1,N,0005,1","22000,1,9,N","004000,1,9,9","+0212,1","+0184,1","10119,1",,,,,,"9,AGL   ,+99999,+99999","02,99,1,99,9,99,9,99999,9,99,9,99,9","240,M,+0301,1","240,N,+0170,1","99999,9,09285,1","9,9,999,9,+000,1",,"SYN06443291 32996 22001 10212 20184 39285 40119 333 10301 20170 58000=",
"43291099999","2022-12-22T12:00:00","4","12.3","76.7","767.0","MYSORE, IN","FM-12","99999","V020","090,1,N,0005,1","22000,1,9,N","004000,1,9,9","+0272,1","+0201,1","10104,1",,,,,,"9,AGL   ,+99999,+99999","02,99,1,99,9,99,9,99999,9,99,9,99,9","240,M,+0302,1",,"99999,9,09274,1","9,9,999,9,-005,1",,"SYN05843291 32996 20901 10272 20201 39274 40104 333 10302 59005=",
"43291099999","2022-12-25T03:00:00","4","12.3","76.7","767.0","MYSORE, IN","FM-12","99999","V020","140,1,N,0005,1","22000,1,9,N","004000,1,9,9","+0192,1","+0127,1","10128,1",,,,,,"9,AGL   ,+99999,+99999","02,99,1,99,9,99,9,99999,9,99,9,99,9","240,M,+0304,1","240,N,+0126,1","99999,9,09283,1","9,9,999,9,-004,1",,"SYN06443291 32996 21401 10192 20127 39283 40128 333 10304 20126 59004=",
"43291099999","2022-12-26T03:00:00","4","12.3","76.7","767.0","MYSORE, IN","FM-12","99999","V020","230,1,N,0005,1","22000,1,9,N","004000,1,9,9","+0218,1","+0184,1","10123,1","24,0060,3,1",,,,,"9,AGL   ,+99999,+99999","03,99,1,99,9,99,9,99999,9,99,9,99,9","240,M,+0298,1","240,N,+0164,1","99999,9,09287,1","9,9,999,9,+004,1",,"SYN07043291 32996 32301 10218 20184 39287 40123 333 10298 20164 58004 6006/=",
"43291099999","2022-12-27T03:00:00","4","12.3","76.7","767.0","MYSORE, IN","FM-12","99999","V020","140,1,N,0005,1","22000,1,9,N","004000,1,9,9","+0220,1","+0193,1","10126,1","24,0020,3,1",,,,,"9,AGL   ,+99999,+99999","02,99,1,99,9,99,9,99999,9,99,9,99,9","240,M,+0298,1","240,N,+0184,1","99999,9,09291,1","9,9,999,9,+004,1",,"SYN07043291 22996 21401 10220 20193 39291 40126 333 10298 20184 58004 6002/=",
"43291099999","2022-12-28T03:00:00","4","12.3","76.7","767.0","MYSORE, IN","FM-12","99999","V020","999,9,C,0000,1","22000,1,9,N","004000,1,9,9","+0222,1","+0195,1","10131,1",,,,,,"9,AGL   ,+99999,+99999","02,99,1,99,9,99,9,99999,9,99,9,99,9","240,M,+0307,1","240,N,+0190,1","99999,9,09296,1","9,9,999,9,+005,1",,"SYN06443291 32996 22700 10222 20195 39296 40131 333 10307 20190 58005=",
"43291099999","2022-12-29T03:00:00","4","12.3","76.7","767.0","MYSORE, IN","FM-12","99999","V020","160,1,N,0005,1","22000,1,9,N","004000,1,9,9","+0224,1","+0197,1","10131,1",,,,,,"9,AGL   ,+99999,+99999","02,99,1,99,9,99,9,99999,9,99,9,99,9","240,M,+0306,1","240,N,+0194,1","99999,9,09296,1","9,9,999,9,+000,1",,"SYN06443291 32996 21601 10224 20197 39296 40131 333 10306 20194 58000=",
"43291099999","2022-12-29T12:00:00","4","12.3","76.7","767.0","MYSORE, IN","FM-12","99999","V020","090,1,N,0010,1","22000,1,9,9","004000,1,9,9","+0280,1","+0194,1","10158,1","99,9999,9,9","0,1,99,9","0,1,99,9","99,9,+04000,1,99,9",,"9,AGL   ,+99999,+99999","04,99,1,99,9,99,9,04000,1,99,9,99,9",,,"99999,9,09314,1","9,9,999,9,+014,1",,"SYN004BUFR",
