split,scope,episode_id,label_category,anomaly_type,sensors,stations,cluster,start_utc,end_utc,affected_rows,random_seed,description,i10_domain,i10_lane,i10_seed,severity,stream_action
india_meteorological_s26083_train,train,INDIA_METEOROLOGICAL_S26083_TRAIN-I8-WX-0001,genuine_weather_scenario,regional_heatwave,"temperature,pressure,humidity","42705699999,43284099999,43295099999,43302599999,43321099999",india_bengaluru,2022-09-10T12:00:00+00:00,2022-09-11T16:00:00+00:00,196,26083,Coherent regional_heatwave across at least three neighbour stations with causal spatial lag.,india,meteorological,26083,,
india_meteorological_s26083_train,train,INDIA_METEOROLOGICAL_S26083_TRAIN-I8-WX-0002,genuine_weather_scenario,regional_heatwave,"temperature,pressure,humidity","42705699999,43284099999,43295099999,43302599999,43321099999",india_bengaluru,2022-05-01T02:00:00+00:00,2022-05-02T02:00:00+00:00,169,26083,Coherent regional_heatwave across at least three neighbour stations with causal spatial lag.,india,meteorological,26083,,
india_meteorological_s26083_train,train,INDIA_METEOROLOGICAL_S26083_TRAIN-I8-WX-0003,genuine_weather_scenario,regional_cold_surge,"temperature,pressure,humidity","42705699999,43284099999,43295099999,43302599999,43321099999",india_bengaluru,2022-02-05T03:00:00+00:00,2022-02-05T21:30:00+00:00,129,26083,Coherent regional_cold_surge across at least three neighbour stations with causal spatial lag.,india,meteorological,26083,,
india_meteorological_s26083_train,train,INDIA_METEOROLOGICAL_S26083_TRAIN-I8-WX-0004,genuine_weather_scenario,regional_cold_surge,"temperature,pressure,humidity","42705699999,43284099999,43295099999,43302599999,43321099999",india_bengaluru,2022-02-17T20:00:00+00:00,2022-02-18T13:00:00+00:00,128,26083,Coherent regional_cold_surge across at least three neighbour stations with causal spatial lag.,india,meteorological,26083,,
india_meteorological_s26083_train,train,INDIA_METEOROLOGICAL_S26083_TRAIN-I8-WX-0005,genuine_weather_scenario,pressure_front,"temperature,pressure,humidity","42705699999,43284099999,43295099999,43302599999,43321099999",india_bengaluru,2022-07-16T00:30:00+00:00,2022-07-17T01:00:00+00:00,176,26083,Coherent pressure_front across at least three neighbour stations with causal spatial lag.,india,meteorological,26083,,
india_meteorological_s26083_train,train,INDIA_METEOROLOGICAL_S26083_TRAIN-I8-WX-0006,genuine_weather_scenario,pressure_front,"temperature,pressure,humidity","42705699999,43284099999,43295099999,43302599999,43321099999",india_bengaluru,2022-11-20T18:30:00+00:00,2022-11-21T09:30:00+00:00,108,26083,Coherent pressure_front across at least three neighbour stations with causal spatial lag.,india,meteorological,26083,,
india_meteorological_s26083_train,train,INDIA_METEOROLOGICAL_S26083_TRAIN-I8-WX-0007,genuine_weather_scenario,humidity_surge,"temperature,pressure,humidity","42705699999,43284099999,43295099999,43302599999,43321099999",india_bengaluru,2022-11-12T12:30:00+00:00,2022-11-13T19:00:00+00:00,223,26083,Coherent humidity_surge across at least three neighbour stations with causal spatial lag.,india,meteorological,26083,,
india_meteorological_s26083_train,train,INDIA_METEOROLOGICAL_S26083_TRAIN-I8-WX-0008,genuine_weather_scenario,humidity_surge,"temperature,pressure,humidity","42705699999,43284099999,43295099999,43302599999,43321099999",india_bengaluru,2022-03-16T06:30:00+00:00,2022-03-17T03:00:00+00:00,143,26083,Coherent humidity_surge across at least three neighbour stations with causal spatial lag.,india,meteorological,26083,,
india_meteorological_s26083_train,train,INDIA_METEOROLOGICAL_S26083_TRAIN-I8-WX-0009,genuine_weather_scenario,dry_intrusion,"temperature,pressure,humidity","42705699999,43284099999,43295099999,43302599999,43321099999",india_bengaluru,2022-06-26T17:00:00+00:00,2022-06-27T19:00:00+00:00,186,26083,Coherent dry_intrusion across at least three neighbour stations with causal spatial lag.,india,meteorological,26083,,
india_meteorological_s26083_train,train,INDIA_METEOROLOGICAL_S26083_TRAIN-I8-WX-0010,genuine_weather_scenario,dry_intrusion,"temperature,pressure,humidity","42705699999,43284099999,43295099999,43302599999,43321099999",india_bengaluru,2022-09-12T12:00:00+00:00,2022-09-13T01:30:00+00:00,69,26083,Coherent dry_intrusion across at least three neighbour stations with causal spatial lag.,india,meteorological,26083,,
india_meteorological_s26083_train,train,INDIA_METEOROLOGICAL_S26083_TRAIN-I8-WX-0011,genuine_weather_scenario,multivariate_storm,"temperature,pressure,humidity","42705699999,43284099999,43295099999,43302599999,43321099999",india_bengaluru,2022-03-04T18:30:00+00:00,2022-03-05T21:30:00+00:00,194,26083,Coherent multivariate_storm across at least three neighbour stations with causal spatial lag.,india,meteorological,26083,,
india_meteorological_s26083_train,train,INDIA_METEOROLOGICAL_S26083_TRAIN-I8-WX-0012,genuine_weather_scenario,multivariate_storm,"temperature,pressure,humidity","42705699999,43284099999,43295099999,43302599999,43321099999",india_bengaluru,2022-10-26T08:30:00+00:00,2022-10-27T10:30:00+00:00,182,26083,Coherent multivariate_storm across at least three neighbour stations with causal spatial lag.,india,meteorological,26083,,
india_meteorological_s26083_train,train,INDIA_METEOROLOGICAL_S26083_TRAIN-I8-FLT-0013,sensor_fault,bias,temperature,42705699999,india_bengaluru,2022-06-13T02:00:00+00:00,2022-06-14T07:00:00+00:00,59,26083,bias applied to one temperature sensor with a low-to-moderate severity ladder.,india,meteorological,26083,,
india_meteorological_s26083_train,train,INDIA_METEOROLOGICAL_S26083_TRAIN-I8-FLT-0014,sensor_fault,bias,pressure,42705699999,india_bengaluru,2022-01-14T16:30:00+00:00,2022-01-15T13:00:00+00:00,42,26083,bias applied to one pressure sensor with a low-to-moderate severity ladder.,india,meteorological,26083,,
india_meteorological_s26083_train,train,INDIA_METEOROLOGICAL_S26083_TRAIN-I8-FLT-0015,sensor_fault,bias,pressure,43321099999,india_bengaluru,2022-12-04T07:00:00+00:00,2022-12-05T11:30:00+00:00,58,26083,bias applied to one pressure sensor with a low-to-moderate severity ladder.,india,meteorological,26083,,
india_meteorological_s26083_train,train,INDIA_METEOROLOGICAL_S26083_TRAIN-I8-FLT-0016,sensor_fault,bias,temperature,43302599999,india_bengaluru,2022-10-20T03:30:00+00:00,2022-10-21T12:00:00+00:00,45,26083,bias applied to one temperature sensor with a low-to-moderate severity ladder.,india,meteorological,26083,,
india_meteorological_s26083_train,train,INDIA_METEOROLOGICAL_S26083_TRAIN-I8-FLT-0017,sensor_fault,drift,temperature,43321099999,india_bengaluru,2022-04-03T04:00:00+00:00,2022-04-04T17:00:00+00:00,68,26083,drift applied to one temperature sensor with a low-to-moderate severity ladder.,india,meteorological,26083,,
india_meteorological_s26083_train,train,INDIA_METEOROLOGICAL_S26083_TRAIN-I8-FLT-0018,sensor_fault,drift,temperature,42705699999,india_bengaluru,2022-03-23T07:00:00+00:00,2022-03-24T08:00:00+00:00,50,26083,drift applied to one temperature sensor with a low-to-moderate severity ladder.,india,meteorological,26083,,
india_meteorological_s26083_train,train,INDIA_METEOROLOGICAL_S26083_TRAIN-I8-FLT-0019,sensor_fault,drift,temperature,43295099999,india_bengaluru,2022-06-19T09:00:00+00:00,2022-06-19T21:00:00+00:00,5,26083,drift applied to one temperature sensor with a low-to-moderate severity ladder.,india,meteorological,26083,,
india_meteorological_s26083_train,train,INDIA_METEOROLOGICAL_S26083_TRAIN-I8-FLT-0020,sensor_fault,drift,temperature,42705699999,india_bengaluru,2022-06-09T08:00:00+00:00,2022-06-10T00:00:00+00:00,33,26083,drift applied to one temperature sensor with a low-to-moderate severity ladder.,india,meteorological,26083,,
india_meteorological_s26083_train,train,INDIA_METEOROLOGICAL_S26083_TRAIN-I8-FLT-0021,sensor_fault,frozen_sensor,pressure,43295099999,india_bengaluru,2022-07-24T00:00:00+00:00,2022-07-25T09:00:00+00:00,12,26083,frozen_sensor applied to one pressure sensor with a low-to-moderate severity ladder.,india,meteorological,26083,,
india_meteorological_s26083_train,train,INDIA_METEOROLOGICAL_S26083_TRAIN-I8-FLT-0022,sensor_fault,frozen_sensor,pressure,43321099999,india_bengaluru,2022-03-21T21:00:00+00:00,2022-03-22T23:00:00+00:00,48,26083,frozen_sensor applied to one pressure sensor with a low-to-moderate severity ladder.,india,meteorological,26083,,
india_meteorological_s26083_train,train,INDIA_METEOROLOGICAL_S26083_TRAIN-I8-FLT-0023,sensor_fault,frozen_sensor,temperature,43321099999,india_bengaluru,2022-12-17T07:30:00+00:00,2022-12-17T21:00:00+00:00,28,26083,frozen_sensor applied to one temperature sensor with a low-to-moderate severity ladder.,india,meteorological,26083,,
india_meteorological_s26083_train,train,INDIA_METEOROLOGICAL_S26083_TRAIN-I8-FLT-0024,sensor_fault,frozen_sensor,pressure,43302599999,india_bengaluru,2022-11-25T00:00:00+00:00,2022-11-26T18:00:00+00:00,62,26083,frozen_sensor applied to one pressure sensor with a low-to-moderate severity ladder.,india,meteorological,26083,,
india_meteorological_s26083_train,train,INDIA_METEOROLOGICAL_S26083_TRAIN-I8-FLT-0025,sensor_fault,spike,humidity,43284099999,india_bengaluru,2022-09-28T12:30:00+00:00,2022-09-28T12:30:00+00:00,1,26083,spike applied to one humidity sensor with a low-to-moderate severity ladder.,india,meteorological,26083,,
india_meteorological_s26083_train,train,INDIA_METEOROLOGICAL_S26083_TRAIN-I8-FLT-0026,sensor_fault,spike,temperature,43302599999,india_bengaluru,2022-07-27T05:00:00+00:00,2022-07-27T05:00:00+00:00,1,26083,spike applied to one temperature sensor with a low-to-moderate severity ladder.,india,meteorological,26083,,
india_meteorological_s26083_train,train,INDIA_METEOROLOGICAL_S26083_TRAIN-I8-FLT-0027,sensor_fault,spike,pressure,43284099999,india_bengaluru,2022-12-21T16:00:00+00:00,2022-12-21T16:00:00+00:00,1,26083,spike applied to one pressure sensor with a low-to-moderate severity ladder.,india,meteorological,26083,,
india_meteorological_s26083_train,train,INDIA_METEOROLOGICAL_S26083_TRAIN-I8-FLT-0028,sensor_fault,spike,humidity,43321099999,india_bengaluru,2022-04-15T12:30:00+00:00,2022-04-15T12:30:00+00:00,1,26083,spike applied to one humidity sensor with a low-to-moderate severity ladder.,india,meteorological,26083,,
india_meteorological_s26083_train,train,INDIA_METEOROLOGICAL_S26083_TRAIN-I8-FLT-0029,sensor_fault,noise,humidity,43284099999,india_bengaluru,2022-05-24T22:30:00+00:00,2022-05-25T07:00:00+00:00,18,26083,noise applied to one humidity sensor with a low-to-moderate severity ladder.,india,meteorological,26083,,
india_meteorological_s26083_train,train,INDIA_METEOROLOGICAL_S26083_TRAIN-I8-FLT-0030,sensor_fault,noise,temperature,43284099999,india_bengaluru,2022-04-28T13:00:00+00:00,2022-04-29T15:00:00+00:00,53,26083,noise applied to one temperature sensor with a low-to-moderate severity ladder.,india,meteorological,26083,,
india_meteorological_s26083_train,train,INDIA_METEOROLOGICAL_S26083_TRAIN-I8-FLT-0031,sensor_fault,noise,humidity,43321099999,india_bengaluru,2022-02-08T02:00:00+00:00,2022-02-09T02:00:00+00:00,41,26083,noise applied to one humidity sensor with a low-to-moderate severity ladder.,india,meteorological,26083,,
india_meteorological_s26083_train,train,INDIA_METEOROLOGICAL_S26083_TRAIN-I8-FLT-0032,sensor_fault,noise,pressure,43284099999,india_bengaluru,2022-09-21T10:00:00+00:00,2022-09-22T09:30:00+00:00,47,26083,noise applied to one pressure sensor with a low-to-moderate severity ladder.,india,meteorological,26083,,
india_meteorological_s26083_train,train,INDIA_METEOROLOGICAL_S26083_TRAIN-I8-WX-0033,genuine_weather_scenario,regional_heatwave,"temperature,pressure,humidity","43245099999,43279099999,43329099999",india_chennai,2022-03-04T14:00:00+00:00,2022-03-05T02:00:00+00:00,33,26083,Coherent regional_heatwave across at least three neighbour stations with causal spatial lag.,india,meteorological,26083,,
india_meteorological_s26083_train,train,INDIA_METEOROLOGICAL_S26083_TRAIN-I8-WX-0034,genuine_weather_scenario,regional_heatwave,"temperature,pressure,humidity","43245099999,43275099999,43278099999,43279099999,43329099999",india_chennai,2022-02-28T03:00:00+00:00,2022-03-01T01:30:00+00:00,66,26083,Coherent regional_heatwave across at least three neighbour stations with causal spatial lag.,india,meteorological,26083,,
india_meteorological_s26083_train,train,INDIA_METEOROLOGICAL_S26083_TRAIN-I8-WX-0035,genuine_weather_scenario,regional_cold_surge,"temperature,pressure,humidity","43245099999,43278099999,43279099999,43329099999",india_chennai,2022-10-03T08:00:00+00:00,2022-10-03T21:30:00+00:00,40,26083,Coherent regional_cold_surge across at least three neighbour stations with causal spatial lag.,india,meteorological,26083,,
india_meteorological_s26083_train,train,INDIA_METEOROLOGICAL_S26083_TRAIN-I8-WX-0036,genuine_weather_scenario,regional_cold_surge,"temperature,pressure,humidity","43245099999,43275099999,43278099999,43279099999,43329099999",india_chennai,2022-11-22T12:00:00+00:00,2022-11-23T18:00:00+00:00,94,26083,Coherent regional_cold_surge across at least three neighbour stations with causal spatial lag.,india,meteorological,26083,,
india_meteorological_s26083_train,train,INDIA_METEOROLOGICAL_S26083_TRAIN-I8-WX-0037,genuine_weather_scenario,pressure_front,"temperature,pressure,humidity","43245099999,43275099999,43278099999,43279099999,43329099999",india_chennai,2022-12-19T02:00:00+00:00,2022-12-20T05:00:00+00:00,86,26083,Coherent pressure_front across at least three neighbour stations with causal spatial lag.,india,meteorological,26083,,
india_meteorological_s26083_train,train,INDIA_METEOROLOGICAL_S26083_TRAIN-I8-WX-0038,genuine_weather_scenario,pressure_front,"temperature,pressure,humidity","43245099999,43275099999,43278099999,43279099999,43329099999",india_chennai,2022-12-12T20:00:00+00:00,2022-12-13T23:00:00+00:00,77,26083,Coherent pressure_front across at least three neighbour stations with causal spatial lag.,india,meteorological,26083,,
india_meteorological_s26083_train,train,INDIA_METEOROLOGICAL_S26083_TRAIN-I8-WX-0039,genuine_weather_scenario,humidity_surge,"temperature,pressure,humidity","43245099999,43275099999,43278099999,43279099999,43329099999",india_chennai,2022-09-19T11:30:00+00:00,2022-09-20T13:30:00+00:00,84,26083,Coherent humidity_surge across at least three neighbour stations with causal spatial lag.,india,meteorological,26083,,
india_meteorological_s26083_train,train,INDIA_METEOROLOGICAL_S26083_TRAIN-I8-WX-0040,genuine_weather_scenario,humidity_surge,"temperature,pressure,humidity","43245099999,43275099999,43278099999,43279099999,43329099999",india_chennai,2022-03-08T18:00:00+00:00,2022-03-09T18:30:00+00:00,78,26083,Coherent humidity_surge across at least three neighbour stations with causal spatial lag.,india,meteorological,26083,,
india_meteorological_s26083_train,train,INDIA_METEOROLOGICAL_S26083_TRAIN-I8-WX-0041,genuine_weather_scenario,dry_intrusion,"temperature,pressure,humidity","43245099999,43275099999,43278099999,43279099999,43329099999",india_chennai,2022-01-16T12:00:00+00:00,2022-01-17T12:30:00+00:00,73,26083,Coherent dry_intrusion across at least three neighbour stations with causal spatial lag.,india,meteorological,26083,,
india_meteorological_s26083_train,train,INDIA_METEOROLOGICAL_S26083_TRAIN-I8-WX-0042,genuine_weather_scenario,dry_intrusion,"temperature,pressure,humidity","43245099999,43275099999,43278099999,43279099999,43329099999",india_chennai,2022-10-12T05:30:00+00:00,2022-10-13T08:00:00+00:00,84,26083,Coherent dry_intrusion across at least three neighbour stations with causal spatial lag.,india,meteorological,26083,,
india_meteorological_s26083_train,train,INDIA_METEOROLOGICAL_S26083_TRAIN-I8-WX-0043,genuine_weather_scenario,multivariate_storm,"temperature,pressure,humidity","43245099999,43275099999,43278099999,43279099999,43329099999",india_chennai,2022-04-10T00:00:00+00:00,2022-04-10T21:00:00+00:00,63,26083,Coherent multivariate_storm across at least three neighbour stations with causal spatial lag.,india,meteorological,26083,,
india_meteorological_s26083_train,train,INDIA_METEOROLOGICAL_S26083_TRAIN-I8-WX-0044,genuine_weather_scenario,multivariate_storm,"temperature,pressure,humidity","43245099999,43275099999,43278099999,43279099999,43329099999",india_chennai,2022-04-18T18:00:00+00:00,2022-04-19T08:30:00+00:00,42,26083,Coherent multivariate_storm across at least three neighbour stations with causal spatial lag.,india,meteorological,26083,,
india_meteorological_s26083_train,train,INDIA_METEOROLOGICAL_S26083_TRAIN-I8-FLT-0045,sensor_fault,bias,temperature,43278099999,india_chennai,2022-04-24T00:00:00+00:00,2022-04-25T15:00:00+00:00,12,26083,bias applied to one temperature sensor with a low-to-moderate severity ladder.,india,meteorological,26083,,
india_meteorological_s26083_train,train,INDIA_METEOROLOGICAL_S26083_TRAIN-I8-FLT-0046,sensor_fault,bias,humidity,43279099999,india_chennai,2022-10-19T15:30:00+00:00,2022-10-20T12:30:00+00:00,42,26083,bias applied to one humidity sensor with a low-to-moderate severity ladder.,india,meteorological,26083,,
india_meteorological_s26083_train,train,INDIA_METEOROLOGICAL_S26083_TRAIN-I8-FLT-0047,sensor_fault,bias,pressure,43245099999,india_chennai,2022-09-20T15:00:00+00:00,2022-09-21T15:00:00+00:00,9,26083,bias applied to one pressure sensor with a low-to-moderate severity ladder.,india,meteorological,26083,,
india_meteorological_s26083_train,train,INDIA_METEOROLOGICAL_S26083_TRAIN-I8-FLT-0048,sensor_fault,bias,temperature,43245099999,india_chennai,2022-03-17T15:00:00+00:00,2022-03-17T21:00:00+00:00,3,26083,bias applied to one temperature sensor with a low-to-moderate severity ladder.,india,meteorological,26083,,
india_meteorological_s26083_train,train,INDIA_METEOROLOGICAL_S26083_TRAIN-I8-FLT-0049,sensor_fault,drift,pressure,43275099999,india_chennai,2022-10-25T12:00:00+00:00,2022-10-26T09:00:00+00:00,5,26083,drift applied to one pressure sensor with a low-to-moderate severity ladder.,india,meteorological,26083,,
india_meteorological_s26083_train,train,INDIA_METEOROLOGICAL_S26083_TRAIN-I8-FLT-0050,sensor_fault,drift,pressure,43279099999,india_chennai,2022-06-09T13:30:00+00:00,2022-06-10T02:30:00+00:00,27,26083,drift applied to one pressure sensor with a low-to-moderate severity ladder.,india,meteorological,26083,,
india_meteorological_s26083_train,train,INDIA_METEOROLOGICAL_S26083_TRAIN-I8-FLT-0051,sensor_fault,drift,temperature,43245099999,india_chennai,2022-02-09T21:00:00+00:00,2022-02-11T21:00:00+00:00,17,26083,drift applied to one temperature sensor with a low-to-moderate severity ladder.,india,meteorological,26083,,
india_meteorological_s26083_train,train,INDIA_METEOROLOGICAL_S26083_TRAIN-I8-FLT-0052,sensor_fault,drift,pressure,43275099999,india_chennai,2022-04-15T06:00:00+00:00,2022-04-16T12:00:00+00:00,8,26083,drift applied to one pressure sensor with a low-to-moderate severity ladder.,india,meteorological,26083,,
india_meteorological_s26083_train,train,INDIA_METEOROLOGICAL_S26083_TRAIN-I8-FLT-0053,sensor_fault,frozen_sensor,temperature,43245099999,india_chennai,2022-10-29T06:00:00+00:00,2022-10-30T00:00:00+00:00,7,26083,frozen_sensor applied to one temperature sensor with a low-to-moderate severity ladder.,india,meteorological,26083,,
india_meteorological_s26083_train,train,INDIA_METEOROLOGICAL_S26083_TRAIN-I8-FLT-0054,sensor_fault,frozen_sensor,temperature,43245099999,india_chennai,2022-04-25T09:00:00+00:00,2022-04-27T03:00:00+00:00,15,26083,frozen_sensor applied to one temperature sensor with a low-to-moderate severity ladder.,india,meteorological,26083,,
india_meteorological_s26083_train,train,INDIA_METEOROLOGICAL_S26083_TRAIN-I8-FLT-0055,sensor_fault,frozen_sensor,temperature,43279099999,india_chennai,2022-02-10T12:30:00+00:00,2022-02-12T09:00:00+00:00,90,26083,frozen_sensor applied to one temperature sensor with a low-to-moderate severity ladder.,india,meteorological,26083,,
india_meteorological_s26083_train,train,INDIA_METEOROLOGICAL_S26083_TRAIN-I8-FLT-0056,sensor_fault,frozen_sensor,humidity,43275099999,india_chennai,2022-06-17T00:00:00+00:00,2022-06-17T09:00:00+00:00,4,26083,frozen_sensor applied to one humidity sensor with a low-to-moderate severity ladder.,india,meteorological,26083,,
india_meteorological_s26083_train,train,INDIA_METEOROLOGICAL_S26083_TRAIN-I8-FLT-0057,sensor_fault,spike,humidity,43279099999,india_chennai,2022-06-03T21:30:00+00:00,2022-06-03T21:30:00+00:00,1,26083,spike applied to one humidity sensor with a low-to-moderate severity ladder.,india,meteorological,26083,,
india_meteorological_s26083_train,train,INDIA_METEOROLOGICAL_S26083_TRAIN-I8-FLT-0058,sensor_fault,spike,temperature,43279099999,india_chennai,2022-09-24T07:30:00+00:00,2022-09-24T07:30:00+00:00,1,26083,spike applied to one temperature sensor with a low-to-moderate severity ladder.,india,meteorological,26083,,
india_meteorological_s26083_train,train,INDIA_METEOROLOGICAL_S26083_TRAIN-I8-FLT-0059,sensor_fault,spike,humidity,43279099999,india_chennai,2022-07-23T21:00:00+00:00,2022-07-23T21:00:00+00:00,1,26083,spike applied to one humidity sensor with a low-to-moderate severity ladder.,india,meteorological,26083,,
india_meteorological_s26083_train,train,INDIA_METEOROLOGICAL_S26083_TRAIN-I8-FLT-0060,sensor_fault,spike,pressure,43279099999,india_chennai,2022-12-17T12:00:00+00:00,2022-12-17T12:00:00+00:00,1,26083,spike applied to one pressure sensor with a low-to-moderate severity ladder.,india,meteorological,26083,,
india_meteorological_s26083_train,train,INDIA_METEOROLOGICAL_S26083_TRAIN-I8-FLT-0061,sensor_fault,noise,humidity,43279099999,india_chennai,2022-10-18T16:30:00+00:00,2022-10-20T16:00:00+00:00,51,26083,noise applied to one humidity sensor with a low-to-moderate severity ladder.,india,meteorological,26083,,
india_meteorological_s26083_train,train,INDIA_METEOROLOGICAL_S26083_TRAIN-I8-FLT-0062,sensor_fault,noise,temperature,43279099999,india_chennai,2022-07-19T15:00:00+00:00,2022-07-21T10:00:00+00:00,87,26083,noise applied to one temperature sensor with a low-to-moderate severity ladder.,india,meteorological,26083,,
india_meteorological_s26083_train,train,INDIA_METEOROLOGICAL_S26083_TRAIN-I8-FLT-0063,sensor_fault,noise,humidity,43275099999,india_chennai,2022-01-27T03:00:00+00:00,2022-01-28T12:00:00+00:00,9,26083,noise applied to one humidity sensor with a low-to-moderate severity ladder.,india,meteorological,26083,,
india_meteorological_s26083_train,train,INDIA_METEOROLOGICAL_S26083_TRAIN-I8-FLT-0064,sensor_fault,noise,temperature,43245099999,india_chennai,2022-11-19T21:00:00+00:00,2022-11-20T21:00:00+00:00,9,26083,noise applied to one temperature sensor with a low-to-moderate severity ladder.,india,meteorological,26083,,
india_meteorological_s26083_train,train,INDIA_METEOROLOGICAL_S26083_TRAIN-I8-WX-0065,genuine_weather_scenario,regional_heatwave,"temperature,pressure,humidity","42181099999,42182099999,42189099999,42348099999,42361099999",india_delhi,2022-10-31T11:00:00+00:00,2022-11-01T04:00:00+00:00,80,26083,Coherent regional_heatwave across at least three neighbour stations with causal spatial lag.,india,meteorological,26083,,
india_meteorological_s26083_train,train,INDIA_METEOROLOGICAL_S26083_TRAIN-I8-WX-0066,genuine_weather_scenario,regional_heatwave,"temperature,pressure,humidity","42181099999,42182099999,42189099999,42348099999,42361099999",india_delhi,2022-04-28T11:30:00+00:00,2022-04-29T08:00:00+00:00,97,26083,Coherent regional_heatwave across at least three neighbour stations with causal spatial lag.,india,meteorological,26083,,
india_meteorological_s26083_train,train,INDIA_METEOROLOGICAL_S26083_TRAIN-I8-WX-0067,genuine_weather_scenario,regional_cold_surge,"temperature,pressure,humidity","42182099999,42189099999,42361099999",india_delhi,2022-07-03T03:00:00+00:00,2022-07-03T15:00:00+00:00,17,26083,Coherent regional_cold_surge across at least three neighbour stations with causal spatial lag.,india,meteorological,26083,,
india_meteorological_s26083_train,train,INDIA_METEOROLOGICAL_S26083_TRAIN-I8-WX-0068,genuine_weather_scenario,regional_cold_surge,"temperature,pressure,humidity","42181099999,42182099999,42189099999,42348099999,42361099999",india_delhi,2022-08-09T18:00:00+00:00,2022-08-10T07:30:00+00:00,62,26083,Coherent regional_cold_surge across at least three neighbour stations with causal spatial lag.,india,meteorological,26083,,
india_meteorological_s26083_train,train,INDIA_METEOROLOGICAL_S26083_TRAIN-I8-WX-0069,genuine_weather_scenario,pressure_front,"temperature,pressure,humidity","42181099999,42182099999,42189099999,42348099999,42361099999",india_delhi,2022-04-07T06:30:00+00:00,2022-04-08T05:00:00+00:00,99,26083,Coherent pressure_front across at least three neighbour stations with causal spatial lag.,india,meteorological,26083,,
india_meteorological_s26083_train,train,INDIA_METEOROLOGICAL_S26083_TRAIN-I8-WX-0070,genuine_weather_scenario,pressure_front,"temperature,pressure,humidity","42181099999,42182099999,42189099999,42348099999,42361099999",india_delhi,2022-02-08T00:30:00+00:00,2022-02-08T20:30:00+00:00,114,26083,Coherent pressure_front across at least three neighbour stations with causal spatial lag.,india,meteorological,26083,,
india_meteorological_s26083_train,train,INDIA_METEOROLOGICAL_S26083_TRAIN-I8-WX-0071,genuine_weather_scenario,humidity_surge,"temperature,pressure,humidity","42181099999,42182099999,42189099999,42348099999,42361099999",india_delhi,2022-05-20T11:00:00+00:00,2022-05-21T10:30:00+00:00,123,26083,Coherent humidity_surge across at least three neighbour stations with causal spatial lag.,india,meteorological,26083,,
india_meteorological_s26083_train,train,INDIA_METEOROLOGICAL_S26083_TRAIN-I8-WX-0072,genuine_weather_scenario,humidity_surge,"temperature,pressure,humidity","42181099999,42182099999,42189099999,42348099999,42361099999",india_delhi,2022-06-29T18:30:00+00:00,2022-06-30T19:00:00+00:00,118,26083,Coherent humidity_surge across at least three neighbour stations with causal spatial lag.,india,meteorological,26083,,
india_meteorological_s26083_train,train,INDIA_METEOROLOGICAL_S26083_TRAIN-I8-WX-0073,genuine_weather_scenario,dry_intrusion,"temperature,pressure,humidity","42181099999,42182099999,42189099999,42348099999,42361099999",india_delhi,2022-09-13T09:00:00+00:00,2022-09-14T01:30:00+00:00,77,26083,Coherent dry_intrusion across at least three neighbour stations with causal spatial lag.,india,meteorological,26083,,
india_meteorological_s26083_train,train,INDIA_METEOROLOGICAL_S26083_TRAIN-I8-WX-0074,genuine_weather_scenario,dry_intrusion,"temperature,pressure,humidity","42181099999,42182099999,42189099999,42348099999,42361099999",india_delhi,2022-10-21T10:30:00+00:00,2022-10-22T04:30:00+00:00,87,26083,Coherent dry_intrusion across at least three neighbour stations with causal spatial lag.,india,meteorological,26083,,
india_meteorological_s26083_train,train,INDIA_METEOROLOGICAL_S26083_TRAIN-I8-WX-0075,genuine_weather_scenario,multivariate_storm,"temperature,pressure,humidity","42181099999,42182099999,42189099999,42348099999,42361099999",india_delhi,2022-06-15T00:00:00+00:00,2022-06-16T03:00:00+00:00,148,26083,Coherent multivariate_storm across at least three neighbour stations with causal spatial lag.,india,meteorological,26083,,
india_meteorological_s26083_train,train,INDIA_METEOROLOGICAL_S26083_TRAIN-I8-WX-0076,genuine_weather_scenario,multivariate_storm,"temperature,pressure,humidity","42181099999,42182099999,42189099999,42348099999,42361099999",india_delhi,2022-08-14T14:00:00+00:00,2022-08-15T11:30:00+00:00,102,26083,Coherent multivariate_storm across at least three neighbour stations with causal spatial lag.,india,meteorological,26083,,
india_meteorological_s26083_train,train,INDIA_METEOROLOGICAL_S26083_TRAIN-I8-FLT-0077,sensor_fault,bias,humidity,42181099999,india_delhi,2022-05-14T21:30:00+00:00,2022-05-16T19:00:00+00:00,92,26083,bias applied to one humidity sensor with a low-to-moderate severity ladder.,india,meteorological,26083,,
india_meteorological_s26083_train,train,INDIA_METEOROLOGICAL_S26083_TRAIN-I8-FLT-0078,sensor_fault,bias,pressure,42181099999,india_delhi,2022-04-03T17:00:00+00:00,2022-04-05T09:30:00+00:00,82,26083,bias applied to one pressure sensor with a low-to-moderate severity ladder.,india,meteorological,26083,,
india_meteorological_s26083_train,train,INDIA_METEOROLOGICAL_S26083_TRAIN-I8-FLT-0079,sensor_fault,bias,pressure,42182099999,india_delhi,2022-01-15T00:00:00+00:00,2022-01-16T03:00:00+00:00,10,26083,bias applied to one pressure sensor with a low-to-moderate severity ladder.,india,meteorological,26083,,
india_meteorological_s26083_train,train,INDIA_METEOROLOGICAL_S26083_TRAIN-I8-FLT-0080,sensor_fault,bias,temperature,42361099999,india_delhi,2022-10-10T06:00:00+00:00,2022-10-12T08:00:00+00:00,19,26083,bias applied to one temperature sensor with a low-to-moderate severity ladder.,india,meteorological,26083,,
india_meteorological_s26083_train,train,INDIA_METEOROLOGICAL_S26083_TRAIN-I8-FLT-0081,sensor_fault,drift,humidity,42181099999,india_delhi,2022-09-27T23:00:00+00:00,2022-09-29T14:30:00+00:00,79,26083,drift applied to one humidity sensor with a low-to-moderate severity ladder.,india,meteorological,26083,,
india_meteorological_s26083_train,train,INDIA_METEOROLOGICAL_S26083_TRAIN-I8-FLT-0082,sensor_fault,drift,temperature,42361099999,india_delhi,2022-03-22T15:00:00+00:00,2022-03-23T15:00:00+00:00,9,26083,drift applied to one temperature sensor with a low-to-moderate severity ladder.,india,meteorological,26083,,
india_meteorological_s26083_train,train,INDIA_METEOROLOGICAL_S26083_TRAIN-I8-FLT-0083,sensor_fault,drift,humidity,42189099999,india_delhi,2022-12-13T09:00:00+00:00,2022-12-14T12:00:00+00:00,10,26083,drift applied to one humidity sensor with a low-to-moderate severity ladder.,india,meteorological,26083,,
india_meteorological_s26083_train,train,INDIA_METEOROLOGICAL_S26083_TRAIN-I8-FLT-0084,sensor_fault,drift,temperature,42348099999,india_delhi,2022-07-20T08:30:00+00:00,2022-07-20T22:30:00+00:00,26,26083,drift applied to one temperature sensor with a low-to-moderate severity ladder.,india,meteorological,26083,,
india_meteorological_s26083_train,train,INDIA_METEOROLOGICAL_S26083_TRAIN-I8-FLT-0085,sensor_fault,frozen_sensor,humidity,42182099999,india_delhi,2022-02-25T11:00:00+00:00,2022-02-27T10:00:00+00:00,51,26083,frozen_sensor applied to one humidity sensor with a low-to-moderate severity ladder.,india,meteorological,26083,,
india_meteorological_s26083_train,train,INDIA_METEOROLOGICAL_S26083_TRAIN-I8-FLT-0086,sensor_fault,frozen_sensor,humidity,42361099999,india_delhi,2022-03-27T06:00:00+00:00,2022-03-28T18:00:00+00:00,13,26083,frozen_sensor applied to one humidity sensor with a low-to-moderate severity ladder.,india,meteorological,26083,,
india_meteorological_s26083_train,train,INDIA_METEOROLOGICAL_S26083_TRAIN-I8-FLT-0087,sensor_fault,frozen_sensor,temperature,42361099999,india_delhi,2022-09-08T21:00:00+00:00,2022-09-10T03:00:00+00:00,10,26083,frozen_sensor applied to one temperature sensor with a low-to-moderate severity ladder.,india,meteorological,26083,,
india_meteorological_s26083_train,train,INDIA_METEOROLOGICAL_S26083_TRAIN-I8-FLT-0088,sensor_fault,frozen_sensor,temperature,42348099999,india_delhi,2022-02-18T12:30:00+00:00,2022-02-20T08:30:00+00:00,89,26083,frozen_sensor applied to one temperature sensor with a low-to-moderate severity ladder.,india,meteorological,26083,,
india_meteorological_s26083_train,train,INDIA_METEOROLOGICAL_S26083_TRAIN-I8-FLT-0089,sensor_fault,spike,pressure,42348099999,india_delhi,2022-10-08T06:30:00+00:00,2022-10-08T06:30:00+00:00,1,26083,spike applied to one pressure sensor with a low-to-moderate severity ladder.,india,meteorological,26083,,
india_meteorological_s26083_train,train,INDIA_METEOROLOGICAL_S26083_TRAIN-I8-FLT-0090,sensor_fault,spike,pressure,42182099999,india_delhi,2022-09-06T06:00:00+00:00,2022-09-06T06:00:00+00:00,1,26083,spike applied to one pressure sensor with a low-to-moderate severity ladder.,india,meteorological,26083,,
india_meteorological_s26083_train,train,INDIA_METEOROLOGICAL_S26083_TRAIN-I8-FLT-0091,sensor_fault,spike,humidity,42182099999,india_delhi,2022-05-03T15:00:00+00:00,2022-05-03T15:00:00+00:00,1,26083,spike applied to one humidity sensor with a low-to-moderate severity ladder.,india,meteorological,26083,,
india_meteorological_s26083_train,train,INDIA_METEOROLOGICAL_S26083_TRAIN-I8-FLT-0092,sensor_fault,spike,temperature,42181099999,india_delhi,2022-06-12T06:00:00+00:00,2022-06-12T06:00:00+00:00,1,26083,spike applied to one temperature sensor with a low-to-moderate severity ladder.,india,meteorological,26083,,
india_meteorological_s26083_train,train,INDIA_METEOROLOGICAL_S26083_TRAIN-I8-FLT-0093,sensor_fault,noise,humidity,42181099999,india_delhi,2022-02-16T00:00:00+00:00,2022-02-16T12:30:00+00:00,26,26083,noise applied to one humidity sensor with a low-to-moderate severity ladder.,india,meteorological,26083,,
india_meteorological_s26083_train,train,INDIA_METEOROLOGICAL_S26083_TRAIN-I8-FLT-0094,sensor_fault,noise,temperature,42181099999,india_delhi,2022-01-12T01:30:00+00:00,2022-01-13T00:00:00+00:00,46,26083,noise applied to one temperature sensor with a low-to-moderate severity ladder.,india,meteorological,26083,,
india_meteorological_s26083_train,train,INDIA_METEOROLOGICAL_S26083_TRAIN-I8-FLT-0095,sensor_fault,noise,humidity,42348099999,india_delhi,2022-07-05T17:30:00+00:00,2022-07-06T08:00:00+00:00,30,26083,noise applied to one humidity sensor with a low-to-moderate severity ladder.,india,meteorological,26083,,
india_meteorological_s26083_train,train,INDIA_METEOROLOGICAL_S26083_TRAIN-I8-FLT-0096,sensor_fault,noise,humidity,42181099999,india_delhi,2022-05-22T15:00:00+00:00,2022-05-23T04:00:00+00:00,27,26083,noise applied to one humidity sensor with a low-to-moderate severity ladder.,india,meteorological,26083,,
india_meteorological_s26083_train,train,INDIA_METEOROLOGICAL_S26083_TRAIN-I8-WX-0097,genuine_weather_scenario,regional_heatwave,"temperature,pressure,humidity","43021099999,43128099999,43128599999,43181099999,43213099999",india_hyderabad,2022-09-19T12:30:00+00:00,2022-09-20T08:00:00+00:00,97,26083,Coherent regional_heatwave across at least three neighbour stations with causal spatial lag.,india,meteorological,26083,,
india_meteorological_s26083_train,train,INDIA_METEOROLOGICAL_S26083_TRAIN-I8-WX-0098,genuine_weather_scenario,regional_heatwave,"temperature,pressure,humidity","43128099999,43128599999,43181099999,43213099999",india_hyderabad,2022-06-17T13:00:00+00:00,2022-06-18T04:30:00+00:00,69,26083,Coherent regional_heatwave across at least three neighbour stations with causal spatial lag.,india,meteorological,26083,,
india_meteorological_s26083_train,train,INDIA_METEOROLOGICAL_S26083_TRAIN-I8-WX-0099,genuine_weather_scenario,regional_cold_surge,"temperature,pressure,humidity","43128099999,43128599999,43181099999,43213099999",india_hyderabad,2022-12-12T21:00:00+00:00,2022-12-14T02:30:00+00:00,133,26083,Coherent regional_cold_surge across at least three neighbour stations with causal spatial lag.,india,meteorological,26083,,
india_meteorological_s26083_train,train,INDIA_METEOROLOGICAL_S26083_TRAIN-I8-WX-0100,genuine_weather_scenario,regional_cold_surge,"temperature,pressure,humidity","43128099999,43128599999,43181099999,43213099999",india_hyderabad,2022-12-18T11:30:00+00:00,2022-12-19T09:30:00+00:00,104,26083,Coherent regional_cold_surge across at least three neighbour stations with causal spatial lag.,india,meteorological,26083,,
india_meteorological_s26083_train,train,INDIA_METEOROLOGICAL_S26083_TRAIN-I8-WX-0101,genuine_weather_scenario,pressure_front,"temperature,pressure,humidity","43128099999,43128599999,43181099999,43213099999",india_hyderabad,2022-04-10T16:00:00+00:00,2022-04-11T16:30:00+00:00,127,26083,Coherent pressure_front across at least three neighbour stations with causal spatial lag.,india,meteorological,26083,,
india_meteorological_s26083_train,train,INDIA_METEOROLOGICAL_S26083_TRAIN-I8-WX-0102,genuine_weather_scenario,pressure_front,"temperature,pressure,humidity","43128099999,43128599999,43181099999,43213099999",india_hyderabad,2022-01-26T21:00:00+00:00,2022-01-27T13:30:00+00:00,90,26083,Coherent pressure_front across at least three neighbour stations with causal spatial lag.,india,meteorological,26083,,
india_meteorological_s26083_train,train,INDIA_METEOROLOGICAL_S26083_TRAIN-I8-WX-0103,genuine_weather_scenario,humidity_surge,"temperature,pressure,humidity","43128099999,43128599999,43181099999,43213099999",india_hyderabad,2022-08-25T05:30:00+00:00,2022-08-26T04:00:00+00:00,110,26083,Coherent humidity_surge across at least three neighbour stations with causal spatial lag.,india,meteorological,26083,,
india_meteorological_s26083_train,train,INDIA_METEOROLOGICAL_S26083_TRAIN-I8-WX-0104,genuine_weather_scenario,humidity_surge,"temperature,pressure,humidity","43128099999,43128599999,43181099999,43213099999",india_hyderabad,2022-06-23T07:30:00+00:00,2022-06-23T19:30:00+00:00,67,26083,Coherent humidity_surge across at least three neighbour stations with causal spatial lag.,india,meteorological,26083,,
india_meteorological_s26083_train,train,INDIA_METEOROLOGICAL_S26083_TRAIN-I8-WX-0105,genuine_weather_scenario,dry_intrusion,"temperature,pressure,humidity","43021099999,43128099999,43128599999,43181099999,43213099999",india_hyderabad,2022-12-10T23:00:00+00:00,2022-12-12T01:30:00+00:00,145,26083,Coherent dry_intrusion across at least three neighbour stations with causal spatial lag.,india,meteorological,26083,,
india_meteorological_s26083_train,train,INDIA_METEOROLOGICAL_S26083_TRAIN-I8-WX-0106,genuine_weather_scenario,dry_intrusion,"temperature,pressure,humidity","43128099999,43128599999,43181099999,43213099999",india_hyderabad,2022-06-05T12:00:00+00:00,2022-06-06T11:00:00+00:00,117,26083,Coherent dry_intrusion across at least three neighbour stations with causal spatial lag.,india,meteorological,26083,,
india_meteorological_s26083_train,train,INDIA_METEOROLOGICAL_S26083_TRAIN-I8-WX-0107,genuine_weather_scenario,multivariate_storm,"temperature,pressure,humidity","43021099999,43128099999,43128599999,43181099999,43213099999",india_hyderabad,2022-11-17T19:30:00+00:00,2022-11-19T00:00:00+00:00,155,26083,Coherent multivariate_storm across at least three neighbour stations with causal spatial lag.,india,meteorological,26083,,
india_meteorological_s26083_train,train,INDIA_METEOROLOGICAL_S26083_TRAIN-I8-WX-0108,genuine_weather_scenario,multivariate_storm,"temperature,pressure,humidity","43021099999,43128099999,43128599999,43181099999,43213099999",india_hyderabad,2022-03-09T01:30:00+00:00,2022-03-10T05:00:00+00:00,155,26083,Coherent multivariate_storm across at least three neighbour stations with causal spatial lag.,india,meteorological,26083,,
india_meteorological_s26083_train,train,INDIA_METEOROLOGICAL_S26083_TRAIN-I8-FLT-0109,sensor_fault,bias,humidity,43128599999,india_hyderabad,2022-04-13T08:30:00+00:00,2022-04-14T23:30:00+00:00,79,26083,bias applied to one humidity sensor with a low-to-moderate severity ladder.,india,meteorological,26083,,
india_meteorological_s26083_train,train,INDIA_METEOROLOGICAL_S26083_TRAIN-I8-FLT-0110,sensor_fault,bias,pressure,43021099999,india_hyderabad,2022-08-16T11:30:00+00:00,2022-08-16T13:00:00+00:00,4,26083,bias applied to one pressure sensor with a low-to-moderate severity ladder.,india,meteorological,26083,,
india_meteorological_s26083_train,train,INDIA_METEOROLOGICAL_S26083_TRAIN-I8-FLT-0111,sensor_fault,bias,temperature,43128599999,india_hyderabad,2022-02-10T10:00:00+00:00,2022-02-11T21:30:00+00:00,71,26083,bias applied to one temperature sensor with a low-to-moderate severity ladder.,india,meteorological,26083,,
india_meteorological_s26083_train,train,INDIA_METEOROLOGICAL_S26083_TRAIN-I8-FLT-0112,sensor_fault,bias,pressure,43181099999,india_hyderabad,2022-09-08T04:30:00+00:00,2022-09-09T02:30:00+00:00,33,26083,bias applied to one pressure sensor with a low-to-moderate severity ladder.,india,meteorological,26083,,
india_meteorological_s26083_train,train,INDIA_METEOROLOGICAL_S26083_TRAIN-I8-FLT-0113,sensor_fault,drift,temperature,43128099999,india_hyderabad,2022-07-26T18:00:00+00:00,2022-07-28T00:00:00+00:00,37,26083,drift applied to one temperature sensor with a low-to-moderate severity ladder.,india,meteorological,26083,,
india_meteorological_s26083_train,train,INDIA_METEOROLOGICAL_S26083_TRAIN-I8-FLT-0114,sensor_fault,drift,temperature,43181099999,india_hyderabad,2022-11-14T00:30:00+00:00,2022-11-15T17:00:00+00:00,68,26083,drift applied to one temperature sensor with a low-to-moderate severity ladder.,india,meteorological,26083,,
india_meteorological_s26083_train,train,INDIA_METEOROLOGICAL_S26083_TRAIN-I8-FLT-0115,sensor_fault,drift,temperature,43181099999,india_hyderabad,2022-05-28T12:30:00+00:00,2022-05-29T21:00:00+00:00,46,26083,drift applied to one temperature sensor with a low-to-moderate severity ladder.,india,meteorological,26083,,
india_meteorological_s26083_train,train,INDIA_METEOROLOGICAL_S26083_TRAIN-I8-FLT-0116,sensor_fault,drift,humidity,43128099999,india_hyderabad,2022-03-06T21:00:00+00:00,2022-03-07T15:30:00+00:00,30,26083,drift applied to one humidity sensor with a low-to-moderate severity ladder.,india,meteorological,26083,,
india_meteorological_s26083_train,train,INDIA_METEOROLOGICAL_S26083_TRAIN-I8-FLT-0117,sensor_fault,frozen_sensor,pressure,43128599999,india_hyderabad,2022-03-14T23:00:00+00:00,2022-03-16T09:00:00+00:00,69,26083,frozen_sensor applied to one pressure sensor with a low-to-moderate severity ladder.,india,meteorological,26083,,
india_meteorological_s26083_train,train,INDIA_METEOROLOGICAL_S26083_TRAIN-I8-FLT-0118,sensor_fault,frozen_sensor,temperature,43213099999,india_hyderabad,2022-09-14T00:00:00+00:00,2022-09-14T21:00:00+00:00,7,26083,frozen_sensor applied to one temperature sensor with a low-to-moderate severity ladder.,india,meteorological,26083,,
india_meteorological_s26083_train,train,INDIA_METEOROLOGICAL_S26083_TRAIN-I8-FLT-0119,sensor_fault,frozen_sensor,temperature,43181099999,india_hyderabad,2022-03-15T03:30:00+00:00,2022-03-17T05:00:00+00:00,76,26083,frozen_sensor applied to one temperature sensor with a low-to-moderate severity ladder.,india,meteorological,26083,,
india_meteorological_s26083_train,train,INDIA_METEOROLOGICAL_S26083_TRAIN-I8-FLT-0120,sensor_fault,frozen_sensor,temperature,43181099999,india_hyderabad,2022-04-27T03:00:00+00:00,2022-04-29T00:00:00+00:00,67,26083,frozen_sensor applied to one temperature sensor with a low-to-moderate severity ladder.,india,meteorological,26083,,
india_meteorological_s26083_train,train,INDIA_METEOROLOGICAL_S26083_TRAIN-I8-FLT-0121,sensor_fault,spike,temperature,43128099999,india_hyderabad,2022-06-05T10:30:00+00:00,2022-06-05T10:30:00+00:00,1,26083,spike applied to one temperature sensor with a low-to-moderate severity ladder.,india,meteorological,26083,,
india_meteorological_s26083_train,train,INDIA_METEOROLOGICAL_S26083_TRAIN-I8-FLT-0122,sensor_fault,spike,pressure,43128099999,india_hyderabad,2022-08-31T06:30:00+00:00,2022-08-31T06:30:00+00:00,1,26083,spike applied to one pressure sensor with a low-to-moderate severity ladder.,india,meteorological,26083,,
india_meteorological_s26083_train,train,INDIA_METEOROLOGICAL_S26083_TRAIN-I8-FLT-0123,sensor_fault,spike,pressure,43128599999,india_hyderabad,2022-07-10T23:00:00+00:00,2022-07-10T23:00:00+00:00,1,26083,spike applied to one pressure sensor with a low-to-moderate severity ladder.,india,meteorological,26083,,
india_meteorological_s26083_train,train,INDIA_METEOROLOGICAL_S26083_TRAIN-I8-FLT-0124,sensor_fault,spike,pressure,43181099999,india_hyderabad,2022-02-05T09:00:00+00:00,2022-02-05T09:00:00+00:00,1,26083,spike applied to one pressure sensor with a low-to-moderate severity ladder.,india,meteorological,26083,,
india_meteorological_s26083_train,train,INDIA_METEOROLOGICAL_S26083_TRAIN-I8-FLT-0125,sensor_fault,noise,temperature,43128099999,india_hyderabad,2022-08-12T18:00:00+00:00,2022-08-13T18:00:00+00:00,34,26083,noise applied to one temperature sensor with a low-to-moderate severity ladder.,india,meteorological,26083,,
india_meteorological_s26083_train,train,INDIA_METEOROLOGICAL_S26083_TRAIN-I8-FLT-0126,sensor_fault,noise,pressure,43213099999,india_hyderabad,2022-01-19T21:00:00+00:00,2022-01-21T00:00:00+00:00,10,26083,noise applied to one pressure sensor with a low-to-moderate severity ladder.,india,meteorological,26083,,
india_meteorological_s26083_train,train,INDIA_METEOROLOGICAL_S26083_TRAIN-I8-FLT-0127,sensor_fault,noise,humidity,43181099999,india_hyderabad,2022-09-22T02:30:00+00:00,2022-09-24T02:30:00+00:00,73,26083,noise applied to one humidity sensor with a low-to-moderate severity ladder.,india,meteorological,26083,,
india_meteorological_s26083_train,train,INDIA_METEOROLOGICAL_S26083_TRAIN-I8-FLT-0128,sensor_fault,noise,humidity,43128099999,india_hyderabad,2022-12-14T02:00:00+00:00,2022-12-15T21:00:00+00:00,64,26083,noise applied to one humidity sensor with a low-to-moderate severity ladder.,india,meteorological,26083,,
india_operational_s26083_train,train,INDIA_OPERATIONAL_S26083_TRAIN-FLT-0001,sensor_fault,communication_corruption,"temperature,pressure,humidity",42361099999,,2022-01-25T15:00:00Z,2022-01-25T15:00:00Z,1,26083,Communication corruption replaces all primary values with implausible numbers.,india,operational,26083,low,emit
india_operational_s26083_train,train,INDIA_OPERATIONAL_S26083_TRAIN-FLT-0002,sensor_fault,timestamp_error,timestamp,43213099999,,2022-07-15T06:00:00Z,2022-07-15T09:00:00Z,2,26083,Selected timestamps are shifted by 7200 seconds.,india,operational,26083,medium,timestamp_shift
india_operational_s26083_train,train,INDIA_OPERATIONAL_S26083_TRAIN-FLT-0003,sensor_fault,unit_error,temperature,43128099999,,2022-07-02T03:00:00Z,2022-07-02T03:00:00Z,1,26083,Celsius temperature is interpreted and emitted as Fahrenheit.,india,operational,26083,high,emit
india_operational_s26083_train,train,INDIA_OPERATIONAL_S26083_TRAIN-FLT-0004,sensor_fault,dropout,communication,42361099999,,2022-08-22T00:00:00Z,2022-08-22T09:00:00Z,4,26083,Consecutive station records are removed from the emitted stream.,india,operational,26083,medium,drop
india_operational_s26083_train,train,INDIA_OPERATIONAL_S26083_TRAIN-FLT-0005,sensor_fault,dropout,communication,43128599999,,2022-11-23T12:30:00Z,2022-11-23T23:30:00Z,23,26083,Consecutive station records are removed from the emitted stream.,india,operational,26083,low,drop
india_operational_s26083_train,train,INDIA_OPERATIONAL_S26083_TRAIN-FLT-0006,sensor_fault,scaling_error,humidity,43284099999,,2022-07-05T01:30:00Z,2022-07-05T01:30:00Z,1,26083,Humidity is multiplied by scaling factor 0.01.,india,operational,26083,high,emit
india_operational_s26083_train,train,INDIA_OPERATIONAL_S26083_TRAIN-FLT-0007,sensor_fault,spike,pressure,43181099999,,2022-10-07T06:00:00Z,2022-10-07T06:00:00Z,1,26083,Single-reading pressure spike of 10.09.,india,operational,26083,medium,emit
india_operational_s26083_train,train,INDIA_OPERATIONAL_S26083_TRAIN-FLT-0008,sensor_fault,scaling_error,pressure,42181099999,,2022-01-20T19:30:00Z,2022-01-20T19:30:00Z,1,26083,Pressure is multiplied by scaling factor 0.1.,india,operational,26083,high,emit
india_operational_s26083_train,train,INDIA_OPERATIONAL_S26083_TRAIN-FLT-0009,sensor_fault,sudden_drop,humidity,42348099999,,2022-09-19T00:30:00Z,2022-09-19T00:30:00Z,1,26083,Single-reading humidity drop of 48.39.,india,operational,26083,medium,emit
india_operational_s26083_train,train,INDIA_OPERATIONAL_S26083_TRAIN-FLT-0010,sensor_fault,bias,humidity,43329099999,,2022-01-27T15:00:00Z,2022-01-29T03:00:00Z,13,26083,Constant humidity bias of -14.12 across a contiguous episode.,india,operational,26083,medium,emit
india_operational_s26083_train,train,INDIA_OPERATIONAL_S26083_TRAIN-FLT-0011,sensor_fault,unit_error,temperature,43321099999,,2022-06-16T04:00:00Z,2022-06-16T04:00:00Z,1,26083,Celsius temperature is interpreted and emitted as Fahrenheit.,india,operational,26083,medium,emit
india_operational_s26083_train,train,INDIA_OPERATIONAL_S26083_TRAIN-FLT-0012,sensor_fault,multi_sensor_failure,"temperature,pressure,humidity",43295099999,,2022-10-18T15:00:00Z,2022-10-20T00:00:00Z,11,26083,All primary sensors remain constant across the episode.,india,operational,26083,low,emit
india_operational_s26083_train,train,INDIA_OPERATIONAL_S26083_TRAIN-FLT-0013,sensor_fault,unit_error,temperature,43321099999,,2022-09-19T15:30:00Z,2022-09-19T15:30:00Z,1,26083,Celsius temperature is interpreted and emitted as Fahrenheit.,india,operational,26083,medium,emit
india_operational_s26083_train,train,INDIA_OPERATIONAL_S26083_TRAIN-FLT-0014,sensor_fault,duplicate_packet,communication,43278099999,,2022-07-02T00:00:00Z,2022-07-02T00:00:00Z,1,26083,Selected station records are emitted twice by the replay engine.,india,operational,26083,high,duplicate
india_operational_s26083_train,train,INDIA_OPERATIONAL_S26083_TRAIN-FLT-0015,sensor_fault,bias,pressure,43284099999,,2022-12-02T09:00:00Z,2022-12-03T09:30:00Z,48,26083,Constant pressure bias of -14.36 across a contiguous episode.,india,operational,26083,high,emit
india_operational_s26083_train,train,INDIA_OPERATIONAL_S26083_TRAIN-FLT-0016,sensor_fault,bias,temperature,43321099999,,2022-03-21T00:00:00Z,2022-03-22T23:00:00Z,89,26083,Constant temperature bias of 5.62 across a contiguous episode.,india,operational,26083,medium,emit
india_operational_s26083_train,train,INDIA_OPERATIONAL_S26083_TRAIN-FLT-0017,sensor_fault,timestamp_error,timestamp,43181099999,,2022-01-06T07:00:00Z,2022-01-06T07:00:00Z,1,26083,Selected timestamps are shifted by -10800 seconds.,india,operational,26083,high,timestamp_shift
india_operational_s26083_train,train,INDIA_OPERATIONAL_S26083_TRAIN-FLT-0018,sensor_fault,scaling_error,humidity,42181099999,,2022-06-03T21:30:00Z,2022-06-03T21:30:00Z,1,26083,Humidity is multiplied by scaling factor 10.,india,operational,26083,high,emit
india_operational_s26083_train,train,INDIA_OPERATIONAL_S26083_TRAIN-FLT-0019,sensor_fault,communication_corruption,"temperature,pressure,humidity",42181099999,,2022-03-29T05:00:00Z,2022-03-29T05:30:00Z,2,26083,Communication corruption replaces all primary values with implausible numbers.,india,operational,26083,medium,emit
india_operational_s26083_train,train,INDIA_OPERATIONAL_S26083_TRAIN-FLT-0020,sensor_fault,frozen_sensor,pressure,43295099999,,2022-01-02T03:00:00Z,2022-01-03T09:00:00Z,11,26083,Pressure frozen at 914.90 for the episode.,india,operational,26083,medium,emit
india_operational_s26083_train,train,INDIA_OPERATIONAL_S26083_TRAIN-FLT-0021,sensor_fault,drift,pressure,43279099999,,2022-08-23T06:30:00Z,2022-08-24T20:30:00Z,77,26083,Gradual pressure drift ending at -10.24 from baseline.,india,operational,26083,medium,emit
india_operational_s26083_train,train,INDIA_OPERATIONAL_S26083_TRAIN-FLT-0022,sensor_fault,dropout,communication,43128099999,,2022-12-10T05:30:00Z,2022-12-10T18:00:00Z,20,26083,Consecutive station records are removed from the emitted stream.,india,operational,26083,medium,drop
india_operational_s26083_train,train,INDIA_OPERATIONAL_S26083_TRAIN-FLT-0023,sensor_fault,dropout,communication,43021099999,,2022-10-04T11:00:00Z,2022-10-05T05:30:00Z,10,26083,Consecutive station records are removed from the emitted stream.,india,operational,26083,medium,drop
india_operational_s26083_train,train,INDIA_OPERATIONAL_S26083_TRAIN-FLT-0024,sensor_fault,spike,pressure,43295099999,,2022-03-30T06:00:00Z,2022-03-30T06:00:00Z,1,26083,Single-reading pressure spike of -35.65.,india,operational,26083,high,emit
india_operational_s26083_train,train,INDIA_OPERATIONAL_S26083_TRAIN-FLT-0025,sensor_fault,dropout,communication,43278099999,,2022-11-26T00:00:00Z,2022-11-26T06:00:00Z,3,26083,Consecutive station records are removed from the emitted stream.,india,operational,26083,medium,drop
india_operational_s26083_train,train,INDIA_OPERATIONAL_S26083_TRAIN-FLT-0026,sensor_fault,communication_corruption,"temperature,pressure,humidity",43181099999,,2022-04-15T00:30:00Z,2022-04-15T00:30:00Z,1,26083,Communication corruption replaces all primary values with implausible numbers.,india,operational,26083,high,emit
india_operational_s26083_train,train,INDIA_OPERATIONAL_S26083_TRAIN-FLT-0027,sensor_fault,scaling_error,humidity,43321099999,,2022-11-03T17:00:00Z,2022-11-03T17:00:00Z,1,26083,Humidity is multiplied by scaling factor 10.,india,operational,26083,low,emit
india_operational_s26083_train,train,INDIA_OPERATIONAL_S26083_TRAIN-FLT-0028,sensor_fault,multi_sensor_failure,"temperature,pressure,humidity",42705699999,,2022-01-12T09:00:00Z,2022-01-13T17:00:00Z,64,26083,All primary sensors remain constant across the episode.,india,operational,26083,medium,emit
india_operational_s26083_train,train,INDIA_OPERATIONAL_S26083_TRAIN-FLT-0029,sensor_fault,scaling_error,pressure,43284099999,,2022-05-31T02:30:00Z,2022-05-31T02:30:00Z,1,26083,Pressure is multiplied by scaling factor 10.,india,operational,26083,high,emit
india_operational_s26083_train,train,INDIA_OPERATIONAL_S26083_TRAIN-FLT-0030,sensor_fault,multi_sensor_failure,"temperature,pressure,humidity",43128599999,,2022-08-19T20:30:00Z,2022-08-21T06:00:00Z,64,26083,All primary sensors remain constant across the episode.,india,operational,26083,medium,emit
india_operational_s26083_train,train,INDIA_OPERATIONAL_S26083_TRAIN-FLT-0031,sensor_fault,frozen_sensor,temperature,42182099999,,2022-08-11T15:00:00Z,2022-08-12T18:00:00Z,10,26083,Temperature frozen at 28.60 for the episode.,india,operational,26083,medium,emit
india_operational_s26083_train,train,INDIA_OPERATIONAL_S26083_TRAIN-FLT-0032,sensor_fault,bias,pressure,43302599999,,2022-04-11T11:00:00Z,2022-04-12T09:30:00Z,29,26083,Constant pressure bias of 8.20 across a contiguous episode.,india,operational,26083,high,emit
india_operational_s26083_train,train,INDIA_OPERATIONAL_S26083_TRAIN-FLT-0033,sensor_fault,sudden_drop,humidity,43128599999,,2022-06-19T22:00:00Z,2022-06-19T22:00:00Z,1,26083,Single-reading humidity drop of 66.93.,india,operational,26083,low,emit
india_operational_s26083_train,train,INDIA_OPERATIONAL_S26083_TRAIN-FLT-0034,sensor_fault,sudden_drop,humidity,43329099999,,2022-05-17T12:00:00Z,2022-05-17T12:00:00Z,1,26083,Single-reading humidity drop of 31.82.,india,operational,26083,high,emit
india_operational_s26083_train,train,INDIA_OPERATIONAL_S26083_TRAIN-FLT-0035,sensor_fault,drift,temperature,42182099999,,2022-09-14T21:00:00Z,2022-09-16T21:00:00Z,17,26083,Gradual temperature drift ending at 7.22 from baseline.,india,operational,26083,medium,emit
india_operational_s26083_train,train,INDIA_OPERATIONAL_S26083_TRAIN-FLT-0036,sensor_fault,spike,pressure,43302599999,,2022-06-02T00:00:00Z,2022-06-02T00:00:00Z,1,26083,Single-reading pressure spike of -23.91.,india,operational,26083,medium,emit
india_operational_s26083_train,train,INDIA_OPERATIONAL_S26083_TRAIN-FLT-0037,sensor_fault,duplicate_packet,communication,43275099999,,2022-11-04T09:00:00Z,2022-11-04T09:00:00Z,1,26083,Selected station records are emitted twice by the replay engine.,india,operational,26083,medium,duplicate
india_operational_s26083_train,train,INDIA_OPERATIONAL_S26083_TRAIN-FLT-0038,sensor_fault,frozen_sensor,temperature,43279099999,,2022-12-09T19:30:00Z,2022-12-10T08:00:00Z,24,26083,Temperature frozen at 25.00 for the episode.,india,operational,26083,medium,emit
india_operational_s26083_train,train,INDIA_OPERATIONAL_S26083_TRAIN-FLT-0039,sensor_fault,timestamp_error,timestamp,43128099999,,2022-11-25T03:30:00Z,2022-11-25T03:30:00Z,1,26083,Selected timestamps are shifted by 7200 seconds.,india,operational,26083,low,timestamp_shift
india_operational_s26083_train,train,INDIA_OPERATIONAL_S26083_TRAIN-FLT-0040,sensor_fault,unit_error,temperature,42348099999,,2022-11-15T17:30:00Z,2022-11-15T17:30:00Z,1,26083,Celsius temperature is interpreted and emitted as Fahrenheit.,india,operational,26083,medium,emit
india_operational_s26083_train,train,INDIA_OPERATIONAL_S26083_TRAIN-FLT-0041,sensor_fault,drift,humidity,43302599999,,2022-11-17T14:00:00Z,2022-11-18T18:00:00Z,36,26083,Gradual humidity drift ending at -33.78 from baseline.,india,operational,26083,medium,emit
india_operational_s26083_train,train,INDIA_OPERATIONAL_S26083_TRAIN-FLT-0042,sensor_fault,noise,humidity,42348099999,,2022-10-26T20:30:00Z,2022-10-27T02:30:00Z,13,26083,Excessive zero-mean humidity noise with sigma 15.96.,india,operational,26083,low,emit
india_operational_s26083_train,train,INDIA_OPERATIONAL_S26083_TRAIN-FLT-0043,sensor_fault,drift,humidity,43213099999,,2022-12-01T18:00:00Z,2022-12-04T06:00:00Z,21,26083,Gradual humidity drift ending at -19.30 from baseline.,india,operational,26083,low,emit
india_operational_s26083_train,train,INDIA_OPERATIONAL_S26083_TRAIN-FLT-0044,sensor_fault,communication_corruption,"temperature,pressure,humidity",42348099999,,2022-01-18T06:30:00Z,2022-01-18T06:30:00Z,1,26083,Communication corruption replaces all primary values with implausible numbers.,india,operational,26083,medium,emit
india_operational_s26083_train,train,INDIA_OPERATIONAL_S26083_TRAIN-FLT-0045,sensor_fault,frozen_sensor,pressure,42361099999,,2022-02-22T18:00:00Z,2022-02-24T00:00:00Z,11,26083,Pressure frozen at 1011.60 for the episode.,india,operational,26083,medium,emit
india_operational_s26083_train,train,INDIA_OPERATIONAL_S26083_TRAIN-FLT-0046,sensor_fault,communication_corruption,"temperature,pressure,humidity",43278099999,,2022-06-26T15:00:00Z,2022-06-26T15:00:00Z,1,26083,Communication corruption replaces all primary values with implausible numbers.,india,operational,26083,medium,emit
india_operational_s26083_train,train,INDIA_OPERATIONAL_S26083_TRAIN-FLT-0047,sensor_fault,noise,humidity,42348099999,,2022-09-20T09:00:00Z,2022-09-21T08:00:00Z,49,26083,Excessive zero-mean humidity noise with sigma 30.21.,india,operational,26083,high,emit
india_operational_s26083_train,train,INDIA_OPERATIONAL_S26083_TRAIN-FLT-0048,sensor_fault,spike,humidity,43321099999,,2022-03-18T01:30:00Z,2022-03-18T01:30:00Z,1,26083,Single-reading humidity spike of 75.39.,india,operational,26083,high,emit
india_operational_s26083_train,train,INDIA_OPERATIONAL_S26083_TRAIN-FLT-0049,sensor_fault,duplicate_packet,communication,42348099999,,2022-10-02T15:30:00Z,2022-10-02T15:30:00Z,1,26083,Selected station records are emitted twice by the replay engine.,india,operational,26083,medium,duplicate
india_operational_s26083_train,train,INDIA_OPERATIONAL_S26083_TRAIN-FLT-0050,sensor_fault,drift,pressure,43321099999,,2022-11-24T05:30:00Z,2022-11-25T14:30:00Z,66,26083,Gradual pressure drift ending at 23.00 from baseline.,india,operational,26083,medium,emit
india_operational_s26083_train,train,INDIA_OPERATIONAL_S26083_TRAIN-FLT-0051,sensor_fault,spike,pressure,43284099999,,2022-07-16T22:00:00Z,2022-07-16T22:00:00Z,1,26083,Single-reading pressure spike of -21.96.,india,operational,26083,medium,emit
india_operational_s26083_train,train,INDIA_OPERATIONAL_S26083_TRAIN-FLT-0052,sensor_fault,sudden_drop,temperature,42705699999,,2022-11-23T11:30:00Z,2022-11-23T11:30:00Z,1,26083,Single-reading temperature drop of 14.18.,india,operational,26083,medium,emit
india_operational_s26083_train,train,INDIA_OPERATIONAL_S26083_TRAIN-FLT-0053,sensor_fault,bias,temperature,42189099999,,2022-03-23T18:00:00Z,2022-03-24T18:00:00Z,9,26083,Constant temperature bias of -3.66 across a contiguous episode.,india,operational,26083,low,emit
india_operational_s26083_train,train,INDIA_OPERATIONAL_S26083_TRAIN-FLT-0054,sensor_fault,duplicate_packet,communication,43021099999,,2022-10-28T02:30:00Z,2022-10-28T03:30:00Z,3,26083,Selected station records are emitted twice by the replay engine.,india,operational,26083,medium,duplicate
india_operational_s26083_train,train,INDIA_OPERATIONAL_S26083_TRAIN-FLT-0055,sensor_fault,unit_error,temperature,43245099999,,2022-07-28T15:00:00Z,2022-07-28T15:00:00Z,1,26083,Celsius temperature is interpreted and emitted as Fahrenheit.,india,operational,26083,medium,emit
india_operational_s26083_train,train,INDIA_OPERATIONAL_S26083_TRAIN-FLT-0056,sensor_fault,timestamp_error,timestamp,42361099999,,2022-04-15T06:00:00Z,2022-04-15T06:00:00Z,1,26083,Selected timestamps are shifted by -7200 seconds.,india,operational,26083,medium,timestamp_shift
india_operational_s26083_train,train,INDIA_OPERATIONAL_S26083_TRAIN-FLT-0057,sensor_fault,timestamp_error,timestamp,42189099999,,2022-03-12T12:00:00Z,2022-03-12T15:00:00Z,2,26083,Selected timestamps are shifted by -7200 seconds.,india,operational,26083,medium,timestamp_shift
india_operational_s26083_train,train,INDIA_OPERATIONAL_S26083_TRAIN-FLT-0058,sensor_fault,frozen_sensor,humidity,42348099999,,2022-12-31T18:00:00Z,2022-12-31T23:30:00Z,12,26083,Humidity frozen at 53.60 for the episode.,india,operational,26083,high,emit
india_operational_s26083_train,train,INDIA_OPERATIONAL_S26083_TRAIN-FLT-0059,sensor_fault,sudden_drop,temperature,42181099999,,2022-07-13T06:00:00Z,2022-07-13T06:00:00Z,1,26083,Single-reading temperature drop of 8.09.,india,operational,26083,medium,emit
india_operational_s26083_train,train,INDIA_OPERATIONAL_S26083_TRAIN-FLT-0060,sensor_fault,multi_sensor_failure,"temperature,pressure,humidity",42189099999,,2022-04-21T03:00:00Z,2022-04-22T06:00:00Z,10,26083,All primary sensors remain constant across the episode.,india,operational,26083,high,emit
india_operational_s26083_train,train,INDIA_OPERATIONAL_S26083_TRAIN-FLT-0061,sensor_fault,duplicate_packet,communication,43321099999,,2022-11-10T17:30:00Z,2022-11-10T17:30:00Z,1,26083,Selected station records are emitted twice by the replay engine.,india,operational,26083,high,duplicate
india_operational_s26083_train,train,INDIA_OPERATIONAL_S26083_TRAIN-FLT-0062,sensor_fault,noise,temperature,42348099999,,2022-07-31T03:00:00Z,2022-07-31T18:30:00Z,32,26083,Excessive zero-mean temperature noise with sigma 7.15.,india,operational,26083,low,emit
india_operational_s26083_train,train,INDIA_OPERATIONAL_S26083_TRAIN-FLT-0063,sensor_fault,noise,temperature,43279099999,,2022-07-27T06:30:00Z,2022-07-27T18:00:00Z,24,26083,Excessive zero-mean temperature noise with sigma 6.71.,india,operational,26083,medium,emit
india_operational_s26083_train,train,INDIA_OPERATIONAL_S26083_TRAIN-FLT-0064,sensor_fault,multi_sensor_failure,"temperature,pressure,humidity",43128099999,,2022-01-29T11:30:00Z,2022-01-30T13:30:00Z,38,26083,All primary sensors remain constant across the episode.,india,operational,26083,medium,emit
india_operational_s26083_train,train,INDIA_OPERATIONAL_S26083_TRAIN-FLT-0065,sensor_fault,noise,temperature,42361099999,,2022-09-20T09:00:00Z,2022-09-21T00:00:00Z,6,26083,Excessive zero-mean temperature noise with sigma 4.14.,india,operational,26083,high,emit
india_operational_s26083_train,train,INDIA_OPERATIONAL_S26083_TRAIN-WX-0066,genuine_weather_scenario,regional_temperature_event,temperature,"42705699999,43284099999,43295099999,43302599999,43321099999",,2022-10-04T11:30:00Z,2022-10-05T12:00:00Z,191,26083,Coherent regional temperature rise peaking near 6.40 °C across 5 stations.,india,operational,26083,event,emit
india_operational_s26083_train,train,INDIA_OPERATIONAL_S26083_TRAIN-WX-0067,genuine_weather_scenario,regional_temperature_event,temperature,"42705699999,43284099999,43295099999,43302599999,43321099999",,2022-04-14T18:00:00Z,2022-04-16T03:30:00Z,248,26083,Coherent regional temperature rise peaking near 6.44 °C across 5 stations.,india,operational,26083,event,emit
india_operational_s26083_train,train,INDIA_OPERATIONAL_S26083_TRAIN-WX-0068,genuine_weather_scenario,regional_temperature_event,temperature,"43245099999,43275099999,43278099999,43279099999,43329099999",,2022-10-21T03:00:00Z,2022-10-21T23:00:00Z,64,26083,Coherent regional temperature rise peaking near 5.58 °C across 5 stations.,india,operational,26083,event,emit
india_operational_s26083_train,train,INDIA_OPERATIONAL_S26083_TRAIN-WX-0069,genuine_weather_scenario,regional_temperature_event,temperature,"43245099999,43275099999,43278099999,43279099999,43329099999",,2022-11-27T20:30:00Z,2022-11-28T09:00:00Z,44,26083,Coherent regional temperature rise peaking near 3.27 °C across 5 stations.,india,operational,26083,event,emit
india_operational_s26083_train,train,INDIA_OPERATIONAL_S26083_TRAIN-WX-0070,genuine_weather_scenario,regional_temperature_event,temperature,"42181099999,42182099999,42189099999,42348099999,42361099999",,2022-02-15T04:30:00Z,2022-02-16T04:30:00Z,143,26083,Coherent regional temperature rise peaking near 6.27 °C across 5 stations.,india,operational,26083,event,emit
india_operational_s26083_train,train,INDIA_OPERATIONAL_S26083_TRAIN-WX-0071,genuine_weather_scenario,regional_temperature_event,temperature,"43021099999,43128099999,43128599999,43181099999,43213099999",,2022-08-03T10:00:00Z,2022-08-04T07:00:00Z,119,26083,Coherent regional temperature rise peaking near 7.94 °C across 5 stations.,india,operational,26083,event,emit
india_operational_s26083_train,train,INDIA_OPERATIONAL_S26083_TRAIN-WX-0072,genuine_weather_scenario,regional_temperature_event,temperature,"43245099999,43275099999,43278099999,43279099999,43329099999",,2022-08-15T07:00:00Z,2022-08-16T11:30:00Z,89,26083,Coherent regional temperature rise peaking near 7.76 °C across 5 stations.,india,operational,26083,event,emit
india_operational_s26083_train,train,INDIA_OPERATIONAL_S26083_TRAIN-WX-0073,genuine_weather_scenario,regional_temperature_event,temperature,"42705699999,43284099999,43295099999,43302599999,43321099999",,2022-09-22T03:00:00Z,2022-09-22T22:00:00Z,149,26083,Coherent regional temperature rise peaking near 3.42 °C across 5 stations.,india,operational,26083,event,emit
india_operational_s26083_train,train,INDIA_OPERATIONAL_S26083_TRAIN-WX-0074,genuine_weather_scenario,regional_temperature_event,temperature,"43021099999,43128099999,43128599999,43181099999,43213099999",,2022-09-01T22:00:00Z,2022-09-02T13:30:00Z,97,26083,Coherent regional temperature rise peaking near 5.81 °C across 5 stations.,india,operational,26083,event,emit
india_operational_s26083_train,train,INDIA_OPERATIONAL_S26083_TRAIN-WX-0075,genuine_weather_scenario,regional_temperature_event,temperature,"43245099999,43275099999,43278099999,43279099999,43329099999",,2022-11-25T00:00:00Z,2022-11-26T04:30:00Z,91,26083,Coherent regional temperature rise peaking near 6.13 °C across 5 stations.,india,operational,26083,event,emit
india_operational_s26083_train,train,INDIA_OPERATIONAL_S26083_TRAIN-WX-0076,genuine_weather_scenario,regional_temperature_event,temperature,"43128099999,43128599999,43181099999,43213099999",,2022-10-06T09:30:00Z,2022-10-06T23:30:00Z,54,26083,Coherent regional temperature rise peaking near 7.40 °C across 4 stations.,india,operational,26083,event,emit
india_operational_s26083_train,train,INDIA_OPERATIONAL_S26083_TRAIN-WX-0077,genuine_weather_scenario,regional_temperature_event,temperature,"43021099999,43128099999,43128599999,43181099999,43213099999",,2022-02-15T15:00:00Z,2022-02-16T20:00:00Z,156,26083,Coherent regional temperature rise peaking near 7.17 °C across 5 stations.,india,operational,26083,event,emit
dwd_meteorological_s26083_train,train,DWD_METEOROLOGICAL_S26083_TRAIN-I8-WX-0001,genuine_weather_scenario,regional_heatwave,"temperature,pressure,humidity","DWD-00433,DWD-01048,DWD-03987",dwd_dwd_east_continental,2022-09-10T12:00:00+00:00,2022-09-11T15:00:00+00:00,81,26083,Coherent regional_heatwave across at least three neighbour stations with causal spatial lag.,dwd,meteorological,26083,,
dwd_meteorological_s26083_train,train,DWD_METEOROLOGICAL_S26083_TRAIN-I8-WX-0002,genuine_weather_scenario,regional_heatwave,"temperature,pressure,humidity","DWD-00433,DWD-01048,DWD-03987",dwd_dwd_east_continental,2022-05-01T02:00:00+00:00,2022-05-02T01:00:00+00:00,69,26083,Coherent regional_heatwave across at least three neighbour stations with causal spatial lag.,dwd,meteorological,26083,,
dwd_meteorological_s26083_train,train,DWD_METEOROLOGICAL_S26083_TRAIN-I8-WX-0003,genuine_weather_scenario,regional_cold_surge,"temperature,pressure,humidity","DWD-00433,DWD-01048,DWD-03987",dwd_dwd_east_continental,2022-02-05T03:00:00+00:00,2022-02-05T21:00:00+00:00,53,26083,Coherent regional_cold_surge across at least three neighbour stations with causal spatial lag.,dwd,meteorological,26083,,
dwd_meteorological_s26083_train,train,DWD_METEOROLOGICAL_S26083_TRAIN-I8-WX-0004,genuine_weather_scenario,regional_cold_surge,"temperature,pressure,humidity","DWD-00433,DWD-01048,DWD-03987",dwd_dwd_east_continental,2022-02-17T20:00:00+00:00,2022-02-18T12:00:00+00:00,48,26083,Coherent regional_cold_surge across at least three neighbour stations with causal spatial lag.,dwd,meteorological,26083,,
dwd_meteorological_s26083_train,train,DWD_METEOROLOGICAL_S26083_TRAIN-I8-WX-0005,genuine_weather_scenario,pressure_front,"temperature,pressure,humidity","DWD-00433,DWD-01048,DWD-03987",dwd_dwd_east_continental,2022-07-16T01:00:00+00:00,2022-07-17T00:00:00+00:00,70,26083,Coherent pressure_front across at least three neighbour stations with causal spatial lag.,dwd,meteorological,26083,,
dwd_meteorological_s26083_train,train,DWD_METEOROLOGICAL_S26083_TRAIN-I8-WX-0006,genuine_weather_scenario,pressure_front,"temperature,pressure,humidity","DWD-00433,DWD-01048,DWD-03987",dwd_dwd_east_continental,2022-11-20T19:00:00+00:00,2022-11-21T09:00:00+00:00,42,26083,Coherent pressure_front across at least three neighbour stations with causal spatial lag.,dwd,meteorological,26083,,
dwd_meteorological_s26083_train,train,DWD_METEOROLOGICAL_S26083_TRAIN-I8-WX-0007,genuine_weather_scenario,humidity_surge,"temperature,pressure,humidity","DWD-00433,DWD-01048,DWD-03987",dwd_dwd_east_continental,2022-11-12T13:00:00+00:00,2022-11-13T18:00:00+00:00,88,26083,Coherent humidity_surge across at least three neighbour stations with causal spatial lag.,dwd,meteorological,26083,,
dwd_meteorological_s26083_train,train,DWD_METEOROLOGICAL_S26083_TRAIN-I8-WX-0008,genuine_weather_scenario,humidity_surge,"temperature,pressure,humidity","DWD-00433,DWD-01048,DWD-03987",dwd_dwd_east_continental,2022-03-16T07:00:00+00:00,2022-03-17T02:00:00+00:00,58,26083,Coherent humidity_surge across at least three neighbour stations with causal spatial lag.,dwd,meteorological,26083,,
dwd_meteorological_s26083_train,train,DWD_METEOROLOGICAL_S26083_TRAIN-I8-WX-0009,genuine_weather_scenario,dry_intrusion,"temperature,pressure,humidity","DWD-00433,DWD-01048,DWD-03987",dwd_dwd_east_continental,2022-06-26T17:00:00+00:00,2022-06-27T19:00:00+00:00,77,26083,Coherent dry_intrusion across at least three neighbour stations with causal spatial lag.,dwd,meteorological,26083,,
dwd_meteorological_s26083_train,train,DWD_METEOROLOGICAL_S26083_TRAIN-I8-WX-0010,genuine_weather_scenario,dry_intrusion,"temperature,pressure,humidity","DWD-00433,DWD-01048,DWD-03987",dwd_dwd_east_continental,2022-07-26T21:00:00+00:00,2022-07-27T09:00:00+00:00,36,26083,Coherent dry_intrusion across at least three neighbour stations with causal spatial lag.,dwd,meteorological,26083,,
dwd_meteorological_s26083_train,train,DWD_METEOROLOGICAL_S26083_TRAIN-I8-WX-0011,genuine_weather_scenario,multivariate_storm,"temperature,pressure,humidity","DWD-00433,DWD-01048,DWD-03987",dwd_dwd_east_continental,2022-10-04T19:00:00+00:00,2022-10-05T22:00:00+00:00,66,26083,Coherent multivariate_storm across at least three neighbour stations with causal spatial lag.,dwd,meteorological,26083,,
dwd_meteorological_s26083_train,train,DWD_METEOROLOGICAL_S26083_TRAIN-I8-WX-0012,genuine_weather_scenario,multivariate_storm,"temperature,pressure,humidity","DWD-00433,DWD-01048,DWD-03987",dwd_dwd_east_continental,2022-04-24T20:00:00+00:00,2022-04-25T21:00:00+00:00,75,26083,Coherent multivariate_storm across at least three neighbour stations with causal spatial lag.,dwd,meteorological,26083,,
dwd_meteorological_s26083_train,train,DWD_METEOROLOGICAL_S26083_TRAIN-I8-FLT-0013,sensor_fault,bias,temperature,DWD-01048,dwd_dwd_east_continental,2022-02-01T05:00:00+00:00,2022-02-02T09:00:00+00:00,29,26083,bias applied to one temperature sensor with a low-to-moderate severity ladder.,dwd,meteorological,26083,,
dwd_meteorological_s26083_train,train,DWD_METEOROLOGICAL_S26083_TRAIN-I8-FLT-0014,sensor_fault,bias,pressure,DWD-00433,dwd_dwd_east_continental,2022-07-10T17:00:00+00:00,2022-07-11T01:00:00+00:00,9,26083,bias applied to one pressure sensor with a low-to-moderate severity ladder.,dwd,meteorological,26083,,
dwd_meteorological_s26083_train,train,DWD_METEOROLOGICAL_S26083_TRAIN-I8-FLT-0015,sensor_fault,bias,temperature,DWD-01048,dwd_dwd_east_continental,2022-08-23T14:00:00+00:00,2022-08-25T17:00:00+00:00,52,26083,bias applied to one temperature sensor with a low-to-moderate severity ladder.,dwd,meteorological,26083,,
dwd_meteorological_s26083_train,train,DWD_METEOROLOGICAL_S26083_TRAIN-I8-FLT-0016,sensor_fault,bias,temperature,DWD-01048,dwd_dwd_east_continental,2022-01-11T02:00:00+00:00,2022-01-12T23:00:00+00:00,46,26083,bias applied to one temperature sensor with a low-to-moderate severity ladder.,dwd,meteorological,26083,,
dwd_meteorological_s26083_train,train,DWD_METEOROLOGICAL_S26083_TRAIN-I8-FLT-0017,sensor_fault,drift,pressure,DWD-01048,dwd_dwd_east_continental,2022-03-13T03:00:00+00:00,2022-03-13T21:00:00+00:00,19,26083,drift applied to one pressure sensor with a low-to-moderate severity ladder.,dwd,meteorological,26083,,
dwd_meteorological_s26083_train,train,DWD_METEOROLOGICAL_S26083_TRAIN-I8-FLT-0018,sensor_fault,drift,humidity,DWD-01048,dwd_dwd_east_continental,2022-01-27T20:00:00+00:00,2022-01-28T13:00:00+00:00,18,26083,drift applied to one humidity sensor with a low-to-moderate severity ladder.,dwd,meteorological,26083,,
dwd_meteorological_s26083_train,train,DWD_METEOROLOGICAL_S26083_TRAIN-I8-FLT-0019,sensor_fault,drift,temperature,DWD-00433,dwd_dwd_east_continental,2022-02-27T05:00:00+00:00,2022-02-28T09:00:00+00:00,29,26083,drift applied to one temperature sensor with a low-to-moderate severity ladder.,dwd,meteorological,26083,,
dwd_meteorological_s26083_train,train,DWD_METEOROLOGICAL_S26083_TRAIN-I8-FLT-0020,sensor_fault,drift,pressure,DWD-00433,dwd_dwd_east_continental,2022-01-21T15:00:00+00:00,2022-01-22T18:00:00+00:00,28,26083,drift applied to one pressure sensor with a low-to-moderate severity ladder.,dwd,meteorological,26083,,
dwd_meteorological_s26083_train,train,DWD_METEOROLOGICAL_S26083_TRAIN-I8-FLT-0021,sensor_fault,frozen_sensor,pressure,DWD-01048,dwd_dwd_east_continental,2022-05-28T23:00:00+00:00,2022-05-30T09:00:00+00:00,35,26083,frozen_sensor applied to one pressure sensor with a low-to-moderate severity ladder.,dwd,meteorological,26083,,
dwd_meteorological_s26083_train,train,DWD_METEOROLOGICAL_S26083_TRAIN-I8-FLT-0022,sensor_fault,frozen_sensor,humidity,DWD-01048,dwd_dwd_east_continental,2022-08-21T05:00:00+00:00,2022-08-21T22:00:00+00:00,18,26083,frozen_sensor applied to one humidity sensor with a low-to-moderate severity ladder.,dwd,meteorological,26083,,
dwd_meteorological_s26083_train,train,DWD_METEOROLOGICAL_S26083_TRAIN-I8-FLT-0023,sensor_fault,frozen_sensor,pressure,DWD-00433,dwd_dwd_east_continental,2022-01-29T18:00:00+00:00,2022-01-31T23:00:00+00:00,54,26083,frozen_sensor applied to one pressure sensor with a low-to-moderate severity ladder.,dwd,meteorological,26083,,
dwd_meteorological_s26083_train,train,DWD_METEOROLOGICAL_S26083_TRAIN-I8-FLT-0024,sensor_fault,frozen_sensor,temperature,DWD-03987,dwd_dwd_east_continental,2022-05-22T08:00:00+00:00,2022-05-24T09:00:00+00:00,50,26083,frozen_sensor applied to one temperature sensor with a low-to-moderate severity ladder.,dwd,meteorological,26083,,
dwd_meteorological_s26083_train,train,DWD_METEOROLOGICAL_S26083_TRAIN-I8-FLT-0025,sensor_fault,spike,pressure,DWD-03987,dwd_dwd_east_continental,2022-06-19T12:00:00+00:00,2022-06-19T12:00:00+00:00,1,26083,spike applied to one pressure sensor with a low-to-moderate severity ladder.,dwd,meteorological,26083,,
dwd_meteorological_s26083_train,train,DWD_METEOROLOGICAL_S26083_TRAIN-I8-FLT-0026,sensor_fault,spike,pressure,DWD-00433,dwd_dwd_east_continental,2022-09-27T22:00:00+00:00,2022-09-27T22:00:00+00:00,1,26083,spike applied to one pressure sensor with a low-to-moderate severity ladder.,dwd,meteorological,26083,,
dwd_meteorological_s26083_train,train,DWD_METEOROLOGICAL_S26083_TRAIN-I8-FLT-0027,sensor_fault,spike,pressure,DWD-01048,dwd_dwd_east_continental,2022-03-20T11:00:00+00:00,2022-03-20T11:00:00+00:00,1,26083,spike applied to one pressure sensor with a low-to-moderate severity ladder.,dwd,meteorological,26083,,
dwd_meteorological_s26083_train,train,DWD_METEOROLOGICAL_S26083_TRAIN-I8-FLT-0028,sensor_fault,spike,humidity,DWD-03987,dwd_dwd_east_continental,2022-12-02T21:00:00+00:00,2022-12-02T21:00:00+00:00,1,26083,spike applied to one humidity sensor with a low-to-moderate severity ladder.,dwd,meteorological,26083,,
dwd_meteorological_s26083_train,train,DWD_METEOROLOGICAL_S26083_TRAIN-I8-FLT-0029,sensor_fault,noise,humidity,DWD-00433,dwd_dwd_east_continental,2022-09-08T05:00:00+00:00,2022-09-09T06:00:00+00:00,26,26083,noise applied to one humidity sensor with a low-to-moderate severity ladder.,dwd,meteorological,26083,,
dwd_meteorological_s26083_train,train,DWD_METEOROLOGICAL_S26083_TRAIN-I8-FLT-0030,sensor_fault,noise,humidity,DWD-01048,dwd_dwd_east_continental,2022-10-31T14:00:00+00:00,2022-11-02T09:00:00+00:00,44,26083,noise applied to one humidity sensor with a low-to-moderate severity ladder.,dwd,meteorological,26083,,
dwd_meteorological_s26083_train,train,DWD_METEOROLOGICAL_S26083_TRAIN-I8-FLT-0031,sensor_fault,noise,temperature,DWD-00433,dwd_dwd_east_continental,2022-12-04T00:00:00+00:00,2022-12-05T00:00:00+00:00,25,26083,noise applied to one temperature sensor with a low-to-moderate severity ladder.,dwd,meteorological,26083,,
dwd_meteorological_s26083_train,train,DWD_METEOROLOGICAL_S26083_TRAIN-I8-FLT-0032,sensor_fault,noise,temperature,DWD-03987,dwd_dwd_east_continental,2022-12-16T16:00:00+00:00,2022-12-17T07:00:00+00:00,16,26083,noise applied to one temperature sensor with a low-to-moderate severity ladder.,dwd,meteorological,26083,,
dwd_meteorological_s26083_train,train,DWD_METEOROLOGICAL_S26083_TRAIN-I8-WX-0033,genuine_weather_scenario,regional_heatwave,"temperature,pressure,humidity","DWD-01975,DWD-03032,DWD-04271",dwd_dwd_north_coastal,2022-03-13T21:00:00+00:00,2022-03-14T21:00:00+00:00,71,26083,Coherent regional_heatwave across at least three neighbour stations with causal spatial lag.,dwd,meteorological,26083,,
dwd_meteorological_s26083_train,train,DWD_METEOROLOGICAL_S26083_TRAIN-I8-WX-0034,genuine_weather_scenario,regional_heatwave,"temperature,pressure,humidity","DWD-01975,DWD-03032,DWD-04271",dwd_dwd_north_coastal,2022-06-10T10:00:00+00:00,2022-06-11T14:00:00+00:00,84,26083,Coherent regional_heatwave across at least three neighbour stations with causal spatial lag.,dwd,meteorological,26083,,
dwd_meteorological_s26083_train,train,DWD_METEOROLOGICAL_S26083_TRAIN-I8-WX-0035,genuine_weather_scenario,regional_cold_surge,"temperature,pressure,humidity","DWD-01975,DWD-03032,DWD-04271",dwd_dwd_north_coastal,2022-05-26T00:00:00+00:00,2022-05-27T05:00:00+00:00,87,26083,Coherent regional_cold_surge across at least three neighbour stations with causal spatial lag.,dwd,meteorological,26083,,
dwd_meteorological_s26083_train,train,DWD_METEOROLOGICAL_S26083_TRAIN-I8-WX-0036,genuine_weather_scenario,regional_cold_surge,"temperature,pressure,humidity","DWD-01975,DWD-03032,DWD-04271",dwd_dwd_north_coastal,2022-02-23T20:00:00+00:00,2022-02-24T22:00:00+00:00,79,26083,Coherent regional_cold_surge across at least three neighbour stations with causal spatial lag.,dwd,meteorological,26083,,
dwd_meteorological_s26083_train,train,DWD_METEOROLOGICAL_S26083_TRAIN-I8-WX-0037,genuine_weather_scenario,pressure_front,"temperature,pressure,humidity","DWD-01975,DWD-03032,DWD-04271",dwd_dwd_north_coastal,2022-05-10T13:00:00+00:00,2022-05-11T02:00:00+00:00,40,26083,Coherent pressure_front across at least three neighbour stations with causal spatial lag.,dwd,meteorological,26083,,
dwd_meteorological_s26083_train,train,DWD_METEOROLOGICAL_S26083_TRAIN-I8-WX-0038,genuine_weather_scenario,pressure_front,"temperature,pressure,humidity","DWD-01975,DWD-03032,DWD-04271",dwd_dwd_north_coastal,2022-01-14T07:00:00+00:00,2022-01-15T05:00:00+00:00,67,26083,Coherent pressure_front across at least three neighbour stations with causal spatial lag.,dwd,meteorological,26083,,
dwd_meteorological_s26083_train,train,DWD_METEOROLOGICAL_S26083_TRAIN-I8-WX-0039,genuine_weather_scenario,humidity_surge,"temperature,pressure,humidity","DWD-01975,DWD-03032,DWD-04271",dwd_dwd_north_coastal,2022-09-13T03:00:00+00:00,2022-09-14T04:00:00+00:00,75,26083,Coherent humidity_surge across at least three neighbour stations with causal spatial lag.,dwd,meteorological,26083,,
dwd_meteorological_s26083_train,train,DWD_METEOROLOGICAL_S26083_TRAIN-I8-WX-0040,genuine_weather_scenario,humidity_surge,"temperature,pressure,humidity","DWD-01975,DWD-03032,DWD-04271",dwd_dwd_north_coastal,2022-12-09T09:00:00+00:00,2022-12-10T15:00:00+00:00,89,26083,Coherent humidity_surge across at least three neighbour stations with causal spatial lag.,dwd,meteorological,26083,,
dwd_meteorological_s26083_train,train,DWD_METEOROLOGICAL_S26083_TRAIN-I8-WX-0041,genuine_weather_scenario,dry_intrusion,"temperature,pressure,humidity","DWD-01975,DWD-03032,DWD-04271",dwd_dwd_north_coastal,2022-09-09T15:00:00+00:00,2022-09-10T06:00:00+00:00,44,26083,Coherent dry_intrusion across at least three neighbour stations with causal spatial lag.,dwd,meteorological,26083,,
dwd_meteorological_s26083_train,train,DWD_METEOROLOGICAL_S26083_TRAIN-I8-WX-0042,genuine_weather_scenario,dry_intrusion,"temperature,pressure,humidity","DWD-01975,DWD-03032,DWD-04271",dwd_dwd_north_coastal,2022-11-16T02:00:00+00:00,2022-11-17T00:00:00+00:00,66,26083,Coherent dry_intrusion across at least three neighbour stations with causal spatial lag.,dwd,meteorological,26083,,
dwd_meteorological_s26083_train,train,DWD_METEOROLOGICAL_S26083_TRAIN-I8-WX-0043,genuine_weather_scenario,multivariate_storm,"temperature,pressure,humidity","DWD-01975,DWD-03032,DWD-04271",dwd_dwd_north_coastal,2022-12-06T05:00:00+00:00,2022-12-06T22:00:00+00:00,51,26083,Coherent multivariate_storm across at least three neighbour stations with causal spatial lag.,dwd,meteorological,26083,,
dwd_meteorological_s26083_train,train,DWD_METEOROLOGICAL_S26083_TRAIN-I8-WX-0044,genuine_weather_scenario,multivariate_storm,"temperature,pressure,humidity","DWD-01975,DWD-03032,DWD-04271",dwd_dwd_north_coastal,2022-02-03T22:00:00+00:00,2022-02-05T00:00:00+00:00,77,26083,Coherent multivariate_storm across at least three neighbour stations with causal spatial lag.,dwd,meteorological,26083,,
dwd_meteorological_s26083_train,train,DWD_METEOROLOGICAL_S26083_TRAIN-I8-FLT-0045,sensor_fault,bias,humidity,DWD-04271,dwd_dwd_north_coastal,2022-04-25T20:00:00+00:00,2022-04-26T13:00:00+00:00,18,26083,bias applied to one humidity sensor with a low-to-moderate severity ladder.,dwd,meteorological,26083,,
dwd_meteorological_s26083_train,train,DWD_METEOROLOGICAL_S26083_TRAIN-I8-FLT-0046,sensor_fault,bias,temperature,DWD-01975,dwd_dwd_north_coastal,2022-04-18T08:00:00+00:00,2022-04-20T05:00:00+00:00,46,26083,bias applied to one temperature sensor with a low-to-moderate severity ladder.,dwd,meteorological,26083,,
dwd_meteorological_s26083_train,train,DWD_METEOROLOGICAL_S26083_TRAIN-I8-FLT-0047,sensor_fault,bias,humidity,DWD-03032,dwd_dwd_north_coastal,2022-04-30T10:00:00+00:00,2022-05-01T05:00:00+00:00,20,26083,bias applied to one humidity sensor with a low-to-moderate severity ladder.,dwd,meteorological,26083,,
dwd_meteorological_s26083_train,train,DWD_METEOROLOGICAL_S26083_TRAIN-I8-FLT-0048,sensor_fault,bias,temperature,DWD-01975,dwd_dwd_north_coastal,2022-08-26T15:00:00+00:00,2022-08-27T18:00:00+00:00,28,26083,bias applied to one temperature sensor with a low-to-moderate severity ladder.,dwd,meteorological,26083,,
dwd_meteorological_s26083_train,train,DWD_METEOROLOGICAL_S26083_TRAIN-I8-FLT-0049,sensor_fault,drift,pressure,DWD-04271,dwd_dwd_north_coastal,2022-05-18T21:00:00+00:00,2022-05-20T00:00:00+00:00,28,26083,drift applied to one pressure sensor with a low-to-moderate severity ladder.,dwd,meteorological,26083,,
dwd_meteorological_s26083_train,train,DWD_METEOROLOGICAL_S26083_TRAIN-I8-FLT-0050,sensor_fault,drift,pressure,DWD-04271,dwd_dwd_north_coastal,2022-10-21T14:00:00+00:00,2022-10-22T04:00:00+00:00,15,26083,drift applied to one pressure sensor with a low-to-moderate severity ladder.,dwd,meteorological,26083,,
dwd_meteorological_s26083_train,train,DWD_METEOROLOGICAL_S26083_TRAIN-I8-FLT-0051,sensor_fault,drift,temperature,DWD-04271,dwd_dwd_north_coastal,2022-03-07T13:00:00+00:00,2022-03-08T04:00:00+00:00,16,26083,drift applied to one temperature sensor with a low-to-moderate severity ladder.,dwd,meteorological,26083,,
dwd_meteorological_s26083_train,train,DWD_METEOROLOGICAL_S26083_TRAIN-I8-FLT-0052,sensor_fault,drift,temperature,DWD-04271,dwd_dwd_north_coastal,2022-11-29T11:00:00+00:00,2022-11-29T18:00:00+00:00,8,26083,drift applied to one temperature sensor with a low-to-moderate severity ladder.,dwd,meteorological,26083,,
dwd_meteorological_s26083_train,train,DWD_METEOROLOGICAL_S26083_TRAIN-I8-FLT-0053,sensor_fault,frozen_sensor,pressure,DWD-04271,dwd_dwd_north_coastal,2022-06-01T22:00:00+00:00,2022-06-03T18:00:00+00:00,45,26083,frozen_sensor applied to one pressure sensor with a low-to-moderate severity ladder.,dwd,meteorological,26083,,
dwd_meteorological_s26083_train,train,DWD_METEOROLOGICAL_S26083_TRAIN-I8-FLT-0054,sensor_fault,frozen_sensor,pressure,DWD-04271,dwd_dwd_north_coastal,2022-10-14T23:00:00+00:00,2022-10-17T02:00:00+00:00,52,26083,frozen_sensor applied to one pressure sensor with a low-to-moderate severity ladder.,dwd,meteorological,26083,,
dwd_meteorological_s26083_train,train,DWD_METEOROLOGICAL_S26083_TRAIN-I8-FLT-0055,sensor_fault,frozen_sensor,pressure,DWD-03032,dwd_dwd_north_coastal,2022-08-18T04:00:00+00:00,2022-08-19T00:00:00+00:00,21,26083,frozen_sensor applied to one pressure sensor with a low-to-moderate severity ladder.,dwd,meteorological,26083,,
dwd_meteorological_s26083_train,train,DWD_METEOROLOGICAL_S26083_TRAIN-I8-FLT-0056,sensor_fault,frozen_sensor,pressure,DWD-01975,dwd_dwd_north_coastal,2022-04-20T06:00:00+00:00,2022-04-20T17:00:00+00:00,12,26083,frozen_sensor applied to one pressure sensor with a low-to-moderate severity ladder.,dwd,meteorological,26083,,
dwd_meteorological_s26083_train,train,DWD_METEOROLOGICAL_S26083_TRAIN-I8-FLT-0057,sensor_fault,spike,temperature,DWD-01975,dwd_dwd_north_coastal,2022-08-04T01:00:00+00:00,2022-08-04T01:00:00+00:00,1,26083,spike applied to one temperature sensor with a low-to-moderate severity ladder.,dwd,meteorological,26083,,
dwd_meteorological_s26083_train,train,DWD_METEOROLOGICAL_S26083_TRAIN-I8-FLT-0058,sensor_fault,spike,pressure,DWD-01975,dwd_dwd_north_coastal,2022-08-10T15:00:00+00:00,2022-08-10T15:00:00+00:00,1,26083,spike applied to one pressure sensor with a low-to-moderate severity ladder.,dwd,meteorological,26083,,
dwd_meteorological_s26083_train,train,DWD_METEOROLOGICAL_S26083_TRAIN-I8-FLT-0059,sensor_fault,spike,humidity,DWD-01975,dwd_dwd_north_coastal,2022-11-12T00:00:00+00:00,2022-11-12T00:00:00+00:00,1,26083,spike applied to one humidity sensor with a low-to-moderate severity ladder.,dwd,meteorological,26083,,
dwd_meteorological_s26083_train,train,DWD_METEOROLOGICAL_S26083_TRAIN-I8-FLT-0060,sensor_fault,spike,pressure,DWD-01975,dwd_dwd_north_coastal,2022-03-29T13:00:00+00:00,2022-03-29T13:00:00+00:00,1,26083,spike applied to one pressure sensor with a low-to-moderate severity ladder.,dwd,meteorological,26083,,
dwd_meteorological_s26083_train,train,DWD_METEOROLOGICAL_S26083_TRAIN-I8-FLT-0061,sensor_fault,noise,temperature,DWD-04271,dwd_dwd_north_coastal,2022-09-26T21:00:00+00:00,2022-09-27T21:00:00+00:00,25,26083,noise applied to one temperature sensor with a low-to-moderate severity ladder.,dwd,meteorological,26083,,
dwd_meteorological_s26083_train,train,DWD_METEOROLOGICAL_S26083_TRAIN-I8-FLT-0062,sensor_fault,noise,temperature,DWD-01975,dwd_dwd_north_coastal,2022-09-23T22:00:00+00:00,2022-09-25T18:00:00+00:00,45,26083,noise applied to one temperature sensor with a low-to-moderate severity ladder.,dwd,meteorological,26083,,
dwd_meteorological_s26083_train,train,DWD_METEOROLOGICAL_S26083_TRAIN-I8-FLT-0063,sensor_fault,noise,humidity,DWD-01975,dwd_dwd_north_coastal,2022-01-28T03:00:00+00:00,2022-01-29T14:00:00+00:00,36,26083,noise applied to one humidity sensor with a low-to-moderate severity ladder.,dwd,meteorological,26083,,
dwd_meteorological_s26083_train,train,DWD_METEOROLOGICAL_S26083_TRAIN-I8-FLT-0064,sensor_fault,noise,humidity,DWD-04271,dwd_dwd_north_coastal,2022-05-21T19:00:00+00:00,2022-05-23T05:00:00+00:00,35,26083,noise applied to one humidity sensor with a low-to-moderate severity ladder.,dwd,meteorological,26083,,
dwd_meteorological_s26083_train,train,DWD_METEOROLOGICAL_S26083_TRAIN-I8-WX-0065,genuine_weather_scenario,regional_heatwave,"temperature,pressure,humidity","DWD-01262,DWD-02712,DWD-04928",dwd_dwd_south_upland,2022-06-01T19:00:00+00:00,2022-06-02T13:00:00+00:00,54,26083,Coherent regional_heatwave across at least three neighbour stations with causal spatial lag.,dwd,meteorological,26083,,
dwd_meteorological_s26083_train,train,DWD_METEOROLOGICAL_S26083_TRAIN-I8-WX-0066,genuine_weather_scenario,regional_heatwave,"temperature,pressure,humidity","DWD-01262,DWD-02712,DWD-04928",dwd_dwd_south_upland,2022-09-13T17:00:00+00:00,2022-09-14T10:00:00+00:00,51,26083,Coherent regional_heatwave across at least three neighbour stations with causal spatial lag.,dwd,meteorological,26083,,
dwd_meteorological_s26083_train,train,DWD_METEOROLOGICAL_S26083_TRAIN-I8-WX-0067,genuine_weather_scenario,regional_cold_surge,"temperature,pressure,humidity","DWD-01262,DWD-02712,DWD-04928",dwd_dwd_south_upland,2022-09-14T12:00:00+00:00,2022-09-15T12:00:00+00:00,71,26083,Coherent regional_cold_surge across at least three neighbour stations with causal spatial lag.,dwd,meteorological,26083,,
dwd_meteorological_s26083_train,train,DWD_METEOROLOGICAL_S26083_TRAIN-I8-WX-0068,genuine_weather_scenario,regional_cold_surge,"temperature,pressure,humidity","DWD-01262,DWD-02712,DWD-04928",dwd_dwd_south_upland,2022-05-28T17:00:00+00:00,2022-05-29T17:00:00+00:00,72,26083,Coherent regional_cold_surge across at least three neighbour stations with causal spatial lag.,dwd,meteorological,26083,,
dwd_meteorological_s26083_train,train,DWD_METEOROLOGICAL_S26083_TRAIN-I8-WX-0069,genuine_weather_scenario,pressure_front,"temperature,pressure,humidity","DWD-01262,DWD-02712,DWD-04928",dwd_dwd_south_upland,2022-03-25T20:00:00+00:00,2022-03-26T20:00:00+00:00,73,26083,Coherent pressure_front across at least three neighbour stations with causal spatial lag.,dwd,meteorological,26083,,
dwd_meteorological_s26083_train,train,DWD_METEOROLOGICAL_S26083_TRAIN-I8-WX-0070,genuine_weather_scenario,pressure_front,"temperature,pressure,humidity","DWD-01262,DWD-02712,DWD-04928",dwd_dwd_south_upland,2022-07-26T08:00:00+00:00,2022-07-27T13:00:00+00:00,88,26083,Coherent pressure_front across at least three neighbour stations with causal spatial lag.,dwd,meteorological,26083,,
dwd_meteorological_s26083_train,train,DWD_METEOROLOGICAL_S26083_TRAIN-I8-WX-0071,genuine_weather_scenario,humidity_surge,"temperature,pressure,humidity","DWD-01262,DWD-02712,DWD-04928",dwd_dwd_south_upland,2022-10-19T14:00:00+00:00,2022-10-20T03:00:00+00:00,40,26083,Coherent humidity_surge across at least three neighbour stations with causal spatial lag.,dwd,meteorological,26083,,
dwd_meteorological_s26083_train,train,DWD_METEOROLOGICAL_S26083_TRAIN-I8-WX-0072,genuine_weather_scenario,humidity_surge,"temperature,pressure,humidity","DWD-01262,DWD-02712,DWD-04928",dwd_dwd_south_upland,2022-10-17T23:00:00+00:00,2022-10-18T16:00:00+00:00,51,26083,Coherent humidity_surge across at least three neighbour stations with causal spatial lag.,dwd,meteorological,26083,,
dwd_meteorological_s26083_train,train,DWD_METEOROLOGICAL_S26083_TRAIN-I8-WX-0073,genuine_weather_scenario,dry_intrusion,"temperature,pressure,humidity","DWD-01262,DWD-02712,DWD-04928",dwd_dwd_south_upland,2022-05-30T15:00:00+00:00,2022-05-31T19:00:00+00:00,84,26083,Coherent dry_intrusion across at least three neighbour stations with causal spatial lag.,dwd,meteorological,26083,,
dwd_meteorological_s26083_train,train,DWD_METEOROLOGICAL_S26083_TRAIN-I8-WX-0074,genuine_weather_scenario,dry_intrusion,"temperature,pressure,humidity","DWD-01262,DWD-02712,DWD-04928",dwd_dwd_south_upland,2022-04-25T05:00:00+00:00,2022-04-26T11:00:00+00:00,89,26083,Coherent dry_intrusion across at least three neighbour stations with causal spatial lag.,dwd,meteorological,26083,,
dwd_meteorological_s26083_train,train,DWD_METEOROLOGICAL_S26083_TRAIN-I8-WX-0075,genuine_weather_scenario,multivariate_storm,"temperature,pressure,humidity","DWD-01262,DWD-02712,DWD-04928",dwd_dwd_south_upland,2022-01-27T02:00:00+00:00,2022-01-27T19:00:00+00:00,51,26083,Coherent multivariate_storm across at least three neighbour stations with causal spatial lag.,dwd,meteorological,26083,,
dwd_meteorological_s26083_train,train,DWD_METEOROLOGICAL_S26083_TRAIN-I8-WX-0076,genuine_weather_scenario,multivariate_storm,"temperature,pressure,humidity","DWD-01262,DWD-02712,DWD-04928",dwd_dwd_south_upland,2022-06-12T00:00:00+00:00,2022-06-12T22:00:00+00:00,67,26083,Coherent multivariate_storm across at least three neighbour stations with causal spatial lag.,dwd,meteorological,26083,,
dwd_meteorological_s26083_train,train,DWD_METEOROLOGICAL_S26083_TRAIN-I8-FLT-0077,sensor_fault,bias,humidity,DWD-01262,dwd_dwd_south_upland,2022-04-27T03:00:00+00:00,2022-04-29T04:00:00+00:00,50,26083,bias applied to one humidity sensor with a low-to-moderate severity ladder.,dwd,meteorological,26083,,
dwd_meteorological_s26083_train,train,DWD_METEOROLOGICAL_S26083_TRAIN-I8-FLT-0078,sensor_fault,bias,pressure,DWD-01262,dwd_dwd_south_upland,2022-09-28T14:00:00+00:00,2022-09-30T04:00:00+00:00,39,26083,bias applied to one pressure sensor with a low-to-moderate severity ladder.,dwd,meteorological,26083,,
dwd_meteorological_s26083_train,train,DWD_METEOROLOGICAL_S26083_TRAIN-I8-FLT-0079,sensor_fault,bias,pressure,DWD-01262,dwd_dwd_south_upland,2022-12-08T14:00:00+00:00,2022-12-10T13:00:00+00:00,48,26083,bias applied to one pressure sensor with a low-to-moderate severity ladder.,dwd,meteorological,26083,,
dwd_meteorological_s26083_train,train,DWD_METEOROLOGICAL_S26083_TRAIN-I8-FLT-0080,sensor_fault,bias,temperature,DWD-02712,dwd_dwd_south_upland,2022-10-31T09:00:00+00:00,2022-11-01T03:00:00+00:00,19,26083,bias applied to one temperature sensor with a low-to-moderate severity ladder.,dwd,meteorological,26083,,
dwd_meteorological_s26083_train,train,DWD_METEOROLOGICAL_S26083_TRAIN-I8-FLT-0081,sensor_fault,drift,temperature,DWD-01262,dwd_dwd_south_upland,2022-06-25T11:00:00+00:00,2022-06-26T12:00:00+00:00,26,26083,drift applied to one temperature sensor with a low-to-moderate severity ladder.,dwd,meteorological,26083,,
dwd_meteorological_s26083_train,train,DWD_METEOROLOGICAL_S26083_TRAIN-I8-FLT-0082,sensor_fault,drift,humidity,DWD-01262,dwd_dwd_south_upland,2022-03-30T00:00:00+00:00,2022-03-31T11:00:00+00:00,36,26083,drift applied to one humidity sensor with a low-to-moderate severity ladder.,dwd,meteorological,26083,,
dwd_meteorological_s26083_train,train,DWD_METEOROLOGICAL_S26083_TRAIN-I8-FLT-0083,sensor_fault,drift,temperature,DWD-04928,dwd_dwd_south_upland,2022-01-30T00:00:00+00:00,2022-01-30T08:00:00+00:00,9,26083,drift applied to one temperature sensor with a low-to-moderate severity ladder.,dwd,meteorological,26083,,
dwd_meteorological_s26083_train,train,DWD_METEOROLOGICAL_S26083_TRAIN-I8-FLT-0084,sensor_fault,drift,temperature,DWD-02712,dwd_dwd_south_upland,2022-04-07T04:00:00+00:00,2022-04-08T12:00:00+00:00,33,26083,drift applied to one temperature sensor with a low-to-moderate severity ladder.,dwd,meteorological,26083,,
dwd_meteorological_s26083_train,train,DWD_METEOROLOGICAL_S26083_TRAIN-I8-FLT-0085,sensor_fault,frozen_sensor,pressure,DWD-02712,dwd_dwd_south_upland,2022-06-13T05:00:00+00:00,2022-06-14T19:00:00+00:00,39,26083,frozen_sensor applied to one pressure sensor with a low-to-moderate severity ladder.,dwd,meteorological,26083,,
dwd_meteorological_s26083_train,train,DWD_METEOROLOGICAL_S26083_TRAIN-I8-FLT-0086,sensor_fault,frozen_sensor,pressure,DWD-01262,dwd_dwd_south_upland,2022-09-12T15:00:00+00:00,2022-09-13T07:00:00+00:00,17,26083,frozen_sensor applied to one pressure sensor with a low-to-moderate severity ladder.,dwd,meteorological,26083,,
dwd_meteorological_s26083_train,train,DWD_METEOROLOGICAL_S26083_TRAIN-I8-FLT-0087,sensor_fault,frozen_sensor,pressure,DWD-04928,dwd_dwd_south_upland,2022-06-02T19:00:00+00:00,2022-06-04T12:00:00+00:00,42,26083,frozen_sensor applied to one pressure sensor with a low-to-moderate severity ladder.,dwd,meteorological,26083,,
dwd_meteorological_s26083_train,train,DWD_METEOROLOGICAL_S26083_TRAIN-I8-FLT-0088,sensor_fault,frozen_sensor,humidity,DWD-04928,dwd_dwd_south_upland,2022-09-13T08:00:00+00:00,2022-09-13T17:00:00+00:00,10,26083,frozen_sensor applied to one humidity sensor with a low-to-moderate severity ladder.,dwd,meteorological,26083,,
dwd_meteorological_s26083_train,train,DWD_METEOROLOGICAL_S26083_TRAIN-I8-FLT-0089,sensor_fault,spike,humidity,DWD-04928,dwd_dwd_south_upland,2022-04-29T21:00:00+00:00,2022-04-29T21:00:00+00:00,1,26083,spike applied to one humidity sensor with a low-to-moderate severity ladder.,dwd,meteorological,26083,,
dwd_meteorological_s26083_train,train,DWD_METEOROLOGICAL_S26083_TRAIN-I8-FLT-0090,sensor_fault,spike,temperature,DWD-04928,dwd_dwd_south_upland,2022-02-17T18:00:00+00:00,2022-02-17T18:00:00+00:00,1,26083,spike applied to one temperature sensor with a low-to-moderate severity ladder.,dwd,meteorological,26083,,
dwd_meteorological_s26083_train,train,DWD_METEOROLOGICAL_S26083_TRAIN-I8-FLT-0091,sensor_fault,spike,pressure,DWD-01262,dwd_dwd_south_upland,2022-07-02T06:00:00+00:00,2022-07-02T06:00:00+00:00,1,26083,spike applied to one pressure sensor with a low-to-moderate severity ladder.,dwd,meteorological,26083,,
dwd_meteorological_s26083_train,train,DWD_METEOROLOGICAL_S26083_TRAIN-I8-FLT-0092,sensor_fault,spike,pressure,DWD-01262,dwd_dwd_south_upland,2022-04-01T19:00:00+00:00,2022-04-01T19:00:00+00:00,1,26083,spike applied to one pressure sensor with a low-to-moderate severity ladder.,dwd,meteorological,26083,,
dwd_meteorological_s26083_train,train,DWD_METEOROLOGICAL_S26083_TRAIN-I8-FLT-0093,sensor_fault,noise,pressure,DWD-01262,dwd_dwd_south_upland,2022-04-29T11:00:00+00:00,2022-04-30T16:00:00+00:00,30,26083,noise applied to one pressure sensor with a low-to-moderate severity ladder.,dwd,meteorological,26083,,
dwd_meteorological_s26083_train,train,DWD_METEOROLOGICAL_S26083_TRAIN-I8-FLT-0094,sensor_fault,noise,humidity,DWD-04928,dwd_dwd_south_upland,2022-03-16T08:00:00+00:00,2022-03-17T13:00:00+00:00,30,26083,noise applied to one humidity sensor with a low-to-moderate severity ladder.,dwd,meteorological,26083,,
dwd_meteorological_s26083_train,train,DWD_METEOROLOGICAL_S26083_TRAIN-I8-FLT-0095,sensor_fault,noise,humidity,DWD-04928,dwd_dwd_south_upland,2022-05-01T18:00:00+00:00,2022-05-02T05:00:00+00:00,12,26083,noise applied to one humidity sensor with a low-to-moderate severity ladder.,dwd,meteorological,26083,,
dwd_meteorological_s26083_train,train,DWD_METEOROLOGICAL_S26083_TRAIN-I8-FLT-0096,sensor_fault,noise,humidity,DWD-01262,dwd_dwd_south_upland,2022-01-11T06:00:00+00:00,2022-01-12T11:00:00+00:00,30,26083,noise applied to one humidity sensor with a low-to-moderate severity ladder.,dwd,meteorological,26083,,
dwd_meteorological_s26083_train,train,DWD_METEOROLOGICAL_S26083_TRAIN-I8-WX-0097,genuine_weather_scenario,regional_heatwave,"temperature,pressure,humidity","DWD-01078,DWD-01420,DWD-02667",dwd_dwd_west_lowland,2022-03-11T12:00:00+00:00,2022-03-12T01:00:00+00:00,39,26083,Coherent regional_heatwave across at least three neighbour stations with causal spatial lag.,dwd,meteorological,26083,,
dwd_meteorological_s26083_train,train,DWD_METEOROLOGICAL_S26083_TRAIN-I8-WX-0098,genuine_weather_scenario,regional_heatwave,"temperature,pressure,humidity","DWD-01078,DWD-01420,DWD-02667",dwd_dwd_west_lowland,2022-10-07T11:00:00+00:00,2022-10-08T11:00:00+00:00,73,26083,Coherent regional_heatwave across at least three neighbour stations with causal spatial lag.,dwd,meteorological,26083,,
dwd_meteorological_s26083_train,train,DWD_METEOROLOGICAL_S26083_TRAIN-I8-WX-0099,genuine_weather_scenario,regional_cold_surge,"temperature,pressure,humidity","DWD-01078,DWD-01420,DWD-02667",dwd_dwd_west_lowland,2022-03-28T15:00:00+00:00,2022-03-29T13:00:00+00:00,66,26083,Coherent regional_cold_surge across at least three neighbour stations with causal spatial lag.,dwd,meteorological,26083,,
dwd_meteorological_s26083_train,train,DWD_METEOROLOGICAL_S26083_TRAIN-I8-WX-0100,genuine_weather_scenario,regional_cold_surge,"temperature,pressure,humidity","DWD-01078,DWD-01420,DWD-02667",dwd_dwd_west_lowland,2022-07-29T07:00:00+00:00,2022-07-30T02:00:00+00:00,58,26083,Coherent regional_cold_surge across at least three neighbour stations with causal spatial lag.,dwd,meteorological,26083,,
dwd_meteorological_s26083_train,train,DWD_METEOROLOGICAL_S26083_TRAIN-I8-WX-0101,genuine_weather_scenario,pressure_front,"temperature,pressure,humidity","DWD-01078,DWD-01420,DWD-02667",dwd_dwd_west_lowland,2022-05-17T15:00:00+00:00,2022-05-18T11:00:00+00:00,59,26083,Coherent pressure_front across at least three neighbour stations with causal spatial lag.,dwd,meteorological,26083,,
dwd_meteorological_s26083_train,train,DWD_METEOROLOGICAL_S26083_TRAIN-I8-WX-0102,genuine_weather_scenario,pressure_front,"temperature,pressure,humidity","DWD-01078,DWD-01420,DWD-02667",dwd_dwd_west_lowland,2022-08-08T05:00:00+00:00,2022-08-08T23:00:00+00:00,54,26083,Coherent pressure_front across at least three neighbour stations with causal spatial lag.,dwd,meteorological,26083,,
dwd_meteorological_s26083_train,train,DWD_METEOROLOGICAL_S26083_TRAIN-I8-WX-0103,genuine_weather_scenario,humidity_surge,"temperature,pressure,humidity","DWD-01078,DWD-01420,DWD-02667",dwd_dwd_west_lowland,2022-10-31T06:00:00+00:00,2022-10-31T21:00:00+00:00,45,26083,Coherent humidity_surge across at least three neighbour stations with causal spatial lag.,dwd,meteorological,26083,,
dwd_meteorological_s26083_train,train,DWD_METEOROLOGICAL_S26083_TRAIN-I8-WX-0104,genuine_weather_scenario,humidity_surge,"temperature,pressure,humidity","DWD-01078,DWD-01420,DWD-02667",dwd_dwd_west_lowland,2022-07-03T15:00:00+00:00,2022-07-04T18:00:00+00:00,81,26083,Coherent humidity_surge across at least three neighbour stations with causal spatial lag.,dwd,meteorological,26083,,
dwd_meteorological_s26083_train,train,DWD_METEOROLOGICAL_S26083_TRAIN-I8-WX-0105,genuine_weather_scenario,dry_intrusion,"temperature,pressure,humidity","DWD-01078,DWD-01420,DWD-02667",dwd_dwd_west_lowland,2022-06-03T17:00:00+00:00,2022-06-04T15:00:00+00:00,67,26083,Coherent dry_intrusion across at least three neighbour stations with causal spatial lag.,dwd,meteorological,26083,,
dwd_meteorological_s26083_train,train,DWD_METEOROLOGICAL_S26083_TRAIN-I8-WX-0106,genuine_weather_scenario,dry_intrusion,"temperature,pressure,humidity","DWD-01078,DWD-01420,DWD-02667",dwd_dwd_west_lowland,2022-09-11T05:00:00+00:00,2022-09-11T22:00:00+00:00,51,26083,Coherent dry_intrusion across at least three neighbour stations with causal spatial lag.,dwd,meteorological,26083,,
dwd_meteorological_s26083_train,train,DWD_METEOROLOGICAL_S26083_TRAIN-I8-WX-0107,genuine_weather_scenario,multivariate_storm,"temperature,pressure,humidity","DWD-01078,DWD-01420,DWD-02667",dwd_dwd_west_lowland,2022-10-13T12:00:00+00:00,2022-10-14T11:00:00+00:00,69,26083,Coherent multivariate_storm across at least three neighbour stations with causal spatial lag.,dwd,meteorological,26083,,
dwd_meteorological_s26083_train,train,DWD_METEOROLOGICAL_S26083_TRAIN-I8-WX-0108,genuine_weather_scenario,multivariate_storm,"temperature,pressure,humidity","DWD-01078,DWD-01420,DWD-02667",dwd_dwd_west_lowland,2022-11-27T01:00:00+00:00,2022-11-28T07:00:00+00:00,90,26083,Coherent multivariate_storm across at least three neighbour stations with causal spatial lag.,dwd,meteorological,26083,,
dwd_meteorological_s26083_train,train,DWD_METEOROLOGICAL_S26083_TRAIN-I8-FLT-0109,sensor_fault,bias,temperature,DWD-01420,dwd_dwd_west_lowland,2022-02-24T10:00:00+00:00,2022-02-25T11:00:00+00:00,26,26083,bias applied to one temperature sensor with a low-to-moderate severity ladder.,dwd,meteorological,26083,,
dwd_meteorological_s26083_train,train,DWD_METEOROLOGICAL_S26083_TRAIN-I8-FLT-0110,sensor_fault,bias,pressure,DWD-02667,dwd_dwd_west_lowland,2022-04-13T08:00:00+00:00,2022-04-15T10:00:00+00:00,51,26083,bias applied to one pressure sensor with a low-to-moderate severity ladder.,dwd,meteorological,26083,,
dwd_meteorological_s26083_train,train,DWD_METEOROLOGICAL_S26083_TRAIN-I8-FLT-0111,sensor_fault,bias,temperature,DWD-01420,dwd_dwd_west_lowland,2022-12-08T05:00:00+00:00,2022-12-09T16:00:00+00:00,36,26083,bias applied to one temperature sensor with a low-to-moderate severity ladder.,dwd,meteorological,26083,,
dwd_meteorological_s26083_train,train,DWD_METEOROLOGICAL_S26083_TRAIN-I8-FLT-0112,sensor_fault,bias,pressure,DWD-01078,dwd_dwd_west_lowland,2022-07-13T11:00:00+00:00,2022-07-15T07:00:00+00:00,45,26083,bias applied to one pressure sensor with a low-to-moderate severity ladder.,dwd,meteorological,26083,,
dwd_meteorological_s26083_train,train,DWD_METEOROLOGICAL_S26083_TRAIN-I8-FLT-0113,sensor_fault,drift,temperature,DWD-01420,dwd_dwd_west_lowland,2022-11-04T06:00:00+00:00,2022-11-05T22:00:00+00:00,41,26083,drift applied to one temperature sensor with a low-to-moderate severity ladder.,dwd,meteorological,26083,,
dwd_meteorological_s26083_train,train,DWD_METEOROLOGICAL_S26083_TRAIN-I8-FLT-0114,sensor_fault,drift,humidity,DWD-01420,dwd_dwd_west_lowland,2022-12-11T23:00:00+00:00,2022-12-12T15:00:00+00:00,17,26083,drift applied to one humidity sensor with a low-to-moderate severity ladder.,dwd,meteorological,26083,,
dwd_meteorological_s26083_train,train,DWD_METEOROLOGICAL_S26083_TRAIN-I8-FLT-0115,sensor_fault,drift,pressure,DWD-01420,dwd_dwd_west_lowland,2022-06-28T22:00:00+00:00,2022-06-29T09:00:00+00:00,12,26083,drift applied to one pressure sensor with a low-to-moderate severity ladder.,dwd,meteorological,26083,,
dwd_meteorological_s26083_train,train,DWD_METEOROLOGICAL_S26083_TRAIN-I8-FLT-0116,sensor_fault,drift,pressure,DWD-02667,dwd_dwd_west_lowland,2022-10-15T22:00:00+00:00,2022-10-16T08:00:00+00:00,11,26083,drift applied to one pressure sensor with a low-to-moderate severity ladder.,dwd,meteorological,26083,,
dwd_meteorological_s26083_train,train,DWD_METEOROLOGICAL_S26083_TRAIN-I8-FLT-0117,sensor_fault,frozen_sensor,humidity,DWD-01078,dwd_dwd_west_lowland,2022-03-08T21:00:00+00:00,2022-03-10T10:00:00+00:00,38,26083,frozen_sensor applied to one humidity sensor with a low-to-moderate severity ladder.,dwd,meteorological,26083,,
dwd_meteorological_s26083_train,train,DWD_METEOROLOGICAL_S26083_TRAIN-I8-FLT-0118,sensor_fault,frozen_sensor,pressure,DWD-01078,dwd_dwd_west_lowland,2022-06-12T09:00:00+00:00,2022-06-12T23:00:00+00:00,15,26083,frozen_sensor applied to one pressure sensor with a low-to-moderate severity ladder.,dwd,meteorological,26083,,
dwd_meteorological_s26083_train,train,DWD_METEOROLOGICAL_S26083_TRAIN-I8-FLT-0119,sensor_fault,frozen_sensor,temperature,DWD-02667,dwd_dwd_west_lowland,2022-10-17T03:00:00+00:00,2022-10-18T14:00:00+00:00,36,26083,frozen_sensor applied to one temperature sensor with a low-to-moderate severity ladder.,dwd,meteorological,26083,,
dwd_meteorological_s26083_train,train,DWD_METEOROLOGICAL_S26083_TRAIN-I8-FLT-0120,sensor_fault,frozen_sensor,humidity,DWD-01078,dwd_dwd_west_lowland,2022-12-11T22:00:00+00:00,2022-12-14T01:00:00+00:00,52,26083,frozen_sensor applied to one humidity sensor with a low-to-moderate severity ladder.,dwd,meteorological,26083,,
dwd_meteorological_s26083_train,train,DWD_METEOROLOGICAL_S26083_TRAIN-I8-FLT-0121,sensor_fault,spike,temperature,DWD-02667,dwd_dwd_west_lowland,2022-12-15T07:00:00+00:00,2022-12-15T07:00:00+00:00,1,26083,spike applied to one temperature sensor with a low-to-moderate severity ladder.,dwd,meteorological,26083,,
dwd_meteorological_s26083_train,train,DWD_METEOROLOGICAL_S26083_TRAIN-I8-FLT-0122,sensor_fault,spike,humidity,DWD-01078,dwd_dwd_west_lowland,2022-09-13T23:00:00+00:00,2022-09-13T23:00:00+00:00,1,26083,spike applied to one humidity sensor with a low-to-moderate severity ladder.,dwd,meteorological,26083,,
dwd_meteorological_s26083_train,train,DWD_METEOROLOGICAL_S26083_TRAIN-I8-FLT-0123,sensor_fault,spike,temperature,DWD-02667,dwd_dwd_west_lowland,2022-06-25T08:00:00+00:00,2022-06-25T08:00:00+00:00,1,26083,spike applied to one temperature sensor with a low-to-moderate severity ladder.,dwd,meteorological,26083,,
dwd_meteorological_s26083_train,train,DWD_METEOROLOGICAL_S26083_TRAIN-I8-FLT-0124,sensor_fault,spike,temperature,DWD-01078,dwd_dwd_west_lowland,2022-11-06T05:00:00+00:00,2022-11-06T05:00:00+00:00,1,26083,spike applied to one temperature sensor with a low-to-moderate severity ladder.,dwd,meteorological,26083,,
dwd_meteorological_s26083_train,train,DWD_METEOROLOGICAL_S26083_TRAIN-I8-FLT-0125,sensor_fault,noise,humidity,DWD-01078,dwd_dwd_west_lowland,2022-12-09T15:00:00+00:00,2022-12-10T08:00:00+00:00,18,26083,noise applied to one humidity sensor with a low-to-moderate severity ladder.,dwd,meteorological,26083,,
dwd_meteorological_s26083_train,train,DWD_METEOROLOGICAL_S26083_TRAIN-I8-FLT-0126,sensor_fault,noise,temperature,DWD-01420,dwd_dwd_west_lowland,2022-09-14T02:00:00+00:00,2022-09-15T10:00:00+00:00,33,26083,noise applied to one temperature sensor with a low-to-moderate severity ladder.,dwd,meteorological,26083,,
dwd_meteorological_s26083_train,train,DWD_METEOROLOGICAL_S26083_TRAIN-I8-FLT-0127,sensor_fault,noise,temperature,DWD-02667,dwd_dwd_west_lowland,2022-04-24T00:00:00+00:00,2022-04-24T19:00:00+00:00,20,26083,noise applied to one temperature sensor with a low-to-moderate severity ladder.,dwd,meteorological,26083,,
dwd_meteorological_s26083_train,train,DWD_METEOROLOGICAL_S26083_TRAIN-I8-FLT-0128,sensor_fault,noise,pressure,DWD-01078,dwd_dwd_west_lowland,2022-06-29T06:00:00+00:00,2022-06-30T06:00:00+00:00,25,26083,noise applied to one pressure sensor with a low-to-moderate severity ladder.,dwd,meteorological,26083,,
dwd_operational_s26083_train,train,DWD_OPERATIONAL_S26083_TRAIN-FLT-0001,sensor_fault,communication_corruption,"temperature,pressure,humidity",DWD-04271,,2022-04-12T09:00:00Z,2022-04-12T09:00:00Z,1,26083,Communication corruption replaces all primary values with implausible numbers.,dwd,operational,26083,low,emit
dwd_operational_s26083_train,train,DWD_OPERATIONAL_S26083_TRAIN-FLT-0002,sensor_fault,timestamp_error,timestamp,DWD-04271,,2022-08-23T12:00:00Z,2022-08-23T14:00:00Z,3,26083,Selected timestamps are shifted by 7200 seconds.,dwd,operational,26083,medium,timestamp_shift
dwd_operational_s26083_train,train,DWD_OPERATIONAL_S26083_TRAIN-FLT-0003,sensor_fault,unit_error,temperature,DWD-01420,,2022-01-06T23:00:00Z,2022-01-06T23:00:00Z,1,26083,Celsius temperature is interpreted and emitted as Fahrenheit.,dwd,operational,26083,high,emit
dwd_operational_s26083_train,train,DWD_OPERATIONAL_S26083_TRAIN-FLT-0004,sensor_fault,dropout,communication,DWD-01078,,2022-11-03T06:00:00Z,2022-11-03T16:00:00Z,11,26083,Consecutive station records are removed from the emitted stream.,dwd,operational,26083,medium,drop
dwd_operational_s26083_train,train,DWD_OPERATIONAL_S26083_TRAIN-FLT-0005,sensor_fault,dropout,communication,DWD-01420,,2022-11-17T21:00:00Z,2022-11-18T08:00:00Z,12,26083,Consecutive station records are removed from the emitted stream.,dwd,operational,26083,low,drop
dwd_operational_s26083_train,train,DWD_OPERATIONAL_S26083_TRAIN-FLT-0006,sensor_fault,scaling_error,humidity,DWD-03032,,2022-02-04T07:00:00Z,2022-02-04T07:00:00Z,1,26083,Humidity is multiplied by scaling factor 0.01.,dwd,operational,26083,high,emit
dwd_operational_s26083_train,train,DWD_OPERATIONAL_S26083_TRAIN-FLT-0007,sensor_fault,spike,pressure,DWD-01975,,2022-11-22T05:00:00Z,2022-11-22T05:00:00Z,1,26083,Single-reading pressure spike of 10.09.,dwd,operational,26083,medium,emit
dwd_operational_s26083_train,train,DWD_OPERATIONAL_S26083_TRAIN-FLT-0008,sensor_fault,scaling_error,pressure,DWD-04928,,2022-07-31T02:00:00Z,2022-07-31T02:00:00Z,1,26083,Pressure is multiplied by scaling factor 0.1.,dwd,operational,26083,high,emit
dwd_operational_s26083_train,train,DWD_OPERATIONAL_S26083_TRAIN-FLT-0009,sensor_fault,sudden_drop,temperature,DWD-01262,,2022-01-29T01:00:00Z,2022-01-29T01:00:00Z,1,26083,Single-reading temperature drop of 18.71.,dwd,operational,26083,low,emit
dwd_operational_s26083_train,train,DWD_OPERATIONAL_S26083_TRAIN-FLT-0010,sensor_fault,bias,humidity,DWD-00433,,2022-02-05T10:00:00Z,2022-02-07T00:00:00Z,39,26083,Constant humidity bias of -14.12 across a contiguous episode.,dwd,operational,26083,medium,emit
dwd_operational_s26083_train,train,DWD_OPERATIONAL_S26083_TRAIN-FLT-0011,sensor_fault,unit_error,temperature,DWD-03987,,2022-10-12T14:00:00Z,2022-10-12T14:00:00Z,1,26083,Celsius temperature is interpreted and emitted as Fahrenheit.,dwd,operational,26083,medium,emit
dwd_operational_s26083_train,train,DWD_OPERATIONAL_S26083_TRAIN-FLT-0012,sensor_fault,multi_sensor_failure,"temperature,pressure,humidity",DWD-03032,,2022-04-06T20:00:00Z,2022-04-07T10:00:00Z,15,26083,All primary sensors remain constant across the episode.,dwd,operational,26083,low,emit
dwd_operational_s26083_train,train,DWD_OPERATIONAL_S26083_TRAIN-FLT-0013,sensor_fault,unit_error,temperature,DWD-03987,,2022-12-17T16:00:00Z,2022-12-17T16:00:00Z,1,26083,Celsius temperature is interpreted and emitted as Fahrenheit.,dwd,operational,26083,medium,emit
dwd_operational_s26083_train,train,DWD_OPERATIONAL_S26083_TRAIN-FLT-0014,sensor_fault,duplicate_packet,communication,DWD-04271,,2022-06-30T09:00:00Z,2022-06-30T10:00:00Z,2,26083,Selected station records are emitted twice by the replay engine.,dwd,operational,26083,high,duplicate
dwd_operational_s26083_train,train,DWD_OPERATIONAL_S26083_TRAIN-FLT-0015,sensor_fault,bias,pressure,DWD-04271,,2022-11-29T15:00:00Z,2022-11-30T20:00:00Z,30,26083,Constant pressure bias of 7.86 across a contiguous episode.,dwd,operational,26083,high,emit
dwd_operational_s26083_train,train,DWD_OPERATIONAL_S26083_TRAIN-FLT-0016,sensor_fault,bias,humidity,DWD-03032,,2022-04-29T07:00:00Z,2022-05-01T01:00:00Z,43,26083,Constant humidity bias of -29.57 across a contiguous episode.,dwd,operational,26083,medium,emit
dwd_operational_s26083_train,train,DWD_OPERATIONAL_S26083_TRAIN-FLT-0017,sensor_fault,timestamp_error,timestamp,DWD-01078,,2022-08-21T14:00:00Z,2022-08-21T15:00:00Z,2,26083,Selected timestamps are shifted by 14400 seconds.,dwd,operational,26083,high,timestamp_shift
dwd_operational_s26083_train,train,DWD_OPERATIONAL_S26083_TRAIN-FLT-0018,sensor_fault,scaling_error,pressure,DWD-04271,,2022-03-09T03:00:00Z,2022-03-09T03:00:00Z,1,26083,Pressure is multiplied by scaling factor 10.,dwd,operational,26083,high,emit
dwd_operational_s26083_train,train,DWD_OPERATIONAL_S26083_TRAIN-FLT-0019,sensor_fault,communication_corruption,"temperature,pressure,humidity",DWD-00433,,2022-09-28T07:00:00Z,2022-09-28T08:00:00Z,2,26083,Communication corruption replaces all primary values with implausible numbers.,dwd,operational,26083,high,emit
dwd_operational_s26083_train,train,DWD_OPERATIONAL_S26083_TRAIN-FLT-0020,sensor_fault,frozen_sensor,temperature,DWD-02667,,2022-09-02T04:00:00Z,2022-09-03T07:00:00Z,28,26083,Temperature frozen at 16.20 for the episode.,dwd,operational,26083,high,emit
dwd_operational_s26083_train,train,DWD_OPERATIONAL_S26083_TRAIN-FLT-0021,sensor_fault,drift,pressure,DWD-01975,,2022-12-28T12:00:00Z,2022-12-29T12:00:00Z,25,26083,Gradual pressure drift ending at 22.94 from baseline.,dwd,operational,26083,medium,emit
dwd_operational_s26083_train,train,DWD_OPERATIONAL_S26083_TRAIN-FLT-0022,sensor_fault,dropout,communication,DWD-01975,,2022-07-21T13:00:00Z,2022-07-22T01:00:00Z,13,26083,Consecutive station records are removed from the emitted stream.,dwd,operational,26083,medium,drop
dwd_operational_s26083_train,train,DWD_OPERATIONAL_S26083_TRAIN-FLT-0023,sensor_fault,dropout,communication,DWD-01420,,2022-05-12T12:00:00Z,2022-05-12T22:00:00Z,11,26083,Consecutive station records are removed from the emitted stream.,dwd,operational,26083,high,drop
dwd_operational_s26083_train,train,DWD_OPERATIONAL_S26083_TRAIN-FLT-0024,sensor_fault,spike,pressure,DWD-02667,,2022-12-21T11:00:00Z,2022-12-21T11:00:00Z,1,26083,Single-reading pressure spike of -17.51.,dwd,operational,26083,medium,emit
dwd_operational_s26083_train,train,DWD_OPERATIONAL_S26083_TRAIN-FLT-0025,sensor_fault,dropout,communication,DWD-03987,,2022-08-11T02:00:00Z,2022-08-11T19:00:00Z,18,26083,Consecutive station records are removed from the emitted stream.,dwd,operational,26083,high,drop
dwd_operational_s26083_train,train,DWD_OPERATIONAL_S26083_TRAIN-FLT-0026,sensor_fault,communication_corruption,"temperature,pressure,humidity",DWD-02712,,2022-01-09T19:00:00Z,2022-01-09T21:00:00Z,3,26083,Communication corruption replaces all primary values with implausible numbers.,dwd,operational,26083,high,emit
dwd_operational_s26083_train,train,DWD_OPERATIONAL_S26083_TRAIN-FLT-0027,sensor_fault,scaling_error,pressure,DWD-04928,,2022-12-07T05:00:00Z,2022-12-07T05:00:00Z,1,26083,Pressure is multiplied by scaling factor 0.1.,dwd,operational,26083,high,emit
dwd_operational_s26083_train,train,DWD_OPERATIONAL_S26083_TRAIN-FLT-0028,sensor_fault,multi_sensor_failure,"temperature,pressure,humidity",DWD-02667,,2022-10-23T23:00:00Z,2022-10-24T18:00:00Z,20,26083,All primary sensors remain constant across the episode.,dwd,operational,26083,high,emit
dwd_operational_s26083_train,train,DWD_OPERATIONAL_S26083_TRAIN-FLT-0029,sensor_fault,scaling_error,pressure,DWD-03987,,2022-02-03T18:00:00Z,2022-02-03T18:00:00Z,1,26083,Pressure is multiplied by scaling factor 10.,dwd,operational,26083,low,emit
dwd_operational_s26083_train,train,DWD_OPERATIONAL_S26083_TRAIN-FLT-0030,sensor_fault,multi_sensor_failure,"temperature,pressure,humidity",DWD-01420,,2022-12-31T12:00:00Z,2022-12-31T23:00:00Z,12,26083,All primary sensors remain constant across the episode.,dwd,operational,26083,medium,emit
dwd_operational_s26083_train,train,DWD_OPERATIONAL_S26083_TRAIN-FLT-0031,sensor_fault,frozen_sensor,temperature,DWD-01262,,2022-07-16T06:00:00Z,2022-07-17T03:00:00Z,22,26083,Temperature frozen at 17.20 for the episode.,dwd,operational,26083,medium,emit
dwd_operational_s26083_train,train,DWD_OPERATIONAL_S26083_TRAIN-FLT-0032,sensor_fault,bias,humidity,DWD-00433,,2022-06-15T19:00:00Z,2022-06-17T12:00:00Z,42,26083,Constant humidity bias of -13.56 across a contiguous episode.,dwd,operational,26083,medium,emit
dwd_operational_s26083_train,train,DWD_OPERATIONAL_S26083_TRAIN-FLT-0033,sensor_fault,sudden_drop,humidity,DWD-01078,,2022-11-08T19:00:00Z,2022-11-08T19:00:00Z,1,26083,Single-reading humidity drop of 85.46.,dwd,operational,26083,medium,emit
dwd_operational_s26083_train,train,DWD_OPERATIONAL_S26083_TRAIN-FLT-0034,sensor_fault,sudden_drop,temperature,DWD-01975,,2022-10-05T16:00:00Z,2022-10-05T16:00:00Z,1,26083,Single-reading temperature drop of 15.29.,dwd,operational,26083,high,emit
dwd_operational_s26083_train,train,DWD_OPERATIONAL_S26083_TRAIN-FLT-0035,sensor_fault,drift,humidity,DWD-01262,,2022-01-21T17:00:00Z,2022-01-24T13:00:00Z,69,26083,Gradual humidity drift ending at -41.53 from baseline.,dwd,operational,26083,medium,emit
dwd_operational_s26083_train,train,DWD_OPERATIONAL_S26083_TRAIN-FLT-0036,sensor_fault,spike,pressure,DWD-02712,,2022-06-22T04:00:00Z,2022-06-22T04:00:00Z,1,26083,Single-reading pressure spike of 35.93.,dwd,operational,26083,low,emit
dwd_operational_s26083_train,train,DWD_OPERATIONAL_S26083_TRAIN-FLT-0037,sensor_fault,duplicate_packet,communication,DWD-04271,,2022-04-07T16:00:00Z,2022-04-07T17:00:00Z,2,26083,Selected station records are emitted twice by the replay engine.,dwd,operational,26083,medium,duplicate
dwd_operational_s26083_train,train,DWD_OPERATIONAL_S26083_TRAIN-FLT-0038,sensor_fault,frozen_sensor,pressure,DWD-01975,,2022-11-08T20:00:00Z,2022-11-09T16:00:00Z,21,26083,Pressure frozen at 1005.11 for the episode.,dwd,operational,26083,low,emit
dwd_operational_s26083_train,train,DWD_OPERATIONAL_S26083_TRAIN-FLT-0039,sensor_fault,timestamp_error,timestamp,DWD-01078,,2022-03-24T22:00:00Z,2022-03-24T22:00:00Z,1,26083,Selected timestamps are shifted by 14400 seconds.,dwd,operational,26083,medium,timestamp_shift
dwd_operational_s26083_train,train,DWD_OPERATIONAL_S26083_TRAIN-FLT-0040,sensor_fault,unit_error,temperature,DWD-01048,,2022-12-10T20:00:00Z,2022-12-10T20:00:00Z,1,26083,Celsius temperature is interpreted and emitted as Fahrenheit.,dwd,operational,26083,high,emit
dwd_operational_s26083_train,train,DWD_OPERATIONAL_S26083_TRAIN-FLT-0041,sensor_fault,drift,temperature,DWD-01078,,2022-12-28T09:00:00Z,2022-12-31T08:00:00Z,72,26083,Gradual temperature drift ending at -5.83 from baseline.,dwd,operational,26083,medium,emit
dwd_operational_s26083_train,train,DWD_OPERATIONAL_S26083_TRAIN-FLT-0042,sensor_fault,noise,temperature,DWD-03032,,2022-01-11T21:00:00Z,2022-01-12T04:00:00Z,8,26083,Excessive zero-mean temperature noise with sigma 5.17.,dwd,operational,26083,medium,emit
dwd_operational_s26083_train,train,DWD_OPERATIONAL_S26083_TRAIN-FLT-0043,sensor_fault,drift,pressure,DWD-04271,,2022-05-19T07:00:00Z,2022-05-20T20:00:00Z,38,26083,Gradual pressure drift ending at 13.28 from baseline.,dwd,operational,26083,low,emit
dwd_operational_s26083_train,train,DWD_OPERATIONAL_S26083_TRAIN-FLT-0044,sensor_fault,communication_corruption,"temperature,pressure,humidity",DWD-01420,,2022-03-19T18:00:00Z,2022-03-19T18:00:00Z,1,26083,Communication corruption replaces all primary values with implausible numbers.,dwd,operational,26083,low,emit
dwd_operational_s26083_train,train,DWD_OPERATIONAL_S26083_TRAIN-FLT-0045,sensor_fault,frozen_sensor,temperature,DWD-01048,,2022-01-18T05:00:00Z,2022-01-19T16:00:00Z,36,26083,Temperature frozen at 0.80 for the episode.,dwd,operational,26083,low,emit
dwd_operational_s26083_train,train,DWD_OPERATIONAL_S26083_TRAIN-FLT-0046,sensor_fault,communication_corruption,"temperature,pressure,humidity",DWD-02712,,2022-06-05T04:00:00Z,2022-06-05T04:00:00Z,1,26083,Communication corruption replaces all primary values with implausible numbers.,dwd,operational,26083,medium,emit
dwd_operational_s26083_train,train,DWD_OPERATIONAL_S26083_TRAIN-FLT-0047,sensor_fault,noise,pressure,DWD-04271,,2022-03-09T13:00:00Z,2022-03-10T02:00:00Z,14,26083,Excessive zero-mean pressure noise with sigma 10.35.,dwd,operational,26083,medium,emit
dwd_operational_s26083_train,train,DWD_OPERATIONAL_S26083_TRAIN-FLT-0048,sensor_fault,spike,pressure,DWD-04928,,2022-09-02T09:00:00Z,2022-09-02T09:00:00Z,1,26083,Single-reading pressure spike of 47.84.,dwd,operational,26083,medium,emit
dwd_operational_s26083_train,train,DWD_OPERATIONAL_S26083_TRAIN-FLT-0049,sensor_fault,duplicate_packet,communication,DWD-03032,,2022-06-23T17:00:00Z,2022-06-23T17:00:00Z,1,26083,Selected station records are emitted twice by the replay engine.,dwd,operational,26083,medium,duplicate
dwd_operational_s26083_train,train,DWD_OPERATIONAL_S26083_TRAIN-FLT-0050,sensor_fault,drift,pressure,DWD-04928,,2022-03-25T20:00:00Z,2022-03-27T09:00:00Z,38,26083,Gradual pressure drift ending at 18.03 from baseline.,dwd,operational,26083,medium,emit
dwd_operational_s26083_train,train,DWD_OPERATIONAL_S26083_TRAIN-FLT-0051,sensor_fault,spike,pressure,DWD-04271,,2022-05-04T07:00:00Z,2022-05-04T07:00:00Z,1,26083,Single-reading pressure spike of 18.57.,dwd,operational,26083,medium,emit
dwd_operational_s26083_train,train,DWD_OPERATIONAL_S26083_TRAIN-FLT-0052,sensor_fault,sudden_drop,temperature,DWD-02712,,2022-08-19T16:00:00Z,2022-08-19T16:00:00Z,1,26083,Single-reading temperature drop of 15.35.,dwd,operational,26083,medium,emit
dwd_operational_s26083_train,train,DWD_OPERATIONAL_S26083_TRAIN-FLT-0053,sensor_fault,bias,humidity,DWD-01420,,2022-09-04T20:00:00Z,2022-09-05T20:00:00Z,25,26083,Constant humidity bias of 23.80 across a contiguous episode.,dwd,operational,26083,high,emit
dwd_operational_s26083_train,train,DWD_OPERATIONAL_S26083_TRAIN-FLT-0054,sensor_fault,duplicate_packet,communication,DWD-03032,,2022-09-09T02:00:00Z,2022-09-09T02:00:00Z,1,26083,Selected station records are emitted twice by the replay engine.,dwd,operational,26083,low,duplicate
dwd_operational_s26083_train,train,DWD_OPERATIONAL_S26083_TRAIN-FLT-0055,sensor_fault,unit_error,temperature,DWD-01078,,2022-11-20T06:00:00Z,2022-11-20T06:00:00Z,1,26083,Celsius temperature is interpreted and emitted as Fahrenheit.,dwd,operational,26083,high,emit
dwd_operational_s26083_train,train,DWD_OPERATIONAL_S26083_TRAIN-FLT-0056,sensor_fault,timestamp_error,timestamp,DWD-01078,,2022-08-25T08:00:00Z,2022-08-25T09:00:00Z,2,26083,Selected timestamps are shifted by -21600 seconds.,dwd,operational,26083,low,timestamp_shift
dwd_operational_s26083_train,train,DWD_OPERATIONAL_S26083_TRAIN-FLT-0057,sensor_fault,timestamp_error,timestamp,DWD-04928,,2022-01-18T03:00:00Z,2022-01-18T04:00:00Z,2,26083,Selected timestamps are shifted by -3600 seconds.,dwd,operational,26083,medium,timestamp_shift
dwd_operational_s26083_train,train,DWD_OPERATIONAL_S26083_TRAIN-FLT-0058,sensor_fault,frozen_sensor,pressure,DWD-03032,,2022-01-19T08:00:00Z,2022-01-20T11:00:00Z,28,26083,Pressure frozen at 1019.12 for the episode.,dwd,operational,26083,medium,emit
dwd_operational_s26083_train,train,DWD_OPERATIONAL_S26083_TRAIN-FLT-0059,sensor_fault,sudden_drop,pressure,DWD-01078,,2022-12-19T07:00:00Z,2022-12-19T07:00:00Z,1,26083,Single-reading pressure drop of 74.01.,dwd,operational,26083,medium,emit
dwd_operational_s26083_train,train,DWD_OPERATIONAL_S26083_TRAIN-FLT-0060,sensor_fault,multi_sensor_failure,"temperature,pressure,humidity",DWD-02712,,2022-10-06T03:00:00Z,2022-10-06T19:00:00Z,17,26083,All primary sensors remain constant across the episode.,dwd,operational,26083,high,emit
dwd_operational_s26083_train,train,DWD_OPERATIONAL_S26083_TRAIN-FLT-0061,sensor_fault,duplicate_packet,communication,DWD-01262,,2022-06-09T05:00:00Z,2022-06-09T06:00:00Z,2,26083,Selected station records are emitted twice by the replay engine.,dwd,operational,26083,medium,duplicate
dwd_operational_s26083_train,train,DWD_OPERATIONAL_S26083_TRAIN-FLT-0062,sensor_fault,noise,pressure,DWD-01078,,2022-10-09T15:00:00Z,2022-10-10T04:00:00Z,14,26083,Excessive zero-mean pressure noise with sigma 7.43.,dwd,operational,26083,medium,emit
dwd_operational_s26083_train,train,DWD_OPERATIONAL_S26083_TRAIN-FLT-0063,sensor_fault,noise,humidity,DWD-01078,,2022-05-04T05:00:00Z,2022-05-05T00:00:00Z,20,26083,Excessive zero-mean humidity noise with sigma 16.93.,dwd,operational,26083,high,emit
dwd_operational_s26083_train,train,DWD_OPERATIONAL_S26083_TRAIN-FLT-0064,sensor_fault,multi_sensor_failure,"temperature,pressure,humidity",DWD-04928,,2022-03-13T23:00:00Z,2022-03-15T03:00:00Z,29,26083,All primary sensors remain constant across the episode.,dwd,operational,26083,low,emit
dwd_operational_s26083_train,train,DWD_OPERATIONAL_S26083_TRAIN-FLT-0065,sensor_fault,noise,temperature,DWD-03987,,2022-03-10T11:00:00Z,2022-03-11T05:00:00Z,19,26083,Excessive zero-mean temperature noise with sigma 3.17.,dwd,operational,26083,high,emit
dwd_operational_s26083_train,train,DWD_OPERATIONAL_S26083_TRAIN-WX-0066,genuine_weather_scenario,regional_temperature_event,temperature,"DWD-00433,DWD-01048,DWD-03987",,2022-04-29T17:00:00Z,2022-04-30T08:00:00Z,48,26083,Coherent regional temperature rise peaking near 3.52 °C across 3 stations.,dwd,operational,26083,event,emit
dwd_operational_s26083_train,train,DWD_OPERATIONAL_S26083_TRAIN-WX-0067,genuine_weather_scenario,regional_temperature_event,temperature,"DWD-01078,DWD-01420,DWD-02667",,2022-12-01T06:00:00Z,2022-12-02T08:00:00Z,81,26083,Coherent regional temperature rise peaking near 3.38 °C across 3 stations.,dwd,operational,26083,event,emit
dwd_operational_s26083_train,train,DWD_OPERATIONAL_S26083_TRAIN-WX-0068,genuine_weather_scenario,regional_temperature_event,temperature,"DWD-01975,DWD-03032,DWD-04271",,2022-07-30T13:00:00Z,2022-07-31T08:00:00Z,60,26083,Coherent regional temperature rise peaking near 3.61 °C across 3 stations.,dwd,operational,26083,event,emit
dwd_operational_s26083_train,train,DWD_OPERATIONAL_S26083_TRAIN-WX-0069,genuine_weather_scenario,regional_temperature_event,temperature,"DWD-01975,DWD-03032,DWD-04271",,2022-09-27T10:00:00Z,2022-09-28T14:00:00Z,87,26083,Coherent regional temperature rise peaking near 5.76 °C across 3 stations.,dwd,operational,26083,event,emit
dwd_operational_s26083_train,train,DWD_OPERATIONAL_S26083_TRAIN-WX-0070,genuine_weather_scenario,regional_temperature_event,temperature,"DWD-00433,DWD-01048,DWD-03987",,2022-03-05T09:00:00Z,2022-03-06T07:00:00Z,69,26083,Coherent regional temperature rise peaking near 4.09 °C across 3 stations.,dwd,operational,26083,event,emit
dwd_operational_s26083_train,train,DWD_OPERATIONAL_S26083_TRAIN-WX-0071,genuine_weather_scenario,regional_temperature_event,temperature,"DWD-01975,DWD-03032,DWD-04271",,2022-10-24T05:00:00Z,2022-10-24T21:00:00Z,51,26083,Coherent regional temperature rise peaking near 7.87 °C across 3 stations.,dwd,operational,26083,event,emit
dwd_operational_s26083_train,train,DWD_OPERATIONAL_S26083_TRAIN-WX-0072,genuine_weather_scenario,regional_temperature_event,temperature,"DWD-00433,DWD-01048,DWD-03987",,2022-02-23T15:00:00Z,2022-02-24T07:00:00Z,51,26083,Coherent regional temperature rise peaking near 7.92 °C across 3 stations.,dwd,operational,26083,event,emit
dwd_operational_s26083_train,train,DWD_OPERATIONAL_S26083_TRAIN-WX-0073,genuine_weather_scenario,regional_temperature_event,temperature,"DWD-01262,DWD-02712,DWD-04928",,2022-11-16T21:00:00Z,2022-11-17T18:00:00Z,66,26083,Coherent regional temperature rise peaking near 7.01 °C across 3 stations.,dwd,operational,26083,event,emit
dwd_operational_s26083_train,train,DWD_OPERATIONAL_S26083_TRAIN-WX-0074,genuine_weather_scenario,regional_temperature_event,temperature,"DWD-00433,DWD-01048,DWD-03987",,2022-02-28T09:00:00Z,2022-03-01T03:00:00Z,57,26083,Coherent regional temperature rise peaking near 6.17 °C across 3 stations.,dwd,operational,26083,event,emit
dwd_operational_s26083_train,train,DWD_OPERATIONAL_S26083_TRAIN-WX-0075,genuine_weather_scenario,regional_temperature_event,temperature,"DWD-01975,DWD-03032,DWD-04271",,2022-10-10T01:00:00Z,2022-10-10T16:00:00Z,42,26083,Coherent regional temperature rise peaking near 7.76 °C across 3 stations.,dwd,operational,26083,event,emit
dwd_operational_s26083_train,train,DWD_OPERATIONAL_S26083_TRAIN-WX-0076,genuine_weather_scenario,regional_temperature_event,temperature,"DWD-01078,DWD-01420,DWD-02667",,2022-06-23T18:00:00Z,2022-06-24T18:00:00Z,75,26083,Coherent regional temperature rise peaking near 5.48 °C across 3 stations.,dwd,operational,26083,event,emit
dwd_operational_s26083_train,train,DWD_OPERATIONAL_S26083_TRAIN-WX-0077,genuine_weather_scenario,regional_temperature_event,temperature,"DWD-01078,DWD-01420,DWD-02667",,2022-04-17T20:00:00Z,2022-04-19T07:00:00Z,108,26083,Coherent regional temperature rise peaking near 3.99 °C across 3 stations.,dwd,operational,26083,event,emit
india_meteorological_s10023_validation,calibration,INDIA_METEOROLOGICAL_S10023_VALIDATION-I8-WX-0001,genuine_weather_scenario,regional_heatwave,"temperature,pressure,humidity","42705699999,43233099999,43284099999,43295099999,43302599999,43321099999",india_bengaluru,2023-02-07T23:30:00+00:00,2023-02-09T00:30:00+00:00,184,10023,Coherent regional_heatwave across at least three neighbour stations with causal spatial lag.,india,meteorological,10023,,
india_meteorological_s10023_validation,calibration,INDIA_METEOROLOGICAL_S10023_VALIDATION-I8-WX-0002,genuine_weather_scenario,regional_cold_surge,"temperature,pressure,humidity","42705699999,43233099999,43284099999,43295099999,43302599999,43321099999",india_bengaluru,2023-02-09T06:00:00+00:00,2023-02-10T07:30:00+00:00,186,10023,Coherent regional_cold_surge across at least three neighbour stations with causal spatial lag.,india,meteorological,10023,,
india_meteorological_s10023_validation,calibration,INDIA_METEOROLOGICAL_S10023_VALIDATION-I8-WX-0003,genuine_weather_scenario,pressure_front,"temperature,pressure,humidity","42705699999,43233099999,43284099999,43295099999,43302599999,43321099999",india_bengaluru,2023-02-15T16:00:00+00:00,2023-02-16T09:30:00+00:00,124,10023,Coherent pressure_front across at least three neighbour stations with causal spatial lag.,india,meteorological,10023,,
india_meteorological_s10023_validation,calibration,INDIA_METEOROLOGICAL_S10023_VALIDATION-I8-WX-0004,genuine_weather_scenario,humidity_surge,"temperature,pressure,humidity","42705699999,43233099999,43284099999,43295099999,43302599999,43321099999",india_bengaluru,2023-01-18T04:30:00+00:00,2023-01-19T06:00:00+00:00,196,10023,Coherent humidity_surge across at least three neighbour stations with causal spatial lag.,india,meteorological,10023,,
india_meteorological_s10023_validation,calibration,INDIA_METEOROLOGICAL_S10023_VALIDATION-I8-WX-0005,genuine_weather_scenario,dry_intrusion,"temperature,pressure,humidity","42705699999,43233099999,43284099999,43295099999,43302599999,43321099999",india_bengaluru,2023-01-12T19:30:00+00:00,2023-01-14T00:00:00+00:00,215,10023,Coherent dry_intrusion across at least three neighbour stations with causal spatial lag.,india,meteorological,10023,,
india_meteorological_s10023_validation,calibration,INDIA_METEOROLOGICAL_S10023_VALIDATION-I8-WX-0006,genuine_weather_scenario,multivariate_storm,"temperature,pressure,humidity","42705699999,43233099999,43284099999,43295099999,43302599999,43321099999",india_bengaluru,2023-02-05T23:00:00+00:00,2023-02-06T14:00:00+00:00,120,10023,Coherent multivariate_storm across at least three neighbour stations with causal spatial lag.,india,meteorological,10023,,
india_meteorological_s10023_validation,calibration,INDIA_METEOROLOGICAL_S10023_VALIDATION-I8-FLT-0007,sensor_fault,bias,humidity,43295099999,india_bengaluru,2023-02-04T21:00:00+00:00,2023-02-05T21:00:00+00:00,9,10023,bias applied to one humidity sensor with a low-to-moderate severity ladder.,india,meteorological,10023,,
india_meteorological_s10023_validation,calibration,INDIA_METEOROLOGICAL_S10023_VALIDATION-I8-FLT-0008,sensor_fault,drift,pressure,43284099999,india_bengaluru,2023-02-09T00:30:00+00:00,2023-02-10T20:00:00+00:00,39,10023,drift applied to one pressure sensor with a low-to-moderate severity ladder.,india,meteorological,10023,,
india_meteorological_s10023_validation,calibration,INDIA_METEOROLOGICAL_S10023_VALIDATION-I8-FLT-0009,sensor_fault,frozen_sensor,temperature,43284099999,india_bengaluru,2023-01-27T16:00:00+00:00,2023-01-28T19:30:00+00:00,56,10023,frozen_sensor applied to one temperature sensor with a low-to-moderate severity ladder.,india,meteorological,10023,,
india_meteorological_s10023_validation,calibration,INDIA_METEOROLOGICAL_S10023_VALIDATION-I8-FLT-0010,sensor_fault,spike,pressure,43321099999,india_bengaluru,2023-02-15T14:00:00+00:00,2023-02-15T14:00:00+00:00,1,10023,spike applied to one pressure sensor with a low-to-moderate severity ladder.,india,meteorological,10023,,
india_meteorological_s10023_validation,calibration,INDIA_METEOROLOGICAL_S10023_VALIDATION-I8-FLT-0011,sensor_fault,noise,humidity,42705699999,india_bengaluru,2023-02-04T04:30:00+00:00,2023-02-04T13:00:00+00:00,18,10023,noise applied to one humidity sensor with a low-to-moderate severity ladder.,india,meteorological,10023,,
india_meteorological_s10023_validation,calibration,INDIA_METEOROLOGICAL_S10023_VALIDATION-I8-WX-0012,genuine_weather_scenario,regional_heatwave,"temperature,pressure,humidity","43245099999,43275099999,43278099999,43279099999,43329099999,43331099999",india_chennai,2023-02-19T02:30:00+00:00,2023-02-20T02:30:00+00:00,84,10023,Coherent regional_heatwave across at least three neighbour stations with causal spatial lag.,india,meteorological,10023,,
india_meteorological_s10023_validation,calibration,INDIA_METEOROLOGICAL_S10023_VALIDATION-I8-WX-0013,genuine_weather_scenario,regional_cold_surge,"temperature,pressure,humidity","43245099999,43275099999,43278099999,43279099999,43329099999,43331099999",india_chennai,2023-02-01T18:00:00+00:00,2023-02-02T10:30:00+00:00,55,10023,Coherent regional_cold_surge across at least three neighbour stations with causal spatial lag.,india,meteorological,10023,,
india_meteorological_s10023_validation,calibration,INDIA_METEOROLOGICAL_S10023_VALIDATION-I8-WX-0014,genuine_weather_scenario,pressure_front,"temperature,pressure,humidity","43245099999,43275099999,43278099999,43279099999,43329099999,43331099999",india_chennai,2023-02-09T15:00:00+00:00,2023-02-10T16:00:00+00:00,85,10023,Coherent pressure_front across at least three neighbour stations with causal spatial lag.,india,meteorological,10023,,
india_meteorological_s10023_validation,calibration,INDIA_METEOROLOGICAL_S10023_VALIDATION-I8-WX-0015,genuine_weather_scenario,humidity_surge,"temperature,pressure,humidity","43245099999,43275099999,43278099999,43279099999,43329099999,43331099999",india_chennai,2023-01-26T23:30:00+00:00,2023-01-28T04:30:00+00:00,104,10023,Coherent humidity_surge across at least three neighbour stations with causal spatial lag.,india,meteorological,10023,,
india_meteorological_s10023_validation,calibration,INDIA_METEOROLOGICAL_S10023_VALIDATION-I8-WX-0016,genuine_weather_scenario,dry_intrusion,"temperature,pressure,humidity","43245099999,43275099999,43278099999,43279099999,43329099999,43331099999",india_chennai,2023-01-09T02:00:00+00:00,2023-01-09T20:30:00+00:00,65,10023,Coherent dry_intrusion across at least three neighbour stations with causal spatial lag.,india,meteorological,10023,,
india_meteorological_s10023_validation,calibration,INDIA_METEOROLOGICAL_S10023_VALIDATION-I8-WX-0017,genuine_weather_scenario,multivariate_storm,"temperature,pressure,humidity","43245099999,43279099999,43329099999,43331099999",india_chennai,2023-01-13T17:00:00+00:00,2023-01-14T05:30:00+00:00,38,10023,Coherent multivariate_storm across at least three neighbour stations with causal spatial lag.,india,meteorological,10023,,
india_meteorological_s10023_validation,calibration,INDIA_METEOROLOGICAL_S10023_VALIDATION-I8-FLT-0018,sensor_fault,bias,humidity,43279099999,india_chennai,2023-02-03T06:00:00+00:00,2023-02-04T14:30:00+00:00,59,10023,bias applied to one humidity sensor with a low-to-moderate severity ladder.,india,meteorological,10023,,
india_meteorological_s10023_validation,calibration,INDIA_METEOROLOGICAL_S10023_VALIDATION-I8-FLT-0019,sensor_fault,drift,humidity,43279099999,india_chennai,2023-01-25T15:00:00+00:00,2023-01-26T23:00:00+00:00,65,10023,drift applied to one humidity sensor with a low-to-moderate severity ladder.,india,meteorological,10023,,
india_meteorological_s10023_validation,calibration,INDIA_METEOROLOGICAL_S10023_VALIDATION-I8-FLT-0020,sensor_fault,frozen_sensor,pressure,43279099999,india_chennai,2023-01-24T15:30:00+00:00,2023-01-25T14:30:00+00:00,47,10023,frozen_sensor applied to one pressure sensor with a low-to-moderate severity ladder.,india,meteorological,10023,,
india_meteorological_s10023_validation,calibration,INDIA_METEOROLOGICAL_S10023_VALIDATION-I8-FLT-0021,sensor_fault,spike,pressure,43245099999,india_chennai,2023-02-09T03:00:00+00:00,2023-02-09T03:00:00+00:00,1,10023,spike applied to one pressure sensor with a low-to-moderate severity ladder.,india,meteorological,10023,,
india_meteorological_s10023_validation,calibration,INDIA_METEOROLOGICAL_S10023_VALIDATION-I8-FLT-0022,sensor_fault,noise,pressure,43275099999,india_chennai,2023-02-12T06:00:00+00:00,2023-02-14T03:00:00+00:00,10,10023,noise applied to one pressure sensor with a low-to-moderate severity ladder.,india,meteorological,10023,,
india_meteorological_s10023_validation,calibration,INDIA_METEOROLOGICAL_S10023_VALIDATION-I8-WX-0023,genuine_weather_scenario,regional_heatwave,"temperature,pressure,humidity","42131099999,42181099999,42182099999,42189099999,42348099999,42361099999",india_delhi,2023-01-17T11:00:00+00:00,2023-01-18T09:00:00+00:00,121,10023,Coherent regional_heatwave across at least three neighbour stations with causal spatial lag.,india,meteorological,10023,,
india_meteorological_s10023_validation,calibration,INDIA_METEOROLOGICAL_S10023_VALIDATION-I8-WX-0024,genuine_weather_scenario,regional_cold_surge,"temperature,pressure,humidity","42131099999,42181099999,42182099999,42189099999,42348099999,42361099999",india_delhi,2023-01-10T23:00:00+00:00,2023-01-12T01:30:00+00:00,141,10023,Coherent regional_cold_surge across at least three neighbour stations with causal spatial lag.,india,meteorological,10023,,
india_meteorological_s10023_validation,calibration,INDIA_METEOROLOGICAL_S10023_VALIDATION-I8-WX-0025,genuine_weather_scenario,pressure_front,"temperature,pressure,humidity","42131099999,42181099999,42182099999,42189099999,42348099999,42361099999",india_delhi,2023-02-11T19:00:00+00:00,2023-02-13T00:00:00+00:00,152,10023,Coherent pressure_front across at least three neighbour stations with causal spatial lag.,india,meteorological,10023,,
india_meteorological_s10023_validation,calibration,INDIA_METEOROLOGICAL_S10023_VALIDATION-I8-WX-0026,genuine_weather_scenario,humidity_surge,"temperature,pressure,humidity","42131099999,42181099999,42182099999,42189099999,42348099999,42361099999",india_delhi,2023-01-10T12:00:00+00:00,2023-01-10T23:30:00+00:00,55,10023,Coherent humidity_surge across at least three neighbour stations with causal spatial lag.,india,meteorological,10023,,
india_meteorological_s10023_validation,calibration,INDIA_METEOROLOGICAL_S10023_VALIDATION-I8-WX-0027,genuine_weather_scenario,dry_intrusion,"temperature,pressure,humidity","42131099999,42181099999,42182099999,42189099999,42348099999,42361099999",india_delhi,2023-02-16T07:30:00+00:00,2023-02-17T10:30:00+00:00,142,10023,Coherent dry_intrusion across at least three neighbour stations with causal spatial lag.,india,meteorological,10023,,
india_meteorological_s10023_validation,calibration,INDIA_METEOROLOGICAL_S10023_VALIDATION-I8-WX-0028,genuine_weather_scenario,multivariate_storm,"temperature,pressure,humidity","42131099999,42181099999,42182099999,42189099999,42348099999,42361099999",india_delhi,2023-02-13T00:00:00+00:00,2023-02-14T05:30:00+00:00,153,10023,Coherent multivariate_storm across at least three neighbour stations with causal spatial lag.,india,meteorological,10023,,
india_meteorological_s10023_validation,calibration,INDIA_METEOROLOGICAL_S10023_VALIDATION-I8-FLT-0029,sensor_fault,bias,humidity,42131099999,india_delhi,2023-01-14T18:00:00+00:00,2023-01-15T09:00:00+00:00,6,10023,bias applied to one humidity sensor with a low-to-moderate severity ladder.,india,meteorological,10023,,
india_meteorological_s10023_validation,calibration,INDIA_METEOROLOGICAL_S10023_VALIDATION-I8-FLT-0030,sensor_fault,drift,pressure,42348099999,india_delhi,2023-01-24T05:00:00+00:00,2023-01-26T07:30:00+00:00,102,10023,drift applied to one pressure sensor with a low-to-moderate severity ladder.,india,meteorological,10023,,
india_meteorological_s10023_validation,calibration,INDIA_METEOROLOGICAL_S10023_VALIDATION-I8-FLT-0031,sensor_fault,frozen_sensor,humidity,42189099999,india_delhi,2023-01-29T00:00:00+00:00,2023-01-30T12:00:00+00:00,15,10023,frozen_sensor applied to one humidity sensor with a low-to-moderate severity ladder.,india,meteorological,10023,,
india_meteorological_s10023_validation,calibration,INDIA_METEOROLOGICAL_S10023_VALIDATION-I8-FLT-0032,sensor_fault,spike,temperature,42348099999,india_delhi,2023-01-19T22:30:00+00:00,2023-01-19T22:30:00+00:00,1,10023,spike applied to one temperature sensor with a low-to-moderate severity ladder.,india,meteorological,10023,,
india_meteorological_s10023_validation,calibration,INDIA_METEOROLOGICAL_S10023_VALIDATION-I8-FLT-0033,sensor_fault,noise,temperature,42189099999,india_delhi,2023-01-09T06:00:00+00:00,2023-01-10T12:00:00+00:00,11,10023,noise applied to one temperature sensor with a low-to-moderate severity ladder.,india,meteorological,10023,,
india_meteorological_s10023_validation,calibration,INDIA_METEOROLOGICAL_S10023_VALIDATION-I8-WX-0034,genuine_weather_scenario,regional_heatwave,"temperature,pressure,humidity","43021099999,43086099999,43128099999,43128599999,43181099999,43213099999",india_hyderabad,2023-02-15T15:00:00+00:00,2023-02-16T09:30:00+00:00,102,10023,Coherent regional_heatwave across at least three neighbour stations with causal spatial lag.,india,meteorological,10023,,
india_meteorological_s10023_validation,calibration,INDIA_METEOROLOGICAL_S10023_VALIDATION-I8-WX-0035,genuine_weather_scenario,regional_cold_surge,"temperature,pressure,humidity","43021099999,43086099999,43128099999,43128599999,43181099999,43213099999",india_hyderabad,2023-02-08T13:30:00+00:00,2023-02-09T19:00:00+00:00,164,10023,Coherent regional_cold_surge across at least three neighbour stations with causal spatial lag.,india,meteorological,10023,,
india_meteorological_s10023_validation,calibration,INDIA_METEOROLOGICAL_S10023_VALIDATION-I8-WX-0036,genuine_weather_scenario,pressure_front,"temperature,pressure,humidity","43086099999,43128099999,43128599999,43181099999,43213099999",india_hyderabad,2023-02-19T09:00:00+00:00,2023-02-20T01:00:00+00:00,78,10023,Coherent pressure_front across at least three neighbour stations with causal spatial lag.,india,meteorological,10023,,
india_meteorological_s10023_validation,calibration,INDIA_METEOROLOGICAL_S10023_VALIDATION-I8-WX-0037,genuine_weather_scenario,humidity_surge,"temperature,pressure,humidity","43021099999,43086099999,43128099999,43128599999,43181099999,43213099999",india_hyderabad,2023-02-07T03:00:00+00:00,2023-02-07T19:30:00+00:00,108,10023,Coherent humidity_surge across at least three neighbour stations with causal spatial lag.,india,meteorological,10023,,
india_meteorological_s10023_validation,calibration,INDIA_METEOROLOGICAL_S10023_VALIDATION-I8-WX-0038,genuine_weather_scenario,dry_intrusion,"temperature,pressure,humidity","43086099999,43128099999,43128599999,43181099999,43213099999",india_hyderabad,2023-02-02T13:30:00+00:00,2023-02-03T18:00:00+00:00,158,10023,Coherent dry_intrusion across at least three neighbour stations with causal spatial lag.,india,meteorological,10023,,
india_meteorological_s10023_validation,calibration,INDIA_METEOROLOGICAL_S10023_VALIDATION-I8-WX-0039,genuine_weather_scenario,multivariate_storm,"temperature,pressure,humidity","43086099999,43128099999,43128599999,43181099999,43213099999",india_hyderabad,2023-01-26T06:00:00+00:00,2023-01-27T01:00:00+00:00,97,10023,Coherent multivariate_storm across at least three neighbour stations with causal spatial lag.,india,meteorological,10023,,
india_meteorological_s10023_validation,calibration,INDIA_METEOROLOGICAL_S10023_VALIDATION-I8-FLT-0040,sensor_fault,bias,pressure,43021099999,india_hyderabad,2023-01-26T08:00:00+00:00,2023-01-28T05:00:00+00:00,17,10023,bias applied to one pressure sensor with a low-to-moderate severity ladder.,india,meteorological,10023,,
india_meteorological_s10023_validation,calibration,INDIA_METEOROLOGICAL_S10023_VALIDATION-I8-FLT-0041,sensor_fault,drift,humidity,43128599999,india_hyderabad,2023-02-04T03:30:00+00:00,2023-02-04T16:30:00+00:00,27,10023,drift applied to one humidity sensor with a low-to-moderate severity ladder.,india,meteorological,10023,,
india_meteorological_s10023_validation,calibration,INDIA_METEOROLOGICAL_S10023_VALIDATION-I8-FLT-0042,sensor_fault,frozen_sensor,humidity,43086099999,india_hyderabad,2023-01-27T03:00:00+00:00,2023-01-28T03:00:00+00:00,9,10023,frozen_sensor applied to one humidity sensor with a low-to-moderate severity ladder.,india,meteorological,10023,,
india_meteorological_s10023_validation,calibration,INDIA_METEOROLOGICAL_S10023_VALIDATION-I8-FLT-0043,sensor_fault,spike,pressure,43128099999,india_hyderabad,2023-02-01T13:00:00+00:00,2023-02-01T13:00:00+00:00,1,10023,spike applied to one pressure sensor with a low-to-moderate severity ladder.,india,meteorological,10023,,
india_meteorological_s10023_validation,calibration,INDIA_METEOROLOGICAL_S10023_VALIDATION-I8-FLT-0044,sensor_fault,noise,pressure,43213099999,india_hyderabad,2023-01-14T15:00:00+00:00,2023-01-16T15:00:00+00:00,17,10023,noise applied to one pressure sensor with a low-to-moderate severity ladder.,india,meteorological,10023,,
india_meteorological_s10023_validation,policy,INDIA_METEOROLOGICAL_S10023_VALIDATION-I8-WX-0045,genuine_weather_scenario,regional_heatwave,"temperature,pressure,humidity","42705699999,43284099999,43295099999,43302599999,43321099999",india_bengaluru,2023-03-31T11:00:00+00:00,2023-04-01T03:30:00+00:00,105,10023,Coherent regional_heatwave across at least three neighbour stations with causal spatial lag.,india,meteorological,10023,,
india_meteorological_s10023_validation,policy,INDIA_METEOROLOGICAL_S10023_VALIDATION-I8-WX-0046,genuine_weather_scenario,regional_cold_surge,"temperature,pressure,humidity","42705699999,43233099999,43284099999,43295099999,43302599999,43321099999",india_bengaluru,2023-03-07T10:30:00+00:00,2023-03-08T05:30:00+00:00,128,10023,Coherent regional_cold_surge across at least three neighbour stations with causal spatial lag.,india,meteorological,10023,,
india_meteorological_s10023_validation,policy,INDIA_METEOROLOGICAL_S10023_VALIDATION-I8-WX-0047,genuine_weather_scenario,pressure_front,"temperature,pressure,humidity","42705699999,43233099999,43284099999,43295099999,43302599999,43321099999",india_bengaluru,2023-03-06T18:00:00+00:00,2023-03-07T11:30:00+00:00,126,10023,Coherent pressure_front across at least three neighbour stations with causal spatial lag.,india,meteorological,10023,,
india_meteorological_s10023_validation,policy,INDIA_METEOROLOGICAL_S10023_VALIDATION-I8-WX-0048,genuine_weather_scenario,humidity_surge,"temperature,pressure,humidity","42705699999,43233099999,43284099999,43295099999,43302599999,43321099999",india_bengaluru,2023-03-05T15:30:00+00:00,2023-03-06T06:00:00+00:00,99,10023,Coherent humidity_surge across at least three neighbour stations with causal spatial lag.,india,meteorological,10023,,
india_meteorological_s10023_validation,policy,INDIA_METEOROLOGICAL_S10023_VALIDATION-I8-WX-0049,genuine_weather_scenario,dry_intrusion,"temperature,pressure,humidity","42705699999,43233099999,43284099999,43295099999,43302599999,43321099999",india_bengaluru,2023-04-02T20:00:00+00:00,2023-04-03T13:00:00+00:00,131,10023,Coherent dry_intrusion across at least three neighbour stations with causal spatial lag.,india,meteorological,10023,,
india_meteorological_s10023_validation,policy,INDIA_METEOROLOGICAL_S10023_VALIDATION-I8-WX-0050,genuine_weather_scenario,multivariate_storm,"temperature,pressure,humidity","42705699999,43233099999,43284099999,43295099999,43302599999,43321099999",india_bengaluru,2023-03-28T21:30:00+00:00,2023-03-30T03:30:00+00:00,219,10023,Coherent multivariate_storm across at least three neighbour stations with causal spatial lag.,india,meteorological,10023,,
india_meteorological_s10023_validation,policy,INDIA_METEOROLOGICAL_S10023_VALIDATION-I8-FLT-0051,sensor_fault,bias,pressure,43233099999,india_bengaluru,2023-03-14T03:00:00+00:00,2023-03-14T12:00:00+00:00,4,10023,bias applied to one pressure sensor with a low-to-moderate severity ladder.,india,meteorological,10023,,
india_meteorological_s10023_validation,policy,INDIA_METEOROLOGICAL_S10023_VALIDATION-I8-FLT-0052,sensor_fault,drift,pressure,43295099999,india_bengaluru,2023-03-23T12:00:00+00:00,2023-03-25T15:00:00+00:00,18,10023,drift applied to one pressure sensor with a low-to-moderate severity ladder.,india,meteorological,10023,,
india_meteorological_s10023_validation,policy,INDIA_METEOROLOGICAL_S10023_VALIDATION-I8-FLT-0053,sensor_fault,frozen_sensor,humidity,43284099999,india_bengaluru,2023-03-30T04:00:00+00:00,2023-03-31T06:00:00+00:00,53,10023,frozen_sensor applied to one humidity sensor with a low-to-moderate severity ladder.,india,meteorological,10023,,
india_meteorological_s10023_validation,policy,INDIA_METEOROLOGICAL_S10023_VALIDATION-I8-FLT-0054,sensor_fault,spike,pressure,43284099999,india_bengaluru,2023-03-27T22:00:00+00:00,2023-03-27T22:00:00+00:00,1,10023,spike applied to one pressure sensor with a low-to-moderate severity ladder.,india,meteorological,10023,,
india_meteorological_s10023_validation,policy,INDIA_METEOROLOGICAL_S10023_VALIDATION-I8-FLT-0055,sensor_fault,noise,humidity,43284099999,india_bengaluru,2023-04-02T00:00:00+00:00,2023-04-03T19:30:00+00:00,56,10023,noise applied to one humidity sensor with a low-to-moderate severity ladder.,india,meteorological,10023,,
india_meteorological_s10023_validation,policy,INDIA_METEOROLOGICAL_S10023_VALIDATION-I8-WX-0056,genuine_weather_scenario,regional_heatwave,"temperature,pressure,humidity","43245099999,43275099999,43278099999,43279099999,43329099999,43331099999",india_chennai,2023-03-05T06:00:00+00:00,2023-03-06T01:30:00+00:00,63,10023,Coherent regional_heatwave across at least three neighbour stations with causal spatial lag.,india,meteorological,10023,,
india_meteorological_s10023_validation,policy,INDIA_METEOROLOGICAL_S10023_VALIDATION-I8-WX-0057,genuine_weather_scenario,regional_cold_surge,"temperature,pressure,humidity","43245099999,43278099999,43279099999,43329099999,43331099999",india_chennai,2023-03-30T18:00:00+00:00,2023-03-31T08:30:00+00:00,42,10023,Coherent regional_cold_surge across at least three neighbour stations with causal spatial lag.,india,meteorological,10023,,
india_meteorological_s10023_validation,policy,INDIA_METEOROLOGICAL_S10023_VALIDATION-I8-WX-0058,genuine_weather_scenario,pressure_front,"temperature,pressure,humidity","43245099999,43275099999,43278099999,43279099999,43329099999,43331099999",india_chennai,2023-03-17T02:30:00+00:00,2023-03-17T21:00:00+00:00,67,10023,Coherent pressure_front across at least three neighbour stations with causal spatial lag.,india,meteorological,10023,,
india_meteorological_s10023_validation,policy,INDIA_METEOROLOGICAL_S10023_VALIDATION-I8-WX-0059,genuine_weather_scenario,humidity_surge,"temperature,pressure,humidity","43245099999,43275099999,43278099999,43279099999,43329099999,43331099999",india_chennai,2023-04-16T05:30:00+00:00,2023-04-17T01:00:00+00:00,57,10023,Coherent humidity_surge across at least three neighbour stations with causal spatial lag.,india,meteorological,10023,,
india_meteorological_s10023_validation,policy,INDIA_METEOROLOGICAL_S10023_VALIDATION-I8-WX-0060,genuine_weather_scenario,dry_intrusion,"temperature,pressure,humidity","43245099999,43275099999,43278099999,43279099999,43329099999,43331099999",india_chennai,2023-04-17T05:00:00+00:00,2023-04-17T18:00:00+00:00,47,10023,Coherent dry_intrusion across at least three neighbour stations with causal spatial lag.,india,meteorological,10023,,
india_meteorological_s10023_validation,policy,INDIA_METEOROLOGICAL_S10023_VALIDATION-I8-WX-0061,genuine_weather_scenario,multivariate_storm,"temperature,pressure,humidity","43245099999,43275099999,43278099999,43279099999,43329099999,43331099999",india_chennai,2023-03-13T18:00:00+00:00,2023-03-14T09:00:00+00:00,50,10023,Coherent multivariate_storm across at least three neighbour stations with causal spatial lag.,india,meteorological,10023,,
india_meteorological_s10023_validation,policy,INDIA_METEOROLOGICAL_S10023_VALIDATION-I8-FLT-0062,sensor_fault,bias,humidity,43275099999,india_chennai,2023-03-20T00:00:00+00:00,2023-03-20T09:00:00+00:00,4,10023,bias applied to one humidity sensor with a low-to-moderate severity ladder.,india,meteorological,10023,,
india_meteorological_s10023_validation,policy,INDIA_METEOROLOGICAL_S10023_VALIDATION-I8-FLT-0063,sensor_fault,drift,pressure,43329099999,india_chennai,2023-04-05T15:00:00+00:00,2023-04-05T21:00:00+00:00,3,10023,drift applied to one pressure sensor with a low-to-moderate severity ladder.,india,meteorological,10023,,
india_meteorological_s10023_validation,policy,INDIA_METEOROLOGICAL_S10023_VALIDATION-I8-FLT-0064,sensor_fault,frozen_sensor,temperature,43279099999,india_chennai,2023-03-18T22:30:00+00:00,2023-03-20T09:30:00+00:00,71,10023,frozen_sensor applied to one temperature sensor with a low-to-moderate severity ladder.,india,meteorological,10023,,
india_meteorological_s10023_validation,policy,INDIA_METEOROLOGICAL_S10023_VALIDATION-I8-FLT-0065,sensor_fault,spike,temperature,43279099999,india_chennai,2023-04-13T11:30:00+00:00,2023-04-13T11:30:00+00:00,1,10023,spike applied to one temperature sensor with a low-to-moderate severity ladder.,india,meteorological,10023,,
india_meteorological_s10023_validation,policy,INDIA_METEOROLOGICAL_S10023_VALIDATION-I8-FLT-0066,sensor_fault,noise,humidity,43279099999,india_chennai,2023-03-30T17:00:00+00:00,2023-04-01T16:30:00+00:00,69,10023,noise applied to one humidity sensor with a low-to-moderate severity ladder.,india,meteorological,10023,,
india_meteorological_s10023_validation,policy,INDIA_METEOROLOGICAL_S10023_VALIDATION-I8-WX-0067,genuine_weather_scenario,regional_heatwave,"temperature,pressure,humidity","42131099999,42181099999,42182099999,42189099999,42348099999,42361099999",india_delhi,2023-03-24T12:00:00+00:00,2023-03-25T07:00:00+00:00,98,10023,Coherent regional_heatwave across at least three neighbour stations with causal spatial lag.,india,meteorological,10023,,
india_meteorological_s10023_validation,policy,INDIA_METEOROLOGICAL_S10023_VALIDATION-I8-WX-0068,genuine_weather_scenario,regional_cold_surge,"temperature,pressure,humidity","42131099999,42181099999,42182099999,42189099999,42348099999,42361099999",india_delhi,2023-04-02T02:30:00+00:00,2023-04-03T07:00:00+00:00,149,10023,Coherent regional_cold_surge across at least three neighbour stations with causal spatial lag.,india,meteorological,10023,,
india_meteorological_s10023_validation,policy,INDIA_METEOROLOGICAL_S10023_VALIDATION-I8-WX-0069,genuine_weather_scenario,pressure_front,"temperature,pressure,humidity","42131099999,42181099999,42182099999,42189099999,42348099999,42361099999",india_delhi,2023-03-05T14:00:00+00:00,2023-03-06T12:30:00+00:00,119,10023,Coherent pressure_front across at least three neighbour stations with causal spatial lag.,india,meteorological,10023,,
india_meteorological_s10023_validation,policy,INDIA_METEOROLOGICAL_S10023_VALIDATION-I8-WX-0070,genuine_weather_scenario,humidity_surge,"temperature,pressure,humidity","42131099999,42181099999,42182099999,42189099999,42348099999,42361099999",india_delhi,2023-03-14T11:00:00+00:00,2023-03-15T06:30:00+00:00,103,10023,Coherent humidity_surge across at least three neighbour stations with causal spatial lag.,india,meteorological,10023,,
india_meteorological_s10023_validation,policy,INDIA_METEOROLOGICAL_S10023_VALIDATION-I8-WX-0071,genuine_weather_scenario,dry_intrusion,"temperature,pressure,humidity","42131099999,42181099999,42182099999,42189099999,42348099999,42361099999",india_delhi,2023-04-18T20:00:00+00:00,2023-04-19T18:30:00+00:00,119,10023,Coherent dry_intrusion across at least three neighbour stations with causal spatial lag.,india,meteorological,10023,,
india_meteorological_s10023_validation,policy,INDIA_METEOROLOGICAL_S10023_VALIDATION-I8-WX-0072,genuine_weather_scenario,multivariate_storm,"temperature,pressure,humidity","42131099999,42181099999,42182099999,42189099999,42348099999,42361099999",india_delhi,2023-03-09T02:00:00+00:00,2023-03-10T06:30:00+00:00,157,10023,Coherent multivariate_storm across at least three neighbour stations with causal spatial lag.,india,meteorological,10023,,
india_meteorological_s10023_validation,policy,INDIA_METEOROLOGICAL_S10023_VALIDATION-I8-FLT-0073,sensor_fault,bias,humidity,42131099999,india_delhi,2023-04-17T03:00:00+00:00,2023-04-18T03:00:00+00:00,9,10023,bias applied to one humidity sensor with a low-to-moderate severity ladder.,india,meteorological,10023,,
india_meteorological_s10023_validation,policy,INDIA_METEOROLOGICAL_S10023_VALIDATION-I8-FLT-0074,sensor_fault,drift,temperature,42348099999,india_delhi,2023-04-11T01:00:00+00:00,2023-04-12T08:00:00+00:00,61,10023,drift applied to one temperature sensor with a low-to-moderate severity ladder.,india,meteorological,10023,,
india_meteorological_s10023_validation,policy,INDIA_METEOROLOGICAL_S10023_VALIDATION-I8-FLT-0075,sensor_fault,frozen_sensor,temperature,42131099999,india_delhi,2023-04-07T12:00:00+00:00,2023-04-09T03:00:00+00:00,14,10023,frozen_sensor applied to one temperature sensor with a low-to-moderate severity ladder.,india,meteorological,10023,,
india_meteorological_s10023_validation,policy,INDIA_METEOROLOGICAL_S10023_VALIDATION-I8-FLT-0076,sensor_fault,spike,temperature,42181099999,india_delhi,2023-04-17T05:00:00+00:00,2023-04-17T05:00:00+00:00,1,10023,spike applied to one temperature sensor with a low-to-moderate severity ladder.,india,meteorological,10023,,
india_meteorological_s10023_validation,policy,INDIA_METEOROLOGICAL_S10023_VALIDATION-I8-FLT-0077,sensor_fault,noise,temperature,42348099999,india_delhi,2023-03-29T15:30:00+00:00,2023-03-31T03:30:00+00:00,72,10023,noise applied to one temperature sensor with a low-to-moderate severity ladder.,india,meteorological,10023,,
india_meteorological_s10023_validation,policy,INDIA_METEOROLOGICAL_S10023_VALIDATION-I8-WX-0078,genuine_weather_scenario,regional_heatwave,"temperature,pressure,humidity","43021099999,43086099999,43128099999,43128599999,43181099999,43213099999",india_hyderabad,2023-03-14T00:00:00+00:00,2023-03-14T20:30:00+00:00,130,10023,Coherent regional_heatwave across at least three neighbour stations with causal spatial lag.,india,meteorological,10023,,
india_meteorological_s10023_validation,policy,INDIA_METEOROLOGICAL_S10023_VALIDATION-I8-WX-0079,genuine_weather_scenario,regional_cold_surge,"temperature,pressure,humidity","43086099999,43128099999,43128599999,43181099999,43213099999",india_hyderabad,2023-04-01T00:00:00+00:00,2023-04-01T23:00:00+00:00,117,10023,Coherent regional_cold_surge across at least three neighbour stations with causal spatial lag.,india,meteorological,10023,,
india_meteorological_s10023_validation,policy,INDIA_METEOROLOGICAL_S10023_VALIDATION-I8-WX-0080,genuine_weather_scenario,pressure_front,"temperature,pressure,humidity","43086099999,43128099999,43128599999,43181099999,43213099999",india_hyderabad,2023-03-20T10:30:00+00:00,2023-03-21T01:00:00+00:00,61,10023,Coherent pressure_front across at least three neighbour stations with causal spatial lag.,india,meteorological,10023,,
india_meteorological_s10023_validation,policy,INDIA_METEOROLOGICAL_S10023_VALIDATION-I8-WX-0081,genuine_weather_scenario,humidity_surge,"temperature,pressure,humidity","43021099999,43086099999,43128099999,43128599999,43181099999,43213099999",india_hyderabad,2023-03-11T01:30:00+00:00,2023-03-11T18:00:00+00:00,113,10023,Coherent humidity_surge across at least three neighbour stations with causal spatial lag.,india,meteorological,10023,,
india_meteorological_s10023_validation,policy,INDIA_METEOROLOGICAL_S10023_VALIDATION-I8-WX-0082,genuine_weather_scenario,dry_intrusion,"temperature,pressure,humidity","43086099999,43128099999,43181099999,43213099999",india_hyderabad,2023-04-15T00:00:00+00:00,2023-04-15T14:30:00+00:00,35,10023,Coherent dry_intrusion across at least three neighbour stations with causal spatial lag.,india,meteorological,10023,,
india_meteorological_s10023_validation,policy,INDIA_METEOROLOGICAL_S10023_VALIDATION-I8-WX-0083,genuine_weather_scenario,multivariate_storm,"temperature,pressure,humidity","43086099999,43128099999,43128599999,43181099999,43213099999",india_hyderabad,2023-04-03T09:00:00+00:00,2023-04-04T04:00:00+00:00,96,10023,Coherent multivariate_storm across at least three neighbour stations with causal spatial lag.,india,meteorological,10023,,
india_meteorological_s10023_validation,policy,INDIA_METEOROLOGICAL_S10023_VALIDATION-I8-FLT-0084,sensor_fault,bias,pressure,43128099999,india_hyderabad,2023-03-30T06:30:00+00:00,2023-03-30T21:00:00+00:00,21,10023,bias applied to one pressure sensor with a low-to-moderate severity ladder.,india,meteorological,10023,,
india_meteorological_s10023_validation,policy,INDIA_METEOROLOGICAL_S10023_VALIDATION-I8-FLT-0085,sensor_fault,drift,temperature,43086099999,india_hyderabad,2023-03-28T09:00:00+00:00,2023-03-29T00:00:00+00:00,6,10023,drift applied to one temperature sensor with a low-to-moderate severity ladder.,india,meteorological,10023,,
india_meteorological_s10023_validation,policy,INDIA_METEOROLOGICAL_S10023_VALIDATION-I8-FLT-0086,sensor_fault,frozen_sensor,temperature,43128599999,india_hyderabad,2023-04-04T04:30:00+00:00,2023-04-04T13:30:00+00:00,18,10023,frozen_sensor applied to one temperature sensor with a low-to-moderate severity ladder.,india,meteorological,10023,,
india_meteorological_s10023_validation,policy,INDIA_METEOROLOGICAL_S10023_VALIDATION-I8-FLT-0087,sensor_fault,spike,temperature,43021099999,india_hyderabad,2023-04-18T03:00:00+00:00,2023-04-18T03:00:00+00:00,1,10023,spike applied to one temperature sensor with a low-to-moderate severity ladder.,india,meteorological,10023,,
india_meteorological_s10023_validation,policy,INDIA_METEOROLOGICAL_S10023_VALIDATION-I8-FLT-0088,sensor_fault,noise,temperature,43086099999,india_hyderabad,2023-03-29T21:00:00+00:00,2023-03-31T09:00:00+00:00,13,10023,noise applied to one temperature sensor with a low-to-moderate severity ladder.,india,meteorological,10023,,
india_meteorological_s10023_validation,discovery,INDIA_METEOROLOGICAL_S10023_VALIDATION-I8-WX-0089,genuine_weather_scenario,regional_heatwave,"temperature,pressure,humidity","42705699999,43233099999,43284099999,43295099999,43302599999,43321099999",india_bengaluru,2023-07-31T21:00:00+00:00,2023-08-02T01:30:00+00:00,225,10023,Coherent regional_heatwave across at least three neighbour stations with causal spatial lag.,india,meteorological,10023,,
india_meteorological_s10023_validation,discovery,INDIA_METEOROLOGICAL_S10023_VALIDATION-I8-WX-0090,genuine_weather_scenario,regional_cold_surge,"temperature,pressure,humidity","42705699999,43233099999,43284099999,43295099999,43302599999,43321099999",india_bengaluru,2023-08-21T20:30:00+00:00,2023-08-22T21:00:00+00:00,194,10023,Coherent regional_cold_surge across at least three neighbour stations with causal spatial lag.,india,meteorological,10023,,
india_meteorological_s10023_validation,discovery,INDIA_METEOROLOGICAL_S10023_VALIDATION-I8-WX-0091,genuine_weather_scenario,pressure_front,"temperature,pressure,humidity","42705699999,43233099999,43284099999,43295099999,43302599999,43321099999",india_bengaluru,2023-05-31T03:30:00+00:00,2023-06-01T08:00:00+00:00,208,10023,Coherent pressure_front across at least three neighbour stations with causal spatial lag.,india,meteorological,10023,,
india_meteorological_s10023_validation,discovery,INDIA_METEOROLOGICAL_S10023_VALIDATION-I8-WX-0092,genuine_weather_scenario,humidity_surge,"temperature,pressure,humidity","42705699999,43233099999,43284099999,43295099999,43302599999,43321099999",india_bengaluru,2023-07-26T07:00:00+00:00,2023-07-27T05:00:00+00:00,172,10023,Coherent humidity_surge across at least three neighbour stations with causal spatial lag.,india,meteorological,10023,,
india_meteorological_s10023_validation,discovery,INDIA_METEOROLOGICAL_S10023_VALIDATION-I8-WX-0093,genuine_weather_scenario,dry_intrusion,"temperature,pressure,humidity","42705699999,43233099999,43284099999,43295099999,43302599999,43321099999",india_bengaluru,2023-06-16T15:00:00+00:00,2023-06-17T11:30:00+00:00,148,10023,Coherent dry_intrusion across at least three neighbour stations with causal spatial lag.,india,meteorological,10023,,
india_meteorological_s10023_validation,discovery,INDIA_METEOROLOGICAL_S10023_VALIDATION-I8-WX-0094,genuine_weather_scenario,multivariate_storm,"temperature,pressure,humidity","42705699999,43284099999,43295099999,43302599999,43321099999",india_bengaluru,2023-06-26T05:30:00+00:00,2023-06-27T00:30:00+00:00,126,10023,Coherent multivariate_storm across at least three neighbour stations with causal spatial lag.,india,meteorological,10023,,
india_meteorological_s10023_validation,discovery,INDIA_METEOROLOGICAL_S10023_VALIDATION-I8-FLT-0095,sensor_fault,bias,humidity,43302599999,india_bengaluru,2023-06-08T09:00:00+00:00,2023-06-09T18:00:00+00:00,41,10023,bias applied to one humidity sensor with a low-to-moderate severity ladder.,india,meteorological,10023,,
india_meteorological_s10023_validation,discovery,INDIA_METEOROLOGICAL_S10023_VALIDATION-I8-FLT-0096,sensor_fault,drift,pressure,43295099999,india_bengaluru,2023-06-09T03:00:00+00:00,2023-06-11T06:00:00+00:00,18,10023,drift applied to one pressure sensor with a low-to-moderate severity ladder.,india,meteorological,10023,,
india_meteorological_s10023_validation,discovery,INDIA_METEOROLOGICAL_S10023_VALIDATION-I8-FLT-0097,sensor_fault,frozen_sensor,humidity,43233099999,india_bengaluru,2023-07-30T03:00:00+00:00,2023-07-30T12:00:00+00:00,4,10023,frozen_sensor applied to one humidity sensor with a low-to-moderate severity ladder.,india,meteorological,10023,,
india_meteorological_s10023_validation,discovery,INDIA_METEOROLOGICAL_S10023_VALIDATION-I8-FLT-0098,sensor_fault,spike,humidity,43321099999,india_bengaluru,2023-08-21T06:30:00+00:00,2023-08-21T06:30:00+00:00,1,10023,spike applied to one humidity sensor with a low-to-moderate severity ladder.,india,meteorological,10023,,
india_meteorological_s10023_validation,discovery,INDIA_METEOROLOGICAL_S10023_VALIDATION-I8-FLT-0099,sensor_fault,noise,temperature,43295099999,india_bengaluru,2023-05-25T09:00:00+00:00,2023-05-26T15:00:00+00:00,10,10023,noise applied to one temperature sensor with a low-to-moderate severity ladder.,india,meteorological,10023,,
india_meteorological_s10023_validation,discovery,INDIA_METEOROLOGICAL_S10023_VALIDATION-I8-WX-0100,genuine_weather_scenario,regional_heatwave,"temperature,pressure,humidity","43245099999,43278099999,43279099999,43329099999,43331099999",india_chennai,2023-05-21T15:00:00+00:00,2023-05-22T03:30:00+00:00,41,10023,Coherent regional_heatwave across at least three neighbour stations with causal spatial lag.,india,meteorological,10023,,
india_meteorological_s10023_validation,discovery,INDIA_METEOROLOGICAL_S10023_VALIDATION-I8-WX-0101,genuine_weather_scenario,regional_cold_surge,"temperature,pressure,humidity","43245099999,43275099999,43278099999,43279099999,43329099999,43331099999",india_chennai,2023-08-11T21:00:00+00:00,2023-08-12T16:30:00+00:00,67,10023,Coherent regional_cold_surge across at least three neighbour stations with causal spatial lag.,india,meteorological,10023,,
india_meteorological_s10023_validation,discovery,INDIA_METEOROLOGICAL_S10023_VALIDATION-I8-WX-0102,genuine_weather_scenario,pressure_front,"temperature,pressure,humidity","43245099999,43275099999,43278099999,43279099999,43329099999,43331099999",india_chennai,2023-08-11T06:00:00+00:00,2023-08-11T19:00:00+00:00,48,10023,Coherent pressure_front across at least three neighbour stations with causal spatial lag.,india,meteorological,10023,,
india_meteorological_s10023_validation,discovery,INDIA_METEOROLOGICAL_S10023_VALIDATION-I8-WX-0103,genuine_weather_scenario,humidity_surge,"temperature,pressure,humidity","43245099999,43275099999,43278099999,43279099999,43329099999,43331099999",india_chennai,2023-06-15T14:30:00+00:00,2023-06-16T12:00:00+00:00,73,10023,Coherent humidity_surge across at least three neighbour stations with causal spatial lag.,india,meteorological,10023,,
india_meteorological_s10023_validation,discovery,INDIA_METEOROLOGICAL_S10023_VALIDATION-I8-WX-0104,genuine_weather_scenario,dry_intrusion,"temperature,pressure,humidity","43245099999,43275099999,43278099999,43279099999,43329099999,43331099999",india_chennai,2023-07-07T06:00:00+00:00,2023-07-08T02:30:00+00:00,65,10023,Coherent dry_intrusion across at least three neighbour stations with causal spatial lag.,india,meteorological,10023,,
india_meteorological_s10023_validation,discovery,INDIA_METEOROLOGICAL_S10023_VALIDATION-I8-WX-0105,genuine_weather_scenario,multivariate_storm,"temperature,pressure,humidity","43245099999,43275099999,43278099999,43279099999,43329099999,43331099999",india_chennai,2023-06-13T00:00:00+00:00,2023-06-14T00:30:00+00:00,83,10023,Coherent multivariate_storm across at least three neighbour stations with causal spatial lag.,india,meteorological,10023,,
india_meteorological_s10023_validation,discovery,INDIA_METEOROLOGICAL_S10023_VALIDATION-I8-FLT-0106,sensor_fault,bias,humidity,43275099999,india_chennai,2023-07-26T00:00:00+00:00,2023-07-27T09:00:00+00:00,8,10023,bias applied to one humidity sensor with a low-to-moderate severity ladder.,india,meteorological,10023,,
india_meteorological_s10023_validation,discovery,INDIA_METEOROLOGICAL_S10023_VALIDATION-I8-FLT-0107,sensor_fault,drift,humidity,43278099999,india_chennai,2023-05-14T03:00:00+00:00,2023-05-15T15:00:00+00:00,11,10023,drift applied to one humidity sensor with a low-to-moderate severity ladder.,india,meteorological,10023,,
india_meteorological_s10023_validation,discovery,INDIA_METEOROLOGICAL_S10023_VALIDATION-I8-FLT-0108,sensor_fault,frozen_sensor,humidity,43331099999,india_chennai,2023-07-03T15:00:00+00:00,2023-07-04T00:00:00+00:00,4,10023,frozen_sensor applied to one humidity sensor with a low-to-moderate severity ladder.,india,meteorological,10023,,
india_meteorological_s10023_validation,discovery,INDIA_METEOROLOGICAL_S10023_VALIDATION-I8-FLT-0109,sensor_fault,spike,humidity,43245099999,india_chennai,2023-07-08T06:00:00+00:00,2023-07-08T06:00:00+00:00,1,10023,spike applied to one humidity sensor with a low-to-moderate severity ladder.,india,meteorological,10023,,
india_meteorological_s10023_validation,discovery,INDIA_METEOROLOGICAL_S10023_VALIDATION-I8-FLT-0110,sensor_fault,noise,humidity,43329099999,india_chennai,2023-06-18T06:00:00+00:00,2023-06-20T03:00:00+00:00,16,10023,noise applied to one humidity sensor with a low-to-moderate severity ladder.,india,meteorological,10023,,
india_meteorological_s10023_validation,discovery,INDIA_METEOROLOGICAL_S10023_VALIDATION-I8-WX-0111,genuine_weather_scenario,regional_heatwave,"temperature,pressure,humidity","42131099999,42181099999,42182099999,42189099999,42348099999,42361099999",india_delhi,2023-05-22T16:30:00+00:00,2023-05-23T10:30:00+00:00,97,10023,Coherent regional_heatwave across at least three neighbour stations with causal spatial lag.,india,meteorological,10023,,
india_meteorological_s10023_validation,discovery,INDIA_METEOROLOGICAL_S10023_VALIDATION-I8-WX-0112,genuine_weather_scenario,regional_cold_surge,"temperature,pressure,humidity","42131099999,42181099999,42182099999,42189099999,42348099999,42361099999",india_delhi,2023-05-31T23:30:00+00:00,2023-06-02T02:00:00+00:00,125,10023,Coherent regional_cold_surge across at least three neighbour stations with causal spatial lag.,india,meteorological,10023,,
india_meteorological_s10023_validation,discovery,INDIA_METEOROLOGICAL_S10023_VALIDATION-I8-WX-0113,genuine_weather_scenario,pressure_front,"temperature,pressure,humidity","42131099999,42181099999,42182099999,42189099999,42348099999,42361099999",india_delhi,2023-05-30T20:30:00+00:00,2023-05-31T13:30:00+00:00,88,10023,Coherent pressure_front across at least three neighbour stations with causal spatial lag.,india,meteorological,10023,,
india_meteorological_s10023_validation,discovery,INDIA_METEOROLOGICAL_S10023_VALIDATION-I8-WX-0114,genuine_weather_scenario,humidity_surge,"temperature,pressure,humidity","42131099999,42181099999,42182099999,42189099999,42348099999,42361099999",india_delhi,2023-06-15T03:00:00+00:00,2023-06-16T04:00:00+00:00,119,10023,Coherent humidity_surge across at least three neighbour stations with causal spatial lag.,india,meteorological,10023,,
india_meteorological_s10023_validation,discovery,INDIA_METEOROLOGICAL_S10023_VALIDATION-I8-WX-0115,genuine_weather_scenario,dry_intrusion,"temperature,pressure,humidity","42131099999,42181099999,42182099999,42189099999,42348099999,42361099999",india_delhi,2023-05-21T03:00:00+00:00,2023-05-21T17:30:00+00:00,87,10023,Coherent dry_intrusion across at least three neighbour stations with causal spatial lag.,india,meteorological,10023,,
india_meteorological_s10023_validation,discovery,INDIA_METEOROLOGICAL_S10023_VALIDATION-I8-WX-0116,genuine_weather_scenario,multivariate_storm,"temperature,pressure,humidity","42131099999,42181099999,42182099999,42189099999,42348099999,42361099999",india_delhi,2023-05-28T16:30:00+00:00,2023-05-29T10:30:00+00:00,100,10023,Coherent multivariate_storm across at least three neighbour stations with causal spatial lag.,india,meteorological,10023,,
india_meteorological_s10023_validation,discovery,INDIA_METEOROLOGICAL_S10023_VALIDATION-I8-FLT-0117,sensor_fault,bias,humidity,42131099999,india_delhi,2023-08-23T00:00:00+00:00,2023-08-24T18:00:00+00:00,14,10023,bias applied to one humidity sensor with a low-to-moderate severity ladder.,india,meteorological,10023,,
india_meteorological_s10023_validation,discovery,INDIA_METEOROLOGICAL_S10023_VALIDATION-I8-FLT-0118,sensor_fault,drift,temperature,42348099999,india_delhi,2023-05-30T02:00:00+00:00,2023-06-01T00:00:00+00:00,60,10023,drift applied to one temperature sensor with a low-to-moderate severity ladder.,india,meteorological,10023,,
india_meteorological_s10023_validation,discovery,INDIA_METEOROLOGICAL_S10023_VALIDATION-I8-FLT-0119,sensor_fault,frozen_sensor,pressure,42182099999,india_delhi,2023-05-07T18:00:00+00:00,2023-05-09T18:00:00+00:00,17,10023,frozen_sensor applied to one pressure sensor with a low-to-moderate severity ladder.,india,meteorological,10023,,
india_meteorological_s10023_validation,discovery,INDIA_METEOROLOGICAL_S10023_VALIDATION-I8-FLT-0120,sensor_fault,spike,humidity,42181099999,india_delhi,2023-07-21T21:30:00+00:00,2023-07-21T21:30:00+00:00,1,10023,spike applied to one humidity sensor with a low-to-moderate severity ladder.,india,meteorological,10023,,
india_meteorological_s10023_validation,discovery,INDIA_METEOROLOGICAL_S10023_VALIDATION-I8-FLT-0121,sensor_fault,noise,pressure,42181099999,india_delhi,2023-05-18T21:00:00+00:00,2023-05-19T05:30:00+00:00,18,10023,noise applied to one pressure sensor with a low-to-moderate severity ladder.,india,meteorological,10023,,
india_meteorological_s10023_validation,discovery,INDIA_METEOROLOGICAL_S10023_VALIDATION-I8-WX-0122,genuine_weather_scenario,regional_heatwave,"temperature,pressure,humidity","43021099999,43086099999,43128099999,43128599999,43181099999,43213099999",india_hyderabad,2023-08-01T20:00:00+00:00,2023-08-02T08:00:00+00:00,74,10023,Coherent regional_heatwave across at least three neighbour stations with causal spatial lag.,india,meteorological,10023,,
india_meteorological_s10023_validation,discovery,INDIA_METEOROLOGICAL_S10023_VALIDATION-I8-WX-0123,genuine_weather_scenario,regional_cold_surge,"temperature,pressure,humidity","43086099999,43128099999,43128599999,43181099999,43213099999",india_hyderabad,2023-08-11T08:00:00+00:00,2023-08-12T13:00:00+00:00,167,10023,Coherent regional_cold_surge across at least three neighbour stations with causal spatial lag.,india,meteorological,10023,,
india_meteorological_s10023_validation,discovery,INDIA_METEOROLOGICAL_S10023_VALIDATION-I8-WX-0124,genuine_weather_scenario,pressure_front,"temperature,pressure,humidity","43021099999,43086099999,43128099999,43128599999,43181099999,43213099999",india_hyderabad,2023-05-19T05:30:00+00:00,2023-05-19T19:00:00+00:00,82,10023,Coherent pressure_front across at least three neighbour stations with causal spatial lag.,india,meteorological,10023,,
india_meteorological_s10023_validation,discovery,INDIA_METEOROLOGICAL_S10023_VALIDATION-I8-WX-0125,genuine_weather_scenario,humidity_surge,"temperature,pressure,humidity","43086099999,43128099999,43128599999,43181099999,43213099999",india_hyderabad,2023-07-16T09:00:00+00:00,2023-07-17T12:00:00+00:00,150,10023,Coherent humidity_surge across at least three neighbour stations with causal spatial lag.,india,meteorological,10023,,
india_meteorological_s10023_validation,discovery,INDIA_METEOROLOGICAL_S10023_VALIDATION-I8-WX-0126,genuine_weather_scenario,dry_intrusion,"temperature,pressure,humidity","43021099999,43086099999,43128099999,43128599999,43181099999,43213099999",india_hyderabad,2023-05-10T21:00:00+00:00,2023-05-11T16:00:00+00:00,111,10023,Coherent dry_intrusion across at least three neighbour stations with causal spatial lag.,india,meteorological,10023,,
india_meteorological_s10023_validation,discovery,INDIA_METEOROLOGICAL_S10023_VALIDATION-I8-WX-0127,genuine_weather_scenario,multivariate_storm,"temperature,pressure,humidity","43086099999,43128099999,43128599999,43181099999,43213099999",india_hyderabad,2023-07-02T18:00:00+00:00,2023-07-03T16:30:00+00:00,127,10023,Coherent multivariate_storm across at least three neighbour stations with causal spatial lag.,india,meteorological,10023,,
india_meteorological_s10023_validation,discovery,INDIA_METEOROLOGICAL_S10023_VALIDATION-I8-FLT-0128,sensor_fault,bias,humidity,43086099999,india_hyderabad,2023-05-16T15:00:00+00:00,2023-05-18T18:00:00+00:00,18,10023,bias applied to one humidity sensor with a low-to-moderate severity ladder.,india,meteorological,10023,,
india_meteorological_s10023_validation,discovery,INDIA_METEOROLOGICAL_S10023_VALIDATION-I8-FLT-0129,sensor_fault,drift,humidity,43213099999,india_hyderabad,2023-08-18T09:00:00+00:00,2023-08-18T21:00:00+00:00,5,10023,drift applied to one humidity sensor with a low-to-moderate severity ladder.,india,meteorological,10023,,
india_meteorological_s10023_validation,discovery,INDIA_METEOROLOGICAL_S10023_VALIDATION-I8-FLT-0130,sensor_fault,frozen_sensor,pressure,43128599999,india_hyderabad,2023-08-05T16:30:00+00:00,2023-08-06T05:30:00+00:00,27,10023,frozen_sensor applied to one pressure sensor with a low-to-moderate severity ladder.,india,meteorological,10023,,
india_meteorological_s10023_validation,discovery,INDIA_METEOROLOGICAL_S10023_VALIDATION-I8-FLT-0131,sensor_fault,spike,temperature,43128099999,india_hyderabad,2023-06-20T11:30:00+00:00,2023-06-20T11:30:00+00:00,1,10023,spike applied to one temperature sensor with a low-to-moderate severity ladder.,india,meteorological,10023,,
india_meteorological_s10023_validation,discovery,INDIA_METEOROLOGICAL_S10023_VALIDATION-I8-FLT-0132,sensor_fault,noise,humidity,43128099999,india_hyderabad,2023-07-19T12:30:00+00:00,2023-07-19T21:00:00+00:00,10,10023,noise applied to one humidity sensor with a low-to-moderate severity ladder.,india,meteorological,10023,,
india_meteorological_s10023_validation,confirmation,INDIA_METEOROLOGICAL_S10023_VALIDATION-I8-WX-0133,genuine_weather_scenario,regional_heatwave,"temperature,pressure,humidity","42705699999,43233099999,43284099999,43295099999,43302599999,43321099999",india_bengaluru,2023-11-12T00:00:00+00:00,2023-11-12T20:30:00+00:00,165,10023,Coherent regional_heatwave across at least three neighbour stations with causal spatial lag.,india,meteorological,10023,,
india_meteorological_s10023_validation,confirmation,INDIA_METEOROLOGICAL_S10023_VALIDATION-I8-WX-0134,genuine_weather_scenario,regional_cold_surge,"temperature,pressure,humidity","42705699999,43233099999,43284099999,43295099999,43302599999,43321099999",india_bengaluru,2023-10-18T15:00:00+00:00,2023-10-19T05:00:00+00:00,110,10023,Coherent regional_cold_surge across at least three neighbour stations with causal spatial lag.,india,meteorological,10023,,
india_meteorological_s10023_validation,confirmation,INDIA_METEOROLOGICAL_S10023_VALIDATION-I8-WX-0135,genuine_weather_scenario,pressure_front,"temperature,pressure,humidity","42705699999,43233099999,43284099999,43295099999,43302599999,43321099999",india_bengaluru,2023-09-12T04:00:00+00:00,2023-09-12T18:00:00+00:00,109,10023,Coherent pressure_front across at least three neighbour stations with causal spatial lag.,india,meteorological,10023,,
india_meteorological_s10023_validation,confirmation,INDIA_METEOROLOGICAL_S10023_VALIDATION-I8-WX-0136,genuine_weather_scenario,humidity_surge,"temperature,pressure,humidity","42705699999,43233099999,43284099999,43295099999,43302599999,43321099999",india_bengaluru,2023-10-19T05:00:00+00:00,2023-10-19T21:00:00+00:00,130,10023,Coherent humidity_surge across at least three neighbour stations with causal spatial lag.,india,meteorological,10023,,
india_meteorological_s10023_validation,confirmation,INDIA_METEOROLOGICAL_S10023_VALIDATION-I8-WX-0137,genuine_weather_scenario,dry_intrusion,"temperature,pressure,humidity","42705699999,43233099999,43284099999,43295099999,43302599999,43321099999",india_bengaluru,2023-11-13T10:30:00+00:00,2023-11-14T11:30:00+00:00,203,10023,Coherent dry_intrusion across at least three neighbour stations with causal spatial lag.,india,meteorological,10023,,
india_meteorological_s10023_validation,confirmation,INDIA_METEOROLOGICAL_S10023_VALIDATION-I8-WX-0138,genuine_weather_scenario,multivariate_storm,"temperature,pressure,humidity","42705699999,43233099999,43284099999,43295099999,43302599999,43321099999",india_bengaluru,2023-09-09T15:00:00+00:00,2023-09-10T15:30:00+00:00,196,10023,Coherent multivariate_storm across at least three neighbour stations with causal spatial lag.,india,meteorological,10023,,
india_meteorological_s10023_validation,confirmation,INDIA_METEOROLOGICAL_S10023_VALIDATION-I8-FLT-0139,sensor_fault,bias,temperature,43302599999,india_bengaluru,2023-10-22T06:30:00+00:00,2023-10-23T10:30:00+00:00,57,10023,bias applied to one temperature sensor with a low-to-moderate severity ladder.,india,meteorological,10023,,
india_meteorological_s10023_validation,confirmation,INDIA_METEOROLOGICAL_S10023_VALIDATION-I8-FLT-0140,sensor_fault,drift,humidity,43233099999,india_bengaluru,2023-12-09T03:00:00+00:00,2023-12-09T12:00:00+00:00,4,10023,drift applied to one humidity sensor with a low-to-moderate severity ladder.,india,meteorological,10023,,
india_meteorological_s10023_validation,confirmation,INDIA_METEOROLOGICAL_S10023_VALIDATION-I8-FLT-0141,sensor_fault,frozen_sensor,pressure,42705699999,india_bengaluru,2023-10-16T20:30:00+00:00,2023-10-18T12:00:00+00:00,77,10023,frozen_sensor applied to one pressure sensor with a low-to-moderate severity ladder.,india,meteorological,10023,,
india_meteorological_s10023_validation,confirmation,INDIA_METEOROLOGICAL_S10023_VALIDATION-I8-FLT-0142,sensor_fault,spike,humidity,43284099999,india_bengaluru,2023-12-11T18:00:00+00:00,2023-12-11T18:00:00+00:00,1,10023,spike applied to one humidity sensor with a low-to-moderate severity ladder.,india,meteorological,10023,,
india_meteorological_s10023_validation,confirmation,INDIA_METEOROLOGICAL_S10023_VALIDATION-I8-FLT-0143,sensor_fault,noise,humidity,43284099999,india_bengaluru,2023-10-09T19:30:00+00:00,2023-10-11T15:00:00+00:00,88,10023,noise applied to one humidity sensor with a low-to-moderate severity ladder.,india,meteorological,10023,,
india_meteorological_s10023_validation,confirmation,INDIA_METEOROLOGICAL_S10023_VALIDATION-I8-WX-0144,genuine_weather_scenario,regional_heatwave,"temperature,pressure,humidity","43245099999,43275099999,43278099999,43279099999,43329099999,43331099999",india_chennai,2023-10-20T03:00:00+00:00,2023-10-21T03:00:00+00:00,78,10023,Coherent regional_heatwave across at least three neighbour stations with causal spatial lag.,india,meteorological,10023,,
india_meteorological_s10023_validation,confirmation,INDIA_METEOROLOGICAL_S10023_VALIDATION-I8-WX-0145,genuine_weather_scenario,regional_cold_surge,"temperature,pressure,humidity","43245099999,43275099999,43278099999,43279099999,43329099999,43331099999",india_chennai,2023-11-10T00:00:00+00:00,2023-11-10T22:00:00+00:00,72,10023,Coherent regional_cold_surge across at least three neighbour stations with causal spatial lag.,india,meteorological,10023,,
india_meteorological_s10023_validation,confirmation,INDIA_METEOROLOGICAL_S10023_VALIDATION-I8-WX-0146,genuine_weather_scenario,pressure_front,"temperature,pressure,humidity","43245099999,43275099999,43278099999,43279099999,43329099999,43331099999",india_chennai,2023-12-07T18:00:00+00:00,2023-12-08T18:30:00+00:00,82,10023,Coherent pressure_front across at least three neighbour stations with causal spatial lag.,india,meteorological,10023,,
india_meteorological_s10023_validation,confirmation,INDIA_METEOROLOGICAL_S10023_VALIDATION-I8-WX-0147,genuine_weather_scenario,humidity_surge,"temperature,pressure,humidity","43245099999,43275099999,43278099999,43279099999,43329099999,43331099999",india_chennai,2023-09-15T03:00:00+00:00,2023-09-15T22:00:00+00:00,63,10023,Coherent humidity_surge across at least three neighbour stations with causal spatial lag.,india,meteorological,10023,,
india_meteorological_s10023_validation,confirmation,INDIA_METEOROLOGICAL_S10023_VALIDATION-I8-WX-0148,genuine_weather_scenario,dry_intrusion,"temperature,pressure,humidity","43245099999,43275099999,43278099999,43279099999,43329099999,43331099999",india_chennai,2023-11-24T06:00:00+00:00,2023-11-25T00:30:00+00:00,65,10023,Coherent dry_intrusion across at least three neighbour stations with causal spatial lag.,india,meteorological,10023,,
india_meteorological_s10023_validation,confirmation,INDIA_METEOROLOGICAL_S10023_VALIDATION-I8-WX-0149,genuine_weather_scenario,multivariate_storm,"temperature,pressure,humidity","43245099999,43278099999,43279099999,43329099999,43331099999",india_chennai,2023-10-23T12:00:00+00:00,2023-10-24T02:30:00+00:00,48,10023,Coherent multivariate_storm across at least three neighbour stations with causal spatial lag.,india,meteorological,10023,,
india_meteorological_s10023_validation,confirmation,INDIA_METEOROLOGICAL_S10023_VALIDATION-I8-FLT-0150,sensor_fault,bias,temperature,43278099999,india_chennai,2023-10-19T06:00:00+00:00,2023-10-20T03:00:00+00:00,6,10023,bias applied to one temperature sensor with a low-to-moderate severity ladder.,india,meteorological,10023,,
india_meteorological_s10023_validation,confirmation,INDIA_METEOROLOGICAL_S10023_VALIDATION-I8-FLT-0151,sensor_fault,drift,humidity,43278099999,india_chennai,2023-11-05T06:00:00+00:00,2023-11-07T00:00:00+00:00,10,10023,drift applied to one humidity sensor with a low-to-moderate severity ladder.,india,meteorological,10023,,
india_meteorological_s10023_validation,confirmation,INDIA_METEOROLOGICAL_S10023_VALIDATION-I8-FLT-0152,sensor_fault,frozen_sensor,temperature,43278099999,india_chennai,2023-11-15T06:00:00+00:00,2023-11-16T03:00:00+00:00,6,10023,frozen_sensor applied to one temperature sensor with a low-to-moderate severity ladder.,india,meteorological,10023,,
india_meteorological_s10023_validation,confirmation,INDIA_METEOROLOGICAL_S10023_VALIDATION-I8-FLT-0153,sensor_fault,spike,pressure,43279099999,india_chennai,2023-09-30T22:00:00+00:00,2023-09-30T22:00:00+00:00,1,10023,spike applied to one pressure sensor with a low-to-moderate severity ladder.,india,meteorological,10023,,
india_meteorological_s10023_validation,confirmation,INDIA_METEOROLOGICAL_S10023_VALIDATION-I8-FLT-0154,sensor_fault,noise,pressure,43275099999,india_chennai,2023-10-12T03:00:00+00:00,2023-10-13T06:00:00+00:00,7,10023,noise applied to one pressure sensor with a low-to-moderate severity ladder.,india,meteorological,10023,,
india_meteorological_s10023_validation,confirmation,INDIA_METEOROLOGICAL_S10023_VALIDATION-I8-WX-0155,genuine_weather_scenario,regional_heatwave,"temperature,pressure,humidity","42131099999,42181099999,42182099999,42189099999,42348099999,42361099999",india_delhi,2023-12-15T09:00:00+00:00,2023-12-15T23:30:00+00:00,69,10023,Coherent regional_heatwave across at least three neighbour stations with causal spatial lag.,india,meteorological,10023,,
india_meteorological_s10023_validation,confirmation,INDIA_METEOROLOGICAL_S10023_VALIDATION-I8-WX-0156,genuine_weather_scenario,regional_cold_surge,"temperature,pressure,humidity","42131099999,42181099999,42182099999,42189099999,42348099999,42361099999",india_delhi,2023-11-05T05:00:00+00:00,2023-11-05T18:30:00+00:00,71,10023,Coherent regional_cold_surge across at least three neighbour stations with causal spatial lag.,india,meteorological,10023,,
india_meteorological_s10023_validation,confirmation,INDIA_METEOROLOGICAL_S10023_VALIDATION-I8-WX-0157,genuine_weather_scenario,pressure_front,"temperature,pressure,humidity","42131099999,42181099999,42182099999,42189099999,42348099999,42361099999",india_delhi,2023-09-08T09:00:00+00:00,2023-09-09T14:00:00+00:00,151,10023,Coherent pressure_front across at least three neighbour stations with causal spatial lag.,india,meteorological,10023,,
india_meteorological_s10023_validation,confirmation,INDIA_METEOROLOGICAL_S10023_VALIDATION-I8-WX-0158,genuine_weather_scenario,humidity_surge,"temperature,pressure,humidity","42131099999,42181099999,42182099999,42189099999,42348099999,42361099999",india_delhi,2023-12-16T00:00:00+00:00,2023-12-16T13:30:00+00:00,62,10023,Coherent humidity_surge across at least three neighbour stations with causal spatial lag.,india,meteorological,10023,,
india_meteorological_s10023_validation,confirmation,INDIA_METEOROLOGICAL_S10023_VALIDATION-I8-WX-0159,genuine_weather_scenario,dry_intrusion,"temperature,pressure,humidity","42131099999,42181099999,42182099999,42189099999,42348099999,42361099999",india_delhi,2023-11-30T12:00:00+00:00,2023-12-01T16:30:00+00:00,148,10023,Coherent dry_intrusion across at least three neighbour stations with causal spatial lag.,india,meteorological,10023,,
india_meteorological_s10023_validation,confirmation,INDIA_METEOROLOGICAL_S10023_VALIDATION-I8-WX-0160,genuine_weather_scenario,multivariate_storm,"temperature,pressure,humidity","42131099999,42181099999,42182099999,42189099999,42348099999,42361099999",india_delhi,2023-12-11T03:00:00+00:00,2023-12-12T04:00:00+00:00,128,10023,Coherent multivariate_storm across at least three neighbour stations with causal spatial lag.,india,meteorological,10023,,
india_meteorological_s10023_validation,confirmation,INDIA_METEOROLOGICAL_S10023_VALIDATION-I8-FLT-0161,sensor_fault,bias,pressure,42181099999,india_delhi,2023-12-02T14:00:00+00:00,2023-12-04T14:30:00+00:00,93,10023,bias applied to one pressure sensor with a low-to-moderate severity ladder.,india,meteorological,10023,,
india_meteorological_s10023_validation,confirmation,INDIA_METEOROLOGICAL_S10023_VALIDATION-I8-FLT-0162,sensor_fault,drift,pressure,42189099999,india_delhi,2023-12-18T06:00:00+00:00,2023-12-18T12:00:00+00:00,3,10023,drift applied to one pressure sensor with a low-to-moderate severity ladder.,india,meteorological,10023,,
india_meteorological_s10023_validation,confirmation,INDIA_METEOROLOGICAL_S10023_VALIDATION-I8-FLT-0163,sensor_fault,frozen_sensor,humidity,42182099999,india_delhi,2023-10-06T06:00:00+00:00,2023-10-06T18:00:00+00:00,5,10023,frozen_sensor applied to one humidity sensor with a low-to-moderate severity ladder.,india,meteorological,10023,,
india_meteorological_s10023_validation,confirmation,INDIA_METEOROLOGICAL_S10023_VALIDATION-I8-FLT-0164,sensor_fault,spike,temperature,42189099999,india_delhi,2023-09-11T04:30:00+00:00,2023-09-11T04:30:00+00:00,1,10023,spike applied to one temperature sensor with a low-to-moderate severity ladder.,india,meteorological,10023,,
india_meteorological_s10023_validation,confirmation,INDIA_METEOROLOGICAL_S10023_VALIDATION-I8-FLT-0165,sensor_fault,noise,temperature,42131099999,india_delhi,2023-11-19T15:00:00+00:00,2023-11-21T09:00:00+00:00,15,10023,noise applied to one temperature sensor with a low-to-moderate severity ladder.,india,meteorological,10023,,
india_meteorological_s10023_validation,confirmation,INDIA_METEOROLOGICAL_S10023_VALIDATION-I8-WX-0166,genuine_weather_scenario,regional_heatwave,"temperature,pressure,humidity","43021099999,43086099999,43128099999,43128599999,43181099999,43213099999",india_hyderabad,2023-10-16T10:00:00+00:00,2023-10-17T14:30:00+00:00,171,10023,Coherent regional_heatwave across at least three neighbour stations with causal spatial lag.,india,meteorological,10023,,
india_meteorological_s10023_validation,confirmation,INDIA_METEOROLOGICAL_S10023_VALIDATION-I8-WX-0167,genuine_weather_scenario,regional_cold_surge,"temperature,pressure,humidity","43086099999,43128099999,43128599999,43181099999,43213099999",india_hyderabad,2023-11-20T06:00:00+00:00,2023-11-21T02:30:00+00:00,108,10023,Coherent regional_cold_surge across at least three neighbour stations with causal spatial lag.,india,meteorological,10023,,
india_meteorological_s10023_validation,confirmation,INDIA_METEOROLOGICAL_S10023_VALIDATION-I8-WX-0168,genuine_weather_scenario,pressure_front,"temperature,pressure,humidity","43086099999,43128099999,43128599999,43181099999,43213099999",india_hyderabad,2023-11-26T18:00:00+00:00,2023-11-27T18:30:00+00:00,135,10023,Coherent pressure_front across at least three neighbour stations with causal spatial lag.,india,meteorological,10023,,
india_meteorological_s10023_validation,confirmation,INDIA_METEOROLOGICAL_S10023_VALIDATION-I8-WX-0169,genuine_weather_scenario,humidity_surge,"temperature,pressure,humidity","43021099999,43086099999,43128099999,43128599999,43181099999,43213099999",india_hyderabad,2023-11-13T03:00:00+00:00,2023-11-13T18:30:00+00:00,105,10023,Coherent humidity_surge across at least three neighbour stations with causal spatial lag.,india,meteorological,10023,,
india_meteorological_s10023_validation,confirmation,INDIA_METEOROLOGICAL_S10023_VALIDATION-I8-WX-0170,genuine_weather_scenario,dry_intrusion,"temperature,pressure,humidity","43021099999,43086099999,43128099999,43128599999,43181099999,43213099999",india_hyderabad,2023-11-05T00:00:00+00:00,2023-11-05T13:30:00+00:00,94,10023,Coherent dry_intrusion across at least three neighbour stations with causal spatial lag.,india,meteorological,10023,,
india_meteorological_s10023_validation,confirmation,INDIA_METEOROLOGICAL_S10023_VALIDATION-I8-WX-0171,genuine_weather_scenario,multivariate_storm,"temperature,pressure,humidity","43086099999,43128099999,43128599999,43181099999,43213099999",india_hyderabad,2023-11-23T17:00:00+00:00,2023-11-24T21:00:00+00:00,146,10023,Coherent multivariate_storm across at least three neighbour stations with causal spatial lag.,india,meteorological,10023,,
india_meteorological_s10023_validation,confirmation,INDIA_METEOROLOGICAL_S10023_VALIDATION-I8-FLT-0172,sensor_fault,bias,pressure,43213099999,india_hyderabad,2023-09-06T18:00:00+00:00,2023-09-08T12:00:00+00:00,14,10023,bias applied to one pressure sensor with a low-to-moderate severity ladder.,india,meteorological,10023,,
india_meteorological_s10023_validation,confirmation,INDIA_METEOROLOGICAL_S10023_VALIDATION-I8-FLT-0173,sensor_fault,drift,humidity,43128099999,india_hyderabad,2023-11-21T02:30:00+00:00,2023-11-21T18:00:00+00:00,29,10023,drift applied to one humidity sensor with a low-to-moderate severity ladder.,india,meteorological,10023,,
india_meteorological_s10023_validation,confirmation,INDIA_METEOROLOGICAL_S10023_VALIDATION-I8-FLT-0174,sensor_fault,frozen_sensor,humidity,43086099999,india_hyderabad,2023-11-03T21:00:00+00:00,2023-11-04T06:00:00+00:00,4,10023,frozen_sensor applied to one humidity sensor with a low-to-moderate severity ladder.,india,meteorological,10023,,
india_meteorological_s10023_validation,confirmation,INDIA_METEOROLOGICAL_S10023_VALIDATION-I8-FLT-0175,sensor_fault,spike,temperature,43128099999,india_hyderabad,2023-12-10T09:30:00+00:00,2023-12-10T09:30:00+00:00,1,10023,spike applied to one temperature sensor with a low-to-moderate severity ladder.,india,meteorological,10023,,
india_meteorological_s10023_validation,confirmation,INDIA_METEOROLOGICAL_S10023_VALIDATION-I8-FLT-0176,sensor_fault,noise,humidity,43213099999,india_hyderabad,2023-10-13T12:00:00+00:00,2023-10-14T06:00:00+00:00,7,10023,noise applied to one humidity sensor with a low-to-moderate severity ladder.,india,meteorological,10023,,
india_operational_s10023_calibration,calibration,INDIA_OPERATIONAL_S10023_CALIBRATION-FLT-0001,sensor_fault,drift,humidity,42181099999,,2023-02-02T04:30:00Z,2023-02-04T03:00:00Z,90,10023,Gradual humidity drift ending at -33.43 from baseline.,india,operational,10023,low,emit
india_operational_s10023_calibration,calibration,INDIA_OPERATIONAL_S10023_CALIBRATION-FLT-0002,sensor_fault,unit_error,temperature,43279099999,,2023-01-20T04:00:00Z,2023-01-20T04:00:00Z,1,10023,Celsius temperature is interpreted and emitted as Fahrenheit.,india,operational,10023,low,emit
india_operational_s10023_calibration,calibration,INDIA_OPERATIONAL_S10023_CALIBRATION-FLT-0003,sensor_fault,communication_corruption,"temperature,pressure,humidity",43302599999,,2023-01-20T08:30:00Z,2023-01-20T09:30:00Z,3,10023,Communication corruption replaces all primary values with implausible numbers.,india,operational,10023,high,emit
india_operational_s10023_calibration,calibration,INDIA_OPERATIONAL_S10023_CALIBRATION-FLT-0004,sensor_fault,spike,pressure,43233099999,,2023-02-03T12:00:00Z,2023-02-03T12:00:00Z,1,10023,Single-reading pressure spike of 44.68.,india,operational,10023,medium,emit
india_operational_s10023_calibration,calibration,INDIA_OPERATIONAL_S10023_CALIBRATION-FLT-0005,sensor_fault,sudden_drop,humidity,43245099999,,2023-01-30T21:00:00Z,2023-01-30T21:00:00Z,1,10023,Single-reading humidity drop of 57.73.,india,operational,10023,low,emit
india_operational_s10023_calibration,calibration,INDIA_OPERATIONAL_S10023_CALIBRATION-FLT-0006,sensor_fault,dropout,communication,42705699999,,2023-02-08T16:30:00Z,2023-02-09T14:00:00Z,43,10023,Consecutive station records are removed from the emitted stream.,india,operational,10023,low,drop
india_operational_s10023_calibration,calibration,INDIA_OPERATIONAL_S10023_CALIBRATION-FLT-0007,sensor_fault,frozen_sensor,pressure,43279099999,,2023-01-31T14:30:00Z,2023-02-01T05:30:00Z,29,10023,Pressure frozen at 1010.00 for the episode.,india,operational,10023,medium,emit
india_operational_s10023_calibration,calibration,INDIA_OPERATIONAL_S10023_CALIBRATION-FLT-0008,sensor_fault,multi_sensor_failure,"temperature,pressure,humidity",42348099999,,2023-01-08T19:00:00Z,2023-01-09T20:00:00Z,51,10023,All primary sensors remain constant across the episode.,india,operational,10023,medium,emit
india_operational_s10023_calibration,calibration,INDIA_OPERATIONAL_S10023_CALIBRATION-FLT-0009,sensor_fault,duplicate_packet,communication,43302599999,,2023-02-10T02:00:00Z,2023-02-10T03:00:00Z,3,10023,Selected station records are emitted twice by the replay engine.,india,operational,10023,low,duplicate
india_operational_s10023_calibration,calibration,INDIA_OPERATIONAL_S10023_CALIBRATION-FLT-0010,sensor_fault,noise,humidity,43181099999,,2023-02-10T15:00:00Z,2023-02-11T10:30:00Z,28,10023,Excessive zero-mean humidity noise with sigma 20.93.,india,operational,10023,high,emit
india_operational_s10023_calibration,calibration,INDIA_OPERATIONAL_S10023_CALIBRATION-FLT-0011,sensor_fault,timestamp_error,timestamp,42189099999,,2023-01-27T12:00:00Z,2023-01-27T15:00:00Z,2,10023,Selected timestamps are shifted by 10800 seconds.,india,operational,10023,high,timestamp_shift
india_operational_s10023_calibration,calibration,INDIA_OPERATIONAL_S10023_CALIBRATION-FLT-0012,sensor_fault,bias,pressure,43086099999,,2023-02-02T09:00:00Z,2023-02-02T21:00:00Z,5,10023,Constant pressure bias of -10.84 across a contiguous episode.,india,operational,10023,medium,emit
india_operational_s10023_calibration,calibration,INDIA_OPERATIONAL_S10023_CALIBRATION-FLT-0013,sensor_fault,scaling_error,pressure,43321099999,,2023-01-23T10:00:00Z,2023-01-23T10:00:00Z,1,10023,Pressure is multiplied by scaling factor 10.,india,operational,10023,low,emit
india_operational_s10023_calibration,calibration,INDIA_OPERATIONAL_S10023_CALIBRATION-WX-0014,genuine_weather_scenario,regional_temperature_event,temperature,"42131099999,42181099999,42182099999,42189099999,42348099999,42361099999",,2023-01-28T16:00:00Z,2023-01-29T08:30:00Z,88,10023,Coherent regional temperature rise peaking near 7.35 °C across 6 stations.,india,operational,10023,event,emit
india_operational_s10023_calibration,calibration,INDIA_OPERATIONAL_S10023_CALIBRATION-WX-0015,genuine_weather_scenario,regional_temperature_event,temperature,"42705699999,43233099999,43284099999,43295099999,43302599999,43321099999",,2023-01-28T01:00:00Z,2023-01-29T06:00:00Z,237,10023,Coherent regional temperature rise peaking near 4.07 °C across 6 stations.,india,operational,10023,event,emit
india_operational_s10023_calibration,calibration,INDIA_OPERATIONAL_S10023_CALIBRATION-WX-0016,genuine_weather_scenario,regional_temperature_event,temperature,"42705699999,43233099999,43284099999,43295099999,43302599999,43321099999",,2023-01-16T03:00:00Z,2023-01-16T23:30:00Z,161,10023,Coherent regional temperature rise peaking near 6.93 °C across 6 stations.,india,operational,10023,event,emit
india_operational_s10023_calibration,calibration,INDIA_OPERATIONAL_S10023_CALIBRATION-WX-0017,genuine_weather_scenario,regional_temperature_event,temperature,"42705699999,43233099999,43284099999,43295099999,43302599999,43321099999",,2023-02-01T07:00:00Z,2023-02-02T16:30:00Z,247,10023,Coherent regional temperature rise peaking near 3.76 °C across 6 stations.,india,operational,10023,event,emit
india_operational_s10023_policy,policy,INDIA_OPERATIONAL_S10023_POLICY-FLT-0001,sensor_fault,bias,humidity,43181099999,,2023-03-09T04:30:00Z,2023-03-10T18:00:00Z,60,11020,Constant humidity bias of -12.70 across a contiguous episode.,india,operational,10023,medium,emit
india_operational_s10023_policy,policy,INDIA_OPERATIONAL_S10023_POLICY-FLT-0002,sensor_fault,timestamp_error,timestamp,42131099999,,2023-04-06T03:00:00Z,2023-04-06T03:00:00Z,1,11020,Selected timestamps are shifted by 21600 seconds.,india,operational,10023,medium,timestamp_shift
india_operational_s10023_policy,policy,INDIA_OPERATIONAL_S10023_POLICY-FLT-0003,sensor_fault,unit_error,temperature,42182099999,,2023-03-23T00:00:00Z,2023-03-23T00:00:00Z,1,11020,Celsius temperature is interpreted and emitted as Fahrenheit.,india,operational,10023,high,emit
india_operational_s10023_policy,policy,INDIA_OPERATIONAL_S10023_POLICY-FLT-0004,sensor_fault,noise,temperature,43302599999,,2023-03-11T18:00:00Z,2023-03-12T12:00:00Z,26,11020,Excessive zero-mean temperature noise with sigma 4.78.,india,operational,10023,high,emit
india_operational_s10023_policy,policy,INDIA_OPERATIONAL_S10023_POLICY-FLT-0005,sensor_fault,frozen_sensor,pressure,42131099999,,2023-04-16T12:00:00Z,2023-04-17T15:00:00Z,10,11020,Pressure frozen at 1003.40 for the episode.,india,operational,10023,high,emit
india_operational_s10023_policy,policy,INDIA_OPERATIONAL_S10023_POLICY-FLT-0006,sensor_fault,drift,pressure,43245099999,,2023-04-17T15:00:00Z,2023-04-19T15:00:00Z,14,11020,Gradual pressure drift ending at 19.32 from baseline.,india,operational,10023,high,emit
india_operational_s10023_policy,policy,INDIA_OPERATIONAL_S10023_POLICY-FLT-0007,sensor_fault,spike,pressure,43213099999,,2023-04-05T09:00:00Z,2023-04-05T09:00:00Z,1,11020,Single-reading pressure spike of -23.27.,india,operational,10023,medium,emit
india_operational_s10023_policy,policy,INDIA_OPERATIONAL_S10023_POLICY-FLT-0008,sensor_fault,duplicate_packet,communication,43245099999,,2023-03-31T21:00:00Z,2023-03-31T21:00:00Z,1,11020,Selected station records are emitted twice by the replay engine.,india,operational,10023,high,duplicate
india_operational_s10023_policy,policy,INDIA_OPERATIONAL_S10023_POLICY-FLT-0009,sensor_fault,multi_sensor_failure,"temperature,pressure,humidity",43279099999,,2023-04-07T19:30:00Z,2023-04-09T02:30:00Z,63,11020,All primary sensors remain constant across the episode.,india,operational,10023,high,emit
india_operational_s10023_policy,policy,INDIA_OPERATIONAL_S10023_POLICY-FLT-0010,sensor_fault,sudden_drop,temperature,43302599999,,2023-03-20T04:00:00Z,2023-03-20T04:00:00Z,1,11020,Single-reading temperature drop of 23.31.,india,operational,10023,medium,emit
india_operational_s10023_policy,policy,INDIA_OPERATIONAL_S10023_POLICY-FLT-0011,sensor_fault,scaling_error,pressure,43128099999,,2023-03-26T08:10:00Z,2023-03-26T08:10:00Z,1,11020,Pressure is multiplied by scaling factor 10.,india,operational,10023,medium,emit
india_operational_s10023_policy,policy,INDIA_OPERATIONAL_S10023_POLICY-FLT-0012,sensor_fault,dropout,communication,43275099999,,2023-03-22T00:00:00Z,2023-03-22T06:00:00Z,3,11020,Consecutive station records are removed from the emitted stream.,india,operational,10023,high,drop
india_operational_s10023_policy,policy,INDIA_OPERATIONAL_S10023_POLICY-FLT-0013,sensor_fault,communication_corruption,"temperature,pressure,humidity",43021099999,,2023-03-20T08:00:00Z,2023-03-20T08:30:00Z,2,11020,Communication corruption replaces all primary values with implausible numbers.,india,operational,10023,high,emit
india_operational_s10023_policy,policy,INDIA_OPERATIONAL_S10023_POLICY-WX-0014,genuine_weather_scenario,regional_temperature_event,temperature,"42705699999,43233099999,43284099999,43295099999,43321099999",,2023-04-21T19:30:00Z,2023-04-22T18:00:00Z,103,11020,Coherent regional temperature rise peaking near 6.69 °C across 5 stations.,india,operational,10023,event,emit
india_operational_s10023_policy,policy,INDIA_OPERATIONAL_S10023_POLICY-WX-0015,genuine_weather_scenario,regional_temperature_event,temperature,"42131099999,42181099999,42182099999,42189099999,42348099999,42361099999",,2023-04-03T00:00:00Z,2023-04-04T05:00:00Z,157,11020,Coherent regional temperature rise peaking near 5.96 °C across 6 stations.,india,operational,10023,event,emit
india_operational_s10023_policy,policy,INDIA_OPERATIONAL_S10023_POLICY-WX-0016,genuine_weather_scenario,regional_temperature_event,temperature,"43245099999,43275099999,43278099999,43279099999,43329099999,43331099999",,2023-03-29T03:00:00Z,2023-03-30T07:00:00Z,101,11020,Coherent regional temperature rise peaking near 7.14 °C across 6 stations.,india,operational,10023,event,emit
india_operational_s10023_policy,policy,INDIA_OPERATIONAL_S10023_POLICY-WX-0017,genuine_weather_scenario,regional_temperature_event,temperature,"43021099999,43086099999,43128099999,43128599999,43181099999,43213099999",,2023-04-20T15:00:00Z,2023-04-21T20:30:00Z,114,11020,Coherent regional temperature rise peaking near 5.18 °C across 6 stations.,india,operational,10023,event,emit
india_operational_s10023_discovery,discovery,INDIA_OPERATIONAL_S10023_DISCOVERY-FLT-0001,sensor_fault,drift,pressure,42361099999,,2023-07-29T15:00:00Z,2023-07-31T09:00:00Z,15,12017,Gradual pressure drift ending at -23.97 from baseline.,india,operational,10023,low,emit
india_operational_s10023_discovery,discovery,INDIA_OPERATIONAL_S10023_DISCOVERY-FLT-0002,sensor_fault,unit_error,temperature,42348099999,,2023-08-03T21:00:00Z,2023-08-03T21:00:00Z,1,12017,Celsius temperature is interpreted and emitted as Fahrenheit.,india,operational,10023,low,emit
india_operational_s10023_discovery,discovery,INDIA_OPERATIONAL_S10023_DISCOVERY-FLT-0003,sensor_fault,sudden_drop,pressure,43302599999,,2023-07-04T03:00:00Z,2023-07-04T03:00:00Z,1,12017,Single-reading pressure drop of 45.25.,india,operational,10023,low,emit
india_operational_s10023_discovery,discovery,INDIA_OPERATIONAL_S10023_DISCOVERY-FLT-0004,sensor_fault,duplicate_packet,communication,43279099999,,2023-06-30T17:30:00Z,2023-06-30T17:30:00Z,1,12017,Selected station records are emitted twice by the replay engine.,india,operational,10023,medium,duplicate
india_operational_s10023_discovery,discovery,INDIA_OPERATIONAL_S10023_DISCOVERY-FLT-0005,sensor_fault,scaling_error,pressure,43181099999,,2023-08-03T06:30:00Z,2023-08-03T06:30:00Z,1,12017,Pressure is multiplied by scaling factor 0.1.,india,operational,10023,medium,emit
india_operational_s10023_discovery,discovery,INDIA_OPERATIONAL_S10023_DISCOVERY-FLT-0006,sensor_fault,spike,temperature,43128599999,,2023-06-21T03:00:00Z,2023-06-21T03:00:00Z,1,12017,Single-reading temperature spike of -22.21.,india,operational,10023,high,emit
india_operational_s10023_discovery,discovery,INDIA_OPERATIONAL_S10023_DISCOVERY-FLT-0007,sensor_fault,multi_sensor_failure,"temperature,pressure,humidity",43086099999,,2023-05-12T00:00:00Z,2023-05-13T09:00:00Z,12,12017,All primary sensors remain constant across the episode.,india,operational,10023,medium,emit
india_operational_s10023_discovery,discovery,INDIA_OPERATIONAL_S10023_DISCOVERY-FLT-0008,sensor_fault,dropout,communication,42348099999,,2023-07-15T06:30:00Z,2023-07-16T01:30:00Z,39,12017,Consecutive station records are removed from the emitted stream.,india,operational,10023,high,drop
india_operational_s10023_discovery,discovery,INDIA_OPERATIONAL_S10023_DISCOVERY-FLT-0009,sensor_fault,bias,temperature,43329099999,,2023-07-27T06:00:00Z,2023-07-28T03:00:00Z,8,12017,Constant temperature bias of 2.89 across a contiguous episode.,india,operational,10023,medium,emit
india_operational_s10023_discovery,discovery,INDIA_OPERATIONAL_S10023_DISCOVERY-FLT-0010,sensor_fault,frozen_sensor,humidity,43128599999,,2023-07-01T09:00:00Z,2023-07-02T20:30:00Z,68,12017,Humidity frozen at 52.52 for the episode.,india,operational,10023,medium,emit
india_operational_s10023_discovery,discovery,INDIA_OPERATIONAL_S10023_DISCOVERY-FLT-0011,sensor_fault,timestamp_error,timestamp,43279099999,,2023-07-01T05:30:00Z,2023-07-01T05:30:00Z,1,12017,Selected timestamps are shifted by 7200 seconds.,india,operational,10023,medium,timestamp_shift
india_operational_s10023_discovery,discovery,INDIA_OPERATIONAL_S10023_DISCOVERY-FLT-0012,sensor_fault,communication_corruption,"temperature,pressure,humidity",43086099999,,2023-05-16T09:00:00Z,2023-05-16T12:00:00Z,2,12017,Communication corruption replaces all primary values with implausible numbers.,india,operational,10023,low,emit
india_operational_s10023_discovery,discovery,INDIA_OPERATIONAL_S10023_DISCOVERY-FLT-0013,sensor_fault,noise,pressure,43128099999,,2023-05-19T02:00:00Z,2023-05-19T16:00:00Z,29,12017,Excessive zero-mean pressure noise with sigma 6.73.,india,operational,10023,low,emit
india_operational_s10023_discovery,discovery,INDIA_OPERATIONAL_S10023_DISCOVERY-WX-0014,genuine_weather_scenario,regional_temperature_event,temperature,"43245099999,43275099999,43278099999,43279099999,43329099999,43331099999",,2023-06-28T09:00:00Z,2023-06-29T04:00:00Z,69,12017,Coherent regional temperature rise peaking near 7.04 °C across 6 stations.,india,operational,10023,event,emit
india_operational_s10023_discovery,discovery,INDIA_OPERATIONAL_S10023_DISCOVERY-WX-0015,genuine_weather_scenario,regional_temperature_event,temperature,"42131099999,42181099999,42182099999,42189099999,42348099999,42361099999",,2023-06-25T12:30:00Z,2023-06-26T05:00:00Z,89,12017,Coherent regional temperature rise peaking near 7.84 °C across 6 stations.,india,operational,10023,event,emit
india_operational_s10023_discovery,discovery,INDIA_OPERATIONAL_S10023_DISCOVERY-WX-0016,genuine_weather_scenario,regional_temperature_event,temperature,"43245099999,43275099999,43278099999,43279099999,43329099999,43331099999",,2023-05-11T03:00:00Z,2023-05-12T01:30:00Z,78,12017,Coherent regional temperature rise peaking near 6.48 °C across 6 stations.,india,operational,10023,event,emit
india_operational_s10023_discovery,discovery,INDIA_OPERATIONAL_S10023_DISCOVERY-WX-0017,genuine_weather_scenario,regional_temperature_event,temperature,"43245099999,43275099999,43278099999,43279099999,43329099999,43331099999",,2023-08-20T09:00:00Z,2023-08-21T00:30:00Z,57,12017,Coherent regional temperature rise peaking near 3.92 °C across 6 stations.,india,operational,10023,event,emit
india_operational_s10023_confirmation,confirmation,INDIA_OPERATIONAL_S10023_CONFIRMATION-FLT-0001,sensor_fault,communication_corruption,"temperature,pressure,humidity",42361099999,,2023-11-07T09:00:00Z,2023-11-07T09:00:00Z,1,13014,Communication corruption replaces all primary values with implausible numbers.,india,operational,10023,low,emit
india_operational_s10023_confirmation,confirmation,INDIA_OPERATIONAL_S10023_CONFIRMATION-FLT-0002,sensor_fault,multi_sensor_failure,"temperature,pressure,humidity",43021099999,,2023-10-28T11:30:00Z,2023-10-29T12:00:00Z,10,13014,All primary sensors remain constant across the episode.,india,operational,10023,low,emit
india_operational_s10023_confirmation,confirmation,INDIA_OPERATIONAL_S10023_CONFIRMATION-FLT-0003,sensor_fault,timestamp_error,timestamp,42131099999,,2023-10-28T15:00:00Z,2023-10-28T18:00:00Z,2,13014,Selected timestamps are shifted by 10800 seconds.,india,operational,10023,medium,timestamp_shift
india_operational_s10023_confirmation,confirmation,INDIA_OPERATIONAL_S10023_CONFIRMATION-FLT-0004,sensor_fault,noise,temperature,43329099999,,2023-12-05T00:00:00Z,2023-12-05T12:00:00Z,5,13014,Excessive zero-mean temperature noise with sigma 6.02.,india,operational,10023,low,emit
india_operational_s10023_confirmation,confirmation,INDIA_OPERATIONAL_S10023_CONFIRMATION-FLT-0005,sensor_fault,bias,temperature,43275099999,,2023-10-22T03:00:00Z,2023-10-22T12:00:00Z,4,13014,Constant temperature bias of 4.30 across a contiguous episode.,india,operational,10023,medium,emit
india_operational_s10023_confirmation,confirmation,INDIA_OPERATIONAL_S10023_CONFIRMATION-FLT-0006,sensor_fault,sudden_drop,pressure,42181099999,,2023-10-02T23:00:00Z,2023-10-02T23:00:00Z,1,13014,Single-reading pressure drop of 31.46.,india,operational,10023,high,emit
india_operational_s10023_confirmation,confirmation,INDIA_OPERATIONAL_S10023_CONFIRMATION-FLT-0007,sensor_fault,unit_error,temperature,43284099999,,2023-10-05T17:00:00Z,2023-10-05T17:00:00Z,1,13014,Celsius temperature is interpreted and emitted as Fahrenheit.,india,operational,10023,high,emit
india_operational_s10023_confirmation,confirmation,INDIA_OPERATIONAL_S10023_CONFIRMATION-FLT-0008,sensor_fault,scaling_error,humidity,42705699999,,2023-10-20T21:30:00Z,2023-10-20T21:30:00Z,1,13014,Humidity is multiplied by scaling factor 0.01.,india,operational,10023,medium,emit
india_operational_s10023_confirmation,confirmation,INDIA_OPERATIONAL_S10023_CONFIRMATION-FLT-0009,sensor_fault,frozen_sensor,pressure,43086099999,,2023-11-24T12:00:00Z,2023-11-25T00:00:00Z,5,13014,Pressure frozen at 1012.20 for the episode.,india,operational,10023,low,emit
india_operational_s10023_confirmation,confirmation,INDIA_OPERATIONAL_S10023_CONFIRMATION-FLT-0010,sensor_fault,spike,humidity,43284099999,,2023-10-30T22:00:00Z,2023-10-30T22:00:00Z,1,13014,Single-reading humidity spike of -56.64.,india,operational,10023,low,emit
india_operational_s10023_confirmation,confirmation,INDIA_OPERATIONAL_S10023_CONFIRMATION-FLT-0011,sensor_fault,dropout,communication,42182099999,,2023-11-07T15:00:00Z,2023-11-08T12:00:00Z,8,13014,Consecutive station records are removed from the emitted stream.,india,operational,10023,high,drop
india_operational_s10023_confirmation,confirmation,INDIA_OPERATIONAL_S10023_CONFIRMATION-FLT-0012,sensor_fault,drift,temperature,43321099999,,2023-12-02T09:00:00Z,2023-12-05T03:30:00Z,129,13014,Gradual temperature drift ending at -6.25 from baseline.,india,operational,10023,high,emit
india_operational_s10023_confirmation,confirmation,INDIA_OPERATIONAL_S10023_CONFIRMATION-FLT-0013,sensor_fault,duplicate_packet,communication,43245099999,,2023-12-12T15:00:00Z,2023-12-12T15:00:00Z,1,13014,Selected station records are emitted twice by the replay engine.,india,operational,10023,medium,duplicate
india_operational_s10023_confirmation,confirmation,INDIA_OPERATIONAL_S10023_CONFIRMATION-WX-0014,genuine_weather_scenario,regional_temperature_event,temperature,"43021099999,43086099999,43128099999,43128599999,43181099999,43213099999",,2023-10-04T20:30:00Z,2023-10-05T22:00:00Z,140,13014,Coherent regional temperature rise peaking near 3.49 °C across 6 stations.,india,operational,10023,event,emit
india_operational_s10023_confirmation,confirmation,INDIA_OPERATIONAL_S10023_CONFIRMATION-WX-0015,genuine_weather_scenario,regional_temperature_event,temperature,"42705699999,43233099999,43284099999,43295099999,43302599999,43321099999",,2023-10-23T06:00:00Z,2023-10-24T02:00:00Z,174,13014,Coherent regional temperature rise peaking near 6.36 °C across 6 stations.,india,operational,10023,event,emit
india_operational_s10023_confirmation,confirmation,INDIA_OPERATIONAL_S10023_CONFIRMATION-WX-0016,genuine_weather_scenario,regional_temperature_event,temperature,"42131099999,42181099999,42182099999,42189099999,42348099999,42361099999",,2023-10-16T04:30:00Z,2023-10-16T22:00:00Z,101,13014,Coherent regional temperature rise peaking near 7.44 °C across 6 stations.,india,operational,10023,event,emit
india_operational_s10023_confirmation,confirmation,INDIA_OPERATIONAL_S10023_CONFIRMATION-WX-0017,genuine_weather_scenario,regional_temperature_event,temperature,"43021099999,43086099999,43128099999,43128599999,43181099999,43213099999",,2023-10-02T00:00:00Z,2023-10-03T02:30:00Z,160,13014,Coherent regional temperature rise peaking near 5.09 °C across 6 stations.,india,operational,10023,event,emit
dwd_meteorological_s10023_validation,calibration,DWD_METEOROLOGICAL_S10023_VALIDATION-I8-WX-0001,genuine_weather_scenario,regional_heatwave,"temperature,pressure,humidity","DWD-00433,DWD-01048,DWD-01684,DWD-03987",dwd_dwd_east_continental,2023-02-08T00:00:00+00:00,2023-02-09T00:00:00+00:00,96,10023,Coherent regional_heatwave across at least three neighbour stations with causal spatial lag.,dwd,meteorological,10023,,
dwd_meteorological_s10023_validation,calibration,DWD_METEOROLOGICAL_S10023_VALIDATION-I8-WX-0002,genuine_weather_scenario,regional_cold_surge,"temperature,pressure,humidity","DWD-00433,DWD-01048,DWD-01684,DWD-03987",dwd_dwd_east_continental,2023-02-09T06:00:00+00:00,2023-02-10T07:00:00+00:00,98,10023,Coherent regional_cold_surge across at least three neighbour stations with causal spatial lag.,dwd,meteorological,10023,,
dwd_meteorological_s10023_validation,calibration,DWD_METEOROLOGICAL_S10023_VALIDATION-I8-WX-0003,genuine_weather_scenario,pressure_front,"temperature,pressure,humidity","DWD-00433,DWD-01048,DWD-01684,DWD-03987",dwd_dwd_east_continental,2023-02-15T16:00:00+00:00,2023-02-16T09:00:00+00:00,66,10023,Coherent pressure_front across at least three neighbour stations with causal spatial lag.,dwd,meteorological,10023,,
dwd_meteorological_s10023_validation,calibration,DWD_METEOROLOGICAL_S10023_VALIDATION-I8-WX-0004,genuine_weather_scenario,humidity_surge,"temperature,pressure,humidity","DWD-00433,DWD-01048,DWD-01684,DWD-03987",dwd_dwd_east_continental,2023-01-18T05:00:00+00:00,2023-01-19T06:00:00+00:00,98,10023,Coherent humidity_surge across at least three neighbour stations with causal spatial lag.,dwd,meteorological,10023,,
dwd_meteorological_s10023_validation,calibration,DWD_METEOROLOGICAL_S10023_VALIDATION-I8-WX-0005,genuine_weather_scenario,dry_intrusion,"temperature,pressure,humidity","DWD-00433,DWD-01048,DWD-01684,DWD-03987",dwd_dwd_east_continental,2023-01-12T20:00:00+00:00,2023-01-14T00:00:00+00:00,110,10023,Coherent dry_intrusion across at least three neighbour stations with causal spatial lag.,dwd,meteorological,10023,,
dwd_meteorological_s10023_validation,calibration,DWD_METEOROLOGICAL_S10023_VALIDATION-I8-WX-0006,genuine_weather_scenario,multivariate_storm,"temperature,pressure,humidity","DWD-00433,DWD-01048,DWD-01684,DWD-03987",dwd_dwd_east_continental,2023-02-05T22:00:00+00:00,2023-02-06T14:00:00+00:00,60,10023,Coherent multivariate_storm across at least three neighbour stations with causal spatial lag.,dwd,meteorological,10023,,
dwd_meteorological_s10023_validation,calibration,DWD_METEOROLOGICAL_S10023_VALIDATION-I8-FLT-0007,sensor_fault,bias,humidity,DWD-01684,dwd_dwd_east_continental,2023-02-04T19:00:00+00:00,2023-02-05T22:00:00+00:00,28,10023,bias applied to one humidity sensor with a low-to-moderate severity ladder.,dwd,meteorological,10023,,
dwd_meteorological_s10023_validation,calibration,DWD_METEOROLOGICAL_S10023_VALIDATION-I8-FLT-0008,sensor_fault,drift,pressure,DWD-01048,dwd_dwd_east_continental,2023-02-09T00:00:00+00:00,2023-02-10T20:00:00+00:00,21,10023,drift applied to one pressure sensor with a low-to-moderate severity ladder.,dwd,meteorological,10023,,
dwd_meteorological_s10023_validation,calibration,DWD_METEOROLOGICAL_S10023_VALIDATION-I8-FLT-0009,sensor_fault,frozen_sensor,temperature,DWD-01048,dwd_dwd_east_continental,2023-01-27T16:00:00+00:00,2023-01-28T19:00:00+00:00,28,10023,frozen_sensor applied to one temperature sensor with a low-to-moderate severity ladder.,dwd,meteorological,10023,,
dwd_meteorological_s10023_validation,calibration,DWD_METEOROLOGICAL_S10023_VALIDATION-I8-FLT-0010,sensor_fault,spike,pressure,DWD-03987,dwd_dwd_east_continental,2023-02-16T22:00:00+00:00,2023-02-16T22:00:00+00:00,1,10023,spike applied to one pressure sensor with a low-to-moderate severity ladder.,dwd,meteorological,10023,,
dwd_meteorological_s10023_validation,calibration,DWD_METEOROLOGICAL_S10023_VALIDATION-I8-FLT-0011,sensor_fault,noise,temperature,DWD-01048,dwd_dwd_east_continental,2023-02-20T22:00:00+00:00,2023-02-21T05:00:00+00:00,8,10023,noise applied to one temperature sensor with a low-to-moderate severity ladder.,dwd,meteorological,10023,,
dwd_meteorological_s10023_validation,calibration,DWD_METEOROLOGICAL_S10023_VALIDATION-I8-WX-0012,genuine_weather_scenario,regional_heatwave,"temperature,pressure,humidity","DWD-01975,DWD-03032,DWD-04271,DWD-05839",dwd_dwd_north_coastal,2023-01-24T17:00:00+00:00,2023-01-25T12:00:00+00:00,74,10023,Coherent regional_heatwave across at least three neighbour stations with causal spatial lag.,dwd,meteorological,10023,,
dwd_meteorological_s10023_validation,calibration,DWD_METEOROLOGICAL_S10023_VALIDATION-I8-WX-0013,genuine_weather_scenario,regional_cold_surge,"temperature,pressure,humidity","DWD-01975,DWD-03032,DWD-04271,DWD-05839",dwd_dwd_north_coastal,2023-02-03T03:00:00+00:00,2023-02-03T21:00:00+00:00,70,10023,Coherent regional_cold_surge across at least three neighbour stations with causal spatial lag.,dwd,meteorological,10023,,
dwd_meteorological_s10023_validation,calibration,DWD_METEOROLOGICAL_S10023_VALIDATION-I8-WX-0014,genuine_weather_scenario,pressure_front,"temperature,pressure,humidity","DWD-01975,DWD-03032,DWD-04271,DWD-05839",dwd_dwd_north_coastal,2023-01-28T10:00:00+00:00,2023-01-29T05:00:00+00:00,72,10023,Coherent pressure_front across at least three neighbour stations with causal spatial lag.,dwd,meteorological,10023,,
dwd_meteorological_s10023_validation,calibration,DWD_METEOROLOGICAL_S10023_VALIDATION-I8-WX-0015,genuine_weather_scenario,humidity_surge,"temperature,pressure,humidity","DWD-01975,DWD-03032,DWD-04271,DWD-05839",dwd_dwd_north_coastal,2023-02-15T12:00:00+00:00,2023-02-16T09:00:00+00:00,82,10023,Coherent humidity_surge across at least three neighbour stations with causal spatial lag.,dwd,meteorological,10023,,
dwd_meteorological_s10023_validation,calibration,DWD_METEOROLOGICAL_S10023_VALIDATION-I8-WX-0016,genuine_weather_scenario,dry_intrusion,"temperature,pressure,humidity","DWD-01975,DWD-03032,DWD-04271,DWD-05839",dwd_dwd_north_coastal,2023-02-10T04:00:00+00:00,2023-02-11T09:00:00+00:00,112,10023,Coherent dry_intrusion across at least three neighbour stations with causal spatial lag.,dwd,meteorological,10023,,
dwd_meteorological_s10023_validation,calibration,DWD_METEOROLOGICAL_S10023_VALIDATION-I8-WX-0017,genuine_weather_scenario,multivariate_storm,"temperature,pressure,humidity","DWD-01975,DWD-03032,DWD-04271,DWD-05839",dwd_dwd_north_coastal,2023-02-20T00:00:00+00:00,2023-02-20T14:00:00+00:00,54,10023,Coherent multivariate_storm across at least three neighbour stations with causal spatial lag.,dwd,meteorological,10023,,
dwd_meteorological_s10023_validation,calibration,DWD_METEOROLOGICAL_S10023_VALIDATION-I8-FLT-0018,sensor_fault,bias,humidity,DWD-05839,dwd_dwd_north_coastal,2023-02-08T21:00:00+00:00,2023-02-09T06:00:00+00:00,10,10023,bias applied to one humidity sensor with a low-to-moderate severity ladder.,dwd,meteorological,10023,,
dwd_meteorological_s10023_validation,calibration,DWD_METEOROLOGICAL_S10023_VALIDATION-I8-FLT-0019,sensor_fault,drift,temperature,DWD-03032,dwd_dwd_north_coastal,2023-01-16T10:00:00+00:00,2023-01-17T16:00:00+00:00,31,10023,drift applied to one temperature sensor with a low-to-moderate severity ladder.,dwd,meteorological,10023,,
dwd_meteorological_s10023_validation,calibration,DWD_METEOROLOGICAL_S10023_VALIDATION-I8-FLT-0020,sensor_fault,frozen_sensor,temperature,DWD-04271,dwd_dwd_north_coastal,2023-02-09T20:00:00+00:00,2023-02-10T04:00:00+00:00,9,10023,frozen_sensor applied to one temperature sensor with a low-to-moderate severity ladder.,dwd,meteorological,10023,,
dwd_meteorological_s10023_validation,calibration,DWD_METEOROLOGICAL_S10023_VALIDATION-I8-FLT-0021,sensor_fault,spike,pressure,DWD-04271,dwd_dwd_north_coastal,2023-01-15T11:00:00+00:00,2023-01-15T11:00:00+00:00,1,10023,spike applied to one pressure sensor with a low-to-moderate severity ladder.,dwd,meteorological,10023,,
dwd_meteorological_s10023_validation,calibration,DWD_METEOROLOGICAL_S10023_VALIDATION-I8-FLT-0022,sensor_fault,noise,pressure,DWD-05839,dwd_dwd_north_coastal,2023-02-18T06:00:00+00:00,2023-02-19T16:00:00+00:00,35,10023,noise applied to one pressure sensor with a low-to-moderate severity ladder.,dwd,meteorological,10023,,
dwd_meteorological_s10023_validation,calibration,DWD_METEOROLOGICAL_S10023_VALIDATION-I8-WX-0023,genuine_weather_scenario,regional_heatwave,"temperature,pressure,humidity","DWD-00232,DWD-01262,DWD-02712,DWD-04928",dwd_dwd_south_upland,2023-02-09T14:00:00+00:00,2023-02-10T03:00:00+00:00,50,10023,Coherent regional_heatwave across at least three neighbour stations with causal spatial lag.,dwd,meteorological,10023,,
dwd_meteorological_s10023_validation,calibration,DWD_METEOROLOGICAL_S10023_VALIDATION-I8-WX-0024,genuine_weather_scenario,regional_cold_surge,"temperature,pressure,humidity","DWD-00232,DWD-01262,DWD-02712,DWD-04928",dwd_dwd_south_upland,2023-02-06T17:00:00+00:00,2023-02-07T08:00:00+00:00,58,10023,Coherent regional_cold_surge across at least three neighbour stations with causal spatial lag.,dwd,meteorological,10023,,
dwd_meteorological_s10023_validation,calibration,DWD_METEOROLOGICAL_S10023_VALIDATION-I8-WX-0025,genuine_weather_scenario,pressure_front,"temperature,pressure,humidity","DWD-00232,DWD-01262,DWD-02712,DWD-04928",dwd_dwd_south_upland,2023-02-19T11:00:00+00:00,2023-02-20T01:00:00+00:00,54,10023,Coherent pressure_front across at least three neighbour stations with causal spatial lag.,dwd,meteorological,10023,,
dwd_meteorological_s10023_validation,calibration,DWD_METEOROLOGICAL_S10023_VALIDATION-I8-WX-0026,genuine_weather_scenario,humidity_surge,"temperature,pressure,humidity","DWD-00232,DWD-01262,DWD-02712,DWD-04928",dwd_dwd_south_upland,2023-02-07T14:00:00+00:00,2023-02-08T18:00:00+00:00,110,10023,Coherent humidity_surge across at least three neighbour stations with causal spatial lag.,dwd,meteorological,10023,,
dwd_meteorological_s10023_validation,calibration,DWD_METEOROLOGICAL_S10023_VALIDATION-I8-WX-0027,genuine_weather_scenario,dry_intrusion,"temperature,pressure,humidity","DWD-00232,DWD-01262,DWD-02712,DWD-04928",dwd_dwd_south_upland,2023-01-24T14:00:00+00:00,2023-01-25T19:00:00+00:00,116,10023,Coherent dry_intrusion across at least three neighbour stations with causal spatial lag.,dwd,meteorological,10023,,
dwd_meteorological_s10023_validation,calibration,DWD_METEOROLOGICAL_S10023_VALIDATION-I8-WX-0028,genuine_weather_scenario,multivariate_storm,"temperature,pressure,humidity","DWD-00232,DWD-01262,DWD-02712,DWD-04928",dwd_dwd_south_upland,2023-02-02T15:00:00+00:00,2023-02-03T21:00:00+00:00,116,10023,Coherent multivariate_storm across at least three neighbour stations with causal spatial lag.,dwd,meteorological,10023,,
dwd_meteorological_s10023_validation,calibration,DWD_METEOROLOGICAL_S10023_VALIDATION-I8-FLT-0029,sensor_fault,bias,pressure,DWD-01262,dwd_dwd_south_upland,2023-02-17T10:00:00+00:00,2023-02-19T00:00:00+00:00,39,10023,bias applied to one pressure sensor with a low-to-moderate severity ladder.,dwd,meteorological,10023,,
dwd_meteorological_s10023_validation,calibration,DWD_METEOROLOGICAL_S10023_VALIDATION-I8-FLT-0030,sensor_fault,drift,temperature,DWD-00232,dwd_dwd_south_upland,2023-01-10T14:00:00+00:00,2023-01-11T12:00:00+00:00,23,10023,drift applied to one temperature sensor with a low-to-moderate severity ladder.,dwd,meteorological,10023,,
dwd_meteorological_s10023_validation,calibration,DWD_METEOROLOGICAL_S10023_VALIDATION-I8-FLT-0031,sensor_fault,frozen_sensor,temperature,DWD-02712,dwd_dwd_south_upland,2023-02-04T07:00:00+00:00,2023-02-06T08:00:00+00:00,50,10023,frozen_sensor applied to one temperature sensor with a low-to-moderate severity ladder.,dwd,meteorological,10023,,
dwd_meteorological_s10023_validation,calibration,DWD_METEOROLOGICAL_S10023_VALIDATION-I8-FLT-0032,sensor_fault,spike,humidity,DWD-00232,dwd_dwd_south_upland,2023-01-28T01:00:00+00:00,2023-01-28T01:00:00+00:00,1,10023,spike applied to one humidity sensor with a low-to-moderate severity ladder.,dwd,meteorological,10023,,
dwd_meteorological_s10023_validation,calibration,DWD_METEOROLOGICAL_S10023_VALIDATION-I8-FLT-0033,sensor_fault,noise,pressure,DWD-02712,dwd_dwd_south_upland,2023-01-11T13:00:00+00:00,2023-01-13T16:00:00+00:00,52,10023,noise applied to one pressure sensor with a low-to-moderate severity ladder.,dwd,meteorological,10023,,
dwd_meteorological_s10023_validation,calibration,DWD_METEOROLOGICAL_S10023_VALIDATION-I8-WX-0034,genuine_weather_scenario,regional_heatwave,"temperature,pressure,humidity","DWD-01078,DWD-01420,DWD-02667,DWD-04336",dwd_dwd_west_lowland,2023-02-14T03:00:00+00:00,2023-02-15T03:00:00+00:00,96,10023,Coherent regional_heatwave across at least three neighbour stations with causal spatial lag.,dwd,meteorological,10023,,
dwd_meteorological_s10023_validation,calibration,DWD_METEOROLOGICAL_S10023_VALIDATION-I8-WX-0035,genuine_weather_scenario,regional_cold_surge,"temperature,pressure,humidity","DWD-01078,DWD-01420,DWD-02667,DWD-04336",dwd_dwd_west_lowland,2023-01-13T16:00:00+00:00,2023-01-14T20:00:00+00:00,110,10023,Coherent regional_cold_surge across at least three neighbour stations with causal spatial lag.,dwd,meteorological,10023,,
dwd_meteorological_s10023_validation,calibration,DWD_METEOROLOGICAL_S10023_VALIDATION-I8-WX-0036,genuine_weather_scenario,pressure_front,"temperature,pressure,humidity","DWD-01078,DWD-01420,DWD-02667,DWD-04336",dwd_dwd_west_lowland,2023-01-20T09:00:00+00:00,2023-01-21T12:00:00+00:00,104,10023,Coherent pressure_front across at least three neighbour stations with causal spatial lag.,dwd,meteorological,10023,,
dwd_meteorological_s10023_validation,calibration,DWD_METEOROLOGICAL_S10023_VALIDATION-I8-WX-0037,genuine_weather_scenario,humidity_surge,"temperature,pressure,humidity","DWD-01078,DWD-01420,DWD-02667,DWD-04336",dwd_dwd_west_lowland,2023-02-02T08:00:00+00:00,2023-02-03T08:00:00+00:00,94,10023,Coherent humidity_surge across at least three neighbour stations with causal spatial lag.,dwd,meteorological,10023,,
dwd_meteorological_s10023_validation,calibration,DWD_METEOROLOGICAL_S10023_VALIDATION-I8-WX-0038,genuine_weather_scenario,dry_intrusion,"temperature,pressure,humidity","DWD-01078,DWD-01420,DWD-02667,DWD-04336",dwd_dwd_west_lowland,2023-01-19T03:00:00+00:00,2023-01-20T02:00:00+00:00,90,10023,Coherent dry_intrusion across at least three neighbour stations with causal spatial lag.,dwd,meteorological,10023,,
dwd_meteorological_s10023_validation,calibration,DWD_METEOROLOGICAL_S10023_VALIDATION-I8-WX-0039,genuine_weather_scenario,multivariate_storm,"temperature,pressure,humidity","DWD-01078,DWD-01420,DWD-02667,DWD-04336",dwd_dwd_west_lowland,2023-02-15T04:00:00+00:00,2023-02-16T04:00:00+00:00,94,10023,Coherent multivariate_storm across at least three neighbour stations with causal spatial lag.,dwd,meteorological,10023,,
dwd_meteorological_s10023_validation,calibration,DWD_METEOROLOGICAL_S10023_VALIDATION-I8-FLT-0040,sensor_fault,bias,humidity,DWD-04336,dwd_dwd_west_lowland,2023-01-10T19:00:00+00:00,2023-01-12T00:00:00+00:00,30,10023,bias applied to one humidity sensor with a low-to-moderate severity ladder.,dwd,meteorological,10023,,
dwd_meteorological_s10023_validation,calibration,DWD_METEOROLOGICAL_S10023_VALIDATION-I8-FLT-0041,sensor_fault,drift,pressure,DWD-01420,dwd_dwd_west_lowland,2023-02-17T16:00:00+00:00,2023-02-18T13:00:00+00:00,22,10023,drift applied to one pressure sensor with a low-to-moderate severity ladder.,dwd,meteorological,10023,,
dwd_meteorological_s10023_validation,calibration,DWD_METEOROLOGICAL_S10023_VALIDATION-I8-FLT-0042,sensor_fault,frozen_sensor,temperature,DWD-01420,dwd_dwd_west_lowland,2023-01-08T06:00:00+00:00,2023-01-09T09:00:00+00:00,28,10023,frozen_sensor applied to one temperature sensor with a low-to-moderate severity ladder.,dwd,meteorological,10023,,
dwd_meteorological_s10023_validation,calibration,DWD_METEOROLOGICAL_S10023_VALIDATION-I8-FLT-0043,sensor_fault,spike,temperature,DWD-01420,dwd_dwd_west_lowland,2023-02-04T18:00:00+00:00,2023-02-04T18:00:00+00:00,1,10023,spike applied to one temperature sensor with a low-to-moderate severity ladder.,dwd,meteorological,10023,,
dwd_meteorological_s10023_validation,calibration,DWD_METEOROLOGICAL_S10023_VALIDATION-I8-FLT-0044,sensor_fault,noise,pressure,DWD-02667,dwd_dwd_west_lowland,2023-02-19T06:00:00+00:00,2023-02-20T16:00:00+00:00,35,10023,noise applied to one pressure sensor with a low-to-moderate severity ladder.,dwd,meteorological,10023,,
dwd_meteorological_s10023_validation,policy,DWD_METEOROLOGICAL_S10023_VALIDATION-I8-WX-0045,genuine_weather_scenario,regional_heatwave,"temperature,pressure,humidity","DWD-00433,DWD-01048,DWD-01684,DWD-03987",dwd_dwd_east_continental,2023-04-10T11:00:00+00:00,2023-04-11T09:00:00+00:00,88,10023,Coherent regional_heatwave across at least three neighbour stations with causal spatial lag.,dwd,meteorological,10023,,
dwd_meteorological_s10023_validation,policy,DWD_METEOROLOGICAL_S10023_VALIDATION-I8-WX-0046,genuine_weather_scenario,regional_cold_surge,"temperature,pressure,humidity","DWD-00433,DWD-01048,DWD-01684,DWD-03987",dwd_dwd_east_continental,2023-04-12T23:00:00+00:00,2023-04-13T17:00:00+00:00,70,10023,Coherent regional_cold_surge across at least three neighbour stations with causal spatial lag.,dwd,meteorological,10023,,
dwd_meteorological_s10023_validation,policy,DWD_METEOROLOGICAL_S10023_VALIDATION-I8-WX-0047,genuine_weather_scenario,pressure_front,"temperature,pressure,humidity","DWD-00433,DWD-01048,DWD-01684,DWD-03987",dwd_dwd_east_continental,2023-04-14T00:00:00+00:00,2023-04-15T03:00:00+00:00,106,10023,Coherent pressure_front across at least three neighbour stations with causal spatial lag.,dwd,meteorological,10023,,
dwd_meteorological_s10023_validation,policy,DWD_METEOROLOGICAL_S10023_VALIDATION-I8-WX-0048,genuine_weather_scenario,humidity_surge,"temperature,pressure,humidity","DWD-00433,DWD-01048,DWD-01684,DWD-03987",dwd_dwd_east_continental,2023-03-26T13:00:00+00:00,2023-03-27T12:00:00+00:00,90,10023,Coherent humidity_surge across at least three neighbour stations with causal spatial lag.,dwd,meteorological,10023,,
dwd_meteorological_s10023_validation,policy,DWD_METEOROLOGICAL_S10023_VALIDATION-I8-WX-0049,genuine_weather_scenario,dry_intrusion,"temperature,pressure,humidity","DWD-00433,DWD-01048,DWD-01684,DWD-03987",dwd_dwd_east_continental,2023-04-03T08:00:00+00:00,2023-04-03T23:00:00+00:00,55,10023,Coherent dry_intrusion across at least three neighbour stations with causal spatial lag.,dwd,meteorological,10023,,
dwd_meteorological_s10023_validation,policy,DWD_METEOROLOGICAL_S10023_VALIDATION-I8-WX-0050,genuine_weather_scenario,multivariate_storm,"temperature,pressure,humidity","DWD-00433,DWD-01048,DWD-01684,DWD-03987",dwd_dwd_east_continental,2023-04-06T14:00:00+00:00,2023-04-07T20:00:00+00:00,118,10023,Coherent multivariate_storm across at least three neighbour stations with causal spatial lag.,dwd,meteorological,10023,,
dwd_meteorological_s10023_validation,policy,DWD_METEOROLOGICAL_S10023_VALIDATION-I8-FLT-0051,sensor_fault,bias,temperature,DWD-00433,dwd_dwd_east_continental,2023-04-05T05:00:00+00:00,2023-04-06T03:00:00+00:00,23,10023,bias applied to one temperature sensor with a low-to-moderate severity ladder.,dwd,meteorological,10023,,
dwd_meteorological_s10023_validation,policy,DWD_METEOROLOGICAL_S10023_VALIDATION-I8-FLT-0052,sensor_fault,drift,pressure,DWD-01048,dwd_dwd_east_continental,2023-04-10T04:00:00+00:00,2023-04-11T18:00:00+00:00,17,10023,drift applied to one pressure sensor with a low-to-moderate severity ladder.,dwd,meteorological,10023,,
dwd_meteorological_s10023_validation,policy,DWD_METEOROLOGICAL_S10023_VALIDATION-I8-FLT-0053,sensor_fault,frozen_sensor,temperature,DWD-00433,dwd_dwd_east_continental,2023-03-30T12:00:00+00:00,2023-03-31T12:00:00+00:00,25,10023,frozen_sensor applied to one temperature sensor with a low-to-moderate severity ladder.,dwd,meteorological,10023,,
dwd_meteorological_s10023_validation,policy,DWD_METEOROLOGICAL_S10023_VALIDATION-I8-FLT-0054,sensor_fault,spike,temperature,DWD-01048,dwd_dwd_east_continental,2023-04-19T15:00:00+00:00,2023-04-19T15:00:00+00:00,1,10023,spike applied to one temperature sensor with a low-to-moderate severity ladder.,dwd,meteorological,10023,,
dwd_meteorological_s10023_validation,policy,DWD_METEOROLOGICAL_S10023_VALIDATION-I8-FLT-0055,sensor_fault,noise,pressure,DWD-01684,dwd_dwd_east_continental,2023-03-09T15:00:00+00:00,2023-03-11T18:00:00+00:00,52,10023,noise applied to one pressure sensor with a low-to-moderate severity ladder.,dwd,meteorological,10023,,
dwd_meteorological_s10023_validation,policy,DWD_METEOROLOGICAL_S10023_VALIDATION-I8-WX-0056,genuine_weather_scenario,regional_heatwave,"temperature,pressure,humidity","DWD-01975,DWD-03032,DWD-04271,DWD-05839",dwd_dwd_north_coastal,2023-03-23T12:00:00+00:00,2023-03-24T07:00:00+00:00,72,10023,Coherent regional_heatwave across at least three neighbour stations with causal spatial lag.,dwd,meteorological,10023,,
dwd_meteorological_s10023_validation,policy,DWD_METEOROLOGICAL_S10023_VALIDATION-I8-WX-0057,genuine_weather_scenario,regional_cold_surge,"temperature,pressure,humidity","DWD-01975,DWD-03032,DWD-04271,DWD-05839",dwd_dwd_north_coastal,2023-04-14T12:00:00+00:00,2023-04-15T16:00:00+00:00,112,10023,Coherent regional_cold_surge across at least three neighbour stations with causal spatial lag.,dwd,meteorological,10023,,
dwd_meteorological_s10023_validation,policy,DWD_METEOROLOGICAL_S10023_VALIDATION-I8-WX-0058,genuine_weather_scenario,pressure_front,"temperature,pressure,humidity","DWD-01975,DWD-03032,DWD-04271,DWD-05839",dwd_dwd_north_coastal,2023-03-07T00:00:00+00:00,2023-03-07T13:00:00+00:00,50,10023,Coherent pressure_front across at least three neighbour stations with causal spatial lag.,dwd,meteorological,10023,,
dwd_meteorological_s10023_validation,policy,DWD_METEOROLOGICAL_S10023_VALIDATION-I8-WX-0059,genuine_weather_scenario,humidity_surge,"temperature,pressure,humidity","DWD-01975,DWD-03032,DWD-04271,DWD-05839",dwd_dwd_north_coastal,2023-03-08T14:00:00+00:00,2023-03-09T05:00:00+00:00,58,10023,Coherent humidity_surge across at least three neighbour stations with causal spatial lag.,dwd,meteorological,10023,,
dwd_meteorological_s10023_validation,policy,DWD_METEOROLOGICAL_S10023_VALIDATION-I8-WX-0060,genuine_weather_scenario,dry_intrusion,"temperature,pressure,humidity","DWD-01975,DWD-03032,DWD-04271,DWD-05839",dwd_dwd_north_coastal,2023-03-31T22:00:00+00:00,2023-04-01T15:00:00+00:00,64,10023,Coherent dry_intrusion across at least three neighbour stations with causal spatial lag.,dwd,meteorological,10023,,
dwd_meteorological_s10023_validation,policy,DWD_METEOROLOGICAL_S10023_VALIDATION-I8-WX-0061,genuine_weather_scenario,multivariate_storm,"temperature,pressure,humidity","DWD-01975,DWD-03032,DWD-04271,DWD-05839",dwd_dwd_north_coastal,2023-04-15T16:00:00+00:00,2023-04-16T07:00:00+00:00,60,10023,Coherent multivariate_storm across at least three neighbour stations with causal spatial lag.,dwd,meteorological,10023,,
dwd_meteorological_s10023_validation,policy,DWD_METEOROLOGICAL_S10023_VALIDATION-I8-FLT-0062,sensor_fault,bias,humidity,DWD-03032,dwd_dwd_north_coastal,2023-04-13T06:00:00+00:00,2023-04-14T11:00:00+00:00,30,10023,bias applied to one humidity sensor with a low-to-moderate severity ladder.,dwd,meteorological,10023,,
dwd_meteorological_s10023_validation,policy,DWD_METEOROLOGICAL_S10023_VALIDATION-I8-FLT-0063,sensor_fault,drift,humidity,DWD-05839,dwd_dwd_north_coastal,2023-04-03T19:00:00+00:00,2023-04-04T09:00:00+00:00,15,10023,drift applied to one humidity sensor with a low-to-moderate severity ladder.,dwd,meteorological,10023,,
dwd_meteorological_s10023_validation,policy,DWD_METEOROLOGICAL_S10023_VALIDATION-I8-FLT-0064,sensor_fault,frozen_sensor,temperature,DWD-01975,dwd_dwd_north_coastal,2023-04-20T13:00:00+00:00,2023-04-21T01:00:00+00:00,13,10023,frozen_sensor applied to one temperature sensor with a low-to-moderate severity ladder.,dwd,meteorological,10023,,
dwd_meteorological_s10023_validation,policy,DWD_METEOROLOGICAL_S10023_VALIDATION-I8-FLT-0065,sensor_fault,spike,humidity,DWD-01975,dwd_dwd_north_coastal,2023-04-17T07:00:00+00:00,2023-04-17T07:00:00+00:00,1,10023,spike applied to one humidity sensor with a low-to-moderate severity ladder.,dwd,meteorological,10023,,
dwd_meteorological_s10023_validation,policy,DWD_METEOROLOGICAL_S10023_VALIDATION-I8-FLT-0066,sensor_fault,noise,pressure,DWD-01975,dwd_dwd_north_coastal,2023-03-11T11:00:00+00:00,2023-03-12T07:00:00+00:00,21,10023,noise applied to one pressure sensor with a low-to-moderate severity ladder.,dwd,meteorological,10023,,
dwd_meteorological_s10023_validation,policy,DWD_METEOROLOGICAL_S10023_VALIDATION-I8-WX-0067,genuine_weather_scenario,regional_heatwave,"temperature,pressure,humidity","DWD-00232,DWD-01262,DWD-02712,DWD-04928",dwd_dwd_south_upland,2023-04-13T20:00:00+00:00,2023-04-15T02:00:00+00:00,116,10023,Coherent regional_heatwave across at least three neighbour stations with causal spatial lag.,dwd,meteorological,10023,,
dwd_meteorological_s10023_validation,policy,DWD_METEOROLOGICAL_S10023_VALIDATION-I8-WX-0068,genuine_weather_scenario,regional_cold_surge,"temperature,pressure,humidity","DWD-00232,DWD-01262,DWD-02712,DWD-04928",dwd_dwd_south_upland,2023-03-28T12:00:00+00:00,2023-03-29T17:00:00+00:00,114,10023,Coherent regional_cold_surge across at least three neighbour stations with causal spatial lag.,dwd,meteorological,10023,,
dwd_meteorological_s10023_validation,policy,DWD_METEOROLOGICAL_S10023_VALIDATION-I8-WX-0069,genuine_weather_scenario,pressure_front,"temperature,pressure,humidity","DWD-00232,DWD-01262,DWD-02712,DWD-04928",dwd_dwd_south_upland,2023-03-24T04:00:00+00:00,2023-03-24T19:00:00+00:00,56,10023,Coherent pressure_front across at least three neighbour stations with causal spatial lag.,dwd,meteorological,10023,,
dwd_meteorological_s10023_validation,policy,DWD_METEOROLOGICAL_S10023_VALIDATION-I8-WX-0070,genuine_weather_scenario,humidity_surge,"temperature,pressure,humidity","DWD-00232,DWD-01262,DWD-02712,DWD-04928",dwd_dwd_south_upland,2023-04-07T04:00:00+00:00,2023-04-08T10:00:00+00:00,120,10023,Coherent humidity_surge across at least three neighbour stations with causal spatial lag.,dwd,meteorological,10023,,
dwd_meteorological_s10023_validation,policy,DWD_METEOROLOGICAL_S10023_VALIDATION-I8-WX-0071,genuine_weather_scenario,dry_intrusion,"temperature,pressure,humidity","DWD-00232,DWD-01262,DWD-02712,DWD-04928",dwd_dwd_south_upland,2023-04-17T16:00:00+00:00,2023-04-18T14:00:00+00:00,84,10023,Coherent dry_intrusion across at least three neighbour stations with causal spatial lag.,dwd,meteorological,10023,,
dwd_meteorological_s10023_validation,policy,DWD_METEOROLOGICAL_S10023_VALIDATION-I8-WX-0072,genuine_weather_scenario,multivariate_storm,"temperature,pressure,humidity","DWD-00232,DWD-01262,DWD-02712,DWD-04928",dwd_dwd_south_upland,2023-04-11T17:00:00+00:00,2023-04-12T20:00:00+00:00,104,10023,Coherent multivariate_storm across at least three neighbour stations with causal spatial lag.,dwd,meteorological,10023,,
dwd_meteorological_s10023_validation,policy,DWD_METEOROLOGICAL_S10023_VALIDATION-I8-FLT-0073,sensor_fault,bias,pressure,DWD-02712,dwd_dwd_south_upland,2023-04-05T15:00:00+00:00,2023-04-06T17:00:00+00:00,27,10023,bias applied to one pressure sensor with a low-to-moderate severity ladder.,dwd,meteorological,10023,,
dwd_meteorological_s10023_validation,policy,DWD_METEOROLOGICAL_S10023_VALIDATION-I8-FLT-0074,sensor_fault,drift,humidity,DWD-04928,dwd_dwd_south_upland,2023-04-08T11:00:00+00:00,2023-04-08T18:00:00+00:00,8,10023,drift applied to one humidity sensor with a low-to-moderate severity ladder.,dwd,meteorological,10023,,
dwd_meteorological_s10023_validation,policy,DWD_METEOROLOGICAL_S10023_VALIDATION-I8-FLT-0075,sensor_fault,frozen_sensor,pressure,DWD-04928,dwd_dwd_south_upland,2023-03-24T20:00:00+00:00,2023-03-25T10:00:00+00:00,15,10023,frozen_sensor applied to one pressure sensor with a low-to-moderate severity ladder.,dwd,meteorological,10023,,
dwd_meteorological_s10023_validation,policy,DWD_METEOROLOGICAL_S10023_VALIDATION-I8-FLT-0076,sensor_fault,spike,temperature,DWD-01262,dwd_dwd_south_upland,2023-04-09T15:00:00+00:00,2023-04-09T15:00:00+00:00,1,10023,spike applied to one temperature sensor with a low-to-moderate severity ladder.,dwd,meteorological,10023,,
dwd_meteorological_s10023_validation,policy,DWD_METEOROLOGICAL_S10023_VALIDATION-I8-FLT-0077,sensor_fault,noise,humidity,DWD-04928,dwd_dwd_south_upland,2023-04-06T05:00:00+00:00,2023-04-07T04:00:00+00:00,24,10023,noise applied to one humidity sensor with a low-to-moderate severity ladder.,dwd,meteorological,10023,,
dwd_meteorological_s10023_validation,policy,DWD_METEOROLOGICAL_S10023_VALIDATION-I8-WX-0078,genuine_weather_scenario,regional_heatwave,"temperature,pressure,humidity","DWD-01078,DWD-01420,DWD-02667,DWD-04336",dwd_dwd_west_lowland,2023-04-06T21:00:00+00:00,2023-04-07T18:00:00+00:00,80,10023,Coherent regional_heatwave across at least three neighbour stations with causal spatial lag.,dwd,meteorological,10023,,
dwd_meteorological_s10023_validation,policy,DWD_METEOROLOGICAL_S10023_VALIDATION-I8-WX-0079,genuine_weather_scenario,regional_cold_surge,"temperature,pressure,humidity","DWD-01078,DWD-01420,DWD-02667,DWD-04336",dwd_dwd_west_lowland,2023-03-18T04:00:00+00:00,2023-03-19T09:00:00+00:00,114,10023,Coherent regional_cold_surge across at least three neighbour stations with causal spatial lag.,dwd,meteorological,10023,,
dwd_meteorological_s10023_validation,policy,DWD_METEOROLOGICAL_S10023_VALIDATION-I8-WX-0080,genuine_weather_scenario,pressure_front,"temperature,pressure,humidity","DWD-01078,DWD-01420,DWD-02667,DWD-04336",dwd_dwd_west_lowland,2023-03-14T20:00:00+00:00,2023-03-15T19:00:00+00:00,88,10023,Coherent pressure_front across at least three neighbour stations with causal spatial lag.,dwd,meteorological,10023,,
dwd_meteorological_s10023_validation,policy,DWD_METEOROLOGICAL_S10023_VALIDATION-I8-WX-0081,genuine_weather_scenario,humidity_surge,"temperature,pressure,humidity","DWD-01078,DWD-01420,DWD-02667,DWD-04336",dwd_dwd_west_lowland,2023-03-11T14:00:00+00:00,2023-03-12T08:00:00+00:00,70,10023,Coherent humidity_surge across at least three neighbour stations with causal spatial lag.,dwd,meteorological,10023,,
dwd_meteorological_s10023_validation,policy,DWD_METEOROLOGICAL_S10023_VALIDATION-I8-WX-0082,genuine_weather_scenario,dry_intrusion,"temperature,pressure,humidity","DWD-01078,DWD-01420,DWD-02667,DWD-04336",dwd_dwd_west_lowland,2023-04-11T05:00:00+00:00,2023-04-12T04:00:00+00:00,88,10023,Coherent dry_intrusion across at least three neighbour stations with causal spatial lag.,dwd,meteorological,10023,,
dwd_meteorological_s10023_validation,policy,DWD_METEOROLOGICAL_S10023_VALIDATION-I8-WX-0083,genuine_weather_scenario,multivariate_storm,"temperature,pressure,humidity","DWD-01078,DWD-01420,DWD-02667,DWD-04336",dwd_dwd_west_lowland,2023-04-13T16:00:00+00:00,2023-04-14T09:00:00+00:00,68,10023,Coherent multivariate_storm across at least three neighbour stations with causal spatial lag.,dwd,meteorological,10023,,
dwd_meteorological_s10023_validation,policy,DWD_METEOROLOGICAL_S10023_VALIDATION-I8-FLT-0084,sensor_fault,bias,pressure,DWD-01078,dwd_dwd_west_lowland,2023-03-15T18:00:00+00:00,2023-03-15T21:00:00+00:00,4,10023,bias applied to one pressure sensor with a low-to-moderate severity ladder.,dwd,meteorological,10023,,
dwd_meteorological_s10023_validation,policy,DWD_METEOROLOGICAL_S10023_VALIDATION-I8-FLT-0085,sensor_fault,drift,pressure,DWD-01420,dwd_dwd_west_lowland,2023-04-19T10:00:00+00:00,2023-04-20T22:00:00+00:00,37,10023,drift applied to one pressure sensor with a low-to-moderate severity ladder.,dwd,meteorological,10023,,
dwd_meteorological_s10023_validation,policy,DWD_METEOROLOGICAL_S10023_VALIDATION-I8-FLT-0086,sensor_fault,frozen_sensor,humidity,DWD-02667,dwd_dwd_west_lowland,2023-03-27T11:00:00+00:00,2023-03-29T03:00:00+00:00,41,10023,frozen_sensor applied to one humidity sensor with a low-to-moderate severity ladder.,dwd,meteorological,10023,,
dwd_meteorological_s10023_validation,policy,DWD_METEOROLOGICAL_S10023_VALIDATION-I8-FLT-0087,sensor_fault,spike,humidity,DWD-02667,dwd_dwd_west_lowland,2023-03-21T05:00:00+00:00,2023-03-21T05:00:00+00:00,1,10023,spike applied to one humidity sensor with a low-to-moderate severity ladder.,dwd,meteorological,10023,,
dwd_meteorological_s10023_validation,policy,DWD_METEOROLOGICAL_S10023_VALIDATION-I8-FLT-0088,sensor_fault,noise,pressure,DWD-02667,dwd_dwd_west_lowland,2023-03-29T04:00:00+00:00,2023-03-30T08:00:00+00:00,29,10023,noise applied to one pressure sensor with a low-to-moderate severity ladder.,dwd,meteorological,10023,,
dwd_meteorological_s10023_validation,discovery,DWD_METEOROLOGICAL_S10023_VALIDATION-I8-WX-0089,genuine_weather_scenario,regional_heatwave,"temperature,pressure,humidity","DWD-00433,DWD-01048,DWD-01684,DWD-03987",dwd_dwd_east_continental,2023-07-24T09:00:00+00:00,2023-07-25T14:00:00+00:00,114,10023,Coherent regional_heatwave across at least three neighbour stations with causal spatial lag.,dwd,meteorological,10023,,
dwd_meteorological_s10023_validation,discovery,DWD_METEOROLOGICAL_S10023_VALIDATION-I8-WX-0090,genuine_weather_scenario,regional_cold_surge,"temperature,pressure,humidity","DWD-00433,DWD-01048,DWD-01684,DWD-03987",dwd_dwd_east_continental,2023-05-11T16:00:00+00:00,2023-05-12T07:00:00+00:00,56,10023,Coherent regional_cold_surge across at least three neighbour stations with causal spatial lag.,dwd,meteorological,10023,,
dwd_meteorological_s10023_validation,discovery,DWD_METEOROLOGICAL_S10023_VALIDATION-I8-WX-0091,genuine_weather_scenario,pressure_front,"temperature,pressure,humidity","DWD-00433,DWD-01048,DWD-01684,DWD-03987",dwd_dwd_east_continental,2023-05-16T10:00:00+00:00,2023-05-17T01:00:00+00:00,58,10023,Coherent pressure_front across at least three neighbour stations with causal spatial lag.,dwd,meteorological,10023,,
dwd_meteorological_s10023_validation,discovery,DWD_METEOROLOGICAL_S10023_VALIDATION-I8-WX-0092,genuine_weather_scenario,humidity_surge,"temperature,pressure,humidity","DWD-00433,DWD-01048,DWD-01684,DWD-03987",dwd_dwd_east_continental,2023-05-20T12:00:00+00:00,2023-05-21T15:00:00+00:00,106,10023,Coherent humidity_surge across at least three neighbour stations with causal spatial lag.,dwd,meteorological,10023,,
dwd_meteorological_s10023_validation,discovery,DWD_METEOROLOGICAL_S10023_VALIDATION-I8-WX-0093,genuine_weather_scenario,dry_intrusion,"temperature,pressure,humidity","DWD-00433,DWD-01048,DWD-01684,DWD-03987",dwd_dwd_east_continental,2023-05-13T18:00:00+00:00,2023-05-14T12:00:00+00:00,70,10023,Coherent dry_intrusion across at least three neighbour stations with causal spatial lag.,dwd,meteorological,10023,,
dwd_meteorological_s10023_validation,discovery,DWD_METEOROLOGICAL_S10023_VALIDATION-I8-WX-0094,genuine_weather_scenario,multivariate_storm,"temperature,pressure,humidity","DWD-00433,DWD-01048,DWD-01684,DWD-03987",dwd_dwd_east_continental,2023-07-05T01:00:00+00:00,2023-07-06T07:00:00+00:00,116,10023,Coherent multivariate_storm across at least three neighbour stations with causal spatial lag.,dwd,meteorological,10023,,
dwd_meteorological_s10023_validation,discovery,DWD_METEOROLOGICAL_S10023_VALIDATION-I8-FLT-0095,sensor_fault,bias,pressure,DWD-03987,dwd_dwd_east_continental,2023-07-27T02:00:00+00:00,2023-07-27T22:00:00+00:00,21,10023,bias applied to one pressure sensor with a low-to-moderate severity ladder.,dwd,meteorological,10023,,
dwd_meteorological_s10023_validation,discovery,DWD_METEOROLOGICAL_S10023_VALIDATION-I8-FLT-0096,sensor_fault,drift,humidity,DWD-01048,dwd_dwd_east_continental,2023-08-06T02:00:00+00:00,2023-08-07T08:00:00+00:00,31,10023,drift applied to one humidity sensor with a low-to-moderate severity ladder.,dwd,meteorological,10023,,
dwd_meteorological_s10023_validation,discovery,DWD_METEOROLOGICAL_S10023_VALIDATION-I8-FLT-0097,sensor_fault,frozen_sensor,temperature,DWD-00433,dwd_dwd_east_continental,2023-05-21T14:00:00+00:00,2023-05-22T02:00:00+00:00,13,10023,frozen_sensor applied to one temperature sensor with a low-to-moderate severity ladder.,dwd,meteorological,10023,,
dwd_meteorological_s10023_validation,discovery,DWD_METEOROLOGICAL_S10023_VALIDATION-I8-FLT-0098,sensor_fault,spike,temperature,DWD-00433,dwd_dwd_east_continental,2023-06-13T02:00:00+00:00,2023-06-13T02:00:00+00:00,1,10023,spike applied to one temperature sensor with a low-to-moderate severity ladder.,dwd,meteorological,10023,,
dwd_meteorological_s10023_validation,discovery,DWD_METEOROLOGICAL_S10023_VALIDATION-I8-FLT-0099,sensor_fault,noise,pressure,DWD-01048,dwd_dwd_east_continental,2023-07-08T22:00:00+00:00,2023-07-10T03:00:00+00:00,30,10023,noise applied to one pressure sensor with a low-to-moderate severity ladder.,dwd,meteorological,10023,,
dwd_meteorological_s10023_validation,discovery,DWD_METEOROLOGICAL_S10023_VALIDATION-I8-WX-0100,genuine_weather_scenario,regional_heatwave,"temperature,pressure,humidity","DWD-01975,DWD-03032,DWD-04271,DWD-05839",dwd_dwd_north_coastal,2023-06-10T18:00:00+00:00,2023-06-11T09:00:00+00:00,56,10023,Coherent regional_heatwave across at least three neighbour stations with causal spatial lag.,dwd,meteorological,10023,,
dwd_meteorological_s10023_validation,discovery,DWD_METEOROLOGICAL_S10023_VALIDATION-I8-WX-0101,genuine_weather_scenario,regional_cold_surge,"temperature,pressure,humidity","DWD-01975,DWD-03032,DWD-04271,DWD-05839",dwd_dwd_north_coastal,2023-06-29T21:00:00+00:00,2023-07-01T03:00:00+00:00,116,10023,Coherent regional_cold_surge across at least three neighbour stations with causal spatial lag.,dwd,meteorological,10023,,
dwd_meteorological_s10023_validation,discovery,DWD_METEOROLOGICAL_S10023_VALIDATION-I8-WX-0102,genuine_weather_scenario,pressure_front,"temperature,pressure,humidity","DWD-01975,DWD-03032,DWD-04271,DWD-05839",dwd_dwd_north_coastal,2023-06-14T22:00:00+00:00,2023-06-16T03:00:00+00:00,114,10023,Coherent pressure_front across at least three neighbour stations with causal spatial lag.,dwd,meteorological,10023,,
dwd_meteorological_s10023_validation,discovery,DWD_METEOROLOGICAL_S10023_VALIDATION-I8-WX-0103,genuine_weather_scenario,humidity_surge,"temperature,pressure,humidity","DWD-01975,DWD-03032,DWD-04271,DWD-05839",dwd_dwd_north_coastal,2023-06-03T12:00:00+00:00,2023-06-04T04:00:00+00:00,62,10023,Coherent humidity_surge across at least three neighbour stations with causal spatial lag.,dwd,meteorological,10023,,
dwd_meteorological_s10023_validation,discovery,DWD_METEOROLOGICAL_S10023_VALIDATION-I8-WX-0104,genuine_weather_scenario,dry_intrusion,"temperature,pressure,humidity","DWD-01975,DWD-03032,DWD-04271,DWD-05839",dwd_dwd_north_coastal,2023-07-01T02:00:00+00:00,2023-07-02T01:00:00+00:00,88,10023,Coherent dry_intrusion across at least three neighbour stations with causal spatial lag.,dwd,meteorological,10023,,
dwd_meteorological_s10023_validation,discovery,DWD_METEOROLOGICAL_S10023_VALIDATION-I8-WX-0105,genuine_weather_scenario,multivariate_storm,"temperature,pressure,humidity","DWD-01975,DWD-03032,DWD-04271,DWD-05839",dwd_dwd_north_coastal,2023-05-11T13:00:00+00:00,2023-05-12T10:00:00+00:00,80,10023,Coherent multivariate_storm across at least three neighbour stations with causal spatial lag.,dwd,meteorological,10023,,
dwd_meteorological_s10023_validation,discovery,DWD_METEOROLOGICAL_S10023_VALIDATION-I8-FLT-0106,sensor_fault,bias,pressure,DWD-03032,dwd_dwd_north_coastal,2023-06-22T10:00:00+00:00,2023-06-24T12:00:00+00:00,51,10023,bias applied to one pressure sensor with a low-to-moderate severity ladder.,dwd,meteorological,10023,,
dwd_meteorological_s10023_validation,discovery,DWD_METEOROLOGICAL_S10023_VALIDATION-I8-FLT-0107,sensor_fault,drift,humidity,DWD-01975,dwd_dwd_north_coastal,2023-06-24T10:00:00+00:00,2023-06-25T14:00:00+00:00,29,10023,drift applied to one humidity sensor with a low-to-moderate severity ladder.,dwd,meteorological,10023,,
dwd_meteorological_s10023_validation,discovery,DWD_METEOROLOGICAL_S10023_VALIDATION-I8-FLT-0108,sensor_fault,frozen_sensor,temperature,DWD-03032,dwd_dwd_north_coastal,2023-06-17T17:00:00+00:00,2023-06-18T10:00:00+00:00,18,10023,frozen_sensor applied to one temperature sensor with a low-to-moderate severity ladder.,dwd,meteorological,10023,,
dwd_meteorological_s10023_validation,discovery,DWD_METEOROLOGICAL_S10023_VALIDATION-I8-FLT-0109,sensor_fault,spike,temperature,DWD-01975,dwd_dwd_north_coastal,2023-05-11T09:00:00+00:00,2023-05-11T09:00:00+00:00,1,10023,spike applied to one temperature sensor with a low-to-moderate severity ladder.,dwd,meteorological,10023,,
dwd_meteorological_s10023_validation,discovery,DWD_METEOROLOGICAL_S10023_VALIDATION-I8-FLT-0110,sensor_fault,noise,pressure,DWD-03032,dwd_dwd_north_coastal,2023-08-01T02:00:00+00:00,2023-08-01T17:00:00+00:00,16,10023,noise applied to one pressure sensor with a low-to-moderate severity ladder.,dwd,meteorological,10023,,
dwd_meteorological_s10023_validation,discovery,DWD_METEOROLOGICAL_S10023_VALIDATION-I8-WX-0111,genuine_weather_scenario,regional_heatwave,"temperature,pressure,humidity","DWD-00232,DWD-01262,DWD-02712,DWD-04928",dwd_dwd_south_upland,2023-07-19T21:00:00+00:00,2023-07-20T23:00:00+00:00,102,10023,Coherent regional_heatwave across at least three neighbour stations with causal spatial lag.,dwd,meteorological,10023,,
dwd_meteorological_s10023_validation,discovery,DWD_METEOROLOGICAL_S10023_VALIDATION-I8-WX-0112,genuine_weather_scenario,regional_cold_surge,"temperature,pressure,humidity","DWD-00232,DWD-01262,DWD-02712,DWD-04928",dwd_dwd_south_upland,2023-08-07T21:00:00+00:00,2023-08-08T10:00:00+00:00,50,10023,Coherent regional_cold_surge across at least three neighbour stations with causal spatial lag.,dwd,meteorological,10023,,
dwd_meteorological_s10023_validation,discovery,DWD_METEOROLOGICAL_S10023_VALIDATION-I8-WX-0113,genuine_weather_scenario,pressure_front,"temperature,pressure,humidity","DWD-00232,DWD-01262,DWD-02712,DWD-04928",dwd_dwd_south_upland,2023-07-19T07:00:00+00:00,2023-07-19T22:00:00+00:00,58,10023,Coherent pressure_front across at least three neighbour stations with causal spatial lag.,dwd,meteorological,10023,,
dwd_meteorological_s10023_validation,discovery,DWD_METEOROLOGICAL_S10023_VALIDATION-I8-WX-0114,genuine_weather_scenario,humidity_surge,"temperature,pressure,humidity","DWD-00232,DWD-01262,DWD-02712,DWD-04928",dwd_dwd_south_upland,2023-07-13T10:00:00+00:00,2023-07-14T05:00:00+00:00,74,10023,Coherent humidity_surge across at least three neighbour stations with causal spatial lag.,dwd,meteorological,10023,,
dwd_meteorological_s10023_validation,discovery,DWD_METEOROLOGICAL_S10023_VALIDATION-I8-WX-0115,genuine_weather_scenario,dry_intrusion,"temperature,pressure,humidity","DWD-00232,DWD-01262,DWD-02712,DWD-04928",dwd_dwd_south_upland,2023-06-25T21:00:00+00:00,2023-06-27T03:00:00+00:00,118,10023,Coherent dry_intrusion across at least three neighbour stations with causal spatial lag.,dwd,meteorological,10023,,
dwd_meteorological_s10023_validation,discovery,DWD_METEOROLOGICAL_S10023_VALIDATION-I8-WX-0116,genuine_weather_scenario,multivariate_storm,"temperature,pressure,humidity","DWD-00232,DWD-01262,DWD-02712,DWD-04928",dwd_dwd_south_upland,2023-06-20T13:00:00+00:00,2023-06-21T02:00:00+00:00,50,10023,Coherent multivariate_storm across at least three neighbour stations with causal spatial lag.,dwd,meteorological,10023,,
dwd_meteorological_s10023_validation,discovery,DWD_METEOROLOGICAL_S10023_VALIDATION-I8-FLT-0117,sensor_fault,bias,humidity,DWD-00232,dwd_dwd_south_upland,2023-06-10T20:00:00+00:00,2023-06-12T18:00:00+00:00,47,10023,bias applied to one humidity sensor with a low-to-moderate severity ladder.,dwd,meteorological,10023,,
dwd_meteorological_s10023_validation,discovery,DWD_METEOROLOGICAL_S10023_VALIDATION-I8-FLT-0118,sensor_fault,drift,pressure,DWD-04928,dwd_dwd_south_upland,2023-07-26T11:00:00+00:00,2023-07-26T20:00:00+00:00,10,10023,drift applied to one pressure sensor with a low-to-moderate severity ladder.,dwd,meteorological,10023,,
dwd_meteorological_s10023_validation,discovery,DWD_METEOROLOGICAL_S10023_VALIDATION-I8-FLT-0119,sensor_fault,frozen_sensor,temperature,DWD-04928,dwd_dwd_south_upland,2023-06-20T07:00:00+00:00,2023-06-21T13:00:00+00:00,19,10023,frozen_sensor applied to one temperature sensor with a low-to-moderate severity ladder.,dwd,meteorological,10023,,
dwd_meteorological_s10023_validation,discovery,DWD_METEOROLOGICAL_S10023_VALIDATION-I8-FLT-0120,sensor_fault,spike,humidity,DWD-01262,dwd_dwd_south_upland,2023-07-24T22:00:00+00:00,2023-07-24T22:00:00+00:00,1,10023,spike applied to one humidity sensor with a low-to-moderate severity ladder.,dwd,meteorological,10023,,
dwd_meteorological_s10023_validation,discovery,DWD_METEOROLOGICAL_S10023_VALIDATION-I8-FLT-0121,sensor_fault,noise,temperature,DWD-04928,dwd_dwd_south_upland,2023-06-11T23:00:00+00:00,2023-06-13T23:00:00+00:00,49,10023,noise applied to one temperature sensor with a low-to-moderate severity ladder.,dwd,meteorological,10023,,
dwd_meteorological_s10023_validation,discovery,DWD_METEOROLOGICAL_S10023_VALIDATION-I8-WX-0122,genuine_weather_scenario,regional_heatwave,"temperature,pressure,humidity","DWD-01078,DWD-01420,DWD-02667,DWD-04336",dwd_dwd_west_lowland,2023-05-09T17:00:00+00:00,2023-05-10T09:00:00+00:00,64,10023,Coherent regional_heatwave across at least three neighbour stations with causal spatial lag.,dwd,meteorological,10023,,
dwd_meteorological_s10023_validation,discovery,DWD_METEOROLOGICAL_S10023_VALIDATION-I8-WX-0123,genuine_weather_scenario,regional_cold_surge,"temperature,pressure,humidity","DWD-01078,DWD-01420,DWD-02667,DWD-04336",dwd_dwd_west_lowland,2023-07-07T19:00:00+00:00,2023-07-08T10:00:00+00:00,56,10023,Coherent regional_cold_surge across at least three neighbour stations with causal spatial lag.,dwd,meteorological,10023,,
dwd_meteorological_s10023_validation,discovery,DWD_METEOROLOGICAL_S10023_VALIDATION-I8-WX-0124,genuine_weather_scenario,pressure_front,"temperature,pressure,humidity","DWD-01078,DWD-01420,DWD-02667,DWD-04336",dwd_dwd_west_lowland,2023-05-19T00:00:00+00:00,2023-05-19T12:00:00+00:00,48,10023,Coherent pressure_front across at least three neighbour stations with causal spatial lag.,dwd,meteorological,10023,,
dwd_meteorological_s10023_validation,discovery,DWD_METEOROLOGICAL_S10023_VALIDATION-I8-WX-0125,genuine_weather_scenario,humidity_surge,"temperature,pressure,humidity","DWD-01078,DWD-01420,DWD-02667,DWD-04336",dwd_dwd_west_lowland,2023-08-18T02:00:00+00:00,2023-08-19T08:00:00+00:00,116,10023,Coherent humidity_surge across at least three neighbour stations with causal spatial lag.,dwd,meteorological,10023,,
dwd_meteorological_s10023_validation,discovery,DWD_METEOROLOGICAL_S10023_VALIDATION-I8-WX-0126,genuine_weather_scenario,dry_intrusion,"temperature,pressure,humidity","DWD-01078,DWD-01420,DWD-02667,DWD-04336",dwd_dwd_west_lowland,2023-05-07T09:00:00+00:00,2023-05-08T03:00:00+00:00,68,10023,Coherent dry_intrusion across at least three neighbour stations with causal spatial lag.,dwd,meteorological,10023,,
dwd_meteorological_s10023_validation,discovery,DWD_METEOROLOGICAL_S10023_VALIDATION-I8-WX-0127,genuine_weather_scenario,multivariate_storm,"temperature,pressure,humidity","DWD-01078,DWD-01420,DWD-02667,DWD-04336",dwd_dwd_west_lowland,2023-06-07T07:00:00+00:00,2023-06-08T02:00:00+00:00,74,10023,Coherent multivariate_storm across at least three neighbour stations with causal spatial lag.,dwd,meteorological,10023,,
dwd_meteorological_s10023_validation,discovery,DWD_METEOROLOGICAL_S10023_VALIDATION-I8-FLT-0128,sensor_fault,bias,humidity,DWD-01420,dwd_dwd_west_lowland,2023-08-06T19:00:00+00:00,2023-08-07T21:00:00+00:00,27,10023,bias applied to one humidity sensor with a low-to-moderate severity ladder.,dwd,meteorological,10023,,
dwd_meteorological_s10023_validation,discovery,DWD_METEOROLOGICAL_S10023_VALIDATION-I8-FLT-0129,sensor_fault,drift,pressure,DWD-01078,dwd_dwd_west_lowland,2023-07-18T05:00:00+00:00,2023-07-18T15:00:00+00:00,11,10023,drift applied to one pressure sensor with a low-to-moderate severity ladder.,dwd,meteorological,10023,,
dwd_meteorological_s10023_validation,discovery,DWD_METEOROLOGICAL_S10023_VALIDATION-I8-FLT-0130,sensor_fault,frozen_sensor,humidity,DWD-01078,dwd_dwd_west_lowland,2023-06-11T02:00:00+00:00,2023-06-11T11:00:00+00:00,10,10023,frozen_sensor applied to one humidity sensor with a low-to-moderate severity ladder.,dwd,meteorological,10023,,
dwd_meteorological_s10023_validation,discovery,DWD_METEOROLOGICAL_S10023_VALIDATION-I8-FLT-0131,sensor_fault,spike,humidity,DWD-01420,dwd_dwd_west_lowland,2023-07-31T08:00:00+00:00,2023-07-31T08:00:00+00:00,1,10023,spike applied to one humidity sensor with a low-to-moderate severity ladder.,dwd,meteorological,10023,,
dwd_meteorological_s10023_validation,discovery,DWD_METEOROLOGICAL_S10023_VALIDATION-I8-FLT-0132,sensor_fault,noise,pressure,DWD-01078,dwd_dwd_west_lowland,2023-07-02T18:00:00+00:00,2023-07-04T11:00:00+00:00,42,10023,noise applied to one pressure sensor with a low-to-moderate severity ladder.,dwd,meteorological,10023,,
dwd_meteorological_s10023_validation,confirmation,DWD_METEOROLOGICAL_S10023_VALIDATION-I8-WX-0133,genuine_weather_scenario,regional_heatwave,"temperature,pressure,humidity","DWD-00433,DWD-01048,DWD-01684,DWD-03987",dwd_dwd_east_continental,2023-10-04T15:00:00+00:00,2023-10-05T08:00:00+00:00,66,10023,Coherent regional_heatwave across at least three neighbour stations with causal spatial lag.,dwd,meteorological,10023,,
dwd_meteorological_s10023_validation,confirmation,DWD_METEOROLOGICAL_S10023_VALIDATION-I8-WX-0134,genuine_weather_scenario,regional_cold_surge,"temperature,pressure,humidity","DWD-00433,DWD-01048,DWD-01684,DWD-03987",dwd_dwd_east_continental,2023-10-20T12:00:00+00:00,2023-10-21T14:00:00+00:00,104,10023,Coherent regional_cold_surge across at least three neighbour stations with causal spatial lag.,dwd,meteorological,10023,,
dwd_meteorological_s10023_validation,confirmation,DWD_METEOROLOGICAL_S10023_VALIDATION-I8-WX-0135,genuine_weather_scenario,pressure_front,"temperature,pressure,humidity","DWD-00433,DWD-01048,DWD-01684,DWD-03987",dwd_dwd_east_continental,2023-09-21T15:00:00+00:00,2023-09-22T14:00:00+00:00,92,10023,Coherent pressure_front across at least three neighbour stations with causal spatial lag.,dwd,meteorological,10023,,
dwd_meteorological_s10023_validation,confirmation,DWD_METEOROLOGICAL_S10023_VALIDATION-I8-WX-0136,genuine_weather_scenario,humidity_surge,"temperature,pressure,humidity","DWD-00433,DWD-01048,DWD-01684,DWD-03987",dwd_dwd_east_continental,2023-09-23T10:00:00+00:00,2023-09-24T12:00:00+00:00,100,10023,Coherent humidity_surge across at least three neighbour stations with causal spatial lag.,dwd,meteorological,10023,,
dwd_meteorological_s10023_validation,confirmation,DWD_METEOROLOGICAL_S10023_VALIDATION-I8-WX-0137,genuine_weather_scenario,dry_intrusion,"temperature,pressure,humidity","DWD-00433,DWD-01048,DWD-01684,DWD-03987",dwd_dwd_east_continental,2023-11-12T16:00:00+00:00,2023-11-13T05:00:00+00:00,50,10023,Coherent dry_intrusion across at least three neighbour stations with causal spatial lag.,dwd,meteorological,10023,,
dwd_meteorological_s10023_validation,confirmation,DWD_METEOROLOGICAL_S10023_VALIDATION-I8-WX-0138,genuine_weather_scenario,multivariate_storm,"temperature,pressure,humidity","DWD-00433,DWD-01048,DWD-01684,DWD-03987",dwd_dwd_east_continental,2023-09-24T11:00:00+00:00,2023-09-25T08:00:00+00:00,80,10023,Coherent multivariate_storm across at least three neighbour stations with causal spatial lag.,dwd,meteorological,10023,,
dwd_meteorological_s10023_validation,confirmation,DWD_METEOROLOGICAL_S10023_VALIDATION-I8-FLT-0139,sensor_fault,bias,temperature,DWD-00433,dwd_dwd_east_continental,2023-11-13T06:00:00+00:00,2023-11-15T06:00:00+00:00,49,10023,bias applied to one temperature sensor with a low-to-moderate severity ladder.,dwd,meteorological,10023,,
dwd_meteorological_s10023_validation,confirmation,DWD_METEOROLOGICAL_S10023_VALIDATION-I8-FLT-0140,sensor_fault,drift,temperature,DWD-00433,dwd_dwd_east_continental,2023-11-28T06:00:00+00:00,2023-11-29T03:00:00+00:00,22,10023,drift applied to one temperature sensor with a low-to-moderate severity ladder.,dwd,meteorological,10023,,
dwd_meteorological_s10023_validation,confirmation,DWD_METEOROLOGICAL_S10023_VALIDATION-I8-FLT-0141,sensor_fault,frozen_sensor,humidity,DWD-03987,dwd_dwd_east_continental,2023-11-01T12:00:00+00:00,2023-11-02T17:00:00+00:00,30,10023,frozen_sensor applied to one humidity sensor with a low-to-moderate severity ladder.,dwd,meteorological,10023,,
dwd_meteorological_s10023_validation,confirmation,DWD_METEOROLOGICAL_S10023_VALIDATION-I8-FLT-0142,sensor_fault,spike,humidity,DWD-01684,dwd_dwd_east_continental,2023-12-01T00:00:00+00:00,2023-12-01T00:00:00+00:00,1,10023,spike applied to one humidity sensor with a low-to-moderate severity ladder.,dwd,meteorological,10023,,
dwd_meteorological_s10023_validation,confirmation,DWD_METEOROLOGICAL_S10023_VALIDATION-I8-FLT-0143,sensor_fault,noise,humidity,DWD-03987,dwd_dwd_east_continental,2023-09-11T06:00:00+00:00,2023-09-12T03:00:00+00:00,22,10023,noise applied to one humidity sensor with a low-to-moderate severity ladder.,dwd,meteorological,10023,,
dwd_meteorological_s10023_validation,confirmation,DWD_METEOROLOGICAL_S10023_VALIDATION-I8-WX-0144,genuine_weather_scenario,regional_heatwave,"temperature,pressure,humidity","DWD-01975,DWD-03032,DWD-04271,DWD-05839",dwd_dwd_north_coastal,2023-12-06T03:00:00+00:00,2023-12-07T00:00:00+00:00,82,10023,Coherent regional_heatwave across at least three neighbour stations with causal spatial lag.,dwd,meteorological,10023,,
dwd_meteorological_s10023_validation,confirmation,DWD_METEOROLOGICAL_S10023_VALIDATION-I8-WX-0145,genuine_weather_scenario,regional_cold_surge,"temperature,pressure,humidity","DWD-01975,DWD-03032,DWD-04271,DWD-05839",dwd_dwd_north_coastal,2023-10-22T05:00:00+00:00,2023-10-23T09:00:00+00:00,108,10023,Coherent regional_cold_surge across at least three neighbour stations with causal spatial lag.,dwd,meteorological,10023,,
dwd_meteorological_s10023_validation,confirmation,DWD_METEOROLOGICAL_S10023_VALIDATION-I8-WX-0146,genuine_weather_scenario,pressure_front,"temperature,pressure,humidity","DWD-01975,DWD-03032,DWD-04271,DWD-05839",dwd_dwd_north_coastal,2023-10-26T21:00:00+00:00,2023-10-28T02:00:00+00:00,114,10023,Coherent pressure_front across at least three neighbour stations with causal spatial lag.,dwd,meteorological,10023,,
dwd_meteorological_s10023_validation,confirmation,DWD_METEOROLOGICAL_S10023_VALIDATION-I8-WX-0147,genuine_weather_scenario,humidity_surge,"temperature,pressure,humidity","DWD-01975,DWD-03032,DWD-04271,DWD-05839",dwd_dwd_north_coastal,2023-12-07T00:00:00+00:00,2023-12-07T06:00:00+00:00,24,10023,Coherent humidity_surge across at least three neighbour stations with causal spatial lag.,dwd,meteorological,10023,,
dwd_meteorological_s10023_validation,confirmation,DWD_METEOROLOGICAL_S10023_VALIDATION-I8-WX-0148,genuine_weather_scenario,dry_intrusion,"temperature,pressure,humidity","DWD-01975,DWD-03032,DWD-04271,DWD-05839",dwd_dwd_north_coastal,2023-11-10T05:00:00+00:00,2023-11-10T23:00:00+00:00,70,10023,Coherent dry_intrusion across at least three neighbour stations with causal spatial lag.,dwd,meteorological,10023,,
dwd_meteorological_s10023_validation,confirmation,DWD_METEOROLOGICAL_S10023_VALIDATION-I8-WX-0149,genuine_weather_scenario,multivariate_storm,"temperature,pressure,humidity","DWD-01975,DWD-03032,DWD-04271,DWD-05839",dwd_dwd_north_coastal,2023-10-06T19:00:00+00:00,2023-10-07T23:00:00+00:00,110,10023,Coherent multivariate_storm across at least three neighbour stations with causal spatial lag.,dwd,meteorological,10023,,
dwd_meteorological_s10023_validation,confirmation,DWD_METEOROLOGICAL_S10023_VALIDATION-I8-FLT-0150,sensor_fault,bias,temperature,DWD-03032,dwd_dwd_north_coastal,2023-10-10T14:00:00+00:00,2023-10-11T10:00:00+00:00,21,10023,bias applied to one temperature sensor with a low-to-moderate severity ladder.,dwd,meteorological,10023,,
dwd_meteorological_s10023_validation,confirmation,DWD_METEOROLOGICAL_S10023_VALIDATION-I8-FLT-0151,sensor_fault,drift,pressure,DWD-03032,dwd_dwd_north_coastal,2023-10-21T11:00:00+00:00,2023-10-22T05:00:00+00:00,19,10023,drift applied to one pressure sensor with a low-to-moderate severity ladder.,dwd,meteorological,10023,,
dwd_meteorological_s10023_validation,confirmation,DWD_METEOROLOGICAL_S10023_VALIDATION-I8-FLT-0152,sensor_fault,frozen_sensor,pressure,DWD-05839,dwd_dwd_north_coastal,2023-10-17T06:00:00+00:00,2023-10-19T01:00:00+00:00,44,10023,frozen_sensor applied to one pressure sensor with a low-to-moderate severity ladder.,dwd,meteorological,10023,,
dwd_meteorological_s10023_validation,confirmation,DWD_METEOROLOGICAL_S10023_VALIDATION-I8-FLT-0153,sensor_fault,spike,pressure,DWD-05839,dwd_dwd_north_coastal,2023-10-20T05:00:00+00:00,2023-10-20T05:00:00+00:00,1,10023,spike applied to one pressure sensor with a low-to-moderate severity ladder.,dwd,meteorological,10023,,
dwd_meteorological_s10023_validation,confirmation,DWD_METEOROLOGICAL_S10023_VALIDATION-I8-FLT-0154,sensor_fault,noise,pressure,DWD-04271,dwd_dwd_north_coastal,2023-10-20T22:00:00+00:00,2023-10-22T00:00:00+00:00,27,10023,noise applied to one pressure sensor with a low-to-moderate severity ladder.,dwd,meteorological,10023,,
dwd_meteorological_s10023_validation,confirmation,DWD_METEOROLOGICAL_S10023_VALIDATION-I8-WX-0155,genuine_weather_scenario,regional_heatwave,"temperature,pressure,humidity","DWD-00232,DWD-01262,DWD-02712,DWD-04928",dwd_dwd_south_upland,2023-09-12T03:00:00+00:00,2023-09-13T02:00:00+00:00,90,10023,Coherent regional_heatwave across at least three neighbour stations with causal spatial lag.,dwd,meteorological,10023,,
dwd_meteorological_s10023_validation,confirmation,DWD_METEOROLOGICAL_S10023_VALIDATION-I8-WX-0156,genuine_weather_scenario,regional_cold_surge,"temperature,pressure,humidity","DWD-00232,DWD-01262,DWD-02712,DWD-04928",dwd_dwd_south_upland,2023-12-09T19:00:00+00:00,2023-12-10T09:00:00+00:00,54,10023,Coherent regional_cold_surge across at least three neighbour stations with causal spatial lag.,dwd,meteorological,10023,,
dwd_meteorological_s10023_validation,confirmation,DWD_METEOROLOGICAL_S10023_VALIDATION-I8-WX-0157,genuine_weather_scenario,pressure_front,"temperature,pressure,humidity","DWD-00232,DWD-01262,DWD-02712,DWD-04928",dwd_dwd_south_upland,2023-11-11T11:00:00+00:00,2023-11-12T07:00:00+00:00,78,10023,Coherent pressure_front across at least three neighbour stations with causal spatial lag.,dwd,meteorological,10023,,
dwd_meteorological_s10023_validation,confirmation,DWD_METEOROLOGICAL_S10023_VALIDATION-I8-WX-0158,genuine_weather_scenario,humidity_surge,"temperature,pressure,humidity","DWD-00232,DWD-01262,DWD-02712,DWD-04928",dwd_dwd_south_upland,2023-11-10T02:00:00+00:00,2023-11-11T00:00:00+00:00,84,10023,Coherent humidity_surge across at least three neighbour stations with causal spatial lag.,dwd,meteorological,10023,,
dwd_meteorological_s10023_validation,confirmation,DWD_METEOROLOGICAL_S10023_VALIDATION-I8-WX-0159,genuine_weather_scenario,dry_intrusion,"temperature,pressure,humidity","DWD-00232,DWD-01262,DWD-02712,DWD-04928",dwd_dwd_south_upland,2023-11-30T12:00:00+00:00,2023-12-01T13:00:00+00:00,96,10023,Coherent dry_intrusion across at least three neighbour stations with causal spatial lag.,dwd,meteorological,10023,,
dwd_meteorological_s10023_validation,confirmation,DWD_METEOROLOGICAL_S10023_VALIDATION-I8-WX-0160,genuine_weather_scenario,multivariate_storm,"temperature,pressure,humidity","DWD-00232,DWD-01262,DWD-02712,DWD-04928",dwd_dwd_south_upland,2023-10-16T18:00:00+00:00,2023-10-17T16:00:00+00:00,84,10023,Coherent multivariate_storm across at least three neighbour stations with causal spatial lag.,dwd,meteorological,10023,,
dwd_meteorological_s10023_validation,confirmation,DWD_METEOROLOGICAL_S10023_VALIDATION-I8-FLT-0161,sensor_fault,bias,temperature,DWD-01262,dwd_dwd_south_upland,2023-09-11T14:00:00+00:00,2023-09-13T05:00:00+00:00,18,10023,bias applied to one temperature sensor with a low-to-moderate severity ladder.,dwd,meteorological,10023,,
dwd_meteorological_s10023_validation,confirmation,DWD_METEOROLOGICAL_S10023_VALIDATION-I8-FLT-0162,sensor_fault,drift,temperature,DWD-04928,dwd_dwd_south_upland,2023-09-20T10:00:00+00:00,2023-09-21T23:00:00+00:00,38,10023,drift applied to one temperature sensor with a low-to-moderate severity ladder.,dwd,meteorological,10023,,
dwd_meteorological_s10023_validation,confirmation,DWD_METEOROLOGICAL_S10023_VALIDATION-I8-FLT-0163,sensor_fault,frozen_sensor,temperature,DWD-00232,dwd_dwd_south_upland,2023-09-26T22:00:00+00:00,2023-09-27T19:00:00+00:00,22,10023,frozen_sensor applied to one temperature sensor with a low-to-moderate severity ladder.,dwd,meteorological,10023,,
dwd_meteorological_s10023_validation,confirmation,DWD_METEOROLOGICAL_S10023_VALIDATION-I8-FLT-0164,sensor_fault,spike,pressure,DWD-01262,dwd_dwd_south_upland,2023-12-07T03:00:00+00:00,2023-12-07T03:00:00+00:00,1,10023,spike applied to one pressure sensor with a low-to-moderate severity ladder.,dwd,meteorological,10023,,
dwd_meteorological_s10023_validation,confirmation,DWD_METEOROLOGICAL_S10023_VALIDATION-I8-FLT-0165,sensor_fault,noise,humidity,DWD-04928,dwd_dwd_south_upland,2023-11-20T10:00:00+00:00,2023-11-22T15:00:00+00:00,54,10023,noise applied to one humidity sensor with a low-to-moderate severity ladder.,dwd,meteorological,10023,,
dwd_meteorological_s10023_validation,confirmation,DWD_METEOROLOGICAL_S10023_VALIDATION-I8-WX-0166,genuine_weather_scenario,regional_heatwave,"temperature,pressure,humidity","DWD-01078,DWD-01420,DWD-02667,DWD-04336",dwd_dwd_west_lowland,2023-12-07T19:00:00+00:00,2023-12-08T11:00:00+00:00,64,10023,Coherent regional_heatwave across at least three neighbour stations with causal spatial lag.,dwd,meteorological,10023,,
dwd_meteorological_s10023_validation,confirmation,DWD_METEOROLOGICAL_S10023_VALIDATION-I8-WX-0167,genuine_weather_scenario,regional_cold_surge,"temperature,pressure,humidity","DWD-01078,DWD-01420,DWD-02667,DWD-04336",dwd_dwd_west_lowland,2023-12-11T12:00:00+00:00,2023-12-12T07:00:00+00:00,74,10023,Coherent regional_cold_surge across at least three neighbour stations with causal spatial lag.,dwd,meteorological,10023,,
dwd_meteorological_s10023_validation,confirmation,DWD_METEOROLOGICAL_S10023_VALIDATION-I8-WX-0168,genuine_weather_scenario,pressure_front,"temperature,pressure,humidity","DWD-01078,DWD-01420,DWD-02667,DWD-04336",dwd_dwd_west_lowland,2023-11-29T03:00:00+00:00,2023-11-29T19:00:00+00:00,62,10023,Coherent pressure_front across at least three neighbour stations with causal spatial lag.,dwd,meteorological,10023,,
dwd_meteorological_s10023_validation,confirmation,DWD_METEOROLOGICAL_S10023_VALIDATION-I8-WX-0169,genuine_weather_scenario,humidity_surge,"temperature,pressure,humidity","DWD-01078,DWD-01420,DWD-02667,DWD-04336",dwd_dwd_west_lowland,2023-09-07T12:00:00+00:00,2023-09-08T17:00:00+00:00,109,10023,Coherent humidity_surge across at least three neighbour stations with causal spatial lag.,dwd,meteorological,10023,,
dwd_meteorological_s10023_validation,confirmation,DWD_METEOROLOGICAL_S10023_VALIDATION-I8-WX-0170,genuine_weather_scenario,dry_intrusion,"temperature,pressure,humidity","DWD-01078,DWD-01420,DWD-02667,DWD-04336",dwd_dwd_west_lowland,2023-09-26T02:00:00+00:00,2023-09-27T01:00:00+00:00,85,10023,Coherent dry_intrusion across at least three neighbour stations with causal spatial lag.,dwd,meteorological,10023,,
dwd_meteorological_s10023_validation,confirmation,DWD_METEOROLOGICAL_S10023_VALIDATION-I8-WX-0171,genuine_weather_scenario,multivariate_storm,"temperature,pressure,humidity","DWD-01078,DWD-01420,DWD-02667,DWD-04336",dwd_dwd_west_lowland,2023-10-31T03:00:00+00:00,2023-10-31T18:00:00+00:00,56,10023,Coherent multivariate_storm across at least three neighbour stations with causal spatial lag.,dwd,meteorological,10023,,
dwd_meteorological_s10023_validation,confirmation,DWD_METEOROLOGICAL_S10023_VALIDATION-I8-FLT-0172,sensor_fault,bias,pressure,DWD-04336,dwd_dwd_west_lowland,2023-12-03T16:00:00+00:00,2023-12-05T08:00:00+00:00,41,10023,bias applied to one pressure sensor with a low-to-moderate severity ladder.,dwd,meteorological,10023,,
dwd_meteorological_s10023_validation,confirmation,DWD_METEOROLOGICAL_S10023_VALIDATION-I8-FLT-0173,sensor_fault,drift,pressure,DWD-04336,dwd_dwd_west_lowland,2023-12-20T13:00:00+00:00,2023-12-21T18:00:00+00:00,30,10023,drift applied to one pressure sensor with a low-to-moderate severity ladder.,dwd,meteorological,10023,,
dwd_meteorological_s10023_validation,confirmation,DWD_METEOROLOGICAL_S10023_VALIDATION-I8-FLT-0174,sensor_fault,frozen_sensor,pressure,DWD-02667,dwd_dwd_west_lowland,2023-11-25T00:00:00+00:00,2023-11-25T16:00:00+00:00,17,10023,frozen_sensor applied to one pressure sensor with a low-to-moderate severity ladder.,dwd,meteorological,10023,,
dwd_meteorological_s10023_validation,confirmation,DWD_METEOROLOGICAL_S10023_VALIDATION-I8-FLT-0175,sensor_fault,spike,pressure,DWD-04336,dwd_dwd_west_lowland,2023-10-14T23:00:00+00:00,2023-10-14T23:00:00+00:00,1,10023,spike applied to one pressure sensor with a low-to-moderate severity ladder.,dwd,meteorological,10023,,
dwd_meteorological_s10023_validation,confirmation,DWD_METEOROLOGICAL_S10023_VALIDATION-I8-FLT-0176,sensor_fault,noise,pressure,DWD-01420,dwd_dwd_west_lowland,2023-11-24T10:00:00+00:00,2023-11-24T19:00:00+00:00,10,10023,noise applied to one pressure sensor with a low-to-moderate severity ladder.,dwd,meteorological,10023,,
dwd_operational_s10023_calibration,calibration,DWD_OPERATIONAL_S10023_CALIBRATION-FLT-0001,sensor_fault,drift,pressure,DWD-01975,,2023-01-11T14:00:00Z,2023-01-13T21:00:00Z,56,10023,Gradual pressure drift ending at 17.23 from baseline.,dwd,operational,10023,low,emit
dwd_operational_s10023_calibration,calibration,DWD_OPERATIONAL_S10023_CALIBRATION-FLT-0002,sensor_fault,unit_error,temperature,DWD-01420,,2023-01-18T03:00:00Z,2023-01-18T03:00:00Z,1,10023,Celsius temperature is interpreted and emitted as Fahrenheit.,dwd,operational,10023,high,emit
dwd_operational_s10023_calibration,calibration,DWD_OPERATIONAL_S10023_CALIBRATION-FLT-0003,sensor_fault,communication_corruption,"temperature,pressure,humidity",DWD-00433,,2023-01-24T06:00:00Z,2023-01-24T08:00:00Z,3,10023,Communication corruption replaces all primary values with implausible numbers.,dwd,operational,10023,medium,emit
dwd_operational_s10023_calibration,calibration,DWD_OPERATIONAL_S10023_CALIBRATION-FLT-0004,sensor_fault,spike,pressure,DWD-04336,,2023-01-19T16:00:00Z,2023-01-19T16:00:00Z,1,10023,Single-reading pressure spike of 44.68.,dwd,operational,10023,medium,emit
dwd_operational_s10023_calibration,calibration,DWD_OPERATIONAL_S10023_CALIBRATION-FLT-0005,sensor_fault,sudden_drop,humidity,DWD-04336,,2023-02-02T17:00:00Z,2023-02-02T17:00:00Z,1,10023,Single-reading humidity drop of 57.73.,dwd,operational,10023,low,emit
dwd_operational_s10023_calibration,calibration,DWD_OPERATIONAL_S10023_CALIBRATION-FLT-0006,sensor_fault,dropout,communication,DWD-01684,,2023-02-08T11:00:00Z,2023-02-09T08:00:00Z,22,10023,Consecutive station records are removed from the emitted stream.,dwd,operational,10023,low,drop
dwd_operational_s10023_calibration,calibration,DWD_OPERATIONAL_S10023_CALIBRATION-FLT-0007,sensor_fault,frozen_sensor,pressure,DWD-02667,,2023-01-19T10:00:00Z,2023-01-20T19:00:00Z,34,10023,Pressure frozen at 1005.84 for the episode.,dwd,operational,10023,medium,emit
dwd_operational_s10023_calibration,calibration,DWD_OPERATIONAL_S10023_CALIBRATION-FLT-0008,sensor_fault,multi_sensor_failure,"temperature,pressure,humidity",DWD-00232,,2023-02-04T19:00:00Z,2023-02-05T09:00:00Z,15,10023,All primary sensors remain constant across the episode.,dwd,operational,10023,medium,emit
dwd_operational_s10023_calibration,calibration,DWD_OPERATIONAL_S10023_CALIBRATION-FLT-0009,sensor_fault,duplicate_packet,communication,DWD-03987,,2023-02-02T07:00:00Z,2023-02-02T08:00:00Z,2,10023,Selected station records are emitted twice by the replay engine.,dwd,operational,10023,medium,duplicate
dwd_operational_s10023_calibration,calibration,DWD_OPERATIONAL_S10023_CALIBRATION-FLT-0010,sensor_fault,noise,humidity,DWD-00433,,2023-02-19T09:00:00Z,2023-02-20T05:00:00Z,21,10023,Excessive zero-mean humidity noise with sigma 32.29.,dwd,operational,10023,medium,emit
dwd_operational_s10023_calibration,calibration,DWD_OPERATIONAL_S10023_CALIBRATION-FLT-0011,sensor_fault,timestamp_error,timestamp,DWD-01078,,2023-02-07T22:00:00Z,2023-02-07T23:00:00Z,2,10023,Selected timestamps are shifted by 10800 seconds.,dwd,operational,10023,high,timestamp_shift
dwd_operational_s10023_calibration,calibration,DWD_OPERATIONAL_S10023_CALIBRATION-FLT-0012,sensor_fault,bias,pressure,DWD-02667,,2023-02-12T09:00:00Z,2023-02-12T22:00:00Z,14,10023,Constant pressure bias of -10.84 across a contiguous episode.,dwd,operational,10023,medium,emit
dwd_operational_s10023_calibration,calibration,DWD_OPERATIONAL_S10023_CALIBRATION-FLT-0013,sensor_fault,scaling_error,pressure,DWD-00232,,2023-02-14T06:00:00Z,2023-02-14T06:00:00Z,1,10023,Pressure is multiplied by scaling factor 0.1.,dwd,operational,10023,low,emit
dwd_operational_s10023_calibration,calibration,DWD_OPERATIONAL_S10023_CALIBRATION-WX-0014,genuine_weather_scenario,regional_temperature_event,temperature,"DWD-00433,DWD-01048,DWD-01684,DWD-03987",,2023-01-14T01:00:00Z,2023-01-15T11:00:00Z,140,10023,Coherent regional temperature rise peaking near 5.69 °C across 4 stations.,dwd,operational,10023,event,emit
dwd_operational_s10023_calibration,calibration,DWD_OPERATIONAL_S10023_CALIBRATION-WX-0015,genuine_weather_scenario,regional_temperature_event,temperature,"DWD-01078,DWD-01420,DWD-02667,DWD-04336",,2023-01-27T16:00:00Z,2023-01-29T00:00:00Z,132,10023,Coherent regional temperature rise peaking near 5.57 °C across 4 stations.,dwd,operational,10023,event,emit
dwd_operational_s10023_calibration,calibration,DWD_OPERATIONAL_S10023_CALIBRATION-WX-0016,genuine_weather_scenario,regional_temperature_event,temperature,"DWD-00433,DWD-01048,DWD-01684,DWD-03987",,2023-01-20T08:00:00Z,2023-01-21T04:00:00Z,84,10023,Coherent regional temperature rise peaking near 6.93 °C across 4 stations.,dwd,operational,10023,event,emit
dwd_operational_s10023_calibration,calibration,DWD_OPERATIONAL_S10023_CALIBRATION-WX-0017,genuine_weather_scenario,regional_temperature_event,temperature,"DWD-00433,DWD-01048,DWD-01684,DWD-03987",,2023-01-23T08:00:00Z,2023-01-23T23:00:00Z,64,10023,Coherent regional temperature rise peaking near 3.92 °C across 4 stations.,dwd,operational,10023,event,emit
dwd_operational_s10023_policy,policy,DWD_OPERATIONAL_S10023_POLICY-FLT-0001,sensor_fault,bias,humidity,DWD-03987,,2023-03-11T01:00:00Z,2023-03-12T17:00:00Z,41,11020,Constant humidity bias of -12.70 across a contiguous episode.,dwd,operational,10023,medium,emit
dwd_operational_s10023_policy,policy,DWD_OPERATIONAL_S10023_POLICY-FLT-0002,sensor_fault,timestamp_error,timestamp,DWD-00232,,2023-04-16T04:00:00Z,2023-04-16T05:00:00Z,2,11020,Selected timestamps are shifted by 21600 seconds.,dwd,operational,10023,medium,timestamp_shift
dwd_operational_s10023_policy,policy,DWD_OPERATIONAL_S10023_POLICY-FLT-0003,sensor_fault,unit_error,temperature,DWD-01048,,2023-03-26T17:00:00Z,2023-03-26T17:00:00Z,1,11020,Celsius temperature is interpreted and emitted as Fahrenheit.,dwd,operational,10023,high,emit
dwd_operational_s10023_policy,policy,DWD_OPERATIONAL_S10023_POLICY-FLT-0004,sensor_fault,noise,pressure,DWD-01078,,2023-03-08T10:00:00Z,2023-03-08T22:00:00Z,13,11020,Excessive zero-mean pressure noise with sigma 5.83.,dwd,operational,10023,high,emit
dwd_operational_s10023_policy,policy,DWD_OPERATIONAL_S10023_POLICY-FLT-0005,sensor_fault,frozen_sensor,humidity,DWD-02712,,2023-04-11T08:00:00Z,2023-04-12T09:00:00Z,26,11020,Humidity frozen at 93.00 for the episode.,dwd,operational,10023,medium,emit
dwd_operational_s10023_policy,policy,DWD_OPERATIONAL_S10023_POLICY-FLT-0006,sensor_fault,drift,temperature,DWD-02667,,2023-04-21T06:00:00Z,2023-04-22T16:00:00Z,35,11020,Gradual temperature drift ending at -7.71 from baseline.,dwd,operational,10023,high,emit
dwd_operational_s10023_policy,policy,DWD_OPERATIONAL_S10023_POLICY-FLT-0007,sensor_fault,spike,pressure,DWD-03032,,2023-03-08T23:00:00Z,2023-03-08T23:00:00Z,1,11020,Single-reading pressure spike of 41.12.,dwd,operational,10023,high,emit
dwd_operational_s10023_policy,policy,DWD_OPERATIONAL_S10023_POLICY-FLT-0008,sensor_fault,duplicate_packet,communication,DWD-02667,,2023-04-18T04:00:00Z,2023-04-18T05:00:00Z,2,11020,Selected station records are emitted twice by the replay engine.,dwd,operational,10023,medium,duplicate
dwd_operational_s10023_policy,policy,DWD_OPERATIONAL_S10023_POLICY-FLT-0009,sensor_fault,multi_sensor_failure,"temperature,pressure,humidity",DWD-03032,,2023-03-08T21:00:00Z,2023-03-10T07:00:00Z,34,11020,All primary sensors remain constant across the episode.,dwd,operational,10023,medium,emit
dwd_operational_s10023_policy,policy,DWD_OPERATIONAL_S10023_POLICY-FLT-0010,sensor_fault,sudden_drop,pressure,DWD-01262,,2023-03-08T08:00:00Z,2023-03-08T08:00:00Z,1,11020,Single-reading pressure drop of 67.54.,dwd,operational,10023,medium,emit
dwd_operational_s10023_policy,policy,DWD_OPERATIONAL_S10023_POLICY-FLT-0011,sensor_fault,scaling_error,humidity,DWD-01420,,2023-03-23T01:00:00Z,2023-03-23T01:00:00Z,1,11020,Humidity is multiplied by scaling factor 0.01.,dwd,operational,10023,medium,emit
dwd_operational_s10023_policy,policy,DWD_OPERATIONAL_S10023_POLICY-FLT-0012,sensor_fault,dropout,communication,DWD-00232,,2023-03-31T03:00:00Z,2023-03-31T19:00:00Z,17,11020,Consecutive station records are removed from the emitted stream.,dwd,operational,10023,high,drop
dwd_operational_s10023_policy,policy,DWD_OPERATIONAL_S10023_POLICY-FLT-0013,sensor_fault,communication_corruption,"temperature,pressure,humidity",DWD-02667,,2023-03-26T18:00:00Z,2023-03-26T18:00:00Z,1,11020,Communication corruption replaces all primary values with implausible numbers.,dwd,operational,10023,high,emit
dwd_operational_s10023_policy,policy,DWD_OPERATIONAL_S10023_POLICY-WX-0014,genuine_weather_scenario,regional_temperature_event,temperature,"DWD-01078,DWD-01420,DWD-02667,DWD-04336",,2023-04-11T08:00:00Z,2023-04-12T03:00:00Z,80,11020,Coherent regional temperature rise peaking near 4.13 °C across 4 stations.,dwd,operational,10023,event,emit
dwd_operational_s10023_policy,policy,DWD_OPERATIONAL_S10023_POLICY-WX-0015,genuine_weather_scenario,regional_temperature_event,temperature,"DWD-00232,DWD-01262,DWD-02712,DWD-04928",,2023-03-29T18:00:00Z,2023-03-30T23:00:00Z,120,11020,Coherent regional temperature rise peaking near 6.83 °C across 4 stations.,dwd,operational,10023,event,emit
dwd_operational_s10023_policy,policy,DWD_OPERATIONAL_S10023_POLICY-WX-0016,genuine_weather_scenario,regional_temperature_event,temperature,"DWD-00433,DWD-01048,DWD-01684,DWD-03987",,2023-04-15T19:00:00Z,2023-04-16T07:00:00Z,52,11020,Coherent regional temperature rise peaking near 5.25 °C across 4 stations.,dwd,operational,10023,event,emit
dwd_operational_s10023_policy,policy,DWD_OPERATIONAL_S10023_POLICY-WX-0017,genuine_weather_scenario,regional_temperature_event,temperature,"DWD-01975,DWD-03032,DWD-04271,DWD-05839",,2023-04-06T06:00:00Z,2023-04-07T10:00:00Z,116,11020,Coherent regional temperature rise peaking near 7.14 °C across 4 stations.,dwd,operational,10023,event,emit
dwd_operational_s10023_discovery,discovery,DWD_OPERATIONAL_S10023_DISCOVERY-FLT-0001,sensor_fault,drift,pressure,DWD-01420,,2023-07-10T10:00:00Z,2023-07-12T06:00:00Z,45,12017,Gradual pressure drift ending at -23.97 from baseline.,dwd,operational,10023,low,emit
dwd_operational_s10023_discovery,discovery,DWD_OPERATIONAL_S10023_DISCOVERY-FLT-0002,sensor_fault,unit_error,temperature,DWD-01262,,2023-07-08T09:00:00Z,2023-07-08T09:00:00Z,1,12017,Celsius temperature is interpreted and emitted as Fahrenheit.,dwd,operational,10023,low,emit
dwd_operational_s10023_discovery,discovery,DWD_OPERATIONAL_S10023_DISCOVERY-FLT-0003,sensor_fault,sudden_drop,pressure,DWD-03987,,2023-06-08T22:00:00Z,2023-06-08T22:00:00Z,1,12017,Single-reading pressure drop of 77.03.,dwd,operational,10023,low,emit
dwd_operational_s10023_discovery,discovery,DWD_OPERATIONAL_S10023_DISCOVERY-FLT-0004,sensor_fault,duplicate_packet,communication,DWD-03032,,2023-08-22T20:00:00Z,2023-08-22T22:00:00Z,3,12017,Selected station records are emitted twice by the replay engine.,dwd,operational,10023,low,duplicate
dwd_operational_s10023_discovery,discovery,DWD_OPERATIONAL_S10023_DISCOVERY-FLT-0005,sensor_fault,scaling_error,pressure,DWD-00232,,2023-08-20T19:00:00Z,2023-08-20T19:00:00Z,1,12017,Pressure is multiplied by scaling factor 10.,dwd,operational,10023,high,emit
dwd_operational_s10023_discovery,discovery,DWD_OPERATIONAL_S10023_DISCOVERY-FLT-0006,sensor_fault,spike,temperature,DWD-01048,,2023-07-20T17:00:00Z,2023-07-20T17:00:00Z,1,12017,Single-reading temperature spike of 15.18.,dwd,operational,10023,high,emit
dwd_operational_s10023_discovery,discovery,DWD_OPERATIONAL_S10023_DISCOVERY-FLT-0007,sensor_fault,multi_sensor_failure,"temperature,pressure,humidity",DWD-00232,,2023-05-26T17:00:00Z,2023-05-27T14:00:00Z,22,12017,All primary sensors remain constant across the episode.,dwd,operational,10023,low,emit
dwd_operational_s10023_discovery,discovery,DWD_OPERATIONAL_S10023_DISCOVERY-FLT-0008,sensor_fault,dropout,communication,DWD-02667,,2023-06-14T08:00:00Z,2023-06-15T06:00:00Z,23,12017,Consecutive station records are removed from the emitted stream.,dwd,operational,10023,medium,drop
dwd_operational_s10023_discovery,discovery,DWD_OPERATIONAL_S10023_DISCOVERY-FLT-0009,sensor_fault,bias,pressure,DWD-04271,,2023-06-25T00:00:00Z,2023-06-25T21:00:00Z,22,12017,Constant pressure bias of -14.89 across a contiguous episode.,dwd,operational,10023,medium,emit
dwd_operational_s10023_discovery,discovery,DWD_OPERATIONAL_S10023_DISCOVERY-FLT-0010,sensor_fault,frozen_sensor,humidity,DWD-03032,,2023-07-22T03:00:00Z,2023-07-22T21:00:00Z,19,12017,Humidity frozen at 75.20 for the episode.,dwd,operational,10023,high,emit
dwd_operational_s10023_discovery,discovery,DWD_OPERATIONAL_S10023_DISCOVERY-FLT-0011,sensor_fault,timestamp_error,timestamp,DWD-01420,,2023-06-04T02:00:00Z,2023-06-04T02:00:00Z,1,12017,Selected timestamps are shifted by 14400 seconds.,dwd,operational,10023,medium,timestamp_shift
dwd_operational_s10023_discovery,discovery,DWD_OPERATIONAL_S10023_DISCOVERY-FLT-0012,sensor_fault,communication_corruption,"temperature,pressure,humidity",DWD-00433,,2023-08-01T16:00:00Z,2023-08-01T18:00:00Z,3,12017,Communication corruption replaces all primary values with implausible numbers.,dwd,operational,10023,medium,emit
dwd_operational_s10023_discovery,discovery,DWD_OPERATIONAL_S10023_DISCOVERY-FLT-0013,sensor_fault,noise,humidity,DWD-01420,,2023-07-25T16:00:00Z,2023-07-25T23:00:00Z,8,12017,Excessive zero-mean humidity noise with sigma 19.56.,dwd,operational,10023,high,emit
dwd_operational_s10023_discovery,discovery,DWD_OPERATIONAL_S10023_DISCOVERY-WX-0014,genuine_weather_scenario,regional_temperature_event,temperature,"DWD-01078,DWD-01420,DWD-02667,DWD-04336",,2023-06-10T10:00:00Z,2023-06-11T04:00:00Z,76,12017,Coherent regional temperature rise peaking near 4.28 °C across 4 stations.,dwd,operational,10023,event,emit
dwd_operational_s10023_discovery,discovery,DWD_OPERATIONAL_S10023_DISCOVERY-WX-0015,genuine_weather_scenario,regional_temperature_event,temperature,"DWD-01078,DWD-01420,DWD-02667,DWD-04336",,2023-08-16T16:00:00Z,2023-08-17T08:00:00Z,68,12017,Coherent regional temperature rise peaking near 5.76 °C across 4 stations.,dwd,operational,10023,event,emit
dwd_operational_s10023_discovery,discovery,DWD_OPERATIONAL_S10023_DISCOVERY-WX-0016,genuine_weather_scenario,regional_temperature_event,temperature,"DWD-00433,DWD-01048,DWD-01684,DWD-03987",,2023-05-06T03:00:00Z,2023-05-06T23:00:00Z,84,12017,Coherent regional temperature rise peaking near 3.26 °C across 4 stations.,dwd,operational,10023,event,emit
dwd_operational_s10023_discovery,discovery,DWD_OPERATIONAL_S10023_DISCOVERY-WX-0017,genuine_weather_scenario,regional_temperature_event,temperature,"DWD-01975,DWD-03032,DWD-04271,DWD-05839",,2023-06-23T11:00:00Z,2023-06-24T06:00:00Z,80,12017,Coherent regional temperature rise peaking near 7.04 °C across 4 stations.,dwd,operational,10023,event,emit
dwd_operational_s10023_confirmation,confirmation,DWD_OPERATIONAL_S10023_CONFIRMATION-FLT-0001,sensor_fault,communication_corruption,"temperature,pressure,humidity",DWD-01420,,2023-12-11T05:00:00Z,2023-12-11T05:00:00Z,1,13014,Communication corruption replaces all primary values with implausible numbers.,dwd,operational,10023,low,emit
dwd_operational_s10023_confirmation,confirmation,DWD_OPERATIONAL_S10023_CONFIRMATION-FLT-0002,sensor_fault,multi_sensor_failure,"temperature,pressure,humidity",DWD-01975,,2023-12-01T00:00:00Z,2023-12-02T08:00:00Z,33,13014,All primary sensors remain constant across the episode.,dwd,operational,10023,low,emit
dwd_operational_s10023_confirmation,confirmation,DWD_OPERATIONAL_S10023_CONFIRMATION-FLT-0003,sensor_fault,timestamp_error,timestamp,DWD-00232,,2023-11-12T02:00:00Z,2023-11-12T04:00:00Z,3,13014,Selected timestamps are shifted by 10800 seconds.,dwd,operational,10023,medium,timestamp_shift
dwd_operational_s10023_confirmation,confirmation,DWD_OPERATIONAL_S10023_CONFIRMATION-FLT-0004,sensor_fault,noise,humidity,DWD-04336,,2023-09-29T13:00:00Z,2023-09-30T05:00:00Z,17,13014,Excessive zero-mean humidity noise with sigma 28.52.,dwd,operational,10023,low,emit
dwd_operational_s10023_confirmation,confirmation,DWD_OPERATIONAL_S10023_CONFIRMATION-FLT-0005,sensor_fault,bias,pressure,DWD-04928,,2023-09-06T19:00:00Z,2023-09-07T12:00:00Z,18,13014,Constant pressure bias of 10.36 across a contiguous episode.,dwd,operational,10023,high,emit
dwd_operational_s10023_confirmation,confirmation,DWD_OPERATIONAL_S10023_CONFIRMATION-FLT-0006,sensor_fault,sudden_drop,temperature,DWD-04336,,2023-10-18T09:00:00Z,2023-10-18T09:00:00Z,1,13014,Single-reading temperature drop of 22.67.,dwd,operational,10023,low,emit
dwd_operational_s10023_confirmation,confirmation,DWD_OPERATIONAL_S10023_CONFIRMATION-FLT-0007,sensor_fault,unit_error,temperature,DWD-01078,,2023-10-09T05:00:00Z,2023-10-09T05:00:00Z,1,13014,Celsius temperature is interpreted and emitted as Fahrenheit.,dwd,operational,10023,low,emit
dwd_operational_s10023_confirmation,confirmation,DWD_OPERATIONAL_S10023_CONFIRMATION-FLT-0008,sensor_fault,scaling_error,pressure,DWD-03987,,2023-12-10T04:00:00Z,2023-12-10T04:00:00Z,1,13014,Pressure is multiplied by scaling factor 10.,dwd,operational,10023,high,emit
dwd_operational_s10023_confirmation,confirmation,DWD_OPERATIONAL_S10023_CONFIRMATION-FLT-0009,sensor_fault,frozen_sensor,temperature,DWD-01048,,2023-12-01T14:00:00Z,2023-12-02T05:00:00Z,16,13014,Temperature frozen at -1.10 for the episode.,dwd,operational,10023,high,emit
dwd_operational_s10023_confirmation,confirmation,DWD_OPERATIONAL_S10023_CONFIRMATION-FLT-0010,sensor_fault,spike,pressure,DWD-01048,,2023-10-12T21:00:00Z,2023-10-12T21:00:00Z,1,13014,Single-reading pressure spike of -49.19.,dwd,operational,10023,medium,emit
dwd_operational_s10023_confirmation,confirmation,DWD_OPERATIONAL_S10023_CONFIRMATION-FLT-0011,sensor_fault,dropout,communication,DWD-01078,,2023-09-26T21:00:00Z,2023-09-27T12:00:00Z,16,13014,Consecutive station records are removed from the emitted stream.,dwd,operational,10023,medium,drop
dwd_operational_s10023_confirmation,confirmation,DWD_OPERATIONAL_S10023_CONFIRMATION-FLT-0012,sensor_fault,drift,temperature,DWD-01078,,2023-10-15T18:00:00Z,2023-10-17T05:00:00Z,36,13014,Gradual temperature drift ending at 9.22 from baseline.,dwd,operational,10023,medium,emit
dwd_operational_s10023_confirmation,confirmation,DWD_OPERATIONAL_S10023_CONFIRMATION-FLT-0013,sensor_fault,duplicate_packet,communication,DWD-01684,,2023-12-18T19:00:00Z,2023-12-18T21:00:00Z,3,13014,Selected station records are emitted twice by the replay engine.,dwd,operational,10023,high,duplicate
dwd_operational_s10023_confirmation,confirmation,DWD_OPERATIONAL_S10023_CONFIRMATION-WX-0014,genuine_weather_scenario,regional_temperature_event,temperature,"DWD-01078,DWD-01420,DWD-02667,DWD-04336",,2023-11-15T16:00:00Z,2023-11-17T01:00:00Z,136,13014,Coherent regional temperature rise peaking near 6.67 °C across 4 stations.,dwd,operational,10023,event,emit
dwd_operational_s10023_confirmation,confirmation,DWD_OPERATIONAL_S10023_CONFIRMATION-WX-0015,genuine_weather_scenario,regional_temperature_event,temperature,"DWD-01078,DWD-01420,DWD-02667,DWD-04336",,2023-10-31T01:00:00Z,2023-11-01T10:00:00Z,136,13014,Coherent regional temperature rise peaking near 6.07 °C across 4 stations.,dwd,operational,10023,event,emit
dwd_operational_s10023_confirmation,confirmation,DWD_OPERATIONAL_S10023_CONFIRMATION-WX-0016,genuine_weather_scenario,regional_temperature_event,temperature,"DWD-01975,DWD-03032,DWD-04271,DWD-05839",,2023-09-27T12:00:00Z,2023-09-28T08:00:00Z,84,13014,Coherent regional temperature rise peaking near 7.25 °C across 4 stations.,dwd,operational,10023,event,emit
dwd_operational_s10023_confirmation,confirmation,DWD_OPERATIONAL_S10023_CONFIRMATION-WX-0017,genuine_weather_scenario,regional_temperature_event,temperature,"DWD-01975,DWD-03032,DWD-04271,DWD-05839",,2023-09-25T04:00:00Z,2023-09-26T01:00:00Z,88,13014,Coherent regional temperature rise peaking near 5.52 °C across 4 stations.,dwd,operational,10023,event,emit
