"STATION","DATE","SOURCE","LATITUDE","LONGITUDE","ELEVATION","NAME","REPORT_TYPE","CALL_SIGN","QUALITY_CONTROL","WND","CIG","VIS","TMP","DEW","SLP","AA1","AY1","AY2","GA1","GA2","GE1","GF1","KA1","KA2","MA1","MD1","MW1","REM","EQD"
"42137099999","2024-01-01T03:00:00","4","29.7","77.0333333","249.0","KARNAL, IN","FM-12","99999","V020","090,1,N,0010,1","00120,1,W,N","000500,1,9,9","+0088,1","+0088,1","10212,1",,"4,1,02,1","2,1,02,1","09,1,+99999,9,99,9",,"9,AGL   ,+99999,+99999","09,99,1,09,1,99,9,99999,9,99,9,99,9","240,M,+0117,1","240,N,+0081,1",,"9,9,999,9,+000,1","11,1","SYN08042137 31/93 90902 10088 20088 40212 71142 89/// 333 10117 20081 58000 555 10000=",
"42137099999","2024-01-02T03:00:00","4","29.7","77.0333333","249.0","KARNAL, IN","FM-12","99999","V020","999,9,C,0000,1","00240,1,W,N","001000,1,9,9","+0086,1","+0082,1","10205,1",,"4,1,02,1","2,1,02,1","09,1,+99999,9,99,9",,"9,AGL   ,+99999,+99999","09,99,1,09,1,99,9,99999,9,99,9,99,9","240,M,+0108,1","240,N,+0080,1",,"9,9,999,9,-007,1","10,1","SYN08042137 31/94 90000 10086 20082 40205 71042 89/// 333 10108 20080 59007 555 10000=",
"42137099999","2024-01-03T03:00:00","4","29.7","77.0333333","249.0","KARNAL, IN","FM-12","99999","V020","999,9,C,0000,1","00060,1,W,N","000200,1,9,9","+0090,1","+0090,1","10200,1",,"4,1,02,1","4,1,02,1","09,1,+99999,9,99,9",,"9,AGL   ,+99999,+99999","09,99,1,09,1,99,9,99999,9,99,9,99,9","240,M,+0109,1","240,N,+0077,1",,"9,9,999,9,-004,1","45,1","SYN08042137 31/92 90000 10090 20090 40200 74544 89/// 333 10109 20077 59004 555 10000=",
"42137099999","2024-01-04T03:00:00","4","29.7","77.0333333","249.0","KARNAL, IN","FM-12","99999","V020","999,9,C,0000,1","00030,1,W,N","000050,1,9,9","+0074,1","+0074,1","10213,1",,"4,1,02,1","4,1,02,1","09,1,+99999,9,99,9",,"9,AGL   ,+99999,+99999","09,99,1,09,1,99,9,99999,9,99,9,99,9","240,M,+0158,1","240,N,+0065,1",,"9,9,999,9,+011,1","45,1","SYN08042137 31/91 90000 10074 20074 40213 74544 89/// 333 10158 20065 58011 555 10000=",
"42137099999","2024-01-05T03:00:00","4","29.7","77.0333333","249.0","KARNAL, IN","FM-12","99999","V020","999,9,C,0000,1","00030,1,W,N","000050,1,9,9","+0072,1","+0072,1","10206,1",,"4,1,02,1","4,1,02,1","09,1,+99999,9,99,9",,"9,AGL   ,+99999,+99999","09,99,1,09,1,99,9,99999,9,99,9,99,9","240,M,+0102,1","240,N,+0063,1",,"9,9,999,9,-005,1","45,1","SYN08042137 31/91 90000 10072 20072 40206 74544 89/// 333 10102 20063 59005 555 10000=",
"42137099999","2024-01-06T03:00:00","4","29.7","77.0333333","249.0","KARNAL, IN","FM-12","99999","V020","999,9,C,0000,1","00030,1,W,N","000050,1,9,9","+0082,1","+0082,1","10226,1",,"4,1,02,1","4,1,02,1","09,1,+99999,9,99,9",,"9,AGL   ,+99999,+99999","09,99,1,09,1,99,9,99999,9,99,9,99,9","240,M,+0093,1","240,N,+0072,1",,"9,9,999,9,+018,1","45,1","SYN08042137 31/91 90000 10082 20082 40226 74544 89/// 333 10093 20072 58018 555 10000=",
"42137099999","2024-01-09T03:00:00","4","29.7","77.0333333","249.0","KARNAL, IN","FM-12","99999","V020","999,9,C,0000,1","00030,1,W,N","000050,1,9,9","+0080,1","+0080,1","10221,1",,"4,1,02,1","4,1,02,1","09,1,+99999,9,99,9",,"9,AGL   ,+99999,+99999","09,99,1,09,1,99,9,99999,9,99,9,99,9","240,M,+0112,1","240,N,+0072,1",,"9,9,999,9,-012,1","45,1","SYN08042137 31/91 90000 10080 20080 40221 74544 89/// 333 10112 20072 59012 555 10000=",
"42137099999","2024-01-10T03:00:00","4","29.7","77.0333333","249.0","KARNAL, IN","FM-12","99999","V020","999,9,C,0000,1","00120,1,W,N","000500,1,9,9","+0070,1","+0061,1","10217,1",,"4,1,02,1","2,1,02,1","09,1,+99999,9,99,9",,"9,AGL   ,+99999,+99999","09,99,1,09,1,99,9,99999,9,99,9,99,9","240,M,+0106,1","240,N,+0060,1",,"9,9,999,9,-005,1","43,1","SYN08042137 31/93 90000 10070 20061 40217 74342 89/// 333 10106 20060 59005 555 10000=",
"42137099999","2024-01-11T03:00:00","4","29.7","77.0333333","249.0","KARNAL, IN","FM-12","99999","V020","999,9,V,0010,1","00120,1,W,N","000500,1,9,9","+0076,1","+0063,1","10220,1",,"4,1,02,1","2,1,02,1","09,1,+99999,9,99,9",,"9,AGL   ,+99999,+99999","09,99,1,09,1,99,9,99999,9,99,9,99,9","240,M,+0114,1","240,N,+0069,1",,"9,9,999,9,+004,1","12,1","SYN08042137 31/93 99902 10076 20063 40220 71242 89/// 333 10114 20069 58004 555 10000=",
"42137099999","2024-01-12T03:00:00","4","29.7","77.0333333","249.0","KARNAL, IN","FM-12","99999","V020","999,9,C,0000,1","00060,1,W,N","000200,1,9,9","+0056,1","+0056,1","10203,1",,"4,1,02,1","2,1,02,1","09,1,+99999,9,99,9",,"9,AGL   ,+99999,+99999","09,99,1,09,1,99,9,99999,9,99,9,99,9","240,M,+0126,1","240,N,+0040,1",,"9,9,999,9,-019,1","43,1","SYN08042137 31/92 90000 10056 20056 40203 74342 89/// 333 10126 20040 59019 555 10000=",
"42137099999","2024-01-13T03:00:00","4","29.7","77.0333333","249.0","KARNAL, IN","FM-12","99999","V020","999,9,C,0000,1","00060,1,W,N","000200,1,9,9","+0070,1","+0070,1","10194,1",,"4,1,02,1","2,1,02,1","09,1,+99999,9,99,9",,"9,AGL   ,+99999,+99999","09,99,1,09,1,99,9,99999,9,99,9,99,9","240,M,+0118,1","240,N,+0057,1",,"9,9,999,9,-007,1","43,1","SYN08042137 31/92 90000 10070 20070 40194 74342 89/// 333 10118 20057 59007 555 10000=",
"42137099999","2024-01-15T03:00:00","4","29.7","77.0333333","249.0","KARNAL, IN","FM-12","99999","V020","999,9,C,0000,1","00030,1,W,N","000050,1,9,9","+0038,1","+0038,1","10196,1",,"4,1,02,1","4,1,02,1","09,1,+99999,9,99,9",,"9,AGL   ,+99999,+99999","09,99,1,09,1,99,9,99999,9,99,9,99,9","240,M,+0136,1","240,N,+0031,1",,"9,9,999,9,+000,1","45,1","SYN08042137 31/91 90000 10038 20038 40196 74544 89/// 333 10136 20031 58000 555 10000=",
"42137099999","2024-01-16T03:00:00","4","29.7","77.0333333","249.0","KARNAL, IN","FM-12","99999","V020","999,9,C,0000,1","00030,1,W,N","000049,1,9,9","+0040,1","+0040,1","10175,1",,"4,1,02,1","4,1,02,1","09,1,+99999,9,99,9",,"9,AGL   ,+99999,+99999","09,99,1,09,1,99,9,99999,9,99,9,99,9","240,M,+0148,1","240,N,+0032,1",,"9,9,999,9,-020,1","45,1","SYN08042137 31/90 90000 10040 20040 40175 74544 89/// 333 10148 20032 59020 555 10017=",
"42137099999","2024-01-20T03:00:00","4","29.7","77.0333333","249.0","KARNAL, IN","FM-12","99999","V020","999,9,C,0000,1","00120,1,W,N","000500,1,9,9","+0096,1","+0084,1","10212,1",,"4,1,02,1","2,1,02,1","09,1,+99999,9,99,9",,"9,AGL   ,+99999,+99999","09,99,1,09,1,99,9,99999,9,99,9,99,9","240,M,+0124,1","240,N,+0086,1",,"9,9,999,9,+000,1","12,1","SYN08042137 31/93 90000 10096 20084 40212 71242 89/// 333 10124 20086 58000 555 10000=",
"42137099999","2024-01-22T03:00:00","4","29.7","77.0333333","249.0","KARNAL, IN","FM-12","99999","V020","999,9,V,0010,1","00120,1,W,N","000500,1,9,9","+0076,1","+0063,1","10213,1",,"4,1,02,1","2,1,02,1","09,1,+99999,9,99,9",,"9,AGL   ,+99999,+99999","09,99,1,09,1,99,9,99999,9,99,9,99,9","240,M,+0114,1","240,N,+0068,1",,"9,9,999,9,+000,1","12,1","SYN08042137 31/93 99902 10076 20063 40213 71242 89/// 333 10114 20068 58000 555 10000=",
"42137099999","2024-01-23T03:00:00","4","29.7","77.0333333","249.0","KARNAL, IN","FM-12","99999","V020","999,9,C,0000,1","00030,1,W,N","000049,1,9,9","+0054,1","+0054,1","10214,1",,"4,1,02,1","4,1,02,1","09,1,+99999,9,99,9",,"9,AGL   ,+99999,+99999","09,99,1,09,1,99,9,99999,9,99,9,99,9","240,M,+0137,1","240,N,+0028,1",,"9,9,999,9,-001,1","45,1","SYN08042137 31/90 90000 10054 20054 40214 74544 89/// 333 10137 20028 59001 555 10000=",
"42137099999","2024-01-24T03:00:00","4","29.7","77.0333333","249.0","KARNAL, IN","FM-12","99999","V020","999,9,C,0000,1","00030,1,W,N","000050,1,9,9","+0070,1","+0070,1","10210,1",,"4,1,02,1","4,1,02,1","09,1,+99999,9,99,9",,"9,AGL   ,+99999,+99999","09,99,1,09,1,99,9,99999,9,99,9,99,9","240,M,+0090,1","240,N,+0061,1",,"9,9,999,9,-003,1","45,1","SYN08042137 31/91 90000 10070 20070 40210 74544 89/// 333 10090 20061 59003 555 10000=",
"42137099999","2024-01-25T03:00:00","4","29.7","77.0333333","249.0","KARNAL, IN","FM-12","99999","V020","999,9,C,0000,1","00030,1,W,N","000050,1,9,9","+0050,1","+0050,1","10234,1",,"4,1,02,1","4,1,02,1","09,1,+99999,9,99,9",,"9,AGL   ,+99999,+99999","09,99,1,09,1,99,9,99999,9,99,9,99,9","240,M,+0118,1","240,N,+0044,1",,"9,9,999,9,+022,1","45,1","SYN08042137 31/91 90000 10050 20050 40234 74544 89/// 333 10118 20044 58022 555 10000=",
"42137099999","2024-01-26T03:00:00","4","29.7","77.0333333","249.0","KARNAL, IN","FM-12","99999","V020","999,9,C,0000,1","00030,1,W,N","000049,1,9,9","+0056,1","+0056,1","10238,1",,"4,1,02,1","4,1,02,1","09,1,+99999,9,99,9",,"9,AGL   ,+99999,+99999","09,99,1,09,1,99,9,99999,9,99,9,99,9","240,M,+0137,1","240,N,+0039,1",,"9,9,999,9,+004,1","45,1","SYN08042137 31/90 90000 10056 20056 40238 74544 89/// 333 10137 20039 58004 555 10000=",
"42137099999","2024-01-27T03:00:00","4","29.7","77.0333333","249.0","KARNAL, IN","FM-12","99999","V020","270,1,N,0010,1","99999,9,9,N","000200,1,9,9","+0070,1","+0066,1","10207,1",,"4,1,02,1","2,1,02,1",,,,,"240,M,+0187,1","240,N,+0046,1",,"9,9,999,9,-028,1","12,1","SYN07442137 31992 02702 10070 20066 40207 71242 333 10187 20046 59028 555 10000=",
"42137099999","2024-01-29T03:00:00","4","29.7","77.0333333","249.0","KARNAL, IN","FM-12","99999","V020","999,9,C,0000,1","00030,1,W,N","000050,1,9,9","+0088,1","+0088,1","10204,1",,"4,1,02,1","4,1,02,1","09,1,+99999,9,99,9",,"9,AGL   ,+99999,+99999","09,99,1,09,1,99,9,99999,9,99,9,99,9","240,M,+0117,1","240,N,+0082,1",,"9,9,999,9,+000,1","45,1","SYN08042137 31/91 90000 10088 20088 40204 74544 89/// 333 10117 20082 58000 555 10000=",
"42137099999","2024-01-30T03:00:00","4","29.7","77.0333333","249.0","KARNAL, IN","FM-12","99999","V020","999,9,C,0000,1","00030,1,W,N","000049,1,9,9","+0098,1","+0098,1","10196,1",,"4,1,02,1","4,1,02,1","09,1,+99999,9,99,9",,"9,AGL   ,+99999,+99999","09,99,1,09,1,99,9,99999,9,99,9,99,9","240,M,+0196,1","240,N,+0090,1",,"9,9,999,9,-007,1","45,1","SYN08042137 31/90 90000 10098 20098 40196 74544 89/// 333 10196 20090 59007 555 10000=",
"42137099999","2024-01-31T03:00:00","4","29.7","77.0333333","249.0","KARNAL, IN","FM-12","99999","V020","360,1,N,0015,1","00030,1,W,N","000050,1,9,9","+0110,1","+0110,1","10194,1",,"4,1,02,1","4,1,02,1","09,1,+99999,9,99,9",,"9,AGL   ,+99999,+99999","09,99,1,09,1,99,9,99999,9,99,9,99,9","240,M,+0192,1","240,N,+0083,1",,"9,9,999,9,-001,1","45,1","SYN08042137 31/91 93603 10110 20110 40194 74544 89/// 333 10192 20083 59001 555 10000=",
"42137099999","2024-02-01T03:00:00","4","29.7","77.0333333","249.0","KARNAL, IN","FM-12","99999","V020","140,1,N,0021,1","99999,9,9,N","002000,1,9,9","+0136,1","+0132,1","10158,1","24,0120,3,1","2,1,02,1","2,1,02,1","04,1,+01250,1,06,1","99,9,+99999,9,05,1","9,AGL   ,+99999,+99999","07,99,1,04,1,99,9,01250,1,99,9,99,9","240,M,+0156,1","240,N,+0121,1",,"9,9,999,9,-032,1","10,1","SYN09242137 21695 71404 10136 20132 40158 71022 84420 333 10156 20121 59032 6012/ 555 00120 10012=",
"42137099999","2024-02-02T03:00:00","4","29.7","77.0333333","249.0","KARNAL, IN","FM-12","99999","V020","999,9,C,0000,1","99999,9,9,N","000200,1,9,9","+0090,1","+0090,1","10217,1",,"4,1,02,1","1,1,02,1",,,,,"240,M,+0172,1","240,N,+0072,1",,"9,9,999,9,+052,1","12,1","SYN07442137 31992 00000 10090 20090 40217 71241 333 10172 20072 58052 555 10012=",
"42137099999","2024-02-03T03:00:00","4","29.7","77.0333333","249.0","KARNAL, IN","FM-12","99999","V020","999,9,C,0000,1","99999,9,9,N","002000,1,9,9","+0088,1","+0057,1","10184,1",,"0,1,02,1","0,1,02,1",,,,,"240,M,+0185,1","240,N,+0054,1",,"9,9,999,9,-032,1","10,1","SYN07442137 31995 00000 10088 20057 40184 71000 333 10185 20054 59032 555 10012=",
"42137099999","2024-02-05T03:00:00","4","29.7","77.0333333","249.0","KARNAL, IN","FM-12","99999","V020","999,9,C,0000,1","00060,1,W,N","000200,1,9,9","+0142,1","+0138,1","10188,1",,"4,1,02,1","2,1,02,1","09,1,+99999,9,99,9",,"9,AGL   ,+99999,+99999","09,99,1,09,1,99,9,99999,9,99,9,99,9","240,M,+0190,1","240,N,+0135,1",,"9,9,999,9,+000,1","45,1","SYN08042137 31/92 90000 10142 20138 40188 74542 89/// 333 10190 20135 58000 555 10023=",
"42137099999","2024-02-06T03:00:00","4","29.7","77.0333333","249.0","KARNAL, IN","FM-12","99999","V020","270,1,N,0010,1","99999,9,9,N","001000,1,9,9","+0072,1","+0068,1","10212,1",,"0,1,02,1","0,1,02,1",,,,,"240,M,+0196,1","240,N,+0042,1",,"9,9,999,9,+016,1","10,1","SYN07442137 31994 02702 10072 20068 40212 71000 333 10196 20042 58016 555 10023=",
"42137099999","2024-02-07T03:00:00","4","29.7","77.0333333","249.0","KARNAL, IN","FM-12","99999","V020","999,9,C,0000,1","99999,9,9,N","002000,1,9,9","+0070,1","+0047,1","10213,1",,"0,1,02,1","0,1,02,1",,,,,"240,M,+0188,1","240,N,+0042,1",,"9,9,999,9,+000,1","10,1","SYN07442137 31995 00000 10070 20047 40213 71000 333 10188 20042 58000 555 10023=",
"42137099999","2024-02-08T03:00:00","4","29.7","77.0333333","249.0","KARNAL, IN","FM-12","99999","V020","290,1,N,0021,1","99999,9,9,N","002000,1,9,9","+0078,1","+0056,1","10205,1",,"0,1,02,1","0,1,02,1",,,,,"240,M,+0185,1","240,N,+0058,1",,"9,9,999,9,-007,1","10,1","SYN07442137 31995 02904 10078 20056 40205 71000 333 10185 20058 59007 555 10023=",
"42137099999","2024-02-09T03:00:00","4","29.7","77.0333333","249.0","KARNAL, IN","FM-12","99999","V020","290,1,N,0010,1","99999,9,9,N","001000,1,9,9","+0078,1","+0060,1","10200,1",,"0,1,02,1","0,1,02,1",,,,,"240,M,+0202,1","240,N,+0057,1",,"9,9,999,9,-004,1","10,1","SYN07442137 31994 02902 10078 20060 40200 71000 333 10202 20057 59004 555 10023=",
"42137099999","2024-02-10T03:00:00","4","29.7","77.0333333","249.0","KARNAL, IN","FM-12","99999","V020","999,9,C,0000,1","99999,9,9,N","001000,1,9,9","+0074,1","+0065,1","10239,1",,"0,1,02,1","0,1,02,1",,,,,"240,M,+0212,1","240,N,+0050,1",,"9,9,999,9,+037,1","10,1","SYN07442137 31994 00000 10074 20065 40239 71000 333 10212 20050 58037 555 10023=",
"42137099999","2024-02-12T03:00:00","4","29.7","77.0333333","249.0","KARNAL, IN","FM-12","99999","V020","999,9,C,0000,1","22000,1,9,N","000200,1,9,9","+0072,1","+0068,1","10223,1",,"4,1,02,1","2,1,02,1","04,1,+01250,1,06,1",,"9,AGL   ,+99999,+99999","04,99,1,04,1,99,9,01250,1,99,9,99,9","240,M,+0226,1","240,N,+0051,1",,"9,9,999,9,+000,1","42,1","SYN08042137 31692 40000 10072 20068 40223 74242 84400 333 10226 20051 58000 555 10023=",
"42137099999","2024-02-13T03:00:00","4","29.7","77.0333333","249.0","KARNAL, IN","FM-12","99999","V020","999,9,C,0000,1","99999,9,9,N","001000,1,9,9","+0130,1","+0111,1","10206,1",,"0,1,02,1","0,1,02,1",,,,,"240,M,+0217,1","240,N,+0094,1",,"9,9,999,9,-010,1","10,1","SYN07442137 31994 00000 10130 20111 40206 71000 333 10217 20094 59010 555 10023=",
"42137099999","2024-02-14T03:00:00","4","29.7","77.0333333","249.0","KARNAL, IN","FM-12","99999","V020","999,9,C,0000,1","99999,9,9,N","000200,1,9,9","+0076,1","+0076,1","10210,1",,"4,1,02,1","4,1,02,1",,,,,"240,M,+0242,1","240,N,+0059,1",,"9,9,999,9,-002,1","42,1","SYN07442137 31992 00000 10076 20076 40210 74244 333 10242 20059 59002 555 10023=",
"42137099999","2024-02-15T03:00:00","4","29.7","77.0333333","249.0","KARNAL, IN","FM-12","99999","V020","999,9,C,0000,1","99999,9,9,N","001000,1,9,9","+0104,1","+0092,1","10212,1",,"0,1,02,1","0,1,02,1",,,,,"240,M,+0240,1","240,N,+0077,1",,"9,9,999,9,+005,1","10,1","SYN07442137 31994 00000 10104 20092 40212 71000 333 10240 20077 58005 555 10023=",
"42137099999","2024-02-16T03:00:00","4","29.7","77.0333333","249.0","KARNAL, IN","FM-12","99999","V020","999,9,C,0000,1","99999,9,9,N","001000,1,9,9","+0096,1","+0084,1","10222,1",,"0,1,02,1","0,1,02,1",,,,,"240,M,+0237,1","240,N,+0058,1",,"9,9,999,9,+009,1","10,1","SYN07442137 31994 00000 10096 20084 40222 71000 333 10237 20058 58009 555 10023=",
"42137099999","2024-02-19T03:00:00","4","29.7","77.0333333","249.0","KARNAL, IN","FM-12","99999","V020","140,1,N,0015,1","99999,9,9,N","001000,1,9,9","+0156,1","+0135,1","10121,1",,"0,1,02,1","0,1,02,1",,,,,"240,M,+0260,1","240,N,+0142,1",,"9,9,999,9,+000,1","10,1","SYN07442137 31994 01403 10156 20135 40121 71000 333 10260 20142 58000 555 10023=",
"42137099999","2024-02-20T03:00:00","4","29.7","77.0333333","249.0","KARNAL, IN","FM-12","99999","V020","090,1,N,0010,1","99999,9,9,N","002000,1,9,9","+0156,1","+0135,1","10123,1","24,0030,3,1","2,1,02,1","2,1,02,1","04,1,+01250,1,06,1","99,9,+99999,9,05,1","9,AGL   ,+99999,+99999","07,99,1,04,1,99,9,01250,1,99,9,99,9","240,M,+0244,1","240,N,+0142,1",,"9,9,999,9,+002,1","10,1","SYN09242137 21695 70902 10156 20135 40123 71022 84420 333 10244 20142 58002 6003/ 555 00032 10026=",
"42137099999","2024-02-21T03:00:00","4","29.7","77.0333333","249.0","KARNAL, IN","FM-12","99999","V020","999,9,C,0000,1","99999,9,9,N","000200,1,9,9","+0148,1","+0144,1","10119,1",,"4,1,02,1","4,1,02,1","09,1,+99999,9,99,9",,"9,AGL   ,+99999,+99999","99,99,9,09,1,99,9,99999,9,99,9,99,9","240,M,+0246,1","240,N,+0136,1",,"9,9,999,9,-005,1","45,1","SYN08042137 31/92 00000 10148 20144 40119 74544 89/// 333 10246 20136 59005 555 10026=",
"42137099999","2024-02-22T03:00:00","4","29.7","77.0333333","249.0","KARNAL, IN","FM-12","99999","V020","999,9,C,0000,1","99999,9,9,N","002000,1,9,9","+0100,1","+0084,1","10145,1",,"0,1,02,1","0,1,02,1",,,,,"240,M,+0208,1","240,N,+0061,1",,"9,9,999,9,+021,1","10,1","SYN07442137 31995 00000 10100 20084 40145 71000 333 10208 20061 58021 555 10026=",
"42137099999","2024-02-23T03:00:00","4","29.7","77.0333333","249.0","KARNAL, IN","FM-12","99999","V020","999,9,C,0000,1","99999,9,9,N","002000,1,9,9","+0098,1","+0064,1","10178,1",,"0,1,02,1","0,1,02,1",,,,,"240,M,+0235,1","240,N,+0050,1",,"9,9,999,9,+031,1","10,1","SYN07442137 31995 00000 10098 20064 40178 71000 333 10235 20050 58031 555 10026=",
"42137099999","2024-02-24T03:00:00","4","29.7","77.0333333","249.0","KARNAL, IN","FM-12","99999","V020","999,9,C,0000,1","22000,1,9,N","002000,1,9,9","+0100,1","+0066,1","10179,1",,"1,1,02,1","1,1,02,1","02,1,+01250,1,06,1",,"9,AGL   ,+99999,+99999","02,99,1,02,1,99,9,01250,1,99,9,99,9","240,M,+0224,1","240,N,+0050,1",,"9,9,999,9,+002,1","10,1","SYN08042137 31695 20000 10100 20066 40179 71011 82400 333 10224 20050 58002 555 10026=",
"42137099999","2024-02-26T03:00:00","4","29.7","77.0333333","249.0","KARNAL, IN","FM-12","99999","V020","999,9,C,0000,1","99999,9,9,N","002000,1,9,9","+0106,1","+0081,1","10199,1",,"2,1,02,1","2,1,02,1","03,1,+01250,1,06,1","99,9,+99999,9,03,1","9,AGL   ,+99999,+99999","06,99,1,03,1,99,9,01250,1,99,9,99,9","240,M,+0230,1","240,N,+0083,1",,"9,9,999,9,+000,1","10,1","SYN08042137 31695 60000 10106 20081 40199 71022 83430 333 10230 20083 58000 555 10026=",
"42137099999","2024-02-27T03:00:00","4","29.7","77.0333333","249.0","KARNAL, IN","FM-12","99999","V020","320,1,N,0010,1","99999,9,9,N","002000,1,9,9","+0140,1","+0106,1","10208,1",,"2,1,02,1","2,1,02,1","03,1,+01250,1,06,1","99,9,+99999,9,05,1","9,AGL   ,+99999,+99999","06,99,1,03,1,99,9,01250,1,99,9,99,9","240,M,+0234,1","240,N,+0122,1",,"9,9,999,9,+012,1","10,1","SYN08042137 31695 63202 10140 20106 40208 71022 83420 333 10234 20122 58012 555 10026=",
"42137099999","2024-02-28T03:00:00","4","29.7","77.0333333","249.0","KARNAL, IN","FM-12","99999","V020","999,9,C,0000,1","99999,9,9,N","004000,1,9,9","+0108,1","+0088,1","10181,1",,"0,1,02,1","0,1,02,1",,,,,"240,M,+0207,1","240,N,+0073,1",,"9,9,999,9,-020,1","10,1","SYN07442137 31996 00000 10108 20088 40181 71000 333 10207 20073 59020 555 10026=",
"42137099999","2024-02-29T03:00:00","4","29.7","77.0333333","249.0","KARNAL, IN","FM-12","99999","V020","270,1,N,0010,1","99999,9,9,N","002000,1,9,9","+0122,1","+0094,1","10154,1",,"0,1,02,1","0,1,02,1",,,,,"240,M,+0232,1","240,N,+0083,1",,"9,9,999,9,-024,1","10,1","SYN07442137 31995 02702 10122 20094 40154 71000 333 10232 20083 59024 555 10026=",
"42137099999","2024-03-01T03:00:00","4","29.7","77.0333333","249.0","KARNAL, IN","FM-12","99999","V020","999,9,C,0000,1","99999,9,9,N","001000,1,9,9","+0134,1","+0127,1","10171,1",,"2,1,02,1","2,1,02,1","03,1,+01250,1,06,1","99,9,+99999,9,05,1","9,AGL   ,+99999,+99999","06,99,1,03,1,99,9,01250,1,99,9,99,9","240,M,+0246,1","240,N,+0100,1",,"9,9,999,9,+017,1","10,1","SYN08042137 31694 60000 10134 20127 40171 71022 83420 333 10246 20100 58017 555 10026=",
"42137099999","2024-03-02T03:00:00","4","29.7","77.0333333","249.0","KARNAL, IN","FM-12","99999","V020","090,1,N,0026,1","99999,9,9,N","002000,1,9,9","+0178,1","+0143,1","10135,1","24,0000,9,1","2,1,02,1","2,1,02,1","03,1,+01250,1,06,1","99,9,+99999,9,03,1","9,AGL   ,+99999,+99999","05,99,1,03,1,99,9,01250,1,99,9,99,9","240,M,+0227,1","240,N,+0160,1",,"9,9,999,9,-030,1","10,1","SYN09242137 21695 50905 10178 20143 40135 71022 83430 333 10227 20160 59030 6990/ 555 00000 10026=","Q01  00002PRCP24"
"42137099999","2024-03-05T03:00:00","4","29.7","77.0333333","249.0","KARNAL, IN","FM-12","99999","V020","999,9,C,0000,1","99999,9,9,N","002000,1,9,9","+0096,1","+0062,1","10196,1",,"0,1,02,1","0,1,02,1",,,,,"240,M,+0218,1","240,N,+0055,1",,"9,9,999,9,+000,1","10,1","SYN07442137 31995 00000 10096 20062 40196 71000 333 10218 20055 58000 555 10069=",
"42137099999","2024-03-06T03:00:00","4","29.7","77.0333333","249.0","KARNAL, IN","FM-12","99999","V020","999,9,C,0000,1","99999,9,9,N","002000,1,9,9","+0096,1","+0062,1","10176,1",,"0,1,02,1","0,1,02,1",,,,,"240,M,+0202,1","240,N,+0050,1",,"9,9,999,9,-020,1","10,1","SYN07442137 31995 00000 10096 20062 40176 71000 333 10202 20050 59020 555 10069=",
"42137099999","2024-03-07T03:00:00","4","29.7","77.0333333","249.0","KARNAL, IN","FM-12","99999","V020","999,9,C,0000,1","99999,9,9,N","002000,1,9,9","+0110,1","+0090,1","10166,1",,"0,1,02,1","0,1,02,1",,,,,"240,M,+0212,1","240,N,+0069,1",,"9,9,999,9,-008,1","10,1","SYN07442137 31995 00000 10110 20090 40166 71000 333 10212 20069 59008 555 10043=",
"42137099999","2024-03-08T03:00:00","4","29.7","77.0333333","249.0","KARNAL, IN","FM-12","99999","V020","999,9,C,0000,1","99999,9,9,N","004000,1,9,9","+0120,1","+0092,1","10178,1",,,,,,,,"240,M,+0244,1","240,N,+0083,1",,"9,9,999,9,+013,1",,"SYN06842137 32996 00000 10120 20092 40178 333 10244 20083 58013 555 10043=",
"42137099999","2024-03-09T03:00:00","4","29.7","77.0333333","249.0","KARNAL, IN","FM-12","99999","V020","999,9,C,0000,1","99999,9,9,N","004000,1,9,9","+0128,1","+0075,1","10168,1",,,,,,,,"240,M,+0243,1","240,N,+0080,1",,"9,9,999,9,-009,1",,"SYN06842137 32996 00000 10128 20075 40168 333 10243 20080 59009 555 10043=",
"42137099999","2024-03-11T03:00:00","4","29.7","77.0333333","249.0","KARNAL, IN","FM-12","99999","V020","999,9,C,0000,1","99999,9,9,N","002000,1,9,9","+0166,1","+0130,1","10182,1",,"0,1,02,1","0,1,02,1",,,,,"240,M,+0254,1","240,N,+0124,1",,"9,9,999,9,+000,1","10,1","SYN07442137 31995 00000 10166 20130 40182 71000 333 10254 20124 58000 555 10043=",
"42137099999","2024-03-12T03:00:00","4","29.7","77.0333333","249.0","KARNAL, IN","FM-12","99999","V020","999,9,C,0000,1","99999,9,9,N","002000,1,9,9","+0168,1","+0129,1","10162,1",,"0,1,02,1","0,1,02,1",,,,,"240,M,+0275,1","240,N,+0112,1",,"9,9,999,9,-019,1","10,1","SYN07442137 31995 00000 10168 20129 40162 71000 333 10275 20112 59019 555 10043=",
"42137099999","2024-03-13T03:00:00","4","29.7","77.0333333","249.0","KARNAL, IN","FM-12","99999","V020","999,9,C,0000,1","22000,1,9,N","002000,1,9,9","+0150,1","+0132,1","10129,1",,"1,1,02,1","1,1,02,1","99,9,+99999,9,00,1",,"9,AGL   ,+99999,+99999","03,99,1,00,1,99,9,99999,9,99,9,99,9","240,M,+0274,1","240,N,+0113,1",,"9,9,999,9,-034,1","10,1","SYN08042137 31995 30000 10150 20132 40129 71011 80001 333 10274 20113 59034 555 10043=","Q01    003SCCGA1"
"42137099999","2024-03-14T03:00:00","4","29.7","77.0333333","249.0","KARNAL, IN","FM-12","99999","V020","999,9,C,0000,1","22000,1,9,N","002000,1,9,9","+0168,1","+0144,1","10158,1",,"1,1,02,1","1,1,02,1","03,1,+01250,1,06,1",,"9,AGL   ,+99999,+99999","03,99,1,03,1,99,9,01250,1,99,9,99,9","240,M,+0257,1","240,N,+0127,1",,"9,9,999,9,+041,1","10,1","SYN08042137 31695 30000 10168 20144 40158 71011 83400 333 10257 20127 58041 555 10043=",
"42137099999","2024-03-15T03:00:00","4","29.7","77.0333333","249.0","KARNAL, IN","FM-12","99999","V020","999,9,C,0000,1","99999,9,9,N","004000,1,9,9","+0142,1","+0100,1","10152,1",,,,,,,,"240,M,+0278,1","240,N,+0093,1",,"9,9,999,9,-019,1",,"SYN06842137 32996 00000 10142 20100 40152 333 10278 20093 59019 555 10043=",
"42137099999","2024-03-16T03:00:00","4","29.7","77.0333333","249.0","KARNAL, IN","FM-12","99999","V020","999,9,C,0000,1","99999,9,9,N","002000,1,9,9","+0150,1","+0121,1","10180,1",,"0,1,02,1","0,1,02,1",,,,,"240,M,+0270,1","240,N,+0092,1",,"9,9,999,9,+028,1","10,1","SYN07442137 31995 00000 10150 20121 40180 71000 333 10270 20092 58028 555 10043=",
"42137099999","2024-03-18T03:00:00","4","29.7","77.0333333","249.0","KARNAL, IN","FM-12","99999","V020","999,9,C,0000,1","99999,9,9,N","004000,1,9,9","+0150,1","+0117,1","10152,1",,,,,,,,"240,M,+0277,1","240,N,+0098,1",,"9,9,999,9,+000,1",,"SYN06842137 32996 00000 10150 20117 40152 333 10277 20098 58000 555 10043=",
"42137099999","2024-03-19T03:00:00","4","29.7","77.0333333","249.0","KARNAL, IN","FM-12","99999","V020","999,9,C,0000,1","99999,9,9,N","004000,1,9,9","+0166,1","+0138,1","10153,1",,,,,,,,"240,M,+0282,1","240,N,+0113,1",,"9,9,999,9,+003,1",,"SYN06842137 32996 00000 10166 20138 40153 333 10282 20113 58003 555 10043=",
"42137099999","2024-03-20T03:00:00","4","29.7","77.0333333","249.0","KARNAL, IN","FM-12","99999","V020","999,9,C,0000,1","99999,9,9,N","004000,1,9,9","+0170,1","+0142,1","10158,1",,,,,,,,"240,M,+0288,1","240,N,+0118,1",,"9,9,999,9,+005,1",,"SYN06842137 32996 00000 10170 20142 40158 333 10288 20118 58005 555 10043=",
"42137099999","2024-03-21T03:00:00","4","29.7","77.0333333","249.0","KARNAL, IN","FM-12","99999","V020","140,1,N,0031,1","99999,9,9,N","004000,1,9,9","+0178,1","+0143,1","10161,1",,,,,,,,"240,M,+0314,1","240,N,+0157,1",,"9,9,999,9,+004,1",,"SYN06842137 32996 01406 10178 20143 40161 333 10314 20157 58004 555 10043=",
"42137099999","2024-03-22T03:00:00","4","29.7","77.0333333","249.0","KARNAL, IN","FM-12","99999","V020","140,1,N,0021,1","22000,1,9,N","002000,1,9,9","+0206,1","+0163,1","10122,1",,"2,1,02,1","2,1,02,1","04,1,+01250,1,06,1",,"9,AGL   ,+99999,+99999","04,99,1,04,1,99,9,01250,1,99,9,99,9","240,M,+0268,1","240,N,+0175,1",,"9,9,999,9,-035,1","10,1","SYN08042137 31695 41404 10206 20163 40122 71022 84400 333 10268 20175 59035 555 10043=",
"42137099999","2024-03-23T03:00:00","4","29.7","77.0333333","249.0","KARNAL, IN","FM-12","99999","V020","320,1,N,0010,1","99999,9,9,N","004000,1,9,9","+0202,1","+0173,1","10093,1",,,,,,,,"240,M,+0306,1","240,N,+0147,1",,"9,9,999,9,-029,1",,"SYN06842137 32996 03202 10202 20173 40093 333 10306 20147 59029 555 10043=",
"42137099999","2024-03-25T03:00:00","4","29.7","77.0333333","249.0","KARNAL, IN","FM-12","99999","V020","999,9,C,0000,1","99999,9,9,N","004000,1,9,9","+0200,1","+0184,1","10142,1","24,0000,9,1",,,,,,,"240,M,+0272,1","240,N,+0136,1",,"9,9,999,9,+000,1",,"SYN08042137 22996 00000 10200 20184 40142 333 10272 20136 58000 6990/ 555 00000 10043=","Q01  00002PRCP24"
"42137099999","2024-03-26T03:00:00","4","29.7","77.0333333","249.0","KARNAL, IN","FM-12","99999","V020","999,9,C,0000,1","99999,9,9,N","002000,1,9,9","+0208,1","+0172,1","10113,1",,"2,1,02,1","2,1,02,1","02,1,+01250,1,06,1","99,9,+99999,9,00,1","9,AGL   ,+99999,+99999","05,99,1,02,1,99,9,01250,1,99,9,99,9","240,M,+0310,1","240,N,+0159,1",,"9,9,999,9,-028,1","10,1","SYN08042137 31695 50000 10208 20172 40113 71022 82401 333 10310 20159 59028 555 10043=",
"42137099999","2024-04-02T03:00:00","4","29.7","77.0333333","249.0","KARNAL, IN","FM-12","99999","V020","270,1,N,0010,1","99999,9,9,N","004000,1,9,9","+0196,1","+0125,1","10087,1",,,,,,,,"240,M,+0312,1","240,N,+0116,1",,"9,9,999,9,-013,1",,"SYN06842137 32996 02702 10196 20125 40087 333 10312 20116 59013 555 10043=",
"42137099999","2024-04-03T03:00:00","4","29.7","77.0333333","249.0","KARNAL, IN","FM-12","99999","V020","270,1,N,0010,1","22000,1,9,N","004000,1,9,9","+0216,1","+0152,1","10094,1",,,,"02,1,+99999,9,03,1",,"9,AGL   ,+99999,+99999","02,99,1,02,1,99,9,99999,9,99,9,99,9","240,M,+0317,1","240,N,+0139,1",,"9,9,999,9,+009,1",,"SYN07442137 32996 22702 10216 20152 40094 82030 333 10317 20139 58009 555 10043=",
"42137099999","2024-04-04T03:00:00","4","29.7","77.0333333","249.0","KARNAL, IN","FM-12","99999","V020","999,9,C,0000,1","99999,9,9,N","004000,1,9,9","+0248,1","+0140,1","10098,1",,,,,,,,"240,M,+0349,1","240,N,+0195,1",,"9,9,999,9,+006,1",,"SYN06842137 32996 00000 10248 20140 40098 333 10349 20195 58006 555 10043=",
"42137099999","2024-04-05T03:00:00","4","29.7","77.0333333","249.0","KARNAL, IN","FM-12","99999","V020","999,9,C,0000,1","22000,1,9,N","004000,1,9,9","+0216,1","+0148,1","10093,1",,,,"02,1,+01250,1,06,1",,"9,AGL   ,+99999,+99999","02,99,1,02,1,99,9,01250,1,99,9,99,9","240,M,+0360,1","240,N,+0174,1",,"9,9,999,9,-007,1",,"SYN07442137 32696 20000 10216 20148 40093 82400 333 10360 20174 59007 555 10043=",
"42137099999","2024-04-06T03:00:00","4","29.7","77.0333333","249.0","KARNAL, IN","FM-12","99999","V020","999,9,C,0000,1","99999,9,9,N","004000,1,9,9","+0238,1","+0123,1","10093,1",,,,,,,,"240,M,+0356,1","240,N,+0137,1",,"9,9,999,9,+002,1",,"SYN06842137 32996 00000 10238 20123 40093 333 10356 20137 58002 555 10043=",
"42137099999","2024-04-08T03:00:00","4","29.7","77.0333333","249.0","KARNAL, IN","FM-12","99999","V020","999,9,C,0000,1","99999,9,9,N","004000,1,9,9","+0220,1","+0121,1","10100,1",,,,,,,,"240,M,+0353,1","240,N,+0137,1",,"9,9,999,9,+000,1",,"SYN06842137 32996 00000 10220 20121 40100 333 10353 20137 58000 555 10043=",
"42137099999","2024-04-09T03:00:00","4","29.7","77.0333333","249.0","KARNAL, IN","FM-12","99999","V020","999,9,C,0000,1","22000,1,9,N","004000,1,9,9","+0232,1","+0119,1","10117,1",,,,"99,9,+99999,9,00,1",,"9,AGL   ,+99999,+99999","02,99,1,00,1,99,9,99999,9,99,9,99,9","240,M,+0360,1","240,N,+0130,1",,"9,9,999,9,+017,1",,"SYN07442137 32996 20000 10232 20119 40117 80001 333 10360 20130 58017 555 10043=","Q01    003SCCGA1"
"42137099999","2024-04-10T03:00:00","4","29.7","77.0333333","249.0","KARNAL, IN","FM-12","99999","V020","999,9,C,0000,1","99999,9,9,N","004000,1,9,9","+0264,1","+0131,1","10118,1",,,,,,,,"240,M,+0368,1","240,N,+0149,1",,"9,9,999,9,+004,1",,"SYN06842137 32996 00000 10264 20131 40118 333 10368 20149 58004 555 10043=",
"42137099999","2024-04-12T03:00:00","4","29.7","77.0333333","249.0","KARNAL, IN","FM-12","99999","V020","050,1,N,0015,1","99999,9,9,N","004000,1,9,9","+0258,1","+0109,1","10119,1",,,,,,,,"240,M,+0372,1","240,N,+0171,1",,"9,9,999,9,+000,1",,"SYN06842137 32996 00503 10258 20109 40119 333 10372 20171 58000 555 10043=",
"42137099999","2024-04-13T03:00:00","4","29.7","77.0333333","249.0","KARNAL, IN","FM-12","99999","V020","999,9,C,0000,1","22000,1,9,N","002000,1,9,9","+0250,1","+0150,1","10116,1",,"2,1,02,1","2,1,02,1","04,1,+01250,1,06,1",,"9,AGL   ,+99999,+99999","04,99,1,04,1,99,9,01250,1,99,9,99,9","240,M,+0374,1","240,N,+0194,1",,"9,9,999,9,-002,1","05,1","SYN08042137 31695 40000 10250 20150 40116 70522 84400 333 10374 20194 59002 555 10043=",
"42137099999","2024-04-15T03:00:00","4","29.7","77.0333333","249.0","KARNAL, IN","FM-12","99999","V020","999,9,C,0000,1","99999,9,9,N","002000,1,9,9","+0232,1","+0184,1","10126,1","24,0000,9,1","2,1,02,1","2,1,02,1","03,1,+01250,1,06,1","99,9,+99999,9,05,1","9,AGL   ,+99999,+99999","06,99,1,03,1,99,9,01250,1,99,9,99,9","240,M,+0324,1","240,N,+0188,1",,"9,9,999,9,+000,1","10,1","SYN09242137 21695 60000 10232 20184 40126 71022 83420 333 10324 20188 58000 6990/ 555 00000 10043=","Q01  00002PRCP24"
"42137099999","2024-04-19T03:00:00","4","29.7","77.0333333","249.0","KARNAL, IN","FM-12","99999","V020","999,9,C,0000,1","99999,9,9,N","004000,1,9,9","+0310,1","+0134,1","10054,1",,,,,,,,"240,M,+0389,1","240,N,+0225,1",,"9,9,999,9,-018,1",,"SYN06842137 32996 00000 10310 20134 40054 333 10389 20225 59018 555 10043=",
"42137099999","2024-04-20T03:00:00","4","29.7","77.0333333","249.0","KARNAL, IN","FM-12","99999","V020","320,1,N,0026,1","22000,1,9,N","004000,1,9,9","+0270,1","+0148,1","10056,1","24,0000,9,1",,,"02,1,+01250,1,06,1",,"9,AGL   ,+99999,+99999","02,99,1,02,1,99,9,01250,1,99,9,99,9","240,M,+0382,1","240,N,+0202,1",,"9,9,999,9,-001,1",,"SYN08642137 22696 23205 10270 20148 40056 82400 333 10382 20202 59001 6990/ 555 00000 10043=","Q01  00002PRCP24"
"42137099999","2024-04-22T03:00:00","4","29.7","77.0333333","249.0","KARNAL, IN","FM-12","99999","V020","270,1,N,0010,1","22000,1,9,N","004000,1,9,9","+0284,1","+0132,1","10074,1",,,,"02,1,+99999,9,06,1",,"9,AGL   ,+99999,+99999","02,99,1,02,1,99,9,99999,9,99,9,99,9","240,M,+0367,1","240,N,+0225,1",,"9,9,999,9,+000,1",,"SYN07442137 32996 22702 10284 20132 40074 82400 333 10367 20225 58000 555 10043=",
"42137099999","2024-04-23T03:00:00","4","29.7","77.0333333","249.0","KARNAL, IN","FM-12","99999","V020","270,1,N,0010,1","22000,1,9,N","004000,1,9,9","+0278,1","+0115,1","10075,1",,,,"02,1,+01250,1,06,1",,"9,AGL   ,+99999,+99999","02,99,1,02,1,99,9,01250,1,99,9,99,9","240,M,+0372,1","240,N,+0187,1",,"9,9,999,9,+001,1",,"SYN07442137 32696 22702 10278 20115 40075 82400 333 10372 20187 58001 555 10043=",
"42137099999","2024-04-24T03:00:00","4","29.7","77.0333333","249.0","KARNAL, IN","FM-12","99999","V020","999,9,C,0000,1","99999,9,9,N","004000,1,9,9","+0276,1","+0130,1","10068,1","24,0060,3,1",,,,,,,"240,M,+0326,1","240,N,+0166,1",,"9,9,999,9,-007,1",,"SYN08042137 22996 00000 10276 20130 40068 333 10326 20166 59007 6006/ 555 00056 10049=",
"42137099999","2024-04-25T03:00:00","4","29.7","77.0333333","249.0","KARNAL, IN","FM-12","99999","V020","999,9,C,0000,1","99999,9,9,N","004000,1,9,9","+0278,1","+0124,1","10071,1",,,,,,,,"240,M,+0362,1","240,N,+0184,1",,"9,9,999,9,+003,1",,"SYN06842137 32996 00000 10278 20124 40071 333 10362 20184 58003 555 10049=",
"42137099999","2024-04-26T03:00:00","4","29.7","77.0333333","249.0","KARNAL, IN","FM-12","99999","V020","999,9,C,0000,1","22000,1,9,N","004000,1,9,9","+0296,1","+0131,1","10053,1",,,,"02,1,+99999,9,03,1",,"9,AGL   ,+99999,+99999","02,99,1,02,1,99,9,99999,9,99,9,99,9","240,M,+0383,1","240,N,+0198,1",,"9,9,999,9,-016,1",,"SYN07442137 32996 20000 10296 20131 40053 82030 333 10383 20198 59016 555 10049=",
"42137099999","2024-04-27T03:00:00","4","29.7","77.0333333","249.0","KARNAL, IN","FM-12","99999","V020","999,9,C,0000,1","22000,1,9,N","004000,1,9,9","+0282,1","+0147,1","10064,1","24,0030,3,1",,,"04,1,+01250,1,06,1",,"9,AGL   ,+99999,+99999","04,99,1,04,1,99,9,01250,1,99,9,99,9","240,M,+0408,1","240,N,+0228,1",,"9,9,999,9,+010,1",,"SYN08642137 22696 40000 10282 20147 40064 84400 333 10408 20228 58010 6003/ 555 00028 10052=",
"42137099999","2024-04-29T03:00:00","4","29.7","77.0333333","249.0","KARNAL, IN","FM-12","99999","V020","050,1,N,0015,1","99999,9,9,N","004000,1,9,9","+0284,1","+0128,1","10075,1",,,,"02,1,+01250,1,06,1","99,9,+99999,9,00,1","9,AGL   ,+99999,+99999","06,99,1,02,1,99,9,01250,1,99,9,99,9","240,M,+0374,1","240,N,+0218,1",,"9,9,999,9,+000,1",,"SYN07442137 32696 60503 10284 20128 40075 82401 333 10374 20218 58000 555 10052=",
"42137099999","2024-04-30T03:00:00","4","29.7","77.0333333","249.0","KARNAL, IN","FM-12","99999","V020","999,9,C,0000,1","99999,9,9,N","004000,1,9,9","+0242,1","+0140,1","10081,1",,,,,,,,"240,M,+0336,1","240,N,+0170,1",,"9,9,999,9,+002,1",,"SYN06842137 32996 00000 10242 20140 40081 333 10336 20170 58002 555 10052=",
"42137099999","2024-05-02T03:00:00","4","29.7","77.0333333","249.0","KARNAL, IN","FM-12","99999","V020","999,9,C,0000,1","99999,9,9,N","004000,1,9,9","+0230,1","+0088,1","10052,1",,,,,,,,"240,M,+0320,1","240,N,+0158,1",,"9,9,999,9,+010,1",,"SYN06842137 32996 00000 10230 20088 40052 333 10320 20158 58010 555 10052=",
"42137099999","2024-05-03T03:00:00","4","29.7","77.0333333","249.0","KARNAL, IN","FM-12","99999","V020","270,1,N,0015,1","99999,9,9,N","004000,1,9,9","+0270,1","+0087,1","10053,1",,,,,,,,"240,M,+0354,1","240,N,+0172,1",,"9,9,999,9,+005,1",,"SYN06842137 32996 02703 10270 20087 40053 333 10354 20172 58005 555 10052=",
"42137099999","2024-05-04T03:00:00","4","29.7","77.0333333","249.0","KARNAL, IN","FM-12","99999","V020","320,1,N,0021,1","22000,1,9,N","004000,1,9,9","+0310,1","+0115,1","10064,1",,,,"03,1,+01250,1,06,1",,"9,AGL   ,+99999,+99999","03,99,1,03,1,99,9,01250,1,99,9,99,9","240,M,+0379,1","240,N,+0224,1",,"9,9,999,9,+014,1",,"SYN07442137 32696 33204 10310 20115 40064 83400 333 10379 20224 58014 555 10052=",
"42137099999","2024-05-07T03:00:00","4","29.7","77.0333333","249.0","KARNAL, IN","FM-12","99999","V020","140,1,N,0015,1","22000,1,9,N","004000,1,9,9","+0306,1","+0141,1","10061,1",,,,"02,1,+01250,1,06,1",,"9,AGL   ,+99999,+99999","02,99,1,02,1,99,9,01250,1,99,9,99,9","240,M,+0406,1","240,N,+0141,1",,"9,9,999,9,+022,1",,"SYN07442137 32696 21403 10306 20141 40061 82400 333 10406 20141 58022 555 10052=",
"42137099999","2024-05-08T03:00:00","4","29.7","77.0333333","249.0","KARNAL, IN","FM-12","99999","V020","140,1,N,0031,1","99999,9,9,N","004000,1,9,9","+0284,1","+0209,1","10078,1",,,,,,,,"240,M,+0392,1","240,N,+0262,1",,"9,9,999,9,+014,1",,"SYN06842137 32996 01406 10284 20209 40078 333 10392 20262 58014 555 10052=",
"42137099999","2024-05-09T03:00:00","4","29.7","77.0333333","249.0","KARNAL, IN","FM-12","99999","V020","140,1,N,0031,1","99999,9,9,N","004000,1,9,9","+0280,1","+0156,1","10077,1",,,,,,,,"240,M,+0364,1","240,N,+0250,1",,"9,9,999,9,-001,1",,"SYN06842137 32996 01406 10280 20156 40077 333 10364 20250 59001 555 10052=",
"42137099999","2024-05-10T03:00:00","4","29.7","77.0333333","249.0","KARNAL, IN","FM-12","99999","V020","140,1,N,0031,1","99999,9,9,N","004000,1,9,9","+0288,1","+0202,1","10084,1",,,,,,,,"240,M,+0354,1","240,N,+0264,1",,"9,9,999,9,+008,1",,"SYN06842137 32996 01406 10288 20202 40084 333 10354 20264 58008 555 10052=",
"42137099999","2024-05-11T03:00:00","4","29.7","77.0333333","249.0","KARNAL, IN","FM-12","99999","V020","230,1,N,0036,1","22000,1,9,N","004000,1,9,9","+0262,1","+0196,1","10096,1","24,0010,3,1",,,"02,1,+01250,1,06,1",,"9,AGL   ,+99999,+99999","02,99,1,02,1,99,9,01250,1,99,9,99,9","240,M,+0364,1","240,N,+0220,1",,"9,9,999,9,+009,1",,"SYN08642137 22696 22307 10262 20196 40096 82400 333 10364 20220 58009 6001/ 555 00010 10053=",
"42137099999","2024-05-13T03:00:00","4","29.7","77.0333333","249.0","KARNAL, IN","FM-12","99999","V020","140,1,N,0010,1","99999,9,9,N","004000,1,9,9","+0280,1","+0190,1","10099,1","24,0090,3,1",,,,,,,"240,M,+0385,1","240,N,+0220,1",,"9,9,999,9,+000,1",,"SYN08042137 22996 01402 10280 20190 40099 333 10385 20220 58000 6009/ 555 00094 10062=",
"42137099999","2024-05-14T03:00:00","4","29.7","77.0333333","249.0","KARNAL, IN","FM-12","99999","V020","999,9,C,0000,1","99999,9,9,N","004000,1,9,9","+0298,1","+0156,1","10099,1",,,,,,,,"240,M,+0390,1","240,N,+0207,1",,"9,9,999,9,+020,1",,"SYN06842137 32996 00000 10298 20156 40099 333 10390 20207 58020 555 10062=",
"42137099999","2024-05-15T03:00:00","4","29.7","77.0333333","249.0","KARNAL, IN","FM-12","99999","V020","999,9,C,0000,1","99999,9,9,N","002000,1,9,9","+0296,1","+0136,1","10094,1",,"0,1,02,1","0,1,02,1",,,,,"240,M,+0398,1","240,N,+0210,1",,"9,9,999,9,+005,1","05,1","SYN07442137 31995 00000 10296 20136 40094 70500 333 10398 20210 58005 555 10062=",
"42137099999","2024-05-16T03:00:00","4","29.7","77.0333333","249.0","KARNAL, IN","FM-12","99999","V020","140,1,N,0010,1","99999,9,9,N","004000,1,9,9","+0308,1","+0140,1","10105,1",,,,,,,,"240,M,+0404,1","240,N,+0246,1",,"9,9,999,9,+012,1",,"SYN06842137 32996 01402 10308 20140 40105 333 10404 20246 58012 555 10062=",
"42137099999","2024-05-17T03:00:00","4","29.7","77.0333333","249.0","KARNAL, IN","FM-12","99999","V020","999,9,C,0000,1","99999,9,9,N","004000,1,9,9","+0308,1","+0216,1","10061,1",,"0,1,02,1","0,1,02,1",,,,,"240,M,+0402,1","240,N,+0250,1",,"9,9,999,9,-043,1","05,1","SYN07442137 31996 00000 10308 20216 40061 70500 333 10402 20250 59043 555 10062=",
"42137099999","2024-05-18T03:00:00","4","29.7","77.0333333","249.0","KARNAL, IN","FM-12","99999","V020","050,1,N,0010,1","99999,9,9,N","004000,1,9,9","+0328,1","+0176,1","10026,1",,"0,1,02,1","0,1,02,1",,,,,"240,M,+0434,1","240,N,+0249,1",,"9,9,999,9,-032,1","05,1","SYN07442137 31996 00502 10328 20176 40026 70500 333 10434 20249 59032 555 10062=",
"42137099999","2024-05-20T03:00:00","4","29.7","77.0333333","249.0","KARNAL, IN","FM-12","99999","V020","090,1,N,0021,1","99999,9,9,N","004000,1,9,9","+0322,1","+0194,1","10027,1",,,,,,,,"240,M,+0442,1","240,N,+0260,1",,"9,9,999,9,+000,1",,"SYN06842137 32996 00904 10322 20194 40027 333 10442 20260 58000 555 10062=",
"42137099999","2024-05-21T03:00:00","4","29.7","77.0333333","249.0","KARNAL, IN","FM-12","99999","V020","110,1,N,0031,1","99999,9,9,N","004000,1,9,9","+0298,1","+0201,1","10037,1",,,,,,,,"240,M,+0425,1","240,N,+0244,1",,"9,9,999,9,+008,1",,"SYN06842137 32996 01106 10298 20201 40037 333 10425 20244 58008 555 10062=",
"42137099999","2024-05-22T03:00:00","4","29.7","77.0333333","249.0","KARNAL, IN","FM-12","99999","V020","140,1,N,0031,1","22000,1,9,N","004000,1,9,9","+0320,1","+0227,1","10042,1",,,,"03,1,+01250,1,06,1",,"9,AGL   ,+99999,+99999","03,99,1,03,1,99,9,01250,1,99,9,99,9","240,M,+0403,1","240,N,+0287,1",,"9,9,999,9,+007,1",,"SYN07442137 32696 31406 10320 20227 40042 83400 333 10403 20287 58007 555 10062=",
"42137099999","2024-05-23T03:00:00","4","29.7","77.0333333","249.0","KARNAL, IN","FM-12","99999","V020","140,1,N,0031,1","99999,9,9,N","004000,1,9,9","+0312,1","+0228,1","10037,1",,,,,,,,"240,M,+0385,1","240,N,+0284,1",,"9,9,999,9,-006,1",,"SYN06842137 32996 01406 10312 20228 40037 333 10385 20284 59006 555 10062=",
"42137099999","2024-05-24T03:00:00","4","29.7","77.0333333","249.0","KARNAL, IN","FM-12","99999","V020","140,1,N,0026,1","99999,9,9,N","004000,1,9,9","+0326,1","+0227,1","10035,1",,,,,,,,"240,M,+0380,1","240,N,+0288,1",,"9,9,999,9,-001,1",,"SYN06842137 32996 01405 10326 20227 40035 333 10380 20288 59001 555 10062=",
"42137099999","2024-05-25T03:00:00","4","29.7","77.0333333","249.0","KARNAL, IN","FM-12","99999","V020","230,1,N,0010,1","99999,9,9,N","004000,1,9,9","+0344,1","+0235,1","10007,1",,,,,,,,"240,M,+0396,1","240,N,+0286,1",,"9,9,999,9,-025,1",,"SYN06842137 32996 02302 10344 20235 40007 333 10396 20286 59025 555 10062=",
"42137099999","2024-05-27T03:00:00","4","29.7","77.0333333","249.0","KARNAL, IN","FM-12","99999","V020","140,1,N,0026,1","99999,9,9,N","004000,1,9,9","+0332,1","+0234,1","09966,1",,,,,,,,"240,M,+0437,1","240,N,+0255,1",,"9,9,999,9,+000,1",,"SYN06842137 32996 01405 10332 20234 49966 333 10437 20255 58000 555 10062=",
"42137099999","2024-05-28T03:00:00","4","29.7","77.0333333","249.0","KARNAL, IN","FM-12","99999","V020","090,1,N,0010,1","99999,9,9,N","004000,1,9,9","+0334,1","+0132,1","09935,1",,,,,,,,"240,M,+0442,1","240,N,+0252,1",,"9,9,999,9,-030,1",,"SYN06842137 32996 00902 10334 20132 49935 333 10442 20252 59030 555 10062=",
"42137099999","2024-05-29T03:00:00","4","29.7","77.0333333","249.0","KARNAL, IN","FM-12","99999","V020","090,1,N,0026,1","99999,9,9,N","004000,1,9,9","+0318,1","+0208,1","09952,1",,,,,,,,"240,M,+0446,1","240,N,+0258,1",,"9,9,999,9,+015,1",,"SYN06842137 32996 00905 10318 20208 49952 333 10446 20258 58015 555 10062=",
"42137099999","2024-05-30T03:00:00","4","29.7","77.0333333","249.0","KARNAL, IN","FM-12","99999","V020","090,1,N,0021,1","99999,9,9,N","004000,1,9,9","+0340,1","+0220,1","09983,1",,,,,,,,"240,M,+0422,1","240,N,+0300,1",,"9,9,999,9,+032,1",,"SYN06842137 32996 00904 10340 20220 49983 333 10422 20300 58032 555 10062=",
"42137099999","2024-05-31T03:00:00","4","29.7","77.0333333","249.0","KARNAL, IN","FM-12","99999","V020","090,1,N,0010,1","99999,9,9,N","004000,1,9,9","+0330,1","+0208,1","10000,1",,,,,,,,"240,M,+0434,1","240,N,+0276,1",,"9,9,999,9,+014,1",,"SYN06842137 32996 00902 10330 20208 40000 333 10434 20276 58014 555 10062=",
"42137099999","2024-06-01T03:00:00","4","29.7","77.0333333","249.0","KARNAL, IN","FM-12","99999","V020","270,1,N,0010,1","22000,1,9,N","004000,1,9,9","+0360,1","+0175,1","10006,1",,,,"02,1,+01250,1,06,1",,"9,AGL   ,+99999,+99999","02,99,1,02,1,99,9,01250,1,99,9,99,9","240,M,+0447,1","240,N,+0268,1",,"9,9,999,9,+008,1",,"SYN07442137 32696 22702 10360 20175 40006 82400 333 10447 20268 58008 555 10062=",
"42137099999","2024-06-03T03:00:00","4","29.7","77.0333333","249.0","KARNAL, IN","FM-12","99999","V020","999,9,C,0000,1","99999,9,9,N","004000,1,9,9","+0328,1","+0213,1","10026,1",,,,,,,,"240,M,+0417,1","240,N,+0268,1",,"9,9,999,9,+000,1",,"SYN06842137 32996 00000 10328 20213 40026 333 10417 20268 58000 555 10000=",
"42137099999","2024-06-04T03:00:00","4","29.7","77.0333333","249.0","KARNAL, IN","FM-12","99999","V020","999,9,C,0000,1","22000,1,9,N","004000,1,9,9","+0308,1","+0213,1","10023,1","24,0040,3,1",,,"03,1,+01250,1,06,1",,"9,AGL   ,+99999,+99999","03,99,1,03,1,99,9,01250,1,99,9,99,9","240,M,+0308,1","240,N,+0257,1",,"9,9,999,9,-005,1",,"SYN08642137 22696 30000 10308 20213 40023 83400 333 10308 20257 59005 6004/ 555 00044 10004=",
"42137099999","2024-06-05T03:00:00","4","29.7","77.0333333","249.0","KARNAL, IN","FM-12","99999","V020","140,1,N,0031,1","99999,9,9,N","004000,1,9,9","+0324,1","+0235,1","10026,1",,,,,,,,"240,M,+0414,1","240,N,+0279,1",,"9,9,999,9,+004,1",,"SYN06842137 32996 01406 10324 20235 40026 333 10414 20279 58004 555 10004=",
"42137099999","2024-06-07T03:00:00","4","29.7","77.0333333","249.0","KARNAL, IN","FM-12","99999","V020","270,1,N,0015,1","99999,9,9,N","004000,1,9,9","+0316,1","+0194,1","10029,1",,,,,,,,"240,M,+0388,1","240,N,+0261,1",,"9,9,999,9,-046,1",,"SYN06842137 32996 02703 10316 20194 40029 333 10388 20261 59046 555 10004=",
"42137099999","2024-06-08T03:00:00","4","29.7","77.0333333","249.0","KARNAL, IN","FM-12","99999","V020","320,1,N,0026,1","22000,1,9,N","004000,1,9,9","+0334,1","+0199,1","10019,1",,,,"02,1,+01250,1,06,1","99,9,+99999,9,00,1","9,AGL   ,+99999,+99999","04,99,1,02,1,99,9,01250,1,99,9,99,9","240,M,+0410,1","240,N,+0272,1",,"9,9,999,9,-009,1",,"SYN07442137 32696 43205 10334 20199 40019 82401 333 10410 20272 59009 555 10004=",
"42137099999","2024-06-10T03:00:00","4","29.7","77.0333333","249.0","KARNAL, IN","FM-12","99999","V020","999,9,C,0000,1","99999,9,9,N","004000,1,9,9","+0354,1","+0179,1","10010,1",,,,,,,,"240,M,+0418,1","240,N,+0245,1",,"9,9,999,9,+000,1",,"SYN06842137 32996 00000 10354 20179 40010 333 10418 20245 58000 555 10004=",
"42137099999","2024-06-11T03:00:00","4","29.7","77.0333333","249.0","KARNAL, IN","FM-12","99999","V020","999,9,C,0000,1","99999,9,9,N","004000,1,9,9","+0358,1","+0196,1","10008,1",,,,,,,,"240,M,+0425,1","240,N,+0252,1",,"9,9,999,9,-001,1",,"SYN06842137 32996 00000 10358 20196 40008 333 10425 20252 59001 555 10004=",
"42137099999","2024-06-12T03:00:00","4","29.7","77.0333333","249.0","KARNAL, IN","FM-12","99999","V020","230,1,N,0021,1","99999,9,9,N","004000,1,9,9","+0326,1","+0199,1","10011,1",,,,,,,,"240,M,+0426,1","240,N,+0258,1",,"9,9,999,9,+000,1",,"SYN06842137 32996 02304 10326 20199 40011 333 10426 20258 58000 555 10004=",
"42137099999","2024-06-13T03:00:00","4","29.7","77.0333333","249.0","KARNAL, IN","FM-12","99999","V020","270,1,N,0026,1","99999,9,9,N","004000,1,9,9","+0354,1","+0206,1","09995,1",,,,,,,,"240,M,+0435,1","240,N,+0266,1",,"9,9,999,9,-013,1",,"SYN06842137 32996 02705 10354 20206 49995 333 10435 20266 59013 555 10004=",
"42137099999","2024-06-14T03:00:00","4","29.7","77.0333333","249.0","KARNAL, IN","FM-12","99999","V020","230,1,N,0026,1","99999,9,9,N","004000,1,9,9","+0350,1","+0208,1","09980,1",,,,,,,,"240,M,+0444,1","240,N,+0295,1",,"9,9,999,9,-015,1",,"SYN06842137 32996 02305 10350 20208 49980 333 10444 20295 59015 555 10004=",
"42137099999","2024-06-15T03:00:00","4","29.7","77.0333333","249.0","KARNAL, IN","FM-12","99999","V020","270,1,N,0021,1","99999,9,9,N","004000,1,9,9","+0344,1","+0222,1","09988,1",,,,,,,,"240,M,+0442,1","240,N,+0292,1",,"9,9,999,9,+007,1",,"SYN06842137 32996 02704 10344 20222 49988 333 10442 20292 58007 555 10004=",
"42137099999","2024-06-18T03:00:00","4","29.7","77.0333333","249.0","KARNAL, IN","FM-12","99999","V020","999,9,C,0000,1","99999,9,9,N","004000,1,9,9","+0354,1","+0240,1","09972,1",,,,,,,,"240,M,+0438,1","240,N,+0295,1",,"9,9,999,9,+000,1",,"SYN06842137 32996 00000 10354 20240 49972 333 10438 20295 58000 555 10004=",
"42137099999","2024-06-19T03:00:00","4","29.7","77.0333333","249.0","KARNAL, IN","FM-12","99999","V020","999,9,C,0000,1","99999,9,9,N","004000,1,9,9","+0356,1","+0239,1","09944,1",,,,,,,,"240,M,+0426,1","240,N,+0312,1",,"9,9,999,9,-027,1",,"SYN06842137 32996 00000 10356 20239 49944 333 10426 20312 59027 555 10004=",
"42137099999","2024-06-20T03:00:00","4","29.7","77.0333333","249.0","KARNAL, IN","FM-12","99999","V020","999,9,C,0000,1","99999,9,9,N","002000,1,9,9","+0228,1","+0222,1","10006,1",,"9,1,02,1","6,1,02,1","04,1,+00800,1,06,1","99,9,+99999,9,05,1","9,AGL   ,+99999,+99999","08,99,1,04,1,99,9,00800,1,99,9,99,9","240,M,+0414,1","240,N,+0220,1",,"9,9,999,9,+049,1","60,1","SYN08642137 21595 80000 10228 20222 40006 76096 8442/ 333 10414 20220 58049 555 00224 10027=",
"42137099999","2024-06-22T03:00:00","4","29.7","77.0333333","249.0","KARNAL, IN","FM-12","99999","V020","999,9,C,0000,1","99999,9,9,N","004000,1,9,9","+0294,1","+0242,1","10001,1","24,0010,3,1",,,"02,1,+01250,1,06,1","99,9,+99999,9,03,1","9,AGL   ,+99999,+99999","05,99,1,02,1,99,9,01250,1,99,9,99,9","240,M,+0345,1","240,N,+0262,1",,"9,9,999,9,+000,1",,"SYN08642137 22696 50000 10294 20242 40001 82430 333 10345 20262 58000 6001/ 555 00012 10031=",
"42137099999","2024-06-24T03:00:00","4","29.7","77.0333333","249.0","KARNAL, IN","FM-12","99999","V020","140,1,N,0015,1","99999,9,9,N","002000,1,9,9","+0318,1","+0277,1","09996,1",,"2,1,02,1","2,1,02,1","03,1,+01250,1,06,1","99,9,+99999,9,05,1","9,AGL   ,+99999,+99999","06,99,1,03,1,99,9,01250,1,99,9,99,9","240,M,+0385,1","240,N,+0288,1",,"9,9,999,9,+000,1","10,1","SYN08042137 31695 61403 10318 20277 49996 71022 83420 333 10385 20288 58000 555 10031=",
"42137099999","2024-06-26T03:00:00","4","29.7","77.0333333","249.0","KARNAL, IN","FM-12","99999","V020","140,1,N,0015,1","99999,9,9,N","004000,1,9,9","+0322,1","+0267,1","09980,1",,,,"02,1,+01250,1,06,1","99,9,+99999,9,05,1","9,AGL   ,+99999,+99999","06,99,1,02,1,99,9,01250,1,99,9,99,9","240,M,+0380,1","240,N,+0294,1",,"9,9,999,9,-009,1",,"SYN07442137 32696 61403 10322 20267 49980 82420 333 10380 20294 59009 555 10031=",
"42137099999","2024-06-27T03:00:00","4","29.7","77.0333333","249.0","KARNAL, IN","FM-12","99999","V020","140,1,N,0031,1","99999,9,9,N","004000,1,9,9","+0286,1","+0261,1","10023,1","24,0010,3,1",,,"03,1,+01250,1,06,1","99,9,+99999,9,05,1","9,AGL   ,+99999,+99999","07,99,1,03,1,99,9,01250,1,99,9,99,9","240,M,+0335,1","240,N,+0280,1",,"9,9,999,9,+039,1",,"SYN08642137 22696 71406 10286 20261 40023 83420 333 10335 20280 58039 6001/ 555 00010 10032=",
"42137099999","2024-06-28T03:00:00","4","29.7","77.0333333","249.0","KARNAL, IN","FM-12","99999","V020","180,1,N,0026,1","22000,1,9,N","002000,1,9,9","+0298,1","+0262,1","10008,1",,"1,1,02,1","1,1,02,1","02,1,+01250,1,06,1",,"9,AGL   ,+99999,+99999","02,99,1,02,1,99,9,01250,1,99,9,99,9","240,M,+0335,1","240,N,+0275,1",,"9,9,999,9,-013,1","10,1","SYN08042137 31695 21805 10298 20262 40008 71011 82400 333 10335 20275 59013 555 10031=",
"42137099999","2024-06-29T03:00:00","4","29.7","77.0333333","249.0","KARNAL, IN","FM-12","99999","V020","999,9,C,0000,1","99999,9,9,N","002000,1,9,9","+0312,1","+0271,1","09985,1",,"0,1,02,1","0,1,02,1",,,,,"240,M,+0345,1","240,N,+0285,1",,"9,9,999,9,-022,1","10,1","SYN07442137 31995 00000 10312 20271 49985 71000 333 10345 20285 59022 555 10032=",
"42137099999","2024-07-01T03:00:00","4","29.7","77.0333333","249.0","KARNAL, IN","FM-12","99999","V020","999,9,C,0000,1","99999,9,9,N","002000,1,9,9","+0274,1","+0254,1","09971,1","24,0000,9,1","2,1,02,1","2,1,02,1","03,1,+01250,1,06,1","99,9,+99999,9,05,1","9,AGL   ,+99999,+99999","07,99,1,03,1,99,9,01250,1,99,9,99,9","240,M,+0344,1","240,N,+0260,1",,"9,9,999,9,+000,1","10,1","SYN09242137 21695 70000 10274 20254 49971 71022 83420 333 10344 20260 58000 6990/ 555 00000 10043=","Q01  00002PRCP24"
"42137099999","2024-07-02T03:00:00","4","29.7","77.0333333","249.0","KARNAL, IN","FM-12","99999","V020","999,9,C,0000,1","99999,9,9,N","004000,1,9,9","+0302,1","+0263,1","09939,1","24,0000,9,1","2,1,02,1","2,1,02,1","03,1,+01250,1,06,1","99,9,+99999,9,05,1","9,AGL   ,+99999,+99999","06,99,1,03,1,99,9,01250,1,99,9,99,9","240,M,+0348,1","240,N,+0285,1",,"9,9,999,9,-028,1","10,1","SYN09242137 21696 60000 10302 20263 49939 71022 83420 333 10348 20285 59028 6990/ 555 00000 10043=","Q01  00002PRCP24"
"42137099999","2024-07-03T03:00:00","4","29.7","77.0333333","249.0","KARNAL, IN","FM-12","99999","V020","999,9,C,0000,1","99999,9,9,N","002000,1,9,9","+0282,1","+0279,1","09955,1","24,0020,3,1","9,1,02,1","6,1,02,1","04,1,+00800,1,06,1","99,9,+99999,9,05,1","9,AGL   ,+99999,+99999","08,99,1,04,1,99,9,00800,1,99,9,99,9","240,M,+0345,1","240,N,+0280,1",,"9,9,999,9,+014,1","60,1","SYN09242137 21595 80000 10282 20279 49955 76096 8452/ 333 10345 20280 58014 6002/ 555 00024 10045=",
"42137099999","2024-07-04T03:00:00","4","29.7","77.0333333","249.0","KARNAL, IN","FM-12","99999","V020","090,1,N,0010,1","99999,9,9,N","002000,1,9,9","+0274,1","+0260,1","10015,1","24,0100,3,1","2,1,02,1","2,1,02,1","04,1,+00800,1,06,1","99,9,+99999,9,05,1","9,AGL   ,+99999,+99999","08,99,1,04,1,99,9,00800,1,99,9,99,9","240,M,+0310,1","240,N,+0266,1",,"9,9,999,9,+057,1","10,1","SYN09242137 21595 80902 10274 20260 40015 71022 8452/ 333 10310 20266 58057 6010/ 555 00096 10055=",
"42137099999","2024-07-05T03:00:00","4","29.7","77.0333333","249.0","KARNAL, IN","FM-12","99999","V020","999,9,C,0000,1","99999,9,9,N","004000,1,9,9","+0288,1","+0269,1","09975,1",,"2,1,02,1","2,1,02,1","03,1,+01250,1,06,1","99,9,+99999,9,05,1","9,AGL   ,+99999,+99999","06,99,1,03,1,99,9,01250,1,99,9,99,9","240,M,+0325,1","240,N,+0275,1",,"9,9,999,9,-037,1","10,1","SYN08042137 31696 60000 10288 20269 49975 71022 83420 333 10325 20275 59037 555 10055=",
"42137099999","2024-07-06T03:00:00","4","29.7","77.0333333","249.0","KARNAL, IN","FM-12","99999","V020","140,1,N,0015,1","99999,9,9,N","002000,1,9,9","+0268,1","+0260,1","09963,1",,"2,1,02,1","2,1,02,1","04,1,+00800,1,06,1","99,9,+99999,9,05,1","9,AGL   ,+99999,+99999","08,99,1,04,1,99,9,00800,1,99,9,99,9","240,M,+0330,1","240,N,+0262,1",,"9,9,999,9,-014,1","10,1","SYN08042137 31595 81403 10268 20260 49963 71022 8452/ 333 10330 20262 59014 555 10055=",
"42137099999","2024-07-08T03:00:00","4","29.7","77.0333333","249.0","KARNAL, IN","FM-12","99999","V020","140,1,N,0015,1","99999,9,9,N","002000,1,9,9","+0264,1","+0250,1","10031,1","24,0000,2,1","2,1,02,1","2,1,02,1","04,1,+00800,1,06,1","99,9,+99999,9,05,1","9,AGL   ,+99999,+99999","08,99,1,04,1,99,9,00800,1,99,9,99,9","240,M,+0350,1","240,N,+0260,1",,"9,9,999,9,+000,1","50,1","SYN09242137 21595 81403 10264 20250 40031 75022 8452/ 333 10350 20260 58000 6990/ 555 00000 10055=",
"42137099999","2024-07-13T03:00:00","4","29.7","77.0333333","249.0","KARNAL, IN","FM-12","99999","V020","999,9,C,0000,1","99999,9,9,N","002000,1,9,9","+0300,1","+0258,1","09983,1",,"2,1,02,1","2,1,02,1","03,1,+01250,1,06,1","99,9,+99999,9,05,1","9,AGL   ,+99999,+99999","05,99,1,03,1,99,9,01250,1,99,9,99,9","240,M,+0325,1","240,N,+0268,1",,"9,9,999,9,+023,1","10,1","SYN08042137 31695 50000 10300 20258 49983 71022 83420 333 10325 20268 58023 555 10056=",
"42137099999","2024-07-15T03:00:00","4","29.7","77.0333333","249.0","KARNAL, IN","FM-12","99999","V020","090,1,N,0010,1","99999,9,9,N","001000,1,9,9","+0252,1","+0247,1","10028,1","24,0010,3,1","9,1,02,1","6,1,02,1","04,1,+00800,1,06,1","99,9,+99999,9,05,1","9,AGL   ,+99999,+99999","08,99,1,04,1,99,9,00800,1,99,9,99,9","240,M,+0368,1","240,N,+0246,1",,"9,9,999,9,+000,1","95,1","SYN09242137 21594 80902 10252 20247 40028 79596 8452/ 333 10368 20246 58000 6001/ 555 00010 10057=",
"42137099999","2024-07-16T03:00:00","4","29.7","77.0333333","249.0","KARNAL, IN","FM-12","99999","V020","999,9,C,0000,1","99999,9,9,N","002000,1,9,9","+0320,1","+0279,1","10018,1","24,0080,3,1","0,1,02,1","0,1,02,1",,,,,"240,M,+0350,1","240,N,+0290,1",,"9,9,999,9,-004,1","10,1","SYN08642137 21995 00000 10320 20279 40018 71000 333 10350 20290 59004 6008/ 555 00080 10065=",
"42137099999","2024-07-17T03:00:00","4","29.7","77.0333333","249.0","KARNAL, IN","FM-12","99999","V020","140,1,N,0010,1","99999,9,9,N","002000,1,9,9","+0314,1","+0281,1","10021,1",,"0,1,02,1","0,1,02,1",,,,,"240,M,+0368,1","240,N,+0288,1",,"9,9,999,9,+003,1","10,1","SYN07442137 31995 01402 10314 20281 40021 71000 333 10368 20288 58003 555 10065=",
"42137099999","2024-07-18T03:00:00","4","29.7","77.0333333","249.0","KARNAL, IN","FM-12","99999","V020","090,1,N,0021,1","99999,9,9,N","002000,1,9,9","+0300,1","+0272,1","09996,1","24,0140,3,1","0,1,02,1","0,1,02,1",,,,,"240,M,+0326,1","240,N,+0272,1",,"9,9,999,9,-026,1","10,1","SYN08642137 21995 00904 10300 20272 49996 71000 333 10326 20272 59026 6014/ 555 00140 10079=",
"42137099999","2024-07-19T03:00:00","4","29.7","77.0333333","249.0","KARNAL, IN","FM-12","99999","V020","999,9,C,0000,1","99999,9,9,N","002000,1,9,9","+0302,1","+0269,1","09981,1",,"0,1,02,1","0,1,02,1",,,,,"240,M,+0360,1","240,N,+0268,1",,"9,9,999,9,-014,1","10,1","SYN07442137 31995 00000 10302 20269 49981 71000 333 10360 20268 59014 555 10079=",
"42137099999","2024-07-22T03:00:00","4","29.7","77.0333333","249.0","KARNAL, IN","FM-12","99999","V020","180,1,N,0015,1","99999,9,9,N","002000,1,9,9","+0298,1","+0279,1","09996,1",,"2,1,02,1","2,1,02,1","03,1,+01250,1,06,1","99,9,+99999,9,05,1","9,AGL   ,+99999,+99999","07,99,1,03,1,99,9,01250,1,99,9,99,9","240,M,+0350,1","240,N,+0286,1",,"9,9,999,9,+000,1","10,1","SYN08042137 31695 71803 10298 20279 49996 71022 83420 333 10350 20286 58000 555 10079=",
"42137099999","2024-07-23T03:00:00","4","29.7","77.0333333","249.0","KARNAL, IN","FM-12","99999","V020","090,1,N,0010,1","22000,1,9,N","004000,1,9,9","+0296,1","+0265,1","09990,1",,,,"03,1,+99999,9,03,1",,"9,AGL   ,+99999,+99999","03,99,1,03,1,99,9,99999,9,99,9,99,9","240,M,+0310,1","240,N,+0270,1",,"9,9,999,9,-006,1",,"SYN07442137 32996 30902 10296 20265 49990 83030 333 10310 20270 59006 555 10079=",
"42137099999","2024-07-24T03:00:00","4","29.7","77.0333333","249.0","KARNAL, IN","FM-12","99999","V020","180,1,N,0010,1","99999,9,9,N","002000,1,9,9","+0282,1","+0268,1","09952,1",,"2,1,02,1","2,1,02,1","04,1,+01250,1,06,1","99,9,+99999,9,05,1","9,AGL   ,+99999,+99999","07,99,1,04,1,99,9,01250,1,99,9,99,9","240,M,+0334,1","240,N,+0275,1",,"9,9,999,9,-028,1","10,1","SYN08042137 31695 71802 10282 20268 49952 71022 84520 333 10334 20275 59028 555 10079=",
"42137099999","2024-07-25T03:00:00","4","29.7","77.0333333","249.0","KARNAL, IN","FM-12","99999","V020","999,9,C,0000,1","99999,9,9,N","002000,1,9,9","+0292,1","+0273,1","09944,1",,"2,1,02,1","2,1,02,1","04,1,+01250,1,06,1","99,9,+99999,9,05,1","9,AGL   ,+99999,+99999","07,99,1,04,1,99,9,01250,1,99,9,99,9","240,M,+0340,1","240,N,+0275,1",,"9,9,999,9,-007,1","10,1","SYN08042137 31695 70000 10292 20273 49944 71022 84420 333 10340 20275 59007 555 10079=",
"42137099999","2024-07-26T03:00:00","4","29.7","77.0333333","249.0","KARNAL, IN","FM-12","99999","V020","140,1,N,0010,1","99999,9,9,N","002000,1,9,9","+0280,1","+0272,1","09962,1","24,0010,3,1","6,1,02,1","2,1,02,1","04,1,+00800,1,06,1","99,9,+99999,9,05,1","9,AGL   ,+99999,+99999","08,99,1,04,1,99,9,00800,1,99,9,99,9","240,M,+0354,1","240,N,+0276,1",,"9,9,999,9,+016,1","10,1","SYN09242137 21595 81402 10280 20272 49962 71062 8452/ 333 10354 20276 58016 6001/ 555 00008 10080=",
"42137099999","2024-07-29T03:00:00","4","29.7","77.0333333","249.0","KARNAL, IN","FM-12","99999","V020","999,9,C,0000,1","99999,9,9,N","004000,1,9,9","+0308,1","+0272,1","09991,1",,,,"03,1,+01250,1,06,1","99,9,+99999,9,05,1","9,AGL   ,+99999,+99999","05,99,1,03,1,99,9,01250,1,99,9,99,9","240,M,+0358,1","240,N,+0282,1",,"9,9,999,9,+000,1",,"SYN07442137 32696 50000 10308 20272 49991 83420 333 10358 20282 58000 555 10086=",
"42137099999","2024-07-30T03:00:00","4","29.7","77.0333333","249.0","KARNAL, IN","FM-12","99999","V020","140,1,N,0026,1","22000,1,9,N","004000,1,9,9","+0326,1","+0274,1","09996,1",,,,"02,1,+01250,1,06,1",,"9,AGL   ,+99999,+99999","02,99,1,02,1,99,9,01250,1,99,9,99,9","240,M,+0362,1","240,N,+0282,1",,"9,9,999,9,+006,1",,"SYN07442137 32696 21405 10326 20274 49996 82400 333 10362 20282 58006 555 10086=",
"42137099999","2024-07-31T03:00:00","4","29.7","77.0333333","249.0","KARNAL, IN","FM-12","99999","V020","999,9,C,0000,1","99999,9,9,N","002000,1,9,9","+0306,1","+0292,1","09991,1","24,0160,3,1","2,1,02,1","2,1,02,1","03,1,+01250,1,06,1","99,9,+99999,9,05,1","9,AGL   ,+99999,+99999","07,99,1,03,1,99,9,01250,1,99,9,99,9","240,M,+0345,1","240,N,+0292,1",,"9,9,999,9,-006,1","10,1","SYN09242137 21695 70000 10306 20292 49991 71022 83420 333 10345 20292 59006 6016/ 555 00160 10102=",
"42137099999","2024-08-01T03:00:00","4","29.7","77.0333333","249.0","KARNAL, IN","FM-12","99999","V020","999,9,C,0000,1","99999,9,9,N","002000,1,9,9","+0270,1","+0259,1","09999,1","24,0380,3,1","2,1,02,1","2,1,02,1","04,1,+00800,1,06,1","99,9,+99999,9,05,1","9,AGL   ,+99999,+99999","08,99,1,04,1,99,9,00800,1,99,9,99,9","240,M,+0364,1","240,N,+0254,1",,"9,9,999,9,+004,1","10,1","SYN09242137 21595 80000 10270 20259 49999 71022 8442/ 333 10364 20254 58004 6038/ 555 00382 10140=",
"42137099999","2024-08-02T03:00:00","4","29.7","77.0333333","249.0","KARNAL, IN","FM-12","99999","V020","999,9,C,0000,1","22000,1,9,N","004000,1,9,9","+0310,1","+0265,1","09979,1",,,,"99,9,+99999,9,00,1",,"9,AGL   ,+99999,+99999","03,99,1,00,1,99,9,99999,9,99,9,99,9","240,M,+0320,1","240,N,+0274,1",,"9,9,999,9,-016,1",,"SYN07442137 32996 30000 10310 20265 49979 80001 333 10320 20274 59016 555 10140=","Q01    003SCCGA1"
"42137099999","2024-08-03T03:00:00","4","29.7","77.0333333","249.0","KARNAL, IN","FM-12","99999","V020","140,1,N,0026,1","99999,9,9,N","004000,1,9,9","+0294,1","+0263,1","09993,1",,,,"02,1,+01250,1,06,1","99,9,+99999,9,03,1","9,AGL   ,+99999,+99999","05,99,1,02,1,99,9,01250,1,99,9,99,9","240,M,+0335,1","240,N,+0275,1",,"9,9,999,9,+013,1",,"SYN07442137 32696 51405 10294 20263 49993 82430 333 10335 20275 58013 555 10140=",
"42137099999","2024-08-05T03:00:00","4","29.7","77.0333333","249.0","KARNAL, IN","FM-12","99999","V020","090,1,N,0026,1","22000,1,9,N","004000,1,9,9","+0300,1","+0258,1","10021,1",,,,"03,1,+01250,1,06,1",,"9,AGL   ,+99999,+99999","03,99,1,03,1,99,9,01250,1,99,9,99,9","240,M,+0300,1","240,N,+0258,1",,"9,9,999,9,+000,1",,"SYN07442137 32696 30905 10300 20258 40021 83400 333 10300 20258 58000 555 10140=",
"42137099999","2024-08-06T03:00:00","4","29.7","77.0333333","249.0","KARNAL, IN","FM-12","99999","V020","090,1,N,0015,1","22000,1,9,N","002000,1,9,9","+0290,1","+0268,1","10000,1",,"2,1,02,1","2,1,02,1","04,1,+01250,1,06,1",,"9,AGL   ,+99999,+99999","04,99,1,04,1,99,9,01250,1,99,9,99,9","240,M,+0334,1","240,N,+0270,1",,"9,9,999,9,-021,1","10,1","SYN08042137 31695 40903 10290 20268 40000 71022 84400 333 10334 20270 59021 555 10140=",
"42137099999","2024-08-07T03:00:00","4","29.7","77.0333333","249.0","KARNAL, IN","FM-12","99999","V020","140,1,N,0026,1","99999,9,9,N","004000,1,9,9","+0278,1","+0252,1","10004,1","24,0000,9,1",,,"03,1,+00800,1,06,1","99,9,+99999,9,05,1","9,AGL   ,+99999,+99999","07,99,1,03,1,99,9,00800,1,99,9,99,9","240,M,+0342,1","240,N,+0268,1",,"9,9,999,9,+003,1",,"SYN08642137 22596 71405 10278 20252 40004 83520 333 10342 20268 58003 6990/ 555 00000 10140=","Q01  00002PRCP24"
"42137099999","2024-08-08T03:00:00","4","29.7","77.0333333","249.0","KARNAL, IN","FM-12","99999","V020","140,1,N,0015,1","99999,9,9,N","002000,1,9,9","+0276,1","+0247,1","10026,1",,"2,1,02,1","2,1,02,1","03,1,+01250,1,06,1","99,9,+99999,9,03,1","9,AGL   ,+99999,+99999","05,99,1,03,1,99,9,01250,1,99,9,99,9","240,M,+0302,1","240,N,+0262,1",,"9,9,999,9,+021,1","10,1","SYN08042137 31695 51403 10276 20247 40026 71022 83430 333 10302 20262 58021 555 10140=",
"42137099999","2024-08-09T03:00:00","4","29.7","77.0333333","249.0","KARNAL, IN","FM-12","99999","V020","090,1,N,0010,1","22000,1,9,N","004000,1,9,9","+0296,1","+0262,1","10043,1",,,,"03,1,+01250,1,06,1",,"9,AGL   ,+99999,+99999","03,99,1,03,1,99,9,01250,1,99,9,99,9","240,M,+0332,1","240,N,+0265,1",,"9,9,999,9,+018,1",,"SYN07442137 32696 30902 10296 20262 40043 83400 333 10332 20265 58018 555 10140=",
"42137099999","2024-08-10T03:00:00","4","29.7","77.0333333","249.0","KARNAL, IN","FM-12","99999","V020","140,1,N,0015,1","99999,9,9,N","002000,1,9,9","+0286,1","+0261,1","10031,1","24,0040,3,1","2,1,02,1","2,1,02,1","03,1,+00800,1,06,1","99,9,+99999,9,05,1","9,AGL   ,+99999,+99999","06,99,1,03,1,99,9,00800,1,99,9,99,9","240,M,+0340,1","240,N,+0268,1",,"9,9,999,9,-012,1","10,1","SYN09242137 21595 61403 10286 20261 40031 71022 83420 333 10340 20268 59012 6004/ 555 00036 10144=",
"42137099999","2024-08-13T03:00:00","4","29.7","77.0333333","249.0","KARNAL, IN","FM-12","99999","V020","140,1,N,0021,1","99999,9,9,N","004000,1,9,9","+0286,1","+0261,1","10042,1","24,0080,3,1",,,"04,1,+00800,1,06,1","99,9,+99999,9,05,1","9,AGL   ,+99999,+99999","07,99,1,04,1,99,9,00800,1,99,9,99,9","240,M,+0310,1","240,N,+0260,1",,"9,9,999,9,+012,1",,"SYN08642137 22596 71404 10286 20261 40042 84420 333 10310 20260 58012 6008/ 555 00082 10230=",
"42137099999","2024-08-14T03:00:00","4","29.7","77.0333333","249.0","KARNAL, IN","FM-12","99999","V020","999,9,C,0000,1","99999,9,9,N","002000,1,9,9","+0284,1","+0270,1","10048,1","24,0040,3,1","2,1,02,1","2,1,02,1","02,1,+01250,1,06,1","99,9,+99999,9,03,1","9,AGL   ,+99999,+99999","05,99,1,02,1,99,9,01250,1,99,9,99,9","240,M,+0326,1","240,N,+0265,1",,"9,9,999,9,+004,1","10,1","SYN09242137 21695 50000 10284 20270 40048 71022 82430 333 10326 20265 58004 6004/ 555 00042 10234=",
"42137099999","2024-08-15T03:00:00","4","29.7","77.0333333","249.0","KARNAL, IN","FM-12","99999","V020","140,1,N,0021,1","99999,9,9,N","002000,1,9,9","+0282,1","+0271,1","10047,1","24,0008,3,1","2,1,02,1","2,1,02,1","04,1,+00800,1,06,1","99,9,+99999,9,05,1","9,AGL   ,+99999,+99999","08,99,1,04,1,99,9,00800,1,99,9,99,9","240,M,+0332,1","240,N,+0265,1",,"9,9,999,9,-001,1","10,1","SYN09242137 21595 81404 10282 20271 40047 71022 8452/ 333 10332 20265 59001 6998/ 555 00008 10235=",
"42137099999","2024-08-16T03:00:00","4","29.7","77.0333333","249.0","KARNAL, IN","FM-12","99999","V020","140,1,N,0010,1","99999,9,9,N","002000,1,9,9","+0300,1","+0269,1","10022,1","24,0007,3,1","2,1,02,1","2,1,02,1","03,1,+01250,1,06,1","99,9,+99999,9,05,1","9,AGL   ,+99999,+99999","06,99,1,03,1,99,9,01250,1,99,9,99,9","240,M,+0315,1","240,N,+0272,1",,"9,9,999,9,-023,1","10,1","SYN09242137 21695 61402 10300 20269 40022 71022 83420 333 10315 20272 59023 6997/ 555 00007 10236=",
"42137099999","2024-08-17T03:00:00","4","29.7","77.0333333","249.0","KARNAL, IN","FM-12","99999","V020","999,9,C,0000,1","99999,9,9,N","002000,1,9,9","+0290,1","+0276,1","10045,1","24,0100,3,1","2,1,02,1","2,1,02,1","03,1,+01250,1,06,1","99,9,+99999,9,05,1","9,AGL   ,+99999,+99999","07,99,1,03,1,99,9,01250,1,99,9,99,9","240,M,+0328,1","240,N,+0268,1",,"9,9,999,9,+022,1","10,1","SYN09242137 21695 70000 10290 20276 40045 71022 83420 333 10328 20268 58022 6010/ 555 00104 10246=",
"42137099999","2024-08-21T03:00:00","4","29.7","77.0333333","249.0","KARNAL, IN","FM-12","99999","V020","999,9,C,0000,1","99999,9,9,N","002000,1,9,9","+0296,1","+0274,1","10055,1","24,0007,3,1","0,1,02,1","0,1,02,1",,,,,"240,M,+0315,1","240,N,+0262,1",,"9,9,999,9,+018,1","10,1","SYN08642137 21995 00000 10296 20274 40055 71000 333 10315 20262 58018 6997/ 555 00007 10248=",
"42137099999","2024-08-22T03:00:00","4","29.7","77.0333333","249.0","KARNAL, IN","FM-12","99999","V020","999,9,C,0000,1","22000,1,9,N","002000,1,9,9","+0292,1","+0273,1","10040,1","24,0020,3,1","1,1,02,1","1,1,02,1","99,9,+99999,9,00,1",,"9,AGL   ,+99999,+99999","03,99,1,00,1,99,9,99999,9,99,9,99,9","240,M,+0348,1","240,N,+0270,1",,"9,9,999,9,-015,1","10,1","SYN09242137 21995 30000 10292 20273 40040 71011 80001 333 10348 20270 59015 6002/ 555 00020 10250=","Q01    003SCCGA1"
"42137099999","2024-08-23T03:00:00","4","29.7","77.0333333","249.0","KARNAL, IN","FM-12","99999","V020","180,1,N,0010,1","99999,9,9,N","002000,1,9,9","+0262,1","+0253,1","10057,1","24,0010,3,1","5,1,02,1","2,1,02,1","03,1,+00800,1,06,1","99,9,+99999,9,05,1","9,AGL   ,+99999,+99999","07,99,1,03,1,99,9,00800,1,99,9,99,9","240,M,+0345,1","240,N,+0258,1",,"9,9,999,9,+017,1","10,1","SYN09242137 21595 71802 10262 20253 40057 71052 83420 333 10345 20258 58017 6001/ 555 00012 10251=",
"42137099999","2024-08-24T03:00:00","4","29.7","77.0333333","249.0","KARNAL, IN","FM-12","99999","V020","999,9,C,0000,1","99999,9,9,N","002000,1,9,9","+0288,1","+0274,1","10060,1","24,0020,3,1","0,1,02,1","0,1,02,1",,,,,"240,M,+0305,1","240,N,+0252,1",,"9,9,999,9,+005,1","10,1","SYN08642137 21995 00000 10288 20274 40060 71000 333 10305 20252 58005 6002/ 555 00024 10253=",
"42137099999","2024-08-27T03:00:00","4","29.7","77.0333333","249.0","KARNAL, IN","FM-12","99999","V020","090,1,N,0026,1","22000,1,9,N","004000,1,9,9","+0298,1","+0259,1","10041,1","24,0030,3,1",,,"02,1,+01250,1,06,1",,"9,AGL   ,+99999,+99999","02,99,1,02,1,99,9,01250,1,99,9,99,9","240,M,+0345,1","240,N,+0250,1",,"9,9,999,9,+000,1",,"SYN08642137 22696 20905 10298 20259 40041 82400 333 10345 20250 58000 6003/ 555 00030 10257=",
"42137099999","2024-08-28T03:00:00","4","29.7","77.0333333","249.0","KARNAL, IN","FM-12","99999","V020","140,1,N,0026,1","22000,1,9,N","004000,1,9,9","+0288,1","+0251,1","10049,1",,,,"02,1,+01250,1,06,1",,"9,AGL   ,+99999,+99999","02,99,1,02,1,99,9,01250,1,99,9,99,9","240,M,+0338,1","240,N,+0252,1",,"9,9,999,9,+007,1",,"SYN07442137 32696 21405 10288 20251 40049 82400 333 10338 20252 58007 555 10257=",
"42137099999","2024-08-29T03:00:00","4","29.7","77.0333333","249.0","KARNAL, IN","FM-12","99999","V020","140,1,N,0021,1","99999,9,9,N","002000,1,9,9","+0246,1","+0246,1","10051,1","24,0180,3,1","6,1,02,1","2,1,02,1","04,1,+00800,1,06,1","99,9,+99999,9,05,1","9,AGL   ,+99999,+99999","08,99,1,04,1,99,9,00800,1,99,9,99,9","240,M,+0336,1","240,N,+0232,1",,"9,9,999,9,-002,1","62,1","SYN09242137 21595 81404 10246 20246 40051 76262 8452/ 333 10336 20232 59002 6018/ 555 00182 10275=",
"42137099999","2024-08-30T03:00:00","4","29.7","77.0333333","249.0","KARNAL, IN","FM-12","99999","V020","999,9,C,0000,1","99999,9,9,N","004000,1,9,9","+0296,1","+0268,1","10062,1","24,0070,3,1",,,,,,,"240,M,+0296,1","240,N,+0255,1",,"9,9,999,9,+015,1",,"SYN08042137 32996 00000 10296 20268 40062 333 10296 20255 58015 6007/ 555 00074 10283=",
"42137099999","2024-08-31T03:00:00","4","29.7","77.0333333","249.0","KARNAL, IN","FM-12","99999","V020","140,1,N,0010,1","99999,9,9,N","004000,1,9,9","+0296,1","+0268,1","10053,1",,,,,,,,"240,M,+0344,1","240,N,+0260,1",,"9,9,999,9,-009,1",,"SYN06842137 32996 01402 10296 20268 40053 333 10344 20260 59009 555 10283=",
"42137099999","2024-09-02T03:00:00","4","29.7","77.0333333","249.0","KARNAL, IN","FM-12","99999","V020","090,1,N,0015,1","99999,9,9,N","002000,1,9,9","+0282,1","+0265,1","10071,1",,"2,1,02,1","2,1,02,1","03,1,+01250,1,06,1","99,9,+99999,9,05,1","9,AGL   ,+99999,+99999","07,99,1,03,1,99,9,01250,1,99,9,99,9","240,M,+0344,1","240,N,+0260,1",,"9,9,999,9,+000,1","10,1","SYN08042137 31695 70903 10282 20265 40071 71022 83420 333 10344 20260 58000 555 10283=",
"42137099999","2024-09-03T03:00:00","4","29.7","77.0333333","249.0","KARNAL, IN","FM-12","99999","V020","999,9,C,0000,1","22000,1,9,N","004000,1,9,9","+0286,1","+0258,1","10070,1",,,,"03,1,+01250,1,06,1",,"9,AGL   ,+99999,+99999","03,99,1,03,1,99,9,01250,1,99,9,99,9","240,M,+0325,1","240,N,+0258,1",,"9,9,999,9,+000,1",,"SYN07442137 32696 30000 10286 20258 40070 83400 333 10325 20258 58000 555 10283=",
"42137099999","2024-09-04T03:00:00","4","29.7","77.0333333","249.0","KARNAL, IN","FM-12","99999","V020","999,9,C,0000,1","99999,9,9,N","002000,1,9,9","+0244,1","+0244,1","10058,1","24,0530,3,1","9,1,02,1","6,1,02,1","04,1,+00800,1,06,1","99,9,+99999,9,05,1","9,AGL   ,+99999,+99999","08,99,1,04,1,99,9,00800,1,99,9,99,9","240,M,+0330,1","240,N,+0230,1",,"9,9,999,9,-016,1","95,1","SYN09242137 21595 80000 10244 20244 40058 79596 8452/ 333 10330 20230 59016 6053/ 555 00534 10336=",
"42137099999","2024-09-05T03:00:00","4","29.7","77.0333333","249.0","KARNAL, IN","FM-12","99999","V020","999,9,C,0000,1","99999,9,9,N","002000,1,9,9","+0260,1","+0249,1","10031,1","24,0110,3,1","2,1,02,1","2,1,02,1","03,1,+01250,1,06,1","99,9,+99999,9,05,1","9,AGL   ,+99999,+99999","06,99,1,03,1,99,9,01250,1,99,9,99,9","240,M,+0288,1","240,N,+0242,1",,"9,9,999,9,-025,1","10,1","SYN09242137 21695 60000 10260 20249 40031 71022 83420 333 10288 20242 59025 6011/ 555 00110 10347=",
"42137099999","2024-09-06T03:00:00","4","29.7","77.0333333","249.0","KARNAL, IN","FM-12","99999","V020","999,9,C,0000,1","22000,1,9,N","002000,1,9,9","+0268,1","+0251,1","10038,1",,"1,1,02,1","1,1,02,1","02,1,+01250,1,06,1","99,9,+99999,9,05,1","9,AGL   ,+99999,+99999","04,99,1,02,1,99,9,01250,1,99,9,99,9","240,M,+0325,1","240,N,+0240,1",,"9,9,999,9,+008,1","10,1","SYN08042137 31695 40000 10268 20251 40038 71011 82420 333 10325 20240 58008 555 10347=",
"42137099999","2024-09-07T03:00:00","4","29.7","77.0333333","249.0","KARNAL, IN","FM-12","99999","V020","999,9,C,0000,1","99999,9,9,N","002000,1,9,9","+0262,1","+0251,1","10057,1","24,0170,3,1","5,1,02,1","2,1,02,1","04,1,+00800,1,06,1","99,9,+99999,9,05,1","9,AGL   ,+99999,+99999","08,99,1,04,1,99,9,00800,1,99,9,99,9","240,M,+0306,1","240,N,+0240,1",,"9,9,999,9,+018,1","50,1","SYN09242137 21595 80000 10262 20251 40057 75052 8452/ 333 10306 20240 58018 6017/ 555 00172 10364=",
"42137099999","2024-09-09T03:00:00","4","29.7","77.0333333","249.0","KARNAL, IN","FM-12","99999","V020","999,9,C,0000,1","99999,9,9,N","004000,1,9,9","+0288,1","+0269,1","10031,1",,,,,,,,"240,M,+0312,1","240,N,+0255,1",,"9,9,999,9,+000,1",,"SYN06842137 32996 00000 10288 20269 40031 333 10312 20255 58000 555 10370=",
"42137099999","2024-09-10T03:00:00","4","29.7","77.0333333","249.0","KARNAL, IN","FM-12","99999","V020","999,9,C,0000,1","99999,9,9,N","004000,1,9,9","+0274,1","+0251,1","10029,1",,,,"03,1,+01250,1,06,1","99,9,+99999,9,05,1","9,AGL   ,+99999,+99999","05,99,1,03,1,99,9,01250,1,99,9,99,9","240,M,+0340,1","240,N,+0250,1",,"9,9,999,9,-003,1",,"SYN07442137 32696 50000 10274 20251 40029 83420 333 10340 20250 59003 555 10370=",
"42137099999","2024-09-11T03:00:00","4","29.7","77.0333333","249.0","KARNAL, IN","FM-12","99999","V020","999,9,C,0000,1","99999,9,9,N","002000,1,9,9","+0260,1","+0243,1","10033,1","24,0120,3,1","5,1,02,1","2,1,02,1","03,1,+00800,1,06,1","99,9,+99999,9,05,1","9,AGL   ,+99999,+99999","06,99,1,03,1,99,9,00800,1,99,9,99,9","240,M,+0312,1","240,N,+0236,1",,"9,9,999,9,+002,1","10,1","SYN09242137 21595 60000 10260 20243 40033 71052 83420 333 10312 20236 58002 6012/ 555 00120 10382=",
"42137099999","2024-09-12T03:00:00","4","29.7","77.0333333","249.0","KARNAL, IN","FM-12","99999","V020","140,1,N,0026,1","99999,9,9,N","002000,1,9,9","+0262,1","+0253,1","10009,1","24,0010,3,1","5,1,02,1","2,1,02,1","04,1,+00800,1,06,1","99,9,+99999,9,05,1","9,AGL   ,+99999,+99999","08,99,1,04,1,99,9,00800,1,99,9,99,9","240,M,+0336,1","240,N,+0255,1",,"9,9,999,9,-023,1","50,1","SYN09242137 21595 81405 10262 20253 40009 75052 8452/ 333 10336 20255 59023 6001/ 555 00012 10383=",
"42137099999","2024-09-13T03:00:00","4","29.7","77.0333333","249.0","KARNAL, IN","FM-12","99999","V020","270,1,N,0021,1","99999,9,9,N","002000,1,9,9","+0244,1","+0241,1","09996,1","24,0130,3,1","6,1,02,1","2,1,02,1","04,1,+00800,1,06,1","99,9,+99999,9,05,1","9,AGL   ,+99999,+99999","08,99,1,04,1,99,9,00800,1,99,9,99,9","240,M,+0280,1","240,N,+0225,1",,"9,9,999,9,-014,1","60,1","SYN09242137 21595 82704 10244 20241 49996 76062 8452/ 333 10280 20225 59014 6013/ 555 00128 10396=",
"42137099999","2024-09-14T03:00:00","4","29.7","77.0333333","249.0","KARNAL, IN","FM-12","99999","V020","999,9,C,0000,1","99999,9,9,N","004000,1,9,9","+0246,1","+0237,1","10032,1","24,0140,3,1",,,"03,1,+01250,1,06,1","99,9,+99999,9,05,1","9,AGL   ,+99999,+99999","06,99,1,03,1,99,9,01250,1,99,9,99,9","240,M,+0262,1","240,N,+0220,1",,"9,9,999,9,+035,1",,"SYN08642137 22696 60000 10246 20237 40032 83420 333 10262 20220 58035 6014/ 555 00136 10409=",
"42137099999","2024-09-16T03:00:00","4","29.7","77.0333333","249.0","KARNAL, IN","FM-12","99999","V020","999,9,C,0000,1","99999,9,9,N","004000,1,9,9","+0260,1","+0246,1","10050,1","24,0230,3,1",,,,,,,"240,M,+0315,1","240,N,+0225,1",,"9,9,999,9,+000,1",,"SYN08042137 22996 00000 10260 20246 40050 333 10315 20225 58000 6023/ 555 00232 10455=",
"42137099999","2024-09-17T03:00:00","4","29.7","77.0333333","249.0","KARNAL, IN","FM-12","99999","V020","270,1,N,0010,1","99999,9,9,N","002000,1,9,9","+0274,1","+0257,1","10067,1",,"0,1,02,1","0,1,02,1",,,,,"240,M,+0325,1","240,N,+0238,1",,"9,9,999,9,+018,1","10,1","SYN07442137 31995 02702 10274 20257 40067 71000 333 10325 20238 58018 555 10455=",
"42137099999","2024-09-18T03:00:00","4","29.7","77.0333333","249.0","KARNAL, IN","FM-12","99999","V020","999,9,C,0000,1","99999,9,9,N","002000,1,9,9","+0266,1","+0252,1","10062,1","24,0008,3,1","2,1,02,1","2,1,02,1","03,1,+01250,1,06,1","99,9,+99999,9,05,1","9,AGL   ,+99999,+99999","07,99,1,03,1,99,9,01250,1,99,9,99,9","240,M,+0332,1","240,N,+0245,1",,"9,9,999,9,-006,1","10,1","SYN09242137 21695 70000 10266 20252 40062 71022 83420 333 10332 20245 59006 6998/ 555 00008 10455=",
"42137099999","2024-09-19T03:00:00","4","29.7","77.0333333","249.0","KARNAL, IN","FM-12","99999","V020","090,1,N,0010,1","99999,9,9,N","004000,1,9,9","+0258,1","+0222,1","10071,1",,,,"03,1,+01250,1,06,1","99,9,+99999,9,05,1","9,AGL   ,+99999,+99999","06,99,1,03,1,99,9,01250,1,99,9,99,9","240,M,+0300,1","240,N,+0232,1",,"9,9,999,9,+008,1",,"SYN07442137 32696 60902 10258 20222 40071 83420 333 10300 20232 58008 555 10455=",
"42137099999","2024-09-20T03:00:00","4","29.7","77.0333333","249.0","KARNAL, IN","FM-12","99999","V020","999,9,C,0000,1","99999,9,9,N","004000,1,9,9","+0268,1","+0242,1","10066,1",,,,,,,,"240,M,+0325,1","240,N,+0230,1",,"9,9,999,9,-004,1",,"SYN06842137 32996 00000 10268 20242 40066 333 10325 20230 59004 555 10455=",
"42137099999","2024-09-21T03:00:00","4","29.7","77.0333333","249.0","KARNAL, IN","FM-12","99999","V020","999,9,C,0000,1","99999,9,9,N","002000,1,9,9","+0278,1","+0258,1","10073,1",,"0,1,02,1","0,1,02,1",,,,,"240,M,+0340,1","240,N,+0245,1",,"9,9,999,9,+008,1","10,1","SYN07442137 31995 00000 10278 20258 40073 71000 333 10340 20245 58008 555 10455=",
"42137099999","2024-09-23T03:00:00","4","29.7","77.0333333","249.0","KARNAL, IN","FM-12","99999","V020","999,9,C,0000,1","99999,9,9,N","002000,1,9,9","+0288,1","+0269,1","10066,1",,"0,1,02,1","0,1,02,1",,,,,"240,M,+0348,1","240,N,+0252,1",,"9,9,999,9,+000,1","10,1","SYN07442137 31995 00000 10288 20269 40066 71000 333 10348 20252 58000 555 10455=",
"42137099999","2024-09-24T03:00:00","4","29.7","77.0333333","249.0","KARNAL, IN","FM-12","99999","V020","999,9,C,0000,1","99999,9,9,N","002000,1,9,9","+0294,1","+0275,1","10054,1",,"0,1,02,1","0,1,02,1",,,,,"240,M,+0358,1","240,N,+0258,1",,"9,9,999,9,-011,1","10,1","SYN07442137 31995 00000 10294 20275 40054 71000 333 10358 20258 59011 555 10455=",
"42137099999","2024-09-25T03:00:00","4","29.7","77.0333333","249.0","KARNAL, IN","FM-12","99999","V020","999,9,C,0000,1","22000,1,9,N","002000,1,9,9","+0292,1","+0267,1","10055,1",,"1,1,02,1","1,1,02,1","03,1,+01250,1,06,1",,"9,AGL   ,+99999,+99999","03,99,1,03,1,99,9,01250,1,99,9,99,9","240,M,+0355,1","240,N,+0262,1",,"9,9,999,9,+001,1","10,1","SYN08042137 31695 30000 10292 20267 40055 71011 83400 333 10355 20262 58001 555 10455=",
"42137099999","2024-09-26T03:00:00","4","29.7","77.0333333","249.0","KARNAL, IN","FM-12","99999","V020","140,1,N,0015,1","99999,9,9,N","004000,1,9,9","+0272,1","+0258,1","10067,1","24,0030,3,1",,,"03,1,+01250,1,06,1","99,9,+99999,9,05,1","9,AGL   ,+99999,+99999","07,99,1,03,1,99,9,01250,1,99,9,99,9","240,M,+0354,1","240,N,+0248,1",,"9,9,999,9,+010,1",,"SYN08642137 22696 71403 10272 20258 40067 83420 333 10354 20248 58010 6003/ 555 00027 10458=",
"42137099999","2024-09-27T03:00:00","4","29.7","77.0333333","249.0","KARNAL, IN","FM-12","99999","V020","180,1,N,0021,1","22000,1,9,N","004000,1,9,9","+0278,1","+0255,1","10055,1","24,0020,3,1",,,"04,1,+01250,1,06,1",,"9,AGL   ,+99999,+99999","04,99,1,04,1,99,9,01250,1,99,9,99,9","240,M,+0320,1","240,N,+0240,1",,"9,9,999,9,-012,1",,"SYN08642137 22696 41804 10278 20255 40055 84400 333 10320 20240 59012 6002/ 555 00020 10460=",
"42137099999","2024-09-28T03:00:00","4","29.7","77.0333333","249.0","KARNAL, IN","FM-12","99999","V020","999,9,C,0000,1","22000,1,9,N","004000,1,9,9","+0260,1","+0231,1","10066,1","24,0000,9,1",,,"02,1,+01250,1,06,1","99,9,+99999,9,00,1","9,AGL   ,+99999,+99999","04,99,1,02,1,99,9,01250,1,99,9,99,9","240,M,+0322,1","240,N,+0228,1",,"9,9,999,9,+009,1",,"SYN08642137 22696 40000 10260 20231 40066 82401 333 10322 20228 58009 6990/ 555 00000 10460=","Q01  00002PRCP24"
"42137099999","2024-09-30T03:00:00","4","29.7","77.0333333","249.0","KARNAL, IN","FM-12","99999","V020","180,1,N,0010,1","99999,9,9,N","004000,1,9,9","+0262,1","+0242,1","10093,1",,,,,,,,"240,M,+0322,1","240,N,+0226,1",,"9,9,999,9,+000,1",,"SYN06842137 32996 01802 10262 20242 40093 333 10322 20226 58000 555 10460=",
"42137099999","2024-10-01T03:00:00","4","29.7","77.0333333","249.0","KARNAL, IN","FM-12","99999","V020","270,1,N,0015,1","99999,9,9,N","002000,1,9,9","+0266,1","+0249,1","10060,1",,"0,1,02,1","0,1,02,1",,,,,"240,M,+0332,1","240,N,+0236,1",,"9,9,999,9,-032,1","10,1","SYN07442137 31995 02703 10266 20249 40060 71000 333 10332 20236 59032 555 10000=",
"42137099999","2024-10-03T03:00:00","4","29.7","77.0333333","249.0","KARNAL, IN","FM-12","99999","V020","999,9,C,0000,1","99999,9,9,N","002000,1,9,9","+0266,1","+0240,1","10051,1",,"0,1,02,1","0,1,02,1",,,,,"240,M,+0355,1","240,N,+0220,1",,"9,9,999,9,+000,1","10,1","SYN07442137 31995 00000 10266 20240 40051 71000 333 10355 20220 58000 555 10000=",
"42137099999","2024-10-04T03:00:00","4","29.7","77.0333333","249.0","KARNAL, IN","FM-12","99999","V020","999,9,C,0000,1","99999,9,9,N","002000,1,9,9","+0274,1","+0245,1","10056,1",,"0,1,02,1","0,1,02,1",,,,,"240,M,+0350,1","240,N,+0222,1",,"9,9,999,9,+006,1","10,1","SYN07442137 31995 00000 10274 20245 40056 71000 333 10350 20222 58006 555 10000=",
"42137099999","2024-10-05T03:00:00","4","29.7","77.0333333","249.0","KARNAL, IN","FM-12","99999","V020","999,9,C,0000,1","99999,9,9,N","002000,1,9,9","+0270,1","+0253,1","10082,1",,"0,1,02,1","0,1,02,1",,,,,"240,M,+0358,1","240,N,+0216,1",,"9,9,999,9,+025,1","10,1","SYN07442137 31995 00000 10270 20253 40082 71000 333 10358 20216 58025 555 10000=",
"42137099999","2024-10-07T03:00:00","4","29.7","77.0333333","249.0","KARNAL, IN","FM-12","99999","V020","999,9,C,0000,1","99999,9,9,N","002000,1,9,9","+0244,1","+0220,1","10147,1",,"0,1,02,1","0,1,02,1",,,,,"240,M,+0340,1","240,N,+0202,1",,"9,9,999,9,+000,1","10,1","SYN07442137 31995 00000 10244 20220 40147 71000 333 10340 20202 58000 555 10018=",
"42137099999","2024-10-08T03:00:00","4","29.7","77.0333333","249.0","KARNAL, IN","FM-12","99999","V020","999,9,C,0000,1","99999,9,9,N","002000,1,9,9","+0246,1","+0222,1","10144,1",,"0,1,02,1","0,1,02,1",,,,,"240,M,+0338,1","240,N,+0208,1",,"9,9,999,9,-003,1","10,1","SYN07442137 31995 00000 10246 20222 40144 71000 333 10338 20208 59003 555 10018=",
"42137099999","2024-10-09T03:00:00","4","29.7","77.0333333","249.0","KARNAL, IN","FM-12","99999","V020","999,9,C,0000,1","99999,9,9,N","004000,1,9,9","+0238,1","+0214,1","10121,1",,,,,,,,"240,M,+0340,1","240,N,+0195,1",,"9,9,999,9,-023,1",,"SYN06842137 32996 00000 10238 20214 40121 333 10340 20195 59023 555 10018=",
"42137099999","2024-10-10T03:00:00","4","29.7","77.0333333","249.0","KARNAL, IN","FM-12","99999","V020","320,1,N,0010,1","99999,9,9,N","004000,1,9,9","+0232,1","+0198,1","10109,1",,,,,,,,"240,M,+0332,1","240,N,+0196,1",,"9,9,999,9,-012,1",,"SYN06842137 32996 03202 10232 20198 40109 333 10332 20196 59012 555 10018=",
"42137099999","2024-10-11T03:00:00","4","29.7","77.0333333","249.0","KARNAL, IN","FM-12","99999","V020","999,9,C,0000,1","99999,9,9,N","004000,1,9,9","+0228,1","+0190,1","10110,1",,,,,,,,"240,M,+0338,1","240,N,+0178,1",,"9,9,999,9,+000,1",,"SYN06842137 32996 00000 10228 20190 40110 333 10338 20178 58000 555 10018=",
"42137099999","2024-10-14T03:00:00","4","29.7","77.0333333","249.0","KARNAL, IN","FM-12","99999","V020","999,9,C,0000,1","99999,9,9,N","004000,1,9,9","+0226,1","+0188,1","10140,1",,,,,,,,"240,M,+0340,1","240,N,+0190,1",,"9,9,999,9,+000,1",,"SYN06842137 32996 00000 10226 20188 40140 333 10340 20190 58000 555 10018=",
"42137099999","2024-10-15T03:00:00","4","29.7","77.0333333","249.0","KARNAL, IN","FM-12","99999","V020","999,9,C,0000,1","99999,9,9,N","004000,1,9,9","+0220,1","+0182,1","10128,1",,,,,,,,"240,M,+0330,1","240,N,+0182,1",,"9,9,999,9,-012,1",,"SYN06842137 32996 00000 10220 20182 40128 333 10330 20182 59012 555 10018=",
"42137099999","2024-10-16T03:00:00","4","29.7","77.0333333","249.0","KARNAL, IN","FM-12","99999","V020","999,9,C,0000,1","99999,9,9,N","004000,1,9,9","+0220,1","+0182,1","10109,1",,,,"02,1,+01250,1,06,1","99,9,+99999,9,03,1","9,AGL   ,+99999,+99999","05,99,1,02,1,99,9,01250,1,99,9,99,9","240,M,+0335,1","240,N,+0178,1",,"9,9,999,9,-018,1",,"SYN07442137 32696 50000 10220 20182 40109 82430 333 10335 20178 59018 555 10018=",
"42137099999","2024-10-17T03:00:00","4","29.7","77.0333333","249.0","KARNAL, IN","FM-12","99999","V020","999,9,C,0000,1","99999,9,9,N","002000,1,9,9","+0230,1","+0215,1","10115,1",,"0,1,02,1","0,1,02,1",,,,,"240,M,+0334,1","240,N,+0190,1",,"9,9,999,9,+006,1","10,1","SYN07442137 31995 00000 10230 20215 40115 71000 333 10334 20190 58006 555 10018=",
"42137099999","2024-10-18T03:00:00","4","29.7","77.0333333","249.0","KARNAL, IN","FM-12","99999","V020","999,9,C,0000,1","99999,9,9,N","002000,1,9,9","+0224,1","+0212,1","10120,1",,"0,1,02,1","0,1,02,1",,,,,"240,M,+0340,1","240,N,+0188,1",,"9,9,999,9,+007,1","10,1","SYN07442137 31995 00000 10224 20212 40120 71000 333 10340 20188 58007 555 10018=",
"42137099999","2024-10-19T03:00:00","4","29.7","77.0333333","249.0","KARNAL, IN","FM-12","99999","V020","090,1,N,0015,1","99999,9,9,N","002000,1,9,9","+0228,1","+0207,1","10130,1",,"0,1,02,1","0,1,02,1",,,,,"240,M,+0332,1","240,N,+0198,1",,"9,9,999,9,+008,1","10,1","SYN07442137 31995 00903 10228 20207 40130 71000 333 10332 20198 58008 555 10018=",
"42137099999","2024-10-21T03:00:00","4","29.7","77.0333333","249.0","KARNAL, IN","FM-12","99999","V020","999,9,C,0000,1","99999,9,9,N","002000,1,9,9","+0226,1","+0198,1","10144,1",,"0,1,02,1","0,1,02,1",,,,,"240,M,+0320,1","240,N,+0195,1",,"9,9,999,9,+000,1","10,1","SYN07442137 31995 00000 10226 20198 40144 71000 333 10320 20195 58000 555 10018=",
"42137099999","2024-10-22T03:00:00","4","29.7","77.0333333","249.0","KARNAL, IN","FM-12","99999","V020","999,9,C,0000,1","99999,9,9,N","002000,1,9,9","+0224,1","+0209,1","10157,1",,"0,1,02,1","0,1,02,1",,,,,"240,M,+0322,1","240,N,+0190,1",,"9,9,999,9,+013,1","10,1","SYN07442137 31995 00000 10224 20209 40157 71000 333 10322 20190 58013 555 10018=",
"42137099999","2024-10-23T03:00:00","4","29.7","77.0333333","249.0","KARNAL, IN","FM-12","99999","V020","999,9,C,0000,1","99999,9,9,N","002000,1,9,9","+0220,1","+0205,1","10147,1",,"0,1,02,1","0,1,02,1",,,,,"240,M,+0320,1","240,N,+0185,1",,"9,9,999,9,-011,1","10,1","SYN07442137 31995 00000 10220 20205 40147 71000 333 10320 20185 59011 555 10018=",
"42137099999","2024-10-24T03:00:00","4","29.7","77.0333333","249.0","KARNAL, IN","FM-12","99999","V020","270,1,N,0015,1","99999,9,9,N","004000,1,9,9","+0216,1","+0184,1","10134,1",,,,,,,,"240,M,+0320,1","240,N,+0180,1",,"9,9,999,9,-013,1",,"SYN06842137 32996 02703 10216 20184 40134 333 10320 20180 59013 555 10018=",
"42137099999","2024-10-25T03:00:00","4","29.7","77.0333333","249.0","KARNAL, IN","FM-12","99999","V020","999,9,C,0000,1","99999,9,9,N","002000,1,9,9","+0198,1","+0175,1","10128,1",,"0,1,02,1","0,1,02,1",,,,,"240,M,+0335,1","240,N,+0166,1",,"9,9,999,9,-007,1","04,1","SYN07442137 31995 00000 10198 20175 40128 70400 333 10335 20166 59007 555 10018=",
"42137099999","2024-10-26T03:00:00","4","29.7","77.0333333","249.0","KARNAL, IN","FM-12","99999","V020","999,9,C,0000,1","99999,9,9,N","002000,1,9,9","+0196,1","+0170,1","10130,1",,"0,1,02,1","0,1,02,1",,,,,"240,M,+0322,1","240,N,+0160,1",,"9,9,999,9,+002,1","04,1","SYN07442137 31995 00000 10196 20170 40130 70400 333 10322 20160 58002 555 10018=",
"42137099999","2024-10-28T03:00:00","4","29.7","77.0333333","249.0","KARNAL, IN","FM-12","99999","V020","999,9,C,0000,1","99999,9,9,N","002000,1,9,9","+0230,1","+0215,1","10103,1",,"0,1,02,1","0,1,02,1",,,,,"240,M,+0318,1","240,N,+0192,1",,"9,9,999,9,+000,1","10,1","SYN07442137 31995 00000 10230 20215 40103 71000 333 10318 20192 58000 555 10018=",
"42137099999","2024-10-29T03:00:00","4","29.7","77.0333333","249.0","KARNAL, IN","FM-12","99999","V020","999,9,C,0000,1","99999,9,9,N","002000,1,9,9","+0232,1","+0214,1","10110,1",,"0,1,02,1","0,1,02,1",,,,,"240,M,+0310,1","240,N,+0199,1",,"9,9,999,9,+007,1","10,1","SYN07442137 31995 00000 10232 20214 40110 71000 333 10310 20199 58007 555 10018=",
"42137099999","2024-10-30T03:00:00","4","29.7","77.0333333","249.0","KARNAL, IN","FM-12","99999","V020","090,1,N,0015,1","99999,9,9,N","002000,1,9,9","+0228,1","+0213,1","10109,1",,"0,1,02,1","0,1,02,1",,,,,"240,M,+0332,1","240,N,+0198,1",,"9,9,999,9,-002,1","04,1","SYN07442137 31995 00903 10228 20213 40109 70400 333 10332 20198 59002 555 10018=",
"42137099999","2024-11-04T03:00:00","4","29.7","77.0333333","249.0","KARNAL, IN","FM-12","99999","V020","999,9,C,0000,1","99999,9,9,N","001000,1,9,9","+0190,1","+0163,1","10138,1",,"0,1,02,1","0,1,02,1",,,,,"240,M,+0308,1","240,N,+0152,1",,"9,9,999,9,+000,1","04,1","SYN07442137 31994 00000 10190 20163 40138 70400 333 10308 20152 58000 555 10018=",
"42137099999","2024-11-05T03:00:00","4","29.7","77.0333333","249.0","KARNAL, IN","FM-12","99999","V020","230,1,N,0015,1","99999,9,9,N","001000,1,9,9","+0208,1","+0189,1","10166,1",,"0,1,02,1","0,1,02,1",,,,,"240,M,+0310,1","240,N,+0170,1",,"9,9,999,9,+029,1","04,1","SYN07442137 31994 02303 10208 20189 40166 70400 333 10310 20170 58029 555 10018=",
"42137099999","2024-11-06T03:00:00","4","29.7","77.0333333","249.0","KARNAL, IN","FM-12","99999","V020","999,9,C,0000,1","99999,9,9,N","000500,1,9,9","+0200,1","+0184,1","10173,1",,"4,1,02,1","1,1,02,1",,,,,"240,M,+0300,1","240,N,+0165,1",,"9,9,999,9,+006,1","11,1","SYN07442137 31993 00000 10200 20184 40173 71141 333 10300 20165 58006 555 10018=",
"42137099999","2024-11-07T03:00:00","4","29.7","77.0333333","249.0","KARNAL, IN","FM-12","99999","V020","999,9,C,0000,1","99999,9,9,N","000500,1,9,9","+0202,1","+0193,1","10162,1",,"4,1,02,1","0,1,02,1",,,,,"240,M,+0302,1","240,N,+0176,1",,"9,9,999,9,-011,1","11,1","SYN07442137 31993 00000 10202 20193 40162 71140 333 10302 20176 59011 555 10018=",
"42137099999","2024-11-08T03:00:00","4","29.7","77.0333333","249.0","KARNAL, IN","FM-12","99999","V020","999,9,C,0000,1","99999,9,9,N","000500,1,9,9","+0198,1","+0185,1","10163,1",,"4,1,02,1","2,1,02,1",,,,,"240,M,+0300,1","240,N,+0175,1",,"9,9,999,9,+001,1","42,1","SYN07442137 31993 00000 10198 20185 40163 74242 333 10300 20175 58001 555 10018=",
"42137099999","2024-11-09T03:00:00","4","29.7","77.0333333","249.0","KARNAL, IN","FM-12","99999","V020","140,1,N,0010,1","99999,9,9,N","000500,1,9,9","+0202,1","+0196,1","10163,1",,"0,1,02,1","0,1,02,1",,,,,"240,M,+0290,1","240,N,+0182,1",,"9,9,999,9,+000,1","04,1","SYN07442137 31993 01402 10202 20196 40163 70400 333 10290 20182 58000 555 10018=",
"42137099999","2024-11-11T03:00:00","4","29.7","77.0333333","249.0","KARNAL, IN","FM-12","99999","V020","999,9,C,0000,1","99999,9,9,N","000500,1,9,9","+0200,1","+0194,1","10161,1",,"4,1,02,1","0,1,02,1",,,,,"240,M,+0295,1","240,N,+0183,1",,"9,9,999,9,+000,1","44,1","SYN07442137 31993 00000 10200 20194 40161 74440 333 10295 20183 58000 555 10018=",
"42137099999","2024-11-12T03:00:00","4","29.7","77.0333333","249.0","KARNAL, IN","FM-12","99999","V020","999,9,C,0000,1","99999,9,9,N","001000,1,9,9","+0204,1","+0195,1","10160,1",,"0,1,02,1","0,1,02,1",,,,,"240,M,+0286,1","240,N,+0184,1",,"9,9,999,9,-008,1","04,1","SYN07442137 31994 00000 10204 20195 40160 70400 333 10286 20184 59008 555 10018=",
"42137099999","2024-11-13T03:00:00","4","29.7","77.0333333","249.0","KARNAL, IN","FM-12","99999","V020","320,1,N,0010,1","99999,9,9,N","000200,1,9,9","+0192,1","+0189,1","10147,1",,"4,1,02,1","0,1,02,1",,,,,"240,M,+0294,1","240,N,+0180,1",,"9,9,999,9,-014,1","44,1","SYN07442137 31992 03202 10192 20189 40147 74440 333 10294 20180 59014 555 10018=",
"42137099999","2024-11-14T03:00:00","4","29.7","77.0333333","249.0","KARNAL, IN","FM-12","99999","V020","999,9,C,0000,1","99999,9,9,N","000500,1,9,9","+0172,1","+0169,1","10175,1",,"4,1,02,1","0,1,02,1",,,,,"240,M,+0220,1","240,N,+0136,1",,"9,9,999,9,+025,1","44,1","SYN07442137 31993 00000 10172 20169 40175 74440 333 10220 20136 58025 555 10018=",
"42137099999","2024-11-16T03:00:00","4","29.7","77.0333333","249.0","KARNAL, IN","FM-12","99999","V020","320,1,N,0010,1","00030,1,W,N","000050,1,9,9","+0154,1","+0147,1","10145,1",,"4,1,02,1","4,1,02,1",,,,"09,99,1,99,9,99,9,99999,9,99,9,99,9","240,M,+0265,1","240,N,+0130,1",,"9,9,999,9,+000,1","45,1","SYN07442137 31/91 93202 10154 20147 40145 74544 333 10265 20130 58000 555 10018=",
"42137099999","2024-11-22T03:00:00","4","29.7","77.0333333","249.0","KARNAL, IN","FM-12","99999","V020","999,9,C,0000,1","99999,9,9,N","001000,1,9,9","+0138,1","+0120,1","10166,1",,"4,1,02,1","0,1,02,1",,,,,"240,M,+0272,1","240,N,+0104,1",,"9,9,999,9,-004,1","05,1","SYN07442137 31994 00000 10138 20120 40166 70540 333 10272 20104 59004 555 10018=",
"42137099999","2024-11-23T03:00:00","4","29.7","77.0333333","249.0","KARNAL, IN","FM-12","99999","V020","999,9,C,0000,1","99999,9,9,N","000500,1,9,9","+0126,1","+0115,1","10174,1",,"4,1,02,1","0,1,02,1",,,,,"240,M,+0264,1","240,N,+0110,1",,"9,9,999,9,+006,1","42,1","SYN07442137 31993 00000 10126 20115 40174 74240 333 10264 20110 58006 555 10018=",
"42137099999","2024-11-25T03:00:00","4","29.7","77.0333333","249.0","KARNAL, IN","FM-12","99999","V020","999,9,C,0000,1","99999,9,9,N","000500,1,9,9","+0140,1","+0129,1","10175,1",,"4,1,02,1","0,1,02,1",,,,,"240,M,+0272,1","240,N,+0125,1",,"9,9,999,9,+000,1","10,1","SYN07442137 31993 00000 10140 20129 40175 71040 333 10272 20125 58000 555 10018=",
"42137099999","2024-11-26T03:00:00","4","29.7","77.0333333","249.0","KARNAL, IN","FM-12","99999","V020","999,9,C,0000,1","99999,9,9,N","001000,1,9,9","+0126,1","+0095,1","10177,1",,"4,1,02,1","0,1,02,1",,,,,"240,M,+0255,1","240,N,+0104,1",,"9,9,999,9,+000,1","05,1","SYN07442137 31994 00000 10126 20095 40177 70540 333 10255 20104 58000 555 10018=",
"42137099999","2024-11-27T03:00:00","4","29.7","77.0333333","249.0","KARNAL, IN","FM-12","99999","V020","999,9,C,0000,1","99999,9,9,N","001000,1,9,9","+0120,1","+0088,1","10170,1",,"4,1,02,1","0,1,02,1",,,,,"240,M,+0256,1","240,N,+0090,1",,"9,9,999,9,-007,1","05,1","SYN07442137 31994 00000 10120 20088 40170 70540 333 10256 20090 59007 555 10018=",
"42137099999","2024-11-28T03:00:00","4","29.7","77.0333333","249.0","KARNAL, IN","FM-12","99999","V020","999,9,C,0000,1","99999,9,9,N","001000,1,9,9","+0120,1","+0092,1","10183,1",,"4,1,02,1","0,1,02,1",,,,,"240,M,+0252,1","240,N,+0088,1",,"9,9,999,9,+012,1","10,1","SYN07442137 31994 00000 10120 20092 40183 71040 333 10252 20088 58012 555 10018=",
"42137099999","2024-12-02T03:00:00","4","29.7","77.0333333","249.0","KARNAL, IN","FM-12","99999","V020","999,9,C,0000,1","99999,9,9,N","001000,1,9,9","+0122,1","+0107,1","10152,1",,"0,1,02,1","0,1,02,1",,,,,"240,M,+0250,1","240,N,+0095,1",,"9,9,999,9,+000,1","10,1","SYN07442137 31994 00000 10122 20107 40152 71000 333 10250 20095 58000 555 10018=",
"42137099999","2024-12-03T03:00:00","4","29.7","77.0333333","249.0","KARNAL, IN","FM-12","99999","V020","999,9,C,0000,1","99999,9,9,N","002000,1,9,9","+0134,1","+0107,1","10171,1",,"4,1,02,1","0,1,02,1",,,,,"240,M,+0270,1","240,N,+0100,1",,"9,9,999,9,+019,1","05,1","SYN07442137 31995 00000 10134 20107 40171 70540 333 10270 20100 58019 555 10018=",
"42137099999","2024-12-04T03:00:00","4","29.7","77.0333333","249.0","KARNAL, IN","FM-12","99999","V020","290,1,N,0010,1","99999,9,9,N","002000,1,9,9","+0146,1","+0096,1","10119,1",,"0,1,02,1","0,1,02,1",,,,,"240,M,+0270,1","240,N,+0096,1",,"9,9,999,9,-013,1","05,1","SYN07442137 31995 02902 10146 20096 40119 70500 333 10270 20096 59013 555 10018=",
"42137099999","2024-12-06T03:00:00","4","29.7","77.0333333","249.0","KARNAL, IN","FM-12","99999","V020","999,9,C,0000,1","99999,9,9,N","002000,1,9,9","+0106,1","+0063,1","10154,1",,"0,1,02,1","0,1,02,1",,,,,"240,M,+0242,1","240,N,+0065,1",,"9,9,999,9,+000,1","05,1","SYN07442137 31995 00000 10106 20063 40154 70500 333 10242 20065 58000 555 10018=",
"42137099999","2024-12-07T03:00:00","4","29.7","77.0333333","249.0","KARNAL, IN","FM-12","99999","V020","999,9,C,0000,1","99999,9,9,N","001000,1,9,9","+0086,1","+0060,1","10153,1",,"4,1,02,1","0,1,02,1",,,,,"240,M,+0235,1","240,N,+0060,1",,"9,9,999,9,-003,1","10,1","SYN07442137 31994 00000 10086 20060 40153 71040 333 10235 20060 59003 555 10018=",
"42137099999","2024-12-09T03:00:00","4","29.7","77.0333333","249.0","KARNAL, IN","FM-12","99999","V020","999,9,C,0000,1","02400,1,C,N","002000,1,9,9","+0108,1","+0079,1","10167,1","24,0130,3,1","0,1,02,1","0,1,02,1","05,1,+02400,1,03,1",,"9,AGL   ,+99999,+99999","99,99,9,05,1,99,9,02400,1,99,9,99,9","240,N,+0098,1",,,,"05,1","SYN08642137 21895 00000 10108 20079 40167 70500 85030 333 20098 6013/ 85358 555 00126 10030=",
"42137099999","2024-12-10T03:00:00","4","29.7","77.0333333","249.0","KARNAL, IN","FM-12","99999","V020","999,9,C,0000,1","99999,9,9,N","002000,1,9,9","+0078,1","+0056,1","10191,1",,"0,1,02,1","0,1,02,1",,,,,"240,M,+0208,1","240,N,+0058,1",,"9,9,999,9,+020,1","10,1","SYN07442137 31995 00000 10078 20056 40191 71000 333 10208 20058 58020 555 10030=",
"42137099999","2024-12-11T03:00:00","4","29.7","77.0333333","249.0","KARNAL, IN","FM-12","99999","V020","999,9,C,0000,1","99999,9,9,N","002000,1,9,9","+0064,1","+0031,1","10192,1",,"0,1,02,1","0,1,02,1",,,,,"240,M,+0213,1","240,N,+0048,1",,"9,9,999,9,-001,1","10,1","SYN07442137 31995 00000 10064 20031 40192 71000 333 10213 20048 59001 555 10030=",
"42137099999","2024-12-12T03:00:00","4","29.7","77.0333333","249.0","KARNAL, IN","FM-12","99999","V020","999,9,C,0000,1","99999,9,9,N","002000,1,9,9","+0074,1","+0026,1","10177,1",,"0,1,02,1","0,1,02,1",,,,,"240,M,+0218,1","240,N,+0036,1",,"9,9,999,9,-013,1","05,1","SYN07442137 31995 00000 10074 20026 40177 70500 333 10218 20036 59013 555 10030=",
"42137099999","2024-12-13T03:00:00","4","29.7","77.0333333","249.0","KARNAL, IN","FM-12","99999","V020","999,9,C,0000,1","99999,9,9,N","002000,1,9,9","+0102,1","+0028,1","10188,1",,"0,1,02,1","0,1,02,1",,,,,"240,M,+0208,1","240,N,+0062,1",,"9,9,999,9,+013,1","05,1","SYN07442137 31995 00000 10102 20028 40188 70500 333 10208 20062 58013 555 10030=",
"42137099999","2024-12-14T03:00:00","4","29.7","77.0333333","249.0","KARNAL, IN","FM-12","99999","V020","270,1,N,0005,1","99999,9,9,N","002000,1,9,9","+0070,1","+0032,1","10192,1",,"0,1,02,1","0,1,02,1",,,,,"240,M,+0216,1","240,N,+0040,1",,"9,9,999,9,+003,1","10,1","SYN07442137 31995 02701 10070 20032 40192 71000 333 10216 20040 58003 555 10030=",
"42137099999","2024-12-16T03:00:00","4","29.7","77.0333333","249.0","KARNAL, IN","FM-12","99999","V020","999,9,C,0000,1","99999,9,9,N","000500,1,9,9","+0052,1","+0035,1","10209,1",,"4,1,02,1","2,1,02,1",,,,,"240,M,+0206,1","240,N,+0036,1",,"9,9,999,9,+015,1","44,1","SYN07442137 31993 00000 10052 20035 40209 74442 333 10206 20036 58015 555 10030=",
"42137099999","2024-12-17T03:00:00","4","29.7","77.0333333","249.0","KARNAL, IN","FM-12","99999","V020","999,9,C,0000,1","99999,9,9,N","000200,1,9,9","+0062,1","+0053,1","10183,1",,"4,1,02,1","4,1,02,1",,,,,"240,M,+0230,1","240,N,+0046,1",,"9,9,999,9,-027,1","44,1","SYN07442137 31992 00000 10062 20053 40183 74444 333 10230 20046 59027 555 10030=",
"42137099999","2024-12-18T03:00:00","4","29.7","77.0333333","249.0","KARNAL, IN","FM-12","99999","V020","999,9,C,0000,1","00030,1,W,N","000050,1,9,9","+0052,1","+0043,1","10188,1",,"4,1,02,1","4,1,02,1",,,,"09,99,1,99,9,99,9,99999,9,99,9,99,9","240,M,+0224,1","240,N,+0038,1",,"9,9,999,9,+004,1","45,1","SYN07442137 31/91 90000 10052 20043 40188 74544 333 10224 20038 58004 555 10030=",
"42137099999","2024-12-19T03:00:00","4","29.7","77.0333333","249.0","KARNAL, IN","FM-12","99999","V020","999,9,C,0000,1","99999,9,9,N","000500,1,9,9","+0064,1","+0055,1","10189,1",,"4,1,02,1","4,1,02,1",,,,,"240,M,+0220,1","240,N,+0053,1",,"9,9,999,9,+002,1","44,1","SYN07442137 31993 00000 10064 20055 40189 74444 333 10220 20053 58002 555 10030=",
"42137099999","2024-12-20T03:00:00","4","29.7","77.0333333","249.0","KARNAL, IN","FM-12","99999","V020","999,9,C,0000,1","99999,9,9,N","001000,1,9,9","+0092,1","+0080,1","10187,1",,"4,1,02,1","4,1,02,1",,,,,"240,N,+0068,1",,"99999,9,09885,1","9,9,999,9,+001,1","10,1","SYN07442137 31994 00000 10092 20080 39885 40187 71044 333 20068 58001 555 10013=",
"42137099999","2024-12-21T03:00:00","4","29.7","77.0333333","249.0","KARNAL, IN","FM-12","99999","V020","999,9,C,0000,1","99999,9,9,N","002000,1,9,9","+0096,1","+0062,1","10173,1",,"0,1,02,1","0,1,02,1",,,,,"240,N,+0078,1",,"99999,9,09872,1","9,9,999,9,-013,1","10,1","SYN07442137 31995 00000 10096 20062 39872 40173 71000 333 20078 59013 555 10013=",
"42137099999","2024-12-23T03:00:00","4","29.7","77.0333333","249.0","KARNAL, IN","FM-12","99999","V020","999,9,C,0000,1","02400,1,9,N","002000,1,9,9","+0110,1","+0081,1","10184,1",,"2,1,02,1","2,1,02,1","03,1,+01050,1,06,1","06,1,+02400,1,04,1","9,AGL   ,+99999,+99999","07,99,1,03,1,99,9,01050,1,99,9,99,9","240,M,+0212,1","240,N,+0085,1",,,"10,1","SYN08642137 31695 70000 10110 20081 40184 71022 83520 333 10212 20085 83635 86458 555 10030=",
"42137099999","2024-12-24T03:00:00","4","29.7","77.0333333","249.0","KARNAL, IN","FM-12","99999","V020","999,9,C,0000,1","02400,1,C,N","002000,1,9,9","+0114,1","+0086,1","10184,1","24,0050,3,1","2,1,02,1","2,1,02,1","03,1,+01050,1,06,1","04,1,+02400,1,04,1","9,AGL   ,+99999,+99999","06,99,1,03,1,99,9,01050,1,99,9,99,9","240,M,+0136,1","240,N,+0082,1",,"9,9,999,9,+001,1","10,1","SYN10442137 21695 60000 10114 20086 40184 71022 83420 333 10136 20082 58001 6005/ 83635 84458 555 00050 10035=",
"42137099999","2024-12-25T03:00:00","4","29.7","77.0333333","249.0","KARNAL, IN","FM-12","99999","V020","999,9,C,0000,1","22000,1,9,N","001000,1,9,9","+0096,1","+0088,1","10204,1",,"4,1,02,1","4,1,02,1","03,1,+02400,1,03,1",,"9,AGL   ,+99999,+99999","03,99,1,03,1,99,9,02400,1,99,9,99,9","240,M,+0176,1","240,N,+0080,1",,"9,9,999,9,+017,1","10,1","SYN08642137 31894 30000 10096 20088 40204 71044 83030 333 10176 20080 58017 83358 555 10035=",
"42137099999","2024-12-26T03:00:00","4","29.7","77.0333333","249.0","KARNAL, IN","FM-12","99999","V020","999,9,C,0000,1","99999,9,9,N","000500,1,9,9","+0072,1","+0063,1","10232,1",,"4,1,02,1","4,1,02,1",,,,,"240,M,+0202,1","240,N,+0055,1",,"9,9,999,9,+025,1","44,1","SYN07442137 31993 00000 10072 20063 40232 74444 333 10202 20055 58025 555 10035=",
"42137099999","2024-12-27T03:00:00","4","29.7","77.0333333","249.0","KARNAL, IN","FM-12","99999","V020","999,9,C,0000,1","02400,1,9,N","001000,1,9,9","+0132,1","+0121,1","10222,1","24,0000,2,1","5,1,02,1","2,1,02,1","04,1,+01050,1,06,1","06,1,+02400,1,04,1","9,AGL   ,+99999,+99999","08,99,1,04,1,99,9,01050,1,99,9,99,9","240,M,+0225,1","240,N,+0102,1",,"9,9,999,9,-003,1","91,1","SYN09842137 21694 80000 10132 20121 40222 79152 84520 333 10225 20102 59003 6990/ 84635 86458 555 10035=",
"42137099999","2024-12-30T03:00:00","4","29.7","77.0333333","249.0","KARNAL, IN","FM-12","99999","V020","999,9,C,0000,1","02400,1,C,N","002000,1,9,9","+0110,1","+0094,1","10211,1",,"2,1,02,1","2,1,02,1","02,1,+01050,1,06,1","06,1,+02400,1,04,1","9,AGL   ,+99999,+99999","08,99,1,02,1,99,9,01050,1,99,9,99,9","240,M,+0130,1","240,N,+0100,1",,,"10,1","SYN08642137 31695 80000 10110 20094 40211 71022 82520 333 10130 20100 82635 86458 555 10063=",
"42137099999","2024-12-31T03:00:00","4","29.7","77.0333333","249.0","KARNAL, IN","FM-12","99999","V020","999,9,C,0000,1","02400,1,C,N","002000,1,9,9","+0102,1","+0081,1","10234,1",,"2,1,02,1","2,1,02,1","02,1,+01050,1,06,1","06,1,+02400,1,04,1","9,AGL   ,+99999,+99999","08,99,1,02,1,99,9,01050,1,99,9,99,9","240,M,+0132,1","240,N,+0090,1",,"9,9,999,9,+021,1","10,1","SYN09242137 31695 80000 10102 20081 40234 71022 82520 333 10132 20090 58021 82635 86458 555 10063=",
