"STATION","DATE","SOURCE","LATITUDE","LONGITUDE","ELEVATION","NAME","REPORT_TYPE","CALL_SIGN","QUALITY_CONTROL","WND","CIG","VIS","TMP","DEW","SLP","AA1","AA2","GA1","GE1","GF1","KA1","KA2","MA1","MD1","REM","EQD"
"43125099999","2024-01-01T03:00:00","4","17.9166666","77.5333333","663.0","BIDAR, IN","FM-12","99999","V020","230,1,N,0010,1","22000,1,9,N","010000,1,9,9","+0188,1","+0149,1","10183,1",,,"00,1,+99999,9,99,9","9,AGL   ,+99999,+99999","01,99,1,00,1,99,9,99999,9,99,9,99,9","240,M,+0280,1","240,N,+0150,1","99999,9,09432,1","9,9,999,9,-008,1","SYN08043125 32997 12302 10188 20149 39432 40183 80000 333 10280 20150 59008 555 10000=",
"43125099999","2024-01-03T03:00:00","4","17.9166666","77.5333333","663.0","BIDAR, IN","FM-12","99999","V020","140,1,N,0010,1","22000,1,9,N","010000,1,9,9","+0210,1","+0159,1","10166,1",,,"00,1,+99999,9,99,9","9,AGL   ,+99999,+99999","01,99,1,00,1,99,9,99999,9,99,9,99,9","240,M,+0276,1","240,N,+0158,1","99999,9,09422,1","9,9,999,9,-010,1","SYN08043125 32997 11402 10210 20159 39422 40166 80000 333 10276 20158 59010 555 10000=",
"43125099999","2024-01-03T12:00:00","4","17.9166666","77.5333333","663.0","BIDAR, IN","FM-12","99999","V020","050,1,N,0010,1","22000,1,9,N","010000,1,9,9","+0266,1","+0119,1","10110,1",,,"99,9,+99999,9,00,1","9,AGL   ,+99999,+99999","01,99,1,00,1,99,9,99999,9,99,9,99,9","240,M,+0286,1",,"99999,9,09384,1","9,9,999,9,-006,1","SYN06443125 32997 10502 10266 20119 39384 40110 80001 333 10286 59006=","Q01    003SCCGA1"
"43125099999","2024-01-06T03:00:00","4","17.9166666","77.5333333","663.0","BIDAR, IN","FM-12","99999","V020","180,1,N,0010,1","22000,1,9,N","010000,1,9,9","+0192,1","+0103,1","10169,1",,,"00,1,+99999,9,99,9","9,AGL   ,+99999,+99999","01,99,1,00,1,99,9,99999,9,99,9,99,9","240,M,+0286,1","240,N,+0160,1","99999,9,09422,1","9,9,999,9,-008,1","SYN08043125 32997 11802 10192 20103 39422 40169 80000 333 10286 20160 59008 555 10000=",
"43125099999","2024-01-08T03:00:00","4","17.9166666","77.5333333","663.0","BIDAR, IN","FM-12","99999","V020","140,1,N,0010,1","22000,1,9,N","010000,1,9,9","+0196,1","+0157,1","10182,1",,,"00,1,+99999,9,99,9","9,AGL   ,+99999,+99999","01,99,1,00,1,99,9,99999,9,99,9,99,9","240,M,+0285,1","240,N,+0168,1","99999,9,09434,1","9,9,999,9,+002,1","SYN08043125 32997 11402 10196 20157 39434 40182 80000 333 10285 20168 58002 555 10000=",
"43125099999","2024-01-09T03:00:00","4","17.9166666","77.5333333","663.0","BIDAR, IN","FM-12","99999","V020","140,1,N,0010,1","22000,1,9,N","010000,1,9,9","+0210,1","+0144,1","10186,1",,,"05,2,+99999,9,99,9","9,AGL   ,+99999,+99999","04,99,2,05,2,99,9,99999,9,99,9,99,9","240,M,+0282,1","240,N,+0160,1","99999,9,09440,1","9,9,999,9,+006,1","SYN08043125 32997 41402 10210 20144 39440 40186 85000 333 10282 20160 58006 555 10000=",
"43125099999","2024-01-09T12:00:00","4","17.9166666","77.5333333","663.0","BIDAR, IN","FM-12","99999","V020","140,1,N,0010,1","22000,1,9,N","010000,1,9,9","+0252,1","+0109,1","10141,1",,,"05,2,+99999,9,99,9","9,AGL   ,+99999,+99999","04,99,2,05,2,99,9,99999,9,99,9,99,9","240,M,+0284,1",,"99999,9,09410,1","9,9,999,9,+010,1","SYN06443125 32997 41402 10252 20109 39410 40141 85000 333 10284 58010=",
"43125099999","2024-01-10T03:00:00","4","17.9166666","77.5333333","663.0","BIDAR, IN","FM-12","99999","V020","180,1,N,0010,1","22000,1,9,N","010000,1,9,9","+0210,1","+0152,1","10186,1",,,"05,2,+99999,9,99,9","9,AGL   ,+99999,+99999","04,99,2,05,2,99,9,99999,9,99,9,99,9","240,M,+0284,1","240,N,+0185,1","99999,9,09440,1","9,9,999,9,+000,1","SYN08043125 32997 41802 10210 20152 39440 40186 85000 333 10284 20185 58000 555 10000=",
"43125099999","2024-01-13T03:00:00","4","17.9166666","77.5333333","663.0","BIDAR, IN","FM-12","99999","V020","180,1,N,0010,1","22000,1,9,N","010000,1,9,9","+0212,1","+0150,1","10183,1",,,"00,1,+99999,9,99,9","9,AGL   ,+99999,+99999","01,99,1,00,1,99,9,99999,9,99,9,99,9","240,M,+0296,1","240,N,+0175,1","99999,9,09440,1","9,9,999,9,+000,1","SYN08043125 32997 11802 10212 20150 39440 40183 80000 333 10296 20175 58000 555 10000=",
"43125099999","2024-01-13T12:00:00","4","17.9166666","77.5333333","663.0","BIDAR, IN","FM-12","99999","V020","050,1,N,0010,1","22000,1,9,N","010000,1,9,9","+0272,1","+0110,1","10136,1",,,"00,1,+99999,9,99,9","9,AGL   ,+99999,+99999","01,99,1,00,1,99,9,99999,9,99,9,99,9","240,M,+0300,1",,"99999,9,09410,1","9,9,999,9,+000,1","SYN06443125 32997 10502 10272 20110 39410 40136 80000 333 10300 58000=",
"43125099999","2024-01-14T03:00:00","4","17.9166666","77.5333333","663.0","BIDAR, IN","FM-12","99999","V020","050,1,N,0010,1","22000,1,9,N","010000,1,9,9","+0202,1","+0131,1","10182,1",,,"00,1,+99999,9,99,9","9,AGL   ,+99999,+99999","01,99,1,00,1,99,9,99999,9,99,9,99,9","240,M,+0300,1","240,N,+0155,1","99999,9,09436,1","9,9,999,9,-004,1","SYN08043125 32997 10502 10202 20131 39436 40182 80000 333 10300 20155 59004 555 10000=",
"43125099999","2024-01-14T12:00:00","4","17.9166666","77.5333333","663.0","BIDAR, IN","FM-12","99999","V020","050,1,N,0010,1","22000,1,9,N","010000,1,9,9","+0272,1","+0127,1","10135,1",,,"00,1,+99999,9,99,9","9,AGL   ,+99999,+99999","01,99,1,00,1,99,9,99999,9,99,9,99,9","240,M,+0330,1",,"99999,9,09410,1","9,9,999,9,+000,1","SYN06443125 32997 10502 10272 20127 39410 40135 80000 333 10330 58000=",
"43125099999","2024-01-15T03:00:00","4","17.9166666","77.5333333","663.0","BIDAR, IN","FM-12","99999","V020","300,1,N,0010,1","22000,1,9,N","010000,1,9,9","+0210,1","+0129,1","10170,1",,,"00,1,+99999,9,99,9","9,AGL   ,+99999,+99999","01,99,1,00,1,99,9,99999,9,99,9,99,9","240,M,+0310,1","240,N,+0160,1","99999,9,09426,1","9,9,999,9,-010,1","SYN08043125 32997 13002 10210 20129 39426 40170 80000 333 10310 20160 59010 555 10000=",
"43125099999","2024-01-18T03:00:00","4","17.9166666","77.5333333","663.0","BIDAR, IN","FM-12","99999","V020","230,1,N,0010,1","22000,1,9,N","010000,1,9,9","+0202,1","+0139,1","10123,1",,,"00,1,+99999,9,99,9","9,AGL   ,+99999,+99999","01,99,1,00,1,99,9,99999,9,99,9,99,9","240,M,+0296,1","240,N,+0168,1","99999,9,09382,1","9,9,999,9,-018,1","SYN07043125 32997 12302 10202 20139 39382 40123 80000 333 10296 20168 59018=",
"43125099999","2024-01-19T03:00:00","4","17.9166666","77.5333333","663.0","BIDAR, IN","FM-12","99999","V020","180,1,N,0010,1","22000,1,9,N","010000,1,9,9","+0224,1","+0153,1","10149,1",,,"00,1,+99999,9,99,9","9,AGL   ,+99999,+99999","01,99,1,00,1,99,9,99999,9,99,9,99,9","240,M,+0286,1","240,N,+0162,1","99999,9,09410,1","9,9,999,9,+028,1","SYN08043125 32997 11802 10224 20153 39410 40149 80000 333 10286 20162 58028 555 10000=",
"43125099999","2024-01-19T12:00:00","4","17.9166666","77.5333333","663.0","BIDAR, IN","FM-12","99999","V020","200,1,N,0010,1","22000,1,9,N","010000,1,9,9","+0270,1","+0149,1","10114,1",,,"00,1,+99999,9,99,9","9,AGL   ,+99999,+99999","01,99,1,00,1,99,9,99999,9,99,9,99,9","240,M,+0300,1",,"99999,9,09378,1","9,9,999,9,-002,1","SYN06443125 32997 12002 10270 20149 39378 40114 80000 333 10300 59002=",
"43125099999","2024-01-20T03:00:00","4","17.9166666","77.5333333","663.0","BIDAR, IN","FM-12","99999","V020","200,1,N,0010,1","22000,1,9,N","010000,1,9,9","+0228,1","+0132,1","10149,1",,,"00,1,+99999,9,99,9","9,AGL   ,+99999,+99999","01,99,1,00,1,99,9,99999,9,99,9,99,9","240,M,+0300,1","240,N,+0170,1","99999,9,09410,1","9,9,999,9,+000,1","SYN08043125 32997 12002 10228 20132 39410 40149 80000 333 10300 20170 58000 555 10000=",
"43125099999","2024-01-22T03:00:00","4","17.9166666","77.5333333","663.0","BIDAR, IN","FM-12","99999","V020","180,1,N,0010,1","22000,1,9,N","010000,1,9,9","+0228,1","+0120,1","10149,1",,,"00,1,+99999,9,99,9","9,AGL   ,+99999,+99999","01,99,1,00,1,99,9,99999,9,99,9,99,9","240,M,+0310,1","240,N,+0180,1","99999,9,09410,1","9,9,999,9,-004,1","SYN08043125 32997 11802 10228 20120 39410 40149 80000 333 10310 20180 59004 555 10000=",
"43125099999","2024-01-24T03:00:00","4","17.9166666","77.5333333","663.0","BIDAR, IN","FM-12","99999","V020","360,1,N,0010,1","22000,1,9,N","010000,1,9,9","+0190,1","+0144,1","10178,1",,,"99,9,+99999,9,00,1","9,AGL   ,+99999,+99999","01,99,1,00,1,99,9,99999,9,99,9,99,9","240,M,+0302,1","240,N,+0180,1","99999,9,09428,1","9,9,999,9,+008,1","SYN08043125 32997 13602 10190 20144 39428 40178 80001 333 10302 20180 58008 555 10000=","Q01    003SCCGA1"
"43125099999","2024-01-25T03:00:00","4","17.9166666","77.5333333","663.0","BIDAR, IN","FM-12","99999","V020","050,1,N,0010,1","22000,1,9,N","010000,1,9,9","+0190,1","+0117,1","10193,1",,,"00,1,+99999,9,99,9","9,AGL   ,+99999,+99999","01,99,1,00,1,99,9,99999,9,99,9,99,9","240,M,+0272,1","240,N,+0165,1","99999,9,09442,1","9,9,999,9,+014,1","SYN08043125 32997 10502 10190 20117 39442 40193 80000 333 10272 20165 58014 555 10000=",
"43125099999","2024-01-25T12:00:00","4","17.9166666","77.5333333","663.0","BIDAR, IN","FM-12","99999","V020","360,1,N,0010,1","22000,1,9,N","010000,1,9,9","+0258,1","+0149,1","10132,1",,,,"9,AGL   ,+99999,+99999","01,99,1,99,9,99,9,99999,9,99,9,99,9","240,M,+0274,1",,"99999,9,09402,1","9,9,999,9,+012,1","SYN05843125 32997 10002 10258 20149 39402 40132 333 10274 58012=",
"43125099999","2024-01-27T03:00:00","4","17.9166666","77.5333333","663.0","BIDAR, IN","FM-12","99999","V020","050,1,N,0010,1","22000,1,9,N","010000,1,9,9","+0204,1","+0169,1","99999,9",,,"00,1,+99999,9,99,9","9,AGL   ,+99999,+99999","01,99,1,00,1,99,9,99999,9,99,9,99,9","240,M,+0294,1","240,N,+0175,1","99999,9,09448,1","9,9,999,9,+000,1","SYN07443125 32997 10502 10204 20169 39448 80000 333 10294 20175 58000 555 10000=",
"43125099999","2024-01-27T12:00:00","4","17.9166666","77.5333333","663.0","BIDAR, IN","FM-12","99999","V020","050,1,N,0010,1","22000,1,9,N","010000,1,9,9","+0260,1","+0128,1","10159,1",,,"00,1,+99999,9,99,9","9,AGL   ,+99999,+99999","01,99,1,00,1,99,9,99999,9,99,9,99,9","240,M,+0286,1",,"99999,9,09428,1","9,9,999,9,+018,1","SYN06443125 32997 10502 10260 20128 39428 40159 80000 333 10286 58018=",
"43125099999","2024-01-29T03:00:00","4","17.9166666","77.5333333","663.0","BIDAR, IN","FM-12","99999","V020","230,1,N,0010,1","22000,1,9,N","010000,1,9,9","+0190,1","+0129,1","10199,1",,,"00,1,+99999,9,99,9","9,AGL   ,+99999,+99999","01,99,1,00,1,99,9,99999,9,99,9,99,9","240,M,+0290,1","240,N,+0135,1","99999,9,09448,1","9,9,999,9,-002,1","SYN08043125 32997 12302 10190 20129 39448 40199 80000 333 10290 20135 59002 555 10000=",
"43125099999","2024-01-29T12:00:00","4","17.9166666","77.5333333","663.0","BIDAR, IN","FM-12","99999","V020","050,1,N,0010,1","22000,1,9,N","010000,1,9,9","+0276,1","+0087,1","10146,1",,,"00,1,+99999,9,99,9","9,AGL   ,+99999,+99999","01,99,1,00,1,99,9,99999,9,99,9,99,9","240,M,+0298,1",,"99999,9,09420,1","9,9,999,9,-008,1","SYN06443125 32997 10502 10276 20087 39420 40146 80000 333 10298 59008=",
"43125099999","2024-01-30T03:00:00","4","17.9166666","77.5333333","663.0","BIDAR, IN","FM-12","99999","V020","020,1,N,0041,1","22000,1,9,N","010000,1,9,9","+9999,9","+0127,1","10190,1",,,"00,1,+99999,9,99,9","9,AGL   ,+99999,+99999","01,99,1,00,1,99,9,99999,9,99,9,99,9","240,M,+0298,1","240,N,+0148,1","99999,9,09444,1","9,9,999,9,-004,1","SYN07443125 32997 10208 20127 39444 40190 80000 333 10298 20148 59004 555 10000=",
"43125099999","2024-01-31T03:00:00","4","17.9166666","77.5333333","663.0","BIDAR, IN","FM-12","99999","V020","230,1,N,0010,1","22000,1,9,N","010000,1,9,9","+0198,1","+0123,1","10177,1",,,"00,1,+99999,9,99,9","9,AGL   ,+99999,+99999","01,99,1,00,1,99,9,99999,9,99,9,99,9","240,M,+0300,1","240,N,+0155,1","99999,9,09430,1","9,9,999,9,-014,1","SYN08043125 32997 12302 10198 20123 39430 40177 80000 333 10300 20155 59014 555 10000=",
"43125099999","2024-02-01T03:00:00","4","17.9166666","77.5333333","663.0","BIDAR, IN","FM-12","99999","V020","230,1,N,0010,1","22000,1,9,N","010000,1,9,9","+0200,1","+0121,1","10167,1",,,"00,1,+99999,9,99,9","9,AGL   ,+99999,+99999","01,99,1,00,1,99,9,99999,9,99,9,99,9","240,M,+0300,1","240,N,+0166,1","99999,9,09420,1","9,9,999,9,-010,1","SYN08043125 32997 12302 10200 20121 39420 40167 80000 333 10300 20166 59010 555 10000=",
"43125099999","2024-02-02T03:00:00","4","17.9166666","77.5333333","663.0","BIDAR, IN","FM-12","99999","V020","050,1,N,0010,1","22000,1,9,N","010000,1,9,9","+0210,1","+0122,1","10166,1",,,"00,1,+99999,9,99,9","9,AGL   ,+99999,+99999","01,99,1,00,1,99,9,99999,9,99,9,99,9","240,M,+0304,1","240,N,+0162,1","99999,9,09422,1","9,9,999,9,+002,1","SYN08043125 32997 10502 10210 20122 39422 40166 80000 333 10304 20162 58002 555 10000=",
"43125099999","2024-02-03T03:00:00","4","17.9166666","77.5333333","663.0","BIDAR, IN","FM-12","99999","V020","050,1,N,0010,1","22000,1,9,N","010000,1,9,9","+0208,1","+0149,1","10166,1",,,"00,1,+99999,9,99,9","9,AGL   ,+99999,+99999","01,99,1,00,1,99,9,99999,9,99,9,99,9","240,M,+0310,1","240,N,+0190,1","99999,9,09422,1","9,9,999,9,+000,1","SYN08043125 32997 10502 10208 20149 39422 40166 80000 333 10310 20190 58000 555 10000=",
"43125099999","2024-02-04T12:00:00","4","17.9166666","77.5333333","663.0","BIDAR, IN","FM-12","99999","V020","140,1,N,0010,1","22000,1,9,N","010000,1,9,9","+0288,1","+0132,1","10130,1",,,"00,1,+99999,9,99,9","9,AGL   ,+99999,+99999","01,99,1,00,1,99,9,99999,9,99,9,99,9","240,M,+0308,1",,"99999,9,09408,1","9,9,999,9,+003,1","SYN06443125 32997 11402 10288 20132 39408 40130 80000 333 10308 58003=",
"43125099999","2024-02-05T03:00:00","4","17.9166666","77.5333333","663.0","BIDAR, IN","FM-12","99999","V020","230,1,N,0010,1","22000,1,9,N","010000,1,9,9","+0210,1","+0172,1","10172,1",,,"00,1,+99999,9,99,9","9,AGL   ,+99999,+99999","01,99,1,00,1,99,9,99999,9,99,9,99,9","240,M,+0308,1","240,N,+0186,1","99999,9,09428,1","9,9,999,9,+006,1","SYN08043125 32997 12302 10210 20172 39428 40172 80000 333 10308 20186 58006 555 10000=",
"43125099999","2024-02-06T03:00:00","4","17.9166666","77.5333333","663.0","BIDAR, IN","FM-12","99999","V020","230,1,N,0010,1","22000,1,9,N","010000,1,9,9","+0240,1","+0158,1","10188,1",,,"00,1,+99999,9,99,9","9,AGL   ,+99999,+99999","01,99,1,00,1,99,9,99999,9,99,9,99,9","240,M,+0324,1","240,N,+0210,1","99999,9,09450,1","9,9,999,9,+022,1","SYN08043125 32997 12302 10240 20158 39450 40188 80000 333 10324 20210 58022 555 10000=",
"43125099999","2024-02-06T12:00:00","4","17.9166666","77.5333333","663.0","BIDAR, IN","FM-12","99999","V020","230,1,N,0010,1","22000,1,9,N","010000,1,9,9","+0320,1","+0135,1","10129,1",,,"99,9,+99999,9,00,1","9,AGL   ,+99999,+99999","01,99,1,00,1,99,9,99999,9,99,9,99,9","240,M,+0336,1",,"99999,9,09412,1","9,9,999,9,+000,1","SYN06443125 32997 12302 10320 20135 39412 40129 80001 333 10336 58000=","Q01    003SCCGA1"
"43125099999","2024-02-08T03:00:00","4","17.9166666","77.5333333","663.0","BIDAR, IN","FM-12","99999","V020","360,1,N,0010,1","22000,1,9,N","010000,1,9,9","+0220,1","+0134,1","10191,1",,,"00,1,+99999,9,99,9","9,AGL   ,+99999,+99999","01,99,1,00,1,99,9,99999,9,99,9,99,9","240,M,+0340,1","240,N,+0200,1","99999,9,09448,1","9,9,999,9,-012,1","SYN08043125 32997 13602 10220 20134 39448 40191 80000 333 10340 20200 59012 555 10000=",
"43125099999","2024-02-08T12:00:00","4","17.9166666","77.5333333","663.0","BIDAR, IN","FM-12","99999","V020","050,1,N,0010,1","22000,1,9,N","010000,1,9,9","+0302,1","+0143,1","10137,1",,,"00,1,+99999,9,99,9","9,AGL   ,+99999,+99999","01,99,1,00,1,99,9,99999,9,99,9,99,9","240,M,+0312,1",,"99999,9,09418,1","9,9,999,9,+000,1","SYN06443125 32997 10502 10302 20143 39418 40137 80000 333 10312 58000=",
"43125099999","2024-02-09T03:00:00","4","17.9166666","77.5333333","663.0","BIDAR, IN","FM-12","99999","V020","140,1,N,0010,1","22000,1,9,N","010000,1,9,9","+0218,1","+0143,1","10183,1",,,"00,1,+99999,9,99,9","9,AGL   ,+99999,+99999","01,99,1,00,1,99,9,99999,9,99,9,99,9","240,M,+0316,1","240,N,+0170,1","99999,9,09440,1","9,9,999,9,-008,1","SYN08043125 32997 11402 10218 20143 39440 40183 80000 333 10316 20170 59008 555 10000=",
"43125099999","2024-02-10T03:00:00","4","17.9166666","77.5333333","663.0","BIDAR, IN","FM-12","99999","V020","050,1,N,0010,1","22000,1,9,N","002000,1,9,9","+0224,1","+0174,1","10181,1",,,"00,1,+99999,9,99,9","9,AGL   ,+99999,+99999","01,99,1,00,1,99,9,99999,9,99,9,99,9","240,M,+0340,1","240,N,+0188,1","99999,9,09440,1","9,9,999,9,+000,1","SYN08043125 32995 10502 10224 20174 39440 40181 80000 333 10340 20188 58000 555 10000=",
"43125099999","2024-02-12T03:00:00","4","17.9166666","77.5333333","663.0","BIDAR, IN","FM-12","99999","V020","180,1,N,0010,1","22000,1,9,N","010000,1,9,9","+0210,1","+0176,1","10196,1",,,"00,1,+99999,9,99,9","9,AGL   ,+99999,+99999","01,99,1,00,1,99,9,99999,9,99,9,99,9","240,M,+0312,1","240,N,+0185,1","99999,9,09450,1","9,9,999,9,+006,1","SYN08043125 32997 11802 10210 20176 39450 40196 80000 333 10312 20185 58006 555 10000=",
"43125099999","2024-02-12T12:00:00","4","17.9166666","77.5333333","663.0","BIDAR, IN","FM-12","99999","V020","230,1,N,0010,1","22000,1,9,N","010000,1,9,9","+0300,1","+0114,1","10133,1",,,"00,1,+99999,9,99,9","9,AGL   ,+99999,+99999","01,99,1,00,1,99,9,99999,9,99,9,99,9","240,M,+0325,1",,"99999,9,09412,1","9,9,999,9,+000,1","SYN06443125 32997 12302 10300 20114 39412 40133 80000 333 10325 58000=",
"43125099999","2024-02-13T03:00:00","4","17.9166666","77.5333333","663.0","BIDAR, IN","FM-12","99999","V020","230,1,N,0010,1","22000,1,9,N","010000,1,9,9","+0222,1","+0144,1","10191,1",,,"00,1,+99999,9,99,9","9,AGL   ,+99999,+99999","01,99,1,00,1,99,9,99999,9,99,9,99,9","240,M,+0325,1","240,N,+0168,1","99999,9,09450,1","9,9,999,9,+000,1","SYN08043125 32997 12302 10222 20144 39450 40191 80000 333 10325 20168 58000 555 10000=",
"43125099999","2024-02-13T12:00:00","4","17.9166666","77.5333333","663.0","BIDAR, IN","FM-12","99999","V020","180,1,N,0010,1","22000,1,9,N","010000,1,9,9","+0292,1","+0112,1","10133,1",,,"05,2,+99999,9,99,9","9,AGL   ,+99999,+99999","03,99,2,05,2,99,9,99999,9,99,9,99,9","240,M,+0324,1",,"99999,9,09412,1","9,9,999,9,+000,1","SYN06443125 32997 31802 10292 20112 39412 40133 85000 333 10324 58000=",
"43125099999","2024-02-14T03:00:00","4","17.9166666","77.5333333","663.0","BIDAR, IN","FM-12","99999","V020","230,1,N,0010,1","22000,1,9,N","010000,1,9,9","+0214,1","+0160,1","10183,1",,,"00,1,+99999,9,99,9","9,AGL   ,+99999,+99999","01,99,1,00,1,99,9,99999,9,99,9,99,9","240,M,+0324,1","240,N,+0176,1","99999,9,09440,1","9,9,999,9,-010,1","SYN08043125 32997 12302 10214 20160 39440 40183 80000 333 10324 20176 59010 555 10000=",
"43125099999","2024-02-15T03:00:00","4","17.9166666","77.5333333","663.0","BIDAR, IN","FM-12","99999","V020","140,1,N,0010,1","22000,1,9,N","010000,1,9,9","+0226,1","+0170,1","10179,1",,,"05,2,+99999,9,99,9","9,AGL   ,+99999,+99999","04,99,2,05,2,99,9,99999,9,99,9,99,9","240,M,+0328,1","240,N,+0175,1","99999,9,09438,1","9,9,999,9,-002,1","SYN08043125 32997 41402 10226 20170 39438 40179 85000 333 10328 20175 59002 555 10000=",
"43125099999","2024-02-16T12:00:00","4","17.9166666","77.5333333","663.0","BIDAR, IN","FM-12","99999","V020","090,1,N,0010,1","22000,1,9,N","010000,1,9,9","+0298,1","+9999,9","10122,1",,,"00,1,+99999,9,99,9","9,AGL   ,+99999,+99999","01,99,1,00,1,99,9,99999,9,99,9,99,9","240,M,+0324,1",,"99999,9,09402,1","9,9,999,9,+002,1","SYN06443125 32997 10902 10298 20590 39402 40122 80000 333 10324 58002=","Q0159    1ATOD  "
"43125099999","2024-02-18T03:00:00","4","17.9166666","77.5333333","663.0","BIDAR, IN","FM-12","99999","V020","230,1,N,0010,1","22000,1,9,N","010000,1,9,9","+0224,1","+0106,1","10159,1",,,"00,1,+99999,9,99,9","9,AGL   ,+99999,+99999","01,99,1,00,1,99,9,99999,9,99,9,99,9","240,M,+0344,1","240,N,+0166,1","99999,9,09420,1","9,9,999,9,-020,1","SYN08043125 32997 12302 10224 20106 39420 40159 80000 333 10344 20166 59020 555 10000=",
"43125099999","2024-02-19T03:00:00","4","17.9166666","77.5333333","663.0","BIDAR, IN","FM-12","99999","V020","230,1,N,0010,1","22000,1,9,N","010000,1,9,9","+0232,1","+0121,1","10150,1",,,"00,1,+99999,9,99,9","9,AGL   ,+99999,+99999","01,99,1,00,1,99,9,99999,9,99,9,99,9","240,M,+0336,1","240,N,+0175,1","99999,9,09414,1","9,9,999,9,-006,1","SYN08043125 32997 12302 10232 20121 39414 40150 80000 333 10336 20175 59006 555 10000=",
"43125099999","2024-02-20T03:00:00","4","17.9166666","77.5333333","663.0","BIDAR, IN","FM-12","99999","V020","230,1,N,0010,1","22000,1,9,N","010000,1,9,9","+0242,1","+0133,1","10154,1",,,"00,1,+99999,9,99,9","9,AGL   ,+99999,+99999","01,99,1,00,1,99,9,99999,9,99,9,99,9","240,M,+0340,1","240,N,+0180,1","99999,9,09420,1","9,9,999,9,+006,1","SYN08043125 32997 12302 10242 20133 39420 40154 80000 333 10340 20180 58006 555 10000=",
"43125099999","2024-02-21T03:00:00","4","17.9166666","77.5333333","663.0","BIDAR, IN","FM-12","99999","V020","090,1,N,0010,1","22000,1,9,N","010000,1,9,9","+0230,1","+0114,1","10153,1",,,"00,1,+99999,9,99,9","9,AGL   ,+99999,+99999","01,99,1,00,1,99,9,99999,9,99,9,99,9","240,M,+0338,1","240,N,+0165,1","99999,9,09414,1","9,9,999,9,-006,1","SYN08043125 32997 10902 10230 20114 39414 40153 80000 333 10338 20165 59006 555 10000=",
"43125099999","2024-02-22T03:00:00","4","17.9166666","77.5333333","663.0","BIDAR, IN","FM-12","99999","V020","300,1,N,0010,1","22000,1,9,N","010000,1,9,9","+0244,1","+0140,1","10148,1",,,"00,1,+99999,9,99,9","9,AGL   ,+99999,+99999","01,99,1,00,1,99,9,99999,9,99,9,99,9","240,M,+0336,1","240,N,+0165,1","99999,9,09414,1","9,9,999,9,+000,1","SYN08043125 32997 13002 10244 20140 39414 40148 80000 333 10336 20165 58000 555 10000=",
"43125099999","2024-02-23T03:00:00","4","17.9166666","77.5333333","663.0","BIDAR, IN","FM-12","99999","V020","050,1,N,0010,1","22000,1,9,N","010000,1,9,9","+0212,1","+0112,1","10162,1",,,"00,1,+99999,9,99,9","9,AGL   ,+99999,+99999","01,99,1,00,1,99,9,99999,9,99,9,99,9","240,M,+0334,1","240,N,+0166,1","99999,9,09420,1","9,9,999,9,+006,1","SYN08043125 32997 10502 10212 20112 39420 40162 80000 333 10334 20166 58006 555 10000=",
"43125099999","2024-02-24T03:00:00","4","17.9166666","77.5333333","663.0","BIDAR, IN","FM-12","99999","V020","140,1,N,0010,1","22000,1,9,N","010000,1,9,9","+0200,1","+0117,1","10147,1",,,"00,1,+99999,9,99,9","9,AGL   ,+99999,+99999","01,99,1,00,1,99,9,99999,9,99,9,99,9","240,M,+0320,1","240,N,+0160,1","99999,9,09420,1","9,9,999,9,+000,1","SYN08043125 32997 11402 10200 20117 39420 40147 80000 333 10320 20160 58000 555 10000=",
"43125099999","2024-02-25T03:00:00","4","17.9166666","77.5333333","663.0","BIDAR, IN","FM-12","99999","V020","300,1,N,0010,1","99999,9,9,N","010000,1,9,9","+0230,1","+0174,1","99999,9",,,"05,1,+99999,9,99,9","9,AGL   ,+99999,+99999","07,99,1,05,1,99,9,99999,9,99,9,99,9","240,M,+0340,1","240,N,+0200,1","99999,9,09430,1","9,9,999,9,+010,1","SYN08043125 32997 73002 10230 20174 39430 40/// 85000 333 10340 20200 58010 555 10000=",
"43125099999","2024-02-26T03:00:00","4","17.9166666","77.5333333","663.0","BIDAR, IN","FM-12","99999","V020","140,1,N,0010,1","22000,1,9,N","010000,1,9,9","+0226,1","+0183,1","10171,1",,,"00,1,+99999,9,99,9","9,AGL   ,+99999,+99999","01,99,1,00,1,99,9,99999,9,99,9,99,9","240,M,+0325,1","240,N,+0190,1","99999,9,09430,1","9,9,999,9,+000,1","SYN08043125 32997 11402 10226 20183 39430 40171 80000 333 10325 20190 58000 555 10000=",
"43125099999","2024-02-27T03:00:00","4","17.9166666","77.5333333","663.0","BIDAR, IN","FM-12","99999","V020","140,1,N,0010,1","22000,1,9,N","010000,1,9,9","+0232,1","+0148,1","10170,1",,,"00,1,+99999,9,99,9","9,AGL   ,+99999,+99999","01,99,1,00,1,99,9,99999,9,99,9,99,9","240,M,+0325,1","240,N,+0190,1","99999,9,09432,1","9,9,999,9,+002,1","SYN08043125 32997 11402 10232 20148 39432 40170 80000 333 10325 20190 58002 555 10000=",
"43125099999","2024-02-29T03:00:00","4","17.9166666","77.5333333","663.0","BIDAR, IN","FM-12","99999","V020","180,1,N,0010,1","99999,9,9,N","010000,1,9,9","+0246,1","+0178,1","10162,1",,,"05,1,+99999,9,99,9","9,AGL   ,+99999,+99999","05,99,1,05,1,99,9,99999,9,99,9,99,9","240,M,+0330,1","240,N,+0180,1","99999,9,09428,1","9,9,999,9,-012,1","SYN08043125 32997 51802 10246 20178 39428 40162 85000 333 10330 20180 59012 555 10000=",
"43125099999","2024-03-01T03:00:00","4","17.9166666","77.5333333","663.0","BIDAR, IN","FM-12","99999","V020","230,1,N,0010,1","22000,1,9,N","010000,1,9,9","+0252,1","+0172,1","10163,1",,,"00,1,+99999,9,99,9","9,AGL   ,+99999,+99999","01,99,1,00,1,99,9,99999,9,99,9,99,9","240,M,+0334,1","240,N,+0196,1","99999,9,09430,1","9,9,999,9,+002,1","SYN07043125 32997 12302 10252 20172 39430 40163 80000 333 10334 20196 58002=",
"43125099999","2024-03-02T03:00:00","4","17.9166666","77.5333333","663.0","BIDAR, IN","FM-12","99999","V020","180,1,N,0010,1","22000,1,9,N","010000,1,9,9","+0256,1","+0151,1","10151,1",,,"00,1,+99999,9,99,9","9,AGL   ,+99999,+99999","01,99,1,00,1,99,9,99999,9,99,9,99,9","240,M,+0340,1","240,N,+0210,1","99999,9,09420,1","9,9,999,9,-010,1","SYN08043125 32997 11802 10256 20151 39420 40151 80000 333 10340 20210 59010 555 10000=",
"43125099999","2024-03-02T12:00:00","4","17.9166666","77.5333333","663.0","BIDAR, IN","FM-12","99999","V020","230,1,N,0010,1","22000,1,9,N","010000,1,9,9","+0330,1","+0161,1","10113,1",,,"00,1,+99999,9,99,9","9,AGL   ,+99999,+99999","01,99,1,00,1,99,9,99999,9,99,9,99,9","240,M,+0344,1",,"99999,9,09400,1","9,9,999,9,+010,1","SYN06443125 32997 12302 10330 20161 39400 40113 80000 333 10344 58010=",
"43125099999","2024-03-03T03:00:00","4","17.9166666","77.5333333","663.0","BIDAR, IN","FM-12","99999","V020","230,1,N,0010,1","22000,1,9,N","010000,1,9,9","+0238,1","+0155,1","10160,1",,,"00,1,+99999,9,99,9","9,AGL   ,+99999,+99999","01,99,1,00,1,99,9,99999,9,99,9,99,9","240,M,+0344,1","240,N,+0182,1","99999,9,09424,1","9,9,999,9,+004,1","SYN08043125 32997 12302 10238 20155 39424 40160 80000 333 10344 20182 58004 555 10000=",
"43125099999","2024-03-03T12:00:00","4","17.9166666","77.5333333","663.0","BIDAR, IN","FM-12","99999","V020","300,1,N,0010,1","22000,1,9,N","010000,1,9,9","+0326,1","+0148,1","10091,1",,,"00,1,+99999,9,99,9","9,AGL   ,+99999,+99999","01,99,1,00,1,99,9,99999,9,99,9,99,9","240,M,+0340,1",,"99999,9,09380,1","9,9,999,9,-020,1","SYN06443125 32997 13002 10326 20148 39380 40091 80000 333 10340 59020=",
"43125099999","2024-03-04T03:00:00","4","17.9166666","77.5333333","663.0","BIDAR, IN","FM-12","99999","V020","300,1,N,0010,1","22000,1,9,N","010000,1,9,9","+0240,1","+0175,1","10145,1",,,"00,1,+99999,9,99,9","9,AGL   ,+99999,+99999","01,99,1,00,1,99,9,99999,9,99,9,99,9","240,M,+0340,1","240,N,+0195,1","99999,9,09410,1","9,9,999,9,-014,1","SYN08043125 32997 13002 10240 20175 39410 40145 80000 333 10340 20195 59014 555 10000=",
"43125099999","2024-03-05T03:00:00","4","17.9166666","77.5333333","663.0","BIDAR, IN","FM-12","99999","V020","050,1,N,0010,1","22000,1,9,N","010000,1,9,9","+0228,1","+0154,1","10137,1",,,"00,1,+99999,9,99,9","9,AGL   ,+99999,+99999","01,99,1,00,1,99,9,99999,9,99,9,99,9","240,M,+0334,1","240,N,+0196,1","99999,9,09400,1","9,9,999,9,-010,1","SYN08043125 32997 10502 10228 20154 39400 40137 80000 333 10334 20196 59010 555 10000=",
"43125099999","2024-03-06T03:00:00","4","17.9166666","77.5333333","663.0","BIDAR, IN","FM-12","99999","V020","230,1,N,0010,1","22000,1,9,N","010000,1,9,9","+0244,1","+0196,1","10136,1",,,"00,1,+99999,9,99,9","9,AGL   ,+99999,+99999","01,99,1,00,1,99,9,99999,9,99,9,99,9","240,M,+0354,1","240,N,+0218,1","99999,9,09404,1","9,9,999,9,+004,1","SYN07043125 32997 12302 10244 20196 39404 40136 80000 333 10354 20218 58004=",
"43125099999","2024-03-06T12:00:00","4","17.9166666","77.5333333","663.0","BIDAR, IN","FM-12","99999","V020","230,1,N,0010,1","22000,1,9,N","010000,1,9,9","+0340,1","+0163,1","10071,1",,,"05,2,+99999,9,99,9","9,AGL   ,+99999,+99999","04,99,2,05,2,99,9,99999,9,99,9,99,9","240,M,+0364,1",,"99999,9,09364,1","9,9,999,9,+000,1","SYN06443125 32997 42302 10340 20163 39364 40071 8500/ 333 10364 58000=",
"43125099999","2024-03-07T03:00:00","4","17.9166666","77.5333333","663.0","BIDAR, IN","FM-12","99999","V020","300,1,N,0010,1","22000,1,9,N","010000,1,9,9","+0250,1","+0115,1","10142,1",,,"00,1,+99999,9,99,9","9,AGL   ,+99999,+99999","01,99,1,00,1,99,9,99999,9,99,9,99,9","240,M,+0364,1","240,N,+0225,1","99999,9,09410,1","9,9,999,9,+006,1","SYN08043125 32997 13002 10250 20115 39410 40142 80000 333 10364 20225 58006 555 10000=",
"43125099999","2024-03-07T12:00:00","4","17.9166666","77.5333333","663.0","BIDAR, IN","FM-12","99999","V020","090,1,N,0010,1","22000,1,9,N","010000,1,9,9","+0336,1","+0149,1","10071,1",,,"99,9,+99999,9,00,1","9,AGL   ,+99999,+99999","01,99,1,00,1,99,9,99999,9,99,9,99,9","240,M,+0352,1",,"99999,9,09364,1","9,9,999,9,+000,1","SYN06443125 32997 10902 10336 20149 39364 40071 80001 333 10352 58000=","Q01    003SCCGA1"
"43125099999","2024-03-08T03:00:00","4","17.9166666","77.5333333","663.0","BIDAR, IN","FM-12","99999","V020","300,1,N,0010,1","22000,1,9,N","010000,1,9,9","+0252,1","+0126,1","10140,1",,,"00,1,+99999,9,99,9","9,AGL   ,+99999,+99999","01,99,1,00,1,99,9,99999,9,99,9,99,9","240,M,+0352,1","240,N,+0186,1","99999,9,09410,1","9,9,999,9,+000,1","SYN08043125 32997 13002 10252 20126 39410 40140 80000 333 10352 20186 58000 555 10000=",
"43125099999","2024-03-09T03:00:00","4","17.9166666","77.5333333","663.0","BIDAR, IN","FM-12","99999","V020","050,1,N,0010,1","22000,1,9,N","010000,1,9,9","+0260,1","+0152,1","10140,1",,,"00,1,+99999,9,99,9","9,AGL   ,+99999,+99999","01,99,1,00,1,99,9,99999,9,99,9,99,9","240,M,+0352,1","240,N,+0198,1","99999,9,09410,1","9,9,999,9,+000,1","SYN08043125 32997 10502 10260 20152 39410 40140 80000 333 10352 20198 58000 555 10000=",
"43125099999","2024-03-10T03:00:00","4","17.9166666","77.5333333","663.0","BIDAR, IN","FM-12","99999","V020","180,1,N,0010,1","22000,1,9,N","010000,1,9,9","+0244,1","+0159,1","10125,1",,,"00,1,+99999,9,99,9","9,AGL   ,+99999,+99999","01,99,1,00,1,99,9,99999,9,99,9,99,9","240,M,+0356,1","240,N,+0210,1","99999,9,09418,1","9,9,999,9,+008,1","SYN08043125 32997 11802 10244 20159 39418 40125 80000 333 10356 20210 58008 555 10000=",
"43125099999","2024-03-11T03:00:00","4","17.9166666","77.5333333","663.0","BIDAR, IN","FM-12","99999","V020","230,1,N,0010,1","22000,1,9,N","010000,1,9,9","+0268,1","+0200,1","10162,1",,,"00,1,+99999,9,99,9","9,AGL   ,+99999,+99999","01,99,1,00,1,99,9,99999,9,99,9,99,9","240,M,+0360,1","240,N,+0210,1","99999,9,09432,1","9,9,999,9,+014,1","SYN08043125 32997 12302 10268 20200 39432 40162 80000 333 10360 20210 58014 555 10000=",
"43125099999","2024-03-12T03:00:00","4","17.9166666","77.5333333","663.0","BIDAR, IN","FM-12","99999","V020","230,1,N,0010,1","22000,1,9,N","010000,1,9,9","+0276,1","+0199,1","10168,1",,,"00,1,+99999,9,99,9","9,AGL   ,+99999,+99999","01,99,1,00,1,99,9,99999,9,99,9,99,9","240,M,+0352,1","240,N,+0208,1","99999,9,09440,1","9,9,999,9,+008,1","SYN08043125 32997 12302 10276 20199 39440 40168 80000 333 10352 20208 58008 555 10000=",
"43125099999","2024-03-12T12:00:00","4","17.9166666","77.5333333","663.0","BIDAR, IN","FM-12","99999","V020","270,1,N,0010,1","22000,1,9,N","010000,1,9,9","+0344,1","+0173,1","10098,1",,,"05,2,+99999,9,99,9","9,AGL   ,+99999,+99999","04,99,2,05,2,99,9,99999,9,99,9,99,9","240,M,+0366,1",,"99999,9,09390,1","9,9,999,9,+000,1","SYN06443125 32997 42702 10344 20173 39390 40098 85000 333 10366 58000=",
"43125099999","2024-03-13T03:00:00","4","17.9166666","77.5333333","663.0","BIDAR, IN","FM-12","99999","V020","230,1,N,0010,1","22000,1,9,N","010000,1,9,9","+0274,1","+0197,1","10168,1",,,"00,1,+99999,9,99,9","9,AGL   ,+99999,+99999","01,99,1,00,1,99,9,99999,9,99,9,99,9","240,M,+0366,1","240,N,+0236,1","99999,9,09440,1","9,9,999,9,+000,1","SYN08043125 32997 12302 10274 20197 39440 40168 80000 333 10366 20236 58000 555 10000=",
"43125099999","2024-03-14T03:00:00","4","17.9166666","77.5333333","663.0","BIDAR, IN","FM-12","99999","V020","050,1,N,0010,1","22000,1,9,N","010000,1,9,9","+0280,1","+0112,1","10146,1",,,"00,1,+99999,9,99,9","9,AGL   ,+99999,+99999","01,99,1,00,1,99,9,99999,9,99,9,99,9","240,M,+0370,1","240,N,+0240,1","99999,9,09420,1","9,9,999,9,-020,1","SYN08043125 32997 10502 10280 20112 39420 40146 80000 333 10370 20240 59020 555 10000=",
"43125099999","2024-03-15T03:00:00","4","17.9166666","77.5333333","663.0","BIDAR, IN","FM-12","99999","V020","050,1,N,0010,1","22000,1,9,N","010000,1,9,9","+0286,1","+0112,1","10132,1",,,"00,1,+99999,9,99,9","9,AGL   ,+99999,+99999","01,99,1,00,1,99,9,99999,9,99,9,99,9","240,M,+0355,1","240,N,+0210,1","99999,9,09410,1","9,9,999,9,-010,1","SYN08043125 32997 10502 10286 20112 39410 40132 80000 333 10355 20210 59010 555 10000=",
"43125099999","2024-03-15T12:00:00","4","17.9166666","77.5333333","663.0","BIDAR, IN","FM-12","99999","V020","140,1,N,0010,1","22000,1,9,N","010000,1,9,9","+0332,1","+0179,1","10075,1",,,"99,9,+99999,9,00,1","9,AGL   ,+99999,+99999","01,99,1,00,1,99,9,99999,9,99,9,99,9","240,M,+0356,1",,"99999,9,09368,1","9,9,999,9,-020,1","SYN06443125 32997 11402 10332 20179 39368 40075 80001 333 10356 59020=","Q01    003SCCGA1"
"43125099999","2024-03-17T03:00:00","4","17.9166666","77.5333333","663.0","BIDAR, IN","FM-12","99999","V020","140,1,N,0010,1","22000,1,9,N","010000,1,9,9","+0256,1","+0203,1","10151,1",,,"05,2,+99999,9,99,9","9,AGL   ,+99999,+99999","03,99,2,05,2,99,9,99999,9,99,9,99,9","240,M,+0346,1","240,N,+0218,1","99999,9,09420,1","9,9,999,9,+002,1","SYN07043125 32997 31402 10256 20203 39420 40151 85000 333 10346 20218 58002=",
"43125099999","2024-03-17T12:00:00","4","17.9166666","77.5333333","663.0","BIDAR, IN","FM-12","99999","V020","140,1,N,0010,1","99999,9,9,N","010000,1,9,9","+0228,1","+0198,1","10104,1","09,0250,3,1",,"05,1,+99999,9,99,9","9,AGL   ,+99999,+99999","05,99,1,05,1,99,9,99999,9,99,9,99,9","240,M,+0336,1",,"99999,9,09370,1","9,9,999,9,+000,1","SYN07043125 22997 51402 10228 20198 39370 40104 85000 333 10336 58000 6025/=",
"43125099999","2024-03-18T12:00:00","4","17.9166666","77.5333333","663.0","BIDAR, IN","FM-12","99999","V020","180,1,N,0010,1","22000,1,9,N","010000,1,9,9","+0318,1","+0157,1","10088,1",,,"05,2,+99999,9,99,9","9,AGL   ,+99999,+99999","03,99,2,05,2,99,9,99999,9,99,9,99,9","240,M,+0342,1",,"99999,9,09374,1","9,9,999,9,+004,1","SYN06443125 32997 31802 10318 20157 39374 40088 85000 333 10342 58004=",
"43125099999","2024-03-19T03:00:00","4","17.9166666","77.5333333","663.0","BIDAR, IN","FM-12","99999","V020","300,1,N,0010,1","22000,1,9,N","010000,1,9,9","+0238,1","+0196,1","10145,1",,,"05,2,+99999,9,99,9","9,AGL   ,+99999,+99999","03,99,2,05,2,99,9,99999,9,99,9,99,9","240,M,+0342,1","240,N,+0210,1","99999,9,09410,1","9,9,999,9,+008,1","SYN08043125 32997 33002 10238 20196 39410 40145 85000 333 10342 20210 58008 555 10036=",
"43125099999","2024-03-20T03:00:00","4","17.9166666","77.5333333","663.0","BIDAR, IN","FM-12","99999","V020","050,1,N,0010,1","22000,1,9,N","010000,1,9,9","+0236,1","+0184,1","10145,1",,,"00,1,+99999,9,99,9","9,AGL   ,+99999,+99999","01,99,1,00,1,99,9,99999,9,99,9,99,9","240,M,+0346,1","240,N,+0210,1","99999,9,09410,1","9,9,999,9,+000,1","SYN08043125 32997 10502 10236 20184 39410 40145 80000 333 10346 20210 58000 555 10036=",
"43125099999","2024-03-21T12:00:00","4","17.9166666","77.5333333","663.0","BIDAR, IN","FM-12","99999","V020","180,1,N,0010,1","22000,1,9,N","010000,1,9,9","+0320,1","+0107,1","10076,1",,,"03,1,+99999,9,99,9","9,AGL   ,+99999,+99999","03,99,1,03,1,99,9,99999,9,99,9,99,9","240,M,+0335,1",,"99999,9,09364,1","9,9,999,9,+004,1","SYN06443125 32997 31802 10320 20107 39364 40076 83000 333 10335 58004=",
"43125099999","2024-03-22T12:00:00","4","17.9166666","77.5333333","663.0","BIDAR, IN","FM-12","99999","V020","140,1,N,0010,1","22000,1,9,N","010000,1,9,9","+0328,1","+0120,1","10072,1",,,"99,9,+00450,1,99,9","9,AGL   ,+99999,+99999","01,99,1,00,1,99,9,00450,1,99,9,99,9","240,M,+0346,1",,"99999,9,09362,1","9,9,999,9,-002,1","SYN06443125 32497 11402 10328 20120 39362 40072 80000 333 10346 59002=","Q01    003SCCGA1"
"43125099999","2024-03-23T03:00:00","4","17.9166666","77.5333333","663.0","BIDAR, IN","FM-12","99999","V020","140,1,N,0010,1","22000,1,9,N","010000,1,9,9","+0268,1","+0165,1","10141,1",,,"00,1,+99999,9,99,9","9,AGL   ,+99999,+99999","01,99,1,00,1,99,9,99999,9,99,9,99,9","240,M,+0346,1","240,N,+0220,1","99999,9,09412,1","9,9,999,9,+002,1","SYN08043125 32997 11402 10268 20165 39412 40141 80000 333 10346 20220 58002 555 10036=",
"43125099999","2024-03-23T12:00:00","4","17.9166666","77.5333333","663.0","BIDAR, IN","FM-12","99999","V020","180,1,N,0010,1","22000,1,9,N","010000,1,9,9","+0330,1","+0132,1","10072,1",,,"03,1,+99999,9,00,1","9,AGL   ,+99999,+99999","03,99,1,03,1,99,9,99999,9,99,9,99,9","240,M,+0360,1",,,"9,9,999,9,+000,1","SYN05843125 32997 31802 10330 20132 40072 83001 333 10360 58000=",
"43125099999","2024-03-24T03:00:00","4","17.9166666","77.5333333","663.0","BIDAR, IN","FM-12","99999","V020","140,1,N,0010,1","22000,1,9,N","010000,1,9,9","+0288,1","+0182,1","10136,1",,,"02,1,+99999,9,99,9","9,AGL   ,+99999,+99999","02,99,1,02,1,99,9,99999,9,99,9,99,9","240,M,+0360,1","240,N,+0246,1","99999,9,09412,1","9,9,999,9,+000,1","SYN08043125 32997 21402 10288 20182 39412 40136 82000 333 10360 20246 58000 555 10036=",
"43125099999","2024-03-25T12:00:00","4","17.9166666","77.5333333","663.0","BIDAR, IN","FM-12","99999","V020","140,1,N,0010,1","22000,1,9,N","010000,1,9,9","+0332,1","+0144,1","10079,1",,,"03,1,+99999,9,99,9","9,AGL   ,+99999,+99999","03,99,1,03,1,99,9,99999,9,99,9,99,9","240,M,+0362,1",,"99999,9,09372,1","9,9,999,9,+002,1","SYN06443125 32997 31402 10332 20144 39372 40079 83000 333 10362 58002=",
"43125099999","2024-03-26T03:00:00","4","17.9166666","77.5333333","663.0","BIDAR, IN","FM-12","99999","V020","230,1,N,0010,1","22000,1,9,N","010000,1,9,9","+0282,1","+0106,1","10136,1",,,"04,1,+99999,9,99,9","9,AGL   ,+99999,+99999","04,99,1,04,1,99,9,99999,9,99,9,99,9","240,M,+0362,1","240,N,+0244,1","99999,9,09412,1","9,9,999,9,+004,1","SYN08043125 32997 42302 10282 20106 39412 40136 84000 333 10362 20244 58004 555 10036=",
"43125099999","2024-03-27T03:00:00","4","17.9166666","77.5333333","663.0","BIDAR, IN","FM-12","99999","V020","140,1,N,0010,1","22000,1,9,N","010000,1,9,9","+0276,1","+0179,1","10146,1",,,"00,1,+99999,9,99,9","9,AGL   ,+99999,+99999","01,99,1,00,1,99,9,99999,9,99,9,99,9","240,M,+0364,1","240,N,+0240,1","99999,9,09420,1","9,9,999,9,+008,1","SYN08043125 32997 11402 10276 20179 39420 40146 80000 333 10364 20240 58008 555 10036=",
"43125099999","2024-04-02T03:00:00","4","17.9166666","77.5333333","663.0","BIDAR, IN","FM-12","99999","V020","230,1,N,0010,1","22000,1,9,N","010000,1,9,9","+0300,1","+0164,1","10122,1",,,"00,1,+99999,9,99,9","9,AGL   ,+99999,+99999","01,99,1,00,1,99,9,99999,9,99,9,99,9","240,M,+0380,1","240,N,+0238,1","99999,9,09402,1","9,9,999,9,+000,1","SYN07043125 32997 12302 10300 20164 39402 40122 80000 333 10380 20238 58000=",
"43125099999","2024-04-03T03:00:00","4","17.9166666","77.5333333","663.0","BIDAR, IN","FM-12","99999","V020","140,1,N,0010,1","22000,1,9,N","010000,1,9,9","+0286,1","+0184,1","99999,9",,,"00,1,+99999,9,99,9","9,AGL   ,+99999,+99999","01,99,1,00,1,99,9,99999,9,99,9,99,9","240,M,+0390,1","240,N,+0245,1","99999,9,09410,1","9,9,999,9,+008,1","SYN08043125 32997 11402 10286 20184 39410 43134 80000 333 10390 20245 58008 555 10036=",
"43125099999","2024-04-03T12:00:00","4","17.9166666","77.5333333","663.0","BIDAR, IN","FM-12","99999","V020","140,1,N,0010,1","22000,1,9,N","010000,1,9,9","+0354,1","+0146,1","10054,1",,,"03,1,+99999,9,99,9","9,AGL   ,+99999,+99999","03,99,1,03,1,99,9,99999,9,99,9,99,9","240,M,+0384,1",,"99999,9,09352,1","9,9,999,9,-008,1","SYN06443125 32997 31402 10354 20146 39352 40054 83000 333 10384 59008=",
"43125099999","2024-04-04T12:00:00","4","17.9166666","77.5333333","663.0","BIDAR, IN","FM-12","99999","V020","230,1,N,0010,1","22000,1,9,N","010000,1,9,9","+0376,1","+0157,1","10152,1",,,"03,1,+99999,9,99,9","9,AGL   ,+99999,+99999","03,99,1,03,1,99,9,99999,9,99,9,99,9","240,M,+0392,1",,"99999,9,09354,1","9,9,999,9,+002,1","SYN06443125 32997 32302 10376 20157 39354 40152 83000 333 10392 58002=",
"43125099999","2024-04-05T03:00:00","4","17.9166666","77.5333333","663.0","BIDAR, IN","FM-12","99999","V020","050,1,N,0010,1","22000,1,9,N","010000,1,9,9","+0270,1","+0199,1","10119,1",,,"00,1,+99999,9,99,9","9,AGL   ,+99999,+99999","01,99,1,00,1,99,9,99999,9,99,9,99,9","240,M,+0392,1","240,N,+0250,1","99999,9,09392,1","9,9,999,9,-002,1","SYN08043125 32997 10502 10270 20199 39392 40119 80000 333 10392 20250 59002 555 10036=",
"43125099999","2024-04-05T12:00:00","4","17.9166666","77.5333333","663.0","BIDAR, IN","FM-12","99999","V020","090,1,N,0010,1","22000,1,9,N","010000,1,9,9","+0380,1","+0154,1","10040,1",,,"00,1,+99999,9,99,9","9,AGL   ,+99999,+99999","01,99,1,00,1,99,9,99999,9,99,9,99,9","240,M,+0394,1",,"99999,9,09344,1","9,9,999,9,-010,1","SYN06443125 32997 10902 10380 20154 39344 40040 80000 333 10394 59010=",
"43125099999","2024-04-06T12:00:00","4","17.9166666","77.5333333","663.0","BIDAR, IN","FM-12","99999","V020","300,1,N,0010,1","22000,1,9,N","010000,1,9,9","+0380,1","+0154,1","10101,1",,,"03,1,+99999,9,99,9","9,AGL   ,+99999,+99999","03,99,1,03,1,99,9,99999,9,99,9,99,9","240,M,+0398,1",,"99999,9,09400,1","9,9,999,9,+006,1","SYN06443125 32997 33002 10380 20154 39400 40101 83000 333 10398 58006=",
"43125099999","2024-04-07T03:00:00","4","17.9166666","77.5333333","663.0","BIDAR, IN","FM-12","99999","V020","050,1,N,0010,1","22000,1,9,N","010000,1,9,9","+0302,1","+0139,1","10086,1",,,"03,1,+99999,9,99,9","9,AGL   ,+99999,+99999","03,99,1,03,1,99,9,99999,9,99,9,99,9","240,M,+0398,1","240,N,+0246,1","99999,9,09370,1","9,9,999,9,-010,1","SYN08043125 32997 30502 10302 20139 39370 40086 83000 333 10398 20246 59010 555 10036=",
"43125099999","2024-04-07T12:00:00","4","17.9166666","77.5333333","663.0","BIDAR, IN","FM-12","99999","V020","180,1,N,0010,1","22000,1,9,N","010000,1,9,9","+0362,1","+0144,1","10083,1",,,"03,1,+99999,9,99,9","9,AGL   ,+99999,+99999","03,99,1,03,1,99,9,99999,9,99,9,99,9","240,M,+0382,1",,"99999,9,09382,1","9,9,999,9,-018,1","SYN06443125 32997 31802 10362 20144 39382 40083 83000 333 10382 59018=",
"43125099999","2024-04-08T03:00:00","4","17.9166666","77.5333333","663.0","BIDAR, IN","FM-12","99999","V020","050,1,N,0010,1","22000,1,9,N","010000,1,9,9","+0280,1","+0176,1","10097,1",,,"00,1,+99999,9,99,9","9,AGL   ,+99999,+99999","01,99,1,00,1,99,9,99999,9,99,9,99,9","240,M,+0382,1","240,N,+0252,1","99999,9,09374,1","9,9,999,9,+004,1","SYN08043125 32997 10502 10280 20176 39374 40097 80000 333 10382 20252 58004 555 10036=",
"43125099999","2024-04-09T03:00:00","4","17.9166666","77.5333333","663.0","BIDAR, IN","FM-12","99999","V020","140,1,N,0010,1","22000,1,9,N","010000,1,9,9","+0262,1","+0212,1","10117,1",,,"00,1,+99999,9,99,9","9,AGL   ,+99999,+99999","01,99,1,00,1,99,9,99999,9,99,9,99,9","240,M,+0374,1","240,N,+0230,1","99999,9,09390,1","9,9,999,9,+016,1","SYN08043125 32997 11402 10262 20212 39390 40117 80000 333 10374 20230 58016 555 10036=",
"43125099999","2024-04-10T03:00:00","4","17.9166666","77.5333333","663.0","BIDAR, IN","FM-12","99999","V020","190,1,N,0010,1","22000,1,9,N","010000,1,9,9","+0260,1","+0216,1","10126,1",,,"00,1,+99999,9,99,9","9,AGL   ,+99999,+99999","01,99,1,00,1,99,9,99999,9,99,9,99,9","240,M,+0366,1","240,N,+0240,1","99999,9,09396,1","9,9,999,9,+006,1","SYN08043125 32997 11902 10260 20216 39396 40126 80000 333 10366 20240 58006 555 10036=",
"43125099999","2024-04-10T12:00:00","4","17.9166666","77.5333333","663.0","BIDAR, IN","FM-12","99999","V020","230,1,N,0010,1","22000,1,9,N","010000,1,9,9","+0348,1","+0170,1","10057,1",,,"03,1,+99999,9,99,9","9,AGL   ,+99999,+99999","03,99,1,03,1,99,9,99999,9,99,9,99,9","240,M,+0364,1",,"99999,9,09352,1","9,9,999,9,+000,1","SYN06443125 32997 32302 10348 20170 39352 40057 83000 333 10364 58000=",
"43125099999","2024-04-11T12:00:00","4","17.9166666","77.5333333","663.0","BIDAR, IN","FM-12","99999","V020","050,1,N,0010,1","99999,9,9,N","010000,1,9,9","+0316,1","+0166,1","10062,1",,,"05,1,+99999,9,99,9","9,AGL   ,+99999,+99999","05,99,1,05,1,99,9,99999,9,99,9,99,9","240,M,+0344,1",,"99999,9,09350,1","9,9,999,9,-002,1","SYN06443125 32997 50502 10316 20166 39350 40062 85000 333 10344 59002=",
"43125099999","2024-04-12T03:00:00","4","17.9166666","77.5333333","663.0","BIDAR, IN","FM-12","99999","V020","140,1,N,0010,1","22000,1,9,N","010000,1,9,9","+0258,1","+0189,1","10130,1",,,"00,1,+99999,9,99,9","9,AGL   ,+99999,+99999","01,99,1,00,1,99,9,99999,9,99,9,99,9","240,M,+0344,1","240,N,+0228,1","99999,9,09400,1","9,9,999,9,-004,1","SYN07043125 22997 11402 10258 20189 39400 40130 80000 333 10344 20228 59004=",
"43125099999","2024-04-12T12:00:00","4","17.9166666","77.5333333","663.0","BIDAR, IN","FM-12","99999","V020","140,1,N,0010,1","22000,1,9,N","010000,1,9,9","+0330,1","+0184,1","10070,1",,,"03,1,+99999,9,99,9","9,AGL   ,+99999,+99999","03,99,1,03,1,99,9,99999,9,99,9,99,9","240,M,+0346,1",,"99999,9,09360,1","9,9,999,9,+010,1","SYN06443125 32997 31402 10330 20184 39360 40070 83000 333 10346 58010=",
"43125099999","2024-04-14T03:00:00","4","17.9166666","77.5333333","663.0","BIDAR, IN","FM-12","99999","V020","230,1,N,0010,1","22000,1,9,N","010000,1,9,9","+0264,1","+0215,1","10143,1",,,"00,1,+99999,9,99,9","9,AGL   ,+99999,+99999","01,99,1,00,1,99,9,99999,9,99,9,99,9","240,M,+0270,1","240,N,+0222,1","99999,9,09414,1","9,9,999,9,+004,1","SYN08043125 32997 12302 10264 20215 39414 40143 80000 333 10270 20222 58004 555 10055=",
"43125099999","2024-04-14T12:00:00","4","17.9166666","77.5333333","663.0","BIDAR, IN","FM-12","99999","V020","230,1,N,0010,1","22000,1,9,N","010000,1,9,9","+0330,1","+0192,1","10080,1",,,"03,1,+99999,9,99,9","9,AGL   ,+99999,+99999","03,99,1,03,1,99,9,99999,9,99,9,99,9","240,M,+0366,1",,"99999,9,09370,1","9,9,999,9,+006,1","SYN06443125 32997 32302 10330 20192 39370 40080 83000 333 10366 58006=",
"43125099999","2024-04-15T03:00:00","4","17.9166666","77.5333333","663.0","BIDAR, IN","FM-12","99999","V020","300,1,N,0010,1","22000,1,9,N","010000,1,9,9","+0286,1","+0187,1","10144,1",,,"02,1,+99999,9,99,9","9,AGL   ,+99999,+99999","02,99,1,02,1,99,9,99999,9,99,9,99,9","240,M,+0366,1","240,N,+0252,1","99999,9,09420,1","9,9,999,9,+006,1","SYN08043125 32997 23002 10286 20187 39420 40144 82000 333 10366 20252 58006 555 10054=",
"43125099999","2024-04-15T12:00:00","4","17.9166666","77.5333333","663.0","BIDAR, IN","FM-12","99999","V020","050,1,N,0010,1","22000,1,9,N","010000,1,9,9","+0358,1","+0151,1","10072,1",,,"00,1,+99999,9,99,9","9,AGL   ,+99999,+99999","01,99,1,00,1,99,9,99999,9,99,9,99,9","240,M,+0372,1",,"99999,9,09370,1","9,9,999,9,+000,1","SYN06443125 32997 10502 10358 20151 39370 40072 80000 333 10372 58000=",
"43125099999","2024-04-19T03:00:00","4","17.9166666","77.5333333","663.0","BIDAR, IN","FM-12","99999","V020","270,1,N,0010,1","22000,1,9,N","010000,1,9,9","+0310,1","+0198,1","10078,1",,,"00,1,+99999,9,99,9","9,AGL   ,+99999,+99999","01,99,1,00,1,99,9,99999,9,99,9,99,9","240,M,+0370,1","240,N,+0260,1","99999,9,09364,1","9,9,999,9,-016,1","SYN08043125 32997 12702 10310 20198 39364 40078 80000 333 10370 20260 59016 555 10057=",
"43125099999","2024-04-19T12:00:00","4","17.9166666","77.5333333","663.0","BIDAR, IN","FM-12","99999","V020","180,1,N,0010,1","22000,1,9,N","010000,1,9,9","+0300,1","+0213,1","10055,1",,,"03,1,+99999,9,99,9","9,AGL   ,+99999,+99999","03,99,1,03,1,99,9,99999,9,99,9,99,9","240,M,+0370,1",,"99999,9,09340,1","9,9,999,9,-008,1","SYN06443125 32997 31802 10300 20213 39340 40055 83000 333 10370 59008=",
"43125099999","2024-04-20T12:00:00","4","17.9166666","77.5333333","663.0","BIDAR, IN","FM-12","99999","V020","250,1,N,0010,1","99999,9,9,N","010000,1,9,9","+0264,1","+0211,1","10063,1",,,"05,1,+99999,9,99,9","9,AGL   ,+99999,+99999","05,99,1,05,1,99,9,99999,9,99,9,99,9","240,M,+0350,1",,"99999,9,09340,1","9,9,999,9,+000,1","SYN06443125 32997 52502 10264 20211 39340 40063 85000 333 10350 58000=",
"43125099999","2024-04-21T03:00:00","4","17.9166666","77.5333333","663.0","BIDAR, IN","FM-12","99999","V020","230,1,N,0010,1","22000,1,9,N","010000,1,9,9","+0276,1","+0206,1","10080,1",,,"03,1,+99999,9,99,9","9,AGL   ,+99999,+99999","03,99,1,03,1,99,9,99999,9,99,9,99,9","240,M,+0350,1","240,N,+0210,1","99999,9,09358,1","9,9,999,9,+014,1","SYN08043125 32997 32302 10276 20206 39358 40080 83000 333 10350 20210 58014 555 10092=",
"43125099999","2024-04-21T12:00:00","4","17.9166666","77.5333333","663.0","BIDAR, IN","FM-12","99999","V020","300,1,N,0010,1","22000,1,9,N","010000,1,9,9","+0350,1","+0210,1","10045,1",,,"03,1,+99999,9,99,9","9,AGL   ,+99999,+99999","03,99,1,03,1,99,9,99999,9,99,9,99,9","240,M,+0368,1",,"99999,9,09346,1","9,9,999,9,+006,1","SYN06443125 32997 33002 10350 20210 39346 40045 83000 333 10368 58006=",
"43125099999","2024-04-22T03:00:00","4","17.9166666","77.5333333","663.0","BIDAR, IN","FM-12","99999","V020","270,1,N,0010,1","22000,1,9,N","010000,1,9,9","+0288,1","+0210,1","10080,1",,,"00,1,+99999,9,99,9","9,AGL   ,+99999,+99999","01,99,1,00,1,99,9,99999,9,99,9,99,9","240,M,+0368,1","240,N,+0234,1","99999,9,09358,1","9,9,999,9,+000,1","SYN08043125 32997 12702 10288 20210 39358 40080 80000 333 10368 20234 58000 555 10092=",
"43125099999","2024-04-23T03:00:00","4","17.9166666","77.5333333","663.0","BIDAR, IN","FM-12","99999","V020","050,1,N,0010,1","22000,1,9,N","010000,1,9,9","+0280,1","+0194,1","10082,1","24,0100,3,1",,"00,1,+99999,9,99,9","9,AGL   ,+99999,+99999","01,99,1,00,1,99,9,99999,9,99,9,99,9","240,M,+0370,1","240,N,+0216,1","99999,9,09360,1","9,9,999,9,+002,1","SYN09843125 22997 10502 10280 20194 39360 40082 80000 333 10370 20216 58002 6010/ 70100 555 00010 10104=",
"43125099999","2024-04-23T12:00:00","4","17.9166666","77.5333333","663.0","BIDAR, IN","FM-12","99999","V020","030,1,N,0257,1","22000,1,9,N","000200,1,9,9","+9999,9","+0210,1","10058,1",,,"02,2,+01750,1,99,9","9,AGL   ,+99999,+99999","01,99,2,02,2,99,9,01750,1,99,9,99,9","240,M,+0368,1",,"99999,9,09342,1","9,9,999,9,+000,1","SYN05843125 22702 10350 20210 39342 40058 82000 333 10368 58000=",
"43125099999","2024-04-24T03:00:00","4","17.9166666","77.5333333","663.0","BIDAR, IN","FM-12","99999","V020","050,1,N,0010,1","22000,1,9,N","010000,1,9,9","+0264,1","+0199,1","10090,1",,,"04,1,+99999,9,99,9","9,AGL   ,+99999,+99999","04,99,1,04,1,99,9,99999,9,99,9,99,9","240,M,+0368,1","240,N,+0244,1","99999,9,09366,1","9,9,999,9,+006,1","SYN08043125 32997 40502 10264 20199 39366 40090 84000 333 10368 20244 58006 555 10104=",
"43125099999","2024-04-25T03:00:00","4","17.9166666","77.5333333","663.0","BIDAR, IN","FM-12","99999","V020","140,1,N,0010,1","22000,1,9,N","010000,1,9,9","+0270,1","+0209,1","10098,1",,,"00,1,+99999,9,99,9","9,AGL   ,+99999,+99999","01,99,1,00,1,99,9,99999,9,99,9,99,9","240,M,+0366,1","240,N,+0238,1","99999,9,09372,1","9,9,999,9,+006,1","SYN08043125 32997 11402 10270 20209 39372 40098 80000 333 10366 20238 58006 555 10104=",
"43125099999","2024-04-26T03:00:00","4","17.9166666","77.5333333","663.0","BIDAR, IN","FM-12","99999","V020","230,1,N,0010,1","22000,1,9,N","010000,1,9,9","+0276,1","+0172,1","10084,1",,,"00,1,+99999,9,99,9","9,AGL   ,+99999,+99999","01,99,1,00,1,99,9,99999,9,99,9,99,9","240,M,+0376,1","240,N,+0235,1","99999,9,09362,1","9,9,999,9,-010,1","SYN08043125 32997 12302 10276 20172 39362 40084 80000 333 10376 20235 59010 555 10104=",
"43125099999","2024-04-28T03:00:00","4","17.9166666","77.5333333","663.0","BIDAR, IN","FM-12","99999","V020","230,1,N,0010,1","22000,1,9,N","010000,1,9,9","+0306,1","+0194,1","10082,1",,,"00,1,+99999,9,99,9","9,AGL   ,+99999,+99999","01,99,1,00,1,99,9,99999,9,99,9,99,9","240,M,+0390,1","240,N,+0260,1","99999,9,09368,1","9,9,999,9,-002,1","SYN08043125 32997 12302 10306 20194 39368 40082 80000 333 10390 20260 59002 555 10104=",
"43125099999","2024-04-29T12:00:00","4","17.9166666","77.5333333","663.0","BIDAR, IN","FM-12","99999","V020","140,1,N,0010,1","22000,1,9,N","010000,1,9,9","+0378,1","+0176,1","10038,1",,,"00,1,+99999,9,99,9","9,AGL   ,+99999,+99999","01,99,1,00,1,99,9,99999,9,99,9,99,9","240,M,+0396,1",,"99999,9,09342,1","9,9,999,9,+000,1","SYN06443125 32997 11402 10378 20176 39342 40038 80000 333 10396 58000=",
"43125099999","2024-04-30T03:00:00","4","17.9166666","77.5333333","663.0","BIDAR, IN","FM-12","99999","V020","270,1,N,0010,1","22000,1,9,N","010000,1,9,9","+0330,1","+0157,1","10080,1",,,"00,1,+99999,9,99,9","9,AGL   ,+99999,+99999","01,99,1,00,1,99,9,99999,9,99,9,99,9","240,M,+0396,1","240,N,+0252,1","99999,9,09370,1","9,9,999,9,+002,1","SYN08043125 32997 12702 10330 20157 39370 40080 80000 333 10396 20252 58002 555 10104=",
"43125099999","2024-05-02T03:00:00","4","17.9166666","77.5333333","663.0","BIDAR, IN","FM-12","99999","V020","300,1,N,0010,1","22000,1,9,N","010000,1,9,9","+0324,1","+0077,1","10065,1",,,"00,1,+99999,9,99,9","9,AGL   ,+99999,+99999","01,99,1,00,1,99,9,99999,9,99,9,99,9","240,M,+0412,1","240,N,+0250,1","99999,9,09355,1","9,9,999,9,+000,1","SYN08043125 32997 13002 10324 20077 39355 40065 80000 333 10412 20250 58000 555 10104=",
"43125099999","2024-05-03T03:00:00","4","17.9166666","77.5333333","663.0","BIDAR, IN","FM-12","99999","V020","270,1,N,0010,1","22000,1,9,N","010000,1,9,9","+0306,1","+0043,1","10074,1",,,"00,1,+99999,9,99,9","9,AGL   ,+99999,+99999","01,99,1,00,1,99,9,99999,9,99,9,99,9","240,M,+0400,1","240,N,+0196,1","99999,9,09360,1","9,9,999,9,+005,1","SYN08043125 32997 12702 10306 20043 39360 40074 80000 333 10400 20196 58005 555 10104=",
"43125099999","2024-05-03T12:00:00","4","17.9166666","77.5333333","663.0","BIDAR, IN","FM-12","99999","V020","050,1,N,0010,1","22000,1,9,N","010000,1,9,9","+0400,1","+0070,1","10010,1",,,"00,1,+99999,9,99,9","9,AGL   ,+99999,+99999","01,99,1,00,1,99,9,99999,9,99,9,99,9","240,M,+0410,1",,"99999,9,09320,1","9,9,999,9,+006,1","SYN06443125 32997 10502 10400 20070 39320 40010 80000 333 10410 58006=",
"43125099999","2024-05-04T03:00:00","4","17.9166666","77.5333333","663.0","BIDAR, IN","FM-12","99999","V020","300,1,N,0010,1","22000,1,9,N","010000,1,9,9","+0302,1","+0066,1","10076,1",,,"00,1,+99999,9,99,9","9,AGL   ,+99999,+99999","01,99,1,00,1,99,9,99999,9,99,9,99,9","240,M,+0410,1","240,N,+0208,1","99999,9,09362,1","9,9,999,9,+002,1","SYN08043125 32997 13002 10302 20066 39362 40076 80000 333 10410 20208 58002 555 10104=",
"43125099999","2024-05-06T12:00:00","4","17.9166666","77.5333333","663.0","BIDAR, IN","FM-12","99999","V020","090,1,N,0010,1","22000,1,9,N","010000,1,9,9","+0400,1","+0167,1","10010,1",,,"02,1,+99999,9,99,9","9,AGL   ,+99999,+99999","02,99,1,02,1,99,9,99999,9,99,9,99,9","240,M,+0415,1",,"99999,9,09320,1","9,9,999,9,+008,1","SYN06443125 32997 20902 10400 20167 39320 40010 82000 333 10415 58008=",
"43125099999","2024-05-07T03:00:00","4","17.9166666","77.5333333","663.0","BIDAR, IN","FM-12","99999","V020","230,1,N,0010,1","22000,1,9,N","010000,1,9,9","+0300,1","+0204,1","10087,1",,,"00,1,+99999,9,99,9","9,AGL   ,+99999,+99999","01,99,1,00,1,99,9,99999,9,99,9,99,9","240,M,+0415,1","240,N,+0270,1","99999,9,09370,1","9,9,999,9,+006,1","SYN08043125 32997 12302 10300 20204 39370 40087 80000 333 10415 20270 58006 555 10104=",
"43125099999","2024-05-07T12:00:00","4","17.9166666","77.5333333","663.0","BIDAR, IN","FM-12","99999","V020","230,1,N,0010,1","22000,1,9,N","010000,1,9,9","+0392,1","+0155,1","10004,1",,,"03,1,+99999,9,99,9","9,AGL   ,+99999,+99999","03,99,1,03,1,99,9,99999,9,99,9,99,9","240,M,+0402,1",,"99999,9,09320,1","9,9,999,9,+000,1","SYN06443125 32997 32302 10392 20155 39320 40004 83000 333 10402 58000=",
"43125099999","2024-05-08T03:00:00","4","17.9166666","77.5333333","663.0","BIDAR, IN","FM-12","99999","V020","230,1,N,0010,1","22000,1,9,N","010000,1,9,9","+0284,1","+0185,1","10091,1",,,"00,1,+99999,9,99,9","9,AGL   ,+99999,+99999","01,99,1,00,1,99,9,99999,9,99,9,99,9","240,M,+0402,1","240,N,+0220,1","99999,9,09370,1","9,9,999,9,+000,1","SYN08043125 32997 12302 10284 20185 39370 40091 80000 333 10402 20220 58000 555 10104=",
"43125099999","2024-05-09T03:00:00","4","17.9166666","77.5333333","663.0","BIDAR, IN","FM-12","99999","V020","180,1,N,0010,1","22000,1,9,N","010000,1,9,9","+0272,1","+0184,1","99999,9","24,0420,3,1",,"04,1,+99999,9,99,9","9,AGL   ,+99999,+99999","04,99,1,04,1,99,9,99999,9,99,9,99,9","240,M,+0384,1","240,N,+0202,1","99999,9,09364,1","9,9,999,9,-006,1","SYN09243125 22997 41802 10272 20184 39364 40/// 84000 333 10384 20202 59006 6042/ 555 00420 10143=",
"43125099999","2024-05-09T12:00:00","4","17.9166666","77.5333333","663.0","BIDAR, IN","FM-12","99999","V020","230,1,N,0010,1","22000,1,9,N","010000,1,9,9","+0350,1","+0173,1","10032,1",,,"02,1,+99999,9,99,9","9,AGL   ,+99999,+99999","02,99,1,02,1,99,9,99999,9,99,9,99,9","240,M,+0362,1",,"99999,9,09330,1","9,9,999,9,+000,1","SYN06443125 32997 22302 10350 20173 39330 40032 82000 333 10362 58000=",
"43125099999","2024-05-10T12:00:00","4","17.9166666","77.5333333","663.0","BIDAR, IN","FM-12","99999","V020","230,1,N,0010,1","22000,1,9,N","010000,1,9,9","+0290,1","+0202,1","10058,1",,,"04,1,+99999,9,99,9","9,AGL   ,+99999,+99999","04,99,1,04,1,99,9,99999,9,99,9,99,9","240,M,+0358,1",,"99999,9,09340,1","9,9,999,9,+010,1","SYN06443125 32997 42302 10290 20202 39340 40058 84000 333 10358 58010=",
"43125099999","2024-05-11T03:00:00","4","17.9166666","77.5333333","663.0","BIDAR, IN","FM-12","99999","V020","230,1,N,0010,1","22000,1,9,N","010000,1,9,9","+0282,1","+0225,1","10112,1",,,"02,1,+99999,9,99,9","9,AGL   ,+99999,+99999","02,99,1,02,1,99,9,99999,9,99,9,99,9","240,M,+0358,1","240,N,+0235,1","99999,9,09390,1","9,9,999,9,+018,1","SYN08043125 32997 22302 10282 20225 39390 40112 82000 333 10358 20235 58018 555 10143=",
"43125099999","2024-05-11T12:00:00","4","17.9166666","77.5333333","663.0","BIDAR, IN","FM-12","99999","V020","050,1,N,0010,1","22000,1,9,N","010000,1,9,9","+0350,1","+0169,1","10051,1",,,"03,1,+99999,9,99,9","9,AGL   ,+99999,+99999","03,99,1,03,1,99,9,99999,9,99,9,99,9","240,M,+0360,1",,"99999,9,09348,1","9,9,999,9,+008,1","SYN06443125 32997 30502 10350 20169 39348 40051 83000 333 10360 58008=",
"43125099999","2024-05-13T03:00:00","4","17.9166666","77.5333333","663.0","BIDAR, IN","FM-12","99999","V020","300,1,N,0010,1","22000,1,9,N","010000,1,9,9","+0252,1","+0211,1","10140,1",,,"03,1,+99999,9,99,9","9,AGL   ,+99999,+99999","03,99,1,03,1,99,9,99999,9,99,9,99,9","240,M,+0354,1","240,N,+0222,1","99999,9,09400,1","9,9,999,9,+010,1","SYN07043125 22997 33002 10252 20211 39400 40140 83000 333 10354 20222 58010=",
"43125099999","2024-05-13T12:00:00","4","17.9166666","77.5333333","663.0","BIDAR, IN","FM-12","99999","V020","300,1,N,0010,1","22000,1,9,N","010000,1,9,9","+0330,1","+0192,1","10094,1",,,"00,1,+99999,9,99,9","9,AGL   ,+99999,+99999","01,99,1,00,1,99,9,99999,9,99,9,99,9","240,M,+0342,1",,"99999,9,09354,1","9,9,999,9,+002,1","SYN06443125 32997 13002 10330 20192 39354 40094 80000 333 10342 58002=",
"43125099999","2024-05-14T12:00:00","4","17.9166666","77.5333333","663.0","BIDAR, IN","FM-12","99999","V020","360,1,N,0010,1","22000,1,9,N","010000,1,9,9","+0304,1","+0170,1","10061,1",,,"03,1,+99999,9,99,9","9,AGL   ,+99999,+99999","03,99,1,03,1,99,9,99999,9,99,9,99,9","240,M,+0360,1",,"99999,9,09348,1","9,9,999,9,-006,1","SYN06443125 32997 33602 10304 20170 39348 40061 83000 333 10360 59006=",
"43125099999","2024-05-15T12:00:00","4","17.9166666","77.5333333","663.0","BIDAR, IN","FM-12","99999","V020","140,1,N,0010,1","22000,1,9,N","010000,1,9,9","+0310,1","+0231,1","10072,1",,,"00,1,+99999,9,99,9","9,AGL   ,+99999,+99999","01,99,1,00,1,99,9,99999,9,99,9,99,9","240,M,+0315,1",,"99999,9,09358,1","9,9,999,9,+010,1","SYN06443125 32997 11402 10310 20231 39358 40072 80000 333 10315 58010=",
"43125099999","2024-05-16T03:00:00","4","17.9166666","77.5333333","663.0","BIDAR, IN","FM-12","99999","V020","999,9,V,0010,1","99999,9,9,N","010000,1,9,9","+0258,1","+0235,1","10122,1",,,,,,"240,M,+0315,1","240,N,+0230,1","99999,9,09392,1","9,9,999,9,+000,1","SYN07443125 32997 09902 10258 20235 39392 40122 333 10315 20230 58000 555 10170=",
"43125099999","2024-05-17T12:00:00","4","17.9166666","77.5333333","663.0","BIDAR, IN","FM-12","99999","V020","050,1,N,0010,1","99999,9,9,N","010000,1,9,9","+0308,1","+0193,1","10055,1",,,"05,1,+99999,9,99,9","9,AGL   ,+99999,+99999","05,99,1,05,1,99,9,99999,9,99,9,99,9","240,M,+0324,1",,"99999,9,09342,1","9,9,999,9,-016,1","SYN06443125 32997 50502 10308 20193 39342 40055 85000 333 10324 59016=",
"43125099999","2024-05-18T03:00:00","4","17.9166666","77.5333333","663.0","BIDAR, IN","FM-12","99999","V020","180,1,N,0010,1","22000,1,9,N","010000,1,9,9","+0282,1","+0219,1","10093,1",,,"03,1,+99999,9,99,9","9,AGL   ,+99999,+99999","03,99,1,03,1,99,9,99999,9,99,9,99,9","240,M,+0324,1","240,N,+0234,1","99999,9,09372,1","9,9,999,9,-012,1","SYN08043125 32997 31802 10282 20219 39372 40093 83000 333 10324 20234 59012 555 10174=",
"43125099999","2024-05-18T12:00:00","4","17.9166666","77.5333333","663.0","BIDAR, IN","FM-12","99999","V020","140,1,N,0010,1","22000,1,9,N","010000,1,9,9","+0290,1","+0221,1","10038,1",,,"04,1,+99999,9,99,9","9,AGL   ,+99999,+99999","04,99,1,04,1,99,9,99999,9,99,9,99,9","240,M,+0334,1",,"99999,9,09324,1","9,9,999,9,-020,1","SYN06443125 32997 41402 10290 20221 39324 40038 84000 333 10334 59020=",
"43125099999","2024-05-20T03:00:00","4","17.9166666","77.5333333","663.0","BIDAR, IN","FM-12","99999","V020","230,1,N,0010,1","22000,1,9,N","010000,1,9,9","+0282,1","+0222,1","10066,1",,,"00,1,+99999,9,99,9","9,AGL   ,+99999,+99999","01,99,1,00,1,99,9,99999,9,99,9,99,9","240,M,+0348,1","240,N,+0235,1","99999,9,09348,1","9,9,999,9,-004,1","SYN08043125 32997 12302 10282 20222 39348 40066 80000 333 10348 20235 59004 555 10174=",
"43125099999","2024-05-21T12:00:00","4","17.9166666","77.5333333","663.0","BIDAR, IN","FM-12","99999","V020","050,1,N,0010,1","22000,1,9,N","010000,1,9,9","+0352,1","+0179,1","10011,1",,,"00,1,+99999,9,99,9","9,AGL   ,+99999,+99999","01,99,1,00,1,99,9,99999,9,99,9,99,9","240,M,+0364,1",,"99999,9,09312,1","9,9,999,9,+000,1","SYN06443125 32997 10502 10352 20179 39312 40011 80000 333 10364 58000=",
"43125099999","2024-05-22T12:00:00","4","17.9166666","77.5333333","663.0","BIDAR, IN","FM-12","99999","V020","140,1,N,0010,1","22000,1,9,N","010000,1,9,9","+0352,1","+0194,1","99999,9",,,"00,1,+99999,9,99,9","9,AGL   ,+99999,+99999","01,99,1,00,1,99,9,99999,9,99,9,99,9","240,M,+0376,1",,"99999,9,09300,1","9,9,999,9,-012,1","SYN06443125 32997 11402 10352 20194 39300 40998 80000 333 10376 59012=","Q011099.81APOSLP"
"43125099999","2024-05-24T03:00:00","4","17.9166666","77.5333333","663.0","BIDAR, IN","FM-12","99999","V020","140,1,N,0010,1","99999,9,9,N","010000,1,9,9","+0286,1","+0220,1","10050,1",,,"05,1,+99999,9,99,9","9,AGL   ,+99999,+99999","05,99,1,05,1,99,9,99999,9,99,9,99,9","240,M,+0384,1","240,N,+0256,1","99999,9,09332,1","9,9,999,9,-016,1","SYN08043125 32997 51402 10286 20220 39332 40050 85000 333 10384 20256 59016 555 10174=",
"43125099999","2024-05-25T03:00:00","4","17.9166666","77.5333333","663.0","BIDAR, IN","FM-12","99999","V020","300,1,N,0010,1","22000,1,9,N","010000,1,9,9","+0290,1","+0234,1","10040,1",,,"00,1,+99999,9,99,9","9,AGL   ,+99999,+99999","01,99,1,00,1,99,9,99999,9,99,9,99,9","240,M,+0365,1","240,N,+0252,1","99999,9,09332,1","9,9,999,9,+000,1","SYN08043125 32997 13002 10290 20234 39332 40040 80000 333 10365 20252 58000 555 10174=",
"43125099999","2024-05-26T03:00:00","4","17.9166666","77.5333333","663.0","BIDAR, IN","FM-12","99999","V020","230,1,N,0010,1","22000,1,9,N","010000,1,9,9","+0306,1","+0201,1","10045,1",,,"00,1,+99999,9,99,9","9,AGL   ,+99999,+99999","01,99,1,00,1,99,9,99999,9,99,9,99,9","240,M,+0404,1","240,N,+0256,1","99999,9,09332,1","9,9,999,9,+000,1","SYN08043125 32997 12302 10306 20201 39332 40045 80000 333 10404 20256 58000 555 10174=",
"43125099999","2024-05-26T12:00:00","4","17.9166666","77.5333333","663.0","BIDAR, IN","FM-12","99999","V020","050,1,N,0010,1","22000,1,9,N","010000,1,9,9","+0378,1","+0180,1","99999,9",,,"99,9,+99999,9,00,1","9,AGL   ,+99999,+99999","01,99,1,00,1,99,9,99999,9,99,9,99,9","240,M,+0400,1",,"99999,9,09300,1","9,9,999,9,+010,1","SYN06443125 32997 10502 10378 20180 39300 40993 80001 333 10400 58010=","Q011099.31APOSLPQ02    003SCCGA1"
"43125099999","2024-05-27T12:00:00","4","17.9166666","77.5333333","663.0","BIDAR, IN","FM-12","99999","V020","230,1,N,0010,1","22000,1,9,N","010000,1,9,9","+0370,1","+0165,1","99999,9",,,"03,1,+99999,9,99,9","9,AGL   ,+99999,+99999","03,99,1,03,1,99,9,99999,9,99,9,99,9","240,M,+0380,1",,"99999,9,09290,1","9,9,999,9,-010,1","SYN06443125 32997 32302 10370 20165 39290 40985 83000 333 10380 59010=","Q011098.51APOSLP"
"43125099999","2024-05-28T03:00:00","4","17.9166666","77.5333333","663.0","BIDAR, IN","FM-12","99999","V020","230,1,N,0010,1","22000,1,9,N","010000,1,9,9","+0284,1","+0202,1","10036,1",,,"00,1,+99999,9,99,9","9,AGL   ,+99999,+99999","01,99,1,00,1,99,9,99999,9,99,9,99,9","240,M,+0380,1","240,N,+0250,1","99999,9,09320,1","9,9,999,9,-012,1","SYN08043125 32997 12302 10284 20202 39320 40036 80000 333 10380 20250 59012 555 10174=",
"43125099999","2024-05-31T12:00:00","4","17.9166666","77.5333333","663.0","BIDAR, IN","FM-12","99999","V020","140,1,N,0010,1","22000,1,9,N","010000,1,9,9","+0394,1","+0183,1","99999,9",,,"03,1,+99999,9,99,9","9,AGL   ,+99999,+99999","03,99,1,03,1,99,9,99999,9,99,9,99,9","240,M,+0410,1",,"99999,9,09310,1","9,9,999,9,+000,1","SYN06443125 32997 31402 10394 20183 39310 40999 83000 333 10410 58000=",
"43125099999","2024-06-01T03:00:00","4","17.9166666","77.5333333","663.0","BIDAR, IN","FM-12","99999","V020","230,1,N,0010,1","22000,1,9,N","010000,1,9,9","+0316,1","+0185,1","10119,1",,,"00,1,+99999,9,99,9","9,AGL   ,+99999,+99999","01,99,1,00,1,99,9,99999,9,99,9,99,9","240,M,+0410,1","240,N,+0286,1","99999,9,09404,1","9,9,999,9,+004,1","SYN08043125 32997 12302 10316 20185 39404 40119 80000 333 10410 20286 58004 555 10000=",
"43125099999","2024-06-02T03:00:00","4","17.9166666","77.5333333","663.0","BIDAR, IN","FM-12","99999","V020","230,1,N,0010,1","22000,1,9,N","010000,1,9,9","+0330,1","+0188,1","10091,1",,,"03,1,+99999,9,99,9","9,AGL   ,+99999,+99999","03,99,1,03,1,99,9,99999,9,99,9,99,9","240,M,+0395,1","240,N,+0280,1","99999,9,09380,1","9,9,999,9,-024,1","SYN08043125 32997 32302 10330 20188 39380 40091 83000 333 10395 20280 59024 555 10000=",
"43125099999","2024-06-03T12:00:00","4","17.9166666","77.5333333","663.0","BIDAR, IN","FM-12","99999","V020","140,1,N,0010,1","22000,1,9,N","010000,1,9,9","+0302,1","+0238,1","10023,1",,,"03,1,+99999,9,99,9","9,AGL   ,+99999,+99999","03,99,1,03,1,99,9,99999,9,99,9,99,9","240,M,+0314,1",,,"9,9,999,9,+004,1","SYN05843125 32997 31402 10302 20238 40023 83000 333 10314 58004=",
"43125099999","2024-06-04T12:00:00","4","17.9166666","77.5333333","663.0","BIDAR, IN","FM-12","99999","V020","050,1,N,0010,1","99999,9,9,N","010000,1,9,9","+0278,1","+0208,1","10019,1",,,"06,1,+99999,9,99,9","9,AGL   ,+99999,+99999","06,99,1,06,1,99,9,99999,9,99,9,99,9","240,M,+0356,1",,"99999,9,09302,1","9,9,999,9,-010,1","SYN06443125 32997 60502 10278 20208 39302 40019 86000 333 10356 59010=",
"43125099999","2024-06-07T12:00:00","4","17.9166666","77.5333333","663.0","BIDAR, IN","FM-12","99999","V020","230,1,N,0010,1","99999,9,9,N","010000,1,9,9","+0244,1","+0227,1","10046,1","09,0220,3,2","09,0216,3,2","06,1,+99999,9,99,9","9,AGL   ,+99999,+99999","06,99,1,06,1,99,9,99999,9,99,9,99,9","240,M,+0324,1",,"99999,9,09320,1","9,9,999,9,-020,1","SYN07643125 22997 62302 10244 20227 39320 40046 86000 333 10324 59020 6022/ 70216=",
"43125099999","2024-06-08T03:00:00","4","17.9166666","77.5333333","663.0","BIDAR, IN","FM-12","99999","V020","230,1,N,0010,1","22000,1,9,N","010000,1,9,9","+0250,1","+0236,1","10070,1","24,0220,3,2","24,0216,3,2","03,1,+99999,9,99,9","9,AGL   ,+99999,+99999","03,99,1,03,1,99,9,99999,9,99,9,99,9","240,M,+0324,1","240,N,+0220,1","99999,9,09342,1","9,9,999,9,-010,1","SYN09243125 22997 32302 10250 20236 39342 40070 83000 333 10324 20220 59010 6022/ 70216 555 10059=",
"43125099999","2024-06-11T12:00:00","4","17.9166666","77.5333333","663.0","BIDAR, IN","FM-12","99999","V020","230,1,N,0010,1","99999,9,9,N","010000,1,9,9","+0278,1","+0224,1","10030,1",,,"05,1,+99999,9,99,9","9,AGL   ,+99999,+99999","05,99,1,05,1,99,9,99999,9,99,9,99,9","240,M,+0292,1",,"99999,9,09312,1","9,9,999,9,+002,1","SYN06443125 32997 52302 10278 20224 39312 40030 85000 333 10292 58002=",
"43125099999","2024-06-12T12:00:00","4","17.9166666","77.5333333","663.0","BIDAR, IN","FM-12","99999","V020","270,1,N,0010,1","22000,1,9,N","010000,1,9,9","+0298,1","+0224,1","10044,1",,,"02,1,+99999,9,99,9","9,AGL   ,+99999,+99999","02,99,1,02,1,99,9,99999,9,99,9,99,9","240,M,+0306,1",,"99999,9,09330,1","9,9,999,9,+018,1","SYN06443125 32997 22702 10298 20224 39330 40044 82000 333 10306 58018=",
"43125099999","2024-06-15T03:00:00","4","17.9166666","77.5333333","663.0","BIDAR, IN","FM-12","99999","V020","270,1,N,0010,1","22000,1,9,N","010000,1,9,9","+0266,1","+0211,1","10084,1",,,"00,1,+99999,9,99,9","9,AGL   ,+99999,+99999","01,99,1,00,1,99,9,99999,9,99,9,99,9","240,M,+0310,1","240,N,+0226,1","99999,9,09360,1","9,9,999,9,+008,1","SYN08043125 32997 12702 10266 20211 39360 40084 80000 333 10310 20226 58008 555 10122=",
"43125099999","2024-06-17T03:00:00","4","17.9166666","77.5333333","663.0","BIDAR, IN","FM-12","99999","V020","140,1,N,0010,1","22000,1,9,N","010000,1,9,9","+0276,1","+0228,1","10062,1","24,0010,3,1",,"03,1,+99999,9,99,9","9,AGL   ,+99999,+99999","03,99,1,03,1,99,9,99999,9,99,9,99,9","240,M,+0334,1","240,N,+0230,1","99999,9,09342,1","9,9,999,9,-008,1","SYN09243125 22997 31402 10276 20228 39342 40062 83000 333 10334 20230 59008 6001/ 70010 555 10123=",
"43125099999","2024-06-19T03:00:00","4","17.9166666","77.5333333","663.0","BIDAR, IN","FM-12","99999","V020","230,1,N,0010,1","22000,1,9,N","010000,1,9,9","+0260,1","+0213,1","10069,1",,,"03,1,+99999,9,99,9","9,AGL   ,+99999,+99999","03,99,1,03,1,99,9,99999,9,99,9,99,9","240,M,+0330,1","240,N,+0242,1","99999,9,09344,1","9,9,999,9,-006,1","SYN08043125 32997 32302 10260 20213 39344 40069 83000 333 10330 20242 59006 555 10125=",
"43125099999","2024-06-19T12:00:00","4","17.9166666","77.5333333","663.0","BIDAR, IN","FM-12","99999","V020","140,1,N,0010,1","22000,1,9,N","010000,1,9,9","+0318,1","+0234,1","10033,1",,,"03,1,+99999,9,99,9","9,AGL   ,+99999,+99999","03,99,1,03,1,99,9,99999,9,99,9,99,9","240,M,+0332,1",,"99999,9,09324,1","9,9,999,9,+004,1","SYN06443125 32997 31402 10318 20234 39324 40033 83000 333 10332 58004=",
"43125099999","2024-06-20T03:00:00","4","17.9166666","77.5333333","663.0","BIDAR, IN","FM-12","99999","V020","230,1,N,0010,1","22000,1,9,N","010000,1,9,9","+0272,1","+0214,1","10052,1",,,"04,1,+99999,9,99,9","9,AGL   ,+99999,+99999","04,99,1,04,1,99,9,99999,9,99,9,99,9","240,M,+0332,1","240,N,+0235,1","99999,9,09332,1","9,9,999,9,-012,1","SYN08043125 32997 42302 10272 20214 39332 40052 84000 333 10332 20235 59012 555 10125=",
"43125099999","2024-06-21T03:00:00","4","17.9166666","77.5333333","663.0","BIDAR, IN","FM-12","99999","V020","230,1,N,0010,1","99999,9,9,N","010000,1,9,9","+0250,1","+0221,1","10060,1",,,"05,1,+99999,9,99,9","9,AGL   ,+99999,+99999","05,99,1,05,1,99,9,99999,9,99,9,99,9","240,M,+0324,1","240,N,+0230,1","99999,9,09332,1","9,9,999,9,+000,1","SYN08043125 32997 52302 10250 20221 39332 40060 85000 333 10324 20230 58000 555 10125=",
"43125099999","2024-06-23T03:00:00","4","17.9166666","77.5333333","663.0","BIDAR, IN","FM-12","99999","V020","300,1,N,0010,1","22000,1,9,N","010000,1,9,9","+0252,1","+0232,1","10044,1","24,0130,3,2","24,0128,3,2","04,1,+99999,9,99,9","9,AGL   ,+99999,+99999","04,99,1,04,1,99,9,99999,9,99,9,99,9","240,M,+0322,1","240,N,+0230,1","99999,9,09318,1","9,9,999,9,+000,1","SYN09843125 22997 43002 10252 20232 39318 40044 84000 333 10322 20230 58000 6013/ 70128 555 00128 10142=",
"43125099999","2024-06-23T12:00:00","4","17.9166666","77.5333333","663.0","BIDAR, IN","FM-12","99999","V020","250,1,N,0010,1","22000,1,9,N","010000,1,9,9","+0266,1","+0229,1","10047,1","09,0010,3,2","09,0012,3,2","04,1,+99999,9,99,9","9,AGL   ,+99999,+99999","04,99,1,04,1,99,9,99999,9,99,9,99,9","240,M,+0314,1",,"99999,9,09329,1","9,9,999,9,-001,1","SYN07643125 22997 42502 10266 20229 39329 40047 84000 333 10314 59001 6001/ 70012=",
"43125099999","2024-06-24T03:00:00","4","17.9166666","77.5333333","663.0","BIDAR, IN","FM-12","99999","V020","230,1,N,0010,1","22000,1,9,N","010000,1,9,9","+0248,1","+0219,1","10032,1","24,0010,3,1",,"03,1,+99999,9,99,9","9,AGL   ,+99999,+99999","03,99,1,03,1,99,9,99999,9,99,9,99,9","240,M,+0314,1","240,N,+0225,1","99999,9,09308,1","9,9,999,9,-010,1","SYN09243125 22997 32302 10248 20219 39308 40032 83000 333 10314 20225 59010 6001/ 555 00014 10143=",
"43125099999","2024-06-25T03:00:00","4","17.9166666","77.5333333","663.0","BIDAR, IN","FM-12","99999","V020","300,1,N,0010,1","22000,1,9,N","010000,1,9,9","+0258,1","+0223,1","10022,1",,,"04,1,+99999,9,99,9","9,AGL   ,+99999,+99999","04,99,1,04,1,99,9,99999,9,99,9,99,9","240,M,+0320,1","240,N,+0230,1","99999,9,09300,1","9,9,999,9,-008,1","SYN08043125 32997 43002 10258 20223 39300 40022 84000 333 10320 20230 59008 555 10143=",
"43125099999","2024-06-27T03:00:00","4","17.9166666","77.5333333","663.0","BIDAR, IN","FM-12","99999","V020","230,1,N,0010,1","22000,1,9,N","010000,1,9,9","+0270,1","+0218,1","10031,1",,,"03,1,+99999,9,99,9","9,AGL   ,+99999,+99999","03,99,1,03,1,99,9,99999,9,99,9,99,9","240,M,+0330,1","240,N,+0234,1","99999,9,09310,1","9,9,999,9,+006,1","SYN08043125 32997 32302 10270 20218 39310 40031 83000 333 10330 20234 58006 555 10143=",
"43125099999","2024-06-29T03:00:00","4","17.9166666","77.5333333","663.0","BIDAR, IN","FM-12","99999","V020","270,1,N,0010,1","22000,1,9,N","010000,1,9,9","+0256,1","+0221,1","10052,1",,,"03,1,+99999,9,99,9","9,AGL   ,+99999,+99999","03,99,1,03,1,99,9,99999,9,99,9,99,9","240,M,+0302,1","240,N,+0230,1","99999,9,09328,1","9,9,999,9,+018,1","SYN08043125 32997 32702 10256 20221 39328 40052 83000 333 10302 20230 58018 555 10144=",
"43125099999","2024-07-01T03:00:00","4","17.9166666","77.5333333","663.0","BIDAR, IN","FM-12","99999","V020","230,1,N,0010,1","22000,1,9,N","010000,1,9,9","+0248,1","+0225,1","10046,1","24,0090,3,2","24,0088,3,2","04,1,+99999,9,99,9","9,AGL   ,+99999,+99999","04,99,1,04,1,99,9,99999,9,99,9,99,9","240,M,+0284,1","240,N,+0228,1","99999,9,09320,1","9,9,999,9,-020,1","SYN09243125 22997 42302 10248 20225 39320 40046 84000 333 10284 20228 59020 6009/ 70088 555 10187=",
"43125099999","2024-07-02T03:00:00","4","17.9166666","77.5333333","663.0","BIDAR, IN","FM-12","99999","V020","180,1,N,0010,1","22000,1,9,N","010000,1,9,9","+0258,1","+0217,1","10052,1",,,"03,1,+99999,9,99,9","9,AGL   ,+99999,+99999","03,99,1,03,1,99,9,99999,9,99,9,99,9","240,M,+0298,1","240,N,+0228,1","99999,9,09328,1","9,9,999,9,+008,1","SYN08043125 32997 31802 10258 20217 39328 40052 83000 333 10298 20228 58008 555 10187=",
"43125099999","2024-07-05T03:00:00","4","17.9166666","77.5333333","663.0","BIDAR, IN","FM-12","99999","V020","230,1,N,0010,1","22000,1,9,N","010000,1,9,9","+0256,1","+0218,1","10054,1",,,"03,1,+99999,9,99,9","9,AGL   ,+99999,+99999","03,99,1,03,1,99,9,99999,9,99,9,99,9","240,M,+0316,1","240,N,+0230,1","99999,9,09330,1","9,9,999,9,+006,1","SYN08043125 32997 32302 10256 20218 39330 40054 83000 333 10316 20230 58006 555 10196=",
"43125099999","2024-07-07T03:00:00","4","17.9166666","77.5333333","663.0","BIDAR, IN","FM-12","99999","V020","300,1,N,0010,1","22000,1,9,N","010000,1,9,9","+0246,1","+0211,1","10046,1","24,0170,3,2","24,0172,3,2","03,1,+99999,9,99,9","9,AGL   ,+99999,+99999","03,99,1,03,1,99,9,99999,9,99,9,99,9","240,M,+0305,1","240,N,+0212,1","99999,9,09320,1","9,9,999,9,+000,1","SYN09843125 22997 33002 10246 20211 39320 40046 83000 333 10305 20212 58000 6017/ 70172 555 00172 10235=",
"43125099999","2024-07-07T12:00:00","4","17.9166666","77.5333333","663.0","BIDAR, IN","FM-12","99999","V020","230,1,N,0010,1","22000,1,9,N","010000,1,9,9","+0272,1","+0229,1","10105,1",,,,"9,AGL   ,+99999,+99999","03,99,1,99,9,99,9,99999,9,99,9,99,9","240,M,+0312,1",,"99999,9,09290,1","9,9,999,9,+006,1","SYN05843125 32997 32302 10272 20229 39290 40105 333 10312 58006=",
"43125099999","2024-07-09T03:00:00","4","17.9166666","77.5333333","663.0","BIDAR, IN","FM-12","99999","V020","270,1,N,0010,1","22000,1,9,N","010000,1,9,9","+0248,1","+0219,1","10044,1",,,"04,1,+99999,9,99,9","9,AGL   ,+99999,+99999","04,99,1,04,1,99,9,99999,9,99,9,99,9","240,M,+0300,1","240,N,+0225,1","99999,9,09318,1","9,9,999,9,-004,1","SYN07043125 32997 42702 10248 20219 39318 40044 84000 333 10300 20225 59004=",
"43125099999","2024-07-10T03:00:00","4","17.9166666","77.5333333","663.0","BIDAR, IN","FM-12","99999","V020","230,1,N,0010,1","22000,1,9,N","010000,1,9,9","+0248,1","+0207,1","10056,1",,,"00,1,+99999,9,99,9","9,AGL   ,+99999,+99999","01,99,1,00,1,99,9,99999,9,99,9,99,9","240,M,+0288,1","240,N,+0214,1","99999,9,09330,1","9,9,999,9,+012,1","SYN07043125 32997 12302 10248 20207 39330 40056 80000 333 10288 20214 58012=",
"43125099999","2024-07-10T12:00:00","4","17.9166666","77.5333333","663.0","BIDAR, IN","FM-12","99999","V020","270,1,N,0010,1","22000,1,9,N","010000,1,9,9","+0294,1","+0207,1","10045,1",,,"03,1,+99999,9,99,9","9,AGL   ,+99999,+99999","03,99,1,03,1,99,9,99999,9,99,9,99,9","240,M,+0306,1",,"99999,9,09330,1","9,9,999,9,+018,1","SYN06443125 32997 32702 10294 20207 39330 40045 83000 333 10306 58018=",
"43125099999","2024-07-13T03:00:00","4","17.9166666","77.5333333","663.0","BIDAR, IN","FM-12","99999","V020","230,1,N,0010,1","22000,1,9,N","010000,1,9,9","+0244,1","+0212,1","10068,1","24,0110,3,2","24,0106,3,2","04,1,+99999,9,99,9","9,AGL   ,+99999,+99999","04,99,1,04,1,99,9,99999,9,99,9,99,9","240,M,+0305,1","240,N,+0224,1","99999,9,09340,1","9,9,999,9,+000,1","SYN09243125 22997 42302 10244 20212 39340 40068 84000 333 10305 20224 58000 6011/ 70106 555 10247=",
"43125099999","2024-07-13T12:00:00","4","17.9166666","77.5333333","663.0","BIDAR, IN","FM-12","99999","V020","230,1,N,0010,1","22000,1,9,N","010000,1,9,9","+0276,1","+0215,1","10028,1",,,"05,2,+99999,9,99,9","9,AGL   ,+99999,+99999","04,99,2,05,2,99,9,99999,9,99,9,99,9","240,M,+0292,1",,"99999,9,09310,1","9,9,999,9,-002,1","SYN06443125 32997 42302 10276 20215 39310 40028 85000 333 10292 59002=",
"43125099999","2024-07-14T03:00:00","4","17.9166666","77.5333333","663.0","BIDAR, IN","FM-12","99999","V020","230,1,N,0010,1","99999,9,9,N","010000,1,9,9","+0256,1","+0209,1","10075,1",,,"05,1,+99999,9,99,9","9,AGL   ,+99999,+99999","05,99,1,05,1,99,9,99999,9,99,9,99,9","240,M,+0292,1","240,N,+0224,1","99999,9,09350,1","9,9,999,9,+010,1","SYN08043125 32997 52302 10256 20209 39350 40075 85000 333 10292 20224 58010 555 10247=",
"43125099999","2024-07-15T12:00:00","4","17.9166666","77.5333333","663.0","BIDAR, IN","FM-12","99999","V020","230,1,N,0010,1","22000,1,9,N","010000,1,9,9","+0240,1","+0226,1","99999,9","09,0050,3,1",,"03,1,+99999,9,99,9","9,AGL   ,+99999,+99999","03,99,1,03,1,99,9,99999,9,99,9,99,9","240,M,+0252,1",,"99999,9,09272,1","9,9,999,9,-018,1","SYN07643125 22997 32302 10240 20226 39272 40998 83000 333 10252 59018 6005/ 70050=","Q011099.81APOSLP"
"43125099999","2024-07-17T03:00:00","4","17.9166666","77.5333333","663.0","BIDAR, IN","FM-12","99999","V020","270,1,N,0010,1","99999,9,9,N","010000,1,9,9","+0230,1","+0215,1","10043,1","24,0040,3,2","24,0036,3,2","05,1,+99999,9,99,9","9,AGL   ,+99999,+99999","05,99,1,05,1,99,9,99999,9,99,9,99,9","240,M,+0286,1","240,N,+0224,1","99999,9,09312,1","9,9,999,9,-018,1","SYN08243125 22997 52702 10230 20215 39312 40043 85000 333 10286 20224 59018 6004/ 70036=",
"43125099999","2024-07-17T12:00:00","4","17.9166666","77.5333333","663.0","BIDAR, IN","FM-12","99999","V020","300,1,N,0010,1","22000,1,9,N","010000,1,9,9","+0272,1","+0223,1","99999,9",,,"03,1,+99999,9,99,9","9,AGL   ,+99999,+99999","03,99,1,03,1,99,9,99999,9,99,9,99,9","240,M,+0280,1",,"99999,9,09280,1","9,9,999,9,+000,1","SYN06443125 32997 33002 10272 20223 39280 40995 83000 333 10280 58000=","Q011099.51APOSLP"
"43125099999","2024-07-18T03:00:00","4","17.9166666","77.5333333","663.0","BIDAR, IN","FM-12","99999","V020","230,1,N,0010,1","22000,1,9,N","010000,1,9,9","+0244,1","+0221,1","10038,1",,,"04,1,+99999,9,99,9","9,AGL   ,+99999,+99999","04,99,1,04,1,99,9,99999,9,99,9,99,9","240,M,+0280,1","240,N,+0230,1","99999,9,09312,1","9,9,999,9,+000,1","SYN07043125 32997 42302 10244 20221 39312 40038 84000 333 10280 20230 58000=",
"43125099999","2024-07-20T03:00:00","4","17.9166666","77.5333333","663.0","BIDAR, IN","FM-12","99999","V020","230,1,N,0010,1","99999,9,9,N","010000,1,9,9","+0232,1","+0220,1","10021,1","24,0070,3,2","24,0072,3,2","06,1,+99999,9,99,9","9,AGL   ,+99999,+99999","06,99,1,06,1,99,9,99999,9,99,9,99,9","240,M,+0268,1","240,N,+0220,1","99999,9,09294,1","9,9,999,9,-006,1","SYN09243125 22997 62302 10232 20220 39294 40021 86000 333 10268 20220 59006 6007/ 70072 555 10306=",
"43125099999","2024-07-20T12:00:00","4","17.9166666","77.5333333","663.0","BIDAR, IN","FM-12","99999","V020","250,1,N,0010,1","99999,9,9,N","010000,1,9,9","+0230,1","+0227,1","10024,1","09,0110,3,2","09,0114,3,2","07,1,+99999,9,99,9","9,AGL   ,+99999,+99999","07,99,1,07,1,99,9,99999,9,99,9,99,9","240,M,+0240,1",,"99999,9,09294,1","9,9,999,9,+004,1","SYN07643125 22997 72502 10230 20227 39294 40024 87000 333 10240 58004 6011/ 70114=",
"43125099999","2024-07-21T12:00:00","4","17.9166666","77.5333333","663.0","BIDAR, IN","FM-12","99999","V020","270,1,N,0010,1","99999,9,9,N","010000,1,9,9","+0242,1","+0230,1","10020,1",,,"05,1,+99999,9,99,9","9,AGL   ,+99999,+99999","05,99,1,05,1,99,9,99999,9,99,9,99,9","240,M,+0252,1",,"99999,9,09296,1","9,9,999,9,+002,1","SYN06443125 32997 52702 10242 20230 39296 40020 85000 333 10252 58002=",
"43125099999","2024-07-22T03:00:00","4","17.9166666","77.5333333","663.0","BIDAR, IN","FM-12","99999","V020","300,1,N,0010,1","99999,9,9,N","010000,1,9,9","+0232,1","+0226,1","10043,1","24,0440,3,1",,"06,1,+99999,9,99,9","9,AGL   ,+99999,+99999","06,99,1,06,1,99,9,99999,9,99,9,99,9","240,M,+0252,1","240,N,+0220,1","99999,9,09314,1","9,9,999,9,+020,1","SYN09243125 22997 63002 10232 20226 39314 40043 86000 333 10252 20220 58020 6044/ 70440 555 10350=",
"43125099999","2024-07-22T12:00:00","4","17.9166666","77.5333333","663.0","BIDAR, IN","FM-12","99999","V020","230,1,N,0010,1","22000,1,9,N","010000,1,9,9","+0252,1","+0220,1","10034,1",,,"04,1,+99999,9,99,9","9,AGL   ,+99999,+99999","04,99,1,04,1,99,9,99999,9,99,9,99,9","240,M,+0274,1",,"99999,9,09310,1","9,9,999,9,+014,1","SYN06443125 32997 42302 10252 20220 39310 40034 84000 333 10274 58014=",
"43125099999","2024-07-23T12:00:00","4","17.9166666","77.5333333","663.0","BIDAR, IN","FM-12","99999","V020","020,1,N,0299,1","22000,1,9,N","010000,1,9,9","+9999,9","+0226,1","10034,1",,,"04,2,+00150,1,99,9","9,AGL   ,+99999,+99999","01,99,2,04,2,99,9,00150,1,99,9,99,9","240,M,+0262,1",,"99999,9,09310,1","9,9,999,9,+000,1","SYN05843125 32297 10258 20226 39310 40034 84000 333 10262 58000=",
"43125099999","2024-07-24T03:00:00","4","17.9166666","77.5333333","663.0","BIDAR, IN","FM-12","99999","V020","230,1,N,0010,1","99999,9,9,N","010000,1,9,9","+0228,1","+0216,1","10051,1","24,0030,3,2","24,0025,3,2","06,1,+99999,9,99,9","9,AGL   ,+99999,+99999","06,99,1,06,1,99,9,99999,9,99,9,99,9","240,M,+0262,1","240,N,+0218,1","99999,9,09320,1","9,9,999,9,-010,1","SYN09243125 22997 62302 10228 20216 39320 40051 86000 333 10262 20218 59010 6003/ 70025 555 10353=",
"43125099999","2024-07-25T12:00:00","4","17.9166666","77.5333333","663.0","BIDAR, IN","FM-12","99999","V020","300,1,N,0010,1","99999,9,9,N","010000,1,9,9","+0232,1","+0226,1","10016,1","09,0100,3,1",,"06,1,+99999,9,99,9","9,AGL   ,+99999,+99999","06,99,1,06,1,99,9,99999,9,99,9,99,9","240,M,+0235,1",,"99999,9,09290,1","9,9,999,9,-010,1","SYN07043125 32997 63002 10232 20226 39290 40016 86000 333 10235 59010 6010/=",
"43125099999","2024-07-28T03:00:00","4","17.9166666","77.5333333","663.0","BIDAR, IN","FM-12","99999","V020","230,1,N,0010,1","22000,1,9,N","010000,1,9,9","+0238,1","+0221,1","10029,1","24,0010,3,2","24,0014,3,2","04,1,+99999,9,99,9","9,AGL   ,+99999,+99999","04,99,1,04,1,99,9,99999,9,99,9,99,9","240,M,+0265,1","240,N,+0220,1","99999,9,09302,1","9,9,999,9,+002,1","SYN09243125 22997 42302 10238 20221 39302 40029 84000 333 10265 20220 58002 6001/ 70014 555 10379=",
"43125099999","2024-07-28T06:00:00","4","17.9166666","77.5333333","663.0","BIDAR, IN","FM-12","99999","V020","230,1,N,0010,1","22000,1,9,N","010000,1,9,9","+0238,1","+0221,1","10029,1","03,0010,3,2","03,0014,3,2","04,1,+99999,9,99,9","9,AGL   ,+99999,+99999","04,99,1,04,1,99,9,99999,9,99,9,99,9","240,M,+0265,1","240,N,+0220,1","99999,9,09302,1","9,9,999,9,+002,1","SYN09243125 22997 42302 10238 20221 39302 40029 84000 333 10265 20220 58002 6001/ 70014 555 10379=",
"43125099999","2024-07-29T03:00:00","4","17.9166666","77.5333333","663.0","BIDAR, IN","FM-12","99999","V020","300,1,N,0010,1","22000,1,9,N","010000,1,9,9","+0244,1","+0221,1","10013,1","24,0020,3,2","24,0024,3,2","04,1,+99999,9,99,9","9,AGL   ,+99999,+99999","04,99,1,04,1,99,9,99999,9,99,9,99,9","240,M,+0274,1","240,N,+0224,1","99999,9,09290,1","9,9,999,9,-012,1","SYN09243125 22997 43002 10244 20221 39290 40013 84000 333 10274 20224 59012 6002/ 70024 555 10381=",
"43125099999","2024-07-30T12:00:00","4","17.9166666","77.5333333","663.0","BIDAR, IN","FM-12","99999","V020","300,1,N,0010,1","22000,1,9,N","010000,1,9,9","+0290,1","+0218,1","10015,1",,,"02,1,+99999,9,99,9","9,AGL   ,+99999,+99999","02,99,1,02,1,99,9,99999,9,99,9,99,9","240,M,+0302,1",,"99999,9,09300,1","9,9,999,9,+020,1","SYN06443125 32997 23002 10290 20218 39300 40015 82000 333 10302 58020=",
"43125099999","2024-07-31T03:00:00","4","17.9166666","77.5333333","663.0","BIDAR, IN","FM-12","99999","V020","270,1,N,0010,1","22000,1,9,N","010000,1,9,9","+0248,1","+0222,1","10060,1","24,0030,3,1",,"03,1,+99999,9,99,9","9,AGL   ,+99999,+99999","03,99,1,03,1,99,9,99999,9,99,9,99,9","240,M,+0302,1","240,N,+0220,1","99999,9,09332,1","9,9,999,9,+022,1","SYN09243125 22997 32702 10248 20222 39332 40060 83000 333 10302 20220 58022 6003/ 555 00030 10384=",
"43125099999","2024-08-01T03:00:00","4","17.9166666","77.5333333","663.0","BIDAR, IN","FM-12","99999","V020","230,1,N,0010,1","22000,1,9,N","010000,1,9,9","+0248,1","+0225,1","10068,1",,,"03,1,+99999,9,99,9","9,AGL   ,+99999,+99999","03,99,1,03,1,99,9,99999,9,99,9,99,9","240,M,+0304,1","240,N,+0230,1","99999,9,09340,1","9,9,999,9,+008,1","SYN08043125 32997 32302 10248 20225 39340 40068 83000 333 10304 20230 58008 555 10384=",
"43125099999","2024-08-02T12:00:00","4","17.9166666","77.5333333","663.0","BIDAR, IN","FM-12","99999","V020","270,1,N,0010,1","22000,1,9,N","010000,1,9,9","+0278,1","+0227,1","10038,1",,,"03,1,+99999,9,99,9","9,AGL   ,+99999,+99999","03,99,1,03,1,99,9,99999,9,99,9,99,9","240,M,+0290,1",,"99999,9,09320,1","9,9,999,9,+004,1","SYN06443125 32997 32702 10278 20227 39320 40038 83000 333 10290 58004=",
"43125099999","2024-08-03T12:00:00","4","17.9166666","77.5333333","663.0","BIDAR, IN","FM-12","99999","V020","300,1,N,0010,1","22000,1,9,N","010000,1,9,9","+0276,1","+0209,1","10038,1",,,"04,1,+99999,9,99,9","9,AGL   ,+99999,+99999","04,99,1,04,1,99,9,99999,9,99,9,99,9","240,M,+0286,1",,"99999,9,09320,1","9,9,999,9,+000,1","SYN06443125 32997 43002 10276 20209 39320 40038 84000 333 10286 58000=",
"43125099999","2024-08-04T03:00:00","4","17.9166666","77.5333333","663.0","BIDAR, IN","FM-12","99999","V020","250,1,N,0010,1","22000,1,9,N","010000,1,9,9","+0244,1","+0212,1","10072,1",,,"04,1,+99999,9,99,9","9,AGL   ,+99999,+99999","04,99,1,04,1,99,9,99999,9,99,9,99,9","240,M,+0286,1","240,N,+0224,1","99999,9,09344,1","9,9,999,9,+004,1","SYN08043125 32997 42502 10244 20212 39344 40072 84000 333 10286 20224 58004 555 10385=",
"43125099999","2024-08-05T03:00:00","4","17.9166666","77.5333333","663.0","BIDAR, IN","FM-12","99999","V020","230,1,N,0010,1","22000,1,9,N","010000,1,9,9","+0244,1","+0224,1","10081,1",,,"03,1,+99999,9,99,9","9,AGL   ,+99999,+99999","03,99,1,03,1,99,9,99999,9,99,9,99,9","240,M,+0284,1","240,N,+0220,1","99999,9,09352,1","9,9,999,9,+008,1","SYN08043125 32997 32302 10244 20224 39352 40081 83000 333 10284 20220 58008 555 10385=",
"43125099999","2024-08-06T12:00:00","4","17.9166666","77.5333333","663.0","BIDAR, IN","FM-12","99999","V020","270,1,N,0010,1","99999,9,9,N","010000,1,9,9","+0250,1","+0233,1","10072,1",,,"05,1,+99999,9,99,9","9,AGL   ,+99999,+99999","05,99,1,05,1,99,9,99999,9,99,9,99,9","240,M,+0276,1",,"99999,9,09344,1","9,9,999,9,+004,1","SYN06443125 32997 52702 10250 20233 39344 40072 85000 333 10276 58004=",
"43125099999","2024-08-07T03:00:00","4","17.9166666","77.5333333","663.0","BIDAR, IN","FM-12","99999","V020","230,1,N,0010,1","22000,1,9,N","010000,1,9,9","+0238,1","+0218,1","10084,1","24,0030,3,2","24,0034,3,2","04,1,+99999,9,99,9","9,AGL   ,+99999,+99999","04,99,1,04,1,99,9,99999,9,99,9,99,9","240,M,+0276,1","240,N,+0224,1","99999,9,09352,1","9,9,999,9,+000,1","SYN09243125 22997 42302 10238 20218 39352 40084 84000 333 10276 20224 58000 6003/ 70034 555 10390=",
"43125099999","2024-08-07T12:00:00","4","17.9166666","77.5333333","663.0","BIDAR, IN","FM-12","99999","V020","300,1,N,0010,1","99999,9,9,N","010000,1,9,9","+0228,1","+0222,1","10073,1","09,0080,3,2","09,0078,3,2","06,1,+99999,9,99,9","9,AGL   ,+99999,+99999","06,99,1,06,1,99,9,99999,9,99,9,99,9","240,M,+0265,1",,"99999,9,09340,1","9,9,999,9,-004,1","SYN07643125 22997 63002 10228 20222 39340 40073 86000 333 10265 59004 6008/ 70078=",
"43125099999","2024-08-11T03:00:00","4","17.9166666","77.5333333","663.0","BIDAR, IN","FM-12","99999","V020","230,1,N,0010,1","99999,9,9,N","010000,1,9,9","+0244,1","+0212,1","10089,1",,,"05,1,+99999,9,99,9","9,AGL   ,+99999,+99999","05,99,1,05,1,99,9,99999,9,99,9,99,9","240,M,+0304,1","240,N,+0222,1","99999,9,09360,1","9,9,999,9,+002,1","SYN08043125 32997 52302 10244 20212 39360 40089 85000 333 10304 20222 58002 555 10367=",
"43125099999","2024-08-11T12:00:00","4","17.9166666","77.5333333","663.0","BIDAR, IN","FM-12","99999","V020","230,1,N,0010,1","22000,1,9,N","010000,1,9,9","+0292,1","+0198,1","10061,1",,,"00,1,+99999,9,99,9","9,AGL   ,+99999,+99999","01,99,1,00,1,99,9,99999,9,99,9,99,9","240,M,+0300,1",,"99999,9,09338,1","9,9,999,9,+000,1","SYN06443125 32997 12302 10292 20198 39338 40061 80000 333 10300 58000=",
"43125099999","2024-08-14T12:00:00","4","17.9166666","77.5333333","663.0","BIDAR, IN","FM-12","99999","V020","140,1,N,0010,1","22000,1,9,N","010000,1,9,9","+0278,1","+0239,1","10050,1",,,"03,1,+99999,9,99,9","9,AGL   ,+99999,+99999","03,99,1,03,1,99,9,99999,9,99,9,99,9","240,M,+0306,1",,"99999,9,09330,1","9,9,999,9,+010,1","SYN06443125 32997 31402 10278 20239 39330 40050 83000 333 10306 58010=",
"43125099999","2024-08-16T12:00:00","4","17.9166666","77.5333333","663.0","BIDAR, IN","FM-12","99999","V020","140,1,N,0010,1","99999,9,9,N","010000,1,9,9","+0268,1","+0243,1","10030,1",,,"06,1,+99999,9,99,9","9,AGL   ,+99999,+99999","06,99,1,06,1,99,9,99999,9,99,9,99,9","240,M,+0286,1",,"99999,9,09310,1","9,9,999,9,-014,1","SYN06443125 32997 61402 10268 20243 39310 40030 86000 333 10286 59014=",
"43125099999","2024-08-17T12:00:00","4","17.9166666","77.5333333","663.0","BIDAR, IN","FM-12","99999","V020","230,1,N,0010,1","22000,1,9,N","010000,1,9,9","+0282,1","+0231,1","10025,1",,,"03,1,+99999,9,99,9","9,AGL   ,+99999,+99999","03,99,1,03,1,99,9,99999,9,99,9,99,9","240,M,+0300,1",,"99999,9,09310,1","9,9,999,9,+000,1","SYN06443125 32997 32302 10282 20231 39310 40025 83000 333 10300 58000=",
"43125099999","2024-08-19T12:00:00","4","17.9166666","77.5333333","663.0","BIDAR, IN","FM-12","99999","V020","090,1,N,0010,1","99999,9,9,N","010000,1,9,9","+0262,1","+0239,1","10049,1",,,"05,1,+99999,9,99,9","9,AGL   ,+99999,+99999","05,99,1,05,1,99,9,99999,9,99,9,99,9","240,M,+0294,1",,"99999,9,09328,1","9,9,999,9,-008,1","SYN06443125 32997 50902 10262 20239 39328 40049 85000 333 10294 59008=",
"43125099999","2024-08-21T03:00:00","4","17.9166666","77.5333333","663.0","BIDAR, IN","FM-12","99999","V020","180,1,N,0010,1","22000,1,9,N","010000,1,9,9","+0264,1","+0236,1","10076,1",,,"02,1,+99999,9,99,9","9,AGL   ,+99999,+99999","02,99,1,02,1,99,9,99999,9,99,9,99,9","240,M,+0298,1","240,N,+0222,1","99999,9,09352,1","9,9,999,9,+000,1","SYN08043125 32997 21802 10264 20236 39352 40076 82000 333 10298 20222 58000 555 10498=",
"43125099999","2024-08-23T12:00:00","4","17.9166666","77.5333333","663.0","BIDAR, IN","FM-12","99999","V020","300,1,N,0010,1","22000,1,9,N","010000,1,9,9","+0280,1","+0220,1","10042,1",,,"04,1,+99999,9,99,9","9,AGL   ,+99999,+99999","04,99,1,04,1,99,9,99999,9,99,9,99,9","240,M,+0296,1",,"99999,9,09324,1","9,9,999,9,-004,1","SYN06443125 32997 43002 10280 20220 39324 40042 84000 333 10296 59004=",
"43125099999","2024-08-24T12:00:00","4","17.9166666","77.5333333","663.0","BIDAR, IN","FM-12","99999","V020","300,1,N,0010,1","99999,9,9,N","010000,1,9,9","+0258,1","+0217,1","10048,1",,,"05,1,+99999,9,99,9","9,AGL   ,+99999,+99999","05,99,1,05,1,99,9,99999,9,99,9,99,9","240,M,+0270,1",,"99999,9,09324,1","9,9,999,9,-002,1","SYN06443125 32997 53002 10258 20217 39324 40048 85000 333 10270 59002=",
"43125099999","2024-08-26T12:00:00","4","17.9166666","77.5333333","663.0","BIDAR, IN","FM-12","99999","V020","300,1,N,0010,1","22000,1,9,N","010000,1,9,9","+0278,1","+0205,1","10030,1",,,"04,1,+99999,9,99,9","9,AGL   ,+99999,+99999","04,99,1,04,1,99,9,99999,9,99,9,99,9","240,M,+0296,1",,"99999,9,09312,1","9,9,999,9,-012,1","SYN06443125 32997 43002 10278 20205 39312 40030 84000 333 10296 59012=",
"43125099999","2024-08-27T12:00:00","4","17.9166666","77.5333333","663.0","BIDAR, IN","FM-12","99999","V020","230,1,N,0010,1","22000,1,9,N","010000,1,9,9","+0274,1","+0210,1","10030,1",,,"03,1,+99999,9,99,9","9,AGL   ,+99999,+99999","03,99,1,03,1,99,9,99999,9,99,9,99,9","240,M,+0292,1",,"99999,9,09312,1","9,9,999,9,+000,1","SYN06443125 32997 32302 10274 20210 39312 40030 83000 333 10292 58000=",
"43125099999","2024-08-28T03:00:00","4","17.9166666","77.5333333","663.0","BIDAR, IN","FM-12","99999","V020","230,1,N,0010,1","22000,1,9,N","010000,1,9,9","+0238,1","+0208,1","10078,1",,,"03,1,+99999,9,99,9","9,AGL   ,+99999,+99999","03,99,1,03,1,99,9,99999,9,99,9,99,9","240,M,+0292,1","240,N,+0210,1","99999,9,09348,1","9,9,999,9,-004,1","SYN08043125 32997 32302 10238 20208 39348 40078 83000 333 10292 20210 59004 555 10530=",
"43125099999","2024-08-30T12:00:00","4","17.9166666","77.5333333","663.0","BIDAR, IN","FM-12","99999","V020","050,1,N,0010,1","99999,9,9,N","010000,1,9,9","+0268,1","+0210,1","10041,1",,,"05,1,+99999,9,99,9","9,AGL   ,+99999,+99999","05,99,1,05,1,99,9,99999,9,99,9,99,9","240,M,+0284,1",,"99999,9,09320,1","9,9,999,9,+002,1","SYN06443125 32997 50502 10268 20210 39320 40041 85000 333 10284 58002=",
"43125099999","2024-09-02T12:00:00","4","17.9166666","77.5333333","663.0","BIDAR, IN","FM-12","99999","V020","270,1,N,0010,1","99999,9,9,N","010000,1,9,9","+0236,1","+0223,1","10030,1","09,0020,3,2","09,0022,3,2","08,1,+99999,9,00,1","9,AGL   ,+99999,+99999","08,99,1,08,1,99,9,99999,9,99,9,99,9","240,M,+0234,1",,"99999,9,09300,1","9,9,999,9,-008,1","SYN07643125 22997 82702 10236 20223 39300 40030 88002 333 10234 59008 6002/ 70022=",
"43125099999","2024-09-03T12:00:00","4","17.9166666","77.5333333","663.0","BIDAR, IN","FM-12","99999","V020","270,1,N,0010,1","22000,1,9,N","010000,1,9,9","+0270,1","+0218,1","10039,1",,,"04,1,+99999,9,99,9","9,AGL   ,+99999,+99999","04,99,1,04,1,99,9,99999,9,99,9,99,9","240,M,+0272,1",,"99999,9,09318,1","9,9,999,9,+018,1","SYN06443125 32997 42702 10270 20218 39318 40039 84000 333 10272 58018=",
"43125099999","2024-09-08T12:00:00","4","17.9166666","77.5333333","663.0","BIDAR, IN","FM-12","99999","V020","230,1,N,0010,1","22000,1,9,N","010000,1,9,9","+0250,1","+0221,1","10060,1",,,"02,1,+99999,9,99,9","9,AGL   ,+99999,+99999","02,99,1,02,1,99,9,99999,9,99,9,99,9","240,M,+0282,1",,"99999,9,09332,1","9,9,999,9,+000,1","SYN06443125 32997 22302 10250 20221 39332 40060 82000 333 10282 58000=",
"43125099999","2024-09-11T03:00:00","4","17.9166666","77.5333333","663.0","BIDAR, IN","FM-12","99999","V020","230,1,N,0010,1","22000,1,9,N","010000,1,9,9","+0242,1","+0210,1","10076,1",,,"02,1,+99999,9,99,9","9,AGL   ,+99999,+99999","02,99,1,02,1,99,9,99999,9,99,9,99,9","240,M,+0290,1","240,N,+0206,1","99999,9,09348,1","9,9,999,9,-018,1","SYN08043125 32997 22302 10242 20210 39348 40076 82000 333 10290 20206 59018 555 10854=",
"43125099999","2024-09-16T12:00:00","4","17.9166666","77.5333333","663.0","BIDAR, IN","FM-12","99999","V020","270,1,N,0010,1","22000,1,9,N","010000,1,9,9","+0276,1","+0199,1","10060,1",,,"00,1,+99999,9,99,9","9,AGL   ,+99999,+99999","01,99,1,00,1,99,9,99999,9,99,9,99,9","240,M,+0292,1",,"99999,9,09340,1","9,9,999,9,+000,1","SYN06443125 32997 12702 10276 20199 39340 40060 80000 333 10292 58000=",
"43125099999","2024-09-18T03:00:00","4","17.9166666","77.5333333","663.0","BIDAR, IN","FM-12","99999","V020","300,1,N,0010,1","22000,1,9,N","010000,1,9,9","+0250,1","+0190,1","10076,1",,,"00,1,+99999,9,99,9","9,AGL   ,+99999,+99999","01,99,1,00,1,99,9,99999,9,99,9,99,9","240,M,+0306,1","240,N,+0208,1","99999,9,09348,1","9,9,999,9,+018,1","SYN08043125 32997 13002 10250 20190 39348 40076 80000 333 10306 20208 58018 555 10854=",
"43125099999","2024-09-19T12:00:00","4","17.9166666","77.5333333","663.0","BIDAR, IN","FM-12","99999","V020","360,1,N,0010,1","22000,1,9,N","010000,1,9,9","+0294,1","+0190,1","10026,1",,,"00,1,+99999,9,99,9","9,AGL   ,+99999,+99999","01,99,1,00,1,99,9,99999,9,99,9,99,9","240,M,+0318,1",,"99999,9,09312,1","9,9,999,9,+012,1","SYN06443125 32997 13602 10294 20190 39312 40026 80000 333 10318 58012=",
"43125099999","2024-09-22T12:00:00","4","17.9166666","77.5333333","663.0","BIDAR, IN","FM-12","99999","V020","230,1,N,0010,1","22000,1,9,N","010000,1,9,9","+0268,1","+0187,1","10045,1",,,"99,9,+99999,9,00,1","9,AGL   ,+99999,+99999","01,99,1,00,1,99,9,99999,9,99,9,99,9","240,M,+0292,1",,"99999,9,09324,1","9,9,999,9,+004,1","SYN06443125 32997 12302 10268 20187 39324 40045 80001 333 10292 58004=","Q01    003SCCGA1"
"43125099999","2024-09-23T12:00:00","4","17.9166666","77.5333333","663.0","BIDAR, IN","FM-12","99999","V020","360,1,N,0010,1","22000,1,9,N","010000,1,9,9","+0294,1","+0216,1","10034,1",,,"00,1,+99999,9,99,9","9,AGL   ,+99999,+99999","01,99,1,00,1,99,9,99999,9,99,9,99,9","240,M,+0302,1",,"99999,9,09320,1","9,9,999,9,-004,1","SYN06443125 32997 13602 10294 20216 39320 40034 80000 333 10302 59004=",
"43125099999","2024-09-28T12:00:00","4","17.9166666","77.5333333","663.0","BIDAR, IN","FM-12","99999","V020","300,1,N,0010,1","22000,1,9,N","010000,1,9,9","+0270,1","+0209,1","10028,1",,,"04,1,+99999,9,99,9","9,AGL   ,+99999,+99999","04,99,1,04,1,99,9,99999,9,99,9,99,9","240,M,+0296,1",,"99999,9,09308,1","9,9,999,9,+000,1","SYN06443125 32997 43002 10270 20209 39308 40028 84000 333 10296 58000=",
"43125099999","2024-10-01T12:00:00","4","17.9166666","77.5333333","663.0","BIDAR, IN","FM-12","99999","V020","180,1,N,0010,1","99999,9,9,N","010000,1,9,9","+0268,1","+0228,1","10052,1",,,"05,1,+99999,9,99,9","9,AGL   ,+99999,+99999","05,99,1,05,1,99,9,99999,9,99,9,99,9","240,M,+0322,1",,"99999,9,09330,1","9,9,999,9,+018,1","SYN06443125 32997 51802 10268 20228 39330 40052 85000 333 10322 58018=",
"43125099999","2024-10-02T12:00:00","4","17.9166666","77.5333333","663.0","BIDAR, IN","FM-12","99999","V020","140,1,N,0010,1","22000,1,9,N","010000,1,9,9","+0300,1","+0247,1","10059,1",,,"03,1,+99999,9,99,9","9,AGL   ,+99999,+99999","03,99,1,03,1,99,9,99999,9,99,9,99,9","240,M,+0325,1",,"99999,9,09344,1","9,9,999,9,+014,1","SYN06443125 32997 31402 10300 20247 39344 40059 83000 333 10325 58014=",
"43125099999","2024-10-03T03:00:00","4","17.9166666","77.5333333","663.0","BIDAR, IN","FM-12","99999","V020","050,1,N,0010,1","22000,1,9,N","010000,1,9,9","+0262,1","+0209,1","10098,1",,,"00,1,+99999,9,99,9","9,AGL   ,+99999,+99999","01,99,1,00,1,99,9,99999,9,99,9,99,9","240,M,+0325,1","240,N,+0220,1","99999,9,09372,1","9,9,999,9,+000,1","SYN08043125 32997 10502 10262 20209 39372 40098 80000 333 10325 20220 58000 555 10051=",
"43125099999","2024-10-03T12:00:00","4","17.9166666","77.5333333","663.0","BIDAR, IN","FM-12","99999","V020","300,1,N,0010,1","22000,1,9,N","010000,1,9,9","+0300,1","+0210,1","10055,1",,,"03,1,+99999,9,99,9","9,AGL   ,+99999,+99999","03,99,1,03,1,99,9,99999,9,99,9,99,9","240,M,+0320,1",,"99999,9,09340,1","9,9,999,9,-004,1","SYN06443125 32997 33002 10300 20210 39340 40055 83000 333 10320 59004=",
"43125099999","2024-10-05T12:00:00","4","17.9166666","77.5333333","663.0","BIDAR, IN","FM-12","99999","V020","050,1,N,0010,1","22000,1,9,N","010000,1,9,9","+0268,1","+0228,1","10065,1",,,"03,1,+99999,9,99,9","9,AGL   ,+99999,+99999","03,99,1,03,1,99,9,99999,9,99,9,99,9","240,M,+0282,1",,"99999,9,09342,1","9,9,999,9,+000,1","SYN06443125 32997 30502 10268 20228 39342 40065 83000 333 10282 58000=",
"43125099999","2024-10-06T12:00:00","4","17.9166666","77.5333333","663.0","BIDAR, IN","FM-12","99999","V020","050,1,N,0010,1","22000,1,9,N","010000,1,9,9","+0292,1","+0201,1","10059,1",,,"03,1,+99999,9,99,9","9,AGL   ,+99999,+99999","03,99,1,03,1,99,9,99999,9,99,9,99,9","240,M,+0312,1",,"99999,9,09344,1","9,9,999,9,+002,1","SYN06443125 32997 30502 10292 20201 39344 40059 83000 333 10312 58002=",
"43125099999","2024-10-11T12:00:00","4","17.9166666","77.5333333","663.0","BIDAR, IN","FM-12","99999","V020","230,1,N,0010,1","22000,1,9,N","010000,1,9,9","+0264,1","+0205,1","10076,1",,,"03,1,+99999,9,99,9","9,AGL   ,+99999,+99999","03,99,1,03,1,99,9,99999,9,99,9,99,9","240,M,+0304,1",,"99999,9,09352,1","9,9,999,9,+000,1","SYN06443125 32997 32302 10264 20205 39352 40076 83000 333 10304 58000=",
"43125099999","2024-10-13T12:00:00","4","17.9166666","77.5333333","663.0","BIDAR, IN","FM-12","99999","V020","230,1,N,0010,1","22000,1,9,N","010000,1,9,9","+0276,1","+0215,1","10070,1",,,"04,1,+99999,9,99,9","9,AGL   ,+99999,+99999","04,99,1,04,1,99,9,99999,9,99,9,99,9","240,M,+0314,1",,"99999,9,09350,1","9,9,999,9,+002,1","SYN06443125 32997 42302 10276 20215 39350 40070 84000 333 10314 58002=",
"43125099999","2024-10-14T12:00:00","4","17.9166666","77.5333333","663.0","BIDAR, IN","FM-12","99999","V020","050,1,N,0010,1","22000,1,9,N","010000,1,9,9","+0280,1","+0200,1","10076,1",,,"04,1,+99999,9,99,9","9,AGL   ,+99999,+99999","04,99,1,04,1,99,9,99999,9,99,9,99,9","240,M,+0312,1",,"99999,9,09354,1","9,9,999,9,+004,1","SYN06443125 32997 40502 10280 20200 39354 40076 84000 333 10312 58004=",
"43125099999","2024-10-17T12:00:00","4","17.9166666","77.5333333","663.0","BIDAR, IN","FM-12","99999","V020","140,1,N,0010,1","22000,1,9,N","010000,1,9,9","+0280,1","+0229,1","10072,1",,,"02,1,+99999,9,99,9","9,AGL   ,+99999,+99999","02,99,1,02,1,99,9,99999,9,99,9,99,9","240,M,+0295,1",,"99999,9,09350,1","9,9,999,9,+000,1","SYN06443125 32997 21402 10280 20229 39350 40072 82000 333 10295 58000=",
"43125099999","2024-10-19T03:00:00","4","17.9166666","77.5333333","663.0","BIDAR, IN","FM-12","99999","V020","140,1,N,0010,1","22000,1,9,N","010000,1,9,9","+0250,1","-0215,1","10130,1",,,,"9,AGL   ,+99999,+99999","01,99,1,99,9,99,9,99999,9,99,9,99,9","240,M,+0310,1","240,N,+0228,1","99999,9,09398,1","9,9,999,9,+008,1","SYN06443125 32997 11402 10250 21215 39398 40130 333 10310 20228 58008=",
"43125099999","2024-10-20T12:00:00","4","17.9166666","77.5333333","663.0","BIDAR, IN","FM-12","99999","V020","050,1,N,0010,1","22000,1,9,N","010000,1,9,9","+0288,1","+0210,1","10079,1",,,"03,1,+99999,9,99,9","9,AGL   ,+99999,+99999","03,99,1,03,1,99,9,99999,9,99,9,99,9","240,M,+0315,1",,"99999,9,09360,1","9,9,999,9,+000,1","SYN06443125 32997 30502 10288 20210 39360 40079 83000 333 10315 58000=",
"43125099999","2024-10-22T03:00:00","4","17.9166666","77.5333333","663.0","BIDAR, IN","FM-12","99999","V020","230,1,N,0010,1","22000,1,9,N","010000,1,9,9","+0236,1","+0218,1","10139,1","24,0370,3,2","24,0374,3,2","00,1,+99999,9,99,9","9,AGL   ,+99999,+99999","01,99,1,00,1,99,9,99999,9,99,9,99,9","240,M,+0320,1","240,N,+0212,1","99999,9,09404,1","9,9,999,9,+004,1","SYN09843125 22997 12302 10236 20218 39404 40139 80000 333 10320 20212 58004 6037/ 70374 555 00374 10101=",
"43125099999","2024-10-22T12:00:00","4","17.9166666","77.5333333","663.0","BIDAR, IN","FM-12","99999","V020","140,1,N,0010,1","22000,1,9,N","010000,1,9,9","+0262,1","+0216,1","10096,1",,,"04,1,+99999,9,99,9","9,AGL   ,+99999,+99999","04,99,1,04,1,99,9,99999,9,99,9,99,9","240,M,+0316,1",,"99999,9,09370,1","9,9,999,9,+016,1","SYN06443125 32997 41402 10262 20216 39370 40096 84000 333 10316 58016=",
"43125099999","2024-10-24T03:00:00","4","17.9166666","77.5333333","663.0","BIDAR, IN","FM-12","99999","V020","300,1,N,0010,1","22000,1,9,N","010000,1,9,9","+0222,1","+0182,1","10149,1",,,"00,1,+99999,9,99,9","9,AGL   ,+99999,+99999","01,99,1,00,1,99,9,99999,9,99,9,99,9","240,M,+0300,1","240,N,+0185,1","99999,9,09410,1","9,9,999,9,+000,1","SYN08043125 32997 13002 10222 20182 39410 40149 80000 333 10300 20185 58000 555 10101=",
"43125099999","2024-10-25T03:00:00","4","17.9166666","77.5333333","663.0","BIDAR, IN","FM-12","99999","V020","140,1,N,0010,1","22000,1,9,N","010000,1,9,9","+0210,1","+0169,1","10141,1",,,"00,1,+99999,9,99,9","9,AGL   ,+99999,+99999","01,99,1,00,1,99,9,99999,9,99,9,99,9","240,M,+0304,1","240,N,+0180,1","99999,9,09398,1","9,9,999,9,-012,1","SYN08043125 32997 11402 10210 20169 39398 40141 80000 333 10304 20180 59012 555 10101=",
"43125099999","2024-10-25T12:00:00","4","17.9166666","77.5333333","663.0","BIDAR, IN","FM-12","99999","V020","300,1,N,0010,1","22000,1,9,N","010000,1,9,9","+0268,1","+0143,1","10088,1",,,"00,1,+99999,9,99,9","9,AGL   ,+99999,+99999","01,99,1,00,1,99,9,99999,9,99,9,99,9","240,M,+0295,1",,"99999,9,09264,1","9,9,999,9,+002,1","SYN06443125 32997 13002 10268 20143 39264 40088 80000 333 10295 58002=",
"43125099999","2024-10-26T12:00:00","4","17.9166666","77.5333333","663.0","BIDAR, IN","FM-12","99999","V020","300,1,N,0010,1","22000,1,9,N","010000,1,9,9","+0282,1","+0141,1","10083,1",,,"00,1,+99999,9,99,9","9,AGL   ,+99999,+99999","01,99,1,00,1,99,9,99999,9,99,9,99,9","240,M,+0305,1",,"99999,9,09364,1",,"SYN05843125 32997 13002 10282 20141 39364 40083 80000 333 10305=",
"43125099999","2024-10-27T03:00:00","4","17.9166666","77.5333333","663.0","BIDAR, IN","FM-12","99999","V020","050,1,N,0010,1","22000,1,9,N","010000,1,9,9","+0230,1","+0164,1","10124,1",,,"00,1,+99999,9,99,9","9,AGL   ,+99999,+99999","01,99,1,00,1,99,9,99999,9,99,9,99,9","240,M,+0305,1","240,N,+0168,1","99999,9,09388,1","9,9,999,9,-012,1","SYN07043125 32997 10502 10230 20164 39388 40124 80000 333 10305 20168 59012=",
"43125099999","2024-10-27T12:00:00","4","17.9166666","77.5333333","663.0","BIDAR, IN","FM-12","99999","V020","360,1,N,0010,1","22000,1,9,N","010000,1,9,9","+0280,1","+0134,1","10070,1",,,"00,1,+99999,9,99,9","9,AGL   ,+99999,+99999","01,99,1,00,1,99,9,99999,9,99,9,99,9","240,M,+0306,1",,"99999,9,09350,1","9,9,999,9,-014,1","SYN06443125 32997 13602 10280 20134 39350 40070 80000 333 10306 59014=",
"43125099999","2024-10-28T03:00:00","4","17.9166666","77.5333333","663.0","BIDAR, IN","FM-12","99999","V020","300,1,N,0010,1","99999,9,9,N","010000,1,9,9","+0222,1","+0158,1","10124,1",,,,,,"240,M,+0306,1","240,N,+0178,1","99999,9,09388,1","9,9,999,9,+000,1","SYN07443125 32997 03002 10222 20158 39388 40124 333 10306 20178 58000 555 10101=",
"43125099999","2024-10-28T12:00:00","4","17.9166666","77.5333333","663.0","BIDAR, IN","FM-12","99999","V020","050,1,N,0010,1","22000,1,9,N","010000,1,9,9","+0280,1","+0180,1","10060,1",,,"00,1,+99999,9,99,9","9,AGL   ,+99999,+99999","01,99,1,00,1,99,9,99999,9,99,9,99,9","240,M,+0306,1",,"99999,9,09340,1","9,9,999,9,-010,1","SYN06443125 32997 10502 10280 20180 39340 40060 80000 333 10306 59010=",
"43125099999","2024-10-29T03:00:00","4","17.9166666","77.5333333","663.0","BIDAR, IN","FM-12","99999","V020","140,1,N,0010,1","22000,1,9,N","010000,1,9,9","+0246,1","+0201,1","10124,1",,,"00,1,+99999,9,99,9","9,AGL   ,+99999,+99999","01,99,1,00,1,99,9,99999,9,99,9,99,9","240,M,+0306,1","240,N,+0190,1","99999,9,09392,1","9,9,999,9,+004,1","SYN08043125 32997 11402 10246 20201 39392 40124 80000 333 10306 20190 58004 555 10101=",
"43125099999","2024-10-29T12:00:00","4","17.9166666","77.5333333","663.0","BIDAR, IN","FM-12","99999","V020","140,1,N,0010,1","22000,1,9,N","010000,1,9,9","+0282,1","+0186,1","10066,1",,,"04,1,+99999,9,99,9","9,AGL   ,+99999,+99999","04,99,1,04,1,99,9,99999,9,99,9,99,9","240,M,+0310,1",,"99999,9,09348,1","9,9,999,9,+008,1","SYN06443125 32997 41402 10282 20186 39348 40066 84000 333 10310 58008=",
"43125099999","2024-10-30T03:00:00","4","17.9166666","77.5333333","663.0","BIDAR, IN","FM-12","99999","V020","020,1,N,0010,1","22000,1,9,N","010000,1,9,9","+0252,1","+0198,1","10125,1",,,"99,9,+99999,9,00,1","9,AGL   ,+99999,+99999","01,99,1,00,1,99,9,99999,9,99,9,99,9","240,M,+0312,1","240,N,+0206,1","99999,9,09348,1","9,9,999,9,+006,1","SYN08043125 32997 10202 10252 20198 39348 40125 80001 333 10312 20206 58006 555 10101=","Q01    003SCCGA1"
"43125099999","2024-10-30T12:00:00","4","17.9166666","77.5333333","663.0","BIDAR, IN","FM-12","99999","V020","050,1,N,0010,1","22000,1,9,N","010000,1,9,9","+0286,1","+0194,1","10069,1",,,"04,1,+99999,9,99,9","9,AGL   ,+99999,+99999","04,99,1,04,1,99,9,99999,9,99,9,99,9","240,M,+0306,1",,"99999,9,09350,1","9,9,999,9,+002,1","SYN06443125 32997 40502 10286 20194 39350 40069 84000 333 10306 58002=",
"43125099999","2024-10-31T12:00:00","4","17.9166666","77.5333333","663.0","BIDAR, IN","FM-12","99999","V020","050,1,N,0010,1","22000,1,9,N","010000,1,9,9","+0248,1","+0200,1","10078,1",,,"02,1,+99999,9,99,9","9,AGL   ,+99999,+99999","02,99,1,02,1,99,9,99999,9,99,9,99,9","240,M,+0304,1",,"99999,9,09350,1","9,9,999,9,+000,1","SYN06443125 32997 20502 10248 20200 39350 40078 82000 333 10304 58000=",
"43125099999","2024-11-01T03:00:00","4","17.9166666","77.5333333","663.0","BIDAR, IN","FM-12","99999","V020","230,1,N,0010,1","22000,1,9,N","010000,1,9,9","+0260,1","+0213,1","10140,1",,,"00,1,+99999,9,99,9","9,AGL   ,+99999,+99999","01,99,1,00,1,99,9,99999,9,99,9,99,9","240,M,+0304,1","240,N,+0208,1","99999,9,09410,1","9,9,999,9,+010,1","SYN08043125 32997 12302 10260 20213 39410 40140 80000 333 10304 20208 58010 555 10101=",
"43125099999","2024-11-03T12:00:00","4","17.9166666","77.5333333","663.0","BIDAR, IN","FM-12","99999","V020","160,1,N,0010,1","22000,1,9,N","010000,1,9,9","+0280,1","+0154,1","10044,1",,,"00,1,+99999,9,99,9","9,AGL   ,+99999,+99999","01,99,1,00,1,99,9,99999,9,99,9,99,9","240,M,+0300,1",,"99999,9,09344,1","9,9,999,9,+002,1","SYN06443125 32997 11602 10280 20154 39344 40044 80000 333 10300 58002=",
"43125099999","2024-11-05T03:00:00","4","17.9166666","77.5333333","663.0","BIDAR, IN","FM-12","99999","V020","180,1,N,0010,1","22000,1,9,N","010000,1,9,9","+0244,1","+0169,1","10152,1",,,"00,1,+99999,9,99,9","9,AGL   ,+99999,+99999","01,99,1,00,1,99,9,99999,9,99,9,99,9","240,M,+0300,1","240,N,+0170,1","99999,9,09418,1","9,9,999,9,-004,1","SYN08043125 32997 11802 10244 20169 39418 40152 80000 333 10300 20170 59004 555 10104=",
"43125099999","2024-11-05T12:00:00","4","17.9166666","77.5333333","663.0","BIDAR, IN","FM-12","99999","V020","050,1,N,0010,1","22000,1,9,N","010000,1,9,9","+0276,1","+0137,1","10086,1",,,"03,1,+99999,9,99,9","9,AGL   ,+99999,+99999","03,99,1,03,1,99,9,99999,9,99,9,99,9","240,M,+0298,1",,"99999,9,09364,1","9,9,999,9,+004,1","SYN06443125 32997 30502 10276 20137 39364 40086 83000 333 10298 58004=",
"43125099999","2024-11-08T12:00:00","4","17.9166666","77.5333333","663.0","BIDAR, IN","FM-12","99999","V020","050,1,N,0010,1","22000,1,9,N","010000,1,9,9","+0274,1","+0113,1","10113,1",,,"00,1,+99999,9,99,9","9,AGL   ,+99999,+99999","01,99,1,00,1,99,9,99999,9,99,9,99,9","240,M,+0304,1",,"99999,9,09390,1","9,9,999,9,+006,1","SYN06443125 32997 10502 10274 20113 39390 40113 80000 333 10304 58006=",
"43125099999","2024-11-09T12:00:00","4","17.9166666","77.5333333","663.0","BIDAR, IN","FM-12","99999","V020","050,1,N,0010,1","22000,1,9,N","010000,1,9,9","+0272,1","+0119,1","10117,1",,,"00,1,+99999,9,99,9","9,AGL   ,+99999,+99999","01,99,1,00,1,99,9,99999,9,99,9,99,9","240,M,+0302,1",,"99999,9,09392,1","9,9,999,9,+002,1","SYN06443125 32997 10502 10272 20119 39392 40117 80000 333 10302 58002=",
"43125099999","2024-11-10T12:00:00","4","17.9166666","77.5333333","663.0","BIDAR, IN","FM-12","99999","V020","050,1,N,0010,1","22000,1,9,N","010000,1,9,9","+0276,1","+0137,1","10117,1",,,"00,1,+99999,9,99,9","9,AGL   ,+99999,+99999","01,99,1,00,1,99,9,99999,9,99,9,99,9","240,M,+0298,1",,"99999,9,09392,1","9,9,999,9,+000,1","SYN06443125 32997 10502 10276 20137 39392 40117 80000 333 10298 58000=",
"43125099999","2024-11-12T12:00:00","4","17.9166666","77.5333333","663.0","BIDAR, IN","FM-12","99999","V020","140,1,N,0010,1","22000,1,9,N","010000,1,9,9","+0276,1","+0164,1","10095,1",,,"00,1,+99999,9,99,9","9,AGL   ,+99999,+99999","01,99,1,00,1,99,9,99999,9,99,9,99,9","240,M,+0296,1",,"99999,9,09372,1","9,9,999,9,-008,1","SYN06443125 32997 11402 10276 20164 39372 40095 80000 333 10296 59008=",
"43125099999","2024-11-13T12:00:00","4","17.9166666","77.5333333","663.0","BIDAR, IN","FM-12","99999","V020","230,1,N,0010,1","22000,1,9,N","010000,1,9,9","+0282,1","+0168,1","10092,1",,,"00,1,+99999,9,99,9","9,AGL   ,+99999,+99999","01,99,1,00,1,99,9,99999,9,99,9,99,9","240,M,+0302,1",,"99999,9,09370,1","9,9,999,9,-002,1","SYN06443125 32997 12302 10282 20168 39370 40092 80000 333 10302 59002=",
"43125099999","2024-11-14T12:00:00","4","17.9166666","77.5333333","663.0","BIDAR, IN","FM-12","99999","V020","050,1,N,0010,1","22000,1,9,N","010000,1,9,9","+0274,1","+0165,1","10097,1",,,"04,2,+99999,9,99,9","9,AGL   ,+99999,+99999","01,99,2,04,2,99,9,99999,9,99,9,99,9","240,M,+0300,1",,"99999,9,09374,1","9,9,999,9,+004,1","SYN06443125 32997 10502 10274 20165 39374 40097 84000 333 10300 58004=",
"43125099999","2024-11-16T12:00:00","4","17.9166666","77.5333333","663.0","BIDAR, IN","FM-12","99999","V020","230,1,N,0010,1","22000,1,9,N","010000,1,9,9","+0274,1","+0154,1","10117,1",,,"99,9,+00450,1,99,9","9,AGL   ,+99999,+99999","01,99,1,00,1,99,9,00450,1,99,9,99,9","240,M,+0312,1",,"99999,9,09392,1","9,9,999,9,+002,1","SYN06443125 32497 12302 10274 20154 39392 40117 80000 333 10312 58002=","Q01    003SCCGA1"
"43125099999","2024-11-22T12:00:00","4","17.9166666","77.5333333","663.0","BIDAR, IN","FM-12","99999","V020","360,1,N,0010,1","22000,1,9,N","010000,1,9,9","+0248,1","+0116,1","10103,1",,,"00,1,+99999,9,99,9","9,AGL   ,+99999,+99999","01,99,1,00,1,99,9,99999,9,99,9,99,9","240,M,+0272,1",,"99999,9,09772,1","9,9,999,9,-012,1","SYN06443125 32997 13602 10248 20116 39772 40103 80000 333 10272 59012=",
"43125099999","2024-11-23T12:00:00","4","17.9166666","77.5333333","663.0","BIDAR, IN","FM-12","99999","V020","140,1,N,0010,1","22000,1,9,N","010000,1,9,9","+0242,1","+0121,1","10103,1",,,"00,1,+99999,9,99,9","9,AGL   ,+99999,+99999","01,99,1,00,1,99,9,99999,9,99,9,99,9","240,M,+0275,1",,"99999,9,09372,1","9,9,999,9,+000,1","SYN06443125 32997 11402 10242 20121 39372 40103 80000 333 10275 58000=",
"43125099999","2024-11-25T12:00:00","4","17.9166666","77.5333333","663.0","BIDAR, IN","FM-12","99999","V020","140,1,N,0010,1","22000,1,9,N","010000,1,9,9","+0244,1","+0102,1","10069,1",,,"00,1,+99999,9,99,9","9,AGL   ,+99999,+99999","01,99,1,00,1,99,9,99999,9,99,9,99,9","240,M,+0270,1",,"99999,9,09370,1","9,9,999,9,-004,1","SYN06443125 32997 11402 10244 20102 39370 40069 80000 333 10270 59004=",
"43125099999","2024-11-26T12:00:00","4","17.9166666","77.5333333","663.0","BIDAR, IN","FM-12","99999","V020","050,1,N,0010,1","22000,1,9,N","010000,1,9,9","+0246,1","+0086,1","10103,1",,,"00,1,+99999,9,99,9","9,AGL   ,+99999,+99999","01,99,1,00,1,99,9,99999,9,99,9,99,9","240,M,+0274,1",,"99999,9,09372,1","9,9,999,9,+002,1","SYN06443125 32997 10502 10246 20086 39372 40103 80000 333 10274 58002=",
"43125099999","2024-11-27T12:00:00","4","17.9166666","77.5333333","663.0","BIDAR, IN","FM-12","99999","V020","050,1,N,0010,1","22000,1,9,N","010000,1,9,9","+0248,1","+0079,1","10097,1",,,"00,1,+99999,9,99,9","9,AGL   ,+99999,+99999","01,99,1,00,1,99,9,99999,9,99,9,99,9","240,M,+0272,1",,"99999,9,09368,1","9,9,999,9,-004,1","SYN06443125 32997 10502 10248 20079 39368 40097 80000 333 10272 59004=",
"43125099999","2024-11-29T12:00:00","4","17.9166666","77.5333333","663.0","BIDAR, IN","FM-12","99999","V020","050,1,N,0010,1","22000,1,9,N","010000,1,9,9","+0258,1","+0134,1","10081,1",,,"00,1,+99999,9,99,9","9,AGL   ,+99999,+99999","01,99,1,00,1,99,9,99999,9,99,9,99,9","240,M,+0280,1",,"99999,9,09354,1","9,9,999,9,-008,1","SYN06443125 32997 10502 10258 20134 39354 40081 80000 333 10280 59008=",
"43125099999","2024-11-30T12:00:00","4","17.9166666","77.5333333","663.0","BIDAR, IN","FM-12","99999","V020","050,1,N,0010,1","22000,1,9,N","010000,1,9,9","+0246,1","+0150,1","10078,1",,,"04,1,+99999,9,99,9","9,AGL   ,+99999,+99999","04,99,1,04,1,99,9,99999,9,99,9,99,9","240,M,+0270,1",,"99999,9,09350,1","9,9,999,9,-004,1","SYN06443125 32997 40502 10246 20150 39350 40078 84000 333 10270 59004=",
"43125099999","2024-12-03T12:00:00","4","17.9166666","77.5333333","663.0","BIDAR, IN","FM-12","99999","V020","090,1,N,0010,1","22000,1,9,N","010000,1,9,9","+0242,1","+0187,1","10089,1",,,"03,1,+99999,9,99,9","9,AGL   ,+99999,+99999","03,99,1,03,1,99,9,99999,9,99,9,99,9","240,M,+0270,1",,"99999,9,09360,1","9,9,999,9,+000,1","SYN06443125 32997 30902 10242 20187 39360 40089 83000 333 10270 58000=",
"43125099999","2024-12-05T12:00:00","4","17.9166666","77.5333333","663.0","BIDAR, IN","FM-12","99999","V020","050,1,N,0010,1","22000,1,9,N","010000,1,9,9","+0284,1","+0185,1","10085,1",,,"03,1,+99999,9,99,9","9,AGL   ,+99999,+99999","03,99,1,03,1,99,9,99999,9,99,9,99,9","240,M,+0306,1",,"99999,9,09366,1","9,9,999,9,+002,1","SYN06443125 32997 30502 10284 20185 39366 40085 83000 333 10306 58002=",
"43125099999","2024-12-06T12:00:00","4","17.9166666","77.5333333","663.0","BIDAR, IN","FM-12","99999","V020","180,1,N,0010,1","22000,1,9,N","010000,1,9,9","+0270,1","+0212,1","10094,1",,,"02,1,+99999,9,99,9","9,AGL   ,+99999,+99999","02,99,1,02,1,99,9,99999,9,99,9,99,9","240,M,+0304,1",,"99999,9,09370,1","9,9,999,9,+004,1","SYN06443125 32997 21802 10270 20212 39370 40094 82000 333 10304 58004=",
"43125099999","2024-12-07T12:00:00","4","17.9166666","77.5333333","663.0","BIDAR, IN","FM-12","99999","V020","140,1,N,0010,1","22000,1,9,N","010000,1,9,9","+0274,1","+0197,1","10086,1",,,"04,1,+99999,9,99,9","9,AGL   ,+99999,+99999","04,99,1,04,1,99,9,99999,9,99,9,99,9","240,M,+0310,1",,"99999,9,09364,1","9,9,999,9,-006,1","SYN06443125 32997 41402 10274 20197 39364 40086 84000 333 10310 59006=",
"43125099999","2024-12-08T12:00:00","4","17.9166666","77.5333333","663.0","BIDAR, IN","FM-12","99999","V020","180,1,N,0010,1","22000,1,9,N","010000,1,9,9","+0268,1","+0213,1","10094,1",,,"00,1,+99999,9,99,9","9,AGL   ,+99999,+99999","01,99,1,00,1,99,9,99999,9,99,9,99,9","240,M,+0295,1",,"99999,9,09370,1","9,9,999,9,+006,1","SYN06443125 32997 11802 10268 20213 39370 40094 80000 333 10295 58006=",
"43125099999","2024-12-09T12:00:00","4","17.9166666","77.5333333","663.0","BIDAR, IN","FM-12","99999","V020","090,1,N,0010,1","22000,1,9,N","010000,1,9,9","+0270,1","+0192,1","10094,1",,,"03,1,+99999,9,99,9","9,AGL   ,+99999,+99999","03,99,1,03,1,99,9,99999,9,99,9,99,9","240,M,+0290,1",,"99999,9,09370,1","9,9,999,9,+000,1","SYN06443125 32997 30902 10270 20192 39370 40094 83000 333 10290 58000=",
"43125099999","2024-12-10T12:00:00","4","17.9166666","77.5333333","663.0","BIDAR, IN","FM-12","99999","V020","020,1,N,0010,1","22000,1,9,N","010000,1,9,9","+0260,1","+0170,1","10100,1",,,"03,1,+99999,9,99,9","9,AGL   ,+99999,+99999","03,99,1,03,1,99,9,99999,9,99,9,99,9","240,M,+0276,1",,"99999,9,09372,1","9,9,999,9,+002,1","SYN06443125 32997 30202 10260 20170 39372 40100 83000 333 10276 58002=",
"43125099999","2024-12-11T12:00:00","4","17.9166666","77.5333333","663.0","BIDAR, IN","FM-12","99999","V020","360,1,N,0010,1","22000,1,9,N","010000,1,9,9","+0248,1","+0116,1","10122,1",,,"00,1,+99999,9,99,9","9,AGL   ,+99999,+99999","01,99,1,00,1,99,9,99999,9,99,9,99,9","240,M,+0274,1",,"99999,9,09390,1","9,9,999,9,+018,1","SYN06443125 32997 13602 10248 20116 39390 40122 80000 333 10274 58018=",
"43125099999","2024-12-12T12:00:00","4","17.9166666","77.5333333","663.0","BIDAR, IN","FM-12","99999","V020","090,1,N,0010,1","22000,1,9,N","010000,1,9,9","+0254,1","+0062,1","10110,1",,,"00,1,+99999,9,99,9","9,AGL   ,+99999,+99999","01,99,1,00,1,99,9,99999,9,99,9,99,9","240,M,+0284,1",,"99999,9,09382,1","9,9,999,9,-008,1","SYN06443125 32997 10902 10254 20062 39382 40110 80000 333 10284 59008=",
"43125099999","2024-12-13T12:00:00","4","17.9166666","77.5333333","663.0","BIDAR, IN","FM-12","99999","V020","360,1,N,0010,1","22000,1,9,N","010000,1,9,9","+0240,1","+0096,1","10115,1",,,"00,1,+99999,9,99,9","9,AGL   ,+99999,+99999","01,99,1,00,1,99,9,99999,9,99,9,99,9","240,M,+0272,1",,"99999,9,09382,1","9,9,999,9,+010,1","SYN06443125 32997 13602 10240 20096 39382 40115 80000 333 10272 58010=",
"43125099999","2024-12-14T03:00:00","4","17.9166666","77.5333333","663.0","BIDAR, IN","FM-12","99999","V020","050,1,N,0010,1","22000,1,9,N","010000,1,9,9","+0190,1","+0088,1","10170,1",,,"00,1,+99999,9,99,9","9,AGL   ,+99999,+99999","01,99,1,00,1,99,9,99999,9,99,9,99,9","240,M,+0272,1","240,N,+0154,1","99999,9,09420,1","9,9,999,9,+000,1","SYN08043125 32997 10502 10190 20088 39420 40170 80000 333 10272 20154 58000 555 10117=",
"43125099999","2024-12-15T03:00:00","4","17.9166666","77.5333333","663.0","BIDAR, IN","FM-12","99999","V020","050,1,N,0010,1","22000,1,9,N","010000,1,9,9","+0178,1","+0062,1","10116,1",,,"00,1,+99999,9,99,9","9,AGL   ,+99999,+99999","01,99,1,00,1,99,9,99999,9,99,9,99,9","240,M,+0270,1","240,N,+0102,1","99999,9,09416,1","9,9,999,9,-004,1","SYN08043125 32997 10502 10178 20062 39416 40116 80000 333 10270 20102 59004 555 10117=",
"43125099999","2024-12-16T12:00:00","4","17.9166666","77.5333333","663.0","BIDAR, IN","FM-12","99999","V020","050,1,N,0010,1","22000,1,9,N","010000,1,9,9","+0252,1","+0064,1","10116,1",,,"00,1,+99999,9,99,9","9,AGL   ,+99999,+99999","01,99,1,00,1,99,9,99999,9,99,9,99,9","240,M,+0276,1",,"99999,9,09388,1","9,9,999,9,+000,1","SYN06443125 32997 10502 10252 20064 39388 40116 80000 333 10276 58000=",
"43125099999","2024-12-19T12:00:00","4","17.9166666","77.5333333","663.0","BIDAR, IN","FM-12","99999","V020","300,1,N,0010,1","22000,1,9,N","010000,1,9,9","+0264,1","+0068,1","10117,1",,,"00,1,+99999,9,99,9","9,AGL   ,+99999,+99999","01,99,1,00,1,99,9,99999,9,99,9,99,9","240,M,+0296,1",,"99999,9,09390,1","9,9,999,9,-002,1","SYN06443125 32997 13002 10264 20068 39390 40117 80000 333 10296 59002=",
"43125099999","2024-12-20T12:00:00","4","17.9166666","77.5333333","663.0","BIDAR, IN","FM-12","99999","V020","050,1,N,0010,1","22000,1,9,N","010000,1,9,9","+0268,1","+0150,1","10096,1",,,"03,1,+99999,9,99,9","9,AGL   ,+99999,+99999","03,99,1,03,1,99,9,99999,9,99,9,99,9","240,M,+0302,1",,"99999,9,09370,1","9,9,999,9,-020,1","SYN06443125 32997 30502 10268 20150 39370 40096 83000 333 10302 59020=",
"43125099999","2024-12-21T12:00:00","4","17.9166666","77.5333333","663.0","BIDAR, IN","FM-12","99999","V020","140,1,N,0010,1","22000,1,9,N","010000,1,9,9","+0254,1","+0170,1","10097,1",,,"03,1,+99999,9,99,9","9,AGL   ,+99999,+99999","03,99,1,03,1,99,9,99999,9,99,9,99,9","240,M,+0292,1",,"99999,9,09370,1","9,9,999,9,+000,1","SYN06443125 32997 31402 10254 20170 39370 40097 83000 333 10292 58000=",
"43125099999","2024-12-23T12:00:00","4","17.9166666","77.5333333","663.0","BIDAR, IN","FM-12","99999","V020","230,1,N,0010,1","22000,1,9,N","010000,1,9,9","+0270,1","+0172,1","10104,1",,,"03,1,+99999,9,99,9","9,AGL   ,+99999,+99999","03,99,1,03,1,99,9,99999,9,99,9,99,9","240,M,+0292,1",,"99999,9,09378,1","9,9,999,9,+004,1","SYN06443125 32997 32302 10270 20172 39378 40104 83000 333 10292 58004=",
"43125099999","2024-12-25T03:00:00","4","17.9166666","77.5333333","663.0","BIDAR, IN","FM-12","99999","V020","050,1,N,0010,1","22000,1,9,N","010000,1,9,9","+0210,1","+0172,1","10153,1",,,"02,1,+99999,9,99,9","9,AGL   ,+99999,+99999","02,99,1,02,1,99,9,99999,9,99,9,99,9","240,M,+0288,1","240,N,+0170,1","99999,9,09410,1","9,9,999,9,+000,1","SYN08043125 32997 20502 10210 20172 39410 40153 82000 333 10288 20170 58000 555 10117=",
"43125099999","2024-12-25T12:00:00","4","17.9166666","77.5333333","663.0","BIDAR, IN","FM-12","99999","V020","090,1,N,0010,1","22000,1,9,N","010000,1,9,9","+0260,1","+0167,1","10108,1",,,"00,1,+99999,9,99,9","9,AGL   ,+99999,+99999","01,99,1,00,1,99,9,99999,9,99,9,99,9","240,M,+0286,1",,"99999,9,09380,1","9,9,999,9,+002,1","SYN06443125 32997 10902 10260 20167 39380 40108 80000 333 10286 58002=",
"43125099999","2024-12-26T12:00:00","4","17.9166666","77.5333333","663.0","BIDAR, IN","FM-12","99999","V020","140,1,N,0010,1","22000,1,9,N","010000,1,9,9","+0240,1","+0182,1","10127,1",,,"04,1,+99999,9,99,9","9,AGL   ,+99999,+99999","04,99,1,04,1,99,9,99999,9,99,9,99,9","240,M,+0262,1",,"99999,9,09392,1","9,9,999,9,+012,1","SYN06443125 32997 41402 10240 20182 39392 40127 84000 333 10262 58012=",
"43125099999","2024-12-27T12:00:00","4","17.9166666","77.5333333","663.0","BIDAR, IN","FM-12","99999","V020","140,1,N,0010,1","22000,1,9,N","010000,1,9,9","+0240,1","+0178,1","10137,1",,,"02,1,+99999,9,99,9","9,AGL   ,+99999,+99999","02,99,1,02,1,99,9,99999,9,99,9,99,9","240,M,+0272,1",,"99999,9,09402,1","9,9,999,9,+010,1","SYN06443125 32997 21402 10240 20178 39402 40137 82000 333 10272 58010=",
