"STATION","DATE","SOURCE","LATITUDE","LONGITUDE","ELEVATION","NAME","REPORT_TYPE","CALL_SIGN","QUALITY_CONTROL","WND","CIG","VIS","TMP","DEW","SLP","AA1","AY1","AY2","AZ1","AZ2","GA1","GA2","GA3","GE1","GF1","KA1","KA2","MA1","MD1","MW1","REM"
"43083099999","2023-01-01T03:00:00","4","18.05","78.2666666","472.0","MEDAK, IN","FM-12","99999","V020","140,1,N,0005,1","22000,1,9,N","004000,1,9,9","+0202,1","+0186,1","10135,1",,"0,1,02,1","0,1,02,1",,,"02,1,+00800,1,06,1","99,9,+99999,9,03,1",,"9,AGL   ,+99999,+99999","04,99,1,02,1,99,9,00800,1,99,9,99,9","240,M,+0332,1","240,N,+0168,1","99999,9,09601,1","9,9,999,9,-005,1","05,1","SYN08643083 31596 41401 10202 20186 39601 40135 70500 82530 333 10332 20168 59005 555 10000="
"43083099999","2023-01-01T12:00:00","4","18.05","78.2666666","472.0","MEDAK, IN","FM-12","99999","V020","140,1,N,0005,1","99999,9,9,N","010000,1,9,9","+0312,1","+0213,1","10091,1",,,,,,"03,1,+00800,1,06,1","99,9,+99999,9,03,1",,"9,AGL   ,+99999,+99999","06,99,1,03,1,99,9,00800,1,99,9,99,9","240,M,+0331,1",,"99999,9,09578,1","9,9,999,9,+004,1",,"SYN06443083 32597 61401 10312 20213 39578 40091 83530 333 10331 58004="
"43083099999","2023-01-02T03:00:00","4","18.05","78.2666666","472.0","MEDAK, IN","FM-12","99999","V020","140,1,N,0005,1","22000,1,9,N","004000,1,9,9","+0208,1","+0182,1","10135,1",,"0,1,02,1","0,1,02,1",,,"02,1,+99999,9,03,1",,,"9,AGL   ,+99999,+99999","02,99,1,02,1,99,9,99999,9,99,9,99,9","240,M,+0331,1","240,N,+0170,1","99999,9,09601,1","9,9,999,9,+000,1","05,1","SYN08643083 31996 21401 10208 20182 39601 40135 70500 82030 333 10331 20170 58000 555 10000="
"43083099999","2023-01-02T12:00:00","4","18.05","78.2666666","472.0","MEDAK, IN","FM-12","99999","V020","140,1,N,0005,1","99999,9,9,N","010000,1,9,9","+0302,1","+0213,1","10093,1",,,,,,"02,1,+00800,1,06,1","99,9,+99999,9,03,1",,"9,AGL   ,+99999,+99999","05,99,1,02,1,99,9,00800,1,99,9,99,9","240,M,+0312,1",,"99999,9,09579,1","9,9,999,9,+001,1",,"SYN06443083 32597 51401 10302 20213 39579 40093 82530 333 10312 58001="
"43083099999","2023-01-03T03:00:00","4","18.05","78.2666666","472.0","MEDAK, IN","FM-12","99999","V020","140,1,N,0005,1","99999,9,9,N","004000,1,9,9","+0206,1","+0184,1","10137,1",,"2,1,02,1","2,1,02,1",,,"02,1,+00800,1,06,1","99,9,+99999,9,03,1",,"9,AGL   ,+99999,+99999","05,99,1,02,1,99,9,00800,1,99,9,99,9","240,M,+0312,1","240,N,+0162,1","99999,9,09603,1","9,9,999,9,+002,1","05,1","SYN08643083 31596 51401 10206 20184 39603 40137 70522 82530 333 10312 20162 58002 555 10000="
"43083099999","2023-01-03T12:00:00","4","18.05","78.2666666","472.0","MEDAK, IN","FM-12","99999","V020","140,1,N,0005,1","99999,9,9,N","010000,1,9,9","+0288,1","+0210,1","10091,1",,,,,,"02,1,+00800,1,06,1","99,9,+99999,9,03,1",,"9,AGL   ,+99999,+99999","07,99,1,02,1,99,9,00800,1,99,9,99,9","240,M,+0302,1",,"99999,9,09574,1","9,9,999,9,-005,1",,"SYN06443083 32597 71401 10288 20210 39574 40091 82560 333 10302 59005="
"43083099999","2023-01-04T03:00:00","4","18.05","78.2666666","472.0","MEDAK, IN","FM-12","99999","V020","140,1,N,0005,1","22000,1,9,N","004000,1,9,9","+0212,1","+0170,1","10133,1",,"0,1,02,1","0,1,02,1",,,"02,1,+99999,9,03,1",,,"9,AGL   ,+99999,+99999","02,99,1,02,1,99,9,99999,9,99,9,99,9","240,M,+0302,1","240,N,+0168,1","99999,9,09601,1","9,9,999,9,-002,1","05,1","SYN08643083 31996 21401 10212 20170 39601 40133 70500 82030 333 10302 20168 59002 555 10000="
"43083099999","2023-01-04T12:00:00","4","18.05","78.2666666","472.0","MEDAK, IN","FM-12","99999","V020","140,1,N,0005,1","99999,9,9,N","010000,1,9,9","+0282,1","+0213,1","10091,1",,,,,,"03,1,+00800,1,08,1","99,9,+99999,9,03,1",,"9,AGL   ,+99999,+99999","07,99,1,03,1,99,9,00800,1,99,9,99,9","240,M,+0306,1",,"99999,9,09574,1","9,9,999,9,+000,1",,"SYN06443083 32597 71401 10282 20213 39574 40091 83160 333 10306 58000="
"43083099999","2023-01-05T03:00:00","4","18.05","78.2666666","472.0","MEDAK, IN","FM-12","99999","V020","140,1,N,0005,1","22000,1,9,N","004000,1,9,9","+0210,1","+0181,1","10137,1",,"0,1,02,1","0,1,02,1",,,"02,1,+00800,1,06,1","99,9,+99999,9,03,1",,"9,AGL   ,+99999,+99999","03,99,1,02,1,99,9,00800,1,99,9,99,9","240,M,+0306,1","240,N,+0170,1","99999,9,09603,1","9,9,999,9,+002,1","05,1","SYN08643083 31596 31401 10210 20181 39603 40137 70500 82530 333 10306 20170 58002 555 10000="
"43083099999","2023-01-05T12:00:00","4","18.05","78.2666666","472.0","MEDAK, IN","FM-12","99999","V020","140,1,N,0005,1","99999,9,9,N","010000,1,9,9","+0272,1","+0228,1","10114,1",,,,,,"03,1,+00800,1,06,1","99,9,+99999,9,03,1",,"9,AGL   ,+99999,+99999","06,99,1,03,1,99,9,00800,1,99,9,99,9",,,"99999,9,09594,1","9,9,999,9,+020,1",,"SYN06443083 32597 61401 10272 20228 39594 40114 83560 333 10292 58020="
"43083099999","2023-01-06T03:00:00","4","18.05","78.2666666","472.0","MEDAK, IN","FM-12","99999","V020","230,1,N,0005,1","99999,9,9,N","004000,1,9,9","+0196,1","+0173,1","10146,1",,"2,1,02,1","2,1,02,1",,,"04,1,+00800,1,08,1","99,9,+99999,9,03,1",,"9,AGL   ,+99999,+99999","08,99,1,04,1,99,9,00800,1,99,9,99,9","240,M,+0292,1","240,N,+0168,1","99999,9,09611,1","9,9,999,9,+008,1","05,1","SYN08643083 31596 82301 10196 20173 39611 40146 70522 84160 333 10292 20168 58008 555 10000="
"43083099999","2023-01-06T12:00:00","4","18.05","78.2666666","472.0","MEDAK, IN","FM-12","99999","V020","230,1,N,0005,1","99999,9,9,N","010000,1,9,9","+0272,1","+0228,1","10120,1",,,,,,"05,1,+00800,1,06,1","99,9,+99999,9,03,1",,"9,AGL   ,+99999,+99999","08,99,1,05,1,99,9,00800,1,99,9,99,9","240,M,+0282,1",,"99999,9,09599,1","9,9,999,9,+005,1",,"SYN06443083 32597 82301 10272 20228 39599 40120 85460 333 10282 58005="
"43083099999","2023-01-07T03:00:00","4","18.05","78.2666666","472.0","MEDAK, IN","FM-12","99999","V020","140,1,N,0005,1","99999,9,9,N","004000,1,9,9","+0182,1","+0155,1","10161,1",,"2,1,02,1","2,1,02,1",,,"03,1,+00800,1,06,1","99,9,+99999,9,03,1",,"9,AGL   ,+99999,+99999","05,99,1,03,1,99,9,00800,1,99,9,99,9","240,M,+0282,1","240,N,+0144,1","99999,9,09623,1","9,9,999,9,+012,1","05,1","SYN08643083 31596 51401 10182 20155 39623 40161 70522 83560 333 10282 20144 58012 555 10000="
"43083099999","2023-01-07T12:00:00","4","18.05","78.2666666","472.0","MEDAK, IN","FM-12","99999","V020","140,1,N,0005,1","99999,9,9,N","010000,1,9,9","+0272,1","+0228,1","10114,1",,,,,,"04,1,+00800,1,06,1","99,9,+99999,9,03,1",,"9,AGL   ,+99999,+99999","07,99,1,04,1,99,9,00800,1,99,9,99,9","240,M,+0286,1",,"99999,9,09594,1","9,9,999,9,-005,1",,"SYN06443083 32597 71401 10272 20228 39594 40114 84560 333 10286 59005="
"43083099999","2023-01-08T03:00:00","4","18.05","78.2666666","472.0","MEDAK, IN","FM-12","99999","V020","140,1,N,0005,1","22000,1,9,N","004000,1,9,9","+0156,1","+0119,1","10162,1",,"0,1,02,1","0,1,02,1",,,"02,1,+99999,9,03,1",,,"9,AGL   ,+99999,+99999","02,99,1,02,1,99,9,99999,9,99,9,99,9","240,M,+0286,1","240,N,+0110,1","99999,9,09618,1","9,9,999,9,-005,1","05,1","SYN08643083 31996 21401 10156 20119 39618 40162 70500 82030 333 10286 20110 59005 555 10000="
"43083099999","2023-01-08T12:00:00","4","18.05","78.2666666","472.0","MEDAK, IN","FM-12","99999","V020","140,1,N,0005,1","22000,1,9,N","010000,1,9,9","+0272,1","+0218,1","10120,1",,,,,,"03,1,+99999,9,03,1",,,"9,AGL   ,+99999,+99999","03,99,1,03,1,99,9,99999,9,99,9,99,9",,,"99999,9,09599,1","9,9,999,9,+005,1",,"SYN06443083 32997 31401 10272 20218 39599 40120 83030 333 10292 58005="
"43083099999","2023-01-09T03:00:00","4","18.05","78.2666666","472.0","MEDAK, IN","FM-12","99999","V020","140,1,N,0005,1","22000,1,9,N","004000,1,9,9","+0136,1","+0110,1","10174,1",,"0,1,02,1","0,1,02,1",,,"01,1,+00800,1,06,1","99,9,+99999,9,03,1",,"9,AGL   ,+99999,+99999","02,99,1,01,1,99,9,00800,1,99,9,99,9","240,M,+0292,1","240,N,+0080,1","99999,9,09626,1","9,9,999,9,+008,1","05,1","SYN08643083 31596 21401 10136 20110 39626 40174 70500 81530 333 10292 20080 58008 555 10000="
"43083099999","2023-01-09T12:00:00","4","18.05","78.2666666","472.0","MEDAK, IN","FM-12","99999","V020","140,1,N,0005,1","22000,1,9,N","010000,1,9,9","+0286,1","+0227,1","10117,1",,,,,,"02,1,+00800,1,06,1","99,9,+99999,9,03,1",,"9,AGL   ,+99999,+99999","04,99,1,02,1,99,9,00800,1,99,9,99,9","240,M,+0300,1",,"99999,9,09598,1","9,9,999,9,-001,1",,"SYN06443083 32597 41401 10286 20227 39598 40117 82530 333 10300 59001="
"43083099999","2023-01-10T03:00:00","4","18.05","78.2666666","472.0","MEDAK, IN","FM-12","99999","V020","140,1,N,0005,1","22000,1,9,N","004000,1,9,9","+0146,1","+0120,1","10165,1",,"0,1,02,1","0,1,02,1",,,"02,1,+99999,9,03,1",,,"9,AGL   ,+99999,+99999","02,99,1,02,1,99,9,99999,9,99,9,99,9","240,M,+0300,1","240,N,+0090,1","99999,9,09619,1","9,9,999,9,-007,1","05,1","SYN08643083 31996 21401 10146 20120 39619 40165 70500 82030 333 10300 20090 59007 555 10000="
"43083099999","2023-01-10T12:00:00","4","18.05","78.2666666","472.0","MEDAK, IN","FM-12","99999","V020","140,1,N,0005,1","22000,1,9,N","010000,1,9,9","+0290,1","+0216,1","10100,1",,,,,,"03,1,+99999,9,03,1",,,"9,AGL   ,+99999,+99999","03,99,1,03,1,99,9,99999,9,99,9,99,9",,,"99999,9,09582,1","9,9,999,9,-016,1",,"SYN06443083 32997 31401 10290 20216 39582 40100 83030 333 10316 59016="
"43083099999","2023-01-11T03:00:00","4","18.05","78.2666666","472.0","MEDAK, IN","FM-12","99999","V020","140,1,N,0005,1","22000,1,9,N","004000,1,9,9","+0152,1","+0103,1","10146,1",,"0,1,02,1","0,1,02,1",,,"01,1,+99999,9,06,1","99,9,+99999,9,03,1",,"9,AGL   ,+99999,+99999","02,99,1,01,1,99,9,99999,9,99,9,99,9","240,M,+0316,1","240,N,+0098,1","99999,9,09603,1","9,9,999,9,-016,1","05,1","SYN08643083 31996 21401 10152 20103 39603 40146 70500 81530 333 10316 20098 59016 555 10000="
"43083099999","2023-01-11T12:00:00","4","18.05","78.2666666","472.0","MEDAK, IN","FM-12","99999","V020","050,1,N,0005,1","22000,1,9,N","010000,1,9,9","+0296,1","+0206,1","10078,1",,,,,,"02,1,+00800,1,08,1","99,9,+99999,9,00,1",,"9,AGL   ,+99999,+99999","03,99,1,02,1,99,9,00800,1,99,9,99,9","240,M,+0318,1",,"99999,9,09563,1","9,9,999,9,-019,1",,"SYN06443083 32597 30501 10296 20206 39563 40078 82802 333 10318 59019="
"43083099999","2023-01-12T03:00:00","4","18.05","78.2666666","472.0","MEDAK, IN","FM-12","99999","V020","140,1,N,0005,1","22000,1,9,N","004000,1,9,9","+0162,1","+0126,1","10123,1",,"0,1,02,1","0,1,02,1",,,"02,1,+99999,9,03,1",,,"9,AGL   ,+99999,+99999","02,99,1,02,1,99,9,99999,9,99,9,99,9","240,M,+0318,1","240,N,+0110,1","99999,9,09583,1","9,9,999,9,-020,1","05,1","SYN08643083 31996 21401 10162 20126 39583 40123 70500 82030 333 10318 20110 59020 555 10000="
"43083099999","2023-01-12T12:00:00","4","18.05","78.2666666","472.0","MEDAK, IN","FM-12","99999","V020","140,1,N,0005,1","22000,1,9,N","010000,1,9,9","+0302,1","+0213,1","10065,1",,,,,,"03,1,+99999,9,03,1",,,"9,AGL   ,+99999,+99999","03,99,1,03,1,99,9,99999,9,99,9,99,9","240,M,+0322,1",,"99999,9,09553,1","9,9,999,9,-010,1",,"SYN06443083 32997 31401 10302 20213 39553 40065 83030 333 10322 59010="
"43083099999","2023-01-13T03:00:00","4","18.05","78.2666666","472.0","MEDAK, IN","FM-12","99999","V020","140,1,N,0005,1","22000,1,9,N","004000,1,9,9","+0172,1","+0137,1","10126,1",,"0,1,02,1","0,1,02,1",,,"01,1,+00800,1,06,1","99,9,+99999,9,03,1",,"9,AGL   ,+99999,+99999","02,99,1,01,1,99,9,00800,1,99,9,99,9","240,M,+0322,1","240,N,+0124,1","99999,9,09588,1","9,9,999,9,+005,1","05,1","SYN08643083 31596 21401 10172 20137 39588 40126 70500 81530 333 10322 20124 58005 555 10000="
"43083099999","2023-01-13T12:00:00","4","18.05","78.2666666","472.0","MEDAK, IN","FM-12","99999","V020","140,1,N,0005,1","22000,1,9,N","010000,1,9,9","+0306,1","+0234,1","10065,1",,,,,,"02,1,+99999,9,03,1",,,"9,AGL   ,+99999,+99999","02,99,1,02,1,99,9,99999,9,99,9,99,9","240,M,+0326,1",,"99999,9,09553,1","9,9,999,9,+000,1",,"SYN06443083 32997 21401 10306 20234 39553 40065 82030 333 10326 58000="
"43083099999","2023-01-14T03:00:00","4","18.05","78.2666666","472.0","MEDAK, IN","FM-12","99999","V020","140,1,N,0005,1","22000,1,9,N","004000,1,9,9","+0186,1","+0152,1","10126,1",,"0,1,02,1","0,1,02,1",,,"02,1,+99999,9,03,1",,,"9,AGL   ,+99999,+99999","02,99,1,02,1,99,9,99999,9,99,9,99,9","240,M,+0326,1","240,N,+0133,1","99999,9,09590,1","9,9,999,9,+002,1","05,1","SYN08643083 31996 21401 10186 20152 39590 40126 70500 82030 333 10326 20133 58002 555 10000="
"43083099999","2023-01-14T12:00:00","4","18.05","78.2666666","472.0","MEDAK, IN","FM-12","99999","V020","140,1,N,0005,1","22000,1,9,N","010000,1,9,9","+0316,1","+0232,1","10069,1",,,,,,"03,1,+99999,9,03,1",,,"9,AGL   ,+99999,+99999","03,99,1,03,1,99,9,99999,9,99,9,99,9","240,M,+0328,1",,"99999,9,09557,1","9,9,999,9,+004,1",,"SYN06443083 32997 31401 10316 20232 39557 40069 83030 333 10328 58004="
"43083099999","2023-01-15T03:00:00","4","18.05","78.2666666","472.0","MEDAK, IN","FM-12","99999","V020","140,1,N,0005,1","22000,1,9,N","010000,1,9,9","+0202,1","+0169,1","10123,1",,,,,,"02,1,+99999,9,03,1",,,"9,AGL   ,+99999,+99999","02,99,1,02,1,99,9,99999,9,99,9,99,9","240,M,+0328,1","240,N,+0140,1","99999,9,09591,1","9,9,999,9,+001,1",,"SYN08043083 32997 21401 10202 20169 39591 40123 82030 333 10328 20140 58001 555 10000="
"43083099999","2023-01-15T12:00:00","4","18.05","78.2666666","472.0","MEDAK, IN","FM-12","99999","V020","140,1,N,0005,1","22000,1,9,N","010000,1,9,9","+0316,1","+0229,1","10073,1",,,,,,"02,1,+99999,9,03,1",,,"9,AGL   ,+99999,+99999","02,99,1,02,1,99,9,99999,9,99,9,99,9","240,M,+0332,1",,"99999,9,09561,1","9,9,999,9,+004,1",,"SYN06443083 32997 21401 10316 20229 39561 40073 82030 333 10332 58004="
"43083099999","2023-01-16T03:00:00","4","18.05","78.2666666","472.0","MEDAK, IN","FM-12","99999","V020","140,1,N,0005,1","22000,1,9,N","004000,1,9,9","+0206,1","+0174,1","10117,1",,"0,1,02,1","0,1,02,1",,,"01,1,+00800,1,06,1","99,9,+99999,9,03,1",,"9,AGL   ,+99999,+99999","02,99,1,01,1,99,9,00800,1,99,9,99,9","240,M,+0332,1","240,N,+0143,1","99999,9,09585,1","9,9,999,9,-006,1","05,1","SYN08643083 31596 21401 10206 20174 39585 40117 70500 81530 333 10332 20143 59006 555 10000="
"43083099999","2023-01-16T12:00:00","4","18.05","78.2666666","472.0","MEDAK, IN","FM-12","99999","V020","140,1,N,0005,1","22000,1,9,N","010000,1,9,9","+0306,1","+0217,1","10062,1",,,,,,"02,1,+99999,9,03,1",,,"9,AGL   ,+99999,+99999","02,99,1,02,1,99,9,99999,9,99,9,99,9","240,M,+0332,1",,"99999,9,09550,1","9,9,999,9,-011,1",,"SYN06443083 32997 21401 10306 20217 39550 40062 82030 333 10332 59011="
"43083099999","2023-01-17T03:00:00","4","18.05","78.2666666","472.0","MEDAK, IN","FM-12","99999","V020","140,1,N,0005,1","22000,1,9,N","004000,1,9,9","+0202,1","+0159,1","10111,1",,"0,1,02,1","0,1,02,1",,,"01,1,+99999,9,03,1",,,"9,AGL   ,+99999,+99999","01,99,1,01,1,99,9,99999,9,99,9,99,9","240,M,+0332,1","240,N,+0143,1","99999,9,09579,1","9,9,999,9,-006,1","05,1","SYN08643083 31996 11401 10202 20159 39579 40111 70500 81030 333 10332 20143 59006 555 10000="
"43083099999","2023-01-17T12:00:00","4","18.05","78.2666666","472.0","MEDAK, IN","FM-12","99999","V020","140,1,N,0005,1","22000,1,9,N","010000,1,9,9","+0306,1","+0227,1","10069,1",,,,,,"02,1,+99999,9,03,1",,,"9,AGL   ,+99999,+99999","02,99,1,02,1,99,9,99999,9,99,9,99,9",,,"99999,9,09556,1","9,9,999,9,-006,1",,"SYN06443083 32997 21401 10306 20227 39556 40069 82030 333 10326 59006="
"43083099999","2023-01-18T03:00:00","4","18.05","78.2666666","472.0","MEDAK, IN","FM-12","99999","V020","140,1,N,0005,1","22000,1,9,N","004000,1,9,9","+0186,1","+0145,1","10130,1",,"1,1,02,1","0,1,02,1",,,"02,1,+00800,1,03,1",,,"9,AGL   ,+99999,+99999","02,99,1,02,1,99,9,00800,1,99,9,99,9","240,M,+0326,1","240,N,+0140,1","99999,9,09594,1","9,9,999,9,+015,1","05,1","SYN08643083 31596 21401 10186 20145 39594 40130 70510 82030 333 10326 20140 58015 555 10000="
"43083099999","2023-01-18T12:00:00","4","18.05","78.2666666","472.0","MEDAK, IN","FM-12","99999","V020","140,1,N,0005,1","22000,1,9,N","010000,1,9,9","+0302,1","+0223,1","10082,1",,,,,,"03,1,+99999,9,03,1",,,"9,AGL   ,+99999,+99999","03,99,1,03,1,99,9,99999,9,99,9,99,9","240,M,+0322,1",,"99999,9,09569,1","9,9,999,9,+013,1",,"SYN06443083 32997 31401 10302 20223 39569 40082 83030 333 10322 58013="
"43083099999","2023-01-19T03:00:00","4","18.05","78.2666666","472.0","MEDAK, IN","FM-12","99999","V020","140,1,N,0005,1","22000,1,9,N","004000,1,9,9","+0192,1","+0165,1","10134,1",,"0,1,02,1","0,1,02,1",,,"02,1,+00800,1,06,1","99,9,+99999,9,03,1",,"9,AGL   ,+99999,+99999","03,99,1,02,1,99,9,00800,1,99,9,99,9","240,M,+0322,1","240,N,+0143,1","99999,9,09599,1","9,9,999,9,+005,1","05,1","SYN08643083 31596 31401 10192 20165 39599 40134 70500 82530 333 10322 20143 58005 555 10000="
"43083099999","2023-01-20T03:00:00","4","18.05","78.2666666","472.0","MEDAK, IN","FM-12","99999","V020","140,1,N,0005,1","22000,1,9,N","004000,1,9,9","+0196,1","+0145,1","10139,1",,"0,1,02,1","0,1,02,1",,,"01,1,+99999,9,03,1",,,"9,AGL   ,+99999,+99999","01,99,1,01,1,99,9,99999,9,99,9,99,9","240,M,+0332,1","240,N,+0138,1","99999,9,09604,1","9,9,999,9,+005,1","05,1","SYN08643083 31996 11401 10196 20145 39604 40139 70500 81030 333 10332 20138 58005 555 10000="
"43083099999","2023-01-20T12:00:00","4","18.05","78.2666666","472.0","MEDAK, IN","FM-12","99999","V020","140,1,N,0005,1","22000,1,9,N","010000,1,9,9","+0298,1","+0225,1","10085,1",,,,,,"02,1,+99999,9,03,1",,,"9,AGL   ,+99999,+99999","02,99,1,02,1,99,9,99999,9,99,9,99,9","240,M,+0312,1",,"99999,9,09570,1","9,9,999,9,+001,1",,"SYN06443083 32997 21401 10298 20225 39570 40085 82030 333 10312 58001="
"43083099999","2023-01-21T03:00:00","4","18.05","78.2666666","472.0","MEDAK, IN","FM-12","99999","V020","140,1,N,0005,1","22000,1,9,N","004000,1,9,9","+0198,1","+0154,1","10141,1",,"0,1,02,1","0,1,02,1",,,"01,1,+99999,9,06,1","99,9,+99999,9,03,1",,"9,AGL   ,+99999,+99999","02,99,1,01,1,99,9,99999,9,99,9,99,9","240,M,+0312,1","240,N,+0146,1","99999,9,09606,1","9,9,999,9,+002,1","05,1","SYN08643083 31996 21401 10198 20154 39606 40141 70500 81530 333 10312 20146 58002 555 10000="
"43083099999","2023-01-21T12:00:00","4","18.05","78.2666666","472.0","MEDAK, IN","FM-12","99999","V020","140,1,N,0005,1","99999,9,9,N","010000,1,9,9","+0292,1","+0211,1","10079,1",,,,,,"03,1,+00800,1,06,1","99,9,+99999,9,03,1",,"9,AGL   ,+99999,+99999","05,99,1,03,1,99,9,00800,1,99,9,99,9","240,M,+0306,1",,"99999,9,09564,1","9,9,999,9,-006,1",,"SYN06443083 32597 51401 10292 20211 39564 40079 83530 333 10306 59006="
"43083099999","2023-01-22T03:00:00","4","18.05","78.2666666","472.0","MEDAK, IN","FM-12","99999","V020","140,1,N,0005,1","22000,1,9,N","004000,1,9,9","+0206,1","+0137,1","10123,1",,"0,1,02,1","0,1,02,1",,,"01,1,+00800,1,06,1","99,9,+99999,9,03,1",,"9,AGL   ,+99999,+99999","03,99,1,01,1,99,9,00800,1,99,9,99,9","240,M,+0306,1","240,N,+0136,1","99999,9,09599,1","9,9,999,9,-007,1","05,1","SYN08643083 31596 31401 10206 20137 39599 40123 70500 81530 333 10306 20136 59007 555 10000="
"43083099999","2023-01-22T12:00:00","4","18.05","78.2666666","472.0","MEDAK, IN","FM-12","99999","V020","140,1,N,0005,1","22000,1,9,N","010000,1,9,9","+0296,1","+0149,1","10085,1",,,,,,"03,1,+99999,9,03,1",,,"9,AGL   ,+99999,+99999","03,99,1,03,1,99,9,99999,9,99,9,99,9","240,M,+0310,1",,"99999,9,09570,1","9,9,999,9,+006,1",,"SYN06443083 32997 31401 10296 20149 39570 40085 83030 333 10310 58006="
"43083099999","2023-01-23T03:00:00","4","18.05","78.2666666","472.0","MEDAK, IN","FM-12","99999","V020","230,1,N,0005,1","99999,9,9,N","004000,1,9,9","+0202,1","+0159,1","10122,1",,"0,1,02,1","0,1,02,1",,,"02,1,+00800,1,06,1","99,9,+99999,9,03,1",,"9,AGL   ,+99999,+99999","05,99,1,02,1,99,9,00800,1,99,9,99,9","240,M,+0310,1","240,N,+0148,1","99999,9,09590,1","9,9,999,9,-009,1","05,1","SYN08643083 31596 52301 10202 20159 39590 40122 70500 82560 333 10310 20148 59009 555 10000="
"43083099999","2023-01-23T12:00:00","4","18.05","78.2666666","472.0","MEDAK, IN","FM-12","99999","V020","230,1,N,0005,1","99999,9,9,N","010000,1,9,9","+0286,1","+0187,1","10070,1",,,,,,"03,1,+00800,1,06,1","99,9,+99999,9,03,1",,"9,AGL   ,+99999,+99999","06,99,1,03,1,99,9,00800,1,99,9,99,9","240,M,+0298,1",,"99999,9,09554,1","9,9,999,9,-016,1",,"SYN06443083 32597 62301 10286 20187 39554 40070 83560 333 10298 59016="
"43083099999","2023-01-24T03:00:00","4","18.05","78.2666666","472.0","MEDAK, IN","FM-12","99999","V020","140,1,N,0005,1","22000,1,9,N","004000,1,9,9","+0204,1","+0168,1","10116,1",,"0,1,02,1","0,1,02,1",,,"02,1,+99999,9,03,1",,,"9,AGL   ,+99999,+99999","02,99,1,02,1,99,9,99999,9,99,9,99,9","240,M,+0298,1","240,N,+0160,1","99999,9,09584,1","9,9,999,9,-006,1","05,1","SYN08643083 31996 21401 10204 20168 39584 40116 70500 82030 333 10298 20160 59006 555 10000="
"43083099999","2023-01-24T12:00:00","4","18.05","78.2666666","472.0","MEDAK, IN","FM-12","99999","V020","140,1,N,0005,1","99999,9,9,N","010000,1,9,9","+0306,1","+0217,1","10061,1",,,,,,"02,1,+00800,1,06,1","99,9,+99999,9,03,1",,"9,AGL   ,+99999,+99999","05,99,1,02,1,99,9,00800,1,99,9,99,9","240,M,+0312,1",,"99999,9,09549,1","9,9,999,9,-005,1",,"SYN06443083 32597 51401 10306 20217 39549 40061 82530 333 10312 59005="
"43083099999","2023-01-25T03:00:00","4","18.05","78.2666666","472.0","MEDAK, IN","FM-12","99999","V020","230,1,N,0005,1","22000,1,9,N","004000,1,9,9","+0206,1","+0156,1","10111,1",,"0,1,02,1","0,1,02,1",,,"02,1,+99999,9,03,1",,,"9,AGL   ,+99999,+99999","02,99,1,02,1,99,9,99999,9,99,9,99,9","240,M,+0312,1","240,N,+0168,1","99999,9,09579,1","9,9,999,9,-005,1","05,1","SYN08643083 31996 22301 10206 20156 39579 40111 70500 82030 333 10312 20168 59005 555 10000="
"43083099999","2023-01-25T12:00:00","4","18.05","78.2666666","472.0","MEDAK, IN","FM-12","99999","V020","140,1,N,0005,1","22000,1,9,N","010000,1,9,9","+0296,1","+0206,1","10063,1",,,,,,"03,1,+99999,9,03,1",,,"9,AGL   ,+99999,+99999","03,99,1,03,1,99,9,99999,9,99,9,99,9","240,M,+0306,1",,"99999,9,09549,1","9,9,999,9,+000,1",,"SYN06443083 32997 31401 10296 20206 39549 40063 83030 333 10306 58000="
"43083099999","2023-01-26T03:00:00","4","18.05","78.2666666","472.0","MEDAK, IN","FM-12","99999","V020","140,1,N,0005,1","22000,1,9,N","004000,1,9,9","+0208,1","+0154,1","10116,1",,"0,1,02,1","0,1,02,1",,,"02,1,+99999,9,03,1",,,"9,AGL   ,+99999,+99999","02,99,1,02,1,99,9,99999,9,99,9,99,9","240,M,+0306,1","240,N,+0173,1","99999,9,09584,1","9,9,999,9,+005,1","05,1","SYN08643083 32996 21401 10208 20154 39584 40116 70500 82030 333 10306 20173 58005 555 10000="
"43083099999","2023-01-26T12:00:00","4","18.05","78.2666666","472.0","MEDAK, IN","FM-12","99999","V020","140,1,N,0005,1","22000,1,9,N","010000,1,9,9","+0312,1","+0224,1","10062,1",,,,,,"02,1,+99999,9,03,1",,,"9,AGL   ,+99999,+99999","03,99,1,02,1,99,9,99999,9,99,9,99,9","240,M,+0322,1",,"99999,9,09551,1","9,9,999,9,+002,1",,"SYN06443083 32997 31401 10312 20224 39551 40062 82030 333 10322 58002="
"43083099999","2023-01-27T03:00:00","4","18.05","78.2666666","472.0","MEDAK, IN","FM-12","99999","V020","140,1,N,0005,1","22000,1,9,N","004000,1,9,9","+0212,1","+0162,1","10117,1",,"0,1,02,1","0,1,02,1",,,"01,1,+00800,1,06,1","99,9,+99999,9,03,1",,"9,AGL   ,+99999,+99999","02,99,1,01,1,99,9,00800,1,99,9,99,9","240,M,+0322,1","240,N,+0175,1","99999,9,09586,1","9,9,999,9,-002,1","05,1","SYN08643083 31596 21401 10212 20162 39586 40117 70500 81530 333 10322 20175 59002 555 10000="
"43083099999","2023-01-27T12:00:00","4","18.05","78.2666666","472.0","MEDAK, IN","FM-12","99999","V020","140,1,N,0005,1","22000,1,9,N","010000,1,9,9","+0306,1","+0217,1","10066,1",,,,,,"02,1,+00800,1,06,1","99,9,+99999,9,03,1",,"9,AGL   ,+99999,+99999","04,99,1,02,1,99,9,00800,1,99,9,99,9","240,M,+0316,1",,"99999,9,09554,1","9,9,999,9,+003,1",,"SYN06443083 32597 41401 10306 20217 39554 40066 82530 333 10316 58003="
"43083099999","2023-01-28T03:00:00","4","18.05","78.2666666","472.0","MEDAK, IN","FM-12","99999","V020","140,1,N,0005,1","22000,1,9,N","004000,1,9,9","+0226,1","+0153,1","10112,1",,"0,1,02,1","0,1,02,1",,,"01,1,+99999,9,03,1",,,"9,AGL   ,+99999,+99999","01,99,1,01,1,99,9,99999,9,99,9,99,9","240,M,+0316,1","240,N,+0140,1","99999,9,09583,1","9,9,999,9,-003,1","05,1","SYN08643083 31996 11401 10226 20153 39583 40112 70500 81030 333 10316 20140 59003 555 10000="
"43083099999","2023-01-28T12:00:00","4","18.05","78.2666666","472.0","MEDAK, IN","FM-12","99999","V020","050,1,N,0005,1","22000,1,9,N","010000,1,9,9","+0306,1","+0204,1","10056,1",,,,,,"02,1,+00800,1,06,1","99,9,+99999,9,03,1",,"9,AGL   ,+99999,+99999","04,99,1,02,1,99,9,00800,1,99,9,99,9","240,M,+0314,1",,"99999,9,09544,1","9,9,999,9,-010,1",,"SYN06443083 32597 40501 10306 20204 39544 40056 82530 333 10314 59010="
"43083099999","2023-01-29T03:00:00","4","18.05","78.2666666","472.0","MEDAK, IN","FM-12","99999","V020","140,1,N,0005,1","22000,1,9,N","004000,1,9,9","+0216,1","+0148,1","10116,1",,"0,1,02,1","0,1,02,1",,,"02,1,+99999,9,03,1",,,"9,AGL   ,+99999,+99999","02,99,1,02,1,99,9,99999,9,99,9,99,9","240,M,+0314,1","240,N,+0150,1","99999,9,09588,1","9,9,999,9,+005,1","05,1","SYN08643083 31996 21401 10216 20148 39588 40116 70500 82030 333 10314 20150 58005 555 10000="
"43083099999","2023-01-29T12:00:00","4","18.05","78.2666666","472.0","MEDAK, IN","FM-12","99999","V020","140,1,N,0005,1","22000,1,9,N","010000,1,9,9","+0310,1","+0205,1","10061,1",,,,,,"03,1,+99999,9,03,1",,,"9,AGL   ,+99999,+99999","03,99,1,03,1,99,9,99999,9,99,9,99,9","240,M,+0318,1",,"99999,9,09549,1","9,9,999,9,+005,1",,"SYN06443083 32997 31401 10310 20205 39549 40061 83030 333 10318 58005="
"43083099999","2023-01-30T03:00:00","4","18.05","78.2666666","472.0","MEDAK, IN","FM-12","99999","V020","230,1,N,0005,1","22000,1,9,N","004000,1,9,9","+0214,1","+0142,1","10115,1",,"0,1,02,1","0,1,02,1",,,"01,1,+00800,1,06,1","99,9,+99999,9,03,1",,"9,AGL   ,+99999,+99999","02,99,1,01,1,99,9,00800,1,99,9,99,9","240,M,+0318,1","240,N,+0146,1","99999,9,09584,1","9,9,999,9,-001,1","05,1","SYN08643083 31596 22301 10214 20142 39584 40115 70500 81530 333 10318 20146 59001 555 10000="
"43083099999","2023-01-30T12:00:00","4","18.05","78.2666666","472.0","MEDAK, IN","FM-12","99999","V020","230,1,N,0005,1","99999,9,9,N","010000,1,9,9","+0282,1","+0207,1","10065,1",,,,,,"05,1,+00800,1,06,1","99,9,+99999,9,03,1",,"9,AGL   ,+99999,+99999","08,99,1,05,1,99,9,00800,1,99,9,99,9",,,"99999,9,09549,1","9,9,999,9,+000,1",,"SYN06443083 32597 82301 10282 20207 39549 40065 85460 333 10306 58000="
"43083099999","2023-01-31T03:00:00","4","18.05","78.2666666","472.0","MEDAK, IN","FM-12","99999","V020","230,1,N,0005,1","99999,9,9,N","004000,1,9,9","+0236,1","+0199,1","10121,1",,"2,1,02,1","2,1,02,1",,,"02,1,+00800,1,06,1","99,9,+99999,9,03,1",,"9,AGL   ,+99999,+99999","05,99,1,02,1,99,9,00800,1,99,9,99,9","240,M,+0306,1","240,N,+0163,1","99999,9,09594,1","9,9,999,9,+010,1","05,1","SYN08643083 31596 52301 10236 20199 39594 40121 70522 82530 333 10306 20163 58010 555 10000="
"43083099999","2023-01-31T12:00:00","4","18.05","78.2666666","472.0","MEDAK, IN","FM-12","99999","V020","230,1,N,0005,1","99999,9,9,N","010000,1,9,9","+0296,1","+0199,1","10068,1",,,,,,"03,1,+00800,1,08,1","99,9,+99999,9,03,1",,"9,AGL   ,+99999,+99999","06,99,1,03,1,99,9,00800,1,99,9,99,9",,,"99999,9,09554,1","9,9,999,9,+005,1",,"SYN06443083 32597 62301 10296 20199 39554 40068 83160 333 10312 58005="
"43083099999","2023-02-01T03:00:00","4","18.05","78.2666666","472.0","MEDAK, IN","FM-12","99999","V020","140,1,N,0005,1","22000,1,9,N","004000,1,9,9","+0216,1","+0177,1","10130,1",,"2,1,02,1","2,1,02,1",,,"02,1,+00800,1,06,1","99,9,+99999,9,03,1",,"9,AGL   ,+99999,+99999","02,99,1,02,1,99,9,00800,1,99,9,99,9","240,M,+0312,1","240,N,+0170,1","99999,9,09598,1","9,9,999,9,+004,1","05,1","SYN08643083 31596 21401 10216 20177 39598 40130 70522 82530 333 10312 20170 58004 555 10000="
"43083099999","2023-02-01T12:00:00","4","18.05","78.2666666","472.0","MEDAK, IN","FM-12","99999","V020","230,1,N,0005,1","99999,9,9,N","010000,1,9,9","+0282,1","+0207,1","10075,1",,,,,,"03,1,+00800,1,06,1","99,9,+99999,9,03,1",,"9,AGL   ,+99999,+99999","06,99,1,03,1,99,9,00800,1,99,9,99,9","240,M,+0296,1",,"99999,9,09558,1","9,9,999,9,+004,1",,"SYN06443083 32597 62301 10282 20207 39558 40075 83530 333 10296 58004="
"43083099999","2023-02-02T03:00:00","4","18.05","78.2666666","472.0","MEDAK, IN","FM-12","99999","V020","140,1,N,0005,1","22000,1,9,N","004000,1,9,9","+0196,1","+0145,1","10138,1",,"0,1,02,1","0,1,02,1",,,"02,1,+99999,9,03,1",,,"9,AGL   ,+99999,+99999","02,99,1,02,1,99,9,99999,9,99,9,99,9","240,M,+0296,1","240,N,+0140,1","99999,9,09603,1","9,9,999,9,+005,1","05,1","SYN08643083 31996 21401 10196 20145 39603 40138 70500 82030 333 10296 20140 58005 555 10000="
"43083099999","2023-02-02T12:00:00","4","18.05","78.2666666","472.0","MEDAK, IN","FM-12","99999","V020","140,1,N,0005,1","22000,1,9,N","010000,1,9,9","+0282,1","+0189,1","10081,1",,,,,,"03,1,+99999,9,03,1",,,"9,AGL   ,+99999,+99999","03,99,1,03,1,99,9,99999,9,99,9,99,9","240,M,+0302,1",,"99999,9,09564,1","9,9,999,9,+006,1",,"SYN06443083 32997 31401 10282 20189 39564 40081 83030 333 10302 58006="
"43083099999","2023-02-03T03:00:00","4","18.05","78.2666666","472.0","MEDAK, IN","FM-12","99999","V020","140,1,N,0005,1","22000,1,9,N","004000,1,9,9","+0192,1","+0140,1","10140,1",,"0,1,02,1","0,1,02,1",,,"02,1,+99999,9,03,1",,,"9,AGL   ,+99999,+99999","02,99,1,02,1,99,9,99999,9,99,9,99,9","240,M,+0302,1","240,N,+0115,1","99999,9,09605,1","9,9,999,9,+002,1","05,1","SYN08643083 31996 21401 10192 20140 39605 40140 70500 82030 333 10302 20115 58002 555 10000="
"43083099999","2023-02-03T12:00:00","4","18.05","78.2666666","472.0","MEDAK, IN","FM-12","99999","V020","140,1,N,0005,1","22000,1,9,N","010000,1,9,9","+0302,1","+0195,1","10073,1",,,,,,"03,1,+99999,9,03,1",,,"9,AGL   ,+99999,+99999","03,99,1,03,1,99,9,99999,9,99,9,99,9","240,M,+0322,1",,"99999,9,09560,1","9,9,999,9,-004,1",,"SYN06443083 32997 31401 10302 20195 39560 40073 83030 333 10322 59004="
"43083099999","2023-02-04T03:00:00","4","18.05","78.2666666","472.0","MEDAK, IN","FM-12","99999","V020","140,1,N,0005,1","22000,1,9,N","004000,1,9,9","+0182,1","+0129,1","10126,1",,"0,1,02,1","0,1,02,1",,,"01,1,+99999,9,03,1",,,"9,AGL   ,+99999,+99999","01,99,1,01,1,99,9,99999,9,99,9,99,9","240,M,+0322,1","240,N,+0123,1","99999,9,09590,1","9,9,999,9,-015,1","05,1","SYN08643083 31996 11401 10182 20129 39590 40126 70500 81030 333 10322 20123 59015 555 10000="
"43083099999","2023-02-04T12:00:00","4","18.05","78.2666666","472.0","MEDAK, IN","FM-12","99999","V020","140,1,N,0005,1","22000,1,9,N","010000,1,9,9","+0302,1","+0136,1","10061,1",,,,,,"03,1,+99999,9,03,1",,,"9,AGL   ,+99999,+99999","03,99,1,03,1,99,9,99999,9,99,9,99,9","240,M,+0330,1",,"99999,9,09549,1","9,9,999,9,-001,1",,"SYN06443083 32997 31401 10302 20136 39549 40061 83030 333 10330 59001="
"43083099999","2023-02-05T03:00:00","4","18.05","78.2666666","472.0","MEDAK, IN","FM-12","99999","V020","140,1,N,0005,1","22000,1,9,N","004000,1,9,9","+0192,1","+0140,1","10130,1",,"0,1,02,1","0,1,02,1",,,"02,1,+99999,9,03,1",,,"9,AGL   ,+99999,+99999","02,99,1,02,1,99,9,99999,9,99,9,99,9","240,M,+0330,1","240,N,+0128,1","99999,9,09595,1","9,9,999,9,+005,1","05,1","SYN08643083 31996 21401 10192 20140 39595 40130 70500 82030 333 10330 20128 58005 555 10000="
"43083099999","2023-02-05T12:00:00","4","18.05","78.2666666","472.0","MEDAK, IN","FM-12","99999","V020","140,1,N,0005,1","22000,1,9,N","010000,1,9,9","+0308,1","+0184,1","10072,1",,,,,,"03,1,+99999,9,03,1",,,"9,AGL   ,+99999,+99999","03,99,1,03,1,99,9,99999,9,99,9,99,9","240,M,+0332,1",,"99999,9,09559,1","9,9,999,9,+010,1",,"SYN06443083 32997 31401 10308 20184 39559 40072 83040 333 10332 58010="
"43083099999","2023-02-06T03:00:00","4","18.05","78.2666666","472.0","MEDAK, IN","FM-12","99999","V020","140,1,N,0005,1","22000,1,9,N","004000,1,9,9","+0186,1","+0133,1","10119,1",,"0,1,02,1","0,1,02,1",,,"01,1,+99999,9,03,1",,,"9,AGL   ,+99999,+99999","01,99,1,01,1,99,9,99999,9,99,9,99,9","240,M,+0332,1","240,N,+0130,1","99999,9,09583,1","9,9,999,9,-012,1","05,1","SYN08643083 31996 11401 10186 20133 39583 40119 70500 81030 333 10332 20130 59012 555 10000="
"43083099999","2023-02-06T12:00:00","4","18.05","78.2666666","472.0","MEDAK, IN","FM-12","99999","V020","140,1,N,0005,1","22000,1,9,N","010000,1,9,9","+0318,1","+0186,1","10060,1",,,,,,"03,1,+99999,9,03,1",,,"9,AGL   ,+99999,+99999","03,99,1,03,1,99,9,99999,9,99,9,99,9","240,M,+0336,1",,"99999,9,09549,1","9,9,999,9,-010,1",,"SYN06443083 32997 31401 10318 20186 39549 40060 83030 333 10336 59010="
"43083099999","2023-02-07T03:00:00","4","18.05","78.2666666","472.0","MEDAK, IN","FM-12","99999","V020","140,1,N,0005,1","22000,1,9,N","004000,1,9,9","+0214,1","+0165,1","10098,1",,"0,1,02,1","0,1,02,1",,,"01,1,+00800,1,06,1","99,9,+99999,9,03,1",,"9,AGL   ,+99999,+99999","02,99,1,01,1,99,9,00800,1,99,9,99,9","240,M,+0336,1","240,N,+0160,1","99999,9,09569,1","9,9,999,9,-014,1","05,1","SYN08643083 31596 21401 10214 20165 39569 40098 70500 81530 333 10336 20160 59014 555 10000="
"43083099999","2023-02-07T12:00:00","4","18.05","78.2666666","472.0","MEDAK, IN","FM-12","99999","V020","140,1,N,0005,1","22000,1,9,N","010000,1,9,9","+0318,1","+0204,1","10049,1",,,,,,"02,1,+00800,1,06,1","99,9,+99999,9,03,1",,"9,AGL   ,+99999,+99999","04,99,1,02,1,99,9,00800,1,99,9,99,9","240,M,+0338,1",,"99999,9,09538,1","9,9,999,9,-011,1",,"SYN06443083 32597 41401 10318 20204 39538 40049 82530 333 10338 59011="
"43083099999","2023-02-08T03:00:00","4","18.05","78.2666666","472.0","MEDAK, IN","FM-12","99999","V020","140,1,N,0005,1","22000,1,9,N","004000,1,9,9","+0218,1","+0173,1","10103,1",,"0,1,02,1","0,1,02,1",,,"02,1,+99999,9,03,1",,,"9,AGL   ,+99999,+99999","02,99,1,02,1,99,9,99999,9,99,9,99,9","240,M,+0338,1","240,N,+0164,1","99999,9,09574,1","9,9,999,9,+005,1","05,1","SYN08643083 31996 21401 10218 20173 39574 40103 70500 82030 333 10338 20164 58005 555 10000="
"43083099999","2023-02-08T12:00:00","4","18.05","78.2666666","472.0","MEDAK, IN","FM-12","99999","V020","140,1,N,0005,1","22000,1,9,N","010000,1,9,9","+0312,1","+0189,1","10059,1",,,,,,"02,1,+00800,1,06,1","99,9,+99999,9,03,1",,"9,AGL   ,+99999,+99999","04,99,1,02,1,99,9,00800,1,99,9,99,9","240,M,+0336,1",,"99999,9,09548,1","9,9,999,9,+010,1",,"SYN06443083 32597 41401 10312 20189 39548 40059 82530 333 10336 58010="
"43083099999","2023-02-09T03:00:00","4","18.05","78.2666666","472.0","MEDAK, IN","FM-12","99999","V020","140,1,N,0005,1","22000,1,9,N","004000,1,9,9","+0212,1","+0162,1","10114,1",,"0,1,02,1","0,1,02,1",,,"02,1,+99999,9,03,1",,,"9,AGL   ,+99999,+99999","02,99,1,02,1,99,9,99999,9,99,9,99,9","240,M,+0336,1","240,N,+0150,1","99999,9,09583,1","9,9,999,9,+009,1","05,1","SYN08643083 31996 21401 10212 20162 39583 40114 70500 82030 333 10336 20150 58009 555 10000="
"43083099999","2023-02-09T12:00:00","4","18.05","78.2666666","472.0","MEDAK, IN","FM-12","99999","V020","140,1,N,0005,1","22000,1,9,N","010000,1,9,9","+0322,1","+0209,1","10057,1",,,,,,"03,1,+99999,9,03,1",,,"9,AGL   ,+99999,+99999","03,99,1,03,1,99,9,99999,9,99,9,99,9","240,M,+0334,1",,"99999,9,09548,1","9,9,999,9,+000,1",,"SYN06443083 32997 31401 10322 20209 39548 40057 83030 333 10334 58000="
"43083099999","2023-02-10T03:00:00","4","18.05","78.2666666","472.0","MEDAK, IN","FM-12","99999","V020","140,1,N,0005,1","22000,1,9,N","004000,1,9,9","+0188,1","+0136,1","10120,1",,"0,1,02,1","0,1,02,1",,,"01,1,+99999,9,03,1",,,"9,AGL   ,+99999,+99999","01,99,1,01,1,99,9,99999,9,99,9,99,9","240,M,+0334,1","240,N,+0140,1","99999,9,09584,1","9,9,999,9,+001,1","05,1","SYN08643083 31996 11401 10188 20136 39584 40120 70500 81030 333 10334 20140 58001 555 10000="
"43083099999","2023-02-10T12:00:00","4","18.05","78.2666666","472.0","MEDAK, IN","FM-12","99999","V020","140,1,N,0005,1","22000,1,9,N","010000,1,9,9","+0308,1","+0203,1","10072,1",,,,,,"02,1,+00800,1,06,1","99,9,+99999,9,03,1",,"9,AGL   ,+99999,+99999","04,99,1,02,1,99,9,00800,1,99,9,99,9","240,M,+0347,1",,"99999,9,09559,1","9,9,999,9,+011,1",,"SYN06443083 32597 41401 10308 20203 39559 40072 82530 333 10347 58011="
"43083099999","2023-02-11T03:00:00","4","18.05","78.2666666","472.0","MEDAK, IN","FM-12","99999","V020","230,1,N,0005,1","22000,1,9,N","010000,1,9,9","+0176,1","+0134,1","10124,1",,"0,1,02,1","0,1,02,1",,,"01,1,+99999,9,03,1",,,"9,AGL   ,+99999,+99999","01,99,1,01,1,99,9,99999,9,99,9,99,9","240,M,+0346,1","240,N,+0128,1","99999,9,09586,1","9,9,999,9,+002,1","05,1","SYN08643083 32997 12301 10176 20134 39586 40124 70500 81030 333 10346 20128 58002 555 10000="
"43083099999","2023-02-11T12:00:00","4","18.05","78.2666666","472.0","MEDAK, IN","FM-12","99999","V020","140,1,N,0005,1","22000,1,9,N","010000,1,9,9","+0322,1","+0151,1","10074,1",,,,,,"02,1,+99999,9,03,1",,,"9,AGL   ,+99999,+99999","02,99,1,02,1,99,9,99999,9,99,9,99,9","240,M,+0354,1",,"99999,9,09564,1","9,9,999,9,+005,1",,"SYN06443083 32997 21401 10322 20151 39564 40074 82030 333 10354 58005="
"43083099999","2023-02-12T03:00:00","4","18.05","78.2666666","472.0","MEDAK, IN","FM-12","99999","V020","140,1,N,0005,1","22000,1,9,N","004000,1,9,9","+0192,1","+0148,1","10122,1",,"0,1,02,1","0,1,02,1",,,"01,1,+99999,9,03,1",,,"9,AGL   ,+99999,+99999","01,99,1,01,1,99,9,99999,9,99,9,99,9","240,M,+0354,1","240,N,+0134,1","99999,9,09588,1","9,9,999,9,+002,1","05,1","SYN08643083 31996 11401 10192 20148 39588 40122 70500 81030 333 10354 20134 58002 555 10000="
"43083099999","2023-02-12T12:00:00","4","18.05","78.2666666","472.0","MEDAK, IN","FM-12","99999","V020","140,1,N,0005,1","22000,1,9,N","010000,1,9,9","+0326,1","+0169,1","10073,1",,,,,,"02,1,+99999,9,03,1",,,"9,AGL   ,+99999,+99999","02,99,1,02,1,99,9,99999,9,99,9,99,9","240,M,+0358,1",,"99999,9,09563,1","9,9,999,9,-001,1",,"SYN06443083 32997 21401 10326 20169 39563 40073 82030 333 10358 59001="
"43083099999","2023-02-13T03:00:00","4","18.05","78.2666666","472.0","MEDAK, IN","FM-12","99999","V020","140,1,N,0005,1","22000,1,9,N","004000,1,9,9","+0206,1","+0165,1","10121,1",,"0,1,02,1","0,1,02,1",,,"01,1,+99999,9,03,1",,,"9,AGL   ,+99999,+99999","01,99,1,01,1,99,9,99999,9,99,9,99,9","240,M,+0358,1","240,N,+0150,1","99999,9,09589,1","9,9,999,9,+001,1","05,1","SYN08643083 31996 11401 10206 20165 39589 40121 70500 81030 333 10358 20150 58001 555 10000="
"43083099999","2023-02-13T12:00:00","4","18.05","78.2666666","472.0","MEDAK, IN","FM-12","99999","V020","140,1,N,0005,1","22000,1,9,N","010000,1,9,9","+0292,1","+0204,1","10083,1",,,,,,"02,1,+99999,9,03,1",,,"9,AGL   ,+99999,+99999","02,99,1,02,1,99,9,99999,9,99,9,99,9",,,"99999,9,09568,1","9,9,999,9,+005,1",,"SYN06443083 32997 21401 10292 20204 39568 40083 82030 333 10351 58005="
"43083099999","2023-02-14T03:00:00","4","18.05","78.2666666","472.0","MEDAK, IN","FM-12","99999","V020","140,1,N,0005,1","22000,1,9,N","004000,1,9,9","+0172,1","+0137,1","10145,1",,"0,1,02,1","0,1,02,1",,,"01,1,+99999,9,03,1",,,"9,AGL   ,+99999,+99999","01,99,1,01,1,99,9,99999,9,99,9,99,9","240,M,+0351,1","240,N,+0120,1","99999,9,09606,1","9,9,999,9,+017,1","05,1","SYN08643083 31996 11401 10172 20137 39606 40145 70500 81030 333 10351 20120 58017 555 10000="
"43083099999","2023-02-14T12:00:00","4","18.05","78.2666666","472.0","MEDAK, IN","FM-12","99999","V020","140,1,N,0005,1","22000,1,9,N","010000,1,9,9","+0312,1","+0178,1","10075,1",,,,,,"02,1,+99999,9,03,1",,,"9,AGL   ,+99999,+99999","02,99,1,02,1,99,9,99999,9,99,9,99,9",,,"99999,9,09558,1","9,9,999,9,-010,1",,"SYN06443083 32997 21401 10312 20178 39558 40075 82030 333 10332 59010="
"43083099999","2023-02-15T03:00:00","4","18.05","78.2666666","472.0","MEDAK, IN","FM-12","99999","V020","140,1,N,0005,1","22000,1,9,N","004000,1,9,9","+0182,1","+0129,1","10124,1",,"0,1,02,1","0,1,02,1",,,"02,1,+99999,9,03,1",,,"9,AGL   ,+99999,+99999","02,99,1,02,1,99,9,99999,9,99,9,99,9","240,M,+0332,1","240,N,+0113,1","99999,9,09588,1","9,9,999,9,-018,1","05,1","SYN08643083 31996 21401 10182 20129 39588 40124 70500 82030 333 10332 20113 59018 555 10000="
"43083099999","2023-02-15T12:00:00","4","18.05","78.2666666","472.0","MEDAK, IN","FM-12","99999","V020","140,1,N,0005,1","22000,1,9,N","010000,1,9,9","+0332,1","+0165,1","10060,1",,,,,,"02,1,+99999,9,03,1",,,"9,AGL   ,+99999,+99999","02,99,1,02,1,99,9,99999,9,99,9,99,9","240,M,+0346,1",,"99999,9,09553,1","9,9,999,9,-011,1",,"SYN06443083 32997 21401 10332 20165 39553 40060 82030 333 10346 59011="
"43083099999","2023-02-16T03:00:00","4","18.05","78.2666666","472.0","MEDAK, IN","FM-12","99999","V020","140,1,N,0005,1","99999,9,9,N","004000,1,9,9","+0180,1","+0130,1","10125,1",,"0,1,02,1","0,1,02,1",,,"01,1,+00800,1,06,1","99,9,+99999,9,03,1",,"9,AGL   ,+99999,+99999","05,99,1,01,1,99,9,00800,1,99,9,99,9","240,M,+0346,1","240,N,+0118,1","99999,9,09587,1","9,9,999,9,-001,1","05,1","SYN08643083 31596 51401 10180 20130 39587 40125 70500 81530 333 10346 20118 59001 555 10000="
"43083099999","2023-02-16T12:00:00","4","18.05","78.2666666","472.0","MEDAK, IN","FM-12","99999","V020","140,1,N,0005,1","22000,1,9,N","010000,1,9,9","+0322,1","+0202,1","10068,1",,,,,,"02,1,+99999,9,03,1",,,"9,AGL   ,+99999,+99999","02,99,1,02,1,99,9,99999,9,99,9,99,9","240,M,+0342,1",,"99999,9,09558,1","9,9,999,9,+005,1",,"SYN06443083 32997 21401 10322 20202 39558 40068 82030 333 10342 58005="
"43083099999","2023-02-17T03:00:00","4","18.05","78.2666666","472.0","MEDAK, IN","FM-12","99999","V020","140,1,N,0005,1","22000,1,9,N","004000,1,9,9","+0196,1","+0145,1","10125,1",,"0,1,02,1","0,1,02,1",,,"01,1,+99999,9,03,1",,,"9,AGL   ,+99999,+99999","01,99,1,01,1,99,9,99999,9,99,9,99,9","240,M,+0342,1","240,N,+0128,1","99999,9,09591,1","9,9,999,9,+004,1","05,1","SYN08643083 31996 11401 10196 20145 39591 40125 70500 81030 333 10342 20128 58004 555 10000="
"43083099999","2023-02-18T03:00:00","4","18.05","78.2666666","472.0","MEDAK, IN","FM-12","99999","V020","140,1,N,0005,1","22000,1,9,N","004000,1,9,9","+0226,1","+0153,1","10119,1",,"0,1,02,1","0,1,02,1",,,"01,1,+00800,1,06,1","99,9,+99999,9,03,1",,"9,AGL   ,+99999,+99999","02,99,1,01,1,99,9,00800,1,99,9,99,9","240,M,+0348,1","240,N,+0136,1","99999,9,09590,1","9,9,999,9,-001,1","05,1","SYN08643083 31596 21401 10226 20153 39590 40119 70500 81530 333 10348 20136 59001 555 10000="
"43083099999","2023-02-18T12:00:00","4","18.05","78.2666666","472.0","MEDAK, IN","FM-12","99999","V020","140,1,N,0005,1","22000,1,9,N","010000,1,9,9","+0322,1","+0202,1","10069,1",,,,,,"02,1,+99999,9,03,1",,,"9,AGL   ,+99999,+99999","02,99,1,02,1,99,9,99999,9,99,9,99,9","240,M,+0340,1",,"99999,9,09559,1","9,9,999,9,+001,1",,"SYN06443083 32997 21401 10322 20202 39559 40069 82030 333 10340 58001="
"43083099999","2023-02-19T03:00:00","4","18.05","78.2666666","472.0","MEDAK, IN","FM-12","99999","V020","140,1,N,0005,1","22000,1,9,N","004000,1,9,9","+0218,1","+0158,1","10121,1",,"0,1,02,1","0,1,02,1",,,"02,1,+99999,9,03,1",,,"9,AGL   ,+99999,+99999","02,99,1,02,1,99,9,99999,9,99,9,99,9","240,M,+0340,1","240,N,+0150,1","99999,9,09590,1","9,9,999,9,+000,1","05,1","SYN08643083 31996 21401 10218 20158 39590 40121 70500 82030 333 10340 20150 58000 555 10000="
"43083099999","2023-02-19T12:00:00","4","18.05","78.2666666","472.0","MEDAK, IN","FM-12","99999","V020","140,1,N,0005,1","22000,1,9,N","010000,1,9,9","+0316,1","+0212,1","10075,1",,,,,,"02,1,+99999,9,03,1",,,"9,AGL   ,+99999,+99999","02,99,1,02,1,99,9,99999,9,99,9,99,9","240,M,+0333,1",,"99999,9,09563,1","9,9,999,9,+004,1",,"SYN06443083 32997 21401 10316 20212 39563 40075 82030 333 10333 58004="
"43083099999","2023-02-20T03:00:00","4","18.05","78.2666666","472.0","MEDAK, IN","FM-12","99999","V020","140,1,N,0005,1","22000,1,9,N","004000,1,9,9","+0216,1","+0184,1","10124,1",,"0,1,02,1","0,1,02,1",,,"02,1,+00800,1,06,1","99,9,+99999,9,03,1",,"9,AGL   ,+99999,+99999","03,99,1,02,1,99,9,00800,1,99,9,99,9","240,M,+0333,1","240,N,+0154,1","99999,9,09593,1","9,9,999,9,+003,1","05,1","SYN08643083 31596 31401 10216 20184 39593 40124 70500 82530 333 10333 20154 58003 555 10000="
"43083099999","2023-02-20T12:00:00","4","18.05","78.2666666","472.0","MEDAK, IN","FM-12","99999","V020","140,1,N,0005,1","22000,1,9,N","010000,1,9,9","+0328,1","+0198,1","10068,1",,,,,,"02,1,+99999,9,03,1",,,"9,AGL   ,+99999,+99999","02,99,1,02,1,99,9,99999,9,99,9,99,9","240,M,+0346,1",,"99999,9,09558,1","9,9,999,9,-005,1",,"SYN06443083 32997 21401 10328 20198 39558 40068 82030 333 10346 59005="
"43083099999","2023-02-21T03:00:00","4","18.05","78.2666666","472.0","MEDAK, IN","FM-12","99999","V020","140,1,N,0005,1","22000,1,9,N","004000,1,9,9","+0206,1","+0167,1","10125,1",,"0,1,02,1","0,1,02,1",,,"01,1,+00800,1,06,1","99,9,+99999,9,03,1",,"9,AGL   ,+99999,+99999","02,99,1,01,1,99,9,00800,1,99,9,99,9","240,M,+0346,1","240,N,+0148,1","99999,9,09593,1","9,9,999,9,+000,1","05,1","SYN08643083 31596 21401 10206 20167 39593 40125 70500 81530 333 10346 20148 58000 555 10000="
"43083099999","2023-02-21T12:00:00","4","18.05","78.2666666","472.0","MEDAK, IN","FM-12","99999","V020","140,1,N,0005,1","22000,1,9,N","010000,1,9,9","+0354,1","+0202,1","10068,1",,,,,,"02,1,+99999,9,03,1",,,"9,AGL   ,+99999,+99999","02,99,1,02,1,99,9,99999,9,99,9,99,9","240,M,+0368,1",,"99999,9,09563,1","9,9,999,9,+005,1",,"SYN06443083 32997 21401 10354 20202 39563 40068 82030 333 10368 58005="
"43083099999","2023-02-22T03:00:00","4","18.05","78.2666666","472.0","MEDAK, IN","FM-12","99999","V020","140,1,N,0005,1","22000,1,9,N","004000,1,9,9","+0212,1","+0151,1","10120,1",,"0,1,02,1","0,1,02,1",,,"01,1,+99999,9,03,1",,,"9,AGL   ,+99999,+99999","01,99,1,01,1,99,9,99999,9,99,9,99,9","240,M,+0368,1","240,N,+0146,1","99999,9,09589,1","9,9,999,9,-004,1","05,1","SYN08643083 31996 11401 10212 20151 39589 40120 70500 81030 333 10368 20146 59004 555 10000="
"43083099999","2023-02-22T12:00:00","4","18.05","78.2666666","472.0","MEDAK, IN","FM-12","99999","V020","230,1,N,0005,1","22000,1,9,N","010000,1,9,9","+0346,1","+0206,1","10062,1",,,,,,"02,1,+00800,1,06,1","99,9,+99999,9,03,1",,"9,AGL   ,+99999,+99999","04,99,1,02,1,99,9,00800,1,99,9,99,9","240,M,+0362,1",,"99999,9,09555,1","9,9,999,9,-008,1",,"SYN06443083 32597 42301 10346 20206 39555 40062 82530 333 10362 59008="
"43083099999","2023-02-23T03:00:00","4","18.05","78.2666666","472.0","MEDAK, IN","FM-12","99999","V020","230,1,N,0005,1","22000,1,9,N","004000,1,9,9","+0202,1","+0151,1","10115,1",,"0,1,02,1","0,1,02,1",,,"02,1,+99999,9,03,1",,,"9,AGL   ,+99999,+99999","02,99,1,02,1,99,9,99999,9,99,9,99,9","240,M,+0362,1","240,N,+0150,1","99999,9,09583,1","9,9,999,9,-006,1","05,1","SYN08643083 31996 22301 10202 20151 39583 40115 70500 82030 333 10362 20150 59006 555 10000="
"43083099999","2023-02-23T12:00:00","4","18.05","78.2666666","472.0","MEDAK, IN","FM-12","99999","V020","140,1,N,0005,1","22000,1,9,N","010000,1,9,9","+0342,1","+0209,1","10063,1",,,,,,"02,1,+00800,1,06,1","99,9,+99999,9,03,1",,"9,AGL   ,+99999,+99999","04,99,1,02,1,99,9,00800,1,99,9,99,9","240,M,+0356,1",,"99999,9,09556,1","9,9,999,9,+001,1",,"SYN06443083 32597 41401 10342 20209 39556 40063 82530 333 10356 58001="
"43083099999","2023-02-24T03:00:00","4","18.05","78.2666666","472.0","MEDAK, IN","FM-12","99999","V020","230,1,N,0005,1","22000,1,9,N","004000,1,9,9","+0222,1","+0174,1","10121,1",,"0,1,02,1","0,1,02,1",,,"02,1,+99999,9,03,1",,,"9,AGL   ,+99999,+99999","02,99,1,02,1,99,9,99999,9,99,9,99,9","240,M,+0356,1","240,N,+0154,1","99999,9,09592,1","9,9,999,9,+009,1","05,1","SYN08643083 31996 22301 10222 20174 39592 40121 70500 82030 333 10356 20154 58009 555 10000="
"43083099999","2023-02-24T12:00:00","4","18.05","78.2666666","472.0","MEDAK, IN","FM-12","99999","V020","230,1,N,0005,1","22000,1,9,N","010000,1,9,9","+0336,1","+0207,1","10074,1",,,,,,"03,1,+99999,9,03,1",,,"9,AGL   ,+99999,+99999","03,99,1,03,1,99,9,99999,9,99,9,99,9","240,M,+0362,1",,"99999,9,09566,1","9,9,999,9,+010,1",,"SYN06443083 32997 32301 10336 20207 39566 40074 83030 333 10362 58010="
"43083099999","2023-02-25T03:00:00","4","18.05","78.2666666","472.0","MEDAK, IN","FM-12","99999","V020","230,1,N,0005,1","22000,1,9,N","004000,1,9,9","+0222,1","+0136,1","10143,1",,"0,1,02,1","0,1,02,1",,,"01,1,+00800,1,06,1","99,9,+99999,9,03,1",,"9,AGL   ,+99999,+99999","02,99,1,01,1,99,9,00800,1,99,9,99,9","240,M,+0362,1","240,N,+0150,1","99999,9,09613,1","9,9,999,9,+021,1","05,1","SYN08643083 31596 22301 10222 20136 39613 40143 70500 81530 333 10362 20150 58021 555 10000="
"43083099999","2023-02-25T12:00:00","4","18.05","78.2666666","472.0","MEDAK, IN","FM-12","99999","V020","230,1,N,0005,1","22000,1,9,N","010000,1,9,9","+0336,1","+0201,1","10085,1",,,,,,"02,1,+99999,9,03,1",,,"9,AGL   ,+99999,+99999","02,99,1,02,1,99,9,99999,9,99,9,99,9","240,M,+0362,1",,"99999,9,09576,1","9,9,999,9,+010,1",,"SYN06443083 32997 22301 10336 20201 39576 40085 82030 333 10362 58010="
"43083099999","2023-02-26T03:00:00","4","18.05","78.2666666","472.0","MEDAK, IN","FM-12","99999","V020","140,1,N,0005,1","22000,1,9,N","004000,1,9,9","+0212,1","+0151,1","10148,1",,"0,1,02,1","0,1,02,1",,,"01,1,+99999,9,03,1",,,"9,AGL   ,+99999,+99999","01,99,1,01,1,99,9,99999,9,99,9,99,9","240,M,+0362,1","240,N,+0140,1","99999,9,09615,1","9,9,999,9,+002,1","05,1","SYN08643083 31996 11401 10212 20151 39615 40148 70500 81030 333 10362 20140 58002 555 10000="
"43083099999","2023-02-26T12:00:00","4","18.05","78.2666666","472.0","MEDAK, IN","FM-12","99999","V020","230,1,N,0005,1","22000,1,9,N","010000,1,9,9","+0330,1","+0197,1","10092,1",,,,,,"02,1,+99999,9,03,1",,,"9,AGL   ,+99999,+99999","02,99,1,02,1,99,9,99999,9,99,9,99,9","240,M,+0360,1",,"99999,9,09581,1","9,9,999,9,+005,1",,"SYN06443083 32997 22301 10330 20197 39581 40092 82030 333 10360 58005="
"43083099999","2023-02-27T03:00:00","4","18.05","78.2666666","472.0","MEDAK, IN","FM-12","99999","V020","230,1,N,0005,1","22000,1,9,N","004000,1,9,9","+0212,1","+0162,1","10156,1",,"0,1,02,1","0,1,02,1",,,"01,1,+00800,1,06,1","99,9,+99999,9,03,1",,"9,AGL   ,+99999,+99999","02,99,1,01,1,99,9,00800,1,99,9,99,9","240,M,+0360,1","240,N,+0153,1","99999,9,09623,1","9,9,999,9,+008,1","05,1","SYN08643083 31596 22301 10212 20162 39623 40156 70500 81530 333 10360 20153 58008 555 10000="
"43083099999","2023-02-27T12:00:00","4","18.05","78.2666666","472.0","MEDAK, IN","FM-12","99999","V020","230,1,N,0005,1","22000,1,9,N","010000,1,9,9","+0342,1","+0209,1","10102,1",,,,,,"02,1,+99999,9,03,1",,,"9,AGL   ,+99999,+99999","02,99,1,02,1,99,9,99999,9,99,9,99,9","240,M,+0368,1",,"99999,9,09593,1","9,9,999,9,+012,1",,"SYN06443083 32997 22301 10342 20209 39593 40102 82030 333 10368 58012="
"43083099999","2023-02-28T03:00:00","4","18.05","78.2666666","472.0","MEDAK, IN","FM-12","99999","V020","230,1,N,0005,1","22000,1,9,N","004000,1,9,9","+0214,1","+0157,1","10150,1",,"0,1,02,1","0,1,02,1",,,"01,1,+99999,9,06,1","99,9,+99999,9,03,1",,"9,AGL   ,+99999,+99999","02,99,1,01,1,99,9,99999,9,99,9,99,9","240,M,+0368,1","240,N,+0158,1","99999,9,09615,1","9,9,999,9,-006,1","05,1","SYN08643083 31996 22301 10214 20157 39615 40150 70500 81530 333 10368 20158 59006 555 10000="
"43083099999","2023-02-28T12:00:00","4","18.05","78.2666666","472.0","MEDAK, IN","FM-12","99999","V020","230,1,N,0005,1","22000,1,9,N","010000,1,9,9","+0338,1","+0193,1","10105,1",,,,,,"02,1,+99999,9,03,1",,,"9,AGL   ,+99999,+99999","02,99,1,02,1,99,9,99999,9,99,9,99,9","240,M,+0363,1",,"99999,9,09595,1","9,9,999,9,+002,1",,"SYN06443083 32997 22301 10338 20193 39595 40105 82030 333 10363 58002="
"43083099999","2023-03-01T03:00:00","4","18.05","78.2666666","472.0","MEDAK, IN","FM-12","99999","V020","230,1,N,0005,1","22000,1,9,N","004000,1,9,9","+0220,1","+0134,1","10156,1",,"0,1,02,1","0,1,02,1",,,"01,1,+99999,9,03,1",,,"9,AGL   ,+99999,+99999","01,99,1,01,1,99,9,99999,9,99,9,99,9","240,M,+0363,1","240,N,+0180,1","99999,9,09621,1","9,9,999,9,+005,1","05,1","SYN08643083 31996 12301 10220 20134 39621 40156 70500 81030 333 10363 20180 58005 555 10000="
"43083099999","2023-03-01T12:00:00","4","18.05","78.2666666","472.0","MEDAK, IN","FM-12","99999","V020","230,1,N,0005,1","22000,1,9,N","010000,1,9,9","+0346,1","+0142,1","10109,1",,,,,,"02,1,+99999,9,03,1",,,"9,AGL   ,+99999,+99999","02,99,1,02,1,99,9,99999,9,99,9,99,9","240,M,+0365,1",,"99999,9,09598,1","9,9,999,9,+003,1",,"SYN06443083 32997 22301 10346 20142 39598 40109 82030 333 10365 58003="
"43083099999","2023-03-02T03:00:00","4","18.05","78.2666666","472.0","MEDAK, IN","FM-12","99999","V020","230,1,N,0005,1","22000,1,9,N","004000,1,9,9","+0232,1","+0163,1","10158,1",,"0,1,02,1","0,1,02,1",,,"01,1,+99999,9,03,1",,,"9,AGL   ,+99999,+99999","01,99,1,01,1,99,9,99999,9,99,9,99,9","240,M,+0365,1","240,N,+0188,1","99999,9,09629,1","9,9,999,9,+008,1","05,1","SYN08643083 31996 12301 10232 20163 39629 40158 70500 81030 333 10365 20188 58008 555 10000="
"43083099999","2023-03-02T12:00:00","4","18.05","78.2666666","472.0","MEDAK, IN","FM-12","99999","V020","230,1,N,0005,1","22000,1,9,N","010000,1,9,9","+0324,1","+0131,1","10111,1",,,,,,"01,1,+99999,9,03,1",,,"9,AGL   ,+99999,+99999","01,99,1,01,1,99,9,99999,9,99,9,99,9","240,M,+0354,1",,"99999,9,09599,1","9,9,999,9,+001,1",,"SYN06443083 32997 12301 10324 20131 39599 40111 81030 333 10354 58001="
"43083099999","2023-03-03T12:00:00","4","18.05","78.2666666","472.0","MEDAK, IN","FM-12","99999","V020","140,1,N,0005,1","22000,1,9,N","010000,1,9,9","+0340,1","+0131,1","10107,1",,,,,,"01,1,+99999,9,03,1",,,"9,AGL   ,+99999,+99999","01,99,1,01,1,99,9,99999,9,99,9,99,9","240,M,+0358,1",,"99999,9,09597,1","9,9,999,9,-002,1",,"SYN06443083 32997 11401 10340 20131 39597 40107 81030 333 10358 59002="
"43083099999","2023-03-04T03:00:00","4","18.05","78.2666666","472.0","MEDAK, IN","FM-12","99999","V020","140,1,N,0005,1","22000,1,9,N","004000,1,9,9","+0250,1","+0162,1","10162,1",,"0,1,02,1","0,1,02,1",,,"01,1,+99999,9,03,1",,,"9,AGL   ,+99999,+99999","01,99,1,01,1,99,9,99999,9,99,9,99,9","240,M,+0358,1","240,N,+0190,1","99999,9,09634,1","9,9,999,9,+000,1","05,1","SYN08643083 31996 11401 10250 20162 39634 40162 70500 81030 333 10358 20190 58000 555 10000="
"43083099999","2023-03-04T12:00:00","4","18.05","78.2666666","472.0","MEDAK, IN","FM-12","99999","V020","140,1,N,0005,1","22000,1,9,N","010000,1,9,9","+0348,1","+0154,1","10100,1",,,,,,"01,1,+99999,9,03,1",,,"9,AGL   ,+99999,+99999","01,99,1,01,1,99,9,99999,9,99,9,99,9","240,M,+0362,1",,"99999,9,09592,1","9,9,999,9,-005,1",,"SYN06443083 32997 11401 10348 20154 39592 40100 81030 333 10362 59005="
"43083099999","2023-03-05T03:00:00","4","18.05","78.2666666","472.0","MEDAK, IN","FM-12","99999","V020","140,1,N,0005,1","22000,1,9,N","004000,1,9,9","+0234,1","+0162,1","10159,1",,"0,1,02,1","0,1,02,1",,,"01,1,+99999,9,03,1",,,"9,AGL   ,+99999,+99999","01,99,1,01,1,99,9,99999,9,99,9,99,9","240,M,+0362,1","240,N,+0186,1","99999,9,09630,1","9,9,999,9,-004,1","05,1","SYN08643083 31996 11401 10234 20162 39630 40159 70500 81030 333 10362 20186 59004 555 10000="
"43083099999","2023-03-05T12:00:00","4","18.05","78.2666666","472.0","MEDAK, IN","FM-12","99999","V020","140,1,N,0005,1","22000,1,9,N","010000,1,9,9","+0328,1","+0146,1","10097,1",,,,,,"01,1,+99999,9,03,1",,,"9,AGL   ,+99999,+99999","01,99,1,01,1,99,9,99999,9,99,9,99,9","240,M,+0352,1",,"99999,9,09586,1","9,9,999,9,-006,1",,"SYN06443083 32997 11401 10328 20146 39586 40097 81030 333 10352 59006="
"43083099999","2023-03-06T03:00:00","4","18.05","78.2666666","472.0","MEDAK, IN","FM-12","99999","V020","140,1,N,0005,1","22000,1,9,N","004000,1,9,9","+0224,1","+0154,1","10144,1",,"0,1,02,1","0,1,02,1",,,"01,1,+99999,9,03,1",,,"9,AGL   ,+99999,+99999","01,99,1,01,1,99,9,99999,9,99,9,99,9","240,M,+0352,1","240,N,+0182,1","99999,9,09632,1","9,9,999,9,+002,1","05,1","SYN08643083 31996 11401 10224 20154 39632 40144 70500 81030 333 10352 20182 58002 555 10000="
"43083099999","2023-03-06T12:00:00","4","18.05","78.2666666","472.0","MEDAK, IN","FM-12","99999","V020","140,1,N,0005,1","22000,1,9,N","010000,1,9,9","+0324,1","+0154,1","10076,1",,,,,,"01,1,+99999,9,03,1",,,"9,AGL   ,+99999,+99999","01,99,1,01,1,99,9,99999,9,99,9,99,9","240,M,+0324,1",,"99999,9,09566,1","9,9,999,9,-020,1",,"SYN06443083 32997 11401 10324 20154 39566 40076 81030 333 10324 59020="
"43083099999","2023-03-07T03:00:00","4","18.05","78.2666666","472.0","MEDAK, IN","FM-12","99999","V020","140,1,N,0005,1","99999,9,9,N","004000,1,9,9","+0228,1","+0162,1","10140,1",,"2,1,02,1","2,1,02,1",,,"03,1,+00800,1,06,1","99,9,+99999,9,03,1",,"9,AGL   ,+99999,+99999","06,99,1,03,1,99,9,00800,1,99,9,99,9","240,M,+0344,1","240,N,+0160,1","99999,9,09610,1","9,9,999,9,-022,1","05,1","SYN08643083 31596 61401 10228 20162 39610 40140 70522 83560 333 10344 20160 59022 555 10000="
"43083099999","2023-03-07T12:00:00","4","18.05","78.2666666","472.0","MEDAK, IN","FM-12","99999","V020","230,1,N,0010,1","99999,9,9,N","010000,1,9,9","+0296,1","+0188,1","10088,1",,,,,,"02,1,+99999,9,06,1","99,9,+99999,9,03,1",,"9,AGL   ,+99999,+99999","05,99,1,02,1,99,9,99999,9,99,9,99,9","240,M,+0316,1",,"99999,9,09573,1","9,9,999,9,+007,1",,"SYN06443083 32997 52302 10296 20188 39573 40088 82560 333 10316 58007="
"43083099999","2023-03-08T03:00:00","4","18.05","78.2666666","472.0","MEDAK, IN","FM-12","99999","V020","230,1,N,0005,1","22000,1,9,N","004000,1,9,9","+0216,1","+0160,1","10145,1",,"2,1,02,1","2,1,02,1",,,"02,1,+00800,1,06,1","99,9,+99999,9,03,1",,"9,AGL   ,+99999,+99999","04,99,1,02,1,99,9,00800,1,99,9,99,9","240,M,+0316,1","240,N,+0150,1","99999,9,09613,1","9,9,999,9,+003,1","05,1","SYN08643083 31596 42301 10216 20160 39613 40145 70522 82530 333 10316 20150 58003 555 10000="
"43083099999","2023-03-08T12:00:00","4","18.05","78.2666666","472.0","MEDAK, IN","FM-12","99999","V020","140,1,N,0005,1","22000,1,9,N","010000,1,9,9","+0316,1","+0194,1","10089,1",,,,,,"03,1,+99999,9,03,1",,,"9,AGL   ,+99999,+99999","03,99,1,03,1,99,9,99999,9,99,9,99,9","240,M,+0336,1",,"99999,9,09576,1","9,9,999,9,+003,1",,"SYN06443083 32997 31401 10316 20194 39576 40089 83030 333 10336 58003="
"43083099999","2023-03-09T03:00:00","4","18.05","78.2666666","472.0","MEDAK, IN","FM-12","99999","V020","140,1,N,0005,1","22000,1,9,N","004000,1,9,9","+0226,1","+0171,1","10131,1",,"0,1,02,1","0,1,02,1",,,"02,1,+00800,1,06,1","99,9,+99999,9,03,1",,"9,AGL   ,+99999,+99999","04,99,1,02,1,99,9,00800,1,99,9,99,9","240,M,+0336,1","240,N,+0161,1","99999,9,09601,1","9,9,999,9,-012,1","05,1","SYN08643083 31596 41401 10226 20171 39601 40131 70500 82530 333 10336 20161 59012 555 10000="
"43083099999","2023-03-09T12:00:00","4","18.05","78.2666666","472.0","MEDAK, IN","FM-12","99999","V020","140,1,N,0005,1","22000,1,9,N","010000,1,9,9","+0326,1","+0200,1","10075,1",,,,,,"03,1,+99999,9,03,1",,,"9,AGL   ,+99999,+99999","03,99,1,03,1,99,9,99999,9,99,9,99,9","240,M,+0346,1",,"99999,9,09565,1","9,9,999,9,-011,1",,"SYN06443083 32997 31401 10326 20200 39565 40075 83060 333 10346 59011="
"43083099999","2023-03-10T03:00:00","4","18.05","78.2666666","472.0","MEDAK, IN","FM-12","99999","V020","230,1,N,0005,1","22000,1,9,N","004000,1,9,9","+0222,1","+0163,1","10133,1",,"0,1,02,1","0,1,02,1",,,"03,1,+99999,9,03,1",,,"9,AGL   ,+99999,+99999","03,99,1,03,1,99,9,99999,9,99,9,99,9","240,M,+0346,1","240,N,+0162,1","99999,9,09603,1","9,9,999,9,+002,1","05,1","SYN08643083 31996 32301 10222 20163 39603 40133 70500 83060 333 10346 20162 58002 555 10000="
"43083099999","2023-03-10T12:00:00","4","18.05","78.2666666","472.0","MEDAK, IN","FM-12","99999","V020","230,1,N,0005,1","22000,1,9,N","010000,1,9,9","+0332,1","+0200,1","10063,1",,,,,,"04,1,+99999,9,03,1",,,"9,AGL   ,+99999,+99999","04,99,1,04,1,99,9,99999,9,99,9,99,9","240,M,+0348,1",,"99999,9,09555,1","9,9,999,9,-010,1",,"SYN06443083 32997 42301 10332 20200 39555 40063 84060 333 10348 59010="
"43083099999","2023-03-11T03:00:00","4","18.05","78.2666666","472.0","MEDAK, IN","FM-12","99999","V020","230,1,N,0005,1","22000,1,9,N","010000,1,9,9","+0236,1","+0182,1","10135,1",,,,,,"02,1,+00800,1,06,1","99,9,+99999,9,03,1",,"9,AGL   ,+99999,+99999","04,99,1,02,1,99,9,00800,1,99,9,99,9","240,M,+0348,1","240,N,+0180,1","99999,9,09607,1","9,9,999,9,+004,1",,"SYN08043083 32597 42301 10236 20182 39607 40135 82530 333 10348 20180 58004 555 10000="
"43083099999","2023-03-12T03:00:00","4","18.05","78.2666666","472.0","MEDAK, IN","FM-12","99999","V020","230,1,N,0005,1","99999,9,9,N","004000,1,9,9","+0246,1","+0200,1","10133,1",,"2,1,02,1","2,1,02,1",,,"02,1,+00800,1,06,1","99,9,+99999,9,03,1",,"9,AGL   ,+99999,+99999","05,99,1,02,1,99,9,00800,1,99,9,99,9","240,M,+0346,1","240,N,+0184,1","99999,9,09607,1","9,9,999,9,+000,1","05,1","SYN08643083 31596 52301 10246 20200 39607 40133 70522 82530 333 10346 20184 58000 555 10000="
"43083099999","2023-03-12T12:00:00","4","18.05","78.2666666","472.0","MEDAK, IN","FM-12","99999","V020","140,1,N,0005,1","99999,9,9,N","010000,1,9,9","+0326,1","+0217,1","10088,1",,,,,,"03,1,+00800,1,06,1","99,9,+99999,9,03,1",,"9,AGL   ,+99999,+99999","05,99,1,03,1,99,9,00800,1,99,9,99,9","240,M,+0353,1",,"99999,9,09577,1","9,9,999,9,+002,1",,"SYN06443083 32597 51401 10326 20217 39577 40088 83530 333 10353 58002="
"43083099999","2023-03-13T03:00:00","4","18.05","78.2666666","472.0","MEDAK, IN","FM-12","99999","V020","230,1,N,0005,1","99999,9,9,N","010000,1,9,9","+0236,1","+0171,1","10117,1",,,,,,"03,1,+00800,1,06,1","99,9,+99999,9,03,1",,"9,AGL   ,+99999,+99999","05,99,1,03,1,99,9,00800,1,99,9,99,9","240,M,+0353,1","240,N,+0175,1","99999,9,09590,1","9,9,999,9,-017,1",,"SYN08043083 32597 52301 10236 20171 39590 40117 83560 333 10353 20175 59017 555 10000="
"43083099999","2023-03-13T12:00:00","4","18.05","78.2666666","472.0","MEDAK, IN","FM-12","99999","V020","140,1,N,0005,1","22000,1,9,N","010000,1,9,9","+0332,1","+0221,1","10052,1",,,,,,"02,1,+00800,1,06,1","99,9,+99999,9,03,1",,"9,AGL   ,+99999,+99999","04,99,1,02,1,99,9,00800,1,99,9,99,9","240,M,+0358,1",,"99999,9,09545,1","9,9,999,9,-032,1",,"SYN06443083 32597 41401 10332 20221 39545 40052 82530 333 10358 59032="
"43083099999","2023-03-14T03:00:00","4","18.05","78.2666666","472.0","MEDAK, IN","FM-12","99999","V020","140,1,N,0005,1","22000,1,9,N","004000,1,9,9","+0226,1","+0153,1","10099,1",,"0,1,02,1","0,1,02,1",,,"02,1,+99999,9,03,1",,,"9,AGL   ,+99999,+99999","02,99,1,02,1,99,9,99999,9,99,9,99,9","240,M,+0358,1","240,N,+0160,1","99999,9,09571,1","9,9,999,9,-019,1","05,1","SYN08643083 31996 21401 10226 20153 39571 40099 70500 82030 333 10358 20160 59019 555 10000="
"43083099999","2023-03-14T12:00:00","4","18.05","78.2666666","472.0","MEDAK, IN","FM-12","99999","V020","140,1,N,0005,1","99999,9,9,N","010000,1,9,9","+0326,1","+0217,1","10032,1",,,,,,"03,1,+00800,1,08,1","99,9,+99999,9,03,1",,"9,AGL   ,+99999,+99999","06,99,1,03,1,99,9,00800,1,99,9,99,9","240,M,+0358,1",,"99999,9,09524,1","9,9,999,9,-021,1",,"SYN06443083 32597 61401 10326 20217 39524 40032 83160 333 10358 59021="
"43083099999","2023-03-15T03:00:00","4","18.05","78.2666666","472.0","MEDAK, IN","FM-12","99999","V020","230,1,N,0005,1","22000,1,9,N","004000,1,9,9","+0232,1","+0167,1","10090,1",,"0,1,02,1","0,1,02,1",,,"03,1,+99999,9,03,1",,,"9,AGL   ,+99999,+99999","03,99,1,03,1,99,9,99999,9,99,9,99,9","240,M,+0358,1","240,N,+0170,1","99999,9,09564,1","9,9,999,9,-007,1","05,1","SYN08643083 31996 32301 10232 20167 39564 40090 70500 83030 333 10358 20170 59007 555 10000="
"43083099999","2023-03-15T12:00:00","4","18.05","78.2666666","472.0","MEDAK, IN","FM-12","99999","V020","230,1,N,0005,1","99999,9,9,N","010000,1,9,9","+0332,1","+0203,1","10026,1",,,,,,"04,1,+00800,1,08,1","99,9,+99999,9,03,1",,"9,AGL   ,+99999,+99999","07,99,1,04,1,99,9,00800,1,99,9,99,9","240,M,+0352,1",,"99999,9,09520,1","9,9,999,9,-004,1",,"SYN06443083 32597 72301 10332 20203 39520 40026 84160 333 10352 59004="
"43083099999","2023-03-16T03:00:00","4","18.05","78.2666666","472.0","MEDAK, IN","FM-12","99999","V020","230,1,N,0005,1","99999,9,9,N","004000,1,9,9","+0238,1","+0170,1","10100,1",,"2,1,02,1","2,1,02,1",,,"02,1,+00800,1,06,1","99,9,+99999,9,03,1",,"9,AGL   ,+99999,+99999","05,99,1,02,1,99,9,00800,1,99,9,99,9","240,M,+0352,1","240,N,+0193,1","99999,9,09574,1","9,9,999,9,+010,1","05,1","SYN08643083 31596 52301 10238 20170 39574 40100 70522 82530 333 10352 20193 58010 555 10000="
"43083099999","2023-03-16T12:00:00","4","18.05","78.2666666","472.0","MEDAK, IN","FM-12","99999","V020","230,1,N,0005,1","99999,9,9,N","010000,1,9,9","+0242,1","+0218,1","10068,1",,,,,,"03,1,+00800,1,06,1","99,9,+99999,9,03,1",,"9,AGL   ,+99999,+99999","07,99,1,03,1,99,9,00800,1,99,9,99,9","240,M,+0321,1",,"99999,9,09545,1","9,9,999,9,+025,1",,"SYN06443083 32597 72301 10242 20218 39545 40068 83460 333 10321 58025="
"43083099999","2023-03-17T03:00:00","4","18.05","78.2666666","472.0","MEDAK, IN","FM-12","99999","V020","230,1,N,0005,1","99999,9,9,N","004000,1,9,9","+0216,1","+0194,1","10110,1","24,0060,3,1","2,1,02,1","2,1,02,1",,,"08,1,+00800,1,07,1",,,"9,AGL   ,+99999,+99999","08,99,1,08,1,99,9,00800,1,99,9,99,9","240,M,+0321,1","240,N,+0183,1","99999,9,09579,1","9,9,999,9,+005,1","05,1","SYN09843083 21596 82301 10216 20194 39579 40110 70522 88700 333 10321 20183 58005 6006/ 555 00060 10006="
"43083099999","2023-03-17T12:00:00","4","18.05","78.2666666","472.0","MEDAK, IN","FM-12","99999","V020","230,1,N,0005,1","99999,9,9,N","010000,1,9,9","+0282,1","+0178,1","10052,1",,,,,,"06,1,+00800,1,07,1","99,9,+99999,9,03,1",,"9,AGL   ,+99999,+99999","08,99,1,06,1,99,9,00800,1,99,9,99,9","240,M,+0292,1",,"99999,9,09536,1","9,9,999,9,-009,1",,"SYN06443083 32597 82301 10282 20178 39536 40052 86760 333 10292 59009="
"43083099999","2023-03-18T03:00:00","4","18.05","78.2666666","472.0","MEDAK, IN","FM-12","99999","V020","230,1,N,0005,1","99999,9,9,N","010000,1,9,9","+0232,1","+0201,1","10093,1","24,0010,3,1",,,,,"03,1,+00800,1,08,1","99,9,+99999,9,03,1",,"9,AGL   ,+99999,+99999","07,99,1,03,1,99,9,00800,1,99,9,99,9","240,M,+0292,1","240,N,+0188,1","99999,9,09569,1","9,9,999,9,-010,1",,"SYN09243083 22597 72301 10232 20201 39569 40093 83160 333 10292 20188 59010 6001/ 555 00010 10007="
"43083099999","2023-03-18T12:00:00","4","18.05","78.2666666","472.0","MEDAK, IN","FM-12","99999","V020","230,1,N,0005,1","99999,9,9,N","010000,1,9,9","+0286,1","+0211,1","10056,1",,,,,,"04,1,+00800,1,07,1","99,9,+99999,9,03,1",,"9,AGL   ,+99999,+99999","08,99,1,04,1,99,9,00800,1,99,9,99,9","240,M,+0318,1",,"99999,9,09540,1","9,9,999,9,+004,1",,"SYN06443083 32597 82301 10286 20211 39540 40056 84760 333 10318 58004="
"43083099999","2023-03-19T03:00:00","4","18.05","78.2666666","472.0","MEDAK, IN","FM-12","99999","V020","230,1,N,0010,1","22000,1,9,N","010000,1,9,9","+0206,1","+0200,1","10094,1","24,0600,3,1",,,,,"02,1,+00800,1,06,1","99,9,+99999,9,03,1",,"9,AGL   ,+99999,+99999","04,99,1,02,1,99,9,00800,1,99,9,99,9","240,M,+0318,1","240,N,+0160,1","99999,9,09563,1","9,9,999,9,-006,1",,"SYN09243083 22597 42302 10206 20200 39563 40094 82530 333 10318 20160 59006 6060/ 555 00600 10067="
"43083099999","2023-03-19T12:00:00","4","18.05","78.2666666","472.0","MEDAK, IN","FM-12","99999","V020","230,1,N,0005,1","99999,9,9,N","010000,1,9,9","+0302,1","+0229,1","10044,1",,,,,,"03,1,+00800,1,06,1","99,9,+99999,9,03,1",,"9,AGL   ,+99999,+99999","05,99,1,03,1,99,9,00800,1,99,9,99,9","240,M,+0306,1",,"99999,9,09533,1","9,9,999,9,-007,1",,"SYN06443083 32597 52301 10302 20229 39533 40044 83530 333 10306 59007="
"43083099999","2023-03-20T03:00:00","4","18.05","78.2666666","472.0","MEDAK, IN","FM-12","99999","V020","230,1,N,0005,1","22000,1,9,N","004000,1,9,9","+0238,1","+0198,1","10075,1",,"0,1,02,1","0,1,02,1",,,"03,1,+99999,9,03,1",,,"9,AGL   ,+99999,+99999","03,99,1,03,1,99,9,99999,9,99,9,99,9","240,M,+0306,1","240,N,+0188,1","99999,9,09550,1","9,9,999,9,-013,1","05,1","SYN08643083 31996 32301 10238 20198 39550 40075 70500 83030 333 10306 20188 59013 555 10067="
"43083099999","2023-03-20T12:00:00","4","18.05","78.2666666","472.0","MEDAK, IN","FM-12","99999","V020","230,1,N,0005,1","22000,1,9,N","010000,1,9,9","+0312,1","+0207,1","10043,1",,,,,,"04,1,+99999,9,03,1",,,"9,AGL   ,+99999,+99999","04,99,1,04,1,99,9,99999,9,99,9,99,9","240,M,+0335,1",,"99999,9,09533,1","9,9,999,9,+000,1",,"SYN06443083 32997 42301 10312 20207 39533 40043 84030 333 10335 58000="
"43083099999","2023-03-21T03:00:00","4","18.05","78.2666666","472.0","MEDAK, IN","FM-12","99999","V020","230,1,N,0005,1","22000,1,9,N","010000,1,9,9","+0232,1","+0185,1","10066,1",,,,,,"02,1,+99999,9,03,1",,,"9,AGL   ,+99999,+99999","02,99,1,02,1,99,9,99999,9,99,9,99,9","240,M,+0335,1","240,N,+0168,1","99999,9,09541,1","9,9,999,9,-009,1",,"SYN08043083 32997 22301 10232 20185 39541 40066 82030 333 10335 20168 59009 555 10067="
"43083099999","2023-03-21T12:00:00","4","18.05","78.2666666","472.0","MEDAK, IN","FM-12","99999","V020","140,1,N,0005,1","22000,1,9,N","010000,1,9,9","+0302,1","+0213,1","10034,1",,,,,,"02,1,+00800,1,06,1","99,9,+99999,9,03,1",,"9,AGL   ,+99999,+99999","04,99,1,02,1,99,9,00800,1,99,9,99,9","240,M,+0330,1",,"99999,9,09523,1","9,9,999,9,-010,1",,"SYN06443083 32597 41401 10302 20213 39523 40034 82530 333 10330 59010="
"43083099999","2023-03-22T03:00:00","4","18.05","78.2666666","472.0","MEDAK, IN","FM-12","99999","V020","230,1,N,0005,1","22000,1,9,N","010000,1,9,9","+0238,1","+0204,1","10075,1",,,,,,"03,1,+99999,9,03,1",,,"9,AGL   ,+99999,+99999","03,99,1,03,1,99,9,99999,9,99,9,99,9","240,M,+0330,1","240,N,+0183,1","99999,9,09550,1","9,9,999,9,+009,1",,"SYN08043083 32997 32301 10238 20204 39550 40075 83030 333 10330 20183 58009 555 10067="
"43083099999","2023-03-22T12:00:00","4","18.05","78.2666666","472.0","MEDAK, IN","FM-12","99999","V020","140,1,N,0005,1","22000,1,9,N","010000,1,9,9","+0306,1","+0217,1","10038,1",,,,,,"04,1,+99999,9,03,1",,,"9,AGL   ,+99999,+99999","04,99,1,04,1,99,9,99999,9,99,9,99,9","240,M,+0336,1",,"99999,9,09527,1","9,9,999,9,+004,1",,"SYN06443083 32997 41401 10306 20217 39527 40038 84030 333 10336 58004="
"43083099999","2023-03-23T03:00:00","4","18.05","78.2666666","472.0","MEDAK, IN","FM-12","99999","V020","230,1,N,0005,1","22000,1,9,N","010000,1,9,9","+0252,1","+0196,1","10070,1",,,,,,"02,1,+99999,9,03,1",,,"9,AGL   ,+99999,+99999","02,99,1,02,1,99,9,99999,9,99,9,99,9","240,M,+0336,1","240,N,+0188,1","99999,9,09549,1","9,9,999,9,-001,1",,"SYN08043083 32997 22301 10252 20196 39549 40070 82030 333 10336 20188 59001 555 10067="
"43083099999","2023-03-23T12:00:00","4","18.05","78.2666666","472.0","MEDAK, IN","FM-12","99999","V020","140,1,N,0005,1","22000,1,9,N","010000,1,9,9","+0324,1","+0225,1","10033,1",,,,,,"03,1,+99999,9,03,1",,,"9,AGL   ,+99999,+99999","03,99,1,03,1,99,9,99999,9,99,9,99,9","240,M,+0344,1",,"99999,9,09525,1","9,9,999,9,-002,1",,"SYN06443083 32997 31401 10324 20225 39525 40033 83040 333 10344 59002="
"43083099999","2023-03-24T03:00:00","4","18.05","78.2666666","472.0","MEDAK, IN","FM-12","99999","V020","140,1,N,0005,1","22000,1,9,N","010000,1,9,9","+0256,1","+0211,1","10072,1",,,,,,"02,1,+99999,9,03,1",,,"9,AGL   ,+99999,+99999","02,99,1,02,1,99,9,99999,9,99,9,99,9","240,M,+0344,1","240,N,+0193,1","99999,9,09551,1","9,9,999,9,+002,1",,"SYN08043083 32997 21401 10256 20211 39551 40072 82030 333 10344 20193 58002 555 10067="
"43083099999","2023-03-24T12:00:00","4","18.05","78.2666666","472.0","MEDAK, IN","FM-12","99999","V020","140,1,N,0005,1","22000,1,9,N","010000,1,9,9","+0342,1","+0216,1","10038,1",,,,,,"03,1,+99999,9,03,1",,,"9,AGL   ,+99999,+99999","03,99,1,03,1,99,9,99999,9,99,9,99,9","240,M,+0362,1",,"99999,9,09534,1","9,9,999,9,+009,1",,"SYN06443083 32997 31401 10342 20216 39534 40038 83030 333 10362 58009="
"43083099999","2023-03-25T03:00:00","4","18.05","78.2666666","472.0","MEDAK, IN","FM-12","99999","V020","230,1,N,0005,1","22000,1,9,N","010000,1,9,9","+0256,1","+0226,1","10075,1",,,,,,"02,1,+00800,1,06,1","99,9,+99999,9,03,1",,"9,AGL   ,+99999,+99999","04,99,1,02,1,99,9,00800,1,99,9,99,9","240,M,+0362,1","240,N,+0214,1","99999,9,09554,1","9,9,999,9,+003,1",,"SYN08043083 32597 42301 10256 20226 39554 40075 82530 333 10362 20214 58003 555 10067="
"43083099999","2023-03-25T12:00:00","4","18.05","78.2666666","472.0","MEDAK, IN","FM-12","99999","V020","230,1,N,0010,1","99999,9,9,N","010000,1,9,9","+0318,1","+0231,1","10050,1",,,,,,"03,1,+00800,1,08,1","99,9,+99999,9,03,1",,"9,AGL   ,+99999,+99999","06,99,1,03,1,99,9,00800,1,99,9,99,9","240,M,+0358,1",,"99999,9,09539,1","9,9,999,9,+005,1",,"SYN06443083 32597 62302 10318 20231 39539 40050 83160 333 10358 58005="
"43083099999","2023-03-26T03:00:00","4","18.05","78.2666666","472.0","MEDAK, IN","FM-12","99999","V020","230,1,N,0005,1","22000,1,9,N","010000,1,9,9","+0256,1","+0217,1","10070,1","24,0020,3,1",,,,,"01,1,+00800,1,06,1","99,9,+99999,9,03,1",,"9,AGL   ,+99999,+99999","03,99,1,01,1,99,9,00800,1,99,9,99,9","240,M,+0358,1","240,N,+0210,1","99999,9,09549,1","9,9,999,9,-005,1",,"SYN09243083 22597 32301 10256 20217 39549 40070 81530 333 10358 20210 59005 6002/ 555 00020 10069="
"43083099999","2023-03-26T12:00:00","4","18.05","78.2666666","472.0","MEDAK, IN","FM-12","99999","V020","140,1,N,0005,1","22000,1,9,N","010000,1,9,9","+0352,1","+0238,1","10037,1",,,,,,"02,1,+99999,9,03,1",,,"9,AGL   ,+99999,+99999","02,99,1,02,1,99,9,99999,9,99,9,99,9","240,M,+0366,1",,"99999,9,09534,1","9,9,999,9,-005,1",,"SYN06443083 32997 21401 10352 20238 39534 40037 82030 333 10366 59005="
"43083099999","2023-03-27T03:00:00","4","18.05","78.2666666","472.0","MEDAK, IN","FM-12","99999","V020","140,1,N,0005,1","22000,1,9,N","010000,1,9,9","+0256,1","+0211,1","10071,1",,,,,,"03,1,+99999,9,03,1",,,"9,AGL   ,+99999,+99999","03,99,1,03,1,99,9,99999,9,99,9,99,9","240,M,+0366,1","240,N,+0210,1","99999,9,09550,1","9,9,999,9,+001,1",,"SYN08043083 32997 31401 10256 20211 39550 40071 83030 333 10366 20210 58001 555 10069="
"43083099999","2023-03-27T12:00:00","4","18.05","78.2666666","472.0","MEDAK, IN","FM-12","99999","V020","140,1,N,0005,1","22000,1,9,N","010000,1,9,9","+0344,1","+0258,1","10029,1",,,,,,"02,1,+99999,9,03,1",,,"9,AGL   ,+99999,+99999","02,99,1,02,1,99,9,99999,9,99,9,99,9","240,M,+0368,1",,"99999,9,09524,1","9,9,999,9,-010,1",,"SYN06443083 32997 21401 10344 20258 39524 40029 82030 333 10368 59010="
"43083099999","2023-03-28T03:00:00","4","18.05","78.2666666","472.0","MEDAK, IN","FM-12","99999","V020","050,1,N,0005,1","22000,1,9,N","010000,1,9,9","+0266,1","+0205,1","10062,1",,,,,,"02,1,+99999,9,03,1",,,"9,AGL   ,+99999,+99999","02,99,1,02,1,99,9,99999,9,99,9,99,9","240,M,+0368,1","240,N,+0200,1","99999,9,09543,1","9,9,999,9,-007,1",,"SYN08043083 32997 20501 10266 20205 39543 40062 82030 333 10368 20200 59007 555 10069="
"43083099999","2023-03-28T12:00:00","4","18.05","78.2666666","472.0","MEDAK, IN","FM-12","99999","V020","050,1,N,0005,1","22000,1,9,N","010000,1,9,9","+0356,1","+0229,1","10023,1",,,,,,"02,1,+99999,9,03,1",,,"9,AGL   ,+99999,+99999","02,99,1,02,1,99,9,99999,9,99,9,99,9","240,M,+0376,1",,"99999,9,09520,1","9,9,999,9,-004,1",,"SYN06443083 32997 20501 10356 20229 39520 40023 82030 333 10376 59004="
"43083099999","2023-03-29T03:00:00","4","18.05","78.2666666","472.0","MEDAK, IN","FM-12","99999","V020","140,1,N,0005,1","22000,1,9,N","010000,1,9,9","+0262,1","+0217,1","10075,1",,,,,,"02,1,+99999,9,03,1",,,"9,AGL   ,+99999,+99999","02,99,1,02,1,99,9,99999,9,99,9,99,9","240,M,+0376,1","240,N,+0210,1","99999,9,09555,1","9,9,999,9,+012,1",,"SYN08043083 32997 21401 10262 20217 39555 40075 82030 333 10376 20210 58012 555 10069="
"43083099999","2023-03-29T12:00:00","4","18.05","78.2666666","472.0","MEDAK, IN","FM-12","99999","V020","050,1,N,0005,1","99999,9,9,N","010000,1,9,9","+0355,1","+0226,1","10027,1",,,,,,"02,1,+00800,1,06,1","99,9,+99999,9,03,1",,"9,AGL   ,+99999,+99999","05,99,1,02,1,99,9,00800,1,99,9,99,9","240,M,+0377,1",,"99999,9,09524,1","9,9,999,9,+004,1",,"SYN06443083 32597 50501 10355 20226 39524 40027 82540 333 10377 58004="
"43083099999","2023-03-30T03:00:00","4","18.05","78.2666666","472.0","MEDAK, IN","FM-12","99999","V020","050,1,N,0005,1","22000,1,9,N","010000,1,9,9","+0272,1","+0222,1","10076,1",,,,,,"02,1,+99999,9,03,1",,,"9,AGL   ,+99999,+99999","02,99,1,02,1,99,9,99999,9,99,9,99,9","240,M,+0377,1","240,N,+0215,1","99999,9,09557,1","9,9,999,9,+002,1",,"SYN08043083 32997 20501 10272 20222 39557 40076 82030 333 10377 20215 58002 555 10069="
"43083099999","2023-03-30T12:00:00","4","18.05","78.2666666","472.0","MEDAK, IN","FM-12","99999","V020","050,1,N,0005,1","22000,1,9,N","010000,1,9,9","+0362,1","+0256,1","10025,1",,,,,,"02,1,+99999,9,03,1",,,"9,AGL   ,+99999,+99999","02,99,1,02,1,99,9,99999,9,99,9,99,9","240,M,+0382,1",,"99999,9,09524,1","9,9,999,9,+000,1",,"SYN06443083 32997 20501 10362 20256 39524 40025 82030 333 10382 58000="
"43083099999","2023-03-31T03:00:00","4","18.05","78.2666666","472.0","MEDAK, IN","FM-12","99999","V020","140,1,N,0005,1","22000,1,9,N","010000,1,9,9","+0268,1","+0197,1","10080,1",,,,,,"02,1,+99999,9,03,1",,,"9,AGL   ,+99999,+99999","02,99,1,02,1,99,9,99999,9,99,9,99,9","240,M,+0382,1","240,N,+0203,1","99999,9,09560,1","9,9,999,9,+003,1",,"SYN08043083 32997 21401 10268 20197 39560 40080 82030 333 10382 20203 58003 555 10069="
"43083099999","2023-03-31T12:00:00","4","18.05","78.2666666","472.0","MEDAK, IN","FM-12","99999","V020","050,1,N,0005,1","22000,1,9,N","010000,1,9,9","+0336,1","+0229,1","10035,1",,,,,,"02,1,+00800,1,06,1","99,9,+99999,9,03,1",,"9,AGL   ,+99999,+99999","04,99,1,02,1,99,9,00800,1,99,9,99,9","240,M,+0358,1",,"99999,9,09529,1","9,9,999,9,+005,1",,"SYN06443083 32597 40501 10336 20229 39529 40035 82530 333 10358 58005="
"43083099999","2023-04-01T12:00:00","4","18.05","78.2666666","472.0","MEDAK, IN","FM-12","99999","V020","050,1,N,0005,1","22000,1,9,N","010000,1,9,9","+0342,1","+0226,1","10037,1",,,,,,"02,1,+99999,9,03,1",,,"9,AGL   ,+99999,+99999","02,99,1,02,1,99,9,99999,9,99,9,99,9","240,M,+0356,1",,"99999,9,09533,1","9,9,999,9,+004,1",,"SYN06443083 32997 20501 10342 20226 39533 40037 82030 333 10356 58004="
"43083099999","2023-04-02T03:00:00","4","18.05","78.2666666","472.0","MEDAK, IN","FM-12","99999","V020","050,1,N,0005,1","22000,1,9,N","010000,1,9,9","+0252,1","+0213,1","10083,1",,,,,,"02,1,+99999,9,03,1",,,"9,AGL   ,+99999,+99999","02,99,1,02,1,99,9,99999,9,99,9,99,9","240,M,+0356,1","240,N,+0208,1","99999,9,09561,1","9,9,999,9,-002,1",,"SYN08043083 32997 20501 10252 20213 39561 40083 82030 333 10356 20208 59002 555 10069="
"43083099999","2023-04-02T12:00:00","4","18.05","78.2666666","472.0","MEDAK, IN","FM-12","99999","V020","050,1,N,0005,1","22000,1,9,N","010000,1,9,9","+0346,1","+0228,1","10033,1",,,,,,"02,1,+99999,9,03,1",,,"9,AGL   ,+99999,+99999","02,99,1,02,1,99,9,99999,9,99,9,99,9","240,M,+0362,1",,"99999,9,09529,1","9,9,999,9,-004,1",,"SYN06443083 32997 20501 10346 20228 39529 40033 82030 333 10362 59004="
"43083099999","2023-04-03T03:00:00","4","18.05","78.2666666","472.0","MEDAK, IN","FM-12","99999","V020","050,1,N,0005,1","22000,1,9,N","010000,1,9,9","+0262,1","+0217,1","10078,1",,,,,,"02,1,+99999,9,03,1",,,"9,AGL   ,+99999,+99999","02,99,1,02,1,99,9,99999,9,99,9,99,9","240,M,+0362,1","240,N,+0208,1","99999,9,09558,1","9,9,999,9,-003,1",,"SYN08043083 32997 20501 10262 20217 39558 40078 82030 333 10362 20208 59003 555 10069="
"43083099999","2023-04-03T12:00:00","4","18.05","78.2666666","472.0","MEDAK, IN","FM-12","99999","V020","050,1,N,0005,1","22000,1,9,N","010000,1,9,9","+0346,1","+0231,1","10034,1",,,,,,"03,1,+99999,9,03,1",,,"9,AGL   ,+99999,+99999","03,99,1,03,1,99,9,99999,9,99,9,99,9","240,M,+0378,1",,"99999,9,09530,1","9,9,999,9,+001,1",,"SYN06443083 32997 30501 10346 20231 39530 40034 83030 333 10378 58001="
"43083099999","2023-04-04T03:00:00","4","18.05","78.2666666","472.0","MEDAK, IN","FM-12","99999","V020","050,1,N,0005,1","22000,1,9,N","010000,1,9,9","+0266,1","+0221,1","10075,1",,,,,,"02,1,+99999,9,03,1",,,"9,AGL   ,+99999,+99999","02,99,1,02,1,99,9,99999,9,99,9,99,9","240,M,+0378,1","240,N,+0214,1","99999,9,09555,1","9,9,999,9,-003,1",,"SYN08043083 32997 20501 10266 20221 39555 40075 82030 333 10378 20214 59003 555 10069="
"43083099999","2023-04-04T12:00:00","4","18.05","78.2666666","472.0","MEDAK, IN","FM-12","99999","V020","050,1,N,0005,1","22000,1,9,N","010000,1,9,9","+0362,1","+0233,1","10023,1",,,,,,"03,1,+99999,9,03,1",,,"9,AGL   ,+99999,+99999","03,99,1,03,1,99,9,99999,9,99,9,99,9","240,M,+0380,1",,"99999,9,09522,1","9,9,999,9,-008,1",,"SYN06443083 32997 30501 10362 20233 39522 40023 83030 333 10380 59008="
"43083099999","2023-04-05T03:00:00","4","18.05","78.2666666","472.0","MEDAK, IN","FM-12","99999","V020","140,1,N,0005,1","22000,1,9,N","010000,1,9,9","+0268,1","+0224,1","10077,1",,,,,,"03,1,+99999,9,03,1",,,"9,AGL   ,+99999,+99999","03,99,1,03,1,99,9,99999,9,99,9,99,9","240,M,+0380,1","240,N,+0215,1","99999,9,09557,1","9,9,999,9,+002,1",,"SYN08043083 32997 31401 10268 20224 39557 40077 83030 333 10380 20215 58002 555 10069="
"43083099999","2023-04-05T12:00:00","4","18.05","78.2666666","472.0","MEDAK, IN","FM-12","99999","V020","050,1,N,0005,1","99999,9,9,N","010000,1,9,9","+0352,1","+0228,1","10028,1",,,,,,"02,1,+00800,1,06,1","99,9,+99999,9,03,1",,"9,AGL   ,+99999,+99999","05,99,1,02,1,99,9,00800,1,99,9,99,9","240,M,+0384,1",,"99999,9,09525,1","9,9,999,9,+003,1",,"SYN06443083 32597 50501 10352 20228 39525 40028 82540 333 10384 58003="
"43083099999","2023-04-06T12:00:00","4","18.05","78.2666666","472.0","MEDAK, IN","FM-12","99999","V020","140,1,N,0005,1","99999,9,9,N","010000,1,9,9","+0328,1","+0216,1","10036,1",,,,,,"03,1,+00800,1,06,1","99,9,+99999,9,03,1",,"9,AGL   ,+99999,+99999","06,99,1,03,1,99,9,00800,1,99,9,99,9",,,"99999,9,09528,1","9,9,999,9,+003,1",,"SYN06443083 32597 61401 10328 20216 39528 40036 83540 333 10373 58003="
"43083099999","2023-04-07T03:00:00","4","18.05","78.2666666","472.0","MEDAK, IN","FM-12","99999","V020","230,1,N,0005,1","99999,9,9,N","010000,1,9,9","+0262,1","+0223,1","10085,1",,,,,,"06,1,+00800,1,07,1","99,9,+99999,9,03,1",,"9,AGL   ,+99999,+99999","08,99,1,06,1,99,9,00800,1,99,9,99,9","240,M,+0373,1","240,N,+0228,1","99999,9,09565,1","9,9,999,9,+005,1",,"SYN08043083 32597 82301 10262 20223 39565 40085 86760 333 10373 20228 58005 555 10069="
"43083099999","2023-04-07T12:00:00","4","18.05","78.2666666","472.0","MEDAK, IN","FM-12","99999","V020","050,1,N,0005,1","99999,9,9,N","010000,1,9,9","+0326,1","+0227,1","10041,1",,,,,,"02,1,+00800,1,06,1","99,9,+99999,9,03,1",,"9,AGL   ,+99999,+99999","06,99,1,02,1,99,9,00800,1,99,9,99,9","240,M,+0348,1",,"99999,9,09533,1","9,9,999,9,+005,1",,"SYN06443083 32597 60501 10326 20227 39533 40041 82530 333 10348 58005="
"43083099999","2023-04-08T12:00:00","4","18.05","78.2666666","472.0","MEDAK, IN","FM-12","99999","V020","230,1,N,0005,1","99999,9,9,N","010000,1,9,9","+0326,1","+0216,1","10047,1",,,,,,"02,1,+00800,1,06,1","99,9,+99999,9,03,1",,"9,AGL   ,+99999,+99999","06,99,1,02,1,99,9,00800,1,99,9,99,9","240,M,+0356,1",,"99999,9,09538,1","9,9,999,9,+005,1",,"SYN06443083 32597 62301 10326 20216 39538 40047 82530 333 10356 58005="
"43083099999","2023-04-09T03:00:00","4","18.05","78.2666666","472.0","MEDAK, IN","FM-12","99999","V020","140,1,N,0005,1","22000,1,9,N","010000,1,9,9","+0266,1","+0221,1","10087,1",,,,,,"03,1,+99999,9,03,1",,,"9,AGL   ,+99999,+99999","03,99,1,03,1,99,9,99999,9,99,9,99,9","240,M,+0356,1","240,N,+0218,1","99999,9,09567,1","9,9,999,9,+002,1",,"SYN08043083 32997 31401 10266 20221 39567 40087 83030 333 10356 20218 58002 555 10069="
"43083099999","2023-04-09T12:00:00","4","18.05","78.2666666","472.0","MEDAK, IN","FM-12","99999","V020","050,1,N,0005,1","22000,1,9,N","010000,1,9,9","+0336,1","+0236,1","10044,1",,,,,,"02,1,+99999,9,03,1",,,"9,AGL   ,+99999,+99999","02,99,1,02,1,99,9,99999,9,99,9,99,9","240,M,+0376,1",,"99999,9,09537,1","9,9,999,9,-001,1",,"SYN06443083 32997 20501 10336 20236 39537 40044 82030 333 10376 59001="
"43083099999","2023-04-10T03:00:00","4","18.05","78.2666666","472.0","MEDAK, IN","FM-12","99999","V020","050,1,N,0005,1","22000,1,9,N","010000,1,9,9","+0276,1","+0186,1","10083,1",,,,,,"02,1,+99999,9,03,1",,,"9,AGL   ,+99999,+99999","02,99,1,02,1,99,9,99999,9,99,9,99,9","240,M,+0376,1","240,N,+0213,1","99999,9,09564,1","9,9,999,9,-003,1",,"SYN08043083 32997 20501 10276 20186 39564 40083 82030 333 10376 20213 59003 555 10069="
"43083099999","2023-04-10T12:00:00","4","18.05","78.2666666","472.0","MEDAK, IN","FM-12","99999","V020","140,1,N,0005,1","22000,1,9,N","010000,1,9,9","+0356,1","+0259,1","10049,1",,,,,,"02,1,+99999,9,03,1",,,"9,AGL   ,+99999,+99999","02,99,1,02,1,99,9,99999,9,99,9,99,9","240,M,+0382,1",,"99999,9,09545,1","9,9,999,9,+008,1",,"SYN06443083 32997 21401 10356 20259 39545 40049 82030 333 10382 58008="
"43083099999","2023-04-11T03:00:00","4","18.05","78.2666666","472.0","MEDAK, IN","FM-12","99999","V020","050,1,N,0005,1","22000,1,9,N","010000,1,9,9","+0272,1","+0209,1","10090,1",,,,,,"02,1,+99999,9,06,1","99,9,+99999,9,03,1",,"9,AGL   ,+99999,+99999","04,99,1,02,1,99,9,99999,9,99,9,99,9","240,M,+0382,1","240,N,+0215,1","99999,9,09571,1","9,9,999,9,+007,1",,"SYN08043083 32997 40501 10272 20209 39571 40090 82530 333 10382 20215 58007 555 10069="
"43083099999","2023-04-11T12:00:00","4","18.05","78.2666666","472.0","MEDAK, IN","FM-12","99999","V020","140,1,N,0005,1","22000,1,9,N","010000,1,9,9","+0366,1","+0248,1","10050,1",,,,,,"02,1,+99999,9,03,1",,,"9,AGL   ,+99999,+99999","02,99,1,02,1,99,9,99999,9,99,9,99,9","240,M,+0388,1",,"99999,9,09548,1","9,9,999,9,+003,1",,"SYN06443083 32997 21401 10366 20248 39548 40050 82030 333 10388 58003="
"43083099999","2023-04-12T03:00:00","4","18.05","78.2666666","472.0","MEDAK, IN","FM-12","99999","V020","050,1,N,0005,1","22000,1,9,N","010000,1,9,9","+0282,1","+0223,1","10091,1",,,,,,"02,1,+00800,1,06,1","99,9,+99999,9,03,1",,"9,AGL   ,+99999,+99999","03,99,1,02,1,99,9,00800,1,99,9,99,9","240,M,+0388,1","240,N,+0220,1","99999,9,09574,1","9,9,999,9,+003,1",,"SYN08043083 32597 30501 10282 20223 39574 40091 82530 333 10388 20220 58003 555 10069="
"43083099999","2023-04-12T12:00:00","4","18.05","78.2666666","472.0","MEDAK, IN","FM-12","99999","V020","050,1,N,0005,1","22000,1,9,N","010000,1,9,9","+0382,1","+0270,1","10037,1",,,,,,"02,1,+99999,9,03,1",,,"9,AGL   ,+99999,+99999","02,99,1,02,1,99,9,99999,9,99,9,99,9","240,M,+0396,1",,"99999,9,09538,1","9,9,999,9,-010,1",,"SYN06443083 32997 20501 10382 20270 39538 40037 82030 333 10396 59010="
"43083099999","2023-04-13T12:00:00","4","18.05","78.2666666","472.0","MEDAK, IN","FM-12","99999","V020","050,1,N,0005,1","99999,9,9,N","010000,1,9,9","+0382,1","+0257,1","10026,1",,,,,,"03,1,+00800,1,06,1","99,9,+99999,9,03,1",,"9,AGL   ,+99999,+99999","05,99,1,03,1,99,9,00800,1,99,9,99,9",,,"99999,9,09528,1","9,9,999,9,-010,1",,"SYN06443083 32597 50501 10382 20257 39528 40026 83530 333 10400 59010="
"43083099999","2023-04-14T03:00:00","4","18.05","78.2666666","472.0","MEDAK, IN","FM-12","99999","V020","230,1,N,0005,1","99999,9,9,N","010000,1,9,9","+0282,1","+0239,1","10080,1",,,,,,"04,1,+00800,1,08,1","99,9,+99999,9,03,1",,"9,AGL   ,+99999,+99999","08,99,1,04,1,99,9,00800,1,99,9,99,9","240,M,+0400,1","240,N,+0238,1","99999,9,09563,1","9,9,999,9,-007,1",,"SYN08043083 32597 82301 10282 20239 39563 40080 84160 333 10400 20238 59007 555 10069="
"43083099999","2023-04-14T12:00:00","4","18.05","78.2666666","472.0","MEDAK, IN","FM-12","99999","V020","050,1,N,0005,1","22000,1,9,N","010000,1,9,9","+0366,1","+0231,1","10031,1",,,,,,"02,1,+00800,1,06,1","99,9,+99999,9,03,1",,"9,AGL   ,+99999,+99999","04,99,1,02,1,99,9,00800,1,99,9,99,9","240,M,+0397,1",,"99999,9,09530,1","9,9,999,9,+002,1",,"SYN06443083 32597 40501 10366 20231 39530 40031 82530 333 10397 58002="
"43083099999","2023-04-15T03:00:00","4","18.05","78.2666666","472.0","MEDAK, IN","FM-12","99999","V020","230,1,N,0005,1","99999,9,9,N","010000,1,9,9","+0262,1","+0207,1","10085,1",,,,,,"03,1,+00800,1,06,1","99,9,+99999,9,03,1",,"9,AGL   ,+99999,+99999","06,99,1,03,1,99,9,00800,1,99,9,99,9","240,M,+0397,1","240,N,+0200,1","99999,9,09565,1","9,9,999,9,+002,1",,"SYN07043083 32597 62301 10262 20207 39565 40085 83530 333 10397 20200 58002="
"43083099999","2023-04-15T12:00:00","4","18.05","78.2666666","472.0","MEDAK, IN","FM-12","99999","V020","230,1,N,0005,1","99999,9,9,N","010000,1,9,9","+0342,1","+0243,1","10044,1",,,,,,"03,1,+00800,1,06,1","99,9,+99999,9,03,1",,"9,AGL   ,+99999,+99999","07,99,1,03,1,99,9,00800,1,99,9,99,9",,,"99999,9,09539,1","9,9,999,9,+009,1",,"SYN06443083 32597 72301 10342 20243 39539 40044 83540 333 10386 58009="
"43083099999","2023-04-16T03:00:00","4","18.05","78.2666666","472.0","MEDAK, IN","FM-12","99999","V020","050,1,N,0005,1","22000,1,9,N","010000,1,9,9","+0272,1","+0218,1","10087,1",,,,,,"03,1,+99999,9,03,1",,,"9,AGL   ,+99999,+99999","03,99,1,03,1,99,9,99999,9,99,9,99,9","240,M,+0386,1","240,N,+0220,1","99999,9,09568,1","9,9,999,9,+003,1",,"SYN08043083 32997 30501 10272 20218 39568 40087 83030 333 10386 20220 58003 555 10069="
"43083099999","2023-04-17T03:00:00","4","18.05","78.2666666","472.0","MEDAK, IN","FM-12","99999","V020","050,1,N,0005,1","22000,1,9,N","010000,1,9,9","+0276,1","+0220,1","10089,1",,,,,,"02,1,+99999,9,03,1",,,"9,AGL   ,+99999,+99999","02,99,1,02,1,99,9,99999,9,99,9,99,9","240,M,+0396,1","240,N,+0226,1","99999,9,09570,1","9,9,999,9,+002,1",,"SYN08043083 32997 20501 10276 20220 39570 40089 82030 333 10396 20226 58002 555 10069="
"43083099999","2023-04-17T12:00:00","4","18.05","78.2666666","472.0","MEDAK, IN","FM-12","99999","V020","140,1,N,0005,1","99999,9,9,N","010000,1,9,9","+0366,1","+0248,1","10046,1",,,,,,"02,1,+00800,1,06,1","99,9,+99999,9,03,1",,"9,AGL   ,+99999,+99999","05,99,1,02,1,99,9,00800,1,99,9,99,9",,,"99999,9,09544,1","9,9,999,9,+005,1",,"SYN06443083 32597 51401 10366 20248 39544 40046 82530 333 10400 58005="
"43083099999","2023-04-18T12:00:00","4","18.05","78.2666666","472.0","MEDAK, IN","FM-12","99999","V020","050,1,N,0005,1","22000,1,9,N","010000,1,9,9","+0386,1","+0265,1","10047,1",,,,,,"03,1,+99999,9,03,1",,,"9,AGL   ,+99999,+99999","03,99,1,03,1,99,9,99999,9,99,9,99,9",,,"99999,9,09548,1","9,9,999,9,+004,1",,"SYN06443083 32997 30501 10386 20265 39548 40047 83030 333 10412 58004="
"43083099999","2023-04-19T03:00:00","4","18.05","78.2666666","472.0","MEDAK, IN","FM-12","99999","V020","050,1,N,0005,1","22000,1,9,N","010000,1,9,9","+0292,1","+0243,1","10085,1",,,,,,"02,1,+00800,1,06,1","99,9,+99999,9,03,1",,"9,AGL   ,+99999,+99999","04,99,1,02,1,99,9,00800,1,99,9,99,9","240,M,+0412,1","240,N,+0230,1","99999,9,09570,1","9,9,999,9,+002,1",,"SYN08043083 32597 40501 10292 20243 39570 40085 82530 333 10412 20230 58002 555 10069="
"43083099999","2023-04-19T12:00:00","4","18.05","78.2666666","472.0","MEDAK, IN","FM-12","99999","V020","050,1,N,0005,1","99999,9,9,N","010000,1,9,9","+0402,1","+0262,1","10013,1",,,,,,"02,1,+00800,1,06,1","99,9,+99999,9,03,1",,"9,AGL   ,+99999,+99999","05,99,1,02,1,99,9,00800,1,99,9,99,9",,,"99999,9,09518,1","9,9,999,9,-030,1",,"SYN06443083 32597 50501 10402 20262 39518 40013 82530 333 10416 59030="
"43083099999","2023-04-20T03:00:00","4","18.05","78.2666666","472.0","MEDAK, IN","FM-12","99999","V020","230,1,N,0005,1","99999,9,9,N","010000,1,9,9","+0292,1","+0255,1","10036,1",,,,,,"03,1,+00800,1,08,1","99,9,+99999,9,03,1",,"9,AGL   ,+99999,+99999","06,99,1,03,1,99,9,00800,1,99,9,99,9","240,M,+0416,1","240,N,+0240,1","99999,9,09523,1","9,9,999,9,-047,1",,"SYN08043083 32597 62301 10292 20255 39523 40036 83160 333 10416 20240 59047 555 10069="
"43083099999","2023-04-20T12:00:00","4","18.05","78.2666666","472.0","MEDAK, IN","FM-12","99999","V020","050,1,N,0005,1","22000,1,9,N","010000,1,9,9","+0392,1","+0263,1","09977,1",,,,,,"03,1,+99999,9,03,1",,,"9,AGL   ,+99999,+99999","03,99,1,03,1,99,9,99999,9,99,9,99,9","240,M,+0408,1",,"99999,9,09483,1","9,9,999,9,-035,1",,"SYN06443083 32997 30501 10392 20263 39483 49977 83030 333 10408 59035="
"43083099999","2023-04-21T03:00:00","4","18.05","78.2666666","472.0","MEDAK, IN","FM-12","99999","V020","230,1,N,0005,1","22000,1,9,N","010000,1,9,9","+0266,1","+0221,1","10046,1",,,,,,"03,1,+99999,9,03,1",,,"9,AGL   ,+99999,+99999","03,99,1,03,1,99,9,99999,9,99,9,99,9","240,M,+0408,1","240,N,+0213,1","99999,9,09528,1","9,9,999,9,+005,1",,"SYN08043083 32997 32301 10266 20221 39528 40046 83030 333 10408 20213 58005 555 10069="
"43083099999","2023-04-23T12:00:00","4","18.05","78.2666666","472.0","MEDAK, IN","FM-12","99999","V020","140,1,N,0010,1","99999,9,9,N","010000,1,9,9","+0352,1","+0241,1","10004,1",,,,,,"02,1,+00800,1,06,1","99,9,+99999,9,03,1",,"9,AGL   ,+99999,+99999","05,99,1,02,1,99,9,00800,1,99,9,99,9","240,M,+0368,1",,"99999,9,09502,1","9,9,999,9,+007,1",,"SYN06843083 32597 51402 10352 20241 39502 40004 82530 333 10368 58007/53/="
"43083099999","2023-04-24T03:00:00","4","18.05","78.2666666","472.0","MEDAK, IN","FM-12","99999","V020","140,1,N,0010,1","22000,1,9,N","010000,1,9,9","+0282,1","+0236,1","10055,1",,,,,,"02,1,+00800,1,06,1","99,9,+99999,9,00,1",,"9,AGL   ,+99999,+99999","04,99,1,02,1,99,9,00800,1,99,9,99,9","240,M,+0368,1","240,N,+0234,1","99999,9,09539,1","9,9,999,9,+015,1",,"SYN08043083 32597 41402 10282 20236 39539 40055 82501 333 10368 20234 58015 555 10097="
"43083099999","2023-04-24T12:00:00","4","18.05","78.2666666","472.0","MEDAK, IN","FM-12","99999","V020","140,1,N,0010,1","99999,9,9,N","010000,1,9,9","+0354,1","+0218,1","10017,1",,,,,,"03,1,+00800,1,06,1","99,9,+99999,9,03,1",,"9,AGL   ,+99999,+99999","06,99,1,03,1,99,9,00800,1,99,9,99,9","240,M,+0372,1",,"99999,9,09514,1","9,9,999,9,+012,1",,"SYN06443083 32597 61402 10354 20218 39514 40017 83530 333 10372 58012="
"43083099999","2023-04-25T03:00:00","4","18.05","78.2666666","472.0","MEDAK, IN","FM-12","99999","V020","140,1,N,0010,1","22000,1,9,N","010000,1,9,9","+0280,1","+0232,1","10061,1",,,,,,"02,1,+00800,1,06,1","99,9,+99999,9,00,1",,"9,AGL   ,+99999,+99999","03,99,1,02,1,99,9,00800,1,99,9,99,9","240,M,+0372,1","240,N,+0238,1","99999,9,09545,1","9,9,999,9,+006,1",,"SYN08043083 32597 31402 10280 20232 39545 40061 82501 333 10372 20238 58006 555 10097="
"43083099999","2023-04-25T12:00:00","4","18.05","78.2666666","472.0","MEDAK, IN","FM-12","99999","V020","140,1,N,0010,1","99999,9,9,N","010000,1,9,9","+0300,1","+0214,1","10022,1",,,,,,"03,1,+00800,1,06,1","99,9,+99999,9,03,1",,"9,AGL   ,+99999,+99999","08,99,1,03,1,99,9,00800,1,99,9,99,9","240,M,+0360,1",,"99999,9,09519,1","9,9,999,9,+004,1",,"SYN06443083 32597 81402 10300 20214 39519 40022 83560 333 10360 58004="
"43083099999","2023-04-26T03:00:00","4","18.05","78.2666666","472.0","MEDAK, IN","FM-12","99999","V020","140,1,N,0010,1","22000,1,9,N","010000,1,9,9","+0270,1","+0253,1","10059,1","24,0400,3,1",,,,,"02,1,+00800,1,03,1",,,"9,AGL   ,+99999,+99999","03,99,1,02,1,99,9,00800,1,99,9,99,9","240,M,+0360,1","240,N,+0228,1","99999,9,09540,1","9,9,999,9,-005,1",,"SYN09243083 22597 31402 10270 20253 39540 40059 82030 333 10360 20228 59005 6040/ 555 00402 10137="
"43083099999","2023-04-26T12:00:00","4","18.05","78.2666666","472.0","MEDAK, IN","FM-12","99999","V020","230,1,N,0010,1","22000,1,9,N","010000,1,9,9","+0332,1","+0203,1","10019,1",,,,,,"03,1,+99999,9,03,1",,,"9,AGL   ,+99999,+99999","03,99,1,03,1,99,9,99999,9,99,9,99,9","240,M,+0362,1",,"99999,9,09514,1","9,9,999,9,-005,1",,"SYN06443083 32997 32302 10332 20203 39514 40019 83030 333 10362 59005="
"43083099999","2023-04-27T03:00:00","4","18.05","78.2666666","472.0","MEDAK, IN","FM-12","99999","V020","050,1,N,0010,1","99999,9,9,N","010000,1,9,9","+0266,1","+0221,1","10051,1","24,0180,3,1",,,,,"02,1,+00800,1,06,1","99,9,+99999,9,03,1",,"9,AGL   ,+99999,+99999","05,99,1,02,1,99,9,00800,1,99,9,99,9","240,M,+0362,1","240,N,+0213,1","99999,9,09533,1","9,9,999,9,-007,1",,"SYN09243083 22597 50502 10266 20221 39533 40051 82530 333 10362 20213 59007 6018/ 555 00180 10155="
"43083099999","2023-04-27T12:00:00","4","18.05","78.2666666","472.0","MEDAK, IN","FM-12","99999","V020","230,1,N,0010,1","99999,9,9,N","010000,1,9,9","+0302,1","+0260,1","10031,1",,,,,,"05,1,+00800,1,07,1","99,9,+99999,9,03,1",,"9,AGL   ,+99999,+99999","08,99,1,05,1,99,9,00800,1,99,9,99,9","240,M,+0326,1",,"99999,9,09520,1","9,9,999,9,+006,1",,"SYN06443083 32597 82302 10302 20260 39520 40031 85760 333 10326 58006="
"43083099999","2023-04-28T03:00:00","4","18.05","78.2666666","472.0","MEDAK, IN","FM-12","99999","V020","230,1,N,0010,1","99999,9,9,N","010000,1,9,9","+0238,1","+0229,1","10073,1","24,0040,3,1",,,,,"08,1,+00800,1,07,1",,,"9,AGL   ,+99999,+99999","08,99,1,08,1,99,9,00800,1,99,9,99,9","240,M,+0326,1","240,N,+0210,1","99999,9,09548,1","9,9,999,9,+015,1",,"SYN09243083 22597 82302 10238 20229 39548 40073 88700 333 10326 20210 58015 6004/ 555 00042 10159="
"43083099999","2023-04-28T12:00:00","4","18.05","78.2666666","472.0","MEDAK, IN","FM-12","99999","V020","230,1,N,0005,1","99999,9,9,N","010000,1,9,9","+0324,1","+0225,1","10032,1",,,,,,"03,1,+00800,1,06,1","99,9,+99999,9,03,1",,"9,AGL   ,+99999,+99999","05,99,1,03,1,99,9,00800,1,99,9,99,9","240,M,+0338,1",,"99999,9,09524,1","9,9,999,9,+004,1",,"SYN06443083 32597 52301 10324 20225 39524 40032 83530 333 10338 58004="
"43083099999","2023-04-29T03:00:00","4","18.05","78.2666666","472.0","MEDAK, IN","FM-12","99999","V020","230,1,N,0010,1","99999,9,9,N","010000,1,9,9","+0242,1","+0212,1","10082,1","24,0020,3,1",,,,,"05,1,+00800,1,07,1","99,9,+99999,9,03,1",,"9,AGL   ,+99999,+99999","08,99,1,05,1,99,9,00800,1,99,9,99,9","240,M,+0338,1","240,N,+0208,1","99999,9,09558,1","9,9,999,9,+010,1",,"SYN09243083 22597 82302 10242 20212 39558 40082 85760 333 10338 20208 58010 6002/ 555 00020 10161="
"43083099999","2023-04-29T12:00:00","4","18.05","78.2666666","472.0","MEDAK, IN","FM-12","99999","V020","230,1,N,0005,1","22000,1,9,N","010000,1,9,9","+0322,1","+0219,1","10027,1",,,,,,"03,1,+99999,9,03,1",,,"9,AGL   ,+99999,+99999","03,99,1,03,1,99,9,99999,9,99,9,99,9","240,M,+0332,1",,"99999,9,09519,1","9,9,999,9,-005,1",,"SYN06443083 32997 32301 10322 20219 39519 40027 83030 333 10332 59005="
"43083099999","2023-04-30T03:00:00","4","18.05","78.2666666","472.0","MEDAK, IN","FM-12","99999","V020","140,1,N,0005,1","22000,1,9,N","010000,1,9,9","+0266,1","+0221,1","10071,1","24,0040,3,1",,,,,"02,1,+99999,9,03,1",,,"9,AGL   ,+99999,+99999","02,99,1,02,1,99,9,99999,9,99,9,99,9","240,M,+0332,1","240,N,+0220,1","99999,9,09552,1","9,9,999,9,-006,1",,"SYN09243083 22997 21401 10266 20221 39552 40071 82030 333 10332 20220 59006 6004/ 555 00040 10165="
"43083099999","2023-04-30T12:00:00","4","18.05","78.2666666","472.0","MEDAK, IN","FM-12","99999","V020","230,1,N,0010,1","99999,9,9,N","010000,1,9,9","+0286,1","+0243,1","10030,1",,,,,,"04,1,+00800,1,08,1","99,9,+99999,9,03,1",,"9,AGL   ,+99999,+99999","07,99,1,04,1,99,9,00800,1,99,9,99,9","240,M,+0330,1",,"99999,9,09515,1","9,9,999,9,-004,1",,"SYN06443083 32597 72302 10286 20243 39515 40030 84160 333 10330 59004="
"43083099999","2023-05-01T03:00:00","4","18.05","78.2666666","472.0","MEDAK, IN","FM-12","99999","V020","230,1,N,0010,1","22000,1,9,N","010000,1,9,9","+0242,1","+0212,1","10061,1","24,0270,3,1",,,,,"02,1,+00800,1,06,1","99,9,+99999,9,03,1",,"9,AGL   ,+99999,+99999","04,99,1,02,1,99,9,00800,1,99,9,99,9","240,M,+0330,1","240,N,+0180,1","99999,9,09538,1","9,9,999,9,-014,1",,"SYN09243083 22597 42302 10242 20212 39538 40061 82530 333 10330 20180 59014 6027/ 555 00270 10192="
"43083099999","2023-05-01T12:00:00","4","18.05","78.2666666","472.0","MEDAK, IN","FM-12","99999","V020","230,1,N,0010,1","22000,1,9,N","010000,1,9,9","+0306,1","+0217,1","10015,1",,,,,,"03,1,+99999,9,03,1",,,"9,AGL   ,+99999,+99999","03,99,1,03,1,99,9,99999,9,99,9,99,9","240,M,+0316,1",,"99999,9,09505,1","9,9,999,9,-010,1",,"SYN06443083 32997 32302 10306 20217 39505 40015 83030 333 10316 59010="
"43083099999","2023-05-02T03:00:00","4","18.05","78.2666666","472.0","MEDAK, IN","FM-12","99999","V020","230,1,N,0010,1","22000,1,9,N","010000,1,9,9","+0226,1","+0211,1","10054,1","24,0240,3,1",,,,,"03,1,+00800,1,03,1",,,"9,AGL   ,+99999,+99999","03,99,1,03,1,99,9,00800,1,99,9,99,9","240,M,+0316,1","240,N,+0176,1","99999,9,09529,1","9,9,999,9,-009,1",,"SYN09243083 22597 32302 10226 20211 39529 40054 83030 333 10316 20176 59009 6024/ 555 00236 10216="
"43083099999","2023-05-02T12:00:00","4","18.05","78.2666666","472.0","MEDAK, IN","FM-12","99999","V020","230,1,N,0010,1","99999,9,9,N","010000,1,9,9","+0322,1","+0219,1","10012,1",,,,,,"03,1,+00800,1,08,1","99,9,+99999,9,03,1",,"9,AGL   ,+99999,+99999","07,99,1,03,1,99,9,00800,1,99,9,99,9","240,M,+0326,1",,"99999,9,09505,1","9,9,999,9,+000,1",,"SYN06443083 32597 72302 10322 20219 39505 40012 83160 333 10326 58000="
"43083099999","2023-05-03T12:00:00","4","18.05","78.2666666","472.0","MEDAK, IN","FM-12","99999","V020","050,1,N,0005,1","22000,1,9,N","010000,1,9,9","+0326,1","+0227,1","10021,1",,,,,,"03,1,+99999,9,03,1",,,"9,AGL   ,+99999,+99999","03,99,1,03,1,99,9,99999,9,99,9,99,9","240,M,+0338,1",,"99999,9,09514,1","9,9,999,9,+009,1",,"SYN06443083 32997 30501 10326 20227 39514 40021 83030 333 10338 58009="
"43083099999","2023-05-04T12:00:00","4","18.05","78.2666666","472.0","MEDAK, IN","FM-12","99999","V020","230,1,N,0010,1","99999,9,9,N","010000,1,9,9","+0302,1","+0236,1","10024,1",,,,,,"04,1,+00800,1,08,1","99,9,+99999,9,03,1",,"9,AGL   ,+99999,+99999","07,99,1,04,1,99,9,00800,1,99,9,99,9",,,"99999,9,09514,1","9,9,999,9,+000,1",,"SYN06443083 32597 72302 10302 20236 39514 40024 84160 333 10332 58000="
"43083099999","2023-05-06T03:00:00","4","18.05","78.2666666","472.0","MEDAK, IN","FM-12","99999","V020","050,1,N,0005,1","22000,1,9,N","010000,1,9,9","+0272,1","+0228,1","10065,1",,,,,,"02,1,+00800,1,06,1","99,9,+99999,9,03,1",,"9,AGL   ,+99999,+99999","04,99,1,02,1,99,9,00800,1,99,9,99,9","240,M,+0340,1","240,N,+0223,1","99999,9,09548,1","9,9,999,9,+009,1",,"SYN08043083 32597 40501 10272 20228 39548 40065 82530 333 10340 20223 58009 555 10226="
"43083099999","2023-05-06T12:00:00","4","18.05","78.2666666","472.0","MEDAK, IN","FM-12","99999","V020","230,1,N,0031,1","99999,9,9,N","010000,1,9,9","+0332,1","+0247,1","10005,1",,,,,,"04,1,+00800,1,06,1","99,9,+99999,9,03,1",,"9,AGL   ,+99999,+99999","07,99,1,04,1,99,9,00800,1,99,9,99,9",,,"99999,9,09500,1","9,9,999,9,-004,1",,"SYN06443083 32597 72306 10332 20247 39500 40005 84460 333 10348 59004="
"43083099999","2023-05-07T03:00:00","4","18.05","78.2666666","472.0","MEDAK, IN","FM-12","99999","V020","230,1,N,0010,1","22000,1,9,N","010000,1,9,9","+0270,1","+0226,1","10056,1","24,0260,3,1",,,,,"02,1,+00800,1,06,1","99,9,+99999,9,03,1",,"9,AGL   ,+99999,+99999","04,99,1,02,1,99,9,00800,1,99,9,99,9","240,M,+0348,1","240,N,+0216,1","99999,9,09537,1","9,9,999,9,-011,1",,"SYN09243083 22597 42302 10270 20226 39537 40056 82530 333 10348 20216 59011 6026/ 555 00264 10252="
"43083099999","2023-05-08T12:00:00","4","18.05","78.2666666","472.0","MEDAK, IN","FM-12","99999","V020","230,1,N,0010,1","99999,9,9,N","010000,1,9,9","+0292,1","+0249,1","10015,1","09,0110,3,1",,,,,"05,1,+00800,1,06,1","99,9,+99999,9,03,1",,"9,AGL   ,+99999,+99999","07,99,1,05,1,99,9,00800,1,99,9,99,9","240,M,+0376,1",,"99999,9,09503,1","9,9,999,9,+000,1",,"SYN07043083 22597 72302 10292 20249 39503 40015 85460 333 10376 58000 6011/="
"43083099999","2023-05-09T12:00:00","4","18.05","78.2666666","472.0","MEDAK, IN","FM-12","99999","V020","230,1,N,0010,1","99999,9,9,N","010000,1,9,9","+0334,1","+0256,1","10012,1",,,,,,"04,1,+00800,1,06,1","99,9,+99999,9,03,1",,"9,AGL   ,+99999,+99999","07,99,1,04,1,99,9,00800,1,99,9,99,9",,,"99999,9,09507,1","9,9,999,9,+004,1",,"SYN06443083 32597 72302 10334 20256 39507 40012 84460 333 10378 58004="
"43083099999","2023-05-10T03:00:00","4","18.05","78.2666666","472.0","MEDAK, IN","FM-12","99999","V020","050,1,N,0005,1","22000,1,9,N","010000,1,9,9","+0296,1","+0238,1","10054,1",,,,,,"02,1,+00800,1,06,1","99,9,+99999,9,03,1",,"9,AGL   ,+99999,+99999","04,99,1,02,1,99,9,00800,1,99,9,99,9","240,M,+0378,1","240,N,+0243,1","99999,9,09540,1","9,9,999,9,+005,1",,"SYN08043083 32597 40501 10296 20238 39540 40054 82530 333 10378 20243 58005 555 10264="
"43083099999","2023-05-12T03:00:00","4","18.05","78.2666666","472.0","MEDAK, IN","FM-12","99999","V020","140,1,N,0005,1","22000,1,9,N","010000,1,9,9","+0304,1","+0235,1","10050,1",,,,,,"03,1,+99999,9,03,1",,,"9,AGL   ,+99999,+99999","03,99,1,03,1,99,9,99999,9,99,9,99,9","240,M,+0420,1","240,N,+0248,1","99999,9,09538,1","9,9,999,9,+004,1",,"SYN08043083 32997 31401 10304 20235 39538 40050 83030 333 10420 20248 58004 555 10264="
"43083099999","2023-05-12T12:00:00","4","18.05","78.2666666","472.0","MEDAK, IN","FM-12","99999","V020","050,1,N,0005,1","22000,1,9,N","010000,1,9,9","+0352,1","+0276,1","10002,1",,,,,,"02,1,+99999,9,03,1",,,"9,AGL   ,+99999,+99999","02,99,1,02,1,99,9,99999,9,99,9,99,9","240,M,+0410,1",,"99999,9,09500,1","9,9,999,9,-004,1",,"SYN06443083 32997 20501 10352 20276 39500 40002 82030 333 10410 59004="
"43083099999","2023-05-13T03:00:00","4","18.05","78.2666666","472.0","MEDAK, IN","FM-12","99999","V020","230,1,N,0005,1","22000,1,9,N","010000,1,9,9","+0302,1","+0223,1","10044,1",,,,,,"02,1,+99999,9,03,1",,,"9,AGL   ,+99999,+99999","02,99,1,02,1,99,9,99999,9,99,9,99,9","240,M,+0410,1","240,N,+0246,1","99999,9,09533,1","9,9,999,9,-005,1",,"SYN08043083 32997 22301 10302 20223 39533 40044 82030 333 10410 20246 59005 555 10264="
"43083099999","2023-05-13T12:00:00","4","18.05","78.2666666","472.0","MEDAK, IN","FM-12","99999","V020","999,9,C,0000,1","99999,9,9,N","010000,1,9,9","+0380,1","+0203,1","10005,1",,,,,,"02,1,+99999,9,06,1","99,9,+99999,9,03,1",,"9,AGL   ,+99999,+99999","05,99,1,02,1,99,9,99999,9,99,9,99,9","240,M,+0420,1",,"99999,9,09502,1","9,9,999,9,+002,1",,"SYN06443083 32997 50000 10380 20203 39502 40005 82530 333 10420 58002="
"43083099999","2023-05-14T03:00:00","4","18.05","78.2666666","472.0","MEDAK, IN","FM-12","99999","V020","140,1,N,0005,1","22000,1,9,N","010000,1,9,9","+0276,1","+0200,1","10053,1",,,,,,"02,1,+99999,9,03,1",,,"9,AGL   ,+99999,+99999","02,99,1,02,1,99,9,99999,9,99,9,99,9","240,M,+0420,1","240,N,+0210,1","99999,9,09536,1","9,9,999,9,+003,1",,"SYN08043083 32997 21401 10276 20200 39536 40053 82030 333 10420 20210 58003 555 10264="
"43083099999","2023-05-14T12:00:00","4","18.05","78.2666666","472.0","MEDAK, IN","FM-12","99999","V020","050,1,N,0005,1","22000,1,9,N","010000,1,9,9","+0382,1","+0262,1","10000,1",,,,,,"03,1,+99999,9,03,1",,,"9,AGL   ,+99999,+99999","03,99,1,03,1,99,9,99999,9,99,9,99,9","240,M,+0423,1",,"99999,9,09502,1","9,9,999,9,+000,1",,"SYN06443083 32997 30501 10382 20262 39502 40000 83030 333 10423 58000="
"43083099999","2023-05-15T03:00:00","4","18.05","78.2666666","472.0","MEDAK, IN","FM-12","99999","V020","140,1,N,0005,1","22000,1,9,N","010000,1,9,9","+0302,1","+0245,1","10042,1",,,,,,"02,1,+99999,9,03,1",,,"9,AGL   ,+99999,+99999","02,99,1,02,1,99,9,99999,9,99,9,99,9","240,M,+0423,1","240,N,+0240,1","99999,9,09531,1","9,9,999,9,-005,1",,"SYN08043083 32997 21401 10302 20245 39531 40042 82030 333 10423 20240 59005 555 10264="
"43083099999","2023-05-17T03:00:00","4","18.05","78.2666666","472.0","MEDAK, IN","FM-12","99999","V020","140,1,N,0005,1","22000,1,9,N","010000,1,9,9","+0296,1","+0222,1","10055,1",,,,,,"02,1,+99999,9,03,1",,,"9,AGL   ,+99999,+99999","02,99,1,02,1,99,9,99999,9,99,9,99,9","240,M,+0412,1","240,N,+0228,1","99999,9,09541,1","9,9,999,9,+012,1",,"SYN08043083 32997 21401 10296 20222 39541 40055 82030 333 10412 20228 58012 555 10264="
"43083099999","2023-05-17T12:00:00","4","18.05","78.2666666","472.0","MEDAK, IN","FM-12","99999","V020","140,1,N,0005,1","22000,1,9,N","010000,1,9,9","+0382,1","+0248,1","10016,1",,,,,,"02,1,+99999,9,03,1",,,"9,AGL   ,+99999,+99999","02,99,1,02,1,99,9,99999,9,99,9,99,9","240,M,+0408,1",,"99999,9,09518,1","9,9,999,9,+005,1",,"SYN06443083 32997 21401 10382 20248 39518 40016 82030 333 10408 58005="
"43083099999","2023-05-18T03:00:00","4","18.05","78.2666666","472.0","MEDAK, IN","FM-12","99999","V020","050,1,N,0005,1","22000,1,9,N","010000,1,9,9","+0302,1","+0219,1","10058,1",,,,,,"03,1,+99999,9,03,1",,,"9,AGL   ,+99999,+99999","03,99,1,03,1,99,9,99999,9,99,9,99,9","240,M,+0408,1","240,N,+0230,1","99999,9,09546,1","9,9,999,9,+005,1",,"SYN08043083 32997 30501 10302 20219 39546 40058 83030 333 10408 20230 58005 555 10264="
"43083099999","2023-05-18T12:00:00","4","18.05","78.2666666","472.0","MEDAK, IN","FM-12","99999","V020","140,1,N,0005,1","22000,1,9,N","010000,1,9,9","+0386,1","+0258,1","10020,1",,,,,,"04,1,+99999,9,03,1",,,"9,AGL   ,+99999,+99999","04,99,1,04,1,99,9,99999,9,99,9,99,9","240,M,+0416,1",,"99999,9,09522,1","9,9,999,9,+004,1",,"SYN06443083 32997 41401 10386 20258 39522 40020 84040 333 10416 58004="
"43083099999","2023-05-19T03:00:00","4","18.05","78.2666666","472.0","MEDAK, IN","FM-12","99999","V020","050,1,N,0005,1","22000,1,9,N","010000,1,9,9","+0302,1","+0219,1","10060,1",,,,,,"02,1,+99999,9,03,1",,,"9,AGL   ,+99999,+99999","02,99,1,02,1,99,9,99999,9,99,9,99,9","240,M,+0416,1","240,N,+0240,1","99999,9,09548,1","9,9,999,9,+002,1",,"SYN08043083 32997 20501 10302 20219 39548 40060 82030 333 10416 20240 58002 555 10264="
"43083099999","2023-05-19T12:00:00","4","18.05","78.2666666","472.0","MEDAK, IN","FM-12","99999","V020","050,1,N,0005,1","22000,1,9,N","010000,1,9,9","+0386,1","+0268,1","10008,1",,,,,,"02,1,+99999,9,03,1",,,"9,AGL   ,+99999,+99999","02,99,1,02,1,99,9,99999,9,99,9,99,9","240,M,+0420,1",,"99999,9,09511,1","9,9,999,9,-009,1",,"SYN06443083 32997 20501 10386 20268 39511 40008 82030 333 10420 59009="
"43083099999","2023-05-20T03:00:00","4","18.05","78.2666666","472.0","MEDAK, IN","FM-12","99999","V020","140,1,N,0005,1","22000,1,9,N","010000,1,9,9","+0306,1","+0234,1","10050,1",,,,,,"03,1,+99999,9,03,1",,,"9,AGL   ,+99999,+99999","03,99,1,03,1,99,9,99999,9,99,9,99,9","240,M,+0420,1","240,N,+0250,1","99999,9,09538,1","9,9,999,9,-010,1",,"SYN08043083 32997 31401 10306 20234 39538 40050 83030 333 10420 20250 59010 555 10264="
"43083099999","2023-05-20T12:00:00","4","18.05","78.2666666","472.0","MEDAK, IN","FM-12","99999","V020","140,1,N,0005,1","22000,1,9,N","010000,1,9,9","+0382,1","+0248,1","10003,1",,,,,,"02,1,+99999,9,03,1",,,"9,AGL   ,+99999,+99999","02,99,1,02,1,99,9,99999,9,99,9,99,9","240,M,+0410,1",,"99999,9,09506,1","9,9,999,9,-005,1",,"SYN06443083 32997 21401 10382 20248 39506 40003 82030 333 10410 59005="
"43083099999","2023-05-21T03:00:00","4","18.05","78.2666666","472.0","MEDAK, IN","FM-12","99999","V020","050,1,N,0005,1","22000,1,9,N","010000,1,9,9","+0306,1","+0227,1","10051,1",,,,,,"02,1,+99999,9,03,1",,,"9,AGL   ,+99999,+99999","02,99,1,02,1,99,9,99999,9,99,9,99,9","240,M,+0410,1","240,N,+0238,1","99999,9,09539,1","9,9,999,9,+001,1",,"SYN08043083 32997 20501 10306 20227 39539 40051 82030 333 10410 20238 58001 555 10264="
"43083099999","2023-05-21T12:00:00","4","18.05","78.2666666","472.0","MEDAK, IN","FM-12","99999","V020","050,1,N,0005,1","22000,1,9,N","010000,1,9,9","+0390,1","+0267,1","10008,1",,,,,,"03,1,+99999,9,03,1",,,"9,AGL   ,+99999,+99999","03,99,1,03,1,99,9,99999,9,99,9,99,9","240,M,+0422,1",,"99999,9,09511,1","9,9,999,9,+005,1",,"SYN06443083 32997 30501 10390 20267 39511 40008 83030 333 10422 58005="
"43083099999","2023-05-22T03:00:00","4","18.05","78.2666666","472.0","MEDAK, IN","FM-12","99999","V020","230,1,N,0010,1","22000,1,9,N","010000,1,9,9","+0256,1","+0211,1","10051,1","24,0190,3,1",,,,,"03,1,+99999,9,03,1",,,"9,AGL   ,+99999,+99999","03,99,1,03,1,99,9,99999,9,99,9,99,9","240,M,+0422,1","240,N,+0205,1","99999,9,09531,1","9,9,999,9,-008,1",,"SYN09243083 22997 32302 10256 20211 39531 40051 83030 333 10422 20205 59008 6019/ 555 00190 10283="
"43083099999","2023-05-22T12:00:00","4","18.05","78.2666666","472.0","MEDAK, IN","FM-12","99999","V020","230,1,N,0005,1","22000,1,9,N","010000,1,9,9","+0362,1","+0250,1","10019,1",,,,,,"02,1,+99999,9,03,1",,,"9,AGL   ,+99999,+99999","02,99,1,02,1,99,9,99999,9,99,9,99,9","240,M,+0392,1",,"99999,9,09518,1","9,9,999,9,+007,1",,"SYN06443083 32997 22301 10362 20250 39518 40019 82030 333 10392 58007="
"43083099999","2023-05-23T03:00:00","4","18.05","78.2666666","472.0","MEDAK, IN","FM-12","99999","V020","140,1,N,0005,1","22000,1,9,N","010000,1,9,9","+0294,1","+0236,1","10085,1",,,,,,"02,1,+99999,9,03,1",,,"9,AGL   ,+99999,+99999","02,99,1,02,1,99,9,99999,9,99,9,99,9","240,M,+0392,1","240,N,+0230,1","99999,9,09570,1","9,9,999,9,+039,1",,"SYN08043083 32997 21401 10294 20236 39570 40085 82030 333 10392 20230 58039 555 10283="
"43083099999","2023-05-24T03:00:00","4","18.05","78.2666666","472.0","MEDAK, IN","FM-12","99999","V020","050,1,N,0005,1","22000,1,9,N","010000,1,9,9","+0302,1","+0229,1","10057,1",,,,,,"02,1,+99999,9,03,1",,,"9,AGL   ,+99999,+99999","02,99,1,02,1,99,9,99999,9,99,9,99,9","240,M,+0404,1","240,N,+0232,1","99999,9,09545,1","9,9,999,9,-025,1",,"SYN08043083 32997 20501 10302 20229 39545 40057 82030 333 10404 20232 59025 555 10283="
"43083099999","2023-05-24T12:00:00","4","18.05","78.2666666","472.0","MEDAK, IN","FM-12","99999","V020","050,1,N,0005,1","22000,1,9,N","010000,1,9,9","+0340,1","+0237,1","10029,1",,,,,,"04,1,+99999,9,03,1",,,"9,AGL   ,+99999,+99999","04,99,1,04,1,99,9,99999,9,99,9,99,9","240,M,+0412,1",,"99999,9,09522,1","9,9,999,9,-004,1",,"SYN06443083 32997 40501 10340 20237 39522 40029 84040 333 10412 59004="
"43083099999","2023-05-25T03:00:00","4","18.05","78.2666666","472.0","MEDAK, IN","FM-12","99999","V020","230,1,N,0005,1","99999,9,9,N","010000,1,9,9","+0298,1","+0225,1","10064,1",,,,,,"03,1,+00800,1,08,1","99,9,+99999,9,03,1",,"9,AGL   ,+99999,+99999","06,99,1,03,1,99,9,00800,1,99,9,99,9","240,M,+0412,1","240,N,+0226,1","99999,9,09550,1","9,9,999,9,+005,1",,"SYN08043083 32597 62301 10298 20225 39550 40064 83160 333 10412 20226 58005 555 10283="
"43083099999","2023-05-25T12:00:00","4","18.05","78.2666666","472.0","MEDAK, IN","FM-12","99999","V020","230,1,N,0010,1","99999,9,9,N","010000,1,9,9","+0362,1","+0227,1","10013,1",,,,,,"02,1,+00800,1,08,1","99,9,+99999,9,03,1",,"9,AGL   ,+99999,+99999","06,99,1,02,1,99,9,00800,1,99,9,99,9","240,M,+0406,1",,"99999,9,09513,1","9,9,999,9,-009,1",,"SYN06443083 32597 62302 10362 20227 39513 40013 82160 333 10406 59009="
"43083099999","2023-05-26T03:00:00","4","18.05","78.2666666","472.0","MEDAK, IN","FM-12","99999","V020","230,1,N,0010,1","99999,9,9,N","010000,1,9,9","+0296,1","+0226,1","10075,1",,,,,,"03,1,+00800,1,08,1","99,9,+99999,9,03,1",,"9,AGL   ,+99999,+99999","06,99,1,03,1,99,9,00800,1,99,9,99,9","240,M,+0406,1","240,N,+0240,1","99999,9,09560,1","9,9,999,9,+010,1",,"SYN08043083 32597 62302 10296 20226 39560 40075 83140 333 10406 20240 58010 555 10283="
"43083099999","2023-05-26T12:00:00","4","18.05","78.2666666","472.0","MEDAK, IN","FM-12","99999","V020","140,1,N,0005,1","22000,1,9,N","010000,1,9,9","+0372,1","+0228,1","10022,1",,,,,,"03,1,+99999,9,03,1",,,"9,AGL   ,+99999,+99999","03,99,1,03,1,99,9,99999,9,99,9,99,9","240,M,+0400,1",,"99999,9,09523,1","9,9,999,9,+010,1",,"SYN06443083 32997 31401 10372 20228 39523 40022 83030 333 10400 58010="
"43083099999","2023-05-27T03:00:00","4","18.05","78.2666666","472.0","MEDAK, IN","FM-12","99999","V020","140,1,N,0005,1","22000,1,9,N","010000,1,9,9","+0302,1","+0229,1","10057,1",,,,,,"02,1,+99999,9,03,1",,,"9,AGL   ,+99999,+99999","02,99,1,02,1,99,9,99999,9,99,9,99,9","240,M,+0400,1","240,N,+0246,1","99999,9,09545,1","9,9,999,9,-015,1",,"SYN08043083 32997 21401 10302 20229 39545 40057 82030 333 10400 20246 59015 555 10283="
"43083099999","2023-05-27T12:00:00","4","18.05","78.2666666","472.0","MEDAK, IN","FM-12","99999","V020","140,1,N,0005,1","22000,1,9,N","010000,1,9,9","+0386,1","+0256,1","10004,1",,,,,,"02,1,+00800,1,06,1","99,9,+99999,9,03,1",,"9,AGL   ,+99999,+99999","04,99,1,02,1,99,9,00800,1,99,9,99,9",,,"99999,9,09507,1","9,9,999,9,-016,1",,"SYN06443083 32597 41401 10386 20256 39507 40004 82530 333 10410 59016="
"43083099999","2023-05-28T03:00:00","4","18.05","78.2666666","472.0","MEDAK, IN","FM-12","99999","V020","050,1,N,0005,1","22000,1,9,N","010000,1,9,9","+0316,1","+0222,1","10056,1",,,,,,"02,1,+00800,1,03,1",,,"9,AGL   ,+99999,+99999","02,99,1,02,1,99,9,00800,1,99,9,99,9","240,M,+0410,1","240,N,+0240,1","99999,9,09545,1","9,9,999,9,+000,1",,"SYN08043083 32597 20501 10316 20222 39545 40056 82030 333 10410 20240 58000 555 10283="
"43083099999","2023-05-28T12:00:00","4","18.05","78.2666666","472.0","MEDAK, IN","FM-12","99999","V020","140,1,N,0005,1","99999,9,9,N","010000,1,9,9","+0382,1","+0257,1","10006,1",,,,,,"03,1,+00800,1,06,1","99,9,+99999,9,03,1",,"9,AGL   ,+99999,+99999","06,99,1,03,1,99,9,00800,1,99,9,99,9","240,M,+0406,1",,"99999,9,09509,1","9,9,999,9,+002,1",,"SYN06443083 32597 61401 10382 20257 39509 40006 83540 333 10406 58002="
"43083099999","2023-05-29T03:00:00","4","18.05","78.2666666","472.0","MEDAK, IN","FM-12","99999","V020","230,1,N,0010,1","99999,9,9,N","010000,1,9,9","+0302,1","+0245,1","10057,1",,,,,,"03,1,+00800,1,08,1","99,9,+99999,9,03,1",,"9,AGL   ,+99999,+99999","06,99,1,03,1,99,9,00800,1,99,9,99,9","240,M,+0406,1","240,N,+0245,1","99999,9,09545,1","9,9,999,9,+000,1",,"SYN08043083 32597 62302 10302 20245 39545 40057 83160 333 10406 20245 58000 555 10283="
"43083099999","2023-05-29T12:00:00","4","18.05","78.2666666","472.0","MEDAK, IN","FM-12","99999","V020","230,1,N,0005,1","22000,1,9,N","010000,1,9,9","+0376,1","+0250,1","10005,1",,,,,,"03,1,+99999,9,03,1",,,"9,AGL   ,+99999,+99999","03,99,1,03,1,99,9,99999,9,99,9,99,9","240,M,+0400,1",,"99999,9,09507,1","9,9,999,9,-002,1",,"SYN06443083 32997 32301 10376 20250 39507 40005 83030 333 10400 59002="
"43083099999","2023-05-30T03:00:00","4","18.05","78.2666666","472.0","MEDAK, IN","FM-12","99999","V020","230,1,N,0005,1","99999,9,9,N","010000,1,9,9","+0252,1","+0213,1","10078,1","24,0060,3,1",,,,,"04,1,+00800,1,06,1","99,9,+99999,9,03,1",,"9,AGL   ,+99999,+99999","07,99,1,04,1,99,9,00800,1,99,9,99,9","240,M,+0400,1","240,N,+0220,1","99999,9,09556,1","9,9,999,9,+011,1",,"SYN09243083 22597 72301 10252 20213 39556 40078 84460 333 10400 20220 58011 6006/ 555 00056 10289="
"43083099999","2023-05-30T12:00:00","4","18.05","78.2666666","472.0","MEDAK, IN","FM-12","99999","V020","230,1,N,0005,1","99999,9,9,N","010000,1,9,9","+0356,1","+0201,1","10011,1",,,,,,"02,1,+00800,1,06,1","99,9,+99999,9,03,1",,"9,AGL   ,+99999,+99999","05,99,1,02,1,99,9,00800,1,99,9,99,9","240,M,+0386,1",,"99999,9,09509,1","9,9,999,9,+002,1",,"SYN06443083 32597 52301 10356 20201 39509 40011 82530 333 10386 58002="
"43083099999","2023-05-31T03:00:00","4","18.05","78.2666666","472.0","MEDAK, IN","FM-12","99999","V020","140,1,N,0005,1","22000,1,9,N","010000,1,9,9","+0302,1","+0226,1","10053,1",,,,,,"02,1,+99999,9,03,1",,,"9,AGL   ,+99999,+99999","02,99,1,02,1,99,9,99999,9,99,9,99,9","240,M,+0386,1","240,N,+0240,1","99999,9,09541,1","9,9,999,9,-015,1",,"SYN08043083 32997 21401 10302 20226 39541 40053 82030 333 10386 20240 59015 555 10289="
"43083099999","2023-05-31T12:00:00","4","18.05","78.2666666","472.0","MEDAK, IN","FM-12","99999","V020","050,1,N,0005,1","22000,1,9,N","010000,1,9,9","+0360,1","+0231,1","10008,1",,,,,,"02,1,+99999,9,03,1",,,"9,AGL   ,+99999,+99999","02,99,1,02,1,99,9,99999,9,99,9,99,9","240,M,+0408,1",,"99999,9,09506,1","9,9,999,9,-003,1",,"SYN06443083 32997 20501 10360 20231 39506 40008 82030 333 10408 59003="
"43083099999","2023-06-01T03:00:00","4","18.05","78.2666666","472.0","MEDAK, IN","FM-12","99999","V020","050,1,N,0005,1","22000,1,9,N","010000,1,9,9","+0302,1","+0229,1","10047,1",,,,,,"02,1,+00800,1,06,1","99,9,+99999,9,03,1",,"9,AGL   ,+99999,+99999","03,99,1,02,1,99,9,00800,1,99,9,99,9","240,M,+0408,1","240,N,+0233,1","99999,9,09535,1","9,9,999,9,-006,1",,"SYN08043083 32597 30501 10302 20229 39535 40047 82530 333 10408 20233 59006 555 10000="
"43083099999","2023-06-02T03:00:00","4","18.05","78.2666666","472.0","MEDAK, IN","FM-12","99999","V020","140,1,N,0005,1","22000,1,9,N","010000,1,9,9","+0302,1","+0229,1","10047,1",,,,,,"02,1,+99999,9,03,1",,,"9,AGL   ,+99999,+99999","02,99,1,02,1,99,9,99999,9,99,9,99,9","240,M,+0410,1","240,N,+0250,1","99999,9,09535,1","9,9,999,9,+000,1",,"SYN07043083 32997 21401 10302 20229 39535 40047 82030 333 10410 20250 58000="
"43083099999","2023-06-02T12:00:00","4","18.05","78.2666666","472.0","MEDAK, IN","FM-12","99999","V020","320,1,N,0010,1","22000,1,9,N","010000,1,9,9","+0380,1","+0235,1","10015,1",,,,,,"02,1,+00800,1,08,1","99,9,+99999,9,03,1",,"9,AGL   ,+99999,+99999","04,99,1,02,1,99,9,00800,1,99,9,99,9","240,M,+0423,1",,"99999,9,09516,1","9,9,999,9,+003,1",,"SYN06443083 32597 43202 10380 20235 39516 40015 82830 333 10423 58003="
"43083099999","2023-06-03T03:00:00","4","18.05","78.2666666","472.0","MEDAK, IN","FM-12","99999","V020","320,1,N,0005,1","22000,1,9,N","010000,1,9,9","+0322,1","+0226,1","10038,1",,,,,,"02,1,+99999,9,03,1",,,"9,AGL   ,+99999,+99999","02,99,1,02,1,99,9,99999,9,99,9,99,9","240,M,+0423,1","240,N,+0253,1","99999,9,09530,1","9,9,999,9,-005,1",,"SYN08043083 32997 23201 10322 20226 39530 40038 82030 333 10423 20253 59005 555 10000="
"43083099999","2023-06-03T12:00:00","4","18.05","78.2666666","472.0","MEDAK, IN","FM-12","99999","V020","230,1,N,0005,1","22000,1,9,N","010000,1,9,9","+0388,1","+0252,1","10003,1",,,,,,"03,1,+99999,9,03,1",,,"9,AGL   ,+99999,+99999","03,99,1,03,1,99,9,99999,9,99,9,99,9",,,"99999,9,09506,1","9,9,999,9,-010,1",,"SYN06443083 32997 32301 10388 20252 39506 40003 83030 333 10428 59010="
"43083099999","2023-06-04T03:00:00","4","18.05","78.2666666","472.0","MEDAK, IN","FM-12","99999","V020","320,1,N,0005,1","22000,1,9,N","010000,1,9,9","+0322,1","+0236,1","10034,1",,,,,,"03,1,+99999,9,03,1",,,"9,AGL   ,+99999,+99999","03,99,1,03,1,99,9,99999,9,99,9,99,9","240,M,+0428,1","240,N,+0260,1","99999,9,09526,1","9,9,999,9,-004,1",,"SYN08043083 32997 33201 10322 20236 39526 40034 83030 333 10428 20260 59004 555 10000="
"43083099999","2023-06-04T12:00:00","4","18.05","78.2666666","472.0","MEDAK, IN","FM-12","99999","V020","230,1,N,0010,1","99999,9,9,N","010000,1,9,9","+0382,1","+0253,1","09998,1",,,,,,"03,1,+00800,1,08,1","99,9,+99999,9,03,1",,"9,AGL   ,+99999,+99999","06,99,1,03,1,99,9,00800,1,99,9,99,9","240,M,+0418,1",,"99999,9,09501,1","9,9,999,9,-005,1",,"SYN06443083 32597 62302 10382 20253 39501 49998 83140 333 10418 59005="
"43083099999","2023-06-05T03:00:00","4","18.05","78.2666666","472.0","MEDAK, IN","FM-12","99999","V020","320,1,N,0005,1","22000,1,9,N","010000,1,9,9","+0298,1","+0194,1","10040,1",,,,,,"03,1,+00800,1,03,1",,,"9,AGL   ,+99999,+99999","03,99,1,03,1,99,9,00800,1,99,9,99,9","240,M,+0418,1","240,N,+0258,1","99999,9,09527,1","9,9,999,9,+001,1",,"SYN08043083 32597 33201 10298 20194 39527 40040 83030 333 10418 20258 58001 555 10000="
"43083099999","2023-06-05T12:00:00","4","18.05","78.2666666","472.0","MEDAK, IN","FM-12","99999","V020","230,1,N,0010,1","22000,1,9,N","010000,1,9,9","+0378,1","+0204,1","10003,1",,,,,,"02,1,+00800,1,06,1","99,9,+99999,9,03,1",,"9,AGL   ,+99999,+99999","04,99,1,02,1,99,9,00800,1,99,9,99,9","240,M,+0408,1",,"99999,9,09505,1","9,9,999,9,+004,1",,"SYN06443083 32597 42302 10378 20204 39505 40003 82530 333 10408 58004="
"43083099999","2023-06-06T03:00:00","4","18.05","78.2666666","472.0","MEDAK, IN","FM-12","99999","V020","320,1,N,0010,1","22000,1,9,N","010000,1,9,9","+0302,1","+0190,1","10034,1",,,,,,"03,1,+00800,1,03,1",,,"9,AGL   ,+99999,+99999","03,99,1,03,1,99,9,00800,1,99,9,99,9","240,M,+0408,1","240,N,+0268,1","99999,9,09522,1","9,9,999,9,-005,1",,"SYN08043083 32597 33202 10302 20190 39522 40034 83030 333 10408 20268 59005 555 10000="
"43083099999","2023-06-06T12:00:00","4","18.05","78.2666666","472.0","MEDAK, IN","FM-12","99999","V020","320,1,N,0005,1","99999,9,9,N","010000,1,9,9","+0380,1","+0232,1","09987,1",,,,,,"02,1,+00800,1,08,1","99,9,+99999,9,03,1","99,9,+99999,9,00,1","9,AGL   ,+99999,+99999","05,99,1,02,1,99,9,00800,1,99,9,99,9","240,M,+0413,1",,"99999,9,09490,1","9,9,999,9,-015,1",,"SYN06443083 32597 53201 10380 20232 39490 49987 82831 333 10413 59015="
"43083099999","2023-06-07T03:00:00","4","18.05","78.2666666","472.0","MEDAK, IN","FM-12","99999","V020","230,1,N,0005,1","22000,1,9,N","010000,1,9,9","+0316,1","+0229,1","10034,1",,,,,,"02,1,+99999,9,03,1",,,"9,AGL   ,+99999,+99999","03,99,1,02,1,99,9,99999,9,99,9,99,9","240,M,+0413,1","240,N,+0260,1","99999,9,09524,1","9,9,999,9,+002,1",,"SYN08043083 32997 32301 10316 20229 39524 40034 82030 333 10413 20260 58002 555 10000="
"43083099999","2023-06-07T12:00:00","4","18.05","78.2666666","472.0","MEDAK, IN","FM-12","99999","V020","320,1,N,0005,1","99999,9,9,N","010000,1,9,9","+0392,1","+0236,1","09983,1",,,,,,"03,1,+00800,1,08,1","99,9,+99999,9,03,1",,"9,AGL   ,+99999,+99999","06,99,1,03,1,99,9,00800,1,99,9,99,9","240,M,+0414,1",,"99999,9,09489,1","9,9,999,9,-001,1",,"SYN06443083 32597 63201 10392 20236 39489 49983 83160 333 10414 59001="
"43083099999","2023-06-08T03:00:00","4","18.05","78.2666666","472.0","MEDAK, IN","FM-12","99999","V020","320,1,N,0010,1","22000,1,9,N","010000,1,9,9","+0302,1","+0229,1","10036,1",,,,,,"02,1,+99999,9,03,1",,,"9,AGL   ,+99999,+99999","02,99,1,02,1,99,9,99999,9,99,9,99,9","240,M,+0414,1","240,N,+0260,1","99999,9,09525,1","9,9,999,9,+001,1",,"SYN08043083 32997 23202 10302 20229 39525 40036 82030 333 10414 20260 58001 555 10000="
"43083099999","2023-06-08T12:00:00","4","18.05","78.2666666","472.0","MEDAK, IN","FM-12","99999","V020","230,1,N,0005,1","99999,9,9,9","010000,1,9,9","+0387,1","+0235,1","09980,1","99,9999,9,9",,,"0,1,99,9","0,1,99,9","02,1,+00600,1,06,1","99,9,+99999,9,03,1",,"9,AGL   ,+99999,+99999","05,99,1,02,1,99,9,00600,1,99,9,99,9",,,"99999,9,09584,1","9,9,999,9,+005,1",,"SYN004BUFR"
"43083099999","2023-06-09T03:00:00","4","18.05","78.2666666","472.0","MEDAK, IN","FM-12","99999","V020","320,1,N,0005,1","22000,1,9,N","010000,1,9,9","+0306,1","+0249,1","10031,1",,,,,,"02,1,+99999,9,03,1",,,"9,AGL   ,+99999,+99999","02,99,1,02,1,99,9,99999,9,99,9,99,9","240,M,+0412,1","240,N,+0262,1","99999,9,09520,1","9,9,999,9,-005,1",,"SYN08043083 32997 23201 10306 20249 39520 40031 82030 333 10412 20262 59005 555 10000="
"43083099999","2023-06-09T12:00:00","4","18.05","78.2666666","472.0","MEDAK, IN","FM-12","99999","V020","230,1,N,0010,1","99999,9,9,N","010000,1,9,9","+0394,1","+0238,1","09985,1",,,,,,"02,1,+00800,1,06,1","99,9,+99999,9,03,1",,"9,AGL   ,+99999,+99999","05,99,1,02,1,99,9,00800,1,99,9,99,9","240,M,+0410,1",,"99999,9,09588,1","9,9,999,9,+004,1",,"SYN06443083 32597 52302 10394 20238 39588 49985 82540 333 10410 58004="
"43083099999","2023-06-10T03:00:00","4","18.05","78.2666666","472.0","MEDAK, IN","FM-12","99999","V020","320,1,N,0005,1","22000,1,9,N","010000,1,9,9","+0306,1","+0217,1","10024,1",,,,,,"03,1,+99999,9,03,1",,,"9,AGL   ,+99999,+99999","03,99,1,03,1,99,9,99999,9,99,9,99,9","240,M,+0410,1","240,N,+0253,1","99999,9,09514,1","9,9,999,9,-006,1",,"SYN08043083 32997 33201 10306 20217 39514 40024 83030 333 10410 20253 59006 555 10000="
"43083099999","2023-06-10T12:00:00","4","18.05","78.2666666","472.0","MEDAK, IN","FM-12","99999","V020","230,1,N,0010,1","99999,9,9,N","010000,1,9,9","+0382,1","+0224,1","09980,1",,,,,,"02,1,+00800,1,08,1","99,9,+99999,9,03,1",,"9,AGL   ,+99999,+99999","05,99,1,02,1,99,9,00800,1,99,9,99,9","240,M,+0406,1",,"99999,9,09484,1","9,9,999,9,-004,1",,"SYN06443083 32597 52302 10382 20224 39484 49980 82160 333 10406 59004="
"43083099999","2023-06-11T03:00:00","4","18.05","78.2666666","472.0","MEDAK, IN","FM-12","99999","V020","230,1,N,0010,1","99999,9,9,N","010000,1,9,9","+0280,1","+0233,1","10027,1",,,,,,"03,1,+00800,1,06,1","99,9,+99999,9,03,1",,"9,AGL   ,+99999,+99999","05,99,1,03,1,99,9,00800,1,99,9,99,9","240,M,+0406,1","240,N,+0240,1","99999,9,09511,1","9,9,999,9,-003,1",,"SYN08043083 32597 52302 10280 20233 39511 40027 83530 333 10406 20240 59003 555 10000="
"43083099999","2023-06-11T12:00:00","4","18.05","78.2666666","472.0","MEDAK, IN","FM-12","99999","V020","230,1,N,0010,1","99999,9,9,N","010000,1,9,9","+0380,1","+0225,1","09987,1",,,,,,"02,1,+00800,1,08,1","99,9,+99999,9,03,1","99,9,+99999,9,00,1","9,AGL   ,+99999,+99999","05,99,1,02,1,99,9,00800,1,99,9,99,9","240,M,+0392,1",,"99999,9,09490,1","9,9,999,9,+006,1",,"SYN06443083 32597 52302 10380 20225 39490 49987 82832 333 10392 58006="
"43083099999","2023-06-12T03:00:00","4","18.05","78.2666666","472.0","MEDAK, IN","FM-12","99999","V020","230,1,N,0010,1","22000,1,9,N","010000,1,9,9","+0290,1","+0216,1","10032,1",,,,,,"02,1,+00800,1,06,1","99,9,+99999,9,03,1",,"9,AGL   ,+99999,+99999","03,99,1,02,1,99,9,00800,1,99,9,99,9","240,M,+0392,1","240,N,+0260,1","99999,9,09509,1","9,9,999,9,-002,1",,"SYN08043083 32597 32302 10290 20216 39509 40032 82530 333 10392 20260 59002 555 10000="
"43083099999","2023-06-12T12:00:00","4","18.05","78.2666666","472.0","MEDAK, IN","FM-12","99999","V020","230,1,N,0015,1","22000,1,9,N","010000,1,9,9","+0382,1","+0177,1","09989,1",,,,,,"02,1,+00800,1,06,1","99,9,+99999,9,03,1",,"9,AGL   ,+99999,+99999","03,99,1,02,1,99,9,00800,1,99,9,99,9","240,M,+0402,1",,"99999,9,09492,1","9,9,999,9,+002,1",,"SYN06443083 32597 32303 10382 20177 39492 49989 82530 333 10402 58002="
"43083099999","2023-06-13T03:00:00","4","18.05","78.2666666","472.0","MEDAK, IN","FM-12","99999","V020","230,1,N,0010,1","22000,1,9,N","010000,1,9,9","+0302,1","+0223,1","10019,1",,,,,,"02,1,+99999,9,03,1",,,"9,AGL   ,+99999,+99999","02,99,1,02,1,99,9,99999,9,99,9,99,9","240,M,+0402,1","240,N,+0246,1","99999,9,09509,1","9,9,999,9,+000,1",,"SYN08043083 32997 22302 10302 20223 39509 40019 82030 333 10402 20246 58000 555 10000="
"43083099999","2023-06-13T12:00:00","4","18.05","78.2666666","472.0","MEDAK, IN","FM-12","99999","V020","230,1,N,0010,1","22000,1,9,N","010000,1,9,9","+0382,1","+0224,1","09974,1",,,,,,"03,1,+99999,9,03,1",,,"9,AGL   ,+99999,+99999","03,99,1,03,1,99,9,99999,9,99,9,99,9","240,M,+0402,1",,"99999,9,09478,1","9,9,999,9,-014,1",,"SYN06443083 32997 32302 10382 20224 39478 49974 83030 333 10402 59014="
"43083099999","2023-06-14T03:00:00","4","18.05","78.2666666","472.0","MEDAK, IN","FM-12","99999","V020","230,1,N,0005,1","22000,1,9,N","010000,1,9,9","+0298,1","+0225,1","10032,1",,,,,,"03,1,+99999,9,03,1",,,"9,AGL   ,+99999,+99999","03,99,1,03,1,99,9,99999,9,99,9,99,9","240,M,+0402,1","240,N,+0252,1","99999,9,09519,1","9,9,999,9,+010,1",,"SYN08043083 32997 32301 10298 20225 39519 40032 83030 333 10402 20252 58010 555 10000="
"43083099999","2023-06-14T12:00:00","4","18.05","78.2666666","472.0","MEDAK, IN","FM-12","99999","V020","320,1,N,0005,1","22000,1,9,N","010000,1,9,9","+0386,1","+0211,1","10003,1",,,,,,"03,1,+99999,9,03,1",,,"9,AGL   ,+99999,+99999","03,99,1,03,1,99,9,99999,9,99,9,99,9","240,M,+0406,1",,"99999,9,09506,1","9,9,999,9,+018,1",,"SYN06443083 32997 33201 10386 20211 39506 40003 83040 333 10406 58018="
"43083099999","2023-06-15T03:00:00","4","18.05","78.2666666","472.0","MEDAK, IN","FM-12","99999","V020","320,1,N,0010,1","22000,1,9,N","010000,1,9,9","+0296,1","+0218,1","10041,1",,,,,,"02,1,+99999,9,03,1",,,"9,AGL   ,+99999,+99999","02,99,1,02,1,99,9,99999,9,99,9,99,9","240,M,+0406,1","240,N,+0250,1","99999,9,09528,1","9,9,999,9,+009,1",,"SYN08043083 32997 23202 10296 20218 39528 40041 82030 333 10406 20250 58009 555 10000="
"43083099999","2023-06-15T12:00:00","4","18.05","78.2666666","472.0","MEDAK, IN","FM-12","99999","V020","230,1,N,0010,1","22000,1,9,N","010000,1,9,9","+0382,1","+0213,1","09998,1",,,,,,"04,1,+99999,9,03,1",,,"9,AGL   ,+99999,+99999","04,99,1,04,1,99,9,99999,9,99,9,99,9","240,M,+0392,1",,"99999,9,09501,1","9,9,999,9,-005,1",,"SYN06443083 32997 42302 10382 20213 39501 49998 84040 333 10392 59005="
"43083099999","2023-06-16T03:00:00","4","18.05","78.2666666","472.0","MEDAK, IN","FM-12","99999","V020","320,1,N,0005,1","22000,1,9,N","010000,1,9,9","+0296,1","+0222,1","10043,1",,,,,,"03,1,+99999,9,03,1",,,"9,AGL   ,+99999,+99999","03,99,1,03,1,99,9,99999,9,99,9,99,9","240,M,+0392,1","240,N,+0250,1","99999,9,09530,1","9,9,999,9,+002,1",,"SYN08043083 32997 33201 10296 20222 39530 40043 83030 333 10392 20250 58002 555 10000="
"43083099999","2023-06-16T12:00:00","4","18.05","78.2666666","472.0","MEDAK, IN","FM-12","99999","V020","230,1,N,0010,1","22000,1,9,N","010000,1,9,9","+0392,1","+0219,1","09998,1",,,,,,"02,1,+99999,9,03,1",,,"9,AGL   ,+99999,+99999","02,99,1,02,1,99,9,99999,9,99,9,99,9","240,M,+0410,1",,"99999,9,09503,1","9,9,999,9,+002,1",,"SYN06443083 32997 22302 10392 20219 39503 49998 82030 333 10410 58002="
"43083099999","2023-06-17T03:00:00","4","18.05","78.2666666","472.0","MEDAK, IN","FM-12","99999","V020","320,1,N,0010,1","22000,1,9,N","010000,1,9,9","+0302,1","+0219,1","10034,1",,,,,,"02,1,+99999,9,03,1",,,"9,AGL   ,+99999,+99999","02,99,1,02,1,99,9,99999,9,99,9,99,9","240,M,+0410,1","240,N,+0252,1","99999,9,09523,1","9,9,999,9,-007,1",,"SYN08043083 32997 23202 10302 20219 39523 40034 82030 333 10410 20252 59007 555 10000="
"43083099999","2023-06-17T12:00:00","4","18.05","78.2666666","472.0","MEDAK, IN","FM-12","99999","V020","230,1,N,0005,1","22000,1,9,N","010000,1,9,9","+0382,1","+0213,1","09985,1",,,,,,"04,1,+99999,9,03,1",,,"9,AGL   ,+99999,+99999","04,99,1,04,1,99,9,99999,9,99,9,99,9",,,"99999,9,09489,1","9,9,999,9,-017,1",,"SYN06443083 32997 42301 10382 20213 39489 49985 84040 333 10392 59017="
"43083099999","2023-06-18T03:00:00","4","18.05","78.2666666","472.0","MEDAK, IN","FM-12","99999","V020","230,1,N,0010,1","22000,1,9,N","010000,1,9,9","+0310,1","+0225,1","10037,1",,,,,,"02,1,+99999,9,03,1",,,"9,AGL   ,+99999,+99999","02,99,1,02,1,99,9,99999,9,99,9,99,9","240,M,+0392,1","240,N,+0260,1","99999,9,09526,1","9,9,999,9,+003,1",,"SYN08043083 32997 22302 10310 20225 39526 40037 82030 333 10392 20260 58003 555 10000="
"43083099999","2023-06-18T12:00:00","4","18.05","78.2666666","472.0","MEDAK, IN","FM-12","99999","V020","230,1,N,0010,1","99999,9,9,N","010000,1,9,9","+0382,1","+0248,1","09980,1",,,,,,"02,1,+00800,1,06,1","99,9,+99999,9,03,1",,"9,AGL   ,+99999,+99999","05,99,1,02,1,99,9,00800,1,99,9,99,9","240,M,+0394,1",,"99999,9,09484,1","9,9,999,9,-005,1",,"SYN06443083 32597 52302 10382 20248 39484 49980 82530 333 10394 59005="
"43083099999","2023-06-19T03:00:00","4","18.05","78.2666666","472.0","MEDAK, IN","FM-12","99999","V020","230,1,N,0010,1","99999,9,9,N","010000,1,9,9","+0312,1","+0218,1","10037,1",,,,,,"03,1,+00800,1,06,1","99,9,+99999,9,03,1",,"9,AGL   ,+99999,+99999","06,99,1,03,1,99,9,00800,1,99,9,99,9","240,M,+0394,1","240,N,+0262,1","99999,9,09527,1","9,9,999,9,-001,1",,"SYN08043083 32597 62302 10312 20218 39527 40037 83530 333 10394 20262 59001 555 10000="
"43083099999","2023-06-19T12:00:00","4","18.05","78.2666666","472.0","MEDAK, IN","FM-12","99999","V020","230,1,N,0010,1","99999,9,9,N","010000,1,9,9","+0380,1","+0257,1","09986,1",,,,,,"02,1,+00800,1,08,1","99,9,+99999,9,03,1",,"9,AGL   ,+99999,+99999","05,99,1,02,1,99,9,00800,1,99,9,99,9","240,M,+0396,1",,"99999,9,09489,1","9,9,999,9,+005,1",,"SYN06443083 32597 52302 10380 20257 39489 49986 82140 333 10396 58005="
"43083099999","2023-06-20T03:00:00","4","18.05","78.2666666","472.0","MEDAK, IN","FM-12","99999","V020","320,1,N,0010,1","22000,1,9,N","010000,1,9,9","+0312,1","+0224,1","10016,1",,,,,,"02,1,+99999,9,03,1",,,"9,AGL   ,+99999,+99999","02,99,1,02,1,99,9,99999,9,99,9,99,9","240,M,+0396,1","240,N,+0266,1","99999,9,09508,1","9,9,999,9,-019,1",,"SYN08043083 32997 23202 10312 20224 39508 40016 82030 333 10396 20266 59019 555 10000="
"43083099999","2023-06-20T12:00:00","4","18.05","78.2666666","472.0","MEDAK, IN","FM-12","99999","V020","230,1,N,0005,1","22000,1,9,N","010000,1,9,9","+0382,1","+0257,1","09985,1",,,,,,"02,1,+00800,1,06,1","99,9,+99999,9,03,1",,"9,AGL   ,+99999,+99999","04,99,1,02,1,99,9,00800,1,99,9,99,9","240,M,+0396,1",,"99999,9,09489,1","9,9,999,9,+000,1",,"SYN06443083 32597 42301 10382 20257 39489 49985 82530 333 10396 58000="
"43083099999","2023-06-21T03:00:00","4","18.05","78.2666666","472.0","MEDAK, IN","FM-12","99999","V020","230,1,N,0010,1","22000,1,9,N","010000,1,9,9","+0312,1","+0214,1","10016,1",,,,,,"02,1,+99999,9,03,1",,,"9,AGL   ,+99999,+99999","02,99,1,02,1,99,9,99999,9,99,9,99,9","240,M,+0396,1","240,N,+0270,1","99999,9,09508,1","9,9,999,9,+000,1",,"SYN08043083 32997 22302 10312 20214 39508 40016 82030 333 10396 20270 58000 555 10000="
"43083099999","2023-06-21T12:00:00","4","18.05","78.2666666","472.0","MEDAK, IN","FM-12","99999","V020","230,1,N,0010,1","99999,9,9,N","010000,1,9,9","+0382,1","+0224,1","09964,1",,,,,,"03,1,+00800,1,06,1","99,9,+99999,9,03,1",,"9,AGL   ,+99999,+99999","06,99,1,03,1,99,9,00800,1,99,9,99,9","240,M,+0398,1",,"99999,9,09469,1","9,9,999,9,-020,1",,"SYN06443083 32597 62302 10382 20224 39469 49964 83560 333 10398 59020="
"43083099999","2023-06-22T03:00:00","4","18.05","78.2666666","472.0","MEDAK, IN","FM-12","99999","V020","230,1,N,0010,1","99999,9,9,N","010000,1,9,9","+0292,1","+0234,1","10022,1",,,,,,"03,1,+00800,1,08,1","99,9,+99999,9,03,1",,"9,AGL   ,+99999,+99999","06,99,1,03,1,99,9,00800,1,99,9,99,9","240,M,+0398,1","240,N,+0230,1","99999,9,09510,1","9,9,999,9,+002,1",,"SYN08043083 32597 62302 10292 20234 39510 40022 83130 333 10398 20230 58002 555 10000="
"43083099999","2023-06-22T12:00:00","4","18.05","78.2666666","472.0","MEDAK, IN","FM-12","99999","V020","230,1,N,0010,1","99999,9,9,N","010000,1,9,9","+0360,1","+0231,1","10023,1",,,,,,"03,1,+00800,1,06,1","99,9,+99999,9,03,1",,"9,AGL   ,+99999,+99999","06,99,1,03,1,99,9,00800,1,99,9,99,9","240,M,+0376,1",,"99999,9,09520,1","9,9,999,9,+010,1",,"SYN06443083 32597 62302 10360 20231 39520 40023 83530 333 10376 58010="
"43083099999","2023-06-23T03:00:00","4","18.05","78.2666666","472.0","MEDAK, IN","FM-12","99999","V020","230,1,N,0010,1","99999,9,9,N","010000,1,9,9","+0274,1","+0233,1","10021,1","24,0110,3,1",,,,,"02,1,+00800,1,08,1","99,9,+99999,9,03,1",,"9,AGL   ,+99999,+99999","05,99,1,02,1,99,9,00800,1,99,9,99,9","240,M,+0376,1","240,N,+0222,1","99999,9,09506,1","9,9,999,9,-004,1",,"SYN09243083 22597 52302 10274 20233 39506 40021 82160 333 10376 20222 59004 6011/ 555 00114 10011="
"43083099999","2023-06-23T12:00:00","4","18.05","78.2666666","472.0","MEDAK, IN","FM-12","99999","V020","230,1,N,0010,1","99999,9,9,N","010000,1,9,9","+0322,1","+0276,1","09977,1",,,,,,"05,1,+00800,1,07,1","99,9,+99999,9,03,1",,"9,AGL   ,+99999,+99999","08,99,1,05,1,99,9,00800,1,99,9,99,9","240,M,+0334,1",,"99999,9,09472,1","9,9,999,9,-038,1",,"SYN06443083 32597 82302 10322 20276 39472 49977 85760 333 10334 59038="
"43083099999","2023-06-24T12:00:00","4","18.05","78.2666666","472.0","MEDAK, IN","FM-12","99999","V020","230,1,N,0010,1","99999,9,9,N","010000,1,9,9","+0276,1","+0241,1","09995,1",,,,,,"06,1,+00800,1,07,1","99,9,+99999,9,03,1",,"9,AGL   ,+99999,+99999","08,99,1,06,1,99,9,00800,1,99,9,99,9","240,M,+0310,1",,"99999,9,09481,1","9,9,999,9,-001,1",,"SYN06443083 32597 82302 10276 20241 39481 49995 86760 333 10310 59001="
"43083099999","2023-06-25T03:00:00","4","18.05","78.2666666","472.0","MEDAK, IN","FM-12","99999","V020","230,1,N,0005,1","99999,9,9,N","010000,1,9,9","+0244,1","+0229,1","10021,1","24,0240,3,1",,,,,"08,1,+00800,1,07,1",,,"9,AGL   ,+99999,+99999","08,99,1,08,1,99,9,00800,1,99,9,99,9","240,M,+0310,1","240,N,+0203,1","99999,9,09500,1","9,9,999,9,-003,1",,"SYN07643083 22597 82301 10244 20229 39500 40021 88700 333 10310 20203 59003 6024/="
"43083099999","2023-06-25T12:00:00","4","18.05","78.2666666","472.0","MEDAK, IN","FM-12","99999","V020","230,1,N,0005,1","99999,9,9,N","010000,1,9,9","+0276,1","+0241,1","09992,1",,,,,,"04,1,+00800,1,06,1","99,9,+99999,9,03,1",,"9,AGL   ,+99999,+99999","06,99,1,04,1,99,9,00800,1,99,9,99,9","240,M,+0308,1",,"99999,9,09478,1","9,9,999,9,-003,1",,"SYN06443083 32597 62301 10276 20241 39478 49992 84460 333 10308 59003="
"43083099999","2023-06-26T03:00:00","4","18.05","78.2666666","472.0","MEDAK, IN","FM-12","99999","V020","230,1,N,0005,1","99999,9,9,N","010000,1,9,9","+0252,1","+0237,1","10024,1","24,0110,3,1",,,,,"04,1,+00800,1,07,1","99,9,+99999,9,03,1",,"9,AGL   ,+99999,+99999","07,99,1,04,1,99,9,00800,1,99,9,99,9","240,M,+0308,1","240,N,+0204,1","99999,9,09505,1","9,9,999,9,+005,1",,"SYN09243083 22597 72301 10252 20237 39505 40024 84760 333 10308 20204 58005 6011/ 555 00106 10081="
"43083099999","2023-06-26T12:00:00","4","18.05","78.2666666","472.0","MEDAK, IN","FM-12","99999","V020","230,1,N,0010,1","99999,9,9,N","010000,1,9,9","+0276,1","+0216,1","09998,1",,,,,,"05,1,+00800,1,07,1","99,9,+99999,9,03,1",,"9,AGL   ,+99999,+99999","08,99,1,05,1,99,9,00800,1,99,9,99,9","240,M,+0296,1",,"99999,9,09484,1","9,9,999,9,+006,1",,"SYN06443083 32597 82302 10276 20216 39484 49998 85760 333 10296 58006="
"43083099999","2023-06-27T03:00:00","4","18.05","78.2666666","472.0","MEDAK, IN","FM-12","99999","V020","230,1,N,0005,1","99999,9,9,N","010000,1,9,9","+0256,1","+0220,1","10019,1",,,,,,"04,1,+00800,1,06,1","99,9,+99999,9,03,1",,"9,AGL   ,+99999,+99999","07,99,1,04,1,99,9,00800,1,99,9,99,9","240,M,+0296,1","240,N,+0220,1","99999,9,09500,1","9,9,999,9,-005,1",,"SYN08043083 32597 72301 10256 20220 39500 40019 84460 333 10296 20220 59005 555 10081="
"43083099999","2023-06-27T12:00:00","4","18.05","78.2666666","472.0","MEDAK, IN","FM-12","99999","V020","230,1,N,0010,1","99999,9,9,N","010000,1,9,9","+0294,1","+0236,1","09988,1",,,,,,"05,1,+00800,1,07,1","99,9,+99999,9,03,1",,"9,AGL   ,+99999,+99999","08,99,1,05,1,99,9,00800,1,99,9,99,9","240,M,+0302,1",,"99999,9,09477,1","9,9,999,9,-007,1",,"SYN06443083 32597 82302 10294 20236 39477 49988 85760 333 10302 59007="
"43083099999","2023-06-28T03:00:00","4","18.05","78.2666666","472.0","MEDAK, IN","FM-12","99999","V020","320,1,N,0010,1","99999,9,9,N","010000,1,9,9","+0256,1","+0236,1","10024,1","01,0110,3,1",,,,,"04,1,+00800,1,06,1","99,9,+99999,9,03,1",,"9,AGL   ,+99999,+99999","07,99,1,04,1,99,9,00800,1,99,9,99,9","240,M,+0302,1","240,N,+0208,1","99999,9,09505,1","9,9,999,9,+005,1",,"SYN09243083 22597 73202 10256 20236 39505 40024 84470 333 10302 20208 58005 60115 555 00150 10096="
"43083099999","2023-06-28T12:00:00","4","18.05","78.2666666","472.0","MEDAK, IN","FM-12","99999","V020","230,1,N,0010,1","99999,9,9,N","010000,1,9,9","+0302,1","+0245,1","09997,1",,,,,,"03,1,+00800,1,06,1","99,9,+99999,9,03,1",,"9,AGL   ,+99999,+99999","06,99,1,03,1,99,9,00800,1,99,9,99,9","240,M,+0306,1",,"99999,9,09488,1","9,9,999,9,+011,1",,"SYN06443083 32597 62302 10302 20245 39488 49997 83540 333 10306 58011="
"43083099999","2023-06-29T03:00:00","4","18.05","78.2666666","472.0","MEDAK, IN","FM-12","99999","V020","320,1,N,0010,1","99999,9,9,N","010000,1,9,9","+0262,1","+0233,1","10038,1","24,0190,3,1",,,,,"03,1,+00800,1,06,1","99,9,+99999,9,03,1",,"9,AGL   ,+99999,+99999","06,99,1,03,1,99,9,00800,1,99,9,99,9","240,M,+0306,1","240,N,+0213,1","99999,9,09520,1","9,9,999,9,+015,1",,"SYN09243083 22597 63202 10262 20233 39520 40038 83440 333 10306 20213 58015 6019/ 555 00190 10115="
"43083099999","2023-06-29T12:00:00","4","18.05","78.2666666","472.0","MEDAK, IN","FM-12","99999","V020","230,1,N,0005,1","22000,1,9,N","010000,1,9,9","+0306,1","+0243,1","10007,1",,,,,,"04,1,+99999,9,03,1",,,"9,AGL   ,+99999,+99999","04,99,1,04,1,99,9,99999,9,99,9,99,9",,,"99999,9,09497,1","9,9,999,9,+009,1",,"SYN06443083 32997 42301 10306 20243 39497 40007 84040 333 10320 58009="
"43083099999","2023-06-30T03:00:00","4","18.05","78.2666666","472.0","MEDAK, IN","FM-12","99999","V020","230,1,N,0005,1","99999,9,9,N","010000,1,9,9","+0262,1","+0217,1","10043,1",,,,,,"03,1,+00800,1,08,1","99,9,+99999,9,03,1",,"9,AGL   ,+99999,+99999","06,99,1,03,1,99,9,00800,1,99,9,99,9","240,M,+0320,1","240,N,+0220,1","99999,9,09525,1","9,9,999,9,+005,1",,"SYN08043083 32597 62301 10262 20217 39525 40043 83130 333 10320 20220 58005 555 10115="
"43083099999","2023-06-30T12:00:00","4","18.05","78.2666666","472.0","MEDAK, IN","FM-12","99999","V020","320,1,N,0010,1","99999,9,9,N","010000,1,9,9","+0322,1","+0236,1","09994,1",,,,,,"03,1,+00800,1,06,1","99,9,+99999,9,03,1",,"9,AGL   ,+99999,+99999","06,99,1,03,1,99,9,00800,1,99,9,99,9","240,M,+0338,1",,"99999,9,09488,1","9,9,999,9,-009,1",,"SYN06443083 32597 63202 10322 20236 39488 49994 83540 333 10338 59009="
"43083099999","2023-07-01T03:00:00","4","18.05","78.2666666","472.0","MEDAK, IN","FM-12","99999","V020","230,1,N,0010,1","99999,9,9,N","010000,1,9,9","+0276,1","+0216,1","10040,1",,,,,,"03,1,+99999,9,03,1",,,"9,AGL   ,+99999,+99999","06,99,1,03,1,99,9,99999,9,99,9,99,9","240,M,+0338,1","240,N,+0223,1","99999,9,09524,1","9,9,999,9,-001,1",,"SYN07043083 32997 62302 10276 20216 39524 40040 83030 333 10338 20223 59001="
"43083099999","2023-07-01T12:00:00","4","18.05","78.2666666","472.0","MEDAK, IN","FM-12","99999","V020","230,1,N,0010,1","99999,9,9,N","010000,1,9,9","+0302,1","+0229,1","10011,1",,,,,,"04,1,+00800,1,06,1","99,9,+99999,9,03,1",,"9,AGL   ,+99999,+99999","06,99,1,04,1,99,9,00800,1,99,9,99,9",,,"99999,9,09501,1","9,9,999,9,+013,1",,"SYN06443083 32597 62302 10302 20229 39501 40011 84440 333 10352 58013="
"43083099999","2023-07-02T03:00:00","4","18.05","78.2666666","472.0","MEDAK, IN","FM-12","99999","V020","230,1,N,0010,1","22000,1,9,N","010000,1,9,9","+0282,1","+0223,1","10040,1",,,,,,"02,1,+99999,9,03,1",,,"9,AGL   ,+99999,+99999","02,99,1,02,1,99,9,99999,9,99,9,99,9","240,M,+0352,1","240,N,+0230,1","99999,9,09525,1","9,9,999,9,+001,1",,"SYN08043083 32997 22302 10282 20223 39525 40040 82030 333 10352 20230 58001 555 10115="
"43083099999","2023-07-02T12:00:00","4","18.05","78.2666666","472.0","MEDAK, IN","FM-12","99999","V020","230,1,N,0010,1","99999,9,9,N","010000,1,9,9","+0302,1","+0229,1","10000,1","09,0060,3,1",,,,,"03,1,+00800,1,06,1","99,9,+99999,9,03,1",,"9,AGL   ,+99999,+99999","06,99,1,03,1,99,9,00800,1,99,9,99,9","240,M,+0322,1",,"99999,9,09491,1","9,9,999,9,-010,1",,"SYN07043083 22597 62302 10302 20229 39491 40000 83540 333 10322 59010 6006/="
"43083099999","2023-07-03T03:00:00","4","18.05","78.2666666","472.0","MEDAK, IN","FM-12","99999","V020","230,1,N,0010,1","99999,9,9,N","010000,1,9,9","+0286,1","+0231,1","10026,1","24,0060,3,1",,,,,"03,1,+00800,1,08,1","99,9,+99999,9,03,1",,"9,AGL   ,+99999,+99999","06,99,1,03,1,99,9,00800,1,99,9,99,9","240,M,+0322,1","240,N,+0220,1","99999,9,09509,1","9,9,999,9,-016,1",,"SYN09243083 22597 62302 10286 20231 39509 40026 83130 333 10322 20220 59016 6006/ 555 00060 10121="
"43083099999","2023-07-03T12:00:00","4","18.05","78.2666666","472.0","MEDAK, IN","FM-12","99999","V020","230,1,N,0005,1","22000,1,9,N","010000,1,9,9","+0336,1","+0236,1","09989,1",,,,,,"02,1,+00800,1,06,1","99,9,+99999,9,03,1",,"9,AGL   ,+99999,+99999","04,99,1,02,1,99,9,00800,1,99,9,99,9","240,M,+0346,1",,"99999,9,09485,1","9,9,999,9,-006,1",,"SYN06443083 32597 42301 10336 20236 39485 49989 82530 333 10346 59006="
"43083099999","2023-07-04T03:00:00","4","18.05","78.2666666","472.0","MEDAK, IN","FM-12","99999","V020","230,1,N,0005,1","99999,9,9,N","010000,1,9,9","+0262,1","+0233,1","10005,1",,,,,,"03,1,+00800,1,08,1","99,9,+99999,9,03,1",,"9,AGL   ,+99999,+99999","06,99,1,03,1,99,9,00800,1,99,9,99,9","240,M,+0346,1","240,N,+0233,1","99999,9,09489,1","9,9,999,9,-020,1",,"SYN08043083 32597 62301 10262 20233 39489 40005 83160 333 10346 20233 59020 555 10121="
"43083099999","2023-07-04T12:00:00","4","18.05","78.2666666","472.0","MEDAK, IN","FM-12","99999","V020","230,1,N,0010,1","99999,9,9,N","010000,1,9,9","+0326,1","+0240,1","09975,1",,,,,,"04,1,+00800,1,06,1","99,9,+99999,9,03,1",,"9,AGL   ,+99999,+99999","06,99,1,04,1,99,9,00800,1,99,9,99,9","240,M,+0352,1",,"99999,9,09470,1","9,9,999,9,-015,1",,"SYN06443083 32597 62302 10326 20240 39470 49975 84460 333 10352 59015="
"43083099999","2023-07-05T03:00:00","4","18.05","78.2666666","472.0","MEDAK, IN","FM-12","99999","V020","230,1,N,0005,1","99999,9,9,N","010000,1,9,9","+0242,1","+0236,1","09987,1","24,0470,3,1",,,,,"05,1,+00800,1,07,1","99,9,+99999,9,03,1",,"9,AGL   ,+99999,+99999","08,99,1,05,1,99,9,00800,1,99,9,99,9","240,M,+0352,1","240,N,+0210,1","99999,9,09469,1","9,9,999,9,-020,1",,"SYN09243083 22597 82301 10242 20236 39469 49987 85760 333 10352 20210 59020 6047/ 555 00470 10168="
"43083099999","2023-07-05T12:00:00","4","18.05","78.2666666","472.0","MEDAK, IN","FM-12","99999","V020","230,1,N,0005,1","99999,9,9,N","010000,1,9,9","+0282,1","+0239,1","09958,1",,,,,,"03,1,+00800,1,06,1","99,9,+99999,9,03,1",,"9,AGL   ,+99999,+99999","06,99,1,03,1,99,9,00800,1,99,9,99,9",,,"99999,9,09448,1","9,9,999,9,-022,1",,"SYN06443083 32597 62301 10282 20239 39448 49958 83440 333 10330 59022="
"43083099999","2023-07-06T03:00:00","4","18.05","78.2666666","472.0","MEDAK, IN","FM-12","99999","V020","230,1,N,0005,1","99999,9,9,N","010000,1,9,9","+0266,1","+0231,1","09997,1",,,,,,"05,1,+00800,1,06,1","99,9,+99999,9,03,1",,"9,AGL   ,+99999,+99999","07,99,1,05,1,99,9,00800,1,99,9,99,9","240,M,+0330,1","240,N,+0225,1","99999,9,09481,1","9,9,999,9,+012,1",,"SYN08043083 32597 72301 10266 20231 39481 49997 85460 333 10330 20225 58012 555 10168="
"43083099999","2023-07-06T12:00:00","4","18.05","78.2666666","472.0","MEDAK, IN","FM-12","99999","V020","230,1,N,0005,1","99999,9,9,N","010000,1,9,9","+0302,1","+0236,1","09971,1",,,,,,"03,1,+00800,1,08,1","99,9,+99999,9,03,1",,"9,AGL   ,+99999,+99999","06,99,1,03,1,99,9,00800,1,99,9,99,9","240,M,+0326,1",,"99999,9,09463,1","9,9,999,9,+015,1",,"SYN06443083 32597 62301 10302 20236 39463 49971 83160 333 10326 58015="
"43083099999","2023-07-07T03:00:00","4","18.05","78.2666666","472.0","MEDAK, IN","FM-12","99999","V020","230,1,N,0005,1","99999,9,9,N","010000,1,9,9","+0252,1","+0211,1","10014,1",,,,,,"04,1,+00800,1,06,1","99,9,+99999,9,03,1",,"9,AGL   ,+99999,+99999","07,99,1,04,1,99,9,00800,1,99,9,99,9","240,M,+0326,1","240,N,+0220,1","99999,9,09495,1","9,9,999,9,+014,1",,"SYN08043083 32597 72301 10252 20211 39495 40014 84460 333 10326 20220 58014 555 10168="
"43083099999","2023-07-08T03:00:00","4","18.05","78.2666666","472.0","MEDAK, IN","FM-12","99999","V020","230,1,N,0005,1","99999,9,9,N","010000,1,9,9","+0256,1","+0220,1","10035,1",,,,,,"03,1,+00800,1,08,1","99,9,+99999,9,03,1",,"9,AGL   ,+99999,+99999","06,99,1,03,1,99,9,00800,1,99,9,99,9","240,M,+0324,1","240,N,+0223,1","99999,9,09515,1","9,9,999,9,+020,1",,"SYN07043083 32597 62301 10256 20220 39515 40035 83140 333 10324 20223 58020="
"43083099999","2023-07-08T12:00:00","4","18.05","78.2666666","472.0","MEDAK, IN","FM-12","99999","V020","230,1,N,0010,1","99999,9,9,N","010000,1,9,9","+0266,1","+0260,1","10004,1","09,0080,3,1",,,,,"08,1,+00800,1,07,1",,,"9,AGL   ,+99999,+99999","08,99,1,08,1,99,9,00800,1,99,9,99,9","240,M,+0320,1",,"99999,9,09488,1","9,9,999,9,+015,1",,"SYN07043083 22597 82302 10266 20260 39488 40004 88700 333 10320 58015 6008/="
"43083099999","2023-07-09T03:00:00","4","18.05","78.2666666","472.0","MEDAK, IN","FM-12","99999","V020","230,1,N,0005,1","99999,9,9,N","010000,1,9,9","+0256,1","+0226,1","10045,1","24,0090,3,1",,,,,"04,1,+00800,1,08,1","99,9,+99999,9,03,1",,"9,AGL   ,+99999,+99999","07,99,1,04,1,99,9,00800,1,99,9,99,9","240,M,+0320,1","240,N,+0215,1","99999,9,09525,1","9,9,999,9,+010,1",,"SYN09243083 22597 72301 10256 20226 39525 40045 84160 333 10320 20215 58010 6009/ 555 00090 10177="
"43083099999","2023-07-09T12:00:00","4","18.05","78.2666666","472.0","MEDAK, IN","FM-12","99999","V020","230,1,N,0005,1","99999,9,9,N","010000,1,9,9","+0312,1","+0256,1","10010,1",,,,,,"03,1,+00800,1,08,1","99,9,+99999,9,03,1",,"9,AGL   ,+99999,+99999","06,99,1,03,1,99,9,00800,1,99,9,99,9","240,M,+0340,1",,"99999,9,09502,1","9,9,999,9,+014,1",,"SYN06443083 32597 62301 10312 20256 39502 40010 83130 333 10340 58014="
"43083099999","2023-07-10T03:00:00","4","18.05","78.2666666","472.0","MEDAK, IN","FM-12","99999","V020","230,1,N,0005,1","99999,9,9,N","010000,1,9,9","+0266,1","+0231,1","10045,1",,,,,,"03,1,+00800,1,08,1","99,9,+99999,9,03,1",,"9,AGL   ,+99999,+99999","05,99,1,03,1,99,9,00800,1,99,9,99,9","240,M,+0340,1","240,N,+0233,1","99999,9,09527,1","9,9,999,9,+002,1",,"SYN08043083 32597 52301 10266 20231 39527 40045 83130 333 10340 20233 58002 555 10177="
"43083099999","2023-07-10T12:00:00","4","18.05","78.2666666","472.0","MEDAK, IN","FM-12","99999","V020","230,1,N,0005,1","99999,9,9,N","010000,1,9,9","+0330,1","+0248,1","09999,1",,,,,,"04,1,+00800,1,06,1","99,9,+99999,9,03,1",,"9,AGL   ,+99999,+99999","07,99,1,04,1,99,9,00800,1,99,9,99,9","240,M,+0340,1",,"99999,9,09493,1","9,9,999,9,-001,1",,"SYN06443083 32597 72301 10330 20248 39493 49999 84460 333 10340 59001="
"43083099999","2023-07-11T03:00:00","4","18.05","78.2666666","472.0","MEDAK, IN","FM-12","99999","V020","230,1,N,0005,1","99999,9,9,N","010000,1,9,9","+0252,1","+0237,1","10045,1","24,0010,3,1",,,,,"06,1,+00800,1,07,1","99,9,+99999,9,03,1",,"9,AGL   ,+99999,+99999","08,99,1,06,1,99,9,00800,1,99,9,99,9","240,M,+0340,1","240,N,+0223,1","99999,9,09525,1","9,9,999,9,-002,1",,"SYN09243083 22597 82301 10252 20237 39525 40045 86760 333 10340 20223 59002 6001/ 555 00010 10178="
"43083099999","2023-07-11T12:00:00","4","18.05","78.2666666","472.0","MEDAK, IN","FM-12","99999","V020","230,1,N,0010,1","99999,9,9,N","010000,1,9,9","+0276,1","+0241,1","10014,1",,,,,,"07,1,+00800,1,07,1","99,9,+99999,9,03,1",,"9,AGL   ,+99999,+99999","08,99,1,07,1,99,9,00800,1,99,9,99,9","240,M,+0278,1",,"99999,9,09499,1","9,9,999,9,+006,1",,"SYN06443083 32597 82302 10276 20241 39499 40014 87760 333 10278 58006="
"43083099999","2023-07-12T03:00:00","4","18.05","78.2666666","472.0","MEDAK, IN","FM-12","99999","V020","230,1,N,0005,1","99999,9,9,N","010000,1,9,9","+0232,1","+0217,1","10042,1","24,0060,3,1",,,,,"05,1,+00800,1,07,1","99,9,+99999,9,03,1",,"9,AGL   ,+99999,+99999","08,99,1,05,1,99,9,00800,1,99,9,99,9","240,M,+0278,1","240,N,+0200,1","99999,9,09518,1","9,9,999,9,-007,1",,"SYN09243083 22597 82301 10232 20217 39518 40042 85760 333 10278 20200 59007 6006/ 555 00056 10184="
"43083099999","2023-07-12T12:00:00","4","18.05","78.2666666","472.0","MEDAK, IN","FM-12","99999","V020","230,1,N,0005,1","99999,9,9,N","010000,1,9,9","+0236,1","+0230,1","10005,1","09,0580,3,1",,,,,"08,1,+00800,1,07,1",,,"9,AGL   ,+99999,+99999","08,99,1,08,1,99,9,00800,1,99,9,99,9",,,"99999,9,09484,1","9,9,999,9,-015,1",,"SYN07043083 22597 82301 10236 20230 39484 40005 88700 333 10291 59015 6058/="
"43083099999","2023-07-13T03:00:00","4","18.05","78.2666666","472.0","MEDAK, IN","FM-12","99999","V020","230,1,N,0005,1","99999,9,9,N","010000,1,9,9","+0252,1","+0243,1","10027,1","24,0640,3,1",,,,,"05,1,+00800,1,06,1","99,9,+99999,9,03,1",,"9,AGL   ,+99999,+99999","08,99,1,05,1,99,9,00800,1,99,9,99,9","240,M,+0291,1","240,N,+0213,1","99999,9,09508,1","9,9,999,9,-010,1",,"SYN09243083 22597 82301 10252 20243 39508 40027 85460 333 10291 20213 59010 6064/ 555 00640 10248="
"43083099999","2023-07-13T12:00:00","4","18.05","78.2666666","472.0","MEDAK, IN","FM-12","99999","V020","230,1,N,0005,1","99999,9,9,N","010000,1,9,9","+0310,1","+0257,1","09993,1",,,,,,"04,1,+00800,1,08,1","99,9,+99999,9,03,1",,"9,AGL   ,+99999,+99999","07,99,1,04,1,99,9,00800,1,99,9,99,9","240,M,+0322,1",,"99999,9,09484,1","9,9,999,9,+000,1",,"SYN06443083 32597 72301 10310 20257 39484 49993 84160 333 10322 58000="
"43083099999","2023-07-14T03:00:00","4","18.05","78.2666666","472.0","MEDAK, IN","FM-12","99999","V020","230,1,N,0005,1","99999,9,9,N","010000,1,9,9","+0276,1","+0226,1","10036,1",,,,,,"03,1,+00800,1,08,1","99,9,+99999,9,03,1",,"9,AGL   ,+99999,+99999","06,99,1,03,1,99,9,00800,1,99,9,99,9","240,M,+0322,1","240,N,+0220,1","99999,9,09520,1","9,9,999,9,+012,1",,"SYN08043083 32597 62301 10276 20226 39520 40036 83160 333 10322 20220 58012 555 10248="
"43083099999","2023-07-14T12:00:00","4","18.05","78.2666666","472.0","MEDAK, IN","FM-12","99999","V020","230,1,N,0005,1","22000,1,9,N","010000,1,9,9","+0312,1","+0262,1","09996,1",,,,,,"04,1,+99999,9,03,1",,,"9,AGL   ,+99999,+99999","04,99,1,04,1,99,9,99999,9,99,9,99,9","240,M,+0326,1",,"99999,9,09489,1","9,9,999,9,+005,1",,"SYN06443083 32997 42301 10312 20262 39489 49996 84040 333 10326 58005="
"43083099999","2023-07-15T03:00:00","4","18.05","78.2666666","472.0","MEDAK, IN","FM-12","99999","V020","230,1,N,0005,1","99999,9,9,N","010000,1,9,9","+0252,1","+0228,1","99999,9","24,0030,3,1",,,,,"05,1,+00800,1,08,1","99,9,+99999,9,03,1",,"9,AGL   ,+99999,+99999","08,99,1,05,1,99,9,00800,1,99,9,99,9","240,M,+0326,1","240,N,+0215,1","99999,9,09520,1","9,9,999,9,+000,1",,"SYN09243083 22597 82301 10252 20228 39520 4004/ 85160 333 10326 20215 58000 6003/ 555 00028 10251="
"43083099999","2023-07-17T12:00:00","4","18.05","78.2666666","472.0","MEDAK, IN","FM-12","99999","V020","230,1,N,0005,1","99999,9,9,N","010000,1,9,9","+0276,1","+0232,1","09988,1",,,,,,"05,1,+00800,1,07,1","99,9,+99999,9,03,1",,"9,AGL   ,+99999,+99999","08,99,1,05,1,99,9,00800,1,99,9,99,9",,,"99999,9,09474,1","9,9,999,9,-021,1",,"SYN06443083 32597 82301 10276 20232 39474 49988 85760 333 10282 59021="
"43083099999","2023-07-18T03:00:00","4","18.05","78.2666666","472.0","MEDAK, IN","FM-12","99999","V020","230,1,N,0005,1","99999,9,9,N","010000,1,9,9","+0232,1","+0232,1","10032,1","24,0260,3,1",,,,,"08,1,+00800,1,07,1",,,"9,AGL   ,+99999,+99999","08,99,1,08,1,99,9,00800,1,99,9,99,9","240,M,+0282,1","240,N,+0200,1","99999,9,09510,1","9,9,999,9,+002,1",,"SYN09243083 22597 82301 10232 20232 39510 40032 88700 333 10282 20200 58002 6026/ 555 00260 10283="
"43083099999","2023-07-18T12:00:00","4","18.05","78.2666666","472.0","MEDAK, IN","FM-12","99999","V020","320,1,N,0010,1","99999,9,9,N","010000,1,9,9","+0242,1","+0233,1","09990,1","09,0310,3,1",,,,,"08,1,+00800,1,07,1",,,"9,AGL   ,+99999,+99999","08,99,1,08,1,99,9,00800,1,99,9,99,9","240,M,+0246,1",,"99999,9,09472,1","9,9,999,9,-003,1",,"SYN07043083 22597 83202 10242 20233 39472 49990 88700 333 10246 59003 6031/="
"43083099999","2023-07-19T03:00:00","4","18.05","78.2666666","472.0","MEDAK, IN","FM-12","99999","V020","230,1,N,0010,1","99999,9,9,N","010000,1,9,9","+0232,1","+0232,1","09984,1","24,0610,3,1",,,,,"08,1,+00800,1,07,1",,,"9,AGL   ,+99999,+99999","08,99,1,08,1,99,9,00800,1,99,9,99,9","240,M,+0246,1","240,N,+0200,1","99999,9,09464,1","9,9,999,9,-046,1",,"SYN09243083 22597 82302 10232 20232 39464 49984 88700 333 10246 20200 59046 6061/ 555 00608 10344="
"43083099999","2023-07-19T12:00:00","4","18.05","78.2666666","472.0","MEDAK, IN","FM-12","99999","V020","230,1,N,0010,1","99999,9,9,N","010000,1,9,9","+0246,1","+0246,1","09974,1","09,0190,3,1",,,,,"08,1,+00800,1,08,1",,,"9,AGL   ,+99999,+99999","08,99,1,08,1,99,9,00800,1,99,9,99,9",,,"99999,9,09456,1","9,9,999,9,-016,1",,"SYN07043083 22597 82302 10246 20246 39456 49974 88800 333 10246 59016 6019/="
"43083099999","2023-07-20T03:00:00","4","18.05","78.2666666","472.0","MEDAK, IN","FM-12","99999","V020","230,1,N,0010,1","99999,9,9,N","010000,1,9,9","+0226,1","+0226,1","09992,1","24,1310,3,1",,,,,"08,1,+00800,1,07,1",,,"9,AGL   ,+99999,+99999","08,99,1,08,1,99,9,00800,1,99,9,99,9","240,M,+0246,1","240,N,+0198,1","99999,9,09470,1","9,9,999,9,+006,1",,"SYN09243083 22597 82302 10226 20226 39470 49992 88700 333 10246 20198 58006 6131/ 555 01312 10475="
"43083099999","2023-07-21T03:00:00","4","18.05","78.2666666","472.0","MEDAK, IN","FM-12","99999","V020","230,1,N,0010,1","99999,9,9,N","010000,1,9,9","+0236,1","+0236,1","09996,1","24,0960,3,1",,,,,"08,1,+00800,1,07,1",,,"9,AGL   ,+99999,+99999","08,99,1,08,1,99,9,00800,1,99,9,99,9","240,M,+0238,1","240,N,+0200,1","99999,9,09475,1","9,9,999,9,+005,1",,"SYN09243083 22597 82302 10236 20236 39475 49996 88700 333 10238 20200 58005 6096/ 555 00964 10571="
"43083099999","2023-07-21T12:00:00","4","18.05","78.2666666","472.0","MEDAK, IN","FM-12","99999","V020","230,1,N,0010,1","99999,9,9,N","010000,1,9,9","+0246,1","+0240,1","09971,1","09,0210,3,1",,,,,"08,1,+00800,1,08,1",,,"9,AGL   ,+99999,+99999","08,99,1,08,1,99,9,00800,1,99,9,99,9","240,M,+0246,1",,"99999,9,09454,1","9,9,999,9,+005,1",,"SYN07043083 22597 82302 10246 20240 39454 49971 88800 333 10246 58005 6021/="
"43083099999","2023-07-22T03:00:00","4","18.05","78.2666666","472.0","MEDAK, IN","FM-12","99999","V020","230,1,N,0005,1","99999,9,9,N","010000,1,9,9","+0234,1","+0231,1","10001,1","24,0270,3,1",,,,,"08,1,+00800,1,07,1",,,"9,AGL   ,+99999,+99999","08,99,1,08,1,99,9,00800,1,99,9,99,9","240,M,+0246,1","240,N,+0206,1","99999,9,09480,1","9,9,999,9,+005,1",,"SYN09243083 22597 82301 10234 20231 39480 40001 88700 333 10246 20206 58005 6027/ 555 00270 10598="
"43083099999","2023-07-22T12:00:00","4","18.05","78.2666666","472.0","MEDAK, IN","FM-12","99999","V020","320,1,N,0005,1","99999,9,9,N","010000,1,9,9","+0262,1","+0262,1","09973,1","09,0010,3,1",,,,,"08,1,+00800,1,08,1",,,"9,AGL   ,+99999,+99999","08,99,1,08,1,99,9,00800,1,99,9,99,9","240,M,+0266,1",,"99999,9,09458,1","9,9,999,9,+004,1",,"SYN07043083 22597 83201 10262 20262 39458 49973 88800 333 10266 58004 6001/="
"43083099999","2023-07-23T03:00:00","4","18.05","78.2666666","472.0","MEDAK, IN","FM-12","99999","V020","230,1,N,0005,1","99999,9,9,N","010000,1,9,9","+0246,1","+0231,1","10022,1","24,0020,3,1",,,,,"08,1,+00800,1,07,1",,,"9,AGL   ,+99999,+99999","08,99,1,08,1,99,9,00800,1,99,9,99,9","240,M,+0266,1","240,N,+0213,1","99999,9,09501,1","9,9,999,9,+021,1",,"SYN09243083 22597 82301 10246 20231 39501 40022 88700 333 10266 20213 58021 6002/ 555 00020 10600="
"43083099999","2023-07-23T12:00:00","4","18.05","78.2666666","472.0","MEDAK, IN","FM-12","99999","V020","230,1,N,0010,1","99999,9,9,N","010000,1,9,9","+0276,1","+0241,1","10002,1",,,,,,"05,1,+00800,1,08,1","99,9,+99999,9,03,1",,"9,AGL   ,+99999,+99999","08,99,1,05,1,99,9,00800,1,99,9,99,9",,,"99999,9,09488,1","9,9,999,9,+030,1",,"SYN06443083 32597 82302 10276 20241 39488 40002 85860 333 10286 58030="
"43083099999","2023-07-24T03:00:00","4","18.05","78.2666666","472.0","MEDAK, IN","FM-12","99999","V020","230,1,N,0005,1","99999,9,9,N","010000,1,9,9","+0246,1","+0240,1","10009,1","24,0060,3,1",,,,,"04,1,+00800,1,06,1","99,9,+99999,9,03,1",,"9,AGL   ,+99999,+99999","08,99,1,04,1,99,9,00800,1,99,9,99,9","240,M,+0286,1","240,N,+0213,1","99999,9,09489,1","9,9,999,9,-012,1",,"SYN09243083 22597 82301 10246 20240 39489 40009 84460 333 10286 20213 59012 6006/ 555 00064 10607="
"43083099999","2023-07-24T12:00:00","4","18.05","78.2666666","472.0","MEDAK, IN","FM-12","99999","V020","320,1,N,0010,1","99999,9,9,N","010000,1,9,9","+0256,1","+0250,1","09990,1","09,0100,3,1",,,,,"05,1,+00800,1,06,1","99,9,+99999,9,03,1",,"9,AGL   ,+99999,+99999","08,99,1,05,1,99,9,00800,1,99,9,99,9",,,"99999,9,09473,1","9,9,999,9,-015,1",,"SYN07043083 22597 83202 10256 20250 39473 49990 85460 333 10266 59015 6010/="
"43083099999","2023-07-25T03:00:00","4","18.05","78.2666666","472.0","MEDAK, IN","FM-12","99999","V020","230,1,N,0005,1","99999,9,9,N","010000,1,9,9","+0234,1","+0231,1","10015,1","24,0410,3,1",,,,,"08,1,+00800,1,07,1",,,"9,AGL   ,+99999,+99999","08,99,1,08,1,99,9,00800,1,99,9,99,9","240,M,+0266,1","240,N,+0206,1","99999,9,09494,1","9,9,999,9,+005,1",,"SYN09243083 22597 82301 10234 20231 39494 40015 88700 333 10266 20206 58005 6041/ 555 00412 10648="
"43083099999","2023-07-25T12:00:00","4","18.05","78.2666666","472.0","MEDAK, IN","FM-12","99999","V020","230,1,N,0010,1","99999,9,9,N","010000,1,9,9","+0252,1","+0252,1","09985,1","09,0080,3,1",,,,,"08,1,+00800,1,08,1",,,"9,AGL   ,+99999,+99999","08,99,1,08,1,99,9,00800,1,99,9,99,9","240,M,+0276,1",,"99999,9,09468,1","9,9,999,9,-005,1",,"SYN07043083 22597 82302 10252 20252 39468 49985 88800 333 10276 59005 6008/="
"43083099999","2023-07-26T03:00:00","4","18.05","78.2666666","472.0","MEDAK, IN","FM-12","99999","V020","320,1,N,0010,1","99999,9,9,N","010000,1,9,9","+0236,1","+0236,1","10021,1","24,0470,3,1",,,,,"08,1,+00800,1,07,1",,,"9,AGL   ,+99999,+99999","08,99,1,08,1,99,9,00800,1,99,9,99,9","240,M,+0276,1","240,N,+0208,1","99999,9,09499,1","9,9,999,9,+005,1",,"SYN09243083 22597 83202 10236 20236 39499 40021 88700 333 10276 20208 58005 6047/ 555 00472 10695="
"43083099999","2023-07-26T12:00:00","4","18.05","78.2666666","472.0","MEDAK, IN","FM-12","99999","V020","230,1,N,0010,1","99999,9,9,N","010000,1,9,9","+0254,1","+0251,1","09986,1","09,0020,3,1",,,,,"08,1,+00800,1,08,1",,,"9,AGL   ,+99999,+99999","08,99,1,08,1,99,9,00800,1,99,9,99,9","240,M,+0262,1",,"99999,9,09469,1","9,9,999,9,+001,1",,"SYN07043083 22597 82302 10254 20251 39469 49986 88800 333 10262 58001 6002/="
"43083099999","2023-07-27T03:00:00","4","18.05","78.2666666","472.0","MEDAK, IN","FM-12","99999","V020","230,1,N,0010,1","99999,9,9,N","010000,1,9,9","+0230,1","+0230,1","10015,1","24,0490,3,1",,,,,"08,1,+00800,1,07,1",,,"9,AGL   ,+99999,+99999","08,99,1,08,1,99,9,00800,1,99,9,99,9","240,M,+0262,1","240,N,+0198,1","99999,9,09492,1","9,9,999,9,-007,1",,"SYN09243083 22597 82302 10230 20230 39492 40015 88700 333 10262 20198 59007 6049/ 555 00490 10744="
"43083099999","2023-07-27T12:00:00","4","18.05","78.2666666","472.0","MEDAK, IN","FM-12","99999","V020","230,1,N,0010,1","00600,1,C,9","010000,1,9,9","+0246,1","+0240,1","09988,1",,,,"0,1,99,9","0,1,99,9","08,1,+00600,1,08,1",,,"9,AGL   ,+99999,+99999","08,99,1,08,1,99,9,00600,1,99,9,99,9",,,"99999,9,09470,1","9,9,999,9,+001,1",,"SYN004BUFR"
"43083099999","2023-07-28T03:00:00","4","18.05","78.2666666","472.0","MEDAK, IN","FM-12","99999","V020","230,1,N,0010,1","99999,9,9,N","010000,1,9,9","+0236,1","+0221,1","10023,1","24,0310,3,1",,,,,"05,1,+00800,1,06,1","99,9,+99999,9,03,1",,"9,AGL   ,+99999,+99999","08,99,1,05,1,99,9,00800,1,99,9,99,9","240,M,+0252,1","240,N,+0206,1","99999,9,09501,1","9,9,999,9,+009,1",,"SYN09243083 22597 82302 10236 20221 39501 40023 85460 333 10252 20206 58009 6031/ 555 00314 10776="
"43083099999","2023-07-28T12:00:00","4","18.05","78.2666666","472.0","MEDAK, IN","FM-12","99999","V020","230,1,N,0010,1","99999,9,9,N","010000,1,9,9","+0272,1","+0234,1","09998,1",,,,,,"04,1,+00800,1,06,1","99,9,+99999,9,03,1",,"9,AGL   ,+99999,+99999","08,99,1,04,1,99,9,00800,1,99,9,99,9","240,M,+0274,1",,"99999,9,09484,1","9,9,999,9,+014,1",,"SYN06443083 32597 82302 10272 20234 39484 49998 84460 333 10274 58014="
"43083099999","2023-07-29T03:00:00","4","18.05","78.2666666","472.0","MEDAK, IN","FM-12","99999","V020","320,1,N,0010,1","99999,9,9,N","010000,1,9,9","+0248,1","+0233,1","10037,1",,,,,,"04,1,+00800,1,08,1","99,9,+99999,9,03,1",,"9,AGL   ,+99999,+99999","07,99,1,04,1,99,9,00800,1,99,9,99,9","240,M,+0274,1","240,N,+0210,1","99999,9,09515,1","9,9,999,9,+014,1",,"SYN08043083 32597 73202 10248 20233 39515 40037 84140 333 10274 20210 58014 555 10776="
"43083099999","2023-07-29T12:00:00","4","18.05","78.2666666","472.0","MEDAK, IN","FM-12","99999","V020","230,1,N,0010,1","99999,9,9,N","010000,1,9,9","+0276,1","+0241,1","10014,1",,,,,,"05,1,+00800,1,06,1","99,9,+99999,9,03,1",,"9,AGL   ,+99999,+99999","08,99,1,05,1,99,9,00800,1,99,9,99,9","240,M,+0296,1",,"99999,9,09499,1","9,9,999,9,+015,1",,"SYN06443083 32597 82302 10276 20241 39499 40014 85460 333 10296 58015="
"43083099999","2023-07-30T03:00:00","4","18.05","78.2666666","472.0","MEDAK, IN","FM-12","99999","V020","230,1,N,0010,1","99999,9,9,N","010000,1,9,9","+0252,1","+0228,1","10039,1",,,,,,"03,1,+00800,1,08,1","99,9,+99999,9,03,1",,"9,AGL   ,+99999,+99999","06,99,1,03,1,99,9,00800,1,99,9,99,9","240,M,+0296,1","240,N,+0210,1","99999,9,09519,1","9,9,999,9,+004,1",,"SYN08043083 32597 62302 10252 20228 39519 40039 83160 333 10296 20210 58004 555 10776="
"43083099999","2023-07-30T12:00:00","4","18.05","78.2666666","472.0","MEDAK, IN","FM-12","99999","V020","320,1,N,0010,1","99999,9,9,N","010000,1,9,9","+0278,1","+0243,1","10013,1","09,0010,3,1",,,,,"04,1,+00800,1,06,1","99,9,+99999,9,03,1",,"9,AGL   ,+99999,+99999","07,99,1,04,1,99,9,00800,1,99,9,99,9","240,M,+0294,1",,"99999,9,09498,1","9,9,999,9,-001,1",,"SYN07043083 22597 73202 10278 20243 39498 40013 84460 333 10294 59001 6001/="
"43083099999","2023-07-31T03:00:00","4","18.05","78.2666666","472.0","MEDAK, IN","FM-12","99999","V020","230,1,N,0010,1","99999,9,9,N","010000,1,9,9","+0256,1","+0226,1","10033,1","24,0020,3,1",,,,,"05,1,+00800,1,07,1","99,9,+99999,9,03,1",,"9,AGL   ,+99999,+99999","08,99,1,05,1,99,9,00800,1,99,9,99,9","240,M,+0294,1","240,N,+0212,1","99999,9,09514,1","9,9,999,9,-005,1",,"SYN09243083 22597 82302 10256 20226 39514 40033 85760 333 10294 20212 59005 6002/ 555 00022 10778="
"43083099999","2023-07-31T12:00:00","4","18.05","78.2666666","472.0","MEDAK, IN","FM-12","99999","V020","230,1,N,0010,1","99999,9,9,N","010000,1,9,9","+0262,1","+0245,1","10009,1","09,0090,3,1",,,,,"06,1,+00800,1,07,1","99,9,+99999,9,03,1",,"9,AGL   ,+99999,+99999","08,99,1,06,1,99,9,00800,1,99,9,99,9",,,"99999,9,09493,1","9,9,999,9,-005,1",,"SYN07043083 22597 82302 10262 20245 39493 40009 86760 333 10302 59005 6009/="
"43083099999","2023-08-01T03:00:00","4","18.05","78.2666666","472.0","MEDAK, IN","FM-12","99999","V020","230,1,N,0010,1","99999,9,9,N","010000,1,9,9","+0248,1","+0233,1","10030,1","24,0370,3,1",,,,,"04,1,+00800,1,08,1","99,9,+99999,9,03,1",,"9,AGL   ,+99999,+99999","07,99,1,04,1,99,9,00800,1,99,9,99,9","240,M,+0302,1","240,N,+0203,1","99999,9,09509,1","9,9,999,9,-005,1",,"SYN09243083 22597 72302 10248 20233 39509 40030 84160 333 10302 20203 59005 6037/ 555 00370 10815="
"43083099999","2023-08-01T12:00:00","4","18.05","78.2666666","472.0","MEDAK, IN","FM-12","99999","V020","320,1,N,0010,1","99999,9,9,N","010000,1,9,9","+0290,1","+0241,1","09996,1","09,0020,3,1",,,,,"05,1,+00800,1,06,1","99,9,+99999,9,03,1",,"9,AGL   ,+99999,+99999","08,99,1,05,1,99,9,00800,1,99,9,99,9",,,"99999,9,09483,1","9,9,999,9,-010,1",,"SYN07043083 22597 83202 10290 20241 39483 49996 85460 333 10298 59010 6002/="
"43083099999","2023-08-02T03:00:00","4","18.05","78.2666666","472.0","MEDAK, IN","FM-12","99999","V020","230,1,N,0010,1","99999,9,9,N","010000,1,9,9","+0252,1","+0228,1","10028,1","24,0020,3,1",,,,,"08,1,+00800,1,07,1",,,"9,AGL   ,+99999,+99999","08,99,1,08,1,99,9,00800,1,99,9,99,9","240,M,+0298,1","240,N,+0214,1","99999,9,09509,1","9,9,999,9,+000,1",,"SYN09243083 22597 82302 10252 20228 39509 40028 88700 333 10298 20214 58000 6002/ 555 00020 10817="
"43083099999","2023-08-02T12:00:00","4","18.05","78.2666666","472.0","MEDAK, IN","FM-12","99999","V020","230,1,N,0005,1","99999,9,9,N","010000,1,9,9","+0282,1","+0246,1","10001,1",,,,,,"04,1,+00800,1,07,1","99,9,+99999,9,03,1",,"9,AGL   ,+99999,+99999","07,99,1,04,1,99,9,00800,1,99,9,99,9","240,M,+0292,1",,"99999,9,09488,1","9,9,999,9,+005,1",,"SYN06443083 32597 72301 10282 20246 39488 40001 84760 333 10292 58005="
"43083099999","2023-08-03T03:00:00","4","18.05","78.2666666","472.0","MEDAK, IN","FM-12","99999","V020","230,1,N,0005,1","99999,9,9,N","010000,1,9,9","+0252,1","+0222,1","10023,1",,,,,,"08,1,+00800,1,07,1",,,"9,AGL   ,+99999,+99999","08,99,1,08,1,99,9,00800,1,99,9,99,9","240,M,+0292,1","240,N,+0218,1","99999,9,09504,1","9,9,999,9,-005,1",,"SYN08043083 32597 82301 10252 20222 39504 40023 88700 333 10292 20218 59005 555 10817="
"43083099999","2023-08-03T12:00:00","4","18.05","78.2666666","472.0","MEDAK, IN","FM-12","99999","V020","230,1,N,0005,1","99999,9,9,N","010000,1,9,9","+0279,1","+0241,1","10002,1",,,,,,"06,1,+00800,1,07,1","99,9,+99999,9,03,1",,"9,AGL   ,+99999,+99999","08,99,1,06,1,99,9,00800,1,99,9,99,9","240,M,+0282,1",,"99999,9,09488,1","9,9,999,9,+000,1",,"SYN06443083 32597 82301 10279 20241 39488 40002 86760 333 10282 58000="
"43083099999","2023-08-04T03:00:00","4","18.05","78.2666666","472.0","MEDAK, IN","FM-12","99999","V020","230,1,N,0010,1","99999,9,9,N","010000,1,9,9","+0252,1","+0228,1","10033,1",,,,,,"04,1,+00800,1,08,1","99,9,+99999,9,03,1",,"9,AGL   ,+99999,+99999","08,99,1,04,1,99,9,00800,1,99,9,99,9","240,M,+0282,1","240,N,+0214,1","99999,9,09514,1","9,9,999,9,+010,1",,"SYN08043083 32597 82302 10252 20228 39514 40033 84160 333 10282 20214 58010 555 10817="
"43083099999","2023-08-04T12:00:00","4","18.05","78.2666666","472.0","MEDAK, IN","FM-12","99999","V020","230,1,N,0010,1","22000,1,9,N","010000,1,9,9","+0306,1","+0230,1","10008,1",,,,,,"04,1,+99999,9,03,1",,,"9,AGL   ,+99999,+99999","04,99,1,04,1,99,9,99999,9,99,9,99,9","240,M,+0316,1",,"99999,9,09498,1","9,9,999,9,+010,1",,"SYN06443083 32997 42302 10306 20230 39498 40008 84030 333 10316 58010="
"43083099999","2023-08-05T03:00:00","4","18.05","78.2666666","472.0","MEDAK, IN","FM-12","99999","V020","230,1,N,0010,1","99999,9,9,N","010000,1,9,9","+0262,1","+0223,1","10015,1",,,,,,"04,1,+00800,1,06,1","99,9,+99999,9,03,1",,"9,AGL   ,+99999,+99999","06,99,1,04,1,99,9,00800,1,99,9,99,9","240,M,+0316,1","240,N,+0220,1","99999,9,09498,1","9,9,999,9,-016,1",,"SYN08043083 32597 62302 10262 20223 39498 40015 84530 333 10316 20220 59016 555 10817="
"43083099999","2023-08-05T12:00:00","4","18.05","78.2666666","472.0","MEDAK, IN","FM-12","99999","V020","230,1,N,0005,1","99999,9,9,N","010000,1,9,9","+0318,1","+0228,1","09994,1",,,,,,"02,1,+00800,1,06,1","99,9,+99999,9,03,1",,"9,AGL   ,+99999,+99999","05,99,1,02,1,99,9,00800,1,99,9,99,9",,,"99999,9,09487,1","9,9,999,9,-011,1",,"SYN06443083 32597 52301 10318 20228 39487 49994 82540 333 10328 59011="
"43083099999","2023-08-06T03:00:00","4","18.05","78.2666666","472.0","MEDAK, IN","FM-12","99999","V020","320,1,N,0005,1","99999,9,9,N","010000,1,9,9","+0256,1","+0214,1","10059,1",,,,,,"05,1,+00800,1,08,1","99,9,+99999,9,03,1",,"9,AGL   ,+99999,+99999","07,99,1,05,1,99,9,00800,1,99,9,99,9","240,M,+0328,1","240,N,+0223,1","99999,9,09538,1","9,9,999,9,+040,1",,"SYN08043083 32597 73201 10256 20214 39538 40059 85130 333 10328 20223 58040 555 10817="
"43083099999","2023-08-06T12:00:00","4","18.05","78.2666666","472.0","MEDAK, IN","FM-12","99999","V020","320,1,N,0010,1","99999,9,9,N","010000,1,9,9","+0312,1","+0268,1","10003,1",,,,,,"03,1,+00800,1,06,1","99,9,+99999,9,03,1",,"9,AGL   ,+99999,+99999","06,99,1,03,1,99,9,00800,1,99,9,99,9","240,M,+0322,1",,"99999,9,09495,1","9,9,999,9,+008,1",,"SYN06443083 32597 63202 10312 20268 39495 40003 83440 333 10322 58008="
"43083099999","2023-08-07T03:00:00","4","18.05","78.2666666","472.0","MEDAK, IN","FM-12","99999","V020","320,1,N,0005,1","99999,9,9,N","010000,1,9,9","+0262,1","+0217,1","10041,1",,,,,,"03,1,+00800,1,06,1","99,9,+99999,9,03,1",,"9,AGL   ,+99999,+99999","06,99,1,03,1,99,9,00800,1,99,9,99,9","240,M,+0322,1","240,N,+0218,1","99999,9,09523,1","9,9,999,9,-015,1",,"SYN08043083 32597 63201 10262 20217 39523 40041 83530 333 10322 20218 59015 555 10817="
"43083099999","2023-08-07T12:00:00","4","18.05","78.2666666","472.0","MEDAK, IN","FM-12","99999","V020","230,1,N,0005,1","99999,9,9,N","010000,1,9,9","+0306,1","+0264,1","09999,1",,,,,,"05,1,+00800,1,08,1","99,9,+99999,9,03,1",,"9,AGL   ,+99999,+99999","08,99,1,05,1,99,9,00800,1,99,9,99,9","240,M,+0316,1",,"99999,9,09490,1","9,9,999,9,-005,1",,"SYN06443083 32597 82301 10306 20264 39490 49999 85160 333 10316 59005="
"43083099999","2023-08-08T03:00:00","4","18.05","78.2666666","472.0","MEDAK, IN","FM-12","99999","V020","230,1,N,0005,1","99999,9,9,N","010000,1,9,9","+0264,1","+0222,1","10043,1",,,,,,"03,1,+00800,1,08,1","99,9,+99999,9,03,1",,"9,AGL   ,+99999,+99999","06,99,1,03,1,99,9,00800,1,99,9,99,9","240,M,+0316,1","240,N,+0218,1","99999,9,09525,1","9,9,999,9,+002,1",,"SYN08043083 32597 62301 10264 20222 39525 40043 83160 333 10316 20218 58002 555 10817="
"43083099999","2023-08-08T12:00:00","4","18.05","78.2666666","472.0","MEDAK, IN","FM-12","99999","V020","230,1,N,0010,1","99999,9,9,N","010000,1,9,9","+0302,1","+0251,1","10005,1",,,,,,"05,1,+00800,1,06,1","99,9,+99999,9,03,1",,"9,AGL   ,+99999,+99999","08,99,1,05,1,99,9,00800,1,99,9,99,9",,,"99999,9,09495,1","9,9,999,9,+005,1",,"SYN06443083 32597 82302 10302 20251 39495 40005 85460 333 10322 58005="
"43083099999","2023-08-09T03:00:00","4","18.05","78.2666666","472.0","MEDAK, IN","FM-12","99999","V020","320,1,N,0005,1","99999,9,9,N","010000,1,9,9","+0256,1","+0220,1","10069,1",,,,,,"06,1,+00800,1,07,1","99,9,+99999,9,03,1",,"9,AGL   ,+99999,+99999","08,99,1,06,1,99,9,00800,1,99,9,99,9","240,M,+0322,1","240,N,+0220,1","99999,9,09548,1","9,9,999,9,+023,1",,"SYN08043083 32597 83201 10256 20220 39548 40069 86760 333 10322 20220 58023 555 10817="
"43083099999","2023-08-09T12:00:00","4","18.05","78.2666666","472.0","MEDAK, IN","FM-12","99999","V020","230,1,N,0005,1","99999,9,9,N","010000,1,9,9","+0306,1","+0258,1","10036,1",,,,,,"04,1,+00800,1,08,1","99,9,+99999,9,03,1",,"9,AGL   ,+99999,+99999","07,99,1,04,1,99,9,00800,1,99,9,99,9","240,M,+0320,1",,"99999,9,09525,1","9,9,999,9,+030,1",,"SYN06443083 32597 72301 10306 20258 39525 40036 84160 333 10320 58030="
"43083099999","2023-08-10T03:00:00","4","18.05","78.2666666","472.0","MEDAK, IN","FM-12","99999","V020","230,1,N,0005,1","22000,1,9,N","010000,1,9,9","+0258,1","+0229,1","10078,1",,,,,,"02,1,+00800,1,06,1","99,9,+99999,9,03,1",,"9,AGL   ,+99999,+99999","04,99,1,02,1,99,9,00800,1,99,9,99,9","240,M,+0320,1","240,N,+0223,1","99999,9,09556,1","9,9,999,9,+008,1",,"SYN08043083 32597 42301 10258 20229 39556 40078 82530 333 10320 20223 58008 555 10817="
"43083099999","2023-08-11T03:00:00","4","18.05","78.2666666","472.0","MEDAK, IN","FM-12","99999","V020","230,1,N,0005,1","22000,1,9,N","010000,1,9,9","+0272,1","+0228,1","10068,1",,,,,,"02,1,+00800,1,06,1","99,9,+99999,9,03,1",,"9,AGL   ,+99999,+99999","04,99,1,02,1,99,9,00800,1,99,9,99,9","240,M,+0322,1","240,N,+0224,1","99999,9,09551,1","9,9,999,9,-005,1",,"SYN08043083 32597 42301 10272 20228 39551 40068 82530 333 10322 20224 59005 555 10817="
"43083099999","2023-08-11T12:00:00","4","18.05","78.2666666","472.0","MEDAK, IN","FM-12","99999","V020","230,1,N,0005,1","99999,9,9,N","010000,1,9,9","+0308,1","+0263,1","10026,1",,,,,,"03,1,+00800,1,06,1","99,9,+99999,9,03,1",,"9,AGL   ,+99999,+99999","06,99,1,03,1,99,9,00800,1,99,9,99,9","240,M,+0326,1",,"99999,9,09515,1","9,9,999,9,-007,1",,"SYN06443083 32597 62301 10308 20263 39515 40026 83530 333 10326 59007="
"43083099999","2023-08-12T03:00:00","4","18.05","78.2666666","472.0","MEDAK, IN","FM-12","99999","V020","230,1,N,0005,1","99999,9,9,N","010000,1,9,9","+0264,1","+0216,1","10065,1",,,,,,"04,1,+00800,1,08,1","99,9,+99999,9,03,1",,"9,AGL   ,+99999,+99999","07,99,1,04,1,99,9,00800,1,99,9,99,9","240,M,+0326,1","240,N,+0226,1","99999,9,09546,1","9,9,999,9,-005,1",,"SYN08043083 32597 72301 10264 20216 39546 40065 84160 333 10326 20226 59005 555 10817="
"43083099999","2023-08-12T12:00:00","4","18.05","78.2666666","472.0","MEDAK, IN","FM-12","99999","V020","320,1,N,0010,1","99999,9,9,N","010000,1,9,9","+0300,1","+0258,1","10017,1","09,0030,3,1",,,,,"05,1,+00800,1,06,1","99,9,+99999,9,03,1",,"9,AGL   ,+99999,+99999","07,99,1,05,1,99,9,00800,1,99,9,99,9","240,M,+0310,1",,"99999,9,09505,1","9,9,999,9,-010,1",,"SYN07043083 22597 73202 10300 20258 39505 40017 85460 333 10310 59010 6003/="
"43083099999","2023-08-13T03:00:00","4","18.05","78.2666666","472.0","MEDAK, IN","FM-12","99999","V020","230,1,N,0005,1","22000,1,9,N","010000,1,9,9","+0260,1","+0218,1","10057,1","24,0030,3,1",,,,,"02,1,+00800,1,06,1","99,9,+99999,9,03,1",,"9,AGL   ,+99999,+99999","04,99,1,02,1,99,9,00800,1,99,9,99,9","240,M,+0310,1","240,N,+0223,1","99999,9,09536,1","9,9,999,9,-010,1",,"SYN09243083 22597 42301 10260 20218 39536 40057 82530 333 10310 20223 59010 6003/ 555 00030 10820="
"43083099999","2023-08-13T12:00:00","4","18.05","78.2666666","472.0","MEDAK, IN","FM-12","99999","V020","320,1,N,0005,1","99999,9,9,N","010000,1,9,9","+0302,1","+0260,1","10010,1",,,,,,"03,1,+00800,1,06,1","99,9,+99999,9,03,1",,"9,AGL   ,+99999,+99999","06,99,1,03,1,99,9,00800,1,99,9,99,9","240,M,+0326,1",,"99999,9,09500,1","9,9,999,9,-005,1",,"SYN06443083 32597 63201 10302 20260 39500 40010 83560 333 10326 59005="
"43083099999","2023-08-14T03:00:00","4","18.05","78.2666666","472.0","MEDAK, IN","FM-12","99999","V020","320,1,N,0005,1","99999,9,9,N","010000,1,9,9","+0252,1","+0222,1","10057,1",,,,,,"04,1,+00800,1,06,1","99,9,+99999,9,03,1",,"9,AGL   ,+99999,+99999","07,99,1,04,1,99,9,00800,1,99,9,99,9","240,M,+0326,1","240,N,+0218,1","99999,9,09536,1","9,9,999,9,+000,1",,"SYN08043083 32597 73201 10252 20222 39536 40057 84460 333 10326 20218 58000 555 10820="
"43083099999","2023-08-14T12:00:00","4","18.05","78.2666666","472.0","MEDAK, IN","FM-12","99999","V020","230,1,N,0005,1","99999,9,9,N","010000,1,9,9","+0302,1","+0260,1","10015,1",,,,,,"03,1,+00800,1,08,1","99,9,+99999,9,03,1",,"9,AGL   ,+99999,+99999","06,99,1,03,1,99,9,00800,1,99,9,99,9","240,M,+0308,1",,"99999,9,09505,1","9,9,999,9,+005,1",,"SYN06443083 32597 62301 10302 20260 39505 40015 83160 333 10308 58005="
"43083099999","2023-08-15T03:00:00","4","18.05","78.2666666","472.0","MEDAK, IN","FM-12","99999","V020","230,1,N,0005,1","99999,9,9,N","010000,1,9,9","+0256,1","+0214,1","10067,1","24,0080,3,1",,,,,"03,1,+00800,1,08,1","99,9,+99999,9,03,1",,"9,AGL   ,+99999,+99999","06,99,1,03,1,99,9,00800,1,99,9,99,9","240,M,+0308,1","240,N,+0215,1","99999,9,09546,1","9,9,999,9,+010,1",,"SYN09243083 22597 62301 10256 20214 39546 40067 83160 333 10308 20215 58010 6008/ 555 00080 10828="
"43083099999","2023-08-15T12:00:00","4","18.05","78.2666666","472.0","MEDAK, IN","FM-12","99999","V020","230,1,N,0005,1","22000,1,9,N","010000,1,9,9","+0296,1","+0238,1","10017,1",,,,,,"02,1,+00800,1,06,1","99,9,+99999,9,03,1",,"9,AGL   ,+99999,+99999","04,99,1,02,1,99,9,00800,1,99,9,99,9","240,M,+0310,1",,"99999,9,09505,1","9,9,999,9,+000,1",,"SYN06443083 32597 42301 10296 20238 39505 40017 82530 333 10310 58000="
"43083099999","2023-08-16T03:00:00","4","18.05","78.2666666","472.0","MEDAK, IN","FM-12","99999","V020","230,1,N,0005,1","99999,9,9,N","010000,1,9,9","+0266,1","+0221,1","10065,1",,,,,,"03,1,+00800,1,08,1","99,9,+99999,9,03,1",,"9,AGL   ,+99999,+99999","06,99,1,03,1,99,9,00800,1,99,9,99,9","240,M,+0310,1","240,N,+0223,1","99999,9,09546,1","9,9,999,9,+000,1",,"SYN08043083 32597 62301 10266 20221 39546 40065 83160 333 10310 20223 58000 555 10828="
"43083099999","2023-08-16T12:00:00","4","18.05","78.2666666","472.0","MEDAK, IN","FM-12","99999","V020","230,1,N,0005,1","99999,9,9,N","010000,1,9,9","+0300,1","+0258,1","10017,1",,,,,,"03,1,+00800,1,06,1","99,9,+99999,9,03,1",,"9,AGL   ,+99999,+99999","06,99,1,03,1,99,9,00800,1,99,9,99,9","240,M,+0307,1",,"99999,9,09505,1","9,9,999,9,+000,1",,"SYN06443083 32597 62301 10300 20258 39505 40017 83560 333 10307 58000="
"43083099999","2023-08-17T03:00:00","4","18.05","78.2666666","472.0","MEDAK, IN","FM-12","99999","V020","320,1,N,0005,1","99999,9,9,N","010000,1,9,9","+0256,1","+0217,1","10062,1",,,,,,"05,1,+00800,1,06,1","99,9,+99999,9,03,1",,"9,AGL   ,+99999,+99999","08,99,1,05,1,99,9,00800,1,99,9,99,9","240,M,+0307,1","240,N,+0216,1","99999,9,09541,1","9,9,999,9,-005,1",,"SYN08043083 32597 83201 10256 20217 39541 40062 85460 333 10307 20216 59005 555 10828="
"43083099999","2023-08-17T12:00:00","4","18.05","78.2666666","472.0","MEDAK, IN","FM-12","99999","V020","320,1,N,0005,1","99999,9,9,N","010000,1,9,9","+0292,1","+0249,1","10017,1",,,,,,"04,1,+00800,1,08,1","99,9,+99999,9,03,1",,"9,AGL   ,+99999,+99999","07,99,1,04,1,99,9,00800,1,99,9,99,9","240,M,+0308,1",,"99999,9,09505,1","9,9,999,9,+000,1",,"SYN06443083 32597 73201 10292 20249 39505 40017 84160 333 10308 58000="
"43083099999","2023-08-18T03:00:00","4","18.05","78.2666666","472.0","MEDAK, IN","FM-12","99999","V020","230,1,N,0005,1","99999,9,9,N","010000,1,9,9","+0256,1","+0220,1","10035,1",,,,,,"04,1,+00800,1,07,1","99,9,+99999,9,03,1",,"9,AGL   ,+99999,+99999","08,99,1,04,1,99,9,00800,1,99,9,99,9","240,M,+0308,1","240,N,+0220,1","99999,9,09515,1","9,9,999,9,-026,1",,"SYN08043083 32597 82301 10256 20220 39515 40035 84760 333 10308 20220 59026 555 10828="
"43083099999","2023-08-18T12:00:00","4","18.05","78.2666666","472.0","MEDAK, IN","FM-12","99999","V020","230,1,N,0005,1","99999,9,9,N","010000,1,9,9","+0256,1","+0220,1","10017,1",,,,,,"08,1,+00800,1,07,1",,,"9,AGL   ,+99999,+99999","08,99,1,08,1,99,9,00800,1,99,9,99,9","240,M,+0276,1",,"99999,9,09498,1","9,9,999,9,-007,1",,"SYN06443083 32597 82301 10256 20220 39498 40017 88700 333 10276 59007="
"43083099999","2023-08-19T03:00:00","4","18.05","78.2666666","472.0","MEDAK, IN","FM-12","99999","V020","230,1,N,0010,1","99999,9,9,N","010000,1,9,9","+0224,1","+0221,1","10023,1","24,0260,3,1",,,,,"08,1,+00800,1,07,1",,,"9,AGL   ,+99999,+99999","08,99,1,08,1,99,9,00800,1,99,9,99,9","240,M,+0276,1","240,N,+0193,1","99999,9,09499,1","9,9,999,9,-016,1",,"SYN09243083 22597 82302 10224 20221 39499 40023 88700 333 10276 20193 59016 6026/ 555 00260 10854="
"43083099999","2023-08-19T12:00:00","4","18.05","78.2666666","472.0","MEDAK, IN","FM-12","99999","V020","230,1,N,0005,1","99999,9,9,N","010000,1,9,9","+0236,1","+0234,1","10010,1","09,0100,3,1",,,,,"08,1,+00800,1,07,1",,,"9,AGL   ,+99999,+99999","08,99,1,08,1,99,9,00800,1,99,9,99,9","240,M,+0236,1",,"99999,9,09489,1","9,9,999,9,-009,1",,"SYN07043083 22597 82301 10236 20234 39489 40010 88700 333 10236 59009 6010/="
"43083099999","2023-08-20T03:00:00","4","18.05","78.2666666","472.0","MEDAK, IN","FM-12","99999","V020","230,1,N,0010,1","99999,9,9,N","010000,1,9,9","+0238,1","+0223,1","10036,1","24,0130,3,1",,,,,"05,1,+00800,1,06,1","99,9,+99999,9,03,1",,"9,AGL   ,+99999,+99999","08,99,1,05,1,99,9,00800,1,99,9,99,9","240,M,+0236,1","240,N,+0200,1","99999,9,09514,1","9,9,999,9,+015,1",,"SYN09243083 22597 82302 10238 20223 39514 40036 85460 333 10236 20200 58015 6013/ 555 00130 10867="
"43083099999","2023-08-20T12:00:00","4","18.05","78.2666666","472.0","MEDAK, IN","FM-12","99999","V020","230,1,N,0010,1","99999,9,9,N","010000,1,9,9","+0232,1","+0230,1","10013,1",,,,,,"08,1,+00800,1,07,1",,,"9,AGL   ,+99999,+99999","08,99,1,08,1,99,9,00800,1,99,9,99,9","240,M,+0240,1",,"99999,9,09492,1","9,9,999,9,+003,1",,"SYN06443083 32597 82302 10232 20230 39492 40013 88700 333 10240 58003="
"43083099999","2023-08-21T03:00:00","4","18.05","78.2666666","472.0","MEDAK, IN","FM-12","99999","V020","230,1,N,0010,1","99999,9,9,N","010000,1,9,9","+0256,1","+0220,1","10039,1","24,0030,3,1",,,,,"02,1,+00800,1,06,1","99,9,+99999,9,03,1",,"9,AGL   ,+99999,+99999","08,99,1,02,1,99,9,00800,1,99,9,99,9","240,N,+0210,1",,"99999,9,09519,1","9,9,999,9,+005,1",,"SYN09243083 22597 82302 10256 20220 39519 40039 82540 333 10240 20210 58005 6003/ 555 00034 10870="
"43083099999","2023-08-21T12:00:00","4","18.05","78.2666666","472.0","MEDAK, IN","FM-12","99999","V020","230,1,N,0005,1","99999,9,9,N","010000,1,9,9","+0294,1","+0248,1","10003,1",,,,,,"03,1,+00800,1,08,1","99,9,+99999,9,03,1",,"9,AGL   ,+99999,+99999","06,99,1,03,1,99,9,00800,1,99,9,99,9","240,M,+0312,1",,"99999,9,09492,1","9,9,999,9,+000,1",,"SYN06443083 32597 62301 10294 20248 39492 40003 83160 333 10312 58000="
"43083099999","2023-08-22T03:00:00","4","18.05","78.2666666","472.0","MEDAK, IN","FM-12","99999","V020","230,1,N,0005,1","99999,9,9,N","010000,1,9,9","+0262,1","+0217,1","10046,1",,,,,,"02,1,+00800,1,08,1","99,9,+99999,9,03,1",,"9,AGL   ,+99999,+99999","06,99,1,02,1,99,9,00800,1,99,9,99,9","240,M,+0312,1","240,N,+0226,1","99999,9,09528,1","9,9,999,9,+009,1",,"SYN08043083 32597 62301 10262 20217 39528 40046 82130 333 10312 20226 58009 555 10870="
"43083099999","2023-08-22T12:00:00","4","18.05","78.2666666","472.0","MEDAK, IN","FM-12","99999","V020","230,1,N,0005,1","99999,9,9,N","010000,1,9,9","+0306,1","+0249,1","10010,1",,,,,,"03,1,+00800,1,06,1","99,9,+99999,9,03,1",,"9,AGL   ,+99999,+99999","06,99,1,03,1,99,9,00800,1,99,9,99,9","240,M,+0322,1",,"99999,9,09500,1","9,9,999,9,+008,1",,"SYN06443083 32597 62301 10306 20249 39500 40010 83460 333 10322 58008="
"43083099999","2023-08-23T03:00:00","4","18.05","78.2666666","472.0","MEDAK, IN","FM-12","99999","V020","230,1,N,0005,1","99999,9,9,N","010000,1,9,9","+0256,1","+0214,1","10048,1",,,,,,"04,1,+00800,1,06,1","99,9,+99999,9,03,1",,"9,AGL   ,+99999,+99999","07,99,1,04,1,99,9,00800,1,99,9,99,9","240,M,+0322,1","240,N,+0223,1","99999,9,09528,1","9,9,999,9,+000,1",,"SYN08043083 32597 72301 10256 20214 39528 40048 84460 333 10322 20223 58000 555 10870="
"43083099999","2023-08-23T12:00:00","4","18.05","78.2666666","472.0","MEDAK, IN","FM-12","99999","V020","230,1,N,0005,1","99999,9,9,N","010000,1,9,9","+0300,1","+0252,1","10001,1",,,,,,"02,1,+00800,1,08,1","99,9,+99999,9,03,1",,"9,AGL   ,+99999,+99999","05,99,1,02,1,99,9,00800,1,99,9,99,9","240,M,+0318,1",,"99999,9,09490,1","9,9,999,9,-010,1",,"SYN06443083 32597 52301 10300 20252 39490 40001 82140 333 10318 59010="
"43083099999","2023-08-24T03:00:00","4","18.05","78.2666666","472.0","MEDAK, IN","FM-12","99999","V020","230,1,N,0005,1","22000,1,9,N","010000,1,9,9","+0258,1","+0219,1","10038,1",,,,,,"04,1,+99999,9,03,1",,,"9,AGL   ,+99999,+99999","04,99,1,04,1,99,9,99999,9,99,9,99,9","240,M,+0318,1","240,N,+0222,1","99999,9,09518,1","9,9,999,9,-010,1",,"SYN08043083 32997 42301 10258 20219 39518 40038 84030 333 10318 20222 59010 555 10870="
"43083099999","2023-08-25T03:00:00","4","18.05","78.2666666","472.0","MEDAK, IN","FM-12","99999","V020","320,1,N,0005,1","99999,9,9,N","010000,1,9,9","+0260,1","+0215,1","10043,1",,,,,,"02,1,+00800,1,06,1","99,9,+99999,9,03,1",,"9,AGL   ,+99999,+99999","05,99,1,02,1,99,9,00800,1,99,9,99,9","240,M,+0306,1","240,N,+0218,1","99999,9,09523,1","9,9,999,9,+005,1",,"SYN08043083 32597 53201 10260 20215 39523 40043 82530 333 10306 20218 58005 555 10870="
"43083099999","2023-08-25T12:00:00","4","18.05","78.2666666","472.0","MEDAK, IN","FM-12","99999","V020","320,1,N,0005,1","22000,1,9,N","010000,1,9,9","+0308,1","+0257,1","10005,1",,,,,,"04,1,+99999,9,03,1",,,"9,AGL   ,+99999,+99999","04,99,1,04,1,99,9,99999,9,99,9,99,9","240,M,+0318,1",,"99999,9,09495,1","9,9,999,9,+003,1",,"SYN06443083 32997 43201 10308 20257 39495 40005 84030 333 10318 58003="
"43083099999","2023-08-26T03:00:00","4","18.05","78.2666666","472.0","MEDAK, IN","FM-12","99999","V020","230,1,N,0010,1","99999,9,9,N","010000,1,9,9","+0250,1","+0220,1","10050,1","24,0100,3,1",,,,,"03,1,+00800,1,06,1","99,9,+99999,9,03,1",,"9,AGL   ,+99999,+99999","06,99,1,03,1,99,9,00800,1,99,9,99,9","240,M,+0318,1","240,N,+0214,1","99999,9,09528,1","9,9,999,9,+005,1",,"SYN09243083 22597 62302 10250 20220 39528 40050 83440 333 10318 20214 58005 6010/ 555 00102 10880="
"43083099999","2023-08-26T12:00:00","4","18.05","78.2666666","472.0","MEDAK, IN","FM-12","99999","V020","230,1,N,0005,1","22000,1,9,N","010000,1,9,9","+0302,1","+0236,1","10015,1",,,,,,"04,1,+99999,9,03,1",,,"9,AGL   ,+99999,+99999","04,99,1,04,1,99,9,99999,9,99,9,99,9","240,M,+0314,1",,"99999,9,09505,1","9,9,999,9,+010,1",,"SYN06443083 32997 42301 10302 20236 39505 40015 84030 333 10314 58010="
"43083099999","2023-08-27T03:00:00","4","18.05","78.2666666","472.0","MEDAK, IN","FM-12","99999","V020","230,1,N,0005,1","22000,1,9,N","010000,1,9,9","+0266,1","+0225,1","10059,1",,,,,,"04,1,+99999,9,03,1",,,"9,AGL   ,+99999,+99999","04,99,1,04,1,99,9,99999,9,99,9,99,9","240,M,+0314,1","240,N,+0220,1","99999,9,09540,1","9,9,999,9,+012,1",,"SYN08043083 32997 42301 10266 20225 39540 40059 84030 333 10314 20220 58012 555 10880="
"43083099999","2023-08-27T12:00:00","4","18.05","78.2666666","472.0","MEDAK, IN","FM-12","99999","V020","230,1,N,0005,1","99999,9,9,N","010000,1,9,9","+0308,1","+0242,1","10026,1",,,,,,"03,1,+00800,1,06,1","99,9,+99999,9,03,1",,"9,AGL   ,+99999,+99999","06,99,1,03,1,99,9,00800,1,99,9,99,9","240,M,+0321,1",,"99999,9,09515,1","9,9,999,9,+010,1",,"SYN06443083 32597 62301 10308 20242 39515 40026 83530 333 10321 58010="
"43083099999","2023-08-28T03:00:00","4","18.05","78.2666666","472.0","MEDAK, IN","FM-12","99999","V020","230,1,N,0005,1","22000,1,9,N","010000,1,9,9","+0252,1","+0219,1","10057,1","24,0040,3,1",,,,,"02,1,+00800,1,06,1","99,9,+99999,9,03,1",,"9,AGL   ,+99999,+99999","04,99,1,02,1,99,9,00800,1,99,9,99,9","240,M,+0321,1","240,N,+0210,1","99999,9,09536,1","9,9,999,9,-004,1",,"SYN09243083 22597 42301 10252 20219 39536 40057 82530 333 10321 20210 59004 6004/ 555 00040 10884="
"43083099999","2023-08-28T12:00:00","4","18.05","78.2666666","472.0","MEDAK, IN","FM-12","99999","V020","230,1,N,0005,1","22000,1,9,N","010000,1,9,9","+0302,1","+0236,1","10026,1",,,,,,"01,1,+00800,1,06,1","99,9,+99999,9,03,1",,"9,AGL   ,+99999,+99999","02,99,1,01,1,99,9,00800,1,99,9,99,9","240,M,+0318,1",,"99999,9,09515,1","9,9,999,9,+000,1",,"SYN06443083 32597 22301 10302 20236 39515 40026 81530 333 10318 58000="
"43083099999","2023-08-29T03:00:00","4","18.05","78.2666666","472.0","MEDAK, IN","FM-12","99999","V020","230,1,N,0005,1","99999,9,9,N","010000,1,9,9","+0256,1","+0214,1","10057,1",,,,,,"02,1,+00800,1,06,1","99,9,+99999,9,03,1",,"9,AGL   ,+99999,+99999","05,99,1,02,1,99,9,00800,1,99,9,99,9","240,M,+0318,1","240,N,+0208,1","99999,9,09536,1","9,9,999,9,+000,1",,"SYN08043083 32597 52301 10256 20214 39536 40057 82530 333 10318 20208 58000 555 10884="
"43083099999","2023-08-29T12:00:00","4","18.05","78.2666666","472.0","MEDAK, IN","FM-12","99999","V020","230,1,N,0005,1","99999,9,9,N","010000,1,9,9","+0302,1","+0229,1","10015,1",,,,,,"03,1,+00800,1,06,1","99,9,+99999,9,03,1",,"9,AGL   ,+99999,+99999","05,99,1,03,1,99,9,00800,1,99,9,99,9","240,M,+0318,1",,"99999,9,09505,1","9,9,999,9,-010,1",,"SYN06443083 32597 52301 10302 20229 39505 40015 83530 333 10318 59010="
"43083099999","2023-08-30T03:00:00","4","18.05","78.2666666","472.0","MEDAK, IN","FM-12","99999","V020","320,1,N,0005,1","22000,1,9,N","010000,1,9,9","+0272,1","+0234,1","10063,1",,,,,,"03,1,+99999,9,03,1",,,"9,AGL   ,+99999,+99999","03,99,1,03,1,99,9,99999,9,99,9,99,9","240,M,+0318,1","240,N,+0215,1","99999,9,09546,1","9,9,999,9,+010,1",,"SYN08043083 32997 33201 10272 20234 39546 40063 83030 333 10318 20215 58010 555 10884="
"43083099999","2023-08-30T12:00:00","4","18.05","78.2666666","472.0","MEDAK, IN","FM-12","99999","V020","320,1,N,0005,1","22000,1,9,N","010000,1,9,9","+0306,1","+0252,1","10020,1",,,,,,"02,1,+99999,9,06,1","99,9,+99999,9,03,1",,"9,AGL   ,+99999,+99999","04,99,1,02,1,99,9,99999,9,99,9,99,9","240,M,+0326,1",,"99999,9,09510,1","9,9,999,9,+005,1",,"SYN06443083 32997 43201 10306 20252 39510 40020 82530 333 10326 58005="
"43083099999","2023-08-31T03:00:00","4","18.05","78.2666666","472.0","MEDAK, IN","FM-12","99999","V020","230,1,N,0005,1","22000,1,9,N","010000,1,9,9","+0266,1","+0221,1","10055,1",,,,,,"02,1,+99999,9,03,1",,,"9,AGL   ,+99999,+99999","02,99,1,02,1,99,9,99999,9,99,9,99,9","240,M,+0326,1","240,N,+0220,1","99999,9,09536,1","9,9,999,9,-010,1",,"SYN08043083 32997 22301 10266 20221 39536 40055 82030 333 10326 20220 59010 555 10884="
"43083099999","2023-08-31T12:00:00","4","18.05","78.2666666","472.0","MEDAK, IN","FM-12","99999","V020","230,1,N,0005,1","99999,9,9,N","010000,1,9,9","+0308,1","+0242,1","10017,1",,,,,,"03,1,+00800,1,06,1","99,9,+99999,9,03,1",,"9,AGL   ,+99999,+99999","06,99,1,03,1,99,9,00800,1,99,9,99,9","240,M,+0328,1",,"99999,9,09507,1","9,9,999,9,-003,1",,"SYN06443083 32597 62301 10308 20242 39507 40017 83530 333 10328 59003="
"43083099999","2023-09-01T03:00:00","4","18.05","78.2666666","472.0","MEDAK, IN","FM-12","99999","V020","230,1,N,0005,1","99999,9,9,N","010000,1,9,9","+0272,1","+0234,1","10052,1",,,,,,"03,1,+00800,1,08,1","99,9,+99999,9,03,1",,"9,AGL   ,+99999,+99999","06,99,1,03,1,99,9,00800,1,99,9,99,9","240,M,+0328,1","240,N,+0230,1","99999,9,09535,1","9,9,999,9,-001,1",,"SYN08043083 32597 62301 10272 20234 39535 40052 83160 333 10328 20230 59001 555 10884="
"43083099999","2023-09-01T12:00:00","4","18.05","78.2666666","472.0","MEDAK, IN","FM-12","99999","V020","230,1,N,0010,1","99999,9,9,N","010000,1,9,9","+0304,1","+0256,1","10014,1",,,,,,"04,1,+00800,1,06,1","99,9,+99999,9,03,1",,"9,AGL   ,+99999,+99999","07,99,1,04,1,99,9,00800,1,99,9,99,9","240,M,+0334,1",,"99999,9,09504,1","9,9,999,9,-003,1",,"SYN06443083 32597 72302 10304 20256 39504 40014 84460 333 10334 59003="
"43083099999","2023-09-02T03:00:00","4","18.05","78.2666666","472.0","MEDAK, IN","FM-12","99999","V020","230,1,N,0005,1","99999,9,9,N","010000,1,9,9","+0272,1","+0234,1","10052,1",,,,,,"05,1,+00800,1,07,1","99,9,+99999,9,03,1",,"9,AGL   ,+99999,+99999","08,99,1,05,1,99,9,00800,1,99,9,99,9","240,M,+0334,1","240,N,+0238,1","99999,9,09535,1","9,9,999,9,+000,1",,"SYN08043083 32597 82301 10272 20234 39535 40052 85760 333 10334 20238 58000 555 10884="
"43083099999","2023-09-02T12:00:00","4","18.05","78.2666666","472.0","MEDAK, IN","FM-12","99999","V020","230,1,N,0005,1","99999,9,9,N","010000,1,9,9","+0312,1","+0256,1","10007,1",,,,,,"05,1,+00800,1,06,1","99,9,+99999,9,03,1",,"9,AGL   ,+99999,+99999","07,99,1,05,1,99,9,00800,1,99,9,99,9","240,M,+0332,1",,"99999,9,09499,1","9,9,999,9,-005,1",,"SYN06443083 32597 72301 10312 20256 39499 40007 85460 333 10332 59005="
"43083099999","2023-09-03T03:00:00","4","18.05","78.2666666","472.0","MEDAK, IN","FM-12","99999","V020","230,1,N,0005,1","99999,9,9,N","010000,1,9,9","+0242,1","+0239,1","10042,1","24,0250,3,1",,,,,"08,1,+00800,1,07,1",,,"9,AGL   ,+99999,+99999","08,99,1,08,1,99,9,00800,1,99,9,99,9","240,M,+0332,1","240,N,+0210,1","99999,9,09520,1","9,9,999,9,-015,1",,"SYN09243083 22597 82301 10242 20239 39520 40042 88700 333 10332 20210 59015 6025/ 555 00250 10909="
"43083099999","2023-09-03T12:00:00","4","18.05","78.2666666","472.0","MEDAK, IN","FM-12","99999","V020","230,1,N,0005,1","99999,9,9,N","010000,1,9,9","+0238,1","+0235,1","10009,1","09,0070,3,1",,,,,"08,1,+00800,1,07,1",,,"9,AGL   ,+99999,+99999","08,99,1,08,1,99,9,00800,1,99,9,99,9","240,M,+0256,1",,"99999,9,09488,1","9,9,999,9,-011,1",,"SYN07043083 22597 82301 10238 20235 39488 40009 88700 333 10256 59011 6007/="
"43083099999","2023-09-04T03:00:00","4","18.05","78.2666666","472.0","MEDAK, IN","FM-12","99999","V020","230,1,N,0005,1","99999,9,9,N","010000,1,9,9","+0236,1","+0233,1","10030,1","24,0480,3,1",,,,,"08,1,+00800,1,07,1",,,"9,AGL   ,+99999,+99999","08,99,1,08,1,99,9,00800,1,99,9,99,9","240,M,+0256,1","240,N,+0206,1","99999,9,09508,1","9,9,999,9,-012,1",,"SYN09243083 22597 82301 10236 20233 39508 40030 88700 333 10256 20206 59012 6048/ 555 00480 10957="
"43083099999","2023-09-04T12:00:00","4","18.05","78.2666666","472.0","MEDAK, IN","FM-12","99999","V020","230,1,N,0005,1","99999,9,9,N","010000,1,9,9","+0252,1","+0246,1","09993,1","09,0120,3,1",,,,,"08,1,+00800,1,07,1",,,"9,AGL   ,+99999,+99999","08,99,1,08,1,99,9,00800,1,99,9,99,9",,,"99999,9,09475,1","9,9,999,9,-013,1",,"SYN07043083 22597 82301 10252 20246 39475 49993 88700 333 10254 59013 6012/="
"43083099999","2023-09-05T03:00:00","4","18.05","78.2666666","472.0","MEDAK, IN","FM-12","99999","V020","230,1,N,0010,1","99999,9,9,N","010000,1,9,9","+0234,1","+0231,1","10010,1","24,0800,3,1",,,,,"08,1,+00800,1,07,1",,,"9,AGL   ,+99999,+99999","08,99,1,08,1,99,9,00800,1,99,9,99,9","240,M,+0254,1","240,N,+0193,1","99999,9,09489,1","9,9,999,9,-019,1",,"SYN09243083 22597 82302 10234 20231 39489 40010 88700 333 10254 20193 59019 6080/ 555 00800 11038="
"43083099999","2023-09-05T12:00:00","4","18.05","78.2666666","472.0","MEDAK, IN","FM-12","99999","V020","230,1,N,0005,1","99999,9,9,N","010000,1,9,9","+0256,1","+0236,1","09980,1",,,,,,"08,1,+00800,1,07,1",,,"9,AGL   ,+99999,+99999","08,99,1,08,1,99,9,00800,1,99,9,99,9","240,M,+0258,1",,"99999,9,09463,1","9,9,999,9,-012,1",,"SYN06443083 32597 82301 10256 20236 39463 49980 88700 333 10258 59012="
"43083099999","2023-09-06T03:00:00","4","18.05","78.2666666","472.0","MEDAK, IN","FM-12","99999","V020","230,1,N,0005,1","99999,9,9,N","010000,1,9,9","+0246,1","+0240,1","10009,1","24,0180,3,1",,,,,"08,1,+00800,1,07,1",,,"9,AGL   ,+99999,+99999","08,99,1,08,1,99,9,00800,1,99,9,99,9","240,M,+0258,1","240,N,+0208,1","99999,9,09489,1","9,9,999,9,+000,1",,"SYN09243083 22597 82301 10246 20240 39489 40009 88700 333 10258 20208 58000 6018/ 555 00182 11056="
"43083099999","2023-09-06T12:00:00","4","18.05","78.2666666","472.0","MEDAK, IN","FM-12","99999","V020","230,1,N,0005,1","99999,9,9,N","010000,1,9,9","+0272,1","+0243,1","09976,1",,,,,,"05,1,+00800,1,06,1","99,9,+99999,9,03,1",,"9,AGL   ,+99999,+99999","08,99,1,05,1,99,9,00800,1,99,9,99,9","240,M,+0274,1",,"99999,9,09463,1","9,9,999,9,+000,1",,"SYN06443083 32597 82301 10272 20243 39463 49976 85460 333 10274 58000="
"43083099999","2023-09-07T03:00:00","4","18.05","78.2666666","472.0","MEDAK, IN","FM-12","99999","V020","230,1,N,0005,1","99999,9,9,N","010000,1,9,9","+0242,1","+0239,1","10009,1","24,0130,3,1",,,,,"05,1,+00800,1,07,1","99,9,+99999,9,03,1",,"9,AGL   ,+99999,+99999","08,99,1,05,1,99,9,00800,1,99,9,99,9","240,M,+0274,1","240,N,+0210,1","99999,9,09489,1","9,9,999,9,+000,1",,"SYN09243083 22597 82301 10242 20239 39489 40009 85760 333 10274 20210 58000 6013/ 555 00128 11069="
"43083099999","2023-09-07T12:00:00","4","18.05","78.2666666","472.0","MEDAK, IN","FM-12","99999","V020","230,1,N,0005,1","99999,9,9,N","010000,1,9,9","+0246,1","+0231,1","09986,1",,,,,,"08,1,+00800,1,07,1",,,"9,AGL   ,+99999,+99999","08,99,1,08,1,99,9,00800,1,99,9,99,9",,,"99999,9,09468,1","9,9,999,9,+005,1",,"SYN06443083 32597 82301 10246 20231 39468 49986 88700 333 10256 58005="
"43083099999","2023-09-08T03:00:00","4","18.05","78.2666666","472.0","MEDAK, IN","FM-12","99999","V020","230,1,N,0005,1","99999,9,9,N","010000,1,9,9","+0242,1","+0233,1","10020,1","24,0010,3,1",,,,,"06,1,+00800,1,07,1","99,9,+99999,9,03,1",,"9,AGL   ,+99999,+99999","08,99,1,06,1,99,9,00800,1,99,9,99,9","240,M,+0256,1","240,N,+0206,1","99999,9,09499,1","9,9,999,9,+010,1",,"SYN09243083 22597 82301 10242 20233 39499 40020 86760 333 10256 20206 58010 6001/ 555 00010 11070="
"43083099999","2023-09-08T12:00:00","4","18.05","78.2666666","472.0","MEDAK, IN","FM-12","99999","V020","230,1,N,0005,1","99999,9,9,N","010000,1,9,9","+0272,1","+0234,1","09981,1",,,,,,"04,1,+00800,1,06,1","99,9,+99999,9,03,1",,"9,AGL   ,+99999,+99999","08,99,1,04,1,99,9,00800,1,99,9,99,9",,,"99999,9,09463,1","9,9,999,9,+000,1",,"SYN06443083 32597 82301 10272 20234 39463 49981 84460 333 10274 58000="
"43083099999","2023-09-09T03:00:00","4","18.05","78.2666666","472.0","MEDAK, IN","FM-12","99999","V020","320,1,N,0005,1","99999,9,9,N","010000,1,9,9","+0242,1","+0233,1","10020,1","24,0010,3,1",,,,,"05,1,+00800,1,07,1","99,9,+99999,9,03,1",,"9,AGL   ,+99999,+99999","08,99,1,05,1,99,9,00800,1,99,9,99,9","240,M,+0274,1","240,N,+0208,1","99999,9,09499,1","9,9,999,9,+000,1",,"SYN09243083 22597 83201 10242 20233 39499 40020 85760 333 10274 20208 58000 6001/ 555 00014 11071="
"43083099999","2023-09-09T12:00:00","4","18.05","78.2666666","472.0","MEDAK, IN","FM-12","99999","V020","230,1,N,0005,1","99999,9,9,N","010000,1,9,9","+0262,1","+0239,1","09993,1","09,0020,3,1",,,,,"04,1,+00800,1,06,1","99,9,+99999,9,03,1",,"9,AGL   ,+99999,+99999","08,99,1,04,1,99,9,00800,1,99,9,99,9","240,M,+0272,1",,"99999,9,09477,1","9,9,999,9,+014,1",,"SYN07043083 22597 82301 10262 20239 39477 49993 84460 333 10272 58014 6002/="
"43083099999","2023-09-10T03:00:00","4","18.05","78.2666666","472.0","MEDAK, IN","FM-12","99999","V020","230,1,N,0005,1","99999,9,9,N","010000,1,9,9","+0246,1","+0231,1","10020,1","24,0020,3,1",,,,,"08,1,+00800,1,07,1",,,"9,AGL   ,+99999,+99999","08,99,1,08,1,99,9,00800,1,99,9,99,9","240,M,+0272,1","240,N,+0210,1","99999,9,09499,1","9,9,999,9,+000,1",,"SYN07643083 22597 82301 10246 20231 39499 40020 88700 333 10272 20210 58000 6002/="
"43083099999","2023-09-10T12:00:00","4","18.05","78.2666666","472.0","MEDAK, IN","FM-12","99999","V020","230,1,N,0005,1","99999,9,9,N","010000,1,9,9","+0252,1","+0237,1","09986,1","09,0030,3,1",,,,,"08,1,+00800,1,07,1",,,"9,AGL   ,+99999,+99999","08,99,1,08,1,99,9,00800,1,99,9,99,9","240,M,+0260,1",,"99999,9,09469,1","9,9,999,9,+009,1",,"SYN07043083 22597 82301 10252 20237 39469 49986 88700 333 10260 58009 6003/="
"43083099999","2023-09-11T03:00:00","4","18.05","78.2666666","472.0","MEDAK, IN","FM-12","99999","V020","230,1,N,0010,1","99999,9,9,N","010000,1,9,9","+0246,1","+0225,1","10025,1","24,0230,3,1",,,,,"03,1,+00800,1,06,1","99,9,+99999,9,03,1",,"9,AGL   ,+99999,+99999","06,99,1,03,1,99,9,00800,1,99,9,99,9","240,M,+0260,1","240,N,+0200,1","99999,9,09504,1","9,9,999,9,+005,1",,"SYN09243083 22597 62302 10246 20225 39504 40025 83540 333 10260 20200 58005 6023/ 555 00234 11096="
"43083099999","2023-09-11T12:00:00","4","18.05","78.2666666","472.0","MEDAK, IN","FM-12","99999","V020","230,1,N,0005,1","99999,9,9,N","010000,1,9,9","+0282,1","+0239,1","09991,1",,,,,,"04,1,+00800,1,06,1","99,9,+99999,9,03,1",,"9,AGL   ,+99999,+99999","06,99,1,04,1,99,9,00800,1,99,9,99,9","240,M,+0300,1",,"99999,9,09478,1","9,9,999,9,+009,1",,"SYN06443083 32597 62301 10282 20239 39478 49991 84530 333 10300 58009="
"43083099999","2023-09-12T03:00:00","4","18.05","78.2666666","472.0","MEDAK, IN","FM-12","99999","V020","320,1,N,0005,1","99999,9,9,N","010000,1,9,9","+0246,1","+0216,1","10041,1",,,,,,"06,1,+00800,1,07,1","99,9,+99999,9,03,1",,"9,AGL   ,+99999,+99999","08,99,1,06,1,99,9,00800,1,99,9,99,9","240,M,+0300,1","240,N,+0215,1","99999,9,09519,1","9,9,999,9,+015,1",,"SYN08043083 32597 83201 10246 20216 39519 40041 86760 333 10300 20215 58015 555 11096="
"43083099999","2023-09-12T12:00:00","4","18.05","78.2666666","472.0","MEDAK, IN","FM-12","99999","V020","230,1,N,0005,1","99999,9,9,N","010000,1,9,9","+0288,1","+0251,1","10001,1",,,,,,"05,1,+00800,1,07,1","99,9,+99999,9,03,1",,"9,AGL   ,+99999,+99999","08,99,1,05,1,99,9,00800,1,99,9,99,9","240,M,+0292,1",,"99999,9,09488,1","9,9,999,9,+010,1",,"SYN06443083 32597 82301 10288 20251 39488 40001 85760 333 10292 58010="
"43083099999","2023-09-13T03:00:00","4","18.05","78.2666666","472.0","MEDAK, IN","FM-12","99999","V020","320,1,N,0005,1","99999,9,9,N","010000,1,9,9","+0248,1","+0230,1","10041,1",,,,,,"04,1,+00800,1,08,1","99,9,+99999,9,03,1",,"9,AGL   ,+99999,+99999","07,99,1,04,1,99,9,00800,1,99,9,99,9","240,M,+0292,1","240,N,+0210,1","99999,9,09519,1","9,9,999,9,+000,1",,"SYN08043083 32597 73201 10248 20230 39519 40041 84160 333 10292 20210 58000 555 11096="
"43083099999","2023-09-13T12:00:00","4","18.05","78.2666666","472.0","MEDAK, IN","FM-12","99999","V020","230,1,N,0005,1","99999,9,9,N","010000,1,9,9","+0278,1","+0236,1","10000,1",,,,,,"04,1,+00800,1,08,1","99,9,+99999,9,03,1",,"9,AGL   ,+99999,+99999","08,99,1,04,1,99,9,00800,1,99,9,99,9","240,M,+0300,1",,"99999,9,09486,1","9,9,999,9,-002,1",,"SYN06443083 32597 82301 10278 20236 39486 40000 84160 333 10300 59002="
"43083099999","2023-09-14T03:00:00","4","18.05","78.2666666","472.0","MEDAK, IN","FM-12","99999","V020","230,1,N,0005,1","99999,9,9,N","010000,1,9,9","+0256,1","+0220,1","10039,1",,,,,,"05,1,+00800,1,07,1","99,9,+99999,9,03,1",,"9,AGL   ,+99999,+99999","08,99,1,05,1,99,9,00800,1,99,9,99,9","240,M,+0300,1","240,N,+0220,1","99999,9,09519,1","9,9,999,9,+000,1",,"SYN08043083 32597 82301 10256 20220 39519 40039 85760 333 10300 20220 58000 555 11096="
"43083099999","2023-09-15T03:00:00","4","18.05","78.2666666","472.0","MEDAK, IN","FM-12","99999","V020","230,1,N,0005,1","99999,9,9,N","010000,1,9,9","+0258,1","+0225,1","10041,1",,,,,,"03,1,+00800,1,08,1","99,9,+99999,9,03,1",,"9,AGL   ,+99999,+99999","06,99,1,03,1,99,9,00800,1,99,9,99,9","240,M,+0284,1","240,N,+0222,1","99999,9,09521,1","9,9,999,9,+002,1",,"SYN08043083 32597 62301 10258 20225 39521 40041 83160 333 10284 20222 58002 555 11096="
"43083099999","2023-09-15T12:00:00","4","18.05","78.2666666","472.0","MEDAK, IN","FM-12","99999","V020","230,1,N,0005,1","99999,9,9,N","010000,1,9,9","+0280,1","+0239,1","09990,1",,,,,,"02,1,+00800,1,06,1","99,9,+99999,9,03,1",,"9,AGL   ,+99999,+99999","08,99,1,02,1,99,9,00800,1,99,9,99,9",,,"99999,9,09476,1","9,9,999,9,+000,1",,"SYN06443083 32597 82301 10280 20239 39476 49990 82570 333 10305 58000="
"43083099999","2023-09-16T03:00:00","4","18.05","78.2666666","472.0","MEDAK, IN","FM-12","99999","V020","230,1,N,0005,1","99999,9,9,N","010000,1,9,9","+0262,1","+0217,1","10036,1","24,0120,3,1",,,,,"02,1,+00800,1,06,1","99,9,+99999,9,03,1",,"9,AGL   ,+99999,+99999","05,99,1,02,1,99,9,00800,1,99,9,99,9","240,M,+0305,1","240,N,+0220,1","99999,9,09518,1","9,9,999,9,-003,1",,"SYN09243083 22597 52301 10262 20217 39518 40036 82530 333 10305 20220 59003 6012/ 555 00124 11108="
"43083099999","2023-09-16T12:00:00","4","18.05","78.2666666","472.0","MEDAK, IN","FM-12","99999","V020","230,1,N,0005,1","99999,9,9,N","010000,1,9,9","+0292,1","+0249,1","10009,1",,,,,,"03,1,+00800,1,08,1","99,9,+99999,9,03,1",,"9,AGL   ,+99999,+99999","05,99,1,03,1,99,9,00800,1,99,9,99,9","240,M,+0308,1",,"99999,9,09497,1","9,9,999,9,+021,1",,"SYN06443083 32597 52301 10292 20249 39497 40009 83160 333 10308 58021="
"43083099999","2023-09-17T03:00:00","4","18.05","78.2666666","472.0","MEDAK, IN","FM-12","99999","V020","230,1,N,0005,1","22000,1,9,N","010000,1,9,9","+0266,1","+0221,1","10041,1",,,,,,"04,1,+00800,1,03,1",,,"9,AGL   ,+99999,+99999","04,99,1,04,1,99,9,00800,1,99,9,99,9","240,M,+0308,1","240,N,+0215,1","99999,9,09523,1","9,9,999,9,+005,1",,"SYN08043083 32597 42301 10266 20221 39523 40041 84040 333 10308 20215 58005 555 11108="
"43083099999","2023-09-17T12:00:00","4","18.05","78.2666666","472.0","MEDAK, IN","FM-12","99999","V020","230,1,N,0005,1","99999,9,9,N","010000,1,9,9","+0298,1","+0242,1","10005,1",,,,,,"03,1,+00800,1,08,1","99,9,+99999,9,03,1",,"9,AGL   ,+99999,+99999","06,99,1,03,1,99,9,00800,1,99,9,99,9","240,M,+0312,1",,"99999,9,09493,1","9,9,999,9,-004,1",,"SYN06443083 32597 62301 10298 20242 39493 40005 83160 333 10312 59004="
"43083099999","2023-09-18T03:00:00","4","18.05","78.2666666","472.0","MEDAK, IN","FM-12","99999","V020","230,1,N,0005,1","22000,1,9,N","010000,1,9,9","+0266,1","+0221,1","10044,1",,,,,,"04,1,+00800,1,03,1",,,"9,AGL   ,+99999,+99999","04,99,1,04,1,99,9,00800,1,99,9,99,9","240,M,+0312,1","240,N,+0218,1","99999,9,09528,1","9,9,999,9,+005,1",,"SYN08043083 32597 42301 10266 20221 39528 40044 84040 333 10312 20218 58005 555 11108="
"43083099999","2023-09-18T12:00:00","4","18.05","78.2666666","472.0","MEDAK, IN","FM-12","99999","V020","230,1,N,0005,1","99999,9,9,N","010000,1,9,9","+0298,1","+0242,1","10005,1",,,,,,"03,1,+00800,1,08,1","99,9,+99999,9,03,1",,"9,AGL   ,+99999,+99999","06,99,1,03,1,99,9,00800,1,99,9,99,9","240,M,+0320,1",,"99999,9,09497,1","9,9,999,9,+004,1",,"SYN06443083 32597 62301 10298 20242 39497 40005 83160 333 10320 58004="
"43083099999","2023-09-19T03:00:00","4","18.05","78.2666666","472.0","MEDAK, IN","FM-12","99999","V020","230,1,N,0005,1","22000,1,9,N","010000,1,9,9","+0262,1","+0223,1","10044,1",,,,,,"04,1,+00800,1,03,1",,,"9,AGL   ,+99999,+99999","04,99,1,04,1,99,9,00800,1,99,9,99,9","240,M,+0320,1","240,N,+0219,1","99999,9,09529,1","9,9,999,9,+001,1",,"SYN08043083 32597 42301 10262 20223 39529 40044 84040 333 10320 20219 58001 555 11108="
"43083099999","2023-09-19T12:00:00","4","18.05","78.2666666","472.0","MEDAK, IN","FM-12","99999","V020","230,1,N,0005,1","22000,1,9,N","010000,1,9,9","+0320,1","+0249,1","10020,1",,,,,,"02,1,+00800,1,06,1","99,9,+99999,9,03,1",,"9,AGL   ,+99999,+99999","04,99,1,02,1,99,9,00800,1,99,9,99,9",,,"99999,9,09507,1","9,9,999,9,+010,1",,"SYN06443083 32597 42301 10320 20249 39507 40020 82530 333 10332 58010="
"43083099999","2023-09-20T03:00:00","4","18.05","78.2666666","472.0","MEDAK, IN","FM-12","99999","V020","230,1,N,0005,1","22000,1,9,N","010000,1,9,9","+0268,1","+0231,1","10054,1",,,,,,"03,1,+00800,1,03,1",,,"9,AGL   ,+99999,+99999","03,99,1,03,1,99,9,00800,1,99,9,99,9","240,M,+0332,1","240,N,+0235,1","99999,9,09535,1","9,9,999,9,+006,1",,"SYN08043083 32597 32301 10268 20231 39535 40054 83040 333 10332 20235 58006 555 11108="
"43083099999","2023-09-20T12:00:00","4","18.05","78.2666666","472.0","MEDAK, IN","FM-12","99999","V020","230,1,N,0005,1","22000,1,9,N","010000,1,9,9","+0318,1","+0247,1","10022,1",,,,,,"02,1,+00800,1,06,1","99,9,+99999,9,03,1",,"9,AGL   ,+99999,+99999","04,99,1,02,1,99,9,00800,1,99,9,99,9","240,M,+0330,1",,"99999,9,09509,1","9,9,999,9,+002,1",,"SYN06443083 32597 42301 10318 20247 39509 40022 82530 333 10330 58002="
"43083099999","2023-09-21T03:00:00","4","18.05","78.2666666","472.0","MEDAK, IN","FM-12","99999","V020","230,1,N,0005,1","99999,9,9,N","010000,1,9,9","+0256,1","+0226,1","10033,1","24,0160,3,1",,,,,"08,1,+00800,1,07,1",,,"9,AGL   ,+99999,+99999","08,99,1,08,1,99,9,00800,1,99,9,99,9","240,M,+0330,1","240,N,+0210,1","99999,9,09514,1","9,9,999,9,-021,1",,"SYN09243083 22597 82301 10256 20226 39514 40033 88700 333 10330 20210 59021 6016/ 555 00164 11125="
"43083099999","2023-09-21T12:00:00","4","18.05","78.2666666","472.0","MEDAK, IN","FM-12","99999","V020","230,1,N,0005,1","99999,9,9,N","010000,1,9,9","+0270,1","+0238,1","10022,1","09,0020,3,1",,,,,"05,1,+00800,1,07,1","99,9,+99999,9,03,1",,"9,AGL   ,+99999,+99999","08,99,1,05,1,99,9,00800,1,99,9,99,9","240,M,+0318,1",,"99999,9,09505,1","9,9,999,9,-004,1",,"SYN07043083 22597 82301 10270 20238 39505 40022 85760 333 10318 59004 6002/="
"43083099999","2023-09-22T03:00:00","4","18.05","78.2666666","472.0","MEDAK, IN","FM-12","99999","V020","230,1,N,0005,1","99999,9,9,N","010000,1,9,9","+0248,1","+0224,1","10055,1","24,0030,3,1",,,,,"08,1,+00800,1,07,1",,,"9,AGL   ,+99999,+99999","08,99,1,08,1,99,9,00800,1,99,9,99,9","240,M,+0318,1","240,N,+0208,1","99999,9,09533,1","9,9,999,9,+019,1",,"SYN09243083 22597 82301 10248 20224 39533 40055 88700 333 10318 20208 58019 6003/ 555 00030 11128="
"43083099999","2023-09-22T12:00:00","4","18.05","78.2666666","472.0","MEDAK, IN","FM-12","99999","V020","230,1,N,0005,1","99999,9,9,N","010000,1,9,9","+0274,1","+0221,1","10022,1",,,,,,"06,1,+00800,1,07,1","99,9,+99999,9,03,1",,"9,AGL   ,+99999,+99999","08,99,1,06,1,99,9,00800,1,99,9,99,9","240,M,+0278,1",,"99999,9,09507,1","9,9,999,9,+002,1",,"SYN06443083 32597 82301 10274 20221 39507 40022 86760 333 10278 58002="
"43083099999","2023-09-23T03:00:00","4","18.05","78.2666666","472.0","MEDAK, IN","FM-12","99999","V020","230,1,N,0005,1","99999,9,9,N","010000,1,9,9","+0248,1","+0218,1","10066,1",,,,,,"04,1,+00800,1,07,1","99,9,+99999,9,03,1",,"9,AGL   ,+99999,+99999","07,99,1,04,1,99,9,00800,1,99,9,99,9","240,M,+0278,1","240,N,+0213,1","99999,9,09543,1","9,9,999,9,+010,1",,"SYN08043083 32597 72301 10248 20218 39543 40066 84760 333 10278 20213 58010 555 11028="
"43083099999","2023-09-23T12:00:00","4","18.05","78.2666666","472.0","MEDAK, IN","FM-12","99999","V020","230,1,N,0005,1","99999,9,9,N","010000,1,9,9","+0286,1","+0237,1","10026,1",,,,,,"04,1,+00800,1,06,1","99,9,+99999,9,03,1",,"9,AGL   ,+99999,+99999","06,99,1,04,1,99,9,00800,1,99,9,99,9","240,M,+0302,1",,"99999,9,09512,1","9,9,999,9,+005,1",,"SYN06443083 32597 62301 10286 20237 39512 40026 84460 333 10302 58005="
"43083099999","2023-09-24T03:00:00","4","18.05","78.2666666","472.0","MEDAK, IN","FM-12","99999","V020","230,1,N,0005,1","99999,9,9,N","010000,1,9,9","+0252,1","+0222,1","10069,1",,,,,,"08,1,+00800,1,07,1",,,"9,AGL   ,+99999,+99999","08,99,1,08,1,99,9,00800,1,99,9,99,9","240,M,+0302,1","240,N,+0218,1","99999,9,09548,1","9,9,999,9,+005,1",,"SYN08043083 32597 82301 10252 20222 39548 40069 88700 333 10302 20218 58005 555 11128="
"43083099999","2023-09-24T12:00:00","4","18.05","78.2666666","472.0","MEDAK, IN","FM-12","99999","V020","230,1,N,0005,1","99999,9,9,N","010000,1,9,9","+0284,1","+0244,1","10030,1",,,,,,"04,1,+00800,1,06,1","99,9,+99999,9,03,1",,"9,AGL   ,+99999,+99999","07,99,1,04,1,99,9,00800,1,99,9,99,9",,,"99999,9,09515,1","9,9,999,9,+003,1",,"SYN06443083 32597 72301 10284 20244 39515 40030 84460 333 10306 58003="
"43083099999","2023-09-25T03:00:00","4","18.05","78.2666666","472.0","MEDAK, IN","FM-12","99999","V020","230,1,N,0005,1","99999,9,9,N","010000,1,9,9","+0256,1","+0220,1","10059,1",,,,,,"04,1,+00800,1,06,1","99,9,+99999,9,03,1",,"9,AGL   ,+99999,+99999","08,99,1,04,1,99,9,00800,1,99,9,99,9","240,M,+0306,1","240,N,+0218,1","99999,9,09538,1","9,9,999,9,-010,1",,"SYN08043083 32597 82301 10256 20220 39538 40059 84460 333 10306 20218 59010 555 11128="
"43083099999","2023-09-25T12:00:00","4","18.05","78.2666666","472.0","MEDAK, IN","FM-12","99999","V020","230,1,N,0005,1","99999,9,9,N","010000,1,9,9","+0282,1","+0239,1","10022,1",,,,,,"06,1,+00800,1,07,1","99,9,+99999,9,03,1",,"9,AGL   ,+99999,+99999","08,99,1,06,1,99,9,00800,1,99,9,99,9","240,M,+0292,1",,"99999,9,09508,1","9,9,999,9,-007,1",,"SYN06443083 32597 82301 10282 20239 39508 40022 86760 333 10292 59007="
"43083099999","2023-09-26T03:00:00","4","18.05","78.2666666","472.0","MEDAK, IN","FM-12","99999","V020","230,1,N,0005,1","99999,9,9,N","010000,1,9,9","+0242,1","+0212,1","10051,1",,,,,,"06,1,+00800,1,07,1","99,9,+99999,9,03,1",,"9,AGL   ,+99999,+99999","08,99,1,06,1,99,9,00800,1,99,9,99,9","240,M,+0292,1","240,N,+0208,1","99999,9,09529,1","9,9,999,9,-009,1",,"SYN08043083 32597 82301 10242 20212 39529 40051 86760 333 10292 20208 59009 555 11128="
"43083099999","2023-09-26T12:00:00","4","18.05","78.2666666","472.0","MEDAK, IN","FM-12","99999","V020","230,1,N,0005,1","99999,9,9,N","010000,1,9,9","+0296,1","+0238,1","10020,1",,,,,,"04,1,+00800,1,06,1","99,9,+99999,9,03,1",,"9,AGL   ,+99999,+99999","07,99,1,04,1,99,9,00800,1,99,9,99,9",,,"99999,9,09508,1","9,9,999,9,+000,1",,"SYN06443083 32597 72301 10296 20238 39508 40020 84460 333 10306 58000="
"43083099999","2023-09-27T03:00:00","4","18.05","78.2666666","472.0","MEDAK, IN","FM-12","99999","V020","230,1,N,0005,1","99999,9,9,N","010000,1,9,9","+0252,1","+0222,1","10049,1",,,,,,"06,1,+00800,1,07,1","99,9,+99999,9,03,1",,"9,AGL   ,+99999,+99999","08,99,1,06,1,99,9,00800,1,99,9,99,9","240,M,+0306,1","240,N,+0218,1","99999,9,09529,1","9,9,999,9,+000,1",,"SYN08043083 32597 82301 10252 20222 39529 40049 86760 333 10306 20218 58000 555 11128="
"43083099999","2023-09-27T12:00:00","4","18.05","78.2666666","472.0","MEDAK, IN","FM-12","99999","V020","320,1,N,0005,1","99999,9,9,N","010000,1,9,9","+0290,1","+0247,1","10017,1",,,,,,"05,1,+00800,1,07,1","99,9,+99999,9,03,1",,"9,AGL   ,+99999,+99999","08,99,1,05,1,99,9,00800,1,99,9,99,9","240,M,+0308,1",,"99999,9,09503,1","9,9,999,9,-005,1",,"SYN06443083 32597 83201 10290 20247 39503 40017 85760 333 10308 59005="
"43083099999","2023-09-28T03:00:00","4","18.05","78.2666666","472.0","MEDAK, IN","FM-12","99999","V020","320,1,N,0005,1","99999,9,9,N","010000,1,9,9","+0266,1","+0231,1","10056,1",,,,,,"03,1,+00800,1,06,1","99,9,+99999,9,03,1",,"9,AGL   ,+99999,+99999","06,99,1,03,1,99,9,00800,1,99,9,99,9","240,M,+0308,1","240,N,+0228,1","99999,9,09537,1","9,9,999,9,+008,1",,"SYN08043083 32597 63201 10266 20231 39537 40056 83460 333 10308 20228 58008 555 11128="
"43083099999","2023-09-29T06:00:00","4","18.05","78.2666666","472.0","MEDAK, IN","FM-12","99999","V020","999,9,C,0000,1","22000,1,9,N","004000,1,9,9","+0232,1","+0126,1","99999,9",,,,,,"02,1,+99999,9,08,1","99,9,+99999,9,03,1",,"9,AGL   ,+99999,+99999","03,99,1,02,1,99,9,99999,9,99,9,99,9",,,"99999,9,07998,1","9,9,999,9,+003,1",,"SYN05843083 32996 30000 10232 20126 37998 4//// 82230 333 58003="
"43083099999","2023-09-29T12:00:00","4","18.05","78.2666666","472.0","MEDAK, IN","FM-12","99999","V020","230,1,N,0005,1","99999,9,9,N","010000,1,9,9","+0302,1","+0251,1","10013,1",,,,,,"06,1,+00800,1,07,1","99,9,+99999,9,03,1",,"9,AGL   ,+99999,+99999","08,99,1,06,1,99,9,00800,1,99,9,99,9","240,M,+0316,1",,"99999,9,09503,2","9,9,999,9,-004,1",,"SYN06443083 32597 82301 10302 20251 39503 40013 86760 333 10316 59004="
"43083099999","2023-09-30T03:00:00","4","18.05","78.2666666","472.0","MEDAK, IN","FM-12","99999","V020","230,1,N,0005,1","99999,9,9,N","010000,1,9,9","+0256,1","+0211,1","10049,1","24,0140,3,1",,,,,"03,1,+00800,1,08,1","99,9,+99999,9,03,1",,"9,AGL   ,+99999,+99999","06,99,1,03,1,99,9,00800,1,99,9,99,9","240,M,+0316,1","240,N,+0210,1","99999,9,09529,1","9,9,999,9,+000,1",,"SYN09243083 22597 62301 10256 20211 39529 40049 83140 333 10316 20210 58000 6014/ 555 00144 11143="
"43083099999","2023-09-30T12:00:00","4","18.05","78.2666666","472.0","MEDAK, IN","FM-12","99999","V020","230,1,N,0005,1","22000,1,9,N","010000,1,9,9","+0306,1","+0243,1","10012,1",,,,,,"04,1,+99999,9,03,1",,,"9,AGL   ,+99999,+99999","04,99,1,04,1,99,9,99999,9,99,9,99,9",,,"99999,9,09502,1","9,9,999,9,-001,1",,"SYN06443083 32997 42301 10306 20243 39502 40012 84030 333 10322 59001="
"43083099999","2023-10-01T03:00:00","4","18.05","78.2666666","472.0","MEDAK, IN","FM-12","99999","V020","230,1,N,0005,1","22000,1,9,N","010000,1,9,9","+0266,1","+0215,1","10051,1",,,,,,"03,2,+99999,9,03,1",,,"9,AGL   ,+99999,+99999","02,99,2,03,2,99,9,99999,9,99,9,99,9","240,M,+0322,1","240,N,+0228,1","99999,9,09533,1","9,9,999,9,+004,1",,"SYN08043083 32997 22301 10266 20215 39533 40051 83030 333 10322 20228 58004 555 10000="
"43083099999","2023-10-01T12:00:00","4","18.05","78.2666666","472.0","MEDAK, IN","FM-12","99999","V020","230,1,N,0005,1","22000,1,9,N","010000,1,9,9","+0308,1","+0248,1","10017,1",,,,,,"04,1,+99999,9,03,1",,,"9,AGL   ,+99999,+99999","04,99,1,04,1,99,9,99999,9,99,9,99,9","240,M,+0326,1",,"99999,9,09507,1","9,9,999,9,+005,1",,"SYN06443083 32997 42301 10308 20248 39507 40017 84030 333 10326 58005="
"43083099999","2023-10-02T03:00:00","4","18.05","78.2666666","472.0","MEDAK, IN","FM-12","99999","V020","320,1,N,0005,1","99999,9,9,N","010000,1,9,9","+0256,1","+0211,1","10038,1",,,,,,"04,1,+00800,1,06,1","99,9,+99999,9,03,1",,"9,AGL   ,+99999,+99999","08,99,1,04,1,99,9,00800,1,99,9,99,9","240,M,+0326,1","240,N,+0218,1","99999,9,09518,1","9,9,999,9,-015,1",,"SYN08043083 32597 83201 10256 20211 39518 40038 84460 333 10326 20218 59015 555 10000="
"43083099999","2023-10-02T12:00:00","4","18.05","78.2666666","472.0","MEDAK, IN","FM-12","99999","V020","230,1,N,0005,1","99999,9,9,N","010000,1,9,9","+0296,1","+0238,1","10010,1",,,,,,"05,1,+00800,1,06,1","99,9,+99999,9,03,1",,"9,AGL   ,+99999,+99999","08,99,1,05,1,99,9,00800,1,99,9,99,9","240,M,+0316,1",,"99999,9,09498,1","9,9,999,9,-009,1",,"SYN06443083 32597 82301 10296 20238 39498 40010 85460 333 10316 59009="
"43083099999","2023-10-03T03:00:00","4","18.05","78.2666666","472.0","MEDAK, IN","FM-12","99999","V020","230,1,N,0005,1","99999,9,9,N","010000,1,9,9","+0256,1","+0220,1","10057,1",,,,,,"03,1,+00800,1,06,1","99,9,+99999,9,03,1",,"9,AGL   ,+99999,+99999","06,99,1,03,1,99,9,00800,1,99,9,99,9","240,M,+0316,1","240,N,+0220,1","99999,9,09536,1","9,9,999,9,+018,1",,"SYN08043083 32597 62301 10256 20220 39536 40057 83530 333 10316 20220 58018 555 10000="
"43083099999","2023-10-03T12:00:00","4","18.05","78.2666666","472.0","MEDAK, IN","FM-12","99999","V020","230,1,N,0005,1","22000,1,9,N","010000,1,9,9","+0306,1","+0243,1","10015,1",,,,,,"04,1,+99999,9,03,1",,,"9,AGL   ,+99999,+99999","04,99,1,04,1,99,9,99999,9,99,9,99,9","240,M,+0320,1",,"99999,9,09505,1","9,9,999,9,+007,1",,"SYN06443083 32997 42301 10306 20243 39505 40015 84030 333 10320 58007="
"43083099999","2023-10-04T03:00:00","4","18.05","78.2666666","472.0","MEDAK, IN","FM-12","99999","V020","320,1,N,0005,1","22000,1,9,N","010000,1,9,9","+0262,1","+0217,1","10055,1",,,,,,"04,1,+99999,9,03,1",,,"9,AGL   ,+99999,+99999","04,99,1,04,1,99,9,99999,9,99,9,99,9","240,M,+0320,1","240,N,+0223,1","99999,9,09536,1","9,9,999,9,+000,1",,"SYN08043083 32997 43201 10262 20217 39536 40055 84040 333 10320 20223 58000 555 10000="
"43083099999","2023-10-04T12:00:00","4","18.05","78.2666666","472.0","MEDAK, IN","FM-12","99999","V020","230,1,N,0005,1","22000,1,9,N","010000,1,9,9","+0312,1","+0247,1","10008,1",,,,,,"03,1,+99999,9,03,1",,,"9,AGL   ,+99999,+99999","03,99,1,03,1,99,9,99999,9,99,9,99,9","240,M,+0326,1",,"99999,9,09500,1","9,9,999,9,-005,1",,"SYN06443083 32997 32301 10312 20247 39500 40008 83030 333 10326 59005="
"43083099999","2023-10-05T03:00:00","4","18.05","78.2666666","472.0","MEDAK, IN","FM-12","99999","V020","230,1,N,0005,1","22000,1,9,N","010000,1,9,9","+0242,1","+0205,1","10071,1",,,,,,"03,1,+99999,9,03,1",,,"9,AGL   ,+99999,+99999","03,99,1,03,1,99,9,99999,9,99,9,99,9","240,M,+0326,1","240,N,+0195,1","99999,9,09548,1","9,9,999,9,+012,1",,"SYN08043083 32997 32301 10242 20205 39548 40071 83030 333 10326 20195 58012 555 10000="
"43083099999","2023-10-06T03:00:00","4","18.05","78.2666666","472.0","MEDAK, IN","FM-12","99999","V020","230,1,N,0005,1","22000,1,9,N","010000,1,9,9","+0238,1","+0204,1","10069,1",,,,,,"02,1,+99999,9,03,1",,,"9,AGL   ,+99999,+99999","02,99,1,02,1,99,9,99999,9,99,9,99,9","240,M,+0328,1","240,N,+0190,1","99999,9,09544,1","9,9,999,9,-004,1",,"SYN08043083 32997 22301 10238 20204 39544 40069 82030 333 10328 20190 59004 555 10000="
"43083099999","2023-10-06T12:00:00","4","18.05","78.2666666","472.0","MEDAK, IN","FM-12","99999","V020","230,1,N,0005,1","22000,1,9,N","010000,1,9,9","+0314,1","+0246,1","10028,1",,,,,,"03,1,+99999,9,03,1",,,"9,AGL   ,+99999,+99999","03,99,1,03,1,99,9,99999,9,99,9,99,9","240,M,+0327,1",,"99999,9,09518,1","9,9,999,9,+000,1",,"SYN06443083 32997 32301 10314 20246 39518 40028 83030 333 10327 58000="
"43083099999","2023-10-07T03:00:00","4","18.05","78.2666666","472.0","MEDAK, IN","FM-12","99999","V020","320,1,N,0005,1","22000,1,9,N","010000,1,9,9","+0234,1","+0210,1","10075,1",,,,,,"02,1,+99999,9,03,1",,,"9,AGL   ,+99999,+99999","02,99,1,02,1,99,9,99999,9,99,9,99,9","240,M,+0327,1","240,N,+0188,1","99999,9,09550,1","9,9,999,9,+006,1",,"SYN08043083 32997 23201 10234 20210 39550 40075 82030 333 10327 20188 58006 555 10000="
"43083099999","2023-10-07T12:00:00","4","18.05","78.2666666","472.0","MEDAK, IN","FM-12","99999","V020","320,1,N,0005,1","22000,1,9,N","010000,1,9,9","+0312,1","+0240,1","10033,1",,,,,,"02,1,+99999,9,03,1",,,"9,AGL   ,+99999,+99999","02,99,1,02,1,99,9,99999,9,99,9,99,9","240,M,+0326,1",,"99999,9,09523,1","9,9,999,9,+005,1",,"SYN06443083 32997 23201 10312 20240 39523 40033 82030 333 10326 58005="
"43083099999","2023-10-08T03:00:00","4","18.05","78.2666666","472.0","MEDAK, IN","FM-12","99999","V020","230,1,N,0005,1","22000,1,9,N","010000,1,9,9","+0256,1","+0220,1","10082,1",,,,,,"02,1,+99999,9,03,1",,,"9,AGL   ,+99999,+99999","02,99,1,02,1,99,9,99999,9,99,9,99,9","240,M,+0326,1","240,N,+0193,1","99999,9,09560,1","9,9,999,9,+010,1",,"SYN08043083 32997 22301 10256 20220 39560 40082 82030 333 10326 20193 58010 555 10000="
"43083099999","2023-10-08T12:00:00","4","18.05","78.2666666","472.0","MEDAK, IN","FM-12","99999","V020","140,1,N,0005,1","22000,1,9,N","010000,1,9,9","+0316,1","+0245,1","10038,1",,,,,,"02,1,+00800,1,06,1","99,9,+99999,9,03,1",,"9,AGL   ,+99999,+99999","04,99,1,02,1,99,9,00800,1,99,9,99,9","240,M,+0332,1",,"99999,9,09528,1","9,9,999,9,+005,1",,"SYN06443083 32597 41401 10316 20245 39528 40038 82530 333 10332 58005="
"43083099999","2023-10-09T03:00:00","4","18.05","78.2666666","472.0","MEDAK, IN","FM-12","99999","V020","140,1,N,0005,1","22000,1,9,N","010000,1,9,9","+0254,1","+0218,1","10102,1",,,,,,"02,1,+99999,9,03,1",,,"9,AGL   ,+99999,+99999","02,99,1,02,1,99,9,99999,9,99,9,99,9","240,M,+0332,1","240,N,+0193,1","99999,9,09579,1","9,9,999,9,+019,1",,"SYN08043083 32997 21401 10254 20218 39579 40102 82030 333 10332 20193 58019 555 10000="
"43083099999","2023-10-09T12:00:00","4","18.05","78.2666666","472.0","MEDAK, IN","FM-12","99999","V020","140,1,N,0005,1","22000,1,9,N","010000,1,9,9","+0318,1","+0247,1","10056,1",,,,,,"02,1,+99999,9,03,1",,,"9,AGL   ,+99999,+99999","03,99,1,02,1,99,9,99999,9,99,9,99,9","240,M,+0336,1",,"99999,9,09545,1","9,9,999,9,+017,1",,"SYN06443083 32997 31401 10318 20247 39545 40056 82030 333 10336 58017="
"43083099999","2023-10-10T03:00:00","4","18.05","78.2666666","472.0","MEDAK, IN","FM-12","99999","V020","050,1,N,0005,1","22000,1,9,N","010000,1,9,9","+0262,1","+0223,1","10099,1",,,,,,"03,1,+99999,9,03,1",,,"9,AGL   ,+99999,+99999","03,99,1,03,1,99,9,99999,9,99,9,99,9","240,M,+0336,1","240,N,+0208,1","99999,9,09578,1","9,9,999,9,-001,1",,"SYN08043083 32997 30501 10262 20223 39578 40099 83030 333 10336 20208 59001 555 10000="
"43083099999","2023-10-10T12:00:00","4","18.05","78.2666666","472.0","MEDAK, IN","FM-12","99999","V020","140,1,N,0005,1","22000,1,9,N","010000,1,9,9","+0316,1","+0245,1","10057,1",,,,,,"02,1,+00800,1,06,1","99,9,+99999,9,03,1",,"9,AGL   ,+99999,+99999","04,99,1,02,1,99,9,00800,1,99,9,99,9","240,M,+0332,1",,"99999,9,09546,1","9,9,999,9,+001,1",,"SYN06443083 32597 41401 10316 20245 39546 40057 82530 333 10332 58001="
"43083099999","2023-10-11T03:00:00","4","18.05","78.2666666","472.0","MEDAK, IN","FM-12","99999","V020","140,1,N,0005,1","22000,1,9,N","010000,1,9,9","+0262,1","+0217,1","10099,1",,,,,,"02,1,+99999,9,03,1",,,"9,AGL   ,+99999,+99999","02,99,1,02,1,99,9,99999,9,99,9,99,9","240,M,+0332,1","240,N,+0203,1","99999,9,09578,1","9,9,999,9,+000,1",,"SYN08043083 32997 21401 10262 20217 39578 40099 82030 333 10332 20203 58000 555 10000="
"43083099999","2023-10-11T12:00:00","4","18.05","78.2666666","472.0","MEDAK, IN","FM-12","99999","V020","050,1,N,0005,1","22000,1,9,N","010000,1,9,9","+0322,1","+0229,1","10049,1",,,,,,"02,1,+99999,9,03,1",,,"9,AGL   ,+99999,+99999","02,99,1,02,1,99,9,99999,9,99,9,99,9",,,"99999,9,09540,1","9,9,999,9,-006,1",,"SYN06443083 32997 20501 10322 20229 39540 40049 82030 333 10342 59006="
"43083099999","2023-10-12T03:00:00","4","18.05","78.2666666","472.0","MEDAK, IN","FM-12","99999","V020","050,1,N,0005,1","22000,1,9,N","010000,1,9,9","+0252,1","+0206,1","10098,1",,,,,,"02,1,+99999,9,03,1",,,"9,AGL   ,+99999,+99999","02,99,1,02,1,99,9,99999,9,99,9,99,9","240,M,+0342,1","240,N,+0183,1","99999,9,09579,1","9,9,999,9,+001,1",,"SYN08043083 32997 20501 10252 20206 39579 40098 82030 333 10342 20183 58001 555 10000="
"43083099999","2023-10-12T12:00:00","4","18.05","78.2666666","472.0","MEDAK, IN","FM-12","99999","V020","140,1,N,0005,1","22000,1,9,N","010000,1,9,9","+0326,1","+0240,1","10054,1",,,,,,"03,1,+99999,9,03,1",,,"9,AGL   ,+99999,+99999","03,99,1,03,1,99,9,99999,9,99,9,99,9","240,M,+0346,1",,"99999,9,09545,1","9,9,999,9,+005,1",,"SYN06443083 32997 31401 10326 20240 39545 40054 83030 333 10346 58005="
"43083099999","2023-10-13T03:00:00","4","18.05","78.2666666","472.0","MEDAK, IN","FM-12","99999","V020","050,1,N,0005,1","22000,1,9,N","010000,1,9,9","+0246,1","+0210,1","10120,1",,,,,,"02,1,+99999,9,03,1",,,"9,AGL   ,+99999,+99999","02,99,1,02,1,99,9,99999,9,99,9,99,9","240,M,+0346,1","240,N,+0183,1","99999,9,09594,1","9,9,999,9,+015,1",,"SYN08043083 32997 20501 10246 20210 39594 40120 82030 333 10346 20183 58015 555 10000="
"43083099999","2023-10-13T12:00:00","4","18.05","78.2666666","472.0","MEDAK, IN","FM-12","99999","V020","140,1,N,0005,1","22000,1,9,N","010000,1,9,9","+0326,1","+0243,1","10064,1",,,,,,"03,1,+99999,9,03,1",,,"9,AGL   ,+99999,+99999","03,99,1,03,1,99,9,99999,9,99,9,99,9","240,M,+0348,1",,"99999,9,09555,1","9,9,999,9,+010,1",,"SYN06443083 32997 31401 10326 20243 39555 40064 83030 333 10348 58010="
"43083099999","2023-10-14T03:00:00","4","18.05","78.2666666","472.0","MEDAK, IN","FM-12","99999","V020","050,1,N,0005,1","22000,1,9,N","010000,1,9,9","+0252,1","+0213,1","10117,1",,,,,,"02,1,+99999,9,03,1",,,"9,AGL   ,+99999,+99999","02,99,1,02,1,99,9,99999,9,99,9,99,9","240,M,+0348,1","240,N,+0198,1","99999,9,09594,1","9,9,999,9,+000,1",,"SYN08043083 32997 20501 10252 20213 39594 40117 82030 333 10348 20198 58000 555 10000="
"43083099999","2023-10-14T12:00:00","4","18.05","78.2666666","472.0","MEDAK, IN","FM-12","99999","V020","140,1,N,0005,1","22000,1,9,N","010000,1,9,9","+0322,1","+0236,1","10064,1",,,,,,"02,1,+00800,1,06,1","99,9,+99999,9,03,1",,"9,AGL   ,+99999,+99999","04,99,1,02,1,99,9,00800,1,99,9,99,9",,,"99999,9,09555,1","9,9,999,9,+000,1",,"SYN06443083 32597 41401 10322 20236 39555 40064 82540 333 10346 58000="
"43083099999","2023-10-15T03:00:00","4","18.05","78.2666666","472.0","MEDAK, IN","FM-12","99999","V020","050,1,N,0005,1","22000,1,9,N","010000,1,9,9","+0256,1","+0220,1","10107,1",,,,,,"03,1,+99999,9,03,1",,,"9,AGL   ,+99999,+99999","03,99,1,03,1,99,9,99999,9,99,9,99,9","240,M,+0346,1","240,N,+0198,1","99999,9,09584,1","9,9,999,9,-010,1",,"SYN08043083 32997 30501 10256 20220 39584 40107 83030 333 10346 20198 59010 555 10000="
"43083099999","2023-10-15T12:00:00","4","18.05","78.2666666","472.0","MEDAK, IN","FM-12","99999","V020","140,1,N,0005,1","22000,1,9,N","010000,1,9,9","+0316,1","+0235,1","10062,1",,,,,,"02,1,+00800,1,06,1","99,9,+99999,9,03,1",,"9,AGL   ,+99999,+99999","04,99,1,02,1,99,9,00800,1,99,9,99,9","240,M,+0342,1",,"99999,9,09551,1","9,9,999,9,-004,1",,"SYN06443083 32597 41401 10316 20235 39551 40062 82530 333 10342 59004="
"43083099999","2023-10-16T03:00:00","4","18.05","78.2666666","472.0","MEDAK, IN","FM-12","99999","V020","140,1,N,0005,1","22000,1,9,N","010000,1,9,9","+0256,1","+0211,1","10102,1",,,,,,"02,1,+00800,1,06,1","99,9,+99999,9,03,1",,"9,AGL   ,+99999,+99999","04,99,1,02,1,99,9,00800,1,99,9,99,9","240,M,+0342,1","240,N,+0194,1","99999,9,09579,1","9,9,999,9,-005,1",,"SYN08043083 32597 41401 10256 20211 39579 40102 82530 333 10342 20194 59005 555 10000="
"43083099999","2023-10-16T12:00:00","4","18.05","78.2666666","472.0","MEDAK, IN","FM-12","99999","V020","050,1,N,0005,1","22000,1,9,N","010000,1,9,9","+0316,1","+0239,1","10056,1",,,,,,"03,1,+99999,9,03,1",,,"9,AGL   ,+99999,+99999","03,99,1,03,1,99,9,99999,9,99,9,99,9","240,M,+0346,1",,"99999,9,09545,1","9,9,999,9,-006,1",,"SYN06443083 32997 30501 10316 20239 39545 40056 83030 333 10346 59006="
"43083099999","2023-10-17T03:00:00","4","18.05","78.2666666","472.0","MEDAK, IN","FM-12","99999","V020","230,1,N,0005,1","22000,1,9,N","010000,1,9,9","+0262,1","+0223,1","10109,1",,,,,,"02,1,+00800,1,06,1","99,9,+99999,9,03,1",,"9,AGL   ,+99999,+99999","04,99,1,02,1,99,9,00800,1,99,9,99,9","240,M,+0346,1","240,N,+0204,1","99999,9,09588,1","9,9,999,9,+009,1",,"SYN08043083 32597 42301 10262 20223 39588 40109 82530 333 10346 20204 58009 555 10000="
"43083099999","2023-10-17T12:00:00","4","18.05","78.2666666","472.0","MEDAK, IN","FM-12","99999","V020","050,1,N,0005,1","99999,9,9,N","010000,1,9,9","+0318,1","+0244,1","10067,1",,,,,,"03,1,+00800,1,06,1","99,9,+99999,9,03,1",,"9,AGL   ,+99999,+99999","05,99,1,03,1,99,9,00800,1,99,9,99,9","240,M,+0348,1",,"99999,9,09555,1","9,9,999,9,+010,1",,"SYN06443083 32597 50501 10318 20244 39555 40067 83530 333 10348 58010="
"43083099999","2023-10-18T03:00:00","4","18.05","78.2666666","472.0","MEDAK, IN","FM-12","99999","V020","140,1,N,0005,1","22000,1,9,N","010000,1,9,9","+0242,1","+0202,1","10121,1",,,,,,"02,1,+99999,9,03,1",,,"9,AGL   ,+99999,+99999","02,99,1,02,1,99,9,99999,9,99,9,99,9","240,M,+0348,1","240,N,+0183,1","99999,9,09595,1","9,9,999,9,+007,1",,"SYN08043083 32997 21401 10242 20202 39595 40121 82030 333 10348 20183 58007 555 10000="
"43083099999","2023-10-18T12:00:00","4","18.05","78.2666666","472.0","MEDAK, IN","FM-12","99999","V020","050,1,N,0005,1","22000,1,9,N","010000,1,9,9","+0316,1","+0239,1","10068,1",,,,,,"02,1,+00800,1,06,1","99,9,+99999,9,03,1",,"9,AGL   ,+99999,+99999","04,99,1,02,1,99,9,00800,1,99,9,99,9","240,M,+0342,1",,"99999,9,09556,1","9,9,999,9,+001,1",,"SYN06443083 32597 40501 10316 20239 39556 40068 82530 333 10342 58001="
"43083099999","2023-10-19T03:00:00","4","18.05","78.2666666","472.0","MEDAK, IN","FM-12","99999","V020","050,1,N,0005,1","22000,1,9,N","010000,1,9,9","+0246,1","+0200,1","10114,1",,,,,,"02,1,+99999,9,03,1",,,"9,AGL   ,+99999,+99999","02,99,1,02,1,99,9,99999,9,99,9,99,9","240,M,+0342,1","240,N,+0184,1","99999,9,09589,1","9,9,999,9,-006,1",,"SYN08043083 32997 20501 10246 20200 39589 40114 82030 333 10342 20184 59006 555 10000="
"43083099999","2023-10-19T12:00:00","4","18.05","78.2666666","472.0","MEDAK, IN","FM-12","99999","V020","140,1,N,0005,1","22000,1,9,N","010000,1,9,9","+0318,1","+0238,1","10074,1",,,,,,"02,1,+00800,1,06,1","99,9,+99999,9,03,1",,"9,AGL   ,+99999,+99999","04,99,1,02,1,99,9,00800,1,99,9,99,9","240,M,+0336,1",,"99999,9,09562,1","9,9,999,9,+006,1",,"SYN06443083 32597 41401 10318 20238 39562 40074 82530 333 10336 58006="
"43083099999","2023-10-20T03:00:00","4","18.05","78.2666666","472.0","MEDAK, IN","FM-12","99999","V020","140,1,N,0005,1","22000,1,9,N","010000,1,9,9","+0252,1","+0206,1","10123,1",,,,,,"02,1,+99999,9,03,1",,,"9,AGL   ,+99999,+99999","02,99,1,02,1,99,9,99999,9,99,9,99,9","240,M,+0336,1","240,N,+0193,1","99999,9,09599,1","9,9,999,9,+010,1",,"SYN08043083 32997 21401 10252 20206 39599 40123 82030 333 10336 20193 58010 555 10000="
"43083099999","2023-10-20T12:00:00","4","18.05","78.2666666","472.0","MEDAK, IN","FM-12","99999","V020","140,1,N,0005,1","22000,1,9,N","010000,1,9,9","+0316,1","+0235,1","10078,1",,,,,,"02,1,+00800,1,06,1","99,9,+99999,9,03,1",,"9,AGL   ,+99999,+99999","04,99,1,02,1,99,9,00800,1,99,9,99,9","240,M,+0332,1",,"99999,9,09566,1","9,9,999,9,+004,1",,"SYN06443083 32597 41401 10316 20235 39566 40078 82530 333 10332 58004="
"43083099999","2023-10-21T03:00:00","4","18.05","78.2666666","472.0","MEDAK, IN","FM-12","99999","V020","050,1,N,0005,1","22000,1,9,N","010000,1,9,9","+0242,1","+0202,1","10152,1",,,,,,"02,1,+00800,1,06,1","99,9,+99999,9,03,1",,"9,AGL   ,+99999,+99999","03,99,1,02,1,99,9,00800,1,99,9,99,9","240,M,+0332,1","240,N,+0188,1","99999,9,09599,1","9,9,999,9,+000,1",,"SYN08043083 32597 30501 10242 20202 39599 40152 82530 333 10332 20188 58000 555 10000="
"43083099999","2023-10-21T12:00:00","4","18.05","78.2666666","472.0","MEDAK, IN","FM-12","99999","V020","230,1,N,0005,1","99999,9,9,N","010000,1,9,9","+0318,1","+0238,1","10078,1",,,,,,"03,1,+00800,1,06,1","99,9,+99999,9,03,1",,"9,AGL   ,+99999,+99999","05,99,1,03,1,99,9,00800,1,99,9,99,9","240,M,+0332,1",,"99999,9,09566,1","9,9,999,9,+000,1",,"SYN06443083 32597 52301 10318 20238 39566 40078 83530 333 10332 58000="
"43083099999","2023-10-22T03:00:00","4","18.05","78.2666666","472.0","MEDAK, IN","FM-12","99999","V020","140,1,N,0005,1","22000,1,9,N","010000,1,9,9","+0226,1","+0188,1","10130,1",,,,,,"02,1,+99999,9,03,1",,,"9,AGL   ,+99999,+99999","02,99,1,02,1,99,9,99999,9,99,9,99,9","240,M,+0332,1","240,N,+0174,1","99999,9,09600,1","9,9,999,9,+001,1",,"SYN08043083 32997 21401 10226 20188 39600 40130 82030 333 10332 20174 58001 555 10000="
"43083099999","2023-10-22T12:00:00","4","18.05","78.2666666","472.0","MEDAK, IN","FM-12","99999","V020","230,1,N,0005,1","99999,9,9,N","010000,1,9,9","+0308,1","+0216,1","10082,1",,,,,,"03,1,+00800,1,06,1","99,9,+99999,9,03,1",,"9,AGL   ,+99999,+99999","05,99,1,03,1,99,9,00800,1,99,9,99,9","240,M,+0322,1",,"99999,9,09569,1","9,9,999,9,+003,1",,"SYN06443083 32597 52301 10308 20216 39569 40082 83530 333 10322 58003="
"43083099999","2023-10-23T03:00:00","4","18.05","78.2666666","472.0","MEDAK, IN","FM-12","99999","V020","140,1,N,0005,1","22000,1,9,N","010000,1,9,9","+0226,1","+0188,1","10120,1",,,,,,"02,1,+99999,9,03,1",,,"9,AGL   ,+99999,+99999","02,99,1,02,1,99,9,99999,9,99,9,99,9","240,M,+0322,1","240,N,+0160,1","99999,9,09591,1","9,9,999,9,-009,1",,"SYN08043083 32997 21401 10226 20188 39591 40120 82030 333 10322 20160 59009 555 10000="
"43083099999","2023-10-23T12:00:00","4","18.05","78.2666666","472.0","MEDAK, IN","FM-12","99999","V020","140,1,N,0005,1","22000,1,9,N","010000,1,9,9","+0306,1","+0211,1","10078,1",,,,,,"02,1,+99999,9,03,1",,,"9,AGL   ,+99999,+99999","02,99,1,02,1,99,9,99999,9,99,9,99,9","240,M,+0320,1",,"99999,9,09565,1","9,9,999,9,-004,1",,"SYN06443083 32997 21401 10306 20211 39565 40078 82030 333 10320 59004="
"43083099999","2023-10-24T03:00:00","4","18.05","78.2666666","472.0","MEDAK, IN","FM-12","99999","V020","050,1,N,0005,1","22000,1,9,N","010000,1,9,9","+0224,1","+0183,1","10121,1",,,,,,"02,1,+99999,9,03,1",,,"9,AGL   ,+99999,+99999","02,99,1,02,1,99,9,99999,9,99,9,99,9","240,M,+0320,1","240,N,+0158,1","99999,9,09592,1","9,9,999,9,+001,1",,"SYN08043083 32997 20501 10224 20183 39592 40121 82030 333 10320 20158 58001 555 10000="
"43083099999","2023-10-24T12:00:00","4","18.05","78.2666666","472.0","MEDAK, IN","FM-12","99999","V020","140,1,N,0005,1","22000,1,9,N","010000,1,9,9","+0308,1","+0220,1","10079,1",,,,,,"02,1,+00800,1,06,1","99,9,+99999,9,03,1",,"9,AGL   ,+99999,+99999","03,99,1,02,1,99,9,00800,1,99,9,99,9","240,M,+0318,1",,"99999,9,09566,1","9,9,999,9,+001,1",,"SYN06443083 32597 31401 10308 20220 39566 40079 82530 333 10318 58001="
"43083099999","2023-10-25T03:00:00","4","18.05","78.2666666","472.0","MEDAK, IN","FM-12","99999","V020","050,1,N,0005,1","22000,1,9,N","010000,1,9,9","+0242,1","+0197,1","10129,1",,,,,,"02,1,+99999,9,03,1",,,"9,AGL   ,+99999,+99999","02,99,1,02,1,99,9,99999,9,99,9,99,9","240,M,+0318,1","240,N,+0150,1","99999,9,09603,1","9,9,999,9,+011,1",,"SYN08043083 32997 20501 10242 20197 39603 40129 82030 333 10318 20150 58011 555 10000="
"43083099999","2023-10-25T12:00:00","4","18.05","78.2666666","472.0","MEDAK, IN","FM-12","99999","V020","050,1,N,0005,1","22000,1,9,N","010000,1,9,9","+0310,1","+0215,1","10083,1",,,,,,"02,1,+99999,9,03,1",,,"9,AGL   ,+99999,+99999","02,99,1,02,1,99,9,99999,9,99,9,99,9","240,M,+0322,1",,"99999,9,09570,1","9,9,999,9,+004,1",,"SYN06443083 32997 20501 10310 20215 39570 40083 82030 333 10322 58004="
"43083099999","2023-10-26T03:00:00","4","18.05","78.2666666","472.0","MEDAK, IN","FM-12","99999","V020","230,1,N,0005,1","22000,1,9,N","010000,1,9,9","+0236,1","+0175,1","10131,1",,,,,,"02,1,+00800,1,06,1","99,9,+99999,9,03,1",,"9,AGL   ,+99999,+99999","03,99,1,02,1,99,9,00800,1,99,9,99,9","240,M,+0322,1","240,N,+0146,1","99999,9,09603,1","9,9,999,9,+000,1",,"SYN08043083 32597 32301 10236 20175 39603 40131 82530 333 10322 20146 58000 555 10000="
"43083099999","2023-10-26T12:00:00","4","18.05","78.2666666","472.0","MEDAK, IN","FM-12","99999","V020","230,1,N,0005,1","22000,1,9,N","010000,1,9,9","+0312,1","+0218,1","10082,1",,,,,,"02,1,+00800,1,06,1","99,9,+99999,9,03,1",,"9,AGL   ,+99999,+99999","04,99,1,02,1,99,9,00800,1,99,9,99,9","240,M,+0324,1",,"99999,9,09570,1","9,9,999,9,+000,1",,"SYN06443083 32597 42301 10312 20218 39570 40082 82530 333 10324 58000="
"43083099999","2023-10-27T03:00:00","4","18.05","78.2666666","472.0","MEDAK, IN","FM-12","99999","V020","050,1,N,0005,1","22000,1,9,N","010000,1,9,9","+0216,1","+0160,1","10130,1",,,,,,"02,1,+99999,9,03,1",,,"9,AGL   ,+99999,+99999","02,99,1,02,1,99,9,99999,9,99,9,99,9","240,M,+0324,1","240,N,+0144,1","99999,9,09598,1","9,9,999,9,-005,1",,"SYN08043083 32997 20501 10216 20160 39598 40130 82030 333 10324 20144 59005 555 10000="
"43083099999","2023-10-27T12:00:00","4","18.05","78.2666666","472.0","MEDAK, IN","FM-12","99999","V020","050,1,N,0005,1","22000,1,9,N","010000,1,9,9","+0306,1","+0207,1","10079,1",,,,,,"01,1,+99999,9,03,1",,,"9,AGL   ,+99999,+99999","01,99,1,01,1,99,9,99999,9,99,9,99,9","240,M,+0316,1",,"99999,9,09566,1","9,9,999,9,-004,1",,"SYN06443083 32997 10501 10306 20207 39566 40079 81030 333 10316 59004="
"43083099999","2023-10-28T03:00:00","4","18.05","78.2666666","472.0","MEDAK, IN","FM-12","99999","V020","050,1,N,0005,1","22000,1,9,N","010000,1,9,9","+0222,1","+0170,1","10123,1",,,,,,"01,1,+99999,9,03,1",,,"9,AGL   ,+99999,+99999","01,99,1,01,1,99,9,99999,9,99,9,99,9","240,M,+0316,1","240,N,+0134,1","99999,9,09594,1","9,9,999,9,-004,1",,"SYN08043083 32997 10501 10222 20170 39594 40123 81030 333 10316 20134 59004 555 10000="
"43083099999","2023-10-28T12:00:00","4","18.05","78.2666666","472.0","MEDAK, IN","FM-12","99999","V020","050,1,N,0005,1","22000,1,9,N","010000,1,9,9","+0304,1","+0201,1","10077,1",,,,,,"02,1,+99999,9,03,1",,,"9,AGL   ,+99999,+99999","02,99,1,02,1,99,9,99999,9,99,9,99,9","240,M,+0315,1",,"99999,9,09564,1","9,9,999,9,-002,1",,"SYN06443083 32997 20501 10304 20201 39564 40077 82030 333 10315 59002="
"43083099999","2023-10-29T03:00:00","4","18.05","78.2666666","472.0","MEDAK, IN","FM-12","99999","V020","140,1,N,0005,1","22000,1,9,N","010000,1,9,9","+0222,1","+0170,1","10112,1",,,,,,"01,1,+00800,1,06,1","99,9,+99999,9,03,1",,"9,AGL   ,+99999,+99999","02,99,1,01,1,99,9,00800,1,99,9,99,9","240,M,+0315,1","240,N,+0160,1","99999,9,09583,1","9,9,999,9,-011,1",,"SYN08043083 32597 21401 10222 20170 39583 40112 81530 333 10315 20160 59011 555 10000="
"43083099999","2023-10-29T12:00:00","4","18.05","78.2666666","472.0","MEDAK, IN","FM-12","99999","V020","050,1,N,0005,1","22000,1,9,N","010000,1,9,9","+0312,1","+0224,1","10072,1",,,,,,"02,1,+99999,9,03,1",,,"9,AGL   ,+99999,+99999","02,99,1,02,1,99,9,99999,9,99,9,99,9","240,M,+0326,1",,"99999,9,09560,1","9,9,999,9,-004,1",,"SYN06443083 32997 20501 10312 20224 39560 40072 82030 333 10326 59004="
"43083099999","2023-10-30T03:00:00","4","18.05","78.2666666","472.0","MEDAK, IN","FM-12","99999","V020","050,1,N,0005,1","22000,1,9,N","010000,1,9,9","+0236,1","+0189,1","10118,1",,,,,,"02,1,+00800,1,06,1","99,9,+99999,9,03,1",,"9,AGL   ,+99999,+99999","03,99,1,02,1,99,9,00800,1,99,9,99,9","240,M,+0326,1","240,N,+0168,1","99999,9,09591,1","9,9,999,9,+008,1",,"SYN08043083 32597 30501 10236 20189 39591 40118 82530 333 10326 20168 58008 555 10000="
"43083099999","2023-10-30T12:00:00","4","18.05","78.2666666","472.0","MEDAK, IN","FM-12","99999","V020","140,1,N,0005,1","22000,1,9,N","010000,1,9,9","+0314,1","+0230,1","10076,1",,,,,,"02,1,+99999,9,03,1",,,"9,AGL   ,+99999,+99999","02,99,1,02,1,99,9,99999,9,99,9,99,9",,,"99999,9,09564,1","9,9,999,9,+004,1",,"SYN06443083 32997 21401 10314 20230 39564 40076 82030 333 10328 58004="
"43083099999","2023-10-31T03:00:00","4","18.05","78.2666666","472.0","MEDAK, IN","FM-12","99999","V020","050,1,N,0005,1","22000,1,9,N","010000,1,9,9","+0238,1","+0181,1","10120,1",,,,,,"02,1,+99999,9,03,1",,,"9,AGL   ,+99999,+99999","02,99,1,02,1,99,9,99999,9,99,9,99,9","240,M,+0328,1","240,N,+0158,1","99999,9,09593,1","9,9,999,9,+002,1",,"SYN08043083 32997 20501 10238 20181 39593 40120 82030 333 10328 20158 58002 555 10000="
"43083099999","2023-10-31T12:00:00","4","18.05","78.2666666","472.0","MEDAK, IN","FM-12","99999","V020","230,1,N,0010,1","99999,9,9,N","010000,1,9,9","+0312,1","+0224,1","10077,1",,,,,,"03,1,+00800,1,06,1","99,9,+99999,9,03,1",,"9,AGL   ,+99999,+99999","06,99,1,03,1,99,9,00800,1,99,9,99,9","240,M,+0322,1",,"99999,9,09565,1","9,9,999,9,+001,1",,"SYN06443083 32597 62302 10312 20224 39565 40077 83560 333 10322 58001="
"43083099999","2023-11-01T03:00:00","4","18.05","78.2666666","472.0","MEDAK, IN","FM-12","99999","V020","230,1,N,0005,1","99999,9,9,N","010000,1,9,9","+0236,1","+0171,1","10124,1",,,,,,"03,1,+00800,1,08,1","99,9,+99999,9,03,1",,"9,AGL   ,+99999,+99999","06,99,1,03,1,99,9,00800,1,99,9,99,9","240,M,+0322,1","240,N,+0156,1","99999,9,09596,1","9,9,999,9,+003,1",,"SYN08043083 32597 62301 10236 20171 39596 40124 83160 333 10322 20156 58003 555 10000="
"43083099999","2023-11-01T12:00:00","4","18.05","78.2666666","472.0","MEDAK, IN","FM-12","99999","V020","050,1,N,0005,1","22000,1,9,N","010000,1,9,9","+0314,1","+0227,1","10081,1",,,,,,"03,1,+99999,9,03,1",,,"9,AGL   ,+99999,+99999","03,99,1,03,1,99,9,99999,9,99,9,99,9","240,M,+0323,1",,"99999,9,09569,1","9,9,999,9,+004,1",,"SYN06443083 32997 30501 10314 20227 39569 40081 83030 333 10323 58004="
"43083099999","2023-11-02T03:00:00","4","18.05","78.2666666","472.0","MEDAK, IN","FM-12","99999","V020","140,1,N,0005,1","22000,1,9,N","010000,1,9,9","+0242,1","+0202,1","10122,1",,,,,,"02,1,+00800,1,06,1","99,9,+99999,9,03,1",,"9,AGL   ,+99999,+99999","04,99,1,02,1,99,9,00800,1,99,9,99,9","240,M,+0323,1","240,N,+0178,1","99999,9,09596,1","9,9,999,9,+000,1",,"SYN08043083 32597 41401 10242 20202 39596 40122 82530 333 10323 20178 58000 555 10000="
"43083099999","2023-11-02T12:00:00","4","18.05","78.2666666","472.0","MEDAK, IN","FM-12","99999","V020","230,1,N,0005,1","99999,9,9,N","010000,1,9,9","+0296,1","+0222,1","10073,1",,,,,,"04,1,+00800,1,08,1","99,9,+99999,9,03,1",,"9,AGL   ,+99999,+99999","06,99,1,04,1,99,9,00800,1,99,9,99,9","240,M,+0314,1",,"99999,9,09558,1","9,9,999,9,-011,1",,"SYN06443083 32597 62301 10296 20222 39558 40073 84160 333 10314 59011="
"43083099999","2023-11-03T12:00:00","4","18.05","78.2666666","472.0","MEDAK, IN","FM-12","99999","V020","230,1,N,0005,1","99999,9,9,N","010000,1,9,9","+0302,1","+0251,1","10048,1",,,,,,"03,1,+00800,1,08,1","99,9,+99999,9,03,1",,"9,AGL   ,+99999,+99999","06,99,1,03,1,99,9,00800,1,99,9,99,9","240,M,+0326,1",,"99999,9,09536,1","9,9,999,9,-022,1",,"SYN06443083 32597 62301 10302 20251 39536 40048 83160 333 10326 59022="
"43083099999","2023-11-04T03:00:00","4","18.05","78.2666666","472.0","MEDAK, IN","FM-12","99999","V020","230,1,N,0005,1","99999,9,9,N","010000,1,9,9","+0256,1","+0211,1","10060,1",,,,,,"03,1,+00800,1,06,1","99,9,+99999,9,03,1",,"9,AGL   ,+99999,+99999","05,99,1,03,1,99,9,00800,1,99,9,99,9","240,M,+0326,1","240,N,+0198,1","99999,9,09539,1","9,9,999,9,-015,1",,"SYN08043083 32597 52301 10256 20211 39539 40060 83530 333 10326 20198 59015 555 10000="
"43083099999","2023-11-04T12:00:00","4","18.05","78.2666666","472.0","MEDAK, IN","FM-12","99999","V020","230,1,N,0005,1","99999,9,9,N","010000,1,9,9","+0296,1","+0248,1","10054,1",,,,,,"03,1,+00800,1,08,1","99,9,+99999,9,03,1",,"9,AGL   ,+99999,+99999","07,99,1,03,1,99,9,00800,1,99,9,99,9","240,M,+0312,1",,"99999,9,09540,1","9,9,999,9,+004,1",,"SYN06443083 32597 72301 10296 20248 39540 40054 83160 333 10312 58004="
"43083099999","2023-11-05T03:00:00","4","18.05","78.2666666","472.0","MEDAK, IN","FM-12","99999","V020","140,1,N,0005,1","22000,1,9,N","010000,1,9,9","+0238,1","+0198,1","10113,1",,,,,,"02,1,+00800,1,06,1","99,9,+99999,9,03,1",,"9,AGL   ,+99999,+99999","04,99,1,02,1,99,9,00800,1,99,9,99,9","240,M,+0312,1","240,N,+0178,1","99999,9,09586,1","9,9,999,9,+017,1",,"SYN08043083 32597 41401 10238 20198 39586 40113 82530 333 10312 20178 58017 555 10000="
"43083099999","2023-11-05T12:00:00","4","18.05","78.2666666","472.0","MEDAK, IN","FM-12","99999","V020","140,1,N,0005,1","99999,9,9,N","010000,1,9,9","+0290,1","+0241,1","10073,1",,,,,,"03,1,+00800,1,06,1","99,9,+99999,9,03,1",,"9,AGL   ,+99999,+99999","06,99,1,03,1,99,9,00800,1,99,9,99,9","240,M,+0316,1",,"99999,9,09556,1","9,9,999,9,+016,1",,"SYN06443083 32597 61401 10290 20241 39556 40073 83530 333 10316 58016="
"43083099999","2023-11-06T03:00:00","4","18.05","78.2666666","472.0","MEDAK, IN","FM-12","99999","V020","230,1,N,0005,1","99999,9,9,N","010000,1,9,9","+0232,1","+0167,1","10107,1",,,,,,"04,1,+00800,1,08,1","99,9,+99999,9,03,1",,"9,AGL   ,+99999,+99999","07,99,1,04,1,99,9,00800,1,99,9,99,9","240,M,+0316,1","240,N,+0166,1","99999,9,09580,1","9,9,999,9,-006,1",,"SYN08043083 32597 72301 10232 20167 39580 40107 84160 333 10316 20166 59006 555 10000="
"43083099999","2023-11-06T12:00:00","4","18.05","78.2666666","472.0","MEDAK, IN","FM-12","99999","V020","230,1,N,0005,1","99999,9,9,N","010000,1,9,9","+0296,1","+0238,1","10081,1",,,,,,"04,1,+00800,1,06,1","99,9,+99999,9,03,1",,"9,AGL   ,+99999,+99999","08,99,1,04,1,99,9,00800,1,99,9,99,9","240,M,+0318,1",,"99999,9,09566,1","9,9,999,9,+010,1",,"SYN06443083 32597 82301 10296 20238 39566 40081 84460 333 10318 58010="
"43083099999","2023-11-07T12:00:00","4","18.05","78.2666666","472.0","MEDAK, IN","FM-12","99999","V020","230,1,N,0005,1","99999,9,9,N","010000,1,9,9","+0286,1","+0237,1","10078,1",,,,,,"03,1,+00800,1,08,1","99,9,+99999,9,03,1",,"9,AGL   ,+99999,+99999","07,99,1,03,1,99,9,00800,1,99,9,99,9","240,M,+0298,1",,"99999,9,09561,1","9,9,999,9,-005,1",,"SYN06443083 32597 72301 10286 20237 39561 40078 83160 333 10298 59005="
"43083099999","2023-11-08T03:00:00","4","18.05","78.2666666","472.0","MEDAK, IN","FM-12","99999","V020","230,1,N,0005,1","99999,9,9,N","010000,1,9,9","+0238,1","+0174,1","10106,1",,,,,,"04,1,+00800,1,07,1","99,9,+99999,9,04,1",,"9,AGL   ,+99999,+99999","07,99,1,04,1,99,9,00800,1,99,9,99,9","240,M,+0298,1","240,N,+0176,1","99999,9,09579,1","9,9,999,9,-010,1",,"SYN08043083 32597 72301 10238 20174 39579 40106 84610 333 10298 20176 59010 555 10000="
"43083099999","2023-11-08T12:00:00","4","18.05","78.2666666","472.0","MEDAK, IN","FM-12","99999","V020","230,1,N,0005,1","99999,9,9,N","010000,1,9,9","+0284,1","+0238,1","10077,1",,,,,,"05,1,+00800,1,07,1","99,9,+99999,9,03,1",,"9,AGL   ,+99999,+99999","08,99,1,05,1,99,9,00800,1,99,9,99,9",,,"99999,9,09560,1","9,9,999,9,-001,1",,"SYN06443083 32597 82301 10284 20238 39560 40077 85760 333 10312 59001="
"43083099999","2023-11-09T03:00:00","4","18.05","78.2666666","472.0","MEDAK, IN","FM-12","99999","V020","230,1,N,0005,1","99999,9,9,N","010000,1,9,9","+0242,1","+0185,1","10115,1",,,,,,"03,1,+00800,1,06,1","99,9,+99999,9,03,1",,"9,AGL   ,+99999,+99999","05,99,1,03,1,99,9,00800,1,99,9,99,9","240,M,+0312,1","240,N,+0183,1","99999,9,09589,1","9,9,999,9,+010,1",,"SYN08043083 32597 52301 10242 20185 39589 40115 83530 333 10312 20183 58010 555 10000="
"43083099999","2023-11-09T12:00:00","4","18.05","78.2666666","472.0","MEDAK, IN","FM-12","99999","V020","230,1,N,0005,1","99999,9,9,N","010000,1,9,9","+0286,1","+0237,1","10079,1",,,,,,"04,1,+00800,1,08,1","99,9,+99999,9,03,1",,"9,AGL   ,+99999,+99999","07,99,1,04,1,99,9,00800,1,99,9,99,9",,,"99999,9,09562,1","9,9,999,9,+002,1",,"SYN06443083 32597 72301 10286 20237 39562 40079 84160 333 10313 58002="
"43083099999","2023-11-10T03:00:00","4","18.05","78.2666666","472.0","MEDAK, IN","FM-12","99999","V020","230,1,N,0005,1","99999,9,9,N","010000,1,9,9","+0240,1","+0180,1","10118,1",,,,,,"03,1,+00800,1,06,1","99,9,+99999,9,03,1",,"9,AGL   ,+99999,+99999","05,99,1,03,1,99,9,00800,1,99,9,99,9","240,M,+0313,1","240,N,+0185,1","99999,9,09591,1","9,9,999,9,+002,1",,"SYN08043083 32597 52301 10240 20180 39591 40118 83530 333 10313 20185 58002 555 10000="
"43083099999","2023-11-10T12:00:00","4","18.05","78.2666666","472.0","MEDAK, IN","FM-12","99999","V020","230,1,N,0005,1","99999,9,9,N","010000,1,9,9","+0296,1","+0238,1","10080,1",,,,,,"03,1,+00800,1,06,1","99,9,+99999,9,03,1",,"9,AGL   ,+99999,+99999","06,99,1,03,1,99,9,00800,1,99,9,99,9",,,"99999,9,09565,1","9,9,999,9,+003,1",,"SYN06443083 32597 62301 10296 20238 39565 40080 83530 333 10322 58003="
"43083099999","2023-11-11T03:00:00","4","18.05","78.2666666","472.0","MEDAK, IN","FM-12","99999","V020","140,1,N,0005,1","22000,1,9,N","010000,1,9,9","+0246,1","+0183,1","10120,1",,,,,,"02,1,+99999,9,03,1",,,"9,AGL   ,+99999,+99999","02,99,1,02,1,99,9,99999,9,99,9,99,9","240,M,+0322,1","240,N,+0190,1","99999,9,09594,1","9,9,999,9,+003,1",,"SYN08043083 32997 21401 10246 20183 39594 40120 82030 333 10322 20190 58003 555 10000="
"43083099999","2023-11-11T12:00:00","4","18.05","78.2666666","472.0","MEDAK, IN","FM-12","99999","V020","140,1,N,0005,1","22000,1,9,N","010000,1,9,9","+0298,1","+0241,1","10091,1",,,,,,"02,1,+99999,9,03,1",,,"9,AGL   ,+99999,+99999","03,99,1,02,1,99,9,99999,9,99,9,99,9",,,"99999,9,09575,1","9,9,999,9,+010,1",,"SYN06443083 32997 31401 10298 20241 39575 40091 82030 333 10330 58010="
"43083099999","2023-11-12T03:00:00","4","18.05","78.2666666","472.0","MEDAK, IN","FM-12","99999","V020","140,1,N,0005,1","22000,1,9,N","010000,1,9,9","+0248,1","+0202,1","10124,1",,,,,,"02,1,+99999,9,03,1",,,"9,AGL   ,+99999,+99999","02,99,1,02,1,99,9,99999,9,99,9,99,9","240,M,+0330,1","240,N,+0193,1","99999,9,09598,1","9,9,999,9,+004,1",,"SYN08043083 32997 21401 10248 20202 39598 40124 82030 333 10330 20193 58004 555 10000="
"43083099999","2023-11-12T12:00:00","4","18.05","78.2666666","472.0","MEDAK, IN","FM-12","99999","V020","140,1,N,0005,1","22000,1,9,N","010000,1,9,9","+0308,1","+0242,1","10087,1",,,,,,"03,1,+99999,9,03,1",,,"9,AGL   ,+99999,+99999","03,99,1,03,1,99,9,99999,9,99,9,99,9","240,M,+0332,1",,"99999,9,09574,1","9,9,999,9,+000,1",,"SYN06443083 32997 31401 10308 20242 39574 40087 83030 333 10332 58000="
"43083099999","2023-11-13T03:00:00","4","18.05","78.2666666","472.0","MEDAK, IN","FM-12","99999","V020","050,1,N,0005,1","22000,1,9,N","010000,1,9,9","+0246,1","+0165,1","10124,1",,,,,,"02,1,+00800,1,06,1","99,9,+99999,9,03,1",,"9,AGL   ,+99999,+99999","04,99,1,02,1,99,9,00800,1,99,9,99,9","240,M,+0332,1","240,N,+0188,1","99999,9,09598,1","9,9,999,9,+000,1",,"SYN08043083 32597 40501 10246 20165 39598 40124 82530 333 10332 20188 58000 555 10000="
"43083099999","2023-11-13T12:00:00","4","18.05","78.2666666","472.0","MEDAK, IN","FM-12","99999","V020","050,1,N,0005,1","99999,9,9,N","010000,1,9,9","+0302,1","+0236,1","10079,1",,,,,,"03,1,+00800,1,06,1","99,9,+99999,9,03,1",,"9,AGL   ,+99999,+99999","05,99,1,03,1,99,9,00800,1,99,9,99,9","240,M,+0330,1",,"99999,9,09566,1","9,9,999,9,-008,1",,"SYN06443083 32597 50501 10302 20236 39566 40079 83530 333 10330 59008="
"43083099999","2023-11-14T12:00:00","4","18.05","78.2666666","472.0","MEDAK, IN","FM-12","99999","V020","140,1,N,0005,1","99999,9,9,N","010000,1,9,9","+0282,1","+0229,1","10083,1",,,,,,"04,1,+00800,1,06,1","99,9,+99999,9,03,1",,"9,AGL   ,+99999,+99999","07,99,1,04,1,99,9,00800,1,99,9,99,9",,,"99999,9,10566,1","9,9,999,9,+000,1",,"SYN06443083 32597 71401 10282 20229 30566 40083 84530 333 10326 58000="
"43083099999","2023-11-15T03:00:00","4","18.05","78.2666666","472.0","MEDAK, IN","FM-12","99999","V020","050,1,N,0005,1","22000,1,9,N","010000,1,9,9","+0246,1","+0169,1","10122,1",,,,,,"02,1,+00800,1,06,1","99,9,+99999,9,03,1",,"9,AGL   ,+99999,+99999","03,99,1,02,1,99,9,00800,1,99,9,99,9","240,M,+0326,1","240,N,+0173,1","99999,9,09596,1","9,9,999,9,+001,1",,"SYN08043083 32597 30501 10246 20169 39596 40122 82530 333 10326 20173 58001 555 10000="
"43083099999","2023-11-15T12:00:00","4","18.05","78.2666666","472.0","MEDAK, IN","FM-12","99999","V020","230,1,N,0005,1","99999,9,9,N","010000,1,9,9","+0302,1","+0236,1","10078,1",,,,,,"05,1,+00800,1,08,1","99,9,+99999,9,03,1",,"9,AGL   ,+99999,+99999","08,99,1,05,1,99,9,00800,1,99,9,99,9","240,M,+0328,1",,"99999,9,09565,1","9,9,999,9,-001,1",,"SYN06443083 32597 82301 10302 20236 39565 40078 85160 333 10328 59001="
"43083099999","2023-11-16T03:00:00","4","18.05","78.2666666","472.0","MEDAK, IN","FM-12","99999","V020","050,1,N,0005,1","22000,1,9,N","010000,1,9,9","+0222,1","+0160,1","10122,1",,,,,,"02,1,+00800,1,06,1","99,9,+99999,9,03,1",,"9,AGL   ,+99999,+99999","04,99,1,02,1,99,9,00800,1,99,9,99,9","240,M,+0328,1","240,N,+0150,1","99999,9,09593,1","9,9,999,9,-003,1",,"SYN08043083 32597 40501 10222 20160 39593 40122 82530 333 10328 20150 59003 555 10000="
"43083099999","2023-11-16T12:00:00","4","18.05","78.2666666","472.0","MEDAK, IN","FM-12","99999","V020","140,1,N,0005,1","99999,9,9,N","010000,1,9,9","+0282,1","+0223,1","10085,1",,,,,,"03,1,+00800,1,06,1","99,9,+99999,9,03,1",,"9,AGL   ,+99999,+99999","05,99,1,03,1,99,9,00800,1,99,9,99,9","240,M,+0312,1",,"99999,9,09568,1","9,9,999,9,+003,1",,"SYN06443083 32597 51401 10282 20223 39568 40085 83530 333 10312 58003="
"43083099999","2023-11-17T03:00:00","4","18.05","78.2666666","472.0","MEDAK, IN","FM-12","99999","V020","140,1,N,0005,1","22000,1,9,N","010000,1,9,9","+0224,1","+0165,1","10132,1",,,,,,"03,1,+99999,9,03,1",,,"9,AGL   ,+99999,+99999","03,99,1,03,1,99,9,99999,9,99,9,99,9","240,M,+0312,1","240,N,+0148,1","99999,9,09602,1","9,9,999,9,+009,1",,"SYN08043083 32997 31401 10224 20165 39602 40132 83030 333 10312 20148 58009 555 10000="
"43083099999","2023-11-17T12:00:00","4","18.05","78.2666666","472.0","MEDAK, IN","FM-12","99999","V020","050,1,N,0005,1","22000,1,9,N","010000,1,9,9","+0304,1","+0228,1","10076,1",,,,,,"02,1,+00800,1,06,1","99,9,+99999,9,03,1",,"9,AGL   ,+99999,+99999","04,99,1,02,1,99,9,00800,1,99,9,99,9","240,M,+0322,1",,"99999,9,09563,1","9,9,999,9,-005,1",,"SYN06443083 32597 40501 10304 20228 39563 40076 82530 333 10322 59005="
"43083099999","2023-11-18T03:00:00","4","18.05","78.2666666","472.0","MEDAK, IN","FM-12","99999","V020","140,1,N,0005,1","22000,1,9,N","010000,1,9,9","+0234,1","+0183,1","10119,1",,,,,,"02,1,+99999,9,03,1",,,"9,AGL   ,+99999,+99999","02,99,1,02,1,99,9,99999,9,99,9,99,9","240,M,+0322,1","240,N,+0166,1","99999,9,09592,1","9,9,999,9,-010,1",,"SYN08043083 32997 21401 10234 20183 39592 40119 82030 333 10322 20166 59010 555 10000="
"43083099999","2023-11-18T12:00:00","4","18.05","78.2666666","472.0","MEDAK, IN","FM-12","99999","V020","140,1,N,0005,1","22000,1,9,N","010000,1,9,9","+0296,1","+0232,1","10072,1",,,,,,"02,1,+00800,1,06,1","99,9,+99999,9,03,1",,"9,AGL   ,+99999,+99999","04,99,1,02,1,99,9,00800,1,99,9,99,9","240,M,+0322,1",,"99999,9,09557,1","9,9,999,9,-006,1",,"SYN06443083 32597 41401 10296 20232 39557 40072 82530 333 10322 59006="
"43083099999","2023-11-19T03:00:00","4","18.05","78.2666666","472.0","MEDAK, IN","FM-12","99999","V020","050,1,N,0005,1","22000,1,9,N","010000,1,9,9","+0232,1","+0174,1","10119,1",,,,,,"02,1,+99999,9,03,1",,,"9,AGL   ,+99999,+99999","02,99,1,02,1,99,9,99999,9,99,9,99,9","240,M,+0322,1","240,N,+0152,1","99999,9,09592,1","9,9,999,9,+000,1",,"SYN08043083 32997 20501 10232 20174 39592 40119 82030 333 10322 20152 58000 555 10000="
"43083099999","2023-11-19T12:00:00","4","18.05","78.2666666","472.0","MEDAK, IN","FM-12","99999","V020","140,1,N,0005,1","22000,1,9,N","010000,1,9,9","+0286,1","+0227,1","10079,1",,,,,,"02,1,+00800,1,06,1","99,9,+99999,9,03,1",,"9,AGL   ,+99999,+99999","04,99,1,02,1,99,9,00800,1,99,9,99,9",,,"99999,9,09562,1","9,9,999,9,+005,1",,"SYN06443083 32597 41401 10286 20227 39562 40079 82530 333 10318 58005="
"43083099999","2023-11-20T03:00:00","4","18.05","78.2666666","472.0","MEDAK, IN","FM-12","99999","V020","140,1,N,0005,1","22000,1,9,N","010000,1,9,9","+0230,1","+0165,1","10122,1",,,,,,"02,1,+00800,1,06,1","99,9,+99999,9,03,1",,"9,AGL   ,+99999,+99999","04,99,1,02,1,99,9,00800,1,99,9,99,9","240,M,+0318,1","240,N,+0148,1","99999,9,09593,1","9,9,999,9,+001,1",,"SYN08043083 32597 41401 10230 20165 39593 40122 82530 333 10318 20148 58001 555 10000="
"43083099999","2023-11-20T12:00:00","4","18.05","78.2666666","472.0","MEDAK, IN","FM-12","99999","V020","140,1,N,0005,1","99999,9,9,N","010000,1,9,9","+0292,1","+0224,1","10079,1",,,,,,"03,1,+00800,1,06,1","99,9,+99999,9,03,1",,"9,AGL   ,+99999,+99999","05,99,1,03,1,99,9,00800,1,99,9,99,9",,,"99999,9,09564,1","9,9,999,9,+002,1",,"SYN06443083 32597 51401 10292 20224 39564 40079 83530 333 10322 58002="
"43083099999","2023-11-21T03:00:00","4","18.05","78.2666666","472.0","MEDAK, IN","FM-12","99999","V020","050,1,N,0005,1","22000,1,9,N","010000,1,9,9","+0232,1","+0156,1","10119,1",,,,,,"02,1,+00800,1,06,1","99,9,+99999,9,03,1",,"9,AGL   ,+99999,+99999","03,99,1,02,1,99,9,00800,1,99,9,99,9","240,M,+0322,1","240,N,+0150,1","99999,9,09592,1","9,9,999,9,-001,1",,"SYN08043083 32597 30501 10232 20156 39592 40119 82530 333 10322 20150 59001 555 10000="
"43083099999","2023-11-21T12:00:00","4","18.05","78.2666666","472.0","MEDAK, IN","FM-12","99999","V020","140,1,N,0005,1","99999,9,9,N","010000,1,9,9","+0296,1","+0238,1","10072,1",,,,,,"04,1,+00800,1,08,1","99,9,+99999,9,03,1",,"9,AGL   ,+99999,+99999","07,99,1,04,1,99,9,00800,1,99,9,99,9","240,M,+0316,1",,"99999,9,09557,1","9,9,999,9,-007,1",,"SYN06443083 32597 71401 10296 20238 39557 40072 84160 333 10316 59007="
"43083099999","2023-11-22T03:00:00","4","18.05","78.2666666","472.0","MEDAK, IN","FM-12","99999","V020","050,1,N,0005,1","22000,1,9,N","010000,1,9,9","+0236,1","+0164,1","10116,1",,,,,,"02,1,+99999,9,03,1",,,"9,AGL   ,+99999,+99999","02,99,1,02,1,99,9,99999,9,99,9,99,9","240,M,+0316,1","240,N,+0168,1","99999,9,09589,1","9,9,999,9,-003,1",,"SYN08043083 32997 20501 10236 20164 39589 40116 82030 333 10316 20168 59003 555 10000="
"43083099999","2023-11-22T12:00:00","4","18.05","78.2666666","472.0","MEDAK, IN","FM-12","99999","V020","140,1,N,0005,1","22000,1,9,N","010000,1,9,9","+0296,1","+0232,1","10061,1",,,,,,"02,1,+00800,1,06,1","99,9,+99999,9,03,1",,"9,AGL   ,+99999,+99999","04,99,1,02,1,99,9,00800,1,99,9,99,9","240,M,+0318,1",,"99999,9,09547,1","9,9,999,9,-010,1",,"SYN06443083 32597 41401 10296 20232 39547 40061 82530 333 10318 59010="
"43083099999","2023-11-23T03:00:00","4","18.05","78.2666666","472.0","MEDAK, IN","FM-12","99999","V020","050,1,N,0005,1","22000,1,9,N","010000,1,9,9","+0234,1","+0166,1","10109,1",,,,,,"02,1,+00800,1,06,1","99,9,+99999,9,03,1",,"9,AGL   ,+99999,+99999","04,99,1,02,1,99,9,00800,1,99,9,99,9","240,M,+0318,1","240,N,+0170,1","99999,9,09582,1","9,9,999,9,-007,1",,"SYN08043083 32597 40501 10234 20166 39582 40109 82530 333 10318 20170 59007 555 10000="
"43083099999","2023-11-23T12:00:00","4","18.05","78.2666666","472.0","MEDAK, IN","FM-12","99999","V020","230,1,N,0005,1","99999,9,9,N","010000,1,9,9","+0262,1","+0201,1","10069,1",,,,,,"04,1,+00800,1,06,1","99,9,+99999,9,03,1",,"9,AGL   ,+99999,+99999","07,99,1,04,1,99,9,00800,1,99,9,99,9",,,"99999,9,09550,1","9,9,999,9,+003,1",,"SYN06443083 32597 72301 10262 20201 39550 40069 84460 333 10306 58003="
"43083099999","2023-11-24T03:00:00","4","18.05","78.2666666","472.0","MEDAK, IN","FM-12","99999","V020","230,1,N,0005,1","99999,9,9,N","010000,1,9,9","+0232,1","+0231,1","10106,1",,,,,,"04,1,+00800,1,06,1","99,9,+99999,9,03,1",,"9,AGL   ,+99999,+99999","08,99,1,04,1,99,9,00800,1,99,9,99,9","240,M,+0306,1","240,N,+0180,1","99999,9,09579,1","9,9,999,9,-003,1",,"SYN08043083 32597 82301 10232 20231 39579 40106 84460 333 10306 20180 59003 555 10000="
"43083099999","2023-11-24T12:00:00","4","18.05","78.2666666","472.0","MEDAK, IN","FM-12","99999","V020","230,1,N,0005,1","99999,9,9,N","010000,1,9,9","+0256,1","+0211,1","10080,1",,,,,,"05,1,+00800,1,07,1","99,9,+99999,9,03,1",,"9,AGL   ,+99999,+99999","08,99,1,05,1,99,9,00800,1,99,9,99,9","240,M,+0276,1",,"99999,9,09558,1","9,9,999,9,+008,1",,"SYN06443083 32597 82301 10256 20211 39558 40080 85760 333 10276 58008="
"43083099999","2023-11-25T03:00:00","4","18.05","78.2666666","472.0","MEDAK, IN","FM-12","99999","V020","230,1,N,0005,1","99999,9,9,N","010000,1,9,9","+0236,1","+0189,1","10121,1",,,,,,"05,1,+00800,1,08,1","99,9,+99999,9,03,1",,"9,AGL   ,+99999,+99999","07,99,1,05,1,99,9,00800,1,99,9,99,9","240,M,+0276,1","240,N,+0188,1","99999,9,09594,1","9,9,999,9,+015,1",,"SYN08043083 32597 72301 10236 20189 39594 40121 85160 333 10276 20188 58015 555 10000="
"43083099999","2023-11-25T12:00:00","4","18.05","78.2666666","472.0","MEDAK, IN","FM-12","99999","V020","230,1,N,0005,1","99999,9,9,N","010000,1,9,9","+0282,1","+0229,1","10085,1",,,,,,"04,1,+00800,1,08,1","99,9,+99999,9,03,1",,"9,AGL   ,+99999,+99999","06,99,1,04,1,99,9,00800,1,99,9,99,9","240,M,+0310,1",,"99999,9,09568,1","9,9,999,9,+010,1",,"SYN06443083 32597 62301 10282 20229 39568 40085 84160 333 10310 58010="
"43083099999","2023-11-26T03:00:00","4","18.05","78.2666666","472.0","MEDAK, IN","FM-12","99999","V020","140,1,N,0005,1","99999,9,9,N","010000,1,9,9","+0242,1","+0195,1","10135,1",,,,,,"03,1,+00800,1,08,1","99,9,+99999,9,03,1",,"9,AGL   ,+99999,+99999","06,99,1,03,1,99,9,00800,1,99,9,99,9","240,M,+0310,1","240,N,+0188,1","99999,9,09609,1","9,9,999,9,+015,1",,"SYN08043083 32597 61401 10242 20195 39609 40135 83160 333 10310 20188 58015 555 10000="
"43083099999","2023-11-26T12:00:00","4","18.05","78.2666666","472.0","MEDAK, IN","FM-12","99999","V020","140,1,N,0005,1","99999,9,9,N","010000,1,9,9","+0284,1","+0231,1","10089,1",,,,,,"04,1,+00800,1,06,1","99,9,+99999,9,03,1",,"9,AGL   ,+99999,+99999","07,99,1,04,1,99,9,00800,1,99,9,99,9","240,M,+0302,1",,"99999,9,09572,1","9,9,999,9,+004,1",,"SYN06443083 32597 71401 10284 20231 39572 40089 84460 333 10302 58004="
"43083099999","2023-11-27T03:00:00","4","18.05","78.2666666","472.0","MEDAK, IN","FM-12","99999","V020","230,1,N,0005,1","99999,9,9,N","010000,1,9,9","+0244,1","+0198,1","10135,1",,,,,,"05,1,+00800,1,06,1","99,9,+99999,9,03,1",,"9,AGL   ,+99999,+99999","08,99,1,05,1,99,9,00800,1,99,9,99,9","240,M,+0302,1","240,N,+0186,1","99999,9,09609,1","9,9,999,9,+000,1",,"SYN08043083 32597 82301 10244 20198 39609 40135 85460 333 10302 20186 58000 555 10000="
"43083099999","2023-11-28T03:00:00","4","18.05","78.2666666","472.0","MEDAK, IN","FM-12","99999","V020","320,1,N,0005,1","22000,1,9,N","010000,1,9,9","+0244,1","+0201,1","10093,1",,,,,,"02,1,+00800,1,06,1","99,9,+99999,9,03,1",,"9,AGL   ,+99999,+99999","04,99,1,02,1,99,9,00800,1,99,9,99,9","240,M,+0304,1","240,N,+0185,1","99999,9,09569,1","9,9,999,9,-040,1",,"SYN08043083 32597 43201 10244 20201 39569 40093 82530 333 10304 20185 59040 555 10000="
"43083099999","2023-11-28T12:00:00","4","18.05","78.2666666","472.0","MEDAK, IN","FM-12","99999","V020","230,1,N,0005,1","99999,9,9,N","001000,1,9,9","+0288,1","+0236,1","10053,1",,,,,,"05,1,+00800,1,06,1","99,9,+99999,9,03,1",,"9,AGL   ,+99999,+99999","08,99,1,05,1,99,9,00800,1,99,9,99,9","240,M,+0316,1",,"99999,9,09537,1","9,9,999,9,-020,1",,"SYN06443083 32594 82301 10288 20236 39537 40053 85460 333 10316 59020="
"43083099999","2023-11-29T03:00:00","4","18.05","78.2666666","472.0","MEDAK, IN","FM-12","99999","V020","230,1,N,0005,1","99999,9,9,N","004000,1,9,9","+0234,1","+0183,1","10103,1","24,0090,3,1",,,,,"05,1,+00800,1,06,1","99,9,+99999,9,03,1",,"9,AGL   ,+99999,+99999","08,99,1,05,1,99,9,00800,1,99,9,99,9","240,M,+0316,1","240,N,+0182,1","99999,9,09576,1","9,9,999,9,+007,1",,"SYN07643083 22596 82301 10234 20183 39576 40103 85460 333 10316 20182 58007 6009/="
"43083099999","2023-11-29T12:00:00","4","18.05","78.2666666","472.0","MEDAK, IN","FM-12","99999","V020","230,1,N,0005,1","22000,1,9,N","010000,1,9,9","+0278,1","+0234,1","10069,1",,,,,,"02,1,+00800,1,06,1","99,9,+99999,9,03,1",,"9,AGL   ,+99999,+99999","04,99,1,02,1,99,9,00800,1,99,9,99,9","240,M,+0304,1",,"99999,9,09552,1","9,9,999,9,+015,1",,"SYN06443083 32597 42301 10278 20234 39552 40069 82540 333 10304 58015="
"43083099999","2023-11-30T03:00:00","4","18.05","78.2666666","472.0","MEDAK, IN","FM-12","99999","V020","140,1,N,0005,1","22000,1,9,N","010000,1,9,9","+0236,1","+0189,1","10103,1",,,,,,"02,1,+00800,1,06,1","99,9,+99999,9,03,1",,"9,AGL   ,+99999,+99999","04,99,1,02,1,99,9,00800,1,99,9,99,9","240,M,+0304,1","240,N,+0184,1","99999,9,09576,1","9,9,999,9,+000,1",,"SYN08043083 32597 41401 10236 20189 39576 40103 82530 333 10304 20184 58000 555 10009="
"43083099999","2023-11-30T12:00:00","4","18.05","78.2666666","472.0","MEDAK, IN","FM-12","99999","V020","230,1,N,0005,1","99999,9,9,N","010000,1,9,9","+0286,1","+0237,1","10075,1",,,,,,"03,1,+00800,1,06,1","99,9,+99999,9,03,1",,"9,AGL   ,+99999,+99999","05,99,1,03,1,99,9,00800,1,99,9,99,9",,,"99999,9,09558,1","9,9,999,9,+006,1",,"SYN06443083 32597 52301 10286 20237 39558 40075 83530 333 10306 58006="
"43083099999","2023-12-01T12:00:00","4","18.05","78.2666666","472.0","MEDAK, IN","FM-12","99999","V020","140,1,N,0005,1","99999,9,9,N","010000,1,9,9","+0288,1","+0242,1","10085,1",,,,,,"03,1,+00800,1,06,1","99,9,+99999,9,03,1",,"9,AGL   ,+99999,+99999","05,99,1,03,1,99,9,00800,1,99,9,99,9","240,M,+0322,1",,"99999,9,09568,1","9,9,999,9,+010,1",,"SYN06443083 32597 51401 10288 20242 39568 40085 83530 333 10322 58010="
"43083099999","2023-12-02T03:00:00","4","18.05","78.2666666","472.0","MEDAK, IN","FM-12","99999","V020","230,1,N,0005,1","22000,1,9,N","010000,1,9,9","+0212,1","+0162,1","10101,1",,,,,,"02,1,+00800,1,06,1","99,9,+99999,9,03,1",,"9,AGL   ,+99999,+99999","03,99,1,02,1,99,9,00800,1,99,9,99,9","240,M,+0322,1","240,N,+0160,1","99999,9,09572,1","9,9,999,9,-014,1",,"SYN08043083 32597 32301 10212 20162 39572 40101 82530 333 10322 20160 59014 555 10009="
"43083099999","2023-12-02T12:00:00","4","18.05","78.2666666","472.0","MEDAK, IN","FM-12","99999","V020","230,1,N,0005,1","99999,9,9,N","010000,1,9,9","+0292,1","+0234,1","10060,1",,,,,,"03,1,+00800,1,08,1","99,9,+99999,9,03,1",,"9,AGL   ,+99999,+99999","06,99,1,03,1,99,9,00800,1,99,9,99,9","240,M,+0324,1",,"99999,9,09546,1","9,9,999,9,-022,1",,"SYN06443083 32597 62301 10292 20234 39546 40060 83160 333 10324 59022="
"43083099999","2023-12-03T03:00:00","4","18.05","78.2666666","472.0","MEDAK, IN","FM-12","99999","V020","140,1,N,0005,1","22000,1,9,N","010000,1,9,9","+0242,1","+0202,1","10107,1",,,,,,"02,1,+00800,1,06,1","99,9,+99999,9,03,1",,"9,AGL   ,+99999,+99999","04,99,1,02,1,99,9,00800,1,99,9,99,9","240,M,+0324,1","240,N,+0178,1","99999,9,09581,1","9,9,999,9,+009,1",,"SYN08043083 32597 41401 10242 20202 39581 40107 82530 333 10324 20178 58009 555 10009="
"43083099999","2023-12-03T12:00:00","4","18.05","78.2666666","472.0","MEDAK, IN","FM-12","99999","V020","230,1,N,0005,1","99999,9,9,N","010000,1,9,9","+0284,1","+0238,1","10062,1",,,,,,"03,1,+00800,1,06,1","99,9,+99999,9,03,1",,"9,AGL   ,+99999,+99999","06,99,1,03,1,99,9,00800,1,99,9,99,9","240,M,+0316,1",,"99999,9,09546,1","9,9,999,9,+000,1",,"SYN06443083 32597 62301 10284 20238 39546 40062 83530 333 10316 58000="
"43083099999","2023-12-04T03:00:00","4","18.05","78.2666666","472.0","MEDAK, IN","FM-12","99999","V020","230,1,N,0010,1","99999,9,9,N","010000,1,9,9","+0226,1","+0181,1","10097,1",,,,,,"05,1,+00800,1,06,1","99,9,+99999,9,03,1",,"9,AGL   ,+99999,+99999","08,99,1,05,1,99,9,00800,1,99,9,99,9","240,M,+0316,1","240,N,+0182,1","99999,9,09569,1","9,9,999,9,-012,1",,"SYN08043083 32597 82302 10226 20181 39569 40097 85460 333 10316 20182 59012 555 10009="
"43083099999","2023-12-04T12:00:00","4","18.05","78.2666666","472.0","MEDAK, IN","FM-12","99999","V020","230,1,N,0010,1","99999,9,9,N","010000,1,9,9","+0262,1","+0217,1","10057,1",,,,,,"06,1,+00800,1,07,1","99,9,+99999,9,03,1",,"9,AGL   ,+99999,+99999","08,99,1,06,1,99,9,00800,1,99,9,99,9",,,"99999,9,09538,1","9,9,999,9,+009,1",,"SYN06443083 32597 82302 10262 20217 39538 40057 86760 333 10282 58009="
"43083099999","2023-12-05T03:00:00","4","18.05","78.2666666","472.0","MEDAK, IN","FM-12","99999","V020","230,1,N,0005,1","99999,9,9,N","010000,1,9,9","+0228,1","+0187,1","10081,1",,,,,,"03,1,+00800,1,08,1","99,9,+99999,9,03,1",,"9,AGL   ,+99999,+99999","06,99,1,03,1,99,9,00800,1,99,9,99,9","240,M,+0282,1","240,N,+0196,1","99999,9,09554,1","9,9,999,9,-015,1",,"SYN08043083 32597 62301 10228 20187 39554 40081 83160 333 10282 20196 59015 555 10009="
"43083099999","2023-12-05T12:00:00","4","18.05","78.2666666","472.0","MEDAK, IN","FM-12","99999","V020","230,1,N,0010,1","99999,9,9,N","010000,1,9,9","+0236,1","+0182,1","10053,1","09,0020,3,1",,,,,"08,1,+00800,1,07,1",,,"9,AGL   ,+99999,+99999","08,99,1,08,1,99,9,00800,1,99,9,99,9",,,"99999,9,09529,1","9,9,999,9,-009,1",,"SYN07043083 22597 82302 10236 20182 39529 40053 88700 333 10256 59009 6002/="
"43083099999","2023-12-06T03:00:00","4","18.05","78.2666666","472.0","MEDAK, IN","FM-12","99999","V020","230,1,N,0010,1","99999,9,9,N","010000,1,9,9","+0216,1","+0167,1","10075,1","24,0020,3,1",,,,,"08,1,+00800,1,07,1",,,"9,AGL   ,+99999,+99999","08,99,1,08,1,99,9,00800,1,99,9,99,9","240,M,+0256,1","240,N,+0178,1","99999,9,09547,1","9,9,999,9,-007,1",,"SYN09243083 22597 82302 10216 20167 39547 40075 88700 333 10256 20178 59007 6002/ 555 00020 10011="
"43083099999","2023-12-06T12:00:00","4","18.05","78.2666666","472.0","MEDAK, IN","FM-12","99999","V020","230,1,N,0010,1","99999,9,9,N","010000,1,9,9","+0226,1","+0195,1","10067,1",,,,,,"08,1,+00800,1,07,1",,,"9,AGL   ,+99999,+99999","08,99,1,08,1,99,9,00800,1,99,9,99,9","240,M,+0242,1",,"99999,9,09540,1","9,9,999,9,+011,1",,"SYN06443083 32597 82302 10226 20195 39540 40067 88700 333 10242 58011="
"43083099999","2023-12-07T03:00:00","4","18.05","78.2666666","472.0","MEDAK, IN","FM-12","99999","V020","230,1,N,0005,1","99999,9,9,N","010000,1,9,9","+0216,1","+0160,1","10114,1",,,,,,"08,1,+00800,1,07,1",,,"9,AGL   ,+99999,+99999","08,99,1,08,1,99,9,00800,1,99,9,99,9","240,M,+0242,1","240,N,+0173,1","99999,9,09583,1","9,9,999,9,+036,1",,"SYN08043083 32597 82301 10216 20160 39583 40114 88700 333 10242 20173 58036 555 10011="
"43083099999","2023-12-07T12:00:00","4","18.05","78.2666666","472.0","MEDAK, IN","FM-12","99999","V020","230,1,N,0005,1","99999,9,9,N","010000,1,9,9","+0222,1","+0180,1","10090,1",,,,,,"07,1,+00800,1,07,1","99,9,+99999,9,03,1",,"9,AGL   ,+99999,+99999","08,99,1,07,1,99,9,00800,1,99,9,99,9",,,"99999,9,09562,1","9,9,999,9,+022,1",,"SYN06443083 32597 82301 10222 20180 39562 40090 87760 333 10224 58022="
"43083099999","2023-12-08T03:00:00","4","18.05","78.2666666","472.0","MEDAK, IN","FM-12","99999","V020","230,1,N,0005,1","99999,9,9,N","010000,1,9,9","+0182,1","+0165,1","10122,1",,,,,,"05,1,+00800,1,07,1","99,9,+99999,9,03,1",,"9,AGL   ,+99999,+99999","08,99,1,05,1,99,9,00800,1,99,9,99,9","240,M,+0224,1","240,N,+0130,1","99999,9,09586,1","9,9,999,9,+003,1",,"SYN08043083 32597 82301 10182 20165 39586 40122 85760 333 10224 20130 58003 555 10011="
"43083099999","2023-12-08T12:00:00","4","18.05","78.2666666","472.0","MEDAK, IN","FM-12","99999","V020","320,1,N,0005,1","99999,9,9,N","010000,1,9,9","+0264,1","+0219,1","10081,1",,,,,,"03,1,+00800,1,08,1","99,9,+99999,9,03,1",,"9,AGL   ,+99999,+99999","06,99,1,03,1,99,9,00800,1,99,9,99,9",,,"99999,9,09561,1","9,9,999,9,-001,1",,"SYN06443083 32597 63201 10264 20219 39561 40081 83160 333 10275 59001="
"43083099999","2023-12-09T03:00:00","4","18.05","78.2666666","472.0","MEDAK, IN","FM-12","99999","V020","320,1,N,0005,1","22000,1,9,N","010000,1,9,9","+0206,1","+0184,1","10139,1",,,,,,"02,1,+00800,1,06,1","99,9,+99999,9,03,1",,"9,AGL   ,+99999,+99999","04,99,1,02,1,99,9,00800,1,99,9,99,9","240,M,+0275,1","240,N,+0143,1","99999,9,09605,1","9,9,999,9,+019,1",,"SYN08043083 32597 43201 10206 20184 39605 40139 82530 333 10275 20143 58019 555 10011="
"43083099999","2023-12-09T12:00:00","4","18.05","78.2666666","472.0","MEDAK, IN","FM-12","99999","V020","230,1,N,0005,1","99999,9,9,N","010000,1,9,9","+0274,1","+0211,1","10083,1",,,,,,"03,1,+00800,1,06,1","99,9,+99999,9,03,1",,"9,AGL   ,+99999,+99999","05,99,1,03,1,99,9,00800,1,99,9,99,9","240,M,+0306,1",,"99999,9,09564,1","9,9,999,9,+003,1",,"SYN06443083 32597 52301 10274 20211 39564 40083 83530 333 10306 58003="
"43083099999","2023-12-10T03:00:00","4","18.05","78.2666666","472.0","MEDAK, IN","FM-12","99999","V020","230,1,N,0005,1","22000,1,9,N","010000,1,9,9","+0202,1","+0169,1","10123,1",,,,,,"02,1,+00800,1,06,1","99,9,+99999,9,03,1",,"9,AGL   ,+99999,+99999","03,99,1,02,1,99,9,00800,1,99,9,99,9","240,M,+0306,1","240,N,+0138,1","99999,9,09591,1","9,9,999,9,-014,1",,"SYN08043083 32597 32301 10202 20169 39591 40123 82530 333 10306 20138 59014 555 10011="
"43083099999","2023-12-10T12:00:00","4","18.05","78.2666666","472.0","MEDAK, IN","FM-12","99999","V020","230,1,N,0005,1","22000,1,9,N","010000,1,9,9","+0274,1","+0217,1","10074,1",,,,,,"02,1,+00800,1,06,1","99,9,+99999,9,03,1",,"9,AGL   ,+99999,+99999","04,99,1,02,1,99,9,00800,1,99,9,99,9","240,M,+0302,1",,"99999,9,09555,1","9,9,999,9,-009,1",,"SYN06443083 32597 42301 10274 20217 39555 40074 82530 333 10302 59009="
"43083099999","2023-12-11T03:00:00","4","18.05","78.2666666","472.0","MEDAK, IN","FM-12","99999","V020","230,1,N,0005,1","22000,1,9,N","010000,1,9,9","+0212,1","+0151,1","10128,1",,,,,,"01,1,+00800,1,06,1","99,9,+99999,9,03,1",,"9,AGL   ,+99999,+99999","02,99,1,01,1,99,9,00800,1,99,9,99,9","240,M,+0302,1","240,N,+0130,1","99999,9,09596,1","9,9,999,9,+005,1",,"SYN08043083 32597 22301 10212 20151 39596 40128 81530 333 10302 20130 58005 555 10011="
"43083099999","2023-12-11T12:00:00","4","18.05","78.2666666","472.0","MEDAK, IN","FM-12","99999","V020","230,1,N,0005,1","99999,9,9,N","010000,1,9,9","+0272,1","+0212,1","10079,1",,,,,,"03,1,+00800,1,06,1","99,9,+99999,9,03,1",,"9,AGL   ,+99999,+99999","06,99,1,03,1,99,9,00800,1,99,9,99,9",,,"99999,9,09560,1","9,9,999,9,+005,1",,"SYN06443083 32597 62301 10272 20212 39560 40079 83530 333 10296 58005="
"43083099999","2023-12-12T03:00:00","4","18.05","78.2666666","472.0","MEDAK, IN","FM-12","99999","V020","140,1,N,0005,1","22000,1,9,N","010000,1,9,9","+0196,1","+0156,1","10120,1",,,,,,"02,1,+00800,1,06,1","99,9,+99999,9,03,1",,"9,AGL   ,+99999,+99999","03,99,1,02,1,99,9,00800,1,99,9,99,9","240,M,+0296,1","240,N,+0128,1","99999,9,09586,1","9,9,999,9,-010,1",,"SYN08043083 32597 31401 10196 20156 39586 40120 82530 333 10296 20128 59010 555 10011="
"43083099999","2023-12-12T12:00:00","4","18.05","78.2666666","472.0","MEDAK, IN","FM-12","99999","V020","320,1,N,0005,1","99999,9,9,N","010000,1,9,9","+0276,1","+0216,1","10067,1",,,,,,"03,1,+00800,1,06,1","99,9,+99999,9,03,1",,"9,AGL   ,+99999,+99999","05,99,1,03,1,99,9,00800,1,99,9,99,9","240,M,+0298,1",,"99999,9,09550,1","9,9,999,9,-010,1",,"SYN06443083 32597 53201 10276 20216 39550 40067 83530 333 10298 59010="
"43083099999","2023-12-13T03:00:00","4","18.05","78.2666666","472.0","MEDAK, IN","FM-12","99999","V020","320,1,N,0005,1","22000,1,9,N","010000,1,9,9","+0206,1","+0156,1","10130,1",,,,,,"02,1,+00800,1,06,1","99,9,+99999,9,03,1",,"9,AGL   ,+99999,+99999","03,99,1,02,1,99,9,00800,1,99,9,99,9","240,M,+0298,1","240,N,+0130,1","99999,9,09596,1","9,9,999,9,+010,1",,"SYN08043083 32597 33201 10206 20156 39596 40130 82530 333 10298 20130 58010 555 10011="
"43083099999","2023-12-13T12:00:00","4","18.05","78.2666666","472.0","MEDAK, IN","FM-12","99999","V020","230,1,N,0005,1","99999,9,9,N","010000,1,9,9","+0262,1","+0207,1","10080,1",,,,,,"03,1,+00800,1,06,1","99,9,+99999,9,03,1",,"9,AGL   ,+99999,+99999","05,99,1,03,1,99,9,00800,1,99,9,99,9",,,"99999,9,09560,1","9,9,999,9,+010,1",,"SYN06443083 32597 52301 10262 20207 39560 40080 83530 333 10295 58010="
"43083099999","2023-12-14T03:00:00","4","18.05","78.2666666","472.0","MEDAK, IN","FM-12","99999","V020","320,1,N,0005,1","22000,1,9,N","010000,1,9,9","+0192,1","+0148,1","10137,1",,,,,,"02,1,+00800,1,06,1","99,9,+99999,9,03,1",,"9,AGL   ,+99999,+99999","04,99,1,02,1,99,9,00800,1,99,9,99,9","240,M,+0295,1","240,N,+0128,1","99999,9,09602,1","9,9,999,9,+006,1",,"SYN08043083 32597 43201 10192 20148 39602 40137 82530 333 10295 20128 58006 555 10011="
"43083099999","2023-12-14T12:00:00","4","18.05","78.2666666","472.0","MEDAK, IN","FM-12","99999","V020","230,1,N,0005,1","99999,9,9,N","010000,1,9,9","+0264,1","+0189,1","10090,1",,,,,,"03,1,+00800,1,06,1","99,9,+99999,9,03,1",,"9,AGL   ,+99999,+99999","05,99,1,03,1,99,9,00800,1,99,9,99,9","240,M,+0290,1",,"99999,9,09570,1","9,9,999,9,+010,1",,"SYN06443083 32597 52301 10264 20189 39570 40090 83530 333 10290 58010="
"43083099999","2023-12-15T03:00:00","4","18.05","78.2666666","472.0","MEDAK, IN","FM-12","99999","V020","320,1,N,0005,1","22000,1,9,N","010000,1,9,9","+0192,1","+0159,1","10152,1",,,,,,"01,1,+00800,1,06,1","99,9,+99999,9,03,1",,"9,AGL   ,+99999,+99999","03,99,1,01,1,99,9,00800,1,99,9,99,9","240,M,+0290,1","240,N,+0128,1","99999,9,09616,1","9,9,999,9,+014,1",,"SYN08043083 32597 33201 10192 20159 39616 40152 81530 333 10290 20128 58014 555 10011="
"43083099999","2023-12-15T12:00:00","4","18.05","78.2666666","472.0","MEDAK, IN","FM-12","99999","V020","320,1,N,0005,1","99999,9,9,N","010000,1,9,9","+0260,1","+0215,1","10099,1",,,,,,"03,1,+00800,1,06,1","99,9,+99999,9,03,1",,"9,AGL   ,+99999,+99999","05,99,1,03,1,99,9,00800,1,99,9,99,9",,,"99999,9,09576,1","9,9,999,9,+006,1",,"SYN06443083 32597 53201 10260 20215 39576 40099 83530 333 10290 58006="
"43083099999","2023-12-16T03:00:00","4","18.05","78.2666666","472.0","MEDAK, IN","FM-12","99999","V020","230,1,N,0005,1","99999,9,9,N","010000,1,9,9","+0212,1","+0170,1","10136,1",,,,,,"04,1,+00800,1,08,1","99,9,+99999,9,03,1",,"9,AGL   ,+99999,+99999","07,99,1,04,1,99,9,00800,1,99,9,99,9","240,M,+0290,1","240,N,+0148,1","99999,9,09604,1","9,9,999,9,-012,1",,"SYN08043083 32597 72301 10212 20170 39604 40136 84160 333 10290 20148 59012 555 10011="
"43083099999","2023-12-16T12:00:00","4","18.05","78.2666666","472.0","MEDAK, IN","FM-12","99999","V020","230,1,N,0005,1","99999,9,9,N","010000,1,9,9","+0262,1","+0217,1","10091,1",,,,,,"06,1,+00800,1,06,1","99,9,+99999,9,03,1",,"9,AGL   ,+99999,+99999","08,99,1,06,1,99,9,00800,1,99,9,99,9","240,M,+0276,1",,"99999,9,09571,1","9,9,999,9,-005,1",,"SYN06443083 32597 82301 10262 20217 39571 40091 86460 333 10276 59005="
"43083099999","2023-12-17T03:00:00","4","18.05","78.2666666","472.0","MEDAK, IN","FM-12","99999","V020","230,1,N,0005,1","22000,1,9,N","010000,1,9,9","+0222,1","+0163,1","10129,1",,,,,,"03,1,+00800,1,06,1","99,9,+99999,9,03,1",,"9,AGL   ,+99999,+99999","04,99,1,03,1,99,9,00800,1,99,9,99,9","240,M,+0276,1","240,N,+0148,1","99999,9,09599,1","9,9,999,9,-005,1",,"SYN08043083 32597 42301 10222 20163 39599 40129 83530 333 10276 20148 59005 555 10011="
"43083099999","2023-12-17T12:00:00","4","18.05","78.2666666","472.0","MEDAK, IN","FM-12","99999","V020","230,1,N,0005,1","99999,9,9,N","010000,1,9,9","+0266,1","+0221,1","10090,1",,,,,,"05,1,+00800,1,06,1","99,9,+99999,9,03,1",,"9,AGL   ,+99999,+99999","08,99,1,05,1,99,9,00800,1,99,9,99,9",,,"99999,9,09570,1","9,9,999,9,-001,1",,"SYN06443083 32597 82301 10266 20221 39570 40090 85460 333 10286 59001="
"43083099999","2023-12-18T03:00:00","4","18.05","78.2666666","472.0","MEDAK, IN","FM-12","99999","V020","230,1,N,0010,1","99999,9,9,N","010000,1,9,9","+0202,1","+0151,1","10138,1",,,,,,"03,1,+00800,1,06,1","99,9,+99999,9,03,1",,"9,AGL   ,+99999,+99999","05,99,1,03,1,99,9,00800,1,99,9,99,9","240,M,+0286,1","240,N,+0138,1","99999,9,09604,1","9,9,999,9,+005,1",,"SYN08043083 32597 52302 10202 20151 39604 40138 83530 333 10286 20138 58005 555 10011="
"43083099999","2023-12-18T12:00:00","4","18.05","78.2666666","472.0","MEDAK, IN","FM-12","99999","V020","230,1,N,0005,1","99999,9,9,N","010000,1,9,9","+0244,1","+0201,1","10100,1",,,,,,"04,1,+00800,1,08,1","99,9,+99999,9,03,1",,"9,AGL   ,+99999,+99999","07,99,1,04,1,99,9,00800,1,99,9,99,9",,,"99999,9,09575,1","9,9,999,9,+005,1",,"SYN06443083 32597 72301 10244 20201 39575 40100 84160 333 10274 58005="
"43083099999","2023-12-19T03:00:00","4","18.05","78.2666666","472.0","MEDAK, IN","FM-12","99999","V020","140,1,N,0005,1","99999,9,9,N","010000,1,9,9","+0186,1","+0125,1","10153,1",,,,,,"03,1,+00800,1,06,1","99,9,+99999,9,03,1",,"9,AGL   ,+99999,+99999","05,99,1,03,1,99,9,00800,1,99,9,99,9","240,M,+0274,1","240,N,+0136,1","99999,9,09615,1","9,9,999,9,+011,1",,"SYN08043083 32597 51401 10186 20125 39615 40153 83530 333 10274 20136 58011 555 10011="
"43083099999","2023-12-19T12:00:00","4","18.05","78.2666666","472.0","MEDAK, IN","FM-12","99999","V020","230,1,N,0005,1","99999,9,9,N","010000,1,9,9","+0240,1","+0203,1","10118,1",,,,,,"03,1,+00800,1,06,1","99,9,+99999,9,03,1",,"9,AGL   ,+99999,+99999","06,99,1,03,1,99,9,00800,1,99,9,99,9","240,M,+0270,1",,"99999,9,09591,1","9,9,999,9,+016,1",,"SYN06443083 32597 62301 10240 20203 39591 40118 83530 333 10270 58016="
"43083099999","2023-12-20T03:00:00","4","18.05","78.2666666","472.0","MEDAK, IN","FM-12","99999","V020","230,1,N,0005,1","22000,1,9,N","010000,1,9,9","+0168,1","+0121,1","10160,1",,,,,,"02,1,+00800,1,06,1","99,9,+99999,9,03,1",,"9,AGL   ,+99999,+99999","04,99,1,02,1,99,9,00800,1,99,9,99,9","240,M,+0270,1","240,N,+0120,1","99999,9,09618,1","9,9,999,9,+003,1",,"SYN07043083 32597 42301 10168 20121 39618 40160 82530 333 10270 20120 58003="
"43083099999","2023-12-20T12:00:00","4","18.05","78.2666666","472.0","MEDAK, IN","FM-12","99999","V020","140,1,N,0005,1","99999,9,9,N","010000,1,9,9","+0252,1","+0172,1","10105,1",,,,,,"02,1,+00800,1,06,1","99,9,+99999,9,03,1",,"9,AGL   ,+99999,+99999","05,99,1,02,1,99,9,00800,1,99,9,99,9",,,"99999,9,09582,1","9,9,999,9,-009,1",,"SYN06443083 32597 51401 10252 20172 39582 40105 82530 333 10282 59009="
"43083099999","2023-12-21T03:00:00","4","18.05","78.2666666","472.0","MEDAK, IN","FM-12","99999","V020","140,1,N,0005,1","22000,1,9,N","010000,1,9,9","+0166,1","+0110,1","10150,1",,,,,,"02,1,+00800,1,06,1","99,9,+99999,9,03,1",,"9,AGL   ,+99999,+99999","04,99,1,02,1,99,9,00800,1,99,9,99,9","240,M,+0282,1","240,N,+0100,1","99999,9,09609,1","9,9,999,9,-009,1",,"SYN08043083 32597 41401 10166 20110 39609 40150 82530 333 10282 20100 59009 555 10011="
"43083099999","2023-12-21T12:00:00","4","18.05","78.2666666","472.0","MEDAK, IN","FM-12","99999","V020","140,1,N,0005,1","99999,9,9,N","010000,1,9,9","+0244,1","+0201,1","10097,1",,,,,,"02,1,+00800,1,06,1","99,9,+99999,9,03,1",,"9,AGL   ,+99999,+99999","05,99,1,02,1,99,9,00800,1,99,9,99,9","240,M,+0282,1",,"99999,9,09573,1","9,9,999,9,-009,1",,"SYN06443083 32597 51401 10244 20201 39573 40097 82530 333 10282 59009="
"43083099999","2023-12-22T03:00:00","4","18.05","78.2666666","472.0","MEDAK, IN","FM-12","99999","V020","140,1,N,0005,1","22000,1,9,N","010000,1,9,9","+0156,1","+0111,1","10154,1",,,,,,"02,1,+99999,9,03,1",,,"9,AGL   ,+99999,+99999","02,99,1,02,1,99,9,99999,9,99,9,99,9","240,M,+0282,1","240,N,+0094,1","99999,9,09611,1","9,9,999,9,+002,1",,"SYN08043083 32997 21401 10156 20111 39611 40154 82030 333 10282 20094 58002 555 10011="
"43083099999","2023-12-22T12:00:00","4","18.05","78.2666666","472.0","MEDAK, IN","FM-12","99999","V020","230,1,N,0005,1","99999,9,9,N","010000,1,9,9","+0276,1","+0216,1","10091,1",,,,,,"02,1,+00800,1,06,1","99,9,+99999,9,03,1",,"9,AGL   ,+99999,+99999","05,99,1,02,1,99,9,00800,1,99,9,99,9","240,M,+0306,1",,"99999,9,09572,1","9,9,999,9,-001,1",,"SYN06443083 32597 52301 10276 20216 39572 40091 82530 333 10306 59001="
"43083099999","2023-12-23T03:00:00","4","18.05","78.2666666","472.0","MEDAK, IN","FM-12","99999","V020","320,1,N,0005,1","99999,9,9,N","010000,1,9,9","+0182,1","+0129,1","10150,1",,,,,,"02,1,+00800,1,06,1","99,9,+99999,9,03,1",,"9,AGL   ,+99999,+99999","05,99,1,02,1,99,9,00800,1,99,9,99,9","240,M,+0306,1","240,N,+0118,1","99999,9,09613,1","9,9,999,9,+002,1",,"SYN08043083 32597 53201 10182 20129 39613 40150 82530 333 10306 20118 58002 555 10011="
"43083099999","2023-12-23T12:00:00","4","18.05","78.2666666","472.0","MEDAK, IN","FM-12","99999","V020","140,1,N,0005,1","99999,9,9,N","010000,1,9,9","+0266,1","+0215,1","10112,1",,,,,,"03,1,+00800,1,06,1","99,9,+99999,9,03,1",,"9,AGL   ,+99999,+99999","06,99,1,03,1,99,9,00800,1,99,9,99,9","240,M,+0300,1",,"99999,9,09591,1","9,9,999,9,+019,1",,"SYN06443083 32597 61401 10266 20215 39591 40112 83530 333 10300 58019="
"43083099999","2023-12-24T03:00:00","4","18.05","78.2666666","472.0","MEDAK, IN","FM-12","99999","V020","140,1,N,0005,1","22000,1,9,N","010000,1,9,9","+0176,1","+0122,1","10168,1",,,,,,"02,1,+00800,1,06,1","99,9,+99999,9,03,1",,"9,AGL   ,+99999,+99999","03,99,1,02,1,99,9,00800,1,99,9,99,9","240,M,+0300,1","240,N,+0118,1","99999,9,09638,1","9,9,999,9,+015,1",,"SYN08043083 32597 31401 10176 20122 39638 40168 82530 333 10300 20118 58015 555 10011="
"43083099999","2023-12-24T12:00:00","4","18.05","78.2666666","472.0","MEDAK, IN","FM-12","99999","V020","050,1,N,0005,1","99999,9,9,N","010000,1,9,9","+0280,1","+0221,1","10111,1",,,,,,"03,1,+00800,1,06,1","99,9,+99999,9,03,1",,"9,AGL   ,+99999,+99999","05,99,1,03,1,99,9,00800,1,99,9,99,9","240,M,+0305,1",,"99999,9,09591,1","9,9,999,9,+000,1",,"SYN06443083 32597 50501 10280 20221 39591 40111 83530 333 10305 58000="
"43083099999","2023-12-26T12:00:00","4","18.05","78.2666666","472.0","MEDAK, IN","FM-12","99999","V020","230,1,N,0005,1","99999,9,9,9","010000,1,9,9","+0276,1","+0232,1","10106,1","99,9999,9,9",,,"0,1,99,9","0,1,99,9","02,1,+00600,1,06,1","99,9,+99999,9,03,1",,"9,AGL   ,+99999,+99999","05,99,1,02,1,99,9,00600,1,99,9,99,9",,,"99999,9,09586,1","9,9,999,9,+000,1",,"SYN004BUFR"
"43083099999","2023-12-27T03:00:00","4","18.05","78.2666666","472.0","MEDAK, IN","FM-12","99999","V020","140,1,N,0005,1","22000,1,9,N","010000,1,9,9","+0176,1","+0122,1","10161,1",,,,,,"03,1,+00800,1,06,1","99,9,+99999,9,03,1",,"9,AGL   ,+99999,+99999","04,99,1,03,1,99,9,00800,1,99,9,99,9","240,M,+0306,1","240,N,+0133,1","99999,9,09621,1","9,9,999,9,-006,1",,"SYN08043083 32597 41401 10176 20122 39621 40161 83530 333 10306 20133 59006 555 10011="
"43083099999","2023-12-27T12:00:00","4","18.05","78.2666666","472.0","MEDAK, IN","FM-12","99999","V020","230,1,N,0005,1","99999,9,9,N","010000,1,9,9","+0276,1","+0226,1","10105,1",,,,,,"02,1,+00800,1,06,1","99,9,+99999,9,03,1",,"9,AGL   ,+99999,+99999","05,99,1,02,1,99,9,00800,1,99,9,99,9","240,M,+0302,1",,"99999,9,09585,1","9,9,999,9,-001,1",,"SYN06443083 32597 52301 10276 20226 39585 40105 82530 333 10302 59001="
"43083099999","2023-12-28T03:00:00","4","18.05","78.2666666","472.0","MEDAK, IN","FM-12","99999","V020","140,1,N,0005,1","22000,1,9,N","010000,1,9,9","+0176,1","+0134,1","10156,1",,,,,,"03,1,+00800,1,06,1","99,9,+99999,9,03,1",,"9,AGL   ,+99999,+99999","04,99,1,03,1,99,9,00800,1,99,9,99,9","240,M,+0302,1","240,N,+0132,1","99999,9,09616,1","9,9,999,9,-005,1",,"SYN08043083 32597 41401 10176 20134 39616 40156 83530 333 10302 20132 59005 555 10011="
"43083099999","2023-12-28T12:00:00","4","18.05","78.2666666","472.0","MEDAK, IN","FM-12","99999","V020","140,1,N,0005,1","22000,1,9,N","010000,1,9,9","+0272,1","+0228,1","10101,1",,,,,,"02,1,+00800,1,06,1","99,9,+99999,9,03,1",,"9,AGL   ,+99999,+99999","04,99,1,02,1,99,9,00800,1,99,9,99,9",,,"99999,9,09581,1","9,9,999,9,-004,1",,"SYN06443083 32597 41401 10272 20228 39581 40101 82530 333 10296 59004="
"43083099999","2023-12-29T03:00:00","4","18.05","78.2666666","472.0","MEDAK, IN","FM-12","99999","V020","050,1,N,0005,1","99999,9,9,N","010000,1,9,9","+0182,1","+0129,1","10154,1",,,,,,"03,1,+00800,1,08,1","99,9,+99999,9,03,1",,"9,AGL   ,+99999,+99999","06,99,1,03,1,99,9,00800,1,99,9,99,9","240,M,+0296,1","240,N,+0136,1","99999,9,09616,1","9,9,999,9,+000,1",,"SYN08043083 32597 60501 10182 20129 39616 40154 83160 333 10296 20136 58000 555 10011="
"43083099999","2023-12-29T12:00:00","4","18.05","78.2666666","472.0","MEDAK, IN","FM-12","99999","V020","050,1,N,0005,1","22000,1,9,N","010000,1,9,9","+0262,1","+0201,1","10102,1",,,,,,"02,1,+00800,1,06,1","99,9,+99999,9,03,1",,"9,AGL   ,+99999,+99999","04,99,1,02,1,99,9,00800,1,99,9,99,9","240,M,+0290,1",,"99999,9,09581,1","9,9,999,9,+000,1",,"SYN06443083 32597 40501 10262 20201 39581 40102 82530 333 10290 58000="
"43083099999","2023-12-30T03:00:00","4","18.05","78.2666666","472.0","MEDAK, IN","FM-12","99999","V020","050,1,N,0005,1","22000,1,9,N","010000,1,9,9","+0186,1","+0145,1","10143,1",,,,,,"02,1,+00800,1,06,1","99,9,+99999,9,03,1",,"9,AGL   ,+99999,+99999","03,99,1,02,1,99,9,00800,1,99,9,99,9","240,M,+0290,1","240,N,+0134,1","99999,9,09606,1","9,9,999,9,-010,1",,"SYN08043083 32597 30501 10186 20145 39606 40143 82530 333 10290 20134 59010 555 10011="
"43083099999","2023-12-30T12:00:00","4","18.05","78.2666666","472.0","MEDAK, IN","FM-12","99999","V020","050,1,N,0005,1","99999,9,9,N","010000,1,9,9","+0274,1","+0217,1","10095,1",,,,,,"03,1,+00800,1,06,1","99,9,+99999,9,03,1",,"9,AGL   ,+99999,+99999","05,99,1,03,1,99,9,00800,1,99,9,99,9","240,M,+0300,1",,"99999,9,09575,1","9,9,999,9,-006,1",,"SYN06443083 32597 50501 10274 20217 39575 40095 83530 333 10300 59006="
"43083099999","2023-12-31T03:00:00","4","18.05","78.2666666","472.0","MEDAK, IN","FM-12","99999","V020","140,1,N,0005,1","22000,1,9,N","010000,1,9,9","+0192,1","+0140,1","10141,1",,,,,,"02,1,+99999,9,03,1",,,"9,AGL   ,+99999,+99999","02,99,1,02,1,99,9,99999,9,99,9,99,9","240,M,+0300,1","240,N,+0130,1","99999,9,09606,1","9,9,999,9,+000,1",,"SYN08043083 32997 21401 10192 20140 39606 40141 82030 333 10300 20130 58000 555 10011="
"43083099999","2023-12-31T12:00:00","4","18.05","78.2666666","472.0","MEDAK, IN","FM-12","99999","V020","050,1,N,0005,1","22000,1,9,N","010000,1,9,9","+0282,1","+0223,1","10087,1",,,,,,"02,1,+00800,1,06,1","99,9,+99999,9,03,1",,"9,AGL   ,+99999,+99999","04,99,1,02,1,99,9,00800,1,99,9,99,9","240,M,+0306,1",,"99999,9,09570,1","9,9,999,9,-005,1",,"SYN06443083 32597 40501 10282 20223 39570 40087 82530 333 10306 59005="
