"STATION","DATE","SOURCE","LATITUDE","LONGITUDE","ELEVATION","NAME","REPORT_TYPE","CALL_SIGN","QUALITY_CONTROL","WND","CIG","VIS","TMP","DEW","SLP","AA1","AA2","AY1","AY2","GA1","GA2","GA3","GE1","GF1","KA1","KA2","MA1","MD1","MW1","REM","EQD"
"43125099999","2023-01-01T12:00:00","4","17.9166666","77.5333333","663.0","BIDAR, IN","FM-12","99999","V020","270,1,N,0010,1","22000,1,9,N","010000,1,9,9","+0272,1","+0152,1","10135,1",,,,,"99,9,+99999,9,00,1",,,"9,AGL   ,+99999,+99999","01,99,1,00,1,99,9,99999,9,99,9,99,9","240,M,+0312,1",,"99999,9,09410,1","9,9,999,9,+000,1",,"SYN06443125 32997 12702 10272 20152 39410 40135 80001 333 10312 58000=","Q01    003SCCGA1"
"43125099999","2023-01-02T12:00:00","4","17.9166666","77.5333333","663.0","BIDAR, IN","FM-12","99999","V020","050,1,N,0010,1","22000,1,9,N","010000,1,9,9","+0270,1","+0175,1","10149,1",,,,,"99,9,+99999,9,00,1",,,"9,AGL   ,+99999,+99999","01,99,1,00,1,99,9,99999,9,99,9,99,9","240,M,+0294,1",,"99999,9,09420,1","9,9,999,9,+010,1",,"SYN06443125 32997 10502 10270 20175 39420 40149 80001 333 10294 58010=","Q01    003SCCGA1"
"43125099999","2023-01-03T12:00:00","4","17.9166666","77.5333333","663.0","BIDAR, IN","FM-12","99999","V020","090,1,N,0010,1","22000,1,9,N","010000,1,9,9","+0270,1","+0199,1","10139,1",,,,,"99,9,+99999,9,00,1",,,"9,AGL   ,+99999,+99999","01,99,1,00,1,99,9,99999,9,99,9,99,9","240,M,+0294,1",,"99999,9,09410,1","9,9,999,9,-010,1",,"SYN06443125 32997 10902 10270 20199 39410 40139 80001 333 10294 59010=","Q01    003SCCGA1"
"43125099999","2023-01-04T12:00:00","4","17.9166666","77.5333333","663.0","BIDAR, IN","FM-12","99999","V020","140,1,N,0010,1","22000,1,9,N","010000,1,9,9","+0266,1","+0144,1","10139,1",,,,,"99,9,+99999,9,00,1",,,"9,AGL   ,+99999,+99999","01,99,1,00,1,99,9,99999,9,99,9,99,9","240,M,+0290,1",,"99999,9,09410,1","9,9,999,9,+000,1",,"SYN06443125 32997 11402 10266 20144 39410 40139 80001 333 10290 58000=","Q01    003SCCGA1"
"43125099999","2023-01-05T03:00:00","4","17.9166666","77.5333333","663.0","BIDAR, IN","FM-12","99999","V020","180,1,N,0010,1","22000,1,9,N","010000,1,9,9","+0196,1","+0143,1","10172,1",,,,,"00,1,+99999,9,99,9",,,"9,AGL   ,+99999,+99999","01,99,1,00,1,99,9,99999,9,99,9,99,9","240,M,+0290,1","240,N,+0148,1","99999,9,09428,1","9,9,999,9,-010,1",,"SYN07043125 32997 11802 10196 20143 39428 40172 80000 333 10290 20148 59010=",
"43125099999","2023-01-06T03:00:00","4","17.9166666","77.5333333","663.0","BIDAR, IN","FM-12","99999","V020","050,1,N,0010,1","22000,1,9,N","010000,1,9,9","+0210,1","+0185,1","10186,1",,,,,"00,1,+99999,9,99,9",,,"9,AGL   ,+99999,+99999","01,99,1,00,1,99,9,99999,9,99,9,99,9","240,M,+0274,1","240,N,+0155,1","99999,9,09440,1","9,9,999,9,+028,1",,"SYN08043125 32997 10502 10210 20185 39440 40186 80000 333 10274 20155 58028 555 10000=",
"43125099999","2023-01-06T12:00:00","4","17.9166666","77.5333333","663.0","BIDAR, IN","FM-12","99999","V020","050,1,N,0010,1","22000,1,9,N","010000,1,9,9","+0248,1","+0163,1","10156,1",,,,,"99,9,+99999,9,00,1",,,"9,AGL   ,+99999,+99999","01,99,1,00,1,99,9,99999,9,99,9,99,9","240,M,+0264,1",,"99999,9,09422,1","9,9,999,9,+020,1",,"SYN06443125 32997 10502 10248 20163 39422 40156 80001 333 10264 58020=","Q01    003SCCGA1"
"43125099999","2023-01-07T03:00:00","4","17.9166666","77.5333333","663.0","BIDAR, IN","FM-12","99999","V020","050,1,N,0010,1","22000,1,9,N","010000,1,9,9","+0194,1","+0159,1","10208,1",,,,,"99,9,+99999,9,00,1",,,"9,AGL   ,+99999,+99999","01,99,1,00,1,99,9,99999,9,99,9,99,9","240,M,+0264,1","240,N,+0150,1","99999,9,09458,1","9,9,999,9,+018,1",,"SYN08043125 32997 10502 10194 20159 39458 40208 80001 333 10264 20150 58018 555 10000=","Q01    003SCCGA1"
"43125099999","2023-01-07T12:00:00","4","17.9166666","77.5333333","663.0","BIDAR, IN","FM-12","99999","V020","050,1,N,0010,1","22000,1,9,N","010000,1,9,9","+0256,1","+0131,1","10154,1",,,,,"99,9,+99999,9,00,1",,,"9,AGL   ,+99999,+99999","01,99,1,00,1,99,9,99999,9,99,9,99,9","240,M,+0265,1",,"99999,9,09422,1","9,9,999,9,+000,1",,"SYN06443125 32997 10502 10256 20131 39422 40154 80001 333 10265 58000=","Q01    003SCCGA1"
"43125099999","2023-01-08T03:00:00","4","17.9166666","77.5333333","663.0","BIDAR, IN","FM-12","99999","V020","360,1,N,0010,1","22000,1,9,N","010000,1,9,9","+0152,1","+0109,1","10199,1",,,,,"00,1,+99999,9,99,9",,,"9,AGL   ,+99999,+99999","01,99,1,00,1,99,9,99999,9,99,9,99,9","240,M,+0265,1","240,N,+0072,1","99999,9,09440,1","9,9,999,9,-018,1",,"SYN08043125 32997 13602 10152 20109 39440 40199 80000 333 10265 20072 59018 555 10000=",
"43125099999","2023-01-08T12:00:00","4","17.9166666","77.5333333","663.0","BIDAR, IN","FM-12","99999","V020","050,1,N,0010,1","22000,1,9,N","010000,1,9,9","+0234,1","+0057,1","10148,1",,,,,"99,9,+99999,9,00,1",,,"9,AGL   ,+99999,+99999","01,99,1,00,1,99,9,99999,9,99,9,99,9","240,M,+0270,1",,"99999,9,09412,1","9,9,999,9,-010,1",,"SYN06443125 32997 10502 10234 20057 39412 40148 80001 333 10270 59010=","Q01    003SCCGA1"
"43125099999","2023-01-09T03:00:00","4","17.9166666","77.5333333","663.0","BIDAR, IN","FM-12","99999","V020","360,1,N,0010,1","22000,1,9,N","010000,1,9,9","+0184,1","+0102,1","10203,1",,,,,"00,1,+99999,9,99,9",,,"9,AGL   ,+99999,+99999","01,99,1,00,1,99,9,99999,9,99,9,99,9","240,M,+0270,1","240,N,+0055,1","99999,9,09452,1","9,9,999,9,+012,1",,"SYN08043125 32997 13602 10184 20102 39452 40203 80000 333 10270 20055 58012 555 10000=",
"43125099999","2023-01-09T12:00:00","4","17.9166666","77.5333333","663.0","BIDAR, IN","FM-12","99999","V020","050,1,N,0010,1","22000,1,9,N","010000,1,9,9","+0240,1","+0082,1","10156,1",,,,,"99,9,+99999,9,00,1",,,"9,AGL   ,+99999,+99999","01,99,1,00,1,99,9,99999,9,99,9,99,9","240,M,+0290,1",,"99999,9,09420,1","9,9,999,9,+008,1",,"SYN06443125 32997 10502 10240 20082 39420 40156 80001 333 10290 58008=","Q01    003SCCGA1"
"43125099999","2023-01-10T03:00:00","4","17.9166666","77.5333333","663.0","BIDAR, IN","FM-12","99999","V020","090,1,N,0010,1","22000,1,9,N","010000,1,9,9","+0200,1","+0092,1","10198,1",,,,,"00,1,+99999,9,99,9",,,"9,AGL   ,+99999,+99999","01,99,1,00,1,99,9,99999,9,99,9,99,9","240,M,+0290,1","240,N,+0075,1","99999,9,09450,1","9,9,999,9,-002,1",,"SYN08043125 32997 10902 10200 20092 39450 40198 80000 333 10290 20075 59002 555 10000=",
"43125099999","2023-01-10T12:00:00","4","17.9166666","77.5333333","663.0","BIDAR, IN","FM-12","99999","V020","090,1,N,0010,1","22000,1,9,N","010000,1,9,9","+0274,1","+0057,1","10138,1",,,,,"99,9,+99999,9,00,1",,,"9,AGL   ,+99999,+99999","01,99,1,00,1,99,9,99999,9,99,9,99,9","240,M,+0300,1",,"99999,9,09412,1","9,9,999,9,-008,1",,"SYN06443125 32997 10902 10274 20057 39412 40138 80001 333 10300 59008=","Q01    003SCCGA1"
"43125099999","2023-01-11T03:00:00","4","17.9166666","77.5333333","663.0","BIDAR, IN","FM-12","99999","V020","230,1,N,0010,1","22000,1,9,N","010000,1,9,9","+0208,1","+0098,1","10180,1",,,,,"99,9,+99999,9,00,1",,,"9,AGL   ,+99999,+99999","01,99,1,00,1,99,9,99999,9,99,9,99,9","240,M,+0300,1","240,N,+0075,1","99999,9,09434,1","9,9,999,9,-016,1",,"SYN08043125 32997 12302 10208 20098 39434 40180 80001 333 10300 20075 59016 555 10000=","Q01    003SCCGA1"
"43125099999","2023-01-11T12:00:00","4","17.9166666","77.5333333","663.0","BIDAR, IN","FM-12","99999","V020","030,1,N,0010,1","22000,1,9,N","010000,1,9,9","+0282,1","+0070,1","10136,1",,,,,"00,1,+99999,9,99,9",,,"9,AGL   ,+99999,+99999","01,99,1,00,1,99,9,99999,9,99,9,99,9","240,M,+0312,1",,"99999,9,09412,1","9,9,999,9,+000,1",,"SYN06443125 32997 10302 10282 20070 39412 40136 80000 333 10312 58000=",
"43125099999","2023-01-13T03:00:00","4","17.9166666","77.5333333","663.0","BIDAR, IN","FM-12","99999","V020","300,1,N,0010,1","22000,1,9,N","010000,1,9,9","+0206,1","+0108,1","10178,1",,,,,"00,1,+99999,9,99,9",,,"9,AGL   ,+99999,+99999","01,99,1,00,1,99,9,99999,9,99,9,99,9","240,M,+0310,1","240,N,+0086,1","99999,9,09432,1","9,9,999,9,+012,1",,"SYN08043125 32997 13002 10206 20108 39432 40178 80000 333 10310 20086 58012 555 10000=",
"43125099999","2023-01-14T12:00:00","4","17.9166666","77.5333333","663.0","BIDAR, IN","FM-12","99999","V020","230,1,N,0010,1","22000,1,9,N","010000,1,9,9","+0286,1","+0146,1","10101,1",,,,,"00,1,+99999,9,99,9",,,"9,AGL   ,+99999,+99999","01,99,1,00,1,99,9,99999,9,99,9,99,9","240,M,+0312,1",,"99999,9,09380,1","9,9,999,9,-010,1",,"SYN06443125 32997 12302 10286 20146 39380 40101 80000 333 10312 59010=",
"43125099999","2023-01-14T16:30:00","4","17.9166666","77.5333333","663.0","BIDAR, IN","FM-15","99999","V020","040,1,N,0015,1","22000,1,9,N","006000,1,9,9","+0210,1","+0140,1","99999,9",,,,,,,,,"00,99,1,99,9,99,9,99999,9,99,9,99,9",,,"10170,1,99999,9",,,"MET054METAR VOBR 141630Z 04003KT 6000 SKC 21/14 Q1017 NOSIG=",
"43125099999","2023-01-15T12:00:00","4","17.9166666","77.5333333","663.0","BIDAR, IN","FM-12","99999","V020","230,1,N,0010,1","22000,1,9,N","010000,1,9,9","+0296,1","+0135,1","10054,1",,,,,"00,1,+99999,9,99,9",,,"9,AGL   ,+99999,+99999","01,99,1,00,1,99,9,99999,9,99,9,99,9","240,M,+0310,1",,"99999,9,09376,1","9,9,999,9,-004,1",,"SYN06443125 32997 12302 10296 20135 39376 40054 80000 333 10310 59004=",
"43125099999","2023-01-17T03:00:00","4","17.9166666","77.5333333","663.0","BIDAR, IN","FM-12","99999","V020","180,1,N,0010,1","22000,1,9,N","010000,1,9,9","+0186,1","+0143,1","10158,1",,,,,"00,1,+99999,9,99,9",,,"9,AGL   ,+99999,+99999","01,99,1,00,1,99,9,99999,9,99,9,99,9","240,M,+0315,1","240,N,+0126,1","99999,9,09410,1","9,9,999,9,+010,1",,"SYN08043125 32997 11802 10186 20143 39410 40158 80000 333 10315 20126 58010 555 10000=",
"43125099999","2023-01-17T12:00:00","4","17.9166666","77.5333333","663.0","BIDAR, IN","FM-12","99999","V020","270,1,N,0010,1","22000,1,9,N","010000,1,9,9","+0284,1","+0127,1","10109,1",,,,,"00,1,+99999,9,99,9",,,"9,AGL   ,+99999,+99999","01,99,1,00,1,99,9,99999,9,99,9,99,9","240,M,+0310,1",,"99999,9,09388,1","9,9,999,9,+018,1",,"SYN06443125 32997 12702 10284 20127 39388 40109 80000 333 10310 58018=",
"43125099999","2023-01-18T12:00:00","4","17.9166666","77.5333333","663.0","BIDAR, IN","FM-12","99999","V020","140,1,N,0010,1","22000,1,9,N","010000,1,9,9","+0268,1","+0126,1","10127,1",,,,,"99,9,+99999,9,00,1",,,"9,AGL   ,+99999,+99999","01,99,1,00,1,99,9,99999,9,99,9,99,9","240,M,+0312,1",,"99999,9,09400,1","9,9,999,9,+012,1",,"SYN06443125 32997 11402 10268 20126 39400 40127 80001 333 10312 58012=","Q01    003SCCGA1"
"43125099999","2023-01-19T12:00:00","4","17.9166666","77.5333333","663.0","BIDAR, IN","FM-12","99999","V020","140,1,N,0010,1","22000,1,9,N","010000,1,9,9","+0270,1","+0125,1","10127,1",,,,,"99,9,+99999,9,00,1",,,"9,AGL   ,+99999,+99999","01,99,1,00,1,99,9,99999,9,99,9,99,9","240,M,+0304,1",,"99999,9,09400,1","9,9,999,9,+000,1",,"SYN06443125 32997 11402 10270 20125 39400 40127 80001 333 10304 58000=","Q01    003SCCGA1"
"43125099999","2023-01-20T12:00:00","4","17.9166666","77.5333333","663.0","BIDAR, IN","FM-12","99999","V020","230,1,N,0010,1","22000,1,9,N","010000,1,9,9","+0274,1","+0113,1","10136,1",,,,,"00,1,+99999,9,99,9",,,"9,AGL   ,+99999,+99999","01,99,1,00,1,99,9,99999,9,99,9,99,9","240,M,+0300,1",,"99999,9,09410,1","9,9,999,9,+010,1",,"SYN06443125 32997 12302 10274 20113 39410 40136 80000 333 10300 58010=",
"43125099999","2023-01-21T03:00:00","4","17.9166666","77.5333333","663.0","BIDAR, IN","FM-12","99999","V020","230,1,N,0010,1","99999,9,9,N","010000,1,9,9","+0188,1","+0145,1","10195,1",,,,,,,,,,"240,M,+0300,1","240,N,+0135,1","99999,9,09444,1","9,9,999,9,+004,1",,"SYN07443125 32997 02302 10188 20145 39444 40195 333 10300 20135 58004 555 10000=",
"43125099999","2023-01-22T12:00:00","4","17.9166666","77.5333333","663.0","BIDAR, IN","FM-12","99999","V020","050,1,N,0010,1","22000,1,9,N","010000,1,9,9","+0270,1","+0098,1","10135,1",,,,,"99,9,+99999,9,00,1",,,"9,AGL   ,+99999,+99999","01,99,1,00,1,99,9,99999,9,99,9,99,9","240,M,+0296,1",,"99999,9,09408,1","9,9,999,9,-004,1",,"SYN06443125 32997 10502 10270 20098 39408 40135 80001 333 10296 59004=","Q01    003SCCGA1"
"43125099999","2023-01-23T12:00:00","4","17.9166666","77.5333333","663.0","BIDAR, IN","FM-12","99999","V020","140,1,N,0010,1","22000,1,9,N","010000,1,9,9","+0266,1","+0128,1","10135,1",,,,,"00,1,+99999,9,99,9",,,"9,AGL   ,+99999,+99999","01,99,1,00,1,99,9,99999,9,99,9,99,9","240,M,+0292,1",,"99999,9,09408,1","9,9,999,9,+000,1",,"SYN06443125 32997 11402 10266 20128 39408 40135 80000 333 10292 58000=",
"43125099999","2023-01-24T03:00:00","4","17.9166666","77.5333333","663.0","BIDAR, IN","FM-12","99999","V020","140,1,N,0010,1","99999,9,9,N","010000,1,9,9","+0208,1","+0153,1","10203,1",,,,,,,,,,"240,M,+0292,1","240,N,+0150,1","99999,9,09456,1","9,9,999,9,+016,1",,"SYN06443125 32997 01402 10208 20153 39456 40203 333 10292 20150 58016=",
"43125099999","2023-01-24T12:00:00","4","17.9166666","77.5333333","663.0","BIDAR, IN","FM-12","99999","V020","180,1,N,0010,1","22000,1,9,N","010000,1,9,9","+0276,1","+0145,1","10111,1",,,,,"00,1,+99999,9,99,9",,,"9,AGL   ,+99999,+99999","01,99,1,00,1,99,9,99999,9,99,9,99,9","240,M,+0315,1",,"99999,9,09388,1","9,9,999,9,-020,1",,"SYN06443125 32997 11802 10276 20145 39388 40111 80000 333 10315 59020=",
"43125099999","2023-01-25T03:00:00","4","17.9166666","77.5333333","663.0","BIDAR, IN","FM-12","99999","V020","090,1,N,0010,1","99999,9,9,N","010000,1,9,9","+0220,1","+0130,1","10173,1",,,,,,,,,,"240,M,+0315,1","240,N,+0146,1","99999,9,09430,1","9,9,999,9,-026,1",,"SYN07443125 32997 00902 10220 20130 39430 40173 333 10315 20146 59026 555 10000=",
"43125099999","2023-01-26T03:00:00","4","17.9166666","77.5333333","663.0","BIDAR, IN","FM-12","99999","V020","110,1,N,0010,1","22000,1,9,N","010000,1,9,9","+0212,1","+0099,1","10162,1",,,,,"99,9,+99999,9,00,1",,,"9,AGL   ,+99999,+99999","01,99,1,00,1,99,9,99999,9,99,9,99,9","240,M,+0315,1","240,N,+0130,1","99999,9,09420,1","9,9,999,9,-010,1",,"SYN08043125 32997 11102 10212 20099 39420 40162 80001 333 10315 20130 59010 555 10000=","Q01    003SCCGA1"
"43125099999","2023-01-26T12:00:00","4","17.9166666","77.5333333","663.0","BIDAR, IN","FM-12","99999","V020","140,1,N,0010,1","22000,1,9,N","010000,1,9,9","+0278,1","+0085,1","10103,1",,,,,"00,1,+99999,9,99,9",,,"9,AGL   ,+99999,+99999","01,99,1,00,1,99,9,99999,9,99,9,99,9","240,M,+0318,1",,"99999,9,09380,1","9,9,999,9,+000,1",,"SYN06443125 32997 11402 10278 20085 39380 40103 80000 333 10318 58000=",
"43125099999","2023-01-27T03:00:00","4","17.9166666","77.5333333","663.0","BIDAR, IN","FM-12","99999","V020","090,1,N,0010,1","99999,9,9,N","010000,1,9,9","+0200,1","+0133,1","10155,1",,,,,,,,,,"240,M,+0318,1","240,N,+0100,1","99999,9,09410,1","9,9,999,9,-010,1",,"SYN07443125 32997 00902 10200 20133 39410 40155 333 10318 20100 59010 555 10000=",
"43125099999","2023-01-27T12:00:00","4","17.9166666","77.5333333","663.0","BIDAR, IN","FM-12","99999","V020","140,1,N,0010,1","22000,1,9,N","010000,1,9,9","+0280,1","+0088,1","10093,1",,,,,"00,1,+99999,9,99,9",,,"9,AGL   ,+99999,+99999","01,99,1,00,1,99,9,99999,9,99,9,99,9","240,M,+0304,1",,"99999,9,09370,1","9,9,999,9,-010,1",,"SYN06443125 32997 11402 10280 20088 39370 40093 80000 333 10304 59010=",
"43125099999","2023-01-28T12:00:00","4","17.9166666","77.5333333","663.0","BIDAR, IN","FM-12","99999","V020","090,1,N,0010,1","22000,1,9,N","010000,1,9,9","+0284,1","+0176,1","10081,1",,,,,"99,9,+99999,9,00,1",,,"9,AGL   ,+99999,+99999","01,99,1,00,1,99,9,99999,9,99,9,99,9","240,M,+0310,1",,"99999,9,09362,1","9,9,999,9,-008,1",,"SYN06443125 32997 10902 10284 20176 39362 40081 80001 333 10310 59008=","Q01    003SCCGA1"
"43125099999","2023-01-29T12:00:00","4","17.9166666","77.5333333","663.0","BIDAR, IN","FM-12","99999","V020","140,1,N,0010,1","22000,1,9,N","010000,1,9,9","+0280,1","+0078,1","10084,1",,,,,"99,9,+99999,9,00,1",,,"9,AGL   ,+99999,+99999","01,99,1,00,1,99,9,99999,9,99,9,99,9","240,M,+0315,1",,"99999,9,09362,1","9,9,999,9,+000,1",,"SYN06443125 32997 11402 10280 20078 39362 40084 80001 333 10315 58000=","Q01    003SCCGA1"
"43125099999","2023-01-30T03:00:00","4","17.9166666","77.5333333","663.0","BIDAR, IN","FM-12","99999","V020","140,1,N,0010,1","99999,9,9,N","010000,1,9,9","+0240,1","+0161,1","10150,1",,,,,,,,,,"240,M,+0315,1","240,N,+0132,1","99999,9,09414,1","9,9,999,9,+004,1",,"SYN07443125 32997 01402 10240 20161 39414 40150 333 10315 20132 58004 555 10000=",
"43125099999","2023-01-30T12:00:00","4","17.9166666","77.5333333","663.0","BIDAR, IN","FM-12","99999","V020","050,1,N,0010,1","22000,1,9,N","010000,1,9,9","+0266,1","+0181,1","10106,1",,,,,"00,1,+99999,9,99,9",,,"9,AGL   ,+99999,+99999","01,99,1,00,1,99,9,99999,9,99,9,99,9","240,M,+0290,1",,"99999,9,09380,1","9,9,999,9,+018,1",,"SYN06443125 32997 10502 10266 20181 39380 40106 80000 333 10290 58018=",
"43125099999","2023-02-03T03:00:00","4","17.9166666","77.5333333","663.0","BIDAR, IN","FM-12","99999","V020","050,1,N,0010,1","22000,1,9,N","010000,1,9,9","+0196,1","+0140,1","10157,1",,,,,"99,9,+99999,9,00,1",,,"9,AGL   ,+99999,+99999","01,99,1,00,1,99,9,99999,9,99,9,99,9","240,M,+0284,1","240,N,+0148,1","99999,9,09410,1","9,9,999,9,+000,1",,"SYN08043125 32997 10502 10196 20140 39410 40157 80001 333 10284 20148 58000 555 10002=","Q01    003SCCGA1"
"43125099999","2023-02-03T12:00:00","4","17.9166666","77.5333333","663.0","BIDAR, IN","FM-12","99999","V020","050,1,N,0010,1","22000,1,9,N","010000,1,9,9","+0266,1","+0154,1","10125,1",,,,,"00,1,+99999,9,99,9",,,"9,AGL   ,+99999,+99999","01,99,1,00,1,99,9,99999,9,99,9,99,9","240,M,+0290,1",,"99999,9,09398,1","9,9,999,9,+000,1",,"SYN06443125 32997 10502 10266 20154 39398 40125 80000 333 10290 58000=",
"43125099999","2023-02-04T12:00:00","4","17.9166666","77.5333333","663.0","BIDAR, IN","FM-12","99999","V020","090,1,N,0010,1","22000,1,9,N","010000,1,9,9","+0270,1","+0088,1","10129,1",,,,,"99,9,+99999,9,00,1",,,"9,AGL   ,+99999,+99999","01,99,1,00,1,99,9,99999,9,99,9,99,9","240,M,+0315,1",,"99999,9,09402,1","9,9,999,9,+004,1",,"SYN06443125 32997 10902 10270 20088 39402 40129 80001 333 10315 58004=","Q01    003SCCGA1"
"43125099999","2023-02-07T03:00:00","4","17.9166666","77.5333333","663.0","BIDAR, IN","FM-12","99999","V020","230,1,N,0010,1","22000,1,9,N","010000,1,9,9","+0218,1","+0164,1","10160,1",,,,,"00,1,+99999,9,99,9",,,"9,AGL   ,+99999,+99999","01,99,1,00,1,99,9,99999,9,99,9,99,9","240,M,+0320,1","240,N,+0132,1","99999,9,09418,1","9,9,999,9,-018,1",,"SYN08043125 32997 12302 10218 20164 39418 40160 80000 333 10320 20132 59018 555 10002=",
"43125099999","2023-02-07T12:00:00","4","17.9166666","77.5333333","663.0","BIDAR, IN","FM-12","99999","V020","230,1,N,0010,1","22000,1,9,N","010000,1,9,9","+0300,1","+0149,1","10087,1",,,,,"99,9,+99999,9,00,1",,,"9,AGL   ,+99999,+99999","01,99,1,00,1,99,9,99999,9,99,9,99,9","240,M,+0320,1",,"99999,9,09370,1","9,9,999,9,-022,1",,"SYN06443125 32997 12302 10300 20149 39370 40087 80001 333 10320 59022=","Q01    003SCCGA1"
"43125099999","2023-02-08T03:00:00","4","17.9166666","77.5333333","663.0","BIDAR, IN","FM-12","99999","V020","300,1,N,0010,1","22000,1,9,N","010000,1,9,9","+0230,1","+0164,1","10147,1",,,,,"00,1,+99999,9,99,9",,,"9,AGL   ,+99999,+99999","01,99,1,00,1,99,9,99999,9,99,9,99,9","240,M,+0320,1","240,N,+0140,1","99999,9,09410,1","9,9,999,9,-008,1",,"SYN08043125 32997 13002 10230 20164 39410 40147 80000 333 10320 20140 59008 555 10002=",
"43125099999","2023-02-08T12:00:00","4","17.9166666","77.5333333","663.0","BIDAR, IN","FM-12","99999","V020","300,1,N,0010,1","22000,1,9,N","010000,1,9,9","+0296,1","+0143,1","10077,1",,,,,"00,1,+99999,9,99,9",,,"9,AGL   ,+99999,+99999","01,99,1,00,1,99,9,99999,9,99,9,99,9","240,M,+0325,1",,"99999,9,09360,1","9,9,999,9,-010,1",,"SYN06443125 32997 13002 10296 20143 39360 40077 80000 333 10325 59010=",
"43125099999","2023-02-09T03:00:00","4","17.9166666","77.5333333","663.0","BIDAR, IN","FM-12","99999","V020","050,1,N,0010,1","22000,1,9,N","010000,1,9,9","+0194,1","+0122,1","10159,1",,,,,"00,1,+99999,9,99,9",,,"9,AGL   ,+99999,+99999","01,99,1,00,1,99,9,99999,9,99,9,99,9","240,M,+0325,1","240,N,+0116,1","99999,9,09412,1","9,9,999,9,+002,1",,"SYN08043125 32997 10502 10194 20122 39412 40159 80000 333 10325 20116 58002 555 10002=",
"43125099999","2023-02-09T12:00:00","4","17.9166666","77.5333333","663.0","BIDAR, IN","FM-12","99999","V020","050,1,N,0010,1","22000,1,9,N","010000,1,9,9","+0284,1","+0109,1","10101,1",,,,,"99,9,+99999,9,00,1",,,"9,AGL   ,+99999,+99999","01,99,1,00,1,99,9,99999,9,99,9,99,9","240,M,+0320,1",,"99999,9,09380,1","9,9,999,9,+020,1",,"SYN06443125 32997 10502 10284 20109 39380 40101 80001 333 10320 58020=","Q01    003SCCGA1"
"43125099999","2023-02-10T03:00:00","4","17.9166666","77.5333333","663.0","BIDAR, IN","FM-12","99999","V020","180,1,N,0010,1","22000,1,9,N","010000,1,9,9","+0182,1","+0104,1","10170,1",,,,,"00,1,+99999,9,99,9",,,"9,AGL   ,+99999,+99999","01,99,1,00,1,99,9,99999,9,99,9,99,9","240,M,+0320,1","240,N,+0105,1","99999,9,09420,1","9,9,999,9,+008,1",,"SYN08043125 32997 11802 10182 20104 39420 40170 80000 333 10320 20105 58008 555 10002=",
"43125099999","2023-02-10T12:00:00","4","17.9166666","77.5333333","663.0","BIDAR, IN","FM-12","99999","V020","180,1,N,0010,1","22000,1,9,N","010000,1,9,9","+0280,1","+0061,1","10136,1",,,,,,,,"9,AGL   ,+99999,+99999","01,99,1,99,9,99,9,99999,9,99,9,99,9","240,M,+0325,1",,"99999,9,09410,1","9,9,999,9,+000,1",,"SYN05843125 32997 11802 10280 20061 39410 40136 333 10325 58000=",
"43125099999","2023-02-11T03:00:00","4","17.9166666","77.5333333","663.0","BIDAR, IN","FM-12","99999","V020","180,1,N,0010,1","99999,9,9,N","010000,1,9,9","+0224,1","+0101,1","10167,1",,,,,,,,,,"240,M,+0325,1","240,N,+0105,1","99999,9,09428,1","9,9,999,9,+008,1",,"SYN07443125 32997 01802 10224 20101 39428 40167 333 10325 20105 58008 555 10002=",
"43125099999","2023-02-11T12:00:00","4","17.9166666","77.5333333","663.0","BIDAR, IN","FM-12","99999","V020","270,1,N,0010,1","22000,1,9,N","010000,1,9,9","+0314,1","+0059,1","10126,1",,,,,"99,9,+99999,9,00,1",,,"9,AGL   ,+99999,+99999","01,99,1,00,1,99,9,99999,9,99,9,99,9","240,M,+0340,1",,"99999,9,09414,1","9,9,999,9,+004,1",,"SYN06443125 32997 12702 10314 20059 39414 40126 80001 333 10340 58004=","Q01    003SCCGA1"
"43125099999","2023-02-12T03:00:00","4","17.9166666","77.5333333","663.0","BIDAR, IN","FM-12","99999","V020","300,1,N,0010,1","22000,1,9,N","010000,1,9,9","+0218,1","+0119,1","10181,1",,,,,,,,"9,AGL   ,+99999,+99999","01,99,1,99,9,99,9,99999,9,99,9,99,9","240,M,+0340,1","240,N,+0110,1","99999,9,09438,1","9,9,999,9,+010,1",,"SYN07443125 32997 13002 10218 20119 39438 40181 333 10340 20110 58010 555 10002=",
"43125099999","2023-02-12T12:00:00","4","17.9166666","77.5333333","663.0","BIDAR, IN","FM-12","99999","V020","290,1,N,0010,1","22000,1,9,N","010000,1,9,9","+0300,1","+0056,1","10141,1",,,,,"99,9,+99999,9,00,1",,,"9,AGL   ,+99999,+99999","01,99,1,00,1,99,9,99999,9,99,9,99,9","240,M,+0330,1",,"99999,9,09420,1","9,9,999,9,+006,1",,"SYN06443125 32997 12902 10300 20056 39420 40141 80001 333 10330 58006=","Q01    003SCCGA1"
"43125099999","2023-02-13T12:00:00","4","17.9166666","77.5333333","663.0","BIDAR, IN","FM-12","99999","V020","020,1,N,0010,1","22000,1,9,N","010000,1,9,9","+0280,1","+0056,1","10135,1",,,,,"99,9,+99999,9,00,1",,,"9,AGL   ,+99999,+99999","01,99,1,00,1,99,9,99999,9,99,9,99,9","240,M,+0300,1",,"99999,9,09410,1","9,9,999,9,-010,1",,"SYN06443125 32997 10202 10280 20056 39410 40135 80001 333 10300 59010=","Q01    003SCCGA1"
"43125099999","2023-02-15T03:00:00","4","17.9166666","77.5333333","663.0","BIDAR, IN","FM-12","99999","V020","050,1,N,0010,1","22000,1,9,N","010000,1,9,9","+0210,1","+0073,1","10196,1",,,,,"00,1,+99999,9,99,9",,,"9,AGL   ,+99999,+99999","01,99,1,00,1,99,9,99999,9,99,9,99,9","240,M,+0306,1","240,N,+0090,1","99999,9,09450,1","9,9,999,9,+008,1",,"SYN08043125 32997 10502 10210 20073 39450 40196 80000 333 10306 20090 58008 555 10002=",
"43125099999","2023-02-15T12:00:00","4","17.9166666","77.5333333","663.0","BIDAR, IN","FM-12","99999","V020","050,1,N,0010,1","22000,1,9,N","010000,1,9,9","+0300,1","+0062,1","10112,1",,,,,"99,9,+99999,9,00,1",,,"9,AGL   ,+99999,+99999","01,99,1,00,1,99,9,99999,9,99,9,99,9","240,M,+0312,1",,"99999,9,09392,1","9,9,999,9,-008,1",,"SYN06443125 32997 10502 10300 20062 39392 40112 80001 333 10312 59008=","Q01    003SCCGA1"
"43125099999","2023-02-16T03:00:00","4","17.9166666","77.5333333","663.0","BIDAR, IN","FM-12","99999","V020","050,1,N,0010,1","22000,1,9,N","010000,1,9,9","+0224,1","+0088,1","10167,1",,,,,"00,1,+99999,9,99,9",,,"9,AGL   ,+99999,+99999","01,99,1,00,1,99,9,99999,9,99,9,99,9","240,M,+0312,1","240,N,+0102,1","99999,9,09428,1","9,9,999,9,-022,1",,"SYN08043125 32997 10502 10224 20088 39428 40167 80000 333 10312 20102 59022 555 10002=",
"43125099999","2023-02-16T12:00:00","4","17.9166666","77.5333333","663.0","BIDAR, IN","FM-12","99999","V020","360,1,N,0010,1","22000,1,9,N","010000,1,9,9","+0300,1","+0074,1","10115,1",,,,,"99,9,+99999,9,00,1",,,"9,AGL   ,+99999,+99999","01,99,1,00,1,99,9,99999,9,99,9,99,9","240,M,+0320,1",,"99999,9,09395,1","9,9,999,9,+003,1",,"SYN06443125 32997 13602 10300 20074 39395 40115 80001 333 10320 58003=","Q01    003SCCGA1"
"43125099999","2023-02-17T03:00:00","4","17.9166666","77.5333333","663.0","BIDAR, IN","FM-12","99999","V020","300,1,N,0010,1","22000,1,9,N","010000,1,9,9","+0232,1","+0085,1","10158,1",,,,,"00,1,+99999,9,99,9",,,"9,AGL   ,+99999,+99999","01,99,1,00,1,99,9,99999,9,99,9,99,9","240,M,+0320,1","240,N,+0110,1","99999,9,09422,1","9,9,999,9,-006,1",,"SYN08043125 32997 13002 10232 20085 39422 40158 80000 333 10320 20110 59006 555 10002=",
"43125099999","2023-02-17T12:00:00","4","17.9166666","77.5333333","663.0","BIDAR, IN","FM-12","99999","V020","050,1,N,0010,1","22000,1,9,N","010000,1,9,9","+0294,1","+0057,1","10108,1",,,,,"00,1,+99999,9,99,9",,,"9,AGL   ,+99999,+99999","01,99,1,00,1,99,9,99999,9,99,9,99,9","240,M,+0316,1",,"99999,9,09390,1","9,9,999,9,-005,1",,"SYN06443125 32997 10502 10294 20057 39390 40108 80000 333 10316 59005=",
"43125099999","2023-02-18T03:00:00","4","17.9166666","77.5333333","663.0","BIDAR, IN","FM-12","99999","V020","340,1,N,0010,1","22000,1,9,N","010000,1,9,9","+0218,1","+0069,1","10154,1",,,,,"00,1,+99999,9,99,9",,,"9,AGL   ,+99999,+99999","01,99,1,00,1,99,9,99999,9,99,9,99,9","240,M,+0316,1","240,N,+0116,1","99999,9,09412,1","9,9,999,9,-010,1",,"SYN07043125 32997 13402 10218 20069 39412 40154 80000 333 10316 20116 59010=",
"43125099999","2023-02-19T12:00:00","4","17.9166666","77.5333333","663.0","BIDAR, IN","FM-12","99999","V020","140,1,N,0010,1","22000,1,9,N","010000,1,9,9","+0294,1","+0115,1","10108,1",,,,,"00,1,+99999,9,99,9",,,"9,AGL   ,+99999,+99999","01,99,1,00,1,99,9,99999,9,99,9,99,9","240,M,+0314,1",,"99999,9,09390,1","9,9,999,9,+000,1",,"SYN06443125 32997 11402 10294 20115 39390 40108 80000 333 10314 58000=",
"43125099999","2023-02-20T03:00:00","4","17.9166666","77.5333333","663.0","BIDAR, IN","FM-12","99999","V020","050,1,N,0010,1","22000,1,9,N","010000,1,9,9","+0208,1","+0153,1","10166,1",,,,,"99,9,+99999,9,00,1",,,"9,AGL   ,+99999,+99999","01,99,1,00,1,99,9,99999,9,99,9,99,9","240,M,+0314,1","240,N,+0125,1","99999,9,09422,1","9,9,999,9,+002,1",,"SYN08043125 32997 10502 10208 20153 39422 40166 80001 333 10314 20125 58002 555 10002=","Q01    003SCCGA1"
"43125099999","2023-02-21T12:00:00","4","17.9166666","77.5333333","663.0","BIDAR, IN","FM-12","99999","V020","050,1,N,0010,1","22000,1,9,N","010000,1,9,9","+0324,1","+0071,1","10109,1",,,,,"00,1,+99999,9,99,9",,,"9,AGL   ,+99999,+99999","01,99,1,00,1,99,9,99999,9,99,9,99,9","240,M,+0340,1",,"99999,9,09396,1","9,9,999,9,+002,1",,"SYN06443125 32997 10502 10324 20071 39396 40109 80000 333 10340 58002=",
"43125099999","2023-02-24T03:00:00","4","17.9166666","77.5333333","663.0","BIDAR, IN","FM-12","99999","V020","270,1,N,0010,1","22000,1,9,N","010000,1,9,9","+0242,1","+0113,1","10167,1",,,,,"99,9,+99999,9,00,1",,,"9,AGL   ,+99999,+99999","01,99,1,00,1,99,9,99999,9,99,9,99,9","240,M,+0342,1","240,N,+0148,1","99999,9,09432,1","9,9,999,9,+012,1",,"SYN07043125 32997 12702 10242 20113 39432 40167 80001 333 10342 20148 58012=","Q01    003SCCGA1"
"43125099999","2023-02-24T12:00:00","4","17.9166666","77.5333333","663.0","BIDAR, IN","FM-12","99999","V020","090,1,N,0010,1","22000,1,9,N","010000,1,9,9","+0318,1","+0066,1","10115,1",,,,,"00,1,+99999,9,99,9",,,"9,AGL   ,+99999,+99999","01,99,1,00,1,99,9,99999,9,99,9,99,9","240,M,+0336,1",,"99999,9,09400,1","9,9,999,9,+010,1",,"SYN06443125 32997 10902 10318 20066 39400 40115 80000 333 10336 58010=",
"43125099999","2023-02-25T12:00:00","4","17.9166666","77.5333333","663.0","BIDAR, IN","FM-12","99999","V020","050,1,N,0010,1","22000,1,9,N","010000,1,9,9","+0302,1","+0066,1","10115,1",,,,,"00,1,+99999,9,99,9",,,"9,AGL   ,+99999,+99999","01,99,1,00,1,99,9,99999,9,99,9,99,9","240,M,+0340,1",,"99999,9,09408,1","9,9,999,9,+008,1",,"SYN06443125 32997 10502 10302 20066 39408 40115 80000 333 10340 58008=",
"43125099999","2023-02-26T03:00:00","4","17.9166666","77.5333333","663.0","BIDAR, IN","FM-12","99999","V020","230,1,N,0010,1","99999,9,9,N","010000,1,9,9","+0240,1","+0072,1","10182,1",,,,,,,,,,"240,M,+0340,1","240,N,+0144,1","99999,9,09444,1","9,9,999,9,+004,1",,"SYN07443125 32997 02302 10240 20072 39444 40182 333 10340 20144 58004 555 10002=",
"43125099999","2023-02-27T03:00:00","4","17.9166666","77.5333333","663.0","BIDAR, IN","FM-12","99999","V020","230,1,N,0010,1","22000,1,9,N","010000,1,9,9","+0240,1","+0096,1","10188,1",,,,,"00,1,+99999,9,99,9",,,"9,AGL   ,+99999,+99999","01,99,1,00,1,99,9,99999,9,99,9,99,9","240,M,+0340,1","240,N,+0152,1","99999,9,09450,1","9,9,999,9,+006,1",,"SYN08043125 32997 12302 10240 20096 39450 40188 80000 333 10340 20152 58006 555 10002=",
"43125099999","2023-02-28T12:00:00","4","17.9166666","77.5333333","663.0","BIDAR, IN","FM-12","99999","V020","090,1,N,0010,1","22000,1,9,N","010000,1,9,9","+0300,1","+0095,1","10135,1",,,,,"00,1,+99999,9,99,9",,,"9,AGL   ,+99999,+99999","01,99,1,00,1,99,9,99999,9,99,9,99,9","240,M,+0330,1",,"99999,9,09140,1","9,9,999,9,+014,1",,"SYN06443125 32997 10902 10300 20095 39140 40135 80000 333 10330 58014=",
"43125099999","2023-03-01T12:00:00","4","17.9166666","77.5333333","663.0","BIDAR, IN","FM-12","99999","V020","140,1,N,0010,1","22000,1,9,N","010000,1,9,9","+0300,1","+0100,1","10141,1",,,,,"00,1,+99999,9,99,9",,,"9,AGL   ,+99999,+99999","01,99,1,00,1,99,9,99999,9,99,9,99,9","240,M,+0325,1",,"99999,9,09420,1","9,9,999,9,+006,1",,"SYN06443125 32997 11402 10300 20100 39420 40141 80000 333 10325 58006=",
"43125099999","2023-03-02T03:00:00","4","17.9166666","77.5333333","663.0","BIDAR, IN","FM-12","99999","V020","180,1,N,0010,1","22000,1,9,N","010000,1,9,9","+0252,1","+0113,1","10194,1",,,,,"00,1,+99999,9,99,9",,,"9,AGL   ,+99999,+99999","01,99,1,00,1,99,9,99999,9,99,9,99,9","240,M,+0325,1","240,N,+0155,1","99999,9,09460,1","9,9,999,9,+006,1",,"SYN08043125 32997 11802 10252 20113 39460 40194 80000 333 10325 20155 58006 555 10002=",
"43125099999","2023-03-04T03:00:00","4","17.9166666","77.5333333","663.0","BIDAR, IN","FM-12","99999","V020","300,1,N,0010,1","22000,1,9,N","010000,1,9,9","+0234,1","+0127,1","10200,1",,,,,,,,"9,AGL   ,+99999,+99999","01,99,1,99,9,99,9,99999,9,99,9,99,9","240,M,+0330,1","240,N,+0165,1","99999,9,09460,1","9,9,999,9,+006,1",,"SYN07443125 32997 13002 10234 20127 39460 40200 333 10330 20165 58006 555 10002=",
"43125099999","2023-03-04T12:00:00","4","17.9166666","77.5333333","663.0","BIDAR, IN","FM-12","99999","V020","300,1,N,0010,1","22000,1,9,N","010000,1,9,9","+0314,1","+0076,1","10139,1",,,,,,,,"9,AGL   ,+99999,+99999","01,99,1,99,9,99,9,99999,9,99,9,99,9","240,M,+0332,1",,"99999,9,09422,1","9,9,999,9,+000,1",,"SYN05843125 32997 13002 10314 20076 39422 40139 333 10332 58000=",
"43125099999","2023-03-05T12:00:00","4","17.9166666","77.5333333","663.0","BIDAR, IN","FM-12","99999","V020","090,1,N,0010,1","22000,1,9,N","010000,1,9,9","+0310,1","+0096,1","10139,1",,,,,"00,1,+99999,9,99,9",,,"9,AGL   ,+99999,+99999","01,99,1,00,1,99,9,99999,9,99,9,99,9","240,M,+0336,1",,"99999,9,09420,1","9,9,999,9,-002,1",,"SYN06443125 32997 10902 10310 20096 39420 40139 80000 333 10336 59002=",
"43125099999","2023-03-06T12:00:00","4","17.9166666","77.5333333","663.0","BIDAR, IN","FM-12","99999","V020","140,1,N,0010,1","22000,1,9,N","010000,1,9,9","+0312,1","+0104,1","10115,1",,,,,"99,9,+99999,9,00,1",,,"9,AGL   ,+99999,+99999","01,99,1,00,1,99,9,99999,9,99,9,99,9","240,M,+0332,1",,"99999,9,09400,1","9,9,999,9,-020,1",,"SYN06443125 32997 11402 10312 20104 39400 40115 80001 333 10332 59020=","Q01    003SCCGA1"
"43125099999","2023-03-07T03:00:00","4","17.9166666","77.5333333","663.0","BIDAR, IN","FM-12","99999","V020","300,1,N,0010,1","22000,1,9,N","010000,1,9,9","+0242,1","+0125,1","10177,1",,,,,"99,9,+99999,9,00,1",,,"9,AGL   ,+99999,+99999","01,99,1,00,1,99,9,99999,9,99,9,99,9","240,M,+0332,1","240,N,+0180,1","99999,9,09442,1","9,9,999,9,-006,1",,"SYN08043125 32997 13002 10242 20125 39442 40177 80001 333 10332 20180 59006 555 10002=","Q01    003SCCGA1"
"43125099999","2023-03-10T03:00:00","4","17.9166666","77.5333333","663.0","BIDAR, IN","FM-12","99999","V020","300,1,N,0010,1","22000,1,9,N","010000,1,9,9","+0248,1","+0137,1","10156,1",,,,,"99,9,+99999,9,00,1",,,"9,AGL   ,+99999,+99999","01,99,1,00,1,99,9,99999,9,99,9,99,9","240,M,+0325,1","240,N,+0175,1","99999,9,09422,1","9,9,999,9,-008,1",,"SYN08043125 32997 13002 10248 20137 39422 40156 80001 333 10325 20175 59008 555 10002=","Q01    003SCCGA1"
"43125099999","2023-03-10T12:00:00","4","17.9166666","77.5333333","663.0","BIDAR, IN","FM-12","99999","V020","050,1,N,0010,1","22000,1,9,N","010000,1,9,9","+0304,1","+0120,1","10107,1",,,,,"00,1,+99999,9,99,9",,,"9,AGL   ,+99999,+99999","01,99,1,00,1,99,9,99999,9,99,9,99,9","240,M,+0332,1",,"99999,9,09390,1","9,9,999,9,-012,1",,"SYN06443125 32997 10502 10304 20120 39390 40107 80000 333 10332 59012=",
"43125099999","2023-03-11T12:00:00","4","17.9166666","77.5333333","663.0","BIDAR, IN","FM-12","99999","V020","050,1,N,0010,1","22000,1,9,N","010000,1,9,9","+9999,9","+0134,1","10118,1",,,,,,,,"9,AGL   ,+99999,+99999","01,99,1,99,9,99,9,99999,9,99,9,99,9","240,M,+0326,1",,"99999,9,09398,1","9,9,999,9,+008,1",,"SYN05243125 32997 10502 20134 39398 40118 333 10326 58008=",
"43125099999","2023-03-12T03:00:00","4","17.9166666","77.5333333","663.0","BIDAR, IN","FM-12","99999","V020","090,1,N,0010,1","22000,1,9,N","010000,1,9,9","+0236,1","+0181,1","10160,1",,,,,"99,9,+99999,9,00,1",,,"9,AGL   ,+99999,+99999","01,99,1,00,1,99,9,99999,9,99,9,99,9","240,M,+0326,1","240,N,+0184,1","99999,9,09424,1","9,9,999,9,+000,1",,"SYN08043125 32997 10902 10236 20181 39424 40160 80001 333 10326 20184 58000 555 10002=","Q01    003SCCGA1"
"43125099999","2023-03-12T12:00:00","4","17.9166666","77.5333333","663.0","BIDAR, IN","FM-12","99999","V020","140,1,N,0010,1","22000,1,9,N","010000,1,9,9","+0316,1","+0125,1","10115,1",,,,,"99,9,+99999,9,00,1",,,"9,AGL   ,+99999,+99999","01,99,1,00,1,99,9,99999,9,99,9,99,9","240,M,+0325,1",,"99999,9,09400,1","9,9,999,9,+002,1",,"SYN06443125 32997 11402 10316 20125 39400 40115 80001 333 10325 58002=","Q01    003SCCGA1"
"43125099999","2023-03-13T03:00:00","4","17.9166666","77.5333333","663.0","BIDAR, IN","FM-12","99999","V020","180,1,N,0010,1","22000,1,9,N","010000,1,9,9","+0258,1","+0112,1","10151,1",,,,,,,,"9,AGL   ,+99999,+99999","01,99,1,99,9,99,9,99999,9,99,9,99,9","240,M,+0325,1","240,N,+0180,1","99999,9,09420,1","9,9,999,9,-004,1",,"SYN07443125 32997 11802 10258 20112 39420 40151 333 10325 20180 59004 555 10002=",
"43125099999","2023-03-13T12:00:00","4","17.9166666","77.5333333","663.0","BIDAR, IN","FM-12","99999","V020","140,1,N,0010,1","22000,1,9,N","010000,1,9,9","+0316,1","+0090,1","10104,1",,,,,"99,9,+99999,9,00,1",,,"9,AGL   ,+99999,+99999","01,99,1,00,1,99,9,99999,9,99,9,99,9","240,M,+0332,1",,"99999,9,09390,1","9,9,999,9,-010,1",,"SYN06443125 32997 11402 10316 20090 39390 40104 80001 333 10332 59010=","Q01    003SCCGA1"
"43125099999","2023-03-14T03:00:00","4","17.9166666","77.5333333","663.0","BIDAR, IN","FM-12","99999","V020","050,1,N,0010,1","99999,9,9,N","010000,1,9,9","+0240,1","+0096,1","10143,1",,,,,,,,,,"240,M,+0332,1","240,N,+0160,1","99999,9,09408,1","9,9,999,9,-012,1",,"SYN07443125 32997 00502 10240 20096 39408 40143 333 10332 20160 59012 555 10002=",
"43125099999","2023-03-14T12:00:00","4","17.9166666","77.5333333","663.0","BIDAR, IN","FM-12","99999","V020","030,1,N,0010,1","22000,1,9,N","010000,1,9,9","+0310,1","+0111,1","10094,1",,,,,"00,1,+99999,9,99,9",,,"9,AGL   ,+99999,+99999","01,99,1,00,1,99,9,99999,9,99,9,99,9","240,M,+0340,1",,"99999,9,09378,1","9,9,999,9,-012,1",,"SYN06443125 32997 10302 10310 20111 39378 40094 80000 333 10340 59012=",
"43125099999","2023-03-15T03:00:00","4","17.9166666","77.5333333","663.0","BIDAR, IN","FM-12","99999","V020","020,1,N,0247,1","22000,1,9,N","000200,1,9,9","+9999,9","+0121,1","10122,1",,,,,"99,9,+00450,1,99,9",,,"9,AGL   ,+99999,+99999","01,99,1,99,9,99,9,00450,1,99,9,99,9","240,M,+0340,1","240,N,+0160,1","99999,9,09390,1","9,9,999,9,-018,1",,"SYN06843125 01402 10248 20121 39390 40122 333 10340 20160 59018 555 10000=",
"43125099999","2023-03-16T12:00:00","4","17.9166666","77.5333333","663.0","BIDAR, IN","FM-12","99999","V020","140,1,N,0010,1","22000,1,9,N","010000,1,9,9","+0208,1","+9999,9","10099,1","09,0030,3,1",,,,"03,2,+99999,9,99,9",,,"9,AGL   ,+99999,+99999","01,99,2,03,2,99,9,99999,9,99,9,99,9","240,M,+0304,1",,"99999,9,09360,1",,,"SYN05843125 22997 11402 10208 39360 40099 83000 333 10304 6003/=",
"43125099999","2023-03-18T03:00:00","4","17.9166666","77.5333333","663.0","BIDAR, IN","FM-12","99999","V020","050,1,N,0015,1","22000,1,9,N","004000,1,9,9","+0212,1","+0180,1","10142,1","24,0680,3,1",,,,"02,1,+00450,1,06,1","99,9,+99999,9,00,1",,"9,AGL   ,+99999,+99999","04,99,1,02,1,99,9,00450,1,99,9,99,9","240,M,+0286,1","240,N,+0125,1","99999,9,09402,1",,,"SYN09843125 21496 40503 10212 20180 39402 40142 82501 333 10286 20125 56209 59010 6068/ 70680 555 10074=",
"43125099999","2023-03-18T12:00:00","4","17.9166666","77.5333333","663.0","BIDAR, IN","FM-12","99999","V020","300,1,N,0010,1","99999,9,9,N","010000,1,9,9","+0220,1","+0190,1","10125,1","09,0040,3,1",,,,"08,1,+99999,9,06,1","99,9,+99999,9,00,1",,"9,AGL   ,+99999,+99999","08,99,1,08,1,99,9,99999,9,99,9,99,9","240,M,+0290,1",,"99999,9,09386,1","9,9,999,9,+024,1",,"SYN07043125 22997 83002 10220 20190 39386 40125 88501 333 10290 58024 6004/=",
"43125099999","2023-03-19T12:00:00","4","17.9166666","77.5333333","663.0","BIDAR, IN","FM-12","99999","V020","270,1,N,0010,1","22000,1,9,N","010000,1,9,9","+0280,1","+0150,1","10082,1",,,,,"00,1,+99999,9,99,9",,,"9,AGL   ,+99999,+99999","01,99,1,00,1,99,9,99999,9,99,9,99,9","240,M,+0294,1",,"99999,9,09360,1","9,9,999,9,-026,1",,"SYN06443125 32997 12702 10280 20150 39360 40082 80000 333 10294 59026=",
"43125099999","2023-03-20T03:00:00","4","17.9166666","77.5333333","663.0","BIDAR, IN","FM-12","99999","V020","360,1,N,0010,1","22000,1,9,N","010000,1,9,9","+0222,1","+0128,1","10108,1",,,,,"00,1,+99999,9,99,9",,,"9,AGL   ,+99999,+99999","01,99,1,00,1,99,9,99999,9,99,9,99,9","240,M,+0294,1","240,N,+0170,1","99999,9,09372,1","9,9,999,9,-013,1",,"SYN08043125 32997 13602 10222 20128 39372 40108 80000 333 10294 20170 59013 555 10085=",
"43125099999","2023-03-21T03:00:00","4","17.9166666","77.5333333","663.0","BIDAR, IN","FM-12","99999","V020","300,1,N,0010,1","22000,1,9,N","010000,1,9,9","+0236,1","+0128,1","10092,1",,,,,,,,"9,AGL   ,+99999,+99999","02,99,1,99,9,99,9,99999,9,99,9,99,9","240,M,+0302,1","240,N,+0160,1","99999,9,09360,1","9,9,999,9,-012,1",,"SYN07443125 32997 23002 10236 20128 39360 40092 333 10302 20160 59012 555 10085=",
"43125099999","2023-03-21T12:00:00","4","17.9166666","77.5333333","663.0","BIDAR, IN","FM-12","99999","V020","360,1,N,0010,1","22000,1,9,N","010000,1,9,9","+0302,1","+0088,1","10082,1",,,,,"00,1,+99999,9,99,9",,,"9,AGL   ,+99999,+99999","01,99,1,00,1,99,9,99999,9,99,9,99,9","240,M,+0316,1",,"99999,9,09348,1","9,9,999,9,+000,1",,"SYN06443125 32997 13602 10302 20088 39348 40082 80000 333 10316 58000=",
"43125099999","2023-03-22T12:00:00","4","17.9166666","77.5333333","663.0","BIDAR, IN","FM-12","99999","V020","230,1,N,0010,1","22000,1,9,N","010000,1,9,9","+0308,1","+0131,1","10059,1",,,,,"03,1,+99999,9,06,1",,,"9,AGL   ,+99999,+99999","03,99,1,03,1,99,9,99999,9,99,9,99,9","240,M,+0325,1",,"99999,9,09346,1","9,9,999,9,-002,1",,"SYN06443125 32997 32302 10308 20131 39346 40059 83500 333 10325 59002=",
"43125099999","2023-03-23T03:00:00","4","17.9166666","77.5333333","663.0","BIDAR, IN","FM-12","99999","V020","300,1,N,0010,1","22000,1,9,N","010000,1,9,9","+0248,1","+0141,1","10105,1",,,,,"00,1,+99999,9,99,9",,,"9,AGL   ,+99999,+99999","01,99,1,00,1,99,9,99999,9,99,9,99,9","240,M,+0325,1","240,N,+0180,1","99999,9,09374,1","9,9,999,9,-008,1",,"SYN08043125 32997 13002 10248 20141 39374 40105 80000 333 10325 20180 59008 555 10085=",
"43125099999","2023-03-23T12:00:00","4","17.9166666","77.5333333","663.0","BIDAR, IN","FM-12","99999","V020","340,1,N,0010,1","22000,1,9,N","010000,1,9,9","+0308,1","+0131,1","10063,1",,,,,"03,1,+99999,9,06,1",,,"9,AGL   ,+99999,+99999","03,99,1,03,1,99,9,99999,9,99,9,99,9","240,M,+0326,1",,"99999,9,09350,1","9,9,999,9,+004,1",,"SYN06443125 32997 33402 10308 20131 39350 40063 83500 333 10326 58004=",
"43125099999","2023-03-25T12:00:00","4","17.9166666","77.5333333","663.0","BIDAR, IN","FM-12","99999","V020","140,1,N,0010,1","22000,1,9,N","010000,1,9,9","+0324,1","+0118,1","10070,1",,,,,"03,1,+99999,9,06,1",,,"9,AGL   ,+99999,+99999","04,99,1,03,1,99,9,99999,9,99,9,99,9","240,M,+0345,1",,"99999,9,09360,1","9,9,999,9,+010,1",,"SYN06443125 32997 41402 10324 20118 39360 40070 83500 333 10345 58010=",
"43125099999","2023-03-26T03:00:00","4","17.9166666","77.5333333","663.0","BIDAR, IN","FM-12","99999","V020","230,1,N,0010,1","22000,1,9,N","010000,1,9,9","+0262,1","+0203,1","10123,1",,,,,"99,9,+99999,9,00,1",,,"9,AGL   ,+99999,+99999","01,99,1,00,1,99,9,99999,9,99,9,99,9","240,M,+0345,1","240,N,+0195,1","99999,9,09396,1","9,9,999,9,+004,1",,"SYN08043125 32997 12302 10262 20203 39396 40123 80001 333 10345 20195 58004 555 10085=","Q01    003SCCGA1"
"43125099999","2023-03-27T03:00:00","4","17.9166666","77.5333333","663.0","BIDAR, IN","FM-12","99999","V020","140,1,N,0010,1","99999,9,9,N","010000,1,9,9","+0274,1","+0117,1","10121,1",,,,,,,,,,"240,M,+0354,1","240,N,+0202,1","99999,9,09396,1","9,9,999,9,+000,1",,"SYN07443125 32997 01402 10274 20117 39396 40121 333 10354 20202 58000 555 10085=",
"43125099999","2023-03-27T12:00:00","4","17.9166666","77.5333333","663.0","BIDAR, IN","FM-12","99999","V020","300,1,N,0010,1","22000,1,9,N","010000,1,9,9","+0340,1","+0115,1","10061,1",,,,,,,,"9,AGL   ,+99999,+99999","01,99,1,99,9,99,9,99999,9,99,9,99,9","240,M,+0344,1",,"99999,9,09355,1","9,9,999,9,+003,1",,"SYN05843125 32997 13002 10340 20115 39355 40061 333 10344 58003=",
"43125099999","2023-03-28T03:00:00","4","17.9166666","77.5333333","663.0","BIDAR, IN","FM-12","99999","V020","020,1,N,0216,1","22000,1,9,N","000200,1,9,9","+9999,9","+0129,1","10121,1",,,,,"99,9,+00150,1,99,9",,,"9,AGL   ,+99999,+99999","01,99,1,99,9,99,9,00150,1,99,9,99,9","240,M,+0344,1","240,N,+0165,1","99999,9,09390,1","9,9,999,9,-006,1",,"SYN06843125 03202 10242 20129 39390 40121 333 10344 20165 59006 555 10085=",
"43125099999","2023-03-28T12:00:00","4","17.9166666","77.5333333","663.0","BIDAR, IN","FM-12","99999","V020","270,1,N,0010,1","22000,1,9,N","010000,1,9,9","+0344,1","+0080,1","10065,1",,,,,"01,1,+99999,9,06,1",,,"9,AGL   ,+99999,+99999","01,99,1,01,1,99,9,99999,9,99,9,99,9","240,M,+0352,1",,"99999,9,09360,1","9,9,999,9,+005,1",,"SYN06443125 32997 12702 10344 20080 39360 40065 81500 333 10352 58005=",
"43125099999","2023-03-29T03:00:00","4","17.9166666","77.5333333","663.0","BIDAR, IN","FM-12","99999","V020","180,1,N,0010,1","22000,1,9,N","010000,1,9,9","+0248,1","+0204,1","10117,1",,,,,"00,1,+99999,9,99,9",,,"9,AGL   ,+99999,+99999","01,99,1,00,1,99,9,99999,9,99,9,99,9","240,M,+0352,1","240,N,+0205,1","99999,9,09386,1","9,9,999,9,-004,1",,"SYN08043125 32997 11802 10248 20204 39386 40117 80000 333 10352 20205 59004 555 10085=",
"43125099999","2023-03-29T12:00:00","4","17.9166666","77.5333333","663.0","BIDAR, IN","FM-12","99999","V020","180,1,N,0010,1","22000,1,9,N","010000,1,9,9","+0342,1","+0098,1","10061,1",,,,,"99,9,+99999,9,00,1",,,"9,AGL   ,+99999,+99999","01,99,1,00,1,99,9,99999,9,99,9,99,9","240,M,+0360,1",,"99999,9,09360,1","9,9,999,9,+000,1",,"SYN06443125 32997 11802 10342 20098 39360 40061 80001 333 10360 58000=","Q01    003SCCGA1"
"43125099999","2023-03-30T12:00:00","4","17.9166666","77.5333333","663.0","BIDAR, IN","FM-12","99999","V020","230,1,N,0010,1","22000,1,9,N","010000,1,9,9","+0348,1","+0098,1","10057,1",,,,,"99,9,+99999,9,00,1",,,"9,AGL   ,+99999,+99999","01,99,1,00,1,99,9,99999,9,99,9,99,9","240,M,+0360,1",,"99999,9,09352,1","9,9,999,9,-008,1",,"SYN06443125 32997 12302 10348 20098 39352 40057 80001 333 10360 59008=","Q01    003SCCGA1"
"43125099999","2023-03-31T03:00:00","4","17.9166666","77.5333333","663.0","BIDAR, IN","FM-12","99999","V020","320,1,N,0010,1","99999,9,9,N","010000,1,9,9","+0274,1","+0146,1","10101,1",,,,,,,,,,"240,M,+0360,1","240,N,+0190,1","99999,9,09378,1","9,9,999,9,-012,1",,"SYN07443125 32997 03202 10274 20146 39378 40101 333 10360 20190 59012 555 10085=",
"43125099999","2023-03-31T12:00:00","4","17.9166666","77.5333333","663.0","BIDAR, IN","FM-12","99999","V020","270,1,N,0010,1","22000,1,9,N","010000,1,9,9","+0328,1","+0129,1","10050,1",,,,,"00,1,+99999,9,99,9",,,"9,AGL   ,+99999,+99999","01,99,1,00,1,99,9,99999,9,99,9,99,9","240,M,+0340,1",,"99999,9,09342,1","9,9,999,9,-010,1",,"SYN06443125 32997 12702 10328 20129 39342 40050 80000 333 10340 59010=",
"43125099999","2023-04-01T03:00:00","4","17.9166666","77.5333333","663.0","BIDAR, IN","FM-12","99999","V020","360,1,N,0010,1","22000,1,9,N","010000,1,9,9","+0260,1","+0132,1","10128,1",,,,,"00,1,+99999,9,99,9",,,"9,AGL   ,+99999,+99999","01,99,1,00,1,99,9,99999,9,99,9,99,9","240,M,+0340,1","240,N,+0210,1","99999,9,09398,1","9,9,999,9,+020,1",,"SYN08043125 32997 13602 10260 20132 39398 40128 80000 333 10340 20210 58020 555 10085=",
"43125099999","2023-04-01T12:00:00","4","17.9166666","77.5333333","663.0","BIDAR, IN","FM-12","99999","V020","230,1,N,0010,1","22000,1,9,N","010000,1,9,9","+0332,1","+0126,1","10048,1",,,,,"05,2,+99999,9,99,9",,,"9,AGL   ,+99999,+99999","03,99,2,05,2,99,9,99999,9,99,9,99,9","240,M,+0340,1",,,"9,9,999,9,+000,1",,"SYN05843125 32997 32302 10332 20126 40048 85000 333 10340 58000=",
"43125099999","2023-04-02T12:00:00","4","17.9166666","77.5333333","663.0","BIDAR, IN","FM-12","99999","V020","290,1,N,0010,1","22000,1,9,N","010000,1,9,9","+0330,1","+0132,1","10058,1",,,,,"99,9,+99999,9,00,1",,,"9,AGL   ,+99999,+99999","01,99,1,00,1,99,9,99999,9,99,9,99,9","240,M,+0348,1",,"99999,9,09350,1","9,9,999,9,+008,1",,"SYN06443125 32997 12902 10330 20132 39350 40058 80001 333 10348 58008=","Q01    003SCCGA1"
"43125099999","2023-04-04T03:00:00","4","17.9166666","77.5333333","663.0","BIDAR, IN","FM-12","99999","V020","050,1,N,0010,1","22000,1,9,N","010000,1,9,9","+0276,1","+0149,1","10113,1",,,,,"99,9,+99999,9,00,1",,,"9,AGL   ,+99999,+99999","01,99,1,00,1,99,9,99999,9,99,9,99,9","240,M,+0358,1","240,N,+0210,1","99999,9,09390,1","9,9,999,9,-012,1",,"SYN08043125 32997 10502 10276 20149 39390 40113 80001 333 10358 20210 59012 555 10085=","Q01    003SCCGA1"
"43125099999","2023-04-04T12:00:00","4","17.9166666","77.5333333","663.0","BIDAR, IN","FM-12","99999","V020","300,1,N,0010,1","22000,1,9,N","010000,1,9,9","+0340,1","+0151,1","10075,1",,,,,"05,2,+99999,9,99,9",,,"9,AGL   ,+99999,+99999","02,99,2,05,2,99,9,99999,9,99,9,99,9","240,M,+0360,1",,"99999,9,09368,1","9,9,999,9,-012,1",,"SYN06443125 32997 23002 10340 20151 39368 40075 85000 333 10360 59012=",
"43125099999","2023-04-05T03:00:00","4","17.9166666","77.5333333","663.0","BIDAR, IN","FM-12","99999","V020","270,1,N,0010,1","22000,1,9,N","010000,1,9,9","+0270,1","+0186,1","10104,1",,,,,"00,1,+99999,9,99,9",,,"9,AGL   ,+99999,+99999","01,99,1,00,1,99,9,99999,9,99,9,99,9","240,M,+0360,1","240,N,+0204,1","99999,9,09378,1","9,9,999,9,-012,1",,"SYN08043125 32997 12702 10270 20186 39378 40104 80000 333 10360 20204 59012 555 10085=",
"43125099999","2023-04-06T03:00:00","4","17.9166666","77.5333333","663.0","BIDAR, IN","FM-12","99999","V020","180,1,N,0010,1","22000,1,9,N","010000,1,9,9","+0284,1","+0174,1","10114,1",,,,,"99,9,+99999,9,00,1",,,"9,AGL   ,+99999,+99999","01,99,1,00,1,99,9,99999,9,99,9,99,9","240,M,+0356,1","240,N,+0216,1","99999,9,09392,1","9,9,999,9,+014,1",,"SYN08043125 32997 11802 10284 20174 39392 40114 80001 333 10356 20216 58014 555 10085=","Q01    003SCCGA1"
"43125099999","2023-04-07T03:00:00","4","17.9166666","77.5333333","663.0","BIDAR, IN","FM-12","99999","V020","230,1,N,0010,1","99999,9,9,N","010000,1,9,9","+0212,1","+0209,1","10150,1","24,0020,3,1",,,,"02,1,+99999,9,06,1","99,9,+99999,9,03,1",,"9,AGL   ,+99999,+99999","06,99,1,02,1,99,9,99999,9,99,9,99,9","240,M,+0354,1","240,N,+0200,1","99999,9,09410,1","9,9,999,9,+018,1",,"SYN09243125 22997 62302 10212 20209 39410 40150 82530 333 10354 20200 58018 6002/ 555 00020 10087=",
"43125099999","2023-04-07T12:00:00","4","17.9166666","77.5333333","663.0","BIDAR, IN","FM-12","99999","V020","290,1,N,0010,1","22000,1,9,N","010000,1,9,9","+0288,1","+0213,1","10071,1",,,,,"03,1,+99999,9,06,1",,,"9,AGL   ,+99999,+99999","03,99,1,03,1,99,9,99999,9,99,9,99,9","240,M,+0300,1",,"99999,9,09352,1","9,9,999,9,-008,1",,"SYN06443125 32997 32902 10288 20213 39352 40071 83500 333 10300 59008=",
"43125099999","2023-04-09T03:00:00","4","17.9166666","77.5333333","663.0","BIDAR, IN","FM-12","99999","V020","050,1,N,0010,1","22000,1,9,N","010000,1,9,9","+0268,1","+0197,1","10167,1",,,,,"99,9,+99999,9,00,1",,,"9,AGL   ,+99999,+99999","01,99,1,00,1,99,9,99999,9,99,9,99,9","240,M,+0330,1","240,N,+0204,1","99999,9,09432,1","9,9,999,9,+000,1",,"SYN07043125 32997 10502 10268 20197 39432 40167 80001 333 10330 20204 58000=","Q01    003SCCGA1"
"43125099999","2023-04-11T03:00:00","4","17.9166666","77.5333333","663.0","BIDAR, IN","FM-12","99999","V020","180,1,N,0010,1","99999,9,9,N","010000,1,9,9","+0288,1","+0168,1","10132,1",,,,,,,,,,"240,M,+0352,1","240,N,+0206,1","99999,9,09410,1","9,9,999,9,-018,1",,"SYN07443125 32997 01802 10288 20168 39410 40132 333 10352 20206 59018 555 10088=",
"43125099999","2023-04-13T03:00:00","4","17.9166666","77.5333333","663.0","BIDAR, IN","FM-12","99999","V020","230,1,N,0010,1","99999,9,9,N","010000,1,9,9","+0288,1","+0160,1","10132,1",,,,,,,,,,"240,M,+0374,1","240,N,+0230,1","99999,9,09410,1","9,9,999,9,-004,1",,"SYN06443125 32997 02302 10288 20160 39410 40132 333 10374 20230 59004=",
"43125099999","2023-04-17T03:00:00","4","17.9166666","77.5333333","663.0","BIDAR, IN","FM-12","99999","V020","320,1,N,0010,1","99999,9,9,N","010000,1,9,9","+0306,1","+0161,1","10106,1",,,,,,,,,,"240,M,+0360,1","240,N,+0215,1","99999,9,09390,1","9,9,999,9,-028,1",,"SYN07443125 32997 03202 10306 20161 39390 40106 333 10360 20215 59028 555 10118=",
"43125099999","2023-04-18T12:00:00","4","17.9166666","77.5333333","663.0","BIDAR, IN","FM-12","99999","V020","230,1,N,0010,1","22000,1,9,N","010000,1,9,9","+0370,1","+0161,1","10060,1",,,,,"99,9,+99999,9,00,1",,,"9,AGL   ,+99999,+99999","01,99,1,00,1,99,9,99999,9,99,9,99,9","240,M,+0382,1",,"99999,9,09360,1","9,9,999,9,+002,1",,"SYN06443125 32997 12302 10370 20161 39360 40060 80001 333 10382 58002=","Q01    003SCCGA1"
"43125099999","2023-04-23T12:00:00","4","17.9166666","77.5333333","663.0","BIDAR, IN","FM-12","99999","V020","140,1,N,0010,1","22000,1,9,N","010000,1,9,9","+0344,1","+0165,1","10030,1",,,,,"00,1,+99999,9,99,9",,,"9,AGL   ,+99999,+99999","01,99,1,00,1,99,9,99999,9,99,9,99,9","240,M,+0362,1",,"99999,9,09328,1","9,9,999,9,+000,1",,"SYN06443125 32997 11402 10344 20165 39328 40030 80000 333 10362 58000=",
"43125099999","2023-04-25T03:00:00","4","17.9166666","77.5333333","663.0","BIDAR, IN","FM-12","99999","V020","300,1,N,0010,1","99999,9,9,N","010000,1,9,9","+0272,1","+0214,1","10074,1",,,,,,,,,,"240,M,+0360,1","240,N,+0200,1","99999,9,09352,1","9,9,999,9,-002,1",,"SYN07443125 32997 03002 10272 20214 39352 40074 333 10360 20200 59002 555 10120=",
"43125099999","2023-04-25T12:00:00","4","17.9166666","77.5333333","663.0","BIDAR, IN","FM-12","99999","V020","180,1,N,0010,1","22000,1,9,N","010000,1,9,9","+0312,1","+0204,1","10039,1",,,,,,,,"9,AGL   ,+99999,+99999","04,99,1,99,9,99,9,99999,9,99,9,99,9","240,M,+0360,1",,"99999,9,09330,1","9,9,999,9,-010,1",,"SYN05843125 32997 41802 10312 20204 39330 40039 333 10360 59010=",
"43125099999","2023-04-26T03:00:00","4","17.9166666","77.5333333","663.0","BIDAR, IN","FM-12","99999","V020","140,1,N,0010,1","99999,9,9,N","010000,1,9,9","+0254,1","+0188,1","10097,1",,,,,,,,,,"240,M,+0360,1","240,N,+0200,1","99999,9,09370,1","9,9,999,9,-018,1",,"SYN07443125 32997 01402 10254 20188 39370 40097 333 10360 20200 59018 555 10020=",
"43125099999","2023-04-26T12:00:00","4","17.9166666","77.5333333","663.0","BIDAR, IN","FM-12","99999","V020","140,1,N,0010,1","22000,1,9,N","010000,1,9,9","+0328,1","+0200,1","10031,1",,,,,"05,2,+99999,9,99,9",,,"9,AGL   ,+99999,+99999","03,99,2,05,2,99,9,99999,9,99,9,99,9","240,M,+0350,1",,"99999,9,09324,1","9,9,999,9,-006,1",,"SYN06443125 32997 31402 10328 20200 39324 40031 85000 333 10350 59006=",
"43125099999","2023-04-27T03:00:00","4","17.9166666","77.5333333","663.0","BIDAR, IN","FM-12","99999","V020","090,1,N,0010,1","99999,9,9,N","010000,1,9,9","+0250,1","+0206,1","10113,1",,,,,,,,,,"240,M,+0350,1","240,N,+0215,1","99999,9,09382,1","9,9,999,9,+012,1",,"SYN07443125 32997 00902 10250 20206 39382 40113 333 10350 20215 58012 555 10020=",
"43125099999","2023-04-27T12:00:00","4","17.9166666","77.5333333","663.0","BIDAR, IN","FM-12","99999","V020","050,1,N,0015,1","22000,1,9,N","004000,1,9,9","+0198,1","+0195,1","10080,1","09,0620,3,2","09,0617,3,2",,,"02,1,+00450,1,06,1","99,9,+99999,9,00,1",,"9,AGL   ,+99999,+99999","04,99,1,02,1,99,9,00450,1,99,9,99,9","240,M,+0320,1",,"99999,9,09340,1","9,9,999,9,-016,1",,"SYN07643125 21496 40503 10198 20195 39340 40080 82501 333 10320 59016 6062/ 70617=",
"43125099999","2023-04-28T03:00:00","4","17.9166666","77.5333333","663.0","BIDAR, IN","FM-12","99999","V020","360,1,N,0010,1","22000,1,9,N","010000,1,9,9","+0206,1","+0203,1","10153,1","24,0900,3,1",,,,"04,1,+00800,1,07,1",,,"9,AGL   ,+99999,+99999","04,99,1,04,1,99,9,00800,1,99,9,99,9","240,M,+0320,1","240,N,+0190,1","99999,9,09410,1","9,9,999,9,+028,1",,"SYN09243125 22597 43602 10206 20203 39410 40153 84600 333 10320 20190 58028 6090/ 555 00900 10210=",
"43125099999","2023-04-28T12:00:00","4","17.9166666","77.5333333","663.0","BIDAR, IN","FM-12","99999","V020","140,1,N,0010,1","22000,1,9,N","010000,1,9,9","+0296,1","+0228,1","10071,1",,,,,"05,2,+99999,9,99,9",,,"9,AGL   ,+99999,+99999","03,99,2,05,2,99,9,99999,9,99,9,99,9","240,M,+0300,1",,"99999,9,09354,1","9,9,999,9,+014,1",,"SYN06443125 32997 31402 10296 20228 39354 40071 85000 333 10300 58014=",
"43125099999","2023-04-29T03:00:00","4","17.9166666","77.5333333","663.0","BIDAR, IN","FM-12","99999","V020","140,1,N,0010,1","99999,9,9,N","010000,1,9,9","+0238,1","+0196,1","10135,1",,,,,,,,,,"240,M,+0300,1","240,N,+0194,1","99999,9,09400,1","9,9,999,9,-010,1",,"SYN07443125 32997 01402 10238 20196 39400 40135 333 10300 20194 59010 555 10210=",
"43125099999","2023-04-29T12:00:00","4","17.9166666","77.5333333","663.0","BIDAR, IN","FM-12","99999","V020","140,1,N,0010,1","22000,1,9,N","010000,1,9,9","+0286,1","+0213,1","10102,1",,,,,"05,2,+99999,9,99,9",,,"9,AGL   ,+99999,+99999","03,99,2,05,2,99,9,99999,9,99,9,99,9","240,M,+0315,1",,"99999,9,09360,1","9,9,999,9,+006,1",,"SYN06443125 32997 31402 10286 20213 39360 40102 85000 333 10315 58006=",
"43125099999","2023-04-30T03:00:00","4","17.9166666","77.5333333","663.0","BIDAR, IN","FM-12","99999","V020","230,1,N,0010,1","99999,9,9,N","010000,1,9,9","+0260,1","+0201,1","10118,1",,,,,,,,,,"240,M,+0315,1","240,N,+0204,1","99999,9,09390,1","9,9,999,9,-010,1",,"SYN07443125 32997 02302 10260 20201 39390 40118 333 10315 20204 59010 555 10210=",
"43125099999","2023-04-30T12:00:00","4","17.9166666","77.5333333","663.0","BIDAR, IN","FM-12","99999","V020","300,1,N,0010,1","99999,9,9,N","010000,1,9,9","+0230,1","+0216,1","10061,1","09,0050,3,2","09,0048,3,2",,,,,,"9,AGL   ,+99999,+99999","07,99,1,99,9,99,9,99999,9,99,9,99,9","240,M,+0324,1",,"99999,9,09330,1","9,9,999,9,-010,1",,"SYN07043125 22997 73002 10230 20216 39330 40061 333 10324 59010 6005/ 70048=",
"43125099999","2023-05-01T03:00:00","4","17.9166666","77.5333333","663.0","BIDAR, IN","FM-12","99999","V020","140,1,N,0010,1","22000,1,9,N","010000,1,9,9","+0226,1","+0214,1","10108,1","24,0170,3,2","24,0172,3,2",,,"05,2,+99999,9,99,9",,,"9,AGL   ,+99999,+99999","04,99,2,05,2,99,9,99999,9,99,9,99,9","240,M,+0325,1","240,N,+0190,1","99999,9,09372,1","9,9,999,9,-018,1",,"SYN09843125 22997 41402 10226 20214 39372 40108 85000 333 10325 20190 59018 6017/ 70172 555 00172 10227=",
"43125099999","2023-05-01T04:30:00","4","17.9166666","77.5333333","663.0","BIDAR, IN","FM-15","99999","V020","180,1,N,0026,1","00457,1,C,N","006000,1,9,9","+0250,1","+0210,1","99999,9",,,,,"04,1,+00366,1,99,9","04,1,+00457,1,99,9",,"9,AGL   ,+99999,+99999","99,99,9,04,1,99,9,00366,1,99,9,99,9",,,"10130,1,99999,9",,,"MET064METAR VOBR 010430Z 18005KT 6000 SCT012 SCT015 25/21 Q1013 NOSIG=",
"43125099999","2023-05-02T03:00:00","4","17.9166666","77.5333333","663.0","BIDAR, IN","FM-12","99999","V020","140,1,N,0010,1","99999,9,9,N","010000,1,9,9","+0224,1","+0203,1","10114,1","24,0070,3,2","24,0074,3,2",,,,,,,,"240,M,+0315,1","240,N,+0190,1","99999,9,09378,1","9,9,999,9,+006,1",,"SYN09243125 22997 01402 10224 20203 39378 40114 333 10315 20190 58006 6007/ 70074 555 00074 10234=",
"43125099999","2023-05-07T12:00:00","4","17.9166666","77.5333333","663.0","BIDAR, IN","FM-12","99999","V020","360,1,N,0010,1","22000,1,9,N","010000,1,9,9","+0322,1","+0199,1","10039,1",,,,,"05,2,+99999,9,99,9",,,"9,AGL   ,+99999,+99999","03,99,2,05,2,99,9,99999,9,99,9,99,9","240,M,+0336,1",,"99999,9,09332,1","9,9,999,9,-008,1",,"SYN06443125 32997 33602 10322 20199 39332 40039 85000 333 10336 59008=",
"43125099999","2023-05-10T12:00:00","4","17.9166666","77.5333333","663.0","BIDAR, IN","FM-12","99999","V020","050,1,N,0010,1","22000,1,9,N","010000,1,9,9","+0340,1","+0208,1","10024,1",,,,,"00,1,+99999,9,99,9",,,"9,AGL   ,+99999,+99999","01,99,1,00,1,99,9,99999,9,99,9,99,9","240,M,+0360,1",,"99999,9,09200,1","9,9,999,9,-020,1",,"SYN06443125 32997 10502 10340 20208 39200 40024 80000 333 10360 59020=",
"43125099999","2023-05-13T03:00:00","4","17.9166666","77.5333333","663.0","BIDAR, IN","FM-12","99999","V020","300,1,N,0010,1","22000,1,9,N","010000,1,9,9","+0300,1","+0149,1","10079,1",,,,,,,,"9,AGL   ,+99999,+99999","01,99,1,99,9,99,9,99999,9,99,9,99,9","240,M,+0374,1","240,N,+0220,1","99999,9,09362,1","9,9,999,9,-006,1",,"SYN07443125 32997 13002 10300 20149 39362 40079 333 10374 20220 59006 555 10300=",
"43125099999","2023-05-13T12:00:00","4","17.9166666","77.5333333","663.0","BIDAR, IN","FM-12","99999","V020","290,1,N,0010,1","22000,1,9,N","010000,1,9,9","+0374,1","+0117,1","10036,1",,,,,"99,9,+99999,9,00,1",,,"9,AGL   ,+99999,+99999","01,99,1,00,1,99,9,99999,9,99,9,99,9","240,M,+0384,1",,"99999,9,09340,1","9,9,999,9,+008,1",,"SYN06443125 32997 12902 10374 20117 39340 40036 80001 333 10384 58008=","Q01    003SCCGA1"
"43125099999","2023-05-14T03:00:00","4","17.9166666","77.5333333","663.0","BIDAR, IN","FM-12","99999","V020","300,1,N,0010,1","99999,9,9,N","010000,1,9,9","+0302,1","+0189,1","10082,1",,,,,,,,,,"240,M,+0384,1","240,N,+0210,1","99999,9,09368,1","9,9,999,9,+001,1",,"SYN07443125 32997 03002 10302 20189 39368 40082 333 10384 20210 58001 555 10300=",
"43125099999","2023-05-14T12:00:00","4","17.9166666","77.5333333","663.0","BIDAR, IN","FM-12","99999","V020","050,1,N,0010,1","22000,1,9,N","010000,1,9,9","+0376,1","+0173,1","10032,1",,,,,"99,9,+99999,9,00,1",,,"9,AGL   ,+99999,+99999","01,99,1,00,1,99,9,99999,9,99,9,99,9","240,M,+0380,1",,"99999,9,09336,1","9,9,999,9,-004,1",,"SYN06443125 32997 10502 10376 20173 39336 40032 80001 333 10380 59004=","Q01    003SCCGA1"
"43125099999","2023-05-15T03:00:00","4","17.9166666","77.5333333","663.0","BIDAR, IN","FM-12","99999","V020","230,1,N,0010,1","22000,1,9,N","010000,1,9,9","+0310,1","+0181,1","10054,1",,,,,"99,9,+99999,9,00,1",,,"9,AGL   ,+99999,+99999","03,99,1,00,1,99,9,99999,9,99,9,99,9","240,M,+0380,1","240,N,+0245,1","99999,9,09370,1","9,9,999,9,+002,1",,"SYN08043125 32997 32302 10310 20181 39370 40054 80001 333 10380 20245 58002 555 10300=","Q01    003SCCGA1"
"43125099999","2023-05-16T12:00:00","4","17.9166666","77.5333333","663.0","BIDAR, IN","FM-12","99999","V020","270,1,N,0010,1","22000,1,9,N","010000,1,9,9","+0362,1","+0166,1","10050,1",,,,,,,,"9,AGL   ,+99999,+99999","01,99,1,99,9,99,9,99999,9,99,9,99,9","240,M,+0374,1",,"99999,9,09350,1","9,9,999,9,+018,1",,"SYN05843125 32997 12702 10362 20166 39350 40050 333 10374 58018=",
"43125099999","2023-05-17T03:00:00","4","17.9166666","77.5333333","663.0","BIDAR, IN","FM-12","99999","V020","230,1,N,0010,1","99999,9,9,N","010000,1,9,9","+0310,1","+0162,1","10106,1",,,,,,,,,,"240,M,+0374,1","240,N,+0240,1","99999,9,09390,1","9,9,999,9,+008,1",,"SYN07443125 32997 02302 10310 20162 39390 40106 333 10374 20240 58008 555 10300=",
"43125099999","2023-05-17T12:00:00","4","17.9166666","77.5333333","663.0","BIDAR, IN","FM-12","99999","V020","300,1,N,0010,1","22000,1,9,N","010000,1,9,9","+0352,1","+0202,1","10054,1",,,,,"05,2,+99999,9,99,9",,,"9,AGL   ,+99999,+99999","02,99,2,05,2,99,9,99999,9,99,9,99,9","240,M,+0370,1",,"99999,9,09352,1","9,9,999,9,+002,1",,"SYN06443125 32997 23002 10352 20202 39352 40054 85000 333 10370 58002=",
"43125099999","2023-05-18T03:00:00","4","17.9166666","77.5333333","663.0","BIDAR, IN","FM-12","99999","V020","320,1,N,0010,1","99999,9,9,N","010000,1,9,9","+0304,1","+0158,1","10117,1",,,,,,,,,,"240,M,+0370,1","240,N,+0212,1","99999,9,09400,1","9,9,999,9,+010,1",,"SYN07443125 32997 03202 10304 20158 39400 40117 333 10370 20212 58010 555 10300=",
"43125099999","2023-05-18T12:00:00","4","17.9166666","77.5333333","663.0","BIDAR, IN","FM-12","99999","V020","230,1,N,0010,1","22000,1,9,N","010000,1,9,9","+0370,1","+0143,1","10056,1",,,,,"00,1,+99999,9,99,9",,,"9,AGL   ,+99999,+99999","01,99,1,00,1,99,9,99999,9,99,9,99,9","240,M,+0374,1",,"99999,9,09356,1","9,9,999,9,+004,1",,"SYN06443125 32997 12302 10370 20143 39356 40056 80000 333 10374 58004=",
"43125099999","2023-05-19T03:00:00","4","17.9166666","77.5333333","663.0","BIDAR, IN","FM-12","99999","V020","050,1,N,0010,1","22000,1,9,N","010000,1,9,9","+0310,1","+0129,1","10109,1",,,,,"99,9,+99999,9,00,1",,,"9,AGL   ,+99999,+99999","01,99,1,00,1,99,9,99999,9,99,9,99,9","240,M,+0374,1","240,N,+0222,1","99999,9,09392,1","9,9,999,9,-008,1",,"SYN07043125 32997 10502 10310 20129 39392 40109 80001 333 10374 20222 59008=","Q01    003SCCGA1"
"43125099999","2023-05-19T12:00:00","4","17.9166666","77.5333333","663.0","BIDAR, IN","FM-12","99999","V020","300,1,N,0010,1","22000,1,9,N","010000,1,9,9","+0370,1","+0152,1","10052,1",,,,,"00,1,+99999,9,99,9",,,"9,AGL   ,+99999,+99999","01,99,1,00,1,99,9,99999,9,99,9,99,9","240,M,+0380,1",,"99999,9,09352,1","9,9,999,9,-004,1",,"SYN06443125 32997 13002 10370 20152 39352 40052 80000 333 10380 59004=",
"43125099999","2023-05-20T03:00:00","4","17.9166666","77.5333333","663.0","BIDAR, IN","FM-12","99999","V020","320,1,N,0010,1","99999,9,9,N","010000,1,9,9","+0322,1","+0124,1","10081,1",,,,,,,,,,"240,M,+0380,1","240,N,+0225,1","99999,9,09372,1","9,9,999,9,-020,1",,"SYN07443125 32997 03202 10322 20124 39372 40081 333 10380 20225 59020 555 10300=",
"43125099999","2023-05-23T03:00:00","4","17.9166666","77.5333333","663.0","BIDAR, IN","FM-12","99999","V020","140,1,N,0010,1","22000,1,9,N","010000,1,9,9","+0310,1","+0184,1","10117,1",,,,,"99,9,+99999,9,00,1",,,"9,AGL   ,+99999,+99999","01,99,1,00,1,99,9,99999,9,99,9,99,9","240,M,+0380,1","240,N,+0230,1","99999,9,09400,1","9,9,999,9,+012,1",,"SYN08043125 32997 11402 10310 20184 39400 40117 80001 333 10380 20230 58012 555 10300=","Q01    003SCCGA1"
"43125099999","2023-05-23T12:00:00","4","17.9166666","77.5333333","663.0","BIDAR, IN","FM-12","99999","V020","140,1,N,0010,1","22000,1,9,N","010000,1,9,9","+0362,1","+0185,1","10060,1",,,,,"05,2,+99999,9,99,9",,,"9,AGL   ,+99999,+99999","02,99,2,05,2,99,9,99999,9,99,9,99,9","240,M,+0376,1",,"99999,9,09360,1","9,9,999,9,+002,1",,"SYN06443125 32997 21402 10362 20185 39360 40060 85000 333 10376 58002=",
"43125099999","2023-05-25T03:00:00","4","17.9166666","77.5333333","663.0","BIDAR, IN","FM-12","99999","V020","999,9,C,0000,1","22000,1,9,N","010000,1,9,9","+0290,1","+0163,1","10111,1","24,0050,3,2","24,0054,3,2",,,"03,1,+00800,1,06,1",,,"9,AGL   ,+99999,+99999","03,99,1,03,1,99,9,00800,1,99,9,99,9","240,M,+0386,1","240,N,+0248,1","99999,9,09390,1","9,9,999,9,-010,1",,"SYN09843125 22597 30000 10290 20163 39390 40111 83500 333 10386 20248 59010 6005/ 70054 555 00054 10305=",
"43125099999","2023-05-25T12:00:00","4","17.9166666","77.5333333","663.0","BIDAR, IN","FM-12","99999","V020","300,1,N,0010,1","22000,1,9,N","010000,1,9,9","+0352,1","+0164,1","10052,1",,,,,"05,2,+99999,9,99,9",,,"9,AGL   ,+99999,+99999","03,99,2,05,2,99,9,99999,9,99,9,99,9","240,M,+0366,1",,"99999,9,09350,1","9,9,999,9,-012,1",,"SYN06443125 32997 33002 10352 20164 39350 40052 85000 333 10366 59012=",
"43125099999","2023-05-26T03:00:00","4","17.9166666","77.5333333","663.0","BIDAR, IN","FM-12","99999","V020","230,1,N,0010,1","22000,1,9,N","010000,1,9,9","+0302,1","+0171,1","10113,1",,,,,,,,"9,AGL   ,+99999,+99999","01,99,1,99,9,99,9,99999,9,99,9,99,9","240,M,+0366,1","240,N,+0252,1","99999,9,09396,1","9,9,999,9,+006,1",,"SYN06443125 32997 12302 10302 20171 39396 40113 333 10366 20252 58006=",
"43125099999","2023-05-26T12:00:00","4","17.9166666","77.5333333","663.0","BIDAR, IN","FM-12","99999","V020","290,1,N,0010,1","22000,1,9,N","010000,1,9,9","+0368,1","+0140,1","10144,1",,,,,"02,1,+99999,9,06,1",,,"9,AGL   ,+99999,+99999","02,99,1,02,1,99,9,99999,9,99,9,99,9","240,M,+0376,1",,"99999,9,09346,1","9,9,999,9,-004,1",,"SYN06443125 32997 22902 10368 20140 39346 40144 82500 333 10376 59004=",
"43125099999","2023-05-27T03:00:00","4","17.9166666","77.5333333","663.0","BIDAR, IN","FM-12","99999","V020","230,1,N,0010,1","22000,1,9,N","010000,1,9,9","+0312,1","+0172,1","10115,1",,,,,,,,"9,AGL   ,+99999,+99999","01,99,1,99,9,99,9,99999,9,99,9,99,9","240,M,+0376,1","240,N,+0255,1","99999,9,09400,1","9,9,999,9,+004,1",,"SYN07443125 32997 12302 10312 20172 39400 40115 333 10376 20255 58004 555 10305=",
"43125099999","2023-05-28T03:00:00","4","17.9166666","77.5333333","663.0","BIDAR, IN","FM-12","99999","V020","999,9,C,0000,1","99999,9,9,N","010000,1,9,9","+0300,1","+0172,1","10130,1",,,,,,,,,,"240,M,+0378,1","240,N,+0244,1","99999,9,09410,1","9,9,999,9,+010,1",,"SYN07443125 32997 00000 10300 20172 39410 40130 333 10378 20244 58010 555 10305=",
"43125099999","2023-05-28T12:00:00","4","17.9166666","77.5333333","663.0","BIDAR, IN","FM-12","99999","V020","050,1,N,0010,1","22000,1,9,N","010000,1,9,9","+0364,1","+0152,1","10052,1",,,,,,,,"9,AGL   ,+99999,+99999","01,99,1,99,9,99,9,99999,9,99,9,99,9","240,M,+0380,1",,"99999,9,09352,1","9,9,999,9,+002,1",,"SYN05843125 32997 10502 10364 20152 39352 40052 333 10380 58002=",
"43125099999","2023-05-29T12:00:00","4","17.9166666","77.5333333","663.0","BIDAR, IN","FM-12","99999","V020","050,1,N,0010,1","22000,1,9,N","010000,1,9,9","+0372,1","+0176,1","10061,1",,,,,,,,"9,AGL   ,+99999,+99999","01,99,1,99,9,99,9,99999,9,99,9,99,9","240,M,+0380,1",,"99999,9,09360,1","9,9,999,9,+008,1",,"SYN05843125 32997 10502 10372 20176 39360 40061 333 10380 58008=",
"43125099999","2023-05-30T03:00:00","4","17.9166666","77.5333333","663.0","BIDAR, IN","FM-12","99999","V020","180,1,N,0010,1","22000,1,9,N","010000,1,9,9","+0300,1","+0193,1","10130,1",,,,,"99,9,+99999,9,00,1",,,"9,AGL   ,+99999,+99999","01,99,1,00,1,99,9,99999,9,99,9,99,9","240,M,+0380,1","240,N,+0238,1","99999,9,09410,1","9,9,999,9,+006,1",,"SYN08043125 32997 11802 10300 20193 39410 40130 80001 333 10380 20238 58006 555 10306=","Q01    003SCCGA1"
"43125099999","2023-06-02T12:00:00","4","17.9166666","77.5333333","663.0","BIDAR, IN","FM-12","99999","V020","300,1,N,0010,1","22000,1,9,N","010000,1,9,9","+0378,1","+0138,1","10036,1",,,,,"05,2,+99999,9,99,9",,,"9,AGL   ,+99999,+99999","03,99,2,05,2,99,9,99999,9,99,9,99,9","240,M,+0395,1",,"99999,9,09340,1","9,9,999,9,+008,1",,"SYN06443125 32997 33002 10378 20138 39340 40036 85000 333 10395 58008=",
"43125099999","2023-06-03T03:00:00","4","17.9166666","77.5333333","663.0","BIDAR, IN","FM-12","99999","V020","360,1,N,0010,1","22000,1,9,N","010000,1,9,9","+0322,1","+0203,1","10080,1",,,,,"99,9,+99999,9,00,1",,,"9,AGL   ,+99999,+99999","01,99,1,00,1,99,9,99999,9,99,9,99,9","240,M,+0395,1","240,N,+0275,1","99999,9,09370,1","9,9,999,9,+000,1",,"SYN08043125 32997 13602 10322 20203 39370 40080 80001 333 10395 20275 58000 555 10000=","Q01    003SCCGA1"
"43125099999","2023-06-04T03:00:00","4","17.9166666","77.5333333","663.0","BIDAR, IN","FM-12","99999","V020","230,1,N,0010,1","22000,1,9,N","010000,1,9,9","+0286,1","+0220,1","10081,1","24,0080,3,1",,,,"02,1,+00800,1,06,1",,,"9,AGL   ,+99999,+99999","02,99,1,02,1,99,9,00800,1,99,9,99,9","240,M,+0390,1","240,N,+0224,1","99999,9,09362,1","9,9,999,9,-008,1",,"SYN09243125 22597 22302 10286 20220 39362 40081 82500 333 10390 20224 59008 6008/ 555 00080 10008=",
"43125099999","2023-06-05T12:00:00","4","17.9166666","77.5333333","663.0","BIDAR, IN","FM-12","99999","V020","230,1,N,0010,1","22000,1,9,N","010000,1,9,9","+0352,1","+0168,1","10019,1",,,,,,,,"9,AGL   ,+99999,+99999","01,99,1,99,9,99,9,99999,9,99,9,99,9","240,M,+0356,1",,"99999,9,09320,1","9,9,999,9,-020,1",,"SYN05843125 32997 12302 10352 20168 39320 40019 333 10356 59020=",
"43125099999","2023-06-06T12:00:00","4","17.9166666","77.5333333","663.0","BIDAR, IN","FM-12","99999","V020","140,1,N,0010,1","22000,1,9,N","010000,1,9,9","+0350,1","+0213,1","10022,1",,,,,"05,2,+99999,9,99,9",,,"9,AGL   ,+99999,+99999","03,99,2,05,2,99,9,99999,9,99,9,99,9","240,M,+0375,1",,"99999,9,09320,1","9,9,999,9,+000,1",,"SYN06443125 32997 31402 10350 20213 39320 40022 85000 333 10375 58000=",
"43125099999","2023-06-07T12:00:00","4","17.9166666","77.5333333","663.0","BIDAR, IN","FM-12","99999","V020","140,1,N,0010,1","22000,1,9,N","010000,1,9,9","+0252,1","+0195,1","10046,1","09,0090,3,2","09,0094,3,2",,,"99,9,+99999,9,09,1",,,"9,AGL   ,+99999,+99999","04,99,1,00,1,99,9,99999,9,99,9,99,9","240,M,+0374,1",,"99999,9,09320,1","9,9,999,9,+000,1",,"SYN07643125 22997 41402 10252 20195 39320 40046 80300 333 10374 58000 6009/ 70094=","Q01    003SCCGA1"
"43125099999","2023-06-08T03:00:00","4","17.9166666","77.5333333","663.0","BIDAR, IN","FM-12","99999","V020","230,1,N,0010,1","22000,1,9,N","010000,1,9,9","+0270,1","+0205,1","10084,1","24,0090,3,1",,,,"99,9,+99999,9,00,1",,,"9,AGL   ,+99999,+99999","01,99,1,00,1,99,9,99999,9,99,9,99,9","240,M,+0374,1","240,N,+0230,1","99999,9,09360,1","9,9,999,9,+008,1",,"SYN09243125 22997 12302 10270 20205 39360 40084 80001 333 10374 20230 58008 6009/ 555 00094 10036=","Q01    003SCCGA1"
"43125099999","2023-06-09T03:00:00","4","17.9166666","77.5333333","663.0","BIDAR, IN","FM-12","99999","V020","230,1,N,0010,1","22000,1,9,N","010000,1,9,9","+0282,1","+0219,1","10066,1","24,0000,9,1",,,,"99,9,+99999,9,00,1",,,"9,AGL   ,+99999,+99999","01,99,1,00,1,99,9,99999,9,99,9,99,9","240,M,+0364,1","240,N,+0250,1","99999,9,09348,1","9,9,999,9,-012,1",,"SYN08643125 22997 12302 10282 20219 39348 40066 80001 333 10364 20250 59012 6990/ 555 10036=","Q01  00002PRCP24Q02    003SCCGA1"
"43125099999","2023-06-09T12:00:00","4","17.9166666","77.5333333","663.0","BIDAR, IN","FM-12","99999","V020","270,1,N,0010,1","22000,1,9,N","010000,1,9,9","+0340,1","+0171,1","10836,2",,,,,"05,2,+99999,9,99,9",,,"9,AGL   ,+99999,+99999","04,99,2,05,2,99,9,99999,9,99,9,99,9","240,M,+0370,1",,"99999,9,09312,1","9,9,999,9,-008,1",,"SYN06443125 32997 42702 10340 20171 39312 40836 85000 333 10370 59008=",
"43125099999","2023-06-10T03:00:00","4","17.9166666","77.5333333","663.0","BIDAR, IN","FM-12","99999","V020","300,1,N,0010,1","22000,1,9,N","010000,1,9,9","+0292,1","+0208,1","10055,1","24,0000,9,1",,,,"99,9,+99999,9,00,1",,,"9,AGL   ,+99999,+99999","01,99,1,00,1,99,9,99999,9,99,9,99,9","240,M,+0370,1","240,N,+0250,1","99999,9,09340,1","9,9,999,9,-008,1",,"SYN08643125 22997 13002 10292 20208 39340 40055 80001 333 10370 20250 59008 6990/ 555 10036=","Q01  00002PRCP24Q02    003SCCGA1"
"43125099999","2023-06-10T12:00:00","4","17.9166666","77.5333333","663.0","BIDAR, IN","FM-12","99999","V020","300,1,N,0010,1","99999,9,9,N","010000,1,9,9","+0302,1","+0209,1","10023,1",,,,,"99,9,+99999,9,07,1",,,"9,AGL   ,+99999,+99999","06,99,1,00,1,99,9,99999,9,99,9,99,9","240,M,+0370,1",,"99999,9,09312,1","9,9,999,9,+000,1",,"SYN06443125 32997 63002 10302 20209 39312 40023 80600 333 10370 58000=","Q01    003SCCGA1"
"43125099999","2023-06-11T03:00:00","4","17.9166666","77.5333333","663.0","BIDAR, IN","FM-12","99999","V020","230,1,N,0010,1","22000,1,9,N","010000,1,9,9","+0250,1","+0221,1","10068,1","24,0080,3,1",,,,"03,1,+99999,9,06,1",,,"9,AGL   ,+99999,+99999","03,99,1,03,1,99,9,99999,9,99,9,99,9","240,M,+0370,1","240,N,+0224,1","99999,9,09340,1","9,9,999,9,+000,1",,"SYN09243125 22997 32302 10250 20221 39340 40068 83500 333 10370 20224 58000 6008/ 555 00078 10044=",
"43125099999","2023-06-11T12:00:00","4","17.9166666","77.5333333","663.0","BIDAR, IN","FM-12","99999","V020","230,1,N,0010,1","22000,1,9,N","010000,1,9,9","+0294,1","+0193,1","10034,1",,,,,"05,2,+99999,9,99,9",,,"9,AGL   ,+99999,+99999","04,99,2,05,2,99,9,99999,9,99,9,99,9","240,M,+0352,1",,"99999,9,09320,1","9,9,999,9,+008,1",,"SYN06443125 32997 42302 10294 20193 39320 40034 85000 333 10352 58008=",
"43125099999","2023-06-12T03:00:00","4","17.9166666","77.5333333","663.0","BIDAR, IN","FM-12","99999","V020","230,1,N,0010,1","99999,9,9,N","010000,1,9,9","+0274,1","+0219,1","10058,1",,,,,,,,,,"240,M,+0352,1","240,N,+0245,1","99999,9,09338,1","9,9,999,9,-002,1",,"SYN06443125 32997 02302 10274 20219 39338 40058 333 10352 20245 59002=",
"43125099999","2023-06-12T12:00:00","4","17.9166666","77.5333333","663.0","BIDAR, IN","FM-12","99999","V020","270,1,N,0010,1","22000,1,9,N","010000,1,9,9","+0346,1","+0190,1","10010,1",,,,,"99,9,+99999,9,00,1",,,"9,AGL   ,+99999,+99999","01,99,1,00,1,99,9,99999,9,99,9,99,9","240,M,+0356,1",,"99999,9,09310,1","9,9,999,9,-010,1",,"SYN06443125 32997 12702 10346 20190 39310 40010 80001 333 10356 59010=","Q01    003SCCGA1"
"43125099999","2023-06-13T12:00:00","4","17.9166666","77.5333333","663.0","BIDAR, IN","FM-12","99999","V020","290,1,N,0010,1","22000,1,9,N","010000,1,9,9","+0368,1","+0162,1","10109,1",,,,,,,,"9,AGL   ,+99999,+99999","01,99,1,99,9,99,9,99999,9,99,9,99,9","240,M,+0370,1",,"99999,9,09312,1","9,9,999,9,+002,1",,"SYN05843125 32997 12902 10368 20162 39312 40109 333 10370 58002=",
"43125099999","2023-06-14T03:00:00","4","17.9166666","77.5333333","663.0","BIDAR, IN","FM-12","99999","V020","230,1,N,0010,1","22000,1,9,N","010000,1,9,9","+0278,1","+0211,1","10070,1",,,,,"99,9,+99999,9,00,1",,,"9,AGL   ,+99999,+99999","01,99,1,00,1,99,9,99999,9,99,9,99,9","240,M,+0370,1","240,N,+0242,1","99999,9,09250,1","9,9,999,9,+008,1",,"SYN08043125 32997 12302 10278 20211 39250 40070 80001 333 10370 20242 58008 555 10044=","Q01    003SCCGA1"
"43125099999","2023-06-15T12:00:00","4","17.9166666","77.5333333","663.0","BIDAR, IN","FM-12","99999","V020","230,1,N,0010,1","22000,1,9,N","010000,1,9,9","+0350,1","+0177,1","10020,1",,,,,"00,1,+99999,9,99,9",,,"9,AGL   ,+99999,+99999","01,99,1,00,1,99,9,99999,9,99,9,99,9","240,M,+0370,1",,"99999,9,09318,1","9,9,999,9,+006,1",,"SYN06443125 32997 12302 10350 20177 39318 40020 80000 333 10370 58006=",
"43125099999","2023-06-16T03:00:00","4","17.9166666","77.5333333","663.0","BIDAR, IN","FM-12","99999","V020","270,1,N,0010,1","22000,1,9,N","010000,1,9,9","+0284,1","+0198,1","10075,1",,,,,,,,"9,AGL   ,+99999,+99999","01,99,1,99,9,99,9,99999,9,99,9,99,9","240,M,+0370,1","240,N,+0245,1","99999,9,09256,1","9,9,999,9,-006,1",,"SYN07443125 32997 12702 10284 20198 39256 40075 333 10370 20245 59006 555 10094=",
"43125099999","2023-06-17T03:00:00","4","17.9166666","77.5333333","663.0","BIDAR, IN","FM-12","99999","V020","230,1,N,0010,1","22000,1,9,N","010000,1,9,9","+0286,1","+0204,1","10079,1",,,,,,,,"9,AGL   ,+99999,+99999","01,99,1,99,9,99,9,99999,9,99,9,99,9","240,M,+0370,1","240,N,+0250,1","99999,9,09360,1","9,9,999,9,+000,1",,"SYN07443125 32997 12302 10286 20204 39360 40079 333 10370 20250 58000 555 10044=",
"43125099999","2023-06-17T12:00:00","4","17.9166666","77.5333333","663.0","BIDAR, IN","FM-12","99999","V020","290,1,N,0010,1","22000,1,9,N","010000,1,9,9","+0354,1","+0178,1","10019,1",,,,,"00,1,+99999,9,99,9",,,"9,AGL   ,+99999,+99999","01,99,1,00,1,99,9,99999,9,99,9,99,9","240,M,+0366,1",,"99999,9,09320,1","9,9,999,9,+000,1",,"SYN06443125 32997 12902 10354 20178 39320 40019 80000 333 10366 58000=",
"43125099999","2023-06-18T03:00:00","4","17.9166666","77.5333333","663.0","BIDAR, IN","FM-12","99999","V020","300,1,N,0010,1","22000,1,9,N","010000,1,9,9","+0278,1","+0205,1","10084,1",,,,,,,,"9,AGL   ,+99999,+99999","01,99,1,99,9,99,9,99999,9,99,9,99,9","240,M,+0366,1","240,N,+0254,1","99999,9,09362,1","9,9,999,9,+002,1",,"SYN07443125 32997 13002 10278 20205 39362 40084 333 10366 20254 58002 555 10044=",
"43125099999","2023-06-18T12:00:00","4","17.9166666","77.5333333","663.0","BIDAR, IN","FM-12","99999","V020","230,1,N,0010,1","22000,1,9,N","010000,1,9,9","+0350,1","+0181,1","10022,1",,,,,"00,1,+99999,9,99,9",,,"9,AGL   ,+99999,+99999","01,99,1,00,1,99,9,99999,9,99,9,99,9","240,M,+0365,1",,"99999,9,09320,1","9,9,999,9,+000,1",,"SYN06443125 32997 12302 10350 20181 39320 40022 80000 333 10365 58000=",
"43125099999","2023-06-19T12:00:00","4","17.9166666","77.5333333","663.0","BIDAR, IN","FM-12","99999","V020","270,1,N,0010,1","22000,1,9,N","010000,1,9,9","+0362,1","+0162,1","10109,1",,,,,"00,1,+99999,9,99,9",,,"9,AGL   ,+99999,+99999","01,99,1,00,1,99,9,99999,9,99,9,99,9","240,M,+0366,1",,"99999,9,09312,1","9,9,999,9,-008,1",,"SYN06443125 32997 12702 10362 20162 39312 40109 80000 333 10366 59008=",
"43125099999","2023-06-20T03:00:00","4","17.9166666","77.5333333","663.0","BIDAR, IN","FM-12","99999","V020","320,1,N,0010,1","22000,1,9,N","010000,1,9,9","+0290,1","+0195,1","10071,1",,,,,,,,"9,AGL   ,+99999,+99999","01,99,1,99,9,99,9,99999,9,99,9,99,9","240,M,+0366,1","240,N,+0265,1","99999,9,09352,1","9,9,999,9,-018,1",,"SYN07443125 32997 13202 10290 20195 39352 40071 333 10366 20265 59018 555 10044=",
"43125099999","2023-06-20T12:00:00","4","17.9166666","77.5333333","663.0","BIDAR, IN","FM-12","99999","V020","230,1,N,0010,1","22000,1,9,N","010000,1,9,9","+0352,1","+0168,1","99999,9",,,,,"03,1,+99999,9,06,1",,,"9,AGL   ,+99999,+99999","03,99,1,03,1,99,9,99999,9,99,9,99,9","240,M,+0374,1",,"99999,9,09300,1","9,9,999,9,-012,1",,"SYN06443125 32997 32302 10352 20168 39300 40999 83500 333 10374 59012=","Q011099.91APOSLP"
"43125099999","2023-06-21T03:00:00","4","17.9166666","77.5333333","663.0","BIDAR, IN","FM-12","99999","V020","360,1,N,0010,1","22000,1,9,N","010000,1,9,9","+0290,1","+0192,1","10060,1",,,,,"99,9,+99999,9,00,1",,,"9,AGL   ,+99999,+99999","01,99,1,00,1,99,9,99999,9,99,9,99,9","240,M,+0374,1","240,N,+0270,1","99999,9,09342,1","9,9,999,9,-010,1",,"SYN08043125 32997 13602 10290 20192 39342 40060 80001 333 10374 20270 59010 555 10044=","Q01    003SCCGA1"
"43125099999","2023-06-21T12:00:00","4","17.9166666","77.5333333","663.0","BIDAR, IN","FM-12","99999","V020","230,1,N,0010,1","22000,1,9,N","010000,1,9,9","+0358,1","+0160,1","99999,9",,,,,"05,2,+99999,9,99,9",,,"9,AGL   ,+99999,+99999","04,99,2,05,2,99,9,99999,9,99,9,99,9","240,M,+0366,1",,"99999,9,09300,1","9,9,999,9,+000,1",,"SYN06443125 32997 42302 10358 20160 39300 40998 85000 333 10366 58000=","Q011099.81APOSLP"
"43125099999","2023-06-22T03:00:00","4","17.9166666","77.5333333","663.0","BIDAR, IN","FM-12","99999","V020","270,1,N,0010,1","22000,1,9,N","010000,1,9,9","+0278,1","+0198,1","10062,1",,,,,,,,"9,AGL   ,+99999,+99999","01,99,1,99,9,99,9,99999,9,99,9,99,9","240,M,+0366,1","240,N,+0265,1","99999,9,09342,1","9,9,999,9,+000,1",,"SYN07443125 32997 12702 10278 20198 39342 40062 333 10366 20265 58000 555 10044=",
"43125099999","2023-06-25T03:00:00","4","17.9166666","77.5333333","663.0","BIDAR, IN","FM-12","99999","V020","230,1,N,0010,1","22000,1,9,N","010000,1,9,9","+0240,1","+0211,1","10062,1","24,0130,3,1",,,,"05,2,+99999,9,07,1",,,"9,AGL   ,+99999,+99999","04,99,2,05,2,99,9,99999,9,99,9,99,9","240,M,+0296,1","240,N,+0220,1","99999,9,09332,1","9,9,999,9,+002,1",,"SYN08243125 22997 42302 10240 20211 39332 40062 85700 333 10296 20220 58002 6013/ 70130=",
"43125099999","2023-06-26T12:00:00","4","17.9166666","77.5333333","663.0","BIDAR, IN","FM-12","99999","V020","300,1,N,0010,1","99999,9,9,N","010000,1,9,9","+9999,9","+0225,1","10048,1","09,0030,3,1",,,,"99,9,+99999,9,07,1",,,"9,AGL   ,+99999,+99999","06,99,1,00,1,99,9,99999,9,99,9,99,9","240,M,+0282,1",,"99999,9,09322,1","9,9,999,9,+010,1",,"SYN07043125 22997 63002 20225 39322 40048 80600 333 10282 58010 6003/ 70030=","Q01    003SCCGA1"
"43125099999","2023-06-27T03:00:00","4","17.9166666","77.5333333","663.0","BIDAR, IN","FM-12","99999","V020","230,1,N,0010,1","22000,1,9,N","010000,1,9,9","+0240,1","+0214,1","10070,1","24,0050,3,2","24,0054,3,2",,,"05,2,+99999,9,99,9",,,"9,AGL   ,+99999,+99999","03,99,2,05,2,99,9,99999,9,99,9,99,9","240,M,+0282,1","240,N,+0225,1","99999,9,09340,1","9,9,999,9,+000,1",,"SYN09843125 22997 32302 10240 20214 39340 40070 85000 333 10282 20225 58000 6005/ 70054 555 00054 10080=",
"43125099999","2023-06-27T12:00:00","4","17.9166666","77.5333333","663.0","BIDAR, IN","FM-12","99999","V020","230,1,N,0010,1","22000,1,9,N","010000,1,9,9","+0284,1","+0218,1","10028,1",,,,,"05,2,+99999,9,99,9",,,"9,AGL   ,+99999,+99999","04,99,2,05,2,99,9,99999,9,99,9,99,9","240,M,+0290,1",,"99999,9,09312,1","9,9,999,9,-010,1",,"SYN06443125 32997 42302 10284 20218 39312 40028 85000 333 10290 59010=",
"43125099999","2023-06-28T12:00:00","4","17.9166666","77.5333333","663.0","BIDAR, IN","FM-12","99999","V020","270,1,N,0010,1","99999,9,9,N","010000,1,9,9","+0302,1","+9999,9","10033,1",,,,,"05,1,+99999,9,99,9",,,"9,AGL   ,+99999,+99999","05,99,1,05,1,99,9,99999,9,99,9,99,9","240,M,+0314,1",,"99999,9,09322,1","9,9,999,9,+010,1",,"SYN05843125 32997 52702 10302 39322 40033 85000 333 10314 58010=",
"43125099999","2023-06-29T03:00:00","4","17.9166666","77.5333333","663.0","BIDAR, IN","FM-12","99999","V020","250,1,N,0010,1","22000,1,9,N","010000,1,9,9","+0250,1","+0212,1","10089,1","24,0020,3,2","24,0022,3,2",,,"03,1,+99999,9,00,1",,,"9,AGL   ,+99999,+99999","03,99,1,03,1,99,9,99999,9,99,9,99,9","240,M,+0314,1","240,N,+0220,1","99999,9,09360,1","9,9,999,9,+010,1",,"SYN08243125 22997 32502 10250 20212 39360 40089 83001 333 10314 20220 58010 6002/ 70022=",
"43125099999","2023-06-30T12:00:00","4","17.9166666","77.5333333","663.0","BIDAR, IN","FM-12","99999","V020","200,1,N,0010,1","22000,1,9,N","010000,1,9,9","+0302,1","+0199,1","10031,1",,,,,,,,"9,AGL   ,+99999,+99999","04,99,1,99,9,99,9,99999,9,99,9,99,9","240,M,+0320,1",,"99999,9,09320,1","9,9,999,9,-002,1",,"SYN06443125 32997 42002 10302 20199 39320 40031 8//// 333 10320 59002=",
"43125099999","2023-07-01T03:00:00","4","17.9166666","77.5333333","663.0","BIDAR, IN","FM-12","99999","V020","999,9,C,0000,1","99999,9,9,N","010000,1,9,9","+0256,1","+0209,1","10087,1",,,,,,,,,,"240,M,+0320,1","240,N,+0224,1","99999,9,09360,1","9,9,999,9,+000,1",,"SYN07443125 32997 00000 10256 20209 39360 40087 333 10320 20224 58000 555 10094=",
"43125099999","2023-07-01T12:00:00","4","17.9166666","77.5333333","663.0","BIDAR, IN","FM-12","99999","V020","230,1,N,0010,1","22000,1,9,N","010000,1,9,9","+0320,1","+0207,1","10044,1",,,,,,,,"9,AGL   ,+99999,+99999","03,99,1,99,9,99,9,99999,9,99,9,99,9","240,M,+0330,1",,"99999,9,09334,1","9,9,999,9,+004,1",,"SYN06443125 32997 32302 10320 20207 39334 40044 8//// 333 10330 58004=",
"43125099999","2023-07-03T03:00:00","4","17.9166666","77.5333333","663.0","BIDAR, IN","FM-12","99999","V020","230,1,N,0010,1","22000,1,9,N","010000,1,9,9","+0250,1","+0230,1","10070,1","24,0100,3,1",,,,"05,2,+99999,9,00,1",,,"9,AGL   ,+99999,+99999","04,99,2,05,2,99,9,99999,9,99,9,99,9","240,M,+0334,1","240,N,+0224,1","99999,9,09342,1","9,9,999,9,+008,1",,"SYN09843125 22997 42302 10250 20230 39342 40070 85001 333 10334 20224 58008 6010/ 70100 555 00100 10104=",
"43125099999","2023-07-03T12:00:00","4","17.9166666","77.5333333","663.0","BIDAR, IN","FM-12","99999","V020","200,1,N,0010,1","22000,1,9,N","010000,1,9,9","+0312,1","+0236,1","10021,1",,,,,,,,"9,AGL   ,+99999,+99999","03,99,1,99,9,99,9,99999,9,99,9,99,9","240,M,+0320,1",,"99999,9,09312,1","9,9,999,9,-012,1",,"SYN06443125 32997 32002 10312 20236 39312 40021 8//// 333 10320 59012=",
"43125099999","2023-07-04T12:00:00","4","17.9166666","77.5333333","663.0","BIDAR, IN","FM-12","99999","V020","270,1,N,0010,1","99999,9,9,N","010000,1,9,9","+0320,1","+0210,1","99999,9",,,,,"05,1,+99999,9,06,1",,,"9,AGL   ,+99999,+99999","05,99,1,05,1,99,9,99999,9,99,9,99,9","240,M,+0322,1",,"99999,9,09288,1","9,9,999,9,-024,1",,"SYN06443125 32997 52702 10320 20210 39288 40994 85500 333 10322 59024=","Q011099.41APOSLP"
"43125099999","2023-07-05T12:00:00","4","17.9166666","77.5333333","663.0","BIDAR, IN","FM-12","99999","V020","230,1,N,0010,1","22000,1,9,N","010000,1,9,9","+0282,1","+0231,1","10001,1",,,,,"05,2,+99999,9,99,9",,,"9,AGL   ,+99999,+99999","03,99,2,05,2,99,9,99999,9,99,9,99,9","240,M,+0296,1",,"99999,9,09288,1","9,9,999,9,+000,1",,"SYN06443125 32997 32302 10282 20231 39288 40001 85000 333 10296 58000=",
"43125099999","2023-07-06T12:00:00","4","17.9166666","77.5333333","663.0","BIDAR, IN","FM-12","99999","V020","180,1,N,0010,1","22000,1,9,N","010000,1,9,9","+0282,1","+0206,1","10002,1",,,,,"04,1,+99999,9,06,1",,,"9,AGL   ,+99999,+99999","04,99,1,04,1,99,9,99999,9,99,9,99,9","240,M,+0290,1",,"99999,9,09300,1","9,9,999,9,+012,1",,"SYN06443125 32997 41802 10282 20206 39300 40002 84500 333 10290 58012=",
"43125099999","2023-07-08T12:00:00","4","17.9166666","77.5333333","663.0","BIDAR, IN","FM-12","99999","V020","230,1,N,0010,1","22000,1,9,N","010000,1,9,9","+0242,1","+0225,1","10040,1","09,0050,3,1",,,,"04,1,+99999,9,06,1",,,"9,AGL   ,+99999,+99999","04,99,1,04,1,99,9,99999,9,99,9,99,9","240,M,+0302,1",,"99999,9,09314,1","9,9,999,9,+004,1",,"SYN07043125 22997 42302 10242 20225 39314 40040 84500 333 10302 58004 6005/=",
"43125099999","2023-07-09T03:00:00","4","17.9166666","77.5333333","663.0","BIDAR, IN","FM-12","99999","V020","180,1,N,0010,1","99999,9,9,N","010000,1,9,9","+0244,1","+0218,1","10081,1","24,0050,3,1",,,,"02,1,+99999,9,06,1","99,9,+99999,9,03,1","99,9,+99999,9,00,1","9,AGL   ,+99999,+99999","05,99,1,02,1,99,9,99999,9,99,9,99,9","240,M,+0302,1","240,N,+0225,1","99999,9,09352,1","9,9,999,9,+002,1",,"SYN08243125 22997 51802 10244 20218 39352 40081 82531 333 10302 20225 58002 6005/ 70050=",
"43125099999","2023-07-09T12:00:00","4","17.9166666","77.5333333","663.0","BIDAR, IN","FM-12","99999","V020","230,1,N,0010,1","22000,1,9,N","010000,1,9,9","+0288,1","+0216,1","10030,1",,,,,"05,2,+99999,9,99,9",,,"9,AGL   ,+99999,+99999","03,99,2,05,2,99,9,99999,9,99,9,99,9","240,M,+0300,1",,"99999,9,09314,1","9,9,999,9,+000,1",,"SYN06443125 32997 32302 10288 20216 39314 40030 85000 333 10300 58000=",
"43125099999","2023-07-10T12:00:00","4","17.9166666","77.5333333","663.0","BIDAR, IN","FM-12","99999","V020","270,1,N,0010,1","22000,1,9,N","010000,1,9,9","+0310,1","+0209,1","10031,1",,,,,"01,1,+00450,1,06,1",,,"9,AGL   ,+99999,+99999","01,99,1,01,1,99,9,00450,1,99,9,99,9","240,M,+0316,1",,"99999,9,09320,1","9,9,999,9,+006,1",,"SYN06443125 32497 12702 10310 20209 39320 40031 81500 333 10316 58006=",
"43125099999","2023-07-11T12:00:00","4","17.9166666","77.5333333","663.0","BIDAR, IN","FM-12","99999","V020","230,1,N,0010,1","99999,9,9,N","010000,1,9,9","+0260,1","+0201,1","10046,1",,,,,,,,"9,AGL   ,+99999,+99999","06,99,1,99,9,99,9,99999,9,99,9,99,9","240,M,+0270,1",,"99999,9,09322,1","9,9,999,9,+002,1",,"SYN06443125 32997 62302 10260 20201 39322 40046 8//// 333 10270 58002=",
"43125099999","2023-07-12T03:00:00","4","17.9166666","77.5333333","663.0","BIDAR, IN","FM-12","99999","V020","270,1,N,0010,1","99999,9,9,N","010000,1,9,9","+0234,1","+0219,1","10072,1","24,0007,3,2","24,0066,3,2",,,"05,1,+99999,9,99,9",,,"9,AGL   ,+99999,+99999","05,99,1,05,1,99,9,99999,9,99,9,99,9","240,M,+0270,1","240,N,+0224,1","99999,9,09342,1","9,9,999,9,-008,1",,"SYN09243125 22997 52702 10234 20219 39342 40072 85000 333 10270 20224 59008 6997/ 70066 555 10166=",
"43125099999","2023-07-12T12:00:00","4","17.9166666","77.5333333","663.0","BIDAR, IN","FM-12","99999","V020","320,1,N,0010,1","99999,9,9,N","010000,1,9,9","+0244,1","+0230,1","10056,1","09,0020,3,1",,,,"99,9,+99999,9,09,1",,,"9,AGL   ,+99999,+99999","08,99,1,00,1,99,9,99999,9,99,9,99,9","240,M,+0274,1",,"99999,9,09330,1","9,9,999,9,+008,1",,"SYN07043125 22997 83202 10244 20230 39330 40056 80300 333 10274 58008 6002/=","Q01    003SCCGA1"
"43125099999","2023-07-13T03:00:00","4","17.9166666","77.5333333","663.0","BIDAR, IN","FM-12","99999","V020","230,1,N,0010,1","22000,1,9,N","010000,1,9,9","+0252,1","+0220,1","10067,1","24,0110,3,2","24,0106,3,2",,,,,,"9,AGL   ,+99999,+99999","01,99,1,99,9,99,9,99999,9,99,9,99,9","240,M,+0274,1","240,N,+0224,1","99999,9,09342,1","9,9,999,9,+000,1",,"SYN09243125 22997 12302 10252 20220 39342 40067 333 10274 20224 58000 6011/ 70106 555 00106 10177=",
"43125099999","2023-07-13T12:00:00","4","17.9166666","77.5333333","663.0","BIDAR, IN","FM-12","99999","V020","270,1,N,0010,1","22000,1,9,N","010000,1,9,9","+0306,1","+0227,1","10025,1",,,,,"00,1,+99999,9,99,9",,,"9,AGL   ,+99999,+99999","01,99,1,00,1,99,9,99999,9,99,9,99,9","240,M,+0322,1",,"99999,9,09314,1","9,9,999,9,-016,1",,"SYN06443125 32997 12702 10306 20227 39314 40025 80000 333 10322 59016=",
"43125099999","2023-07-14T03:00:00","4","17.9166666","77.5333333","663.0","BIDAR, IN","FM-12","99999","V020","230,1,N,0010,1","22000,1,9,N","010000,1,9,9","+0250,1","+0218,1","10081,1","24,0000,9,1",,,,"02,1,+99999,9,06,1","99,9,+99999,9,05,1","99,9,+99999,9,00,1","9,AGL   ,+99999,+99999","02,99,1,02,1,99,9,99999,9,99,9,99,9","240,M,+0322,1","240,N,+0230,1","99999,9,09352,1","9,9,999,9,+010,1",,"SYN09243125 32997 22302 10250 20218 39352 40081 82521 333 10322 20230 58010 6990/ 555 00000 10177=","Q01  00002PRCP24"
"43125099999","2023-07-14T12:00:00","4","17.9166666","77.5333333","663.0","BIDAR, IN","FM-12","99999","V020","290,1,N,0010,1","22000,1,9,N","010000,1,9,9","+0316,1","+0225,1","10037,1",,,,,"04,1,+99999,9,06,1",,,"9,AGL   ,+99999,+99999","04,99,1,04,1,99,9,99999,9,99,9,99,9","240,M,+0320,1",,"99999,9,09328,1","9,9,999,9,+014,1",,"SYN06443125 32997 42902 10316 20225 39328 40037 84500 333 10320 58014=",
"43125099999","2023-07-15T03:00:00","4","17.9166666","77.5333333","663.0","BIDAR, IN","FM-12","99999","V020","270,1,N,0010,1","99999,9,9,N","010000,1,9,9","+0238,1","+0215,1","10092,1","24,0010,3,2","24,0012,3,2",,,"02,1,+99999,9,06,1","99,9,+99999,9,05,1","99,9,+99999,9,00,1","9,AGL   ,+99999,+99999","06,99,1,02,1,99,9,99999,9,99,9,99,9","240,M,+0320,1","240,N,+0224,1","99999,9,09360,1","9,9,999,9,+008,1",,"SYN09843125 22997 62702 10238 20215 39360 40092 82521 333 10320 20224 58008 6001/ 70012 555 00012 10178=",
"43125099999","2023-07-15T12:00:00","4","17.9166666","77.5333333","663.0","BIDAR, IN","FM-12","99999","V020","290,1,N,0010,1","99999,9,9,N","010000,1,9,9","+0252,1","+0235,1","10057,1","09,0020,3,1",,,,,,,"9,AGL   ,+99999,+99999","05,99,1,99,9,99,9,99999,9,99,9,99,9","240,M,+0282,1",,"99999,9,09332,1","9,9,999,9,+004,1",,"SYN07043125 22997 52902 10252 20235 39332 40057 8//// 333 10282 58004 6002/=",
"43125099999","2023-07-16T12:00:00","4","17.9166666","77.5333333","663.0","BIDAR, IN","FM-12","99999","V020","230,1,N,0010,1","99999,9,9,N","010000,1,9,9","+0266,1","+0223,1","10059,1",,,,,"07,1,+99999,9,09,1",,,"9,AGL   ,+99999,+99999","07,99,1,07,1,99,9,99999,9,99,9,99,9","240,M,+0266,1",,"99999,9,09336,1","9,9,999,9,+004,1",,"SYN06443125 32997 72302 10266 20223 39336 40059 87300 333 10266 58004=",
"43125099999","2023-07-18T12:00:00","4","17.9166666","77.5333333","663.0","BIDAR, IN","FM-12","99999","V020","290,1,N,0010,1","99999,9,9,N","010000,1,9,9","+0226,1","+0223,1","10053,1","09,0160,3,1",,,,"03,1,+99999,9,09,1",,,"9,AGL   ,+99999,+99999","08,99,1,03,1,99,9,99999,9,99,9,99,9","240,M,+0235,1",,"99999,9,09322,1","9,9,999,9,+002,1",,"SYN07043125 22997 82902 10226 20223 39322 40053 83300 333 10235 58002 6016/=",
"43125099999","2023-07-19T03:00:00","4","17.9166666","77.5333333","663.0","BIDAR, IN","FM-12","99999","V020","270,1,N,0010,1","99999,9,9,N","010000,1,9,9","+0230,1","+0215,1","10040,1","24,0280,3,2","24,0284,3,2",,,"99,9,+99999,9,09,1",,,"9,AGL   ,+99999,+99999","07,99,1,00,1,99,9,99999,9,99,9,99,9","240,M,+0235,1","240,N,+0216,1","99999,9,09320,1","9,9,999,9,-022,1",,"SYN09243125 22997 72702 10230 20215 39320 40040 80300 333 10235 20216 59022 6028/ 70284 555 10234=","Q01    003SCCGA1"
"43125099999","2023-07-19T12:00:00","4","17.9166666","77.5333333","663.0","BIDAR, IN","FM-12","99999","V020","230,1,N,0010,1","99999,9,9,N","010000,1,9,9","+0248,1","+0219,1","10018,1",,,,,,,,"9,AGL   ,+99999,+99999","05,99,1,99,9,99,9,99999,9,99,9,99,9","240,M,+0252,1",,"99999,9,09294,1","9,9,999,9,-028,1",,"SYN06443125 32997 52302 10248 20219 39294 40018 8//// 333 10252 59028=",
"43125099999","2023-07-21T03:00:00","4","17.9166666","77.5333333","663.0","BIDAR, IN","FM-12","99999","V020","230,1,N,0010,1","99999,9,9,N","010000,1,9,9","+0238,1","+0238,1","10031,1","24,0310,3,2","24,0314,3,2",,,"05,1,+99999,9,09,1","99,9,+99999,9,03,1","99,9,+99999,9,00,1","9,AGL   ,+99999,+99999","08,99,1,05,1,99,9,99999,9,99,9,99,9","240,M,+0250,1","240,N,+0218,1","99999,9,09310,1","9,9,999,9,+000,1",,"SYN09843125 22997 82302 10238 20238 39310 40031 85331 333 10250 20218 58000 6031/ 70314 555 00234 10308=",
"43125099999","2023-07-21T12:00:00","4","17.9166666","77.5333333","663.0","BIDAR, IN","FM-12","99999","V020","270,1,N,0010,1","99999,9,9,N","010000,1,9,9","+0242,1","+0225,1","10030,1","09,0030,3,1",,,,"99,9,+99999,9,09,1",,,"9,AGL   ,+99999,+99999","06,99,1,00,1,99,9,99999,9,99,9,99,9","240,M,+0245,1",,"99999,9,09304,1","9,9,999,9,+004,1",,"SYN07643125 22997 62702 10242 20225 39304 40030 80300 333 10245 58004 6003/ 70030=","Q01    003SCCGA1"
"43125099999","2023-07-22T12:00:00","4","17.9166666","77.5333333","663.0","BIDAR, IN","FM-12","99999","V020","300,1,N,0010,1","99999,9,9,N","010000,1,9,9","+0262,1","+0222,1","10032,1",,,,,,,,"9,AGL   ,+99999,+99999","06,99,1,99,9,99,9,99999,9,99,9,99,9","240,M,+0262,1",,"99999,9,09310,1","9,9,999,9,+006,1",,"SYN05843125 32997 63002 10262 20222 39310 40032 333 10262 58006=",
"43125099999","2023-07-23T12:00:00","4","17.9166666","77.5333333","663.0","BIDAR, IN","FM-12","99999","V020","300,1,N,0010,1","99999,9,9,N","010000,1,9,9","+0256,1","+0221,1","10042,1","09,0010,3,1",,,,,,,"9,AGL   ,+99999,+99999","08,99,1,99,9,99,9,99999,9,99,9,99,9","240,M,+0276,1",,"99999,9,09318,1","9,9,999,9,+008,1",,"SYN07043125 22997 83002 10256 20221 39318 40042 8//// 333 10276 58008 6001/=",
"43125099999","2023-07-24T03:00:00","4","17.9166666","77.5333333","663.0","BIDAR, IN","FM-12","99999","V020","250,1,N,0010,1","22000,1,9,N","010000,1,9,9","+0226,1","+0220,1","10059,1","24,0030,3,2","24,0014,3,2",,,"02,1,+99999,9,06,1","99,9,+99999,9,03,1","99,9,+99999,9,00,1","9,AGL   ,+99999,+99999","04,99,1,02,1,99,9,99999,9,99,9,99,9","240,M,+0276,1","240,N,+0224,1","99999,9,09328,1","9,9,999,9,+006,1",,"SYN09843125 22997 42502 10226 20220 39328 40059 82531 333 10276 20224 58006 6003/ 70014 555 00014 10330=",
"43125099999","2023-07-24T12:00:00","4","17.9166666","77.5333333","663.0","BIDAR, IN","FM-12","99999","V020","300,1,N,0010,1","99999,9,9,N","010000,1,9,9","+0278,1","+0221,1","10028,1",,,,,,,,"9,AGL   ,+99999,+99999","08,99,1,99,9,99,9,99999,9,99,9,99,9","240,M,+0294,1",,"99999,9,09310,1","9,9,999,9,-008,1",,"SYN06443125 32997 83002 10278 20221 39310 40028 8//// 333 10294 59008=",
"43125099999","2023-07-25T03:00:00","4","17.9166666","77.5333333","663.0","BIDAR, IN","FM-12","99999","V020","230,1,N,0010,1","99999,9,9,N","004000,1,9,9","+0220,1","+0217,1","10074,1","24,0160,3,2","24,0156,3,2","6,1,02,1","5,1,02,1","02,1,+00450,1,09,1","99,9,+99999,9,03,1","99,9,+99999,9,00,1","9,AGL   ,+99999,+99999","08,99,1,02,1,99,9,00450,1,99,9,99,9","240,M,+0294,1","240,N,+0218,1","99999,9,09338,1","9,9,999,9,+010,1","62,1","SYN10443125 21496 82302 10220 20217 39338 40074 76265 82331 333 10294 20218 58010 6016/ 70156 555 00156 10349=",
"43125099999","2023-07-26T12:00:00","4","17.9166666","77.5333333","663.0","BIDAR, IN","FM-12","99999","V020","230,1,N,0010,1","99999,9,9,N","010000,1,9,9","+0246,1","+0229,1","10044,1",,,,,,,,"9,AGL   ,+99999,+99999","08,99,1,99,9,99,9,99999,9,99,9,99,9","240,M,+0256,1",,"99999,9,09322,1","9,9,999,9,+004,1",,"SYN05843125 32997 82302 10246 20229 39322 40044 333 10256 58004=",
"43125099999","2023-07-27T03:00:00","4","17.9166666","77.5333333","663.0","BIDAR, IN","FM-12","99999","V020","230,1,N,0010,1","99999,9,9,N","004000,1,9,9","+0222,1","+0222,1","10073,1","24,0220,3,1",,"6,1,02,1","5,1,02,1","99,9,+00450,1,99,9",,,"9,AGL   ,+99999,+99999","08,99,1,99,9,99,9,00450,1,99,9,99,9","240,M,+0256,1","240,N,+0215,1","99999,9,09340,1","9,9,999,9,+002,1","62,1","SYN09243125 21496 82302 10222 20222 39340 40073 76265 333 10256 20215 58002 6022/ 555 00222 10380=",
"43125099999","2023-07-28T03:00:00","4","17.9166666","77.5333333","663.0","BIDAR, IN","FM-12","99999","V020","320,1,N,0010,1","99999,9,9,N","010000,1,9,9","+0222,1","+0210,1","10075,1","24,0260,3,2","24,0258,3,2",,,"02,1,+99999,9,09,1","99,9,+99999,9,00,1",,"9,AGL   ,+99999,+99999","08,99,1,02,1,99,9,99999,9,99,9,99,9","240,M,+0230,1","240,N,+0210,1","99999,9,09342,1","9,9,999,9,+002,1",,"SYN08243125 22997 83202 10222 20210 39342 40075 82301 333 10230 20210 58002 6026/ 70258=",
"43125099999","2023-07-28T12:00:00","4","17.9166666","77.5333333","663.0","BIDAR, IN","FM-12","99999","V020","270,1,N,0010,1","99999,9,9,N","010000,1,9,9","+0250,1","+0215,1","10054,1",,,,,,,,"9,AGL   ,+99999,+99999","05,99,1,99,9,99,9,99999,9,99,9,99,9","240,M,+0254,1",,"99999,9,09328,1","9,9,999,9,+006,1",,"SYN06443125 32997 52702 10250 20215 39328 40054 8//// 333 10254 58006=",
"43125099999","2023-07-30T03:00:00","4","17.9166666","77.5333333","663.0","BIDAR, IN","FM-12","99999","V020","230,1,N,0010,1","22000,1,9,N","010000,1,9,9","+0240,1","+0208,1","10092,1",,,,,"02,1,+99999,9,06,1","99,9,+99999,9,05,1","99,9,+99999,9,00,1","9,AGL   ,+99999,+99999","03,99,1,02,1,99,9,99999,9,99,9,99,9","240,M,+0270,1","240,N,+0214,1","99999,9,09360,1","9,9,999,9,+000,1",,"SYN08043125 32997 32302 10240 20208 39360 40092 82521 333 10270 20214 58000 555 10406=",
"43125099999","2023-07-30T12:00:00","4","17.9166666","77.5333333","663.0","BIDAR, IN","FM-12","99999","V020","230,1,N,0010,1","22000,1,9,N","010000,1,9,9","+0270,1","+0215,1","10063,1",,,,,,,,"9,AGL   ,+99999,+99999","03,99,1,99,9,99,9,99999,9,99,9,99,9","240,M,+0286,1",,"99999,9,09340,1","9,9,999,9,+000,1",,"SYN05843125 32997 32302 10270 20215 39340 40063 333 10286 58000=",
"43125099999","2023-07-31T03:00:00","4","17.9166666","77.5333333","663.0","BIDAR, IN","FM-12","99999","V020","270,1,N,0010,1","22000,1,9,N","010000,1,9,9","+0238,1","+0212,1","10092,1","24,0110,3,2","24,0114,3,2",,,"02,1,+99999,9,06,1","99,9,+99999,9,05,1","99,9,+99999,9,00,1","9,AGL   ,+99999,+99999","03,99,1,02,1,99,9,99999,9,99,9,99,9","240,M,+0286,1","240,N,+0216,1","99999,9,09360,1","9,9,999,9,+000,1",,"SYN09843125 22997 32702 10238 20212 39360 40092 82521 333 10286 20216 58000 6011/ 70114 555 00114 10412=",
"43125099999","2023-07-31T12:00:00","4","17.9166666","77.5333333","663.0","BIDAR, IN","FM-12","99999","V020","230,1,N,0010,1","22000,1,9,N","010000,1,9,9","+0280,1","+0220,1","10038,1",,,,,,,,"9,AGL   ,+99999,+99999","04,99,1,99,9,99,9,99999,9,99,9,99,9","240,M,+0294,1",,"99999,9,09320,1","9,9,999,9,-020,1",,"SYN06443125 32997 42302 10280 20220 39320 40038 8//// 333 10294 59020=",
"43125099999","2023-08-01T03:00:00","4","17.9166666","77.5333333","663.0","BIDAR, IN","FM-12","99999","V020","320,1,N,0010,1","22000,1,9,N","010000,1,9,9","+0242,1","+0214,1","10076,1","24,0050,3,2","24,0046,3,2",,,"02,1,+99999,9,06,1",,,"9,AGL   ,+99999,+99999","04,99,1,02,1,99,9,99999,9,99,9,99,9","240,M,+0294,1","240,N,+0222,1","99999,9,09348,1","9,9,999,9,-012,1",,"SYN09843125 22997 43202 10242 20214 39348 40076 82500 333 10294 20222 59012 6005/ 70046 555 00046 10422=",
"43125099999","2023-08-01T12:00:00","4","17.9166666","77.5333333","663.0","BIDAR, IN","FM-12","99999","V020","270,1,N,0010,1","99999,9,9,N","010000,1,9,9","+0262,1","+0222,1","10041,1",,,,,"03,1,+99999,9,07,1",,,"9,AGL   ,+99999,+99999","07,99,1,03,1,99,9,99999,9,99,9,99,9","240,M,+0280,1",,"99999,9,09320,1","9,9,999,9,+000,1",,"SYN06443125 32997 72702 10262 20222 39320 40041 83600 333 10280 58000=",
"43125099999","2023-08-02T03:00:00","4","17.9166666","77.5333333","663.0","BIDAR, IN","FM-12","99999","V020","300,1,N,0010,1","22000,1,9,N","010000,1,9,9","+0240,1","+0214,1","10084,1",,,,,"05,2,+99999,9,99,9",,,"9,AGL   ,+99999,+99999","04,99,2,05,2,99,9,99999,9,99,9,99,9","240,M,+0280,1","240,N,+0220,1","99999,9,09352,1","9,9,999,9,+004,1",,"SYN08043125 32997 43002 10240 20214 39352 40084 85000 333 10280 20220 58004 555 10422=",
"43125099999","2023-08-02T12:00:00","4","17.9166666","77.5333333","663.0","BIDAR, IN","FM-12","99999","V020","270,1,N,0010,1","99999,9,9,N","010000,1,9,9","+0266,1","+0223,1","10043,1",,,,,"99,9,+99999,9,09,1",,,"9,AGL   ,+99999,+99999","06,99,1,00,1,99,9,99999,9,99,9,99,9","240,M,+0272,1",,"99999,9,09322,1","9,9,999,9,+002,1",,"SYN06443125 32997 62702 10266 20223 39322 40043 80300 333 10272 58002=","Q01    003SCCGA1"
"43125099999","2023-08-03T03:00:00","4","17.9166666","77.5333333","663.0","BIDAR, IN","FM-12","99999","V020","230,1,N,0010,1","99999,9,9,N","010000,1,9,9","+0232,1","+0205,1","10070,1","24,0020,3,2","24,0022,3,2",,,"05,1,+99999,9,08,1","99,9,+99999,9,00,1",,"9,AGL   ,+99999,+99999","05,99,1,05,1,99,9,99999,9,99,9,99,9","240,M,+0272,1","240,N,+0224,1","99999,9,09340,1","9,9,999,9,-012,1",,"SYN09843125 22997 52302 10232 20205 39340 40070 85201 333 10272 20224 59012 6002/ 70022 555 00022 10424=",
"43125099999","2023-08-03T12:00:00","4","17.9166666","77.5333333","663.0","BIDAR, IN","FM-12","99999","V020","270,1,N,0010,1","22000,1,9,N","010000,1,9,9","+0258,1","+0217,1","10046,1",,,,,,,,"9,AGL   ,+99999,+99999","04,99,1,99,9,99,9,99999,9,99,9,99,9","240,M,+0274,1",,"99999,9,09322,1","9,9,999,9,+000,1",,"SYN05843125 32997 42702 10258 20217 39322 40046 333 10274 58000=",
"43125099999","2023-08-04T03:00:00","4","17.9166666","77.5333333","663.0","BIDAR, IN","FM-12","99999","V020","270,1,N,0010,1","22000,1,9,N","010000,1,9,9","+0248,1","+0216,1","10073,1",,,,,"02,1,+00800,1,06,1","99,9,+99999,9,05,1","99,9,+99999,9,00,1","9,AGL   ,+99999,+99999","03,99,1,02,1,99,9,00800,1,99,9,99,9","240,M,+0274,1","240,N,+0220,1","99999,9,09345,1","9,9,999,9,+005,1",,"SYN08043125 32597 32702 10248 20216 39345 40073 82521 333 10274 20220 58005 555 10424=",
"43125099999","2023-08-04T12:00:00","4","17.9166666","77.5333333","663.0","BIDAR, IN","FM-12","99999","V020","230,1,N,0010,1","22000,1,9,N","010000,1,9,9","+0292,1","+0211,1","10036,1",,,,,,,,"9,AGL   ,+99999,+99999","02,99,1,99,9,99,9,99999,9,99,9,99,9","240,M,+0312,1",,"99999,9,09322,1","9,9,999,9,+000,1",,"SYN06443125 32997 22302 10292 20211 39322 40036 8//// 333 10312 58000=",
"43125099999","2023-08-05T12:00:00","4","17.9166666","77.5333333","663.0","BIDAR, IN","FM-12","99999","V020","230,1,N,0010,1","22000,1,9,N","010000,1,9,9","+0306,1","+0194,1","10033,1",,,,,"05,2,+99999,9,99,9",,,"9,AGL   ,+99999,+99999","03,99,2,05,2,99,9,99999,9,99,9,99,9","240,M,+0315,1",,"99999,9,09322,1","9,9,999,9,+000,1",,"SYN06443125 32997 32302 10306 20194 39322 40033 85000 333 10315 58000=",
"43125099999","2023-08-07T03:00:00","4","17.9166666","77.5333333","663.0","BIDAR, IN","FM-12","99999","V020","200,1,N,0010,1","22000,1,9,N","010000,1,9,9","+0238,1","+0205,1","10100,1","24,0020,3,2","24,0016,3,2",,,"05,2,+99999,9,08,1","99,9,+99999,9,00,1",,"9,AGL   ,+99999,+99999","04,99,2,05,2,99,9,99999,9,99,9,99,9","240,M,+0300,1","240,N,+0216,1","99999,9,09368,1","9,9,999,9,-012,1",,"SYN09843125 22997 42002 10238 20205 39368 40100 85201 333 10300 20216 59012 6002/ 70016 555 00016 10423=",
"43125099999","2023-08-07T12:00:00","4","17.9166666","77.5333333","663.0","BIDAR, IN","FM-12","99999","V020","300,1,N,0010,1","99999,9,9,N","010000,1,9,9","+0282,1","+0196,1","10038,1",,,,,,,,"9,AGL   ,+99999,+99999","05,99,1,99,9,99,9,99999,9,99,9,99,9","240,M,+0294,1",,"99999,9,09322,1","9,9,999,9,-018,1",,"SYN05843125 32997 53002 10282 20196 39322 40038 333 10294 59018=",
"43125099999","2023-08-08T03:00:00","4","17.9166666","77.5333333","663.0","BIDAR, IN","FM-12","99999","V020","230,1,N,0010,1","22000,1,9,N","010000,1,9,9","+0236,1","+0206,1","10102,1",,,,,"05,2,+99999,9,08,1","99,9,+99999,9,00,1",,"9,AGL   ,+99999,+99999","03,99,2,05,2,99,9,99999,9,99,9,99,9","240,M,+0294,1","240,N,+0216,1","99999,9,09370,1","9,9,999,9,+002,1",,"SYN08043125 32997 32302 10236 20206 39370 40102 85201 333 10294 20216 58002 555 10429=",
"43125099999","2023-08-08T12:00:00","4","17.9166666","77.5333333","663.0","BIDAR, IN","FM-12","99999","V020","230,1,N,0010,1","22000,1,9,N","010000,1,9,9","+0280,1","+0200,1","10046,1",,,,,,,,"9,AGL   ,+99999,+99999","04,99,1,99,9,99,9,99999,9,99,9,99,9","240,M,+0292,1",,"99999,9,09328,1","9,9,999,9,+006,1",,"SYN06443125 32997 42302 10280 20200 39328 40046 8//// 333 10292 58006=",
"43125099999","2023-08-09T03:00:00","4","17.9166666","77.5333333","663.0","BIDAR, IN","FM-12","99999","V020","270,1,N,0010,1","22000,1,9,N","010000,1,9,9","+0240,1","+0208,1","10113,1",,,,,"00,1,+99999,9,99,9",,,"9,AGL   ,+99999,+99999","01,99,1,00,1,99,9,99999,9,99,9,99,9","240,M,+0292,1","240,N,+0215,1","99999,9,09380,1","9,9,999,9,+010,1",,"SYN07043125 32997 12702 10240 20208 39380 40113 80000 333 10292 20215 58010=",
"43125099999","2023-08-09T12:00:00","4","17.9166666","77.5333333","663.0","BIDAR, IN","FM-12","99999","V020","230,1,N,0010,1","99999,9,9,N","010000,1,9,9","+0282,1","+0206,1","10050,1",,,,,"05,1,+99999,9,99,9",,,"9,AGL   ,+99999,+99999","06,99,1,05,1,99,9,99999,9,99,9,99,9","240,M,+0300,1",,"99999,9,09332,1","9,9,999,9,+004,1",,"SYN06443125 32997 62302 10282 20206 39332 40050 85000 333 10300 58004=",
"43125099999","2023-08-11T03:00:00","4","17.9166666","77.5333333","663.0","BIDAR, IN","FM-12","99999","V020","230,1,N,0010,1","22000,1,9,N","010000,1,9,9","+0250,1","+0199,1","10124,1",,,,,,,,"9,AGL   ,+99999,+99999","01,99,1,99,9,99,9,99999,9,99,9,99,9","240,M,+0314,1","240,N,+0224,1","99999,9,09392,1","9,9,999,9,+004,1",,"SYN07443125 32997 12302 10250 20199 39392 40124 333 10314 20224 58004 555 10429=",
"43125099999","2023-08-11T12:00:00","4","17.9166666","77.5333333","663.0","BIDAR, IN","FM-12","99999","V020","230,1,N,0010,1","22000,1,9,N","010000,1,9,9","+0310,1","+0195,1","10051,1",,,,,,,,"9,AGL   ,+99999,+99999","03,99,1,99,9,99,9,99999,9,99,9,99,9","240,M,+0316,1",,"99999,9,09338,1","9,9,999,9,+016,1",,"SYN05843125 32997 32302 10310 20195 39338 40051 333 10316 58016=",
"43125099999","2023-08-12T12:00:00","4","17.9166666","77.5333333","663.0","BIDAR, IN","FM-12","99999","V020","270,1,N,0010,1","22000,1,9,N","010000,1,9,9","+0294,1","+0193,1","10055,1",,,,,,,,"9,AGL   ,+99999,+99999","01,99,1,99,9,99,9,99999,9,99,9,99,9","240,M,+0306,1",,"99999,9,09340,1","9,9,999,9,+002,1",,"SYN05843125 32997 12702 10294 20193 39340 40055 333 10306 58002=",
"43125099999","2023-08-13T12:00:00","4","17.9166666","77.5333333","663.0","BIDAR, IN","FM-12","99999","V020","320,1,N,0010,1","22000,1,9,N","010000,1,9,9","+0290,1","+0212,1","10052,1",,,,,"99,9,+99999,9,00,1",,,"9,AGL   ,+99999,+99999","01,99,1,00,1,99,9,99999,9,99,9,99,9","240,M,+0302,1",,"99999,9,09340,1","9,9,999,9,+000,1",,"SYN06443125 32997 13202 10290 20212 39340 40052 80001 333 10302 58000=","Q01    003SCCGA1"
"43125099999","2023-08-14T03:00:00","4","17.9166666","77.5333333","663.0","BIDAR, IN","FM-12","99999","V020","320,1,N,0010,1","22000,1,9,N","010000,1,9,9","+0238,1","+0199,1","10123,1",,,,,,,,"9,AGL   ,+99999,+99999","03,99,1,99,9,99,9,99999,9,99,9,99,9","240,M,+0302,1","240,N,+0218,1","99999,9,09390,1","9,9,999,9,-010,1",,"SYN07443125 32997 33202 10238 20199 39390 40123 333 10302 20218 59010 555 10429=",
"43125099999","2023-08-14T12:00:00","4","17.9166666","77.5333333","663.0","BIDAR, IN","FM-12","99999","V020","230,1,N,0010,1","22000,1,9,N","010000,1,9,9","+0298,1","+0187,1","10062,1",,,,,"05,2,+99999,9,99,9",,,"9,AGL   ,+99999,+99999","04,99,2,05,2,99,9,99999,9,99,9,99,9","240,M,+0308,1",,"99999,9,09342,1","9,9,999,9,+002,1",,"SYN06443125 32997 42302 10298 20187 39342 40062 85000 333 10308 58002=",
"43125099999","2023-08-15T12:00:00","4","17.9166666","77.5333333","663.0","BIDAR, IN","FM-12","99999","V020","270,1,N,0010,1","22000,1,9,N","010000,1,9,9","+0284,1","+0185,1","10066,1",,,,,"05,2,+99999,9,99,9",,,"9,AGL   ,+99999,+99999","03,99,2,05,2,99,9,99999,9,99,9,99,9","240,M,+0306,1",,"99999,9,09348,1","9,9,999,9,+006,1",,"SYN06443125 32997 32702 10284 20185 39348 40066 85000 333 10306 58006=",
"43125099999","2023-08-16T03:00:00","4","17.9166666","77.5333333","663.0","BIDAR, IN","FM-12","99999","V020","300,1,N,0010,1","99999,9,9,N","010000,1,9,9","+0250,1","+0190,1","10117,1",,,,,,,,,,"240,M,+0306,1","240,N,+0226,1","99999,9,09386,1","9,9,999,9,+004,1",,"SYN07443125 32997 03002 10250 20190 39386 40117 333 10306 20226 58004 555 10429=",
"43125099999","2023-08-16T12:00:00","4","17.9166666","77.5333333","663.0","BIDAR, IN","FM-12","99999","V020","230,1,N,0010,1","22000,1,9,N","010000,1,9,9","+0288,1","+0196,1","10076,1",,,,,"05,2,+99999,9,99,9",,,"9,AGL   ,+99999,+99999","03,99,2,05,2,99,9,99999,9,99,9,99,9","240,M,+0312,1",,"99999,9,09348,1","9,9,999,9,+000,1",,"SYN06443125 32997 32302 10288 20196 39348 40076 85000 333 10312 58000=",
"43125099999","2023-08-17T12:00:00","4","17.9166666","77.5333333","663.0","BIDAR, IN","FM-12","99999","V020","270,1,N,0010,1","22000,1,9,N","010000,1,9,9","+0290,1","+0199,1","10066,1",,,,,"05,2,+99999,9,99,9",,,"9,AGL   ,+99999,+99999","03,99,2,05,2,99,9,99999,9,99,9,99,9","240,M,+0300,1",,"99999,9,09348,1","9,9,999,9,+000,1",,"SYN06443125 32997 32702 10290 20199 39348 40066 85000 333 10300 58000=",
"43125099999","2023-08-18T03:00:00","4","17.9166666","77.5333333","663.0","BIDAR, IN","FM-12","99999","V020","230,1,N,0010,1","22000,1,9,N","010000,1,9,9","+0248,1","+0200,1","10091,1",,,,,,,,"9,AGL   ,+99999,+99999","02,99,1,99,9,99,9,99999,9,99,9,99,9","240,M,+0300,1","240,N,+0218,1","99999,9,09362,1","9,9,999,9,-018,1",,"SYN07443125 32997 22302 10248 20200 39362 40091 333 10300 20218 59018 555 10429=",
"43125099999","2023-08-18T12:00:00","4","17.9166666","77.5333333","663.0","BIDAR, IN","FM-12","99999","V020","230,1,N,0010,1","99999,9,9,N","010000,1,9,9","+0258,1","+0205,1","10050,1",,,,,"05,1,+99999,9,99,9",,,"9,AGL   ,+99999,+99999","05,99,1,05,1,99,9,99999,9,99,9,99,9","240,M,+0264,1",,"99999,9,09330,1","9,9,999,9,-018,1",,"SYN06443125 32997 52302 10258 20205 39330 40050 85000 333 10264 59018=",
"43125099999","2023-08-20T03:00:00","4","17.9166666","77.5333333","663.0","BIDAR, IN","FM-12","99999","V020","270,1,N,0010,1","22000,1,9,N","010000,1,9,9","+0234,1","+0207,1","10092,1","24,0050,3,2","24,0048,3,2",,,,,,"9,AGL   ,+99999,+99999","03,99,1,99,9,99,9,99999,9,99,9,99,9","240,M,+0230,1","240,N,+0216,1","99999,9,09360,1","9,9,999,9,+012,1",,"SYN09243125 22997 32702 10234 20207 39360 40092 333 10230 20216 58012 6005/ 70048 555 00048 10427=",
"43125099999","2023-08-20T12:00:00","4","17.9166666","77.5333333","663.0","BIDAR, IN","FM-12","99999","V020","230,1,N,0010,1","22000,1,9,N","010000,1,9,9","+0280,1","+0210,1","10048,1",,,,,"03,1,+99999,9,06,1",,,"9,AGL   ,+99999,+99999","03,99,1,03,1,99,9,99999,9,99,9,99,9","240,M,+0290,1",,"99999,9,09330,1","9,9,999,9,+008,1",,"SYN06443125 32997 32302 10280 20210 39330 40048 83500 333 10290 58008=",
"43125099999","2023-08-21T03:00:00","4","17.9166666","77.5333333","663.0","BIDAR, IN","FM-12","99999","V020","230,1,N,0010,1","22000,1,9,N","010000,1,9,9","+0250,1","+0206,1","10089,1",,,,,,,,"9,AGL   ,+99999,+99999","01,99,1,99,9,99,9,99999,9,99,9,99,9","240,M,+0290,1","240,N,+0216,1","99999,9,09360,1","9,9,999,9,+000,1",,"SYN07443125 32997 12302 10250 20206 39360 40089 333 10290 20216 58000 555 10437=",
"43125099999","2023-08-21T12:00:00","4","17.9166666","77.5333333","663.0","BIDAR, IN","FM-12","99999","V020","230,1,N,0010,1","22000,1,9,N","010000,1,9,9","+0294,1","+0193,1","10044,1",,,,,"99,9,+99999,9,00,1",,,"9,AGL   ,+99999,+99999","01,99,1,00,1,99,9,99999,9,99,9,99,9","240,M,+0306,1",,"99999,9,09330,1","9,9,999,9,+000,1",,"SYN06443125 32997 12302 10294 20193 39330 40044 80001 333 10306 58000=","Q01    003SCCGA1"
"43125099999","2023-08-22T03:00:00","4","17.9166666","77.5333333","663.0","BIDAR, IN","FM-12","99999","V020","320,1,N,0010,1","22000,1,9,N","010000,1,9,9","+0250,1","+0212,1","10089,1",,,,,,,,"9,AGL   ,+99999,+99999","02,99,1,99,9,99,9,99999,9,99,9,99,9","240,M,+0306,1","240,N,+0230,1","99999,9,09360,1","9,9,999,9,+000,1",,"SYN07443125 32997 23202 10250 20212 39360 40089 333 10306 20230 58000 555 10437=",
"43125099999","2023-08-22T12:00:00","4","17.9166666","77.5333333","663.0","BIDAR, IN","FM-12","99999","V020","230,1,N,0010,1","22000,1,9,N","010000,1,9,9","+0298,1","+0177,1","10049,1",,,,,"05,2,+99999,9,99,9",,,"9,AGL   ,+99999,+99999","03,99,2,05,2,99,9,99999,9,99,9,99,9","240,M,+0312,1",,"99999,9,09334,1","9,9,999,9,+004,1",,"SYN06443125 32997 32302 10298 20177 39334 40049 85000 333 10312 58004=",
"43125099999","2023-08-23T12:00:00","4","17.9166666","77.5333333","663.0","BIDAR, IN","FM-12","99999","V020","270,1,N,0010,1","22000,1,9,N","010000,1,9,9","+0294,1","+0197,1","10044,1",,,,,"00,1,+99999,9,99,9",,,"9,AGL   ,+99999,+99999","01,99,1,00,1,99,9,99999,9,99,9,99,9","240,M,+0308,1",,"99999,9,09330,1","9,9,999,9,-004,1",,"SYN06443125 32997 12702 10294 20197 39330 40044 80000 333 10308 59004=",
"43125099999","2023-08-24T12:00:00","4","17.9166666","77.5333333","663.0","BIDAR, IN","FM-12","99999","V020","270,1,N,0010,1","22000,1,9,N","010000,1,9,9","+0270,1","+0202,1","10053,1",,,,,"05,2,+99999,9,99,9",,,"9,AGL   ,+99999,+99999","04,99,2,05,2,99,9,99999,9,99,9,99,9","240,M,+0298,1",,"99999,9,09332,1","9,9,999,9,+002,1",,"SYN06443125 32997 42702 10270 20202 39332 40053 85000 333 10298 58002=",
"43125099999","2023-08-25T03:00:00","4","17.9166666","77.5333333","663.0","BIDAR, IN","FM-12","99999","V020","230,1,N,0010,1","99999,9,9,N","010000,1,9,9","+0250,1","+0206,1","10079,1",,,,,,,,,,"240,M,+0298,1","240,N,+0222,1","99999,9,09365,1","9,9,999,9,+000,1",,"SYN07443125 32997 02302 10250 20206 39365 40079 333 10298 20222 58000 555 10437=",
"43125099999","2023-08-26T03:00:00","4","17.9166666","77.5333333","663.0","BIDAR, IN","FM-12","99999","V020","300,1,N,0010,1","99999,9,9,N","010000,1,9,9","+0248,1","+0207,1","10089,1",,,,,,,,,,"240,M,+0314,1","240,N,+0228,1","99999,9,09360,1","9,9,999,9,-005,1",,"SYN07443125 32997 03002 10248 20207 39360 40089 333 10314 20228 59005 555 10437=",
"43125099999","2023-08-26T12:00:00","4","17.9166666","77.5333333","663.0","BIDAR, IN","FM-12","99999","V020","300,1,N,0010,1","22000,1,9,N","010000,1,9,9","+0310,1","+0198,1","10053,1",,,,,"00,1,+99999,9,99,9",,,"9,AGL   ,+99999,+99999","01,99,1,00,1,99,9,99999,9,99,9,99,9","240,M,+0316,1",,"99999,9,09340,1","9,9,999,9,+008,1",,"SYN06443125 32997 13002 10310 20198 39340 40053 80000 333 10316 58008=",
"43125099999","2023-08-27T03:00:00","4","17.9166666","77.5333333","663.0","BIDAR, IN","FM-12","99999","V020","300,1,N,0010,1","99999,9,9,N","010000,1,9,9","+0246,1","+0211,1","10099,1",,,,,,,,,,"240,M,+0316,1","240,N,+0226,1","99999,9,09370,1","9,9,999,9,+010,1",,"SYN07443125 32997 03002 10246 20211 39370 40099 333 10316 20226 58010 555 10437=",
"43125099999","2023-08-27T12:00:00","4","17.9166666","77.5333333","663.0","BIDAR, IN","FM-12","99999","V020","300,1,N,0010,1","22000,1,9,N","010000,1,9,9","+0302,1","+0206,1","10057,1",,,,,"09,2,+99999,9,99,9",,,"9,AGL   ,+99999,+99999","04,99,2,09,2,99,9,99999,9,99,9,99,9","240,M,+0322,1",,"99999,9,09344,1","9,9,999,9,+004,1",,"SYN06443125 32997 43002 10302 20206 39344 40057 89000 333 10322 58004=",
"43125099999","2023-08-28T03:00:00","4","17.9166666","77.5333333","663.0","BIDAR, IN","FM-12","99999","V020","230,1,N,0010,1","22000,1,9,N","010000,1,9,9","+0250,1","+0196,1","10105,1",,,,,"99,9,+99999,9,00,1",,,"9,AGL   ,+99999,+99999","01,99,1,00,1,99,9,99999,9,99,9,99,9","240,M,+0322,1","240,N,+0214,1","99999,9,09374,1","9,9,999,9,+004,1",,"SYN08043125 32997 12302 10250 20196 39374 40105 80001 333 10322 20214 58004 555 10437=","Q01    003SCCGA1"
"43125099999","2023-08-29T03:00:00","4","17.9166666","77.5333333","663.0","BIDAR, IN","FM-12","99999","V020","230,1,N,0010,1","99999,9,9,N","010000,1,9,9","+0248,1","+0210,1","10105,1",,,,,,,,,,"240,M,+0300,1","240,N,+0212,1","99999,9,09374,1","9,9,999,9,+000,1",,"SYN07443125 32997 02302 10248 20210 39374 40105 333 10300 20212 58000 555 10437=",
"43125099999","2023-08-30T03:00:00","4","17.9166666","77.5333333","663.0","BIDAR, IN","FM-12","99999","V020","300,1,N,0010,1","99999,9,9,N","010000,1,9,9","+0260,1","+0207,1","10110,1",,,,,,,,,,"240,M,+0312,1","240,N,+0205,1","99999,9,09382,1","9,9,999,9,+008,1",,"SYN07443125 32997 03002 10260 20207 39382 40110 333 10312 20205 58008 555 10437=",
"43125099999","2023-08-30T12:00:00","4","17.9166666","77.5333333","663.0","BIDAR, IN","FM-12","99999","V020","050,1,N,0010,1","22000,1,9,N","010000,1,9,9","+0296,1","+0196,1","10069,1",,,,,,,,"9,AGL   ,+99999,+99999","01,99,1,99,9,99,9,99999,9,99,9,99,9","240,M,+0316,1",,"99999,9,09352,1","9,9,999,9,+002,1",,"SYN05843125 32997 10502 10296 20196 39352 40069 333 10316 58002=",
"43125099999","2023-09-01T03:00:00","4","17.9166666","77.5333333","663.0","BIDAR, IN","FM-12","99999","V020","360,1,N,0010,1","22000,1,9,N","010000,1,9,9","+0242,1","+0210,1","10103,1",,,,,,,,"9,AGL   ,+99999,+99999","01,99,1,99,9,99,9,99999,9,99,9,99,9","240,M,+0325,1","240,N,+0216,1","99999,9,09378,1","9,9,999,9,-004,1",,"SYN07443125 32997 13602 10242 20210 39378 40103 333 10325 20216 59004 555 10437=",
"43125099999","2023-09-02T12:00:00","4","17.9166666","77.5333333","663.0","BIDAR, IN","FM-12","99999","V020","300,1,N,0010,1","22000,1,9,N","010000,1,9,9","+0308,1","+0216,1","10041,1",,,,,"05,2,+99999,9,99,9",,,"9,AGL   ,+99999,+99999","03,99,2,05,2,99,9,99999,9,99,9,99,9","240,M,+0326,1",,"99999,9,09330,1","9,9,999,9,-018,1",,"SYN06443125 32997 33002 10308 20216 39330 40041 85000 333 10326 59018=",
"43125099999","2023-09-03T03:00:00","4","17.9166666","77.5333333","663.0","BIDAR, IN","FM-12","99999","V020","230,1,N,0010,1","99999,9,9,N","010000,1,9,9","+0238,1","+0223,1","10094,1",,,,,,,,"9,AGL   ,+99999,+99999","06,99,1,99,9,99,9,99999,9,99,9,99,9","240,M,+0326,1","240,N,+0228,1","99999,9,09362,1","9,9,999,9,-006,1",,"SYN07443125 32997 62302 10238 20223 39362 40094 333 10326 20228 59006 555 10437=",
"43125099999","2023-09-04T12:00:00","4","17.9166666","77.5333333","663.0","BIDAR, IN","FM-12","99999","V020","360,1,N,0010,1","99999,9,9,N","010000,1,9,9","+0258,1","+0229,1","10052,1","09,0150,3,2","09,0146,3,2",,,"99,9,+99999,9,09,1",,,"9,AGL   ,+99999,+99999","07,99,1,00,1,99,9,99999,9,99,9,99,9","240,M,+0264,1",,"99999,9,09328,1","9,9,999,9,-002,1",,"SYN07643125 22997 73602 10258 20229 39328 40052 80300 333 10264 59002 6015/ 70146=","Q01    003SCCGA1"
"43125099999","2023-09-05T03:00:00","4","17.9166666","77.5333333","663.0","BIDAR, IN","FM-12","99999","V020","230,1,N,0010,1","99999,9,9,N","010000,1,9,9","+0222,1","+0219,1","10065,1","24,0570,3,1",,"6,1,02,1","5,1,02,1",,,,"9,AGL   ,+99999,+99999","08,99,1,99,9,99,9,99999,9,99,9,99,9","240,M,+0240,1","240,N,+0220,1","99999,9,09332,1","9,9,999,9,-008,1","62,1","SYN09843125 22997 82302 10222 20219 39332 40065 76265 333 10240 20220 59008 6057/ 70570 555 00570 10576=",
"43125099999","2023-09-06T12:00:00","4","17.9166666","77.5333333","663.0","BIDAR, IN","FM-12","99999","V020","180,1,N,0010,1","99999,9,9,N","010000,1,9,9","+0230,1","+0226,1","10037,1","09,0420,3,1",,,,"05,1,+99999,9,06,1",,,"9,AGL   ,+99999,+99999","05,99,1,05,1,99,9,99999,9,99,9,99,9","240,M,+0292,1",,"99999,9,09310,1","9,9,999,9,+000,1",,"SYN07043125 22997 51802 10230 20226 39310 40037 85500 333 10292 58000 6042/=",
"43125099999","2023-09-07T12:00:00","4","17.9166666","77.5333333","663.0","BIDAR, IN","FM-12","99999","V020","290,1,N,0010,1","99999,9,9,N","010000,1,9,9","+0242,1","+0225,1","10006,1",,,,,"06,1,+99999,9,06,1",,,"9,AGL   ,+99999,+99999","06,99,1,06,1,99,9,99999,9,99,9,99,9","240,M,+0256,1",,"99999,9,09304,1","9,9,999,9,-006,1",,"SYN06443125 32997 62902 10242 20225 39304 40006 86500 333 10256 59006=",
"43125099999","2023-09-08T03:00:00","4","17.9166666","77.5333333","663.0","BIDAR, IN","FM-12","99999","V020","230,1,N,0010,1","22000,1,9,N","010000,1,9,9","+0226,1","+0202,1","10073,1","24,0010,3,1",,,,,,,"9,AGL   ,+99999,+99999","04,99,1,99,9,99,9,99999,9,99,9,99,9","240,M,+0256,1","240,N,+0218,1","99999,9,09340,1","9,9,999,9,+010,1",,"SYN09243125 22997 42302 10226 20202 39340 40073 333 10256 20218 58010 6001/ 70010 555 00010 10630=",
"43125099999","2023-09-08T12:00:00","4","17.9166666","77.5333333","663.0","BIDAR, IN","FM-12","99999","V020","290,1,N,0010,1","22000,1,9,N","010000,1,9,9","+0260,1","+0232,1","10032,1",,,,,"04,1,+99999,9,06,1",,,"9,AGL   ,+99999,+99999","04,99,1,04,1,99,9,99999,9,99,9,99,9","240,M,+0265,1",,"99999,9,09310,1","9,9,999,9,+006,1",,"SYN06443125 32997 42902 10260 20232 39310 40032 84500 333 10265 58006=",
"43125099999","2023-09-09T12:00:00","4","17.9166666","77.5333333","663.0","BIDAR, IN","FM-12","99999","V020","230,1,N,0010,1","99999,9,9,N","010000,1,9,9","+0250,1","+0227,1","10038,1",,,,,"05,1,+99999,9,99,9",,,"9,AGL   ,+99999,+99999","05,99,1,05,1,99,9,99999,9,99,9,99,9","240,M,+0260,1",,"99999,9,09312,1","9,9,999,9,+002,1",,"SYN06443125 32997 52302 10250 20227 39312 40038 85000 333 10260 58002=",
"43125099999","2023-09-10T03:00:00","4","17.9166666","77.5333333","663.0","BIDAR, IN","FM-12","99999","V020","230,1,N,0010,1","99999,9,9,N","010000,1,9,9","+0234,1","+0213,1","10070,1","24,0010,3,2","24,0012,3,2",,,,,,"9,AGL   ,+99999,+99999","07,99,1,99,9,99,9,99999,9,99,9,99,9","240,M,+0260,1","240,N,+0218,1","99999,9,09340,1","9,9,999,9,+000,1",,"SYN09243125 22997 72302 10234 20213 39340 40070 333 10260 20218 58000 6001/ 70012 555 00012 10631=",
"43125099999","2023-09-10T12:00:00","4","17.9166666","77.5333333","663.0","BIDAR, IN","FM-12","99999","V020","270,1,N,0010,1","99999,9,9,N","010000,1,9,9","+0244,1","+0227,1","10038,1","09,0020,3,1",,"6,1,02,1","2,1,02,1","07,1,+99999,9,09,1",,,"9,AGL   ,+99999,+99999","07,99,1,07,1,99,9,99999,9,99,9,99,9","240,M,+0270,1",,"99999,9,09312,1","9,9,999,9,+000,1","02,1","SYN07643125 21997 72702 10244 20227 39312 40038 70262 87300 333 10270 58000 6002/=",
"43125099999","2023-09-11T03:00:00","4","17.9166666","77.5333333","663.0","BIDAR, IN","FM-12","99999","V020","270,1,N,0010,1","22000,1,9,N","010000,1,9,9","+0246,1","+0211,1","10072,1","24,0100,3,2","24,0098,3,2",,,,,,"9,AGL   ,+99999,+99999","03,99,1,99,9,99,9,99999,9,99,9,99,9","240,M,+0270,1","240,N,+0216,1","99999,9,09344,1","9,9,999,9,+004,1",,"SYN09243125 22997 32702 10246 20211 39344 40072 333 10270 20216 58004 6010/ 70098 555 00098 10641=",
"43125099999","2023-09-11T12:00:00","4","17.9166666","77.5333333","663.0","BIDAR, IN","FM-12","99999","V020","270,1,N,0010,1","22000,1,9,N","010000,1,9,9","+0264,1","+0233,1","10041,1",,,,,"04,1,+99999,9,06,1",,,"9,AGL   ,+99999,+99999","04,99,1,04,1,99,9,99999,9,99,9,99,9","240,M,+0292,1",,"99999,9,09320,1","9,9,999,9,+008,1",,"SYN06443125 32997 42702 10264 20233 39320 40041 84500 333 10292 58008=",
"43125099999","2023-09-12T12:00:00","4","17.9166666","77.5333333","663.0","BIDAR, IN","FM-12","99999","V020","230,1,N,0010,1","22000,1,9,N","010000,1,9,9","+0284,1","+0215,1","10046,1",,,,,"05,2,+99999,9,99,9",,,"9,AGL   ,+99999,+99999","04,99,2,05,2,99,9,99999,9,99,9,99,9","240,M,+0296,1",,"99999,9,09330,1","9,9,999,9,+010,1",,"SYN06443125 32997 42302 10284 20215 39330 40046 85000 333 10296 58010=",
"43125099999","2023-09-13T03:00:00","4","17.9166666","77.5333333","663.0","BIDAR, IN","FM-12","99999","V020","300,1,N,0010,1","99999,9,9,N","010000,1,9,9","+0240,1","+0198,1","10092,1","24,0030,3,2","24,0026,3,2",,,,,,,,"240,M,+0296,1","240,N,+0210,1","99999,9,09360,1","9,9,999,9,+000,1",,"SYN09243125 22997 03002 10240 20198 39360 40092 333 10296 20210 58000 6003/ 70026 555 00026 10644=",
"43125099999","2023-09-13T12:00:00","4","17.9166666","77.5333333","663.0","BIDAR, IN","FM-12","99999","V020","050,1,N,0010,1","22000,1,9,N","010000,1,9,9","+0280,1","+0213,1","10050,1",,,,,"05,2,+99999,9,99,9",,,"9,AGL   ,+99999,+99999","03,99,2,05,2,99,9,99999,9,99,9,99,9","240,M,+0294,1",,"99999,9,09332,1","9,9,999,9,-008,1",,"SYN06443125 32997 30502 10280 20213 39332 40050 85000 333 10294 59008=",
"43125099999","2023-09-14T12:00:00","4","17.9166666","77.5333333","663.0","BIDAR, IN","FM-12","99999","V020","230,1,N,0010,1","99999,9,9,N","010000,1,9,9","+0262,1","+0216,1","10055,1",,,,,"05,1,+99999,9,99,9",,,"9,AGL   ,+99999,+99999","05,99,1,05,1,99,9,99999,9,99,9,99,9","240,M,+0296,1",,"99999,9,09332,1","9,9,999,9,+000,1",,"SYN06443125 32997 52302 10262 20216 39332 40055 85000 333 10296 58000=",
"43125099999","2023-09-16T03:00:00","4","17.9166666","77.5333333","663.0","BIDAR, IN","FM-12","99999","V020","230,1,N,0010,1","22000,1,9,N","010000,1,9,9","+0250,1","+0215,1","10084,1","24,0030,3,2","24,0025,3,2",,,,,,"9,AGL   ,+99999,+99999","03,99,1,99,9,99,9,99999,9,99,9,99,9","240,M,+0290,1","240,N,+0215,1","99999,9,09355,1","9,9,999,9,+005,1",,"SYN09243125 22997 32302 10250 20215 39355 40084 333 10290 20215 58005 6003/ 70025 555 00025 10656=",
"43125099999","2023-09-16T12:00:00","4","17.9166666","77.5333333","663.0","BIDAR, IN","FM-12","99999","V020","230,1,N,0010,1","22000,1,9,N","010000,1,9,9","+0268,1","+0213,1","10055,1",,,,,"05,2,+99999,9,99,9",,,"9,AGL   ,+99999,+99999","03,99,2,05,2,99,9,99999,9,99,9,99,9","240,M,+0286,1",,"99999,9,09332,1","9,9,999,9,+000,1",,"SYN06443125 32997 32302 10268 20213 39332 40055 85000 333 10286 58000=",
"43125099999","2023-09-17T12:00:00","4","17.9166666","77.5333333","663.0","BIDAR, IN","FM-12","99999","V020","230,1,N,0010,1","22000,1,9,N","010000,1,9,9","+0280,1","+0213,1","10048,1",,,,,"00,1,+99999,9,99,9",,,"9,AGL   ,+99999,+99999","01,99,1,00,1,99,9,99999,9,99,9,99,9","240,M,+0308,1",,"99999,9,09330,1","9,9,999,9,-002,1",,"SYN06443125 32997 12302 10280 20213 39330 40048 80000 333 10308 59002=",
"43125099999","2023-09-18T12:00:00","4","17.9166666","77.5333333","663.0","BIDAR, IN","FM-12","99999","V020","270,1,N,0010,1","22000,1,9,N","010000,1,9,9","+0300,1","+0210,1","10045,1",,,,,"01,1,+99999,9,06,1",,,"9,AGL   ,+99999,+99999","01,99,1,01,1,99,9,99999,9,99,9,99,9","240,M,+0306,1",,"99999,9,09330,1","9,9,999,9,+000,1",,"SYN06443125 32997 12702 10300 20210 39330 40045 81500 333 10306 58000=",
"43125099999","2023-09-19T03:00:00","4","17.9166666","77.5333333","663.0","BIDAR, IN","FM-12","99999","V020","230,1,N,0010,1","99999,9,9,N","010000,1,9,9","+0240,1","+0211,1","10102,1",,,,,,,,,,"240,M,+0306,1","240,N,+0214,1","99999,9,09370,1","9,9,999,9,+020,1",,"SYN07443125 32997 02302 10240 20211 39370 40102 333 10306 20214 58020 555 10656=",
"43125099999","2023-09-20T12:00:00","4","17.9166666","77.5333333","663.0","BIDAR, IN","FM-12","99999","V020","270,1,N,0010,1","22000,1,9,N","010000,1,9,9","+0288,1","+0210,1","10058,1",,,,,"02,1,+99999,9,06,1",,,"9,AGL   ,+99999,+99999","02,99,1,02,1,99,9,99999,9,99,9,99,9","240,M,+0304,1",,"99999,9,09338,1","9,9,999,9,-002,1",,"SYN06443125 32997 22702 10288 20210 39338 40058 82500 333 10304 59002=",
"43125099999","2023-09-21T03:00:00","4","17.9166666","77.5333333","663.0","BIDAR, IN","FM-12","99999","V020","200,1,N,0010,1","99999,9,9,N","010000,1,9,9","+0234,1","+0225,1","10105,1","24,0020,3,2","24,0018,3,2",,,"99,9,+99999,9,09,1",,,"9,AGL   ,+99999,+99999","05,99,1,00,1,99,9,99999,9,99,9,99,9","240,M,+0304,1","240,N,+0228,1","99999,9,09372,1","9,9,999,9,-002,1",,"SYN09243125 22997 52002 10234 20225 39372 40105 80300 333 10304 20228 59002 6002/ 70018 555 10658=","Q01    003SCCGA1"
"43125099999","2023-09-21T12:00:00","4","17.9166666","77.5333333","663.0","BIDAR, IN","FM-12","99999","V020","180,1,N,0010,1","99999,9,9,N","010000,1,9,9","+0270,1","+0248,1","10065,1",,,,,"99,9,+99999,9,09,1",,,"9,AGL   ,+99999,+99999","06,99,1,00,1,99,9,99999,9,99,9,99,9","240,M,+0278,1",,"99999,9,09342,1","9,9,999,9,+004,1",,"SYN06443125 32997 61802 10270 20248 39342 40065 80300 333 10278 58004=","Q01    003SCCGA1"
"43125099999","2023-09-22T12:00:00","4","17.9166666","77.5333333","663.0","BIDAR, IN","FM-12","99999","V020","050,1,N,0010,1","99999,9,9,N","010000,1,9,9","+0264,1","+0227,1","10069,1",,,,,"05,1,+99999,9,99,9",,,"9,AGL   ,+99999,+99999","05,99,1,05,1,99,9,99999,9,99,9,99,9","240,M,+0282,1",,"99999,9,09346,1","9,9,999,9,+004,1",,"SYN06443125 32997 50502 10264 20227 39346 40069 85000 333 10282 58004=",
"43125099999","2023-09-23T12:00:00","4","17.9166666","77.5333333","663.0","BIDAR, IN","FM-12","99999","V020","270,1,N,0010,1","22000,1,9,N","010000,1,9,9","+0274,1","+0222,1","10066,1",,,,,"05,2,+99999,9,99,9",,,"9,AGL   ,+99999,+99999","04,99,2,05,2,99,9,99999,9,99,9,99,9","240,M,+0298,1",,"99999,9,09346,1","9,9,999,9,+000,1",,"SYN06443125 32997 42702 10274 20222 39346 40066 85000 333 10298 58000=",
"43125099999","2023-09-24T12:00:00","4","17.9166666","77.5333333","663.0","BIDAR, IN","FM-12","99999","V020","270,1,N,0010,1","22000,1,9,N","010000,1,9,9","+0246,1","+0220,1","10068,1","09,0010,3,2","09,0012,3,2",,,"05,2,+99999,9,99,9",,,"9,AGL   ,+99999,+99999","03,99,2,05,2,99,9,99999,9,99,9,99,9","240,M,+0280,1",,"99999,9,09340,1","9,9,999,9,-006,1",,"SYN07643125 22997 32702 10246 20220 39340 40068 85000 333 10280 59006 6001/ 70012=",
"43125099999","2023-09-25T12:00:00","4","17.9166666","77.5333333","663.0","BIDAR, IN","FM-12","99999","V020","260,1,N,0010,1","99999,9,9,N","010000,1,9,9","+0226,1","+0217,1","10073,1","09,0360,3,2","09,0356,3,2",,,"99,9,+99999,9,09,1",,,"9,AGL   ,+99999,+99999","06,99,1,00,1,99,9,99999,9,99,9,99,9","240,M,+0270,1",,"99999,9,09340,1","9,9,999,9,+000,1",,"SYN07643125 22997 62602 10226 20217 39340 40073 80300 333 10270 58000 6036/ 70356=","Q01    003SCCGA1"
"43125099999","2023-09-26T12:00:00","4","17.9166666","77.5333333","663.0","BIDAR, IN","FM-12","99999","V020","140,1,N,0010,1","22000,1,9,N","010000,1,9,9","+0278,1","+0217,1","10052,1",,,,,"05,2,+99999,9,99,9",,,"9,AGL   ,+99999,+99999","03,99,2,05,2,99,9,99999,9,99,9,99,9","240,M,+0286,1",,"99999,9,09332,1","9,9,999,9,-008,1",,"SYN06443125 32997 31402 10278 20217 39332 40052 85000 333 10286 59008=",
"43125099999","2023-09-27T12:00:00","4","17.9166666","77.5333333","663.0","BIDAR, IN","FM-12","99999","V020","230,1,N,0010,1","22000,1,9,N","010000,1,9,9","+0280,1","+0235,1","10046,1",,,,,"05,2,+99999,9,99,9",,,"9,AGL   ,+99999,+99999","03,99,2,05,2,99,9,99999,9,99,9,99,9","240,M,+0290,1",,"99999,9,09328,1","9,9,999,9,-004,1",,"SYN06443125 32997 32302 10280 20235 39328 40046 85000 333 10290 59004=",
"43125099999","2023-10-03T12:00:00","4","17.9166666","77.5333333","663.0","BIDAR, IN","FM-12","99999","V020","360,1,N,0010,1","22000,1,9,N","010000,1,9,9","+0290,1","+0209,1","10066,1",,,,,"00,1,+99999,9,99,9",,,"9,AGL   ,+99999,+99999","01,99,1,00,1,99,9,99999,9,99,9,99,9","240,M,+0304,1",,"99999,9,09348,1","9,9,999,9,+008,1",,"SYN06443125 32997 13602 10290 20209 39348 40066 80000 333 10304 58008=",
"43125099999","2023-10-04T12:00:00","4","17.9166666","77.5333333","663.0","BIDAR, IN","FM-12","99999","V020","300,1,N,0010,1","22000,1,9,N","010000,1,9,9","+0290,1","+0174,1","10079,1",,,,,"00,1,+99999,9,99,9",,,"9,AGL   ,+99999,+99999","02,99,1,00,1,99,9,99999,9,99,9,99,9","240,M,+0316,1",,"99999,9,09360,1","9,9,999,9,+012,1",,"SYN06443125 32997 23002 10290 20174 39360 40079 80000 333 10316 58012=",
"43125099999","2023-10-05T12:00:00","4","17.9166666","77.5333333","663.0","BIDAR, IN","FM-12","99999","V020","050,1,N,0010,1","22000,1,9,N","010000,1,9,9","+0300,1","+0229,1","10078,1",,,,,"00,1,+99999,9,99,9",,,"9,AGL   ,+99999,+99999","01,99,1,00,1,99,9,99999,9,99,9,99,9","240,M,+0314,1",,"99999,9,09360,1","9,9,999,9,+000,1",,"SYN06443125 32997 10502 10300 20229 39360 40078 80000 333 10314 58000=",
"43125099999","2023-10-06T12:00:00","4","17.9166666","77.5333333","663.0","BIDAR, IN","FM-12","99999","V020","050,1,N,0010,1","22000,1,9,N","010000,1,9,9","+0302,1","+0135,1","10074,1",,,,,"00,1,+99999,9,99,9",,,"9,AGL   ,+99999,+99999","01,99,1,00,1,99,9,99999,9,99,9,99,9","240,M,+0314,1",,"99999,9,09360,1","9,9,999,9,+000,1",,"SYN06443125 32997 10502 10302 20135 39360 40074 80000 333 10314 58000=",
"43125099999","2023-10-07T03:00:00","4","17.9166666","77.5333333","663.0","BIDAR, IN","FM-12","99999","V020","140,1,N,0010,1","22000,1,9,N","010000,1,9,9","+0210,1","+0179,1","10131,1",,,,,"99,9,+99999,9,00,1",,,"9,AGL   ,+99999,+99999","01,99,1,00,1,99,9,99999,9,99,9,99,9","240,M,+0314,1","240,N,+0185,1","99999,9,09390,1","9,9,999,9,-002,1",,"SYN08043125 32997 11402 10210 20179 39390 40131 80001 333 10314 20185 59002 555 10000=","Q01    003SCCGA1"
"43125099999","2023-10-07T12:00:00","4","17.9166666","77.5333333","663.0","BIDAR, IN","FM-12","99999","V020","300,1,N,0010,1","22000,1,9,N","010000,1,9,9","+0292,1","+0177,1","10081,1",,,,,"00,1,+99999,9,99,9",,,"9,AGL   ,+99999,+99999","01,99,1,00,1,99,9,99999,9,99,9,99,9","240,M,+0310,1",,"99999,9,09364,1","9,9,999,9,+004,1",,"SYN06443125 32997 13002 10292 20177 39364 40081 80000 333 10310 58004=",
"43125099999","2023-10-08T03:00:00","4","17.9166666","77.5333333","663.0","BIDAR, IN","FM-12","99999","V020","140,1,N,0010,1","22000,1,9,N","010000,1,9,9","+0252,1","+0185,1","10122,1",,,,,"00,1,+99999,9,99,9",,,"9,AGL   ,+99999,+99999","01,99,1,00,1,99,9,99999,9,99,9,99,9","240,M,+0310,1","240,N,+0185,1","99999,9,09392,1","9,9,999,9,+002,1",,"SYN08043125 32997 11402 10252 20185 39392 40122 80000 333 10310 20185 58002 555 10000=",
"43125099999","2023-10-08T12:00:00","4","17.9166666","77.5333333","663.0","BIDAR, IN","FM-12","99999","V020","050,1,N,0010,1","22000,1,9,N","010000,1,9,9","+0300,1","+0168,1","10090,1",,,,,"00,1,+99999,9,99,9",,,"9,AGL   ,+99999,+99999","01,99,1,00,1,99,9,99999,9,99,9,99,9","240,M,+0314,1",,"99999,9,09372,1","9,9,999,9,+008,1",,"SYN06443125 32997 10502 10300 20168 39372 40090 80000 333 10314 58008=",
"43125099999","2023-10-09T03:00:00","4","17.9166666","77.5333333","663.0","BIDAR, IN","FM-12","99999","V020","050,1,N,0010,1","22000,1,9,N","010000,1,9,9","+0240,1","+0185,1","10145,1",,,,,"00,1,+99999,9,99,9",,,"9,AGL   ,+99999,+99999","01,99,1,00,1,99,9,99999,9,99,9,99,9","240,M,+0314,1","240,N,+0186,1","99999,9,09410,1","9,9,999,9,+018,1",,"SYN08043125 32997 10502 10240 20185 39410 40145 80000 333 10314 20186 58018 555 10000=",
"43125099999","2023-10-09T12:00:00","4","17.9166666","77.5333333","663.0","BIDAR, IN","FM-12","99999","V020","050,1,N,0010,1","22000,1,9,N","010000,1,9,9","+0292,1","+0187,1","10100,1",,,,,"00,1,+99999,9,99,9",,,"9,AGL   ,+99999,+99999","01,99,1,00,1,99,9,99999,9,99,9,99,9","240,M,+0312,1",,"99999,9,09382,1","9,9,999,9,+010,1",,"SYN06443125 32997 10502 10292 20187 39382 40100 80000 333 10312 58010=",
"43125099999","2023-10-10T03:00:00","4","17.9166666","77.5333333","663.0","BIDAR, IN","FM-12","99999","V020","050,1,N,0010,1","22000,1,9,N","010000,1,9,9","+0276,1","+0192,1","10145,1",,,,,"00,1,+99999,9,99,9",,,"9,AGL   ,+99999,+99999","01,99,1,00,1,99,9,99999,9,99,9,99,9","240,M,+0312,1","240,N,+0195,1","99999,9,09420,1","9,9,999,9,+010,1",,"SYN08043125 32997 10502 10276 20192 39420 40145 80000 333 10312 20195 58010 555 10000=",
"43125099999","2023-10-10T12:00:00","4","17.9166666","77.5333333","663.0","BIDAR, IN","FM-12","99999","V020","050,1,N,0010,1","22000,1,9,N","010000,1,9,9","+0296,1","+0163,1","10100,1",,,,,"00,1,+99999,9,99,9",,,"9,AGL   ,+99999,+99999","01,99,1,00,1,99,9,99999,9,99,9,99,9","240,M,+0314,1",,"99999,9,09382,1","9,9,999,9,+000,1",,"SYN06443125 32997 10502 10296 20163 39382 40100 80000 333 10314 58000=",
"43125099999","2023-10-11T12:00:00","4","17.9166666","77.5333333","663.0","BIDAR, IN","FM-12","99999","V020","090,1,N,0010,1","22000,1,9,N","010000,1,9,9","+0298,1","+0180,1","10100,1",,,,,"00,1,+99999,9,99,9",,,"9,AGL   ,+99999,+99999","01,99,1,00,1,99,9,99999,9,99,9,99,9","240,M,+0315,1",,"99999,9,09382,1","9,9,999,9,+000,1",,"SYN06443125 32997 10902 10298 20180 39382 40100 80000 333 10315 58000=",
"43125099999","2023-10-12T12:00:00","4","17.9166666","77.5333333","663.0","BIDAR, IN","FM-12","99999","V020","050,1,N,0010,1","22000,1,9,N","010000,1,9,9","+0300,1","+0153,1","10120,1",,,,,"00,1,+99999,9,99,9",,,"9,AGL   ,+99999,+99999","01,99,1,00,1,99,9,99999,9,99,9,99,9","240,M,+0318,1",,"99999,9,09400,1","9,9,999,9,+018,1",,"SYN06443125 32997 10502 10300 20153 39400 40120 80000 333 10318 58018=",
"43125099999","2023-10-13T03:00:00","4","17.9166666","77.5333333","663.0","BIDAR, IN","FM-12","99999","V020","140,1,N,0010,1","22000,1,9,N","010000,1,9,9","+0264,1","+0182,1","10151,1",,,,,"00,1,+99999,9,99,9",,,"9,AGL   ,+99999,+99999","01,99,1,00,1,99,9,99999,9,99,9,99,9","240,M,+0318,1","240,N,+0175,1","99999,9,09422,1","9,9,999,9,+010,1",,"SYN08043125 32997 11402 10264 20182 39422 40151 80000 333 10318 20175 58010 555 10000=",
"43125099999","2023-10-14T03:00:00","4","17.9166666","77.5333333","663.0","BIDAR, IN","FM-12","99999","V020","140,1,N,0010,1","22000,1,9,N","010000,1,9,9","+0260,1","+0191,1","10149,1",,,,,"00,1,+99999,9,99,9",,,"9,AGL   ,+99999,+99999","01,99,1,00,1,99,9,99999,9,99,9,99,9","240,M,+0318,1","240,N,+0190,1","99999,9,09418,1","9,9,999,9,-004,1",,"SYN08043125 32997 11402 10260 20191 39418 40149 80000 333 10318 20190 59004 555 10000=",
"43125099999","2023-10-14T12:00:00","4","17.9166666","77.5333333","663.0","BIDAR, IN","FM-12","99999","V020","050,1,N,0010,1","22000,1,9,N","010000,1,9,9","+0290,1","+0163,1","10120,1",,,,,"00,1,+99999,9,99,9",,,"9,AGL   ,+99999,+99999","01,99,1,00,1,99,9,99999,9,99,9,99,9","240,M,+0318,1",,"99999,9,09398,1","9,9,999,9,-002,1",,"SYN06443125 32997 10502 10290 20163 39398 40120 80000 333 10318 59002=",
"43125099999","2023-10-15T03:00:00","4","17.9166666","77.5333333","663.0","BIDAR, IN","FM-12","99999","V020","140,1,N,0010,1","22000,1,9,N","010000,1,9,9","+0254,1","+0204,1","10143,1",,,,,"00,1,+99999,9,99,9",,,"9,AGL   ,+99999,+99999","01,99,1,00,1,99,9,99999,9,99,9,99,9","240,M,+0318,1","240,N,+0190,1","99999,9,09412,1","9,9,999,9,-006,1",,"SYN08043125 32997 11402 10254 20204 39412 40143 80000 333 10318 20190 59006 555 10000=",
"43125099999","2023-10-15T12:00:00","4","17.9166666","77.5333333","663.0","BIDAR, IN","FM-12","99999","V020","090,1,N,0010,1","22000,1,9,N","010000,1,9,9","+0290,1","+0147,1","10101,1",,,,,"00,1,+99999,9,99,9",,,"9,AGL   ,+99999,+99999","01,99,1,00,1,99,9,99999,9,99,9,99,9","240,M,+0316,1",,"99999,9,09380,1","9,9,999,9,-018,1",,"SYN06443125 32997 10902 10290 20147 39380 40101 80000 333 10316 59018=",
"43125099999","2023-10-16T03:00:00","4","17.9166666","77.5333333","663.0","BIDAR, IN","FM-12","99999","V020","230,1,N,0010,1","22000,1,9,N","010000,1,9,9","+0244,1","+0199,1","10146,1",,,,,"00,1,+99999,9,99,9",,,"9,AGL   ,+99999,+99999","01,99,1,00,1,99,9,99999,9,99,9,99,9","240,M,+0316,1","240,N,+0195,1","99999,9,09412,1","9,9,999,9,+000,1",,"SYN08043125 32997 12302 10244 20199 39412 40146 80000 333 10316 20195 58000 555 10000=",
"43125099999","2023-10-16T12:00:00","4","17.9166666","77.5333333","663.0","BIDAR, IN","FM-12","99999","V020","050,1,N,0010,1","22000,1,9,N","010000,1,9,9","+0290,1","+0163,1","10109,1",,,,,"00,1,+99999,9,99,9",,,"9,AGL   ,+99999,+99999","01,99,1,00,1,99,9,99999,9,99,9,99,9","240,M,+0310,1",,"99999,9,09388,1","9,9,999,9,+008,1",,"SYN06443125 32997 10502 10290 20163 39388 40109 80000 333 10310 58008=",
"43125099999","2023-10-17T03:00:00","4","17.9166666","77.5333333","663.0","BIDAR, IN","FM-12","99999","V020","180,1,N,0010,1","22000,1,9,N","010000,1,9,9","+0258,1","+0208,1","10151,1",,,,,"00,1,+99999,9,99,9",,,"9,AGL   ,+99999,+99999","01,99,1,00,1,99,9,99999,9,99,9,99,9","240,M,+0310,1","240,N,+0195,1","99999,9,09420,1","9,9,999,9,+000,1",,"SYN08043125 32997 11802 10258 20208 39420 40151 80000 333 10310 20195 58000 555 10000=",
"43125099999","2023-10-17T12:00:00","4","17.9166666","77.5333333","663.0","BIDAR, IN","FM-12","99999","V020","090,1,N,0010,1","22000,1,9,N","010000,1,9,9","+0288,1","+0175,1","10114,1",,,,,"00,1,+99999,9,99,9",,,"9,AGL   ,+99999,+99999","01,99,1,00,1,99,9,99999,9,99,9,99,9","240,M,+0312,1",,"99999,9,09392,1","9,9,999,9,+004,1",,"SYN06443125 32997 10902 10288 20175 39392 40114 80000 333 10312 58004=",
"43125099999","2023-10-18T03:00:00","4","17.9166666","77.5333333","663.0","BIDAR, IN","FM-12","99999","V020","050,1,N,0010,1","22000,1,9,N","010000,1,9,9","+0290,1","+0192,1","10156,1",,,,,"00,1,+99999,9,99,9",,,"9,AGL   ,+99999,+99999","01,99,1,00,1,99,9,99999,9,99,9,99,9","240,M,+0312,1","240,N,+0192,1","99999,9,09420,1","9,9,999,9,+000,1",,"SYN08043125 32997 10502 10290 20192 39420 40156 80000 333 10312 20192 58000 555 10000=",
"43125099999","2023-10-18T12:00:00","4","17.9166666","77.5333333","663.0","BIDAR, IN","FM-12","99999","V020","050,1,N,0010,1","22000,1,9,N","010000,1,9,9","+0286,1","+0169,1","10122,1",,,,,"00,1,+99999,9,99,9",,,"9,AGL   ,+99999,+99999","01,99,1,00,1,99,9,99999,9,99,9,99,9","240,M,+0306,1",,"99999,9,09400,1","9,9,999,9,+008,1",,"SYN06443125 32997 10502 10286 20169 39400 40122 80000 333 10306 58008=",
"43125099999","2023-10-19T03:00:00","4","17.9166666","77.5333333","663.0","BIDAR, IN","FM-12","99999","V020","050,1,N,0010,1","22000,1,9,N","010000,1,9,9","+0240,1","+0178,1","10158,1",,,,,"00,1,+99999,9,99,9",,,"9,AGL   ,+99999,+99999","01,99,1,00,1,99,9,99999,9,99,9,99,9","240,M,+0306,1","240,N,+0190,1","99999,9,09422,1","9,9,999,9,+002,1",,"SYN08043125 32997 10502 10240 20178 39422 40158 80000 333 10306 20190 58002 555 10000=",
"43125099999","2023-10-20T03:00:00","4","17.9166666","77.5333333","663.0","BIDAR, IN","FM-12","99999","V020","140,1,N,0010,1","22000,1,9,N","010000,1,9,9","+0248,1","+0197,1","10146,1",,,,,"00,1,+99999,9,99,9",,,"9,AGL   ,+99999,+99999","01,99,1,00,1,99,9,99999,9,99,9,99,9","240,M,+0310,1","240,N,+0186,1","99999,9,09412,1","9,9,999,9,-010,1",,"SYN08043125 32997 11402 10248 20197 39412 40146 80000 333 10310 20186 59010 555 10000=",
"43125099999","2023-10-20T12:00:00","4","17.9166666","77.5333333","663.0","BIDAR, IN","FM-12","99999","V020","050,1,N,0010,1","22000,1,9,N","010000,1,9,9","+0288,1","+0175,1","10126,1",,,,,"00,1,+99999,9,99,9",,,"9,AGL   ,+99999,+99999","01,99,1,00,1,99,9,99999,9,99,9,99,9","240,M,+0320,1",,"99999,9,09404,1","9,9,999,9,+004,1",,"SYN06443125 32997 10502 10288 20175 39404 40126 80000 333 10320 58004=",
"43125099999","2023-10-21T03:00:00","4","17.9166666","77.5333333","663.0","BIDAR, IN","FM-12","99999","V020","140,1,N,0010,1","22000,1,9,N","010000,1,9,9","+0250,1","+0206,1","10164,1",,,,,"00,1,+99999,9,99,9",,,"9,AGL   ,+99999,+99999","01,99,1,00,1,99,9,99999,9,99,9,99,9","240,M,+0320,1","240,N,+0186,1","99999,9,09430,1","9,9,999,9,+018,1",,"SYN07043125 32997 11402 10250 20206 39430 40164 80000 333 10320 20186 58018=",
"43125099999","2023-10-21T12:00:00","4","17.9166666","77.5333333","663.0","BIDAR, IN","FM-12","99999","V020","050,1,N,0010,1","22000,1,9,N","010000,1,9,9","+0280,1","+0176,1","10135,1",,,,,"00,1,+99999,9,99,9",,,"9,AGL   ,+99999,+99999","01,99,1,00,1,99,9,99999,9,99,9,99,9","240,M,+0304,1",,"99999,9,09410,1","9,9,999,9,+006,1",,"SYN06443125 32997 10502 10280 20176 39410 40135 80000 333 10304 58006=",
"43125099999","2023-10-22T03:00:00","4","17.9166666","77.5333333","663.0","BIDAR, IN","FM-12","99999","V020","140,1,N,0010,1","22000,1,9,N","010000,1,9,9","+0240,1","+0168,1","10170,1",,,,,"00,1,+99999,9,99,9",,,"9,AGL   ,+99999,+99999","01,99,1,00,1,99,9,99999,9,99,9,99,9","240,M,+0304,1","240,N,+0186,1","99999,9,09320,1","9,9,999,9,+002,1",,"SYN08043125 32997 11402 10240 20168 39320 40170 80000 333 10304 20186 58002 555 10000=",
"43125099999","2023-10-22T12:00:00","4","17.9166666","77.5333333","663.0","BIDAR, IN","FM-12","99999","V020","020,1,N,0010,1","22000,1,9,N","010000,1,9,9","+0290,1","+0113,1","10122,1",,,,,"00,1,+99999,9,99,9",,,"9,AGL   ,+99999,+99999","01,99,1,00,1,99,9,99999,9,99,9,99,9","240,M,+0308,1",,"99999,9,09400,1","9,9,999,9,-010,1",,"SYN06443125 32997 10202 10290 20113 39400 40122 80000 333 10308 59010=",
"43125099999","2023-10-24T03:00:00","4","17.9166666","77.5333333","663.0","BIDAR, IN","FM-12","99999","V020","140,1,N,0010,1","22000,1,9,N","010000,1,9,9","+0242,1","+0149,1","10154,1",,,,,"00,1,+99999,9,99,9",,,"9,AGL   ,+99999,+99999","01,99,1,00,1,99,9,99999,9,99,9,99,9","240,M,+0305,1","240,N,+0165,1","99999,9,09420,1","9,9,999,9,-002,1",,"SYN08043125 32997 11402 10242 20149 39420 40154 80000 333 10305 20165 59002 555 10000=",
"43125099999","2023-10-24T12:00:00","4","17.9166666","77.5333333","663.0","BIDAR, IN","FM-12","99999","V020","090,1,N,0010,1","22000,1,9,N","010000,1,9,9","+0282,1","+0111,1","10114,1",,,,,"00,1,+99999,9,99,9",,,"9,AGL   ,+99999,+99999","01,99,1,00,1,99,9,99999,9,99,9,99,9","240,M,+0302,1",,"99999,9,09392,1","9,9,999,9,+000,1",,"SYN06443125 32997 10902 10282 20111 39392 40114 80000 333 10302 58000=",
"43125099999","2023-10-25T03:00:00","4","17.9166666","77.5333333","663.0","BIDAR, IN","FM-12","99999","V020","050,1,N,0010,1","22000,1,9,N","010000,1,9,9","+0228,1","+0147,1","10163,1",,,,,"00,1,+99999,9,99,9",,,"9,AGL   ,+99999,+99999","01,99,1,00,1,99,9,99999,9,99,9,99,9","240,M,+0302,1","240,N,+0166,1","99999,9,09424,1","9,9,999,9,+004,1",,"SYN08043125 32997 10502 10228 20147 39424 40163 80000 333 10302 20166 58004 555 10000=",
"43125099999","2023-10-25T12:00:00","4","17.9166666","77.5333333","663.0","BIDAR, IN","FM-12","99999","V020","050,1,N,0010,1","22000,1,9,N","010000,1,9,9","+0278,1","+0090,1","10125,1",,,,,"00,1,+99999,9,99,9",,,"9,AGL   ,+99999,+99999","01,99,1,00,1,99,9,99999,9,99,9,99,9","240,M,+0304,1",,"99999,9,09400,1","9,9,999,9,+008,1",,"SYN06443125 32997 10502 10278 20090 39400 40125 80000 333 10304 58008=",
"43125099999","2023-10-26T03:00:00","4","17.9166666","77.5333333","663.0","BIDAR, IN","FM-12","99999","V020","050,1,N,0010,1","22000,1,9,N","010000,1,9,9","+0240,1","+0139,1","10178,1",,,,,"00,1,+99999,9,99,9",,,"9,AGL   ,+99999,+99999","01,99,1,00,1,99,9,99999,9,99,9,99,9","240,M,+0304,1","240,N,+0146,1","99999,9,09440,1","9,9,999,9,+016,1",,"SYN08043125 32997 10502 10240 20139 39440 40178 80000 333 10304 20146 58016 555 10000=",
"43125099999","2023-10-26T12:00:00","4","17.9166666","77.5333333","663.0","BIDAR, IN","FM-12","99999","V020","140,1,N,0010,1","22000,1,9,N","010000,1,9,9","+0274,1","+9999,9","10125,1",,,,,"00,1,+99999,9,99,9",,,"9,AGL   ,+99999,+99999","01,99,1,00,1,99,9,99999,9,99,9,99,9","240,M,+0296,1",,"99999,9,09400,1","9,9,999,9,+000,1",,"SYN06443125 32997 11402 10274 20990 39400 40125 80000 333 10296 58000=",
"43125099999","2023-10-27T03:00:00","4","17.9166666","77.5333333","663.0","BIDAR, IN","FM-12","99999","V020","090,1,N,0010,1","22000,1,9,N","010000,1,9,9","+0246,1","+0118,1","10167,1",,,,,"00,1,+99999,9,99,9",,,"9,AGL   ,+99999,+99999","01,99,1,00,1,99,9,99999,9,99,9,99,9","240,M,+0296,1","240,N,+0140,1","99999,9,09432,1","9,9,999,9,-008,1",,"SYN08043125 32997 10902 10246 20118 39432 40167 80000 333 10296 20140 59008 555 10000=",
"43125099999","2023-10-27T12:00:00","4","17.9166666","77.5333333","663.0","BIDAR, IN","FM-12","99999","V020","050,1,N,0010,1","22000,1,9,N","010000,1,9,9","+0278,1","+0085,1","10117,1",,,,,"00,1,+99999,9,99,9",,,"9,AGL   ,+99999,+99999","01,99,1,00,1,99,9,99999,9,99,9,99,9","240,M,+0296,1",,"99999,9,09392,1","9,9,999,9,-008,1",,"SYN06443125 32997 10502 10278 20085 39392 40117 80000 333 10296 59008=",
"43125099999","2023-10-28T03:00:00","4","17.9166666","77.5333333","663.0","BIDAR, IN","FM-12","99999","V020","050,1,N,0010,1","99999,9,9,N","010000,1,9,9","+0250,1","+0115,1","10154,1",,,,,,,,,,"240,M,+0296,1","240,N,+0145,1","99999,9,09420,1","9,9,999,9,-012,1",,"SYN07443125 32997 00502 10250 20115 39420 40154 333 10296 20145 59012 555 10000=",
"43125099999","2023-10-28T12:00:00","4","17.9166666","77.5333333","663.0","BIDAR, IN","FM-12","99999","V020","050,1,N,0010,1","22000,1,9,N","010000,1,9,9","+0276,1","+0111,1","10117,1",,,,,"00,1,+99999,9,99,9",,,"9,AGL   ,+99999,+99999","01,99,1,00,1,99,9,99999,9,99,9,99,9","240,M,+0302,1",,"99999,9,09392,1","9,9,999,9,+000,1",,"SYN06443125 32997 10502 10276 20111 39392 40117 80000 333 10302 58000=",
"43125099999","2023-10-29T12:00:00","4","17.9166666","77.5333333","663.0","BIDAR, IN","FM-12","99999","V020","360,1,N,0010,1","22000,1,9,N","010000,1,9,9","+0278,1","+0131,1","10117,1",,,,,"00,1,+99999,9,99,9",,,"9,AGL   ,+99999,+99999","01,99,1,00,1,99,9,99999,9,99,9,99,9","240,M,+0300,1",,"99999,9,09392,1","9,9,999,9,+000,1",,"SYN06443125 32997 13602 10278 20131 39392 40117 80000 333 10300 58000=",
"43125099999","2023-10-30T12:00:00","4","17.9166666","77.5333333","663.0","BIDAR, IN","FM-12","99999","V020","140,1,N,0010,1","22000,1,9,N","010000,1,9,9","+0270,1","+0137,1","10119,1",,,,,"00,1,+99999,9,99,9",,,"9,AGL   ,+99999,+99999","01,99,1,00,1,99,9,99999,9,99,9,99,9","240,M,+0308,1",,"99999,9,09392,1","9,9,999,9,+000,1",,"SYN06443125 32997 11402 10270 20137 39392 40119 80000 333 10308 58000=",
"43125099999","2023-10-31T12:00:00","4","17.9166666","77.5333333","663.0","BIDAR, IN","FM-12","99999","V020","050,1,N,0010,1","22000,1,9,N","010000,1,9,9","+9999,9","+0157,1","10123,1",,,,,"00,1,+99999,9,99,9",,,"9,AGL   ,+99999,+99999","04,99,1,00,1,99,9,99999,9,99,9,99,9","240,M,+0296,1",,"99999,9,09396,1","9,9,999,9,+004,1",,"SYN05843125 32997 40502 20157 39396 40123 80000 333 10296 58004=",
"43125099999","2023-11-01T03:00:00","4","17.9166666","77.5333333","663.0","BIDAR, IN","FM-12","99999","V020","140,1,N,0010,1","22000,1,9,N","010000,1,9,9","+0236,1","+0156,1","10156,1",,,,,"00,1,+99999,9,99,9",,,"9,AGL   ,+99999,+99999","01,99,1,00,1,99,9,99999,9,99,9,99,9","240,M,+0296,1","240,N,+0185,1","99999,9,09420,1","9,9,999,9,+000,1",,"SYN07043125 32997 11402 10236 20156 39420 40156 80000 333 10296 20185 58000=",
"43125099999","2023-11-01T12:00:00","4","17.9166666","77.5333333","663.0","BIDAR, IN","FM-12","99999","V020","050,1,N,0010,1","22000,1,9,N","010000,1,9,9","+0272,1","+0155,1","10125,1",,,,,"00,1,+99999,9,99,9",,,"9,AGL   ,+99999,+99999","01,99,1,00,1,99,9,99999,9,99,9,99,9","240,M,+0294,1",,"99999,9,09400,1","9,9,999,9,+004,1",,"SYN06443125 32997 10502 10272 20155 39400 40125 80000 333 10294 58004=",
"43125099999","2023-11-02T03:00:00","4","17.9166666","77.5333333","663.0","BIDAR, IN","FM-12","99999","V020","140,1,N,0010,1","22000,1,9,N","010000,1,9,9","+0236,1","+0181,1","10160,1",,,,,"00,1,+99999,9,99,9",,,"9,AGL   ,+99999,+99999","01,99,1,00,1,99,9,99999,9,99,9,99,9","240,M,+0294,1","240,N,+0180,1","99999,9,09424,1","9,9,999,9,+004,1",,"SYN07043125 32997 11402 10236 20181 39424 40160 80000 333 10294 20180 58004=",
"43125099999","2023-11-02T12:00:00","4","17.9166666","77.5333333","663.0","BIDAR, IN","FM-12","99999","V020","050,1,N,0010,1","22000,1,9,N","010000,1,9,9","+0280,1","+0169,1","10117,1",,,,,"00,1,+99999,9,99,9",,,"9,AGL   ,+99999,+99999","01,99,1,00,1,99,9,99999,9,99,9,99,9","240,M,+0298,1",,"99999,9,09392,1","9,9,999,9,-008,1",,"SYN06443125 32997 10502 10280 20169 39392 40117 80000 333 10298 59008=",
"43125099999","2023-11-03T03:00:00","4","17.9166666","77.5333333","663.0","BIDAR, IN","FM-12","99999","V020","140,1,N,0010,1","22000,1,9,N","010000,1,9,9","+0244,1","+0193,1","10148,1",,,,,"00,1,+99999,9,99,9",,,"9,AGL   ,+99999,+99999","01,99,1,00,1,99,9,99999,9,99,9,99,9","240,M,+0298,1","240,N,+0190,1","99999,9,09414,1","9,9,999,9,-010,1",,"SYN08043125 32997 11402 10244 20193 39414 40148 80000 333 10298 20190 59010 555 10000=",
"43125099999","2023-11-03T12:00:00","4","17.9166666","77.5333333","663.0","BIDAR, IN","FM-12","99999","V020","140,1,N,0010,1","22000,1,9,N","010000,1,9,9","+0286,1","+0176,1","10099,1",,,,,,,,"9,AGL   ,+99999,+99999","01,99,1,99,9,99,9,99999,9,99,9,99,9","240,M,+0306,1",,"99999,9,09378,1","9,9,999,9,-014,1",,"SYN05843125 32997 11402 10286 20176 39378 40099 333 10306 59014=",
"43125099999","2023-11-04T12:00:00","4","17.9166666","77.5333333","663.0","BIDAR, IN","FM-12","99999","V020","360,1,N,0010,1","22000,1,9,N","010000,1,9,9","+0274,1","+0180,1","10103,1",,,,,"05,2,+99999,9,99,9",,,"9,AGL   ,+99999,+99999","04,99,2,05,2,99,9,99999,9,99,9,99,9","240,M,+0294,1",,"99999,9,09380,1","9,9,999,9,+002,1",,"SYN06443125 32997 43602 10274 20180 39380 40103 85000 333 10294 58002=",
"43125099999","2023-11-05T03:00:00","4","17.9166666","77.5333333","663.0","BIDAR, IN","FM-12","99999","V020","140,1,N,0010,1","22000,1,9,N","010000,1,9,9","+0242,1","+0197,1","10144,1",,,,,,,,"9,AGL   ,+99999,+99999","01,99,1,99,9,99,9,99999,9,99,9,99,9","240,M,+0294,1","240,N,+0180,1","99999,9,09410,1","9,9,999,9,+006,1",,"SYN07443125 32997 11402 10242 20197 39410 40144 333 10294 20180 58006 555 10000=",
"43125099999","2023-11-05T12:00:00","4","17.9166666","77.5333333","663.0","BIDAR, IN","FM-12","99999","V020","090,1,N,0010,1","22000,1,9,N","010000,1,9,9","+0278,1","+0174,1","10107,1",,,,,"00,1,+99999,9,99,9",,,"9,AGL   ,+99999,+99999","01,99,1,00,1,99,9,99999,9,99,9,99,9","240,M,+0302,1",,"99999,9,09384,1","9,9,999,9,+004,1",,"SYN06443125 32997 10902 10278 20174 39384 40107 80000 333 10302 58004=",
"43125099999","2023-11-06T03:00:00","4","17.9166666","77.5333333","663.0","BIDAR, IN","FM-12","99999","V020","050,1,N,0010,1","99999,9,9,N","010000,1,9,9","+0240,1","+0182,1","10145,1",,,,,,,,,,"240,M,+0302,1","240,N,+0202,1","99999,9,09410,1","9,9,999,9,+000,1",,"SYN07443125 32997 00502 10240 20182 39410 40145 333 10302 20202 58000 555 10000=",
"43125099999","2023-11-07T03:00:00","4","17.9166666","77.5333333","663.0","BIDAR, IN","FM-12","99999","V020","140,1,N,0010,1","22000,1,9,N","010000,1,9,9","+0248,1","+0210,1","10132,1",,,,,"99,9,+99999,9,06,1",,,"9,AGL   ,+99999,+99999","03,99,1,00,1,99,9,99999,9,99,9,99,9","240,M,+0294,1","240,N,+0212,1","99999,9,09400,1","9,9,999,9,-010,1",,"SYN08043125 32997 31402 10248 20210 39400 40132 80500 333 10294 20212 59010 555 10000=","Q01    003SCCGA1"
"43125099999","2023-11-07T12:00:00","4","17.9166666","77.5333333","663.0","BIDAR, IN","FM-12","99999","V020","050,1,N,0010,1","22000,1,9,N","010000,1,9,9","+0268,1","+0183,1","10108,1",,,,,"05,2,+99999,9,99,9",,,"9,AGL   ,+99999,+99999","04,99,2,05,2,99,9,99999,9,99,9,99,9","240,M,+0294,1",,"99999,9,09382,1","9,9,999,9,-006,1",,"SYN06443125 32997 40502 10268 20183 39382 40108 85000 333 10294 59006=",
"43125099999","2023-11-08T03:00:00","4","17.9166666","77.5333333","663.0","BIDAR, IN","FM-12","99999","V020","140,1,N,0010,1","22000,1,9,N","010000,1,9,9","+0232,1","+0214,1","10145,1",,,,,,,,"9,AGL   ,+99999,+99999","04,99,1,99,9,99,9,99999,9,99,9,99,9","240,M,+0294,1","240,N,+0220,1","99999,9,09410,1","9,9,999,9,+010,1",,"SYN07443125 32997 41402 10232 20214 39410 40145 333 10294 20220 58010 555 10000=",
"43125099999","2023-11-08T12:00:00","4","17.9166666","77.5333333","663.0","BIDAR, IN","FM-12","99999","V020","230,1,N,0010,1","99999,9,9,N","010000,1,9,9","+0252,1","+0214,1","10122,1",,,,,"05,1,+99999,9,99,9",,,"9,AGL   ,+99999,+99999","05,99,1,05,1,99,9,99999,9,99,9,99,9","240,M,+0284,1",,"99999,9,09392,1","9,9,999,9,+010,1",,"SYN06443125 32997 52302 10252 20214 39392 40122 85000 333 10284 58010=",
"43125099999","2023-11-09T12:00:00","4","17.9166666","77.5333333","663.0","BIDAR, IN","FM-12","99999","V020","050,1,N,0010,1","22000,1,9,N","010000,1,9,9","+0270,1","+0222,1","10129,1",,,,,"05,2,+99999,9,99,9",,,"9,AGL   ,+99999,+99999","03,99,2,05,2,99,9,99999,9,99,9,99,9","240,M,+0295,1",,"99999,9,09402,1","9,9,999,9,+010,1",,"SYN06443125 32997 30502 10270 20222 39402 40129 85000 333 10295 58010=",
"43125099999","2023-11-10T03:00:00","4","17.9166666","77.5333333","663.0","BIDAR, IN","FM-12","99999","V020","140,1,N,0010,1","22000,1,9,N","010000,1,9,9","+0236,1","+0212,1","10166,1",,,,,,,,"9,AGL   ,+99999,+99999","04,99,1,99,9,99,9,99999,9,99,9,99,9","240,M,+0295,1","240,N,+0208,1","99999,9,09430,1","9,9,999,9,+000,1",,"SYN07443125 32997 41402 10236 20212 39430 40166 333 10295 20208 58000 555 10000=",
"43125099999","2023-11-10T12:00:00","4","17.9166666","77.5333333","663.0","BIDAR, IN","FM-12","99999","V020","140,1,N,0010,1","22000,1,9,N","010000,1,9,9","+0280,1","+0165,1","10136,1",,,,,"05,2,+99999,9,99,9",,,"9,AGL   ,+99999,+99999","03,99,2,05,2,99,9,99999,9,99,9,99,9","240,M,+0304,1",,"99999,9,09410,1","9,9,999,9,+008,1",,"SYN06443125 32997 31402 10280 20165 39410 40136 85000 333 10304 58008=",
"43125099999","2023-11-11T03:00:00","4","17.9166666","77.5333333","663.0","BIDAR, IN","FM-12","99999","V020","160,1,N,0010,1","22000,1,9,N","010000,1,9,9","+0248,1","+0191,1","10175,1",,,,,"00,1,+99999,9,99,9",,,"9,AGL   ,+99999,+99999","01,99,1,00,1,99,9,99999,9,99,9,99,9","240,M,+0304,1","240,N,+0210,1","99999,9,09440,1","9,9,999,9,+010,1",,"SYN08043125 32997 11602 10248 20191 39440 40175 80000 333 10304 20210 58010 555 10000=",
"43125099999","2023-11-11T12:00:00","4","17.9166666","77.5333333","663.0","BIDAR, IN","FM-12","99999","V020","050,1,N,0010,1","22000,1,9,N","010000,1,9,9","+0284,1","+0155,1","10138,1",,,,,"00,1,+99999,9,99,9",,,"9,AGL   ,+99999,+99999","01,99,1,00,1,99,9,99999,9,99,9,99,9","240,M,+0306,1",,"99999,9,09414,1","9,9,999,9,+004,1",,"SYN06443125 32997 10502 10284 20155 39414 40138 80000 333 10306 58004=",
"43125099999","2023-11-12T03:00:00","4","17.9166666","77.5333333","663.0","BIDAR, IN","FM-12","99999","V020","050,1,N,0010,1","22000,1,9,N","010000,1,9,9","+0220,1","+0149,1","10183,1",,,,,"00,1,+99999,9,99,9",,,"9,AGL   ,+99999,+99999","01,99,1,00,1,99,9,99999,9,99,9,99,9","240,M,+0306,1","240,N,+0165,1","99999,9,09440,1","9,9,999,9,+000,1",,"SYN08043125 32997 10502 10220 20149 39440 40183 80000 333 10306 20165 58000 555 10000=",
"43125099999","2023-11-12T12:00:00","4","17.9166666","77.5333333","663.0","BIDAR, IN","FM-12","99999","V020","050,1,N,0010,1","22000,1,9,N","010000,1,9,9","+0284,1","+0139,1","10132,1",,,,,"00,1,+99999,9,99,9",,,"9,AGL   ,+99999,+99999","01,99,1,00,1,99,9,99999,9,99,9,99,9","240,M,+0302,1",,"99999,9,09410,1","9,9,999,9,-004,1",,"SYN06443125 32997 10502 10284 20139 39410 40132 80000 333 10302 59004=",
"43125099999","2023-11-13T03:00:00","4","17.9166666","77.5333333","663.0","BIDAR, IN","FM-12","99999","V020","140,1,N,0010,1","22000,1,9,N","010000,1,9,9","+0232,1","+0173,1","10182,1",,,,,"00,1,+99999,9,99,9",,,"9,AGL   ,+99999,+99999","01,99,1,00,1,99,9,99999,9,99,9,99,9","240,M,+0302,1","240,N,+0172,1","99999,9,09444,1","9,9,999,9,+004,1",,"SYN08043125 32997 11402 10232 20173 39444 40182 80000 333 10302 20172 58004 555 10000=",
"43125099999","2023-11-13T12:00:00","4","17.9166666","77.5333333","663.0","BIDAR, IN","FM-12","99999","V020","140,1,N,0010,1","22000,1,9,N","010000,1,9,9","+0284,1","+0155,1","10128,1",,,,,"00,1,+99999,9,99,9",,,"9,AGL   ,+99999,+99999","01,99,1,00,1,99,9,99999,9,99,9,99,9","240,M,+0302,1",,"99999,9,09406,1","9,9,999,9,-006,1",,"SYN06443125 32997 11402 10284 20155 39406 40128 80000 333 10302 59006=",
"43125099999","2023-11-14T03:00:00","4","17.9166666","77.5333333","663.0","BIDAR, IN","FM-12","99999","V020","050,1,N,0010,1","22000,1,9,N","010000,1,9,9","+0238,1","+0180,1","10182,1",,,,,"00,1,+99999,9,99,9",,,"9,AGL   ,+99999,+99999","01,99,1,00,1,99,9,99999,9,99,9,99,9","240,M,+0302,1","240,N,+0190,1","99999,9,09444,1","9,9,999,9,+000,1",,"SYN08043125 32997 10502 10238 20180 39444 40182 80000 333 10302 20190 58000 555 10000=",
"43125099999","2023-11-14T12:00:00","4","17.9166666","77.5333333","663.0","BIDAR, IN","FM-12","99999","V020","050,1,N,0010,1","22000,1,9,N","010000,1,9,9","+0264,1","+0133,1","10133,1",,,,,"05,2,+99999,9,99,9",,,"9,AGL   ,+99999,+99999","03,99,2,05,2,99,9,99999,9,99,9,99,9","240,M,+0286,1",,"99999,9,09406,1","9,9,999,9,+000,1",,"SYN06443125 32997 30502 10264 20133 39406 40133 85000 333 10286 58000=",
"43125099999","2023-11-15T03:00:00","4","17.9166666","77.5333333","663.0","BIDAR, IN","FM-12","99999","V020","050,1,N,0010,1","22000,1,9,N","010000,1,9,9","+0216,1","+0140,1","10180,1",,,,,"00,1,+99999,9,99,9",,,"9,AGL   ,+99999,+99999","01,99,1,00,1,99,9,99999,9,99,9,99,9","240,M,+0286,1","240,N,+0162,1","99999,9,09440,1","9,9,999,9,-004,1",,"SYN08043125 32997 10502 10216 20140 39440 40180 80000 333 10286 20162 59004 555 10000=",
"43125099999","2023-11-15T12:00:00","4","17.9166666","77.5333333","663.0","BIDAR, IN","FM-12","99999","V020","050,1,N,0010,1","22000,1,9,N","010000,1,9,9","+0264,1","+0141,1","10119,1",,,,,"00,1,+99999,9,99,9",,,"9,AGL   ,+99999,+99999","01,99,1,00,1,99,9,99999,9,99,9,99,9","240,M,+0290,1",,"99999,9,09392,1","9,9,999,9,-014,1",,"SYN06443125 32997 10502 10264 20141 39392 40119 80000 333 10290 59014=",
"43125099999","2023-11-16T03:00:00","4","17.9166666","77.5333333","663.0","BIDAR, IN","FM-12","99999","V020","050,1,N,0010,1","22000,1,9,N","010000,1,9,9","+0228,1","+0147,1","10179,1",,,,,"00,1,+99999,9,99,9",,,"9,AGL   ,+99999,+99999","01,99,1,00,1,99,9,99999,9,99,9,99,9","240,M,+0290,1","240,N,+0180,1","99999,9,09438,1","9,9,999,9,-002,1",,"SYN08043125 32997 10502 10228 20147 39438 40179 80000 333 10290 20180 59002 555 10000=",
"43125099999","2023-11-16T12:00:00","4","17.9166666","77.5333333","663.0","BIDAR, IN","FM-12","99999","V020","050,1,N,0010,1","22000,1,9,N","010000,1,9,9","+0264,1","+0133,1","10121,1",,,,,"00,1,+99999,9,99,9",,,"9,AGL   ,+99999,+99999","01,99,1,00,1,99,9,99999,9,99,9,99,9","240,M,+0286,1",,"99999,9,09394,1","9,9,999,9,+002,1",,"SYN06443125 32997 10502 10264 20133 39394 40121 80000 333 10286 58002=",
"43125099999","2023-11-17T03:00:00","4","17.9166666","77.5333333","663.0","BIDAR, IN","FM-12","99999","V020","360,1,N,0010,1","22000,1,9,N","010000,1,9,9","+0228,1","+0139,1","10181,1",,,,,"00,1,+99999,9,99,9",,,"9,AGL   ,+99999,+99999","01,99,1,00,1,99,9,99999,9,99,9,99,9","240,M,+0286,1","240,N,+0174,1","99999,9,09440,1","9,9,999,9,+002,1",,"SYN08043125 32997 13602 10228 20139 39440 40181 80000 333 10286 20174 58002 555 10000=",
"43125099999","2023-11-17T12:00:00","4","17.9166666","77.5333333","663.0","BIDAR, IN","FM-12","99999","V020","140,1,N,0010,1","22000,1,9,N","010000,1,9,9","+0276,1","+0157,1","10119,1",,,,,"00,1,+99999,9,99,9",,,"9,AGL   ,+99999,+99999","01,99,1,00,1,99,9,99999,9,99,9,99,9","240,M,+0300,1",,"99999,9,09394,1","9,9,999,9,+000,1",,"SYN06443125 32997 11402 10276 20157 39394 40119 80000 333 10300 58000=",
"43125099999","2023-11-18T03:00:00","4","17.9166666","77.5333333","663.0","BIDAR, IN","FM-12","99999","V020","050,1,N,0010,1","22000,1,9,N","010000,1,9,9","+0236,1","+0164,1","10156,1",,,,,"00,1,+99999,9,99,9",,,"9,AGL   ,+99999,+99999","01,99,1,00,1,99,9,99999,9,99,9,99,9","240,M,+0300,1","240,N,+0200,1","99999,9,09420,1","9,9,999,9,-020,1",,"SYN08043125 32997 10502 10236 20164 39420 40156 80000 333 10300 20200 59020 555 10000=",
"43125099999","2023-11-18T12:00:00","4","17.9166666","77.5333333","663.0","BIDAR, IN","FM-12","99999","V020","140,1,N,0010,1","22000,1,9,N","010000,1,9,9","+0282,1","+0133,1","10114,1",,,,,"00,1,+99999,9,99,9",,,"9,AGL   ,+99999,+99999","01,99,1,00,1,99,9,99999,9,99,9,99,9","240,M,+0300,1",,"99999,9,09392,1","9,9,999,9,-002,1",,"SYN06443125 32997 11402 10282 20133 39392 40114 80000 333 10300 59002=",
"43125099999","2023-11-19T12:00:00","4","17.9166666","77.5333333","663.0","BIDAR, IN","FM-12","99999","V020","140,1,N,0010,1","22000,1,9,N","010000,1,9,9","+0274,1","+0146,1","10125,1",,,,,,,,"9,AGL   ,+99999,+99999","01,99,1,99,9,99,9,99999,9,99,9,99,9","240,M,+0292,1",,"99999,9,09400,1","9,9,999,9,+008,1",,"SYN05843125 32997 11402 10274 20146 39400 40125 333 10292 58008=",
"43125099999","2023-11-20T03:00:00","4","17.9166666","77.5333333","663.0","BIDAR, IN","FM-12","99999","V020","050,1,N,0010,1","22000,1,9,N","010000,1,9,9","+0220,1","+0152,1","10164,1",,,,,"00,1,+99999,9,99,9",,,"9,AGL   ,+99999,+99999","01,99,1,00,1,99,9,99999,9,99,9,99,9","240,M,+0292,1","240,N,+0164,1","99999,9,09422,1","9,9,999,9,+010,1",,"SYN08043125 32997 10502 10220 20152 39422 40164 80000 333 10292 20164 58010 555 10000=",
"43125099999","2023-11-20T12:00:00","4","17.9166666","77.5333333","663.0","BIDAR, IN","FM-12","99999","V020","090,1,N,0010,1","22000,1,9,N","010000,1,9,9","+0278,1","+0127,1","10127,1",,,,,"00,1,+99999,9,99,9",,,"9,AGL   ,+99999,+99999","01,99,1,00,1,99,9,99999,9,99,9,99,9","240,M,+0298,1",,"99999,9,09402,1","9,9,999,9,+002,1",,"SYN06443125 32997 10902 10278 20127 39402 40127 80000 333 10298 58002=",
"43125099999","2023-11-21T03:00:00","4","17.9166666","77.5333333","663.0","BIDAR, IN","FM-12","99999","V020","050,1,N,0010,1","22000,1,9,N","010000,1,9,9","+0234,1","+0161,1","10158,1",,,,,"00,1,+99999,9,99,9",,,"9,AGL   ,+99999,+99999","01,99,1,00,1,99,9,99999,9,99,9,99,9","240,M,+0298,1","240,N,+0168,1","99999,9,09422,1","9,9,999,9,+000,1",,"SYN08043125 32997 10502 10234 20161 39422 40158 80000 333 10298 20168 58000 555 10000=",
"43125099999","2023-11-21T12:00:00","4","17.9166666","77.5333333","663.0","BIDAR, IN","FM-12","99999","V020","050,1,N,0010,1","22000,1,9,N","010000,1,9,9","+0282,1","+0137,1","10130,1",,,,,"00,1,+99999,9,99,9",,,"9,AGL   ,+99999,+99999","01,99,1,00,1,99,9,99999,9,99,9,99,9","240,M,+0298,1",,"99999,9,09408,1","9,9,999,9,+006,1",,"SYN06443125 32997 10502 10282 20137 39408 40130 80000 333 10298 58006=",
"43125099999","2023-11-22T03:00:00","4","17.9166666","77.5333333","663.0","BIDAR, IN","FM-12","99999","V020","300,1,N,0010,1","22000,1,9,N","010000,1,9,9","+0228,1","+0179,1","10149,1",,,,,"00,1,+99999,9,99,9",,,"9,AGL   ,+99999,+99999","01,99,1,00,1,99,9,99999,9,99,9,99,9","240,M,+0298,1","240,N,+0180,1","99999,9,09410,1","9,9,999,9,+008,1",,"SYN08043125 32997 13002 10228 20179 39410 40149 80000 333 10298 20180 58008 555 10000=",
"43125099999","2023-11-22T12:00:00","4","17.9166666","77.5333333","663.0","BIDAR, IN","FM-12","99999","V020","140,1,N,0010,1","22000,1,9,N","010000,1,9,9","+0282,1","+0157,1","10122,1",,,,,"00,1,+99999,9,99,9",,,"9,AGL   ,+99999,+99999","01,99,1,00,1,99,9,99999,9,99,9,99,9","240,M,+0304,1",,"99999,9,09400,1","9,9,999,9,-008,1",,"SYN06443125 32997 11402 10282 20157 39400 40122 80000 333 10304 59008=",
"43125099999","2023-11-23T03:00:00","4","17.9166666","77.5333333","663.0","BIDAR, IN","FM-12","99999","V020","140,1,N,0010,1","22000,1,9,N","010000,1,9,9","+0238,1","+0199,1","10148,1",,,,,"00,1,+99999,9,99,9",,,"9,AGL   ,+99999,+99999","01,99,1,00,1,99,9,99999,9,99,9,99,9","240,M,+0304,1","240,N,+0195,1","99999,9,09412,1","9,9,999,9,+002,1",,"SYN08043125 32997 11402 10238 20199 39412 40148 80000 333 10304 20195 58002 555 10000=",
"43125099999","2023-11-23T12:00:00","4","17.9166666","77.5333333","663.0","BIDAR, IN","FM-12","99999","V020","140,1,N,0010,1","22000,1,9,N","010000,1,9,9","+0250,1","+0190,1","10111,1",,,,,"05,2,+99999,9,99,9",,,"9,AGL   ,+99999,+99999","03,99,2,05,2,99,9,99999,9,99,9,99,9","240,M,+0290,1",,"99999,9,09380,1","9,9,999,9,-020,1",,"SYN06443125 32997 31402 10250 20190 39380 40111 85000 333 10290 59020=",
"43125099999","2023-11-24T03:00:00","4","17.9166666","77.5333333","663.0","BIDAR, IN","FM-12","99999","V020","050,1,N,0010,1","22000,1,9,N","010000,1,9,9","+0224,1","+0200,1","10151,1",,,,,"05,2,+99999,9,99,9",,,"9,AGL   ,+99999,+99999","04,99,2,05,2,99,9,99999,9,99,9,99,9","240,M,+0290,1","240,N,+0205,1","99999,9,09412,1","9,9,999,9,+000,1",,"SYN08043125 32997 40502 10224 20200 39412 40151 85000 333 10290 20205 58000 555 10000=",
"43125099999","2023-11-25T03:00:00","4","17.9166666","77.5333333","663.0","BIDAR, IN","FM-12","99999","V020","140,1,N,0010,1","22000,1,9,N","010000,1,9,9","+0230,1","+0187,1","10163,1","24,0070,3,2","24,0072,3,2",,,"00,1,+99999,9,99,9",,,"9,AGL   ,+99999,+99999","01,99,1,00,1,99,9,99999,9,99,9,99,9","240,M,+0272,1","240,N,+0208,1","99999,9,09424,1","9,9,999,9,+012,1",,"SYN09843125 22997 11402 10230 20187 39424 40163 80000 333 10272 20208 58012 6007/ 70072 555 00072 10007=",
"43125099999","2023-11-25T12:00:00","4","17.9166666","77.5333333","663.0","BIDAR, IN","FM-12","99999","V020","140,1,N,0010,1","22000,1,9,N","010000,1,9,9","+0264,1","+0182,1","10127,1",,,,,"05,2,+99999,9,99,9",,,"9,AGL   ,+99999,+99999","03,99,2,05,2,99,9,99999,9,99,9,99,9","240,M,+0290,1",,"99999,9,09400,1","9,9,999,9,+010,1",,"SYN06443125 32997 31402 10264 20182 39400 40127 85000 333 10290 58010=",
"43125099999","2023-11-26T03:00:00","4","17.9166666","77.5333333","663.0","BIDAR, IN","FM-12","99999","V020","180,1,N,0010,1","22000,1,9,N","010000,1,9,9","+0228,1","+0204,1","10173,1",,,,,"00,1,+99999,9,99,9",,,"9,AGL   ,+99999,+99999","01,99,1,00,1,99,9,99999,9,99,9,99,9","240,M,+0290,1","240,N,+0205,1","99999,9,09432,1","9,9,999,9,+008,1",,"SYN08043125 32997 11802 10228 20204 39432 40173 80000 333 10290 20205 58008 555 10007=",
"43125099999","2023-11-27T12:00:00","4","17.9166666","77.5333333","663.0","BIDAR, IN","FM-12","99999","V020","090,1,N,0010,1","22000,1,9,N","010000,1,9,9","+0262,1","+0176,1","10127,1",,,,,"05,2,+99999,9,99,9",,,"9,AGL   ,+99999,+99999","04,99,2,05,2,99,9,99999,9,99,9,99,9","240,M,+0295,1",,"99999,9,09400,1","9,9,999,9,-008,1",,"SYN06443125 32997 40902 10262 20176 39400 40127 85000 333 10295 59008=",
"43125099999","2023-11-28T03:00:00","4","17.9166666","77.5333333","663.0","BIDAR, IN","FM-12","99999","V020","180,1,N,0010,1","22000,1,9,N","010000,1,9,9","+0232,1","+0183,1","10156,1",,,,,"00,1,+99999,9,99,9",,,"9,AGL   ,+99999,+99999","01,99,1,00,1,99,9,99999,9,99,9,99,9","240,M,+0295,1","240,N,+0195,1","99999,9,09420,1","9,9,999,9,-012,1",,"SYN08043125 32997 11802 10232 20183 39420 40156 80000 333 10295 20195 59012 555 10007=",
"43125099999","2023-11-29T03:00:00","4","17.9166666","77.5333333","663.0","BIDAR, IN","FM-12","99999","V020","140,1,N,0010,1","22000,1,9,N","010000,1,9,9","+0222,1","+0188,1","10151,1","24,0600,3,1",,,,"05,2,+99999,9,99,9",,,"9,AGL   ,+99999,+99999","04,99,2,05,2,99,9,99999,9,99,9,99,9","240,M,+0295,1","240,N,+0185,1","99999,9,09412,1","9,9,999,9,-008,1",,"SYN09243125 22997 41402 10222 20188 39412 40151 85000 333 10295 20185 59008 6060/ 70600 555 10067=",
"43125099999","2023-11-29T12:00:00","4","17.9166666","77.5333333","663.0","BIDAR, IN","FM-12","99999","V020","090,1,N,0010,1","22000,1,9,N","010000,1,9,9","+0260,1","+0177,1","10106,1",,,,,"05,2,+99999,9,99,9",,,"9,AGL   ,+99999,+99999","04,99,2,05,2,99,9,99999,9,99,9,99,9","240,M,+0295,1",,"99999,9,09378,1","9,9,999,9,-004,1",,"SYN06443125 32997 40902 10260 20177 39378 40106 85000 333 10295 59004=",
"43125099999","2023-11-30T03:00:00","4","17.9166666","77.5333333","663.0","BIDAR, IN","FM-12","99999","V020","140,1,N,0010,1","22000,1,9,N","010000,1,9,9","+0230,1","+0200,1","10159,1",,,,,"04,1,+99999,9,06,1",,,"9,AGL   ,+99999,+99999","04,99,1,04,1,99,9,99999,9,99,9,99,9","240,M,+0295,1","240,N,+0196,1","99999,9,09420,1","9,9,999,9,+008,1",,"SYN08043125 32997 41402 10230 20200 39420 40159 84500 333 10295 20196 58008 555 10067=",
"43125099999","2023-11-30T12:00:00","4","17.9166666","77.5333333","663.0","BIDAR, IN","FM-12","99999","V020","110,1,N,0010,1","99999,9,9,N","010000,1,9,9","+0264,1","+0195,1","10110,1",,,,,"05,1,+99999,9,99,9",,,"9,AGL   ,+99999,+99999","05,99,1,05,1,99,9,99999,9,99,9,99,9","240,M,+0296,1",,"99999,9,09384,1","9,9,999,9,+006,1",,"SYN06443125 32997 51102 10264 20195 39384 40110 85000 333 10296 58006=",
"43125099999","2023-12-01T03:00:00","4","17.9166666","77.5333333","663.0","BIDAR, IN","FM-12","99999","V020","140,1,N,0010,1","22000,1,9,N","010000,1,9,9","+0226,1","+0176,1","10159,1",,,,,"00,1,+99999,9,99,9",,,"9,AGL   ,+99999,+99999","01,99,1,00,1,99,9,99999,9,99,9,99,9","240,M,+0296,1","240,N,+0184,1","99999,9,09420,1","9,9,999,9,+000,1",,"SYN08043125 32997 11402 10226 20176 39420 40159 80000 333 10296 20184 58000 555 10067=",
"43125099999","2023-12-02T03:00:00","4","17.9166666","77.5333333","663.0","BIDAR, IN","FM-12","99999","V020","050,1,N,0010,1","22000,1,9,N","010000,1,9,9","+0226,1","+0180,1","10153,1",,,,,"00,1,+99999,9,99,9",,,"9,AGL   ,+99999,+99999","01,99,1,00,1,99,9,99999,9,99,9,99,9","240,M,+0292,1","240,N,+0166,1","99999,9,09414,1","9,9,999,9,-006,1",,"SYN08043125 32997 10502 10226 20180 39414 40153 80000 333 10292 20166 59006 555 10067=",
"43125099999","2023-12-02T12:00:00","4","17.9166666","77.5333333","663.0","BIDAR, IN","FM-12","99999","V020","050,1,N,0010,1","22000,1,9,N","010000,1,9,9","+0274,1","+0162,1","10105,1",,,,,"00,1,+99999,9,99,9",,,"9,AGL   ,+99999,+99999","01,99,1,00,1,99,9,99999,9,99,9,99,9","240,M,+0290,1",,"99999,9,09382,1","9,9,999,9,+000,1",,"SYN06443125 32997 10502 10274 20162 39382 40105 80000 333 10290 58000=",
"43125099999","2023-12-03T03:00:00","4","17.9166666","77.5333333","663.0","BIDAR, IN","FM-12","99999","V020","050,1,N,0010,1","22000,1,9,N","010000,1,9,9","+0234,1","+0185,1","10150,1",,,,,"00,1,+99999,9,99,9",,,"9,AGL   ,+99999,+99999","01,99,1,00,1,99,9,99999,9,99,9,99,9","240,M,+0290,1","240,N,+0190,1","99999,9,09414,1","9,9,999,9,+000,1",,"SYN08043125 32997 10502 10234 20185 39414 40150 80000 333 10290 20190 58000 555 10067=",
"43125099999","2023-12-03T12:00:00","4","17.9166666","77.5333333","663.0","BIDAR, IN","FM-12","99999","V020","050,1,N,0010,1","22000,1,9,N","010000,1,9,9","+0270,1","+0179,1","10106,1",,,,,"05,2,+99999,9,99,9",,,"9,AGL   ,+99999,+99999","03,99,2,05,2,99,9,99999,9,99,9,99,9","240,M,+0290,1",,"99999,9,09380,1","9,9,999,9,-002,1",,"SYN06443125 32997 30502 10270 20179 39380 40106 85000 333 10290 59002=",
"43125099999","2023-12-04T12:00:00","4","17.9166666","77.5333333","663.0","BIDAR, IN","FM-12","99999","V020","360,1,N,0010,1","22000,1,9,N","010000,1,9,9","+0250,1","+0173,1","10091,1",,,,,"05,2,+99999,9,99,9",,,"9,AGL   ,+99999,+99999","04,99,2,05,2,99,9,99999,9,99,9,99,9","240,M,+0280,1",,"99999,9,09362,1","9,9,999,9,-018,1",,"SYN06443125 32997 43602 10250 20173 39362 40091 85000 333 10280 59018=",
"43125099999","2023-12-05T03:00:00","4","17.9166666","77.5333333","663.0","BIDAR, IN","FM-12","99999","V020","050,1,N,0010,1","99999,9,9,N","010000,1,9,9","+0208,1","+0186,1","10138,1",,,,,"05,1,+99999,9,99,9",,,"9,AGL   ,+99999,+99999","05,99,1,05,1,99,9,99999,9,99,9,99,9","240,M,+0280,1","240,N,+0204,1","99999,9,09395,1","9,9,999,9,-025,1",,"SYN08043125 32997 50502 10208 20186 39395 40138 85000 333 10280 20204 59025 555 10067=",
"43125099999","2023-12-05T12:00:00","4","17.9166666","77.5333333","663.0","BIDAR, IN","FM-12","99999","V020","050,1,N,0010,1","99999,9,9,N","010000,1,9,9","+0214,1","+0205,1","10097,1",,,,,"05,1,+99999,9,99,9",,,"9,AGL   ,+99999,+99999","05,99,1,05,1,99,9,99999,9,99,9,99,9","240,M,+0254,1",,"99999,9,09360,1","9,9,999,9,-002,1",,"SYN06443125 32997 50502 10214 20205 39360 40097 85000 333 10254 59002=",
"43125099999","2023-12-06T03:00:00","4","17.9166666","77.5333333","663.0","BIDAR, IN","FM-12","99999","V020","010,1,N,0494,2","22000,1,9,N","010000,1,9,9","+9999,9","+0177,1","10137,1",,,,,"05,2,+99999,9,99,9",,,"9,AGL   ,+99999,+99999","01,99,2,05,2,99,9,99999,9,99,9,99,9","240,M,+0254,1","240,N,+0186,1","99999,9,09392,1","9,9,999,9,-003,1",,"SYN07443125 32997 10196 20177 39392 40137 85000 333 10254 20186 59003 555 10067=",
"43125099999","2023-12-06T12:00:00","4","17.9166666","77.5333333","663.0","BIDAR, IN","FM-12","99999","V020","300,1,N,0010,1","99999,9,9,N","010000,1,9,9","+0214,1","+0190,1","10101,1",,,,,"05,1,+99999,9,99,9",,,"9,AGL   ,+99999,+99999","06,99,1,05,1,99,9,99999,9,99,9,99,9","240,M,+0224,1",,"99999,9,09364,1","9,9,999,9,+004,1",,"SYN06443125 32997 63002 10214 20190 39364 40101 85000 333 10224 58004=",
"43125099999","2023-12-07T03:00:00","4","17.9166666","77.5333333","663.0","BIDAR, IN","FM-12","99999","V020","050,1,N,0010,1","99999,9,9,N","010000,1,9,9","+0188,1","+0182,1","10158,1",,,,,"05,1,+99999,9,99,9",,,"9,AGL   ,+99999,+99999","05,99,1,05,1,99,9,99999,9,99,9,99,9","240,M,+0224,1","240,N,+0180,1","99999,9,09410,1","9,9,999,9,+018,1",,"SYN08043125 32997 50502 10188 20182 39410 40158 85000 333 10224 20180 58018 555 10067=",
"43125099999","2023-12-07T12:00:00","4","17.9166666","77.5333333","663.0","BIDAR, IN","FM-12","99999","V020","050,1,N,0010,1","22000,1,9,N","010000,1,9,9","+0214,1","+0180,1","10121,1",,,,,"00,1,+99999,9,99,9",,,"9,AGL   ,+99999,+99999","01,99,1,00,1,99,9,99999,9,99,9,99,9","240,M,+0224,1",,"99999,9,09382,1","9,9,999,9,+018,1",,"SYN06443125 32997 10502 10214 20180 39382 40121 80000 333 10224 58018=",
"43125099999","2023-12-08T03:00:00","4","17.9166666","77.5333333","663.0","BIDAR, IN","FM-12","99999","V020","140,1,N,0010,1","22000,1,9,N","010000,1,9,9","+0180,1","+0167,1","10172,1",,,,,"00,1,+99999,9,99,9",,,"9,AGL   ,+99999,+99999","01,99,1,00,1,99,9,99999,9,99,9,99,9","240,M,+0224,1","240,N,+0144,1","99999,9,09420,1","9,9,999,9,+010,1",,"SYN08043125 32997 11402 10180 20167 39420 40172 80000 333 10224 20144 58010 555 10067=",
"43125099999","2023-12-09T03:00:00","4","17.9166666","77.5333333","663.0","BIDAR, IN","FM-12","99999","V020","050,1,N,0010,1","22000,1,9,N","010000,1,9,9","+0200,1","+0165,1","10177,1",,,,,"00,1,+99999,9,99,9",,,"9,AGL   ,+99999,+99999","01,99,1,00,1,99,9,99999,9,99,9,99,9","240,M,+0266,1","240,N,+0158,1","99999,9,09430,1","9,9,999,9,+010,1",,"SYN08043125 32997 10502 10200 20165 39430 40177 80000 333 10266 20158 58010 555 10067=",
"43125099999","2023-12-10T03:00:00","4","17.9166666","77.5333333","663.0","BIDAR, IN","FM-12","99999","V020","090,1,N,0010,1","22000,1,9,N","010000,1,9,9","+0198,1","+0156,1","10186,1",,,,,"00,1,+99999,9,99,9",,,"9,AGL   ,+99999,+99999","01,99,1,00,1,99,9,99999,9,99,9,99,9","240,M,+0284,1","240,N,+0168,1",,"9,9,999,9,+008,1",,"SYN08043125 32997 10902 10198 20156 34380 40186 80000 333 10284 20168 58008 555 10067=",
"43125099999","2023-12-10T12:00:00","4","17.9166666","77.5333333","663.0","BIDAR, IN","FM-12","99999","V020","140,1,N,0010,1","22000,1,9,N","010000,1,9,9","+0264,1","+0141,1","10127,1",,,,,"00,1,+99999,9,99,9",,,"9,AGL   ,+99999,+99999","01,99,1,00,1,99,9,99999,9,99,9,99,9","240,M,+0280,1",,"99999,9,09400,1","9,9,999,9,+010,1",,"SYN06443125 32997 11402 10264 20141 39400 40127 80000 333 10280 58010=",
"43125099999","2023-12-11T03:00:00","4","17.9166666","77.5333333","663.0","BIDAR, IN","FM-12","99999","V020","230,1,N,0010,1","22000,1,9,N","010000,1,9,9","+0192,1","+0139,1","10186,1",,,,,"00,1,+99999,9,99,9",,,"9,AGL   ,+99999,+99999","01,99,1,00,1,99,9,99999,9,99,9,99,9","240,M,+0280,1","240,N,+0140,1","99999,9,09438,1","9,9,999,9,+000,1",,"SYN08043125 32997 12302 10192 20139 39438 40186 80000 333 10280 20140 58000 555 10067=",
"43125099999","2023-12-12T03:00:00","4","17.9166666","77.5333333","663.0","BIDAR, IN","FM-12","99999","V020","140,1,N,0010,1","22000,1,9,N","010000,1,9,9","+0212,1","+0136,1","10164,1",,,,,"00,1,+99999,9,99,9",,,"9,AGL   ,+99999,+99999","01,99,1,00,1,99,9,99999,9,99,9,99,9","240,M,+0276,1","240,N,+0155,1","99999,9,09422,1","9,9,999,9,-016,1",,"SYN08043125 32997 11402 10212 20136 39422 40164 80000 333 10276 20155 59016 555 10067=",
"43125099999","2023-12-14T03:00:00","4","17.9166666","77.5333333","663.0","BIDAR, IN","FM-12","99999","V020","140,1,N,0010,1","22000,1,9,N","010000,1,9,9","+0218,1","+0139,1","10183,1",,,,,"00,1,+99999,9,99,9",,,"9,AGL   ,+99999,+99999","01,99,1,00,1,99,9,99999,9,99,9,99,9","240,M,+0270,1","240,N,+0140,1","99999,9,09440,1",,,"SYN07443125 32997 11402 10218 20139 39440 40183 80000 333 10270 20140 555 10067=",
"43125099999","2023-12-14T12:00:00","4","17.9166666","77.5333333","663.0","BIDAR, IN","FM-12","99999","V020","050,1,N,0010,1","22000,1,9,N","010000,1,9,9","+0244,1","+0119,1","10132,1",,,,,"00,1,+99999,9,99,9",,,"9,AGL   ,+99999,+99999","01,99,1,00,1,99,9,99999,9,99,9,99,9","240,M,+0264,1",,"99999,9,09400,1","9,9,999,9,+002,1",,"SYN06443125 32997 10502 10244 20119 39400 40132 80000 333 10264 58002=",
"43125099999","2023-12-15T03:00:00","4","17.9166666","77.5333333","663.0","BIDAR, IN","FM-12","99999","V020","140,1,N,0010,1","22000,1,9,N","010000,1,9,9","+0200,1","+0137,1","10192,1",,,,,"00,1,+99999,9,99,9",,,"9,AGL   ,+99999,+99999","01,99,1,00,1,99,9,99999,9,99,9,99,9","240,M,+0264,1","240,N,+0134,1","99999,9,09444,1","9,9,999,9,+004,1",,"SYN08043125 32997 11402 10200 20137 39444 40192 80000 333 10264 20134 58004 555 10067=",
"43125099999","2023-12-15T12:00:00","4","17.9166666","77.5333333","663.0","BIDAR, IN","FM-12","99999","V020","140,1,N,0010,1","22000,1,9,N","010000,1,9,9","+0240,1","+0118,1","10145,1",,,,,"00,1,+99999,9,99,9",,,"9,AGL   ,+99999,+99999","01,99,1,00,1,99,9,99999,9,99,9,99,9","240,M,+0260,1",,"99999,9,09410,1","9,9,999,9,+010,1",,"SYN06443125 32997 11402 10240 20118 39410 40145 80000 333 10260 58010=",
"43125099999","2023-12-16T03:00:00","4","17.9166666","77.5333333","663.0","BIDAR, IN","FM-12","99999","V020","050,1,N,0010,1","22000,1,9,N","010000,1,9,9","+0190,1","+0158,1","10183,1",,,,,"05,2,+99999,9,99,9",,,"9,AGL   ,+99999,+99999","04,99,2,05,2,99,9,99999,9,99,9,99,9","240,M,+0260,1","240,N,+0160,1","99999,9,09432,1","9,9,999,9,-012,1",,"SYN08043125 32997 40502 10190 20158 39432 40183 85000 333 10260 20160 59012 555 10067=",
"43125099999","2023-12-16T12:00:00","4","17.9166666","77.5333333","663.0","BIDAR, IN","FM-12","99999","V020","050,1,N,0010,1","22000,1,9,N","010000,1,9,9","+0238,1","+0151,1","10137,1",,,,,"05,2,+99999,9,99,9",,,"9,AGL   ,+99999,+99999","04,99,2,05,2,99,9,99999,9,99,9,99,9","240,M,+0258,1",,"99999,9,09020,2","9,9,999,9,-008,1",,"SYN06443125 32997 40502 10238 20151 39020 40137 85000 333 10258 59008=",
"43125099999","2023-12-18T03:00:00","4","17.9166666","77.5333333","663.0","BIDAR, IN","FM-12","99999","V020","050,1,N,0010,1","22000,1,9,N","010000,1,9,9","+0198,1","+0123,1","10188,1",,,,,"05,2,+99999,9,99,9",,,"9,AGL   ,+99999,+99999","02,99,2,05,2,99,9,99999,9,99,9,99,9","240,M,+0262,1","240,N,+0160,1","99999,9,09440,1","9,9,999,9,+014,1",,"SYN08043125 32997 20502 10198 20123 39440 40188 85000 333 10262 20160 58014 555 10067=",
"43125099999","2023-12-18T12:00:00","4","17.9166666","77.5333333","663.0","BIDAR, IN","FM-12","99999","V020","050,1,N,0010,1","22000,1,9,N","010000,1,9,9","+0246,1","+0130,1","10146,1",,,,,"05,2,+99999,9,99,9",,,"9,AGL   ,+99999,+99999","03,99,2,05,2,99,9,99999,9,99,9,99,9","240,M,+0256,1",,"99999,9,09412,1","9,9,999,9,+010,1",,"SYN06443125 32997 30502 10246 20130 39412 40146 85000 333 10256 58010=",
"43125099999","2023-12-19T03:00:00","4","17.9166666","77.5333333","663.0","BIDAR, IN","FM-12","99999","V020","050,1,N,0010,1","22000,1,9,N","010000,1,9,9","+0188,1","+0081,1","10201,1",,,,,"05,2,+99999,9,99,9",,,"9,AGL   ,+99999,+99999","03,99,2,05,2,99,9,99999,9,99,9,99,9","240,M,+0256,1","240,N,+0150,1","99999,9,09450,1","9,9,999,9,+010,1",,"SYN08043125 32997 30502 10188 20081 39450 40201 85000 333 10256 20150 58010 555 10067=",
"43125099999","2023-12-20T03:00:00","4","17.9166666","77.5333333","663.0","BIDAR, IN","FM-12","99999","V020","050,1,N,0010,1","22000,1,9,N","010000,1,9,9","+0190,1","+0097,1","10201,1",,,,,"00,1,+99999,9,99,9",,,"9,AGL   ,+99999,+99999","01,99,1,00,1,99,9,99999,9,99,9,99,9","240,M,+0250,1","240,N,+0125,1","99999,9,09450,1","9,9,999,9,+000,1",,"SYN08043125 32997 10502 10190 20097 39450 40201 80000 333 10250 20125 58000 555 10067=",
"43125099999","2023-12-21T03:00:00","4","17.9166666","77.5333333","663.0","BIDAR, IN","FM-12","99999","V020","140,1,N,0010,1","22000,1,9,N","010000,1,9,9","+0192,1","+0095,1","10188,1",,,,,"00,1,+99999,9,99,9",,,"9,AGL   ,+99999,+99999","01,99,1,00,1,99,9,99999,9,99,9,99,9","240,M,+0258,1","240,N,+0115,1","99999,9,09440,1","9,9,999,9,-010,1",,"SYN08043125 32997 11402 10192 20095 39440 40188 80000 333 10258 20115 59010 555 10067=",
"43125099999","2023-12-21T12:00:00","4","17.9166666","77.5333333","663.0","BIDAR, IN","FM-12","99999","V020","050,1,N,0010,1","22000,1,9,N","010000,1,9,9","+0240,1","+0082,1","10145,1",,,,,"00,1,+99999,9,99,9",,,"9,AGL   ,+99999,+99999","01,99,1,00,1,99,9,99999,9,99,9,99,9","240,M,+0268,1",,"99999,9,09410,1","9,9,999,9,-002,1",,"SYN06443125 32997 10502 10240 20082 39410 40145 80000 333 10268 59002=",
"43125099999","2023-12-22T03:00:00","4","17.9166666","77.5333333","663.0","BIDAR, IN","FM-12","99999","V020","140,1,N,0010,1","22000,1,9,N","010000,1,9,9","+0212,1","+0090,1","10181,1",,,,,"00,1,+99999,9,99,9",,,"9,AGL   ,+99999,+99999","01,99,1,00,1,99,9,99999,9,99,9,99,9","240,M,+0268,1","240,N,+0104,1","99999,9,09438,1","9,9,999,9,-002,1",,"SYN08043125 32997 11402 10212 20090 39438 40181 80000 333 10268 20104 59002 555 10067=",
"43125099999","2023-12-22T12:00:00","4","17.9166666","77.5333333","663.0","BIDAR, IN","FM-12","99999","V020","050,1,N,0010,1","22000,1,9,N","010000,1,9,9","+0262,1","+0041,1","10137,1",,,,,"05,2,+99999,9,99,9",,,"9,AGL   ,+99999,+99999","04,99,2,05,2,99,9,99999,9,99,9,99,9","240,M,+0282,1",,"99999,9,09410,1","9,9,999,9,+000,1",,"SYN06443125 32997 40502 10262 20041 39410 40137 85000 333 10282 58000=",
"43125099999","2023-12-23T12:00:00","4","17.9166666","77.5333333","663.0","BIDAR, IN","FM-12","99999","V020","050,1,N,0010,1","22000,1,9,N","010000,1,9,9","+0272,1","+0086,1","10140,1",,,,,"00,1,+99999,9,99,9",,,"9,AGL   ,+99999,+99999","01,99,1,00,1,99,9,99999,9,99,9,99,9","240,M,+0284,1",,"99999,9,09414,1","9,9,999,9,+004,1",,"SYN06443125 32997 10502 10272 20086 39414 40140 80000 333 10284 58004=",
"43125099999","2023-12-24T03:00:00","4","17.9166666","77.5333333","663.0","BIDAR, IN","FM-12","99999","V020","050,1,N,0010,1","22000,1,9,N","010000,1,9,9","+0176,1","+0109,1","10207,1",,,,,"00,1,+99999,9,99,9",,,"9,AGL   ,+99999,+99999","01,99,1,00,1,99,9,99999,9,99,9,99,9","240,M,+0284,1","240,N,+0120,1","99999,9,09452,1","9,9,999,9,+012,1",,"SYN08043125 32997 10502 10176 20109 39452 40207 80000 333 10284 20120 58012 555 10067=",
"43125099999","2023-12-24T12:00:00","4","17.9166666","77.5333333","663.0","BIDAR, IN","FM-12","99999","V020","050,1,N,0010,1","22000,1,9,N","010000,1,9,9","+0264,1","+0103,1","10129,1",,,,,"00,1,+99999,9,99,9",,,"9,AGL   ,+99999,+99999","01,99,1,00,1,99,9,99999,9,99,9,99,9","240,M,+0280,1",,"99999,9,09420,1","9,9,999,9,+006,1",,"SYN06443125 32997 10502 10264 20103 39420 40129 80000 333 10280 58006=",
"43125099999","2023-12-27T03:00:00","4","17.9166666","77.5333333","663.0","BIDAR, IN","FM-12","99999","V020","180,1,N,0010,1","22000,1,9,N","010000,1,9,9","+0196,1","+0174,1","10210,1",,,,,"00,1,+99999,9,99,9",,,"9,AGL   ,+99999,+99999","01,99,1,00,1,99,9,99999,9,99,9,99,9","240,M,+0290,1","240,N,+0140,1","99999,9,09460,1","9,9,999,9,+022,1",,"SYN08043125 32997 11802 10196 20174 39460 40210 80000 333 10290 20140 58022 555 10067=",
"43125099999","2023-12-27T12:00:00","4","17.9166666","77.5333333","663.0","BIDAR, IN","FM-12","99999","V020","050,1,N,0010,1","22000,1,9,N","010000,1,9,9","+0260,1","+0136,1","10143,1",,,,,"00,1,+99999,9,99,9",,,"9,AGL   ,+99999,+99999","01,99,1,00,1,99,9,99999,9,99,9,99,9","240,M,+0284,1",,"99999,9,09412,1","9,9,999,9,-008,1",,"SYN06443125 32997 10502 10260 20136 39412 40143 80000 333 10284 59008=",
"43125099999","2023-12-30T03:00:00","4","17.9166666","77.5333333","663.0","BIDAR, IN","FM-12","99999","V020","140,1,N,0010,1","22000,1,9,N","010000,1,9,9","+0216,1","+0165,1","10183,1",,,,,"00,1,+99999,9,99,9",,,"9,AGL   ,+99999,+99999","01,99,1,00,1,99,9,99999,9,99,9,99,9","240,M,+0274,1","240,N,+0135,1","99999,9,09440,1","9,9,999,9,-008,1",,"SYN08043125 32997 11402 10216 20165 39440 40183 80000 333 10274 20135 59008 555 10064=",
"43125099999","2023-12-30T12:00:00","4","17.9166666","77.5333333","663.0","BIDAR, IN","FM-12","99999","V020","140,1,N,0010,1","22000,1,9,N","010000,1,9,9","+0264,1","+0141,1","10153,1",,,,,"99,9,+99999,9,00,1",,,"9,AGL   ,+99999,+99999","01,99,1,00,1,99,9,99999,9,99,9,99,9","240,M,+0282,1",,"99999,9,09414,1","9,9,999,9,+004,1",,"SYN06443125 32997 11402 10264 20141 39414 40153 80001 333 10282 58004=","Q01    003SCCGA1"
"43125099999","2023-12-31T03:00:00","4","17.9166666","77.5333333","663.0","BIDAR, IN","FM-12","99999","V020","090,1,N,0010,1","22000,1,9,N","010000,1,9,9","+0188,1","+0127,1","10191,1",,,,,"00,1,+99999,9,99,9",,,"9,AGL   ,+99999,+99999","01,99,1,00,1,99,9,99999,9,99,9,99,9","240,M,+0282,1","240,N,+0136,1","99999,9,09440,1","9,9,999,9,+000,1",,"SYN08043125 32997 10902 10188 20127 39440 40191 80000 333 10282 20136 58000 555 10067=",
