"STATION","DATE","SOURCE","LATITUDE","LONGITUDE","ELEVATION","NAME","REPORT_TYPE","CALL_SIGN","QUALITY_CONTROL","WND","CIG","VIS","TMP","DEW","SLP","AA1","AY1","AY2","AZ1","AZ2","GA1","GA2","GA3","GA4","GE1","GF1","KA1","KA2","MA1","MD1","ME1","MW1","REM","EQD"
"43278099999","2023-01-01T00:00:00","4","13.0666666","80.2","7.0","NUMGAMBAKKAM, IN","FM-12","99999","V020","999,9,C,0000,1","22000,1,9,N","004000,1,9,9","+0226,1","+0198,1","10153,1",,"0,1,02,1","0,1,02,1",,,"99,9,+99999,9,00,1",,,,"9,AGL   ,+99999,+99999","01,99,1,00,1,99,9,99999,9,99,9,99,9",,,"99999,9,10146,1","9,9,999,9,-006,1",,"05,1","SYN06443278 31996 10000 10226 20198 30146 40153 70500 80001 333 59006=","Q01    003SCCGA1"
"43278099999","2023-01-01T03:00:00","4","13.0666666","80.2","7.0","NUMGAMBAKKAM, IN","FM-12","99999","V020","999,9,C,0000,1","22000,1,9,N","004000,1,9,9","+0250,1","+0232,1","10173,1",,"0,1,02,1","0,1,02,1",,,"99,9,+99999,9,00,1",,,,"9,AGL   ,+99999,+99999","01,99,1,00,1,99,9,99999,9,99,9,99,9","240,M,+0311,1","240,N,+0224,1","99999,9,10166,1","9,9,999,9,-013,1",,"10,1","SYN08643278 31996 10000 10250 20232 30166 40173 71000 80001 333 10311 20224 59013 555 10000=","Q01    003SCCGA1"
"43278099999","2023-01-01T06:00:00","4","13.0666666","80.2","7.0","NUMGAMBAKKAM, IN","FM-12","99999","V020","140,1,N,0015,1","22000,1,9,N","010000,1,9,9","+0297,1","+0212,1","10171,1",,,,,,"03,1,+00800,1,06,1",,,,"9,AGL   ,+99999,+99999","03,99,1,03,1,99,9,00800,1,99,9,99,9",,,"99999,9,10164,1","9,9,999,9,-002,1",,,"SYN05843278 32597 31403 10297 20212 30164 40171 83500 333 59002=",
"43278099999","2023-01-01T09:00:00","4","13.0666666","80.2","7.0","NUMGAMBAKKAM, IN","FM-12","99999","V020","050,1,N,0015,1","22000,1,9,N","010000,1,9,9","+0304,1","+0208,1","10139,1",,,,,,"01,1,+00800,1,06,1","99,9,+99999,9,00,1",,,"9,AGL   ,+99999,+99999","02,99,1,01,1,99,9,00800,1,99,9,99,9",,,"99999,9,10132,1","9,9,999,9,-007,1",,,"SYN05843278 32597 20503 10304 20208 30132 40139 81501 333 59007=",
"43278099999","2023-01-01T12:00:00","4","13.0666666","80.2","7.0","NUMGAMBAKKAM, IN","FM-12","99999","V020","050,1,N,0010,1","22000,1,9,N","010000,1,9,9","+0272,1","+0209,1","10140,1",,,,,,"99,9,+99999,9,00,1",,,,"9,AGL   ,+99999,+99999","01,99,1,00,1,99,9,99999,9,99,9,99,9",,,"99999,9,10133,1","9,9,999,9,-006,1",,,"SYN06443278 32997 10502 10272 20209 30133 40140 80001 333 10308 59006=","Q01    003SCCGA1"
"43278099999","2023-01-01T15:00:00","4","13.0666666","80.2","7.0","NUMGAMBAKKAM, IN","FM-12","99999","V020","110,1,N,0015,1","22000,1,9,N","004000,1,9,9","+0252,1","+0231,1","10160,1",,,,,,"01,1,+00800,1,06,1","99,9,+99999,9,00,1",,,"9,AGL   ,+99999,+99999","02,99,1,01,1,99,9,00800,1,99,9,99,9",,,"99999,9,10153,1","9,9,999,9,-002,1",,,"SYN05843278 32596 21103 10252 20231 30153 40160 81501 333 59002=",
"43278099999","2023-01-02T00:00:00","4","13.0666666","80.2","7.0","NUMGAMBAKKAM, IN","FM-12","99999","V020","090,1,N,0005,1","22000,1,9,N","004000,1,9,9","+0230,1","+0215,1","10140,1",,,,,,"01,1,+00800,1,06,1","99,9,+99999,9,00,1",,,"9,AGL   ,+99999,+99999","03,99,1,01,1,99,9,00800,1,99,9,99,9",,,"99999,9,10133,1","9,9,999,9,-013,1",,,"SYN05843278 32596 30901 10230 20215 30133 40140 81501 333 59013=",
"43278099999","2023-01-02T03:00:00","4","13.0666666","80.2","7.0","NUMGAMBAKKAM, IN","FM-12","99999","V020","999,9,C,0000,1","22000,1,9,N","010000,1,9,9","+0256,1","+0226,1","10166,1",,,,,,"99,9,+99999,9,00,1",,,,"9,AGL   ,+99999,+99999","01,99,1,00,1,99,9,99999,9,99,9,99,9","240,M,+0308,1","240,N,+0226,1","99999,9,10159,1","9,9,999,9,-007,1",,,"SYN08043278 32997 10000 10256 20226 30159 40166 80001 333 10308 20226 59007 555 10000=","Q01    003SCCGA1"
"43278099999","2023-01-02T06:00:00","4","13.0666666","80.2","7.0","NUMGAMBAKKAM, IN","FM-12","99999","V020","140,1,N,0010,1","99999,9,9,N","010000,1,9,9","+0300,1","+0200,1","10168,1",,,,,,"03,1,+00800,1,06,1","99,9,+99999,9,00,1",,,"9,AGL   ,+99999,+99999","05,99,1,03,1,99,9,00800,1,99,9,99,9",,,"99999,9,10161,1","9,9,999,9,-003,1",,,"SYN05843278 32597 51402 10300 20200 30161 40168 83401 333 59003=",
"43278099999","2023-01-02T09:00:00","4","13.0666666","80.2","7.0","NUMGAMBAKKAM, IN","FM-12","99999","V020","050,1,N,0015,1","22000,1,9,N","010000,1,9,9","+0298,1","+0208,1","10139,1",,,,,,"03,1,+00800,1,06,1","99,9,+99999,9,00,1",,,"9,AGL   ,+99999,+99999","04,99,1,03,1,99,9,00800,1,99,9,99,9",,,"99999,9,10132,1","9,9,999,9,+000,1",,,"SYN05843278 32597 40503 10298 20208 30132 40139 83501 333 58000=",
"43278099999","2023-01-02T12:00:00","4","13.0666666","80.2","7.0","NUMGAMBAKKAM, IN","FM-12","99999","V020","070,1,N,0010,1","22000,1,9,N","010000,1,9,9","+0274,1","+0211,1","10141,1",,,,,,"01,1,+00800,1,06,1","99,9,+99999,9,00,1",,,"9,AGL   ,+99999,+99999","02,99,1,01,1,99,9,00800,1,99,9,99,9",,,"99999,9,10134,1","9,9,999,9,+001,1",,,"SYN06443278 32597 20702 10274 20211 30134 40141 81501 333 10308 58001=",
"43278099999","2023-01-02T15:00:00","4","13.0666666","80.2","7.0","NUMGAMBAKKAM, IN","FM-12","99999","V020","050,1,N,0010,1","22000,1,9,N","004000,1,9,9","+0258,1","+0216,1","10164,1",,,,,,"02,1,+00800,1,06,1","99,9,+99999,9,00,1",,,"9,AGL   ,+99999,+99999","03,99,1,02,1,99,9,00800,1,99,9,99,9",,,"99999,9,10157,1","9,9,999,9,+004,1",,,"SYN05843278 32596 30502 10258 20216 30157 40164 82501 333 58004=",
"43278099999","2023-01-03T00:00:00","4","13.0666666","80.2","7.0","NUMGAMBAKKAM, IN","FM-12","99999","V020","999,9,C,0000,1","22000,1,9,N","004000,1,9,9","+0232,1","+0220,1","10152,1",,,,,,"03,1,+00800,1,06,1","99,9,+99999,9,00,1",,,"9,AGL   ,+99999,+99999","04,99,1,03,1,99,9,00800,1,99,9,99,9",,,"99999,9,10145,1","9,9,999,9,+012,1",,,"SYN05843278 32596 40000 10232 20220 30145 40152 83501 333 58012=",
"43278099999","2023-01-03T03:00:00","4","13.0666666","80.2","7.0","NUMGAMBAKKAM, IN","FM-12","99999","V020","320,1,N,0015,1","22000,1,9,N","010000,1,9,9","+0258,1","+0225,1","10169,1",,,,,,"01,1,+00800,1,06,1","99,9,+99999,9,00,1",,,"9,AGL   ,+99999,+99999","03,99,1,01,1,99,9,00800,1,99,9,99,9","240,M,+0308,1","240,N,+0229,1","99999,9,10162,1","9,9,999,9,+003,1",,,"SYN08043278 32597 33203 10258 20225 30162 40169 81501 333 10308 20229 58003 555 10000=",
"43278099999","2023-01-03T06:00:00","4","13.0666666","80.2","7.0","NUMGAMBAKKAM, IN","FM-12","99999","V020","070,1,N,0015,1","22000,1,9,N","010000,1,9,9","+0294,1","+0210,1","10168,1",,,,,,"03,1,+00800,1,06,1","99,9,+99999,9,00,1",,,"9,AGL   ,+99999,+99999","04,99,1,03,1,99,9,00800,1,99,9,99,9",,,"99999,9,10161,1","9,9,999,9,+000,1",,,"SYN05843278 32597 40703 10294 20210 30161 40168 83501 333 58000=",
"43278099999","2023-01-03T09:00:00","4","13.0666666","80.2","7.0","NUMGAMBAKKAM, IN","FM-12","99999","V020","070,1,N,0015,1","99999,9,9,N","010000,1,9,9","+0284,1","+0212,1","10143,1",,,,,,"04,1,+00800,1,06,1","99,9,+99999,9,00,1",,,"9,AGL   ,+99999,+99999","05,99,1,04,1,99,9,00800,1,99,9,99,9",,,"99999,9,10136,1","9,9,999,9,+004,1",,,"SYN05843278 32597 50703 10284 20212 30136 40143 84501 333 58004=",
"43278099999","2023-01-03T12:00:00","4","13.0666666","80.2","7.0","NUMGAMBAKKAM, IN","FM-12","99999","V020","070,1,N,0015,1","99999,9,9,N","010000,1,9,9","+0274,1","+0219,1","10143,1",,,,,,"04,1,+00800,1,06,1","99,9,+99999,9,03,1",,,"9,AGL   ,+99999,+99999","06,99,1,04,1,99,9,00800,1,99,9,99,9",,,"99999,9,10136,1","9,9,999,9,+002,1",,,"SYN06443278 32597 60703 10274 20219 30136 40143 84570 333 10300 58002=",
"43278099999","2023-01-03T15:00:00","4","13.0666666","80.2","7.0","NUMGAMBAKKAM, IN","FM-12","99999","V020","050,1,N,0010,1","22000,1,9,N","004000,1,9,9","+0260,1","+0215,1","10156,1",,,,,,"02,1,+00800,1,06,1","99,9,+99999,9,00,1",,,"9,AGL   ,+99999,+99999","04,99,1,02,1,99,9,00800,1,99,9,99,9",,,"99999,9,10149,1","9,9,999,9,-008,1",,,"SYN05843278 32596 40502 10260 20215 30149 40156 82501 333 59008=",
"43278099999","2023-01-04T00:00:00","4","13.0666666","80.2","7.0","NUMGAMBAKKAM, IN","FM-12","99999","V020","999,9,C,0000,1","22000,1,9,N","004000,1,9,9","+0238,1","+0214,1","10147,1",,,,,,"01,1,+00800,1,06,1","99,9,+99999,9,00,1",,,"9,AGL   ,+99999,+99999","03,99,1,01,1,99,9,00800,1,99,9,99,9",,,"99999,9,10140,1","9,9,999,9,-005,1",,,"SYN05843278 32596 30000 10238 20214 30140 40147 81501 333 59005=",
"43278099999","2023-01-04T03:00:00","4","13.0666666","80.2","7.0","NUMGAMBAKKAM, IN","FM-12","99999","V020","999,9,C,0000,1","22000,1,9,N","004000,1,9,9","+0254,1","+0224,1","10169,1",,"0,1,02,1","0,1,02,1",,,"03,1,+00800,1,06,1","99,9,+99999,9,00,1",,,"9,AGL   ,+99999,+99999","04,99,1,03,1,99,9,00800,1,99,9,99,9","240,M,+0300,1","240,N,+0229,1","99999,9,10162,1","9,9,999,9,+000,1",,"10,1","SYN08643278 31596 40000 10254 20224 30162 40169 71000 83501 333 10300 20229 58000 555 10000=",
"43278099999","2023-01-04T06:00:00","4","13.0666666","80.2","7.0","NUMGAMBAKKAM, IN","FM-12","99999","V020","140,1,N,0015,1","99999,9,9,N","010000,1,9,9","+0293,1","+0214,1","10162,1",,,,,,"04,1,+00800,1,06,1","99,9,+99999,9,00,1",,,"9,AGL   ,+99999,+99999","05,99,1,04,1,99,9,00800,1,99,9,99,9",,,"99999,9,10155,1","9,9,999,9,-006,1",,,"SYN05843278 32597 51403 10293 20214 30155 40162 84501 333 59006=",
"43278099999","2023-01-04T09:00:00","4","13.0666666","80.2","7.0","NUMGAMBAKKAM, IN","FM-12","99999","V020","090,1,N,0021,1","99999,9,9,N","010000,1,9,9","+0280,1","+0218,1","10134,1","06,0000,9,1","5,1,02,1","2,1,02,1",,,"05,1,+00800,1,06,1","99,9,+99999,9,03,1",,,"9,AGL   ,+99999,+99999","07,99,1,05,1,99,9,00800,1,99,9,99,9",,,"99999,9,10127,1","9,9,999,9,-009,1",,"02,1","SYN07043278 21597 70904 10280 20218 30127 40134 70252 85570 333 59009 6990/=","Q01  00002PRCP06"
"43278099999","2023-01-04T12:00:00","4","13.0666666","80.2","7.0","NUMGAMBAKKAM, IN","FM-12","99999","V020","070,1,N,0015,1","99999,9,9,N","010000,1,9,9","+0268,1","+0207,1","10129,1","09,0000,9,1","5,1,02,1","2,1,02,1",,,"03,1,+00800,1,06,1","99,9,+99999,9,03,1","99,9,+99999,9,00,1",,"9,AGL   ,+99999,+99999","06,99,1,03,1,99,9,00800,1,99,9,99,9",,,"99999,9,10122,1","9,9,999,9,-014,1",,"02,1","SYN07643278 21597 60703 10268 20207 30122 40129 70252 83571 333 10300 59014 6990/=","Q01  00002PRCP09"
"43278099999","2023-01-04T15:00:00","4","13.0666666","80.2","7.0","NUMGAMBAKKAM, IN","FM-12","99999","V020","070,1,N,0015,1","22000,1,9,N","004000,1,9,9","+0258,1","+0200,1","10144,1","12,0000,9,1",,,,,"02,1,+00800,1,06,1","99,9,+99999,9,00,1",,,"9,AGL   ,+99999,+99999","04,99,1,02,1,99,9,00800,1,99,9,99,9",,,"99999,9,10137,1","9,9,999,9,-012,1",,,"SYN06443278 22596 40703 10258 20200 30137 40144 82501 333 59012 6990/=","Q01  00002PRCP12"
"43278099999","2023-01-05T00:00:00","4","13.0666666","80.2","7.0","NUMGAMBAKKAM, IN","FM-12","99999","V020","070,1,N,0031,1","99999,9,9,N","004000,1,9,9","+0258,1","+0196,1","10139,1","21,0000,9,1",,,,,"02,1,+00800,1,06,1","99,9,+99999,9,03,1","99,9,+99999,9,00,1",,"9,AGL   ,+99999,+99999","05,99,1,02,1,99,9,00800,1,99,9,99,9",,,"99999,9,10132,1","9,9,999,9,-008,1",,,"SYN06443278 22596 50706 10258 20196 30132 40139 82531 333 59008 6990/=","Q01  00002PRCP21"
"43278099999","2023-01-05T03:00:00","4","13.0666666","80.2","7.0","NUMGAMBAKKAM, IN","FM-12","99999","V020","070,1,N,0021,1","99999,9,9,N","010000,1,9,9","+0274,1","+0211,1","10163,1","24,0000,9,1",,,,,"04,1,+00800,1,06,1","99,9,+99999,9,00,1",,,"9,AGL   ,+99999,+99999","05,99,1,04,1,99,9,00800,1,99,9,99,9","240,M,+0300,1","240,N,+0251,1","99999,9,10156,1","9,9,999,9,-006,1",,,"SYN08643278 22597 50704 10274 20211 30156 40163 84501 333 10300 20251 59006 6990/ 555 10000=","Q01  00002PRCP24"
"43278099999","2023-01-05T06:00:00","4","13.0666666","80.2","7.0","NUMGAMBAKKAM, IN","FM-12","99999","V020","050,1,N,0026,1","99999,9,9,N","010000,1,9,9","+0298,1","+0211,1","10164,1",,,,,,"05,1,+00800,1,06,1","99,9,+99999,9,00,1",,,"9,AGL   ,+99999,+99999","06,99,1,05,1,99,9,00800,1,99,9,99,9",,,"99999,9,10157,1","9,9,999,9,+002,1",,,"SYN05843278 32597 60505 10298 20211 30157 40164 85501 333 58002=",
"43278099999","2023-01-05T09:00:00","4","13.0666666","80.2","7.0","NUMGAMBAKKAM, IN","FM-12","99999","V020","090,1,N,0015,1","22000,1,9,N","010000,1,9,9","+0294,1","+0193,1","10139,1",,,,,,"02,1,+00800,1,06,1","99,9,+99999,9,00,1",,,"9,AGL   ,+99999,+99999","03,99,1,02,1,99,9,00800,1,99,9,99,9",,,"99999,9,10132,1","9,9,999,9,+005,1",,,"SYN05843278 32597 30903 10294 20193 30132 40139 82401 333 58005=",
"43278099999","2023-01-05T12:00:00","4","13.0666666","80.2","7.0","NUMGAMBAKKAM, IN","FM-12","99999","V020","050,1,N,0015,1","22000,1,9,N","010000,1,9,9","+0276,1","+0206,1","10141,1",,,,,,"02,1,+00800,1,06,1","99,9,+99999,9,03,1","99,9,+99999,9,00,1",,"9,AGL   ,+99999,+99999","04,99,1,02,1,99,9,00800,1,99,9,99,9",,,"99999,9,10134,1","9,9,999,9,+012,1",,,"SYN06443278 32597 40503 10276 20206 30134 40141 82531 333 10304 58012=",
"43278099999","2023-01-05T15:00:00","4","13.0666666","80.2","7.0","NUMGAMBAKKAM, IN","FM-12","99999","V020","070,1,N,0015,1","22000,1,9,N","004000,1,9,9","+0268,1","+0207,1","10163,1",,,,,,"01,1,+00800,1,08,1","99,9,+99999,9,03,1","99,9,+99999,9,00,1",,"9,AGL   ,+99999,+99999","03,99,1,01,1,99,9,00800,1,99,9,99,9",,,"99999,9,10156,1","9,9,999,9,+019,1",,,"SYN05843278 32596 30703 10268 20207 30156 40163 81131 333 58019=",
"43278099999","2023-01-06T00:00:00","4","13.0666666","80.2","7.0","NUMGAMBAKKAM, IN","FM-12","99999","V020","340,1,N,0015,1","22000,1,9,N","004000,1,9,9","+0257,1","+0204,1","10148,1",,,,,,"02,1,+00800,1,06,1","99,9,+99999,9,03,1","99,9,+99999,9,00,1",,"9,AGL   ,+99999,+99999","04,99,1,02,1,99,9,00800,1,99,9,99,9",,,"99999,9,10141,1","9,9,999,9,+009,1",,,"SYN05843278 32596 43403 10257 20204 30141 40148 82531 333 58009=",
"43278099999","2023-01-06T03:00:00","4","13.0666666","80.2","7.0","NUMGAMBAKKAM, IN","FM-12","99999","V020","050,1,N,0015,1","99999,9,9,N","010000,1,9,9","+0272,1","+0209,1","10179,1",,,,,,"03,1,+00800,1,06,1","99,9,+99999,9,03,1","99,9,+99999,9,00,1",,"9,AGL   ,+99999,+99999","05,99,1,03,1,99,9,00800,1,99,9,99,9","240,M,+0304,1","240,N,+0255,1","99999,9,10172,1","9,9,999,9,+016,1",,,"SYN08043278 32597 50503 10272 20209 30172 40179 83431 333 10304 20255 58016 555 10000=",
"43278099999","2023-01-06T06:00:00","4","13.0666666","80.2","7.0","NUMGAMBAKKAM, IN","FM-12","99999","V020","050,1,N,0021,1","22000,1,9,N","010000,1,9,9","+0296,1","+0219,1","10181,1",,,,,,"03,1,+00800,1,06,1","99,9,+99999,9,00,1",,,"9,AGL   ,+99999,+99999","04,99,1,03,1,99,9,00800,1,99,9,99,9",,,"99999,9,10174,1","9,9,999,9,+017,1",,,"SYN05843278 32597 40504 10296 20219 30174 40181 83501 333 58017=",
"43278099999","2023-01-06T09:00:00","4","13.0666666","80.2","7.0","NUMGAMBAKKAM, IN","FM-12","99999","V020","020,1,N,0031,1","99999,9,9,N","010000,1,9,9","+0294,1","+9999,9","10156,1",,,,,,"04,1,+00800,1,06,1","99,9,+99999,9,03,1","99,9,+99999,9,00,1",,"9,AGL   ,+99999,+99999","06,99,1,04,1,99,9,00800,1,99,9,99,9",,,"99999,9,10149,1","9,9,999,9,+017,1",,,"SYN05843278 32597 60206 10294 20/// 30149 40156 84531 333 58017=",
"43278099999","2023-01-06T12:00:00","4","13.0666666","80.2","7.0","NUMGAMBAKKAM, IN","FM-12","99999","V020","050,1,N,0031,1","99999,9,9,N","010000,1,9,9","+0270,1","+0210,1","10152,1",,,,,,"04,1,+00800,1,06,1","99,9,+99999,9,00,1",,,"9,AGL   ,+99999,+99999","05,99,1,04,1,99,9,00800,1,99,9,99,9",,,"99999,9,10145,1","9,9,999,9,+011,1",,,"SYN06443278 32597 50506 10270 20210 30145 40152 84501 333 10298 58011=",
"43278099999","2023-01-06T15:00:00","4","13.0666666","80.2","7.0","NUMGAMBAKKAM, IN","FM-12","99999","V020","050,1,N,0010,1","22000,1,9,N","004000,1,9,9","+0262,1","+0211,1","10170,1",,,,,,"01,1,+00800,1,06,1","99,9,+99999,9,03,1","99,9,+99999,9,00,1",,"9,AGL   ,+99999,+99999","04,99,1,01,1,99,9,00800,1,99,9,99,9",,,"99999,9,10163,1","9,9,999,9,+007,1",,,"SYN05843278 32596 40502 10262 20211 30163 40170 81571 333 58007=",
"43278099999","2023-01-07T00:00:00","4","13.0666666","80.2","7.0","NUMGAMBAKKAM, IN","FM-12","99999","V020","050,1,N,0010,1","99999,9,9,N","004000,1,9,9","+0250,1","+0214,1","10150,1",,,,,,"02,1,+00800,1,06,1","99,9,+99999,9,03,1","99,9,+99999,9,00,1",,"9,AGL   ,+99999,+99999","06,99,1,02,1,99,9,00800,1,99,9,99,9",,,"99999,9,10143,1","9,9,999,9,+002,1",,,"SYN05843278 32596 60502 10250 20214 30143 40150 82531 333 58002=",
"43278099999","2023-01-07T03:00:00","4","13.0666666","80.2","7.0","NUMGAMBAKKAM, IN","FM-12","99999","V020","320,1,N,0021,1","99999,9,9,N","010000,1,9,9","+0250,1","+0226,1","10168,1","24,0004,3,1","6,1,02,1","2,1,02,1",,,"03,1,+00800,1,06,1","99,9,+99999,9,03,1","99,9,+99999,9,00,1",,"9,AGL   ,+99999,+99999","06,99,1,03,1,99,9,00800,1,99,9,99,9","240,M,+0298,1","240,N,+0239,1","99999,9,10161,1","9,9,999,9,-011,1",,"02,1","SYN09843278 21597 63204 10250 20226 30161 40168 70262 83531 333 10298 20239 59011 6994/ 555 00004 10000=",
"43278099999","2023-01-07T06:00:00","4","13.0666666","80.2","7.0","NUMGAMBAKKAM, IN","FM-12","99999","V020","050,1,N,0026,1","99999,9,9,N","010000,1,9,9","+0274,1","+0221,1","10168,1","03,0001,3,1","5,1,02,1","2,1,02,1",,,"03,1,+00800,1,06,1","99,9,+99999,9,03,1",,,"9,AGL   ,+99999,+99999","08,99,1,03,1,99,9,00800,1,99,9,99,9",,,"99999,9,10161,1","9,9,999,9,-013,1",,"02,1","SYN07043278 21597 80505 10274 20221 30161 40168 70252 8357/ 333 59013 6991/=",
"43278099999","2023-01-07T09:00:00","4","13.0666666","80.2","7.0","NUMGAMBAKKAM, IN","FM-12","99999","V020","020,1,N,0021,1","22000,1,9,N","004000,1,9,9","+0286,1","+0214,1","10143,1","06,0001,3,1",,,,,"02,1,+00800,1,06,1","99,9,+99999,9,03,1","99,9,+99999,9,00,1",,"9,AGL   ,+99999,+99999","04,99,1,02,1,99,9,00800,1,99,9,99,9",,,"99999,9,10136,1","9,9,999,9,-013,1",,,"SYN06443278 22596 40204 10286 20214 30136 40143 82531 333 59013 6991/=",
"43278099999","2023-01-07T12:00:00","4","13.0666666","80.2","7.0","NUMGAMBAKKAM, IN","FM-12","99999","V020","050,1,N,0015,1","22000,1,9,N","004000,1,9,9","+0270,1","+0218,1","10142,1","09,0001,3,1","0,1,02,1","0,1,02,1",,,"02,1,+00800,1,06,1","99,9,+99999,9,04,1",,,"9,AGL   ,+99999,+99999","04,99,1,02,1,99,9,00800,1,99,9,99,9",,,"99999,9,10135,1","9,9,999,9,-010,1",,"05,1","SYN07643278 21596 40503 10270 20218 30135 40142 70500 82510 333 10296 59010 6991/=",
"43278099999","2023-01-07T15:00:00","4","13.0666666","80.2","7.0","NUMGAMBAKKAM, IN","FM-12","99999","V020","360,1,N,0010,1","22000,1,9,N","004000,1,9,9","+0254,1","+0218,1","10156,1","12,0001,3,1","0,1,02,1","0,1,02,1",,,"01,1,+00800,1,06,1","99,9,+99999,9,00,1",,,"9,AGL   ,+99999,+99999","03,99,1,01,1,99,9,00800,1,99,9,99,9",,,"99999,9,10149,1","9,9,999,9,-014,1",,"10,1","SYN07043278 21596 33602 10254 20218 30149 40156 71000 81501 333 59014 6991/=",
"43278099999","2023-01-08T00:00:00","4","13.0666666","80.2","7.0","NUMGAMBAKKAM, IN","FM-12","99999","V020","999,9,C,0000,1","22000,1,9,N","004000,1,9,9","+0230,1","+0209,1","10140,1","21,0001,3,1","0,1,02,1","0,1,02,1",,,"01,1,+00800,1,06,1","99,9,+99999,9,00,1",,,"9,AGL   ,+99999,+99999","03,99,1,01,1,99,9,00800,1,99,9,99,9",,,"99999,9,10133,1","9,9,999,9,-010,1",,"10,1","SYN07043278 21596 30000 10230 20209 30133 40140 71000 81501 333 59010 6991/=",
"43278099999","2023-01-08T03:00:00","4","13.0666666","80.2","7.0","NUMGAMBAKKAM, IN","FM-12","99999","V020","999,9,C,0000,1","22000,1,9,N","004000,1,9,9","+0245,1","+0229,1","10161,1","24,0001,3,1","0,1,02,1","0,1,02,1",,,"01,1,+00800,1,06,1","99,9,+99999,9,00,1",,,"9,AGL   ,+99999,+99999","02,99,1,01,1,99,9,00800,1,99,9,99,9","240,M,+0296,1","240,N,+0227,1","99999,9,10154,1","9,9,999,9,-007,1",,"10,1","SYN09843278 21596 20000 10245 20229 30154 40161 71000 81501 333 10296 20227 59007 6991/ 555 00001 10001=",
"43278099999","2023-01-08T06:00:00","4","13.0666666","80.2","7.0","NUMGAMBAKKAM, IN","FM-12","99999","V020","020,1,N,0015,1","99999,9,9,N","004000,1,9,9","+0271,1","+0212,1","10160,1",,"2,1,02,1","2,1,02,1",,,"03,1,+00800,1,06,1","99,9,+99999,9,04,1",,,"9,AGL   ,+99999,+99999","07,99,1,03,1,99,9,00800,1,99,9,99,9",,,"99999,9,10153,1","9,9,999,9,-008,1",,"05,1","SYN06443278 31596 70203 10271 20212 30153 40160 70522 83510 333 59008=",
"43278099999","2023-01-08T09:00:00","4","13.0666666","80.2","7.0","NUMGAMBAKKAM, IN","FM-12","99999","V020","050,1,N,0015,1","99999,9,9,N","010000,1,9,9","+0270,1","+0203,1","10137,1",,,,,,"03,1,+00800,1,06,1","99,9,+99999,9,03,1",,,"9,AGL   ,+99999,+99999","08,99,1,03,1,99,9,00800,1,99,9,99,9",,,"99999,9,10130,1","9,9,999,9,-006,1",,,"SYN05843278 32597 80503 10270 20203 30130 40137 8357/ 333 59006=",
"43278099999","2023-01-08T12:00:00","4","13.0666666","80.2","7.0","NUMGAMBAKKAM, IN","FM-12","99999","V020","050,1,N,0010,1","99999,9,9,N","004000,1,9,9","+0260,1","+0192,1","10139,1",,,,,,"02,1,+00800,1,06,1","99,9,+99999,9,03,1",,,"9,AGL   ,+99999,+99999","06,99,1,02,1,99,9,00800,1,99,9,99,9",,,"99999,9,10132,1","9,9,999,9,-003,1",,,"SYN06443278 32596 60502 10260 20192 30132 40139 82570 333 10281 59003=",
"43278099999","2023-01-08T15:00:00","4","13.0666666","80.2","7.0","NUMGAMBAKKAM, IN","FM-12","99999","V020","050,1,N,0015,1","22000,1,9,N","004000,1,9,9","+0248,1","+0182,1","10153,1",,,,,,"02,1,+00800,1,06,1","99,9,+99999,9,00,1",,,"9,AGL   ,+99999,+99999","04,99,1,02,1,99,9,00800,1,99,9,99,9",,,"99999,9,10146,1","9,9,999,9,-003,1",,,"SYN05843278 32596 40503 10248 20182 30146 40153 82501 333 59003=",
"43278099999","2023-01-09T00:00:00","4","13.0666666","80.2","7.0","NUMGAMBAKKAM, IN","FM-12","99999","V020","320,1,N,0010,1","22000,1,9,N","004000,1,9,9","+0204,1","+0182,1","10153,1",,"1,1,02,1","1,1,02,1",,,"02,1,+00800,1,06,1","99,9,+99999,9,00,1",,,"9,AGL   ,+99999,+99999","04,99,1,02,1,99,9,00800,1,99,9,99,9",,,"99999,9,10146,1","9,9,999,9,+013,1",,"10,1","SYN06443278 31596 43202 10204 20182 30146 40153 71011 82501 333 58013=",
"43278099999","2023-01-09T03:00:00","4","13.0666666","80.2","7.0","NUMGAMBAKKAM, IN","FM-12","99999","V020","999,9,C,0000,1","22000,1,9,N","004000,1,9,9","+0228,1","+0190,1","10180,1",,,,,,"01,1,+00800,1,06,1","99,9,+99999,9,00,1",,,"9,AGL   ,+99999,+99999","02,99,1,01,1,99,9,00800,1,99,9,99,9","240,M,+0281,1","240,N,+0195,1","99999,9,10173,1","9,9,999,9,+019,1",,,"SYN08043278 32596 20000 10228 20190 30173 40180 81501 333 10281 20195 58019 555 10001=",
"43278099999","2023-01-09T06:00:00","4","13.0666666","80.2","7.0","NUMGAMBAKKAM, IN","FM-12","99999","V020","050,1,N,0010,1","22000,1,9,N","010000,1,9,9","+0282,1","+0167,1","10176,1",,,,,,"02,1,+00800,1,06,1","99,9,+99999,9,03,1","99,9,+99999,9,00,1",,"9,AGL   ,+99999,+99999","04,99,1,02,1,99,9,00800,1,99,9,99,9",,,"99999,9,10169,1","9,9,999,9,+016,1",,,"SYN05843278 32597 40502 10282 20167 30169 40176 82531 333 58016=",
"43278099999","2023-01-09T09:00:00","4","13.0666666","80.2","7.0","NUMGAMBAKKAM, IN","FM-12","99999","V020","050,1,N,0010,1","22000,1,9,N","010000,1,9,9","+0282,1","+0167,1","10146,1",,,,,,"02,1,+00800,1,06,1","99,9,+99999,9,00,1",,,"9,AGL   ,+99999,+99999","03,99,1,02,1,99,9,00800,1,99,9,99,9",,,"99999,9,10139,1","9,9,999,9,+009,1",,,"SYN05843278 32597 30502 10282 20167 30139 40146 82501 333 58009=",
"43278099999","2023-01-09T12:00:00","4","13.0666666","80.2","7.0","NUMGAMBAKKAM, IN","FM-12","99999","V020","050,1,N,0010,1","22000,1,9,N","010000,1,9,9","+0262,1","+0176,1","10148,1",,,,,,"03,1,+00800,1,06,1","99,9,+99999,9,00,1",,,"9,AGL   ,+99999,+99999","04,99,1,03,1,99,9,00800,1,99,9,99,9",,,"99999,9,10141,1","9,9,999,9,+009,1",,,"SYN06443278 32597 40502 10262 20176 30141 40148 83501 333 10289 58009=",
"43278099999","2023-01-09T15:00:00","4","13.0666666","80.2","7.0","NUMGAMBAKKAM, IN","FM-12","99999","V020","999,9,C,0000,1","22000,1,9,N","004000,1,9,9","+0242,1","+0195,1","10166,1",,,,,,"02,1,+00800,1,06,1","99,9,+99999,9,03,1","99,9,+99999,9,00,1",,"9,AGL   ,+99999,+99999","04,99,1,02,1,99,9,00800,1,99,9,99,9",,,"99999,9,10159,1","9,9,999,9,+013,1",,,"SYN05843278 32596 40000 10242 20195 30159 40166 82531 333 58013=",
"43278099999","2023-01-10T00:00:00","4","13.0666666","80.2","7.0","NUMGAMBAKKAM, IN","FM-12","99999","V020","999,9,C,0000,1","22000,1,9,N","004000,1,9,9","+0215,1","+0191,1","10155,1",,"0,1,02,1","0,1,02,1",,,"01,1,+00800,1,06,1","99,9,+99999,9,03,1","99,9,+99999,9,00,1",,"9,AGL   ,+99999,+99999","04,99,1,01,1,99,9,00800,1,99,9,99,9",,,"99999,9,10148,1","9,9,999,9,+002,1",,"10,1","SYN06443278 31596 40000 10215 20191 30148 40155 71000 81531 333 58002=",
"43278099999","2023-01-10T03:00:00","4","13.0666666","80.2","7.0","NUMGAMBAKKAM, IN","FM-12","99999","V020","320,1,N,0005,1","22000,1,9,N","010000,1,9,9","+0238,1","+0188,1","10171,1",,,,,,"01,1,+00800,1,06,1","99,9,+99999,9,00,1",,,"9,AGL   ,+99999,+99999","02,99,1,01,1,99,9,00800,1,99,9,99,9","240,M,+0289,1","240,N,+0212,1","99999,9,10164,1","9,9,999,9,-009,1",,,"SYN08043278 32597 23201 10238 20188 30164 40171 81501 333 10289 20212 59009 555 10001=",
"43278099999","2023-01-10T06:00:00","4","13.0666666","80.2","7.0","NUMGAMBAKKAM, IN","FM-12","99999","V020","050,1,N,0010,1","22000,1,9,N","010000,1,9,9","+0288,1","+0193,1","10167,1",,,,,,"02,1,+00800,1,06,1","99,9,+99999,9,00,1",,,"9,AGL   ,+99999,+99999","03,99,1,02,1,99,9,00800,1,99,9,99,9",,,"99999,9,10160,1","9,9,999,9,-009,1",,,"SYN05843278 32597 30502 10288 20193 30160 40167 82501 333 59009=",
"43278099999","2023-01-10T09:00:00","4","13.0666666","80.2","7.0","NUMGAMBAKKAM, IN","FM-12","99999","V020","050,1,N,0015,1","22000,1,9,N","010000,1,9,9","+0290,1","+0192,1","10142,1",,,,,,"02,1,+00800,1,06,1","99,9,+99999,9,00,1",,,"9,AGL   ,+99999,+99999","03,99,1,02,1,99,9,00800,1,99,9,99,9",,,"99999,9,10135,1","9,9,999,9,-004,1",,,"SYN05843278 32597 30503 10290 20192 30135 40142 82501 333 59004=",
"43278099999","2023-01-10T12:00:00","4","13.0666666","80.2","7.0","NUMGAMBAKKAM, IN","FM-12","99999","V020","050,1,N,0026,1","22000,1,9,N","010000,1,9,9","+0264,1","+0186,1","10142,1",,,,,,"02,1,+00800,1,06,1","99,9,+99999,9,00,1",,,"9,AGL   ,+99999,+99999","03,99,1,02,1,99,9,00800,1,99,9,99,9",,,"99999,9,10135,1","9,9,999,9,-006,1",,,"SYN06443278 32597 30505 10264 20186 30135 40142 82501 333 10299 59006=",
"43278099999","2023-01-10T15:00:00","4","13.0666666","80.2","7.0","NUMGAMBAKKAM, IN","FM-12","99999","V020","340,1,N,0010,1","22000,1,9,N","004000,1,9,9","+0240,1","+0193,1","10158,1",,,,,,"01,1,+00800,1,06,1","99,9,+99999,9,00,1",,,"9,AGL   ,+99999,+99999","02,99,1,01,1,99,9,00800,1,99,9,99,9",,,"99999,9,10151,1","9,9,999,9,-008,1",,,"SYN05843278 32596 23402 10240 20193 30151 40158 81501 333 59008=",
"43278099999","2023-01-11T00:00:00","4","13.0666666","80.2","7.0","NUMGAMBAKKAM, IN","FM-12","99999","V020","999,9,C,0000,1","22000,1,9,N","004000,1,9,9","+0206,1","+0194,1","10137,1",,"0,1,02,1","0,1,02,1",,,"99,9,+99999,9,00,1",,,,"9,AGL   ,+99999,+99999","01,99,1,00,1,99,9,99999,9,99,9,99,9",,,"99999,9,10130,1","9,9,999,9,-018,1",,"05,1","SYN06443278 31996 10000 10206 20194 30130 40137 70500 80001 333 59018=","Q01    003SCCGA1"
"43278099999","2023-01-11T03:00:00","4","13.0666666","80.2","7.0","NUMGAMBAKKAM, IN","FM-12","99999","V020","340,1,N,0010,1","22000,1,9,N","010000,1,9,9","+0234,1","+0193,1","10154,1",,,,,,"01,1,+00800,1,06,1","99,9,+99999,9,00,1",,,"9,AGL   ,+99999,+99999","02,99,1,01,1,99,9,00800,1,99,9,99,9","240,M,+0299,1","240,N,+0204,1","99999,9,10147,1","9,9,999,9,-017,1",,,"SYN08043278 32597 23402 10234 20193 30147 40154 81501 333 10299 20204 59017 555 10001=",
"43278099999","2023-01-11T06:00:00","4","13.0666666","80.2","7.0","NUMGAMBAKKAM, IN","FM-12","99999","V020","110,1,N,0010,1","99999,9,9,N","010000,1,9,9","+0278,1","+0199,1","10153,1",,,,,,"03,1,+00800,1,06,1","99,9,+99999,9,00,1",,,"9,AGL   ,+99999,+99999","05,99,1,03,1,99,9,00800,1,99,9,99,9",,,"99999,9,10146,1","9,9,999,9,-014,1",,,"SYN05843278 32597 51102 10278 20199 30146 40153 83501 333 59014=",
"43278099999","2023-01-11T09:00:00","4","13.0666666","80.2","7.0","NUMGAMBAKKAM, IN","FM-12","99999","V020","110,1,N,0015,1","22000,1,9,N","010000,1,9,9","+0287,1","+0182,1","10127,1",,,,,,"02,1,+00800,1,06,1","99,9,+99999,9,00,1",,,"9,AGL   ,+99999,+99999","03,99,1,02,1,99,9,00800,1,99,9,99,9",,,"99999,9,10120,1","9,9,999,9,-015,1",,,"SYN05843278 32597 31103 10287 20182 30120 40127 82501 333 59015=",
"43278099999","2023-01-11T12:00:00","4","13.0666666","80.2","7.0","NUMGAMBAKKAM, IN","FM-12","99999","V020","020,1,N,0015,1","22000,1,9,N","010000,1,9,9","+0264,1","+0193,1","10122,1",,,,,,"03,1,+00800,1,06,1","99,9,+99999,9,00,1",,,"9,AGL   ,+99999,+99999","04,99,1,03,1,99,9,00800,1,99,9,99,9",,,"99999,9,10115,1","9,9,999,9,-020,1",,,"SYN06443278 32597 40203 10264 20193 30115 40122 83501 333 10292 59020=",
"43278099999","2023-01-11T15:00:00","4","13.0666666","80.2","7.0","NUMGAMBAKKAM, IN","FM-12","99999","V020","360,1,N,0005,1","22000,1,9,N","004000,1,9,9","+0240,1","+0203,1","10132,1",,,,,,"01,1,+00800,1,06,1","99,9,+99999,9,00,1",,,"9,AGL   ,+99999,+99999","03,99,1,01,1,99,9,00800,1,99,9,99,9",,,"99999,9,10125,1","9,9,999,9,-026,1",,,"SYN05843278 32596 33601 10240 20203 30125 40132 81501 333 59026=",
"43278099999","2023-01-12T00:00:00","4","13.0666666","80.2","7.0","NUMGAMBAKKAM, IN","FM-12","99999","V020","999,9,C,0000,1","22000,1,9,N","004000,1,9,9","+0212,1","+0187,1","10126,1",,"0,1,02,1","0,1,02,1",,,"99,9,+00800,1,00,1",,,,"9,AGL   ,+99999,+99999","01,99,1,00,1,99,9,00800,1,99,9,99,9",,,"99999,9,10119,1","9,9,999,9,-011,1",,"10,1","SYN06443278 31596 10000 10212 20187 30119 40126 71000 80001 333 59011=","Q01    003SCCGA1"
"43278099999","2023-01-12T03:00:00","4","13.0666666","80.2","7.0","NUMGAMBAKKAM, IN","FM-12","99999","V020","320,1,N,0010,1","22000,1,9,N","004000,1,9,9","+0230,1","+0192,1","10144,1",,"0,1,02,1","0,1,02,1",,,"01,1,+00800,1,06,1","99,9,+99999,9,00,1",,,"9,AGL   ,+99999,+99999","02,99,1,01,1,99,9,00800,1,99,9,99,9","240,M,+0292,1","240,N,+0202,1","99999,9,10137,1","9,9,999,9,-010,1",,"10,1","SYN08643278 31596 23202 10230 20192 30137 40144 71000 81501 333 10292 20202 59010 555 10001=",
"43278099999","2023-01-12T06:00:00","4","13.0666666","80.2","7.0","NUMGAMBAKKAM, IN","FM-12","99999","V020","070,1,N,0010,1","22000,1,9,N","010000,1,9,9","+0284,1","+0179,1","10141,1",,,,,,"01,1,+00800,1,06,1",,,,"9,AGL   ,+99999,+99999","01,99,1,01,1,99,9,00800,1,99,9,99,9",,,"99999,9,10134,1","9,9,999,9,-012,1",,,"SYN05843278 32597 10702 10284 20179 30134 40141 81500 333 59012=",
"43278099999","2023-01-12T09:00:00","4","13.0666666","80.2","7.0","NUMGAMBAKKAM, IN","FM-12","99999","V020","140,1,N,0010,1","22000,1,9,N","010000,1,9,9","+0290,1","+0181,1","10117,1",,,,,,"99,9,+99999,9,00,1",,,,"9,AGL   ,+99999,+99999","01,99,1,00,1,99,9,99999,9,99,9,99,9",,,"99999,9,10110,1","9,9,999,9,-010,1",,,"SYN05843278 32997 11402 10290 20181 30110 40117 80001 333 59010=","Q01    003SCCGA1"
"43278099999","2023-01-12T12:00:00","4","13.0666666","80.2","7.0","NUMGAMBAKKAM, IN","FM-12","99999","V020","999,9,C,0000,1","22000,1,9,N","010000,1,9,9","+0262,1","+0176,1","10114,1",,,,,,"99,9,+99999,9,00,1",,,,"9,AGL   ,+99999,+99999","01,99,1,00,1,99,9,99999,9,99,9,99,9",,,"99999,9,10107,1","9,9,999,9,-008,1",,,"SYN06443278 32997 10000 10262 20176 30107 40114 80001 333 10301 59008=","Q01    003SCCGA1"
"43278099999","2023-01-12T15:00:00","4","13.0666666","80.2","7.0","NUMGAMBAKKAM, IN","FM-12","99999","V020","090,1,N,0010,1","22000,1,9,N","004000,1,9,9","+0232,1","+0201,1","10128,1",,,,,,"03,1,+00800,1,06,1","99,9,+99999,9,00,1",,,"9,AGL   ,+99999,+99999","04,99,1,03,1,99,9,00800,1,99,9,99,9",,,"99999,9,10121,1","9,9,999,9,-004,1",,,"SYN05843278 32596 40902 10232 20201 30121 40128 83501 333 59004=",
"43278099999","2023-01-13T00:00:00","4","13.0666666","80.2","7.0","NUMGAMBAKKAM, IN","FM-12","99999","V020","999,9,C,0000,1","99999,9,9,N","004000,1,9,9","+0212,1","+0196,1","10124,1",,"1,1,02,1","1,1,02,1",,,"03,1,+00800,1,06,1","99,9,+99999,9,00,1",,,"9,AGL   ,+99999,+99999","05,99,1,03,1,99,9,00800,1,99,9,99,9",,,"99999,9,10117,1","9,9,999,9,-002,1",,"10,1","SYN06443278 31596 50000 10212 20196 30117 40124 71011 83501 333 59002=",
"43278099999","2023-01-13T03:00:00","4","13.0666666","80.2","7.0","NUMGAMBAKKAM, IN","FM-12","99999","V020","999,9,C,0000,1","22000,1,9,N","004000,1,9,9","+0228,1","+0207,1","10150,1",,"0,1,02,1","0,1,02,1",,,"99,9,+99999,9,00,1",,,,"9,AGL   ,+99999,+99999","01,99,1,00,1,99,9,99999,9,99,9,99,9","240,M,+0301,1","240,N,+0203,1","99999,9,10143,1","9,9,999,9,+006,1",,"05,1","SYN08643278 31996 10000 10228 20207 30143 40150 70500 80001 333 10301 20203 58006 555 10001=","Q01    003SCCGA1"
"43278099999","2023-01-13T06:00:00","4","13.0666666","80.2","7.0","NUMGAMBAKKAM, IN","FM-12","99999","V020","090,1,N,0010,1","22000,1,9,N","010000,1,9,9","+0286,1","+0179,1","10150,1",,,,,,"99,9,+99999,9,00,1",,,,"9,AGL   ,+99999,+99999","01,99,1,00,1,99,9,99999,9,99,9,99,9",,,"99999,9,10143,1","9,9,999,9,+009,1",,,"SYN05843278 32997 10902 10286 20179 30143 40150 80001 333 58009=","Q01    003SCCGA1"
"43278099999","2023-01-13T09:00:00","4","13.0666666","80.2","7.0","NUMGAMBAKKAM, IN","FM-12","99999","V020","140,1,N,0010,1","22000,1,9,N","010000,1,9,9","+0286,1","+0172,1","10119,1",,,,,,"99,9,+99999,9,00,1",,,,"9,AGL   ,+99999,+99999","02,99,1,00,1,99,9,99999,9,99,9,99,9",,,"99999,9,10112,1","9,9,999,9,+002,1",,,"SYN05843278 32997 21402 10286 20172 30112 40119 80001 333 58002=","Q01    003SCCGA1"
"43278099999","2023-01-13T12:00:00","4","13.0666666","80.2","7.0","NUMGAMBAKKAM, IN","FM-12","99999","V020","050,1,N,0010,1","22000,1,9,N","010000,1,9,9","+0266,1","+0162,1","10120,1",,,,,,"99,9,+99999,9,00,1",,,,"9,AGL   ,+99999,+99999","02,99,1,00,1,99,9,99999,9,99,9,99,9",,,"99999,9,10113,1","9,9,999,9,+006,1",,,"SYN06443278 32997 20502 10266 20162 30113 40120 80001 333 10296 58006=","Q01    003SCCGA1"
"43278099999","2023-01-13T15:00:00","4","13.0666666","80.2","7.0","NUMGAMBAKKAM, IN","FM-12","99999","V020","999,9,C,0000,1","22000,1,9,N","004000,1,9,9","+0232,1","+0186,1","10141,1",,,,,,"99,9,+99999,9,00,1",,,,"9,AGL   ,+99999,+99999","01,99,1,00,1,99,9,99999,9,99,9,99,9",,,"99999,9,10134,1","9,9,999,9,+013,1",,,"SYN05843278 32996 10000 10232 20186 30134 40141 80001 333 58013=","Q01    003SCCGA1"
"43278099999","2023-01-14T00:00:00","4","13.0666666","80.2","7.0","NUMGAMBAKKAM, IN","FM-12","99999","V020","999,9,C,0000,1","22000,1,9,N","004000,1,9,9","+0210,1","+0191,1","10133,1",,"0,1,02,1","0,1,02,1",,,"01,1,+02250,1,03,1","99,9,+99999,9,00,1",,,"9,AGL   ,+99999,+99999","02,99,1,01,1,99,9,02250,1,99,9,99,9",,,"99999,9,10126,1","9,9,999,9,+009,1",,"10,1","SYN06443278 31896 20000 10210 20191 30126 40133 71000 81031 333 58009=",
"43278099999","2023-01-14T03:00:00","4","13.0666666","80.2","7.0","NUMGAMBAKKAM, IN","FM-12","99999","V020","999,9,C,0000,1","22000,1,9,N","004000,1,9,9","+0220,1","+0198,1","10149,1",,"0,1,02,1","0,1,02,1",,,"99,9,+99999,9,00,1",,,,"9,AGL   ,+99999,+99999","01,99,1,00,1,99,9,99999,9,99,9,99,9","240,M,+0296,1","240,N,+0201,1","99999,9,10142,1","9,9,999,9,-001,1",,"04,1","SYN08643278 31996 10000 10220 20198 30142 40149 70400 80001 333 10296 20201 59001 555 10001=","Q01    003SCCGA1"
"43278099999","2023-01-14T06:00:00","4","13.0666666","80.2","7.0","NUMGAMBAKKAM, IN","FM-12","99999","V020","999,9,C,0000,1","22000,1,9,N","010000,1,9,9","+0284,1","+0173,1","10141,1",,,,,,"99,9,+99999,9,00,1",,,,"9,AGL   ,+99999,+99999","01,99,1,00,1,99,9,99999,9,99,9,99,9",,,"99999,9,10134,1","9,9,999,9,-009,1",,,"SYN05843278 32997 10000 10284 20173 30134 40141 80001 333 59009=","Q01    003SCCGA1"
"43278099999","2023-01-14T09:00:00","4","13.0666666","80.2","7.0","NUMGAMBAKKAM, IN","FM-12","99999","V020","090,1,N,0015,1","22000,1,9,N","010000,1,9,9","+0290,1","+0181,1","10113,1",,,,,,"01,1,+00800,1,06,1","99,9,+99999,9,00,1",,,"9,AGL   ,+99999,+99999","03,99,1,01,1,99,9,00800,1,99,9,99,9",,,"99999,9,10106,1","9,9,999,9,-006,1",,,"SYN05843278 32597 30903 10290 20181 30106 40113 81501 333 59006=",
"43278099999","2023-01-14T12:00:00","4","13.0666666","80.2","7.0","NUMGAMBAKKAM, IN","FM-12","99999","V020","070,1,N,0015,1","22000,1,9,N","010000,1,9,9","+0254,1","+0185,1","10113,1",,,,,,"01,1,+00800,1,06,1","99,9,+99999,9,00,1",,,"9,AGL   ,+99999,+99999","03,99,1,01,1,99,9,00800,1,99,9,99,9",,,"99999,9,10106,1","9,9,999,9,-007,1",,,"SYN06443278 32597 30703 10254 20185 30106 40113 81501 333 10300 59007=",
"43278099999","2023-01-14T15:00:00","4","13.0666666","80.2","7.0","NUMGAMBAKKAM, IN","FM-12","99999","V020","090,1,N,0010,1","22000,1,9,N","004000,1,9,9","+0232,1","+0185,1","10133,1",,,,,,"99,9,+99999,9,00,1",,,,"9,AGL   ,+99999,+99999","01,99,1,00,1,99,9,99999,9,99,9,99,9",,,"99999,9,10126,1","9,9,999,9,-008,1",,,"SYN05843278 32996 10902 10232 20185 30126 40133 80001 333 59008=","Q01    003SCCGA1"
"43278099999","2023-01-15T00:00:00","4","13.0666666","80.2","7.0","NUMGAMBAKKAM, IN","FM-12","99999","V020","999,9,C,0000,1","99999,9,9,N","004000,1,9,9","+0204,1","+0185,1","10124,1",,,,,,"02,1,+00800,1,06,1","99,9,+99999,9,03,1","99,9,+99999,9,00,1",,"9,AGL   ,+99999,+99999","06,99,1,02,1,99,9,00800,1,99,9,99,9",,,"99999,9,10117,1","9,9,999,9,-009,1",,,"SYN05843278 32596 60000 10204 20185 30117 40124 82571 333 59009=",
"43278099999","2023-01-15T03:00:00","4","13.0666666","80.2","7.0","NUMGAMBAKKAM, IN","FM-12","99999","V020","999,9,C,0000,1","99999,9,9,N","010000,1,9,9","+0225,1","+0189,1","10142,1",,,,,,"03,1,+02250,1,03,1","99,9,+99999,9,00,1",,,"9,AGL   ,+99999,+99999","05,99,1,03,1,99,9,02250,1,99,9,99,9","240,M,+0300,1","240,N,+0197,1","99999,9,10135,1","9,9,999,9,-007,1",,,"SYN08043278 32897 50000 10225 20189 30135 40142 83031 333 10300 20197 59007 555 10001=",
"43278099999","2023-01-15T06:00:00","4","13.0666666","80.2","7.0","NUMGAMBAKKAM, IN","FM-12","99999","V020","070,1,N,0015,1","22000,1,9,N","010000,1,9,9","+0282,1","+0186,1","10137,1",,,,,,"01,1,+00800,1,06,1","99,9,+99999,9,03,1","99,9,+99999,9,00,1",,"9,AGL   ,+99999,+99999","04,99,1,01,1,99,9,00800,1,99,9,99,9",,,"99999,9,10130,1","9,9,999,9,-004,1",,,"SYN05843278 32597 40703 10282 20186 30130 40137 81531 333 59004=",
"43278099999","2023-01-15T09:00:00","4","13.0666666","80.2","7.0","NUMGAMBAKKAM, IN","FM-12","99999","V020","140,1,N,0010,1","99999,9,9,N","010000,1,9,9","+0284,1","+0184,1","99999,9",,,,,,"99,9,+99999,9,00,1",,,,"9,AGL   ,+99999,+99999","05,99,1,00,1,99,9,99999,9,99,9,99,9",,,,,,,"SYN05843278 32997 51402 10284 20184 30004 40011 80001 333 59102=","Q011000.43APOSP Q021001.13APOSLPQ03    003SCCGA1"
"43278099999","2023-01-15T12:00:00","4","13.0666666","80.2","7.0","NUMGAMBAKKAM, IN","FM-12","99999","V020","090,1,N,0010,1","99999,9,9,N","010000,1,9,9","+0260,1","+0181,1","10112,1",,,,,,"01,1,+00800,1,06,1","99,9,+99999,9,00,1",,,"9,AGL   ,+99999,+99999","05,99,1,01,1,99,9,00800,1,99,9,99,9",,,"99999,9,10105,1","9,9,999,9,-001,1",,,"SYN06443278 32597 50902 10260 20181 30105 40112 81501 333 10292 59001=",
"43278099999","2023-01-15T15:00:00","4","13.0666666","80.2","7.0","NUMGAMBAKKAM, IN","FM-12","99999","V020","070,1,N,0015,1","22000,1,9,N","004000,1,9,9","+0226,1","+0181,1","10128,1",,,,,,"99,9,+99999,9,00,1",,,,"9,AGL   ,+99999,+99999","02,99,1,00,1,99,9,99999,9,99,9,99,9",,,"99999,9,10121,1","9,9,999,9,-005,1",,,"SYN05843278 32996 20703 10226 20181 30121 40128 80001 333 59005=","Q01    003SCCGA1"
"43278099999","2023-01-16T00:00:00","4","13.0666666","80.2","7.0","NUMGAMBAKKAM, IN","FM-12","99999","V020","290,1,N,0005,1","22000,1,9,N","004000,1,9,9","+0200,1","+0184,1","10122,1",,,,,,"03,1,+02250,1,03,1",,,,"9,AGL   ,+99999,+99999","03,99,1,03,1,99,9,02250,1,99,9,99,9",,,"99999,9,10115,1","9,9,999,9,-002,1",,,"SYN05843278 32896 32901 10200 20184 30115 40122 83040 333 59002=",
"43278099999","2023-01-16T03:00:00","4","13.0666666","80.2","7.0","NUMGAMBAKKAM, IN","FM-12","99999","V020","999,9,C,0000,1","22000,1,9,N","010000,1,9,9","+0232,1","+0191,1","10144,1",,,,,,"01,1,+02250,1,03,1","99,9,+99999,9,00,1",,,"9,AGL   ,+99999,+99999","02,99,1,01,1,99,9,02250,1,99,9,99,9","240,M,+0292,1","240,N,+0196,1","99999,9,10137,1","9,9,999,9,+002,1",,,"SYN08043278 32897 20000 10232 20191 30137 40144 81041 333 10292 20196 58002 555 10001=",
"43278099999","2023-01-16T06:00:00","4","13.0666666","80.2","7.0","NUMGAMBAKKAM, IN","FM-12","99999","V020","090,1,N,0015,1","22000,1,9,N","010000,1,9,9","+0286,1","+0183,1","10146,1",,,,,,"01,1,+02250,1,03,1","99,9,+99999,9,00,1",,,"9,AGL   ,+99999,+99999","02,99,1,01,1,99,9,02250,1,99,9,99,9",,,"99999,9,10139,1","9,9,999,9,+009,1",,,"SYN05843278 32897 20903 10286 20183 30139 40146 81031 333 58009=",
"43278099999","2023-01-16T09:00:00","4","13.0666666","80.2","7.0","NUMGAMBAKKAM, IN","FM-12","99999","V020","050,1,N,0026,1","22000,1,9,N","010000,1,9,9","+0288,1","+0182,1","10116,1",,,,,,"99,9,+99999,9,00,1",,,,"9,AGL   ,+99999,+99999","03,99,1,00,1,99,9,99999,9,99,9,99,9",,,"99999,9,10109,1",,,,"SYN05843278 32997 30505 10288 20182 30109 40116 80001 333 58105=","Q01    003SCCGA1"
"43278099999","2023-01-16T12:00:00","4","13.0666666","80.2","7.0","NUMGAMBAKKAM, IN","FM-12","99999","V020","050,1,N,0021,1","22000,1,9,N","010000,1,9,9","+0260,1","+0183,1","10113,1",,,,,,"99,9,+99999,9,00,1",,,,"9,AGL   ,+99999,+99999","01,99,1,00,1,99,9,99999,9,99,9,99,9",,,"99999,9,10106,1","9,9,999,9,+001,1",,,"SYN06443278 32997 10504 10260 20183 30106 40113 80001 333 10292 58001=","Q01    003SCCGA1"
"43278099999","2023-01-16T15:00:00","4","13.0666666","80.2","7.0","NUMGAMBAKKAM, IN","FM-12","99999","V020","070,1,N,0010,1","22000,1,9,N","004000,1,9,9","+0236,1","+0192,1","10140,1",,,,,,"01,1,+00800,1,06,1","99,9,+99999,9,00,1",,,"9,AGL   ,+99999,+99999","02,99,1,01,1,99,9,00800,1,99,9,99,9",,,"99999,9,10133,1","9,9,999,9,+012,1",,,"SYN05843278 32596 20702 10236 20192 30133 40140 81501 333 58012=",
"43278099999","2023-01-17T03:00:00","4","13.0666666","80.2","7.0","NUMGAMBAKKAM, IN","FM-12","99999","V020","999,9,C,0000,1","22000,1,9,N","004000,1,9,9","+0238,1","+0194,1","10151,1",,,,,,"02,1,+00800,1,06,1","99,9,+99999,9,00,1",,,"9,AGL   ,+99999,+99999","03,99,1,02,1,99,9,00800,1,99,9,99,9","240,M,+0292,1","240,N,+0204,1","99999,9,10144,1","9,9,999,9,+007,1",,,"SYN08043278 32596 30000 10238 20194 30144 40151 82501 333 10292 20204 58007 555 10001=",
"43278099999","2023-01-17T06:00:00","4","13.0666666","80.2","7.0","NUMGAMBAKKAM, IN","FM-12","99999","V020","320,1,N,0015,1","22000,1,9,N","010000,1,9,9","+0288,1","+0180,1","10158,1",,,,,,"03,1,+00800,1,06,1","99,9,+99999,9,00,1",,,"9,AGL   ,+99999,+99999","04,99,1,03,1,99,9,00800,1,99,9,99,9",,,"99999,9,10151,1","9,9,999,9,+012,1",,,"SYN05843278 32597 43203 10288 20180 30151 40158 83501 333 58012=",
"43278099999","2023-01-17T09:00:00","4","13.0666666","80.2","7.0","NUMGAMBAKKAM, IN","FM-12","99999","V020","050,1,N,0015,1","22000,1,9,N","010000,1,9,9","+0288,1","+0171,1","10132,1",,,,,,"03,1,+00800,1,06,1","99,9,+99999,9,00,1",,,"9,AGL   ,+99999,+99999","04,99,1,03,1,99,9,00800,1,99,9,99,9",,,"99999,9,10125,1","9,9,999,9,+016,1",,,"SYN05843278 32597 40503 10288 20171 30125 40132 83501 333 58016=",
"43278099999","2023-01-17T12:00:00","4","13.0666666","80.2","7.0","NUMGAMBAKKAM, IN","FM-12","99999","V020","050,1,N,0005,1","22000,1,9,N","010000,1,9,9","+0264,1","+0168,1","10130,1",,,,,,"02,1,+00800,1,06,1","99,9,+99999,9,00,1",,,"9,AGL   ,+99999,+99999","03,99,1,02,1,99,9,00800,1,99,9,99,9",,,"99999,9,10123,1","9,9,999,9,+017,1",,,"SYN06443278 32597 30501 10264 20168 30123 40130 82501 333 10298 58017=",
"43278099999","2023-01-17T15:00:00","4","13.0666666","80.2","7.0","NUMGAMBAKKAM, IN","FM-12","99999","V020","999,9,C,0000,1","22000,1,9,N","004000,1,9,9","+0240,1","+0185,1","10150,1",,,,,,"01,1,+00800,1,06,1","99,9,+99999,9,03,1","99,9,+99999,9,00,1",,"9,AGL   ,+99999,+99999","03,99,1,01,1,99,9,00800,1,99,9,99,9",,,"99999,9,10143,1","9,9,999,9,+010,1",,,"SYN05843278 32596 30000 10240 20185 30143 40150 81531 333 58010=",
"43278099999","2023-01-18T00:00:00","4","13.0666666","80.2","7.0","NUMGAMBAKKAM, IN","FM-12","99999","V020","999,9,C,0000,1","22000,1,9,N","004000,1,9,9","+0214,1","+0192,1","10138,1",,"0,1,02,1","0,1,02,1",,,"01,1,+00800,1,06,1","99,9,+99999,9,03,1","99,9,+99999,9,00,1",,"9,AGL   ,+99999,+99999","03,99,1,01,1,99,9,00800,1,99,9,99,9",,,"99999,9,10131,1","9,9,999,9,+016,1",,"10,1","SYN06443278 31596 30000 10214 20192 30131 40138 71000 81531 333 58016=",
"43278099999","2023-01-18T03:00:00","4","13.0666666","80.2","7.0","NUMGAMBAKKAM, IN","FM-12","99999","V020","999,9,C,0000,1","22000,1,9,N","010000,1,9,9","+0232,1","+0198,1","10162,1",,,,,,"01,1,+00800,1,06,1","99,9,+99999,9,00,1",,,"9,AGL   ,+99999,+99999","02,99,1,01,1,99,9,00800,1,99,9,99,9","240,M,+0298,1","240,N,+0212,1","99999,9,10155,1","9,9,999,9,+011,1",,,"SYN08043278 32597 20000 10232 20198 30155 40162 81501 333 10298 20212 58011 555 10001=",
"43278099999","2023-01-18T06:00:00","4","13.0666666","80.2","7.0","NUMGAMBAKKAM, IN","FM-12","99999","V020","050,1,N,0010,1","22000,1,9,N","010000,1,9,9","+0286,1","+0160,1","10168,1",,,,,,"02,1,+00800,1,06,1","99,9,+99999,9,00,1",,,"9,AGL   ,+99999,+99999","03,99,1,02,1,99,9,00800,1,99,9,99,9",,,"99999,9,10161,1","9,9,999,9,+010,1",,,"SYN05843278 32597 30502 10286 20160 30161 40168 82501 333 58010=",
"43278099999","2023-01-18T09:00:00","4","13.0666666","80.2","7.0","NUMGAMBAKKAM, IN","FM-12","99999","V020","110,1,N,0010,1","22000,1,9,N","010000,1,9,9","+0290,1","+0184,1","10144,1",,,,,,"02,1,+00800,1,06,1","99,9,+99999,9,00,1",,,"9,AGL   ,+99999,+99999","03,99,1,02,1,99,9,00800,1,99,9,99,9",,,"99999,9,10137,1","9,9,999,9,+012,1",,,"SYN05843278 32597 31102 10290 20184 30137 40144 82501 333 58012=",
"43278099999","2023-01-18T12:00:00","4","13.0666666","80.2","7.0","NUMGAMBAKKAM, IN","FM-12","99999","V020","110,1,N,0015,1","22000,1,9,N","010000,1,9,9","+0268,1","+0194,1","10140,1",,,,,,"02,1,+00800,1,06,1","99,9,+99999,9,00,1",,,"9,AGL   ,+99999,+99999","04,99,1,02,1,99,9,00800,1,99,9,99,9",,,"99999,9,10133,1","9,9,999,9,+010,1",,,"SYN06443278 32597 41103 10268 20194 30133 40140 82501 333 10295 58010=",
"43278099999","2023-01-18T15:00:00","4","13.0666666","80.2","7.0","NUMGAMBAKKAM, IN","FM-12","99999","V020","999,9,C,0000,1","22000,1,9,N","004000,1,9,9","+0240,1","+0176,1","10160,1",,,,,,"01,1,+00800,1,06,1","99,9,+99999,9,00,1",,,"9,AGL   ,+99999,+99999","02,99,1,01,1,99,9,00800,1,99,9,99,9",,,"99999,9,10153,1","9,9,999,9,+010,1",,,"SYN05843278 32596 20000 10240 20176 30153 40160 81501 333 58010=",
"43278099999","2023-01-19T00:00:00","4","13.0666666","80.2","7.0","NUMGAMBAKKAM, IN","FM-12","99999","V020","999,9,C,0000,1","99999,9,9,N","004000,1,9,9","+0220,1","+0188,1","10147,1",,,,,,"02,1,+00800,1,06,1","99,9,+99999,9,03,1","99,9,+99999,9,00,1",,"9,AGL   ,+99999,+99999","06,99,1,02,1,99,9,00800,1,99,9,99,9",,,"99999,9,10140,1","9,9,999,9,+009,1",,,"SYN05843278 32596 60000 10220 20188 30140 40147 82571 333 58009=",
"43278099999","2023-01-19T03:00:00","4","13.0666666","80.2","7.0","NUMGAMBAKKAM, IN","FM-12","99999","V020","320,1,N,0010,1","22000,1,9,N","010000,1,9,9","+0236,1","+0199,1","10168,1",,,,,,"02,1,+00800,1,06,1","99,9,+99999,9,00,1",,,"9,AGL   ,+99999,+99999","04,99,1,02,1,99,9,00800,1,99,9,99,9","240,M,+0295,1","240,N,+0210,1","99999,9,10161,1","9,9,999,9,+006,1",,,"SYN08043278 32597 43202 10236 20199 30161 40168 82501 333 10295 20210 58006 555 10001=",
"43278099999","2023-01-19T06:00:00","4","13.0666666","80.2","7.0","NUMGAMBAKKAM, IN","FM-12","99999","V020","110,1,N,0021,1","99999,9,9,N","010000,1,9,9","+0286,1","+0176,1","10170,1",,,,,,"04,1,+00800,1,06,1","99,9,+99999,9,00,1",,,"9,AGL   ,+99999,+99999","05,99,1,04,1,99,9,00800,1,99,9,99,9",,,"99999,9,10163,1","9,9,999,9,+002,1",,,"SYN05843278 32597 51104 10286 20176 30163 40170 84501 333 58002=",
"43278099999","2023-01-19T09:00:00","4","13.0666666","80.2","7.0","NUMGAMBAKKAM, IN","FM-12","99999","V020","050,1,N,0021,1","22000,1,9,N","010000,1,9,9","+0290,1","+0199,1","10140,1",,,,,,"01,1,+00800,1,06,1","99,9,+99999,9,00,1",,,"9,AGL   ,+99999,+99999","02,99,1,01,1,99,9,00800,1,99,9,99,9",,,"99999,9,10133,1","9,9,999,9,-004,1",,,"SYN05843278 32597 20504 10290 20199 30133 40140 81501 333 59004=",
"43278099999","2023-01-19T12:00:00","4","13.0666666","80.2","7.0","NUMGAMBAKKAM, IN","FM-12","99999","V020","050,1,N,0015,1","22000,1,9,N","010000,1,9,9","+0267,1","+0182,1","10138,1",,,,,,"01,1,+00800,1,06,1","99,9,+99999,9,00,1",,,"9,AGL   ,+99999,+99999","03,99,1,01,1,99,9,00800,1,99,9,99,9",,,"99999,9,10131,1","9,9,999,9,-002,1",,,"SYN06443278 32597 30503 10267 20182 30131 40138 81501 333 10300 59002=",
"43278099999","2023-01-19T15:00:00","4","13.0666666","80.2","7.0","NUMGAMBAKKAM, IN","FM-12","99999","V020","050,1,N,0005,1","22000,1,9,N","004000,1,9,9","+0250,1","+0194,1","10149,1",,,,,,"01,1,+00800,1,06,1","99,9,+99999,9,00,1",,,"9,AGL   ,+99999,+99999","02,99,1,01,1,99,9,00800,1,99,9,99,9",,,"99999,9,10142,1","9,9,999,9,-011,1",,,"SYN05843278 32596 20501 10250 20194 30142 40149 81501 333 59011=",
"43278099999","2023-01-20T00:00:00","4","13.0666666","80.2","7.0","NUMGAMBAKKAM, IN","FM-12","99999","V020","999,9,C,0000,1","22000,1,9,N","004000,1,9,9","+0234,1","+0200,1","10132,1",,"0,1,02,1","0,1,02,1",,,"01,1,+00800,1,06,1","99,9,+99999,9,00,1",,,"9,AGL   ,+99999,+99999","03,99,1,01,1,99,9,00800,1,99,9,99,9",,,"99999,9,10125,1",,,"10,1","SYN06443278 31596 30000 10234 20200 30125 40132 71000 81501 555 59015=",
"43278099999","2023-01-20T03:00:00","4","13.0666666","80.2","7.0","NUMGAMBAKKAM, IN","FM-12","99999","V020","999,9,C,0000,1","99999,9,9,N","004000,1,9,9","+0238,1","+0211,1","10160,1","24,0000,2,1","2,1,02,1","2,1,02,1",,,"03,1,+00800,1,06,1","99,9,+99999,9,04,1",,,"9,AGL   ,+99999,+99999","08,99,1,03,1,99,9,00800,1,99,9,99,9","240,M,+0300,1","240,N,+0225,1","99999,9,10153,1","9,9,999,9,-008,1",,"50,1","SYN09243278 21596 80000 10238 20211 30153 40160 75022 8351/ 333 10300 20225 59008 6990/ 555 10001=",
"43278099999","2023-01-20T06:00:00","4","13.0666666","80.2","7.0","NUMGAMBAKKAM, IN","FM-12","99999","V020","999,9,C,0000,1","99999,9,9,N","004000,1,9,9","+0272,1","+0225,1","10161,1","03,0002,3,1","6,1,02,1","5,1,02,1",,,"03,1,+00800,1,06,1","99,9,+99999,9,04,1","99,9,+99999,9,00,1",,"9,AGL   ,+99999,+99999","07,99,1,03,1,99,9,00800,1,99,9,99,9",,,"99999,9,10154,1","9,9,999,9,-009,1",,"02,1","SYN07043278 21596 70000 10272 20225 30154 40161 70265 83511 333 59009 6992/=",
"43278099999","2023-01-20T09:00:00","4","13.0666666","80.2","7.0","NUMGAMBAKKAM, IN","FM-12","99999","V020","090,1,N,0010,1","99999,9,9,N","010000,1,9,9","+0290,1","+0216,1","10132,1","06,0002,3,1","6,1,02,1","5,1,02,1",,,"02,1,+00800,1,06,1","99,9,+99999,9,03,1","99,9,+99999,9,00,1",,"9,AGL   ,+99999,+99999","06,99,1,02,1,99,9,00800,1,99,9,99,9",,,"99999,9,10127,1","9,9,999,9,-006,1",,"01,1","SYN07043278 21597 60902 10290 20216 30127 40132 70165 82571 333 59006 6992/=",
"43278099999","2023-01-20T12:00:00","4","13.0666666","80.2","7.0","NUMGAMBAKKAM, IN","FM-12","99999","V020","999,9,C,0000,1","22000,1,9,N","004000,1,9,9","+0274,1","+0211,1","10133,1","09,0002,3,1",,,,,"01,1,+00800,1,06,1","99,9,+99999,9,00,1",,,"9,AGL   ,+99999,+99999","02,99,1,01,1,99,9,00800,1,99,9,99,9",,,"99999,9,10126,1","9,9,999,9,-005,1",,,"SYN07043278 22596 20000 10274 20211 30126 40133 81501 333 10301 59005 6992/=",
"43278099999","2023-01-20T15:00:00","4","13.0666666","80.2","7.0","NUMGAMBAKKAM, IN","FM-12","99999","V020","050,1,N,0015,1","99999,9,9,N","004000,1,9,9","+0252,1","+0225,1","10150,1","12,0004,3,1","6,1,02,1","1,1,02,1",,,"03,1,+00800,1,06,1","99,9,+99999,9,03,1","99,9,+99999,9,00,1",,"9,AGL   ,+99999,+99999","06,99,1,03,1,99,9,00800,1,99,9,99,9",,,"99999,9,10143,1","9,9,999,9,+001,1",,"03,1","SYN07043278 21596 60503 10252 20225 30143 40150 70361 83531 333 58001 6994/=",
"43278099999","2023-01-21T00:00:00","4","13.0666666","80.2","7.0","NUMGAMBAKKAM, IN","FM-12","99999","V020","999,9,C,0000,1","22000,1,9,N","004000,1,9,9","+0236,1","+0209,1","10134,1","21,0004,3,1",,,,,"02,1,+00800,1,06,1","99,9,+99999,9,00,1",,,"9,AGL   ,+99999,+99999","03,99,1,02,1,99,9,00800,1,99,9,99,9",,,"99999,9,10127,1","9,9,999,9,+002,1",,,"SYN06443278 22596 30000 10236 20209 30127 40134 82501 333 58002 6994/=",
"43278099999","2023-01-21T03:00:00","4","13.0666666","80.2","7.0","NUMGAMBAKKAM, IN","FM-12","99999","V020","050,1,N,0010,1","22000,1,9,N","010000,1,9,9","+0254,1","+0218,1","10148,1","24,0004,3,1",,,,,"01,1,+00800,1,06,1","99,9,+99999,9,00,1",,,"9,AGL   ,+99999,+99999","03,99,1,01,1,99,9,00800,1,99,9,99,9","240,M,+0301,1","240,N,+0230,1","99999,9,10141,1","9,9,999,9,-012,1",,,"SYN09243278 22597 30502 10254 20218 30141 40148 81501 333 10301 20230 59012 6994/ 555 00004 10001=",
"43278099999","2023-01-21T06:00:00","4","13.0666666","80.2","7.0","NUMGAMBAKKAM, IN","FM-12","99999","V020","050,1,N,0015,1","22000,1,9,N","010000,1,9,9","+0290,1","+0206,1","10150,1",,,,,,"02,1,+00800,1,06,1","99,9,+99999,9,00,1",,,"9,AGL   ,+99999,+99999","03,99,1,02,1,99,9,00800,1,99,9,99,9",,,"99999,9,10143,1","9,9,999,9,-011,1",,,"SYN05843278 32597 30503 10290 20206 30143 40150 82501 333 59011=",
"43278099999","2023-01-21T09:00:00","4","13.0666666","80.2","7.0","NUMGAMBAKKAM, IN","FM-12","99999","V020","090,1,N,0021,1","22000,1,9,N","010000,1,9,9","+0290,1","+0202,1","10119,1",,,,,,"03,1,+00800,1,06,1","99,9,+99999,9,00,1",,,"9,AGL   ,+99999,+99999","04,99,1,03,1,99,9,00800,1,99,9,99,9",,,"99999,9,10112,1","9,9,999,9,-015,1",,,"SYN05843278 32597 40904 10290 20202 30112 40119 83501 333 59015=",
"43278099999","2023-01-21T12:00:00","4","13.0666666","80.2","7.0","NUMGAMBAKKAM, IN","FM-12","99999","V020","050,1,N,0010,1","22000,1,9,N","010000,1,9,9","+0272,1","+0209,1","10118,1",,,,,,"03,1,+00800,1,06,1","99,9,+99999,9,00,1",,,"9,AGL   ,+99999,+99999","04,99,1,03,1,99,9,00800,1,99,9,99,9",,,"99999,9,10111,1","9,9,999,9,-015,1",,,"SYN06443278 32597 40502 10272 20209 30111 40118 83501 333 10302 59015=",
"43278099999","2023-01-21T15:00:00","4","13.0666666","80.2","7.0","NUMGAMBAKKAM, IN","FM-12","99999","V020","050,1,N,0026,1","22000,1,9,N","004000,1,9,9","+0264,1","+0210,1","10139,1",,,,,,"03,1,+00800,1,06,1","99,9,+99999,9,00,1",,,"9,AGL   ,+99999,+99999","04,99,1,03,1,99,9,00800,1,99,9,99,9",,,"99999,9,10132,1","9,9,999,9,-011,1",,,"SYN05843278 32596 40505 10264 20210 30132 40139 83501 333 59011=",
"43278099999","2023-01-22T00:00:00","4","13.0666666","80.2","7.0","NUMGAMBAKKAM, IN","FM-12","99999","V020","999,9,C,0000,1","22000,1,9,N","004000,1,9,9","+0232,1","+0204,1","10128,1",,,,,,"01,1,+00800,1,06,1","99,9,+99999,9,03,1","99,9,+99999,9,00,1",,"9,AGL   ,+99999,+99999","03,99,1,01,1,99,9,00800,1,99,9,99,9",,,"99999,9,10121,1","9,9,999,9,-006,1",,,"SYN05843278 32596 30000 10232 20204 30121 40128 81531 333 59006=",
"43278099999","2023-01-22T03:00:00","4","13.0666666","80.2","7.0","NUMGAMBAKKAM, IN","FM-12","99999","V020","320,1,N,0010,1","22000,1,9,N","010000,1,9,9","+0244,1","+0211,1","10142,1",,,,,,"02,1,+00800,1,06,1","99,9,+99999,9,00,1",,,"9,AGL   ,+99999,+99999","03,99,1,02,1,99,9,00800,1,99,9,99,9","240,M,+0302,1","240,N,+0225,1","99999,9,10135,1","9,9,999,9,-006,1",,,"SYN08043278 32597 33202 10244 20211 30135 40142 82501 333 10302 20225 59006 555 10001=",
"43278099999","2023-01-22T06:00:00","4","13.0666666","80.2","7.0","NUMGAMBAKKAM, IN","FM-12","99999","V020","050,1,N,0015,1","99999,9,9,N","010000,1,9,9","+0286,1","+0197,1","10144,1",,,,,,"04,1,+00800,1,06,1","99,9,+99999,9,04,1","99,9,+99999,9,00,1",,"9,AGL   ,+99999,+99999","07,99,1,04,1,99,9,00800,1,99,9,99,9",,,"99999,9,10137,1","9,9,999,9,-006,1",,,"SYN05843278 32597 70503 10286 20197 30137 40144 84511 333 59006=",
"43278099999","2023-01-22T09:00:00","4","13.0666666","80.2","7.0","NUMGAMBAKKAM, IN","FM-12","99999","V020","070,1,N,0021,1","99999,9,9,N","010000,1,9,9","+0278,1","+0199,1","10119,1",,,,,,"03,1,+00800,1,06,1","99,9,+99999,9,04,1","99,9,+99999,9,00,1",,"9,AGL   ,+99999,+99999","07,99,1,03,1,99,9,00800,1,99,9,99,9",,,"99999,9,10112,1","9,9,999,9,+000,1",,,"SYN05843278 32597 70704 10278 20199 30112 40119 83511 333 58000=",
"43278099999","2023-01-22T12:00:00","4","13.0666666","80.2","7.0","NUMGAMBAKKAM, IN","FM-12","99999","V020","050,1,N,0021,1","99999,9,9,N","010000,1,9,9","+0266,1","+0202,1","10120,1",,,,,,"03,1,+00800,1,06,1","99,9,+99999,9,03,1","99,9,+99999,9,00,1",,"9,AGL   ,+99999,+99999","06,99,1,03,1,99,9,00800,1,99,9,99,9","240,M,+0293,1",,"99999,9,10113,1","9,9,999,9,+002,1",,,"SYN06443278 32597 60504 10266 20202 30113 40120 83531 333 10293 58002=",
"43278099999","2023-01-22T15:00:00","4","13.0666666","80.2","7.0","NUMGAMBAKKAM, IN","FM-12","99999","V020","070,1,N,0010,1","22000,1,9,N","004000,1,9,9","+0258,1","+0200,1","10134,1",,,,,,"99,9,+99999,9,00,1",,,,"9,AGL   ,+99999,+99999","01,99,1,00,1,99,9,99999,9,99,9,99,9",,,"99999,9,10127,1","9,9,999,9,-005,1",,,"SYN05843278 32996 10702 10258 20200 30127 40134 80001 333 59005=","Q01    003SCCGA1"
"43278099999","2023-01-23T00:00:00","4","13.0666666","80.2","7.0","NUMGAMBAKKAM, IN","FM-12","99999","V020","050,1,N,0010,1","99999,9,9,N","004000,1,9,9","+0250,1","+0214,1","10117,1",,,,,,"03,1,+00800,1,06,1","99,9,+99999,9,03,1","99,9,+99999,9,00,1",,"9,AGL   ,+99999,+99999","05,99,1,03,1,99,9,00800,1,99,9,99,9",,,"99999,9,10110,1","9,9,999,9,-011,1",,,"SYN05843278 32596 50502 10250 20214 30110 40117 83531 333 59011=",
"43278099999","2023-01-23T03:00:00","4","13.0666666","80.2","7.0","NUMGAMBAKKAM, IN","FM-12","99999","V020","320,1,N,0010,1","99999,9,9,N","010000,1,9,9","+0248,1","+0218,1","10129,1",,,,,,"03,1,+00800,1,08,1","99,9,+99999,9,03,1","99,9,+99999,9,00,1",,"9,AGL   ,+99999,+99999","06,99,1,03,1,99,9,00800,1,99,9,99,9","240,M,+0293,1","240,N,+0245,1","99999,9,10122,1","9,9,999,9,-013,1",,,"SYN08043278 32597 63202 10248 20218 30122 40129 83831 333 10293 20245 59013 555 10001=",
"43278099999","2023-01-23T06:00:00","4","13.0666666","80.2","7.0","NUMGAMBAKKAM, IN","FM-12","99999","V020","050,1,N,0021,1","99999,9,9,N","010000,1,9,9","+0290,1","+0219,1","10130,1",,,,,,"04,1,+00800,1,08,1","99,9,+99999,9,03,1",,,"9,AGL   ,+99999,+99999","07,99,1,04,1,99,9,00800,1,99,9,99,9",,,"99999,9,10123,1","9,9,999,9,-014,1",,,"SYN05843278 32597 70504 10290 20219 30123 40130 84830 333 59014=",
"43278099999","2023-01-23T09:00:00","4","13.0666666","80.2","7.0","NUMGAMBAKKAM, IN","FM-12","99999","V020","050,1,N,0026,1","99999,9,9,N","010000,1,9,9","+0287,1","+0214,1","10109,1",,,,,,"03,1,+00800,1,06,1","99,9,+99999,9,03,1","99,9,+99999,9,00,1",,"9,AGL   ,+99999,+99999","06,99,1,03,1,99,9,00800,1,99,9,99,9",,,"99999,9,10102,1","9,9,999,9,-010,1",,,"SYN05843278 32597 60505 10287 20214 30102 40109 83531 333 59010=",
"43278099999","2023-01-23T12:00:00","4","13.0666666","80.2","7.0","NUMGAMBAKKAM, IN","FM-12","99999","V020","070,1,N,0021,1","99999,9,9,N","010000,1,9,9","+0270,1","+0216,1","10110,1",,,,,,"02,1,+00800,1,06,1","99,9,+99999,9,03,1",,,"9,AGL   ,+99999,+99999","07,99,1,02,1,99,9,00800,1,99,9,99,9",,,"99999,9,10103,1","9,9,999,9,-010,1",,,"SYN06443278 32597 70704 10270 20216 30103 40110 8257/ 333 10296 59010=",
"43278099999","2023-01-23T15:00:00","4","13.0666666","80.2","7.0","NUMGAMBAKKAM, IN","FM-12","99999","V020","050,1,N,0026,1","99999,9,9,N","004000,1,9,9","+0264,1","+0213,1","10130,1",,,,,,"02,1,+00800,1,06,1","99,9,+99999,9,03,1","99,9,+99999,9,00,1",,"9,AGL   ,+99999,+99999","07,99,1,02,1,99,9,00800,1,99,9,99,9",,,"99999,9,10123,1","9,9,999,9,-004,1",,,"SYN05843278 32596 70505 10264 20213 30123 40130 82571 333 59004=",
"43278099999","2023-01-24T00:00:00","4","13.0666666","80.2","7.0","NUMGAMBAKKAM, IN","FM-12","99999","V020","999,9,C,0000,1","99999,9,9,N","004000,1,9,9","+0234,1","+0210,1","10120,1",,,,,,"02,1,+00800,1,06,1","99,9,+99999,9,03,1","99,9,+99999,9,00,1",,"9,AGL   ,+99999,+99999","05,99,1,02,1,99,9,00800,1,99,9,99,9",,,"99999,9,10113,1","9,9,999,9,+003,1",,,"SYN05843278 32596 50000 10234 20210 30113 40120 82531 333 58003=",
"43278099999","2023-01-24T03:00:00","4","13.0666666","80.2","7.0","NUMGAMBAKKAM, IN","FM-12","99999","V020","999,9,C,0000,1","99999,9,9,N","004000,1,9,9","+0250,1","+0229,1","10138,1",,,,,,"03,1,+00800,1,06,1","99,9,+99999,9,03,1","99,9,+99999,9,00,1",,"9,AGL   ,+99999,+99999","06,99,1,03,1,99,9,00800,1,99,9,99,9","240,M,+0296,1","240,N,+0229,1","99999,9,10131,1","9,9,999,9,+009,1",,,"SYN08043278 32596 60000 10250 20229 30131 40138 83531 333 10296 20229 58009 555 10001=",
"43278099999","2023-01-24T06:00:00","4","13.0666666","80.2","7.0","NUMGAMBAKKAM, IN","FM-12","99999","V020","090,1,N,0021,1","22000,1,9,N","010000,1,9,9","+0296,1","+0202,1","10143,1",,,,,,"03,1,+00800,1,06,1","99,9,+99999,9,00,1",,,"9,AGL   ,+99999,+99999","04,99,1,03,1,99,9,00800,1,99,9,99,9",,,"99999,9,10136,1","9,9,999,9,+013,1",,,"SYN05843278 32597 40904 10296 20202 30136 40143 83501 333 58013=",
"43278099999","2023-01-24T09:00:00","4","13.0666666","80.2","7.0","NUMGAMBAKKAM, IN","FM-12","99999","V020","090,1,N,0010,1","22000,1,9,N","010000,1,9,9","+0288,1","+0203,1","10122,1",,,,,,"02,1,+00800,1,06,1","99,9,+99999,9,03,1","99,9,+99999,9,00,1",,"9,AGL   ,+99999,+99999","04,99,1,02,1,99,9,00800,1,99,9,99,9",,,"99999,9,10115,1","9,9,999,9,+013,1",,,"SYN05843278 32597 40902 10288 20203 30115 40122 82531 333 58013=",
"43278099999","2023-01-24T12:00:00","4","13.0666666","80.2","7.0","NUMGAMBAKKAM, IN","FM-12","99999","V020","999,9,C,0000,1","22000,1,9,N","010000,1,9,9","+0268,1","+0194,1","10120,1",,,,,,"01,1,+00800,1,06,1","99,9,+99999,9,03,1","99,9,+99999,9,00,1",,"9,AGL   ,+99999,+99999","03,99,1,01,1,99,9,00800,1,99,9,99,9",,,"99999,9,10113,1","9,9,999,9,+010,1",,,"SYN06443278 32597 30000 10268 20194 30113 40120 81531 333 10301 58010=",
"43278099999","2023-01-24T15:00:00","4","13.0666666","80.2","7.0","NUMGAMBAKKAM, IN","FM-12","99999","V020","070,1,N,0026,1","22000,1,9,N","004000,1,9,9","+0254,1","+0192,1","10129,1",,,,,,"03,1,+00800,1,06,1","99,9,+99999,9,00,1",,,"9,AGL   ,+99999,+99999","04,99,1,03,1,99,9,00800,1,99,9,99,9",,,"99999,9,10122,1","9,9,999,9,-001,1",,,"SYN05843278 32596 40705 10254 20192 30122 40129 83501 333 59001=",
"43278099999","2023-01-25T00:00:00","4","13.0666666","80.2","7.0","NUMGAMBAKKAM, IN","FM-12","99999","V020","999,9,C,0000,1","22000,1,9,N","004000,1,9,9","+0220,1","+0198,1","10126,1",,,,,,"02,1,+00800,1,06,1","99,9,+99999,9,00,1",,,"9,AGL   ,+99999,+99999","04,99,1,02,1,99,9,00800,1,99,9,99,9",,,"99999,9,10119,1","9,9,999,9,+006,1",,,"SYN05843278 32596 40000 10220 20198 30119 40126 82501 333 58006=",
"43278099999","2023-01-25T03:00:00","4","13.0666666","80.2","7.0","NUMGAMBAKKAM, IN","FM-12","99999","V020","999,9,C,0000,1","22000,1,9,N","010000,1,9,9","+0234,1","+0206,1","10139,1",,,,,,"01,1,+00800,1,06,1","99,9,+99999,9,03,1","99,9,+99999,9,00,1",,"9,AGL   ,+99999,+99999","03,99,1,01,1,99,9,00800,1,99,9,99,9","240,M,+0301,1","240,N,+0214,1","99999,9,10132,1","9,9,999,9,+001,1",,,"SYN08043278 32597 30000 10234 20206 30132 40139 81531 333 10301 20214 58001 555 10001=",
"43278099999","2023-01-25T06:00:00","4","13.0666666","80.2","7.0","NUMGAMBAKKAM, IN","FM-12","99999","V020","050,1,N,0010,1","22000,1,9,N","010000,1,9,9","+0290,1","+0195,1","10138,1",,,,,,"02,1,+00800,1,06,1","99,9,+99999,9,03,1","99,9,+99999,9,00,1",,"9,AGL   ,+99999,+99999","04,99,1,02,1,99,9,00800,1,99,9,99,9",,,"99999,9,10131,1","9,9,999,9,-005,1",,,"SYN05843278 32597 40502 10290 20195 30131 40138 82531 333 59005=",
"43278099999","2023-01-25T09:00:00","4","13.0666666","80.2","7.0","NUMGAMBAKKAM, IN","FM-12","99999","V020","050,1,N,0015,1","22000,1,9,N","010000,1,9,9","+0290,1","+0181,1","10113,1",,,,,,"03,1,+00800,1,06,1","99,9,+99999,9,00,1",,,"9,AGL   ,+99999,+99999","04,99,1,03,1,99,9,00800,1,99,9,99,9",,,"99999,9,10106,1","9,9,999,9,-009,1",,,"SYN05843278 32597 40503 10290 20181 30106 40113 83501 333 59009=",
"43278099999","2023-01-25T12:00:00","4","13.0666666","80.2","7.0","NUMGAMBAKKAM, IN","FM-12","99999","V020","050,1,N,0010,1","22000,1,9,N","010000,1,9,9","+0268,1","+0187,1","10113,1",,,,,,"02,1,+00800,1,06,1","99,9,+99999,9,00,1",,,"9,AGL   ,+99999,+99999","03,99,1,02,1,99,9,00800,1,99,9,99,9",,,"99999,9,10106,1","9,9,999,9,-007,1",,,"SYN06443278 32597 30502 10268 20187 30106 40113 82501 333 10301 59007=",
"43278099999","2023-01-25T15:00:00","4","13.0666666","80.2","7.0","NUMGAMBAKKAM, IN","FM-12","99999","V020","070,1,N,0015,1","22000,1,9,N","004000,1,9,9","+0256,1","+0201,1","10130,1",,,,,,"02,1,+00800,1,06,1","99,9,+99999,9,00,1",,,"9,AGL   ,+99999,+99999","03,99,1,02,1,99,9,00800,1,99,9,99,9",,,"99999,9,10123,1","9,9,999,9,+001,1",,,"SYN05843278 32596 30703 10256 20201 30123 40130 82501 333 58001=",
"43278099999","2023-01-26T00:00:00","4","13.0666666","80.2","7.0","NUMGAMBAKKAM, IN","FM-12","99999","V020","320,1,N,0005,1","22000,1,9,N","004000,1,9,9","+0214,1","+0192,1","10117,1",,"0,1,02,1","0,1,02,1",,,"01,1,+00800,1,06,1","99,9,+99999,9,03,1","99,9,+99999,9,00,1",,"9,AGL   ,+99999,+99999","03,99,1,01,1,99,9,00800,1,99,9,99,9",,,"99999,9,10110,1","9,9,999,9,-009,1",,"10,1","SYN06443278 31596 33201 10214 20192 30110 40117 71000 81531 333 59009=",
"43278099999","2023-01-26T03:00:00","4","13.0666666","80.2","7.0","NUMGAMBAKKAM, IN","FM-12","99999","V020","340,1,N,0010,1","22000,1,9,N","010000,1,9,9","+0238,1","+0211,1","10130,1",,,,,,"99,9,+99999,9,00,1",,,,"9,AGL   ,+99999,+99999","01,99,1,00,1,99,9,99999,9,99,9,99,9","240,M,+0301,1","240,N,+0212,1","99999,9,10123,1","9,9,999,9,-009,1",,,"SYN08043278 32997 13402 10238 20211 30123 40130 80001 333 10301 20212 59009 555 10001=","Q01    003SCCGA1"
"43278099999","2023-01-26T06:00:00","4","13.0666666","80.2","7.0","NUMGAMBAKKAM, IN","FM-12","99999","V020","050,1,N,0015,1","99999,9,9,N","010000,1,9,9","+0280,1","+0211,1","10128,1",,,,,,"04,1,+00800,1,06,1","99,9,+99999,9,00,1",,,"9,AGL   ,+99999,+99999","06,99,1,04,1,99,9,00800,1,99,9,99,9",,,"99999,9,10121,1","9,9,999,9,-010,1",,,"SYN05843278 32597 60503 10280 20211 30121 40128 84501 333 59010=",
"43278099999","2023-01-26T09:00:00","4","13.0666666","80.2","7.0","NUMGAMBAKKAM, IN","FM-12","99999","V020","070,1,N,0026,1","99999,9,9,N","010000,1,9,9","+0292,1","+0221,1","10110,1",,,,,,"03,1,+00800,1,06,1","99,9,+99999,9,00,1",,,"9,AGL   ,+99999,+99999","05,99,1,03,1,99,9,00800,1,99,9,99,9",,,"99999,9,10103,1","9,9,999,9,-003,1",,,"SYN05843278 32597 50705 10292 20221 30103 40110 83501 333 59003=",
"43278099999","2023-01-26T12:00:00","4","13.0666666","80.2","7.0","NUMGAMBAKKAM, IN","FM-12","99999","V020","050,1,N,0026,1","22000,1,9,N","010000,1,9,9","+0272,1","+0209,1","10110,1",,,,,,"02,1,+00800,1,06,1","99,9,+99999,9,00,1",,,"9,AGL   ,+99999,+99999","03,99,1,02,1,99,9,00800,1,99,9,99,9",,,"99999,9,10103,1","9,9,999,9,-003,1",,,"SYN06443278 32597 30505 10272 20209 30103 40110 82501 333 10301 59003=",
"43278099999","2023-01-26T15:00:00","4","13.0666666","80.2","7.0","NUMGAMBAKKAM, IN","FM-12","99999","V020","090,1,N,0010,1","22000,1,9,N","004000,1,9,9","+0262,1","+0207,1","10133,1",,,,,,"99,9,+99999,9,00,1",,,,"9,AGL   ,+99999,+99999","01,99,1,00,1,99,9,99999,9,99,9,99,9",,,"99999,9,10126,1","9,9,999,9,+003,1",,,"SYN05843278 32996 10902 10262 20207 30126 40133 80001 333 58003=","Q01    003SCCGA1"
"43278099999","2023-01-27T00:00:00","4","13.0666666","80.2","7.0","NUMGAMBAKKAM, IN","FM-12","99999","V020","999,9,C,0000,1","22000,1,9,N","004000,1,9,9","+0220,1","+0188,1","10124,1",,,,,,"01,1,+00800,1,06,1","99,9,+99999,9,00,1",,,"9,AGL   ,+99999,+99999","02,99,1,01,1,99,9,00800,1,99,9,99,9",,,"99999,9,10117,1","9,9,999,9,+007,1",,,"SYN05843278 32596 20000 10220 20188 30117 40124 81501 333 58007=",
"43278099999","2023-01-27T03:00:00","4","13.0666666","80.2","7.0","NUMGAMBAKKAM, IN","FM-12","99999","V020","320,1,N,0010,1","22000,1,9,N","010000,1,9,9","+0244,1","+0204,1","10140,1",,,,,,"01,1,+00800,1,06,1","99,9,+99999,9,00,1",,,"9,AGL   ,+99999,+99999","02,99,1,01,1,99,9,00800,1,99,9,99,9","240,M,+0301,1","240,N,+0217,1","99999,9,10133,1","9,9,999,9,+010,1",,,"SYN08043278 32597 23202 10244 20204 30133 40140 81501 333 10301 20217 58010 555 10001=",
"43278099999","2023-01-27T06:00:00","4","13.0666666","80.2","7.0","NUMGAMBAKKAM, IN","FM-12","99999","V020","050,1,N,0021,1","22000,1,9,N","010000,1,9,9","+0290,1","+0173,1","10138,1",,,,,,"03,1,+00800,1,06,1","99,9,+99999,9,00,1",,,"9,AGL   ,+99999,+99999","04,99,1,03,1,99,9,00800,1,99,9,99,9",,,"99999,9,10131,1","9,9,999,9,+010,1",,,"SYN05843278 32597 40504 10290 20173 30131 40138 83501 333 58010=",
"43278099999","2023-01-27T09:00:00","4","13.0666666","80.2","7.0","NUMGAMBAKKAM, IN","FM-12","99999","V020","050,1,N,0015,1","22000,1,9,N","010000,1,9,9","+0294,1","+0186,1","10109,1",,,,,,"01,1,+00800,1,06,1","99,9,+99999,9,03,1","99,9,+99999,9,00,1",,"9,AGL   ,+99999,+99999","04,99,1,01,1,99,9,00800,1,99,9,99,9",,,"99999,9,10102,1","9,9,999,9,-001,1",,,"SYN05843278 32597 40503 10294 20186 30102 40109 81532 333 59001=",
"43278099999","2023-01-27T12:00:00","4","13.0666666","80.2","7.0","NUMGAMBAKKAM, IN","FM-12","99999","V020","050,1,N,0015,1","22000,1,9,N","010000,1,9,9","+0270,1","+0186,1","10112,1",,,,,,"01,1,+02250,1,03,1","99,9,+99999,9,00,1",,,"9,AGL   ,+99999,+99999","03,99,1,01,1,99,9,02250,1,99,9,99,9",,,"99999,9,10105,1","9,9,999,9,+002,1",,,"SYN06443278 32897 30503 10270 20186 30105 40112 81031 333 10301 58002=",
"43278099999","2023-01-27T15:00:00","4","13.0666666","80.2","7.0","NUMGAMBAKKAM, IN","FM-12","99999","V020","999,9,C,0000,1","22000,1,9,N","004000,1,9,9","+0248,1","+0189,1","10125,1",,,,,,"99,9,+99999,9,00,1",,,,"9,AGL   ,+99999,+99999","01,99,1,00,1,99,9,99999,9,99,9,99,9",,,"99999,9,10118,1","9,9,999,9,-008,1",,,"SYN05843278 32996 10000 10248 20189 30118 40125 80001 333 59008=","Q01    003SCCGA1"
"43278099999","2023-01-28T00:00:00","4","13.0666666","80.2","7.0","NUMGAMBAKKAM, IN","FM-12","99999","V020","999,9,C,0000,1","22000,1,9,N","004000,1,9,9","+0220,1","+0192,1","10116,1",,"0,1,02,1","0,1,02,1",,,"99,9,+99999,9,00,1",,,,"9,AGL   ,+99999,+99999","01,99,1,00,1,99,9,99999,9,99,9,99,9",,,"99999,9,10109,1","9,9,999,9,-008,1",,"10,1","SYN06443278 31996 10000 10220 20192 30109 40116 71000 80001 333 59008=","Q01    003SCCGA1"
"43278099999","2023-01-28T03:00:00","4","13.0666666","80.2","7.0","NUMGAMBAKKAM, IN","FM-12","99999","V020","320,1,N,0015,1","22000,1,9,N","004000,1,9,9","+0236,1","+0205,1","10136,1",,"0,1,02,1","0,1,02,1",,,"99,9,+99999,9,00,1",,,,"9,AGL   ,+99999,+99999","01,99,1,00,1,99,9,99999,9,99,9,99,9","240,M,+0301,1","240,N,+0215,1","99999,9,10129,1","9,9,999,9,-004,1",,"10,1","SYN08643278 31996 13203 10236 20205 30129 40136 71000 80001 333 10301 20215 59004 555 10001=","Q01    003SCCGA1"
"43278099999","2023-01-28T06:00:00","4","13.0666666","80.2","7.0","NUMGAMBAKKAM, IN","FM-12","99999","V020","050,1,N,0015,1","22000,1,9,N","004000,1,9,9","+0290,1","+0195,1","10131,1",,,,,,"03,1,+00800,1,06,1",,,,"9,AGL   ,+99999,+99999","03,99,1,03,1,99,9,00800,1,99,9,99,9",,,"99999,9,10124,1","9,9,999,9,-007,1",,,"SYN05843278 32596 30503 10290 20195 30124 40131 83500 333 59007=",
"43278099999","2023-01-28T09:00:00","4","13.0666666","80.2","7.0","NUMGAMBAKKAM, IN","FM-12","99999","V020","070,1,N,0010,1","22000,1,9,N","010000,1,9,9","+0298,1","+0183,1","10103,1",,,,,,"01,1,+00800,1,06,1","99,9,+99999,9,00,1",,,"9,AGL   ,+99999,+99999","02,99,1,01,1,99,9,00800,1,99,9,99,9",,,"99999,9,10096,1","9,9,999,9,-006,1",,,"SYN05843278 32597 20702 10298 20183 30096 40103 81501 333 59006=",
"43278099999","2023-01-28T12:00:00","4","13.0666666","80.2","7.0","NUMGAMBAKKAM, IN","FM-12","99999","V020","070,1,N,0010,1","22000,1,9,N","004000,1,9,9","+0276,1","+0193,1","10103,1",,"0,1,02,1","0,1,02,1",,,"01,1,+00800,1,06,1","99,9,+99999,9,00,1",,,"9,AGL   ,+99999,+99999","02,99,1,01,1,99,9,00800,1,99,9,99,9",,,"99999,9,10096,1","9,9,999,9,-009,1",,"05,1","SYN07043278 31596 20702 10276 20193 30096 40103 70500 81501 333 10303 59009=",
"43278099999","2023-01-28T15:00:00","4","13.0666666","80.2","7.0","NUMGAMBAKKAM, IN","FM-12","99999","V020","340,1,N,0015,1","22000,1,9,N","004000,1,9,9","+0254,1","+0224,1","10114,1",,,,,,"02,1,+00800,1,06,1","99,9,+99999,9,00,1",,,"9,AGL   ,+99999,+99999","04,99,1,02,1,99,9,00800,1,99,9,99,9",,,"99999,9,10107,1","9,9,999,9,-011,1",,,"SYN05843278 32596 43403 10254 20224 30107 40114 82501 333 59011=",
"43278099999","2023-01-29T00:00:00","4","13.0666666","80.2","7.0","NUMGAMBAKKAM, IN","FM-12","99999","V020","320,1,N,0010,1","99999,9,9,N","004000,1,9,9","+0236,1","+0221,1","10103,1",,,,,,"03,1,+00800,1,06,1","99,9,+99999,9,03,1","99,9,+99999,9,00,1",,"9,AGL   ,+99999,+99999","05,99,1,03,1,99,9,00800,1,99,9,99,9",,,"99999,9,10096,1","9,9,999,9,-013,1",,,"SYN05843278 32596 53202 10236 20221 30096 40103 83531 333 59013=",
"43278099999","2023-01-29T03:00:00","4","13.0666666","80.2","7.0","NUMGAMBAKKAM, IN","FM-12","99999","V020","020,1,N,0010,1","22000,1,9,N","004000,1,9,9","+0260,1","+0218,1","10119,1",,,,,,"99,9,+99999,9,00,1",,,,"9,AGL   ,+99999,+99999","01,99,1,00,1,99,9,99999,9,99,9,99,9","240,M,+0303,1","240,N,+0230,1","99999,9,10112,1","9,9,999,9,-017,1",,,"SYN08043278 32996 10202 10260 20218 30112 40119 80001 333 10303 20230 59017 555 10001=","Q01    003SCCGA1"
"43278099999","2023-01-29T06:00:00","4","13.0666666","80.2","7.0","NUMGAMBAKKAM, IN","FM-12","99999","V020","020,1,N,0021,1","22000,1,9,N","004000,1,9,9","+0292,1","+0215,1","10112,1",,,,,,"02,1,+00800,1,08,1","99,9,+99999,9,03,1","99,9,+99999,9,00,1",,"9,AGL   ,+99999,+99999","04,99,1,02,1,99,9,00800,1,99,9,99,9",,,"99999,9,10105,1","9,9,999,9,-019,1",,,"SYN05843278 32596 40204 10292 20215 30105 40112 82232 333 59019=",
"43278099999","2023-01-29T09:00:00","4","13.0666666","80.2","7.0","NUMGAMBAKKAM, IN","FM-12","99999","V020","070,1,N,0021,1","22000,1,9,N","010000,1,9,9","+0296,1","+0212,1","10090,1",,,,,,"03,1,+00800,1,06,1","99,9,+99999,9,00,1",,,"9,AGL   ,+99999,+99999","04,99,1,03,1,99,9,00800,1,99,9,99,9",,,"99999,9,10083,1","9,9,999,9,-013,1",,,"SYN05843278 32597 40704 10296 20212 30083 40090 83401 333 59013=",
"43278099999","2023-01-29T12:00:00","4","13.0666666","80.2","7.0","NUMGAMBAKKAM, IN","FM-12","99999","V020","050,1,N,0010,1","22000,1,9,N","010000,1,9,9","+0274,1","+0208,1","10092,1",,,,,,"02,1,+00800,1,06,1","99,9,+99999,9,00,1",,,"9,AGL   ,+99999,+99999","03,99,1,02,1,99,9,00800,1,99,9,99,9",,,"99999,9,10085,1","9,9,999,9,-011,1",,,"SYN06443278 32597 30502 10274 20208 30085 40092 82501 333 10300 59011=",
"43278099999","2023-01-29T15:00:00","4","13.0666666","80.2","7.0","NUMGAMBAKKAM, IN","FM-12","99999","V020","070,1,N,0010,1","22000,1,9,N","004000,1,9,9","+0264,1","+0219,1","10110,1",,,,,,"02,1,+00800,1,06,1","99,9,+99999,9,00,1",,,"9,AGL   ,+99999,+99999","03,99,1,02,1,99,9,00800,1,99,9,99,9",,,"99999,9,10103,1","9,9,999,9,-004,1",,,"SYN05843278 32596 30702 10264 20219 30103 40110 82501 333 59004=",
"43278099999","2023-01-30T00:00:00","4","13.0666666","80.2","7.0","NUMGAMBAKKAM, IN","FM-12","99999","V020","050,1,N,0005,1","99999,9,9,N","004000,1,9,9","+0254,1","+0224,1","10102,1",,,,,,"02,1,+00800,1,06,1","99,9,+99999,9,03,1","99,9,+99999,9,00,1",,"9,AGL   ,+99999,+99999","06,99,1,02,1,99,9,00800,1,99,9,99,9",,,"99999,9,10095,1","9,9,999,9,-001,1",,,"SYN05843278 32596 60501 10254 20224 30095 40102 82531 333 59001=",
"43278099999","2023-01-30T03:00:00","4","13.0666666","80.2","7.0","NUMGAMBAKKAM, IN","FM-12","99999","V020","999,9,C,0000,1","99999,9,9,N","010000,1,9,9","+0256,1","+0242,1","10120,1","24,0030,3,1","6,1,02,1","5,1,02,1",,,"03,1,+00800,1,06,1","99,9,+99999,9,03,1","99,9,+99999,9,00,1",,"9,AGL   ,+99999,+99999","08,99,1,03,1,99,9,00800,1,99,9,99,9","240,M,+0300,1","240,N,+0250,1","99999,9,10113,1","9,9,999,9,+001,1",,"20,1","SYN09843278 21597 80000 10256 20242 30113 40120 72065 83472 333 10300 20250 58001 6003/ 555 00032 10004=",
"43278099999","2023-01-30T06:00:00","4","13.0666666","80.2","7.0","NUMGAMBAKKAM, IN","FM-12","99999","V020","050,1,N,0015,1","99999,9,9,N","010000,1,9,9","+0290,1","+0229,1","10124,1",,"6,1,02,1","2,1,02,1",,,"02,1,+00800,1,06,1","99,9,+99999,9,00,1",,,"9,AGL   ,+99999,+99999","05,99,1,02,1,99,9,00800,1,99,9,99,9",,,"99999,9,10117,1","9,9,999,9,+012,1",,"02,1","SYN06443278 31597 50503 10290 20229 30117 40124 70262 82401 333 58012=",
"43278099999","2023-01-30T09:00:00","4","13.0666666","80.2","7.0","NUMGAMBAKKAM, IN","FM-12","99999","V020","050,1,N,0046,1","99999,9,9,N","010000,1,9,9","+0298,1","+0231,1","10106,1",,,,,,"04,1,+00800,1,08,1","99,9,+99999,9,00,1",,,"9,AGL   ,+99999,+99999","05,99,1,04,1,99,9,00800,1,99,9,99,9",,,"99999,9,10099,1","9,9,999,9,+016,1",,,"SYN05843278 32597 50509 10298 20231 30099 40106 84801 333 58016=",
"43278099999","2023-01-30T12:00:00","4","13.0666666","80.2","7.0","NUMGAMBAKKAM, IN","FM-12","99999","V020","020,1,N,0031,1","99999,9,9,N","010000,1,9,9","+0278,1","+0228,1","10107,1",,,,,,"04,1,+00800,1,06,1","99,9,+99999,9,00,1",,,"9,AGL   ,+99999,+99999","05,99,1,04,1,99,9,00800,1,99,9,99,9","240,M,+0301,1",,"99999,9,10100,1","9,9,999,9,+015,1",,,"SYN06443278 32597 50206 10278 20228 30100 40107 84501 333 10301 58015=",
"43278099999","2023-01-30T15:00:00","4","13.0666666","80.2","7.0","NUMGAMBAKKAM, IN","FM-12","99999","V020","050,1,N,0015,1","99999,9,9,N","004000,1,9,9","+0270,1","+0226,1","10126,1",,,,,,"03,1,+00800,1,06,1","99,9,+99999,9,03,1","99,9,+99999,9,00,1",,"9,AGL   ,+99999,+99999","06,99,1,03,1,99,9,00800,1,99,9,99,9",,,"99999,9,10119,1","9,9,999,9,+016,1",,,"SYN05843278 32596 60503 10270 20226 30119 40126 83571 333 58016=",
"43278099999","2023-01-31T00:00:00","4","13.0666666","80.2","7.0","NUMGAMBAKKAM, IN","FM-12","99999","V020","360,1,N,0010,1","99999,9,9,N","004000,1,9,9","+0258,1","+0222,1","10108,1",,,,,,"02,1,+00800,1,06,1","99,9,+99999,9,03,1","99,9,+99999,9,00,1",,"9,AGL   ,+99999,+99999","05,99,1,02,1,99,9,00800,1,99,9,99,9",,,"99999,9,10101,1","9,9,999,9,+006,1",,,"SYN05843278 32596 53602 10258 20222 30101 40108 82571 333 58006=",
"43278099999","2023-01-31T03:00:00","4","13.0666666","80.2","7.0","NUMGAMBAKKAM, IN","FM-12","99999","V020","340,1,N,0015,1","99999,9,9,N","004000,1,9,9","+0262,1","+0236,1","10127,1",,"2,1,02,1","2,1,02,1",,,"02,1,+00800,1,06,1","99,9,+99999,9,03,1","99,9,+99999,9,00,1",,"9,AGL   ,+99999,+99999","08,99,1,02,1,99,9,00800,1,99,9,99,9","240,M,+0301,1","240,N,+0252,1","99999,9,10120,1","9,9,999,9,+007,1",,"05,1","SYN08643278 31596 83403 10262 20236 30120 40127 70522 82531 333 10301 20252 58007 555 10004=",
"43278099999","2023-01-31T06:00:00","4","13.0666666","80.2","7.0","NUMGAMBAKKAM, IN","FM-12","99999","V020","050,1,N,0026,1","99999,9,9,N","010000,1,9,9","+0298,1","+0228,1","10121,1",,,,,,"03,1,+00800,1,06,1","99,9,+99999,9,03,1","99,9,+99999,9,00,1",,"9,AGL   ,+99999,+99999","07,99,1,03,1,99,9,00800,1,99,9,99,9",,,"99999,9,10114,1","9,9,999,9,-003,1",,,"SYN05843278 32597 70505 10298 20228 30114 40121 83531 333 59003=",
"43278099999","2023-01-31T09:00:00","4","13.0666666","80.2","7.0","NUMGAMBAKKAM, IN","FM-12","99999","V020","020,1,N,0031,1","99999,9,9,N","010000,1,9,9","+0294,1","+0214,1","10098,1",,,,,,"03,1,+00800,1,06,1","99,9,+99999,9,03,1",,,"9,AGL   ,+99999,+99999","07,99,1,03,1,99,9,00800,1,99,9,99,9",,,"99999,9,10091,1","9,9,999,9,-008,1",,,"SYN05843278 32597 70206 10294 20214 30091 40098 8347/ 333 59008=",
"43278099999","2023-01-31T12:00:00","4","13.0666666","80.2","7.0","NUMGAMBAKKAM, IN","FM-12","99999","V020","020,1,N,0026,1","99999,9,9,N","004000,1,9,9","+0278,1","+0215,1","10095,1",,,,,,"03,1,+00800,1,06,1","99,9,+99999,9,03,1",,,"9,AGL   ,+99999,+99999","08,99,1,03,1,99,9,00800,1,99,9,99,9",,,"99999,9,10088,1","9,9,999,9,-012,1",,,"SYN06443278 32596 80205 10278 20215 30088 40095 8357/ 333 10304 59012=",
"43278099999","2023-01-31T15:00:00","4","13.0666666","80.2","7.0","NUMGAMBAKKAM, IN","FM-12","99999","V020","050,1,N,0015,1","99999,9,9,N","004000,1,9,9","+0270,1","+0219,1","10107,1",,,,,,"03,1,+00800,1,06,1","99,9,+99999,9,04,1","99,9,+99999,9,00,1",,"9,AGL   ,+99999,+99999","05,99,1,03,1,99,9,00800,1,99,9,99,9",,,"99999,9,10100,1","9,9,999,9,-019,1",,,"SYN05843278 32596 50503 10270 20219 30100 40107 83511 333 59019=",
"43278099999","2023-02-01T00:00:00","4","13.0666666","80.2","7.0","NUMGAMBAKKAM, IN","FM-12","99999","V020","320,1,N,0010,1","99999,9,9,N","004000,1,9,9","+0252,1","+0222,1","10098,1",,,,,,"02,1,+00800,1,06,1","99,9,+99999,9,04,1","99,9,+99999,9,00,1",,"9,AGL   ,+99999,+99999","05,99,1,02,1,99,9,00800,1,99,9,99,9",,,"99999,9,10091,1","9,9,999,9,-010,1",,,"SYN05843278 32596 53202 10252 20222 30091 40098 82511 333 59010=",
"43278099999","2023-02-01T03:00:00","4","13.0666666","80.2","7.0","NUMGAMBAKKAM, IN","FM-12","99999","V020","340,1,N,0021,1","99999,9,9,N","004000,1,9,9","+0256,1","+0233,1","10119,1",,"2,1,02,1","2,1,02,1",,,"01,1,+00800,1,06,1","99,9,+99999,9,03,1",,,"9,AGL   ,+99999,+99999","07,99,1,01,1,99,9,00800,1,99,9,99,9","240,M,+0304,1","240,N,+0245,1","99999,9,10112,1","9,9,999,9,-008,1",,"10,1","SYN08643278 31596 73404 10256 20233 30112 40119 71022 8157/ 333 10304 20245 59008 555 10004=",
"43278099999","2023-02-01T06:00:00","4","13.0666666","80.2","7.0","NUMGAMBAKKAM, IN","FM-12","99999","V020","360,1,N,0031,1","99999,9,9,N","010000,1,9,9","+0294,1","+0227,1","10118,1",,,,,,"03,1,+00800,1,06,1","99,9,+99999,9,03,1",,,"9,AGL   ,+99999,+99999","07,99,1,03,1,99,9,00800,1,99,9,99,9",,,"99999,9,10111,1","9,9,999,9,-003,1",,,"SYN05843278 32597 73606 10294 20227 30111 40118 8357/ 333 59003=",
"43278099999","2023-02-01T09:00:00","4","13.0666666","80.2","7.0","NUMGAMBAKKAM, IN","FM-12","99999","V020","360,1,N,0015,1","99999,9,9,N","010000,1,9,9","+0298,1","+0218,1","10090,1",,,,,,"04,1,+00800,1,06,1","99,9,+99999,9,03,1","99,9,+99999,9,02,1",,"9,AGL   ,+99999,+99999","07,99,1,04,1,99,9,00800,1,99,9,99,9",,,"99999,9,10083,1","9,9,999,9,-008,1",,,"SYN05843278 32597 73603 10298 20218 30083 40090 84538 333 59008=",
"43278099999","2023-02-01T12:00:00","4","13.0666666","80.2","7.0","NUMGAMBAKKAM, IN","FM-12","99999","V020","360,1,N,0021,1","99999,9,9,N","010000,1,9,9","+0280,1","+0233,1","10087,1",,,,,,"04,1,+00800,1,06,1","99,9,+99999,9,04,1",,,"9,AGL   ,+99999,+99999","08,99,1,04,1,99,9,00800,1,99,9,99,9",,,"99999,9,10080,1","9,9,999,9,-008,1",,,"SYN06443278 32597 83604 10280 20233 30080 40087 8451/ 333 10306 59008=",
"43278099999","2023-02-01T15:00:00","4","13.0666666","80.2","7.0","NUMGAMBAKKAM, IN","FM-12","99999","V020","320,1,N,0026,1","99999,9,9,N","004000,1,9,9","+0270,1","+0232,1","10108,1",,,,,,"04,1,+00800,1,06,1","99,9,+99999,9,00,1",,,"9,AGL   ,+99999,+99999","06,99,1,04,1,99,9,00800,1,99,9,99,9",,,"99999,9,10101,1","9,9,999,9,+001,1",,,"SYN05843278 32596 63205 10270 20232 30101 40108 84501 333 58001=",
"43278099999","2023-02-02T00:00:00","4","13.0666666","80.2","7.0","NUMGAMBAKKAM, IN","FM-12","99999","V020","070,1,N,0010,1","99999,9,9,N","004000,1,9,9","+0260,1","+0221,1","10102,1","21,0008,3,1","6,1,02,1","2,1,02,1",,,"03,1,+00800,1,06,1","99,9,+99999,9,03,1","99,9,+99999,9,00,1",,"9,AGL   ,+99999,+99999","06,99,1,03,1,99,9,00800,1,99,9,99,9",,,"99999,9,10095,1","9,9,999,9,+004,1",,"02,1","SYN07043278 21596 60702 10260 20221 30095 40102 70262 83531 333 58004 6998/=",
"43278099999","2023-02-02T03:00:00","4","13.0666666","80.2","7.0","NUMGAMBAKKAM, IN","FM-12","99999","V020","999,9,C,0000,1","99999,9,9,N","004000,1,9,9","+0268,1","+0227,1","10124,1","24,0008,3,1","2,1,02,1","2,1,02,1",,,"03,1,+00800,1,06,1","99,9,+99999,9,03,1",,,"9,AGL   ,+99999,+99999","07,99,1,03,1,99,9,00800,1,99,9,99,9","240,M,+0306,1","240,N,+0238,1","99999,9,10117,1","9,9,999,9,+005,1",,"50,1","SYN09843278 21596 70000 10268 20227 30117 40124 75022 8357/ 333 10306 20238 58005 6998/ 555 00008 10005=",
"43278099999","2023-02-02T06:00:00","4","13.0666666","80.2","7.0","NUMGAMBAKKAM, IN","FM-12","99999","V020","020,1,N,0010,1","99999,9,9,N","004000,1,9,9","+0276,1","+0220,1","10128,1",,"2,1,02,1","2,1,02,1",,,"02,1,+00800,1,06,1","99,9,+99999,9,03,1","99,9,+99999,9,00,1",,"9,AGL   ,+99999,+99999","08,99,1,02,1,99,9,00800,1,99,9,99,9",,,"99999,9,10121,1","9,9,999,9,+010,1",,"05,1","SYN06443278 31596 80202 10276 20220 30121 40128 70522 82571 333 58010=",
"43278099999","2023-02-02T09:00:00","4","13.0666666","80.2","7.0","NUMGAMBAKKAM, IN","FM-12","99999","V020","050,1,N,0021,1","99999,9,9,N","004000,1,9,9","+0286,1","+0194,1","10098,1",,,,,,"05,1,+00800,1,06,1","99,9,+99999,9,04,1",,,"9,AGL   ,+99999,+99999","08,99,1,05,1,99,9,00800,1,99,9,99,9",,,"99999,9,10091,1","9,9,999,9,+008,1",,,"SYN05843278 32596 80504 10286 20194 30091 40098 8551/ 333 58008=",
"43278099999","2023-02-02T12:00:00","4","13.0666666","80.2","7.0","NUMGAMBAKKAM, IN","FM-12","99999","V020","360,1,N,0021,1","99999,9,9,N","010000,1,9,9","+0278,1","+0192,1","10100,1",,,,,,"03,1,+00800,1,06,1","99,9,+99999,9,04,1","99,9,+99999,9,02,1",,"9,AGL   ,+99999,+99999","07,99,1,03,1,99,9,00800,1,99,9,99,9",,,"99999,9,10093,1","9,9,999,9,+013,1",,,"SYN06443278 32597 73604 10278 20192 30093 40100 83516 333 10291 58013=",
"43278099999","2023-02-02T15:00:00","4","13.0666666","80.2","7.0","NUMGAMBAKKAM, IN","FM-12","99999","V020","020,1,N,0031,1","99999,9,9,N","004000,1,9,9","+0272,1","+0205,1","10121,1",,,,,,"03,1,+00800,1,06,1","99,9,+99999,9,04,1","99,9,+99999,9,00,1",,"9,AGL   ,+99999,+99999","07,99,1,03,1,99,9,00800,1,99,9,99,9",,,"99999,9,10114,1","9,9,999,9,+013,1",,,"SYN05843278 32596 70206 10272 20205 30114 40121 83511 333 58013=",
"43278099999","2023-02-03T00:00:00","4","13.0666666","80.2","7.0","NUMGAMBAKKAM, IN","FM-12","99999","V020","020,1,N,0021,1","99999,9,9,N","004000,1,9,9","+0264,1","+0226,1","10112,1",,,,,,"04,1,+00800,1,06,1","99,9,+99999,9,04,1","99,9,+99999,9,00,1",,"9,AGL   ,+99999,+99999","07,99,1,04,1,99,9,00800,1,99,9,99,9",,,"99999,9,10105,1","9,9,999,9,+010,1",,,"SYN05843278 32596 70204 10264 20226 30105 40112 84511 333 58010=",
"43278099999","2023-02-03T03:00:00","4","13.0666666","80.2","7.0","NUMGAMBAKKAM, IN","FM-12","99999","V020","050,1,N,0031,1","99999,9,9,N","010000,1,9,9","+0272,1","+0228,1","10127,1",,,,,,"03,1,+00800,1,06,1","99,9,+99999,9,03,1","99,9,+99999,9,00,1",,"9,AGL   ,+99999,+99999","06,99,1,03,1,99,9,00800,1,99,9,99,9","240,M,+0291,1","240,N,+0264,1","99999,9,10120,1","9,9,999,9,+003,1",,,"SYN08043278 32597 60506 10272 20228 30120 40127 83531 333 10291 20264 58003 555 10005=",
"43278099999","2023-02-03T06:00:00","4","13.0666666","80.2","7.0","NUMGAMBAKKAM, IN","FM-12","99999","V020","070,1,N,0046,1","22000,1,9,N","010000,1,9,9","+0298,1","+0231,1","10131,1",,,,,,"03,1,+00800,1,06,1","99,9,+99999,9,00,1",,,"9,AGL   ,+99999,+99999","04,99,1,03,1,99,9,00800,1,99,9,99,9",,,"99999,9,10124,1","9,9,999,9,+003,1",,,"SYN05843278 32597 40709 10298 20231 30124 40131 83501 333 58003=",
"43278099999","2023-02-03T09:00:00","4","13.0666666","80.2","7.0","NUMGAMBAKKAM, IN","FM-12","99999","V020","050,1,N,0026,1","22000,1,9,N","010000,1,9,9","+0300,1","+0214,1","10095,1",,,,,,"02,1,+00800,1,06,1","99,9,+99999,9,00,1",,,"9,AGL   ,+99999,+99999","03,99,1,02,1,99,9,00800,1,99,9,99,9",,,"99999,9,10088,1","9,9,999,9,-003,1",,,"SYN05843278 32597 30505 10300 20214 30088 40095 82501 333 59003=",
"43278099999","2023-02-03T12:00:00","4","13.0666666","80.2","7.0","NUMGAMBAKKAM, IN","FM-12","99999","V020","050,1,N,0041,1","99999,9,9,N","010000,1,9,9","+0280,1","+0211,1","10104,1",,,,,,"03,1,+00800,1,06,1","99,9,+99999,9,03,1","99,9,+99999,9,00,1",,"9,AGL   ,+99999,+99999","06,99,1,03,1,99,9,00800,1,99,9,99,9",,,"99999,9,10097,1","9,9,999,9,+004,1",,,"SYN06443278 32597 60508 10280 20211 30097 40104 83531 333 10304 58004=",
"43278099999","2023-02-03T15:00:00","4","13.0666666","80.2","7.0","NUMGAMBAKKAM, IN","FM-12","99999","V020","050,1,N,0010,1","22000,1,9,N","004000,1,9,9","+0270,1","+0213,1","10130,1",,,,,,"01,1,+00800,1,06,1","99,9,+99999,9,03,1","99,9,+99999,9,00,1",,"9,AGL   ,+99999,+99999","04,99,1,01,1,99,9,00800,1,99,9,99,9",,,"99999,9,10123,1","9,9,999,9,+009,1",,,"SYN05843278 32596 40502 10270 20213 30123 40130 81571 333 58009=",
"43278099999","2023-02-04T03:00:00","4","13.0666666","80.2","7.0","NUMGAMBAKKAM, IN","FM-12","99999","V020","340,1,N,0010,1","22000,1,9,N","004000,1,9,9","+0260,1","+0228,1","10125,1",,"0,1,02,1","0,1,02,1",,,"02,1,+00800,1,06,1","99,9,+99999,9,00,1",,,"9,AGL   ,+99999,+99999","03,99,1,02,1,99,9,00800,1,99,9,99,9","240,M,+0304,1","240,N,+0240,1","99999,9,10118,1","9,9,999,9,-002,1",,"05,1","SYN08643278 31596 33402 10260 20228 30118 40125 70500 82501 333 10304 20240 59002 555 10005=",
"43278099999","2023-02-04T06:00:00","4","13.0666666","80.2","7.0","NUMGAMBAKKAM, IN","FM-12","99999","V020","070,1,N,0026,1","22000,1,9,N","010000,1,9,9","+0300,1","+0210,1","10127,1",,,,,,"03,1,+00800,1,06,1","99,9,+99999,9,00,1",,,"9,AGL   ,+99999,+99999","04,99,1,03,1,99,9,00800,1,99,9,99,9",,,"99999,9,10120,1","9,9,999,9,-004,1",,,"SYN05843278 32597 40705 10300 20210 30120 40127 83501 333 59004=",
"43278099999","2023-02-04T09:00:00","4","13.0666666","80.2","7.0","NUMGAMBAKKAM, IN","FM-12","99999","V020","050,1,N,0021,1","22000,1,9,N","010000,1,9,9","+0305,1","+0208,1","10098,1",,,,,,"01,1,+00800,1,08,1","99,9,+99999,9,00,1",,,"9,AGL   ,+99999,+99999","03,99,1,01,1,99,9,00800,1,99,9,99,9",,,"99999,9,10091,1","9,9,999,9,+003,1",,,"SYN05843278 32597 30504 10305 20208 30091 40098 81101 333 58003=",
"43278099999","2023-02-04T12:00:00","4","13.0666666","80.2","7.0","NUMGAMBAKKAM, IN","FM-12","99999","V020","050,1,N,0026,1","22000,1,9,N","010000,1,9,9","+0280,1","+0214,1","10096,1",,,,,,"02,1,+00800,1,06,1","99,9,+99999,9,00,1",,,"9,AGL   ,+99999,+99999","03,99,1,02,1,99,9,00800,1,99,9,99,9",,,"99999,9,10089,1","9,9,999,9,-008,1",,,"SYN06443278 32597 30505 10280 20214 30089 40096 82501 333 10309 59008=",
"43278099999","2023-02-04T15:00:00","4","13.0666666","80.2","7.0","NUMGAMBAKKAM, IN","FM-12","99999","V020","050,1,N,0015,1","22000,1,9,N","004000,1,9,9","+0260,1","+0208,1","10118,1",,,,,,"01,1,+00800,1,06,1","99,9,+99999,9,00,1",,,"9,AGL   ,+99999,+99999","03,99,1,01,1,99,9,00800,1,99,9,99,9",,,"99999,9,10111,1","9,9,999,9,-012,1",,,"SYN05843278 32596 30503 10260 20208 30111 40118 81501 333 59012=",
"43278099999","2023-02-05T00:00:00","4","13.0666666","80.2","7.0","NUMGAMBAKKAM, IN","FM-12","99999","V020","999,9,C,0000,1","22000,1,9,N","004000,1,9,9","+0220,1","+0192,1","10102,1",,"0,1,02,1","0,1,02,1",,,"99,9,+99999,9,00,1",,,,"9,AGL   ,+99999,+99999","02,99,1,00,1,99,9,99999,9,99,9,99,9",,,"99999,9,10095,1","9,9,999,9,-013,1",,"10,1","SYN06443278 31996 20000 10220 20192 30095 40102 71000 80001 333 59013=","Q01    003SCCGA1"
"43278099999","2023-02-05T03:00:00","4","13.0666666","80.2","7.0","NUMGAMBAKKAM, IN","FM-12","99999","V020","340,1,N,0005,1","22000,1,9,N","010000,1,9,9","+0248,1","+0221,1","10122,1",,,,,,"99,9,+99999,9,00,1",,,,"9,AGL   ,+99999,+99999","03,99,1,00,1,99,9,99999,9,99,9,99,9","240,M,+0309,1","240,N,+0217,1","99999,9,10115,1","9,9,999,9,-003,1",,,"SYN08043278 32997 33401 10248 20221 30115 40122 80001 333 10309 20217 59003 555 10005=","Q01    003SCCGA1"
"43278099999","2023-02-05T06:00:00","4","13.0666666","80.2","7.0","NUMGAMBAKKAM, IN","FM-12","99999","V020","020,1,N,0015,1","22000,1,9,N","010000,1,9,9","+0290,1","+0199,1","10127,1",,,,,,"01,1,+00800,1,06,1","99,9,+99999,9,00,1",,,"9,AGL   ,+99999,+99999","03,99,1,01,1,99,9,00800,1,99,9,99,9",,,"99999,9,10120,1","9,9,999,9,+000,1",,,"SYN05843278 32597 30203 10290 20199 30120 40127 81501 333 58000=",
"43278099999","2023-02-05T09:00:00","4","13.0666666","80.2","7.0","NUMGAMBAKKAM, IN","FM-12","99999","V020","110,1,N,0015,1","22000,1,9,N","010000,1,9,9","+0300,1","+0200,1","10108,1",,,,,,"99,9,+99999,9,00,1",,,,"9,AGL   ,+99999,+99999","02,99,1,00,1,99,9,99999,9,99,9,99,9",,,"99999,9,10101,1","9,9,999,9,+010,1",,,"SYN05843278 32997 21103 10300 20200 30101 40108 80001 333 58010=","Q01    003SCCGA1"
"43278099999","2023-02-05T12:00:00","4","13.0666666","80.2","7.0","NUMGAMBAKKAM, IN","FM-12","99999","V020","050,1,N,0010,1","22000,1,9,N","010000,1,9,9","+0272,1","+0209,1","10109,1",,,,,,"01,1,+00800,1,06,1","99,9,+99999,9,00,1",,,"9,AGL   ,+99999,+99999","02,99,1,01,1,99,9,00800,1,99,9,99,9",,,"99999,9,10102,1","9,9,999,9,+013,1",,,"SYN06443278 32597 20502 10272 20209 30102 40109 81501 333 10305 58013=",
"43278099999","2023-02-05T15:00:00","4","13.0666666","80.2","7.0","NUMGAMBAKKAM, IN","FM-12","99999","V020","070,1,N,0010,1","22000,1,9,N","004000,1,9,9","+0254,1","+0212,1","10118,1",,,,,,"01,1,+00800,1,06,1","99,9,+99999,9,00,1",,,"9,AGL   ,+99999,+99999","02,99,1,01,1,99,9,00800,1,99,9,99,9",,,"99999,9,10111,1","9,9,999,9,+000,1",,,"SYN05843278 32596 20702 10254 20212 30111 40118 81501 333 58000=",
"43278099999","2023-02-06T00:00:00","4","13.0666666","80.2","7.0","NUMGAMBAKKAM, IN","FM-12","99999","V020","999,9,C,0000,1","22000,1,9,N","004000,1,9,9","+0224,1","+0212,1","10115,1",,"0,1,02,1","0,1,02,1",,,"99,9,+99999,9,00,1",,,,"9,AGL   ,+99999,+99999","02,99,1,00,1,99,9,99999,9,99,9,99,9",,,"99999,9,10108,1","9,9,999,9,+013,1",,"10,1","SYN06443278 31996 20000 10224 20212 30108 40115 71000 80001 333 58013=","Q01    003SCCGA1"
"43278099999","2023-02-06T03:00:00","4","13.0666666","80.2","7.0","NUMGAMBAKKAM, IN","FM-12","99999","V020","999,9,C,0000,1","22000,1,9,N","004000,1,9,9","+0246,1","+0225,1","10136,1",,"0,1,02,1","0,1,02,1",,,"99,9,+99999,9,00,1",,,,"9,AGL   ,+99999,+99999","02,99,1,00,1,99,9,99999,9,99,9,99,9","240,M,+0305,1","240,N,+0219,1","99999,9,10129,1","9,9,999,9,+014,1",,"05,1","SYN08643278 31996 20000 10246 20225 30129 40136 70500 80001 333 10305 20219 58014 555 10005=","Q01    003SCCGA1"
"43278099999","2023-02-06T06:00:00","4","13.0666666","80.2","7.0","NUMGAMBAKKAM, IN","FM-12","99999","V020","999,9,C,0000,1","22000,1,9,N","010000,1,9,9","+0296,1","+0216,1","10136,1",,,,,,"99,9,+99999,9,00,1",,,,"9,AGL   ,+99999,+99999","02,99,1,00,1,99,9,99999,9,99,9,99,9",,,"99999,9,10129,1","9,9,999,9,+009,1",,,"SYN05843278 32997 20000 10296 20216 30129 40136 80001 333 58009=","Q01    003SCCGA1"
"43278099999","2023-02-06T09:00:00","4","13.0666666","80.2","7.0","NUMGAMBAKKAM, IN","FM-12","99999","V020","050,1,N,0010,1","22000,1,9,N","010000,1,9,9","+0298,1","+0218,1","10108,1",,,,,,"99,9,+99999,9,00,1",,,,"9,AGL   ,+99999,+99999","02,99,1,00,1,99,9,99999,9,99,9,99,9",,,"99999,9,10101,1","9,9,999,9,+000,1",,,"SYN05843278 32997 20502 10298 20218 30101 40108 80001 333 58000=","Q01    003SCCGA1"
"43278099999","2023-02-06T12:00:00","4","13.0666666","80.2","7.0","NUMGAMBAKKAM, IN","FM-12","99999","V020","070,1,N,0010,1","22000,1,9,N","010000,1,9,9","+0274,1","+0204,1","10105,1",,,,,,"01,1,+00800,1,06,1","99,9,+99999,9,00,1",,,"9,AGL   ,+99999,+99999","04,99,1,01,1,99,9,00800,1,99,9,99,9",,,"99999,9,10098,1","9,9,999,9,-004,1",,,"SYN06443278 32597 40702 10274 20204 30098 40105 81501 333 10303 59004=",
"43278099999","2023-02-06T15:00:00","4","13.0666666","80.2","7.0","NUMGAMBAKKAM, IN","FM-12","99999","V020","999,9,C,0000,1","22000,1,9,N","004000,1,9,9","+0254,1","+0218,1","10117,1",,,,,,"99,9,+99999,9,00,1",,,,"9,AGL   ,+99999,+99999","02,99,1,00,1,99,9,99999,9,99,9,99,9",,,"99999,9,10110,1","9,9,999,9,-001,1",,,"SYN05843278 32996 20000 10254 20218 30110 40117 80001 333 59001=","Q01    003SCCGA1"
"43278099999","2023-02-07T00:00:00","4","13.0666666","80.2","7.0","NUMGAMBAKKAM, IN","FM-12","99999","V020","999,9,C,0000,1","22000,1,9,N","004000,1,9,9","+0224,1","+0212,1","10111,1",,"0,1,02,1","0,1,02,1",,,"01,1,+00800,1,06,1","99,9,+99999,9,00,1",,,"9,AGL   ,+99999,+99999","02,99,1,01,1,99,9,00800,1,99,9,99,9",,,"99999,9,10104,1","9,9,999,9,-004,1",,"10,1","SYN06443278 31596 20000 10224 20212 30104 40111 71000 81501 333 59004=",
"43278099999","2023-02-07T03:00:00","4","13.0666666","80.2","7.0","NUMGAMBAKKAM, IN","FM-12","99999","V020","999,9,C,0000,1","22000,1,9,N","010000,1,9,9","+0246,1","+0228,1","10130,1",,"0,1,02,1","0,1,02,1",,,"99,9,+99999,9,00,1",,,,"9,AGL   ,+99999,+99999","01,99,1,00,1,99,9,99999,9,99,9,99,9","240,M,+0303,1","240,N,+0222,1","99999,9,10123,1","9,9,999,9,-006,1",,"10,1","SYN08643278 31997 10000 10246 20228 30123 40130 71000 80001 333 10303 20222 59006 555 10005=","Q01    003SCCGA1"
"43278099999","2023-02-07T09:00:00","4","13.0666666","80.2","7.0","NUMGAMBAKKAM, IN","FM-12","99999","V020","140,1,N,0010,1","22000,1,9,N","010000,1,9,9","+0300,1","+0217,1","10098,1",,,,,,"99,9,+99999,9,00,1",,,,"9,AGL   ,+99999,+99999","01,99,1,00,1,99,9,99999,9,99,9,99,9",,,"99999,9,10091,1","9,9,999,9,-010,1",,,"SYN05843278 32997 11402 10300 20217 30091 40098 80001 333 59010=","Q01    003SCCGA1"
"43278099999","2023-02-07T12:00:00","4","13.0666666","80.2","7.0","NUMGAMBAKKAM, IN","FM-12","99999","V020","140,1,N,0010,1","22000,1,9,N","010000,1,9,9","+0282,1","+0207,1","10116,1",,,,,,"99,9,+99999,9,00,1",,,,"9,AGL   ,+99999,+99999","01,99,1,00,1,99,9,99999,9,99,9,99,9",,,"99999,9,10093,1","9,9,999,9,-005,1",,,"SYN06443278 32997 11402 10282 20207 30093 40116 80001 333 10300 59005=","Q01    003SCCGA1"
"43278099999","2023-02-07T15:00:00","4","13.0666666","80.2","7.0","NUMGAMBAKKAM, IN","FM-12","99999","V020","140,1,N,0010,1","22000,1,9,N","004000,1,9,9","+0256,1","+0211,1","10115,1",,,,,,"99,9,+99999,9,00,1",,,,"9,AGL   ,+99999,+99999","01,99,1,00,1,99,9,99999,9,99,9,99,9",,,"99999,9,10108,1","9,9,999,9,-002,1",,,"SYN05843278 32996 11402 10256 20211 30108 40115 80001 333 59002=","Q01    003SCCGA1"
"43278099999","2023-02-08T00:00:00","4","13.0666666","80.2","7.0","NUMGAMBAKKAM, IN","FM-12","99999","V020","999,9,C,0000,1","22000,1,9,N","004000,1,9,9","+0218,1","+0190,1","10113,1",,"0,1,02,1","0,1,02,1",,,"99,9,+99999,9,00,1",,,,"9,AGL   ,+99999,+99999","01,99,1,00,1,99,9,99999,9,99,9,99,9",,,"99999,9,10106,1","9,9,999,9,+002,1",,"05,1","SYN06443278 31996 10000 10218 20190 30106 40113 70500 80001 333 58002=","Q01    003SCCGA1"
"43278099999","2023-02-08T03:00:00","4","13.0666666","80.2","7.0","NUMGAMBAKKAM, IN","FM-12","99999","V020","999,9,C,0000,1","22000,1,9,N","004000,1,9,9","+0244,1","+0226,1","10130,1",,"0,1,02,1","0,1,02,1",,,"02,1,+00800,1,06,1","99,9,+99999,9,00,1",,,"9,AGL   ,+99999,+99999","03,99,1,02,1,99,9,00800,1,99,9,99,9","240,M,+0300,1","240,N,+0214,1","99999,9,10123,1","9,9,999,9,+000,1",,"10,1","SYN08643278 31596 30000 10244 20226 30123 40130 71000 82501 333 10300 20214 58000 555 10005=",
"43278099999","2023-02-08T06:00:00","4","13.0666666","80.2","7.0","NUMGAMBAKKAM, IN","FM-12","99999","V020","140,1,N,0010,1","22000,1,9,N","010000,1,9,9","+0296,1","+0219,1","10128,1",,,,,,"01,1,+00800,1,06,1","99,9,+99999,9,00,1",,,"9,AGL   ,+99999,+99999","02,99,1,01,1,99,9,00800,1,99,9,99,9",,,"99999,9,10121,1","9,9,999,9,-001,1",,,"SYN05843278 32597 21402 10296 20219 30121 40128 81501 333 59001=",
"43278099999","2023-02-08T09:00:00","4","13.0666666","80.2","7.0","NUMGAMBAKKAM, IN","FM-12","99999","V020","999,9,V,0010,1","22000,1,9,N","010000,1,9,9","+0298,1","+0208,1","10105,1",,,,,,"99,9,+99999,9,00,1",,,,"9,AGL   ,+99999,+99999","01,99,1,00,1,99,9,99999,9,99,9,99,9",,,"99999,9,10098,1","9,9,999,9,+007,1",,,"SYN05843278 32997 19902 10298 20208 30098 40105 80001 333 58007=","Q01    003SCCGA1"
"43278099999","2023-02-08T12:00:00","4","13.0666666","80.2","7.0","NUMGAMBAKKAM, IN","FM-12","99999","V020","110,1,N,0015,1","22000,1,9,N","010000,1,9,9","+0280,1","+0218,1","10103,1",,,,,,"99,9,+99999,9,00,1",,,,"9,AGL   ,+99999,+99999","02,99,1,00,1,99,9,99999,9,99,9,99,9",,,"99999,9,10096,1","9,9,999,9,+003,1",,,"SYN06443278 32997 21103 10280 20218 30096 40103 80001 333 10306 58003=","Q01    003SCCGA1"
"43278099999","2023-02-08T15:00:00","4","13.0666666","80.2","7.0","NUMGAMBAKKAM, IN","FM-12","99999","V020","050,1,N,0005,1","22000,1,9,N","004000,1,9,9","+0252,1","+0225,1","10118,1",,,,,,"99,9,+99999,9,00,1",,,,"9,AGL   ,+99999,+99999","01,99,1,00,1,99,9,99999,9,99,9,99,9",,,"99999,9,10111,1","9,9,999,9,+003,1",,,"SYN05843278 32996 10501 10252 20225 30111 40118 80001 333 58003=","Q01    003SCCGA1"
"43278099999","2023-02-09T00:00:00","4","13.0666666","80.2","7.0","NUMGAMBAKKAM, IN","FM-12","99999","V020","999,9,C,0000,1","22000,1,9,N","004000,1,9,9","+0222,1","+0197,1","10108,1",,"0,1,02,1","0,1,02,1",,,"99,9,+99999,9,00,1",,,,"9,AGL   ,+99999,+99999","01,99,1,00,1,99,9,99999,9,99,9,99,9",,,"99999,9,10101,1","9,9,999,9,-005,1",,"10,1","SYN06443278 31996 10000 10222 20197 30101 40108 71000 80001 333 59005=","Q01    003SCCGA1"
"43278099999","2023-02-09T03:00:00","4","13.0666666","80.2","7.0","NUMGAMBAKKAM, IN","FM-12","99999","V020","999,9,C,0000,1","22000,1,9,N","004000,1,9,9","+0240,1","+0216,1","10130,1",,"0,1,02,1","0,1,02,1",,,"02,1,+00800,1,06,1","99,9,+99999,9,03,1","99,9,+99999,9,00,1",,"9,AGL   ,+99999,+99999","04,99,1,02,1,99,9,00800,1,99,9,99,9","240,M,+0306,1","240,N,+0219,1","99999,9,10123,1","9,9,999,9,+000,1",,"10,1","SYN08643278 31596 40000 10240 20216 30123 40130 71000 82531 333 10306 20219 58000 555 10005=",
"43278099999","2023-02-09T06:00:00","4","13.0666666","80.2","7.0","NUMGAMBAKKAM, IN","FM-12","99999","V020","070,1,N,0015,1","99999,9,9,N","010000,1,9,9","+0290,1","+0206,1","10139,1",,,,,,"03,1,+00800,1,06,1","99,9,+99999,9,03,1","99,9,+99999,9,00,1",,"9,AGL   ,+99999,+99999","05,99,1,03,1,99,9,00800,1,99,9,99,9",,,"99999,9,10132,1","9,9,999,9,+011,1",,,"SYN05843278 32597 50703 10290 20206 30132 40139 83531 333 58011=",
"43278099999","2023-02-09T09:00:00","4","13.0666666","80.2","7.0","NUMGAMBAKKAM, IN","FM-12","99999","V020","140,1,N,0010,1","22000,1,9,N","010000,1,9,9","+0298,1","+0201,1","10116,1",,,,,,"99,9,+99999,9,00,1",,,,"9,AGL   ,+99999,+99999","02,99,1,00,1,99,9,99999,9,99,9,99,9",,,"99999,9,10109,1","9,9,999,9,+011,1",,,"SYN05843278 32997 21402 10298 20201 30109 40116 80001 333 58011=","Q01    003SCCGA1"
"43278099999","2023-02-09T12:00:00","4","13.0666666","80.2","7.0","NUMGAMBAKKAM, IN","FM-12","99999","V020","140,1,N,0010,1","22000,1,9,N","010000,1,9,9","+0280,1","+0204,1","10117,1",,,,,,"99,9,+99999,9,00,1",,,,"9,AGL   ,+99999,+99999","01,99,1,00,1,99,9,99999,9,99,9,99,9",,,"99999,9,10110,1","9,9,999,9,+014,1",,,"SYN06443278 32997 11402 10280 20204 30110 40117 80001 333 10303 58014=","Q01    003SCCGA1"
"43278099999","2023-02-09T15:00:00","4","13.0666666","80.2","7.0","NUMGAMBAKKAM, IN","FM-12","99999","V020","110,1,N,0010,1","22000,1,9,N","004000,1,9,9","+0248,1","+0212,1","10133,1",,,,,,"99,9,+99999,9,00,1",,,,"9,AGL   ,+99999,+99999","02,99,1,00,1,99,9,99999,9,99,9,99,9",,,"99999,9,10126,1","9,9,999,9,+015,1",,,"SYN05843278 32996 21102 10248 20212 30126 40133 80001 333 58015=","Q01    003SCCGA1"
"43278099999","2023-02-10T00:00:00","4","13.0666666","80.2","7.0","NUMGAMBAKKAM, IN","FM-12","99999","V020","999,9,C,0000,1","22000,1,9,N","004000,1,9,9","+0216,1","+0204,1","10126,1",,"0,1,02,1","0,1,02,1",,,"99,9,+99999,9,00,1",,,,"9,AGL   ,+99999,+99999","01,99,1,00,1,99,9,99999,9,99,9,99,9",,,"99999,9,10119,1","9,9,999,9,+018,1",,"10,1","SYN06443278 31996 10000 10216 20204 30119 40126 71000 80001 333 58018=","Q01    003SCCGA1"
"43278099999","2023-02-10T03:00:00","4","13.0666666","80.2","7.0","NUMGAMBAKKAM, IN","FM-12","99999","V020","999,9,C,0000,1","22000,1,9,N","004000,1,9,9","+0238,1","+0217,1","10147,1",,"0,1,02,1","0,1,02,1",,,"99,9,+99999,9,00,1",,,,"9,AGL   ,+99999,+99999","01,99,1,00,1,99,9,99999,9,99,9,99,9","240,M,+0303,1","240,N,+0211,1","99999,9,10140,1","9,9,999,9,+017,1",,"05,1","SYN08643278 31996 10000 10238 20217 30140 40147 70500 80001 333 10303 20211 58017 555 10005=","Q01    003SCCGA1"
"43278099999","2023-02-10T06:00:00","4","13.0666666","80.2","7.0","NUMGAMBAKKAM, IN","FM-12","99999","V020","999,9,C,0000,1","22000,1,9,N","010000,1,9,9","+0314,1","+0203,1","10147,1",,,,,,"00,1,+99999,9,99,9",,,,"9,AGL   ,+99999,+99999","01,99,1,00,1,99,9,99999,9,99,9,99,9",,,"99999,9,10140,1","9,9,999,9,+008,1",,,"SYN05843278 32997 10000 10314 20203 30140 40147 80000 333 58008=",
"43278099999","2023-02-10T09:00:00","4","13.0666666","80.2","7.0","NUMGAMBAKKAM, IN","FM-12","99999","V020","140,1,N,0010,1","22000,1,9,N","010000,1,9,9","+0314,1","+0203,1","10118,1",,,,,,"99,9,+99999,9,00,1",,,,"9,AGL   ,+99999,+99999","01,99,1,00,1,99,9,99999,9,99,9,99,9",,,"99999,9,10111,1","9,9,999,9,+002,1",,,"SYN05843278 32997 11402 10314 20203 30111 40118 80001 333 58002=","Q01    003SCCGA1"
"43278099999","2023-02-10T12:00:00","4","13.0666666","80.2","7.0","NUMGAMBAKKAM, IN","FM-12","99999","V020","999,9,C,0000,1","22000,1,9,N","010000,1,9,9","+0286,1","+0201,1","10119,1",,,,,,"99,9,+99999,9,00,1",,,,"9,AGL   ,+99999,+99999","01,99,1,00,1,99,9,99999,9,99,9,99,9",,,"99999,9,10112,1","9,9,999,9,+002,1",,,"SYN06443278 32997 10000 10286 20201 30112 40119 80001 333 10321 58002=","Q01    003SCCGA1"
"43278099999","2023-02-10T15:00:00","4","13.0666666","80.2","7.0","NUMGAMBAKKAM, IN","FM-12","99999","V020","999,9,V,0010,1","22000,1,9,N","004000,1,9,9","+0250,1","+0191,1","10135,1",,,,,,"99,9,+99999,9,00,1",,,,"9,AGL   ,+99999,+99999","01,99,1,00,1,99,9,99999,9,99,9,99,9",,,"99999,9,10128,1","9,9,999,9,+002,1",,,"SYN05843278 32996 19902 10250 20191 30128 40135 80001 333 58002=","Q01    003SCCGA1"
"43278099999","2023-02-11T00:00:00","4","13.0666666","80.2","7.0","NUMGAMBAKKAM, IN","FM-12","99999","V020","999,9,C,0000,1","22000,1,9,N","004000,1,9,9","+0218,1","+0199,1","10127,1",,"0,1,02,1","0,1,02,1",,,"99,9,+99999,9,00,1",,,,"9,AGL   ,+99999,+99999","01,99,1,00,1,99,9,99999,9,99,9,99,9",,,"99999,9,10120,1","9,9,999,9,+001,1",,"10,1","SYN06443278 31996 10000 10218 20199 30120 40127 71000 80001 333 58001=","Q01    003SCCGA1"
"43278099999","2023-02-11T03:00:00","4","13.0666666","80.2","7.0","NUMGAMBAKKAM, IN","FM-12","99999","V020","999,9,C,0000,1","22000,1,9,N","010000,1,9,9","+0236,1","+0202,1","10143,1",,"0,1,02,1","0,1,02,1",,,"02,1,+00800,1,06,1","99,9,+99999,9,00,1",,,"9,AGL   ,+99999,+99999","04,99,1,02,1,99,9,00800,1,99,9,99,9","240,M,+0321,1","240,N,+0212,1","99999,9,10136,1","9,9,999,9,-004,1",,"05,1","SYN08643278 32597 40000 10236 20202 30136 40143 70500 82501 333 10321 20212 59004 555 10005=",
"43278099999","2023-02-11T06:00:00","4","13.0666666","80.2","7.0","NUMGAMBAKKAM, IN","FM-12","99999","V020","999,9,C,0000,1","22000,1,9,N","010000,1,9,9","+0288,1","+0203,1","10144,1",,,,,,"02,1,+00800,1,06,1","99,9,+99999,9,00,1",,,"9,AGL   ,+99999,+99999","04,99,1,02,1,99,9,00800,1,99,9,99,9",,,"99999,9,10137,1","9,9,999,9,-003,1",,,"SYN05843278 32597 40000 10288 20203 30137 40144 82502 333 59003=",
"43278099999","2023-02-11T09:00:00","4","13.0666666","80.2","7.0","NUMGAMBAKKAM, IN","FM-12","99999","V020","110,1,N,0021,1","99999,9,9,N","010000,1,9,9","+0304,1","+0179,1","10122,1",,,,,,"01,1,+00800,1,06,1","99,9,+99999,9,00,1",,,"9,AGL   ,+99999,+99999","05,99,1,01,1,99,9,00800,1,99,9,99,9",,,"99999,9,10115,1","9,9,999,9,+004,1",,,"SYN05843278 32597 51104 10304 20179 30115 40122 81502 333 58004=",
"43278099999","2023-02-11T12:00:00","4","13.0666666","80.2","7.0","NUMGAMBAKKAM, IN","FM-12","99999","V020","110,1,N,0010,1","99999,9,9,N","010000,1,9,9","+0274,1","+0204,1","10119,1",,,,,,"01,1,+00800,1,06,1","99,9,+99999,9,03,1","99,9,+99999,9,00,1",,"9,AGL   ,+99999,+99999","06,99,1,01,1,99,9,00800,1,99,9,99,9",,,"99999,9,10112,1","9,9,999,9,+000,1",,,"SYN06443278 32597 61102 10274 20204 30112 40119 81532 333 10313 58000=",
"43278099999","2023-02-11T15:00:00","4","13.0666666","80.2","7.0","NUMGAMBAKKAM, IN","FM-12","99999","V020","999,9,C,0000,1","22000,1,9,N","004000,1,9,9","+0240,1","+0200,1","10139,1",,,,,,"99,9,+99999,9,00,1",,,,"9,AGL   ,+99999,+99999","01,99,1,00,1,99,9,99999,9,99,9,99,9",,,"99999,9,10132,1","9,9,999,9,+004,1",,,"SYN05843278 32996 10000 10240 20200 30132 40139 80001 333 58004=","Q01    003SCCGA1"
"43278099999","2023-02-12T00:00:00","4","13.0666666","80.2","7.0","NUMGAMBAKKAM, IN","FM-12","99999","V020","999,9,C,0000,1","22000,1,9,N","004000,1,9,9","+0218,1","+0190,1","10131,1",,"0,1,02,1","0,1,02,1",,,"99,9,+99999,9,00,1",,,,"9,AGL   ,+99999,+99999","01,99,1,00,1,99,9,99999,9,99,9,99,9",,,"99999,9,10124,1","9,9,999,9,+004,1",,"05,1","SYN06443278 31996 10000 10218 20190 30124 40131 70500 80001 333 58004=","Q01    003SCCGA1"
"43278099999","2023-02-12T03:00:00","4","13.0666666","80.2","7.0","NUMGAMBAKKAM, IN","FM-12","99999","V020","250,1,N,0010,1","22000,1,9,N","004000,1,9,9","+0240,1","+0213,1","10147,1",,"0,1,02,1","0,1,02,1",,,"99,9,+99999,9,00,1",,,,"9,AGL   ,+99999,+99999","01,99,1,00,1,99,9,99999,9,99,9,99,9","240,M,+0313,1","240,N,+0214,1","99999,9,10140,1","9,9,999,9,+004,1",,"05,1","SYN08643278 31996 12502 10240 20213 30140 40147 70500 80001 333 10313 20214 58004 555 10005=","Q01    003SCCGA1"
"43278099999","2023-02-12T06:00:00","4","13.0666666","80.2","7.0","NUMGAMBAKKAM, IN","FM-12","99999","V020","140,1,N,0015,1","22000,1,9,N","010000,1,9,9","+0304,1","+0201,1","10148,1",,,,,,"01,1,+00800,1,06,1","99,9,+99999,9,00,1",,,"9,AGL   ,+99999,+99999","02,99,1,01,1,99,9,00800,1,99,9,99,9",,,"99999,9,10141,1","9,9,999,9,+004,1",,,"SYN05843278 32597 21403 10304 20201 30141 40148 81501 333 58004=",
"43278099999","2023-02-12T09:00:00","4","13.0666666","80.2","7.0","NUMGAMBAKKAM, IN","FM-12","99999","V020","999,9,V,0010,1","22000,1,9,N","010000,1,9,9","+0316,1","+0187,1","10121,1",,,,,,"01,1,+02250,1,03,1","99,9,+99999,9,00,1",,,"9,AGL   ,+99999,+99999","02,99,1,01,1,99,9,02250,1,99,9,99,9",,,"99999,9,10114,1","9,9,999,9,-001,1",,,"SYN05843278 32897 29902 10316 20187 30114 40121 81031 333 59001=",
"43278099999","2023-02-12T12:00:00","4","13.0666666","80.2","7.0","NUMGAMBAKKAM, IN","FM-12","99999","V020","999,9,C,0000,1","22000,1,9,N","010000,1,9,9","+0288,1","+0200,1","10120,1",,,,,,"01,1,+02250,1,03,1","99,9,+99999,9,00,1",,,"9,AGL   ,+99999,+99999","03,99,1,01,1,99,9,02250,1,99,9,99,9",,,"99999,9,10113,1","9,9,999,9,+001,1",,,"SYN06443278 32897 30000 10288 20200 30113 40120 81031 333 10325 58001=",
"43278099999","2023-02-12T15:00:00","4","13.0666666","80.2","7.0","NUMGAMBAKKAM, IN","FM-12","99999","V020","999,9,C,0000,1","22000,1,9,N","004000,1,9,9","+0238,1","+0194,1","10132,1",,,,,,"99,9,+99999,9,00,1",,,,"9,AGL   ,+99999,+99999","01,99,1,00,1,99,9,99999,9,99,9,99,9",,,"99999,9,10125,1","9,9,999,9,-007,1",,,"SYN05843278 32996 10000 10238 20194 30125 40132 80001 333 59007=","Q01    003SCCGA1"
"43278099999","2023-02-13T00:00:00","4","13.0666666","80.2","7.0","NUMGAMBAKKAM, IN","FM-12","99999","V020","999,9,C,0000,1","22000,1,9,N","004000,1,9,9","+0206,1","+0180,1","10125,1",,"0,1,02,1","0,1,02,1",,,"99,9,+99999,9,00,1",,,,"9,AGL   ,+99999,+99999","01,99,1,00,1,99,9,99999,9,99,9,99,9",,,"99999,9,10118,1","9,9,999,9,-006,1",,"10,1","SYN06443278 31996 10000 10206 20180 30118 40125 71000 80001 333 59006=","Q01    003SCCGA1"
"43278099999","2023-02-13T03:00:00","4","13.0666666","80.2","7.0","NUMGAMBAKKAM, IN","FM-12","99999","V020","999,9,C,0000,1","22000,1,9,N","004000,1,9,9","+0228,1","+0203,1","10150,1",,"0,1,02,1","0,1,02,1",,,"99,9,+99999,9,00,1",,,,"9,AGL   ,+99999,+99999","02,99,1,00,1,99,9,99999,9,99,9,99,9","240,M,+0325,1","240,N,+0200,1","99999,9,10143,1","9,9,999,9,+003,1",,"10,1","SYN08643278 31996 20000 10228 20203 30143 40150 71000 80001 333 10325 20200 58003 555 10005=","Q01    003SCCGA1"
"43278099999","2023-02-13T06:00:00","4","13.0666666","80.2","7.0","NUMGAMBAKKAM, IN","FM-12","99999","V020","110,1,N,0015,1","22000,1,9,N","010000,1,9,9","+0308,1","+0169,1","10150,1",,,,,,"99,9,+99999,9,00,1",,,,"9,AGL   ,+99999,+99999","01,99,1,00,1,99,9,99999,9,99,9,99,9",,,"99999,9,10143,1","9,9,999,9,+002,1",,,"SYN05843278 32997 11103 10308 20169 30143 40150 80001 333 58002=","Q01    003SCCGA1"
"43278099999","2023-02-13T09:00:00","4","13.0666666","80.2","7.0","NUMGAMBAKKAM, IN","FM-12","99999","V020","140,1,N,0010,1","22000,1,9,N","010000,1,9,9","+0312,1","+0186,1","10124,1",,,,,,"99,9,+99999,9,00,1",,,,"9,AGL   ,+99999,+99999","01,99,1,00,1,99,9,99999,9,99,9,99,9",,,"99999,9,10117,1","9,9,999,9,+003,1",,,"SYN05843278 32997 11402 10312 20186 30117 40124 80001 333 58003=","Q01    003SCCGA1"
"43278099999","2023-02-13T12:00:00","4","13.0666666","80.2","7.0","NUMGAMBAKKAM, IN","FM-12","99999","V020","110,1,N,0010,1","22000,1,9,N","010000,1,9,9","+0280,1","+0190,1","10124,1",,,,,,"99,9,+99999,9,00,1",,,,"9,AGL   ,+99999,+99999","01,99,1,00,1,99,9,99999,9,99,9,99,9",,,"99999,9,10117,1","9,9,999,9,+004,1",,,"SYN06443278 32997 11102 10280 20190 30117 40124 80001 333 10316 58004=","Q01    003SCCGA1"
"43278099999","2023-02-13T15:00:00","4","13.0666666","80.2","7.0","NUMGAMBAKKAM, IN","FM-12","99999","V020","140,1,N,0010,1","22000,1,9,N","004000,1,9,9","+0244,1","+0204,1","10138,1",,,,,,"99,9,+99999,9,00,1",,,,"9,AGL   ,+99999,+99999","01,99,1,00,1,99,9,99999,9,99,9,99,9",,,"99999,9,10131,1","9,9,999,9,+006,1",,,"SYN05843278 32996 11402 10244 20204 30131 40138 80001 333 58006=","Q01    003SCCGA1"
"43278099999","2023-02-14T00:00:00","4","13.0666666","80.2","7.0","NUMGAMBAKKAM, IN","FM-12","99999","V020","999,9,C,0000,1","22000,1,9,N","004000,1,9,9","+0214,1","+0198,1","10134,1",,"0,1,02,1","0,1,02,1",,,"99,9,+99999,9,00,1",,,,"9,AGL   ,+99999,+99999","01,99,1,00,1,99,9,99999,9,99,9,99,9",,,"99999,9,10127,1","9,9,999,9,+009,1",,"10,1","SYN06443278 31996 10000 10214 20198 30127 40134 71000 80001 333 58009=","Q01    003SCCGA1"
"43278099999","2023-02-14T03:00:00","4","13.0666666","80.2","7.0","NUMGAMBAKKAM, IN","FM-12","99999","V020","999,9,C,0000,1","22000,1,9,N","010000,1,9,9","+0240,1","+0203,1","10150,1",,,,,,"99,9,+99999,9,00,1",,,,"9,AGL   ,+99999,+99999","01,99,1,00,1,99,9,99999,9,99,9,99,9","240,M,+0316,1","240,N,+0203,1","99999,9,10143,1","9,9,999,9,+000,1",,,"SYN08043278 32997 10000 10240 20203 30143 40150 80001 333 10316 20203 58000 555 10005=","Q01    003SCCGA1"
"43278099999","2023-02-14T06:00:00","4","13.0666666","80.2","7.0","NUMGAMBAKKAM, IN","FM-12","99999","V020","140,1,N,0005,1","22000,1,9,N","010000,1,9,9","+0300,1","+0200,1","10150,1",,,,,,"99,9,+99999,9,00,1",,,,"9,AGL   ,+99999,+99999","01,99,1,00,1,99,9,99999,9,99,9,99,9",,,"99999,9,10143,1","9,9,999,9,+000,1",,,"SYN05843278 32997 11401 10300 20200 30143 40150 80001 333 58000=","Q01    003SCCGA1"
"43278099999","2023-02-14T09:00:00","4","13.0666666","80.2","7.0","NUMGAMBAKKAM, IN","FM-12","99999","V020","070,1,N,0015,1","22000,1,9,N","010000,1,9,9","+0298,1","+0193,1","10120,1",,,,,,"99,9,+99999,9,00,1",,,,"9,AGL   ,+99999,+99999","01,99,1,00,1,99,9,99999,9,99,9,99,9",,,"99999,9,10113,1","9,9,999,9,-004,1",,,"SYN05843278 32997 10703 10298 20193 30113 40120 80001 333 59004=","Q01    003SCCGA1"
"43278099999","2023-02-14T12:00:00","4","13.0666666","80.2","7.0","NUMGAMBAKKAM, IN","FM-12","99999","V020","050,1,N,0010,1","22000,1,9,N","010000,1,9,9","+0278,1","+0181,1","10113,1",,,,,,"99,9,+99999,9,00,1",,,,"9,AGL   ,+99999,+99999","01,99,1,00,1,99,9,99999,9,99,9,99,9",,,"99999,9,10106,1","9,9,999,9,-011,1",,,"SYN06443278 32997 10502 10278 20181 30106 40113 80001 333 10308 59011=","Q01    003SCCGA1"
"43278099999","2023-02-14T15:00:00","4","13.0666666","80.2","7.0","NUMGAMBAKKAM, IN","FM-12","99999","V020","999,9,C,0000,1","22000,1,9,N","004000,1,9,9","+0248,1","+0205,1","10129,1",,,,,,"99,9,+99999,9,00,1",,,,"9,AGL   ,+99999,+99999","01,99,1,00,1,99,9,99999,9,99,9,99,9",,,"99999,9,10122,1","9,9,999,9,-009,1",,,"SYN05843278 32996 10000 10248 20205 30122 40129 80001 333 59009=","Q01    003SCCGA1"
"43278099999","2023-02-15T00:00:00","4","13.0666666","80.2","7.0","NUMGAMBAKKAM, IN","FM-12","99999","V020","999,9,C,0000,1","22000,1,9,N","004000,1,9,9","+0216,1","+0200,1","10114,1",,"0,1,02,1","0,1,02,1",,,"99,9,+99999,9,00,1",,,,"9,AGL   ,+99999,+99999","01,99,1,00,1,99,9,99999,9,99,9,99,9",,,"99999,9,10107,1","9,9,999,9,-020,1",,"10,1","SYN06443278 31996 10000 10216 20200 30107 40114 71000 80001 333 59020=","Q01    003SCCGA1"
"43278099999","2023-02-15T03:00:00","4","13.0666666","80.2","7.0","NUMGAMBAKKAM, IN","FM-12","99999","V020","270,1,N,0005,1","22000,1,9,N","004000,1,9,9","+0240,1","+0210,1","10126,1",,"0,1,02,1","0,1,02,1",,,"99,9,+99999,9,00,1",,,,"9,AGL   ,+99999,+99999","01,99,1,00,1,99,9,99999,9,99,9,99,9","240,M,+0308,1","240,N,+0213,1","99999,9,10119,1","9,9,999,9,-024,1",,"10,1","SYN08643278 31996 12701 10240 20210 30119 40126 71000 80001 333 10308 20213 59024 555 10005=","Q01    003SCCGA1"
"43278099999","2023-02-15T06:00:00","4","13.0666666","80.2","7.0","NUMGAMBAKKAM, IN","FM-12","99999","V020","999,9,C,0000,1","22000,1,9,N","010000,1,9,9","+0305,1","+0208,1","10124,1",,,,,,"01,1,+00800,1,08,1","99,9,+99999,9,00,1",,,"9,AGL   ,+99999,+99999","02,99,1,01,1,99,9,00800,1,99,9,99,9",,,"99999,9,10117,1","9,9,999,9,-026,1",,,"SYN05843278 32597 20000 10305 20208 30117 40124 81101 333 59026=",
"43278099999","2023-02-15T09:00:00","4","13.0666666","80.2","7.0","NUMGAMBAKKAM, IN","FM-12","99999","V020","090,1,N,0010,1","22000,1,9,N","010000,1,9,9","+0308,1","+0206,1","10112,1",,,,,,"99,9,+99999,9,00,1",,,,"9,AGL   ,+99999,+99999","01,99,1,00,1,99,9,99999,9,99,9,99,9",,,"99999,9,10105,1","9,9,999,9,-008,1",,,"SYN05843278 32997 10902 10308 20206 30105 40112 80001 333 59008=","Q01    003SCCGA1"
"43278099999","2023-02-15T12:00:00","4","13.0666666","80.2","7.0","NUMGAMBAKKAM, IN","FM-12","99999","V020","110,1,N,0010,1","22000,1,9,N","010000,1,9,9","+0282,1","+0220,1","10109,1",,,,,,"99,9,+99999,9,00,1",,,,"9,AGL   ,+99999,+99999","01,99,1,00,1,99,9,99999,9,99,9,99,9",,,"99999,9,10102,1","9,9,999,9,-004,1",,,"SYN06443278 32997 11102 10282 20220 30102 40109 80001 333 10318 59004=","Q01    003SCCGA1"
"43278099999","2023-02-16T00:00:00","4","13.0666666","80.2","7.0","NUMGAMBAKKAM, IN","FM-12","99999","V020","999,9,C,0000,1","22000,1,9,N","004000,1,9,9","+0218,1","+0190,1","10115,1",,"0,1,02,1","0,1,02,1",,,"99,9,+99999,9,00,1",,,,"9,AGL   ,+99999,+99999","01,99,1,00,1,99,9,99999,9,99,9,99,9",,,"99999,9,10108,1","9,9,999,9,+001,1",,"05,1","SYN06443278 31996 10000 10218 20190 30108 40115 70500 80001 333 58001=","Q01    003SCCGA1"
"43278099999","2023-02-16T03:00:00","4","13.0666666","80.2","7.0","NUMGAMBAKKAM, IN","FM-12","99999","V020","999,9,C,0000,1","22000,1,9,N","004000,1,9,9","+0250,1","+0226,1","10133,1",,"0,1,02,1","0,1,02,1",,,"99,9,+99999,9,00,1",,,,"9,AGL   ,+99999,+99999","01,99,1,00,1,99,9,99999,9,99,9,99,9","240,M,+0318,1","240,N,+0217,1","99999,9,10126,1","9,9,999,9,+007,1",,"10,1","SYN08643278 31996 10000 10250 20226 30126 40133 71000 80001 333 10318 20217 58007 555 10005=","Q01    003SCCGA1"
"43278099999","2023-02-16T06:00:00","4","13.0666666","80.2","7.0","NUMGAMBAKKAM, IN","FM-12","99999","V020","140,1,N,0015,1","22000,1,9,N","010000,1,9,9","+0296,1","+0199,1","10138,1",,,,,,"02,1,+00800,1,06,1","99,9,+99999,9,00,1",,,"9,AGL   ,+99999,+99999","03,99,1,02,1,99,9,00800,1,99,9,99,9",,,"99999,9,10131,1","9,9,999,9,+014,1",,,"SYN05843278 32597 31403 10296 20199 30131 40138 82501 333 58014=",
"43278099999","2023-02-16T09:00:00","4","13.0666666","80.2","7.0","NUMGAMBAKKAM, IN","FM-12","99999","V020","140,1,N,0010,1","22000,1,9,N","010000,1,9,9","+0296,1","+0195,1","10119,1",,,,,,"01,1,+00800,1,06,1","99,9,+99999,9,00,1",,,"9,AGL   ,+99999,+99999","03,99,1,01,1,99,9,00800,1,99,9,99,9",,,"99999,9,10112,1","9,9,999,9,+007,1",,,"SYN05843278 32597 31402 10296 20195 30112 40119 81501 333 58007=",
"43278099999","2023-02-16T12:00:00","4","13.0666666","80.2","7.0","NUMGAMBAKKAM, IN","FM-12","99999","V020","140,1,N,0010,1","22000,1,9,N","010000,1,9,9","+0280,1","+0204,1","10111,1",,,,,,"01,1,+00800,1,06,1","99,9,+99999,9,00,1",,,"9,AGL   ,+99999,+99999","03,99,1,01,1,99,9,00800,1,99,9,99,9",,,"99999,9,10104,1","9,9,999,9,+002,1",,,"SYN06443278 32597 31402 10280 20204 30104 40111 81501 333 10302 58002=",
"43278099999","2023-02-16T15:00:00","4","13.0666666","80.2","7.0","NUMGAMBAKKAM, IN","FM-12","99999","V020","999,9,C,0000,1","22000,1,9,N","004000,1,9,9","+0248,1","+0199,1","10122,1",,,,,,"99,9,+99999,9,00,1",,,,"9,AGL   ,+99999,+99999","02,99,1,00,1,99,9,99999,9,99,9,99,9",,,"99999,9,10115,1","9,9,999,9,+000,1",,,"SYN05843278 32996 20000 10248 20199 30115 40122 80001 333 58000=","Q01    003SCCGA1"
"43278099999","2023-02-17T00:00:00","4","13.0666666","80.2","7.0","NUMGAMBAKKAM, IN","FM-12","99999","V020","999,9,C,0000,1","22000,1,9,N","004000,1,9,9","+0216,1","+0191,1","10121,1",,"0,1,02,1","0,1,02,1",,,"99,9,+99999,9,00,1",,,,"9,AGL   ,+99999,+99999","01,99,1,00,1,99,9,99999,9,99,9,99,9",,,"99999,9,10114,1","9,9,999,9,+004,1",,"10,1","SYN06443278 31996 10000 10216 20191 30114 40121 71000 80001 333 58004=","Q01    003SCCGA1"
"43278099999","2023-02-17T03:00:00","4","13.0666666","80.2","7.0","NUMGAMBAKKAM, IN","FM-12","99999","V020","999,9,C,0000,1","22000,1,9,N","004000,1,9,9","+0244,1","+0214,1","10149,1",,"0,1,02,1","0,1,02,1",,,"01,1,+00800,1,06,1","99,9,+99999,9,00,1",,,"9,AGL   ,+99999,+99999","02,99,1,01,1,99,9,00800,1,99,9,99,9","240,M,+0302,1","240,N,+0214,1","99999,9,10142,1","9,9,999,9,+016,1",,"10,1","SYN08643278 31596 20000 10244 20214 30142 40149 71000 81501 333 10302 20214 58016 555 10005=",
"43278099999","2023-02-17T06:00:00","4","13.0666666","80.2","7.0","NUMGAMBAKKAM, IN","FM-12","99999","V020","070,1,N,0015,1","22000,1,9,N","010000,1,9,9","+0294,1","+0191,1","10148,1",,,,,,"02,1,+00800,1,06,1",,,,"9,AGL   ,+99999,+99999","02,99,1,02,1,99,9,00800,1,99,9,99,9",,,"99999,9,10141,1","9,9,999,9,+010,1",,,"SYN05843278 32597 20703 10294 20191 30141 40148 82500 333 58010=",
"43278099999","2023-02-17T09:00:00","4","13.0666666","80.2","7.0","NUMGAMBAKKAM, IN","FM-12","99999","V020","140,1,N,0010,1","22000,1,9,N","010000,1,9,9","+0300,1","+0182,1","10121,1",,,,,,"99,9,+99999,9,00,1",,,,"9,AGL   ,+99999,+99999","01,99,1,00,1,99,9,99999,9,99,9,99,9",,,"99999,9,10114,1","9,9,999,9,+002,1",,,"SYN05843278 32997 11402 10300 20182 30114 40121 80001 333 58002=","Q01    003SCCGA1"
"43278099999","2023-02-17T12:00:00","4","13.0666666","80.2","7.0","NUMGAMBAKKAM, IN","FM-12","99999","V020","140,1,N,0010,1","22000,1,9,N","010000,1,9,9","+0280,1","+0172,1","10119,1",,,,,,"99,9,+99999,9,00,1",,,,"9,AGL   ,+99999,+99999","01,99,1,00,1,99,9,99999,9,99,9,99,9",,,"99999,9,10112,1","9,9,999,9,+008,1",,,"SYN06443278 32997 11402 10280 20172 30112 40119 80001 333 10310 58008=","Q01    003SCCGA1"
"43278099999","2023-02-18T00:00:00","4","13.0666666","80.2","7.0","NUMGAMBAKKAM, IN","FM-12","99999","V020","999,9,C,0000,1","22000,1,9,N","004000,1,9,9","+0220,1","+0192,1","10129,1",,"2,1,02,1","2,1,02,1",,,"02,1,+00800,1,06,1","99,9,+99999,9,00,1",,,"9,AGL   ,+99999,+99999","03,99,1,02,1,99,9,00800,1,99,9,99,9",,,"99999,9,10122,1","9,9,999,9,+008,1",,"05,1","SYN06443278 31596 30000 10220 20192 30122 40129 70522 82501 333 58008=",
"43278099999","2023-02-18T03:00:00","4","13.0666666","80.2","7.0","NUMGAMBAKKAM, IN","FM-12","99999","V020","999,9,C,0000,1","22000,1,9,N","004000,1,9,9","+0242,1","+0212,1","10152,1",,"2,1,02,1","2,1,02,1",,,"02,1,+00800,1,06,1","99,9,+99999,9,00,1",,,"9,AGL   ,+99999,+99999","03,99,1,02,1,99,9,00800,1,99,9,99,9","240,M,+0310,1","240,N,+0210,1","99999,9,10145,1","9,9,999,9,+003,1",,"05,1","SYN08643278 31596 30000 10242 20212 30145 40152 70522 82501 333 10310 20210 58003 555 10005=",
"43278099999","2023-02-18T06:00:00","4","13.0666666","80.2","7.0","NUMGAMBAKKAM, IN","FM-12","99999","V020","110,1,N,0015,1","22000,1,9,N","010000,1,9,9","+0302,1","+0209,1","10147,1",,,,,,"02,1,+00800,1,06,1","99,9,+99999,9,03,1","99,9,+99999,9,00,1",,"9,AGL   ,+99999,+99999","04,99,1,02,1,99,9,00800,1,99,9,99,9",,,"99999,9,10140,1","9,9,999,9,-001,1",,,"SYN05843278 32597 41103 10302 20209 30140 40147 82531 333 59001=",
"43278099999","2023-02-18T09:00:00","4","13.0666666","80.2","7.0","NUMGAMBAKKAM, IN","FM-12","99999","V020","070,1,N,0015,1","22000,1,9,N","010000,1,9,9","+0306,1","+0207,1","10116,1",,,,,,"99,9,+00800,1,00,1",,,,"9,AGL   ,+99999,+99999","01,99,1,00,1,99,9,00800,1,99,9,99,9",,,"99999,9,10109,1","9,9,999,9,-005,1",,,"SYN05843278 32597 10703 10306 20207 30109 40116 80001 333 59005=","Q01    003SCCGA1"
"43278099999","2023-02-18T15:00:00","4","13.0666666","80.2","7.0","NUMGAMBAKKAM, IN","FM-12","99999","V020","110,1,N,0015,1","22000,1,9,N","004000,1,9,9","+0260,1","+0221,1","10134,1",,,,,,"99,9,+99999,9,00,1",,,,"9,AGL   ,+99999,+99999","01,99,1,00,1,99,9,99999,9,99,9,99,9",,,"99999,9,10127,1","9,9,999,9,+000,1",,,"SYN05843278 32996 11103 10260 20221 30127 40134 80001 333 58000=","Q01    003SCCGA1"
"43278099999","2023-02-19T00:00:00","4","13.0666666","80.2","7.0","NUMGAMBAKKAM, IN","FM-12","99999","V020","999,9,C,0000,1","22000,1,9,N","004000,1,9,9","+0234,1","+0219,1","10127,1",,,,,,"03,1,+00800,1,06,1","99,9,+99999,9,00,1",,,"9,AGL   ,+99999,+99999","04,99,1,03,1,99,9,00800,1,99,9,99,9",,,"99999,9,10120,1","9,9,999,9,-002,1",,,"SYN05843278 32596 40000 10234 20219 30120 40127 83501 333 59002=",
"43278099999","2023-02-19T03:00:00","4","13.0666666","80.2","7.0","NUMGAMBAKKAM, IN","FM-12","99999","V020","999,9,C,0000,1","99999,9,9,N","010000,1,9,9","+0260,1","+0224,1","10146,1",,,,,,"03,1,+00800,1,06,1","99,9,+99999,9,00,1",,,"9,AGL   ,+99999,+99999","05,99,1,03,1,99,9,00800,1,99,9,99,9","240,M,+0312,1","240,N,+0232,1","99999,9,10139,1","9,9,999,9,-006,1",,,"SYN08043278 32597 50000 10260 20224 30139 40146 83401 333 10312 20232 59006 555 10005=",
"43278099999","2023-02-19T06:00:00","4","13.0666666","80.2","7.0","NUMGAMBAKKAM, IN","FM-12","99999","V020","090,1,N,0010,1","22000,1,9,N","010000,1,9,9","+0302,1","+0216,1","10145,1",,,,,,"03,1,+00800,1,06,1","99,9,+99999,9,00,1",,,"9,AGL   ,+99999,+99999","04,99,1,03,1,99,9,00800,1,99,9,99,9",,,"99999,9,10138,1","9,9,999,9,-002,1",,,"SYN05843278 32597 40902 10302 20216 30138 40145 83401 333 59002=",
"43278099999","2023-02-19T09:00:00","4","13.0666666","80.2","7.0","NUMGAMBAKKAM, IN","FM-12","99999","V020","070,1,N,0015,1","22000,1,9,N","010000,1,9,9","+0314,1","+0220,1","10120,1",,,,,,"01,1,+00800,1,06,1","99,9,+99999,9,00,1",,,"9,AGL   ,+99999,+99999","02,99,1,01,1,99,9,00800,1,99,9,99,9",,,"99999,9,10113,1","9,9,999,9,+004,1",,,"SYN05843278 32597 20703 10314 20220 30113 40120 81501 333 58004=",
"43278099999","2023-02-19T12:00:00","4","13.0666666","80.2","7.0","NUMGAMBAKKAM, IN","FM-12","99999","V020","140,1,N,0015,1","22000,1,9,N","010000,1,9,9","+0284,1","+0215,1","10117,1",,,,,,"99,9,+99999,9,00,1",,,,"9,AGL   ,+99999,+99999","01,99,1,00,1,99,9,99999,9,99,9,99,9",,,"99999,9,10110,1","9,9,999,9,+004,1",,,"SYN06443278 32997 11403 10284 20215 30110 40117 80001 333 10322 58004=","Q01    003SCCGA1"
"43278099999","2023-02-19T15:00:00","4","13.0666666","80.2","7.0","NUMGAMBAKKAM, IN","FM-12","99999","V020","140,1,N,0015,1","22000,1,9,N","004000,1,9,9","+0258,1","+0219,1","10135,1",,,,,,"99,9,+99999,9,00,1",,,,"9,AGL   ,+99999,+99999","01,99,1,00,1,99,9,99999,9,99,9,99,9",,,"99999,9,10128,1","9,9,999,9,+001,1",,,"SYN05843278 32996 11403 10258 20219 30128 40135 80001 333 58001=","Q01    003SCCGA1"
"43278099999","2023-02-20T00:00:00","4","13.0666666","80.2","7.0","NUMGAMBAKKAM, IN","FM-12","99999","V020","999,9,C,0000,1","22000,1,9,N","004000,1,9,9","+0218,1","+0203,1","10126,1",,,,,,"01,1,+00800,1,06,1",,,,"9,AGL   ,+99999,+99999","01,99,1,01,1,99,9,00800,1,99,9,99,9",,,"99999,9,10119,1","9,9,999,9,-001,1",,,"SYN05843278 32596 10000 10218 20203 30119 40126 81500 333 59001=",
"43278099999","2023-02-20T03:00:00","4","13.0666666","80.2","7.0","NUMGAMBAKKAM, IN","FM-12","99999","V020","999,9,C,0000,1","22000,1,9,N","010000,1,9,9","+0254,1","+0215,1","10147,1",,,,,,"99,9,+99999,9,00,1",,,,"9,AGL   ,+99999,+99999","01,99,1,00,1,99,9,99999,9,99,9,99,9","240,M,+0322,1","240,N,+0218,1","99999,9,10140,1","9,9,999,9,+001,1",,,"SYN08043278 32997 10000 10254 20215 30140 40147 80001 333 10322 20218 58001 555 10005=","Q01    003SCCGA1"
"43278099999","2023-02-20T06:00:00","4","13.0666666","80.2","7.0","NUMGAMBAKKAM, IN","FM-12","99999","V020","140,1,N,0015,1","22000,1,9,N","010000,1,9,9","+0308,1","+0213,1","10143,1",,,,,,"99,9,+99999,9,00,1",,,,"9,AGL   ,+99999,+99999","01,99,1,00,1,99,9,99999,9,99,9,99,9",,,"99999,9,10136,1","9,9,999,9,-002,1",,,"SYN05843278 32997 11403 10308 20213 30136 40143 80001 333 59002=","Q01    003SCCGA1"
"43278099999","2023-02-20T09:00:00","4","13.0666666","80.2","7.0","NUMGAMBAKKAM, IN","FM-12","99999","V020","140,1,N,0015,1","22000,1,9,N","010000,1,9,9","+0314,1","+0173,1","10120,1",,,,,,"99,9,+99999,9,00,1",,,,"9,AGL   ,+99999,+99999","02,99,1,00,1,99,9,99999,9,99,9,99,9",,,"99999,9,10113,1","9,9,999,9,+000,1",,,"SYN05843278 32997 21403 10314 20173 30113 40120 80001 333 58000=","Q01    003SCCGA1"
"43278099999","2023-02-20T12:00:00","4","13.0666666","80.2","7.0","NUMGAMBAKKAM, IN","FM-12","99999","V020","110,1,N,0015,1","22000,1,9,N","010000,1,9,9","+0296,1","+0177,1","10120,1",,,,,,"99,9,+99999,9,00,1",,,,"9,AGL   ,+99999,+99999","01,99,1,00,1,99,9,99999,9,99,9,99,9",,,"99999,9,10113,1","9,9,999,9,+003,1",,,"SYN06443278 32997 11103 10296 20177 30113 40120 80001 333 10323 58003=","Q01    003SCCGA1"
"43278099999","2023-02-20T15:00:00","4","13.0666666","80.2","7.0","NUMGAMBAKKAM, IN","FM-12","99999","V020","140,1,N,0010,1","22000,1,9,N","004000,1,9,9","+0252,1","+0196,1","10130,1",,,,,,"99,9,+99999,9,00,1",,,,"9,AGL   ,+99999,+99999","01,99,1,00,1,99,9,99999,9,99,9,99,9",,,"99999,9,10123,1","9,9,999,9,-005,1",,,"SYN05843278 32996 11402 10252 20196 30123 40130 80001 333 59005=","Q01    003SCCGA1"
"43278099999","2023-02-21T00:00:00","4","13.0666666","80.2","7.0","NUMGAMBAKKAM, IN","FM-12","99999","V020","999,9,C,0000,1","22000,1,9,N","004000,1,9,9","+0222,1","+0187,1","10126,1",,"0,1,02,1","0,1,02,1",,,"99,9,+99999,9,00,1",,,,"9,AGL   ,+99999,+99999","01,99,1,00,1,99,9,99999,9,99,9,99,9",,,"99999,9,10119,1","9,9,999,9,+000,1",,"10,1","SYN06443278 31996 10000 10222 20187 30119 40126 71000 80001 333 58000=","Q01    003SCCGA1"
"43278099999","2023-02-21T03:00:00","4","13.0666666","80.2","7.0","NUMGAMBAKKAM, IN","FM-12","99999","V020","999,9,V,0005,1","99999,9,9,N","004000,1,9,9","+0252,1","+0200,1","10149,1",,,,,,,,,,,,"240,M,+0323,1","240,N,+0218,1","99999,9,10142,1","9,9,999,9,+002,1",,,"SYN07443278 32996 09901 10252 20200 30142 40149 333 10323 20218 58002 555 10005=",
"43278099999","2023-02-21T06:00:00","4","13.0666666","80.2","7.0","NUMGAMBAKKAM, IN","FM-12","99999","V020","999,9,C,0000,1","99999,9,9,N","010000,1,9,9","+0322,1","+0187,1","10145,1",,,,,,,,,,,,,,"99999,9,10138,1","9,9,999,9,+002,1",,,"SYN05243278 32997 00000 10322 20187 30138 40145 333 58002=",
"43278099999","2023-02-21T09:00:00","4","13.0666666","80.2","7.0","NUMGAMBAKKAM, IN","FM-12","99999","V020","090,1,N,0010,1","22000,1,9,N","010000,1,9,9","+0324,1","+0162,1","10124,1",,,,,,"99,9,+99999,9,00,1",,,,"9,AGL   ,+99999,+99999","01,99,1,00,1,99,9,99999,9,99,9,99,9",,,"99999,9,10117,1","9,9,999,9,+004,1",,,"SYN05843278 32997 10902 10324 20162 30117 40124 80001 333 58004=","Q01    003SCCGA1"
"43278099999","2023-02-21T12:00:00","4","13.0666666","80.2","7.0","NUMGAMBAKKAM, IN","FM-12","99999","V020","999,9,C,0000,1","22000,1,9,N","010000,1,9,9","+0292,1","+0190,1","10122,1",,,,,,"99,9,+99999,9,00,1",,,,"9,AGL   ,+99999,+99999","01,99,1,00,1,99,9,99999,9,99,9,99,9",,,"99999,9,10115,1","9,9,999,9,+002,1",,,"SYN06443278 32997 10000 10292 20190 30115 40122 80001 333 10333 58002=","Q01    003SCCGA1"
"43278099999","2023-02-21T15:00:00","4","13.0666666","80.2","7.0","NUMGAMBAKKAM, IN","FM-12","99999","V020","070,1,N,0010,1","22000,1,9,N","004000,1,9,9","+0266,1","+0209,1","10128,1",,,,,,"99,9,+99999,9,00,1",,,,"9,AGL   ,+99999,+99999","01,99,1,00,1,99,9,99999,9,99,9,99,9",,,"99999,9,10121,1","9,9,999,9,-002,1",,,"SYN05843278 32996 10702 10266 20209 30121 40128 80001 333 59002=","Q01    003SCCGA1"
"43278099999","2023-02-22T00:00:00","4","13.0666666","80.2","7.0","NUMGAMBAKKAM, IN","FM-12","99999","V020","999,9,C,0000,1","22000,1,9,N","004000,1,9,9","+0226,1","+0208,1","10124,1",,"0,1,02,1","0,1,02,1",,,"99,9,+99999,9,00,1",,,,"9,AGL   ,+99999,+99999","01,99,1,00,1,99,9,99999,9,99,9,99,9",,,"99999,9,10117,1","9,9,999,9,-002,1",,"10,1","SYN06443278 31996 10000 10226 20208 30117 40124 71000 80001 333 59002=","Q01    003SCCGA1"
"43278099999","2023-02-22T03:00:00","4","13.0666666","80.2","7.0","NUMGAMBAKKAM, IN","FM-12","99999","V020","999,9,C,0000,1","22000,1,9,N","004000,1,9,9","+0248,1","+0218,1","10140,1",,"0,1,02,1","0,1,02,1",,,"99,9,+99999,9,00,1",,,,"9,AGL   ,+99999,+99999","01,99,1,00,1,99,9,99999,9,99,9,99,9","240,M,+0333,1","240,N,+0221,1","99999,9,10133,1","9,9,999,9,-009,1",,"05,1","SYN08643278 31996 10000 10248 20218 30133 40140 70500 80001 333 10333 20221 59009 555 10005=","Q01    003SCCGA1"
"43278099999","2023-02-22T06:00:00","4","13.0666666","80.2","7.0","NUMGAMBAKKAM, IN","FM-12","99999","V020","140,1,N,0010,1","22000,1,9,N","010000,1,9,9","+0316,1","+0164,1","10140,1",,,,,,"99,9,+99999,9,00,1",,,,"9,AGL   ,+99999,+99999","01,99,1,00,1,99,9,99999,9,99,9,99,9",,,"99999,9,10133,1","9,9,999,9,-005,1",,,"SYN05843278 32997 11402 10316 20164 30133 40140 80001 333 59005=","Q01    003SCCGA1"
"43278099999","2023-02-22T09:00:00","4","13.0666666","80.2","7.0","NUMGAMBAKKAM, IN","FM-12","99999","V020","140,1,N,0005,1","22000,1,9,N","010000,1,9,9","+0316,1","+0164,1","10120,1",,,,,,"99,9,+99999,9,00,1",,,,"9,AGL   ,+99999,+99999","01,99,1,00,1,99,9,99999,9,99,9,99,9",,,"99999,9,10113,1","9,9,999,9,-004,1",,,"SYN05843278 32997 11401 10316 20164 30113 40120 80001 333 59004=","Q01    003SCCGA1"
"43278099999","2023-02-22T12:00:00","4","13.0666666","80.2","7.0","NUMGAMBAKKAM, IN","FM-12","99999","V020","140,1,N,0005,1","22000,1,9,N","010000,1,9,9","+0294,1","+0178,1","10116,1",,,,,,"99,9,+99999,9,00,1",,,,"9,AGL   ,+99999,+99999","01,99,1,00,1,99,9,99999,9,99,9,99,9",,,"99999,9,10109,1","9,9,999,9,-006,1",,,"SYN06443278 32997 11401 10294 20178 30109 40116 80001 333 10322 59006=","Q01    003SCCGA1"
"43278099999","2023-02-22T15:00:00","4","13.0666666","80.2","7.0","NUMGAMBAKKAM, IN","FM-12","99999","V020","999,9,V,0005,1","22000,1,9,N","004000,1,9,9","+0256,1","+0201,1","10133,1",,,,,,"99,9,+99999,9,00,1",,,,"9,AGL   ,+99999,+99999","01,99,1,00,1,99,9,99999,9,99,9,99,9",,,"99999,9,10126,1","9,9,999,9,+005,1",,,"SYN05843278 32996 19901 10256 20201 30126 40133 80001 333 58005=","Q01    003SCCGA1"
"43278099999","2023-02-23T00:00:00","4","13.0666666","80.2","7.0","NUMGAMBAKKAM, IN","FM-12","99999","V020","999,9,V,0005,1","22000,1,9,N","004000,1,9,9","+0220,1","+0198,1","10128,1",,"0,1,02,1","0,1,02,1",,,"99,9,+99999,9,00,1",,,,"9,AGL   ,+99999,+99999","01,99,1,00,1,99,9,99999,9,99,9,99,9",,,"99999,9,10121,1","9,9,999,9,+004,1",,"10,1","SYN06443278 31996 19901 10220 20198 30121 40128 71000 80001 333 58004=","Q01    003SCCGA1"
"43278099999","2023-02-23T03:00:00","4","13.0666666","80.2","7.0","NUMGAMBAKKAM, IN","FM-12","99999","V020","999,9,C,0000,1","22000,1,9,N","010000,1,9,9","+0250,1","+0204,1","10137,1",,,,,,"99,9,+99999,9,00,1",,,,"9,AGL   ,+99999,+99999","01,99,1,00,1,99,9,99999,9,99,9,99,9","240,M,+0322,1","240,N,+0216,1","99999,9,10130,1","9,9,999,9,-003,1",,,"SYN08043278 32997 10000 10250 20204 30130 40137 80001 333 10322 20216 59003 555 10005=","Q01    003SCCGA1"
"43278099999","2023-02-23T09:00:00","4","13.0666666","80.2","7.0","NUMGAMBAKKAM, IN","FM-12","99999","V020","140,1,N,0010,1","22000,1,9,N","010000,1,9,9","+0314,1","+0196,1","10117,1",,,,,,"99,9,+99999,9,00,1",,,,"9,AGL   ,+99999,+99999","01,99,1,00,1,99,9,99999,9,99,9,99,9",,,"99999,9,10110,1","9,9,999,9,-003,1",,,"SYN05843278 32997 11402 10314 20196 30110 40117 80001 333 59003=","Q01    003SCCGA1"
"43278099999","2023-02-23T12:00:00","4","13.0666666","80.2","7.0","NUMGAMBAKKAM, IN","FM-12","99999","V020","110,1,N,0010,1","22000,1,9,N","010000,1,9,9","+0288,1","+0213,1","10114,1",,,,,,"99,9,+99999,9,00,1",,,,"9,AGL   ,+99999,+99999","01,99,1,00,1,99,9,99999,9,99,9,99,9",,,"99999,9,10107,1","9,9,999,9,-002,1",,,"SYN06443278 32997 11102 10288 20213 30107 40114 80001 333 10321 59002=","Q01    003SCCGA1"
"43278099999","2023-02-23T15:00:00","4","13.0666666","80.2","7.0","NUMGAMBAKKAM, IN","FM-12","99999","V020","090,1,N,0010,1","22000,1,9,N","004000,1,9,9","+0260,1","+0208,1","10132,1",,,,,,"99,9,+99999,9,00,1",,,,"9,AGL   ,+99999,+99999","01,99,1,00,1,99,9,99999,9,99,9,99,9",,,"99999,9,10125,1","9,9,999,9,-001,1",,,"SYN05843278 32996 10902 10260 20208 30125 40132 80001 333 59001=","Q01    003SCCGA1"
"43278099999","2023-02-24T00:00:00","4","13.0666666","80.2","7.0","NUMGAMBAKKAM, IN","FM-12","99999","V020","999,9,C,0000,1","22000,1,9,N","004000,1,9,9","+0226,1","+0192,1","10127,1",,"0,1,02,1","0,1,02,1",,,"01,1,+00800,1,06,1","99,9,+99999,9,00,1",,,"9,AGL   ,+99999,+99999","02,99,1,01,1,99,9,00800,1,99,9,99,9",,,"99999,9,10120,1","9,9,999,9,-001,1",,"05,1","SYN06443278 31596 20000 10226 20192 30120 40127 70500 81501 333 59001=",
"43278099999","2023-02-24T03:00:00","4","13.0666666","80.2","7.0","NUMGAMBAKKAM, IN","FM-12","99999","V020","999,9,V,0005,1","22000,1,9,N","004000,1,9,9","+0264,1","+0213,1","10150,1",,,,,,"01,1,+00800,1,08,1","99,9,+99999,9,00,1",,,"9,AGL   ,+99999,+99999","02,99,1,01,1,99,9,00800,1,99,9,99,9","240,M,+0321,1","240,N,+0224,1","99999,9,10143,1","9,9,999,9,+013,1",,,"SYN08043278 32596 29901 10264 20213 30143 40150 81101 333 10321 20224 58013 555 10005=",
"43278099999","2023-02-24T06:00:00","4","13.0666666","80.2","7.0","NUMGAMBAKKAM, IN","FM-12","99999","V020","140,1,N,0015,1","22000,1,9,N","010000,1,9,9","+0310,1","+0196,1","10152,1",,,,,,"02,1,+00800,1,08,1",,,,"9,AGL   ,+99999,+99999","02,99,1,02,1,99,9,00800,1,99,9,99,9",,,"99999,9,10145,1","9,9,999,9,+013,1",,,"SYN05843278 32597 21403 10310 20196 30145 40152 82100 333 58013=",
"43278099999","2023-02-24T09:00:00","4","13.0666666","80.2","7.0","NUMGAMBAKKAM, IN","FM-12","99999","V020","140,1,N,0010,1","22000,1,9,N","010000,1,9,9","+0314,1","+0195,1","10123,1",,,,,,"99,9,+99999,9,00,1",,,,"9,AGL   ,+99999,+99999","01,99,1,00,1,99,9,99999,9,99,9,99,9",,,"99999,9,10116,1","9,9,999,9,+006,1",,,"SYN05843278 32997 11402 10314 20195 30116 40123 80001 333 58006=","Q01    003SCCGA1"
"43278099999","2023-02-24T12:00:00","4","13.0666666","80.2","7.0","NUMGAMBAKKAM, IN","FM-12","99999","V020","110,1,N,0010,1","22000,1,9,N","010000,1,9,9","+0294,1","+0193,1","10118,1",,,,,,"99,9,+99999,9,00,1",,,,"9,AGL   ,+99999,+99999","01,99,1,00,1,99,9,99999,9,99,9,99,9",,,"99999,9,10111,1","9,9,999,9,+004,1",,,"SYN06443278 32997 11102 10294 20193 30111 40118 80001 333 10319 58004=","Q01    003SCCGA1"
"43278099999","2023-02-24T15:00:00","4","13.0666666","80.2","7.0","NUMGAMBAKKAM, IN","FM-12","99999","V020","050,1,N,0005,1","22000,1,9,N","004000,1,9,9","+0254,1","+0195,1","10137,1",,,,,,"99,9,+99999,9,00,1",,,,"9,AGL   ,+99999,+99999","01,99,1,00,1,99,9,99999,9,99,9,99,9",,,"99999,9,10130,1","9,9,999,9,+005,1",,,"SYN05843278 32996 10501 10254 20195 30130 40137 80001 333 58005=","Q01    003SCCGA1"
"43278099999","2023-02-25T00:00:00","4","13.0666666","80.2","7.0","NUMGAMBAKKAM, IN","FM-12","99999","V020","999,9,C,0000,1","22000,1,9,N","004000,1,9,9","+0214,1","+0189,1","10140,1",,"0,1,02,1","0,1,02,1",,,"99,9,+99999,9,00,1",,,,"9,AGL   ,+99999,+99999","01,99,1,00,1,99,9,99999,9,99,9,99,9",,,"99999,9,10133,1","9,9,999,9,+013,1",,"10,1","SYN06443278 31996 10000 10214 20189 30133 40140 71000 80001 333 58013=","Q01    003SCCGA1"
"43278099999","2023-02-25T03:00:00","4","13.0666666","80.2","7.0","NUMGAMBAKKAM, IN","FM-12","99999","V020","999,9,C,0000,1","22000,1,9,N","010000,1,9,9","+0256,1","+0204,1","10163,1",,,,,,"99,9,+99999,9,00,1",,,,"9,AGL   ,+99999,+99999","01,99,1,00,1,99,9,99999,9,99,9,99,9","240,M,+0319,1","240,N,+0210,1","99999,9,10156,1","9,9,999,9,+013,1",,,"SYN08043278 32997 10000 10256 20204 30156 40163 80001 333 10319 20210 58013 555 10005=","Q01    003SCCGA1"
"43278099999","2023-02-25T06:00:00","4","13.0666666","80.2","7.0","NUMGAMBAKKAM, IN","FM-12","99999","V020","140,1,N,0015,1","99999,9,9,N","010000,1,9,9","+0304,1","+0201,1","10158,1",,,,,,,,,,,,,,"99999,9,10151,1","9,9,999,9,+006,1",,,"SYN05243278 32997 01403 10304 20201 30151 40158 333 58006=",
"43278099999","2023-02-25T09:00:00","4","13.0666666","80.2","7.0","NUMGAMBAKKAM, IN","FM-12","99999","V020","090,1,N,0010,1","22000,1,9,N","010000,1,9,9","+0314,1","+0184,1","10134,1",,,,,,"99,9,+99999,9,00,1",,,,"9,AGL   ,+99999,+99999","01,99,1,00,1,99,9,99999,9,99,9,99,9",,,"99999,9,10127,1","9,9,999,9,+011,1",,,"SYN05843278 32997 10902 10314 20184 30127 40134 80001 333 58011=","Q01    003SCCGA1"
"43278099999","2023-02-25T12:00:00","4","13.0666666","80.2","7.0","NUMGAMBAKKAM, IN","FM-12","99999","V020","140,1,N,0010,1","22000,1,9,N","010000,1,9,9","+0284,1","+0192,1","10138,1",,,,,,"99,9,+99999,9,00,1",,,,"9,AGL   ,+99999,+99999","01,99,1,00,1,99,9,99999,9,99,9,99,9",,,"99999,9,10131,1","9,9,999,9,+020,1",,,"SYN06443278 32997 11402 10284 20192 30131 40138 80001 333 10319 58020=","Q01    003SCCGA1"
"43278099999","2023-02-25T15:00:00","4","13.0666666","80.2","7.0","NUMGAMBAKKAM, IN","FM-12","99999","V020","999,9,C,0000,1","22000,1,9,N","004000,1,9,9","+0252,1","+0210,1","10157,1",,,,,,"99,9,+99999,9,00,1",,,,"9,AGL   ,+99999,+99999","01,99,1,00,1,99,9,99999,9,99,9,99,9",,,"99999,9,10150,1","9,9,999,9,+020,1",,,"SYN05843278 32996 10000 10252 20210 30150 40157 80001 333 58020=","Q01    003SCCGA1"
"43278099999","2023-02-26T00:00:00","4","13.0666666","80.2","7.0","NUMGAMBAKKAM, IN","FM-12","99999","V020","999,9,C,0000,1","22000,1,9,N","004000,1,9,9","+0216,1","+0204,1","10148,1",,"0,1,02,1","0,1,02,1",,,"99,9,+99999,9,00,1",,,,"9,AGL   ,+99999,+99999","01,99,1,00,1,99,9,99999,9,99,9,99,9",,,"99999,9,10141,1","9,9,999,9,+008,1",,"10,1","SYN06443278 31996 10000 10216 20204 30141 40148 71000 80001 333 58008=","Q01    003SCCGA1"
"43278099999","2023-02-26T03:00:00","4","13.0666666","80.2","7.0","NUMGAMBAKKAM, IN","FM-12","99999","V020","999,9,C,0000,1","22000,1,9,N","010000,1,9,9","+0248,1","+0205,1","10177,1",,"0,1,02,1","0,1,02,1",,,"99,9,+99999,9,00,1",,,,"9,AGL   ,+99999,+99999","01,99,1,00,1,99,9,99999,9,99,9,99,9","240,M,+0319,1","240,N,+0212,1","99999,9,10170,1","9,9,999,9,+014,1",,"05,1","SYN08643278 31997 10000 10248 20205 30170 40177 70500 80001 333 10319 20212 58014 555 10005=","Q01    003SCCGA1"
"43278099999","2023-02-26T06:00:00","4","13.0666666","80.2","7.0","NUMGAMBAKKAM, IN","FM-12","99999","V020","999,9,C,0000,1","22000,1,9,N","010000,1,9,9","+0300,1","+0178,1","10173,1",,,,,,"99,9,+99999,9,00,1",,,,"9,AGL   ,+99999,+99999","01,99,1,00,1,99,9,99999,9,99,9,99,9",,,"99999,9,10166,1","9,9,999,9,+015,1",,,"SYN05843278 32997 10000 10300 20178 30166 40173 80001 333 58015=","Q01    003SCCGA1"
"43278099999","2023-02-26T09:00:00","4","13.0666666","80.2","7.0","NUMGAMBAKKAM, IN","FM-12","99999","V020","070,1,N,0010,1","22000,1,9,N","010000,1,9,9","+0302,1","+0184,1","10148,1",,,,,,"99,9,+99999,9,00,1",,,,"9,AGL   ,+99999,+99999","01,99,1,00,1,99,9,99999,9,99,9,99,9",,,"99999,9,10141,1","9,9,999,9,+014,1",,,"SYN05843278 32997 10702 10302 20184 30141 40148 80001 333 58014=","Q01    003SCCGA1"
"43278099999","2023-02-26T12:00:00","4","13.0666666","80.2","7.0","NUMGAMBAKKAM, IN","FM-12","99999","V020","090,1,N,0010,1","22000,1,9,N","010000,1,9,9","+0286,1","+0201,1","10146,1",,,,,,"99,9,+99999,9,00,1",,,,"9,AGL   ,+99999,+99999","01,99,1,00,1,99,9,99999,9,99,9,99,9",,,"99999,9,10139,1","9,9,999,9,+008,1",,,"SYN06443278 32997 10902 10286 20201 30139 40146 80001 333 10314 58008=","Q01    003SCCGA1"
"43278099999","2023-02-26T15:00:00","4","13.0666666","80.2","7.0","NUMGAMBAKKAM, IN","FM-12","99999","V020","999,9,V,0010,1","22000,1,9,N","004000,1,9,9","+0260,1","+0205,1","10169,1",,,,,,"99,9,+99999,9,00,1",,,,"9,AGL   ,+99999,+99999","01,99,1,00,1,99,9,99999,9,99,9,99,9",,,"99999,9,10162,1","9,9,999,9,+012,1",,,"SYN05843278 32996 19902 10260 20205 30162 40169 80001 333 58012=","Q01    003SCCGA1"
"43278099999","2023-02-27T00:00:00","4","13.0666666","80.2","7.0","NUMGAMBAKKAM, IN","FM-12","99999","V020","999,9,V,0010,1","22000,1,9,N","004000,1,9,9","+0220,1","+0205,1","10161,1",,"0,1,02,1","0,1,02,1",,,"99,9,+99999,9,00,1",,,,"9,AGL   ,+99999,+99999","01,99,1,00,1,99,9,99999,9,99,9,99,9",,,"99999,9,10154,1","9,9,999,9,+013,1",,"10,1","SYN06443278 31996 19902 10220 20205 30154 40161 71000 80001 333 58013=","Q01    003SCCGA1"
"43278099999","2023-02-27T03:00:00","4","13.0666666","80.2","7.0","NUMGAMBAKKAM, IN","FM-12","99999","V020","999,9,C,0000,1","22000,1,9,N","010000,1,9,9","+0250,1","+0214,1","10173,1",,,,,,"99,9,+99999,9,00,1",,,,"9,AGL   ,+99999,+99999","01,99,1,00,1,99,9,99999,9,99,9,99,9","240,M,+0314,1","240,N,+0216,1","99999,9,10166,1","9,9,999,9,-004,1",,,"SYN08043278 32997 10000 10250 20214 30166 40173 80001 333 10314 20216 59004 555 10005=","Q01    003SCCGA1"
"43278099999","2023-02-27T06:00:00","4","13.0666666","80.2","7.0","NUMGAMBAKKAM, IN","FM-12","99999","V020","050,1,N,0010,1","22000,1,9,N","010000,1,9,9","+0308,1","+0169,1","10173,1",,,,,,"99,9,+99999,9,00,1",,,,"9,AGL   ,+99999,+99999","01,99,1,00,1,99,9,99999,9,99,9,99,9",,,"99999,9,10166,1","9,9,999,9,+000,1",,,"SYN05843278 32997 10502 10308 20169 30166 40173 80001 333 58000=","Q01    003SCCGA1"
"43278099999","2023-02-27T09:00:00","4","13.0666666","80.2","7.0","NUMGAMBAKKAM, IN","FM-12","99999","V020","070,1,N,0015,1","22000,1,9,N","010000,1,9,9","+0334,1","+0151,1","10147,1",,,,,,"99,9,+99999,9,00,1",,,,"9,AGL   ,+99999,+99999","01,99,1,00,1,99,9,99999,9,99,9,99,9",,,"99999,9,10140,1","9,9,999,9,-001,1",,,"SYN05843278 32997 10703 10334 20151 30140 40147 80001 333 59001=","Q01    003SCCGA1"
"43278099999","2023-02-27T12:00:00","4","13.0666666","80.2","7.0","NUMGAMBAKKAM, IN","FM-12","99999","V020","050,1,N,0021,1","22000,1,9,N","010000,1,9,9","+0290,1","+0202,1","10143,1",,,,,,"99,9,+99999,9,00,1",,,,"9,AGL   ,+99999,+99999","01,99,1,00,1,99,9,99999,9,99,9,99,9",,,"99999,9,10136,1","9,9,999,9,-003,1",,,"SYN06443278 32997 10504 10290 20202 30136 40143 80001 333 10341 59003=","Q01    003SCCGA1"
"43278099999","2023-02-27T15:00:00","4","13.0666666","80.2","7.0","NUMGAMBAKKAM, IN","FM-12","99999","V020","050,1,N,0010,1","22000,1,9,N","004000,1,9,9","+0266,1","+0209,1","10157,1",,,,,,"99,9,+99999,9,00,1",,,,"9,AGL   ,+99999,+99999","01,99,1,00,1,99,9,99999,9,99,9,99,9",,,"99999,9,10150,1","9,9,999,9,-012,1",,,"SYN05843278 32996 10502 10266 20209 30150 40157 80001 333 59012=","Q01    003SCCGA1"
"43278099999","2023-02-28T00:00:00","4","13.0666666","80.2","7.0","NUMGAMBAKKAM, IN","FM-12","99999","V020","999,9,C,0000,1","22000,1,9,N","004000,1,9,9","+0230,1","+0196,1","10155,1",,"0,1,02,1","0,1,02,1",,,"99,9,+99999,9,00,1",,,,"9,AGL   ,+99999,+99999","01,99,1,00,1,99,9,99999,9,99,9,99,9",,,"99999,9,10148,1","9,9,999,9,-006,1",,"05,1","SYN06443278 31996 10000 10230 20196 30148 40155 70500 80001 333 59006=","Q01    003SCCGA1"
"43278099999","2023-02-28T03:00:00","4","13.0666666","80.2","7.0","NUMGAMBAKKAM, IN","FM-12","99999","V020","320,1,N,0015,1","22000,1,9,N","010000,1,9,9","+0258,1","+0222,1","10171,1",,,,,,"03,1,+00800,1,06,1","99,9,+99999,9,00,1",,,"9,AGL   ,+99999,+99999","04,99,1,03,1,99,9,00800,1,99,9,99,9","240,M,+0341,1","240,N,+0229,1","99999,9,10164,1","9,9,999,9,-002,1",,,"SYN08043278 32597 43203 10258 20222 30164 40171 83501 333 10341 20229 59002 555 10005=",
"43278099999","2023-02-28T06:00:00","4","13.0666666","80.2","7.0","NUMGAMBAKKAM, IN","FM-12","99999","V020","050,1,N,0026,1","22000,1,9,N","010000,1,9,9","+0304,1","+0218,1","10171,1",,,,,,"03,1,+00800,1,06,1","99,9,+99999,9,00,1",,,"9,AGL   ,+99999,+99999","04,99,1,03,1,99,9,00800,1,99,9,99,9",,,"99999,9,10164,1","9,9,999,9,-002,1",,,"SYN05843278 32597 40505 10304 20218 30164 40171 83501 333 59002=",
"43278099999","2023-02-28T09:00:00","4","13.0666666","80.2","7.0","NUMGAMBAKKAM, IN","FM-12","99999","V020","070,1,N,0021,1","22000,1,9,N","010000,1,9,9","+0316,1","+0232,1","10152,1",,,,,,"02,1,+00800,1,06,1","99,9,+99999,9,03,1",,,"9,AGL   ,+99999,+99999","03,99,1,02,1,99,9,00800,1,99,9,99,9",,,"99999,9,10145,1","9,9,999,9,+005,1",,,"SYN05843278 32597 30704 10316 20232 30145 40152 82530 333 58005=",
"43278099999","2023-02-28T12:00:00","4","13.0666666","80.2","7.0","NUMGAMBAKKAM, IN","FM-12","99999","V020","070,1,N,0015,1","22000,1,9,N","010000,1,9,9","+0292,1","+0234,1","10146,1",,,,,,"02,1,+00800,1,06,1","99,9,+99999,9,03,1",,,"9,AGL   ,+99999,+99999","03,99,1,02,1,99,9,00800,1,99,9,99,9",,,"99999,9,10139,1","9,9,999,9,+003,1",,,"SYN06443278 32597 30703 10292 20234 30139 40146 82530 333 10320 58003=",
"43278099999","2023-02-28T15:00:00","4","13.0666666","80.2","7.0","NUMGAMBAKKAM, IN","FM-12","99999","V020","050,1,N,0010,1","22000,1,9,N","004000,1,9,9","+0276,1","+0235,1","10159,1",,,,,,"02,1,+99999,9,06,1","99,9,+99999,9,00,1",,,"9,AGL   ,+99999,+99999","03,99,1,02,1,99,9,99999,9,99,9,99,9",,,"99999,9,10152,1","9,9,999,9,+002,1",,,"SYN05843278 32996 30502 10276 20235 30152 40159 82501 333 58002=",
"43278099999","2023-03-01T00:00:00","4","13.0666666","80.2","7.0","NUMGAMBAKKAM, IN","FM-12","99999","V020","050,1,N,0010,1","22000,1,9,N","004000,1,9,9","+0256,1","+0220,1","10149,1",,,,,,"02,1,+00800,1,06,1","99,9,+99999,9,00,1",,,"9,AGL   ,+99999,+99999","03,99,1,02,1,99,9,00800,1,99,9,99,9",,,"99999,9,10142,1","9,9,999,9,-006,1",,,"SYN05843278 32596 30502 10256 20220 30142 40149 82501 333 59006=",
"43278099999","2023-03-01T03:00:00","4","13.0666666","80.2","7.0","NUMGAMBAKKAM, IN","FM-12","99999","V020","050,1,N,0021,1","22000,1,9,N","010000,1,9,9","+0280,1","+0221,1","10174,1",,,,,,"03,1,+00800,1,06,1",,,,"9,AGL   ,+99999,+99999","03,99,1,03,1,99,9,00800,1,99,9,99,9","240,M,+0320,1","240,N,+0250,1","99999,9,10167,1","9,9,999,9,+003,1",,,"SYN08043278 32597 30504 10280 20221 30167 40174 83500 333 10320 20250 58003 555 10000=",
"43278099999","2023-03-01T06:00:00","4","13.0666666","80.2","7.0","NUMGAMBAKKAM, IN","FM-12","99999","V020","110,1,N,0021,1","22000,1,9,N","010000,1,9,9","+0306,1","+0224,1","10177,1",,,,,,"04,1,+00800,1,06,1",,,,"9,AGL   ,+99999,+99999","04,99,1,04,1,99,9,00800,1,99,9,99,9",,,"99999,9,10170,1","9,9,999,9,+006,1",,,"SYN05843278 32597 41104 10306 20224 30170 40177 84500 333 58006=",
"43278099999","2023-03-01T09:00:00","4","13.0666666","80.2","7.0","NUMGAMBAKKAM, IN","FM-12","99999","V020","070,1,N,0010,1","22000,1,9,N","010000,1,9,9","+0312,1","+0218,1","10150,1",,,,,,"02,1,+00800,1,06,1","99,9,+99999,9,03,1","99,9,+99999,9,00,1",,"9,AGL   ,+99999,+99999","04,99,1,02,1,99,9,00800,1,99,9,99,9",,,"99999,9,10143,1","9,9,999,9,-002,1",,,"SYN05843278 32597 40702 10312 20218 30143 40150 82531 333 59002=",
"43278099999","2023-03-01T12:00:00","4","13.0666666","80.2","7.0","NUMGAMBAKKAM, IN","FM-12","99999","V020","050,1,N,0010,1","22000,1,9,N","010000,1,9,9","+0286,1","+0218,1","10149,1",,,,,,"01,1,+00800,1,06,1","99,9,+99999,9,00,1",,,"9,AGL   ,+99999,+99999","02,99,1,01,1,99,9,00800,1,99,9,99,9",,,"99999,9,10142,1","9,9,999,9,+003,1",,,"SYN06443278 32597 20502 10286 20218 30142 40149 81501 333 10320 58003=",
"43278099999","2023-03-01T15:00:00","4","13.0666666","80.2","7.0","NUMGAMBAKKAM, IN","FM-12","99999","V020","050,1,N,0015,1","22000,1,9,N","004000,1,9,9","+0270,1","+0216,1","10160,1",,,,,,"02,1,+00800,1,06,1","99,9,+99999,9,00,1",,,"9,AGL   ,+99999,+99999","03,99,1,02,1,99,9,00800,1,99,9,99,9",,,"99999,9,10153,1","9,9,999,9,+001,1",,,"SYN05843278 32596 30503 10270 20216 30153 40160 82501 333 58001=",
"43278099999","2023-03-02T00:00:00","4","13.0666666","80.2","7.0","NUMGAMBAKKAM, IN","FM-12","99999","V020","999,9,C,0000,1","22000,1,9,N","004000,1,9,9","+0220,1","+0201,1","10153,1",,"0,1,02,1","0,1,02,1",,,"01,1,+00800,1,06,1","99,9,+99999,9,00,1",,,"9,AGL   ,+99999,+99999","02,99,1,01,1,99,9,00800,1,99,9,99,9",,,"99999,9,10146,1","9,9,999,9,+004,1",,"10,1","SYN06443278 31596 20000 10220 20201 30146 40153 71000 81501 333 58004=",
"43278099999","2023-03-02T03:00:00","4","13.0666666","80.2","7.0","NUMGAMBAKKAM, IN","FM-12","99999","V020","999,9,C,0000,1","22000,1,9,N","010000,1,9,9","+0252,1","+0222,1","10181,1",,"0,1,02,1","0,1,02,1",,,"99,9,+99999,9,00,1",,,,"9,AGL   ,+99999,+99999","01,99,1,00,1,99,9,99999,9,99,9,99,9","240,M,+0320,1","240,N,+0220,1","99999,9,10174,1","9,9,999,9,+007,1",,"05,1","SYN08643278 31997 10000 10252 20222 30174 40181 70500 80001 333 10320 20220 58007 555 10000=","Q01    003SCCGA1"
"43278099999","2023-03-02T06:00:00","4","13.0666666","80.2","7.0","NUMGAMBAKKAM, IN","FM-12","99999","V020","050,1,N,0010,1","22000,1,9,N","010000,1,9,9","+0308,1","+0188,1","10182,1",,,,,,"99,9,+99999,9,00,1",,,,"9,AGL   ,+99999,+99999","01,99,1,00,1,99,9,99999,9,99,9,99,9",,,"99999,9,10175,1","9,9,999,9,+005,1",,,"SYN05843278 32997 10502 10308 20188 30175 40182 80001 333 58005=","Q01    003SCCGA1"
"43278099999","2023-03-02T09:00:00","4","13.0666666","80.2","7.0","NUMGAMBAKKAM, IN","FM-12","99999","V020","140,1,N,0010,1","22000,1,9,N","010000,1,9,9","+0320,1","+0144,1","10153,1",,,,,,"99,9,+99999,9,00,1",,,,"9,AGL   ,+99999,+99999","01,99,1,00,1,99,9,99999,9,99,9,99,9",,,"99999,9,10146,1","9,9,999,9,+003,1",,,"SYN05843278 32997 11402 10320 20144 30146 40153 80001 333 58003=","Q01    003SCCGA1"
"43278099999","2023-03-02T12:00:00","4","13.0666666","80.2","7.0","NUMGAMBAKKAM, IN","FM-12","99999","V020","050,1,N,0010,1","22000,1,9,N","010000,1,9,9","+0298,1","+0156,1","10146,1",,,,,,"99,9,+99999,9,00,1",,,,"9,AGL   ,+99999,+99999","01,99,1,00,1,99,9,99999,9,99,9,99,9",,,"99999,9,10139,1","9,9,999,9,-003,1",,,"SYN06443278 32997 10502 10298 20156 30139 40146 80001 333 10326 59003=","Q01    003SCCGA1"
"43278099999","2023-03-02T15:00:00","4","13.0666666","80.2","7.0","NUMGAMBAKKAM, IN","FM-12","99999","V020","020,1,N,0021,1","22000,1,9,N","004000,1,9,9","+0267,1","+0201,1","10167,1",,,,,,"99,9,+99999,9,00,1",,,,"9,AGL   ,+99999,+99999","01,99,1,00,1,99,9,99999,9,99,9,99,9",,,"99999,9,10160,1","9,9,999,9,+007,1",,,"SYN05843278 32996 10204 10267 20201 30160 40167 80001 333 58007=","Q01    003SCCGA1"
"43278099999","2023-03-03T09:00:00","4","13.0666666","80.2","7.0","NUMGAMBAKKAM, IN","FM-12","99999","V020","050,1,N,0026,1","22000,1,9,N","010000,1,9,9","+0310,1","+0219,1","10156,1",,,,,,"02,1,+00800,1,06,1","99,9,+99999,9,00,1",,,"9,AGL   ,+99999,+99999","03,99,1,02,1,99,9,00800,1,99,9,99,9",,,"99999,9,10149,1","9,9,999,9,+003,1",,,"SYN05843278 32597 30505 10310 20219 30149 40156 82501 333 58003=",
"43278099999","2023-03-03T15:00:00","4","13.0666666","80.2","7.0","NUMGAMBAKKAM, IN","FM-12","99999","V020","999,9,C,0000,1","22000,1,9,N","004000,1,9,9","+0264,1","+0186,1","10171,1",,,,,,"99,9,+99999,9,00,1",,,,"9,AGL   ,+99999,+99999","01,99,1,00,1,99,9,99999,9,99,9,99,9",,,"99999,9,10164,1","9,9,999,9,+004,1",,,"SYN05843278 32996 10000 10264 20186 30164 40171 80001 333 58004=","Q01    003SCCGA1"
"43278099999","2023-03-04T00:00:00","4","13.0666666","80.2","7.0","NUMGAMBAKKAM, IN","FM-12","99999","V020","090,1,N,0010,1","22000,1,9,N","004000,1,9,9","+0232,1","+0201,1","10161,1",,,,,,"02,1,+00800,1,06,1","99,9,+99999,9,03,1","99,9,+99999,9,00,1",,"9,AGL   ,+99999,+99999","04,99,1,02,1,99,9,00800,1,99,9,99,9",,,"99999,9,10154,1","9,9,999,9,+000,1",,,"SYN05843278 32596 40902 10232 20201 30154 40161 82571 333 58000=",
"43278099999","2023-03-04T03:00:00","4","13.0666666","80.2","7.0","NUMGAMBAKKAM, IN","FM-12","99999","V020","999,9,C,0000,1","22000,1,9,N","010000,1,9,9","+0260,1","+0221,1","10179,1",,,,,,"99,9,+99999,9,00,1",,,,"9,AGL   ,+99999,+99999","01,99,1,00,1,99,9,99999,9,99,9,99,9","240,M,+0320,1","240,N,+0230,1","99999,9,10172,1","9,9,999,9,+002,1",,,"SYN08043278 32997 10000 10260 20221 30172 40179 80001 333 10320 20230 58002 555 10000=","Q01    003SCCGA1"
"43278099999","2023-03-04T06:00:00","4","13.0666666","80.2","7.0","NUMGAMBAKKAM, IN","FM-12","99999","V020","140,1,N,0010,1","22000,1,9,N","010000,1,9,9","+0318,1","+0208,1","10176,1",,,,,,"99,9,+99999,9,00,1",,,,"9,AGL   ,+99999,+99999","01,99,1,00,1,99,9,99999,9,99,9,99,9",,,"99999,9,10169,1","9,9,999,9,+000,1",,,"SYN05843278 32997 11402 10318 20208 30169 40176 80001 333 58000=","Q01    003SCCGA1"
"43278099999","2023-03-04T09:00:00","4","13.0666666","80.2","7.0","NUMGAMBAKKAM, IN","FM-12","99999","V020","070,1,N,0021,1","99999,9,9,N","010000,1,9,9","+0320,1","+0206,1","10151,1",,,,,,,,,,,,,,"99999,9,10144,1","9,9,999,9,-005,1",,,"SYN05243278 32997 00704 10320 20206 30144 40151 333 59005=",
"43278099999","2023-03-04T12:00:00","4","13.0666666","80.2","7.0","NUMGAMBAKKAM, IN","FM-12","99999","V020","050,1,N,0021,1","99999,9,9,N","010000,1,9,9","+0292,1","+0215,1","10149,1",,,,,,,,,,,,,,"99999,9,10142,1","9,9,999,9,+002,1",,,"SYN05843278 32997 00504 10292 20215 30142 40149 333 10327 58002=",
"43278099999","2023-03-04T15:00:00","4","13.0666666","80.2","7.0","NUMGAMBAKKAM, IN","FM-12","99999","V020","050,1,N,0010,1","22000,1,9,N","004000,1,9,9","+0264,1","+0222,1","10163,1",,,,,,"99,9,+99999,9,00,1",,,,"9,AGL   ,+99999,+99999","01,99,1,00,1,99,9,99999,9,99,9,99,9",,,"99999,9,10156,1","9,9,999,9,-008,1",,,"SYN05843278 32996 10502 10264 20222 30156 40163 80001 333 59008=","Q01    003SCCGA1"
"43278099999","2023-03-05T00:00:00","4","13.0666666","80.2","7.0","NUMGAMBAKKAM, IN","FM-12","99999","V020","999,9,C,0000,1","22000,1,9,N","004000,1,9,9","+0238,1","+0211,1","10156,1",,"0,1,02,1","0,1,02,1",,,"99,9,+99999,9,00,1",,,,"9,AGL   ,+99999,+99999","01,99,1,00,1,99,9,99999,9,99,9,99,9",,,"99999,9,10149,1","9,9,999,9,-005,1",,"10,1","SYN06443278 31996 10000 10238 20211 30149 40156 71000 80001 333 59005=","Q01    003SCCGA1"
"43278099999","2023-03-05T03:00:00","4","13.0666666","80.2","7.0","NUMGAMBAKKAM, IN","FM-12","99999","V020","340,1,N,0015,1","22000,1,9,N","004000,1,9,9","+0262,1","+0236,1","10179,1",,"0,1,02,1","0,1,02,1",,,"01,1,+00800,1,06,1","99,9,+99999,9,00,1",,,"9,AGL   ,+99999,+99999","03,99,1,01,1,99,9,00800,1,99,9,99,9","240,M,+0327,1","240,N,+0233,1","99999,9,10172,1","9,9,999,9,+000,1",,"10,1","SYN08643278 31596 33403 10262 20236 30172 40179 71000 81501 333 10327 20233 58000 555 10000=",
"43278099999","2023-03-05T06:00:00","4","13.0666666","80.2","7.0","NUMGAMBAKKAM, IN","FM-12","99999","V020","070,1,N,0021,1","22000,1,9,N","010000,1,9,9","+0314,1","+0227,1","10176,1",,,,,,"99,9,+99999,9,00,1",,,,"9,AGL   ,+99999,+99999","03,99,1,00,1,99,9,99999,9,99,9,99,9",,,"99999,9,10169,1","9,9,999,9,+000,1",,,"SYN05843278 32997 30704 10314 20227 30169 40176 80001 333 58000=","Q01    003SCCGA1"
"43278099999","2023-03-05T09:00:00","4","13.0666666","80.2","7.0","NUMGAMBAKKAM, IN","FM-12","99999","V020","050,1,N,0015,1","22000,1,9,N","010000,1,9,9","+0322,1","+0212,1","10146,1",,,,,,"99,9,+99999,9,00,1",,,,"9,AGL   ,+99999,+99999","02,99,1,00,1,99,9,99999,9,99,9,99,9",,,"99999,9,10139,1","9,9,999,9,-005,1",,,"SYN05843278 32997 20503 10322 20212 30139 40146 80001 333 59005=","Q01    003SCCGA1"
"43278099999","2023-03-05T12:00:00","4","13.0666666","80.2","7.0","NUMGAMBAKKAM, IN","FM-12","99999","V020","050,1,N,0010,1","22000,1,9,N","010000,1,9,9","+0298,1","+0215,1","10138,1",,,,,,"99,9,+99999,9,00,1",,,,"9,AGL   ,+99999,+99999","01,99,1,00,1,99,9,99999,9,99,9,99,9",,,"99999,9,10131,1","9,9,999,9,-011,1",,,"SYN06443278 32997 10502 10298 20215 30131 40138 80001 333 10324 59011=","Q01    003SCCGA1"
"43278099999","2023-03-05T15:00:00","4","13.0666666","80.2","7.0","NUMGAMBAKKAM, IN","FM-12","99999","V020","050,1,N,0010,1","22000,1,9,N","004000,1,9,9","+0268,1","+0227,1","10153,1",,,,,,"99,9,+99999,9,00,1",,,,"9,AGL   ,+99999,+99999","01,99,1,00,1,99,9,99999,9,99,9,99,9",,,"99999,9,10146,1","9,9,999,9,-010,1",,,"SYN05843278 32996 10502 10268 20227 30146 40153 80001 333 59010=","Q01    003SCCGA1"
"43278099999","2023-03-06T00:00:00","4","13.0666666","80.2","7.0","NUMGAMBAKKAM, IN","FM-12","99999","V020","999,9,C,0000,1","22000,1,9,N","004000,1,9,9","+0232,1","+0220,1","10145,1",,"0,1,02,1","0,1,02,1",,,"02,1,+00800,1,06,1","99,9,+99999,9,00,1",,,"9,AGL   ,+99999,+99999","04,99,1,02,1,99,9,00800,1,99,9,99,9",,,"99999,9,10138,1","9,9,999,9,-011,1",,"10,1","SYN06443278 31596 40000 10232 20220 30138 40145 71000 82501 333 59011=",
"43278099999","2023-03-06T03:00:00","4","13.0666666","80.2","7.0","NUMGAMBAKKAM, IN","FM-12","99999","V020","340,1,N,0010,1","22000,1,9,N","010000,1,9,9","+0256,1","+0236,1","10158,1",,"0,1,02,1","0,1,02,1",,,"02,1,+00800,1,06,1","99,9,+99999,9,00,1",,,"9,AGL   ,+99999,+99999","03,99,1,02,1,99,9,00800,1,99,9,99,9","240,M,+0324,1","240,N,+0231,1","99999,9,10151,1","9,9,999,9,-021,1",,"10,1","SYN08643278 31597 33402 10256 20236 30151 40158 71000 82501 333 10324 20231 59021 555 10000=",
"43278099999","2023-03-06T06:00:00","4","13.0666666","80.2","7.0","NUMGAMBAKKAM, IN","FM-12","99999","V020","090,1,N,0021,1","22000,1,9,N","010000,1,9,9","+0314,1","+0213,1","10157,1",,,,,,"02,1,+00800,1,06,1",,,,"9,AGL   ,+99999,+99999","02,99,1,02,1,99,9,00800,1,99,9,99,9",,,"99999,9,10150,1","9,9,999,9,-019,1",,,"SYN05843278 32597 20904 10314 20213 30150 40157 82500 333 59019=",
"43278099999","2023-03-06T09:00:00","4","13.0666666","80.2","7.0","NUMGAMBAKKAM, IN","FM-12","99999","V020","050,1,N,0015,1","22000,1,9,N","010000,1,9,9","+0308,1","+0202,1","10136,1",,,,,,"01,1,+00800,1,06,1","99,9,+99999,9,00,1",,,"9,AGL   ,+99999,+99999","02,99,1,01,1,99,9,00800,1,99,9,99,9",,,"99999,9,10129,1","9,9,999,9,-010,1",,,"SYN05843278 32597 20503 10308 20202 30129 40136 81501 333 59010=",
"43278099999","2023-03-07T00:00:00","4","13.0666666","80.2","7.0","NUMGAMBAKKAM, IN","FM-12","99999","V020","999,9,C,0000,1","22000,1,9,N","004000,1,9,9","+0234,1","+0210,1","10136,1",,,,,,"01,1,+00800,1,06,1","99,9,+99999,9,03,1","99,9,+99999,9,00,1",,"9,AGL   ,+99999,+99999","03,99,1,01,1,99,9,00800,1,99,9,99,9",,,"99999,9,10129,1","9,9,999,9,-009,1",,,"SYN05843278 32596 30000 10234 20210 30129 40136 81531 333 59009=",
"43278099999","2023-03-07T03:00:00","4","13.0666666","80.2","7.0","NUMGAMBAKKAM, IN","FM-12","99999","V020","999,9,C,0000,1","22000,1,9,N","004000,1,9,9","+0254,1","+0221,1","10149,1",,"0,1,02,1","0,1,02,1",,,"02,1,+00800,1,06,1","99,9,+99999,9,00,1",,,"9,AGL   ,+99999,+99999","04,99,1,02,1,99,9,00800,1,99,9,99,9","240,M,+0321,1","240,N,+0227,1","99999,9,10142,1","9,9,999,9,-009,1",,"10,1","SYN08643278 31596 40000 10254 20221 30142 40149 71000 82501 333 10321 20227 59009 555 10000=",
"43278099999","2023-03-07T06:00:00","4","13.0666666","80.2","7.0","NUMGAMBAKKAM, IN","FM-12","99999","V020","999,9,C,0000,1","22000,1,9,N","010000,1,9,9","+0306,1","+0200,1","10157,1",,,,,,"02,1,+00800,1,06,1","99,9,+99999,9,00,1",,,"9,AGL   ,+99999,+99999","03,99,1,02,1,99,9,00800,1,99,9,99,9",,,"99999,9,10150,1","9,9,999,9,+000,1",,,"SYN05843278 32597 30000 10306 20200 30150 40157 82501 333 58000=",
"43278099999","2023-03-07T09:00:00","4","13.0666666","80.2","7.0","NUMGAMBAKKAM, IN","FM-12","99999","V020","050,1,N,0015,1","22000,1,9,N","010000,1,9,9","+0314,1","+0203,1","10131,1",,,,,,"99,9,+99999,9,00,1",,,,"9,AGL   ,+99999,+99999","01,99,1,00,1,99,9,99999,9,99,9,99,9",,,"99999,9,10124,1","9,9,999,9,-005,1",,,"SYN05843278 32997 10503 10314 20203 30124 40131 80001 333 59005=","Q01    003SCCGA1"
"43278099999","2023-03-07T12:00:00","4","13.0666666","80.2","7.0","NUMGAMBAKKAM, IN","FM-12","99999","V020","050,1,N,0010,1","99999,9,9,N","010000,1,9,9","+0294,1","+0207,1","10129,1",,,,,,"01,1,+00800,1,06,1","99,9,+99999,9,03,1","99,9,+99999,9,00,1",,"9,AGL   ,+99999,+99999","05,99,1,01,1,99,9,00800,1,99,9,99,9",,,"99999,9,10122,1","9,9,999,9,+001,1",,,"SYN06443278 32597 50502 10294 20207 30122 40129 81531 333 10321 58001=",
"43278099999","2023-03-07T15:00:00","4","13.0666666","80.2","7.0","NUMGAMBAKKAM, IN","FM-12","99999","V020","050,1,N,0010,1","22000,1,9,N","004000,1,9,9","+0268,1","+0211,1","10146,1",,,,,,"99,9,+99999,9,00,1",,,,"9,AGL   ,+99999,+99999","01,99,1,00,1,99,9,99999,9,99,9,99,9",,,"99999,9,10139,1","9,9,999,9,+003,1",,,"SYN05843278 32996 10502 10268 20211 30139 40146 80001 333 58003=","Q01    003SCCGA1"
"43278099999","2023-03-07T18:00:00","4","13.0666666","80.2","7.0","NUMGAMBAKKAM, IN","FM-12","99999","V020","050,1,N,0010,1","22000,1,9,N","004000,1,9,9","+0268,1","+0211,1","10146,1",,,,,,"99,9,+99999,9,00,1",,,,"9,AGL   ,+99999,+99999","01,99,1,00,1,99,9,99999,9,99,9,99,9",,,"99999,9,10139,1","9,9,999,9,+003,1",,,"SYN05843278 32996 10502 10268 20211 30139 40146 80001 333 58003=","Q01    003SCCGA1"
"43278099999","2023-03-08T00:00:00","4","13.0666666","80.2","7.0","NUMGAMBAKKAM, IN","FM-12","99999","V020","999,9,C,0000,1","22000,1,9,N","004000,1,9,9","+0244,1","+0217,1","10140,1",,,,,,"99,9,+99999,9,00,1",,,,"9,AGL   ,+99999,+99999","02,99,1,00,1,99,9,99999,9,99,9,99,9",,,"99999,9,10133,1","9,9,999,9,+004,1",,,"SYN05843278 32996 20000 10244 20217 30133 40140 80001 333 58004=","Q01    003SCCGA1"
"43278099999","2023-03-08T03:00:00","4","13.0666666","80.2","7.0","NUMGAMBAKKAM, IN","FM-12","99999","V020","999,9,C,0000,1","99999,9,9,N","004000,1,9,9","+0280,1","+0221,1","10155,1",,,,,,"04,1,+01250,1,05,1","99,9,+99999,9,02,1",,,"9,AGL   ,+99999,+99999","06,99,1,04,1,99,9,01250,1,99,9,99,9","240,M,+0321,1","240,N,+0238,1","99999,9,10148,1","9,9,999,9,+006,1",,,"SYN08043278 32696 60000 10280 20221 30148 40155 84027 333 10321 20238 58006 555 10000=",
"43278099999","2023-03-08T06:00:00","4","13.0666666","80.2","7.0","NUMGAMBAKKAM, IN","FM-12","99999","V020","090,1,N,0015,1","22000,1,9,N","010000,1,9,9","+0306,1","+0189,1","10153,1",,,,,,"99,9,+99999,9,00,1",,,,"9,AGL   ,+99999,+99999","01,99,1,00,1,99,9,99999,9,99,9,99,9",,,"99999,9,10146,1","9,9,999,9,-004,1",,,"SYN05843278 32997 10903 10306 20189 30146 40153 80001 333 59004=","Q01    003SCCGA1"
"43278099999","2023-03-08T09:00:00","4","13.0666666","80.2","7.0","NUMGAMBAKKAM, IN","FM-12","99999","V020","140,1,N,0015,1","22000,1,9,N","010000,1,9,9","+0320,1","+0196,1","10133,1",,,,,,"01,1,+00800,1,06,1","99,9,+99999,9,00,1",,,"9,AGL   ,+99999,+99999","02,99,1,01,1,99,9,00800,1,99,9,99,9",,,"99999,9,10126,1","9,9,999,9,+002,1",,,"SYN05843278 32597 21403 10320 20196 30126 40133 81501 333 58002=",
"43278099999","2023-03-08T12:00:00","4","13.0666666","80.2","7.0","NUMGAMBAKKAM, IN","FM-12","99999","V020","050,1,N,0026,1","22000,1,9,N","010000,1,9,9","+0290,1","+0212,1","10129,1",,,,,,"01,1,+00800,1,06,1","99,9,+99999,9,03,1","99,9,+99999,9,01,1",,"9,AGL   ,+99999,+99999","04,99,1,01,1,99,9,00800,1,99,9,99,9",,,"99999,9,10122,1","9,9,999,9,+000,1",,,"SYN06443278 32597 40505 10290 20212 30122 40129 81539 333 10325 58000=",
"43278099999","2023-03-08T15:00:00","4","13.0666666","80.2","7.0","NUMGAMBAKKAM, IN","FM-12","99999","V020","050,1,N,0010,1","22000,1,9,N","004000,1,9,9","+0268,1","+0214,1","10138,1",,,,,,"99,9,+99999,9,00,1",,,,"9,AGL   ,+99999,+99999","02,99,1,00,1,99,9,99999,9,99,9,99,9",,,"99999,9,10131,1","9,9,999,9,-008,1",,,"SYN05843278 32996 20502 10268 20214 30131 40138 80001 333 59008=","Q01    003SCCGA1"
"43278099999","2023-03-09T00:00:00","4","13.0666666","80.2","7.0","NUMGAMBAKKAM, IN","FM-12","99999","V020","999,9,C,0000,1","22000,1,9,N","004000,1,9,9","+0240,1","+0216,1","10123,1",,,,,,"02,1,+00800,1,06,1","99,9,+99999,9,00,1",,,"9,AGL   ,+99999,+99999","03,99,1,02,1,99,9,00800,1,99,9,99,9",,,"99999,9,10116,1","9,9,999,9,-017,1",,,"SYN05843278 32596 30000 10240 20216 30116 40123 82501 333 59017=",
"43278099999","2023-03-09T03:00:00","4","13.0666666","80.2","7.0","NUMGAMBAKKAM, IN","FM-12","99999","V020","360,1,N,0021,1","99999,9,9,N","004000,1,9,9","+0268,1","+0233,1","10149,1",,"2,1,02,1","2,1,02,1",,,"03,1,+00800,1,06,1","99,9,+99999,9,03,1","99,9,+99999,9,00,1",,"9,AGL   ,+99999,+99999","07,99,1,03,1,99,9,00800,1,99,9,99,9","240,M,+0325,1","240,N,+0235,1","99999,9,10142,1","9,9,999,9,-006,1",,"10,1","SYN08643278 31596 73604 10268 20233 30142 40149 71022 83532 333 10325 20235 59006 555 10000=",
"43278099999","2023-03-09T06:00:00","4","13.0666666","80.2","7.0","NUMGAMBAKKAM, IN","FM-12","99999","V020","050,1,N,0021,1","99999,9,9,N","010000,1,9,9","+0298,1","+0218,1","10149,1",,,,,,"04,1,+00800,1,06,1","99,9,+99999,9,04,1",,,"9,AGL   ,+99999,+99999","05,99,1,04,1,99,9,00800,1,99,9,99,9",,,"99999,9,10142,1","9,9,999,9,-004,1",,,"SYN05843278 32597 50504 10298 20218 30142 40149 84410 333 59004=",
"43278099999","2023-03-09T09:00:00","4","13.0666666","80.2","7.0","NUMGAMBAKKAM, IN","FM-12","99999","V020","140,1,N,0010,1","22000,1,9,N","010000,1,9,9","+0314,1","+0217,1","10130,1",,,,,,"01,1,+00800,1,06,1","99,9,+99999,9,00,1",,,"9,AGL   ,+99999,+99999","03,99,1,01,1,99,9,00800,1,99,9,99,9",,,"99999,9,10123,1","9,9,999,9,-003,1",,,"SYN05843278 32597 31402 10314 20217 30123 40130 81501 333 59003=",
"43278099999","2023-03-09T12:00:00","4","13.0666666","80.2","7.0","NUMGAMBAKKAM, IN","FM-12","99999","V020","050,1,N,0010,1","99999,9,9,N","010000,1,9,9","+0288,1","+0220,1","10126,1",,,,,,"01,1,+00800,1,06,1","99,9,+99999,9,00,1",,,"9,AGL   ,+99999,+99999","05,99,1,01,1,99,9,00800,1,99,9,99,9","240,M,+0316,1",,"99999,9,10119,1","9,9,999,9,-003,1",,,"SYN06443278 32597 50502 10288 20220 30119 40126 81502 333 10316 59003=",
"43278099999","2023-03-09T15:00:00","4","13.0666666","80.2","7.0","NUMGAMBAKKAM, IN","FM-12","99999","V020","050,1,N,0026,1","22000,1,9,N","004000,1,9,9","+0272,1","+0222,1","10133,1",,,,,,"01,1,+00800,1,06,1","99,9,+99999,9,03,1","99,9,+99999,9,00,1",,"9,AGL   ,+99999,+99999","04,99,1,01,1,99,9,00800,1,99,9,99,9",,,"99999,9,10126,1","9,9,999,9,-005,1",,,"SYN05843278 32596 40505 10272 20222 30126 40133 81531 333 59005=",
"43278099999","2023-03-10T00:00:00","4","13.0666666","80.2","7.0","NUMGAMBAKKAM, IN","FM-12","99999","V020","999,9,C,0000,1","22000,1,9,N","004000,1,9,9","+0240,1","+0222,1","10124,1",,,,,,"01,1,+00800,1,06,1","99,9,+99999,9,03,1","99,9,+99999,9,00,1",,"9,AGL   ,+99999,+99999","04,99,1,01,1,99,9,00800,1,99,9,99,9",,,"99999,9,10117,1","9,9,999,9,+001,1",,,"SYN05843278 32596 40000 10240 20222 30117 40124 81531 333 58001=",
"43278099999","2023-03-10T03:00:00","4","13.0666666","80.2","7.0","NUMGAMBAKKAM, IN","FM-12","99999","V020","999,9,C,0000,1","22000,1,9,N","004000,1,9,9","+0264,1","+0229,1","10145,1",,"2,1,02,1","2,1,02,1",,,"99,9,+99999,9,00,1",,,,"9,AGL   ,+99999,+99999","04,99,1,00,1,99,9,99999,9,99,9,99,9","240,M,+0316,1","240,N,+0236,1","99999,9,10138,1","9,9,999,9,-004,1",,"05,1","SYN08643278 31996 40000 10264 20229 30138 40145 70522 80002 333 10316 20236 59004 555 10000=","Q01    003SCCGA1"
"43278099999","2023-03-10T06:00:00","4","13.0666666","80.2","7.0","NUMGAMBAKKAM, IN","FM-12","99999","V020","110,1,N,0010,1","22000,1,9,N","010000,1,9,9","+0310,1","+0215,1","10144,1",,,,,,"02,1,+00800,1,06,1","99,9,+99999,9,03,1","99,9,+99999,9,00,1",,"9,AGL   ,+99999,+99999","04,99,1,02,1,99,9,00800,1,99,9,99,9",,,"99999,9,10137,1","9,9,999,9,-005,1",,,"SYN05843278 32597 41102 10310 20215 30137 40144 82531 333 59005=",
"43278099999","2023-03-10T09:00:00","4","13.0666666","80.2","7.0","NUMGAMBAKKAM, IN","FM-12","99999","V020","050,1,N,0015,1","99999,9,9,N","010000,1,9,9","+0300,1","+0214,1","10122,1",,,,,,"02,1,+00800,1,06,1","99,9,+99999,9,03,1","99,9,+99999,9,00,1",,"9,AGL   ,+99999,+99999","06,99,1,02,1,99,9,00800,1,99,9,99,9",,,"99999,9,10115,1","9,9,999,9,-008,1",,,"SYN05843278 32597 60503 10300 20214 30115 40122 82531 333 59008=",
"43278099999","2023-03-10T12:00:00","4","13.0666666","80.2","7.0","NUMGAMBAKKAM, IN","FM-12","99999","V020","050,1,N,0015,1","22000,1,9,N","010000,1,9,9","+0290,1","+0212,1","10114,1",,,,,,"99,9,+99999,9,00,1",,,,"9,AGL   ,+99999,+99999","03,99,1,00,1,99,9,99999,9,99,9,99,9",,,"99999,9,10107,1","9,9,999,9,-012,1",,,"SYN06443278 32997 30503 10290 20212 30107 40114 80001 333 10315 59012=","Q01    003SCCGA1"
"43278099999","2023-03-10T15:00:00","4","13.0666666","80.2","7.0","NUMGAMBAKKAM, IN","FM-12","99999","V020","050,1,N,0010,1","22000,1,9,N","004000,1,9,9","+0272,1","+0218,1","10128,1",,,,,,"99,9,+99999,9,00,1",,,,"9,AGL   ,+99999,+99999","01,99,1,00,1,99,9,99999,9,99,9,99,9",,,"99999,9,10121,1","9,9,999,9,-005,1",,,"SYN05843278 32996 10502 10272 20218 30121 40128 80001 333 59005=","Q01    003SCCGA1"
"43278099999","2023-03-11T00:00:00","4","13.0666666","80.2","7.0","NUMGAMBAKKAM, IN","FM-12","99999","V020","999,9,C,0000,1","22000,1,9,N","004000,1,9,9","+0236,1","+0212,1","10125,1",,"0,1,02,1","0,1,02,1",,,"99,9,+99999,9,00,1",,,,"9,AGL   ,+99999,+99999","01,99,1,00,1,99,9,99999,9,99,9,99,9",,,"99999,9,10118,1","9,9,999,9,+001,1",,"05,1","SYN06443278 31996 10000 10236 20212 30118 40125 70500 80001 333 58001=","Q01    003SCCGA1"
"43278099999","2023-03-11T03:00:00","4","13.0666666","80.2","7.0","NUMGAMBAKKAM, IN","FM-12","99999","V020","999,9,C,0000,1","22000,1,9,N","010000,1,9,9","+0258,1","+0225,1","10140,1",,,,,,"02,1,+00800,1,06,1","99,9,+99999,9,00,1",,,"9,AGL   ,+99999,+99999","03,99,1,02,1,99,9,00800,1,99,9,99,9","240,M,+0315,1","240,N,+0234,1","99999,9,10133,1","9,9,999,9,-005,1",,,"SYN08043278 32597 30000 10258 20225 30133 40140 82501 333 10315 20234 59005 555 10000=",
"43278099999","2023-03-11T06:00:00","4","13.0666666","80.2","7.0","NUMGAMBAKKAM, IN","FM-12","99999","V020","050,1,N,0010,1","22000,1,9,N","010000,1,9,9","+0310,1","+0215,1","10141,1",,,,,,"02,1,+00800,1,06,1","99,9,+99999,9,00,1",,,"9,AGL   ,+99999,+99999","03,99,1,02,1,99,9,00800,1,99,9,99,9",,,"99999,9,10134,1","9,9,999,9,-003,1",,,"SYN05843278 32597 30502 10310 20215 30134 40141 82501 333 59003=",
"43278099999","2023-03-11T09:00:00","4","13.0666666","80.2","7.0","NUMGAMBAKKAM, IN","FM-12","99999","V020","070,1,N,0021,1","22000,1,9,N","010000,1,9,9","+0312,1","+0218,1","10122,1",,,,,,"02,1,+00800,1,06,1","99,9,+99999,9,00,1",,,"9,AGL   ,+99999,+99999","03,99,1,02,1,99,9,00800,1,99,9,99,9",,,"99999,9,10115,1","9,9,999,9,+000,1",,,"SYN05843278 32597 30704 10312 20218 30115 40122 82501 333 58000=",
"43278099999","2023-03-11T12:00:00","4","13.0666666","80.2","7.0","NUMGAMBAKKAM, IN","FM-12","99999","V020","110,1,N,0021,1","22000,1,9,N","010000,1,9,9","+0290,1","+0212,1","10116,1",,,,,,"01,1,+00800,1,06,1","99,9,+99999,9,00,1",,,"9,AGL   ,+99999,+99999","02,99,1,01,1,99,9,00800,1,99,9,99,9",,,"99999,9,10109,1","9,9,999,9,+002,1",,,"SYN06443278 32597 21104 10290 20212 30109 40116 81501 333 10325 58002=",
"43278099999","2023-03-11T15:00:00","4","13.0666666","80.2","7.0","NUMGAMBAKKAM, IN","FM-12","99999","V020","999,9,C,0000,1","22000,1,9,N","004000,1,9,9","+0270,1","+0216,1","10134,1",,,,,,"99,9,+99999,9,00,1",,,,"9,AGL   ,+99999,+99999","01,99,1,00,1,99,9,99999,9,99,9,99,9",,,"99999,9,10127,1","9,9,999,9,+006,1",,,"SYN05843278 32996 10000 10270 20216 30127 40134 80001 333 58006=","Q01    003SCCGA1"
"43278099999","2023-03-12T00:00:00","4","13.0666666","80.2","7.0","NUMGAMBAKKAM, IN","FM-12","99999","V020","999,9,C,0000,1","22000,1,9,N","004000,1,9,9","+0240,1","+0210,1","10128,1",,"0,1,02,1","0,1,02,1",,,"99,9,+99999,9,00,1",,,,"9,AGL   ,+99999,+99999","01,99,1,00,1,99,9,99999,9,99,9,99,9",,,"99999,9,10121,1","9,9,999,9,+003,1",,"05,1","SYN06443278 31996 10000 10240 20210 30121 40128 70500 80001 333 58003=","Q01    003SCCGA1"
"43278099999","2023-03-12T03:00:00","4","13.0666666","80.2","7.0","NUMGAMBAKKAM, IN","FM-12","99999","V020","340,1,N,0015,1","22000,1,9,N","010000,1,9,9","+0276,1","+0229,1","10140,1",,,,,,"99,9,+99999,9,00,1",,,,"9,AGL   ,+99999,+99999","01,99,1,00,1,99,9,99999,9,99,9,99,9","240,M,+0325,1","240,N,+0240,1","99999,9,10133,1","9,9,999,9,+000,1",,,"SYN08043278 32997 13403 10276 20229 30133 40140 80001 333 10325 20240 58000 555 10000=","Q01    003SCCGA1"
"43278099999","2023-03-12T06:00:00","4","13.0666666","80.2","7.0","NUMGAMBAKKAM, IN","FM-12","99999","V020","050,1,N,0021,1","22000,1,9,N","010000,1,9,9","+0316,1","+0216,1","10136,1",,,,,,"01,1,+00800,1,06,1","99,9,+99999,9,00,1",,,"9,AGL   ,+99999,+99999","02,99,1,01,1,99,9,00800,1,99,9,99,9",,,"99999,9,10129,1","9,9,999,9,-005,1",,,"SYN05843278 32597 20504 10316 20216 30129 40136 81501 333 59005=",
"43278099999","2023-03-12T09:00:00","4","13.0666666","80.2","7.0","NUMGAMBAKKAM, IN","FM-12","99999","V020","999,9,C,0000,1","22000,1,9,N","010000,1,9,9","+0320,1","+0213,1","10116,1",,,,,,"99,9,+99999,9,00,1",,,,"9,AGL   ,+99999,+99999","01,99,1,00,1,99,9,99999,9,99,9,99,9",,,"99999,9,10109,1","9,9,999,9,-006,1",,,"SYN05843278 32997 10000 10320 20213 30109 40116 80001 333 59006=","Q01    003SCCGA1"
"43278099999","2023-03-12T12:00:00","4","13.0666666","80.2","7.0","NUMGAMBAKKAM, IN","FM-12","99999","V020","050,1,N,0015,1","22000,1,9,N","010000,1,9,9","+0296,1","+0229,1","10110,1",,,,,,"99,9,+99999,9,00,1",,,,"9,AGL   ,+99999,+99999","01,99,1,00,1,99,9,99999,9,99,9,99,9",,,"99999,9,10103,1","9,9,999,9,-006,1",,,"SYN06443278 32997 10503 10296 20229 30103 40110 80001 333 10331 59006=","Q01    003SCCGA1"
"43278099999","2023-03-12T15:00:00","4","13.0666666","80.2","7.0","NUMGAMBAKKAM, IN","FM-12","99999","V020","050,1,N,0010,1","22000,1,9,N","004000,1,9,9","+0276,1","+0235,1","10122,1",,,,,,"02,1,+00800,1,06,1","99,9,+99999,9,00,1",,,"9,AGL   ,+99999,+99999","03,99,1,02,1,99,9,00800,1,99,9,99,9",,,"99999,9,10115,1","9,9,999,9,-012,1",,,"SYN05843278 32596 30502 10276 20235 30115 40122 82501 333 59012=",
"43278099999","2023-03-13T00:00:00","4","13.0666666","80.2","7.0","NUMGAMBAKKAM, IN","FM-12","99999","V020","999,9,C,0000,1","22000,1,9,N","004000,1,9,9","+0244,1","+0217,1","10114,1",,,,,,"99,9,+99999,9,00,1",,,,"9,AGL   ,+99999,+99999","02,99,1,00,1,99,9,99999,9,99,9,99,9",,,"99999,9,10107,1","9,9,999,9,-014,1",,,"SYN05843278 32996 20000 10244 20217 30107 40114 80001 333 59014=","Q01    003SCCGA1"
"43278099999","2023-03-13T03:00:00","4","13.0666666","80.2","7.0","NUMGAMBAKKAM, IN","FM-12","99999","V020","020,1,N,0005,1","22000,1,9,N","010000,1,9,9","+0280,1","+0243,1","10134,1",,,,,,"02,1,+01250,1,03,1",,,,"9,AGL   ,+99999,+99999","02,99,1,02,1,99,9,01250,1,99,9,99,9","240,M,+0331,1","240,N,+0240,1","99999,9,10127,1","9,9,999,9,-006,1",,,"SYN08043278 32697 20201 10280 20243 30127 40134 82030 333 10331 20240 59006 555 10000=",
"43278099999","2023-03-13T06:00:00","4","13.0666666","80.2","7.0","NUMGAMBAKKAM, IN","FM-12","99999","V020","070,1,N,0015,1","22000,1,9,N","010000,1,9,9","+0314,1","+0220,1","10125,1",,,,,,"01,1,+01750,1,03,1","99,9,+99999,9,00,1",,,"9,AGL   ,+99999,+99999","02,99,1,01,1,99,9,01750,1,99,9,99,9",,,"99999,9,10118,1","9,9,999,9,-011,1",,,"SYN05843278 32797 20703 10314 20220 30118 40125 81041 333 59011=",
"43278099999","2023-03-13T09:00:00","4","13.0666666","80.2","7.0","NUMGAMBAKKAM, IN","FM-12","99999","V020","070,1,N,0015,1","99999,9,9,N","010000,1,9,9","+0324,1","+0201,1","10113,1",,,,,,,,,,,,,,"99999,9,10106,1","9,9,999,9,-003,1",,,"SYN05243278 32997 00703 10324 20201 30106 40113 333 59003=",
"43278099999","2023-03-13T12:00:00","4","13.0666666","80.2","7.0","NUMGAMBAKKAM, IN","FM-12","99999","V020","070,1,N,0021,1","99999,9,9,N","010000,1,9,9","+0298,1","+0221,1","10100,1",,,,,,,,,,,,,,"99999,9,10093,1","9,9,999,9,-010,1",,,"SYN05843278 32997 00704 10298 20221 30093 40100 333 10331 59010=",
"43278099999","2023-03-13T15:00:00","4","13.0666666","80.2","7.0","NUMGAMBAKKAM, IN","FM-12","99999","V020","050,1,N,0021,1","22000,1,9,N","004000,1,9,9","+0274,1","+0236,1","10110,1",,,,,,"99,9,+99999,9,00,1",,,,"9,AGL   ,+99999,+99999","01,99,1,00,1,99,9,99999,9,99,9,99,9",,,"99999,9,10103,1","9,9,999,9,-012,1",,,"SYN05843278 32996 10504 10274 20236 30103 40110 80001 333 59012=","Q01    003SCCGA1"
"43278099999","2023-03-14T00:00:00","4","13.0666666","80.2","7.0","NUMGAMBAKKAM, IN","FM-12","99999","V020","999,9,C,0000,1","22000,1,9,N","004000,1,9,9","+0240,1","+0228,1","10105,1",,,,,,"99,9,+99999,9,00,1",,,,"9,AGL   ,+99999,+99999","01,99,1,00,1,99,9,99999,9,99,9,99,9",,,"99999,9,10098,1","9,9,999,9,-009,1",,,"SYN05843278 32996 10000 10240 20228 30098 40105 80001 333 59009=","Q01    003SCCGA1"
"43278099999","2023-03-14T03:00:00","4","13.0666666","80.2","7.0","NUMGAMBAKKAM, IN","FM-12","99999","V020","340,1,N,0010,1","22000,1,9,N","010000,1,9,9","+0270,1","+0241,1","10109,1",,,,,,"01,1,+00800,1,06,1","99,9,+99999,9,00,1",,,"9,AGL   ,+99999,+99999","02,99,1,01,1,99,9,00800,1,99,9,99,9","240,M,+0331,1","240,N,+0240,1","99999,9,10102,1","9,9,999,9,-025,1",,,"SYN08043278 32597 23402 10270 20241 30102 40109 81501 333 10331 20240 59025 555 10000=",
"43278099999","2023-03-14T06:00:00","4","13.0666666","80.2","7.0","NUMGAMBAKKAM, IN","FM-12","99999","V020","110,1,N,0010,1","22000,1,9,N","010000,1,9,9","+0312,1","+0228,1","10106,1",,,,,,"03,1,+00800,1,06,1","99,9,+99999,9,00,1",,,"9,AGL   ,+99999,+99999","04,99,1,03,1,99,9,00800,1,99,9,99,9",,,"99999,9,10099,1","9,9,999,9,-019,1",,,"SYN05843278 32597 41102 10312 20228 30099 40106 83501 333 59019=",
"43278099999","2023-03-14T09:00:00","4","13.0666666","80.2","7.0","NUMGAMBAKKAM, IN","FM-12","99999","V020","070,1,N,0010,1","22000,1,9,N","010000,1,9,9","+0316,1","+0232,1","10081,1",,,,,,"99,9,+99999,9,00,1",,,,"9,AGL   ,+99999,+99999","01,99,1,00,1,99,9,99999,9,99,9,99,9",,,"99999,9,10074,1","9,9,999,9,-032,1",,,"SYN05843278 32997 10702 10316 20232 30074 40081 80001 333 59032=","Q01    003SCCGA1"
"43278099999","2023-03-14T12:00:00","4","13.0666666","80.2","7.0","NUMGAMBAKKAM, IN","FM-12","99999","V020","050,1,N,0010,1","22000,1,9,N","010000,1,9,9","+0292,1","+0231,1","10079,1",,,,,,"01,1,+00800,1,06,1","99,9,+99999,9,00,1",,,"9,AGL   ,+99999,+99999","02,99,1,01,1,99,9,00800,1,99,9,99,9",,,"99999,9,10072,1","9,9,999,9,-021,1",,,"SYN06443278 32597 20502 10292 20231 30072 40079 81501 333 10322 59021=",
"43278099999","2023-03-14T15:00:00","4","13.0666666","80.2","7.0","NUMGAMBAKKAM, IN","FM-12","99999","V020","140,1,N,0010,1","99999,9,9,N","004000,1,9,9","+0272,1","+0231,1","10099,1",,,,,,"04,1,+00800,1,06,1","99,9,+99999,9,00,1",,,"9,AGL   ,+99999,+99999","05,99,1,04,1,99,9,00800,1,99,9,99,9",,,"99999,9,10092,1","9,9,999,9,-011,1",,,"SYN05843278 32596 51402 10272 20231 30092 40099 84501 333 59011=",
"43278099999","2023-03-15T00:00:00","4","13.0666666","80.2","7.0","NUMGAMBAKKAM, IN","FM-12","99999","V020","320,1,N,0010,1","22000,1,9,N","004000,1,9,9","+0248,1","+0224,1","10093,1",,,,,,"02,1,+00800,1,06,1","99,9,+99999,9,00,1",,,"9,AGL   ,+99999,+99999","03,99,1,02,1,99,9,00800,1,99,9,99,9",,,"99999,9,10086,1","9,9,999,9,-012,1",,,"SYN05843278 32596 33202 10248 20224 30086 40093 82501 333 59012=",
"43278099999","2023-03-15T03:00:00","4","13.0666666","80.2","7.0","NUMGAMBAKKAM, IN","FM-12","99999","V020","999,9,C,0000,1","22000,1,9,N","010000,1,9,9","+0270,1","+0235,1","10102,1",,,,,,"99,9,+99999,9,00,1",,,,"9,AGL   ,+99999,+99999","02,99,1,00,1,99,9,99999,9,99,9,99,9","240,M,+0322,1","240,N,+0246,1","99999,9,10095,1","9,9,999,9,-007,1",,,"SYN08043278 32997 20000 10270 20235 30095 40102 80001 333 10322 20246 59007 555 10000=","Q01    003SCCGA1"
"43278099999","2023-03-15T06:00:00","4","13.0666666","80.2","7.0","NUMGAMBAKKAM, IN","FM-12","99999","V020","140,1,N,0010,1","22000,1,9,N","010000,1,9,9","+0310,1","+0232,1","10101,1",,,,,,"02,1,+00800,1,06,1","99,9,+99999,9,00,1",,,"9,AGL   ,+99999,+99999","04,99,1,02,1,99,9,00800,1,99,9,99,9",,,"99999,9,10094,1","9,9,999,9,-005,1",,,"SYN05843278 32597 41402 10310 20232 30094 40101 82501 333 59005=",
"43278099999","2023-03-15T09:00:00","4","13.0666666","80.2","7.0","NUMGAMBAKKAM, IN","FM-12","99999","V020","140,1,N,0010,1","22000,1,9,N","010000,1,9,9","+0324,1","+0238,1","10087,1",,,,,,"01,1,+00800,1,06,1","99,9,+99999,9,00,1",,,"9,AGL   ,+99999,+99999","02,99,1,01,1,99,9,00800,1,99,9,99,9",,,"99999,9,10080,1","9,9,999,9,+006,1",,,"SYN05843278 32597 21402 10324 20238 30080 40087 81501 333 58006=",
"43278099999","2023-03-15T12:00:00","4","13.0666666","80.2","7.0","NUMGAMBAKKAM, IN","FM-12","99999","V020","140,1,N,0010,1","22000,1,9,N","010000,1,9,9","+0304,1","+0238,1","10084,1",,,,,,"99,9,+99999,9,00,1",,,,"9,AGL   ,+99999,+99999","01,99,1,00,1,99,9,99999,9,99,9,99,9",,,"99999,9,10077,1","9,9,999,9,+005,1",,,"SYN06443278 32997 11402 10304 20238 30077 40084 80001 333 10331 58005=","Q01    003SCCGA1"
"43278099999","2023-03-15T15:00:00","4","13.0666666","80.2","7.0","NUMGAMBAKKAM, IN","FM-12","99999","V020","999,9,C,0000,1","22000,1,9,N","004000,1,9,9","+0286,1","+0243,1","10100,1",,,,,,"01,1,+00800,1,06,1","99,9,+99999,9,00,1",,,"9,AGL   ,+99999,+99999","02,99,1,01,1,99,9,00800,1,99,9,99,9",,,"99999,9,10093,1","9,9,999,9,+001,1",,,"SYN05843278 32596 20000 10286 20243 30093 40100 81501 333 58001=",
"43278099999","2023-03-16T00:00:00","4","13.0666666","80.2","7.0","NUMGAMBAKKAM, IN","FM-12","99999","V020","999,9,C,0000,1","22000,1,9,N","004000,1,9,9","+0270,1","+0235,1","10097,1",,,,,,"02,1,+00800,1,06,1","99,9,+99999,9,00,1",,,"9,AGL   ,+99999,+99999","03,99,1,02,1,99,9,00800,1,99,9,99,9",,,"99999,9,10090,1","9,9,999,9,+004,1",,,"SYN05843278 32596 30000 10270 20235 30090 40097 82501 333 58004=",
"43278099999","2023-03-16T03:00:00","4","13.0666666","80.2","7.0","NUMGAMBAKKAM, IN","FM-12","99999","V020","250,1,N,0010,1","22000,1,9,N","010000,1,9,9","+0284,1","+0247,1","10115,1",,,,,,"03,1,+00800,1,06,1","99,9,+99999,9,00,1",,,"9,AGL   ,+99999,+99999","04,99,1,03,1,99,9,00800,1,99,9,99,9","240,M,+0331,1","240,N,+0264,1","99999,9,10108,1","9,9,999,9,+013,1",,,"SYN08043278 32597 42502 10284 20247 30108 40115 83501 333 10331 20264 58013 555 10000=",
"43278099999","2023-03-16T06:00:00","4","13.0666666","80.2","7.0","NUMGAMBAKKAM, IN","FM-12","99999","V020","140,1,N,0026,1","22000,1,9,N","010000,1,9,9","+0322,1","+0223,1","10117,1",,,,,,"02,1,+00800,1,06,1","99,9,+99999,9,00,1",,,"9,AGL   ,+99999,+99999","03,99,1,02,1,99,9,00800,1,99,9,99,9",,,"99999,9,10110,1","9,9,999,9,+016,1",,,"SYN05843278 32597 31405 10322 20223 30110 40117 82501 333 58016=",
"43278099999","2023-03-16T09:00:00","4","13.0666666","80.2","7.0","NUMGAMBAKKAM, IN","FM-12","99999","V020","140,1,N,0015,1","22000,1,9,N","010000,1,9,9","+0320,1","+0237,1","10096,1",,,,,,"01,1,+00800,1,06,1","99,9,+99999,9,00,1",,,"9,AGL   ,+99999,+99999","02,99,1,01,1,99,9,00800,1,99,9,99,9",,,"99999,9,10088,1","9,9,999,9,+008,1",,,"SYN05843278 32597 21403 10320 20237 30088 40096 81501 333 58008=",
"43278099999","2023-03-16T12:00:00","4","13.0666666","80.2","7.0","NUMGAMBAKKAM, IN","FM-12","99999","V020","160,1,N,0021,1","22000,1,9,N","010000,1,9,9","+0296,1","+0238,1","10090,1",,,,,,"01,1,+00800,1,06,1","99,9,+99999,9,00,1",,,"9,AGL   ,+99999,+99999","04,99,1,01,1,99,9,00800,1,99,9,99,9",,,"99999,9,10083,1","9,9,999,9,+006,1",,,"SYN06443278 32597 41604 10296 20238 30083 40090 81502 333 10331 58006=",
"43278099999","2023-03-16T15:00:00","4","13.0666666","80.2","7.0","NUMGAMBAKKAM, IN","FM-12","99999","V020","140,1,N,0010,1","22000,1,9,N","004000,1,9,9","+0286,1","+0246,1","10104,1",,,,,,"02,1,+00800,1,06,1","99,9,+99999,9,00,1",,,"9,AGL   ,+99999,+99999","03,99,1,02,1,99,9,00800,1,99,9,99,9",,,"99999,9,10097,1","9,9,999,9,+004,1",,,"SYN05843278 32596 31402 10286 20246 30097 40104 82501 333 58004=",
"43278099999","2023-03-17T00:00:00","4","13.0666666","80.2","7.0","NUMGAMBAKKAM, IN","FM-12","99999","V020","999,9,C,0000,1","99999,9,9,N","004000,1,9,9","+0274,1","+0239,1","10105,1","21,0000,2,1","5,1,02,1","2,1,02,1",,,"02,1,+00800,1,06,1","99,9,+99999,9,03,1","99,9,+99999,9,00,1",,"9,AGL   ,+99999,+99999","05,99,1,02,1,99,9,00800,1,99,9,99,9",,,"99999,9,10098,1","9,9,999,9,+008,1",,"50,1","SYN07043278 21596 50000 10274 20239 30098 40105 75052 82571 333 58008 6990/=",
"43278099999","2023-03-17T03:00:00","4","13.0666666","80.2","7.0","NUMGAMBAKKAM, IN","FM-12","99999","V020","230,1,N,0010,1","99999,9,9,N","004000,1,9,9","+0290,1","+0253,1","10124,1","24,0000,2,1","5,1,02,1","2,1,02,1",,,"04,1,+00800,1,06,1","99,9,+99999,9,03,1","99,9,+99999,9,00,1",,"9,AGL   ,+99999,+99999","06,99,1,04,1,99,9,00800,1,99,9,99,9","240,M,+0331,1","240,N,+0265,1","99999,9,10117,1","9,9,999,9,+009,1",,"03,1","SYN09243278 21596 62302 10290 20253 30117 40124 70352 84561 333 10331 20265 58009 6990/ 555 10000=",
"43278099999","2023-03-17T06:00:00","4","13.0666666","80.2","7.0","NUMGAMBAKKAM, IN","FM-12","99999","V020","090,1,N,0010,1","99999,9,9,N","004000,1,9,9","+0284,1","+0270,1","10118,1","03,0070,3,1","2,1,02,1","0,1,02,1",,,"03,1,+00800,1,07,1","99,9,+99999,9,03,1","99,9,+99999,9,00,1",,"9,AGL   ,+99999,+99999","06,99,1,03,1,99,9,00800,1,99,9,99,9",,,"99999,9,10111,1","9,9,999,9,+001,1",,"21,1","SYN07043278 21596 60902 10284 20270 30111 40118 72120 83761 333 58001 6007/=",
"43278099999","2023-03-17T09:00:00","4","13.0666666","80.2","7.0","NUMGAMBAKKAM, IN","FM-12","99999","V020","140,1,N,0010,1","99999,9,9,N","010000,1,9,9","+0286,1","+0236,1","10094,1","06,0200,3,1","9,1,02,1","6,1,02,1",,,"02,1,+00800,1,06,1","99,9,+99999,9,03,1","99,9,+99999,9,00,1",,"9,AGL   ,+99999,+99999","06,99,1,02,1,99,9,00800,1,99,9,99,9",,,"99999,9,10087,1","9,9,999,9,-001,1",,"02,1","SYN07043278 21597 61402 10286 20236 30087 40094 70296 82471 333 59001 6020/=",
"43278099999","2023-03-17T12:00:00","4","13.0666666","80.2","7.0","NUMGAMBAKKAM, IN","FM-12","99999","V020","140,1,N,0010,1","99999,9,9,N","010000,1,9,9","+0276,1","+0244,1","10108,1","09,0200,3,1","6,1,02,1","2,1,02,1",,,"03,1,+00800,1,06,1","99,9,+99999,9,03,1","99,9,+99999,9,00,1",,"9,AGL   ,+99999,+99999","07,99,1,03,1,99,9,00800,1,99,9,99,9",,,"99999,9,10101,1","9,9,999,9,+018,1",,"60,1","SYN07643278 21597 71402 10276 20244 30101 40108 76062 83571 333 10320 58018 6020/=",
"43278099999","2023-03-17T15:00:00","4","13.0666666","80.2","7.0","NUMGAMBAKKAM, IN","FM-12","99999","V020","070,1,N,0015,1","99999,9,9,N","004000,1,9,9","+0272,1","+0246,1","10097,1","12,0200,3,1",,,,,"04,1,+00800,1,06,1","99,9,+99999,9,03,1","99,9,+99999,9,00,1",,"9,AGL   ,+99999,+99999","06,99,1,04,1,99,9,00800,1,99,9,99,9",,,"99999,9,10090,1","9,9,999,9,-007,1",,,"SYN06443278 22596 60703 10272 20246 30090 40097 84531 333 59007 6020/=",
"43278099999","2023-03-18T00:00:00","4","13.0666666","80.2","7.0","NUMGAMBAKKAM, IN","FM-12","99999","V020","999,9,C,0000,1","99999,9,9,N","004000,1,9,9","+0260,1","+0249,1","10096,1","21,0250,3,1","9,1,02,1","6,1,02,1",,,"03,1,+00800,1,06,1","99,9,+99999,9,03,1","99,9,+99999,9,00,1",,"9,AGL   ,+99999,+99999","05,99,1,03,1,99,9,00800,1,99,9,99,9",,,"99999,9,10089,1","9,9,999,9,-009,1",,"02,1","SYN07043278 21596 50000 10260 20249 30089 40096 70296 83531 333 59009 6025/=",
"43278099999","2023-03-18T03:00:00","4","13.0666666","80.2","7.0","NUMGAMBAKKAM, IN","FM-12","99999","V020","999,9,C,0000,1","99999,9,9,N","004000,1,9,9","+0260,1","+0249,1","10096,1","24,0250,3,1","9,1,02,1","6,1,02,1",,,"03,1,+00800,1,06,1","99,9,+99999,9,03,1","99,9,+99999,9,00,1",,"9,AGL   ,+99999,+99999","05,99,1,03,1,99,9,00800,1,99,9,99,9",,,"99999,9,10089,1","9,9,999,9,-009,1",,"02,1","SYN07043278 21596 50000 10260 20249 30089 40096 70296 83531 333 59009 6025/=",
"43278099999","2023-03-18T06:00:00","4","13.0666666","80.2","7.0","NUMGAMBAKKAM, IN","FM-12","99999","V020","140,1,N,0010,1","99999,9,9,N","010000,1,9,9","+0308,1","+0248,1","10119,1","03,0000,2,1","5,1,02,1","2,1,02,1",,,"03,1,+00800,1,06,1","99,9,+99999,9,03,1","99,9,+99999,9,00,1",,"9,AGL   ,+99999,+99999","06,99,1,03,1,99,9,00800,1,99,9,99,9",,,"99999,9,10112,1","9,9,999,9,+001,1",,"60,1","SYN07043278 21597 61402 10308 20248 30112 40119 76052 83471 333 58001 6990/=",
"43278099999","2023-03-18T09:00:00","4","13.0666666","80.2","7.0","NUMGAMBAKKAM, IN","FM-12","99999","V020","140,1,N,0010,1","99999,9,9,N","010000,1,9,9","+0296,1","+0241,1","10088,1",,"6,1,02,1","2,1,02,1",,,"02,1,+00800,1,06,1","99,9,+99999,9,03,1","99,9,+99999,9,00,1",,"9,AGL   ,+99999,+99999","05,99,1,02,1,99,9,00800,1,99,9,99,9",,,"99999,9,10081,1","9,9,999,9,-006,1",,"02,1","SYN06443278 31597 51402 10296 20241 30081 40088 70262 82531 333 59006=",
"43278099999","2023-03-18T12:00:00","4","13.0666666","80.2","7.0","NUMGAMBAKKAM, IN","FM-12","99999","V020","140,1,N,0015,1","22000,1,9,N","010000,1,9,9","+0294,1","+0242,1","10077,1","09,0005,3,1","6,1,02,1","2,1,02,1",,,"02,1,+00800,1,06,1","99,9,+99999,9,00,1",,,"9,AGL   ,+99999,+99999","03,99,1,02,1,99,9,00800,1,99,9,99,9",,,"99999,9,10070,1","9,9,999,9,-031,1",,"02,1","SYN07643278 21597 31403 10294 20242 30070 40077 70262 82501 333 10311 59031 6995/=",
"43278099999","2023-03-18T15:00:00","4","13.0666666","80.2","7.0","NUMGAMBAKKAM, IN","FM-12","99999","V020","140,1,N,0015,1","22000,1,9,N","004000,1,9,9","+0280,1","+0239,1","10088,1","12,0005,3,1",,,,,"02,1,+00800,1,06,1","99,9,+99999,9,03,1","99,9,+99999,9,00,1",,"9,AGL   ,+99999,+99999","04,99,1,02,1,99,9,00800,1,99,9,99,9",,,"99999,9,10081,1","9,9,999,9,-009,1",,,"SYN06443278 22596 41403 10280 20239 30081 40088 82531 333 59009 6995/=",
"43278099999","2023-03-19T00:00:00","4","13.0666666","80.2","7.0","NUMGAMBAKKAM, IN","FM-12","99999","V020","270,1,N,0010,1","99999,9,9,N","004000,1,9,9","+0244,1","+0223,1","10089,1","21,0040,3,1","9,1,02,1","6,1,02,1",,,"04,1,+00450,1,09,1","99,9,+99999,9,03,1",,,"9,AGL   ,+99999,+99999","08,99,1,04,1,99,9,00450,1,99,9,99,9",,,"99999,9,10082,1","9,9,999,9,-007,1",,"95,1","SYN07043278 21496 82702 10244 20223 30082 40089 79596 8497/ 333 59007 6004/=",
"43278099999","2023-03-19T03:00:00","4","13.0666666","80.2","7.0","NUMGAMBAKKAM, IN","FM-12","99999","V020","320,1,N,0010,1","99999,9,9,N","010000,1,9,9","+0260,1","+0243,1","10107,1","24,0090,3,1","9,1,02,1","6,1,02,1",,,"03,1,+00800,1,06,1","99,9,+99999,9,03,1","99,9,+99999,9,00,1",,"9,AGL   ,+99999,+99999","06,99,1,03,1,99,9,00800,1,99,9,99,9","240,M,+0311,1","240,N,+0238,1","99999,9,10100,1","9,9,999,9,-009,1",,"02,1","SYN09843278 21597 63202 10260 20243 30100 40107 70296 83531 333 10311 20238 59009 6009/ 555 00090 10059=",
"43278099999","2023-03-19T06:00:00","4","13.0666666","80.2","7.0","NUMGAMBAKKAM, IN","FM-12","99999","V020","999,9,C,0000,1","99999,9,9,N","010000,1,9,9","+0290,1","+0238,1","10105,1",,"9,1,02,1","6,1,02,1",,,"03,1,+00800,1,06,1","99,9,+99999,9,04,1","99,9,+99999,9,00,1",,"9,AGL   ,+99999,+99999","07,99,1,03,1,99,9,00800,1,99,9,99,9",,,"99999,9,10098,1","9,9,999,9,-014,1",,"02,1","SYN06443278 31597 70000 10290 20238 30098 40105 70296 83511 333 59014=",
"43278099999","2023-03-19T09:00:00","4","13.0666666","80.2","7.0","NUMGAMBAKKAM, IN","FM-12","99999","V020","110,1,N,0015,1","99999,9,9,N","010000,1,9,9","+0314,1","+0239,1","10072,1",,,,,,"02,1,+00800,1,06,1","99,9,+99999,9,03,1","99,9,+99999,9,00,1",,"9,AGL   ,+99999,+99999","05,99,1,02,1,99,9,00800,1,99,9,99,9",,,"99999,9,10065,1","9,9,999,9,-016,1",,,"SYN05843278 32597 51103 10314 20239 30065 40072 82531 333 59016=",
"43278099999","2023-03-19T12:00:00","4","13.0666666","80.2","7.0","NUMGAMBAKKAM, IN","FM-12","99999","V020","140,1,N,0010,1","99999,9,9,N","010000,1,9,9","+0294,1","+0236,1","10069,1",,,,,,"02,1,+00800,1,06,1","99,9,+99999,9,03,1","99,9,+99999,9,00,1",,"9,AGL   ,+99999,+99999","05,99,1,02,1,99,9,00800,1,99,9,99,9",,,"99999,9,10062,1","9,9,999,9,-008,1",,,"SYN06443278 32597 51402 10294 20236 30062 40069 82532 333 10319 59008=",
"43278099999","2023-03-19T15:00:00","4","13.0666666","80.2","7.0","NUMGAMBAKKAM, IN","FM-12","99999","V020","999,9,C,0000,1","22000,1,9,N","004000,1,9,9","+0278,1","+0246,1","10083,1","12,0000,9,1","5,1,02,1","1,1,02,1",,,"01,1,+00800,1,06,1","99,9,+99999,9,00,1",,,"9,AGL   ,+99999,+99999","03,99,1,01,1,99,9,00800,1,99,9,99,9",,,"99999,9,10076,1","9,9,999,9,-005,1",,"01,1","SYN07043278 21596 30000 10278 20246 30076 40083 70151 81502 333 59005 6990/=","Q01  00002PRCP12"
"43278099999","2023-03-20T00:00:00","4","13.0666666","80.2","7.0","NUMGAMBAKKAM, IN","FM-12","99999","V020","999,9,C,0000,1","99999,9,9,N","004000,1,9,9","+0238,1","+0217,1","10082,1","21,0160,3,1","9,1,02,1","6,1,02,1",,,"01,1,+00800,1,06,1","99,9,+99999,9,03,1","99,9,+99999,9,00,1",,"9,AGL   ,+99999,+99999","05,99,1,01,1,99,9,00800,1,99,9,99,9",,,"99999,9,10075,1","9,9,999,9,-007,1",,"95,1","SYN07043278 21596 50000 10238 20217 30075 40082 79596 81571 333 59007 6016/=",
"43278099999","2023-03-20T03:00:00","4","13.0666666","80.2","7.0","NUMGAMBAKKAM, IN","FM-12","99999","V020","999,9,C,0000,1","22000,1,9,N","010000,1,9,9","+0264,1","+0241,1","10094,1","24,0160,3,1",,,,,"99,9,+99999,9,00,1",,,,"9,AGL   ,+99999,+99999","01,99,1,00,1,99,9,99999,9,99,9,99,9","240,M,+0319,1","240,N,+0234,1","99999,9,10087,1","9,9,999,9,-013,1",,,"SYN09243278 22997 10000 10264 20241 30087 40094 80001 333 10319 20234 59013 6016/ 555 00163 10050=","Q01    003SCCGA1"
"43278099999","2023-03-20T06:00:00","4","13.0666666","80.2","7.0","NUMGAMBAKKAM, IN","FM-12","99999","V020","160,1,N,0026,1","99999,9,9,N","010000,1,9,9","+0298,1","+0250,1","10095,1",,,,,,"03,1,+00800,1,06,1","99,9,+99999,9,03,1","99,9,+99999,9,00,1",,"9,AGL   ,+99999,+99999","06,99,1,03,1,99,9,00800,1,99,9,99,9",,,"99999,9,10088,1","9,9,999,9,-010,1",,,"SYN05843278 32597 61605 10298 20250 30088 40095 83531 333 59010=",
"43278099999","2023-03-20T09:00:00","4","13.0666666","80.2","7.0","NUMGAMBAKKAM, IN","FM-12","99999","V020","160,1,N,0021,1","22000,1,9,N","010000,1,9,9","+0320,1","+0255,1","10065,1",,,,,,"02,1,+00800,1,08,1","99,9,+99999,9,03,1","99,9,+99999,9,00,1",,"9,AGL   ,+99999,+99999","04,99,1,02,1,99,9,00800,1,99,9,99,9",,,"99999,9,10058,1","9,9,999,9,-007,1",,,"SYN05843278 32597 41604 10320 20255 30058 40065 82161 333 59007=",
"43278099999","2023-03-20T12:00:00","4","13.0666666","80.2","7.0","NUMGAMBAKKAM, IN","FM-12","99999","V020","160,1,N,0021,1","99999,9,9,N","002000,1,9,9","+0290,1","+0247,1","10065,1",,"2,1,02,1","0,1,02,1",,,"04,1,+00800,1,09,1","99,9,+99999,9,03,1",,,"9,AGL   ,+99999,+99999","06,99,1,04,1,99,9,00800,1,99,9,99,9","240,M,+0320,1",,"99999,9,10058,1","9,9,999,9,-004,1",,"17,1","SYN07043278 31595 61604 10290 20247 30058 40065 71720 84360 333 10320 59004=",
"43278099999","2023-03-20T15:00:00","4","13.0666666","80.2","7.0","NUMGAMBAKKAM, IN","FM-12","99999","V020","140,1,N,0010,1","99999,9,9,N","004000,1,9,9","+0256,1","+0233,1","10080,1","12,0020,3,1","9,1,02,1","6,1,02,1",,,"03,1,+00800,1,08,1","99,9,+99999,9,03,1","99,9,+99999,9,00,1",,"9,AGL   ,+99999,+99999","07,99,1,03,1,99,9,00800,1,99,9,99,9",,,"99999,9,10073,1","9,9,999,9,-003,1",,"02,1","SYN07043278 21596 71402 10256 20233 30073 40080 70296 83872 333 59003 6002/=",
"43278099999","2023-03-21T00:00:00","4","13.0666666","80.2","7.0","NUMGAMBAKKAM, IN","FM-12","99999","V020","270,1,N,0005,1","99999,9,9,N","004000,1,9,9","+0268,1","+0251,1","10073,1","21,0020,3,1",,,,,"02,1,+00800,1,06,1","99,9,+99999,9,03,1","99,9,+99999,9,00,1",,"9,AGL   ,+99999,+99999","06,99,1,02,1,99,9,00800,1,99,9,99,9",,,"99999,9,10066,1","9,9,999,9,-009,1",,,"SYN06443278 22596 62701 10268 20251 30066 40073 82532 333 59009 6002/=",
"43278099999","2023-03-21T03:00:00","4","13.0666666","80.2","7.0","NUMGAMBAKKAM, IN","FM-12","99999","V020","180,1,N,0005,1","99999,9,9,N","010000,1,9,9","+0294,1","+0245,1","10086,1","24,0020,3,1",,,,,,,,,,,"240,M,+0320,1","240,N,+0240,1","99999,9,10079,1","9,9,999,9,-008,1",,,"SYN08643278 22597 01801 10294 20245 30079 40086 333 10320 20240 59008 6002/ 555 00024 10053=",
"43278099999","2023-03-21T06:00:00","4","13.0666666","80.2","7.0","NUMGAMBAKKAM, IN","FM-12","99999","V020","180,1,N,0010,1","22000,1,9,N","004000,1,9,9","+0322,1","+0255,1","10087,1",,,,,,"02,1,+00800,1,08,1","99,9,+99999,9,03,1",,,"9,AGL   ,+99999,+99999","04,99,1,02,1,99,9,00800,1,99,9,99,9",,,"99999,9,10080,1","9,9,999,9,-008,1",,,"SYN05843278 32596 41802 10322 20255 30080 40087 82230 333 59008=",
"43278099999","2023-03-21T09:00:00","4","13.0666666","80.2","7.0","NUMGAMBAKKAM, IN","FM-12","99999","V020","140,1,N,0015,1","22000,1,9,N","010000,1,9,9","+0324,1","+0251,1","10072,1",,,,,,"03,1,+00800,1,06,1",,,,"9,AGL   ,+99999,+99999","03,99,1,03,1,99,9,00800,1,99,9,99,9",,,"99999,9,10065,1","9,9,999,9,+007,1",,,"SYN05843278 32597 31403 10324 20251 30065 40072 83500 333 58007=",
"43278099999","2023-03-21T12:00:00","4","13.0666666","80.2","7.0","NUMGAMBAKKAM, IN","FM-12","99999","V020","140,1,N,0021,1","99999,9,9,N","010000,1,9,9","+0302,1","+0257,1","10072,1",,,,,,"05,1,+00800,1,09,1",,,,"9,AGL   ,+99999,+99999","05,99,1,05,1,99,9,00800,1,99,9,99,9",,,"99999,9,10065,1",,,,"SYN07043278 32597 51404 10302 20257 30065 40072 85300 333 10330 57982 58007=",
"43278099999","2023-03-21T15:00:00","4","13.0666666","80.2","7.0","NUMGAMBAKKAM, IN","FM-12","99999","V020","160,1,N,0021,1","22000,1,9,N","004000,1,9,9","+0286,1","+0252,1","10074,1",,,,,,"03,1,+00800,1,06,1","99,9,+99999,9,00,1",,,"9,AGL   ,+99999,+99999","04,99,1,03,1,99,9,00800,1,99,9,99,9",,,"99999,9,10067,1","9,9,999,9,-006,1",,,"SYN05843278 32596 41604 10286 20252 30067 40074 83501 333 59006=",
"43278099999","2023-03-22T00:00:00","4","13.0666666","80.2","7.0","NUMGAMBAKKAM, IN","FM-12","99999","V020","999,9,C,0000,1","22000,1,9,N","004000,1,9,9","+0272,1","+0252,1","10082,1",,,,,,"02,1,+00800,1,06,1","99,9,+99999,9,00,1",,,"9,AGL   ,+99999,+99999","03,99,1,02,1,99,9,00800,1,99,9,99,9",,,"99999,9,10075,1","9,9,999,9,+009,1",,,"SYN05843278 32596 30000 10272 20252 30075 40082 82501 333 58009=",
"43278099999","2023-03-22T03:00:00","4","13.0666666","80.2","7.0","NUMGAMBAKKAM, IN","FM-12","99999","V020","230,1,N,0005,1","99999,9,9,N","010000,1,9,9","+0292,1","+0255,1","10100,1",,,,,,"03,1,+00800,1,06,1","99,9,+99999,9,03,1","99,9,+99999,9,00,1",,"9,AGL   ,+99999,+99999","06,99,1,03,1,99,9,00800,1,99,9,99,9","240,M,+0330,1","240,N,+0266,1","99999,9,10093,1","9,9,999,9,+014,1",,,"SYN08043278 32597 62301 10292 20255 30093 40100 83531 333 10330 20266 58014 555 10053=",
"43278099999","2023-03-22T06:00:00","4","13.0666666","80.2","7.0","NUMGAMBAKKAM, IN","FM-12","99999","V020","999,9,V,0005,1","99999,9,9,N","010000,1,9,9","+0322,1","+0255,1","10096,1",,,,,,"04,1,+00800,1,06,1","99,9,+99999,9,00,1",,,"9,AGL   ,+99999,+99999","05,99,1,04,1,99,9,00800,1,99,9,99,9",,,"99999,9,10089,1","9,9,999,9,+009,1",,,"SYN05843278 32597 59901 10322 20255 30089 40096 84501 333 58009=",
"43278099999","2023-03-22T09:00:00","4","13.0666666","80.2","7.0","NUMGAMBAKKAM, IN","FM-12","99999","V020","140,1,N,0010,1","22000,1,9,N","010000,1,9,9","+0326,1","+0247,1","10071,1",,,,,,"02,1,+00800,1,06,1","99,9,+99999,9,00,1",,,"9,AGL   ,+99999,+99999","03,99,1,02,1,99,9,00800,1,99,9,99,9",,,"99999,9,10064,1","9,9,999,9,-001,1",,,"SYN05843278 32597 31402 10326 20247 30064 40071 82501 333 59001=",
"43278099999","2023-03-22T12:00:00","4","13.0666666","80.2","7.0","NUMGAMBAKKAM, IN","FM-12","99999","V020","140,1,N,0015,1","22000,1,9,N","010000,1,9,9","+0310,1","+0254,1","10057,1",,,,,,"01,1,+00800,1,06,1","99,9,+99999,9,00,1",,,"9,AGL   ,+99999,+99999","02,99,1,01,1,99,9,00800,1,99,9,99,9",,,"99999,9,10050,1","9,9,999,9,-015,1",,,"SYN06443278 32597 21403 10310 20254 30050 40057 81501 333 10336 59015=",
"43278099999","2023-03-22T15:00:00","4","13.0666666","80.2","7.0","NUMGAMBAKKAM, IN","FM-12","99999","V020","160,1,N,0010,1","22000,1,9,N","004000,1,9,9","+0290,1","+0262,1","10074,1",,,,,,"04,1,+00800,1,06,1",,,,"9,AGL   ,+99999,+99999","04,99,1,04,1,99,9,00800,1,99,9,99,9",,,"99999,9,10067,1","9,9,999,9,+000,1",,,"SYN05843278 32596 41602 10290 20262 30067 40074 84500 333 58000=",
"43278099999","2023-03-23T00:00:00","4","13.0666666","80.2","7.0","NUMGAMBAKKAM, IN","FM-12","99999","V020","200,1,N,0010,1","22000,1,9,N","004000,1,9,9","+0282,1","+0257,1","10078,1",,,,,,"03,1,+00800,1,06,1","99,9,+99999,9,03,1",,,"9,AGL   ,+99999,+99999","04,99,1,03,1,99,9,00800,1,99,9,99,9",,,"99999,9,10071,1","9,9,999,9,-004,1",,,"SYN05843278 32596 42002 10282 20257 30071 40078 83540 333 59004=",
"43278099999","2023-03-23T03:00:00","4","13.0666666","80.2","7.0","NUMGAMBAKKAM, IN","FM-12","99999","V020","999,9,C,0000,1","99999,9,9,N","010000,1,9,9","+0298,1","+0256,1","10097,1",,,,,,"02,1,+00800,1,06,1","99,9,+99999,9,03,1","99,9,+99999,9,00,1",,"9,AGL   ,+99999,+99999","06,99,1,02,1,99,9,00800,1,99,9,99,9","240,M,+0336,1","240,N,+0280,1","99999,9,10090,1","9,9,999,9,-003,1",,,"SYN08043278 32597 60000 10298 20256 30090 40097 82472 333 10336 20280 59003 555 10053=",
"43278099999","2023-03-23T06:00:00","4","13.0666666","80.2","7.0","NUMGAMBAKKAM, IN","FM-12","99999","V020","140,1,N,0015,1","99999,9,9,N","010000,1,9,9","+0306,1","+0249,1","10099,1",,,,,,"04,1,+00800,1,08,1","99,9,+99999,9,03,1","99,9,+99999,9,00,1",,"9,AGL   ,+99999,+99999","07,99,1,04,1,99,9,00800,1,99,9,99,9",,,"99999,9,10092,1","9,9,999,9,+003,1",,,"SYN05843278 32597 71403 10306 20249 30092 40099 84831 333 58003=",
"43278099999","2023-03-23T09:00:00","4","13.0666666","80.2","7.0","NUMGAMBAKKAM, IN","FM-12","99999","V020","140,1,N,0041,1","99999,9,9,N","010000,1,9,9","+0316,1","+0254,1","10080,1","06,0000,9,1","9,1,02,1","5,1,02,1",,,"03,1,+00800,1,09,1","99,9,+99999,9,03,1","99,9,+99999,9,00,1",,"9,AGL   ,+99999,+99999","05,99,1,03,1,99,9,00800,1,99,9,99,9",,,"99999,9,10073,1","9,9,999,9,+009,1",,"17,1","SYN07043278 21597 51408 10316 20254 30073 40080 71795 83931 333 58009 6990/=","Q01  00002PRCP06"
"43278099999","2023-03-23T12:00:00","4","13.0666666","80.2","7.0","NUMGAMBAKKAM, IN","FM-12","99999","V020","230,1,N,0015,1","99999,9,9,N","010000,1,9,9","+0286,1","+0218,1","10071,1","09,0002,3,1","9,1,02,1","5,1,02,1",,,"04,1,+00800,1,09,1","99,9,+99999,9,03,1","99,9,+99999,9,00,1",,"9,AGL   ,+99999,+99999","07,99,1,04,1,99,9,00800,1,99,9,99,9",,,"99999,9,10064,1","9,9,999,9,+014,1",,"60,1","SYN07643278 21597 72303 10286 20218 30064 40071 76095 84972 333 10325 58014 6992/=",
"43278099999","2023-03-23T15:00:00","4","13.0666666","80.2","7.0","NUMGAMBAKKAM, IN","FM-12","99999","V020","140,1,N,0021,1","99999,9,9,N","004000,1,9,9","+0288,1","+0261,1","10083,1","12,0002,3,1",,,,,"04,1,+00800,1,06,1","99,9,+99999,9,03,1","99,9,+99999,9,00,1",,"9,AGL   ,+99999,+99999","06,99,1,04,1,99,9,00800,1,99,9,99,9",,,"99999,9,10076,1","9,9,999,9,+009,1",,,"SYN06443278 22596 61404 10288 20261 30076 40083 84531 333 58009 6992/=",
"43278099999","2023-03-24T00:00:00","4","13.0666666","80.2","7.0","NUMGAMBAKKAM, IN","FM-12","99999","V020","999,9,C,0000,1","22000,1,9,N","004000,1,9,9","+0262,1","+0248,1","10080,1","21,0002,3,1",,,,,"02,1,+00800,1,06,1","99,9,+99999,9,00,1",,,"9,AGL   ,+99999,+99999","04,99,1,02,1,99,9,00800,1,99,9,99,9",,,"99999,9,10073,1","9,9,999,9,+002,1",,,"SYN06443278 22596 40000 10262 20248 30073 40080 82501 333 58002 6992/=",
"43278099999","2023-03-24T03:00:00","4","13.0666666","80.2","7.0","NUMGAMBAKKAM, IN","FM-12","99999","V020","250,1,N,0026,1","22000,1,9,N","010000,1,9,9","+0294,1","+0233,1","10097,1","24,0002,3,1",,,,,"99,9,+99999,9,00,1",,,,"9,AGL   ,+99999,+99999","01,99,1,00,1,99,9,99999,9,99,9,99,9","240,M,+0325,1","240,N,+0258,1","99999,9,10090,1","9,9,999,9,+000,1",,,"SYN09243278 22997 12505 10294 20233 30090 40097 80001 333 10325 20258 58000 6992/ 555 00002 10053=","Q01    003SCCGA1"
"43278099999","2023-03-24T06:00:00","4","13.0666666","80.2","7.0","NUMGAMBAKKAM, IN","FM-12","99999","V020","160,1,N,0015,1","99999,9,9,N","010000,1,9,9","+0332,1","+0247,1","10094,1",,,,,,"04,1,+00800,1,08,1","99,9,+99999,9,00,1",,,"9,AGL   ,+99999,+99999","05,99,1,04,1,99,9,00800,1,99,9,99,9",,,"99999,9,10087,1","9,9,999,9,-005,1",,,"SYN05843278 32597 51603 10332 20247 30087 40094 84801 333 59005=",
"43278099999","2023-03-24T09:00:00","4","13.0666666","80.2","7.0","NUMGAMBAKKAM, IN","FM-12","99999","V020","160,1,N,0031,1","22000,1,9,N","010000,1,9,9","+0330,1","+0248,1","10081,1",,,,,,"01,1,+00800,1,08,1","99,9,+99999,9,00,1",,,"9,AGL   ,+99999,+99999","04,99,1,01,1,99,9,00800,1,99,9,99,9",,,"99999,9,10074,1","9,9,999,9,+001,1",,,"SYN05843278 32597 41606 10330 20248 30074 40081 81101 333 58001=",
"43278099999","2023-03-24T12:00:00","4","13.0666666","80.2","7.0","NUMGAMBAKKAM, IN","FM-12","99999","V020","160,1,N,0021,1","99999,9,9,N","010000,1,9,9","+0304,1","+0256,1","10077,1",,,,,,"01,1,+00800,1,08,1","99,9,+99999,9,00,1",,,"9,AGL   ,+99999,+99999","05,99,1,01,1,99,9,00800,1,99,9,99,9",,,"99999,9,10070,1","9,9,999,9,+006,1",,,"SYN06443278 32597 51604 10304 20256 30070 40077 81101 333 10338 58006=",
"43278099999","2023-03-24T15:00:00","4","13.0666666","80.2","7.0","NUMGAMBAKKAM, IN","FM-12","99999","V020","140,1,N,0015,1","22000,1,9,N","004000,1,9,9","+0290,1","+0253,1","10091,1",,,,,,"01,1,+00800,1,06,1","99,9,+99999,9,00,1",,,"9,AGL   ,+99999,+99999","02,99,1,01,1,99,9,00800,1,99,9,99,9",,,"99999,9,10084,1","9,9,999,9,+008,1",,,"SYN05843278 32596 21403 10290 20253 30084 40091 81501 333 58008=",
"43278099999","2023-03-25T00:00:00","4","13.0666666","80.2","7.0","NUMGAMBAKKAM, IN","FM-12","99999","V020","999,9,C,0000,1","22000,1,9,N","004000,1,9,9","+0278,1","+0246,1","10095,1",,,,,,"01,1,+00800,1,06,1","99,9,+99999,9,00,1",,,"9,AGL   ,+99999,+99999","02,99,1,01,1,99,9,00800,1,99,9,99,9",,,"99999,9,10088,1","9,9,999,9,+015,1",,,"SYN05843278 32596 20000 10278 20246 30088 40095 81501 333 58015=",
"43278099999","2023-03-25T03:00:00","4","13.0666666","80.2","7.0","NUMGAMBAKKAM, IN","FM-12","99999","V020","200,1,N,0005,1","22000,1,9,N","010000,1,9,9","+0300,1","+0252,1","10109,1",,,,,,"01,1,+00800,1,08,1","99,9,+99999,9,00,1",,,"9,AGL   ,+99999,+99999","02,99,1,01,1,99,9,00800,1,99,9,99,9","240,M,+0338,1","240,N,+0275,1","99999,9,10102,1","9,9,999,9,+012,1",,,"SYN08043278 32597 22001 10300 20252 30102 40109 81101 333 10338 20275 58012 555 10053=",
"43278099999","2023-03-25T06:00:00","4","13.0666666","80.2","7.0","NUMGAMBAKKAM, IN","FM-12","99999","V020","140,1,N,0021,1","22000,1,9,N","010000,1,9,9","+0325,1","+0254,1","10108,1",,,,,,"03,1,+00800,1,06,1","99,9,+99999,9,00,1",,,"9,AGL   ,+99999,+99999","04,99,1,03,1,99,9,00800,1,99,9,99,9",,,"99999,9,10101,1","9,9,999,9,+014,1",,,"SYN05843278 32597 41404 10325 20254 30101 40108 83501 333 58014=",
"43278099999","2023-03-25T09:00:00","4","13.0666666","80.2","7.0","NUMGAMBAKKAM, IN","FM-12","99999","V020","140,1,N,0010,1","22000,1,9,N","010000,1,9,9","+0314,1","+0252,1","10092,1",,,,,,"01,1,+00800,1,06,1","99,9,+99999,9,03,1","99,9,+99999,9,00,1",,"9,AGL   ,+99999,+99999","03,99,1,01,1,99,9,00800,1,99,9,99,9",,,"99999,9,10085,1","9,9,999,9,+011,1",,,"SYN05843278 32597 31402 10314 20252 30085 40092 81531 333 58011=",
"43278099999","2023-03-25T12:00:00","4","13.0666666","80.2","7.0","NUMGAMBAKKAM, IN","FM-12","99999","V020","140,1,N,0015,1","22000,1,9,N","010000,1,9,9","+0300,1","+0255,1","10092,1",,,,,,"01,1,+00800,1,06,1","99,9,+99999,9,03,1","99,9,+99999,9,00,1",,"9,AGL   ,+99999,+99999","03,99,1,01,1,99,9,00800,1,99,9,99,9",,,"99999,9,10085,1","9,9,999,9,+015,1",,,"SYN06443278 32597 31403 10300 20255 30085 40092 81531 333 10331 58015=",
"43278099999","2023-03-25T15:00:00","4","13.0666666","80.2","7.0","NUMGAMBAKKAM, IN","FM-12","99999","V020","140,1,N,0010,1","22000,1,9,N","004000,1,9,9","+0288,1","+0257,1","10104,1",,,,,,"99,9,+99999,9,00,1",,,,"9,AGL   ,+99999,+99999","01,99,1,00,1,99,9,99999,9,99,9,99,9",,,"99999,9,10097,1","9,9,999,9,+013,1",,,"SYN05843278 32996 11402 10288 20257 30097 40104 80001 333 58013=","Q01    003SCCGA1"
"43278099999","2023-03-26T00:00:00","4","13.0666666","80.2","7.0","NUMGAMBAKKAM, IN","FM-12","99999","V020","999,9,C,0000,1","22000,1,9,N","004000,1,9,9","+0272,1","+0240,1","10098,1",,,,,,"01,1,+00800,1,06,1","99,9,+99999,9,00,1",,,"9,AGL   ,+99999,+99999","02,99,1,01,1,99,9,00800,1,99,9,99,9",,,"99999,9,10091,1","9,9,999,9,+003,1",,,"SYN05843278 32596 20000 10272 20240 30091 40098 81501 333 58003=",
"43278099999","2023-03-26T03:00:00","4","13.0666666","80.2","7.0","NUMGAMBAKKAM, IN","FM-12","99999","V020","999,9,C,0000,1","99999,9,9,N","010000,1,9,9","+0296,1","+0254,1","10116,1",,,,,,"04,1,+00800,1,06,1","99,9,+99999,9,03,1","99,9,+99999,9,00,1",,"9,AGL   ,+99999,+99999","06,99,1,04,1,99,9,00800,1,99,9,99,9","240,M,+0331,1","240,N,+0271,1","99999,9,10109,1","9,9,999,9,+007,1",,,"SYN08043278 32597 60000 10296 20254 30109 40116 84531 333 10331 20271 58007 555 10053=",
"43278099999","2023-03-26T06:00:00","4","13.0666666","80.2","7.0","NUMGAMBAKKAM, IN","FM-12","99999","V020","140,1,N,0010,1","22000,1,9,N","010000,1,9,9","+0318,1","+0253,1","10113,1",,,,,,"02,1,+00800,1,06,1","99,9,+99999,9,03,1","99,9,+99999,9,00,1",,"9,AGL   ,+99999,+99999","04,99,1,02,1,99,9,00800,1,99,9,99,9",,,"99999,9,10106,1","9,9,999,9,+005,1",,,"SYN05843278 32597 41402 10318 20253 30106 40113 82531 333 58005=",
"43278099999","2023-03-26T09:00:00","4","13.0666666","80.2","7.0","NUMGAMBAKKAM, IN","FM-12","99999","V020","140,1,N,0015,1","22000,1,9,N","010000,1,9,9","+0330,1","+0245,1","10084,1",,,,,,"01,1,+00800,1,06,1","99,9,+99999,9,00,1",,,"9,AGL   ,+99999,+99999","02,99,1,01,1,99,9,00800,1,99,9,99,9",,,"99999,9,10077,1","9,9,999,9,-008,1",,,"SYN05843278 32597 21403 10330 20245 30077 40084 81501 333 59008=",
"43278099999","2023-03-26T12:00:00","4","13.0666666","80.2","7.0","NUMGAMBAKKAM, IN","FM-12","99999","V020","140,1,N,0015,1","22000,1,9,N","010000,1,9,9","+0300,1","+0249,1","10076,1",,,,,,"02,1,+00800,1,06,1","99,9,+99999,9,00,1",,,"9,AGL   ,+99999,+99999","04,99,1,02,1,99,9,00800,1,99,9,99,9",,,"99999,9,10069,1","9,9,999,9,-016,1",,,"SYN06443278 32597 41403 10300 20249 30069 40076 82501 333 10332 59016=",
"43278099999","2023-03-26T15:00:00","4","13.0666666","80.2","7.0","NUMGAMBAKKAM, IN","FM-12","99999","V020","140,1,N,0021,1","22000,1,9,N","004000,1,9,9","+0290,1","+0253,1","10078,1",,,,,,"01,1,+00800,1,08,1","99,9,+99999,9,00,1",,,"9,AGL   ,+99999,+99999","02,99,1,01,1,99,9,00800,1,99,9,99,9",,,"99999,9,10071,1","9,9,999,9,-026,1",,,"SYN05843278 32596 21404 10290 20253 30071 40078 81101 333 59026=",
"43278099999","2023-03-27T00:00:00","4","13.0666666","80.2","7.0","NUMGAMBAKKAM, IN","FM-12","99999","V020","230,1,N,0010,1","99999,9,9,N","004000,1,9,9","+0280,1","+0254,1","10075,1",,,,,,"04,1,+00800,1,06,1","99,9,+99999,9,00,1",,,"9,AGL   ,+99999,+99999","05,99,1,04,1,99,9,00800,1,99,9,99,9",,,"99999,9,10068,1","9,9,999,9,-023,1",,,"SYN05843278 32596 52302 10280 20254 30068 40075 84501 333 59023=",
"43278099999","2023-03-27T03:00:00","4","13.0666666","80.2","7.0","NUMGAMBAKKAM, IN","FM-12","99999","V020","230,1,N,0010,1","22000,1,9,N","010000,1,9,9","+0298,1","+0244,1","10108,1",,,,,,"99,9,+99999,9,00,1",,,,"9,AGL   ,+99999,+99999","01,99,1,00,1,99,9,99999,9,99,9,99,9","240,M,+0332,1","240,N,+0275,1","99999,9,10101,1","9,9,999,9,-008,1",,,"SYN08043278 32997 12302 10298 20244 30101 40108 80001 333 10332 20275 59008 555 10053=","Q01    003SCCGA1"
"43278099999","2023-03-27T06:00:00","4","13.0666666","80.2","7.0","NUMGAMBAKKAM, IN","FM-12","99999","V020","140,1,N,0010,1","22000,1,9,N","010000,1,9,9","+0328,1","+0252,1","10103,1",,,,,,"01,1,+00800,1,06,1","99,9,+99999,9,00,1",,,"9,AGL   ,+99999,+99999","02,99,1,01,1,99,9,00800,1,99,9,99,9",,,"99999,9,10096,1","9,9,999,9,-010,1",,,"SYN05843278 32597 21402 10328 20252 30096 40103 81501 333 59010=",
"43278099999","2023-03-27T09:00:00","4","13.0666666","80.2","7.0","NUMGAMBAKKAM, IN","FM-12","99999","V020","160,1,N,0021,1","99999,9,9,N","010000,1,9,9","+0328,1","+0255,1","10074,1",,,,,,,,,,,,,,"99999,9,10067,1","9,9,999,9,-010,1",,,"SYN05243278 32997 01604 10328 20255 30067 40074 333 59010=",
"43278099999","2023-03-27T12:00:00","4","13.0666666","80.2","7.0","NUMGAMBAKKAM, IN","FM-12","99999","V020","140,1,N,0015,1","99999,9,9,N","010000,1,9,9","+0304,1","+0256,1","10073,1",,,,,,,,,,,,,,"99999,9,10066,1","9,9,999,9,-003,1",,,"SYN05843278 32997 01403 10304 20256 30066 40073 333 10340 59003=",
"43278099999","2023-03-27T15:00:00","4","13.0666666","80.2","7.0","NUMGAMBAKKAM, IN","FM-12","99999","V020","140,1,N,0010,1","22000,1,9,N","004000,1,9,9","+0290,1","+0247,1","10087,1",,,,,,"99,9,+99999,9,00,1",,,,"9,AGL   ,+99999,+99999","01,99,1,00,1,99,9,99999,9,99,9,99,9",,,"99999,9,10080,1","9,9,999,9,+009,1",,,"SYN05843278 32996 11402 10290 20247 30080 40087 80001 333 58009=","Q01    003SCCGA1"
"43278099999","2023-03-28T00:00:00","4","13.0666666","80.2","7.0","NUMGAMBAKKAM, IN","FM-12","99999","V020","999,9,C,0000,1","22000,1,9,N","004000,1,9,9","+0276,1","+0253,1","10087,1",,,,,,"03,1,+00800,1,06,1","99,9,+99999,9,00,1",,,"9,AGL   ,+99999,+99999","04,99,1,03,1,99,9,00800,1,99,9,99,9",,,"99999,9,10080,1","9,9,999,9,+012,1",,,"SYN05843278 32596 40000 10276 20253 30080 40087 83501 333 58012=",
"43278099999","2023-03-28T03:00:00","4","13.0666666","80.2","7.0","NUMGAMBAKKAM, IN","FM-12","99999","V020","230,1,N,0021,1","22000,1,9,N","010000,1,9,9","+0302,1","+0251,1","10106,1",,,,,,"03,1,+00800,1,06,1","99,9,+99999,9,00,1",,,"9,AGL   ,+99999,+99999","04,99,1,03,1,99,9,00800,1,99,9,99,9","240,M,+0340,1","240,N,+0275,1","99999,9,10099,1","9,9,999,9,-002,1",,,"SYN08043278 32597 42304 10302 20251 30099 40106 83501 333 10340 20275 59002 555 10053=",
"43278099999","2023-03-28T06:00:00","4","13.0666666","80.2","7.0","NUMGAMBAKKAM, IN","FM-12","99999","V020","110,1,N,0026,1","99999,9,9,N","010000,1,9,9","+0332,1","+0259,1","10107,1",,,,,,"04,1,+00800,1,06,1","99,9,+99999,9,00,1",,,"9,AGL   ,+99999,+99999","05,99,1,04,1,99,9,00800,1,99,9,99,9",,,"99999,9,10100,1","9,9,999,9,+004,1",,,"SYN05843278 32597 51105 10332 20259 30100 40107 84501 333 58004=",
"43278099999","2023-03-28T09:00:00","4","13.0666666","80.2","7.0","NUMGAMBAKKAM, IN","FM-12","99999","V020","140,1,N,0021,1","22000,1,9,N","010000,1,9,9","+0325,1","+0255,1","10082,1",,,,,,"01,1,+00800,1,06,1","99,9,+99999,9,00,1",,,"9,AGL   ,+99999,+99999","02,99,1,01,1,99,9,00800,1,99,9,99,9",,,"99999,9,10075,1","9,9,999,9,+008,1",,,"SYN05843278 32597 21404 10325 20255 30075 40082 81501 333 58008=",
"43278099999","2023-03-28T12:00:00","4","13.0666666","80.2","7.0","NUMGAMBAKKAM, IN","FM-12","99999","V020","160,1,N,0021,1","22000,1,9,N","010000,1,9,9","+0302,1","+0239,1","10078,1",,,,,,"01,1,+00800,1,06,1","99,9,+99999,9,03,1","99,9,+99999,9,00,1",,"9,AGL   ,+99999,+99999","04,99,1,01,1,99,9,00800,1,99,9,99,9",,,"99999,9,10071,1","9,9,999,9,+005,1",,,"SYN06443278 32597 41604 10302 20239 30071 40078 81531 333 10334 58005=",
"43278099999","2023-03-28T15:00:00","4","13.0666666","80.2","7.0","NUMGAMBAKKAM, IN","FM-12","99999","V020","140,1,N,0015,1","22000,1,9,N","004000,1,9,9","+0288,1","+0248,1","10095,1",,,,,,"02,1,+00800,1,06,1","99,9,+99999,9,00,1",,,"9,AGL   ,+99999,+99999","03,99,1,02,1,99,9,00800,1,99,9,99,9",,,"99999,9,10088,1","9,9,999,9,+008,1",,,"SYN05843278 32596 31403 10288 20248 30088 40095 82501 333 58008=",
"43278099999","2023-03-29T00:00:00","4","13.0666666","80.2","7.0","NUMGAMBAKKAM, IN","FM-12","99999","V020","999,9,C,0000,1","22000,1,9,N","004000,1,9,9","+0274,1","+0239,1","10094,1",,,,,,"02,1,+00800,1,06,1","99,9,+99999,9,00,1",,,"9,AGL   ,+99999,+99999","03,99,1,02,1,99,9,00800,1,99,9,99,9",,,"99999,9,10087,1","9,9,999,9,+007,1",,,"SYN05843278 32596 30000 10274 20239 30087 40094 82501 333 58007=",
"43278099999","2023-03-29T03:00:00","4","13.0666666","80.2","7.0","NUMGAMBAKKAM, IN","FM-12","99999","V020","230,1,N,0026,1","22000,1,9,N","010000,1,9,9","+0300,1","+0255,1","10122,1",,,,,,"03,1,+00800,1,06,1","99,9,+99999,9,00,1",,,"9,AGL   ,+99999,+99999","04,99,1,03,1,99,9,00800,1,99,9,99,9","240,M,+0334,1","240,N,+0268,1","99999,9,10115,1","9,9,999,9,+016,1",,,"SYN08043278 32597 42305 10300 20255 30115 40122 83501 333 10334 20268 58016 555 10053=",
"43278099999","2023-03-29T06:00:00","4","13.0666666","80.2","7.0","NUMGAMBAKKAM, IN","FM-12","99999","V020","140,1,N,0010,1","22000,1,9,N","010000,1,9,9","+0322,1","+0236,1","10115,1",,,,,,"01,1,+00800,1,06,1",,,,"9,AGL   ,+99999,+99999","01,99,1,01,1,99,9,00800,1,99,9,99,9",,,"99999,9,10108,1","9,9,999,9,+008,1",,,"SYN05843278 32597 11402 10322 20236 30108 40115 81500 333 58008=",
"43278099999","2023-03-29T09:00:00","4","13.0666666","80.2","7.0","NUMGAMBAKKAM, IN","FM-12","99999","V020","140,1,N,0010,1","22000,1,9,N","010000,1,9,9","+0322,1","+0236,1","10115,1",,,,,,"99,9,+99999,9,00,1",,,,"9,AGL   ,+99999,+99999","01,99,1,00,1,99,9,99999,9,99,9,99,9",,,"99999,9,10108,1","9,9,999,9,+033,1",,,"SYN05843278 32997 11402 10322 20236 30108 40115 80001 333 58033=","Q01    003SCCGA1"
"43278099999","2023-03-29T12:00:00","4","13.0666666","80.2","7.0","NUMGAMBAKKAM, IN","FM-12","99999","V020","140,1,N,0010,1","22000,1,9,N","010000,1,9,9","+0300,1","+0233,1","10092,1",,,,,,"99,9,+99999,9,00,1",,,,"9,AGL   ,+99999,+99999","01,99,1,00,1,99,9,99999,9,99,9,99,9",,,"99999,9,10085,1","9,9,999,9,+014,1",,,"SYN06443278 32997 11402 10300 20233 30085 40092 80001 333 10331 58014=","Q01    003SCCGA1"
"43278099999","2023-03-29T15:00:00","4","13.0666666","80.2","7.0","NUMGAMBAKKAM, IN","FM-12","99999","V020","140,1,N,0015,1","22000,1,9,N","004000,1,9,9","+0284,1","+0238,1","10107,1",,,,,,"99,9,+99999,9,00,1",,,,"9,AGL   ,+99999,+99999","02,99,1,00,1,99,9,99999,9,99,9,99,9",,,"99999,9,10100,1","9,9,999,9,+012,1",,,"SYN05843278 32996 21403 10284 20238 30100 40107 80001 333 58012=","Q01    003SCCGA1"
"43278099999","2023-03-30T00:00:00","4","13.0666666","80.2","7.0","NUMGAMBAKKAM, IN","FM-12","99999","V020","230,1,N,0015,1","22000,1,9,N","010000,1,9,9","+0290,1","+0241,1","10114,1",,,,,,"02,1,+00800,1,06,1","99,9,+99999,9,00,1",,,"9,AGL   ,+99999,+99999","03,99,1,02,1,99,9,00800,1,99,9,99,9",,,"99999,9,10107,1","9,9,999,9,-008,1",,,"SYN08043278 32597 32303 10290 20241 30107 40114 82501 333 10331 20265 59008 555 10053=",
"43278099999","2023-03-30T03:00:00","4","13.0666666","80.2","7.0","NUMGAMBAKKAM, IN","FM-12","99999","V020","230,1,N,0015,1","22000,1,9,N","010000,1,9,9","+0290,1","+0241,1","10114,1",,,,,,"02,1,+00800,1,06,1","99,9,+99999,9,00,1",,,"9,AGL   ,+99999,+99999","03,99,1,02,1,99,9,00800,1,99,9,99,9","240,M,+0331,1","240,N,+0265,1","99999,9,10107,1","9,9,999,9,-008,1",,,"SYN08043278 32597 32303 10290 20241 30107 40114 82501 333 10331 20265 59008 555 10053=",
"43278099999","2023-03-30T06:00:00","4","13.0666666","80.2","7.0","NUMGAMBAKKAM, IN","FM-12","99999","V020","140,1,N,0010,1","22000,1,9,N","010000,1,9,9","+0320,1","+0233,1","10108,1",,,,,,"02,1,+00800,1,06,1","99,9,+99999,9,00,1",,,"9,AGL   ,+99999,+99999","03,99,1,02,1,99,9,00800,1,99,9,99,9",,,"99999,9,10101,1","9,9,999,9,-007,1",,,"SYN05843278 32597 31402 10320 20233 30101 40108 82501 333 59007=",
"43278099999","2023-03-30T09:00:00","4","13.0666666","80.2","7.0","NUMGAMBAKKAM, IN","FM-12","99999","V020","160,1,N,0010,1","22000,1,9,N","010000,1,9,9","+0322,1","+0232,1","10085,1",,,,,,"99,9,+99999,9,00,1",,,,"9,AGL   ,+99999,+99999","01,99,1,00,1,99,9,99999,9,99,9,99,9",,,"99999,9,10078,1","9,9,999,9,-030,1",,,"SYN05843278 32997 11602 10322 20232 30078 40085 80001 333 59030=","Q01    003SCCGA1"
"43278099999","2023-03-30T12:00:00","4","13.0666666","80.2","7.0","NUMGAMBAKKAM, IN","FM-12","99999","V020","140,1,N,0010,1","22000,1,9,N","010000,1,9,9","+0298,1","+0228,1","10078,1",,,,,,"99,9,+99999,9,00,1",,,,"9,AGL   ,+99999,+99999","01,99,1,00,1,99,9,99999,9,99,9,99,9",,,"99999,9,10071,1","9,9,999,9,-014,1",,,"SYN06443278 32997 11402 10298 20228 30071 40078 80001 333 10331 59014=","Q01    003SCCGA1"
"43278099999","2023-03-30T15:00:00","4","13.0666666","80.2","7.0","NUMGAMBAKKAM, IN","FM-12","99999","V020","110,1,N,0015,1","22000,1,9,N","004000,1,9,9","+0286,1","+0237,1","10094,1",,,,,,"99,9,+99999,9,00,1",,,,"9,AGL   ,+99999,+99999","01,99,1,00,1,99,9,99999,9,99,9,99,9",,,"99999,9,10087,1","9,9,999,9,-013,1",,,"SYN05843278 32996 11103 10286 20237 30087 40094 80001 333 59013=","Q01    003SCCGA1"
"43278099999","2023-03-31T00:00:00","4","13.0666666","80.2","7.0","NUMGAMBAKKAM, IN","FM-12","99999","V020","999,9,C,0000,1","22000,1,9,N","004000,1,9,9","+0254,1","+0242,1","10089,1",,,,,,"01,1,+02250,1,03,1","99,9,+99999,9,00,1",,,"9,AGL   ,+99999,+99999","02,99,1,01,1,99,9,02250,1,99,9,99,9",,,"99999,9,10082,1","9,9,999,9,-012,1",,,"SYN05843278 32896 20000 10254 20242 30082 40089 81031 333 59012=",
"43278099999","2023-03-31T03:00:00","4","13.0666666","80.2","7.0","NUMGAMBAKKAM, IN","FM-12","99999","V020","200,1,N,0010,1","22000,1,9,N","010000,1,9,9","+0292,1","+0243,1","10106,1",,,,,,"01,1,+00800,1,06,1",,,,"9,AGL   ,+99999,+99999","01,99,1,01,1,99,9,00800,1,99,9,99,9","240,M,+0331,1","240,N,+0254,1","99999,9,10099,1","9,9,999,9,-008,1",,,"SYN08043278 32597 12002 10292 20243 30099 40106 81500 333 10331 20254 59008 555 10053=",
"43278099999","2023-03-31T06:00:00","4","13.0666666","80.2","7.0","NUMGAMBAKKAM, IN","FM-12","99999","V020","140,1,N,0026,1","99999,9,9,N","010000,1,9,9","+0332,1","+0231,1","10102,1",,,,,,,,,,,,,,"99999,9,10095,1","9,9,999,9,-006,1",,,"SYN05243278 32997 01405 10332 20231 30095 40102 333 59006=",
"43278099999","2023-03-31T09:00:00","4","13.0666666","80.2","7.0","NUMGAMBAKKAM, IN","FM-12","99999","V020","140,1,N,0021,1","22000,1,9,N","010000,1,9,9","+0320,1","+0240,1","10077,1",,,,,,"99,9,+99999,9,00,1",,,,"9,AGL   ,+99999,+99999","01,99,1,00,1,99,9,99999,9,99,9,99,9",,,"99999,9,10070,1","9,9,999,9,-008,1",,,"SYN05843278 32997 11404 10320 20240 30070 40077 80001 333 59008=","Q01    003SCCGA1"
"43278099999","2023-03-31T12:00:00","4","13.0666666","80.2","7.0","NUMGAMBAKKAM, IN","FM-12","99999","V020","140,1,N,0021,1","22000,1,9,N","010000,1,9,9","+0302,1","+0242,1","10066,1",,,,,,"99,9,+99999,9,01,1",,,,"9,AGL   ,+99999,+99999","02,99,1,00,1,99,9,99999,9,99,9,99,9",,,"99999,9,10059,1","9,9,999,9,-012,1",,,"SYN06443278 32997 21404 10302 20242 30059 40066 80009 333 10338 59012=","Q01    003SCCGA1"
"43278099999","2023-03-31T15:00:00","4","13.0666666","80.2","7.0","NUMGAMBAKKAM, IN","FM-12","99999","V020","140,1,N,0010,1","22000,1,9,N","004000,1,9,9","+0290,1","+0247,1","10083,1",,,,,,"99,9,+99999,9,00,1",,,,"9,AGL   ,+99999,+99999","01,99,1,00,1,99,9,99999,9,99,9,99,9",,,"99999,9,10076,1","9,9,999,9,-011,1",,,"SYN05843278 32996 11402 10290 20247 30076 40083 80001 333 59011=","Q01    003SCCGA1"
"43278099999","2023-04-01T00:00:00","4","13.0666666","80.2","7.0","NUMGAMBAKKAM, IN","FM-12","99999","V020","230,1,N,0010,1","22000,1,9,N","004000,1,9,9","+0274,1","+0236,1","10084,1",,,,,,"01,1,+00800,1,06,1","99,9,+99999,9,03,1","99,9,+99999,9,00,1",,"9,AGL   ,+99999,+99999","04,99,1,01,1,99,9,00800,1,99,9,99,9",,,"99999,9,10077,1","9,9,999,9,-005,1",,,"SYN05843278 32596 42302 10274 20236 30077 40084 81531 333 59005=",
"43278099999","2023-04-01T03:00:00","4","13.0666666","80.2","7.0","NUMGAMBAKKAM, IN","FM-12","99999","V020","250,1,N,0015,1","99999,9,9,N","010000,1,9,9","+0298,1","+0250,1","10103,1",,,,,,"04,1,+00800,1,06,1","99,9,+99999,9,03,1","99,9,+99999,9,00,1",,"9,AGL   ,+99999,+99999","06,99,1,04,1,99,9,00800,1,99,9,99,9","240,M,+0338,1","240,N,+0273,1","99999,9,10096,1","9,9,999,9,-003,1",,,"SYN08043278 32597 62503 10298 20250 30096 40103 84431 333 10338 20273 59003 555 10053=",
"43278099999","2023-04-01T06:00:00","4","13.0666666","80.2","7.0","NUMGAMBAKKAM, IN","FM-12","99999","V020","140,1,N,0021,1","99999,9,9,N","010000,1,9,9","+0332,1","+0247,1","10099,1",,,,,,"03,1,+00800,1,06,1","99,9,+99999,9,03,1","99,9,+99999,9,00,1",,"9,AGL   ,+99999,+99999","06,99,1,03,1,99,9,00800,1,99,9,99,9",,,"99999,9,10092,1","9,9,999,9,-003,1",,,"SYN05843278 32597 61404 10332 20247 30092 40099 83531 333 59003=",
"43278099999","2023-04-01T09:00:00","4","13.0666666","80.2","7.0","NUMGAMBAKKAM, IN","FM-12","99999","V020","140,1,N,0026,1","22000,1,9,N","010000,1,9,9","+0326,1","+0253,1","10069,1",,,,,,"01,1,+00800,1,06,1",,,,"9,AGL   ,+99999,+99999","01,99,1,01,1,99,9,00800,1,99,9,99,9",,,"99999,9,10062,1","9,9,999,9,-008,1",,,"SYN05843278 32597 11405 10326 20253 30062 40069 81500 333 59008=",
"43278099999","2023-04-01T12:00:00","4","13.0666666","80.2","7.0","NUMGAMBAKKAM, IN","FM-12","99999","V020","140,1,N,0021,1","22000,1,9,N","010000,1,9,9","+0306,1","+0252,1","10069,1",,,,,,"01,1,+00800,1,06,1",,,,"9,AGL   ,+99999,+99999","01,99,1,01,1,99,9,00800,1,99,9,99,9",,,"99999,9,10062,1","9,9,999,9,+003,1",,,"SYN06443278 32597 11404 10306 20252 30062 40069 81500 333 10340 58003=",
"43278099999","2023-04-01T15:00:00","4","13.0666666","80.2","7.0","NUMGAMBAKKAM, IN","FM-12","99999","V020","140,1,N,0026,1","22000,1,9,N","004000,1,9,9","+0292,1","+0255,1","10089,1",,,,,,"01,1,+00800,1,06,1",,,,"9,AGL   ,+99999,+99999","01,99,1,01,1,99,9,00800,1,99,9,99,9",,,"99999,9,10082,1","9,9,999,9,+006,1",,,"SYN05843278 32596 11405 10292 20255 30082 40089 81500 333 58006=",
"43278099999","2023-04-02T00:00:00","4","13.0666666","80.2","7.0","NUMGAMBAKKAM, IN","FM-12","99999","V020","200,1,N,0015,1","22000,1,9,N","004000,1,9,9","+0285,1","+0252,1","10083,1",,,,,,"02,1,+00800,1,06,1","99,9,+99999,9,03,1",,,"9,AGL   ,+99999,+99999","03,99,1,02,1,99,9,00800,1,99,9,99,9",,,"99999,9,10076,1","9,9,999,9,-001,1",,,"SYN05843278 32596 32003 10285 20252 30076 40083 82530 333 59001=",
"43278099999","2023-04-02T03:00:00","4","13.0666666","80.2","7.0","NUMGAMBAKKAM, IN","FM-12","99999","V020","230,1,N,0015,1","22000,1,9,N","010000,1,9,9","+0300,1","+0255,1","10099,1",,,,,,"02,1,+00800,1,06,1","99,9,+99999,9,03,1","99,9,+99999,9,00,1",,"9,AGL   ,+99999,+99999","04,99,1,02,1,99,9,00800,1,99,9,99,9","240,M,+0340,1","240,N,+0283,1","99999,9,10092,1","9,9,999,9,-004,1",,,"SYN08043278 32597 42303 10300 20255 30092 40099 82531 333 10340 20283 59004 555 10053=",
"43278099999","2023-04-02T06:00:00","4","13.0666666","80.2","7.0","NUMGAMBAKKAM, IN","FM-12","99999","V020","140,1,N,0015,1","22000,1,9,N","010000,1,9,9","+0326,1","+0256,1","10096,1",,,,,,"03,1,+00800,1,06,1","99,9,+99999,9,00,1",,,"9,AGL   ,+99999,+99999","04,99,1,03,1,99,9,00800,1,99,9,99,9",,,"99999,9,10089,1","9,9,999,9,-003,1",,,"SYN05843278 32597 41403 10326 20256 30089 40096 83401 333 59003=",
"43278099999","2023-04-02T09:00:00","4","13.0666666","80.2","7.0","NUMGAMBAKKAM, IN","FM-12","99999","V020","140,1,N,0010,1","22000,1,9,N","010000,1,9,9","+0324,1","+0254,1","10075,1",,,,,,"01,1,+00800,1,06,1","99,9,+99999,9,00,1",,,"9,AGL   ,+99999,+99999","03,99,1,01,1,99,9,00800,1,99,9,99,9",,,"99999,9,10068,1","9,9,999,9,+006,1",,,"SYN05843278 32597 31402 10324 20254 30068 40075 81501 333 58006=",
"43278099999","2023-04-02T12:00:00","4","13.0666666","80.2","7.0","NUMGAMBAKKAM, IN","FM-12","99999","V020","140,1,N,0010,1","22000,1,9,N","010000,1,9,9","+0308,1","+0251,1","10066,1",,,,,,"99,9,+99999,9,00,1",,,,"9,AGL   ,+99999,+99999","01,99,1,00,1,99,9,99999,9,99,9,99,9",,,"99999,9,10059,1","9,9,999,9,-003,1",,,"SYN06443278 32997 11402 10308 20251 30059 40066 80001 333 10338 59003=","Q01    003SCCGA1"
"43278099999","2023-04-02T15:00:00","4","13.0666666","80.2","7.0","NUMGAMBAKKAM, IN","FM-12","99999","V020","140,1,N,0010,1","22000,1,9,N","004000,1,9,9","+0296,1","+0257,1","10080,1",,,,,,"01,1,+00800,1,06,1","99,9,+99999,9,03,1","99,9,+99999,9,00,1",,"9,AGL   ,+99999,+99999","03,99,1,01,1,99,9,00800,1,99,9,99,9",,,"99999,9,10073,1","9,9,999,9,-009,1",,,"SYN05843278 32596 31402 10296 20257 30073 40080 81571 333 59009=",
"43278099999","2023-04-03T00:00:00","4","13.0666666","80.2","7.0","NUMGAMBAKKAM, IN","FM-12","99999","V020","180,1,N,0010,1","99999,9,9,N","004000,1,9,9","+0288,1","+0260,1","10071,1",,,,,,"06,1,+00800,1,06,1",,,,"9,AGL   ,+99999,+99999","06,99,1,06,1,99,9,00800,1,99,9,99,9",,,"99999,9,10064,1","9,9,999,9,-012,1",,,"SYN05843278 32596 61802 10288 20260 30064 40071 86500 333 59012=",
"43278099999","2023-04-03T03:00:00","4","13.0666666","80.2","7.0","NUMGAMBAKKAM, IN","FM-12","99999","V020","230,1,N,0010,1","22000,1,9,N","010000,1,9,9","+0308,1","+0251,1","10097,1",,,,,,"02,1,+00800,1,06,1","99,9,+99999,9,00,1",,,"9,AGL   ,+99999,+99999","03,99,1,02,1,99,9,00800,1,99,9,99,9","240,M,+0338,1","240,N,+0285,1","99999,9,10090,1","9,9,999,9,-002,1",,,"SYN08043278 32597 32302 10308 20251 30090 40097 82501 333 10338 20285 59002 555 10053=",
"43278099999","2023-04-03T06:00:00","4","13.0666666","80.2","7.0","NUMGAMBAKKAM, IN","FM-12","99999","V020","140,1,N,0015,1","22000,1,9,N","010000,1,9,9","+0334,1","+0252,1","10099,1",,,,,,"04,1,+00800,1,06,1",,,,"9,AGL   ,+99999,+99999","04,99,1,04,1,99,9,00800,1,99,9,99,9",,,"99999,9,10092,1","9,9,999,9,+003,1",,,"SYN05843278 32597 41403 10334 20252 30092 40099 84400 333 58003=",
"43278099999","2023-04-03T09:00:00","4","13.0666666","80.2","7.0","NUMGAMBAKKAM, IN","FM-12","99999","V020","140,1,N,0026,1","22000,1,9,N","010000,1,9,9","+0326,1","+0237,1","10072,1",,,,,,"99,9,+99999,9,00,1",,,,"9,AGL   ,+99999,+99999","01,99,1,00,1,99,9,99999,9,99,9,99,9",,,"99999,9,10065,1","9,9,999,9,-003,1",,,"SYN05843278 32997 11405 10326 20237 30065 40072 80001 333 59003=","Q01    003SCCGA1"
"43278099999","2023-04-03T12:00:00","4","13.0666666","80.2","7.0","NUMGAMBAKKAM, IN","FM-12","99999","V020","140,1,N,0010,1","22000,1,9,N","010000,1,9,9","+0308,1","+0245,1","10067,1",,,,,,"99,9,+99999,9,00,1",,,,"9,AGL   ,+99999,+99999","01,99,1,00,1,99,9,99999,9,99,9,99,9",,,"99999,9,10060,1","9,9,999,9,+001,1",,,"SYN06443278 32997 11402 10308 20245 30060 40067 80001 333 10348 58001=","Q01    003SCCGA1"
"43278099999","2023-04-03T15:00:00","4","13.0666666","80.2","7.0","NUMGAMBAKKAM, IN","FM-12","99999","V020","140,1,N,0021,1","99999,9,9,N","010000,1,9,9","+0296,1","+0251,1","10081,1",,,,,,"03,1,+00800,1,06,1","99,9,+99999,9,03,1","99,9,+99999,9,00,1",,"9,AGL   ,+99999,+99999","06,99,1,03,1,99,9,00800,1,99,9,99,9",,,"99999,9,10074,1","9,9,999,9,+001,1",,,"SYN05843278 32597 61404 10296 20251 30074 40081 83531 333 58001=",
"43278099999","2023-04-04T00:00:00","4","13.0666666","80.2","7.0","NUMGAMBAKKAM, IN","FM-12","99999","V020","230,1,N,0010,1","99999,9,9,N","004000,1,9,9","+0284,1","+0250,1","10084,1",,,,,,"03,1,+00800,1,06,1","99,9,+99999,9,03,1",,,"9,AGL   ,+99999,+99999","06,99,1,03,1,99,9,00800,1,99,9,99,9",,,"99999,9,10077,1","9,9,999,9,+013,1",,,"SYN05843278 32596 62302 10284 20250 30077 40084 83530 333 58013=",
"43278099999","2023-04-04T03:00:00","4","13.0666666","80.2","7.0","NUMGAMBAKKAM, IN","FM-12","99999","V020","230,1,N,0015,1","22000,1,9,N","010000,1,9,9","+0302,1","+0251,1","10106,1",,,,,,"03,1,+00800,1,06,1","99,9,+99999,9,00,1",,,"9,AGL   ,+99999,+99999","04,99,1,03,1,99,9,00800,1,99,9,99,9","240,M,+0348,1","240,N,+0282,1","99999,9,10099,1","9,9,999,9,+009,1",,,"SYN08043278 32597 42303 10302 20251 30099 40106 83401 333 10348 20282 58009 555 10053=",
"43278099999","2023-04-04T06:00:00","4","13.0666666","80.2","7.0","NUMGAMBAKKAM, IN","FM-12","99999","V020","140,1,N,0015,1","22000,1,9,N","010000,1,9,9","+0334,1","+0246,1","10103,1",,,,,,"03,1,+00800,1,06,1","99,9,+99999,9,00,1",,,"9,AGL   ,+99999,+99999","04,99,1,03,1,99,9,00800,1,99,9,99,9",,,"99999,9,10096,1","9,9,999,9,+004,1",,,"SYN05843278 32597 41403 10334 20246 30096 40103 83401 333 58004=",
"43278099999","2023-04-04T09:00:00","4","13.0666666","80.2","7.0","NUMGAMBAKKAM, IN","FM-12","99999","V020","140,1,N,0015,1","22000,1,9,N","010000,1,9,9","+0328,1","+0226,1","10088,1",,,,,,"01,1,+00800,1,06,1","99,9,+99999,9,00,1",,,"9,AGL   ,+99999,+99999","02,99,1,01,1,99,9,00800,1,99,9,99,9",,,"99999,9,10081,1","9,9,999,9,+016,1",,,"SYN05843278 32597 21403 10328 20226 30081 40088 81501 333 58016=",
"43278099999","2023-04-04T12:00:00","4","13.0666666","80.2","7.0","NUMGAMBAKKAM, IN","FM-12","99999","V020","140,1,N,0015,1","22000,1,9,N","010000,1,9,9","+0310,1","+0235,1","10080,1",,,,,,"99,9,+99999,9,00,1",,,,"9,AGL   ,+99999,+99999","01,99,1,00,1,99,9,99999,9,99,9,99,9",,,"99999,9,10073,1","9,9,999,9,+013,1",,,"SYN06443278 32997 11403 10310 20235 30073 40080 80001 333 10342 58013=","Q01    003SCCGA1"
"43278099999","2023-04-04T15:00:00","4","13.0666666","80.2","7.0","NUMGAMBAKKAM, IN","FM-12","99999","V020","140,1,N,0010,1","22000,1,9,N","004000,1,9,9","+0294,1","+0248,1","10103,1",,,,,,"01,1,+00800,1,06,1","99,9,+99999,9,00,1",,,"9,AGL   ,+99999,+99999","04,99,1,01,1,99,9,00800,1,99,9,99,9",,,"99999,9,10096,1","9,9,999,9,+022,1",,,"SYN05843278 32596 41402 10294 20248 30096 40103 81501 333 58022=",
"43278099999","2023-04-05T00:00:00","4","13.0666666","80.2","7.0","NUMGAMBAKKAM, IN","FM-12","99999","V020","230,1,N,0010,1","22000,1,9,N","004000,1,9,9","+0278,1","+0252,1","99999,9",,,,,,"01,1,+02250,1,03,1",,,,"9,AGL   ,+99999,+99999","01,99,1,01,1,99,9,02250,1,99,9,99,9",,,"99999,9,10081,1","9,9,999,9,+004,1","1,0088,9",,"SYN05843278 32896 12302 10278 20252 30081 41088 81030 333 58004=",
"43278099999","2023-04-05T03:00:00","4","13.0666666","80.2","7.0","NUMGAMBAKKAM, IN","FM-12","99999","V020","230,1,N,0021,1","22000,1,9,N","010000,1,9,9","+0306,1","+0246,1","10095,1",,,,,,"02,1,+00800,1,06,1","99,9,+99999,9,00,1",,,"9,AGL   ,+99999,+99999","03,99,1,02,1,99,9,00800,1,99,9,99,9","240,M,+0342,1","240,N,+0278,1","99999,9,10088,1","9,9,999,9,-011,1",,,"SYN08043278 32597 32304 10306 20246 30088 40095 82501 333 10342 20278 59011 555 10053=",
"43278099999","2023-04-05T06:00:00","4","13.0666666","80.2","7.0","NUMGAMBAKKAM, IN","FM-12","99999","V020","140,1,N,0021,1","22000,1,9,N","010000,1,9,9","+0332,1","+0250,1","10099,1",,,,,,"03,1,+00800,1,06,1","99,9,+99999,9,00,1",,,"9,AGL   ,+99999,+99999","04,99,1,03,1,99,9,00800,1,99,9,99,9",,,"99999,9,10092,1","9,9,999,9,-004,1",,,"SYN05843278 32597 41404 10332 20250 30092 40099 83501 333 59004=",
"43278099999","2023-04-05T09:00:00","4","13.0666666","80.2","7.0","NUMGAMBAKKAM, IN","FM-12","99999","V020","140,1,N,0010,1","22000,1,9,N","010000,1,9,9","+0330,1","+0245,1","10080,1",,,,,,"99,9,+99999,9,00,1",,,,"9,AGL   ,+99999,+99999","01,99,1,00,1,99,9,99999,9,99,9,99,9",,,"99999,9,10073,1","9,9,999,9,-008,1",,,"SYN05843278 32997 11402 10330 20245 30073 40080 80001 333 59008=","Q01    003SCCGA1"
"43278099999","2023-04-05T12:00:00","4","13.0666666","80.2","7.0","NUMGAMBAKKAM, IN","FM-12","99999","V020","140,1,N,0015,1","22000,1,9,N","010000,1,9,9","+0306,1","+0261,1","10078,1",,,,,,"01,1,+00800,1,06,1","99,9,+99999,9,03,1","99,9,+99999,9,00,1",,"9,AGL   ,+99999,+99999","03,99,1,01,1,99,9,00800,1,99,9,99,9",,,"99999,9,10071,1","9,9,999,9,-002,1",,,"SYN06443278 32597 31403 10306 20261 30071 40078 81531 333 10341 59002=",
"43278099999","2023-04-05T15:00:00","4","13.0666666","80.2","7.0","NUMGAMBAKKAM, IN","FM-12","99999","V020","140,1,N,0010,1","22000,1,9,N","004000,1,9,9","+0292,1","+0252,1","10097,1",,,,,,"99,9,+99999,9,00,1",,,,"9,AGL   ,+99999,+99999","03,99,1,00,1,99,9,99999,9,99,9,99,9",,,"99999,9,10090,1","9,9,999,9,-006,1",,,"SYN05843278 32996 31402 10292 20252 30090 40097 80001 333 59006=","Q01    003SCCGA1"
"43278099999","2023-04-06T00:00:00","4","13.0666666","80.2","7.0","NUMGAMBAKKAM, IN","FM-12","99999","V020","270,1,N,0010,1","22000,1,9,N","004000,1,9,9","+0275,1","+0254,1","10094,1",,,,,,"01,1,+00800,1,08,1",,,,"9,AGL   ,+99999,+99999","01,99,1,01,1,99,9,00800,1,99,9,99,9",,,"99999,9,10087,1","9,9,999,9,+006,1",,,"SYN05843278 32596 12702 10275 20254 30087 40094 81100 333 58006=",
"43278099999","2023-04-06T03:00:00","4","13.0666666","80.2","7.0","NUMGAMBAKKAM, IN","FM-12","99999","V020","230,1,N,0015,1","99999,9,9,N","010000,1,9,9","+0304,1","+0253,1","10108,1",,,,,,"04,1,+00800,1,06,1","99,9,+99999,9,00,1",,,"9,AGL   ,+99999,+99999","05,99,1,04,1,99,9,00800,1,99,9,99,9","240,M,+0341,1","240,N,+0275,1","99999,9,10101,1","9,9,999,9,+013,1",,,"SYN08043278 32597 52303 10304 20253 30101 40108 84401 333 10341 20275 58013 555 10053=",
"43278099999","2023-04-06T06:00:00","4","13.0666666","80.2","7.0","NUMGAMBAKKAM, IN","FM-12","99999","V020","140,1,N,0010,1","22000,1,9,N","010000,1,9,9","+0334,1","+0252,1","10107,1",,,,,,"03,1,+00800,1,06,1",,,,"9,AGL   ,+99999,+99999","03,99,1,03,1,99,9,00800,1,99,9,99,9",,,"99999,9,10100,1","9,9,999,9,+008,1",,,"SYN05843278 32597 31402 10334 20252 30100 40107 83400 333 58008=",
"43278099999","2023-04-06T09:00:00","4","13.0666666","80.2","7.0","NUMGAMBAKKAM, IN","FM-12","99999","V020","140,1,N,0015,1","22000,1,9,N","010000,1,9,9","+0340,1","+0240,1","10086,1",,,,,,"99,9,+99999,9,00,1",,,,"9,AGL   ,+99999,+99999","01,99,1,00,1,99,9,99999,9,99,9,99,9",,,"99999,9,10079,1","9,9,999,9,+006,1",,,"SYN05843278 32997 11403 10340 20240 30079 40086 80001 333 58006=","Q01    003SCCGA1"
"43278099999","2023-04-06T12:00:00","4","13.0666666","80.2","7.0","NUMGAMBAKKAM, IN","FM-12","99999","V020","140,1,N,0010,1","22000,1,9,N","010000,1,9,9","+0310,1","+0244,1","10082,1",,,,,,"99,9,+99999,9,00,1",,,,"9,AGL   ,+99999,+99999","02,99,1,00,1,99,9,99999,9,99,9,99,9",,,"99999,9,10075,1","9,9,999,9,+004,1",,,"SYN06443278 32997 21402 10310 20244 30075 40082 80001 333 10346 58004=","Q01    003SCCGA1"
"43278099999","2023-04-06T15:00:00","4","13.0666666","80.2","7.0","NUMGAMBAKKAM, IN","FM-12","99999","V020","140,1,N,0010,1","22000,1,9,N","004000,1,9,9","+0294,1","+0251,1","10103,1",,,,,,"99,9,+99999,9,00,1",,,,"9,AGL   ,+99999,+99999","01,99,1,00,1,99,9,99999,9,99,9,99,9",,,"99999,9,10096,1","9,9,999,9,+006,1",,,"SYN05843278 32996 11402 10294 20251 30096 40103 80001 333 58006=","Q01    003SCCGA1"
"43278099999","2023-04-07T00:00:00","4","13.0666666","80.2","7.0","NUMGAMBAKKAM, IN","FM-12","99999","V020","999,9,C,0000,1","99999,9,9,N","004000,1,9,9","+0268,1","+0245,1","10097,1",,,,,,"06,1,+00800,1,06,1",,,,"9,AGL   ,+99999,+99999","06,99,1,06,1,99,9,00800,1,99,9,99,9",,,"99999,9,10090,1","9,9,999,9,+003,1",,,"SYN05843278 32596 60000 10268 20245 30090 40097 86500 333 58003=",
"43278099999","2023-04-07T03:00:00","4","13.0666666","80.2","7.0","NUMGAMBAKKAM, IN","FM-12","99999","V020","999,9,C,0000,1","22000,1,9,N","010000,1,9,9","+0310,1","+0247,1","10126,1",,,,,,"03,1,+00800,1,06,1","99,9,+99999,9,00,1",,,"9,AGL   ,+99999,+99999","04,99,1,03,1,99,9,00800,1,99,9,99,9","240,M,+0346,1","240,N,+0266,1","99999,9,10119,1","9,9,999,9,+018,1",,,"SYN08043278 32597 40000 10310 20247 30119 40126 83401 333 10346 20266 58018 555 10053=",
"43278099999","2023-04-07T06:00:00","4","13.0666666","80.2","7.0","NUMGAMBAKKAM, IN","FM-12","99999","V020","230,1,N,0010,1","22000,1,9,N","010000,1,9,9","+0326,1","+0234,1","10127,1",,,,,,"02,1,+00800,1,06,1","99,9,+99999,9,00,1",,,"9,AGL   ,+99999,+99999","03,99,1,02,1,99,9,00800,1,99,9,99,9",,,"99999,9,10120,1","9,9,999,9,+020,1",,,"SYN05843278 32597 32302 10326 20234 30120 40127 82401 333 58020=",
"43278099999","2023-04-07T09:00:00","4","13.0666666","80.2","7.0","NUMGAMBAKKAM, IN","FM-12","99999","V020","140,1,N,0015,1","22000,1,9,N","010000,1,9,9","+0338,1","+0241,1","10106,1",,,,,,"02,1,+00800,1,06,1","99,9,+99999,9,00,1",,,"9,AGL   ,+99999,+99999","03,99,1,02,1,99,9,00800,1,99,9,99,9",,,"99999,9,10099,1","9,9,999,9,+020,1",,,"SYN05843278 32597 31403 10338 20241 30099 40106 82501 333 58020=",
"43278099999","2023-04-07T12:00:00","4","13.0666666","80.2","7.0","NUMGAMBAKKAM, IN","FM-12","99999","V020","110,1,N,0015,1","22000,1,9,N","010000,1,9,9","+0310,1","+0238,1","10103,1",,,,,,"99,9,+99999,9,00,1",,,,"9,AGL   ,+99999,+99999","01,99,1,00,1,99,9,99999,9,99,9,99,9",,,"99999,9,10096,1","9,9,999,9,+021,1",,,"SYN06443278 32997 11103 10310 20238 30096 40103 80001 333 10341 58021=","Q01    003SCCGA1"
"43278099999","2023-04-07T15:00:00","4","13.0666666","80.2","7.0","NUMGAMBAKKAM, IN","FM-12","99999","V020","110,1,N,0010,1","22000,1,9,N","004000,1,9,9","+0288,1","+0245,1","10112,1",,,,,,"99,9,+99999,9,00,1",,,,"9,AGL   ,+99999,+99999","01,99,1,00,1,99,9,99999,9,99,9,99,9",,,"99999,9,10105,1","9,9,999,9,+009,1",,,"SYN05843278 32996 11102 10288 20245 30105 40112 80001 333 58009=","Q01    003SCCGA1"
"43278099999","2023-04-08T00:00:00","4","13.0666666","80.2","7.0","NUMGAMBAKKAM, IN","FM-12","99999","V020","050,1,N,0005,1","99999,9,9,N","004000,1,9,9","+0260,1","+0237,1","10114,1",,,,,,"05,1,+00800,1,06,1",,,,"9,AGL   ,+99999,+99999","05,99,1,05,1,99,9,00800,1,99,9,99,9",,,"99999,9,10107,1","9,9,999,9,+017,1",,,"SYN05843278 32596 50501 10260 20237 30107 40114 85500 333 58017=",
"43278099999","2023-04-08T03:00:00","4","13.0666666","80.2","7.0","NUMGAMBAKKAM, IN","FM-12","99999","V020","140,1,N,0015,1","22000,1,9,N","010000,1,9,9","+0306,1","+0243,1","10140,1",,,,,,"03,1,+00800,1,06,1",,,,"9,AGL   ,+99999,+99999","03,99,1,03,1,99,9,00800,1,99,9,99,9","240,M,+0341,1","240,N,+0258,1","99999,9,10133,1","9,9,999,9,+014,1",,,"SYN08043278 32597 31403 10306 20243 30133 40140 83400 333 10341 20258 58014 555 10053=",
"43278099999","2023-04-08T06:00:00","4","13.0666666","80.2","7.0","NUMGAMBAKKAM, IN","FM-12","99999","V020","230,1,N,0010,1","22000,1,9,N","010000,1,9,9","+0328,1","+0239,1","10142,1",,,,,,"03,1,+00800,1,06,1",,,,"9,AGL   ,+99999,+99999","03,99,1,03,1,99,9,00800,1,99,9,99,9",,,"99999,9,10135,1","9,9,999,9,+015,1",,,"SYN05843278 32597 32302 10328 20239 30135 40142 83500 333 58015=",
"43278099999","2023-04-08T09:00:00","4","13.0666666","80.2","7.0","NUMGAMBAKKAM, IN","FM-12","99999","V020","140,1,N,0010,1","22000,1,9,N","010000,1,9,9","+0328,1","+0236,1","10125,1",,,,,,"01,1,+00800,1,06,1","99,9,+99999,9,03,1","99,9,+99999,9,00,1",,"9,AGL   ,+99999,+99999","04,99,1,01,1,99,9,00800,1,99,9,99,9",,,"99999,9,10118,1","9,9,999,9,+019,1",,,"SYN05843278 32597 41402 10328 20236 30118 40125 81531 333 58019=",
"43278099999","2023-04-08T12:00:00","4","13.0666666","80.2","7.0","NUMGAMBAKKAM, IN","FM-12","99999","V020","090,1,N,0010,1","22000,1,9,N","010000,1,9,9","+0304,1","+0235,1","10124,1",,,,,,"99,9,+99999,9,00,1",,,,"9,AGL   ,+99999,+99999","03,99,1,00,1,99,9,99999,9,99,9,99,9",,,"99999,9,10117,1","9,9,999,9,+021,1",,,"SYN06443278 32997 30902 10304 20235 30117 40124 80001 333 10334 58021=","Q01    003SCCGA1"
"43278099999","2023-04-08T15:00:00","4","13.0666666","80.2","7.0","NUMGAMBAKKAM, IN","FM-12","99999","V020","140,1,N,0010,1","22000,1,9,N","004000,1,9,9","+0286,1","+0231,1","10137,1",,,,,,"99,9,+99999,9,00,1",,,,"9,AGL   ,+99999,+99999","01,99,1,00,1,99,9,99999,9,99,9,99,9",,,"99999,9,10130,1","9,9,999,9,+025,1",,,"SYN05843278 32996 11402 10286 20231 30130 40137 80001 333 58025=","Q01    003SCCGA1"
"43278099999","2023-04-09T00:00:00","4","13.0666666","80.2","7.0","NUMGAMBAKKAM, IN","FM-12","99999","V020","090,1,N,0005,1","22000,1,9,N","004000,1,9,9","+0266,1","+0234,1","10119,1",,,,,,"02,1,+00800,1,08,1",,,,"9,AGL   ,+99999,+99999","02,99,1,02,1,99,9,00800,1,99,9,99,9",,,"99999,9,10112,1","9,9,999,9,+005,1",,,"SYN05843278 32596 20901 10266 20234 30112 40119 82100 333 58005=",
"43278099999","2023-04-09T03:00:00","4","13.0666666","80.2","7.0","NUMGAMBAKKAM, IN","FM-12","99999","V020","999,9,C,0000,1","99999,9,9,N","010000,1,9,9","+0308,1","+0229,1","10154,1",,,,,,"03,1,+00800,1,06,1","99,9,+99999,9,03,1","99,9,+99999,9,00,1",,"9,AGL   ,+99999,+99999","05,99,1,03,1,99,9,00800,1,99,9,99,9","240,M,+0334,1","240,N,+0258,1","99999,9,10147,1","9,9,999,9,+014,1",,,"SYN08043278 32597 50000 10308 20229 30147 40154 83531 333 10334 20258 58014 555 10053=",
"43278099999","2023-04-09T06:00:00","4","13.0666666","80.2","7.0","NUMGAMBAKKAM, IN","FM-12","99999","V020","050,1,N,0010,1","22000,1,9,N","010000,1,9,9","+0328,1","+0223,1","10149,1",,,,,,"02,1,+00800,1,06,1","99,9,+99999,9,03,1","99,9,+99999,9,00,1",,"9,AGL   ,+99999,+99999","04,99,1,02,1,99,9,00800,1,99,9,99,9",,,"99999,9,10142,1","9,9,999,9,+007,1",,,"SYN05843278 32597 40502 10328 20223 30142 40149 82531 333 58007=",
"43278099999","2023-04-09T09:00:00","4","13.0666666","80.2","7.0","NUMGAMBAKKAM, IN","FM-12","99999","V020","140,1,N,0015,1","22000,1,9,N","010000,1,9,9","+0326,1","+0231,1","10124,1",,,,,,"02,1,+00800,1,06,1","99,9,+99999,9,00,1",,,"9,AGL   ,+99999,+99999","03,99,1,02,1,99,9,00800,1,99,9,99,9",,,"99999,9,10117,1","9,9,999,9,-001,1",,,"SYN05843278 32597 31403 10326 20231 30117 40124 82501 333 59001=",
"43278099999","2023-04-09T12:00:00","4","13.0666666","80.2","7.0","NUMGAMBAKKAM, IN","FM-12","99999","V020","110,1,N,0010,1","22000,1,9,N","010000,1,9,9","+0308,1","+0239,1","10117,1",,,,,,"02,1,+00800,1,06,1","99,9,+99999,9,00,1",,,"9,AGL   ,+99999,+99999","04,99,1,02,1,99,9,00800,1,99,9,99,9",,,"99999,9,10110,1","9,9,999,9,-007,1",,,"SYN06443278 32597 41102 10308 20239 30110 40117 82501 333 10339 59007=",
"43278099999","2023-04-09T15:00:00","4","13.0666666","80.2","7.0","NUMGAMBAKKAM, IN","FM-12","99999","V020","140,1,N,0005,1","99999,9,9,N","004000,1,9,9","+0294,1","+0242,1","10128,1",,,,,,"03,1,+00800,1,06,1","99,9,+99999,9,00,1",,,"9,AGL   ,+99999,+99999","05,99,1,03,1,99,9,00800,1,99,9,99,9",,,"99999,9,10121,1","9,9,999,9,-009,1",,,"SYN05843278 32596 51401 10294 20242 30121 40128 83501 333 59009=",
"43278099999","2023-04-10T00:00:00","4","13.0666666","80.2","7.0","NUMGAMBAKKAM, IN","FM-12","99999","V020","090,1,N,0005,1","22000,1,9,N","004000,1,9,9","+0260,1","+0238,1","10118,1",,,,,,"01,1,+00800,1,08,1","99,9,+99999,9,00,1",,,"9,AGL   ,+99999,+99999","03,99,1,01,1,99,9,00800,1,99,9,99,9",,,"99999,9,10111,1","9,9,999,9,-001,1",,,"SYN05843278 32596 30901 10260 20238 30111 40118 81101 333 59001=",
"43278099999","2023-04-10T03:00:00","4","13.0666666","80.2","7.0","NUMGAMBAKKAM, IN","FM-12","99999","V020","999,9,C,0000,1","22000,1,9,N","010000,1,9,9","+0305,1","+0228,1","10130,1",,,,,,"04,1,+00800,1,06,1",,,,"9,AGL   ,+99999,+99999","04,99,1,04,1,99,9,00800,1,99,9,99,9","240,M,+0339,1","240,N,+0257,1","99999,9,10123,1","9,9,999,9,-024,1",,,"SYN08043278 32597 40000 10305 20228 30123 40130 84500 333 10339 20257 59024 555 10053=",
"43278099999","2023-04-10T06:00:00","4","13.0666666","80.2","7.0","NUMGAMBAKKAM, IN","FM-12","99999","V020","140,1,N,0005,1","22000,1,9,N","010000,1,9,9","+0324,1","+0232,1","10137,1",,,,,,"03,1,+00800,1,06,1","99,9,+99999,9,00,1",,,"9,AGL   ,+99999,+99999","04,99,1,03,1,99,9,00800,1,99,9,99,9",,,"99999,9,10130,1","9,9,999,9,-012,1",,,"SYN05843278 32597 41401 10324 20232 30130 40137 83501 333 59012=",
"43278099999","2023-04-10T09:00:00","4","13.0666666","80.2","7.0","NUMGAMBAKKAM, IN","FM-12","99999","V020","110,1,N,0015,1","22000,1,9,N","010000,1,9,9","+0330,1","+0229,1","10112,1",,,,,,"01,1,+00800,1,06,1","99,9,+99999,9,00,1",,,"9,AGL   ,+99999,+99999","02,99,1,01,1,99,9,00800,1,99,9,99,9",,,"99999,9,10105,1","9,9,999,9,-012,1",,,"SYN05843278 32597 21103 10330 20229 30105 40112 81501 333 59012=",
"43278099999","2023-04-10T12:00:00","4","13.0666666","80.2","7.0","NUMGAMBAKKAM, IN","FM-12","99999","V020","110,1,N,0010,1","22000,1,9,N","010000,1,9,9","+0314,1","+0233,1","10102,1",,,,,,"99,9,+99999,9,00,1",,,,"9,AGL   ,+99999,+99999","01,99,1,00,1,99,9,99999,9,99,9,99,9",,,"99999,9,10095,1","9,9,999,9,-015,1",,,"SYN06443278 32997 11102 10314 20233 30095 40102 80001 333 10339 59015=","Q01    003SCCGA1"
"43278099999","2023-04-10T15:00:00","4","13.0666666","80.2","7.0","NUMGAMBAKKAM, IN","FM-12","99999","V020","999,9,C,0000,1","22000,1,9,N","004000,1,9,9","+0282,1","+0242,1","10112,1",,,,,,"99,9,+99999,9,00,1",,,,"9,AGL   ,+99999,+99999","01,99,1,00,1,99,9,99999,9,99,9,99,9",,,"99999,9,10105,1","9,9,999,9,-016,1",,,"SYN05843278 32996 10000 10282 20242 30105 40112 80001 333 59016=","Q01    003SCCGA1"
"43278099999","2023-04-11T00:00:00","4","13.0666666","80.2","7.0","NUMGAMBAKKAM, IN","FM-12","99999","V020","999,9,C,0000,1","22000,1,9,N","004000,1,9,9","+0252,1","+0234,1","10109,1",,,,,,"03,1,+00800,1,06,1","99,9,+99999,9,00,1",,,"9,AGL   ,+99999,+99999","04,99,1,03,1,99,9,00800,1,99,9,99,9",,,"99999,9,10102,1","9,9,999,9,-009,1",,,"SYN05843278 32596 40000 10252 20234 30102 40109 83501 333 59009=",
"43278099999","2023-04-11T03:00:00","4","13.0666666","80.2","7.0","NUMGAMBAKKAM, IN","FM-12","99999","V020","999,9,C,0000,1","22000,1,9,N","010000,1,9,9","+0286,1","+0243,1","10127,1",,,,,,"02,1,+00800,1,06,1","99,9,+99999,9,03,1","99,9,+99999,9,00,1",,"9,AGL   ,+99999,+99999","04,99,1,02,1,99,9,00800,1,99,9,99,9","240,M,+0339,1","240,N,+0250,1","99999,9,10120,1","9,9,999,9,-003,1",,,"SYN08043278 32597 40000 10286 20243 30120 40127 82531 333 10339 20250 59003 555 10053=",
"43278099999","2023-04-11T06:00:00","4","13.0666666","80.2","7.0","NUMGAMBAKKAM, IN","FM-12","99999","V020","140,1,N,0010,1","22000,1,9,N","010000,1,9,9","+0326,1","+0237,1","10128,1",,,,,,"01,1,+00800,1,06,1","99,9,+99999,9,00,1",,,"9,AGL   ,+99999,+99999","02,99,1,01,1,99,9,00800,1,99,9,99,9",,,"99999,9,10121,1","9,9,999,9,-009,1",,,"SYN05843278 32597 21402 10326 20237 30121 40128 81501 333 59009=",
"43278099999","2023-04-11T09:00:00","4","13.0666666","80.2","7.0","NUMGAMBAKKAM, IN","FM-12","99999","V020","180,1,N,0010,1","22000,1,9,N","010000,1,9,9","+0340,1","+0217,1","10111,1",,,,,,"99,9,+99999,9,00,1",,,,"9,AGL   ,+99999,+99999","01,99,1,00,1,99,9,99999,9,99,9,99,9",,,"99999,9,10104,1","9,9,999,9,-001,1",,,"SYN05843278 32997 11802 10340 20217 30104 40111 80001 333 59001=","Q01    003SCCGA1"
"43278099999","2023-04-11T12:00:00","4","13.0666666","80.2","7.0","NUMGAMBAKKAM, IN","FM-12","99999","V020","999,9,C,0000,1","22000,1,9,N","010000,1,9,9","+0314,1","+0236,1","10109,1",,,,,,"99,9,+99999,9,00,1",,,,"9,AGL   ,+99999,+99999","01,99,1,00,1,99,9,99999,9,99,9,99,9",,,"99999,9,10102,1","9,9,999,9,+007,1",,,"SYN06443278 32997 10000 10314 20236 30102 40109 80001 333 10341 58007=","Q01    003SCCGA1"
"43278099999","2023-04-11T15:00:00","4","13.0666666","80.2","7.0","NUMGAMBAKKAM, IN","FM-12","99999","V020","999,9,C,0000,1","22000,1,9,N","004000,1,9,9","+0280,1","+0246,1","10121,1",,,,,,"99,9,+99999,9,00,1",,,,"9,AGL   ,+99999,+99999","01,99,1,00,1,99,9,99999,9,99,9,99,9",,,"99999,9,10114,1","9,9,999,9,+009,1",,,"SYN05843278 32996 10000 10280 20246 30114 40121 80001 333 58009=","Q01    003SCCGA1"
"43278099999","2023-04-12T00:00:00","4","13.0666666","80.2","7.0","NUMGAMBAKKAM, IN","FM-12","99999","V020","270,1,N,0005,1","22000,1,9,N","004000,1,9,9","+0252,1","+0237,1","10103,1",,,,,,"99,9,+99999,9,00,1",,,,"9,AGL   ,+99999,+99999","01,99,1,00,1,99,9,99999,9,99,9,99,9",,,"99999,9,10096,1","9,9,999,9,-006,1",,,"SYN05843278 32996 12701 10252 20237 30096 40103 80001 333 59006=","Q01    003SCCGA1"
"43278099999","2023-04-12T03:00:00","4","13.0666666","80.2","7.0","NUMGAMBAKKAM, IN","FM-12","99999","V020","999,9,C,0000,1","22000,1,9,N","010000,1,9,9","+0290,1","+0253,1","10124,1",,,,,,"99,9,+99999,9,00,1",,,,"9,AGL   ,+99999,+99999","01,99,1,00,1,99,9,99999,9,99,9,99,9","240,M,+0341,1","240,N,+0247,1","99999,9,10117,1","9,9,999,9,-003,1",,,"SYN08043278 32997 10000 10290 20253 30117 40124 80001 333 10341 20247 59003 555 10053=","Q01    003SCCGA1"
"43278099999","2023-04-12T06:00:00","4","13.0666666","80.2","7.0","NUMGAMBAKKAM, IN","FM-12","99999","V020","140,1,N,0010,1","22000,1,9,N","010000,1,9,9","+0334,1","+0240,1","10123,1",,,,,,"99,9,+99999,9,00,1",,,,"9,AGL   ,+99999,+99999","01,99,1,00,1,99,9,99999,9,99,9,99,9",,,"99999,9,10116,1","9,9,999,9,-005,1",,,"SYN05843278 32997 11402 10334 20240 30116 40123 80001 333 59005=","Q01    003SCCGA1"
"43278099999","2023-04-12T09:00:00","4","13.0666666","80.2","7.0","NUMGAMBAKKAM, IN","FM-12","99999","V020","999,9,C,0000,1","22000,1,9,N","010000,1,9,9","+0350,1","+0201,1","10099,1",,,,,,"99,9,+99999,9,00,1",,,,"9,AGL   ,+99999,+99999","01,99,1,00,1,99,9,99999,9,99,9,99,9",,,"99999,9,10092,1","9,9,999,9,-012,1",,,"SYN05843278 32997 10000 10350 20201 30092 40099 80001 333 59012=","Q01    003SCCGA1"
"43278099999","2023-04-12T12:00:00","4","13.0666666","80.2","7.0","NUMGAMBAKKAM, IN","FM-12","99999","V020","140,1,N,0010,1","22000,1,9,N","010000,1,9,9","+0328,1","+0202,1","10095,1",,,,,,"99,9,+99999,9,00,1",,,,"9,AGL   ,+99999,+99999","01,99,1,00,1,99,9,99999,9,99,9,99,9",,,"99999,9,10088,1","9,9,999,9,-014,1",,,"SYN06443278 32997 11402 10328 20202 30088 40095 80001 333 10351 59014=","Q01    003SCCGA1"
"43278099999","2023-04-12T15:00:00","4","13.0666666","80.2","7.0","NUMGAMBAKKAM, IN","FM-12","99999","V020","999,9,C,0000,1","22000,1,9,N","004000,1,9,9","+0292,1","+0246,1","10111,1",,,,,,"99,9,+99999,9,00,1",,,,"9,AGL   ,+99999,+99999","01,99,1,00,1,99,9,99999,9,99,9,99,9",,,"99999,9,10104,1","9,9,999,9,-010,1",,,"SYN05843278 32996 10000 10292 20246 30104 40111 80001 333 59010=","Q01    003SCCGA1"
"43278099999","2023-04-13T00:00:00","4","13.0666666","80.2","7.0","NUMGAMBAKKAM, IN","FM-12","99999","V020","999,9,C,0000,1","22000,1,9,N","004000,1,9,9","+0258,1","+0244,1","10099,1",,,,,,"99,9,+99999,9,00,1",,,,"9,AGL   ,+99999,+99999","01,99,1,00,1,99,9,99999,9,99,9,99,9",,,"99999,9,10092,1","9,9,999,9,-004,1",,,"SYN05843278 32996 10000 10258 20244 30092 40099 80001 333 59004=","Q01    003SCCGA1"
"43278099999","2023-04-13T03:00:00","4","13.0666666","80.2","7.0","NUMGAMBAKKAM, IN","FM-12","99999","V020","999,9,C,0000,1","22000,1,9,N","010000,1,9,9","+0294,1","+0245,1","10118,1",,,,,,"99,9,+99999,9,00,1",,,,"9,AGL   ,+99999,+99999","01,99,1,00,1,99,9,99999,9,99,9,99,9","240,M,+0351,1","240,N,+0253,1","99999,9,10111,1","9,9,999,9,-006,1",,,"SYN08043278 32997 10000 10294 20245 30111 40118 80001 333 10351 20253 59006 555 10053=","Q01    003SCCGA1"
"43278099999","2023-04-13T06:00:00","4","13.0666666","80.2","7.0","NUMGAMBAKKAM, IN","FM-12","99999","V020","160,1,N,0010,1","22000,1,9,N","010000,1,9,9","+0352,1","+0251,1","10113,1",,,,,,"99,9,+99999,9,00,1",,,,"9,AGL   ,+99999,+99999","01,99,1,00,1,99,9,99999,9,99,9,99,9",,,"99999,9,10106,1","9,9,999,9,-010,1",,,"SYN05843278 32997 11602 10352 20251 30106 40113 80001 333 59010=","Q01    003SCCGA1"
"43278099999","2023-04-13T12:00:00","4","13.0666666","80.2","7.0","NUMGAMBAKKAM, IN","FM-12","99999","V020","140,1,N,0010,1","22000,1,9,N","010000,1,9,9","+0326,1","+0217,1","10083,1",,,,,,"99,9,+99999,9,00,1",,,,"9,AGL   ,+99999,+99999","01,99,1,00,1,99,9,99999,9,99,9,99,9",,,"99999,9,10076,1","9,9,999,9,-012,1",,,"SYN06443278 32997 11402 10326 20217 30076 40083 80001 333 10355 59012=","Q01    003SCCGA1"
"43278099999","2023-04-13T15:00:00","4","13.0666666","80.2","7.0","NUMGAMBAKKAM, IN","FM-12","99999","V020","999,9,C,0000,1","22000,1,9,N","004000,1,9,9","+0294,1","+0251,1","10100,1",,,,,,"99,9,+99999,9,00,1",,,,"9,AGL   ,+99999,+99999","01,99,1,00,1,99,9,99999,9,99,9,99,9",,,"99999,9,10093,1","9,9,999,9,-011,1",,,"SYN05843278 32996 10000 10294 20251 30093 40100 80001 333 59011=","Q01    003SCCGA1"
"43278099999","2023-04-14T00:00:00","4","13.0666666","80.2","7.0","NUMGAMBAKKAM, IN","FM-12","99999","V020","250,1,N,0005,1","22000,1,9,N","004000,1,9,9","+0260,1","+0246,1","10105,1",,,,,,"99,9,+99999,9,00,1",,,,"9,AGL   ,+99999,+99999","01,99,1,00,1,99,9,99999,9,99,9,99,9",,,"99999,9,10098,1","9,9,999,9,+006,1",,,"SYN05843278 32996 12501 10260 20246 30098 40105 80001 333 58006=","Q01    003SCCGA1"
"43278099999","2023-04-14T03:00:00","4","13.0666666","80.2","7.0","NUMGAMBAKKAM, IN","FM-12","99999","V020","999,9,V,0010,1","22000,1,9,N","004000,1,9,9","+0298,1","+0253,1","10118,1",,,,,,"99,9,+99999,9,00,1",,,,"9,AGL   ,+99999,+99999","01,99,1,00,1,99,9,99999,9,99,9,99,9","240,M,+0355,1","240,N,+0255,1","99999,9,10111,1","9,9,999,9,+000,1",,,"SYN08043278 32996 19902 10298 20253 30111 40118 80001 333 10355 20255 58000 555 10053=","Q01    003SCCGA1"
"43278099999","2023-04-14T06:00:00","4","13.0666666","80.2","7.0","NUMGAMBAKKAM, IN","FM-12","99999","V020","230,1,N,0015,1","22000,1,9,N","010000,1,9,9","+0354,1","+0266,1","10109,1",,,,,,"99,9,+99999,9,00,1",,,,"9,AGL   ,+99999,+99999","01,99,1,00,1,99,9,99999,9,99,9,99,9",,,"99999,9,10102,1","9,9,999,9,-004,1",,,"SYN05843278 32997 12303 10354 20266 30102 40109 80001 333 59004=","Q01    003SCCGA1"
"43278099999","2023-04-14T09:00:00","4","13.0666666","80.2","7.0","NUMGAMBAKKAM, IN","FM-12","99999","V020","140,1,N,0015,1","22000,1,9,N","010000,1,9,9","+0354,1","+0195,1","10083,1",,,,,,"99,9,+99999,9,00,1",,,,"9,AGL   ,+99999,+99999","01,99,1,00,1,99,9,99999,9,99,9,99,9",,,"99999,9,10076,1","9,9,999,9,-005,1",,,"SYN05843278 32997 11403 10354 20195 30076 40083 80001 333 59005=","Q01    003SCCGA1"
"43278099999","2023-04-14T12:00:00","4","13.0666666","80.2","7.0","NUMGAMBAKKAM, IN","FM-12","99999","V020","140,1,N,0010,1","22000,1,9,N","010000,1,9,9","+0330,1","+0194,1","10074,1",,,,,,"99,9,+99999,9,00,1",,,,"9,AGL   ,+99999,+99999","01,99,1,00,1,99,9,99999,9,99,9,99,9","240,M,+0367,1",,"99999,9,10067,1","9,9,999,9,-009,1",,,"SYN06443278 32997 11402 10330 20194 30067 40074 80001 333 10367 59009=","Q01    003SCCGA1"
"43278099999","2023-04-14T15:00:00","4","13.0666666","80.2","7.0","NUMGAMBAKKAM, IN","FM-12","99999","V020","140,1,N,0010,1","22000,1,9,N","004000,1,9,9","+0298,1","+0244,1","10090,1",,,,,,"99,9,+99999,9,00,1",,,,"9,AGL   ,+99999,+99999","01,99,1,00,1,99,9,99999,9,99,9,99,9",,,"99999,9,10083,1","9,9,999,9,-010,1",,,"SYN05843278 32996 11402 10298 20244 30083 40090 80001 333 59010=","Q01    003SCCGA1"
"43278099999","2023-04-15T00:00:00","4","13.0666666","80.2","7.0","NUMGAMBAKKAM, IN","FM-12","99999","V020","090,1,N,0005,1","22000,1,9,N","004000,1,9,9","+0264,1","+0250,1","10095,1",,,,,,"99,9,+99999,9,00,1",,,,"9,AGL   ,+99999,+99999","01,99,1,00,1,99,9,99999,9,99,9,99,9",,,"99999,9,10095,1","9,9,999,9,-003,1",,,"SYN05843278 32996 10901 10264 20250 30095 40095 80001 333 59003=","Q01    003SCCGA1"
"43278099999","2023-04-15T03:00:00","4","13.0666666","80.2","7.0","NUMGAMBAKKAM, IN","FM-12","99999","V020","230,1,N,0015,1","22000,1,9,N","010000,1,9,9","+0302,1","+0254,1","10117,1",,,,,,"99,9,+99999,9,00,1",,,,"9,AGL   ,+99999,+99999","01,99,1,00,1,99,9,99999,9,99,9,99,9","240,M,+0367,1","240,N,+0257,1","99999,9,10110,1","9,9,999,9,-001,1",,,"SYN07043278 32997 12303 10302 20254 30110 40117 80001 333 10367 20257 59001=","Q01    003SCCGA1"
"43278099999","2023-04-15T06:00:00","4","13.0666666","80.2","7.0","NUMGAMBAKKAM, IN","FM-12","99999","V020","160,1,N,0005,1","22000,1,9,N","010000,1,9,9","+0352,1","+0210,1","10109,1",,,,,,"99,9,+99999,9,00,1",,,,"9,AGL   ,+99999,+99999","02,99,1,00,1,99,9,99999,9,99,9,99,9",,,"99999,9,10102,1","9,9,999,9,+002,1",,,"SYN05843278 32997 21601 10352 20210 30102 40109 80001 333 58002=","Q01    003SCCGA1"
"43278099999","2023-04-15T09:00:00","4","13.0666666","80.2","7.0","NUMGAMBAKKAM, IN","FM-12","99999","V020","140,1,N,0010,1","22000,1,9,N","010000,1,9,9","+0348,1","+0220,1","10084,1",,,,,,"99,9,+00800,1,00,1",,,,"9,AGL   ,+99999,+99999","02,99,1,00,1,99,9,00800,1,99,9,99,9",,,"99999,9,10077,1","9,9,999,9,+001,1",,,"SYN05843278 32597 21402 10348 20220 30077 40084 80001 333 58001=","Q01    003SCCGA1"
"43278099999","2023-04-15T12:00:00","4","13.0666666","80.2","7.0","NUMGAMBAKKAM, IN","FM-12","99999","V020","140,1,N,0010,1","22000,1,9,N","010000,1,9,9","+0326,1","+0194,1","10078,1",,,,,,"01,1,+02250,1,06,1","99,9,+99999,9,05,1","99,9,+99999,9,00,1",,"9,AGL   ,+99999,+99999","03,99,1,01,1,99,9,02250,1,99,9,99,9",,,"99999,9,10071,1","9,9,999,9,+004,1",,,"SYN06443278 32897 31402 10326 20194 30071 40078 81521 333 10357 58004=",
"43278099999","2023-04-15T15:00:00","4","13.0666666","80.2","7.0","NUMGAMBAKKAM, IN","FM-12","99999","V020","140,1,N,0010,1","22000,1,9,N","004000,1,9,9","+0304,1","+0250,1","10086,1",,,,,,"99,9,+99999,9,00,1",,,,"9,AGL   ,+99999,+99999","02,99,1,00,1,99,9,99999,9,99,9,99,9",,,"99999,9,10079,1","9,9,999,9,-004,1",,,"SYN05843278 32996 21402 10304 20250 30079 40086 80001 333 59004=","Q01    003SCCGA1"
"43278099999","2023-04-16T00:00:00","4","13.0666666","80.2","7.0","NUMGAMBAKKAM, IN","FM-12","99999","V020","250,1,N,0005,1","22000,1,9,N","004000,1,9,9","+0272,1","+0252,1","10079,1",,,,,,"99,9,+99999,9,00,1",,,,"9,AGL   ,+99999,+99999","02,99,1,00,1,99,9,99999,9,99,9,99,9",,,"99999,9,10071,1","9,9,999,9,-017,1",,,"SYN05843278 32996 22501 10272 20252 30071 40079 80001 333 59017=","Q01    003SCCGA1"
"43278099999","2023-04-16T03:00:00","4","13.0666666","80.2","7.0","NUMGAMBAKKAM, IN","FM-12","99999","V020","230,1,N,0015,1","22000,1,9,N","010000,1,9,9","+0304,1","+0241,1","10093,1",,,,,,"99,9,+99999,9,00,1",,,,"9,AGL   ,+99999,+99999","02,99,1,00,1,99,9,99999,9,99,9,99,9","240,M,+0357,1","240,N,+0268,1","99999,9,10086,1","9,9,999,9,-024,1",,,"SYN08043278 32997 22303 10304 20241 30086 40093 80001 333 10357 20268 59024 555 10053=","Q01    003SCCGA1"
"43278099999","2023-04-16T09:00:00","4","13.0666666","80.2","7.0","NUMGAMBAKKAM, IN","FM-12","99999","V020","140,1,N,0015,1","22000,1,9,N","010000,1,9,9","+0352,1","+0241,1","10069,1",,,,,,"99,9,+00800,1,00,1",,,,"9,AGL   ,+99999,+99999","01,99,1,00,1,99,9,00800,1,99,9,99,9",,,"99999,9,10062,1","9,9,999,9,-015,1",,,"SYN05843278 32597 11403 10352 20241 30062 40069 80001 333 59015=","Q01    003SCCGA1"
"43278099999","2023-04-16T15:00:00","4","13.0666666","80.2","7.0","NUMGAMBAKKAM, IN","FM-12","99999","V020","140,1,N,0010,1","22000,1,9,N","004000,1,9,9","+0298,1","+0253,1","10075,1",,,,,,"99,9,+99999,9,00,1",,,,"9,AGL   ,+99999,+99999","01,99,1,00,1,99,9,99999,9,99,9,99,9",,,"99999,9,10068,1","9,9,999,9,-011,1",,,"SYN05843278 32996 11402 10298 20253 30068 40075 80001 333 59011=","Q01    003SCCGA1"
"43278099999","2023-04-17T00:00:00","4","13.0666666","80.2","7.0","NUMGAMBAKKAM, IN","FM-12","99999","V020","230,1,N,0010,1","22000,1,9,N","004000,1,9,9","+0270,1","+0250,1","10069,1",,,,,,"99,9,+99999,9,00,1",,,,"9,AGL   ,+99999,+99999","01,99,1,00,1,99,9,99999,9,99,9,99,9",,,"99999,9,10062,1","9,9,999,9,-009,1",,,"SYN05843278 32996 12302 10270 20250 30062 40069 80001 333 59009=","Q01    003SCCGA1"
"43278099999","2023-04-17T03:00:00","4","13.0666666","80.2","7.0","NUMGAMBAKKAM, IN","FM-12","99999","V020","160,1,N,0010,1","22000,1,9,N","010000,1,9,9","+0308,1","+0236,1","10092,1",,,,,,"99,9,+99999,9,00,1",,,,"9,AGL   ,+99999,+99999","01,99,1,00,1,99,9,99999,9,99,9,99,9","240,M,+0360,1","240,N,+0266,1","99999,9,10085,1","9,9,999,9,-001,1",,,"SYN08043278 32997 11602 10308 20236 30085 40092 80001 333 10360 20266 59001 555 10053=","Q01    003SCCGA1"
"43278099999","2023-04-17T06:00:00","4","13.0666666","80.2","7.0","NUMGAMBAKKAM, IN","FM-12","99999","V020","200,1,N,0010,1","22000,1,9,N","010000,1,9,9","+0358,1","+0200,1","10084,1",,,,,,"99,9,+99999,9,00,1",,,,"9,AGL   ,+99999,+99999","01,99,1,00,1,99,9,99999,9,99,9,99,9",,,"99999,9,10077,1","9,9,999,9,-004,1",,,"SYN05843278 32997 12002 10358 20200 30077 40084 80001 333 59004=","Q01    003SCCGA1"
"43278099999","2023-04-17T09:00:00","4","13.0666666","80.2","7.0","NUMGAMBAKKAM, IN","FM-12","99999","V020","140,1,N,0010,1","22000,1,9,N","010000,1,9,9","+0352,1","+0221,1","10075,1",,,,,,"99,9,+99999,9,00,1",,,,"9,AGL   ,+99999,+99999","01,99,1,00,1,99,9,99999,9,99,9,99,9",,,"99999,9,10068,1","9,9,999,9,+006,1",,,"SYN05843278 32997 11402 10352 20221 30068 40075 80001 333 58006=","Q01    003SCCGA1"
"43278099999","2023-04-17T12:00:00","4","13.0666666","80.2","7.0","NUMGAMBAKKAM, IN","FM-12","99999","V020","140,1,N,0010,1","22000,1,9,N","010000,1,9,9","+0322,1","+0226,1","10072,1",,,,,,"99,9,+99999,9,00,1",,,,"9,AGL   ,+99999,+99999","01,99,1,00,1,99,9,99999,9,99,9,99,9",,,"99999,9,10065,1","9,9,999,9,+008,1",,,"SYN06443278 32997 11402 10322 20226 30065 40072 80001 333 10362 58008=","Q01    003SCCGA1"
"43278099999","2023-04-17T15:00:00","4","13.0666666","80.2","7.0","NUMGAMBAKKAM, IN","FM-12","99999","V020","140,1,N,0021,1","22000,1,9,N","004000,1,9,9","+0292,1","+0260,1","10091,1",,,,,,"99,9,+99999,9,00,1",,,,"9,AGL   ,+99999,+99999","01,99,1,00,1,99,9,99999,9,99,9,99,9",,,"99999,9,10084,1","9,9,999,9,+016,1",,,"SYN05843278 32996 11404 10292 20260 30084 40091 80001 333 58016=","Q01    003SCCGA1"
"43278099999","2023-04-18T03:00:00","4","13.0666666","80.2","7.0","NUMGAMBAKKAM, IN","FM-12","99999","V020","200,1,N,0015,1","22000,1,9,N","010000,1,9,9","+0300,1","+0246,1","10115,1",,,,,,"99,9,+99999,9,00,1",,,,"9,AGL   ,+99999,+99999","01,99,1,00,1,99,9,99999,9,99,9,99,9","240,M,+0362,1","240,N,+0263,1","99999,9,10108,1","9,9,999,9,+023,1",,,"SYN08043278 32997 12003 10300 20246 30108 40115 80001 333 10362 20263 58023 555 10053=","Q01    003SCCGA1"
"43278099999","2023-04-18T09:00:00","4","13.0666666","80.2","7.0","NUMGAMBAKKAM, IN","FM-12","99999","V020","140,1,N,0010,1","22000,1,9,N","010000,1,9,9","+0338,1","+0244,1","10091,1",,,,,,"99,9,+99999,9,00,1",,,,"9,AGL   ,+99999,+99999","01,99,1,00,1,99,9,99999,9,99,9,99,9",,,"99999,9,10084,1","9,9,999,9,+016,1",,,"SYN05843278 32997 11402 10338 20244 30084 40091 80001 333 58016=","Q01    003SCCGA1"
"43278099999","2023-04-18T12:00:00","4","13.0666666","80.2","7.0","NUMGAMBAKKAM, IN","FM-12","99999","V020","140,1,N,0010,1","22000,1,9,N","010000,1,9,9","+0316,1","+0251,1","10083,1",,,,,,"99,9,+99999,9,00,1",,,,"9,AGL   ,+99999,+99999","01,99,1,00,1,99,9,99999,9,99,9,99,9",,,"99999,9,10076,1","9,9,999,9,+011,1",,,"SYN06443278 32997 11402 10316 20251 30076 40083 80001 333 10342 58011=","Q01    003SCCGA1"
"43278099999","2023-04-18T15:00:00","4","13.0666666","80.2","7.0","NUMGAMBAKKAM, IN","FM-12","99999","V020","180,1,N,0010,1","22000,1,9,N","004000,1,9,9","+0294,1","+0260,1","10093,1",,,,,,"99,9,+99999,9,00,1",,,,"9,AGL   ,+99999,+99999","01,99,1,00,1,99,9,99999,9,99,9,99,9",,,"99999,9,10086,1","9,9,999,9,+002,1",,,"SYN05843278 32996 11802 10294 20260 30086 40093 80001 333 58002=","Q01    003SCCGA1"
"43278099999","2023-04-19T00:00:00","4","13.0666666","80.2","7.0","NUMGAMBAKKAM, IN","FM-12","99999","V020","230,1,N,0010,1","99999,9,9,N","004000,1,9,9","+0274,1","+0254,1","10079,1",,,,,,"04,1,+00800,1,06,1","99,9,+99999,9,00,1",,,"9,AGL   ,+99999,+99999","05,99,1,04,1,99,9,00800,1,99,9,99,9",,,"99999,9,10072,1","9,9,999,9,-012,1",,,"SYN05843278 32596 52302 10274 20254 30072 40079 84501 333 59012=",
"43278099999","2023-04-19T03:00:00","4","13.0666666","80.2","7.0","NUMGAMBAKKAM, IN","FM-12","99999","V020","230,1,N,0010,1","99999,9,9,N","010000,1,9,9","+0300,1","+0255,1","10102,1",,,,,,"03,1,+00800,1,06,1","99,9,+99999,9,03,1","99,9,+99999,9,00,1",,"9,AGL   ,+99999,+99999","05,99,1,03,1,99,9,00800,1,99,9,99,9","240,M,+0342,1","240,N,+0271,1","99999,9,10095,1","9,9,999,9,-013,1",,,"SYN08043278 32597 52302 10300 20255 30095 40102 83531 333 10342 20271 59013 555 10053=",
"43278099999","2023-04-19T06:00:00","4","13.0666666","80.2","7.0","NUMGAMBAKKAM, IN","FM-12","99999","V020","250,1,N,0010,1","22000,1,9,N","010000,1,9,9","+0354,1","+0213,1","10092,1",,,,,,"99,9,+99999,9,00,1",,,,"9,AGL   ,+99999,+99999","01,99,1,00,1,99,9,99999,9,99,9,99,9",,,"99999,9,10085,1","9,9,999,9,-021,1",,,"SYN05843278 32997 12502 10354 20213 30085 40092 80001 333 59021=","Q01    003SCCGA1"
"43278099999","2023-04-19T09:00:00","4","13.0666666","80.2","7.0","NUMGAMBAKKAM, IN","FM-12","99999","V020","140,1,N,0010,1","22000,1,9,N","010000,1,9,9","+0350,1","+0252,1","10059,1",,,,,,"99,9,+99999,9,00,1",,,,"9,AGL   ,+99999,+99999","01,99,1,00,1,99,9,99999,9,99,9,99,9",,,"99999,9,10052,1","9,9,999,9,-032,1",,,"SYN05843278 32997 11402 10350 20252 30052 40059 80001 333 59032=","Q01    003SCCGA1"
"43278099999","2023-04-19T12:00:00","4","13.0666666","80.2","7.0","NUMGAMBAKKAM, IN","FM-12","99999","V020","140,1,N,0015,1","22000,1,9,N","010000,1,9,9","+0322,1","+0245,1","10052,1",,,,,,"99,9,+99999,9,00,1",,,,"9,AGL   ,+99999,+99999","01,99,1,00,1,99,9,99999,9,99,9,99,9",,,"99999,9,10045,1","9,9,999,9,-031,1",,,"SYN06443278 32997 11403 10322 20245 30045 40052 80001 333 10361 59031=","Q01    003SCCGA1"
"43278099999","2023-04-19T15:00:00","4","13.0666666","80.2","7.0","NUMGAMBAKKAM, IN","FM-12","99999","V020","140,1,N,0010,1","22000,1,9,N","004000,1,9,9","+0298,1","+0265,1","10065,1",,,,,,"99,9,+99999,9,00,1",,,,"9,AGL   ,+99999,+99999","01,99,1,00,1,99,9,99999,9,99,9,99,9",,,"99999,9,10058,1","9,9,999,9,-028,1",,,"SYN05843278 32996 11402 10298 20265 30058 40065 80001 333 59028=","Q01    003SCCGA1"
"43278099999","2023-04-20T00:00:00","4","13.0666666","80.2","7.0","NUMGAMBAKKAM, IN","FM-12","99999","V020","200,1,N,0010,1","22000,1,9,N","004000,1,9,9","+0282,1","+0259,1","10057,1",,,,,,"03,1,+00800,1,06,1","99,9,+99999,9,00,1",,,"9,AGL   ,+99999,+99999","04,99,1,03,1,99,9,00800,1,99,9,99,9",,,"99999,9,10050,1","9,9,999,9,-022,1",,,"SYN05843278 32596 42002 10282 20259 30050 40057 83501 333 59022=",
"43278099999","2023-04-20T03:00:00","4","13.0666666","80.2","7.0","NUMGAMBAKKAM, IN","FM-12","99999","V020","230,1,N,0015,1","22000,1,9,N","010000,1,9,9","+0310,1","+0254,1","10067,1",,,,,,"02,1,+00800,1,06,1","99,9,+99999,9,00,1",,,"9,AGL   ,+99999,+99999","03,99,1,02,1,99,9,00800,1,99,9,99,9","240,M,+0361,1","240,N,+0282,1","99999,9,10060,1","9,9,999,9,-035,1",,,"SYN08043278 32597 32303 10310 20254 30060 40067 82501 333 10361 20282 59035 555 10053=",
"43278099999","2023-04-20T06:00:00","4","13.0666666","80.2","7.0","NUMGAMBAKKAM, IN","FM-12","99999","V020","230,1,N,0005,1","22000,1,9,N","010000,1,9,9","+0364,1","+0200,1","10063,1",,,,,,"99,9,+99999,9,00,1",,,,"9,AGL   ,+99999,+99999","01,99,1,00,1,99,9,99999,9,99,9,99,9",,,"99999,9,10056,1","9,9,999,9,-029,1",,,"SYN05843278 32997 12301 10364 20200 30056 40063 80001 333 59029=","Q01    003SCCGA1"
"43278099999","2023-04-20T09:00:00","4","13.0666666","80.2","7.0","NUMGAMBAKKAM, IN","FM-12","99999","V020","200,1,N,0010,1","22000,1,9,N","010000,1,9,9","+0354,1","+0260,1","10041,1",,,,,,"99,9,+99999,9,00,1",,,,"9,AGL   ,+99999,+99999","01,99,1,00,1,99,9,99999,9,99,9,99,9",,,"99999,9,10034,1","9,9,999,9,-018,1",,,"SYN05843278 32997 12002 10354 20260 30034 40041 80001 333 59018=","Q01    003SCCGA1"
"43278099999","2023-04-20T12:00:00","4","13.0666666","80.2","7.0","NUMGAMBAKKAM, IN","FM-12","99999","V020","140,1,N,0015,1","22000,1,9,N","010000,1,9,9","+0324,1","+0257,1","10036,1",,,,,,"99,9,+99999,9,00,1",,,,"9,AGL   ,+99999,+99999","01,99,1,00,1,99,9,99999,9,99,9,99,9",,,"99999,9,10029,1","9,9,999,9,-016,1",,,"SYN06443278 32997 11403 10324 20257 30029 40036 80001 333 10381 59016=","Q01    003SCCGA1"
"43278099999","2023-04-20T15:00:00","4","13.0666666","80.2","7.0","NUMGAMBAKKAM, IN","FM-12","99999","V020","999,9,C,0000,1","22000,1,9,N","004000,1,9,9","+0302,1","+0272,1","10046,1",,,,,,"99,9,+99999,9,00,1",,,,"9,AGL   ,+99999,+99999","01,99,1,00,1,99,9,99999,9,99,9,99,9",,,"99999,9,10039,1","9,9,999,9,-019,1",,,"SYN05843278 32996 10000 10302 20272 30039 40046 80001 333 59019=","Q01    003SCCGA1"
"43278099999","2023-04-21T00:00:00","4","13.0666666","80.2","7.0","NUMGAMBAKKAM, IN","FM-12","99999","V020","180,1,N,0015,1","22000,1,9,N","004000,1,9,9","+0286,1","+0258,1","10040,1",,,,,,"01,1,+00800,1,08,1","99,9,+99999,9,00,1",,,"9,AGL   ,+99999,+99999","02,99,1,01,1,99,9,00800,1,99,9,99,9",,,"99999,9,10033,1","9,9,999,9,-017,1",,,"SYN05843278 32596 21803 10286 20258 30033 40040 81101 333 59017=",
"43278099999","2023-04-21T06:00:00","4","13.0666666","80.2","7.0","NUMGAMBAKKAM, IN","FM-12","99999","V020","230,1,N,0010,1","22000,1,9,N","010000,1,9,9","+0364,1","+0229,1","10061,1",,,,,,"01,1,+00800,1,06,1","99,9,+99999,9,00,1",,,"9,AGL   ,+99999,+99999","02,99,1,01,1,99,9,00800,1,99,9,99,9",,,"99999,9,10054,1","9,9,999,9,-002,1",,,"SYN05843278 32597 22302 10364 20229 30054 40061 81501 333 59002=",
"43278099999","2023-04-21T09:00:00","4","13.0666666","80.2","7.0","NUMGAMBAKKAM, IN","FM-12","99999","V020","140,1,N,0021,1","22000,1,9,N","010000,1,9,9","+0350,1","+0267,1","10044,1",,,,,,"99,9,+99999,9,00,1",,,,"9,AGL   ,+99999,+99999","01,99,1,00,1,99,9,99999,9,99,9,99,9",,,"99999,9,10037,1","9,9,999,9,+003,1",,,"SYN05843278 32997 11404 10350 20267 30037 40044 80001 333 58003=","Q01    003SCCGA1"
"43278099999","2023-04-21T12:00:00","4","13.0666666","80.2","7.0","NUMGAMBAKKAM, IN","FM-12","99999","V020","180,1,N,0015,1","99999,9,9,N","010000,1,9,9","+0316,1","+0272,1","10044,1",,,,,,"01,1,+00800,1,06,1","99,9,+99999,9,03,1","99,9,+99999,9,00,1",,"9,AGL   ,+99999,+99999","05,99,1,01,1,99,9,00800,1,99,9,99,9",,,"99999,9,10037,1","9,9,999,9,+008,1",,,"SYN06443278 32597 51803 10316 20272 30037 40044 81571 333 10371 58008=",
"43278099999","2023-04-21T15:00:00","4","13.0666666","80.2","7.0","NUMGAMBAKKAM, IN","FM-12","99999","V020","230,1,N,0010,1","22000,1,9,N","004000,1,9,9","+0308,1","+0269,1","10056,1",,,,,,"99,9,+99999,9,00,1",,,,"9,AGL   ,+99999,+99999","01,99,1,00,1,99,9,99999,9,99,9,99,9",,,"99999,9,10049,1","9,9,999,9,+010,1",,,"SYN05843278 32996 12302 10308 20269 30049 40056 80001 333 58010=","Q01    003SCCGA1"
"43278099999","2023-04-21T21:00:00","4","13.0666666","80.2","7.0","NUMGAMBAKKAM, IN","FM-12","99999","V020","200,1,N,0005,1","22000,1,9,N","004000,1,9,9","+0290,1","+0262,1","10055,1",,,,,,"99,9,+99999,9,00,1",,,,"9,AGL   ,+99999,+99999","02,99,1,00,1,99,9,99999,9,99,9,99,9",,,"99999,9,10048,1","9,9,999,9,+015,1",,,"SYN05843278 32996 22001 10290 20262 30048 40055 80001 333 58015=","Q01    003SCCGA1"
"43278099999","2023-04-22T03:00:00","4","13.0666666","80.2","7.0","NUMGAMBAKKAM, IN","FM-12","99999","V020","230,1,N,0010,1","99999,9,9,N","010000,1,9,9","+0314,1","+0264,1","10078,1",,,,,,"02,1,+00800,1,06,1","99,9,+99999,9,03,1","99,9,+99999,9,00,1",,"9,AGL   ,+99999,+99999","05,99,1,02,1,99,9,00800,1,99,9,99,9","240,M,+0371,1","240,N,+0289,1","99999,9,10071,1","9,9,999,9,+013,1",,,"SYN08043278 32597 52302 10314 20264 30071 40078 82571 333 10371 20289 58013 555 10053=",
"43278099999","2023-04-22T06:00:00","4","13.0666666","80.2","7.0","NUMGAMBAKKAM, IN","FM-12","99999","V020","180,1,N,0010,1","22000,1,9,N","010000,1,9,9","+0348,1","+0265,1","10075,1",,,,,,"02,1,+00800,1,06,1","99,9,+99999,9,00,1",,,"9,AGL   ,+99999,+99999","03,99,1,02,1,99,9,00800,1,99,9,99,9",,,"99999,9,10068,1","9,9,999,9,+014,1",,,"SYN05843278 32597 31802 10348 20265 30068 40075 82501 333 58014=",
"43278099999","2023-04-22T09:00:00","4","13.0666666","80.2","7.0","NUMGAMBAKKAM, IN","FM-12","99999","V020","140,1,N,0015,1","99999,9,9,N","010000,1,9,9","+0330,1","+0260,1","10054,1",,"9,1,02,1","2,1,02,1",,,"04,1,+00800,1,09,1","99,9,+99999,9,03,1","99,9,+99999,9,00,1",,"9,AGL   ,+99999,+99999","08,99,1,04,1,99,9,00800,1,99,9,99,9",,,"99999,9,10047,1","9,9,999,9,+010,1",,"92,1","SYN06443278 31597 81403 10330 20260 30047 40054 79292 84372 333 58010=",
"43278099999","2023-04-22T12:00:00","4","13.0666666","80.2","7.0","NUMGAMBAKKAM, IN","FM-12","99999","V020","140,1,N,0015,1","22000,1,9,N","010000,1,9,9","+0308,1","+0269,1","10040,1","09,0010,3,1","9,1,02,1","1,1,02,1",,,"02,1,+00800,1,06,1","99,9,+99999,9,03,1","99,9,+99999,9,00,1",,"9,AGL   ,+99999,+99999","04,99,1,02,1,99,9,00800,1,99,9,99,9",,,"99999,9,10033,1","9,9,999,9,-004,1",,"01,1","SYN07643278 21597 41403 10308 20269 30033 40040 70191 82531 333 10354 59004 6001/=",
"43278099999","2023-04-22T15:00:00","4","13.0666666","80.2","7.0","NUMGAMBAKKAM, IN","FM-12","99999","V020","140,1,N,0015,1","22000,1,9,N","004000,1,9,9","+0300,1","+0264,1","10049,1","12,0010,3,1",,,,,"01,1,+00800,1,06,1","99,9,+99999,9,00,1",,,"9,AGL   ,+99999,+99999","03,99,1,01,1,99,9,00800,1,99,9,99,9",,,"99999,9,10042,1","9,9,999,9,-007,1",,,"SYN06443278 22596 31403 10300 20264 30042 40049 81501 333 59007 6001/=",
"43278099999","2023-04-23T00:00:00","4","13.0666666","80.2","7.0","NUMGAMBAKKAM, IN","FM-12","99999","V020","999,9,V,0010,1","22000,1,9,N","004000,1,9,9","+0290,1","+0265,1","10055,1","21,0010,3,1",,,,,"99,9,+99999,9,00,1",,,,"9,AGL   ,+99999,+99999","01,99,1,00,1,99,9,99999,9,99,9,99,9",,,"99999,9,10048,1","9,9,999,9,+000,1",,,"SYN06443278 22996 19902 10290 20265 30048 40055 80001 333 58000 6001/=","Q01    003SCCGA1"
"43278099999","2023-04-23T03:00:00","4","13.0666666","80.2","7.0","NUMGAMBAKKAM, IN","FM-12","99999","V020","230,1,N,0015,1","22000,1,9,N","010000,1,9,9","+0316,1","+0263,1","10074,1","24,0010,3,1",,,,,"01,1,+00800,1,06,1","99,9,+99999,9,03,1","99,9,+99999,9,00,1",,"9,AGL   ,+99999,+99999","04,99,1,01,1,99,9,00800,1,99,9,99,9","240,M,+0354,1","240,N,+0289,1","99999,9,10067,1","9,9,999,9,-004,1",,,"SYN09243278 22597 42303 10316 20263 30067 40074 81531 333 10354 20289 59004 6001/ 555 00015 10054=",
"43278099999","2023-04-23T09:00:00","4","13.0666666","80.2","7.0","NUMGAMBAKKAM, IN","FM-12","99999","V020","140,1,N,0015,1","22000,1,9,N","010000,1,9,9","+0344,1","+0267,1","10048,1",,,,,,"99,9,+99999,9,00,1",,,,"9,AGL   ,+99999,+99999","02,99,1,00,1,99,9,99999,9,99,9,99,9",,,"99999,9,10041,1","9,9,999,9,-006,1",,,"SYN05843278 32997 21403 10344 20267 30041 40048 80001 333 59006=","Q01    003SCCGA1"
"43278099999","2023-04-23T12:00:00","4","13.0666666","80.2","7.0","NUMGAMBAKKAM, IN","FM-12","99999","V020","140,1,N,0015,1","99999,9,9,N","010000,1,9,9","+0312,1","+0262,1","10041,1",,,,,,"02,1,+00800,1,06,1","99,9,+99999,9,03,1","99,9,+99999,9,00,1",,"9,AGL   ,+99999,+99999","06,99,1,02,1,99,9,00800,1,99,9,99,9",,,"99999,9,10034,1","9,9,999,9,+001,1",,,"SYN06443278 32597 61403 10312 20262 30034 40041 82532 333 10352 58001=",
"43278099999","2023-04-23T15:00:00","4","13.0666666","80.2","7.0","NUMGAMBAKKAM, IN","FM-12","99999","V020","140,1,N,0021,1","99999,9,9,N","004000,1,9,9","+0304,1","+0265,1","10062,1","12,0000,2,1","9,1,02,1","5,1,02,1",,,"04,1,+00800,1,06,1","99,9,+99999,9,03,1",,,"9,AGL   ,+99999,+99999","06,99,1,04,1,99,9,00800,1,99,9,99,9",,,"99999,9,10055,1","9,9,999,9,+013,1",,"50,1","SYN07043278 21596 61404 10304 20265 30055 40062 75095 84570 333 58013 6990/=",
"43278099999","2023-04-24T03:00:00","4","13.0666666","80.2","7.0","NUMGAMBAKKAM, IN","FM-12","99999","V020","230,1,N,0010,1","99999,9,9,N","010000,1,9,9","+0306,1","+0255,1","10088,1","24,0000,2,1",,,,,"02,1,+00800,1,06,1","99,9,+99999,9,03,1","99,9,+99999,9,00,1",,"9,AGL   ,+99999,+99999","06,99,1,02,1,99,9,00800,1,99,9,99,9","240,M,+0352,1","240,N,+0276,1","99999,9,10081,1","9,9,999,9,+014,1",,,"SYN08643278 22597 62302 10306 20255 30081 40088 82532 333 10352 20276 58014 6990/ 555 10054=",
"43278099999","2023-04-24T06:00:00","4","13.0666666","80.2","7.0","NUMGAMBAKKAM, IN","FM-12","99999","V020","140,1,N,0010,1","22000,1,9,N","010000,1,9,9","+0342,1","+0258,1","10085,1",,,,,,"02,1,+00800,1,06,1","99,9,+99999,9,00,1",,,"9,AGL   ,+99999,+99999","04,99,1,02,1,99,9,00800,1,99,9,99,9",,,"99999,9,10078,1","9,9,999,9,+020,1",,,"SYN05843278 32597 41402 10342 20258 30078 40085 82401 333 58020=",
"43278099999","2023-04-24T09:00:00","4","13.0666666","80.2","7.0","NUMGAMBAKKAM, IN","FM-12","99999","V020","110,1,N,0026,1","22000,1,9,N","010000,1,9,9","+0344,1","+0264,1","10071,1",,,,,,"02,1,+00800,1,06,1","99,9,+99999,9,00,1",,,"9,AGL   ,+99999,+99999","03,99,1,02,1,99,9,00800,1,99,9,99,9",,,"99999,9,10064,1","9,9,999,9,+023,1",,,"SYN05843278 32597 31105 10344 20264 30064 40071 82501 333 58023=",
"43278099999","2023-04-24T12:00:00","4","13.0666666","80.2","7.0","NUMGAMBAKKAM, IN","FM-12","99999","V020","140,1,N,0026,1","99999,9,9,N","010000,1,9,9","+0312,1","+0268,1","10065,1",,,,,,"03,1,+00800,1,08,1","99,9,+99999,9,03,1","99,9,+99999,9,00,1",,"9,AGL   ,+99999,+99999","07,99,1,03,1,99,9,00800,1,99,9,99,9",,,"99999,9,10058,1","9,9,999,9,+024,1",,,"SYN06443278 32597 71405 10312 20268 30058 40065 83872 333 10357 58024=",
"43278099999","2023-04-24T15:00:00","4","13.0666666","80.2","7.0","NUMGAMBAKKAM, IN","FM-12","99999","V020","140,1,N,0015,1","99999,9,9,N","004000,1,9,9","+0306,1","+0264,1","10073,1",,,,,,"03,1,+00800,1,06,1","99,9,+99999,9,00,1",,,"9,AGL   ,+99999,+99999","05,99,1,03,1,99,9,00800,1,99,9,99,9",,,"99999,9,10066,1","9,9,999,9,+011,1",,,"SYN05843278 32596 51403 10306 20264 30066 40073 83502 333 58011=",
"43278099999","2023-04-25T00:00:00","4","13.0666666","80.2","7.0","NUMGAMBAKKAM, IN","FM-12","99999","V020","140,1,N,0010,1","22000,1,9,N","004000,1,9,9","+0294,1","+0269,1","10082,1",,,,,,"02,1,+00800,1,06,1","99,9,+99999,9,00,1",,,"9,AGL   ,+99999,+99999","04,99,1,02,1,99,9,00800,1,99,9,99,9",,,"99999,9,10075,1","9,9,999,9,+018,1",,,"SYN05843278 32596 41402 10294 20269 30075 40082 82501 333 58018=",
"43278099999","2023-04-25T03:00:00","4","13.0666666","80.2","7.0","NUMGAMBAKKAM, IN","FM-12","99999","V020","140,1,N,0010,1","22000,1,9,N","010000,1,9,9","+0320,1","+0261,1","10099,1",,,,,,"02,1,+00800,1,06,1","99,9,+99999,9,00,1",,,"9,AGL   ,+99999,+99999","03,99,1,02,1,99,9,00800,1,99,9,99,9","240,M,+0357,1","240,N,+0292,1","99999,9,10092,1","9,9,999,9,+011,1",,,"SYN08043278 32597 31402 10320 20261 30092 40099 82401 333 10357 20292 58011 555 10054=",
"43278099999","2023-04-25T09:00:00","4","13.0666666","80.2","7.0","NUMGAMBAKKAM, IN","FM-12","99999","V020","090,1,N,0010,1","22000,1,9,N","010000,1,9,9","+0338,1","+0260,1","10084,1",,,,,,"01,1,+00800,1,06,1","99,9,+99999,9,03,1","99,9,+99999,9,00,1",,"9,AGL   ,+99999,+99999","04,99,1,01,1,99,9,00800,1,99,9,99,9",,,"99999,9,10077,1","9,9,999,9,+013,1",,,"SYN05843278 32597 40902 10338 20260 30077 40084 81571 333 58013=",
"43278099999","2023-04-25T12:00:00","4","13.0666666","80.2","7.0","NUMGAMBAKKAM, IN","FM-12","99999","V020","090,1,N,0010,1","22000,1,9,N","010000,1,9,9","+0314,1","+0267,1","10069,1",,,,,,"01,1,+00800,1,06,1","99,9,+99999,9,03,1","99,9,+99999,9,00,1",,"9,AGL   ,+99999,+99999","03,99,1,01,1,99,9,00800,1,99,9,99,9",,,"99999,9,10062,1","9,9,999,9,+004,1",,,"SYN06443278 32597 30902 10314 20267 30062 40069 81531 333 10347 58004=",
"43278099999","2023-04-25T15:00:00","4","13.0666666","80.2","7.0","NUMGAMBAKKAM, IN","FM-12","99999","V020","140,1,N,0010,1","22000,1,9,N","004000,1,9,9","+0300,1","+0252,1","10088,1",,,,,,"99,9,+99999,9,00,1",,,,"9,AGL   ,+99999,+99999","01,99,1,00,1,99,9,99999,9,99,9,99,9",,,"99999,9,10081,1","9,9,999,9,+015,1",,,"SYN05843278 32996 11402 10300 20252 30081 40088 80001 333 58015=","Q01    003SCCGA1"
"43278099999","2023-04-26T00:00:00","4","13.0666666","80.2","7.0","NUMGAMBAKKAM, IN","FM-12","99999","V020","070,1,N,0005,1","22000,1,9,N","004000,1,9,9","+0274,1","+0254,1","10091,1",,,,,,"02,1,+00800,1,06,1","99,9,+99999,9,00,1",,,"9,AGL   ,+99999,+99999","04,99,1,02,1,99,9,00800,1,99,9,99,9",,,"99999,9,10084,1","9,9,999,9,+009,1",,,"SYN05843278 32596 40701 10274 20254 30084 40091 82501 333 58009=",
"43278099999","2023-04-26T03:00:00","4","13.0666666","80.2","7.0","NUMGAMBAKKAM, IN","FM-12","99999","V020","999,9,C,0000,1","99999,9,9,N","010000,1,9,9","+0300,1","+0267,1","10106,1",,,,,,"02,1,+00800,1,06,1","99,9,+99999,9,03,1","99,9,+99999,9,00,1",,"9,AGL   ,+99999,+99999","05,99,1,02,1,99,9,00800,1,99,9,99,9","240,M,+0347,1","240,N,+0273,1","99999,9,10099,1","9,9,999,9,+007,1",,,"SYN08043278 32597 50000 10300 20267 30099 40106 82571 333 10347 20273 58007 555 10054=",
"43278099999","2023-04-26T06:00:00","4","13.0666666","80.2","7.0","NUMGAMBAKKAM, IN","FM-12","99999","V020","140,1,N,0015,1","99999,9,9,N","010000,1,9,9","+0344,1","+0254,1","10100,1",,,,,,"01,1,+00800,1,06,1","99,9,+99999,9,03,1","99,9,+99999,9,00,1",,"9,AGL   ,+99999,+99999","05,99,1,01,1,99,9,00800,1,99,9,99,9",,,"99999,9,10093,1","9,9,999,9,-002,1",,,"SYN05843278 32597 51403 10344 20254 30093 40100 81571 333 59002=",
"43278099999","2023-04-26T09:00:00","4","13.0666666","80.2","7.0","NUMGAMBAKKAM, IN","FM-12","99999","V020","090,1,N,0015,1","22000,1,9,N","010000,1,9,9","+0346,1","+0250,1","10073,1",,,,,,"01,1,+00800,1,06,1","99,9,+99999,9,03,1","99,9,+99999,9,00,1",,"9,AGL   ,+99999,+99999","04,99,1,01,1,99,9,00800,1,99,9,99,9",,,"99999,9,10066,1","9,9,999,9,-011,1",,,"SYN05843278 32597 40903 10346 20250 30066 40073 81531 333 59011=",
"43278099999","2023-04-26T12:00:00","4","13.0666666","80.2","7.0","NUMGAMBAKKAM, IN","FM-12","99999","V020","070,1,N,0015,1","22000,1,9,N","010000,1,9,9","+0320,1","+0240,1","10062,1",,,,,,"01,1,+00800,1,06,1","99,9,+99999,9,00,1",,,"9,AGL   ,+99999,+99999","04,99,1,01,1,99,9,00800,1,99,9,99,9",,,"99999,9,10055,1","9,9,999,9,-007,1",,,"SYN06443278 32597 40703 10320 20240 30055 40062 81502 333 10351 59007=",
"43278099999","2023-04-26T15:00:00","4","13.0666666","80.2","7.0","NUMGAMBAKKAM, IN","FM-12","99999","V020","110,1,N,0021,1","99999,9,9,N","004000,1,9,9","+0300,1","+0255,1","10075,1",,,,,,"01,1,+00800,1,06,1","99,9,+99999,9,03,1","99,9,+99999,9,00,1",,"9,AGL   ,+99999,+99999","05,99,1,01,1,99,9,00800,1,99,9,99,9",,,"99999,9,10068,1","9,9,999,9,-013,1",,,"SYN05843278 32596 51104 10300 20255 30068 40075 81532 333 59013=",
"43278099999","2023-04-27T00:00:00","4","13.0666666","80.2","7.0","NUMGAMBAKKAM, IN","FM-12","99999","V020","999,9,C,0000,1","99999,9,9,N","004000,1,9,9","+0277,1","+0253,1","10080,1",,,,,,"03,1,+00800,1,06,1","99,9,+99999,9,03,1","99,9,+99999,9,00,1",,"9,AGL   ,+99999,+99999","05,99,1,03,1,99,9,00800,1,99,9,99,9",,,"99999,9,10073,1","9,9,999,9,-011,1",,,"SYN05843278 32596 50000 10277 20253 30073 40080 83531 333 59011=",
"43278099999","2023-04-27T03:00:00","4","13.0666666","80.2","7.0","NUMGAMBAKKAM, IN","FM-12","99999","V020","090,1,N,0010,1","22000,1,9,N","010000,1,9,9","+0316,1","+0251,1","10097,1",,,,,,"02,1,+00800,1,06,1","99,9,+99999,9,03,1","99,9,+99999,9,00,1",,"9,AGL   ,+99999,+99999","04,99,1,02,1,99,9,00800,1,99,9,99,9","240,M,+0351,1","240,N,+0274,1","99999,9,10090,1","9,9,999,9,-009,1",,,"SYN08043278 32597 40902 10316 20251 30090 40097 82531 333 10351 20274 59009 555 10054=",
"43278099999","2023-04-27T06:00:00","4","13.0666666","80.2","7.0","NUMGAMBAKKAM, IN","FM-12","99999","V020","140,1,N,0010,1","22000,1,9,N","010000,1,9,9","+0340,1","+0250,1","10101,1",,,,,,"99,9,+99999,9,00,1",,,,"9,AGL   ,+99999,+99999","02,99,1,00,1,99,9,99999,9,99,9,99,9",,,"99999,9,10094,1","9,9,999,9,+001,1",,,"SYN05843278 32997 21402 10340 20250 30094 40101 80001 333 58001=","Q01    003SCCGA1"
"43278099999","2023-04-27T09:00:00","4","13.0666666","80.2","7.0","NUMGAMBAKKAM, IN","FM-12","99999","V020","140,1,N,0010,1","22000,1,9,N","010000,1,9,9","+0340,1","+0256,1","10082,1",,,,,,"02,1,+00800,1,06,1","99,9,+99999,9,03,1","99,9,+99999,9,00,1",,"9,AGL   ,+99999,+99999","04,99,1,02,1,99,9,00800,1,99,9,99,9",,,"99999,9,10075,1","9,9,999,9,+009,1",,,"SYN05843278 32597 41402 10340 20256 30075 40082 82531 333 58009=",
"43278099999","2023-04-27T12:00:00","4","13.0666666","80.2","7.0","NUMGAMBAKKAM, IN","FM-12","99999","V020","140,1,N,0010,1","22000,1,9,N","010000,1,9,9","+0318,1","+0253,1","10073,1",,,,,,"01,1,+00800,1,06,1","99,9,+99999,9,03,1","99,9,+99999,9,00,1",,"9,AGL   ,+99999,+99999","04,99,1,01,1,99,9,00800,1,99,9,99,9",,,"99999,9,10066,1","9,9,999,9,+011,1",,,"SYN06443278 32597 41402 10318 20253 30066 40073 81531 333 10346 58011=",
"43278099999","2023-04-27T15:00:00","4","13.0666666","80.2","7.0","NUMGAMBAKKAM, IN","FM-12","99999","V020","140,1,N,0010,1","22000,1,9,N","004000,1,9,9","+0304,1","+0259,1","10085,1",,,,,,"01,1,+00800,1,06,1","99,9,+99999,9,00,1",,,"9,AGL   ,+99999,+99999","02,99,1,01,1,99,9,00800,1,99,9,99,9",,,"99999,9,10078,1","9,9,999,9,+010,1",,,"SYN05843278 32596 21402 10304 20259 30078 40085 81501 333 58010=",
"43278099999","2023-04-28T00:00:00","4","13.0666666","80.2","7.0","NUMGAMBAKKAM, IN","FM-12","99999","V020","999,9,C,0000,1","99999,9,9,N","004000,1,9,9","+0286,1","+0274,1","10085,1",,,,,,"04,1,+00800,1,06,1","99,9,+99999,9,00,1",,,"9,AGL   ,+99999,+99999","05,99,1,04,1,99,9,00800,1,99,9,99,9",,,"99999,9,10078,1","9,9,999,9,+005,1",,,"SYN05843278 32596 50000 10286 20274 30078 40085 84501 333 58005=",
"43278099999","2023-04-28T03:00:00","4","13.0666666","80.2","7.0","NUMGAMBAKKAM, IN","FM-12","99999","V020","999,9,C,0000,1","99999,9,9,N","010000,1,9,9","+0310,1","+0263,1","10112,1",,,,,,"03,1,+00800,1,06,1","99,9,+99999,9,03,1","99,9,+99999,9,00,1",,"9,AGL   ,+99999,+99999","05,99,1,03,1,99,9,00800,1,99,9,99,9","240,M,+0346,1","240,N,+0280,1","99999,9,10105,1","9,9,999,9,+015,1",,,"SYN08043278 32597 50000 10310 20263 30105 40112 83531 333 10346 20280 58015 555 10054=",
"43278099999","2023-04-28T09:00:00","4","13.0666666","80.2","7.0","NUMGAMBAKKAM, IN","FM-12","99999","V020","140,1,N,0010,1","22000,1,9,N","010000,1,9,9","+0340,1","+0256,1","10083,1",,,,,,"01,1,+00800,1,06,1","99,9,+99999,9,00,1",,,"9,AGL   ,+99999,+99999","02,99,1,01,1,99,9,00800,1,99,9,99,9",,,"99999,9,10076,1","9,9,999,9,+001,1",,,"SYN05843278 32597 21402 10340 20256 30076 40083 81501 333 58001=",
"43278099999","2023-04-28T12:00:00","4","13.0666666","80.2","7.0","NUMGAMBAKKAM, IN","FM-12","99999","V020","160,1,N,0015,1","99999,9,9,N","010000,1,9,9","+0314,1","+0255,1","10068,1",,,,,,"02,1,+00800,1,06,1","99,9,+99999,9,00,1",,,"9,AGL   ,+99999,+99999","05,99,1,02,1,99,9,00800,1,99,9,99,9",,,"99999,9,10061,1","9,9,999,9,-005,1",,,"SYN06443278 32597 51603 10314 20255 30061 40068 82501 333 10352 59005=",
"43278099999","2023-04-28T15:00:00","4","13.0666666","80.2","7.0","NUMGAMBAKKAM, IN","FM-12","99999","V020","140,1,N,0010,1","22000,1,9,N","004000,1,9,9","+0302,1","+0260,1","10082,1",,,,,,"99,9,+99999,9,00,1",,,,"9,AGL   ,+99999,+99999","02,99,1,00,1,99,9,99999,9,99,9,99,9",,,"99999,9,10075,1",,,,"SYN04843278 32996 21402 10302 20260 30075 40082 80001=","Q01    003SCCGA1"
"43278099999","2023-04-29T00:00:00","4","13.0666666","80.2","7.0","NUMGAMBAKKAM, IN","FM-12","99999","V020","999,9,C,0000,1","99999,9,9,N","004000,1,9,9","+0288,1","+0263,1","10078,1",,,,,,"05,1,+00800,1,06,1","99,9,+99999,9,00,1",,,"9,AGL   ,+99999,+99999","06,99,1,05,1,99,9,00800,1,99,9,99,9",,,"99999,9,10071,1","9,9,999,9,-009,1",,,"SYN05843278 32596 60000 10288 20263 30071 40078 85502 333 59009=",
"43278099999","2023-04-29T03:00:00","4","13.0666666","80.2","7.0","NUMGAMBAKKAM, IN","FM-12","99999","V020","999,9,C,0000,1","99999,9,9,N","010000,1,9,9","+0310,1","+0263,1","10105,1",,,,,,"04,1,+00800,1,06,1","99,9,+99999,9,00,1",,,"9,AGL   ,+99999,+99999","05,99,1,04,1,99,9,00800,1,99,9,99,9","240,M,+0352,1","240,N,+0285,1","99999,9,10098,1","9,9,999,9,-007,1",,,"SYN08043278 32597 50000 10310 20263 30098 40105 84501 333 10352 20285 59007 555 10054=",
"43278099999","2023-04-29T06:00:00","4","13.0666666","80.2","7.0","NUMGAMBAKKAM, IN","FM-12","99999","V020","140,1,N,0010,1","99999,9,9,N","010000,1,9,9","+0340,1","+0256,1","10103,1",,,,,,"03,1,+00800,1,06,1","99,9,+99999,9,03,1","99,9,+99999,9,00,1",,"9,AGL   ,+99999,+99999","05,99,1,03,1,99,9,00800,1,99,9,99,9",,,"99999,9,10096,1","9,9,999,9,-002,1",,,"SYN05843278 32597 51402 10340 20256 30096 40103 83531 333 59002=",
"43278099999","2023-04-29T09:00:00","4","13.0666666","80.2","7.0","NUMGAMBAKKAM, IN","FM-12","99999","V020","140,1,N,0010,1","99999,9,9,N","010000,1,9,9","+0324,1","+0257,1","10081,1",,,,,,"03,1,+00800,1,06,1","99,9,+99999,9,04,1","99,9,+99999,9,00,1",,"9,AGL   ,+99999,+99999","07,99,1,03,1,99,9,00800,1,99,9,99,9",,,"99999,9,10074,1","9,9,999,9,-002,1",,,"SYN05843278 32597 71402 10324 20257 30074 40081 83511 333 59002=",
"43278099999","2023-04-29T12:00:00","4","13.0666666","80.2","7.0","NUMGAMBAKKAM, IN","FM-12","99999","V020","140,1,N,0010,1","99999,9,9,N","010000,1,9,9","+0314,1","+0258,1","10070,1",,,,,,"03,1,+00800,1,06,1","99,9,+99999,9,03,1","99,9,+99999,9,02,1",,"9,AGL   ,+99999,+99999","07,99,1,03,1,99,9,00800,1,99,9,99,9",,,"99999,9,10063,1","9,9,999,9,+002,1",,,"SYN06443278 32597 71402 10314 20258 30063 40070 83538 333 10349 58002=",
"43278099999","2023-04-29T15:00:00","4","13.0666666","80.2","7.0","NUMGAMBAKKAM, IN","FM-12","99999","V020","140,1,N,0010,1","22000,1,9,N","004000,1,9,9","+0298,1","+0256,1","10085,1",,,,,,"01,1,+00800,1,06,1","99,9,+99999,9,00,1",,,"9,AGL   ,+99999,+99999","03,99,1,01,1,99,9,00800,1,99,9,99,9",,,"99999,9,10078,1","9,9,999,9,+003,1",,,"SYN05843278 32596 31402 10298 20256 30078 40085 81501 333 58003=",
"43278099999","2023-04-30T00:00:00","4","13.0666666","80.2","7.0","NUMGAMBAKKAM, IN","FM-12","99999","V020","270,1,N,0005,1","22000,1,9,N","004000,1,9,9","+0282,1","+0254,1","10076,1",,,,,,"01,1,+00800,1,06,1","99,9,+99999,9,00,1",,,"9,AGL   ,+99999,+99999","04,99,1,01,1,99,9,00800,1,99,9,99,9",,,"99999,9,10069,1","9,9,999,9,-002,1",,,"SYN05843278 32596 42701 10282 20254 30069 40076 81501 333 59002=",
"43278099999","2023-04-30T03:00:00","4","13.0666666","80.2","7.0","NUMGAMBAKKAM, IN","FM-12","99999","V020","230,1,N,0010,1","22000,1,9,N","010000,1,9,9","+0302,1","+0254,1","10092,1",,,,,,"01,1,+00800,1,03,1","99,9,+99999,9,00,1",,,"9,AGL   ,+99999,+99999","03,99,1,01,1,99,9,00800,1,99,9,99,9","240,M,+0349,1","240,N,+0281,1","99999,9,10085,1","9,9,999,9,-013,1",,,"SYN08043278 32597 32302 10302 20254 30085 40092 81071 333 10349 20281 59013 555 10054=",
"43278099999","2023-04-30T09:00:00","4","13.0666666","80.2","7.0","NUMGAMBAKKAM, IN","FM-12","99999","V020","140,1,N,0015,1","22000,1,9,N","010000,1,9,9","+0346,1","+0231,1","10057,1",,,,,,"02,1,+00800,1,06,1","99,9,+99999,9,00,1",,,"9,AGL   ,+99999,+99999","03,99,1,02,1,99,9,00800,1,99,9,99,9",,,"99999,9,10050,1","9,9,999,9,-024,1",,,"SYN05843278 32597 31403 10346 20231 30050 40057 82501 333 59024=",
"43278099999","2023-04-30T12:00:00","4","13.0666666","80.2","7.0","NUMGAMBAKKAM, IN","FM-12","99999","V020","140,1,N,0010,1","99999,9,9,N","010000,1,9,9","+0318,1","+0253,1","10054,1",,,,,,"02,1,+00800,1,06,1","99,9,+99999,9,03,1","99,9,+99999,9,00,1",,"9,AGL   ,+99999,+99999","05,99,1,02,1,99,9,00800,1,99,9,99,9",,,"99999,9,10047,1","9,9,999,9,-016,1",,,"SYN06443278 32597 51402 10318 20253 30047 40054 82531 333 10354 59016=",
"43278099999","2023-05-01T00:00:00","4","13.0666666","80.2","7.0","NUMGAMBAKKAM, IN","FM-12","99999","V020","200,1,N,0010,1","99999,9,9,N","004000,1,9,9","+0276,1","+0259,1","10062,1","21,0010,3,1","6,1,02,1","2,1,02,1",,,"03,1,+00800,1,08,1","99,9,+99999,9,03,1","99,9,+99999,9,00,1",,"9,AGL   ,+99999,+99999","06,99,1,03,1,99,9,00800,1,99,9,99,9",,,"99999,9,10055,1","9,9,999,9,-014,1",,"03,1","SYN07043278 21596 62002 10276 20259 30055 40062 70362 83831 333 59014 6001/=",
"43278099999","2023-05-01T03:00:00","4","13.0666666","80.2","7.0","NUMGAMBAKKAM, IN","FM-12","99999","V020","230,1,N,0010,1","22000,1,9,N","010000,1,9,9","+0310,1","+0268,1","10076,1","24,0010,3,1",,,,,"03,1,+00800,1,06,1","99,9,+99999,9,00,1",,,"9,AGL   ,+99999,+99999","04,99,1,03,1,99,9,00800,1,99,9,99,9","240,M,+0354,1","240,N,+0272,1","99999,9,10069,1","9,9,999,9,-016,1",,,"SYN09243278 22597 42302 10310 20268 30069 40076 83501 333 10354 20272 59016 6001/ 555 00011 10055=",
"43278099999","2023-05-01T06:00:00","4","13.0666666","80.2","7.0","NUMGAMBAKKAM, IN","FM-12","99999","V020","230,1,N,0015,1","99999,9,9,N","010000,1,9,9","+0268,1","+0242,1","10081,1","03,0030,3,1","6,1,02,1","2,1,02,1",,,"04,1,+00800,1,06,1","99,9,+99999,9,03,1","99,9,+99999,9,00,1",,"9,AGL   ,+99999,+99999","07,99,1,04,1,99,9,00800,1,99,9,99,9",,,"99999,9,10074,1","9,9,999,9,-004,1",,"61,1","SYN07043278 21597 72303 10268 20242 30074 40081 76162 84572 333 59004 6003/=",
"43278099999","2023-05-01T09:00:00","4","13.0666666","80.2","7.0","NUMGAMBAKKAM, IN","FM-12","99999","V020","070,1,N,0010,1","99999,9,9,N","010000,1,9,9","+0310,1","+0241,1","10062,1","06,0030,3,1","6,1,02,1","2,1,02,1",,,"03,1,+00800,1,06,1","99,9,+99999,9,03,1","99,9,+99999,9,00,1",,"9,AGL   ,+99999,+99999","06,99,1,03,1,99,9,00800,1,99,9,99,9",,,"99999,9,10055,1","9,9,999,9,+005,1",,"02,1","SYN07043278 21597 60702 10310 20241 30055 40062 70262 83572 333 58005 6003/=",
"43278099999","2023-05-01T12:00:00","4","13.0666666","80.2","7.0","NUMGAMBAKKAM, IN","FM-12","99999","V020","110,1,N,0010,1","99999,9,9,N","010000,1,9,9","+0300,1","+0255,1","10062,1","09,0030,3,1","6,1,02,1","2,1,02,1",,,"02,1,+00800,1,08,1","99,9,+99999,9,03,1","99,9,+99999,9,02,1",,"9,AGL   ,+99999,+99999","07,99,1,02,1,99,9,00800,1,99,9,99,9",,,"99999,9,10055,1","9,9,999,9,+008,1",,"02,1","SYN07643278 21597 71102 10300 20255 30055 40062 70262 82876 333 10330 58008 6003/=",
"43278099999","2023-05-01T15:00:00","4","13.0666666","80.2","7.0","NUMGAMBAKKAM, IN","FM-12","99999","V020","110,1,N,0015,1","99999,9,9,9","004000,1,9,9","+0292,1","+0246,1","10072,1",,"2,1,99,9","2,1,99,9",,,"03,1,+00600,1,09,1","99,9,+99999,9,03,1","99,9,+99999,9,00,1",,"9,AGL   ,+99999,+99999","07,99,1,03,1,99,9,00600,1,99,9,99,9",,,"99999,9,10065,1","9,9,999,9,+008,1",,"13,1","SYN004BUFR",
"43278099999","2023-05-02T00:00:00","4","13.0666666","80.2","7.0","NUMGAMBAKKAM, IN","FM-12","99999","V020","230,1,N,0010,1","99999,9,9,N","004000,1,9,9","+0250,1","+0247,1","10100,1","21,0320,3,1","9,1,02,1","6,1,02,1",,,"02,1,+00800,1,09,1","99,9,+99999,9,05,1",,,"9,AGL   ,+99999,+99999","08,99,1,02,1,99,9,00800,1,99,9,99,9",,,"99999,9,10078,1","9,9,999,9,+023,1",,"21,1","SYN07043278 21596 82302 10250 20247 30078 40100 72196 8292/ 333 58023 6032/=",
"43278099999","2023-05-02T03:00:00","4","13.0666666","80.2","7.0","NUMGAMBAKKAM, IN","FM-12","99999","V020","200,1,N,0005,1","99999,9,9,N","002000,1,9,9","+0260,1","+0251,1","10111,1","24,0330,3,1","6,1,02,1","5,1,02,1",,,"06,1,+00800,1,06,1","99,9,+99999,9,05,1",,,"9,AGL   ,+99999,+99999","08,99,1,06,1,99,9,00800,1,99,9,99,9","240,M,+0330,1","240,N,+0250,1","99999,9,10104,1","9,9,999,9,+035,1",,"20,1","SYN09843278 21595 82001 10260 20251 30104 40111 72065 8652/ 333 10330 20250 58035 6033/ 555 00325 10088=",
"43278099999","2023-05-02T06:00:00","4","13.0666666","80.2","7.0","NUMGAMBAKKAM, IN","FM-12","99999","V020","160,1,N,0015,1","99999,9,9,N","004000,1,9,9","+0300,1","+0243,1","10093,1",,"5,1,02,1","1,1,02,1",,,"05,1,+00800,1,06,1","99,9,+99999,9,03,1","99,9,+99999,9,00,1",,"9,AGL   ,+99999,+99999","07,99,1,05,1,99,9,00800,1,99,9,99,9",,,"99999,9,10086,1","9,9,999,9,+012,1",,"01,1","SYN06443278 31596 71603 10300 20243 30086 40093 70151 85462 333 58012=",
"43278099999","2023-05-02T09:00:00","4","13.0666666","80.2","7.0","NUMGAMBAKKAM, IN","FM-12","99999","V020","140,1,N,0010,1","99999,9,9,N","010000,1,9,9","+0316,1","+0260,1","10074,1","06,0002,3,1","5,1,02,1","2,1,02,1",,,"03,1,+00800,1,08,1","99,9,+99999,9,03,1","99,9,+99999,9,00,1",,"9,AGL   ,+99999,+99999","07,99,1,03,1,99,9,00800,1,99,9,99,9",,,"99999,9,10067,1","9,9,999,9,+012,1",,"50,1","SYN07043278 21597 71402 10316 20260 30067 40074 75052 83872 333 58012 6992/=",
"43278099999","2023-05-02T12:00:00","4","13.0666666","80.2","7.0","NUMGAMBAKKAM, IN","FM-12","99999","V020","110,1,N,0010,1","99999,9,9,N","010000,1,9,9","+0300,1","+0252,1","10068,1","09,0002,3,1","5,1,02,1","2,1,02,1",,,"03,1,+00800,1,06,1","99,9,+99999,9,03,1","99,9,+99999,9,01,1",,"9,AGL   ,+99999,+99999","06,99,1,03,1,99,9,00800,1,99,9,99,9",,,"99999,9,10061,1","9,9,999,9,+006,1",,"02,1","SYN07643278 21597 61102 10300 20252 30061 40068 70252 83539 333 10319 58006 6992/=",
"43278099999","2023-05-02T15:00:00","4","13.0666666","80.2","7.0","NUMGAMBAKKAM, IN","FM-12","99999","V020","140,1,N,0010,1","99999,9,9,9","004000,1,9,9","+0285,1","+0250,1","10076,1",,,,"0,1,99,9","0,1,99,9","02,1,+00600,1,06,1","99,9,+99999,9,03,1","99,9,+99999,9,00,1",,"9,AGL   ,+99999,+99999","06,99,1,02,1,99,9,00600,1,99,9,99,9",,,"99999,9,10069,1","9,9,999,9,+004,1",,,"SYN004BUFR",
"43278099999","2023-05-03T00:00:00","4","13.0666666","80.2","7.0","NUMGAMBAKKAM, IN","FM-12","99999","V020","999,9,V,0005,1","22000,1,9,N","004000,1,9,9","+0262,1","+0253,1","10072,1","21,0110,3,1","6,1,02,1","5,1,02,1",,,"02,1,+00800,1,06,1","99,9,+99999,9,00,1",,,"9,AGL   ,+99999,+99999","04,99,1,02,1,99,9,00800,1,99,9,99,9",,,"99999,9,10065,1","9,9,999,9,-013,1",,"01,1","SYN07043278 21596 49901 10262 20253 30065 40072 70165 82501 333 59013 6011/=",
"43278099999","2023-05-03T03:00:00","4","13.0666666","80.2","7.0","NUMGAMBAKKAM, IN","FM-12","99999","V020","999,9,C,0000,1","99999,9,9,N","010000,1,9,9","+0278,1","+0258,1","10099,1","24,0110,3,1",,,,,"03,1,+00450,1,06,1","99,9,+99999,9,02,1",,,"9,AGL   ,+99999,+99999","06,99,1,03,1,99,9,00450,1,99,9,99,9","240,M,+0319,1","240,N,+0262,1","99999,9,10092,1","9,9,999,9,-012,1",,,"SYN09243278 22497 60000 10278 20258 30092 40099 83408 333 10319 20262 59012 6011/ 555 00113 10099=",
"43278099999","2023-05-03T06:00:00","4","13.0666666","80.2","7.0","NUMGAMBAKKAM, IN","FM-12","99999","V020","999,9,C,0000,1","99999,9,9,N","010000,1,9,9","+0296,1","+0254,1","10094,1",,,,,,"01,1,+00800,1,07,1","99,9,+99999,9,04,1","99,9,+99999,9,02,1",,"9,AGL   ,+99999,+99999","08,99,1,01,1,99,9,00800,1,99,9,99,9",,,"99999,9,10087,1","9,9,999,9,+001,1",,,"SYN05843278 32597 80000 10296 20254 30087 40094 81617 333 58001=",
"43278099999","2023-05-03T12:00:00","4","13.0666666","80.2","7.0","NUMGAMBAKKAM, IN","FM-12","99999","V020","140,1,N,0015,1","99999,9,9,N","010000,1,9,9","+0298,1","+0259,1","10080,1",,,,,,"03,1,+00800,1,06,1","99,9,+99999,9,03,1","99,9,+99999,9,00,1",,"9,AGL   ,+99999,+99999","06,99,1,03,1,99,9,00800,1,99,9,99,9",,,"99999,9,10073,1","9,9,999,9,+012,1",,,"SYN06443278 32597 61403 10298 20259 30073 40080 83531 333 10311 58012=",
"43278099999","2023-05-03T15:00:00","4","13.0666666","80.2","7.0","NUMGAMBAKKAM, IN","FM-12","99999","V020","999,9,C,0000,1","22000,1,9,N","004000,1,9,9","+0282,1","+0254,1","10085,1",,"2,1,02,1","1,1,02,1",,,"01,1,+00800,1,09,1","99,9,+99999,9,00,1",,,"9,AGL   ,+99999,+99999","04,99,1,01,1,99,9,00800,1,99,9,99,9",,,"99999,9,10078,1","9,9,999,9,+009,1",,"13,1","SYN06443278 31596 40000 10282 20254 30078 40085 71321 81302 333 58009=",
"43278099999","2023-05-04T00:00:00","4","13.0666666","80.2","7.0","NUMGAMBAKKAM, IN","FM-12","99999","V020","999,9,V,0005,1","99999,9,9,N","004000,1,9,9","+0266,1","+0249,1","10079,1",,,,,,"02,1,+00800,1,06,1","99,9,+99999,9,03,1","99,9,+99999,9,00,1",,"9,AGL   ,+99999,+99999","07,99,1,02,1,99,9,00800,1,99,9,99,9",,,"99999,9,10070,1","9,9,999,9,+005,1",,,"SYN05843278 32596 79901 10266 20249 30070 40079 82531 333 58005=",
"43278099999","2023-05-04T03:00:00","4","13.0666666","80.2","7.0","NUMGAMBAKKAM, IN","FM-12","99999","V020","999,9,C,0000,1","99999,9,9,N","010000,1,9,9","+0296,1","+0251,1","99999,9",,,,,,"01,1,+00800,1,06,1","99,9,+99999,9,00,1",,,"9,AGL   ,+99999,+99999","05,99,1,01,1,99,9,00800,1,99,9,99,9","240,M,+0311,1","240,N,+0262,1","99999,9,10081,1","9,9,999,9,-011,1","1,0088,9",,"SYN08043278 32597 50000 10296 20251 30081 41088 81501 333 10311 20262 59011 555 10099=",
"43278099999","2023-05-04T09:00:00","4","13.0666666","80.2","7.0","NUMGAMBAKKAM, IN","FM-12","99999","V020","140,1,N,0010,1","22000,1,9,N","010000,1,9,9","+0328,1","+0246,1","10069,1",,,,,,"01,1,+01750,1,03,1","99,9,+99999,9,00,1",,,"9,AGL   ,+99999,+99999","03,99,1,01,1,99,9,01750,1,99,9,99,9",,,"99999,9,10062,1","9,9,999,9,-007,1",,,"SYN05843278 32797 31402 10328 20246 30062 40069 81071 333 59007=",
"43278099999","2023-05-04T12:00:00","4","13.0666666","80.2","7.0","NUMGAMBAKKAM, IN","FM-12","99999","V020","110,1,N,0010,1","22000,1,9,N","010000,1,9,9","+0316,1","+0251,1","10063,1",,,,,,"02,1,+01750,1,03,1","99,9,+99999,9,00,1",,,"9,AGL   ,+99999,+99999","04,99,1,02,1,99,9,01750,1,99,9,99,9",,,"99999,9,10056,1","9,9,999,9,-017,1",,,"SYN06443278 32797 41102 10316 20251 30056 40063 82071 333 10341 59017=",
"43278099999","2023-05-04T15:00:00","4","13.0666666","80.2","7.0","NUMGAMBAKKAM, IN","FM-12","99999","V020","999,9,C,0000,1","22000,1,9,N","004000,1,9,9","+0296,1","+0251,1","10079,1",,,,,,"99,9,+99999,9,00,1",,,,"9,AGL   ,+99999,+99999","02,99,1,00,1,99,9,99999,9,99,9,99,9",,,"99999,9,10072,1","9,9,999,9,-006,1",,,"SYN05843278 32996 20000 10296 20251 30072 40079 80001 333 59006=","Q01    003SCCGA1"
"43278099999","2023-05-05T00:00:00","4","13.0666666","80.2","7.0","NUMGAMBAKKAM, IN","FM-12","99999","V020","999,9,C,0000,1","99999,9,9,N","004000,1,9,9","+0283,1","+0262,1","10066,1","21,0000,2,1","2,1,02,1","2,1,02,1",,,"03,1,+00800,1,06,1","99,9,+99999,9,03,1","99,9,+99999,9,00,1",,"9,AGL   ,+99999,+99999","06,99,1,03,1,99,9,00800,1,99,9,99,9",,,"99999,9,10059,1","9,9,999,9,-011,1",,"50,1","SYN07043278 21596 60000 10283 20262 30059 40066 75022 83431 333 59011 6990/=",
"43278099999","2023-05-05T03:00:00","4","13.0666666","80.2","7.0","NUMGAMBAKKAM, IN","FM-12","99999","V020","270,1,N,0010,1","99999,9,9,N","010000,1,9,9","+0312,1","+0243,1","10078,1","24,0000,2,1",,,,,"02,1,+00800,1,06,1","99,9,+99999,9,03,1","99,9,+99999,9,00,1",,"9,AGL   ,+99999,+99999","06,99,1,02,1,99,9,00800,1,99,9,99,9","240,M,+0341,1",,"99999,9,10071,1","9,9,999,9,-010,1",,,"SYN08643278 22597 62702 10312 20243 30071 40078 82532 333 10341 20/// 59010 6990/ 555 10099=",
"43278099999","2023-05-05T06:00:00","4","13.0666666","80.2","7.0","NUMGAMBAKKAM, IN","FM-12","99999","V020","999,9,C,0000,1","99999,9,9,N","010000,1,9,9","+0334,1","+0243,1","10075,1",,,,,,"03,1,+00800,1,06,1","99,9,+99999,9,03,1","99,9,+99999,9,02,1",,"9,AGL   ,+99999,+99999","08,99,1,03,1,99,9,00800,1,99,9,99,9",,,"99999,9,10068,1","9,9,999,9,-011,1",,,"SYN05843278 32597 80000 10334 20243 30068 40075 83577 333 59011=",
"43278099999","2023-05-05T09:00:00","4","13.0666666","80.2","7.0","NUMGAMBAKKAM, IN","FM-12","99999","V020","140,1,N,0010,1","99999,9,9,N","010000,1,9,9","+0328,1","+0252,1","10060,1",,,,,,"04,1,+01750,1,03,1","99,9,+99999,9,00,1",,,"9,AGL   ,+99999,+99999","06,99,1,04,1,99,9,01750,1,99,9,99,9",,,"99999,9,10053,1","9,9,999,9,-009,1",,,"SYN05843278 32797 61402 10328 20252 30053 40060 84071 333 59009=",
"43278099999","2023-05-05T12:00:00","4","13.0666666","80.2","7.0","NUMGAMBAKKAM, IN","FM-12","99999","V020","110,1,N,0010,1","99999,9,9,N","010000,1,9,9","+0302,1","+0260,1","10060,1",,,,,,"02,1,+00800,1,06,1","99,9,+99999,9,03,1","99,9,+99999,9,00,1",,"9,AGL   ,+99999,+99999","07,99,1,02,1,99,9,00800,1,99,9,99,9",,,"99999,9,10053,1","9,9,999,9,-003,1",,,"SYN06443278 32597 71102 10302 20260 30053 40060 82571 333 10341 59003=",
"43278099999","2023-05-05T15:00:00","4","13.0666666","80.2","7.0","NUMGAMBAKKAM, IN","FM-12","99999","V020","230,1,N,0010,1","99999,9,9,N","004000,1,9,9","+0276,1","+0235,1","10073,1","12,0000,2,1","5,1,02,1","2,1,02,1",,,"02,1,+00800,1,06,1","99,9,+99999,9,03,1","99,9,+99999,9,00,1",,"9,AGL   ,+99999,+99999","06,99,1,02,1,99,9,00800,1,99,9,99,9",,,"99999,9,10066,1","9,9,999,9,-006,1",,"50,1","SYN07043278 21596 62302 10276 20235 30066 40073 75052 82571 333 59006 6990/=",
"43278099999","2023-05-06T03:00:00","4","13.0666666","80.2","7.0","NUMGAMBAKKAM, IN","FM-12","99999","V020","999,9,C,0000,1","22000,1,9,N","010000,1,9,9","+0292,1","+0249,1","10078,1","24,0000,2,1",,,,,"02,1,+01750,1,03,1","99,9,+99999,9,00,1",,,"9,AGL   ,+99999,+99999","04,99,1,02,1,99,9,01750,1,99,9,99,9","240,M,+0341,1","240,N,+0269,1","99999,9,10071,1","9,9,999,9,+000,1",,,"SYN08643278 22797 40000 10292 20249 30071 40078 82031 333 10341 20269 58000 6990/ 555 10099=",
"43278099999","2023-05-06T06:00:00","4","13.0666666","80.2","7.0","NUMGAMBAKKAM, IN","FM-12","99999","V020","999,9,C,0000,1","22000,1,9,N","010000,1,9,9","+0334,1","+0237,1","10065,1",,,,,,"02,1,+00800,1,06,1","99,9,+99999,9,03,1","99,9,+99999,9,00,1",,"9,AGL   ,+99999,+99999","04,99,1,02,1,99,9,00800,1,99,9,99,9",,,"99999,9,10058,1","9,9,999,9,-010,1",,,"SYN05843278 32597 40000 10334 20237 30058 40065 82531 333 59010=",
"43278099999","2023-05-06T09:00:00","4","13.0666666","80.2","7.0","NUMGAMBAKKAM, IN","FM-12","99999","V020","140,1,N,0010,1","99999,9,9,N","010000,1,9,9","+0312,1","+0250,1","10056,1",,,,,,"04,1,+00800,1,06,1","99,9,+99999,9,04,1","99,9,+99999,9,00,1",,"9,AGL   ,+99999,+99999","08,99,1,04,1,99,9,00800,1,99,9,99,9",,,"99999,9,10049,1","9,9,999,9,-004,1",,,"SYN05843278 32597 81402 10312 20250 30049 40056 84511 333 59004=",
"43278099999","2023-05-06T12:00:00","4","13.0666666","80.2","7.0","NUMGAMBAKKAM, IN","FM-12","99999","V020","140,1,N,0010,1","99999,9,9,N","010000,1,9,9","+0310,1","+0241,1","10050,1",,,,,,"03,1,+00800,1,06,1","99,9,+99999,9,04,1","99,9,+99999,9,00,1",,"9,AGL   ,+99999,+99999","07,99,1,03,1,99,9,00800,1,99,9,99,9",,,"99999,9,10043,1","9,9,999,9,-010,1",,,"SYN06443278 32597 71402 10310 20241 30043 40050 83411 333 10346 59010=",
"43278099999","2023-05-06T15:00:00","4","13.0666666","80.2","7.0","NUMGAMBAKKAM, IN","FM-12","99999","V020","230,1,N,0010,1","99999,9,9,N","004000,1,9,9","+0296,1","+0238,1","10066,1","12,0000,9,1","5,1,02,1","2,1,02,1",,,"04,1,+00800,1,06,1","99,9,+99999,9,04,1","99,9,+99999,9,00,1",,"9,AGL   ,+99999,+99999","08,99,1,04,1,99,9,00800,1,99,9,99,9",,,"99999,9,10059,1","9,9,999,9,-007,1",,"02,1","SYN07043278 21596 82302 10296 20238 30059 40066 70252 84511 333 59007 6990/=","Q01  00002PRCP12"
"43278099999","2023-05-07T00:00:00","4","13.0666666","80.2","7.0","NUMGAMBAKKAM, IN","FM-12","99999","V020","270,1,N,0015,1","99999,9,9,N","004000,1,9,9","+0274,1","+0236,1","10051,1","21,0000,9,1",,,,,"01,1,+00800,1,06,1","99,9,+99999,9,03,1","99,9,+99999,9,00,1",,"9,AGL   ,+99999,+99999","06,99,1,01,1,99,9,00800,1,99,9,99,9",,,"99999,9,10044,1","9,9,999,9,-013,1",,,"SYN06443278 22596 62703 10274 20236 30044 40051 81531 333 59013 6990/=","Q01  00002PRCP21"
"43278099999","2023-05-07T03:00:00","4","13.0666666","80.2","7.0","NUMGAMBAKKAM, IN","FM-12","99999","V020","250,1,N,0010,1","99999,9,9,N","010000,1,9,9","+0290,1","+0235,1","10069,1","24,0000,9,1",,,,,"04,1,+00800,1,06,1","99,9,+99999,9,04,1","99,9,+99999,9,00,1",,"9,AGL   ,+99999,+99999","08,99,1,04,1,99,9,00800,1,99,9,99,9","240,M,+0346,1","240,N,+0272,1","99999,9,10062,1","9,9,999,9,-009,1",,,"SYN08643278 22597 82502 10290 20235 30062 40069 84511 333 10346 20272 59009 6990/ 555 10099=","Q01  00002PRCP24"
"43278099999","2023-05-07T06:00:00","4","13.0666666","80.2","7.0","NUMGAMBAKKAM, IN","FM-12","99999","V020","999,9,C,0000,1","99999,9,9,N","010000,1,9,9","+0320,1","+0252,1","10070,1",,,,,,"03,1,+00800,1,06,1","99,9,+99999,9,03,1","99,9,+99999,9,02,1",,"9,AGL   ,+99999,+99999","08,99,1,03,1,99,9,00800,1,99,9,99,9",,,"99999,9,10063,1","9,9,999,9,+005,1",,,"SYN05843278 32597 80000 10320 20252 30063 40070 83578 333 58005=",
"43278099999","2023-05-07T09:00:00","4","13.0666666","80.2","7.0","NUMGAMBAKKAM, IN","FM-12","99999","V020","070,1,N,0010,1","22000,1,9,N","010000,1,9,9","+0328,1","+0258,1","10055,1",,,,,,"01,1,+00800,1,06,1","99,9,+99999,9,03,1","99,9,+99999,9,00,1",,"9,AGL   ,+99999,+99999","04,99,1,01,1,99,9,00800,1,99,9,99,9",,,"99999,9,10048,1","9,9,999,9,-001,1",,,"SYN05843278 32597 40702 10328 20258 30048 40055 81571 333 59001=",
"43278099999","2023-05-07T12:00:00","4","13.0666666","80.2","7.0","NUMGAMBAKKAM, IN","FM-12","99999","V020","999,9,C,0000,1","22000,1,9,N","010000,1,9,9","+0314,1","+0258,1","10048,1",,,,,,"02,1,+01750,1,03,1","99,9,+99999,9,00,1",,,"9,AGL   ,+99999,+99999","04,99,1,02,1,99,9,01750,1,99,9,99,9",,,"99999,9,10041,1","9,9,999,9,-002,1",,,"SYN06443278 32797 40000 10314 20258 30041 40048 82071 333 10351 59002=",
"43278099999","2023-05-07T15:00:00","4","13.0666666","80.2","7.0","NUMGAMBAKKAM, IN","FM-12","99999","V020","140,1,N,0010,1","22000,1,9,N","004000,1,9,9","+0300,1","+0261,1","10065,1",,,,,,"03,1,+01750,1,03,1","99,9,+99999,9,00,1",,,"9,AGL   ,+99999,+99999","04,99,1,03,1,99,9,01750,1,99,9,99,9",,,"99999,9,10058,1","9,9,999,9,-001,1",,,"SYN05843278 32796 41402 10300 20261 30058 40065 83071 333 59001=",
"43278099999","2023-05-08T00:00:00","4","13.0666666","80.2","7.0","NUMGAMBAKKAM, IN","FM-12","99999","V020","290,1,N,0005,1","22000,1,9,N","004000,1,9,9","+0264,1","+0235,1","10051,1",,,,,,"99,9,+99999,9,00,1",,,,"9,AGL   ,+99999,+99999","01,99,1,00,1,99,9,99999,9,99,9,99,9",,,"99999,9,10044,1","9,9,999,9,+000,1",,,"SYN05843278 32996 12901 10264 20235 30044 40051 80001 333 58000=","Q01    003SCCGA1"
"43278099999","2023-05-08T03:00:00","4","13.0666666","80.2","7.0","NUMGAMBAKKAM, IN","FM-12","99999","V020","999,9,C,0000,1","22000,1,9,N","010000,1,9,9","+0310,1","+0260,1","10063,1",,,,,,"99,9,+99999,9,00,1",,,,"9,AGL   ,+99999,+99999","01,99,1,00,1,99,9,99999,9,99,9,99,9","240,M,+0351,1","240,N,+0260,1","99999,9,10056,1","9,9,999,9,-006,1",,,"SYN08043278 32997 10000 10310 20260 30056 40063 80001 333 10351 20260 59006 555 10099=","Q01    003SCCGA1"
"43278099999","2023-05-08T06:00:00","4","13.0666666","80.2","7.0","NUMGAMBAKKAM, IN","FM-12","99999","V020","090,1,N,0010,1","22000,1,9,N","010000,1,9,9","+0338,1","+0254,1","10063,1",,,,,,"01,1,+00800,1,06,1","99,9,+99999,9,00,1",,,"9,AGL   ,+99999,+99999","03,99,1,01,1,99,9,00800,1,99,9,99,9",,,"99999,9,10056,1","9,9,999,9,-007,1",,,"SYN05843278 32597 30902 10338 20254 30056 40063 81501 333 59007=",
"43278099999","2023-05-08T09:00:00","4","13.0666666","80.2","7.0","NUMGAMBAKKAM, IN","FM-12","99999","V020","070,1,N,0015,1","99999,9,9,N","010000,1,9,9","+0330,1","+0260,1","10054,1",,,,,,"01,1,+00800,1,06,1","99,9,+99999,9,05,1","99,9,+99999,9,00,1",,"9,AGL   ,+99999,+99999","07,99,1,01,1,99,9,00800,1,99,9,99,9",,,"99999,9,10047,1","9,9,999,9,-001,1",,,"SYN05843278 32597 70703 10330 20260 30047 40054 81521 333 59001=",
"43278099999","2023-05-08T12:00:00","4","13.0666666","80.2","7.0","NUMGAMBAKKAM, IN","FM-12","99999","V020","110,1,N,0010,1","22000,1,9,N","010000,1,9,9","+0322,1","+0258,1","10039,1",,,,,,"01,1,+00800,1,06,1","99,9,+99999,9,03,1","99,9,+99999,9,00,1",,"9,AGL   ,+99999,+99999","04,99,1,01,1,99,9,00800,1,99,9,99,9",,,"99999,9,10032,1","9,9,999,9,-009,1",,,"SYN06443278 32597 41102 10322 20258 30032 40039 81532 333 10351 59009=",
"43278099999","2023-05-08T15:00:00","4","13.0666666","80.2","7.0","NUMGAMBAKKAM, IN","FM-12","99999","V020","140,1,N,0010,1","22000,1,9,N","004000,1,9,9","+0296,1","+0257,1","10050,1",,,,,,"01,1,+00800,1,06,1","99,9,+99999,9,00,1",,,"9,AGL   ,+99999,+99999","03,99,1,01,1,99,9,00800,1,99,9,99,9",,,"99999,9,10043,1","9,9,999,9,-015,1",,,"SYN05843278 32596 31402 10296 20257 30043 40050 81501 333 59015=",
"43278099999","2023-05-09T03:00:00","4","13.0666666","80.2","7.0","NUMGAMBAKKAM, IN","FM-12","99999","V020","320,1,N,0005,1","22000,1,9,N","010000,1,9,9","+0314,1","+0246,1","10064,1",,,,,,"99,9,+99999,9,00,1",,,,"9,AGL   ,+99999,+99999","01,99,1,00,1,99,9,99999,9,99,9,99,9","240,M,+0351,1","240,N,+0272,1","99999,9,10057,1","9,9,999,9,+001,1",,,"SYN08043278 32997 13201 10314 20246 30057 40064 80001 333 10351 20272 58001 555 10099=","Q01    003SCCGA1"
"43278099999","2023-05-09T06:00:00","4","13.0666666","80.2","7.0","NUMGAMBAKKAM, IN","FM-12","99999","V020","140,1,N,0010,1","22000,1,9,N","010000,1,9,9","+0338,1","+0244,1","10065,1",,,,,,"02,1,+00800,1,06,1","99,9,+99999,9,00,1",,,"9,AGL   ,+99999,+99999","03,99,1,02,1,99,9,00800,1,99,9,99,9",,,"99999,9,10058,1","9,9,999,9,+002,1",,,"SYN05843278 32597 31402 10338 20244 30058 40065 82501 333 58002=",
"43278099999","2023-05-09T09:00:00","4","13.0666666","80.2","7.0","NUMGAMBAKKAM, IN","FM-12","99999","V020","140,1,N,0015,1","99999,9,9,N","010000,1,9,9","+0340,1","+0259,1","10045,1",,,,,,"01,1,+00800,1,06,1","99,9,+99999,9,03,1","99,9,+99999,9,00,1",,"9,AGL   ,+99999,+99999","05,99,1,01,1,99,9,00800,1,99,9,99,9",,,"99999,9,10038,1","9,9,999,9,-009,1",,,"SYN05843278 32597 51403 10340 20259 30038 40045 81532 333 59009=",
"43278099999","2023-05-09T12:00:00","4","13.0666666","80.2","7.0","NUMGAMBAKKAM, IN","FM-12","99999","V020","140,1,N,0021,1","99999,9,9,N","010000,1,9,9","+0324,1","+0254,1","10043,1",,,,,,"01,1,+00800,1,06,1","99,9,+99999,9,03,1","99,9,+99999,9,00,1",,"9,AGL   ,+99999,+99999","06,99,1,01,1,99,9,00800,1,99,9,99,9",,,"99999,9,10036,1","9,9,999,9,+004,1",,,"SYN06443278 32597 61404 10324 20254 30036 40043 81532 333 10353 58004=",
"43278099999","2023-05-09T15:00:00","4","13.0666666","80.2","7.0","NUMGAMBAKKAM, IN","FM-12","99999","V020","110,1,N,0015,1","99999,9,9,N","004000,1,9,9","+0304,1","+0256,1","10056,1",,,,,,"01,1,+00800,1,06,1","99,9,+99999,9,03,1","99,9,+99999,9,00,1",,"9,AGL   ,+99999,+99999","06,99,1,01,1,99,9,00800,1,99,9,99,9",,,"99999,9,10049,1","9,9,999,9,+006,1",,,"SYN05843278 32596 61103 10304 20256 30049 40056 81532 333 58006=",
"43278099999","2023-05-10T00:00:00","4","13.0666666","80.2","7.0","NUMGAMBAKKAM, IN","FM-12","99999","V020","250,1,N,0005,1","99999,9,9,N","004000,1,9,9","+0290,1","+0265,1","10057,1",,,,,,"01,1,+00800,1,06,1","99,9,+99999,9,00,1",,,"9,AGL   ,+99999,+99999","06,99,1,01,1,99,9,00800,1,99,9,99,9",,,"99999,9,10050,1","9,9,999,9,-003,1",,,"SYN05843278 32596 62501 10290 20265 30050 40057 81502 333 59003=",
"43278099999","2023-05-10T03:00:00","4","13.0666666","80.2","7.0","NUMGAMBAKKAM, IN","FM-12","99999","V020","999,9,C,0000,1","99999,9,9,N","010000,1,9,9","+0307,1","+0259,1","10064,1",,,,,,"01,1,+02250,1,04,1","99,9,+99999,9,00,1",,,"9,AGL   ,+99999,+99999","05,99,1,01,1,99,9,02250,1,99,9,99,9","240,M,+0353,1","240,N,+0286,1","99999,9,10057,1","9,9,999,9,+000,1",,,"SYN08043278 32897 50000 10307 20259 30057 40064 81011 333 10353 20286 58000 555 10099=",
"43278099999","2023-05-10T06:00:00","4","13.0666666","80.2","7.0","NUMGAMBAKKAM, IN","FM-12","99999","V020","360,1,N,0010,1","99999,9,9,N","010000,1,9,9","+0364,1","+0239,1","10060,1",,,,,,"02,1,+01750,1,04,1","99,9,+99999,9,00,1",,,"9,AGL   ,+99999,+99999","06,99,1,02,1,99,9,01750,1,99,9,99,9",,,"99999,9,10053,1","9,9,999,9,-005,1",,,"SYN05843278 32797 63602 10364 20239 30053 40060 82011 333 59005=",
"43278099999","2023-05-10T09:00:00","4","13.0666666","80.2","7.0","NUMGAMBAKKAM, IN","FM-12","99999","V020","090,1,N,0015,1","99999,9,9,N","010000,1,9,9","+0350,1","+0252,1","10040,1",,,,,,"01,1,+00800,1,06,1","99,9,+99999,9,03,1","99,9,+99999,9,00,1",,"9,AGL   ,+99999,+99999","06,99,1,01,1,99,9,00800,1,99,9,99,9",,,"99999,9,10033,1","9,9,999,9,-005,1",,,"SYN05843278 32597 60903 10350 20252 30033 40040 81532 333 59005=",
"43278099999","2023-05-10T12:00:00","4","13.0666666","80.2","7.0","NUMGAMBAKKAM, IN","FM-12","99999","V020","110,1,N,0010,1","99999,9,9,N","010000,1,9,9","+0326,1","+0240,1","10038,1",,,,,,"01,1,+00800,1,06,1","99,9,+99999,9,03,1","99,9,+99999,9,00,1",,"9,AGL   ,+99999,+99999","05,99,1,01,1,99,9,00800,1,99,9,99,9",,,"99999,9,10031,1","9,9,999,9,-005,1",,,"SYN06443278 32597 51102 10326 20240 30031 40038 81532 333 10368 59005=",
"43278099999","2023-05-10T15:00:00","4","13.0666666","80.2","7.0","NUMGAMBAKKAM, IN","FM-12","99999","V020","110,1,N,0015,1","22000,1,9,N","004000,1,9,9","+0300,1","+0261,1","10056,1",,,,,,"01,1,+00800,1,06,1","99,9,+99999,9,03,1","99,9,+99999,9,00,1",,"9,AGL   ,+99999,+99999","04,99,1,01,1,99,9,00800,1,99,9,99,9",,,"99999,9,10049,1","9,9,999,9,+000,1",,,"SYN05843278 32596 41103 10300 20261 30049 40056 81532 333 58000=",
"43278099999","2023-05-11T00:00:00","4","13.0666666","80.2","7.0","NUMGAMBAKKAM, IN","FM-12","99999","V020","999,9,V,0005,1","99999,9,9,N","004000,1,9,9","+0282,1","+0259,1","10057,1",,,,,,"99,9,+99999,9,02,1",,,,"9,AGL   ,+99999,+99999","05,99,1,00,1,99,9,99999,9,99,9,99,9",,,"99999,9,10050,1","9,9,999,9,+000,1",,,"SYN05843278 32996 59901 10282 20259 30050 40057 80008 333 58000=","Q01    003SCCGA1"
"43278099999","2023-05-11T03:00:00","4","13.0666666","80.2","7.0","NUMGAMBAKKAM, IN","FM-12","99999","V020","320,1,N,0010,1","99999,9,9,N","010000,1,9,9","+0300,1","+0267,1","10067,1",,,,,,"03,1,+00800,1,06,1","99,9,+99999,9,03,1","99,9,+99999,9,00,1",,"9,AGL   ,+99999,+99999","08,99,1,03,1,99,9,00800,1,99,9,99,9","240,M,+0368,1","240,N,+0280,1","99999,9,10060,1","9,9,999,9,+003,1",,,"SYN08043278 32597 83202 10300 20267 30060 40067 83571 333 10368 20280 58003 555 10099=",
"43278099999","2023-05-11T06:00:00","4","13.0666666","80.2","7.0","NUMGAMBAKKAM, IN","FM-12","99999","V020","999,9,C,0000,1","99999,9,9,N","010000,1,9,9","+0328,1","+0267,1","10063,1",,,,,,"02,1,+00800,1,06,1","99,9,+99999,9,03,1","99,9,+99999,9,02,1",,"9,AGL   ,+99999,+99999","07,99,1,02,1,99,9,00800,1,99,9,99,9",,,"99999,9,10056,1","9,9,999,9,+003,1",,,"SYN05843278 32597 70000 10328 20267 30056 40063 82538 333 58003=",
"43278099999","2023-05-11T09:00:00","4","13.0666666","80.2","7.0","NUMGAMBAKKAM, IN","FM-12","99999","V020","999,9,C,0000,1","22000,1,9,N","010000,1,9,9","+0346,1","+0269,1","10052,1",,,,,,"02,1,+01750,1,03,1","99,9,+99999,9,00,1",,,"9,AGL   ,+99999,+99999","03,99,1,02,1,99,9,01750,1,99,9,99,9",,,"99999,9,10045,1","9,9,999,9,+012,1",,,"SYN05843278 32797 30000 10346 20269 30045 40052 82071 333 58012=",
"43278099999","2023-05-11T12:00:00","4","13.0666666","80.2","7.0","NUMGAMBAKKAM, IN","FM-12","99999","V020","999,9,C,0000,1","99999,9,9,N","010000,1,9,9","+0312,1","+0259,1","10051,1",,,,,,"01,1,+01750,1,06,1","99,9,+99999,9,03,1","99,9,+99999,9,00,1",,"9,AGL   ,+99999,+99999","05,99,1,01,1,99,9,01750,1,99,9,99,9",,,"99999,9,10044,1","9,9,999,9,+013,1",,,"SYN06443278 32797 50000 10312 20259 30044 40051 81571 333 10353 58013=",
"43278099999","2023-05-11T15:00:00","4","13.0666666","80.2","7.0","NUMGAMBAKKAM, IN","FM-12","99999","V020","999,9,C,0000,1","22000,1,9,N","004000,1,9,9","+0292,1","+0252,1","10062,1",,,,,,"02,1,+01750,1,03,1","99,9,+99999,9,00,1",,,"9,AGL   ,+99999,+99999","03,99,1,02,1,99,9,01750,1,99,9,99,9",,,"99999,9,10055,1","9,9,999,9,+006,1",,,"SYN05843278 32796 30000 10292 20252 30055 40062 82071 333 58006=",
"43278099999","2023-05-12T00:00:00","4","13.0666666","80.2","7.0","NUMGAMBAKKAM, IN","FM-12","99999","V020","270,1,N,0010,1","99999,9,9,N","004000,1,9,9","+0292,1","+0270,1","10059,1",,,,,,"01,1,+00800,1,06,1","99,9,+99999,9,03,1","99,9,+99999,9,00,1",,"9,AGL   ,+99999,+99999","05,99,1,01,1,99,9,00800,1,99,9,99,9",,,"99999,9,10052,1","9,9,999,9,+002,1",,,"SYN05843278 32596 52702 10292 20270 30052 40059 81532 333 58002=",
"43278099999","2023-05-12T03:00:00","4","13.0666666","80.2","7.0","NUMGAMBAKKAM, IN","FM-12","99999","V020","999,9,C,0000,1","99999,9,9,N","010000,1,9,9","+0310,1","+0263,1","10067,1",,,,,,"03,1,+01750,1,03,1","99,9,+99999,9,00,1",,,"9,AGL   ,+99999,+99999","05,99,1,03,1,99,9,01750,1,99,9,99,9","240,M,+0353,1","240,N,+0288,1","99999,9,10060,1","9,9,999,9,+000,1",,,"SYN08043278 32797 50000 10310 20263 30060 40067 83071 333 10353 20288 58000 555 10099=",
"43278099999","2023-05-12T06:00:00","4","13.0666666","80.2","7.0","NUMGAMBAKKAM, IN","FM-12","99999","V020","320,1,N,0010,1","99999,9,9,N","010000,1,9,9","+0370,1","+0243,1","10063,1",,,,,,"05,1,+01750,1,03,1","99,9,+99999,9,00,1",,,"9,AGL   ,+99999,+99999","06,99,1,05,1,99,9,01750,1,99,9,99,9",,,"99999,9,10056,1","9,9,999,9,+000,1",,,"SYN05843278 32797 63202 10370 20243 30056 40063 85071 333 58000=",
"43278099999","2023-05-12T09:00:00","4","13.0666666","80.2","7.0","NUMGAMBAKKAM, IN","FM-12","99999","V020","110,1,N,0010,1","99999,9,9,N","010000,1,9,9","+0360,1","+0247,1","10046,1",,,,,,"02,1,+00800,1,06,1","99,9,+99999,9,03,1","99,9,+99999,9,02,1",,"9,AGL   ,+99999,+99999","07,99,1,02,1,99,9,00800,1,99,9,99,9",,,"99999,9,10039,1","9,9,999,9,-006,1",,,"SYN05843278 32597 71102 10360 20247 30039 40046 82538 333 59006=",
"43278099999","2023-05-12T12:00:00","4","13.0666666","80.2","7.0","NUMGAMBAKKAM, IN","FM-12","99999","V020","140,1,N,0005,1","99999,9,9,N","010000,1,9,9","+0330,1","+0257,1","10041,1",,,,,,"02,1,+00800,1,06,1","99,9,+99999,9,03,1","99,9,+99999,9,02,1",,"9,AGL   ,+99999,+99999","07,99,1,02,1,99,9,00800,1,99,9,99,9",,,"99999,9,10034,1","9,9,999,9,-010,1",,,"SYN06443278 32597 71401 10330 20257 30034 40041 82538 333 10379 59010=",
"43278099999","2023-05-12T15:00:00","4","13.0666666","80.2","7.0","NUMGAMBAKKAM, IN","FM-12","99999","V020","140,1,N,0005,1","99999,9,9,N","004000,1,9,9","+0316,1","+0275,1","10055,1",,,,,,"02,1,+00800,1,06,1","99,9,+99999,9,04,1","99,9,+99999,9,00,1",,"9,AGL   ,+99999,+99999","05,99,1,02,1,99,9,00800,1,99,9,99,9",,,"99999,9,10048,1","9,9,999,9,-007,1",,,"SYN05843278 32596 51401 10316 20275 30048 40055 82511 333 59007=",
"43278099999","2023-05-13T00:00:00","4","13.0666666","80.2","7.0","NUMGAMBAKKAM, IN","FM-12","99999","V020","250,1,N,0015,1","99999,9,9,N","010000,1,9,9","+0298,1","+0266,1","10056,1",,,,,,"01,1,+01250,1,06,1","99,9,+99999,9,04,1","99,9,+99999,9,00,1",,"9,AGL   ,+99999,+99999","06,99,1,01,1,99,9,01250,1,99,9,99,9",,,"99999,9,10049,1","9,9,999,9,-003,1",,,"SYN05843278 32697 62503 10298 20266 30049 40056 81511 333 59003=",
"43278099999","2023-05-13T03:00:00","4","13.0666666","80.2","7.0","NUMGAMBAKKAM, IN","FM-12","99999","V020","230,1,N,0010,1","99999,9,9,N","010000,1,9,9","+0308,1","+0248,1","10065,1",,,,,,"03,1,+00800,1,06,1","99,9,+99999,9,03,1","99,9,+99999,9,02,1",,"9,AGL   ,+99999,+99999","07,99,1,03,1,99,9,00800,1,99,9,99,9","240,M,+0379,1","240,N,+0296,1","99999,9,10058,1","9,9,999,9,-002,1",,,"SYN08043278 32597 72302 10308 20248 30058 40065 83538 333 10379 20296 59002 555 10099=",
"43278099999","2023-05-13T06:00:00","4","13.0666666","80.2","7.0","NUMGAMBAKKAM, IN","FM-12","99999","V020","250,1,N,0015,1","99999,9,9,N","010000,1,9,9","+0344,1","+0248,1","10062,1",,,,,,"02,1,+00800,1,06,1","99,9,+99999,9,04,1","99,9,+99999,9,02,1",,"9,AGL   ,+99999,+99999","07,99,1,02,1,99,9,00800,1,99,9,99,9",,,"99999,9,10055,1","9,9,999,9,-001,1",,,"SYN05843278 32597 72503 10344 20248 30055 40062 82518 333 59001=",
"43278099999","2023-05-13T09:00:00","4","13.0666666","80.2","7.0","NUMGAMBAKKAM, IN","FM-12","99999","V020","230,1,N,0015,1","22000,1,9,N","010000,1,9,9","+0376,1","+0247,1","10039,1",,,,,,"03,1,+01750,1,03,1","99,9,+99999,9,00,1",,,"9,AGL   ,+99999,+99999","04,99,1,03,1,99,9,01750,1,99,9,99,9",,,"99999,9,10032,1","9,9,999,9,-007,1",,,"SYN05843278 32797 42303 10376 20247 30032 40039 83071 333 59007=",
"43278099999","2023-05-13T12:00:00","4","13.0666666","80.2","7.0","NUMGAMBAKKAM, IN","FM-12","99999","V020","999,9,C,0000,1","22000,1,9,N","010000,1,9,9","+0358,1","+0232,1","10044,1",,,,,,"02,1,+01750,1,03,1","99,9,+99999,9,02,1",,,"9,AGL   ,+99999,+99999","04,99,1,02,1,99,9,01750,1,99,9,99,9",,,"99999,9,10037,1","9,9,999,9,+003,1",,,"SYN06443278 32797 40000 10358 20232 30037 40044 82036 333 10381 58003=",
"43278099999","2023-05-13T15:00:00","4","13.0666666","80.2","7.0","NUMGAMBAKKAM, IN","FM-12","99999","V020","999,9,C,0000,1","22000,1,9,N","004000,1,9,9","+0334,1","+0240,1","10058,1",,,,,,"02,1,+01750,1,03,1","99,9,+99999,9,00,1",,,"9,AGL   ,+99999,+99999","04,99,1,02,1,99,9,01750,1,99,9,99,9",,,"99999,9,10051,1","9,9,999,9,+003,1",,,"SYN05843278 32796 40000 10334 20240 30051 40058 82071 333 58003=",
"43278099999","2023-05-14T00:00:00","4","13.0666666","80.2","7.0","NUMGAMBAKKAM, IN","FM-12","99999","V020","250,1,N,0021,1","99999,9,9,N","004000,1,9,9","+0312,1","+0224,1","10044,1",,,,,,"99,9,+99999,9,00,1",,,,"9,AGL   ,+99999,+99999","06,99,1,00,1,99,9,99999,9,99,9,99,9",,,"99999,9,10037,1","9,9,999,9,-012,1",,,"SYN05843278 32996 62504 10312 20224 30037 40044 80002 333 59012=","Q01    003SCCGA1"
"43278099999","2023-05-14T03:00:00","4","13.0666666","80.2","7.0","NUMGAMBAKKAM, IN","FM-12","99999","V020","230,1,N,0021,1","22000,1,9,N","010000,1,9,9","+0320,1","+0233,1","10058,1",,,,,,"01,1,+01750,1,03,1","99,9,+99999,9,00,1",,,"9,AGL   ,+99999,+99999","02,99,1,01,1,99,9,01750,1,99,9,99,9","240,M,+0381,1","240,N,+0309,1","99999,9,10051,1","9,9,999,9,-007,1",,,"SYN08043278 32797 22304 10320 20233 30051 40058 81071 333 10381 20309 59007 555 10099=",
"43278099999","2023-05-14T06:00:00","4","13.0666666","80.2","7.0","NUMGAMBAKKAM, IN","FM-12","99999","V020","320,1,N,0015,1","22000,1,9,N","010000,1,9,9","+0378,1","+0229,1","10051,1",,,,,,"02,1,+01750,1,03,1","99,9,+99999,9,00,1",,,"9,AGL   ,+99999,+99999","03,99,1,02,1,99,9,01750,1,99,9,99,9",,,"99999,9,10044,1","9,9,999,9,-011,1",,,"SYN05843278 32797 33203 10378 20229 30044 40051 82071 333 59011=",
"43278099999","2023-05-14T09:00:00","4","13.0666666","80.2","7.0","NUMGAMBAKKAM, IN","FM-12","99999","V020","230,1,N,0026,1","99999,9,9,N","010000,1,9,9","+0398,1","+0204,1","10023,1",,,,,,"02,1,+00800,1,06,1","99,9,+99999,9,04,1","99,9,+99999,9,00,1",,"9,AGL   ,+99999,+99999","06,99,1,02,1,99,9,00800,1,99,9,99,9",,,"99999,9,10016,1","9,9,999,9,-016,1",,,"SYN05843278 32597 62305 10398 20204 30016 40023 82511 333 59016=",
"43278099999","2023-05-14T12:00:00","4","13.0666666","80.2","7.0","NUMGAMBAKKAM, IN","FM-12","99999","V020","230,1,N,0010,1","99999,9,9,N","010000,1,9,9","+0384,1","+0200,1","10019,1",,,,,,"02,1,+00800,1,06,1","99,9,+99999,9,04,1","99,9,+99999,9,00,1",,"9,AGL   ,+99999,+99999","05,99,1,02,1,99,9,00800,1,99,9,99,9",,,"99999,9,10012,1","9,9,999,9,-025,1",,,"SYN06443278 32597 52302 10384 20200 30012 40019 82511 333 10407 59025=",
"43278099999","2023-05-14T15:00:00","4","13.0666666","80.2","7.0","NUMGAMBAKKAM, IN","FM-12","99999","V020","140,1,N,0021,1","22000,1,9,N","010000,1,9,9","+0326,1","+0268,1","10037,1",,,,,,"01,1,+00800,1,06,1","99,9,+99999,9,00,1",,,"9,AGL   ,+99999,+99999","03,99,1,01,1,99,9,00800,1,99,9,99,9",,,"99999,9,10030,1","9,9,999,9,-021,1",,,"SYN05843278 32597 31404 10326 20268 30030 40037 81501 333 59021=",
"43278099999","2023-05-15T00:00:00","4","13.0666666","80.2","7.0","NUMGAMBAKKAM, IN","FM-12","99999","V020","230,1,N,0015,1","22000,1,9,N","004000,1,9,9","+0303,1","+0263,1","10038,1",,,,,,"99,9,+99999,9,00,1",,,,"9,AGL   ,+99999,+99999","02,99,1,00,1,99,9,99999,9,99,9,99,9",,,"99999,9,10031,1","9,9,999,9,-006,1",,,"SYN05843278 32996 22303 10303 20263 30031 40038 80001 333 59006=","Q01    003SCCGA1"
"43278099999","2023-05-15T03:00:00","4","13.0666666","80.2","7.0","NUMGAMBAKKAM, IN","FM-12","99999","V020","230,1,N,0010,1","22000,1,9,N","010000,1,9,9","+0336,1","+0258,1","10060,1",,,,,,"99,9,+00800,1,00,1",,,,"9,AGL   ,+99999,+99999","03,99,1,00,1,99,9,00800,1,99,9,99,9","240,M,+0407,1","240,N,+0300,1","99999,9,10053,1","9,9,999,9,+002,1",,,"SYN08043278 32597 32302 10336 20258 30053 40060 80001 333 10407 20300 58002 555 10099=","Q01    003SCCGA1"
"43278099999","2023-05-15T06:00:00","4","13.0666666","80.2","7.0","NUMGAMBAKKAM, IN","FM-12","99999","V020","230,1,N,0015,1","99999,9,9,N","010000,1,9,9","+0386,1","+0236,1","10061,1",,,,,,"01,1,+00800,1,06,1","99,9,+99999,9,00,1",,,"9,AGL   ,+99999,+99999","05,99,1,01,1,99,9,00800,1,99,9,99,9",,,"99999,9,10054,1","9,9,999,9,+010,1",,,"SYN05843278 32597 52303 10386 20236 30054 40061 81501 333 58010=",
"43278099999","2023-05-15T09:00:00","4","13.0666666","80.2","7.0","NUMGAMBAKKAM, IN","FM-12","99999","V020","140,1,N,0015,1","99999,9,9,N","010000,1,9,9","+0368,1","+0266,1","10035,1",,,,,,"01,1,+00800,1,06,1","99,9,+99999,9,02,1",,,"9,AGL   ,+99999,+99999","06,99,1,01,1,99,9,00800,1,99,9,99,9",,,"99999,9,10028,1","9,9,999,9,+012,1",,,"SYN05843278 32597 61403 10368 20266 30028 40035 81508 333 58012=",
"43278099999","2023-05-15T12:00:00","4","13.0666666","80.2","7.0","NUMGAMBAKKAM, IN","FM-12","99999","V020","140,1,N,0015,1","99999,9,9,N","010000,1,9,9","+0348,1","+0268,1","10041,1",,,,,,"01,1,+00800,1,06,1","99,9,+99999,9,02,1",,,"9,AGL   ,+99999,+99999","06,99,1,01,1,99,9,00800,1,99,9,99,9",,,"99999,9,10034,1","9,9,999,9,+022,1",,,"SYN06443278 32597 61403 10348 20268 30034 40041 81508 333 10408 58022=",
"43278099999","2023-05-15T15:00:00","4","13.0666666","80.2","7.0","NUMGAMBAKKAM, IN","FM-12","99999","V020","160,1,N,0015,1","22000,1,9,N","004000,1,9,9","+0324,1","+0266,1","10052,1",,,,,,"99,9,+99999,9,00,1",,,,"9,AGL   ,+99999,+99999","04,99,1,00,1,99,9,99999,9,99,9,99,9",,,"99999,9,10045,1","9,9,999,9,+015,1",,,"SYN05843278 32996 41603 10324 20266 30045 40052 80002 333 58015=","Q01    003SCCGA1"
"43278099999","2023-05-16T00:00:00","4","13.0666666","80.2","7.0","NUMGAMBAKKAM, IN","FM-12","99999","V020","230,1,N,0015,1","22000,1,9,N","004000,1,9,9","+0308,1","+0263,1","10056,1",,,,,,"01,1,+00800,1,06,1","99,9,+99999,9,00,1",,,"9,AGL   ,+99999,+99999","03,99,1,01,1,99,9,00800,1,99,9,99,9",,,"99999,9,10049,1","9,9,999,9,+018,1",,,"SYN05843278 32596 32303 10308 20263 30049 40056 81502 333 58018=",
"43278099999","2023-05-16T03:00:00","4","13.0666666","80.2","7.0","NUMGAMBAKKAM, IN","FM-12","99999","V020","230,1,N,0010,1","22000,1,9,N","010000,1,9,9","+0334,1","+0256,1","10072,1",,,,,,"99,9,+99999,9,00,1",,,,"9,AGL   ,+99999,+99999","02,99,1,00,1,99,9,99999,9,99,9,99,9","240,M,+0408,1","240,N,+0302,1","99999,9,10065,1","9,9,999,9,+012,1",,,"SYN08043278 32997 22302 10334 20256 30065 40072 80001 333 10408 20302 58012 555 10099=","Q01    003SCCGA1"
"43278099999","2023-05-16T06:00:00","4","13.0666666","80.2","7.0","NUMGAMBAKKAM, IN","FM-12","99999","V020","230,1,N,0005,1","22000,1,9,N","010000,1,9,9","+0392,1","+0229,1","10068,1",,,,,,"99,9,+99999,9,00,1",,,,"9,AGL   ,+99999,+99999","01,99,1,00,1,99,9,99999,9,99,9,99,9",,,"99999,9,10061,1","9,9,999,9,+007,1",,,"SYN05843278 32997 12301 10392 20229 30061 40068 80001 333 58007=","Q01    003SCCGA1"
"43278099999","2023-05-16T09:00:00","4","13.0666666","80.2","7.0","NUMGAMBAKKAM, IN","FM-12","99999","V020","090,1,N,0010,1","22000,1,9,N","010000,1,9,9","+0392,1","+0233,1","10055,1",,,,,,"01,1,+00800,1,06,1","99,9,+99999,9,00,1",,,"9,AGL   ,+99999,+99999","02,99,1,01,1,99,9,00800,1,99,9,99,9",,,"99999,9,10048,1","9,9,999,9,+020,1",,,"SYN05843278 32597 20902 10392 20233 30048 40055 81501 333 58020=",
"43278099999","2023-05-16T12:00:00","4","13.0666666","80.2","7.0","NUMGAMBAKKAM, IN","FM-12","99999","V020","999,9,C,0000,1","99999,9,9,N","010000,1,9,9","+0344,1","+0267,1","10058,1",,,,,,"03,1,+00800,1,06,1","99,9,+99999,9,00,1",,,"9,AGL   ,+99999,+99999","05,99,1,03,1,99,9,00800,1,99,9,99,9",,,"99999,9,10051,1","9,9,999,9,+017,1",,,"SYN06443278 32597 50000 10344 20267 30051 40058 83501 333 10418 58017=",
"43278099999","2023-05-16T15:00:00","4","13.0666666","80.2","7.0","NUMGAMBAKKAM, IN","FM-12","99999","V020","140,1,N,0010,1","22000,1,9,N","004000,1,9,9","+0328,1","+0264,1","10071,1",,,,,,"99,9,+99999,9,00,1",,,,"9,AGL   ,+99999,+99999","02,99,1,00,1,99,9,99999,9,99,9,99,9",,,"99999,9,10064,1","9,9,999,9,+019,1",,,"SYN05843278 32996 21402 10328 20264 30064 40071 80001 333 58019=","Q01    003SCCGA1"
"43278099999","2023-05-17T00:00:00","4","13.0666666","80.2","7.0","NUMGAMBAKKAM, IN","FM-12","99999","V020","200,1,N,0015,1","22000,1,9,N","004000,1,9,9","+0310,1","+0274,1","10068,1",,,,,,"99,9,+99999,9,00,1",,,,"9,AGL   ,+99999,+99999","03,99,1,00,1,99,9,99999,9,99,9,99,9",,,"99999,9,10061,1","9,9,999,9,+012,1",,,"SYN05843278 32996 32003 10310 20274 30061 40068 80001 333 58012=","Q01    003SCCGA1"
"43278099999","2023-05-17T03:00:00","4","13.0666666","80.2","7.0","NUMGAMBAKKAM, IN","FM-12","99999","V020","230,1,N,0026,1","22000,1,9,N","010000,1,9,9","+0330,1","+0266,1","10082,1",,,,,,"99,9,+99999,9,00,1",,,,"9,AGL   ,+99999,+99999","04,99,1,00,1,99,9,99999,9,99,9,99,9","240,M,+0418,1","240,N,+0310,1","99999,9,10075,1","9,9,999,9,+010,1",,,"SYN08043278 32997 42305 10330 20266 30075 40082 80002 333 10418 20310 58010 555 10099=","Q01    003SCCGA1"
"43278099999","2023-05-17T06:00:00","4","13.0666666","80.2","7.0","NUMGAMBAKKAM, IN","FM-12","99999","V020","160,1,N,0026,1","99999,9,9,N","010000,1,9,9","+0358,1","+0276,1","10075,1",,,,,,"01,1,+00800,1,06,1","99,9,+99999,9,00,1",,,"9,AGL   ,+99999,+99999","05,99,1,01,1,99,9,00800,1,99,9,99,9",,,"99999,9,10068,1","9,9,999,9,+007,1",,,"SYN05843278 32597 51605 10358 20276 30068 40075 81502 333 58007=",
"43278099999","2023-05-17T09:00:00","4","13.0666666","80.2","7.0","NUMGAMBAKKAM, IN","FM-12","99999","V020","140,1,N,0010,1","22000,1,9,N","010000,1,9,9","+0360,1","+0278,1","10065,1",,,,,,"01,1,+00800,1,06,1","99,9,+99999,9,00,1",,,"9,AGL   ,+99999,+99999","02,99,1,01,1,99,9,00800,1,99,9,99,9",,,"99999,9,10058,1","9,9,999,9,+010,1",,,"SYN05843278 32597 21402 10360 20278 30058 40065 81501 333 58010=",
"43278099999","2023-05-17T12:00:00","4","13.0666666","80.2","7.0","NUMGAMBAKKAM, IN","FM-12","99999","V020","180,1,N,0015,1","22000,1,9,N","010000,1,9,9","+0322,1","+0275,1","10069,1",,,,,,"02,1,+00800,1,06,1","99,9,+99999,9,00,1",,,"9,AGL   ,+99999,+99999","03,99,1,02,1,99,9,00800,1,99,9,99,9",,,"99999,9,10062,1","9,9,999,9,+011,1",,,"SYN06443278 32597 31803 10322 20275 30062 40069 82501 333 10371 58011=",
"43278099999","2023-05-17T15:00:00","4","13.0666666","80.2","7.0","NUMGAMBAKKAM, IN","FM-12","99999","V020","140,1,N,0021,1","22000,1,9,N","004000,1,9,9","+0306,1","+0279,1","10096,1",,,,,,"01,1,+00800,1,06,1","99,9,+99999,9,03,1","99,9,+99999,9,00,1",,"9,AGL   ,+99999,+99999","03,99,1,01,1,99,9,00800,1,99,9,99,9",,,"99999,9,10089,1","9,9,999,9,+025,1",,,"SYN05843278 32596 31404 10306 20279 30089 40096 81531 333 58025=",
"43278099999","2023-05-18T00:00:00","4","13.0666666","80.2","7.0","NUMGAMBAKKAM, IN","FM-12","99999","V020","999,9,C,0000,1","22000,1,9,N","004000,1,9,9","+0294,1","+0260,1","10091,1",,,,,,"99,9,+99999,9,00,1",,,,"9,AGL   ,+99999,+99999","03,99,1,00,1,99,9,99999,9,99,9,99,9",,,"99999,9,10084,1","9,9,999,9,+023,1",,,"SYN05843278 32996 30000 10294 20260 30084 40091 80001 333 58023=","Q01    003SCCGA1"
"43278099999","2023-05-18T03:00:00","4","13.0666666","80.2","7.0","NUMGAMBAKKAM, IN","FM-12","99999","V020","270,1,N,0015,1","22000,1,9,N","010000,1,9,9","+0316,1","+0263,1","10110,1",,,,,,"02,1,+01750,1,03,1","99,9,+99999,9,00,1",,,"9,AGL   ,+99999,+99999","03,99,1,02,1,99,9,01750,1,99,9,99,9","240,M,+0371,1","240,N,+0293,1","99999,9,10103,1","9,9,999,9,+028,1",,,"SYN08043278 32797 32703 10316 20263 30103 40110 82071 333 10371 20293 58028 555 10099=",
"43278099999","2023-05-18T06:00:00","4","13.0666666","80.2","7.0","NUMGAMBAKKAM, IN","FM-12","99999","V020","140,1,N,0010,1","22000,1,9,N","010000,1,9,9","+0350,1","+0279,1","10103,1",,,,,,"01,1,+01750,1,03,1","99,9,+99999,9,00,1",,,"9,AGL   ,+99999,+99999","02,99,1,01,1,99,9,01750,1,99,9,99,9",,,"99999,9,10096,1","9,9,999,9,+018,1",,,"SYN05843278 32797 21402 10350 20279 30096 40103 81031 333 58018=",
"43278099999","2023-05-18T09:00:00","4","13.0666666","80.2","7.0","NUMGAMBAKKAM, IN","FM-12","99999","V020","140,1,N,0015,1","22000,1,9,N","010000,1,9,9","+0340,1","+0274,1","10070,1",,,,,,"99,9,+99999,9,00,1",,,,"9,AGL   ,+99999,+99999","01,99,1,00,1,99,9,99999,9,99,9,99,9",,,"99999,9,10063,1","9,9,999,9,+005,1",,,"SYN05843278 32997 11403 10340 20274 30063 40070 80001 333 58005=","Q01    003SCCGA1"
"43278099999","2023-05-18T12:00:00","4","13.0666666","80.2","7.0","NUMGAMBAKKAM, IN","FM-12","99999","V020","140,1,N,0015,1","22000,1,9,N","010000,1,9,9","+0316,1","+0266,1","10072,1",,,,,,"01,1,+00800,1,06,1","99,9,+99999,9,00,1",,,"9,AGL   ,+99999,+99999","03,99,1,01,1,99,9,00800,1,99,9,99,9",,,"99999,9,10065,1","9,9,999,9,+003,1",,,"SYN06443278 32597 31403 10316 20266 30065 40072 81501 333 10361 58003=",
"43278099999","2023-05-18T15:00:00","4","13.0666666","80.2","7.0","NUMGAMBAKKAM, IN","FM-12","99999","V020","140,1,N,0015,1","22000,1,9,N","004000,1,9,9","+0308,1","+0272,1","10089,1",,,,,,"01,1,+00800,1,06,1","99,9,+99999,9,00,1",,,"9,AGL   ,+99999,+99999","03,99,1,01,1,99,9,00800,1,99,9,99,9",,,"99999,9,10082,1","9,9,999,9,-007,1",,,"SYN05843278 32596 31403 10308 20272 30082 40089 81501 333 59007=",
"43278099999","2023-05-19T00:00:00","4","13.0666666","80.2","7.0","NUMGAMBAKKAM, IN","FM-12","99999","V020","999,9,V,0005,1","22000,1,9,N","004000,1,9,9","+0294,1","+0254,1","10085,1",,,,,,"02,1,+02250,1,03,1","99,9,+99999,9,00,1",,,"9,AGL   ,+99999,+99999","04,99,1,02,1,99,9,02250,1,99,9,99,9",,,"99999,9,10078,1","9,9,999,9,-006,1",,,"SYN05843278 32896 49901 10294 20254 30078 40085 82031 333 59006=",
"43278099999","2023-05-19T03:00:00","4","13.0666666","80.2","7.0","NUMGAMBAKKAM, IN","FM-12","99999","V020","230,1,N,0015,1","22000,1,9,N","010000,1,9,9","+0320,1","+0261,1","10095,1",,,,,,"01,1,+00800,1,06,1","99,9,+99999,9,00,1",,,"9,AGL   ,+99999,+99999","02,99,1,01,1,99,9,00800,1,99,9,99,9","240,M,+0361,1","240,N,+0292,1","99999,9,10088,1","9,9,999,9,-015,1",,,"SYN08043278 32597 22303 10320 20261 30088 40095 81501 333 10361 20292 59015 555 10099=",
"43278099999","2023-05-19T06:00:00","4","13.0666666","80.2","7.0","NUMGAMBAKKAM, IN","FM-12","99999","V020","230,1,N,0010,1","22000,1,9,N","010000,1,9,9","+0360,1","+0257,1","10084,1",,,,,,"99,9,+99999,9,00,1",,,,"9,AGL   ,+99999,+99999","02,99,1,00,1,99,9,99999,9,99,9,99,9",,,"99999,9,10077,1","9,9,999,9,-019,1",,,"SYN05843278 32997 22302 10360 20257 30077 40084 80001 333 59019=","Q01    003SCCGA1"
"43278099999","2023-05-19T09:00:00","4","13.0666666","80.2","7.0","NUMGAMBAKKAM, IN","FM-12","99999","V020","140,1,N,0015,1","22000,1,9,N","010000,1,9,9","+0352,1","+0267,1","10069,1",,,,,,"99,9,+99999,9,00,1",,,,"9,AGL   ,+99999,+99999","01,99,1,00,1,99,9,99999,9,99,9,99,9",,,"99999,9,10062,1","9,9,999,9,-001,1",,,"SYN05843278 32997 11403 10352 20267 30062 40069 80001 333 59001=","Q01    003SCCGA1"
"43278099999","2023-05-19T12:00:00","4","13.0666666","80.2","7.0","NUMGAMBAKKAM, IN","FM-12","99999","V020","180,1,N,0010,1","22000,1,9,N","010000,1,9,9","+0324,1","+0269,1","10061,1",,,,,,"99,9,+99999,9,00,1",,,,"9,AGL   ,+99999,+99999","01,99,1,00,1,99,9,99999,9,99,9,99,9",,,"99999,9,10054,1","9,9,999,9,-011,1",,,"SYN06443278 32997 11802 10324 20269 30054 40061 80001 333 10371 59011=","Q01    003SCCGA1"
"43278099999","2023-05-19T15:00:00","4","13.0666666","80.2","7.0","NUMGAMBAKKAM, IN","FM-12","99999","V020","140,1,N,0010,1","22000,1,9,N","004000,1,9,9","+0312,1","+0276,1","10074,1",,,,,,"99,9,+99999,9,00,1",,,,"9,AGL   ,+99999,+99999","01,99,1,00,1,99,9,99999,9,99,9,99,9",,,"99999,9,10067,1","9,9,999,9,-015,1",,,"SYN05843278 32996 11402 10312 20276 30067 40074 80001 333 59015=","Q01    003SCCGA1"
"43278099999","2023-05-20T00:00:00","4","13.0666666","80.2","7.0","NUMGAMBAKKAM, IN","FM-12","99999","V020","230,1,N,0010,1","22000,1,9,N","004000,1,9,9","+0292,1","+0261,1","10070,1",,,,,,"99,9,+99999,9,00,1",,,,"9,AGL   ,+99999,+99999","02,99,1,00,1,99,9,99999,9,99,9,99,9",,,"99999,9,10063,1","9,9,999,9,-015,1",,,"SYN05843278 32996 22302 10292 20261 30063 40070 80002 333 59015=","Q01    003SCCGA1"
"43278099999","2023-05-20T03:00:00","4","13.0666666","80.2","7.0","NUMGAMBAKKAM, IN","FM-12","99999","V020","230,1,N,0010,1","22000,1,9,N","010000,1,9,9","+0318,1","+0259,1","10088,1",,,,,,"99,9,+99999,9,00,1",,,,"9,AGL   ,+99999,+99999","01,99,1,00,1,99,9,99999,9,99,9,99,9","240,M,+0371,1","240,N,+0289,1","99999,9,10081,1","9,9,999,9,-007,1",,,"SYN08043278 32997 12302 10318 20259 30081 40088 80001 333 10371 20289 59007 555 10099=","Q01    003SCCGA1"
"43278099999","2023-05-20T06:00:00","4","13.0666666","80.2","7.0","NUMGAMBAKKAM, IN","FM-12","99999","V020","140,1,N,0010,1","22000,1,9,N","010000,1,9,9","+0358,1","+0276,1","10076,1",,,,,,"99,9,+99999,9,00,1",,,,"9,AGL   ,+99999,+99999","01,99,1,00,1,99,9,99999,9,99,9,99,9",,,"99999,9,10069,1","9,9,999,9,-008,1",,,"SYN05843278 32997 11402 10358 20276 30069 40076 80001 333 59008=","Q01    003SCCGA1"
"43278099999","2023-05-20T09:00:00","4","13.0666666","80.2","7.0","NUMGAMBAKKAM, IN","FM-12","99999","V020","140,1,N,0015,1","22000,1,9,N","010000,1,9,9","+0354,1","+0266,1","10059,1",,,,,,"99,9,+99999,9,00,1",,,,"9,AGL   ,+99999,+99999","01,99,1,00,1,99,9,99999,9,99,9,99,9",,,"99999,9,10052,1","9,9,999,9,-010,1",,,"SYN05843278 32997 11403 10354 20266 30052 40059 80001 333 59010=","Q01    003SCCGA1"
"43278099999","2023-05-20T12:00:00","4","13.0666666","80.2","7.0","NUMGAMBAKKAM, IN","FM-12","99999","V020","140,1,N,0010,1","22000,1,9,N","010000,1,9,9","+0330,1","+0269,1","10053,1",,,,,,"99,9,+99999,9,00,1",,,,"9,AGL   ,+99999,+99999","01,99,1,00,1,99,9,99999,9,99,9,99,9","240,M,+0364,1",,"99999,9,10046,1","9,9,999,9,-008,1",,,"SYN06443278 32997 11402 10330 20269 30046 40053 80001 333 10364 59008=","Q01    003SCCGA1"
"43278099999","2023-05-20T15:00:00","4","13.0666666","80.2","7.0","NUMGAMBAKKAM, IN","FM-12","99999","V020","140,1,N,0010,1","22000,1,9,N","004000,1,9,9","+0306,1","+0276,1","10072,1",,,,,,"02,1,+00800,1,06,1","99,9,+99999,9,00,1",,,"9,AGL   ,+99999,+99999","03,99,1,02,1,99,9,00800,1,99,9,99,9",,,"99999,9,10065,1","9,9,999,9,-002,1",,,"SYN05843278 32596 31402 10306 20276 30065 40072 82501 333 59002=",
"43278099999","2023-05-21T00:00:00","4","13.0666666","80.2","7.0","NUMGAMBAKKAM, IN","FM-12","99999","V020","230,1,N,0005,1","22000,1,9,N","004000,1,9,9","+0294,1","+0266,1","10077,1",,,,,,"01,1,+00800,1,06,1","99,9,+99999,9,00,1",,,"9,AGL   ,+99999,+99999","04,99,1,01,1,99,9,00800,1,99,9,99,9",,,"99999,9,10070,1","9,9,999,9,+007,1",,,"SYN05843278 32596 42301 10294 20266 30070 40077 81501 333 58007=",
"43278099999","2023-05-21T03:00:00","4","13.0666666","80.2","7.0","NUMGAMBAKKAM, IN","FM-12","99999","V020","140,1,N,0015,1","99999,9,9,N","010000,1,9,9","+0294,1","+0260,1","10086,1",,,,,,"03,1,+00800,1,06,1","99,9,+99999,9,03,1","99,9,+99999,9,02,1",,"9,AGL   ,+99999,+99999","08,99,1,03,1,99,9,00800,1,99,9,99,9","240,M,+0364,1","240,N,+0288,1","99999,9,10079,1","9,9,999,9,-002,1",,,"SYN08043278 32597 81403 10294 20260 30079 40086 83476 333 10364 20288 59002 555 10099=",
"43278099999","2023-05-21T06:00:00","4","13.0666666","80.2","7.0","NUMGAMBAKKAM, IN","FM-12","99999","V020","140,1,N,0015,1","99999,9,9,N","010000,1,9,9","+0334,1","+0274,1","10087,1",,,,,,"02,1,+00800,1,06,1","99,9,+99999,9,03,1","99,9,+99999,9,00,1",,"9,AGL   ,+99999,+99999","06,99,1,02,1,99,9,00800,1,99,9,99,9",,,"99999,9,10080,1","9,9,999,9,+011,1",,,"SYN05843278 32597 61403 10334 20274 30080 40087 82472 333 58011=",
"43278099999","2023-05-21T09:00:00","4","13.0666666","80.2","7.0","NUMGAMBAKKAM, IN","FM-12","99999","V020","140,1,N,0010,1","22000,1,9,N","010000,1,9,9","+0350,1","+0273,1","10076,1",,,,,,"01,1,+00800,1,06,1","99,9,+99999,9,03,1","99,9,+99999,9,00,1",,"9,AGL   ,+99999,+99999","03,99,1,01,1,99,9,00800,1,99,9,99,9",,,"99999,9,10069,1","9,9,999,9,+017,1",,,"SYN05843278 32597 31402 10350 20273 30069 40076 81571 333 58017=",
"43278099999","2023-05-21T12:00:00","4","13.0666666","80.2","7.0","NUMGAMBAKKAM, IN","FM-12","99999","V020","140,1,N,0010,1","22000,1,9,N","010000,1,9,9","+0322,1","+0272,1","10072,1",,,,,,"99,9,+99999,9,00,1",,,,"9,AGL   ,+99999,+99999","01,99,1,00,1,99,9,99999,9,99,9,99,9",,,"99999,9,10065,1","9,9,999,9,+019,1",,,"SYN06443278 32997 11402 10322 20272 30065 40072 80001 333 10356 58019=","Q01    003SCCGA1"
"43278099999","2023-05-21T15:00:00","4","13.0666666","80.2","7.0","NUMGAMBAKKAM, IN","FM-12","99999","V020","999,9,C,0000,1","22000,1,9,N","004000,1,9,9","+0306,1","+0276,1","10089,1",,,,,,"01,1,+00800,1,06,1","99,9,+99999,9,00,1",,,"9,AGL   ,+99999,+99999","02,99,1,01,1,99,9,00800,1,99,9,99,9",,,"99999,9,10082,1","9,9,999,9,+017,1",,,"SYN05843278 32596 20000 10306 20276 30082 40089 81501 333 58017=",
"43278099999","2023-05-22T00:00:00","4","13.0666666","80.2","7.0","NUMGAMBAKKAM, IN","FM-12","99999","V020","180,1,N,0010,1","22000,1,9,N","004000,1,9,9","+0292,1","+0270,1","10081,1",,,,,,"03,1,+00800,1,06,1","99,9,+99999,9,00,1",,,"9,AGL   ,+99999,+99999","04,99,1,03,1,99,9,00800,1,99,9,99,9",,,"99999,9,10074,1","9,9,999,9,+004,1",,,"SYN05843278 32596 41802 10292 20270 30074 40081 83501 333 58004=",
"43278099999","2023-05-22T03:00:00","4","13.0666666","80.2","7.0","NUMGAMBAKKAM, IN","FM-12","99999","V020","200,1,N,0015,1","99999,9,9,N","010000,1,9,9","+0318,1","+0268,1","10101,1",,,,,,"04,1,+00800,1,08,1","99,9,+99999,9,00,1",,,"9,AGL   ,+99999,+99999","06,99,1,04,1,99,9,00800,1,99,9,99,9","240,M,+0356,1","240,N,+0291,1","99999,9,10094,1","9,9,999,9,+015,1",,,"SYN08043278 32597 62003 10318 20268 30094 40101 84801 333 10356 20291 58015 555 10099=",
"43278099999","2023-05-22T06:00:00","4","13.0666666","80.2","7.0","NUMGAMBAKKAM, IN","FM-12","99999","V020","140,1,N,0015,1","99999,9,9,N","010000,1,9,9","+0348,1","+0274,1","10093,1",,,,,,"04,1,+00800,1,08,1","99,9,+99999,9,00,1",,,"9,AGL   ,+99999,+99999","06,99,1,04,1,99,9,00800,1,99,9,99,9",,,"99999,9,10086,1","9,9,999,9,+006,1",,,"SYN05843278 32597 61403 10348 20274 30086 40093 84801 333 58006=",
"43278099999","2023-05-22T09:00:00","4","13.0666666","80.2","7.0","NUMGAMBAKKAM, IN","FM-12","99999","V020","140,1,N,0015,1","22000,1,9,N","010000,1,9,9","+0340,1","+0265,1","10081,1",,,,,,"03,1,+00800,1,06,1","99,9,+99999,9,00,1",,,"9,AGL   ,+99999,+99999","04,99,1,03,1,99,9,00800,1,99,9,99,9",,,"99999,9,10074,1","9,9,999,9,+005,1",,,"SYN05843278 32597 41403 10340 20265 30074 40081 83501 333 58005=",
"43278099999","2023-05-22T12:00:00","4","13.0666666","80.2","7.0","NUMGAMBAKKAM, IN","FM-12","99999","V020","140,1,N,0010,1","99999,9,9,N","010000,1,9,9","+0316,1","+0266,1","10077,1",,,,,,"03,1,+00800,1,06,1","99,9,+99999,9,04,1","99,9,+99999,9,00,1",,"9,AGL   ,+99999,+99999","05,99,1,03,1,99,9,00800,1,99,9,99,9","240,M,+0356,1",,"99999,9,10070,1","9,9,999,9,+005,1",,,"SYN06443278 32597 51402 10316 20266 30070 40077 83511 333 10356 58005=",
"43278099999","2023-05-22T15:00:00","4","13.0666666","80.2","7.0","NUMGAMBAKKAM, IN","FM-12","99999","V020","140,1,N,0010,1","22000,1,9,N","004000,1,9,9","+0304,1","+0277,1","10092,1",,,,,,"03,1,+00800,1,06,1","99,9,+99999,9,00,1",,,"9,AGL   ,+99999,+99999","04,99,1,03,1,99,9,00800,1,99,9,99,9",,,"99999,9,10085,1","9,9,999,9,+003,1",,,"SYN05843278 32596 41402 10304 20277 30085 40092 83501 333 58003=",
"43278099999","2023-05-23T00:00:00","4","13.0666666","80.2","7.0","NUMGAMBAKKAM, IN","FM-12","99999","V020","180,1,N,0005,1","22000,1,9,N","004000,1,9,9","+0288,1","+0263,1","10097,1",,,,,,"99,9,+99999,9,00,1",,,,"9,AGL   ,+99999,+99999","02,99,1,00,1,99,9,99999,9,99,9,99,9",,,"99999,9,10090,1","9,9,999,9,+016,1",,,"SYN05843278 32996 21801 10288 20263 30090 40097 80001 333 58016=","Q01    003SCCGA1"
"43278099999","2023-05-23T03:00:00","4","13.0666666","80.2","7.0","NUMGAMBAKKAM, IN","FM-12","99999","V020","230,1,N,0010,1","22000,1,9,N","010000,1,9,9","+0322,1","+0239,1","10112,1",,,,,,"99,9,+99999,9,00,1",,,,"9,AGL   ,+99999,+99999","02,99,1,00,1,99,9,99999,9,99,9,99,9","240,M,+0356,1","240,N,+0286,1","99999,9,10105,1","9,9,999,9,+011,1",,,"SYN08043278 32997 22302 10322 20239 30105 40112 80001 333 10356 20286 58011 555 10099=","Q01    003SCCGA1"
"43278099999","2023-05-23T06:00:00","4","13.0666666","80.2","7.0","NUMGAMBAKKAM, IN","FM-12","99999","V020","140,1,N,0010,1","22000,1,9,N","010000,1,9,9","+0368,1","+0241,1","10102,1",,,,,,"99,9,+99999,9,00,1",,,,"9,AGL   ,+99999,+99999","02,99,1,00,1,99,9,99999,9,99,9,99,9",,,"99999,9,10095,1","9,9,999,9,+009,1",,,"SYN05843278 32997 21402 10368 20241 30095 40102 80001 333 58009=","Q01    003SCCGA1"
"43278099999","2023-05-23T09:00:00","4","13.0666666","80.2","7.0","NUMGAMBAKKAM, IN","FM-12","99999","V020","110,1,N,0010,1","22000,1,9,N","010000,1,9,9","+0342,1","+0255,1","10087,1",,,,,,"01,1,+00800,1,06,1","99,9,+99999,9,00,1",,,"9,AGL   ,+99999,+99999","02,99,1,01,1,99,9,00800,1,99,9,99,9",,,"99999,9,10080,1","9,9,999,9,+006,1",,,"SYN05843278 32597 21102 10342 20255 30080 40087 81501 333 58006=",
"43278099999","2023-05-23T12:00:00","4","13.0666666","80.2","7.0","NUMGAMBAKKAM, IN","FM-12","99999","V020","140,1,N,0010,1","22000,1,9,N","010000,1,9,9","+0324,1","+0251,1","10072,1",,,,,,"99,9,+99999,9,00,1",,,,"9,AGL   ,+99999,+99999","01,99,1,00,1,99,9,99999,9,99,9,99,9",,,"99999,9,10065,1","9,9,999,9,-005,1",,,"SYN06443278 32997 11402 10324 20251 30065 40072 80001 333 10371 59005=","Q01    003SCCGA1"
"43278099999","2023-05-23T15:00:00","4","13.0666666","80.2","7.0","NUMGAMBAKKAM, IN","FM-12","99999","V020","999,9,C,0000,1","22000,1,9,N","004000,1,9,9","+0308,1","+0266,1","10092,1",,,,,,"99,9,+99999,9,00,1",,,,"9,AGL   ,+99999,+99999","01,99,1,00,1,99,9,99999,9,99,9,99,9",,,"99999,9,10085,1","9,9,999,9,+000,1",,,"SYN05843278 32996 10000 10308 20266 30085 40092 80001 333 58000=","Q01    003SCCGA1"
"43278099999","2023-05-24T00:00:00","4","13.0666666","80.2","7.0","NUMGAMBAKKAM, IN","FM-12","99999","V020","230,1,N,0015,1","22000,1,9,N","004000,1,9,9","+0294,1","+0242,1","10089,1",,,,,,"99,9,+99999,9,00,1",,,,"9,AGL   ,+99999,+99999","02,99,1,00,1,99,9,99999,9,99,9,99,9",,,"99999,9,10082,1","9,9,999,9,-008,1",,,"SYN05843278 32996 22303 10294 20242 30082 40089 80001 333 59008=","Q01    003SCCGA1"
"43278099999","2023-05-24T03:00:00","4","13.0666666","80.2","7.0","NUMGAMBAKKAM, IN","FM-12","99999","V020","230,1,N,0010,1","22000,1,9,N","010000,1,9,9","+0318,1","+0247,1","10100,1",,,,,,"99,9,+99999,9,00,1",,,,"9,AGL   ,+99999,+99999","01,99,1,00,1,99,9,99999,9,99,9,99,9","240,M,+0371,1","240,N,+0291,1","99999,9,10093,1","9,9,999,9,-012,1",,,"SYN08043278 32997 12302 10318 20247 30093 40100 80001 333 10371 20291 59012 555 10099=","Q01    003SCCGA1"
"43278099999","2023-05-24T06:00:00","4","13.0666666","80.2","7.0","NUMGAMBAKKAM, IN","FM-12","99999","V020","230,1,N,0010,1","22000,1,9,N","010000,1,9,9","+0378,1","+0233,1","10093,1",,,,,,"99,9,+99999,9,00,1",,,,"9,AGL   ,+99999,+99999","01,99,1,00,1,99,9,99999,9,99,9,99,9",,,"99999,9,10086,1","9,9,999,9,-009,1",,,"SYN05843278 32997 12302 10378 20233 30086 40093 80001 333 59009=","Q01    003SCCGA1"
"43278099999","2023-05-24T09:00:00","4","13.0666666","80.2","7.0","NUMGAMBAKKAM, IN","FM-12","99999","V020","140,1,N,0010,1","22000,1,9,N","010000,1,9,9","+0348,1","+0256,1","10067,1",,,,,,"01,1,+00800,1,06,1","99,9,+99999,9,00,1",,,"9,AGL   ,+99999,+99999","01,99,1,01,1,99,9,00800,1,99,9,99,9",,,"99999,9,10060,1","9,9,999,9,-020,1",,,"SYN05843278 32597 11402 10348 20256 30060 40067 81501 333 59020=",
"43278099999","2023-05-24T12:00:00","4","13.0666666","80.2","7.0","NUMGAMBAKKAM, IN","FM-12","99999","V020","140,1,N,0010,1","22000,1,9,N","010000,1,9,9","+0338,1","+0260,1","10066,1",,,,,,"99,9,+99999,9,00,1",,,,"9,AGL   ,+99999,+99999","01,99,1,00,1,99,9,99999,9,99,9,99,9",,,"99999,9,10059,1","9,9,999,9,-006,1",,,"SYN06443278 32997 11402 10338 20260 30059 40066 80001 333 10385 59006=","Q01    003SCCGA1"
"43278099999","2023-05-24T15:00:00","4","13.0666666","80.2","7.0","NUMGAMBAKKAM, IN","FM-12","99999","V020","999,9,C,0000,1","22000,1,9,N","004000,1,9,9","+0320,1","+0261,1","10085,1",,,,,,"99,9,+99999,9,00,1",,,,"9,AGL   ,+99999,+99999","01,99,1,00,1,99,9,99999,9,99,9,99,9",,,"99999,9,10078,1","9,9,999,9,-007,1",,,"SYN05843278 32996 10000 10320 20261 30078 40085 80001 333 59007=","Q01    003SCCGA1"
"43278099999","2023-05-25T00:00:00","4","13.0666666","80.2","7.0","NUMGAMBAKKAM, IN","FM-12","99999","V020","230,1,N,0015,1","22000,1,9,N","004000,1,9,9","+0294,1","+0251,1","10082,1",,,,,,"01,1,+02250,1,03,1","99,9,+99999,9,00,1",,,"9,AGL   ,+99999,+99999","03,99,1,01,1,99,9,02250,1,99,9,99,9",,,"99999,9,10075,1","9,9,999,9,-007,1",,,"SYN05843278 32896 32303 10294 20251 30075 40082 81031 333 59007=",
"43278099999","2023-05-25T03:00:00","4","13.0666666","80.2","7.0","NUMGAMBAKKAM, IN","FM-12","99999","V020","230,1,N,0010,1","22000,1,9,N","010000,1,9,9","+0328,1","+0246,1","10090,1",,,,,,"99,9,+99999,9,00,1",,,,"9,AGL   ,+99999,+99999","02,99,1,00,1,99,9,99999,9,99,9,99,9","240,M,+0385,1","240,N,+0297,1","99999,9,10083,1","9,9,999,9,-010,1",,,"SYN08043278 32997 22302 10328 20246 30083 40090 80001 333 10385 20297 59010 555 10099=","Q01    003SCCGA1"
"43278099999","2023-05-25T06:00:00","4","13.0666666","80.2","7.0","NUMGAMBAKKAM, IN","FM-12","99999","V020","320,1,N,0015,1","22000,1,9,N","010000,1,9,9","+0376,1","+0223,1","10085,1",,,,,,"99,9,+99999,9,00,1",,,,"9,AGL   ,+99999,+99999","01,99,1,00,1,99,9,99999,9,99,9,99,9",,,"99999,9,10078,1","9,9,999,9,-008,1",,,"SYN05843278 32997 13203 10376 20223 30078 40085 80001 333 59008=","Q01    003SCCGA1"
"43278099999","2023-05-25T09:00:00","4","13.0666666","80.2","7.0","NUMGAMBAKKAM, IN","FM-12","99999","V020","090,1,N,0010,1","22000,1,9,N","010000,1,9,9","+0354,1","+0263,1","10073,1",,,,,,"02,1,+00800,1,06,1","99,9,+99999,9,00,1",,,"9,AGL   ,+99999,+99999","03,99,1,02,1,99,9,00800,1,99,9,99,9",,,"99999,9,10066,1","9,9,999,9,+006,1",,,"SYN05843278 32597 30902 10354 20263 30066 40073 82501 333 58006=",
"43278099999","2023-05-25T12:00:00","4","13.0666666","80.2","7.0","NUMGAMBAKKAM, IN","FM-12","99999","V020","230,1,N,0010,1","99999,9,9,N","010000,1,9,9","+0322,1","+0232,1","10074,1",,,,,,"02,1,+00800,1,06,1","99,9,+99999,9,03,1","99,9,+99999,9,00,1",,"9,AGL   ,+99999,+99999","06,99,1,02,1,99,9,00800,1,99,9,99,9",,,"99999,9,10067,1","9,9,999,9,+008,1",,,"SYN06443278 32597 62302 10322 20232 30067 40074 82571 333 10394 58008=",
"43278099999","2023-05-26T00:00:00","4","13.0666666","80.2","7.0","NUMGAMBAKKAM, IN","FM-12","99999","V020","230,1,N,0010,1","99999,9,9,N","004000,1,9,9","+0302,1","+0236,1","10082,1",,,,,,"01,1,+00800,1,06,1","99,9,+99999,9,03,1","99,9,+99999,9,00,1",,"9,AGL   ,+99999,+99999","05,99,1,01,1,99,9,00800,1,99,9,99,9",,,"99999,9,10075,1","9,9,999,9,+000,1",,,"SYN05843278 32596 52302 10302 20236 30075 40082 81532 333 58000=",
"43278099999","2023-05-26T03:00:00","4","13.0666666","80.2","7.0","NUMGAMBAKKAM, IN","FM-12","99999","V020","320,1,N,0010,1","22000,1,9,N","010000,1,9,9","+0330,1","+0235,1","10100,1",,,,,,"99,9,+99999,9,00,1",,,,"9,AGL   ,+99999,+99999","01,99,1,00,1,99,9,99999,9,99,9,99,9","240,M,+0394,1","240,N,+0298,1","99999,9,10093,1","9,9,999,9,+010,1",,,"SYN08043278 32997 13202 10330 20235 30093 40100 80001 333 10394 20298 58010 555 10099=","Q01    003SCCGA1"
"43278099999","2023-05-26T06:00:00","4","13.0666666","80.2","7.0","NUMGAMBAKKAM, IN","FM-12","99999","V020","320,1,N,0010,1","22000,1,9,N","010000,1,9,9","+0380,1","+0217,1","10091,1",,,,,,"99,9,+99999,9,00,1",,,,"9,AGL   ,+99999,+99999","01,99,1,00,1,99,9,99999,9,99,9,99,9",,,"99999,9,10084,1","9,9,999,9,+006,1",,,"SYN05843278 32997 13202 10380 20217 30084 40091 80001 333 58006=","Q01    003SCCGA1"
"43278099999","2023-05-26T12:00:00","4","13.0666666","80.2","7.0","NUMGAMBAKKAM, IN","FM-12","99999","V020","090,1,N,0010,1","22000,1,9,N","010000,1,9,9","+0316,1","+0254,1","10079,1",,,,,,"99,9,+99999,9,00,1",,,,"9,AGL   ,+99999,+99999","02,99,1,00,1,99,9,99999,9,99,9,99,9",,,"99999,9,10072,1","9,9,999,9,+005,1",,,"SYN06443278 32997 20902 10316 20254 30072 40079 80001 333 10405 58005=","Q01    003SCCGA1"
"43278099999","2023-05-27T00:00:00","4","13.0666666","80.2","7.0","NUMGAMBAKKAM, IN","FM-12","99999","V020","230,1,N,0015,1","22000,1,9,N","004000,1,9,9","+0290,1","+0235,1","10072,1",,,,,,"99,9,+99999,9,00,1",,,,"9,AGL   ,+99999,+99999","01,99,1,00,1,99,9,99999,9,99,9,99,9",,,"99999,9,10065,1","9,9,999,9,-010,1",,,"SYN05843278 32996 12303 10290 20235 30065 40072 80001 333 59010=","Q01    003SCCGA1"
"43278099999","2023-05-27T03:00:00","4","13.0666666","80.2","7.0","NUMGAMBAKKAM, IN","FM-12","99999","V020","270,1,N,0010,1","22000,1,9,N","010000,1,9,9","+0328,1","+0236,1","10084,1",,,,,,"99,9,+99999,9,00,1",,,,"9,AGL   ,+99999,+99999","01,99,1,00,1,99,9,99999,9,99,9,99,9","240,M,+0405,1","240,N,+0290,1","99999,9,10077,1","9,9,999,9,-016,1",,,"SYN08043278 32997 12702 10328 20236 30077 40084 80001 333 10405 20290 59016 555 10099=","Q01    003SCCGA1"
"43278099999","2023-05-27T06:00:00","4","13.0666666","80.2","7.0","NUMGAMBAKKAM, IN","FM-12","99999","V020","320,1,N,0010,1","22000,1,9,N","010000,1,9,9","+0384,1","+0230,1","10076,1",,,,,,"99,9,+99999,9,00,1",,,,"9,AGL   ,+99999,+99999","01,99,1,00,1,99,9,99999,9,99,9,99,9",,,"99999,9,10069,1","9,9,999,9,-015,1",,,"SYN05843278 32997 13202 10384 20230 30069 40076 80001 333 59015=","Q01    003SCCGA1"
"43278099999","2023-05-27T12:00:00","4","13.0666666","80.2","7.0","NUMGAMBAKKAM, IN","FM-12","99999","V020","140,1,N,0010,1","99999,9,9,N","010000,1,9,9","+0338,1","+0251,1","10053,1",,,,,,"04,1,+00800,1,06,1","99,9,+99999,9,03,1",,,"9,AGL   ,+99999,+99999","06,99,1,04,1,99,9,00800,1,99,9,99,9",,,"99999,9,10046,1","9,9,999,9,-026,1",,,"SYN06443278 32597 61402 10338 20251 30046 40053 84430 333 10403 59026=",
"43278099999","2023-05-28T00:00:00","4","13.0666666","80.2","7.0","NUMGAMBAKKAM, IN","FM-12","99999","V020","230,1,N,0015,1","22000,1,9,N","004000,1,9,9","+0306,1","+0270,1","10059,1",,,,,,"02,1,+00800,1,06,1","99,9,+99999,9,00,1",,,"9,AGL   ,+99999,+99999","03,99,1,02,1,99,9,00800,1,99,9,99,9",,,"99999,9,10052,1","9,9,999,9,-013,1",,,"SYN05843278 32596 32303 10306 20270 30052 40059 82502 333 59013=",
"43278099999","2023-05-28T03:00:00","4","13.0666666","80.2","7.0","NUMGAMBAKKAM, IN","FM-12","99999","V020","140,1,N,0010,1","99999,9,9,N","010000,1,9,9","+0294,1","+0251,1","10071,1",,,,,,"03,1,+00800,1,08,1","99,9,+99999,9,03,1","99,9,+99999,9,00,1",,"9,AGL   ,+99999,+99999","07,99,1,03,1,99,9,00800,1,99,9,99,9","240,M,+0403,1","240,N,+0291,1","99999,9,10064,1","9,9,999,9,-013,1",,,"SYN08043278 32597 71402 10294 20251 30064 40071 83872 333 10403 20291 59013 555 10099=",
"43278099999","2023-05-28T06:00:00","4","13.0666666","80.2","7.0","NUMGAMBAKKAM, IN","FM-12","99999","V020","230,1,N,0010,1","99999,9,9,N","010000,1,9,9","+0346,1","+0260,1","10071,1",,,,,,"02,1,+01250,1,06,1","99,9,+99999,9,03,1","99,9,+99999,9,00,1",,"9,AGL   ,+99999,+99999","06,99,1,02,1,99,9,01250,1,99,9,99,9",,,"99999,9,10064,1","9,9,999,9,-005,1",,,"SYN05843278 32697 62302 10346 20260 30064 40071 82531 333 59005=",
"43278099999","2023-05-28T12:00:00","4","13.0666666","80.2","7.0","NUMGAMBAKKAM, IN","FM-12","99999","V020","140,1,N,0010,1","22000,1,9,N","010000,1,9,9","+0336,1","+0255,1","10044,1",,,,,,"01,1,+00800,1,06,1","99,9,+99999,9,00,1",,,"9,AGL   ,+99999,+99999","02,99,1,01,1,99,9,00800,1,99,9,99,9","240,M,+0395,1",,"99999,9,10037,1","9,9,999,9,-009,1",,,"SYN06443278 32597 21402 10336 20255 30037 40044 81501 333 10395 59009=",
"43278099999","2023-05-29T00:00:00","4","13.0666666","80.2","7.0","NUMGAMBAKKAM, IN","FM-12","99999","V020","160,1,N,0005,1","22000,1,9,N","004000,1,9,9","+0296,1","+0274,1","10063,1",,,,,,"01,1,+02250,1,04,1","99,9,+99999,9,00,1",,,"9,AGL   ,+99999,+99999","04,99,1,01,1,99,9,02250,1,99,9,99,9",,,"99999,9,10056,1","9,9,999,9,+004,1",,,"SYN05843278 32896 41601 10296 20274 30056 40063 81011 333 58004=",
"43278099999","2023-05-29T03:00:00","4","13.0666666","80.2","7.0","NUMGAMBAKKAM, IN","FM-12","99999","V020","230,1,N,0010,1","22000,1,9,N","010000,1,9,9","+0330,1","+0254,1","10072,1",,,,,,"99,9,+99999,9,00,1",,,,"9,AGL   ,+99999,+99999","02,99,1,00,1,99,9,99999,9,99,9,99,9","240,M,+0395,1","240,N,+0294,1","99999,9,10065,1","9,9,999,9,+001,1",,,"SYN08043278 32997 22302 10330 20254 30065 40072 80001 333 10395 20294 58001 555 10099=","Q01    003SCCGA1"
"43278099999","2023-05-29T06:00:00","4","13.0666666","80.2","7.0","NUMGAMBAKKAM, IN","FM-12","99999","V020","140,1,N,0005,1","22000,1,9,N","010000,1,9,9","+0374,1","+0251,1","10068,1",,,,,,"99,9,+99999,9,00,1",,,,"9,AGL   ,+99999,+99999","02,99,1,00,1,99,9,99999,9,99,9,99,9",,,"99999,9,10061,1","9,9,999,9,-003,1",,,"SYN05843278 32997 21401 10374 20251 30061 40068 80001 333 59003=","Q01    003SCCGA1"
"43278099999","2023-05-29T12:00:00","4","13.0666666","80.2","7.0","NUMGAMBAKKAM, IN","FM-12","99999","V020","110,1,N,0021,1","22000,1,9,N","010000,1,9,9","+0322,1","+0272,1","10055,1",,,,,,"03,1,+02250,1,03,1","99,9,+99999,9,00,1",,,"9,AGL   ,+99999,+99999","04,99,1,03,1,99,9,02250,1,99,9,99,9",,,"99999,9,10048,1","9,9,999,9,+011,1",,,"SYN06443278 32897 41104 10322 20272 30048 40055 83071 333 10378 58011=",
"43278099999","2023-05-29T15:00:00","4","13.0666666","80.2","7.0","NUMGAMBAKKAM, IN","FM-12","99999","V020","160,1,N,0021,1","99999,9,9,N","004000,1,9,9","+0308,1","+0283,1","10081,1",,,,,,"05,1,+00800,1,06,1","99,9,+99999,9,00,1",,,"9,AGL   ,+99999,+99999","06,99,1,05,1,99,9,00800,1,99,9,99,9",,,"99999,9,10074,1","9,9,999,9,+022,1",,,"SYN05843278 32596 61604 10308 20283 30074 40081 85501 333 58022=",
"43278099999","2023-05-30T00:00:00","4","13.0666666","80.2","7.0","NUMGAMBAKKAM, IN","FM-12","99999","V020","180,1,N,0010,1","99999,9,9,N","004000,1,9,9","+0296,1","+0265,1","10071,1",,,,,,"05,1,+00800,1,06,1","99,9,+99999,9,00,1",,,"9,AGL   ,+99999,+99999","06,99,1,05,1,99,9,00800,1,99,9,99,9",,,"99999,9,10064,1","9,9,999,9,+008,1",,,"SYN05843278 32596 61802 10296 20265 30064 40071 85502 333 58008=",
"43278099999","2023-05-30T03:00:00","4","13.0666666","80.2","7.0","NUMGAMBAKKAM, IN","FM-12","99999","V020","230,1,N,0010,1","22000,1,9,N","010000,1,9,9","+0320,1","+0258,1","10090,1",,,,,,"02,1,+00800,1,06,1","99,9,+99999,9,00,1",,,"9,AGL   ,+99999,+99999","04,99,1,02,1,99,9,00800,1,99,9,99,9","240,M,+0378,1","240,N,+0295,1","99999,9,10083,1","9,9,999,9,+018,1",,,"SYN08043278 32597 42302 10320 20258 30083 40090 82501 333 10378 20295 58018 555 10099=",
"43278099999","2023-05-30T06:00:00","4","13.0666666","80.2","7.0","NUMGAMBAKKAM, IN","FM-12","99999","V020","140,1,N,0015,1","22000,1,9,N","010000,1,9,9","+0352,1","+0270,1","10080,1",,,,,,"03,1,+00800,1,06,1","99,9,+99999,9,00,1",,,"9,AGL   ,+99999,+99999","04,99,1,03,1,99,9,00800,1,99,9,99,9",,,"99999,9,10073,1","9,9,999,9,+012,1",,,"SYN05843278 32597 41403 10352 20270 30073 40080 83401 333 58012=",
"43278099999","2023-05-30T12:00:00","4","13.0666666","80.2","7.0","NUMGAMBAKKAM, IN","FM-12","99999","V020","320,1,N,0010,1","99999,9,9,N","010000,1,9,9","+0290,1","+0225,1","10078,1","09,0000,2,1","9,1,02,1","2,1,02,1",,,"03,1,+00800,1,09,1","99,9,+99999,9,03,1","99,9,+99999,9,00,1",,"9,AGL   ,+99999,+99999","05,99,1,03,1,99,9,00800,1,99,9,99,9",,,"99999,9,10071,1","9,9,999,9,+023,1",,"20,1","SYN07643278 21597 53202 10290 20225 30071 40078 72092 83331 333 10361 58023 6990/=",
"43278099999","2023-05-31T00:00:00","4","13.0666666","80.2","7.0","NUMGAMBAKKAM, IN","FM-12","99999","V020","230,1,N,0005,1","22000,1,9,N","004000,1,9,9","+0278,1","+0240,1","10075,1","21,0000,2,1",,,,,"99,9,+99999,9,00,1",,,,"9,AGL   ,+99999,+99999","02,99,1,00,1,99,9,99999,9,99,9,99,9",,,"99999,9,10068,1","9,9,999,9,+004,1",,,"SYN06443278 22996 22301 10278 20240 30068 40075 80001 333 58004 6990/=","Q01    003SCCGA1"
"43278099999","2023-05-31T03:00:00","4","13.0666666","80.2","7.0","NUMGAMBAKKAM, IN","FM-12","99999","V020","999,9,C,0000,1","22000,1,9,N","010000,1,9,9","+0314,1","+0236,1","10090,1","24,0000,2,1",,,,,"99,9,+99999,9,00,1",,,,"9,AGL   ,+99999,+99999","01,99,1,00,1,99,9,99999,9,99,9,99,9","240,M,+0361,1","240,N,+0276,1","99999,9,10083,1","9,9,999,9,+000,1",,,"SYN08643278 22997 10000 10314 20236 30083 40090 80001 333 10361 20276 58000 6990/ 555 10099=","Q01    003SCCGA1"
"43278099999","2023-05-31T06:00:00","4","13.0666666","80.2","7.0","NUMGAMBAKKAM, IN","FM-12","99999","V020","320,1,N,0010,1","22000,1,9,N","010000,1,9,9","+0360,1","+0227,1","10082,1",,,,,,"99,9,+99999,9,00,1",,,,"9,AGL   ,+99999,+99999","01,99,1,00,1,99,9,99999,9,99,9,99,9",,,"99999,9,10075,1","9,9,999,9,+002,1",,,"SYN05843278 32997 13202 10360 20227 30075 40082 80001 333 58002=","Q01    003SCCGA1"
"43278099999","2023-05-31T09:00:00","4","13.0666666","80.2","7.0","NUMGAMBAKKAM, IN","FM-12","99999","V020","140,1,N,0015,1","22000,1,9,N","010000,1,9,9","+0362,1","+0247,1","10061,1",,,,,,"01,1,+00800,1,06,1","99,9,+99999,9,00,1",,,"9,AGL   ,+99999,+99999","02,99,1,01,1,99,9,00800,1,99,9,99,9",,,"99999,9,10054,1","9,9,999,9,-007,1",,,"SYN05843278 32597 21403 10362 20247 30054 40061 81501 333 59007=",
"43278099999","2023-05-31T12:00:00","4","13.0666666","80.2","7.0","NUMGAMBAKKAM, IN","FM-12","99999","V020","140,1,N,0010,1","22000,1,9,N","010000,1,9,9","+0334,1","+0249,1","10051,1",,,,,,"99,9,+99999,9,00,1",,,,"9,AGL   ,+99999,+99999","01,99,1,00,1,99,9,99999,9,99,9,99,9","240,M,+0378,1",,"99999,9,10044,1","9,9,999,9,-027,1",,,"SYN06443278 32997 11402 10334 20249 30044 40051 80001 333 10378 59027=","Q01    003SCCGA1"
"43278099999","2023-06-01T00:00:00","4","13.0666666","80.2","7.0","NUMGAMBAKKAM, IN","FM-12","99999","V020","230,1,N,0015,1","22000,1,9,N","004000,1,9,9","+0300,1","+0264,1","10052,1",,,,,,"01,1,+00800,1,06,1","99,9,+99999,9,00,1",,,"9,AGL   ,+99999,+99999","04,99,1,01,1,99,9,00800,1,99,9,99,9",,,"99999,9,10045,1","9,9,999,9,-023,1",,,"SYN05843278 32596 42303 10300 20264 30045 40052 81501 333 59023=",
"43278099999","2023-06-01T03:00:00","4","13.0666666","80.2","7.0","NUMGAMBAKKAM, IN","FM-12","99999","V020","230,1,N,0010,1","22000,1,9,N","010000,1,9,9","+0320,1","+0252,1","10072,1",,,,,,"99,9,+99999,9,00,1",,,,"9,AGL   ,+99999,+99999","01,99,1,00,1,99,9,99999,9,99,9,99,9","240,M,+0378,1","240,N,+0299,1","99999,9,10065,1","9,9,999,9,-018,1",,,"SYN08043278 32997 12302 10320 20252 30065 40072 80001 333 10378 20299 59018 555 10000=","Q01    003SCCGA1"
"43278099999","2023-06-01T06:00:00","4","13.0666666","80.2","7.0","NUMGAMBAKKAM, IN","FM-12","99999","V020","230,1,N,0010,1","22000,1,9,N","010000,1,9,9","+0370,1","+0256,1","10066,1",,,,,,"99,9,+99999,9,00,1",,,,"9,AGL   ,+99999,+99999","01,99,1,00,1,99,9,99999,9,99,9,99,9",,,"99999,9,10059,1","9,9,999,9,-016,1",,,"SYN05843278 32997 12302 10370 20256 30059 40066 80001 333 59016=","Q01    003SCCGA1"
"43278099999","2023-06-01T12:00:00","4","13.0666666","80.2","7.0","NUMGAMBAKKAM, IN","FM-12","99999","V020","140,1,N,0015,1","22000,1,9,9","010000,1,9,9","+0337,1","+0266,1","10040,1","99,9999,9,9",,,"0,1,99,9","0,1,99,9","99,9,+08000,1,00,1",,,,"9,AGL   ,+99999,+99999","01,99,1,99,9,99,9,08000,1,99,9,99,9",,,"99999,9,10033,1","9,9,999,9,-011,1",,,"SYN004BUFR",
"43278099999","2023-06-02T00:00:00","4","13.0666666","80.2","7.0","NUMGAMBAKKAM, IN","FM-12","99999","V020","230,1,N,0015,1","22000,1,9,N","004000,1,9,9","+0302,1","+0245,1","10050,1",,,,,,"02,1,+02250,1,03,1","99,9,+99999,9,00,1",,,"9,AGL   ,+99999,+99999","03,99,1,02,1,99,9,02250,1,99,9,99,9",,,"99999,9,10043,1","9,9,999,9,-002,1",,,"SYN05843278 32896 32303 10302 20245 30043 40050 82031 333 59002=",
"43278099999","2023-06-02T03:00:00","4","13.0666666","80.2","7.0","NUMGAMBAKKAM, IN","FM-12","99999","V020","230,1,N,0010,1","22000,1,9,N","010000,1,9,9","+0336,1","+0248,1","10061,1",,,,,,"99,9,+99999,9,00,1",,,,"9,AGL   ,+99999,+99999","02,99,1,00,1,99,9,99999,9,99,9,99,9","240,M,+0401,1","240,N,+0300,1","99999,9,10054,1","9,9,999,9,-011,1",,,"SYN08043278 32997 22302 10336 20248 30054 40061 80001 333 10401 20300 59011 555 10000=","Q01    003SCCGA1"
"43278099999","2023-06-02T06:00:00","4","13.0666666","80.2","7.0","NUMGAMBAKKAM, IN","FM-12","99999","V020","230,1,N,0010,1","22000,1,9,N","010000,1,9,9","+0390,1","+0241,1","10058,1",,,,,,"99,9,+99999,9,00,1",,,,"9,AGL   ,+99999,+99999","01,99,1,00,1,99,9,99999,9,99,9,99,9",,,"99999,9,10051,1","9,9,999,9,-008,1",,,"SYN05843278 32997 12302 10390 20241 30051 40058 80001 333 59008=","Q01    003SCCGA1"
"43278099999","2023-06-02T12:00:00","4","13.0666666","80.2","7.0","NUMGAMBAKKAM, IN","FM-12","99999","V020","110,1,N,0010,1","22000,1,9,N","010000,1,9,9","+0338,1","+0266,1","10044,1",,,,,,"02,1,+00800,1,06,1","99,9,+99999,9,00,1",,,"9,AGL   ,+99999,+99999","03,99,1,02,1,99,9,00800,1,99,9,99,9",,,"99999,9,10037,1","9,9,999,9,+004,1",,,"SYN06443278 32597 31102 10338 20266 30037 40044 82401 333 10419 58004=",
"43278099999","2023-06-03T03:00:00","4","13.0666666","80.2","7.0","NUMGAMBAKKAM, IN","FM-12","99999","V020","230,1,N,0010,1","22000,1,9,N","010000,1,9,9","+0336,1","+0264,1","10060,1",,,,,,"99,9,+99999,9,00,1",,,,"9,AGL   ,+99999,+99999","02,99,1,00,1,99,9,99999,9,99,9,99,9","240,M,+0419,1","240,N,+0301,1","99999,9,10053,1","9,9,999,9,-001,1",,,"SYN08043278 32997 22302 10336 20264 30053 40060 80001 333 10419 20301 59001 555 10000=","Q01    003SCCGA1"
"43278099999","2023-06-03T06:00:00","4","13.0666666","80.2","7.0","NUMGAMBAKKAM, IN","FM-12","99999","V020","230,1,N,0010,1","22000,1,9,N","010000,1,9,9","+0392,1","+0263,1","10051,1",,,,,,"99,9,+99999,9,00,1",,,,"9,AGL   ,+99999,+99999","02,99,1,00,1,99,9,99999,9,99,9,99,9",,,"99999,9,10044,1","9,9,999,9,-007,1",,,"SYN05843278 32997 22302 10392 20263 30044 40051 80002 333 59007=","Q01    003SCCGA1"
"43278099999","2023-06-03T12:00:00","4","13.0666666","80.2","7.0","NUMGAMBAKKAM, IN","FM-12","99999","V020","140,1,N,0010,1","22000,1,9,N","010000,1,9,9","+0340,1","+0280,1","10041,1",,,,,,"02,1,+00800,1,06,1","99,9,+99999,9,00,1",,,"9,AGL   ,+99999,+99999","04,99,1,02,1,99,9,00800,1,99,9,99,9",,,"99999,9,10034,1","9,9,999,9,-003,1",,,"SYN06443278 32597 41402 10340 20280 30034 40041 82501 333 10421 59003=",
"43278099999","2023-06-04T00:00:00","4","13.0666666","80.2","7.0","NUMGAMBAKKAM, IN","FM-12","99999","V020","200,1,N,0005,1","22000,1,9,N","004000,1,9,9","+0305,1","+0285,1","10047,1",,,,,,"99,9,+99999,9,00,1",,,,"9,AGL   ,+99999,+99999","01,99,1,00,1,99,9,99999,9,99,9,99,9",,,"99999,9,10040,1","9,9,999,9,-009,1",,,"SYN05843278 32996 12001 10305 20285 30040 40047 80001 333 59009=","Q01    003SCCGA1"
"43278099999","2023-06-04T03:00:00","4","13.0666666","80.2","7.0","NUMGAMBAKKAM, IN","FM-12","99999","V020","230,1,N,0010,1","22000,1,9,N","010000,1,9,9","+0336,1","+0267,1","10061,1",,,,,,"99,9,+99999,9,00,1",,,,"9,AGL   ,+99999,+99999","02,99,1,00,1,99,9,99999,9,99,9,99,9","240,M,+0421,1","240,N,+0304,1","99999,9,10054,1","9,9,999,9,+001,1",,,"SYN08043278 32997 22302 10336 20267 30054 40061 80001 333 10421 20304 58001 555 10000=","Q01    003SCCGA1"
"43278099999","2023-06-04T06:00:00","4","13.0666666","80.2","7.0","NUMGAMBAKKAM, IN","FM-12","99999","V020","230,1,N,0015,1","22000,1,9,N","010000,1,9,9","+0380,1","+0248,1","10058,1",,,,,,"99,9,+99999,9,00,1",,,,"9,AGL   ,+99999,+99999","03,99,1,00,1,99,9,99999,9,99,9,99,9",,,"99999,9,10051,1","9,9,999,9,+007,1",,,"SYN05843278 32997 32303 10380 20248 30051 40058 80001 333 58007=","Q01    003SCCGA1"
"43278099999","2023-06-04T09:00:00","4","13.0666666","80.2","7.0","NUMGAMBAKKAM, IN","FM-12","99999","V020","230,1,N,0015,1","22000,1,9,N","010000,1,9,9","+0386,1","+0222,1","10049,1",,,,,,"99,9,+99999,9,00,1",,,,"9,AGL   ,+99999,+99999","01,99,1,00,1,99,9,99999,9,99,9,99,9",,,"99999,9,10042,1","9,9,999,9,+008,1",,,"SYN05843278 32997 12303 10386 20222 30042 40049 80001 333 58008=","Q01    003SCCGA1"
"43278099999","2023-06-04T12:00:00","4","13.0666666","80.2","7.0","NUMGAMBAKKAM, IN","FM-12","99999","V020","230,1,N,0010,1","22000,1,9,N","010000,1,9,9","+0376,1","+0216,1","10037,1",,,,,,"99,9,+99999,9,00,1",,,,"9,AGL   ,+99999,+99999","01,99,1,00,1,99,9,99999,9,99,9,99,9",,,"99999,9,10030,1","9,9,999,9,-004,1",,,"SYN06443278 32997 12302 10376 20216 30030 40037 80001 333 10396 59004=","Q01    003SCCGA1"
"43278099999","2023-06-04T15:00:00","4","13.0666666","80.2","7.0","NUMGAMBAKKAM, IN","FM-12","99999","V020","999,9,C,0000,1","22000,1,9,N","004000,1,9,9","+0338,1","+0269,1","10052,1",,,,,,"99,9,+99999,9,00,1",,,,"9,AGL   ,+99999,+99999","01,99,1,00,1,99,9,99999,9,99,9,99,9",,,"99999,9,10045,1","9,9,999,9,+000,1",,,"SYN05843278 32996 10000 10338 20269 30045 40052 80001 333 58000=","Q01    003SCCGA1"
"43278099999","2023-06-05T00:00:00","4","13.0666666","80.2","7.0","NUMGAMBAKKAM, IN","FM-12","99999","V020","230,1,N,0010,1","22000,1,9,N","004000,1,9,9","+0306,1","+0249,1","10045,1",,,,,,"99,9,+99999,9,00,1",,,,"9,AGL   ,+99999,+99999","01,99,1,00,1,99,9,99999,9,99,9,99,9",,,"99999,9,10038,1","9,9,999,9,-002,1",,,"SYN05843278 32996 12302 10306 20249 30038 40045 80001 333 59002=","Q01    003SCCGA1"
"43278099999","2023-06-05T03:00:00","4","13.0666666","80.2","7.0","NUMGAMBAKKAM, IN","FM-12","99999","V020","250,1,N,0010,1","22000,1,9,N","010000,1,9,9","+0342,1","+0258,1","10051,1",,,,,,"99,9,+99999,9,02,1",,,,"9,AGL   ,+99999,+99999","03,99,1,00,1,99,9,99999,9,99,9,99,9","240,M,+0396,1","240,N,+0304,1","99999,9,10044,1","9,9,999,9,-010,1",,,"SYN08043278 32997 32502 10342 20258 30044 40051 80008 333 10396 20304 59010 555 10000=","Q01    003SCCGA1"
"43278099999","2023-06-05T06:00:00","4","13.0666666","80.2","7.0","NUMGAMBAKKAM, IN","FM-12","99999","V020","270,1,N,0015,1","22000,1,9,N","010000,1,9,9","+0390,1","+0237,1","10049,1",,,,,,"99,9,+99999,9,02,1",,,,"9,AGL   ,+99999,+99999","03,99,1,00,1,99,9,99999,9,99,9,99,9",,,"99999,9,10042,1","9,9,999,9,-009,1",,,"SYN05843278 32997 32703 10390 20237 30042 40049 80008 333 59009=","Q01    003SCCGA1"
"43278099999","2023-06-05T12:00:00","4","13.0666666","80.2","7.0","NUMGAMBAKKAM, IN","FM-12","99999","V020","270,1,N,0015,1","99999,9,9,N","004000,1,9,9","+0320,1","+0255,1","10043,1",,,,,,"03,1,+00800,1,06,1","99,9,+99999,9,03,1",,,"9,AGL   ,+99999,+99999","07,99,1,03,1,99,9,00800,1,99,9,99,9",,,"99999,9,10036,1","9,9,999,9,+006,1",,,"SYN06443278 32596 72703 10320 20255 30036 40043 83530 333 10401 58006=",
"43278099999","2023-06-05T15:00:00","4","13.0666666","80.2","7.0","NUMGAMBAKKAM, IN","FM-12","99999","V020","999,9,C,0000,1","22000,1,9,N","004000,1,9,9","+0314,1","+0249,1","10046,1",,,,,,"01,1,+00800,1,06,1","99,9,+99999,9,03,1","99,9,+99999,9,00,1",,"9,AGL   ,+99999,+99999","04,99,1,01,1,99,9,00800,1,99,9,99,9",,,"99999,9,10039,1","9,9,999,9,-006,1",,,"SYN05843278 32596 40000 10314 20249 30039 40046 81531 333 59006=",
"43278099999","2023-06-06T00:00:00","4","13.0666666","80.2","7.0","NUMGAMBAKKAM, IN","FM-12","99999","V020","230,1,N,0015,1","22000,1,9,N","004000,1,9,9","+0290,1","+0265,1","10041,1",,,,,,"01,1,+00800,1,06,1","99,9,+99999,9,00,1",,,"9,AGL   ,+99999,+99999","04,99,1,01,1,99,9,00800,1,99,9,99,9",,,"99999,9,10034,1","9,9,999,9,-004,1",,,"SYN05843278 32596 42303 10290 20265 30034 40041 81502 333 59004=",
"43278099999","2023-06-06T03:00:00","4","13.0666666","80.2","7.0","NUMGAMBAKKAM, IN","FM-12","99999","V020","250,1,N,0015,1","22000,1,9,N","010000,1,9,9","+0330,1","+0257,1","10052,1",,,,,,"99,9,+99999,9,00,1",,,,"9,AGL   ,+99999,+99999","02,99,1,00,1,99,9,99999,9,99,9,99,9","240,M,+0401,1","240,N,+0286,1","99999,9,10045,1","9,9,999,9,+001,1",,,"SYN08043278 32997 22503 10330 20257 30045 40052 80001 333 10401 20286 58001 555 10000=","Q01    003SCCGA1"
"43278099999","2023-06-06T06:00:00","4","13.0666666","80.2","7.0","NUMGAMBAKKAM, IN","FM-12","99999","V020","270,1,N,0026,1","22000,1,9,N","010000,1,9,9","+0388,1","+0258,1","10042,1",,,,,,"99,9,+99999,9,00,1",,,,"9,AGL   ,+99999,+99999","02,99,1,00,1,99,9,99999,9,99,9,99,9",,,"99999,9,10035,1","9,9,999,9,-007,1",,,"SYN05843278 32997 22705 10388 20258 30035 40042 80001 333 59007=","Q01    003SCCGA1"
"43278099999","2023-06-06T09:00:00","4","13.0666666","80.2","7.0","NUMGAMBAKKAM, IN","FM-12","99999","V020","999,9,C,0000,1","22000,1,9,N","010000,1,9,9","+0416,1","+0232,1","10030,1",,,,,,"02,1,+00800,1,06,1","99,9,+99999,9,03,1","99,9,+99999,9,00,1",,"9,AGL   ,+99999,+99999","04,99,1,02,1,99,9,00800,1,99,9,99,9",,,"99999,9,10023,1","9,9,999,9,-007,1",,,"SYN05843278 32597 40000 10416 20232 30023 40030 82531 333 59007=",
"43278099999","2023-06-06T12:00:00","4","13.0666666","80.2","7.0","NUMGAMBAKKAM, IN","FM-12","99999","V020","140,1,N,0010,1","99999,9,9,N","010000,1,9,9","+0280,2","+0243,1","10024,1","09,0110,3,1","9,1,02,1","6,1,02,1",,,"03,1,+00800,1,09,1","99,9,+99999,9,03,1","99,9,+99999,9,00,1",,"9,AGL   ,+99999,+99999","06,99,1,03,1,99,9,00800,1,99,9,99,9",,,"99999,9,10017,1","9,9,999,9,-019,1",,"96,1","SYN07643278 21597 61402 10280 20243 30017 40024 79696 83371 333 10423 59019 6011/=",
"43278099999","2023-06-06T15:00:00","4","13.0666666","80.2","7.0","NUMGAMBAKKAM, IN","FM-12","99999","V020","230,1,N,0010,1","22000,1,9,N","004000,1,9,9","+0310,1","+0271,1","10041,1","12,0110,3,1","0,1,02,1","0,1,02,1",,,"01,1,+00800,1,06,1","99,9,+99999,9,00,1",,,"9,AGL   ,+99999,+99999","02,99,1,01,1,99,9,00800,1,99,9,99,9",,,"99999,9,10034,1","9,9,999,9,-005,1",,"13,1","SYN07043278 21596 22302 10310 20271 30034 40041 71300 81501 333 59005 6011/=",
"43278099999","2023-06-07T00:00:00","4","13.0666666","80.2","7.0","NUMGAMBAKKAM, IN","FM-12","99999","V020","230,1,N,0015,1","22000,1,9,N","004000,1,9,9","+0292,1","+0252,1","10043,1","21,0110,3,1",,,,,"01,1,+00800,1,06,1","99,9,+99999,9,00,1",,,"9,AGL   ,+99999,+99999","04,99,1,01,1,99,9,00800,1,99,9,99,9",,,"99999,9,10036,1","9,9,999,9,+002,1",,,"SYN06443278 22596 42303 10292 20252 30036 40043 81502 333 58002 6011/=",
"43278099999","2023-06-07T03:00:00","4","13.0666666","80.2","7.0","NUMGAMBAKKAM, IN","FM-12","99999","V020","999,9,C,0000,1","99999,9,9,N","010000,1,9,9","+0284,1","+0256,1","10070,1","24,0110,3,1","2,1,02,1","2,1,02,1",,,"03,1,+00800,1,06,1","99,9,+99999,9,03,1",,,"9,AGL   ,+99999,+99999","08,99,1,03,1,99,9,00800,1,99,9,99,9","240,M,+0423,1","240,N,+0278,1","99999,9,10063,1","9,9,999,9,+018,1",,"21,1","SYN09843278 21597 80000 10284 20256 30063 40070 72122 8357/ 333 10423 20278 58018 6011/ 555 00106 10011=",
"43278099999","2023-06-07T06:00:00","4","13.0666666","80.2","7.0","NUMGAMBAKKAM, IN","FM-12","99999","V020","230,1,N,0010,1","99999,9,9,N","010000,1,9,9","+0324,1","+0260,1","10060,1",,"6,1,02,1","2,1,02,1",,,"06,1,+01750,1,03,1","99,9,+99999,9,00,1",,,"9,AGL   ,+99999,+99999","07,99,1,06,1,99,9,01750,1,99,9,99,9",,,"99999,9,10053,1","9,9,999,9,+018,1",,"02,1","SYN06443278 31797 72302 10324 20260 30053 40060 70262 86071 333 58018=",
"43278099999","2023-06-07T09:00:00","4","13.0666666","80.2","7.0","NUMGAMBAKKAM, IN","FM-12","99999","V020","250,1,N,0015,1","99999,9,9,N","010000,1,9,9","+0378,1","+0239,1","10033,1",,,,,,"02,1,+00800,1,06,1","99,9,+99999,9,03,1","99,9,+99999,9,00,1",,"9,AGL   ,+99999,+99999","05,99,1,02,1,99,9,00800,1,99,9,99,9",,,"99999,9,10026,1","9,9,999,9,+003,1",,,"SYN05843278 32597 52503 10378 20239 30026 40033 82432 333 58003=",
"43278099999","2023-06-07T12:00:00","4","13.0666666","80.2","7.0","NUMGAMBAKKAM, IN","FM-12","99999","V020","140,1,N,0015,1","22000,1,9,N","010000,1,9,9","+0350,1","+0273,1","10024,1",,,,,,"01,1,+01250,1,03,1","99,9,+99999,9,01,1",,,"9,AGL   ,+99999,+99999","04,99,1,01,1,99,9,01250,1,99,9,99,9",,,"99999,9,10017,1","9,9,999,9,+000,1",,,"SYN06443278 32697 41403 10350 20273 30017 40024 81049 333 10379 58000=",
"43278099999","2023-06-07T15:00:00","4","13.0666666","80.2","7.0","NUMGAMBAKKAM, IN","FM-12","99999","V020","180,1,N,0015,1","22000,1,9,N","004000,1,9,9","+0320,1","+0273,1","10037,1",,,,,,"99,9,+99999,9,00,1",,,,"9,AGL   ,+99999,+99999","01,99,1,00,1,99,9,99999,9,99,9,99,9",,,"99999,9,10030,1","9,9,999,9,-004,1",,,"SYN05843278 32996 11803 10320 20273 30030 40037 80001 333 59004=","Q01    003SCCGA1"
"43278099999","2023-06-08T00:00:00","4","13.0666666","80.2","7.0","NUMGAMBAKKAM, IN","FM-12","99999","V020","270,1,N,0015,1","22000,1,9,N","004000,1,9,9","+0308,1","+0226,1","10044,1",,,,,,"99,9,+99999,9,00,1",,,,"9,AGL   ,+99999,+99999","02,99,1,00,1,99,9,99999,9,99,9,99,9",,,"99999,9,10037,1","9,9,999,9,+001,1",,,"SYN05843278 32996 22703 10308 20226 30037 40044 80001 333 58001=","Q01    003SCCGA1"
"43278099999","2023-06-08T03:00:00","4","13.0666666","80.2","7.0","NUMGAMBAKKAM, IN","FM-12","99999","V020","290,1,N,0015,1","22000,1,9,N","010000,1,9,9","+0338,1","+0231,1","10053,1",,,,,,"99,9,+99999,9,00,1",,,,"9,AGL   ,+99999,+99999","03,99,1,00,1,99,9,99999,9,99,9,99,9","240,M,+0379,1","240,N,+0305,1","99999,9,10046,1","9,9,999,9,-017,1",,,"SYN08043278 32997 32903 10338 20231 30046 40053 80001 333 10379 20305 59017 555 10011=","Q01    003SCCGA1"
"43278099999","2023-06-08T06:00:00","4","13.0666666","80.2","7.0","NUMGAMBAKKAM, IN","FM-12","99999","V020","270,1,N,0010,1","22000,1,9,N","010000,1,9,9","+0380,1","+0228,1","10047,1",,,,,,"01,1,+00800,1,06,1","99,9,+99999,9,00,1",,,"9,AGL   ,+99999,+99999","04,99,1,01,1,99,9,00800,1,99,9,99,9",,,"99999,9,10040,1","9,9,999,9,-013,1",,,"SYN05843278 32597 42702 10380 20228 30040 40047 81501 333 59013=",
"43278099999","2023-06-08T09:00:00","4","13.0666666","80.2","7.0","NUMGAMBAKKAM, IN","FM-12","99999","V020","180,1,N,0015,1","22000,1,9,N","010000,1,9,9","+0348,1","+0253,1","10037,1",,,,,,"99,9,+99999,9,00,1",,,,"9,AGL   ,+99999,+99999","02,99,1,00,1,99,9,99999,9,99,9,99,9",,,"99999,9,10030,1","9,9,999,9,+004,1",,,"SYN05843278 32997 21803 10348 20253 30030 40037 80001 333 58004=","Q01    003SCCGA1"
"43278099999","2023-06-08T15:00:00","4","13.0666666","80.2","7.0","NUMGAMBAKKAM, IN","FM-12","99999","V020","230,1,N,0010,1","99999,9,9,N","004000,1,9,9","+0320,1","+0255,1","10048,1",,,,,,"02,1,+00800,1,06,1","99,9,+99999,9,03,1","99,9,+99999,9,00,1",,"9,AGL   ,+99999,+99999","05,99,1,02,1,99,9,00800,1,99,9,99,9",,,"99999,9,10041,1","9,9,999,9,+011,1",,,"SYN05843278 32596 52302 10320 20255 30041 40048 82531 333 58011=",
"43278099999","2023-06-09T00:00:00","4","13.0666666","80.2","7.0","NUMGAMBAKKAM, IN","FM-12","99999","V020","230,1,N,0021,1","22000,1,9,N","004000,1,9,9","+0304,1","+0235,1","10031,1",,,,,,"02,1,+00800,1,06,1","99,9,+99999,9,00,1",,,"9,AGL   ,+99999,+99999","04,99,1,02,1,99,9,00800,1,99,9,99,9",,,"99999,9,10024,1","9,9,999,9,-013,1",,,"SYN05843278 32596 42304 10304 20235 30024 40031 82501 333 59013=",
"43278099999","2023-06-09T03:00:00","4","13.0666666","80.2","7.0","NUMGAMBAKKAM, IN","FM-12","99999","V020","270,1,N,0010,1","22000,1,9,N","010000,1,9,9","+0338,1","+0235,1","10044,1",,,,,,"99,9,+99999,9,00,1",,,,"9,AGL   ,+99999,+99999","02,99,1,00,1,99,9,99999,9,99,9,99,9","240,M,+0401,1","240,N,+0302,1","99999,9,10037,1","9,9,999,9,-003,1",,,"SYN08043278 32997 22702 10338 20235 30037 40044 80001 333 10401 20302 59003 555 10110=","Q01    003SCCGA1"
"43278099999","2023-06-09T06:00:00","4","13.0666666","80.2","7.0","NUMGAMBAKKAM, IN","FM-12","99999","V020","270,1,N,0010,1","22000,1,9,N","010000,1,9,9","+0378,1","+0229,1","10034,1",,,,,,"99,9,+99999,9,00,1",,,,"9,AGL   ,+99999,+99999","03,99,1,00,1,99,9,99999,9,99,9,99,9",,,"99999,9,10027,1","9,9,999,9,-013,1",,,"SYN05843278 32997 32702 10378 20229 30027 40034 80001 333 59013=","Q01    003SCCGA1"
"43278099999","2023-06-09T09:00:00","4","13.0666666","80.2","7.0","NUMGAMBAKKAM, IN","FM-12","99999","V020","230,1,N,0010,1","22000,1,9,N","010000,1,9,9","+0400,1","+0225,1","10018,1",,,,,,"99,9,+99999,9,00,1",,,,"9,AGL   ,+99999,+99999","02,99,1,00,1,99,9,99999,9,99,9,99,9",,,"99999,9,10011,1","9,9,999,9,-019,1",,,"SYN05843278 32997 22302 10400 20225 30011 40018 80001 333 59019=","Q01    003SCCGA1"
"43278099999","2023-06-09T12:00:00","4","13.0666666","80.2","7.0","NUMGAMBAKKAM, IN","FM-12","99999","V020","270,1,N,0010,1","99999,9,9,N","010000,1,9,9","+0344,1","+0251,1","10015,1",,,,,,"04,1,+00800,1,06,1","99,9,+99999,9,03,1","99,9,+99999,9,00,1",,"9,AGL   ,+99999,+99999","08,99,1,04,1,99,9,00800,1,99,9,99,9",,,"99999,9,10008,1","9,9,999,9,-018,1",,,"SYN06443278 32597 82702 10344 20251 30008 40015 84472 333 10411 59018=",
"43278099999","2023-06-09T15:00:00","4","13.0666666","80.2","7.0","NUMGAMBAKKAM, IN","FM-12","99999","V020","270,1,N,0010,1","22000,1,9,N","004000,1,9,9","+0326,1","+0231,1","10026,1","12,0000,9,1","5,1,02,1","1,1,02,1",,,"01,1,+00800,1,06,1","99,9,+99999,9,00,1",,,"9,AGL   ,+99999,+99999","03,99,1,01,1,99,9,00800,1,99,9,99,9",,,"99999,9,10019,1","9,9,999,9,-022,1",,"01,1","SYN07043278 21596 32702 10326 20231 30019 40026 70151 81501 333 59022 6990/=","Q01  00002PRCP12"
"43278099999","2023-06-10T00:00:00","4","13.0666666","80.2","7.0","NUMGAMBAKKAM, IN","FM-12","99999","V020","230,1,N,0015,1","99999,9,9,N","004000,1,9,9","+0303,1","+0230,1","10029,1","21,0000,9,1",,,,,"01,1,+00800,1,06,1","99,9,+99999,9,03,1","99,9,+99999,9,00,1",,"9,AGL   ,+99999,+99999","06,99,1,01,1,99,9,00800,1,99,9,99,9",,,"99999,9,10022,1","9,9,999,9,-002,1",,,"SYN06443278 22596 62303 10303 20230 30022 40029 81571 333 59002 6990/=","Q01  00002PRCP21"
"43278099999","2023-06-10T03:00:00","4","13.0666666","80.2","7.0","NUMGAMBAKKAM, IN","FM-12","99999","V020","250,1,N,0026,1","22000,1,9,N","010000,1,9,9","+0336,1","+0232,1","10035,1","24,0000,9,1",,,,,"99,9,+99999,9,00,1",,,,"9,AGL   ,+99999,+99999","02,99,1,00,1,99,9,99999,9,99,9,99,9","240,M,+0411,1","240,N,+0301,1","99999,9,10028,1",,,,"SYN08043278 22997 22505 10336 20232 30028 40035 80001 333 10411 20301 6990/ 555 10011=","Q01  00002PRCP24Q02    003SCCGA1"
"43278099999","2023-06-10T06:00:00","4","13.0666666","80.2","7.0","NUMGAMBAKKAM, IN","FM-12","99999","V020","270,1,N,0015,1","22000,1,9,N","010000,1,9,9","+0370,1","+0236,1","10029,1",,,,,,"99,9,+99999,9,00,1",,,,"9,AGL   ,+99999,+99999","01,99,1,00,1,99,9,99999,9,99,9,99,9",,,"99999,9,10022,1","9,9,999,9,-005,1",,,"SYN05843278 32997 12703 10370 20236 30022 40029 80001 333 59005=","Q01    003SCCGA1"
"43278099999","2023-06-10T09:00:00","4","13.0666666","80.2","7.0","NUMGAMBAKKAM, IN","FM-12","99999","V020","999,9,C,0000,1","22000,1,9,N","010000,1,9,9","+0402,1","+0228,1","10018,1",,,,,,"01,1,+00800,1,06,1","99,9,+99999,9,03,1","99,9,+99999,9,00,1",,"9,AGL   ,+99999,+99999","04,99,1,01,1,99,9,00800,1,99,9,99,9",,,"99999,9,10011,1","9,9,999,9,+000,1",,,"SYN05843278 32597 40000 10402 20228 30011 40018 81531 333 58000=",
"43278099999","2023-06-10T12:00:00","4","13.0666666","80.2","7.0","NUMGAMBAKKAM, IN","FM-12","99999","V020","999,9,C,0000,1","99999,9,9,N","004000,1,9,9","+0334,1","+0262,1","10028,1",,"2,1,02,1","2,1,02,1",,,"05,1,+00450,1,09,1","99,9,+99999,9,03,1","99,9,+99999,9,00,1",,"9,AGL   ,+99999,+99999","07,99,1,05,1,99,9,00450,1,99,9,99,9",,,"99999,9,10021,1","9,9,999,9,+013,1",,"17,1","SYN07043278 31496 70000 10334 20262 30021 40028 71722 85931 333 10410 58013=",
"43278099999","2023-06-10T15:00:00","4","13.0666666","80.2","7.0","NUMGAMBAKKAM, IN","FM-12","99999","V020","270,1,N,0010,1","22000,1,9,N","004000,1,9,9","+0314,1","+0230,1","10040,1",,,,,,"01,1,+00800,1,06,1","99,9,+99999,9,03,1","99,9,+99999,9,00,1",,"9,AGL   ,+99999,+99999","03,99,1,01,1,99,9,00800,1,99,9,99,9",,,"99999,9,10033,1","9,9,999,9,+014,1",,,"SYN05843278 32596 32702 10314 20230 30033 40040 81531 333 58014=",
"43278099999","2023-06-11T00:00:00","4","13.0666666","80.2","7.0","NUMGAMBAKKAM, IN","FM-12","99999","V020","270,1,N,0021,1","22000,1,9,N","004000,1,9,9","+0300,1","+0224,1","10038,1",,,,,,"01,1,+02250,1,04,1","99,9,+99999,9,00,1",,,"9,AGL   ,+99999,+99999","04,99,1,01,1,99,9,02250,1,99,9,99,9",,,"99999,9,10031,1","9,9,999,9,+009,1",,,"SYN05843278 32896 42704 10300 20224 30031 40038 81011 333 58009=",
"43278099999","2023-06-11T03:00:00","4","13.0666666","80.2","7.0","NUMGAMBAKKAM, IN","FM-12","99999","V020","230,1,N,0010,1","22000,1,9,N","010000,1,9,9","+0328,1","+0213,1","10056,1",,,,,,"01,1,+00800,1,06,1","99,9,+99999,9,03,1","99,9,+99999,9,00,1",,"9,AGL   ,+99999,+99999","04,99,1,01,1,99,9,00800,1,99,9,99,9","240,M,+0410,1","240,N,+0300,1","99999,9,10049,1","9,9,999,9,+021,1",,,"SYN08043278 32597 42302 10328 20213 30049 40056 81531 333 10410 20300 58021 555 10011=",
"43278099999","2023-06-11T06:00:00","4","13.0666666","80.2","7.0","NUMGAMBAKKAM, IN","FM-12","99999","V020","230,1,N,0015,1","99999,9,9,N","010000,1,9,9","+0352,1","+0218,1","10043,1",,,,,,"02,1,+00800,1,06,1","99,9,+99999,9,03,1","99,9,+99999,9,00,1",,"9,AGL   ,+99999,+99999","05,99,1,02,1,99,9,00800,1,99,9,99,9",,,"99999,9,10036,1","9,9,999,9,+014,1",,,"SYN05843278 32597 52303 10352 20218 30036 40043 82531 333 58014=",
"43278099999","2023-06-11T09:00:00","4","13.0666666","80.2","7.0","NUMGAMBAKKAM, IN","FM-12","99999","V020","250,1,N,0015,1","99999,9,9,N","010000,1,9,9","+0394,1","+0232,1","10018,1",,,,,,"02,1,+00800,1,06,1","99,9,+99999,9,03,1","99,9,+99999,9,00,1",,"9,AGL   ,+99999,+99999","05,99,1,02,1,99,9,00800,1,99,9,99,9",,,"99999,9,10011,1","9,9,999,9,+000,1",,,"SYN05843278 32597 52503 10394 20232 30011 40018 82432 333 58000=",
"43278099999","2023-06-11T12:00:00","4","13.0666666","80.2","7.0","NUMGAMBAKKAM, IN","FM-12","99999","V020","140,1,N,0015,1","22000,1,9,N","010000,1,9,9","+0356,1","+0252,1","10013,1",,,,,,"01,1,+00800,1,06,1","99,9,+99999,9,03,1","99,9,+99999,9,00,1",,"9,AGL   ,+99999,+99999","04,99,1,01,1,99,9,00800,1,99,9,99,9",,,"99999,9,10006,1","9,9,999,9,-015,1",,,"SYN06443278 32597 41403 10356 20252 30006 40013 81531 333 10402 59015=",
"43278099999","2023-06-11T15:00:00","4","13.0666666","80.2","7.0","NUMGAMBAKKAM, IN","FM-12","99999","V020","180,1,N,0015,1","99999,9,9,N","004000,1,9,9","+0264,1","+0232,1","10036,1","12,0070,3,1","2,1,02,1","2,1,02,1",,,"03,1,+00800,1,09,1","99,9,+99999,9,03,1","99,9,+99999,9,00,1",,"9,AGL   ,+99999,+99999","07,99,1,03,1,99,9,00800,1,99,9,99,9",,,"99999,9,10029,1","9,9,999,9,-004,1",,"95,1","SYN07043278 21596 71803 10264 20232 30029 40036 79522 83972 333 59004 6007/=",
"43278099999","2023-06-12T00:00:00","4","13.0666666","80.2","7.0","NUMGAMBAKKAM, IN","FM-12","99999","V020","230,1,N,0010,1","22000,1,9,N","004000,1,9,9","+0294,1","+0245,1","10031,1","21,0070,3,1",,,,,"01,1,+02250,1,03,1",,,,"9,AGL   ,+99999,+99999","01,99,1,01,1,99,9,02250,1,99,9,99,9",,,"99999,9,10024,1","9,9,999,9,-007,1",,,"SYN06443278 22896 12302 10294 20245 30024 40031 81030 333 59007 6007/=",
"43278099999","2023-06-12T03:00:00","4","13.0666666","80.2","7.0","NUMGAMBAKKAM, IN","FM-12","99999","V020","230,1,N,0015,1","22000,1,9,N","010000,1,9,9","+0330,1","+0238,1","10041,1","24,0070,3,1",,,,,"01,1,+00800,1,06,1","99,9,+99999,9,00,1",,,"9,AGL   ,+99999,+99999","03,99,1,01,1,99,9,00800,1,99,9,99,9","240,M,+0402,1","240,N,+0264,1","99999,9,10034,1","9,9,999,9,-015,1",,,"SYN09243278 22597 32303 10330 20238 30034 40041 81501 333 10402 20264 59015 6007/ 555 00073 10018=",
"43278099999","2023-06-12T06:00:00","4","13.0666666","80.2","7.0","NUMGAMBAKKAM, IN","FM-12","99999","V020","250,1,N,0010,1","22000,1,9,N","010000,1,9,9","+0370,1","+0215,1","10036,1",,,,,,"01,1,+00800,1,06,1","99,9,+99999,9,00,1",,,"9,AGL   ,+99999,+99999","02,99,1,01,1,99,9,00800,1,99,9,99,9",,,"99999,9,10029,1","9,9,999,9,-007,1",,,"SYN05843278 32597 22502 10370 20215 30029 40036 81501 333 59007=",
"43278099999","2023-06-12T09:00:00","4","13.0666666","80.2","7.0","NUMGAMBAKKAM, IN","FM-12","99999","V020","200,1,N,0010,1","22000,1,9,N","010000,1,9,9","+0392,1","+0229,1","10017,1",,,,,,"01,1,+01250,1,03,1","99,9,+99999,9,01,1",,,"9,AGL   ,+99999,+99999","03,99,1,01,1,99,9,01250,1,99,9,99,9",,,"99999,9,10010,1","9,9,999,9,-001,1",,,"SYN05843278 32697 32002 10392 20229 30010 40017 81039 333 59001=",
"43278099999","2023-06-12T12:00:00","4","13.0666666","80.2","7.0","NUMGAMBAKKAM, IN","FM-12","99999","V020","140,1,N,0021,1","22000,1,9,N","010000,1,9,9","+0342,1","+0255,1","10011,1",,,,,,"02,1,+00800,1,09,1","99,9,+99999,9,03,1","99,9,+99999,9,01,1",,"9,AGL   ,+99999,+99999","04,99,1,02,1,99,9,00800,1,99,9,99,9",,,"99999,9,10004,1","9,9,999,9,-002,1",,,"SYN06443278 32597 41404 10342 20255 30004 40011 82349 333 10399 59002=",
"43278099999","2023-06-12T15:00:00","4","13.0666666","80.2","7.0","NUMGAMBAKKAM, IN","FM-12","99999","V020","160,1,N,0015,1","22000,1,9,N","004000,1,9,9","+0322,1","+0264,1","10033,1",,,,,,"99,9,+99999,9,01,1",,,,"9,AGL   ,+99999,+99999","02,99,1,00,1,99,9,99999,9,99,9,99,9",,,"99999,9,10026,1","9,9,999,9,-003,1",,,"SYN05843278 32996 21603 10322 20264 30026 40033 80009 333 59003=","Q01    003SCCGA1"
"43278099999","2023-06-13T00:00:00","4","13.0666666","80.2","7.0","NUMGAMBAKKAM, IN","FM-12","99999","V020","230,1,N,0010,1","99999,9,9,N","004000,1,9,9","+0296,1","+0232,1","10031,1",,,,,,"01,1,+00800,1,06,1","99,9,+99999,9,04,1","99,9,+99999,9,00,1",,"9,AGL   ,+99999,+99999","05,99,1,01,1,99,9,00800,1,99,9,99,9",,,"99999,9,10024,1","9,9,999,9,+000,1",,,"SYN05843278 32596 52302 10296 20232 30024 40031 81511 333 58000=",
"43278099999","2023-06-13T03:00:00","4","13.0666666","80.2","7.0","NUMGAMBAKKAM, IN","FM-12","99999","V020","270,1,N,0015,1","22000,1,9,N","010000,1,9,9","+0330,1","+0238,1","10045,1",,,,,,"99,9,+99999,9,00,1",,,,"9,AGL   ,+99999,+99999","02,99,1,00,1,99,9,99999,9,99,9,99,9","240,M,+0399,1","240,N,+0294,1","99999,9,10038,1","9,9,999,9,+004,1",,,"SYN08043278 32997 22703 10330 20238 30038 40045 80001 333 10399 20294 58004 555 10018=","Q01    003SCCGA1"
"43278099999","2023-06-13T06:00:00","4","13.0666666","80.2","7.0","NUMGAMBAKKAM, IN","FM-12","99999","V020","250,1,N,0010,1","22000,1,9,N","010000,1,9,9","+0374,1","+0234,1","10035,1",,,,,,"99,9,+99999,9,00,1",,,,"9,AGL   ,+99999,+99999","01,99,1,00,1,99,9,99999,9,99,9,99,9",,,"99999,9,10028,1","9,9,999,9,-001,1",,,"SYN05843278 32997 12502 10374 20234 30028 40035 80001 333 59001=","Q01    003SCCGA1"
"43278099999","2023-06-13T09:00:00","4","13.0666666","80.2","7.0","NUMGAMBAKKAM, IN","FM-12","99999","V020","230,1,N,0010,1","22000,1,9,N","010000,1,9,9","+0396,1","+0224,1","10029,1",,,,,,"02,1,+00800,1,06,1","99,9,+99999,9,03,1","99,9,+99999,9,00,1",,"9,AGL   ,+99999,+99999","04,99,1,02,1,99,9,00800,1,99,9,99,9",,,"99999,9,10022,1","9,9,999,9,+012,1",,,"SYN05843278 32597 42302 10396 20224 30022 40029 82531 333 58012=",
"43278099999","2023-06-13T12:00:00","4","13.0666666","80.2","7.0","NUMGAMBAKKAM, IN","FM-12","99999","V020","140,1,N,0010,1","22000,1,9,N","010000,1,9,9","+0340,1","+0256,1","10023,1",,,,,,"02,1,+00800,1,09,1","99,9,+99999,9,03,1","99,9,+99999,9,00,1",,"9,AGL   ,+99999,+99999","04,99,1,02,1,99,9,00800,1,99,9,99,9",,,"99999,9,10016,1","9,9,999,9,+012,1",,,"SYN06443278 32597 41402 10340 20256 30016 40023 82331 333 10406 58012=",
"43278099999","2023-06-13T15:00:00","4","13.0666666","80.2","7.0","NUMGAMBAKKAM, IN","FM-12","99999","V020","230,1,N,0010,1","22000,1,9,N","004000,1,9,9","+0330,1","+0215,1","10041,1",,,,,,"01,1,+01750,1,03,1","99,9,+99999,9,00,1",,,"9,AGL   ,+99999,+99999","02,99,1,01,1,99,9,01750,1,99,9,99,9",,,"99999,9,10034,1","9,9,999,9,+008,1",,,"SYN05843278 32796 22302 10330 20215 30034 40041 81031 333 58008=",
"43278099999","2023-06-14T00:00:00","4","13.0666666","80.2","7.0","NUMGAMBAKKAM, IN","FM-12","99999","V020","250,1,N,0021,1","99999,9,9,N","004000,1,9,9","+0296,1","+0232,1","10041,1",,"9,1,02,1","2,1,02,1",,,"01,1,+00800,1,06,1","99,9,+99999,9,03,1","99,9,+99999,9,00,1",,"9,AGL   ,+99999,+99999","05,99,1,01,1,99,9,00800,1,99,9,99,9",,,"99999,9,10034,1","9,9,999,9,+010,1",,"02,1","SYN06443278 31596 52504 10296 20232 30034 40041 70292 81532 333 58010=",
"43278099999","2023-06-14T03:00:00","4","13.0666666","80.2","7.0","NUMGAMBAKKAM, IN","FM-12","99999","V020","250,1,N,0021,1","22000,1,9,N","010000,1,9,9","+0340,1","+0237,1","10063,1",,,,,,"99,9,+99999,9,00,1",,,,"9,AGL   ,+99999,+99999","01,99,1,00,1,99,9,99999,9,99,9,99,9","240,M,+0406,1","240,N,+0294,1","99999,9,10056,1","9,9,999,9,+018,1",,,"SYN08043278 32997 12504 10340 20237 30056 40063 80001 333 10406 20294 58018 555 10018=","Q01    003SCCGA1"
"43278099999","2023-06-14T06:00:00","4","13.0666666","80.2","7.0","NUMGAMBAKKAM, IN","FM-12","99999","V020","250,1,N,0021,1","22000,1,9,N","010000,1,9,9","+0374,1","+0224,1","10065,1",,,,,,"99,9,+99999,9,02,1",,,,"9,AGL   ,+99999,+99999","02,99,1,00,1,99,9,99999,9,99,9,99,9",,,"99999,9,10058,1","9,9,999,9,+030,1",,,"SYN05843278 32997 22504 10374 20224 30058 40065 80008 333 58030=","Q01    003SCCGA1"
"43278099999","2023-06-14T09:00:00","4","13.0666666","80.2","7.0","NUMGAMBAKKAM, IN","FM-12","99999","V020","270,1,N,0010,1","22000,1,9,N","010000,1,9,9","+0394,1","+0221,1","10044,1",,,,,,"99,9,+99999,9,00,1",,,,"9,AGL   ,+99999,+99999","02,99,1,00,1,99,9,99999,9,99,9,99,9",,,"99999,9,10037,1","9,9,999,9,+015,1",,,"SYN05843278 32997 22702 10394 20221 30037 40044 80001 333 58015=","Q01    003SCCGA1"
"43278099999","2023-06-14T12:00:00","4","13.0666666","80.2","7.0","NUMGAMBAKKAM, IN","FM-12","99999","V020","140,1,N,0010,1","22000,1,9,N","010000,1,9,9","+0358,1","+0258,1","10043,1",,,,,,"02,1,+01750,1,03,1","99,9,+99999,9,00,1",,,"9,AGL   ,+99999,+99999","03,99,1,02,1,99,9,01750,1,99,9,99,9","240,M,+0407,1",,"99999,9,10036,1","9,9,999,9,+020,1",,,"SYN06443278 32797 31402 10358 20258 30036 40043 82031 333 10407 58020=",
"43278099999","2023-06-14T15:00:00","4","13.0666666","80.2","7.0","NUMGAMBAKKAM, IN","FM-12","99999","V020","999,9,C,0000,1","22000,1,9,N","004000,1,9,9","+0326,1","+0271,1","10058,1",,,,,,"99,9,+99999,9,00,1",,,,"9,AGL   ,+99999,+99999","01,99,1,00,1,99,9,99999,9,99,9,99,9",,,"99999,9,10051,1","9,9,999,9,+017,1",,,"SYN05843278 32996 10000 10326 20271 30051 40058 80001 333 58017=","Q01    003SCCGA1"
"43278099999","2023-06-15T00:00:00","4","13.0666666","80.2","7.0","NUMGAMBAKKAM, IN","FM-12","99999","V020","270,1,N,0021,1","22000,1,9,N","004000,1,9,9","+0310,1","+0229,1","10045,1",,,,,,"99,9,+99999,9,00,1",,,,"9,AGL   ,+99999,+99999","02,99,1,00,1,99,9,99999,9,99,9,99,9",,,"99999,9,10038,1","9,9,999,9,+004,1",,,"SYN05843278 32996 22704 10310 20229 30038 40045 80001 333 58004=","Q01    003SCCGA1"
"43278099999","2023-06-15T06:00:00","4","13.0666666","80.2","7.0","NUMGAMBAKKAM, IN","FM-12","99999","V020","290,1,N,0010,1","22000,1,9,N","010000,1,9,9","+0388,1","+0221,1","10058,1",,,,,,"01,1,+00800,1,06,1","99,9,+99999,9,00,1",,,"9,AGL   ,+99999,+99999","02,99,1,01,1,99,9,00800,1,99,9,99,9",,,"99999,9,10051,1","9,9,999,9,-007,1",,,"SYN05843278 32597 22902 10388 20221 30051 40058 81501 333 59007=",
"43278099999","2023-06-15T09:00:00","4","13.0666666","80.2","7.0","NUMGAMBAKKAM, IN","FM-12","99999","V020","140,1,N,0010,1","22000,1,9,N","010000,1,9,9","+0384,1","+0230,1","10038,1",,,,,,"03,1,+00800,1,09,1","99,9,+99999,9,00,1",,,"9,AGL   ,+99999,+99999","04,99,1,03,1,99,9,00800,1,99,9,99,9",,,"99999,9,10031,1","9,9,999,9,-006,1",,,"SYN05843278 32597 41402 10384 20230 30031 40038 83301 333 59006=",
"43278099999","2023-06-16T00:00:00","4","13.0666666","80.2","7.0","NUMGAMBAKKAM, IN","FM-12","99999","V020","230,1,N,0021,1","22000,1,9,N","004000,1,9,9","+0308,1","+0269,1","10042,1",,,,,,"99,9,+99999,9,00,1",,,,"9,AGL   ,+99999,+99999","01,99,1,00,1,99,9,99999,9,99,9,99,9",,,"99999,9,10035,1","9,9,999,9,-003,1",,,"SYN05843278 32996 12304 10308 20269 30035 40042 80001 333 59003=","Q01    003SCCGA1"
"43278099999","2023-06-16T03:00:00","4","13.0666666","80.2","7.0","NUMGAMBAKKAM, IN","FM-12","99999","V020","320,1,N,0015,1","22000,1,9,N","010000,1,9,9","+0342,1","+0229,1","10058,1",,,,,,"02,1,+01750,1,03,1","99,9,+99999,9,00,1",,,"9,AGL   ,+99999,+99999","03,99,1,02,1,99,9,01750,1,99,9,99,9","240,M,+0401,1","240,N,+0307,1","99999,9,10051,1","9,9,999,9,-004,1",,,"SYN08043278 32797 33203 10342 20229 30051 40058 82031 333 10401 20307 59004 555 10018=",
"43278099999","2023-06-16T06:00:00","4","13.0666666","80.2","7.0","NUMGAMBAKKAM, IN","FM-12","99999","V020","270,1,N,0015,1","22000,1,9,N","010000,1,9,9","+0382,1","+0220,1","10050,1",,,,,,"99,9,+99999,9,00,1",,,,"9,AGL   ,+99999,+99999","01,99,1,00,1,99,9,99999,9,99,9,99,9",,,"99999,9,10043,1","9,9,999,9,-008,1",,,"SYN05843278 32997 12703 10382 20220 30043 40050 80001 333 59008=","Q01    003SCCGA1"
"43278099999","2023-06-16T09:00:00","4","13.0666666","80.2","7.0","NUMGAMBAKKAM, IN","FM-12","99999","V020","270,1,N,0010,1","22000,1,9,N","010000,1,9,9","+0402,1","+0194,1","10023,1",,,,,,"03,1,+00800,1,06,1","99,9,+99999,9,00,1",,,"9,AGL   ,+99999,+99999","04,99,1,03,1,99,9,00800,1,99,9,99,9",,,"99999,9,10016,1","9,9,999,9,-015,1",,,"SYN05843278 32597 42702 10402 20194 30016 40023 83401 333 59015=",
"43278099999","2023-06-16T12:00:00","4","13.0666666","80.2","7.0","NUMGAMBAKKAM, IN","FM-12","99999","V020","140,1,N,0010,1","22000,1,9,N","010000,1,9,9","+0350,1","+0249,1","10021,1",,,,,,"03,1,+00800,1,06,1","99,9,+99999,9,00,1",,,"9,AGL   ,+99999,+99999","04,99,1,03,1,99,9,00800,1,99,9,99,9",,,"99999,9,10014,1","9,9,999,9,-017,1",,,"SYN06443278 32597 41402 10350 20249 30014 40021 83401 333 10411 59017=",
"43278099999","2023-06-16T15:00:00","4","13.0666666","80.2","7.0","NUMGAMBAKKAM, IN","FM-12","99999","V020","140,1,N,0010,1","99999,9,9,N","004000,1,9,9","+0324,1","+0275,1","10041,1",,,,,,"03,1,+00800,1,06,1","99,9,+99999,9,04,1","99,9,+99999,9,00,1",,"9,AGL   ,+99999,+99999","06,99,1,03,1,99,9,00800,1,99,9,99,9",,,"99999,9,10034,1","9,9,999,9,-009,1",,,"SYN05843278 32596 61402 10324 20275 30034 40041 83511 333 59009=",
"43278099999","2023-06-17T00:00:00","4","13.0666666","80.2","7.0","NUMGAMBAKKAM, IN","FM-12","99999","V020","230,1,N,0010,1","22000,1,9,N","004000,1,9,9","+0320,1","+0224,1","10033,1",,,,,,"99,9,+99999,9,00,1",,,,"9,AGL   ,+99999,+99999","02,99,1,00,1,99,9,99999,9,99,9,99,9",,,"99999,9,10026,1","9,9,999,9,-009,1",,,"SYN05843278 32996 22302 10320 20224 30026 40033 80001 333 59009=","Q01    003SCCGA1"
"43278099999","2023-06-17T03:00:00","4","13.0666666","80.2","7.0","NUMGAMBAKKAM, IN","FM-12","99999","V020","250,1,N,0041,1","99999,9,9,N","010000,1,9,9","+0326,1","+0231,1","10038,1",,,,,,"01,1,+00800,1,06,1","99,9,+99999,9,03,1","99,9,+99999,9,02,1",,"9,AGL   ,+99999,+99999","07,99,1,01,1,99,9,00800,1,99,9,99,9","240,M,+0411,1","240,N,+0315,1","99999,9,10031,1","9,9,999,9,-020,1",,,"SYN08043278 32597 72508 10326 20231 30031 40038 81538 333 10411 20315 59020 555 10018=",
"43278099999","2023-06-17T09:00:00","4","13.0666666","80.2","7.0","NUMGAMBAKKAM, IN","FM-12","99999","V020","090,1,N,0015,1","99999,9,9,N","010000,1,9,9","+0330,1","+0248,1","10049,1",,,,,,"02,1,+00800,1,06,1","99,9,+99999,9,03,1","99,9,+99999,9,02,1",,"9,AGL   ,+99999,+99999","07,99,1,02,1,99,9,00800,1,99,9,99,9",,,"99999,9,10042,1","9,9,999,9,+026,1",,,"SYN05843278 32597 70903 10330 20248 30042 40049 82538 333 58026=",
"43278099999","2023-06-17T12:00:00","4","13.0666666","80.2","7.0","NUMGAMBAKKAM, IN","FM-12","99999","V020","110,1,N,0021,1","99999,9,9,N","010000,1,9,9","+0316,1","+0263,1","10041,1",,,,,,"01,1,+00800,1,06,1","99,9,+99999,9,04,1",,,"9,AGL   ,+99999,+99999","08,99,1,01,1,99,9,00800,1,99,9,99,9",,,"99999,9,10034,1","9,9,999,9,+020,1",,,"SYN06443278 32597 81104 10316 20263 30034 40041 8151/ 333 10380 58020=",
"43278099999","2023-06-17T15:00:00","4","13.0666666","80.2","7.0","NUMGAMBAKKAM, IN","FM-12","99999","V020","180,1,N,0010,1","99999,9,9,N","004000,1,9,9","+0310,1","+0257,1","10060,1","12,0000,2,1","2,1,02,1","2,1,02,1",,,"05,1,+00800,1,06,1","99,9,+99999,9,03,1",,,"9,AGL   ,+99999,+99999","08,99,1,05,1,99,9,00800,1,99,9,99,9",,,"99999,9,10053,1","9,9,999,9,+019,1",,"50,1","SYN07043278 21596 81802 10310 20257 30053 40060 75022 8557/ 333 58019 6990/=",
"43278099999","2023-06-18T00:00:00","4","13.0666666","80.2","7.0","NUMGAMBAKKAM, IN","FM-12","99999","V020","230,1,N,0015,1","99999,9,9,N","004000,1,9,9","+0300,1","+0261,1","10041,1","21,0000,2,1",,,,,"03,1,+00800,1,06,1","99,9,+99999,9,03,1","99,9,+99999,9,00,1",,"9,AGL   ,+99999,+99999","07,99,1,03,1,99,9,00800,1,99,9,99,9",,,"99999,9,10034,1","9,9,999,9,+008,1",,,"SYN06443278 22596 72303 10300 20261 30034 40041 83531 333 58008 6990/=",
"43278099999","2023-06-18T03:00:00","4","13.0666666","80.2","7.0","NUMGAMBAKKAM, IN","FM-12","99999","V020","270,1,N,0010,1","99999,9,9,N","004000,1,9,9","+0300,1","+0261,1","10064,1","24,0000,2,1","2,1,02,1","2,1,02,1",,,"03,1,+00800,1,06,1","99,9,+99999,9,03,1",,,"9,AGL   ,+99999,+99999","08,99,1,03,1,99,9,00800,1,99,9,99,9","240,M,+0380,1","240,N,+0299,1","99999,9,10057,1","9,9,999,9,+026,1",,"50,1","SYN09243278 21596 82702 10300 20261 30057 40064 75022 8357/ 333 10380 20299 58026 6990/ 555 10018=",
"43278099999","2023-06-18T06:00:00","4","13.0666666","80.2","7.0","NUMGAMBAKKAM, IN","FM-12","99999","V020","270,1,N,0010,1","99999,9,9,N","004000,1,9,9","+0264,1","+0241,1","10065,1","03,0040,3,1","9,1,02,1","6,1,02,1",,,"03,1,+00800,1,06,1","99,9,+99999,9,03,1",,,"9,AGL   ,+99999,+99999","08,99,1,03,1,99,9,00800,1,99,9,99,9",,,"99999,9,10058,1","9,9,999,9,+009,1",,"61,1","SYN07043278 21596 82702 10264 20241 30058 40065 76196 8357/ 333 58009 6004/=",
"43278099999","2023-06-18T09:00:00","4","13.0666666","80.2","7.0","NUMGAMBAKKAM, IN","FM-12","99999","V020","250,1,N,0015,1","99999,9,9,N","004000,1,9,9","+0286,1","+0258,1","10044,1","06,0050,3,1","6,1,02,1","2,1,02,1",,,"04,1,+00800,1,06,1","99,9,+99999,9,04,1","99,9,+99999,9,00,1",,"9,AGL   ,+99999,+99999","08,99,1,04,1,99,9,00800,1,99,9,99,9",,,"99999,9,10037,1","9,9,999,9,-005,1",,"50,1","SYN07043278 21596 82503 10286 20258 30037 40044 75062 84511 333 59005 6005/=",
"43278099999","2023-06-18T12:00:00","4","13.0666666","80.2","7.0","NUMGAMBAKKAM, IN","FM-12","99999","V020","200,1,N,0021,1","99999,9,9,N","004000,1,9,9","+0302,1","+0254,1","10023,1","09,0050,3,1",,,,,"02,1,+00800,1,07,1","99,9,+99999,9,03,1","99,9,+99999,9,02,1",,"9,AGL   ,+99999,+99999","07,99,1,02,1,99,9,00800,1,99,9,99,9",,,"99999,9,10016,1","9,9,999,9,-018,1",,,"SYN07043278 22596 72004 10302 20254 30016 40023 82677 333 10320 59018 6005/=",
"43278099999","2023-06-18T15:00:00","4","13.0666666","80.2","7.0","NUMGAMBAKKAM, IN","FM-12","99999","V020","230,1,N,0021,1","99999,9,9,N","004000,1,9,9","+0294,1","+0245,1","10035,1","12,0050,3,1",,,,,"02,1,+00800,1,06,1","99,9,+99999,9,03,1","99,9,+99999,9,00,1",,"9,AGL   ,+99999,+99999","05,99,1,02,1,99,9,00800,1,99,9,99,9",,,"99999,9,10028,1","9,9,999,9,-025,1",,,"SYN06443278 22596 52304 10294 20245 30028 40035 82531 333 59025 6005/=",
"43278099999","2023-06-19T00:00:00","4","13.0666666","80.2","7.0","NUMGAMBAKKAM, IN","FM-12","99999","V020","270,1,N,0031,1","99999,9,9,N","004000,1,9,9","+0252,1","+0240,1","10039,1","21,0670,3,1","9,1,02,1","6,1,02,1",,,"04,1,+00800,1,06,1","99,9,+99999,9,05,1",,,"9,AGL   ,+99999,+99999","08,99,1,04,1,99,9,00800,1,99,9,99,9",,,"99999,9,10032,1","9,9,999,9,-002,1",,"95,1","SYN07043278 21596 82706 10252 20240 30032 40039 79596 8452/ 333 59002 6067/=",
"43278099999","2023-06-19T03:00:00","4","13.0666666","80.2","7.0","NUMGAMBAKKAM, IN","FM-12","99999","V020","270,1,N,0015,1","99999,9,9,N","004000,1,9,9","+0250,1","+0235,1","10067,1","24,0850,3,1","9,1,02,1","6,1,02,1",,,"03,1,+00800,1,09,1","99,9,+99999,9,03,1",,,"9,AGL   ,+99999,+99999","08,99,1,03,1,99,9,00800,1,99,9,99,9","240,M,+0320,1","240,N,+0248,1","99999,9,10060,1","9,9,999,9,+003,1",,"95,1","SYN09843278 21596 82703 10250 20235 30060 40067 79596 8397/ 333 10320 20248 58003 6085/ 555 00847 10103=",
"43278099999","2023-06-19T06:00:00","4","13.0666666","80.2","7.0","NUMGAMBAKKAM, IN","FM-12","99999","V020","230,1,N,0015,1","99999,9,9,N","004000,1,9,9","+0256,1","+0244,1","10054,1","03,0180,3,1","9,1,02,1","6,1,02,1",,,"04,1,+00800,1,06,1","99,9,+99999,9,03,1",,,"9,AGL   ,+99999,+99999","08,99,1,04,1,99,9,00800,1,99,9,99,9",,,"99999,9,10047,1","9,9,999,9,-011,1",,"60,1","SYN07043278 21596 82303 10256 20244 30047 40054 76096 8447/ 333 59011 6018/=",
"43278099999","2023-06-19T09:00:00","4","13.0666666","80.2","7.0","NUMGAMBAKKAM, IN","FM-12","99999","V020","250,1,N,0010,1","99999,9,9,N","010000,1,9,9","+0260,1","+0246,1","10033,1","06,0240,3,1","6,1,02,1","5,1,02,1",,,"03,1,+00450,1,06,1","99,9,+99999,9,03,1",,,"9,AGL   ,+99999,+99999","08,99,1,03,1,99,9,00450,1,99,9,99,9",,,"99999,9,10026,1","9,9,999,9,-011,1",,"21,1","SYN07043278 21497 82502 10260 20246 30026 40033 72165 8357/ 333 59011 6024/=",
"43278099999","2023-06-19T12:00:00","4","13.0666666","80.2","7.0","NUMGAMBAKKAM, IN","FM-12","99999","V020","999,9,C,0000,1","99999,9,9,N","010000,1,9,9","+0260,1","+0249,1","10036,1","09,0250,3,1","6,1,02,1","5,1,02,1",,,"03,1,+00450,1,06,1","99,9,+99999,9,03,1",,,"9,AGL   ,+99999,+99999","08,99,1,03,1,99,9,00450,1,99,9,99,9",,,"99999,9,10029,1","9,9,999,9,+013,1",,"02,1","SYN07643278 21497 80000 10260 20249 30029 40036 70265 8357/ 333 10273 58013 6025/=",
"43278099999","2023-06-19T15:00:00","4","13.0666666","80.2","7.0","NUMGAMBAKKAM, IN","FM-12","99999","V020","230,1,N,0010,1","99999,9,9,N","004000,1,9,9","+0256,1","+0241,1","10042,1","12,0260,3,1","6,1,02,1","2,1,02,1",,,"02,1,+00450,1,06,1","99,9,+99999,9,03,1",,,"9,AGL   ,+99999,+99999","07,99,1,02,1,99,9,00450,1,99,9,99,9",,,"99999,9,10035,1","9,9,999,9,+007,1",,"02,1","SYN07043278 21496 72302 10256 20241 30035 40042 70262 8257/ 333 58007 6026/=",
"43278099999","2023-06-20T00:00:00","4","13.0666666","80.2","7.0","NUMGAMBAKKAM, IN","FM-12","99999","V020","250,1,N,0005,1","99999,9,9,N","004000,1,9,9","+0250,1","+0241,1","10038,1","21,0570,3,1","9,1,02,1","6,1,02,1",,,"02,1,+00800,1,06,1","99,9,+99999,9,03,1",,,"9,AGL   ,+99999,+99999","08,99,1,02,1,99,9,00800,1,99,9,99,9",,,"99999,9,10031,1","9,9,999,9,-001,1",,"02,1","SYN07043278 21596 82501 10250 20241 30031 40038 70296 8257/ 333 59001 6057/=",
"43278099999","2023-06-20T03:00:00","4","13.0666666","80.2","7.0","NUMGAMBAKKAM, IN","FM-12","99999","V020","230,1,N,0015,1","99999,9,9,N","004000,1,9,9","+0270,1","+0244,1","10045,1","24,0570,3,1","5,1,02,1","2,1,02,1",,,"04,1,+00800,1,06,1","99,9,+99999,9,03,1",,,"9,AGL   ,+99999,+99999","08,99,1,04,1,99,9,00800,1,99,9,99,9","240,M,+0273,1","240,N,+0245,1","99999,9,10038,1","9,9,999,9,-022,1",,"02,1","SYN09843278 21596 82303 10270 20244 30038 40045 70252 8453/ 333 10273 20245 59022 6057/ 555 00572 10160=",
"43278099999","2023-06-20T06:00:00","4","13.0666666","80.2","7.0","NUMGAMBAKKAM, IN","FM-12","99999","V020","230,1,N,0010,1","99999,9,9,N","010000,1,9,9","+0310,1","+0260,1","10043,1",,,,,,"03,1,+00800,1,06,1","99,9,+99999,9,03,1","99,9,+99999,9,00,1",,"9,AGL   ,+99999,+99999","07,99,1,03,1,99,9,00800,1,99,9,99,9",,,"99999,9,10036,1","9,9,999,9,-011,1",,,"SYN05843278 32597 72302 10310 20260 30036 40043 83532 333 59011=",
"43278099999","2023-06-20T09:00:00","4","13.0666666","80.2","7.0","NUMGAMBAKKAM, IN","FM-12","99999","V020","230,1,N,0015,1","99999,9,9,N","010000,1,9,9","+0314,1","+0249,1","10034,1",,,,,,"02,1,+00800,1,06,1","99,9,+99999,9,03,1",,,"9,AGL   ,+99999,+99999","08,99,1,02,1,99,9,00800,1,99,9,99,9",,,"99999,9,10027,1","9,9,999,9,+001,1",,,"SYN05843278 32597 82303 10314 20249 30027 40034 8257/ 333 58001=",
"43278099999","2023-06-20T12:00:00","4","13.0666666","80.2","7.0","NUMGAMBAKKAM, IN","FM-12","99999","V020","999,9,C,0000,1","99999,9,9,N","010000,1,9,9","+0312,1","+0240,1","10025,1",,,,,,"01,1,+00800,1,06,1","99,9,+99999,9,03,1",,,"9,AGL   ,+99999,+99999","08,99,1,01,1,99,9,00800,1,99,9,99,9","240,M,+0321,1",,"99999,9,10018,1","9,9,999,9,-011,1",,,"SYN06443278 32597 80000 10312 20240 30018 40025 8157/ 333 10321 59011=",
"43278099999","2023-06-20T15:00:00","4","13.0666666","80.2","7.0","NUMGAMBAKKAM, IN","FM-12","99999","V020","180,1,N,0010,1","99999,9,9,N","004000,1,9,9","+0298,1","+0259,1","10040,1",,,,,,"02,1,+00800,1,06,1","99,9,+99999,9,03,1",,,"9,AGL   ,+99999,+99999","07,99,1,02,1,99,9,00800,1,99,9,99,9",,,"99999,9,10033,1","9,9,999,9,-002,1",,,"SYN05843278 32596 71802 10298 20259 30033 40040 8257/ 333 59002=",
"43278099999","2023-06-21T00:00:00","4","13.0666666","80.2","7.0","NUMGAMBAKKAM, IN","FM-12","99999","V020","230,1,N,0010,1","99999,9,9,N","004000,1,9,9","+0262,1","+0245,1","10035,1","21,0040,3,1",,,,,"03,1,+00800,1,06,1","99,9,+99999,9,04,1","99,9,+99999,9,00,1",,"9,AGL   ,+99999,+99999","07,99,1,03,1,99,9,00800,1,99,9,99,9",,,"99999,9,10028,1","9,9,999,9,-003,1",,,"SYN06443278 22596 72302 10262 20245 30028 40035 83511 333 59003 6004/=",
"43278099999","2023-06-21T03:00:00","4","13.0666666","80.2","7.0","NUMGAMBAKKAM, IN","FM-12","99999","V020","999,9,C,0000,1","99999,9,9,N","010000,1,9,9","+0272,1","+0252,1","10054,1","24,0040,3,1","5,1,02,1","2,1,02,1",,,"03,1,+00450,1,06,1","99,9,+99999,9,03,1",,,"9,AGL   ,+99999,+99999","08,99,1,03,1,99,9,00450,1,99,9,99,9","240,M,+0321,1","240,N,+0257,1","99999,9,10047,1","9,9,999,9,+009,1",,"50,1","SYN09843278 21497 80000 10272 20252 30047 40054 75052 8357/ 333 10321 20257 58009 6004/ 555 00039 10164=",
"43278099999","2023-06-21T06:00:00","4","13.0666666","80.2","7.0","NUMGAMBAKKAM, IN","FM-12","99999","V020","230,1,N,0010,1","99999,9,9,N","010000,1,9,9","+0300,1","+0261,1","10057,1",,"2,1,02,1","2,1,02,1",,,"03,1,+00800,1,06,1","99,9,+99999,9,03,1",,,"9,AGL   ,+99999,+99999","08,99,1,03,1,99,9,00800,1,99,9,99,9",,,"99999,9,10050,1","9,9,999,9,+014,1",,"02,1","SYN06443278 31597 82302 10300 20261 30050 40057 70222 8357/ 333 58014=",
"43278099999","2023-06-21T09:00:00","4","13.0666666","80.2","7.0","NUMGAMBAKKAM, IN","FM-12","99999","V020","230,1,N,0010,1","99999,9,9,N","010000,1,9,9","+0314,1","+0261,1","10043,1",,,,,,"03,1,+00800,1,06,1","99,9,+99999,9,03,1",,,"9,AGL   ,+99999,+99999","08,99,1,03,1,99,9,00800,1,99,9,99,9",,,"99999,9,10036,1","9,9,999,9,+009,1",,,"SYN05843278 32597 82302 10314 20261 30036 40043 8357/ 333 58009=",
"43278099999","2023-06-21T12:00:00","4","13.0666666","80.2","7.0","NUMGAMBAKKAM, IN","FM-12","99999","V020","160,1,N,0005,1","99999,9,9,N","010000,1,9,9","+0310,1","+0269,1","10034,1",,,,,,"02,1,+00800,1,06,1","99,9,+99999,9,03,1","99,9,+99999,9,00,1",,"9,AGL   ,+99999,+99999","08,99,1,02,1,99,9,00800,1,99,9,99,9",,,"99999,9,10027,1","9,9,999,9,+009,1",,,"SYN06443278 32597 81601 10310 20269 30027 40034 82572 333 10320 58009=",
"43278099999","2023-06-22T03:00:00","4","13.0666666","80.2","7.0","NUMGAMBAKKAM, IN","FM-12","99999","V020","270,1,N,0010,1","22000,1,9,N","010000,1,9,9","+0304,1","+0256,1","10052,1",,,,,,"01,1,+00800,1,06,1","99,9,+99999,9,00,1",,,"9,AGL   ,+99999,+99999","04,99,1,01,1,99,9,00800,1,99,9,99,9","240,M,+0320,1","240,N,+0275,1","99999,9,10045,1","9,9,999,9,-002,1",,,"SYN08043278 32597 42702 10304 20256 30045 40052 81501 333 10320 20275 59002 555 10164=",
"43278099999","2023-06-22T06:00:00","4","13.0666666","80.2","7.0","NUMGAMBAKKAM, IN","FM-12","99999","V020","230,1,N,0010,1","99999,9,9,N","010000,1,9,9","+0342,1","+0261,1","10050,1",,,,,,"01,1,+00800,1,06,1","99,9,+99999,9,04,1","99,9,+99999,9,00,1",,"9,AGL   ,+99999,+99999","05,99,1,01,1,99,9,00800,1,99,9,99,9",,,"99999,9,10043,1","9,9,999,9,-007,1",,,"SYN05843278 32597 52302 10342 20261 30043 40050 81511 333 59007=",
"43278099999","2023-06-22T09:00:00","4","13.0666666","80.2","7.0","NUMGAMBAKKAM, IN","FM-12","99999","V020","140,1,N,0010,1","99999,9,9,N","010000,1,9,9","+0354,1","+0253,1","10047,1",,,,,,"03,1,+00800,1,09,1","99,9,+99999,9,03,1",,,"9,AGL   ,+99999,+99999","08,99,1,03,1,99,9,00800,1,99,9,99,9",,,"99999,9,10040,1","9,9,999,9,+004,1",,,"SYN05843278 32597 81402 10354 20253 30040 40047 8337/ 333 58004=",
"43278099999","2023-06-22T12:00:00","4","13.0666666","80.2","7.0","NUMGAMBAKKAM, IN","FM-12","99999","V020","999,9,C,0000,1","99999,9,9,N","010000,1,9,9","+0268,1","+0242,1","10040,1","09,0370,3,1","9,1,02,1","6,1,02,1",,,"03,1,+00450,1,06,1","99,9,+99999,9,03,1",,,"9,AGL   ,+99999,+99999","08,99,1,03,1,99,9,00450,1,99,9,99,9",,,"99999,9,10033,1","9,9,999,9,+006,1",,"02,1","SYN07643278 21497 80000 10268 20242 30033 40040 70296 8357/ 333 10357 58006 6037/=",
"43278099999","2023-06-22T15:00:00","4","13.0666666","80.2","7.0","NUMGAMBAKKAM, IN","FM-12","99999","V020","999,9,C,0000,1","22000,1,9,N","004000,1,9,9","+0270,1","+0256,1","10055,1","12,0370,3,1",,,,,"03,1,+01750,1,03,1","99,9,+99999,9,00,1",,,"9,AGL   ,+99999,+99999","04,99,1,03,1,99,9,01750,1,99,9,99,9",,,"99999,9,10048,1","9,9,999,9,+012,1",,,"SYN06443278 22796 40000 10270 20256 30048 40055 83071 333 58012 6037/=",
"43278099999","2023-06-23T00:00:00","4","13.0666666","80.2","7.0","NUMGAMBAKKAM, IN","FM-12","99999","V020","230,1,N,0005,1","99999,9,9,9","004000,1,9,9","+0280,1","+0257,1","10057,1",,,,"0,1,99,9","0,1,99,9","03,1,+00600,1,06,1","99,9,+99999,9,03,1","99,9,+99999,9,00,1",,"9,AGL   ,+99999,+99999","06,99,1,03,1,99,9,00600,1,99,9,99,9",,,"99999,9,10050,1","9,9,999,9,+012,1",,,"SYN004BUFR",
"43278099999","2023-06-23T03:00:00","4","13.0666666","80.2","7.0","NUMGAMBAKKAM, IN","FM-12","99999","V020","270,1,N,0010,1","22000,1,9,N","010000,1,9,9","+0294,1","+0251,1","10060,1","24,0370,3,1",,,,,"01,1,+00800,1,06,1","99,9,+99999,9,03,1","99,9,+99999,9,00,1",,"9,AGL   ,+99999,+99999","04,99,1,01,1,99,9,00800,1,99,9,99,9","240,M,+0357,1","240,N,+0264,1","99999,9,10053,1","9,9,999,9,+008,1",,,"SYN09243278 22597 42702 10294 20251 30053 40060 81571 333 10357 20264 58008 6037/ 555 00372 10201=",
"43278099999","2023-06-23T06:00:00","4","13.0666666","80.2","7.0","NUMGAMBAKKAM, IN","FM-12","99999","V020","270,1,N,0010,1","99999,9,9,N","010000,1,9,9","+0320,1","+0249,1","10061,1",,,,,,"01,1,+00800,1,06,1","99,9,+99999,9,03,1","99,9,+99999,9,00,1",,"9,AGL   ,+99999,+99999","07,99,1,01,1,99,9,00800,1,99,9,99,9",,,"99999,9,10054,1","9,9,999,9,+011,1",,,"SYN05843278 32597 72702 10320 20249 30054 40061 81571 333 58011=",
"43278099999","2023-06-23T09:00:00","4","13.0666666","80.2","7.0","NUMGAMBAKKAM, IN","FM-12","99999","V020","230,1,N,0010,1","99999,9,9,N","010000,1,9,9","+0338,1","+0248,1","10040,1",,,,,,"02,1,+00800,1,06,1","99,9,+99999,9,04,1","99,9,+99999,9,00,1",,"9,AGL   ,+99999,+99999","07,99,1,02,1,99,9,00800,1,99,9,99,9",,,"99999,9,10033,1","9,9,999,9,-007,1",,,"SYN05843278 32597 72302 10338 20248 30033 40040 82511 333 59007=",
"43278099999","2023-06-23T12:00:00","4","13.0666666","80.2","7.0","NUMGAMBAKKAM, IN","FM-12","99999","V020","140,1,N,0010,1","99999,9,9,N","010000,1,9,9","+0310,1","+0263,1","10039,1",,,,,,"02,1,+00800,1,06,1","99,9,+99999,9,04,1","99,9,+99999,9,00,1",,"9,AGL   ,+99999,+99999","07,99,1,02,1,99,9,00800,1,99,9,99,9",,,"99999,9,10032,1","9,9,999,9,-001,1",,,"SYN06443278 32597 71402 10310 20263 30032 40039 82512 333 10342 59001=",
"43278099999","2023-06-23T15:00:00","4","13.0666666","80.2","7.0","NUMGAMBAKKAM, IN","FM-12","99999","V020","999,9,C,0000,1","99999,9,9,N","004000,1,9,9","+0298,1","+0262,1","10047,1",,,,,,"02,1,+00800,1,06,1","99,9,+99999,9,04,1","99,9,+99999,9,02,1",,"9,AGL   ,+99999,+99999","07,99,1,02,1,99,9,00800,1,99,9,99,9",,,"99999,9,10040,1","9,9,999,9,-008,1",,,"SYN05843278 32596 70000 10298 20262 30040 40047 82518 333 59008=",
"43278099999","2023-06-24T00:00:00","4","13.0666666","80.2","7.0","NUMGAMBAKKAM, IN","FM-12","99999","V020","999,9,C,0000,1","99999,9,9,N","004000,1,9,9","+0266,1","+0246,1","10043,1","21,0100,3,1","9,1,02,1","6,1,02,1",,,"01,1,+00800,1,06,1","99,9,+99999,9,03,1",,,"9,AGL   ,+99999,+99999","08,99,1,01,1,99,9,00800,1,99,9,99,9",,,"99999,9,10036,1","9,9,999,9,-014,1",,"02,1","SYN07043278 21596 80000 10266 20246 30036 40043 70296 8157/ 333 59014 6010/=",
"43278099999","2023-06-24T03:00:00","4","13.0666666","80.2","7.0","NUMGAMBAKKAM, IN","FM-12","99999","V020","230,1,N,0010,1","99999,9,9,N","004000,1,9,9","+0278,1","+0252,1","10057,1","24,0100,3,1",,,,,"03,1,+00800,1,06,1","99,9,+99999,9,03,1",,,"9,AGL   ,+99999,+99999","08,99,1,03,1,99,9,00800,1,99,9,99,9","240,M,+0342,1","240,N,+0250,1","99999,9,10050,1","9,9,999,9,-003,1",,,"SYN09243278 22596 82302 10278 20252 30050 40057 8357/ 333 10342 20250 59003 6010/ 555 00100 10211=",
"43278099999","2023-06-24T06:00:00","4","13.0666666","80.2","7.0","NUMGAMBAKKAM, IN","FM-12","99999","V020","270,1,N,0015,1","99999,9,9,N","010000,1,9,9","+0328,1","+0243,1","10051,1",,,,,,"02,1,+00800,1,06,1","99,9,+99999,9,03,1","99,9,+99999,9,02,1",,"9,AGL   ,+99999,+99999","07,99,1,02,1,99,9,00800,1,99,9,99,9",,,"99999,9,10044,1","9,9,999,9,-010,1",,,"SYN05843278 32597 72703 10328 20243 30044 40051 82538 333 59010=",
"43278099999","2023-06-24T09:00:00","4","13.0666666","80.2","7.0","NUMGAMBAKKAM, IN","FM-12","99999","V020","999,9,C,0000,1","99999,9,9,N","010000,1,9,9","+0348,1","+0253,1","10038,1",,,,,,"01,1,+00800,1,06,1","99,9,+99999,9,03,1","99,9,+99999,9,02,1",,"9,AGL   ,+99999,+99999","07,99,1,01,1,99,9,00800,1,99,9,99,9",,,"99999,9,10031,1","9,9,999,9,-002,1",,,"SYN05843278 32597 70000 10348 20253 30031 40038 81538 333 59002=",
"43278099999","2023-06-24T12:00:00","4","13.0666666","80.2","7.0","NUMGAMBAKKAM, IN","FM-12","99999","V020","140,1,N,0005,1","99999,9,9,N","010000,1,9,9","+0318,1","+0268,1","10035,1",,,,,,"04,1,+00800,1,06,1","99,9,+99999,9,03,1","99,9,+99999,9,00,1",,"9,AGL   ,+99999,+99999","07,99,1,04,1,99,9,00800,1,99,9,99,9",,,"99999,9,10028,1","9,9,999,9,-004,1",,,"SYN06443278 32597 71401 10318 20268 30028 40035 84572 333 10354 59004=",
"43278099999","2023-06-24T15:00:00","4","13.0666666","80.2","7.0","NUMGAMBAKKAM, IN","FM-12","99999","V020","110,1,N,0005,1","22000,1,9,N","004000,1,9,9","+0300,1","+0272,1","10048,1",,,,,,"02,1,+01250,1,03,1","99,9,+99999,9,00,1",,,"9,AGL   ,+99999,+99999","03,99,1,02,1,99,9,01250,1,99,9,99,9",,,"99999,9,10041,1","9,9,999,9,+001,1",,,"SYN05843278 32696 31101 10300 20272 30041 40048 82031 333 58001=",
"43278099999","2023-06-25T03:00:00","4","13.0666666","80.2","7.0","NUMGAMBAKKAM, IN","FM-12","99999","V020","230,1,N,0010,1","99999,9,9,N","010000,1,9,9","+0308,1","+0233,1","10050,1",,,,,,"01,1,+00800,1,06,1","99,9,+99999,9,03,1","99,9,+99999,9,00,1",,"9,AGL   ,+99999,+99999","07,99,1,01,1,99,9,00800,1,99,9,99,9","240,M,+0354,1","240,N,+0285,1","99999,9,10043,1","9,9,999,9,-007,1",,,"SYN07043278 32597 72302 10308 20233 30043 40050 81532 333 10354 20285 59007=",
"43278099999","2023-06-25T09:00:00","4","13.0666666","80.2","7.0","NUMGAMBAKKAM, IN","FM-12","99999","V020","999,9,C,0000,1","99999,9,9,N","010000,1,9,9","+0332,1","+0269,1","10043,1",,,,,,"08,1,+01750,1,03,1",,,,"9,AGL   ,+99999,+99999","08,99,1,08,1,99,9,01750,1,99,9,99,9",,,"99999,9,10036,1","9,9,999,9,+005,1",,,"SYN05843278 32797 80000 10332 20269 30036 40043 8807/ 333 58005=",
"43278099999","2023-06-25T15:00:00","4","13.0666666","80.2","7.0","NUMGAMBAKKAM, IN","FM-12","99999","V020","999,9,C,0000,1","22000,1,9,9","004000,1,9,9","+0302,1","+0254,1","10049,1","99,9999,9,9",,,"0,1,99,9","0,1,99,9","03,1,+01750,1,03,1","99,9,+99999,9,00,1",,,"9,AGL   ,+99999,+99999","04,99,1,03,1,99,9,01750,1,99,9,99,9",,,"99999,9,10042,1","9,9,999,9,+001,1",,,"SYN004BUFR",
"43278099999","2023-06-26T00:00:00","4","13.0666666","80.2","7.0","NUMGAMBAKKAM, IN","FM-12","99999","V020","230,1,N,0015,1","99999,9,9,N","004000,1,9,9","+0284,1","+0250,1","10044,1",,,,,,"02,1,+00800,1,06,1","99,9,+99999,9,02,1",,,"9,AGL   ,+99999,+99999","05,99,1,02,1,99,9,00800,1,99,9,99,9",,,"99999,9,10037,1","9,9,999,9,-001,1",,,"SYN05843278 32596 52303 10284 20250 30037 40044 82508 333 59001=",
"43278099999","2023-06-26T03:00:00","4","13.0666666","80.2","7.0","NUMGAMBAKKAM, IN","FM-12","99999","V020","230,1,N,0010,1","99999,9,9,N","010000,1,9,9","+0302,1","+0245,1","10058,1",,,,,,"01,1,+00800,1,06,1","99,9,+99999,9,03,1","99,9,+99999,9,02,1",,"9,AGL   ,+99999,+99999","07,99,1,01,1,99,9,00800,1,99,9,99,9","240,M,+0343,1","240,N,+0282,1","99999,9,10051,1","9,9,999,9,+008,1",,,"SYN08043278 32597 72302 10302 20245 30051 40058 81578 333 10343 20282 58008 555 10211=",
"43278099999","2023-06-26T06:00:00","4","13.0666666","80.2","7.0","NUMGAMBAKKAM, IN","FM-12","99999","V020","250,1,N,0010,1","99999,9,9,N","010000,1,9,9","+0322,1","+0229,1","10057,1",,,,,,"01,1,+00800,1,06,1","99,9,+99999,9,03,1","99,9,+99999,9,02,1",,"9,AGL   ,+99999,+99999","07,99,1,01,1,99,9,00800,1,99,9,99,9",,,"99999,9,10050,1","9,9,999,9,+009,1",,,"SYN05843278 32597 72502 10322 20229 30050 40057 81538 333 58009=",
"43278099999","2023-06-26T09:00:00","4","13.0666666","80.2","7.0","NUMGAMBAKKAM, IN","FM-12","99999","V020","230,1,N,0010,1","99999,9,9,N","010000,1,9,9","+0346,1","+0257,1","10044,1",,,,,,"02,1,+00800,1,06,1","99,9,+99999,9,04,1","99,9,+99999,9,00,1",,"9,AGL   ,+99999,+99999","06,99,1,02,1,99,9,00800,1,99,9,99,9",,,"99999,9,10037,1","9,9,999,9,+001,1",,,"SYN05843278 32597 62302 10346 20257 30037 40044 82511 333 58001=",
"43278099999","2023-06-26T12:00:00","4","13.0666666","80.2","7.0","NUMGAMBAKKAM, IN","FM-12","99999","V020","250,1,N,0015,1","99999,9,9,N","010000,1,9,9","+0342,1","+0239,1","10038,1",,,,,,"01,1,+01250,1,06,1","99,9,+99999,9,04,1","99,9,+99999,9,00,1",,"9,AGL   ,+99999,+99999","08,99,1,01,1,99,9,01250,1,99,9,99,9",,,"99999,9,10031,1","9,9,999,9,-001,1",,,"SYN06443278 32697 82503 10342 20239 30031 40038 81511 333 10352 59001=",
"43278099999","2023-06-26T15:00:00","4","13.0666666","80.2","7.0","NUMGAMBAKKAM, IN","FM-12","99999","V020","230,1,N,0010,1","22000,1,9,N","004000,1,9,9","+0310,1","+0257,1","10044,1",,,,,,"01,1,+00800,1,06,1","99,9,+99999,9,00,1",,,"9,AGL   ,+99999,+99999","02,99,1,01,1,99,9,00800,1,99,9,99,9",,,"99999,9,10037,1","9,9,999,9,-005,1",,,"SYN05843278 32596 22302 10310 20257 30037 40044 81501 333 59005=",
"43278099999","2023-06-27T00:00:00","4","13.0666666","80.2","7.0","NUMGAMBAKKAM, IN","FM-12","99999","V020","230,1,N,0010,1","22000,1,9,N","004000,1,9,9","+0286,1","+0252,1","10046,1",,,,,,"01,1,+00800,1,06,1","99,9,+99999,9,00,1",,,"9,AGL   ,+99999,+99999","03,99,1,01,1,99,9,00800,1,99,9,99,9",,,"99999,9,10039,1","9,9,999,9,+002,1",,,"SYN05843278 32596 32302 10286 20252 30039 40046 81501 333 58002=",
"43278099999","2023-06-27T03:00:00","4","13.0666666","80.2","7.0","NUMGAMBAKKAM, IN","FM-12","99999","V020","230,1,N,0010,1","99999,9,9,N","010000,1,9,9","+0312,1","+0240,1","10059,1",,,,,,"01,1,+00800,1,06,1","99,9,+99999,9,04,1","99,9,+99999,9,00,1",,"9,AGL   ,+99999,+99999","06,99,1,01,1,99,9,00800,1,99,9,99,9","240,M,+0352,1","240,N,+0282,1","99999,9,10052,1","9,9,999,9,+001,1",,,"SYN08043278 32597 62302 10312 20240 30052 40059 81512 333 10352 20282 58001 555 10211=",
"43278099999","2023-06-27T06:00:00","4","13.0666666","80.2","7.0","NUMGAMBAKKAM, IN","FM-12","99999","V020","230,1,N,0021,1","99999,9,9,N","010000,1,9,9","+0332,1","+0221,1","10061,1",,,,,,"01,1,+00800,1,06,1","99,9,+99999,9,04,1","99,9,+99999,9,02,1",,"9,AGL   ,+99999,+99999","07,99,1,01,1,99,9,00800,1,99,9,99,9",,,"99999,9,10054,1","9,9,999,9,+004,1",,,"SYN05843278 32597 72304 10332 20221 30054 40061 81518 333 58004=",
"43278099999","2023-06-27T09:00:00","4","13.0666666","80.2","7.0","NUMGAMBAKKAM, IN","FM-12","99999","V020","270,1,N,0010,1","22000,1,9,N","010000,1,9,9","+0350,1","+0222,1","10051,1",,,,,,"02,1,+01750,1,03,1","99,9,+99999,9,02,1",,,"9,AGL   ,+99999,+99999","04,99,1,02,1,99,9,01750,1,99,9,99,9",,,"99999,9,10044,1","9,9,999,9,+007,1",,,"SYN05843278 32797 42702 10350 20222 30044 40051 82078 333 58007=",
"43278099999","2023-06-27T12:00:00","4","13.0666666","80.2","7.0","NUMGAMBAKKAM, IN","FM-12","99999","V020","230,1,N,0010,1","99999,9,9,N","010000,1,9,9","+0344,1","+0225,1","10045,1",,,,,,"02,1,+00800,1,06,1","99,9,+99999,9,03,1","99,9,+99999,9,00,1",,"9,AGL   ,+99999,+99999","05,99,1,02,1,99,9,00800,1,99,9,99,9",,,"99999,9,10038,1","9,9,999,9,+007,1",,,"SYN06443278 32597 52302 10344 20225 30038 40045 82571 333 10356 58007=",
"43278099999","2023-06-27T15:00:00","4","13.0666666","80.2","7.0","NUMGAMBAKKAM, IN","FM-12","99999","V020","999,9,C,0000,1","22000,1,9,N","004000,1,9,9","+0310,1","+0238,1","10061,1",,,,,,"01,1,+00800,1,06,1","99,9,+99999,9,03,1","99,9,+99999,9,00,1",,"9,AGL   ,+99999,+99999","04,99,1,01,1,99,9,00800,1,99,9,99,9",,,"99999,9,10054,1","9,9,999,9,+017,1",,,"SYN05843278 32596 40000 10310 20238 30054 40061 81571 333 58017=",
"43278099999","2023-06-28T00:00:00","4","13.0666666","80.2","7.0","NUMGAMBAKKAM, IN","FM-12","99999","V020","290,1,N,0021,1","22000,1,9,N","004000,1,9,9","+0292,1","+0224,1","10064,1",,,,,,"01,1,+02250,1,03,1",,,,"9,AGL   ,+99999,+99999","01,99,1,01,1,99,9,02250,1,99,9,99,9",,,"99999,9,10054,1","9,9,999,9,+015,1",,,"SYN05843278 32896 12904 10292 20224 30054 40064 81030 333 58015=",
"43278099999","2023-06-28T03:00:00","4","13.0666666","80.2","7.0","NUMGAMBAKKAM, IN","FM-12","99999","V020","230,1,N,0015,1","22000,1,9,N","010000,1,9,9","+0314,1","+0220,1","10073,1",,,,,,"01,1,+00800,1,06,1","99,9,+99999,9,03,1","99,9,+99999,9,00,1",,"9,AGL   ,+99999,+99999","04,99,1,01,1,99,9,00800,1,99,9,99,9","240,M,+0356,1","240,N,+0287,1","99999,9,10066,1","9,9,999,9,+014,1",,,"SYN08043278 32597 42303 10314 20220 30066 40073 81571 333 10356 20287 58014 555 10211=",
"43278099999","2023-06-28T06:00:00","4","13.0666666","80.2","7.0","NUMGAMBAKKAM, IN","FM-12","99999","V020","230,1,N,0015,1","22000,1,9,N","010000,1,9,9","+0350,1","+0226,1","10072,1",,,,,,"02,1,+00800,1,06,1","99,9,+99999,9,00,1",,,"9,AGL   ,+99999,+99999","04,99,1,02,1,99,9,00800,1,99,9,99,9",,,"99999,9,10065,1","9,9,999,9,+011,1",,,"SYN05843278 32597 42303 10350 20226 30065 40072 82501 333 58011=",
"43278099999","2023-06-28T09:00:00","4","13.0666666","80.2","7.0","NUMGAMBAKKAM, IN","FM-12","99999","V020","140,1,N,0010,1","99999,9,9,N","010000,1,9,9","+0350,1","+0249,1","10055,1",,,,,,"03,1,+00800,1,06,1","99,9,+99999,9,03,1","99,9,+99999,9,00,1",,"9,AGL   ,+99999,+99999","05,99,1,03,1,99,9,00800,1,99,9,99,9",,,"99999,9,10048,1","9,9,999,9,+004,1",,,"SYN05843278 32597 51402 10350 20249 30048 40055 83531 333 58004=",
"43278099999","2023-06-28T12:00:00","4","13.0666666","80.2","7.0","NUMGAMBAKKAM, IN","FM-12","99999","V020","140,1,N,0021,1","99999,9,9,N","010000,1,9,9","+0316,1","+0248,1","10047,1",,,,,,"06,1,+00800,1,08,1","99,9,+99999,9,00,1",,,"9,AGL   ,+99999,+99999","07,99,1,06,1,99,9,00800,1,99,9,99,9",,,"99999,9,10040,1","9,9,999,9,+002,1",,,"SYN06443278 32597 71404 10316 20248 30040 40047 86802 333 10357 58002=",
"43278099999","2023-06-28T15:00:00","4","13.0666666","80.2","7.0","NUMGAMBAKKAM, IN","FM-12","99999","V020","200,1,N,0015,1","99999,9,9,N","010000,1,9,9","+0308,1","+0251,1","10057,1",,,,,,"03,1,+00800,1,06,1","99,9,+99999,9,03,1","99,9,+99999,9,00,1",,"9,AGL   ,+99999,+99999","06,99,1,03,1,99,9,00800,1,99,9,99,9",,,"99999,9,10050,1","9,9,999,9,-004,1",,,"SYN05843278 32597 62003 10308 20251 30050 40057 83571 333 59004=",
"43278099999","2023-06-29T00:00:00","4","13.0666666","80.2","7.0","NUMGAMBAKKAM, IN","FM-12","99999","V020","999,9,V,0005,1","22000,1,9,N","004000,1,9,9","+0295,1","+0248,1","10057,1",,,,,,"01,1,+00800,1,06,1","99,9,+99999,9,03,1","99,9,+99999,9,00,1",,"9,AGL   ,+99999,+99999","04,99,1,01,1,99,9,00800,1,99,9,99,9",,,"99999,9,10050,1","9,9,999,9,-004,1",,,"SYN05843278 32596 49901 10295 20248 30050 40057 81531 333 59004=",
"43278099999","2023-06-29T03:00:00","4","13.0666666","80.2","7.0","NUMGAMBAKKAM, IN","FM-12","99999","V020","230,1,N,0010,1","22000,1,9,N","010000,1,9,9","+0320,1","+0227,1","10078,1",,,,,,"01,1,+01750,1,03,1","99,9,+99999,9,00,1",,,"9,AGL   ,+99999,+99999","03,99,1,01,1,99,9,01750,1,99,9,99,9","240,M,+0357,1","240,N,+0295,1","99999,9,10071,1","9,9,999,9,+005,1",,,"SYN08043278 32797 32302 10320 20227 30071 40078 81031 333 10357 20295 58005 555 10211=",
"43278099999","2023-06-29T06:00:00","4","13.0666666","80.2","7.0","NUMGAMBAKKAM, IN","FM-12","99999","V020","270,1,N,0015,1","22000,1,9,N","010000,1,9,9","+0352,1","+0238,1","10071,1",,,,,,"01,1,+00800,1,06,1","99,9,+99999,9,00,1",,,"9,AGL   ,+99999,+99999","03,99,1,01,1,99,9,00800,1,99,9,99,9",,,"99999,9,10064,1","9,9,999,9,-001,1",,,"SYN05843278 32597 32703 10352 20238 30064 40071 81501 333 59001=",
"43278099999","2023-06-29T09:00:00","4","13.0666666","80.2","7.0","NUMGAMBAKKAM, IN","FM-12","99999","V020","270,1,N,0010,1","22000,1,9,N","010000,1,9,9","+0370,1","+0233,1","10055,1",,,,,,"02,1,+00800,1,06,1","99,9,+99999,9,00,1",,,"9,AGL   ,+99999,+99999","03,99,1,02,1,99,9,00800,1,99,9,99,9",,,"99999,9,10048,1","9,9,999,9,+000,1",,,"SYN05843278 32597 32702 10370 20233 30048 40055 82501 333 58000=",
"43278099999","2023-06-29T12:00:00","4","13.0666666","80.2","7.0","NUMGAMBAKKAM, IN","FM-12","99999","V020","160,1,N,0021,1","99999,9,9,N","010000,1,9,9","+0324,1","+0257,1","10047,1",,,,,,"05,1,+00800,1,06,1","99,9,+99999,9,00,1",,,"9,AGL   ,+99999,+99999","06,99,1,05,1,99,9,00800,1,99,9,99,9",,,"99999,9,10040,1","9,9,999,9,+000,1",,,"SYN06443278 32597 61604 10324 20257 30040 40047 85501 333 10379 58000=",
"43278099999","2023-06-29T15:00:00","4","13.0666666","80.2","7.0","NUMGAMBAKKAM, IN","FM-12","99999","V020","230,1,N,0015,1","22000,1,9,N","004000,1,9,9","+0308,1","+0266,1","10064,1",,,,,,"01,1,+00800,1,08,1","99,9,+99999,9,03,1","99,9,+99999,9,00,1",,"9,AGL   ,+99999,+99999","03,99,1,01,1,99,9,00800,1,99,9,99,9",,,"99999,9,10057,1","9,9,999,9,+007,1",,,"SYN05843278 32596 32303 10308 20266 30057 40064 81131 333 58007=",
"43278099999","2023-06-30T00:00:00","4","13.0666666","80.2","7.0","NUMGAMBAKKAM, IN","FM-12","99999","V020","270,1,N,0021,1","22000,1,9,9","010000,1,9,9","+0275,1","+0214,1","10074,1",,,,"0,1,99,9","0,1,99,9","02,1,+00600,1,06,1","99,9,+99999,9,03,1",,,"9,AGL   ,+99999,+99999","03,99,1,02,1,99,9,00600,1,99,9,99,9",,,"99999,9,10067,1","9,9,999,9,+017,1",,,"SYN004BUFR",
"43278099999","2023-06-30T03:00:00","4","13.0666666","80.2","7.0","NUMGAMBAKKAM, IN","FM-12","99999","V020","250,1,N,0021,1","22000,1,9,N","010000,1,9,9","+0318,1","+0228,1","10079,1","24,0000,9,1",,,,,"02,1,+00800,1,06,1","99,9,+99999,9,03,1",,,"9,AGL   ,+99999,+99999","04,99,1,02,1,99,9,00800,1,99,9,99,9","240,M,+0379,1","240,N,+0275,1","99999,9,10072,1","9,9,999,9,+001,1",,,"SYN08643278 22597 42504 10318 20228 30072 40079 82530 333 10379 20275 58001 6990/ 555 10211=","Q01  00002PRCP24"
"43278099999","2023-06-30T06:00:00","4","13.0666666","80.2","7.0","NUMGAMBAKKAM, IN","FM-12","99999","V020","250,1,N,0026,1","22000,1,9,N","010000,1,9,9","+0342,1","+0229,1","10075,1",,,,,,"01,1,+00800,1,06,1","99,9,+99999,9,03,1","99,9,+99999,9,00,1",,"9,AGL   ,+99999,+99999","03,99,1,01,1,99,9,00800,1,99,9,99,9",,,"99999,9,10068,1","9,9,999,9,+004,1",,,"SYN05843278 32597 32505 10342 20229 30068 40075 81431 333 58004=",
"43278099999","2023-06-30T09:00:00","4","13.0666666","80.2","7.0","NUMGAMBAKKAM, IN","FM-12","99999","V020","270,1,N,0010,1","99999,9,9,N","010000,1,9,9","+0368,1","+0241,1","10056,1",,,,,,"02,1,+00800,1,06,1","99,9,+99999,9,03,1","99,9,+99999,9,00,1",,"9,AGL   ,+99999,+99999","05,99,1,02,1,99,9,00800,1,99,9,99,9",,,"99999,9,10049,1","9,9,999,9,+001,1",,,"SYN05843278 32597 52702 10368 20241 30049 40056 82531 333 58001=",
"43278099999","2023-06-30T12:00:00","4","13.0666666","80.2","7.0","NUMGAMBAKKAM, IN","FM-12","99999","V020","180,1,N,0010,1","99999,9,9,N","010000,1,9,9","+0334,1","+0243,1","10045,1",,,,,,"03,1,+00800,1,06,1","99,9,+99999,9,03,1","99,9,+99999,9,00,1",,"9,AGL   ,+99999,+99999","05,99,1,03,1,99,9,00800,1,99,9,99,9",,,"99999,9,10038,1","9,9,999,9,-002,1",,,"SYN06443278 32597 51802 10334 20243 30038 40045 83531 333 10373 59002=",
"43278099999","2023-06-30T15:00:00","4","13.0666666","80.2","7.0","NUMGAMBAKKAM, IN","FM-12","99999","V020","230,1,N,0010,1","99999,9,9,N","004000,1,9,9","+0316,1","+0242,1","10062,1",,,,,,"02,1,+00800,1,06,1","99,9,+99999,9,03,1","99,9,+99999,9,00,1",,"9,AGL   ,+99999,+99999","06,99,1,02,1,99,9,00800,1,99,9,99,9",,,"99999,9,10055,1","9,9,999,9,-002,1",,,"SYN05843278 32596 62302 10316 20242 30055 40062 82571 333 59002=",
"43278099999","2023-07-01T00:00:00","4","13.0666666","80.2","7.0","NUMGAMBAKKAM, IN","FM-12","99999","V020","230,1,N,0010,1","99999,9,9,N","004000,1,9,9","+0294,1","+0245,1","10062,1",,,,,,"02,1,+00800,1,06,1","99,9,+99999,9,03,1","99,9,+99999,9,00,1",,"9,AGL   ,+99999,+99999","07,99,1,02,1,99,9,00800,1,99,9,99,9",,,"99999,9,10055,1","9,9,999,9,-012,1",,,"SYN05843278 32596 72302 10294 20245 30055 40062 82532 333 59012=",
"43278099999","2023-07-01T03:00:00","4","13.0666666","80.2","7.0","NUMGAMBAKKAM, IN","FM-12","99999","V020","230,1,N,0015,1","99999,9,9,N","010000,1,9,9","+0322,1","+0245,1","10079,1",,,,,,"02,1,+00800,1,06,1","99,9,+99999,9,03,1","99,9,+99999,9,00,1",,"9,AGL   ,+99999,+99999","06,99,1,02,1,99,9,00800,1,99,9,99,9","240,M,+0373,1","240,N,+0294,1","99999,9,10072,1","9,9,999,9,+000,1",,,"SYN08043278 32597 62303 10322 20245 30072 40079 82571 333 10373 20294 58000 555 10211=",
"43278099999","2023-07-01T06:00:00","4","13.0666666","80.2","7.0","NUMGAMBAKKAM, IN","FM-12","99999","V020","270,1,N,0010,1","99999,9,9,N","010000,1,9,9","+0336,1","+0229,1","10069,1",,,,,,"02,1,+00800,1,06,1","99,9,+99999,9,03,1","99,9,+99999,9,00,1",,"9,AGL   ,+99999,+99999","05,99,1,02,1,99,9,00800,1,99,9,99,9",,,"99999,9,10062,1","9,9,999,9,-006,1",,,"SYN05843278 32597 52702 10336 20229 30062 40069 82571 333 59006=",
"43278099999","2023-07-01T09:00:00","4","13.0666666","80.2","7.0","NUMGAMBAKKAM, IN","FM-12","99999","V020","230,1,N,0015,1","99999,9,9,N","010000,1,9,9","+0364,1","+0232,1","10045,1",,,,,,"02,1,+00800,1,06,1","99,9,+99999,9,03,1","99,9,+99999,9,00,1",,"9,AGL   ,+99999,+99999","07,99,1,02,1,99,9,00800,1,99,9,99,9",,,"99999,9,10038,1","9,9,999,9,-011,1",,,"SYN05843278 32597 72303 10364 20232 30038 40045 82572 333 59011=",
"43278099999","2023-07-01T12:00:00","4","13.0666666","80.2","7.0","NUMGAMBAKKAM, IN","FM-12","99999","V020","140,1,N,0010,1","99999,9,9,N","010000,1,9,9","+0336,1","+0245,1","10042,1",,,,,,"02,1,+00800,1,06,1","99,9,+99999,9,03,1","99,9,+99999,9,00,1",,"9,AGL   ,+99999,+99999","07,99,1,02,1,99,9,00800,1,99,9,99,9",,,"99999,9,10035,1","9,9,999,9,-003,1",,,"SYN06443278 32597 71402 10336 20245 30035 40042 82572 333 10369 59003=",
"43278099999","2023-07-01T15:00:00","4","13.0666666","80.2","7.0","NUMGAMBAKKAM, IN","FM-12","99999","V020","999,9,C,0000,1","22000,1,9,N","004000,1,9,9","+0318,1","+0253,1","10059,1",,,,,,"02,1,+00800,1,06,1","99,9,+99999,9,03,1","99,9,+99999,9,00,1",,"9,AGL   ,+99999,+99999","04,99,1,02,1,99,9,00800,1,99,9,99,9",,,"99999,9,10052,1","9,9,999,9,-003,1",,,"SYN05843278 32596 40000 10318 20253 30052 40059 82531 333 59003=",
"43278099999","2023-07-02T00:00:00","4","13.0666666","80.2","7.0","NUMGAMBAKKAM, IN","FM-12","99999","V020","250,1,N,0010,1","99999,9,9,N","004000,1,9,9","+0294,1","+0239,1","10049,1",,,,,,"08,1,+02250,1,03,1",,,,"9,AGL   ,+99999,+99999","08,99,1,08,1,99,9,02250,1,99,9,99,9",,,"99999,9,10042,1","9,9,999,9,-013,1",,,"SYN05843278 32896 82502 10294 20239 30042 40049 8807/ 333 59013=",
"43278099999","2023-07-02T03:00:00","4","13.0666666","80.2","7.0","NUMGAMBAKKAM, IN","FM-12","99999","V020","270,1,N,0010,1","99999,9,9,N","010000,1,9,9","+0300,1","+0243,1","10066,1","24,0000,2,1","2,1,02,1","2,1,02,1",,,"03,1,+00800,1,06,1","99,9,+99999,9,03,1",,,"9,AGL   ,+99999,+99999","08,99,1,03,1,99,9,00800,1,99,9,99,9","240,M,+0369,1","240,N,+0293,1","99999,9,10059,1","9,9,999,9,-013,1",,"50,1","SYN09243278 21597 82702 10300 20243 30059 40066 75022 8357/ 333 10369 20293 59013 6990/ 555 10211=",
"43278099999","2023-07-02T06:00:00","4","13.0666666","80.2","7.0","NUMGAMBAKKAM, IN","FM-12","99999","V020","999,9,C,0000,1","99999,9,9,N","010000,1,9,9","+0302,1","+0254,1","10071,1","03,0000,2,1","2,1,02,1","2,1,02,1",,,"02,1,+00800,1,06,1","99,9,+99999,9,03,1",,,"9,AGL   ,+99999,+99999","08,99,1,02,1,99,9,00800,1,99,9,99,9",,,"99999,9,10064,1","9,9,999,9,+002,1",,"50,1","SYN07043278 21597 80000 10302 20254 30064 40071 75022 8257/ 333 58002 6990/=",
"43278099999","2023-07-02T09:00:00","4","13.0666666","80.2","7.0","NUMGAMBAKKAM, IN","FM-12","99999","V020","250,1,N,0021,1","99999,9,9,N","010000,1,9,9","+0314,1","+0243,1","10056,1","06,0000,2,1","2,1,02,1","2,1,02,1",,,"06,1,+00800,1,07,1","99,9,+99999,9,04,1",,,"9,AGL   ,+99999,+99999","08,99,1,06,1,99,9,00800,1,99,9,99,9",,,"99999,9,10049,1","9,9,999,9,+011,1",,"02,1","SYN07043278 21597 82504 10314 20243 30049 40056 70222 8661/ 333 58011 6990/=",
"43278099999","2023-07-02T12:00:00","4","13.0666666","80.2","7.0","NUMGAMBAKKAM, IN","FM-12","99999","V020","180,1,N,0010,1","99999,9,9,N","010000,1,9,9","+0300,1","+0255,1","10048,1","09,0003,3,1","5,1,02,1","2,1,02,1",,,"06,1,+00800,1,07,1","99,9,+99999,9,04,1","99,9,+99999,9,02,1",,"9,AGL   ,+99999,+99999","08,99,1,06,1,99,9,00800,1,99,9,99,9",,,"99999,9,10041,1","9,9,999,9,+006,1",,"02,1","SYN07643278 21597 81802 10300 20255 30041 40048 70252 86617 333 10321 58006 6993/=",
"43278099999","2023-07-02T15:00:00","4","13.0666666","80.2","7.0","NUMGAMBAKKAM, IN","FM-12","99999","V020","180,1,N,0005,1","99999,9,9,N","004000,1,9,9","+0292,1","+0243,1","10056,1","12,0003,3,1",,,,,"04,1,+00800,1,07,1","99,9,+99999,9,03,1","99,9,+99999,9,00,1",,"9,AGL   ,+99999,+99999","07,99,1,04,1,99,9,00800,1,99,9,99,9",,,"99999,9,10049,1","9,9,999,9,-003,1",,,"SYN06443278 22596 71801 10292 20243 30049 40056 84641 333 59003 6993/=",
"43278099999","2023-07-03T00:00:00","4","13.0666666","80.2","7.0","NUMGAMBAKKAM, IN","FM-12","99999","V020","230,1,N,0010,1","99999,9,9,N","004000,1,9,9","+0270,1","+0247,1","10048,1","21,0010,3,1","6,1,02,1","5,1,02,1",,,"03,1,+00800,1,06,1","99,9,+99999,9,03,1","99,9,+99999,9,02,1",,"9,AGL   ,+99999,+99999","07,99,1,03,1,99,9,00800,1,99,9,99,9",,,"99999,9,10041,1","9,9,999,9,-001,1",,"50,1","SYN07043278 21596 72302 10270 20247 30041 40048 75065 83576 333 59001 6001/=",
"43278099999","2023-07-03T03:00:00","4","13.0666666","80.2","7.0","NUMGAMBAKKAM, IN","FM-12","99999","V020","250,1,N,0015,1","99999,9,9,N","004000,1,9,9","+0276,1","+0259,1","10059,1","24,0020,3,1","5,1,02,1","2,1,02,1",,,"04,1,+00800,1,07,1","99,9,+99999,9,05,1",,,"9,AGL   ,+99999,+99999","08,99,1,04,1,99,9,00800,1,99,9,99,9","240,M,+0321,1","240,N,+0262,1","99999,9,10052,1","9,9,999,9,-007,1",,"50,1","SYN09843278 21596 82503 10276 20259 30052 40059 75052 8462/ 333 10321 20262 59007 6002/ 555 00018 10213=",
"43278099999","2023-07-03T06:00:00","4","13.0666666","80.2","7.0","NUMGAMBAKKAM, IN","FM-12","99999","V020","250,1,N,0021,1","99999,9,9,N","010000,1,9,9","+0314,1","+0249,1","10054,1",,"5,1,02,1","2,1,02,1",,,"04,1,+01250,1,07,1","99,9,+99999,9,03,1",,,"9,AGL   ,+99999,+99999","08,99,1,04,1,99,9,01250,1,99,9,99,9",,,"99999,9,10047,1","9,9,999,9,-017,1",,"02,1","SYN06443278 31697 82504 10314 20249 30047 40054 70252 8466/ 333 59017=",
"43278099999","2023-07-03T09:00:00","4","13.0666666","80.2","7.0","NUMGAMBAKKAM, IN","FM-12","99999","V020","230,1,N,0005,1","99999,9,9,N","010000,1,9,9","+0316,1","+0232,1","10039,1","06,0000,2,1","2,1,02,1","2,1,02,1",,,"02,1,+00800,1,06,1","99,9,+99999,9,03,1","99,9,+99999,9,02,1",,"9,AGL   ,+99999,+99999","08,99,1,02,1,99,9,00800,1,99,9,99,9",,,"99999,9,10032,1","9,9,999,9,-017,1",,"52,1","SYN07043278 21597 82301 10316 20232 30032 40039 75222 82477 333 59017 6990/=",
"43278099999","2023-07-03T12:00:00","4","13.0666666","80.2","7.0","NUMGAMBAKKAM, IN","FM-12","99999","V020","140,1,N,0010,1","99999,9,9,N","004000,1,9,9","+0308,1","+0245,1","10027,1","09,0000,2,1","5,1,02,1","2,1,02,1",,,"03,1,+00800,1,06,1","99,9,+99999,9,03,1",,,"9,AGL   ,+99999,+99999","08,99,1,03,1,99,9,00800,1,99,9,99,9",,,"99999,9,10020,1","9,9,999,9,-021,1",,"02,1","SYN07643278 21596 81402 10308 20245 30020 40027 70252 8347/ 333 10329 59021 6990/=",
"43278099999","2023-07-03T15:00:00","4","13.0666666","80.2","7.0","NUMGAMBAKKAM, IN","FM-12","99999","V020","180,1,N,0010,1","99999,9,9,N","004000,1,9,9","+0298,1","+0247,1","10036,1","12,0000,2,1",,,,,"03,1,+00800,1,06,1","99,9,+99999,9,04,1","99,9,+99999,9,00,1",,"9,AGL   ,+99999,+99999","05,99,1,03,1,99,9,00800,1,99,9,99,9",,,"99999,9,10029,1","9,9,999,9,-020,1",,,"SYN06443278 22596 51802 10298 20247 30029 40036 83511 333 59020 6990/=",
"43278099999","2023-07-04T00:00:00","4","13.0666666","80.2","7.0","NUMGAMBAKKAM, IN","FM-12","99999","V020","999,9,V,0005,1","99999,9,9,N","004000,1,9,9","+0274,1","+0239,1","10041,1","21,0000,2,1",,,,,"03,1,+00800,1,06,1","99,9,+99999,9,03,1",,,"9,AGL   ,+99999,+99999","08,99,1,03,1,99,9,00800,1,99,9,99,9",,,"99999,9,10034,1","9,9,999,9,-007,1",,,"SYN06443278 22596 89901 10274 20239 30034 40041 8357/ 333 59007 6990/=",
"43278099999","2023-07-04T03:00:00","4","13.0666666","80.2","7.0","NUMGAMBAKKAM, IN","FM-12","99999","V020","270,1,N,0005,1","99999,9,9,N","010000,1,9,9","+0286,1","+0249,1","10040,1","24,0000,2,1",,,,,"02,1,+00800,1,06,1","99,9,+99999,9,03,1","99,9,+99999,9,02,1",,"9,AGL   ,+99999,+99999","08,99,1,02,1,99,9,00800,1,99,9,99,9","240,M,+0329,1","240,N,+0270,1","99999,9,10033,1","9,9,999,9,-019,1",,,"SYN08643278 22597 82701 10286 20249 30033 40040 82577 333 10329 20270 59019 6990/ 555 10213=",
"43278099999","2023-07-04T06:00:00","4","13.0666666","80.2","7.0","NUMGAMBAKKAM, IN","FM-12","99999","V020","230,1,N,0010,1","99999,9,9,N","010000,1,9,9","+0330,1","+0215,1","10036,1",,,,,,"02,1,+00800,1,06,1","99,9,+99999,9,03,1","99,9,+99999,9,00,1",,"9,AGL   ,+99999,+99999","06,99,1,02,1,99,9,00800,1,99,9,99,9",,,"99999,9,10029,1","9,9,999,9,-018,1",,,"SYN05843278 32597 62302 10330 20215 30029 40036 82532 333 59018=",
"43278099999","2023-07-04T09:00:00","4","13.0666666","80.2","7.0","NUMGAMBAKKAM, IN","FM-12","99999","V020","230,1,N,0010,1","99999,9,9,N","010000,1,9,9","+0340,1","+0240,1","10028,1",,,,,,"03,1,+00800,1,06,1","99,9,+99999,9,03,1","99,9,+99999,9,00,1",,"9,AGL   ,+99999,+99999","07,99,1,03,1,99,9,00800,1,99,9,99,9",,,"99999,9,10021,1","9,9,999,9,-011,1",,,"SYN05843278 32597 72302 10340 20240 30021 40028 83571 333 59011=",
"43278099999","2023-07-04T12:00:00","4","13.0666666","80.2","7.0","NUMGAMBAKKAM, IN","FM-12","99999","V020","140,1,N,0010,1","99999,9,9,N","010000,1,9,9","+0320,1","+0240,1","10020,1",,,,,,"03,1,+00800,1,06,1","99,9,+99999,9,03,1",,,"9,AGL   ,+99999,+99999","08,99,1,03,1,99,9,00800,1,99,9,99,9",,,"99999,9,10013,1","9,9,999,9,-007,1",,,"SYN06443278 32597 81402 10320 20240 30013 40020 8357/ 333 10343 59007=",
"43278099999","2023-07-04T15:00:00","4","13.0666666","80.2","7.0","NUMGAMBAKKAM, IN","FM-12","99999","V020","999,9,C,0000,1","99999,9,9,N","010000,1,9,9","+0302,1","+0257,1","10029,1",,,,,,"02,1,+00800,1,06,1","99,9,+99999,9,03,1","99,9,+99999,9,00,1",,"9,AGL   ,+99999,+99999","05,99,1,02,1,99,9,00800,1,99,9,99,9",,,"99999,9,10022,1","9,9,999,9,-007,1",,,"SYN05843278 32597 50000 10302 20257 30022 40029 82531 333 59007=",
"43278099999","2023-07-05T00:00:00","4","13.0666666","80.2","7.0","NUMGAMBAKKAM, IN","FM-12","99999","V020","230,1,N,0010,1","99999,9,9,N","004000,1,9,9","+0280,1","+0227,1","10015,1",,,,,,"02,1,+00800,1,06,1","99,9,+99999,9,03,1","99,9,+99999,9,00,1",,"9,AGL   ,+99999,+99999","07,99,1,02,1,99,9,00800,1,99,9,99,9",,,"99999,9,10008,1","9,9,999,9,-026,1",,,"SYN05843278 32596 72302 10280 20227 30008 40015 82532 333 59026=",
"43278099999","2023-07-05T03:00:00","4","13.0666666","80.2","7.0","NUMGAMBAKKAM, IN","FM-12","99999","V020","230,1,N,0015,1","99999,9,9,N","010000,1,9,9","+0310,1","+0229,1","10026,1",,,,,,"02,1,+00800,1,06,1","99,9,+99999,9,03,1","99,9,+99999,9,00,1",,"9,AGL   ,+99999,+99999","05,99,1,02,1,99,9,00800,1,99,9,99,9","240,M,+0343,1","240,N,+0276,1","99999,9,10019,1","9,9,999,9,-014,1",,,"SYN08043278 32597 52303 10310 20229 30019 40026 82571 333 10343 20276 59014 555 10213=",
"43278099999","2023-07-05T06:00:00","4","13.0666666","80.2","7.0","NUMGAMBAKKAM, IN","FM-12","99999","V020","320,1,N,0015,1","99999,9,9,N","010000,1,9,9","+0328,1","+0226,1","10027,1",,,,,,"02,1,+00800,1,06,1","99,9,+99999,9,03,1","99,9,+99999,9,00,1",,"9,AGL   ,+99999,+99999","06,99,1,02,1,99,9,00800,1,99,9,99,9",,,"99999,9,10020,1","9,9,999,9,-009,1",,,"SYN05843278 32597 63203 10328 20226 30020 40027 82571 333 59009=",
"43278099999","2023-07-05T09:00:00","4","13.0666666","80.2","7.0","NUMGAMBAKKAM, IN","FM-12","99999","V020","230,1,N,0010,1","99999,9,9,N","004000,1,9,9","+0334,1","+0233,1","10010,1",,,,,,"04,1,+00800,1,06,1","99,9,+99999,9,03,1",,,"9,AGL   ,+99999,+99999","08,99,1,04,1,99,9,00800,1,99,9,99,9",,,"99999,9,10003,1","9,9,999,9,-018,1",,,"SYN05843278 32596 82302 10334 20233 30003 40010 8457/ 333 59018=",
"43278099999","2023-07-05T12:00:00","4","13.0666666","80.2","7.0","NUMGAMBAKKAM, IN","FM-12","99999","V020","230,1,N,0010,1","99999,9,9,N","010000,1,9,9","+0334,1","+0227,1","10003,1",,,,,,"02,1,+00800,1,06,1","99,9,+99999,9,03,1","99,9,+99999,9,02,1",,"9,AGL   ,+99999,+99999","08,99,1,02,1,99,9,00800,1,99,9,99,9",,,"99999,9,09996,1","9,9,999,9,-017,1",,,"SYN06443278 32597 82302 10334 20227 39996 40003 82538 333 10347 59017=",
"43278099999","2023-07-05T15:00:00","4","13.0666666","80.2","7.0","NUMGAMBAKKAM, IN","FM-12","99999","V020","230,1,N,0010,1","99999,9,9,N","004000,1,9,9","+0320,1","+0224,1","10014,1",,,,,,"02,1,+00800,1,06,1","99,9,+99999,9,03,1","99,9,+99999,9,00,1",,"9,AGL   ,+99999,+99999","06,99,1,02,1,99,9,00800,1,99,9,99,9",,,"99999,9,10007,1","9,9,999,9,-015,1",,,"SYN05843278 32596 62302 10320 20224 30007 40014 82531 333 59015=",
"43278099999","2023-07-06T00:00:00","4","13.0666666","80.2","7.0","NUMGAMBAKKAM, IN","FM-12","99999","V020","230,1,N,0021,1","99999,9,9,N","004000,1,9,9","+0294,1","+0210,1","10027,1",,,,,,"03,1,+00800,1,06,1","99,9,+99999,9,03,1",,,"9,AGL   ,+99999,+99999","07,99,1,03,1,99,9,00800,1,99,9,99,9",,,"99999,9,10020,1","9,9,999,9,+012,1",,,"SYN05843278 32596 72304 10294 20210 30020 40027 83570 333 58012=",
"43278099999","2023-07-06T03:00:00","4","13.0666666","80.2","7.0","NUMGAMBAKKAM, IN","FM-12","99999","V020","250,1,N,0021,1","99999,9,9,N","010000,1,9,9","+0302,1","+0223,1","10049,1",,,,,,"04,1,+00800,1,08,1","99,9,+99999,9,03,1","99,9,+99999,9,00,1",,"9,AGL   ,+99999,+99999","08,99,1,04,1,99,9,00800,1,99,9,99,9","240,M,+0347,1","240,N,+0290,1","99999,9,10042,1",,,,"SYN07443278 32597 82504 10302 20223 30042 40049 84841 333 10347 20290 555 10213=",
"43278099999","2023-07-06T06:00:00","4","13.0666666","80.2","7.0","NUMGAMBAKKAM, IN","FM-12","99999","V020","290,1,N,0015,1","99999,9,9,N","010000,1,9,9","+0320,1","+0230,1","10055,1",,,,,,"01,1,+00800,1,08,1","99,9,+99999,9,04,1",,,"9,AGL   ,+99999,+99999","08,99,1,01,1,99,9,00800,1,99,9,99,9",,,"99999,9,10048,1","9,9,999,9,+028,1",,,"SYN05843278 32597 82903 10320 20230 30048 40055 8111/ 333 58028=",
"43278099999","2023-07-06T09:00:00","4","13.0666666","80.2","7.0","NUMGAMBAKKAM, IN","FM-12","99999","V020","230,1,N,0015,1","99999,9,9,N","010000,1,9,9","+0340,1","+0230,1","10033,1",,,,,,"03,1,+00800,1,06,1","99,9,+99999,9,03,1","99,9,+99999,9,00,1",,"9,AGL   ,+99999,+99999","07,99,1,03,1,99,9,00800,1,99,9,99,9",,,"99999,9,10026,1","9,9,999,9,+023,1",,,"SYN05843278 32597 72303 10340 20230 30026 40033 83432 333 58023=",
"43278099999","2023-07-06T12:00:00","4","13.0666666","80.2","7.0","NUMGAMBAKKAM, IN","FM-12","99999","V020","270,1,N,0010,1","99999,9,9,N","010000,1,9,9","+0342,1","+0229,1","10027,1",,,,,,"03,1,+00800,1,06,1","99,9,+99999,9,03,1","99,9,+99999,9,00,1",,"9,AGL   ,+99999,+99999","07,99,1,03,1,99,9,00800,1,99,9,99,9","240,M,+0351,1",,"99999,9,10020,1","9,9,999,9,+024,1",,,"SYN06443278 32597 72702 10342 20229 30020 40027 83432 333 10351 58024=",
"43278099999","2023-07-06T15:00:00","4","13.0666666","80.2","7.0","NUMGAMBAKKAM, IN","FM-12","99999","V020","230,1,N,0010,1","99999,9,9,N","010000,1,9,9","+0322,1","+0216,1","10049,1",,,,,,"02,1,+00800,1,06,1","99,9,+99999,9,03,1","99,9,+99999,9,00,1",,"9,AGL   ,+99999,+99999","06,99,1,02,1,99,9,00800,1,99,9,99,9",,,"99999,9,10042,1","9,9,999,9,+035,1",,,"SYN05843278 32597 62302 10322 20216 30042 40049 82572 333 58035=",
"43278099999","2023-07-07T00:00:00","4","13.0666666","80.2","7.0","NUMGAMBAKKAM, IN","FM-12","99999","V020","270,1,N,0015,1","99999,9,9,N","004000,1,9,9","+0300,1","+0220,1","10063,1",,,,,,"02,1,+00800,1,06,1","99,9,+99999,9,03,1","99,9,+99999,9,00,1",,"9,AGL   ,+99999,+99999","06,99,1,02,1,99,9,00800,1,99,9,99,9",,,"99999,9,10056,1","9,9,999,9,+036,1",,,"SYN05843278 32596 62703 10300 20220 30056 40063 82531 333 58036=",
"43278099999","2023-07-07T03:00:00","4","13.0666666","80.2","7.0","NUMGAMBAKKAM, IN","FM-12","99999","V020","250,1,N,0010,1","99999,9,9,N","010000,1,9,9","+0320,1","+0227,1","10083,1",,,,,,"01,1,+00800,1,06,1","99,9,+99999,9,05,1","99,9,+99999,9,01,1",,"9,AGL   ,+99999,+99999","06,99,1,01,1,99,9,00800,1,99,9,99,9","240,M,+0351,1","240,N,+0290,1","99999,9,10076,1","9,9,999,9,+034,1",,,"SYN08043278 32597 62502 10320 20227 30076 40083 81529 333 10351 20290 58034 555 10213=",
"43278099999","2023-07-07T06:00:00","4","13.0666666","80.2","7.0","NUMGAMBAKKAM, IN","FM-12","99999","V020","230,1,N,0021,1","99999,9,9,N","010000,1,9,9","+0350,1","+0208,1","10079,1",,,,,,"02,1,+00800,1,08,1","99,9,+99999,9,03,1","99,9,+99999,9,01,1",,"9,AGL   ,+99999,+99999","05,99,1,02,1,99,9,00800,1,99,9,99,9",,,"99999,9,10072,1","9,9,999,9,+024,1",,,"SYN05843278 32597 52304 10350 20208 30072 40079 82839 333 58024=",
"43278099999","2023-07-07T09:00:00","4","13.0666666","80.2","7.0","NUMGAMBAKKAM, IN","FM-12","99999","V020","230,1,N,0015,1","99999,9,9,N","010000,1,9,9","+0354,1","+0227,1","10058,1",,,,,,"03,1,+00800,1,06,1","99,9,+99999,9,00,1",,,"9,AGL   ,+99999,+99999","05,99,1,03,1,99,9,00800,1,99,9,99,9",,,"99999,9,10051,1","9,9,999,9,+025,1",,,"SYN05843278 32597 52303 10354 20227 30051 40058 83501 333 58025=",
"43278099999","2023-07-07T12:00:00","4","13.0666666","80.2","7.0","NUMGAMBAKKAM, IN","FM-12","99999","V020","230,1,N,0010,1","99999,9,9,N","010000,1,9,9","+0352,1","+0214,1","10042,1",,,,,,"03,1,+00800,1,06,1","99,9,+99999,9,04,1","99,9,+99999,9,00,1",,"9,AGL   ,+99999,+99999","06,99,1,03,1,99,9,00800,1,99,9,99,9",,,"99999,9,10035,1","9,9,999,9,+015,1",,,"SYN06443278 32597 62302 10352 20214 30035 40042 83511 333 10371 58015=",
"43278099999","2023-07-07T15:00:00","4","13.0666666","80.2","7.0","NUMGAMBAKKAM, IN","FM-12","99999","V020","230,1,N,0010,1","22000,1,9,N","004000,1,9,9","+0312,1","+0247,1","10064,1",,,,,,"02,1,+00800,1,06,1","99,9,+99999,9,03,1","99,9,+99999,9,00,1",,"9,AGL   ,+99999,+99999","04,99,1,02,1,99,9,00800,1,99,9,99,9",,,"99999,9,10057,1","9,9,999,9,+015,1",,,"SYN05843278 32596 42302 10312 20247 30057 40064 82531 333 58015=",
"43278099999","2023-07-08T00:00:00","4","13.0666666","80.2","7.0","NUMGAMBAKKAM, IN","FM-12","99999","V020","999,9,C,0000,1","99999,9,9,N","004000,1,9,9","+0297,1","+0232,1","10075,1",,,,,,"05,1,+00800,1,06,1","99,9,+99999,9,05,1",,,"9,AGL   ,+99999,+99999","08,99,1,05,1,99,9,00800,1,99,9,99,9",,,"99999,9,10068,1","9,9,999,9,+012,1",,,"SYN05843278 32596 80000 10297 20232 30068 40075 8552/ 333 58012=",
"43278099999","2023-07-08T03:00:00","4","13.0666666","80.2","7.0","NUMGAMBAKKAM, IN","FM-12","99999","V020","230,1,N,0010,1","99999,9,9,N","010000,1,9,9","+0318,1","+0247,1","10090,1",,,,,,"02,1,+00800,1,06,1","99,9,+99999,9,03,1","99,9,+99999,9,00,1",,"9,AGL   ,+99999,+99999","07,99,1,02,1,99,9,00800,1,99,9,99,9","240,M,+0371,1","240,N,+0294,1","99999,9,10083,1","9,9,999,9,+007,1",,,"SYN08043278 32597 72302 10318 20247 30083 40090 82532 333 10371 20294 58007 555 10213=",
"43278099999","2023-07-08T06:00:00","4","13.0666666","80.2","7.0","NUMGAMBAKKAM, IN","FM-12","99999","V020","270,1,N,0010,1","99999,9,9,N","010000,1,9,9","+0342,1","+0249,1","10082,1",,,,,,"02,1,+00800,1,06,1","99,9,+99999,9,03,1","99,9,+99999,9,00,1",,"9,AGL   ,+99999,+99999","06,99,1,02,1,99,9,00800,1,99,9,99,9",,,"99999,9,10075,1","9,9,999,9,+003,1",,,"SYN05843278 32597 62702 10342 20249 30075 40082 82531 333 58003=",
"43278099999","2023-07-08T09:00:00","4","13.0666666","80.2","7.0","NUMGAMBAKKAM, IN","FM-12","99999","V020","230,1,N,0010,1","99999,9,9,N","010000,1,9,9","+0346,1","+0238,1","10064,1",,,,,,"02,1,+00800,1,06,1","99,9,+99999,9,03,1","99,9,+99999,9,00,1",,"9,AGL   ,+99999,+99999","06,99,1,02,1,99,9,00800,1,99,9,99,9",,,"99999,9,10057,1","9,9,999,9,+006,1",,,"SYN05843278 32597 62302 10346 20238 30057 40064 82571 333 58006=",
"43278099999","2023-07-08T12:00:00","4","13.0666666","80.2","7.0","NUMGAMBAKKAM, IN","FM-12","99999","V020","999,9,C,0000,1","99999,9,9,N","010000,1,9,9","+0334,1","+0237,1","10063,1",,,,,,"02,1,+00800,1,06,1","99,9,+99999,9,03,1","99,9,+99999,9,00,1",,"9,AGL   ,+99999,+99999","06,99,1,02,1,99,9,00800,1,99,9,99,9",,,"99999,9,10056,1","9,9,999,9,+021,1",,,"SYN06443278 32597 60000 10334 20237 30056 40063 82571 333 10363 58021=",
"43278099999","2023-07-08T15:00:00","4","13.0666666","80.2","7.0","NUMGAMBAKKAM, IN","FM-12","99999","V020","270,1,N,0010,1","99999,9,9,N","004000,1,9,9","+0314,1","+0227,1","10078,1",,,,,,"02,1,+00800,1,06,1","99,9,+99999,9,03,1","99,9,+99999,9,00,1",,"9,AGL   ,+99999,+99999","06,99,1,02,1,99,9,00800,1,99,9,99,9",,,"99999,9,10071,1","9,9,999,9,+014,1",,,"SYN05843278 32596 62702 10314 20227 30071 40078 82571 333 58014=",
"43278099999","2023-07-09T00:00:00","4","13.0666666","80.2","7.0","NUMGAMBAKKAM, IN","FM-12","99999","V020","270,1,N,0015,1","99999,9,9,N","004000,1,9,9","+0294,1","+0230,1","10070,1",,,,,,"03,1,+00800,1,06,1","99,9,+99999,9,03,1",,,"9,AGL   ,+99999,+99999","07,99,1,03,1,99,9,00800,1,99,9,99,9",,,"99999,9,10063,1","9,9,999,9,-005,1",,,"SYN05843278 32596 72703 10294 20230 30063 40070 8355/ 333 59005=",
"43278099999","2023-07-09T03:00:00","4","13.0666666","80.2","7.0","NUMGAMBAKKAM, IN","FM-12","99999","V020","270,1,N,0010,1","22000,1,9,N","010000,1,9,9","+0316,1","+0226,1","10081,1",,,,,,"01,1,+00800,1,06,1","99,9,+99999,9,03,1","99,9,+99999,9,00,1",,"9,AGL   ,+99999,+99999","04,99,1,01,1,99,9,00800,1,99,9,99,9","240,M,+0363,1","240,N,+0292,1","99999,9,10074,1","9,9,999,9,-009,1",,,"SYN08043278 32597 42702 10316 20226 30074 40081 81571 333 10363 20292 59009 555 10213=",
"43278099999","2023-07-09T06:00:00","4","13.0666666","80.2","7.0","NUMGAMBAKKAM, IN","FM-12","99999","V020","270,1,N,0010,1","22000,1,9,N","010000,1,9,9","+0352,1","+0235,1","10072,1",,,,,,"01,1,+00800,1,06,1","99,9,+99999,9,03,1","99,9,+99999,9,00,1",,"9,AGL   ,+99999,+99999","04,99,1,01,1,99,9,00800,1,99,9,99,9",,,"99999,9,10065,1","9,9,999,9,-010,1",,,"SYN05843278 32597 42702 10352 20235 30065 40072 81531 333 59010=",
"43278099999","2023-07-09T09:00:00","4","13.0666666","80.2","7.0","NUMGAMBAKKAM, IN","FM-12","99999","V020","230,1,N,0010,1","22000,1,9,N","010000,1,9,9","+0368,1","+0237,1","10052,1",,,,,,"03,1,+00800,1,06,1","99,9,+99999,9,00,1",,,"9,AGL   ,+99999,+99999","04,99,1,03,1,99,9,00800,1,99,9,99,9",,,"99999,9,10045,1","9,9,999,9,-012,1",,,"SYN05843278 32597 42302 10368 20237 30045 40052 83401 333 59012=",
"43278099999","2023-07-09T12:00:00","4","13.0666666","80.2","7.0","NUMGAMBAKKAM, IN","FM-12","99999","V020","140,1,N,0010,1","99999,9,9,N","010000,1,9,9","+0320,1","+0264,1","10047,1",,,,,,"04,1,+00800,1,06,1","99,9,+99999,9,00,1",,,"9,AGL   ,+99999,+99999","06,99,1,04,1,99,9,00800,1,99,9,99,9",,,"99999,9,10040,1","9,9,999,9,-016,1",,,"SYN06443278 32597 61402 10320 20264 30040 40047 84401 333 10374 59016=",
"43278099999","2023-07-09T15:00:00","4","13.0666666","80.2","7.0","NUMGAMBAKKAM, IN","FM-12","99999","V020","999,9,C,0000,1","99999,9,9,N","004000,1,9,9","+0270,1","+0238,1","10064,1","12,0050,3,1","9,1,02,1","6,1,02,1",,,"02,1,+00800,1,09,1","99,9,+99999,9,05,1",,,"9,AGL   ,+99999,+99999","08,99,1,02,1,99,9,00800,1,99,9,99,9",,,"99999,9,10057,1","9,9,999,9,-014,1",,"95,1","SYN07043278 21596 80000 10270 20238 30057 40064 79596 8292/ 333 59014 6005/=",
"43278099999","2023-07-10T00:00:00","4","13.0666666","80.2","7.0","NUMGAMBAKKAM, IN","FM-12","99999","V020","250,1,N,0010,1","99999,9,9,N","004000,1,9,9","+0268,1","+0251,1","10057,1","21,0120,3,1","9,1,02,1","6,1,02,1",,,"01,1,+00800,1,06,1","99,9,+99999,9,03,1","99,9,+99999,9,02,1",,"9,AGL   ,+99999,+99999","05,99,1,01,1,99,9,00800,1,99,9,99,9",,,"99999,9,10050,1","9,9,999,9,-013,1",,"01,1","SYN07043278 21596 52502 10268 20251 30050 40057 70196 81538 333 59013 6012/=",
"43278099999","2023-07-10T03:00:00","4","13.0666666","80.2","7.0","NUMGAMBAKKAM, IN","FM-12","99999","V020","230,1,N,0010,1","22000,1,9,N","010000,1,9,9","+0298,1","+0259,1","10073,1","24,0120,3,1",,,,,"01,1,+00800,1,06,1","99,9,+99999,9,04,1","99,9,+99999,9,01,1",,"9,AGL   ,+99999,+99999","04,99,1,01,1,99,9,00800,1,99,9,99,9","240,M,+0374,1","240,N,+0256,1","99999,9,10066,1","9,9,999,9,-008,1",,,"SYN09243278 22597 42302 10298 20259 30066 40073 81519 333 10374 20256 59008 6012/ 555 00120 10225=",
"43278099999","2023-07-10T06:00:00","4","13.0666666","80.2","7.0","NUMGAMBAKKAM, IN","FM-12","99999","V020","250,1,N,0015,1","99999,9,9,N","010000,1,9,9","+0340,1","+0247,1","10064,1",,,,,,"01,1,+00800,1,06,1","99,9,+99999,9,04,1","99,9,+99999,9,02,1",,"9,AGL   ,+99999,+99999","06,99,1,01,1,99,9,00800,1,99,9,99,9",,,"99999,9,10057,1","9,9,999,9,-008,1",,,"SYN05843278 32597 62503 10340 20247 30057 40064 81515 333 59008=",
"43278099999","2023-07-10T09:00:00","4","13.0666666","80.2","7.0","NUMGAMBAKKAM, IN","FM-12","99999","V020","999,9,C,0000,1","99999,9,9,N","004000,1,9,9","+0302,1","+0248,1","10052,1",,,,,,"04,1,+00800,1,07,1","99,9,+99999,9,05,1",,,"9,AGL   ,+99999,+99999","08,99,1,04,1,99,9,00800,1,99,9,99,9",,,"99999,9,10045,1","9,9,999,9,+000,1",,,"SYN05843278 32596 80000 10302 20248 30045 40052 8472/ 333 58000=",
"43278099999","2023-07-10T12:00:00","4","13.0666666","80.2","7.0","NUMGAMBAKKAM, IN","FM-12","99999","V020","999,9,C,0000,1","99999,9,9,N","004000,1,9,9","+0296,1","+0257,1","10053,1",,,,,,"04,1,+00800,1,06,1","99,9,+99999,9,05,1",,,"9,AGL   ,+99999,+99999","08,99,1,04,1,99,9,00800,1,99,9,99,9",,,"99999,9,10046,1","9,9,999,9,+006,1",,,"SYN06443278 32596 80000 10296 20257 30046 40053 8442/ 333 10341 58006=",
"43278099999","2023-07-10T15:00:00","4","13.0666666","80.2","7.0","NUMGAMBAKKAM, IN","FM-12","99999","V020","180,1,N,0010,1","99999,9,9,N","004000,1,9,9","+0278,1","+0234,1","10068,1",,,,,,"03,1,+00800,1,06,1","99,9,+99999,9,03,1","99,9,+99999,9,00,1",,"9,AGL   ,+99999,+99999","06,99,1,03,1,99,9,00800,1,99,9,99,9",,,"99999,9,10061,1","9,9,999,9,+004,1",,,"SYN05843278 32596 61802 10278 20234 30061 40068 83472 333 58004=",
"43278099999","2023-07-11T00:00:00","4","13.0666666","80.2","7.0","NUMGAMBAKKAM, IN","FM-12","99999","V020","230,1,N,0021,1","99999,9,9,N","004000,1,9,9","+0266,1","+0237,1","10058,1",,,,,,"04,1,+00800,1,06,1","99,9,+99999,9,03,1",,,"9,AGL   ,+99999,+99999","08,99,1,04,1,99,9,00800,1,99,9,99,9",,,"99999,9,10051,1","9,9,999,9,+001,1",,,"SYN05843278 32596 82304 10266 20237 30051 40058 8457/ 333 58001=",
"43278099999","2023-07-11T03:00:00","4","13.0666666","80.2","7.0","NUMGAMBAKKAM, IN","FM-12","99999","V020","999,9,C,0000,1","99999,9,9,N","010000,1,9,9","+0276,1","+0241,1","10067,1",,,,,,"02,1,+00800,1,06,1","99,9,+99999,9,03,1",,,"9,AGL   ,+99999,+99999","08,99,1,02,1,99,9,00800,1,99,9,99,9","240,M,+0341,1","240,N,+0263,1","99999,9,10060,1","9,9,999,9,-006,1",,,"SYN08043278 32597 80000 10276 20241 30060 40067 8257/ 333 10341 20263 59006 555 10225=",
"43278099999","2023-07-11T06:00:00","4","13.0666666","80.2","7.0","NUMGAMBAKKAM, IN","FM-12","99999","V020","230,1,N,0015,1","99999,9,9,N","010000,1,9,9","+0326,1","+0259,1","10066,1","03,0000,2,1","2,1,02,1","2,1,02,1",,,"02,1,+00800,1,06,1","99,9,+99999,9,03,1","99,9,+99999,9,00,1",,"9,AGL   ,+99999,+99999","07,99,1,02,1,99,9,00800,1,99,9,99,9",,,"99999,9,10059,1","9,9,999,9,+002,1",,"20,1","SYN07043278 21597 72303 10326 20259 30059 40066 72022 82571 333 58002 6990/=",
"43278099999","2023-07-11T09:00:00","4","13.0666666","80.2","7.0","NUMGAMBAKKAM, IN","FM-12","99999","V020","230,1,N,0010,1","99999,9,9,N","010000,1,9,9","+0340,1","+0224,1","10043,1","06,0000,2,1",,,,,"03,1,+00800,1,06,1","99,9,+99999,9,04,1","99,9,+99999,9,02,1",,"9,AGL   ,+99999,+99999","08,99,1,03,1,99,9,00800,1,99,9,99,9",,,"99999,9,10036,1","9,9,999,9,+009,1",,,"SYN06443278 22597 82302 10340 20224 30036 40043 83417 333 58009 6990/=",
"43278099999","2023-07-11T12:00:00","4","13.0666666","80.2","7.0","NUMGAMBAKKAM, IN","FM-12","99999","V020","140,1,N,0010,1","99999,9,9,N","004000,1,9,9","+0310,1","+0260,1","10042,1","09,0000,2,1",,,,,"03,1,+00800,1,06,1","99,9,+99999,9,04,1","99,9,+99999,9,02,1",,"9,AGL   ,+99999,+99999","08,99,1,03,1,99,9,00800,1,99,9,99,9",,,"99999,9,10035,1","9,9,999,9,-011,1",,,"SYN07043278 22596 81402 10310 20260 30035 40042 83417 333 10349 59011 6990/=",
"43278099999","2023-07-11T15:00:00","4","13.0666666","80.2","7.0","NUMGAMBAKKAM, IN","FM-12","99999","V020","140,1,N,0010,1","22000,1,9,N","004000,1,9,9","+0296,1","+0259,1","10053,1","12,0000,2,1",,,,,"02,1,+00800,1,06,1","99,9,+99999,9,00,1",,,"9,AGL   ,+99999,+99999","04,99,1,02,1,99,9,00800,1,99,9,99,9",,,"99999,9,10046,1","9,9,999,9,-015,1",,,"SYN06443278 22596 41402 10296 20259 30046 40053 82501 333 59015 6990/=",
"43278099999","2023-07-12T00:00:00","4","13.0666666","80.2","7.0","NUMGAMBAKKAM, IN","FM-12","99999","V020","200,1,N,0015,1","99999,9,9,N","004000,1,9,9","+0268,1","+0224,1","10056,1","21,0000,2,1",,,,,"03,1,+00800,1,06,1","99,9,+99999,9,05,1",,,"9,AGL   ,+99999,+99999","08,99,1,03,1,99,9,00800,1,99,9,99,9",,,"99999,9,10049,1","9,9,999,9,-002,1",,,"SYN06443278 22596 82003 10268 20224 30049 40056 8352/ 333 59002 6990/=",
"43278099999","2023-07-12T03:00:00","4","13.0666666","80.2","7.0","NUMGAMBAKKAM, IN","FM-12","99999","V020","230,1,N,0010,1","99999,9,9,N","010000,1,9,9","+0280,1","+0233,1","10066,1","24,0000,2,1",,,,,"02,1,+00800,1,06,1","99,9,+99999,9,03,1",,,"9,AGL   ,+99999,+99999","08,99,1,02,1,99,9,00800,1,99,9,99,9","240,M,+0349,1","240,N,+0268,1","99999,9,10059,1","9,9,999,9,-001,1",,,"SYN08643278 22597 82302 10280 20233 30059 40066 8257/ 333 10349 20268 59001 6990/ 555 10225=",
"43278099999","2023-07-12T06:00:00","4","13.0666666","80.2","7.0","NUMGAMBAKKAM, IN","FM-12","99999","V020","270,1,N,0010,1","99999,9,9,N","010000,1,9,9","+0318,1","+0241,1","10065,1",,,,,,"02,1,+00800,1,06,1","99,9,+99999,9,03,1",,,"9,AGL   ,+99999,+99999","08,99,1,02,1,99,9,00800,1,99,9,99,9",,,"99999,9,10058,1","9,9,999,9,-001,1",,,"SYN05843278 32597 82702 10318 20241 30058 40065 8257/ 333 59001=",
"43278099999","2023-07-12T09:00:00","4","13.0666666","80.2","7.0","NUMGAMBAKKAM, IN","FM-12","99999","V020","160,1,N,0005,1","99999,9,9,N","004000,1,9,9","+0338,1","+0241,1","10042,1",,,,,,"03,1,+00800,1,06,1","99,9,+99999,9,04,1",,,"9,AGL   ,+99999,+99999","06,99,1,03,1,99,9,00800,1,99,9,99,9",,,"99999,9,10035,1","9,9,999,9,-001,1",,,"SYN05843278 32596 61601 10338 20241 30035 40042 8351/ 333 59001=",
"43278099999","2023-07-12T12:00:00","4","13.0666666","80.2","7.0","NUMGAMBAKKAM, IN","FM-12","99999","V020","160,1,N,0015,1","99999,9,9,N","004000,1,9,9","+0314,1","+0253,1","10045,1",,,,,,"03,1,+00800,1,06,1","99,9,+99999,9,05,1",,,"9,AGL   ,+99999,+99999","08,99,1,03,1,99,9,00800,1,99,9,99,9",,,"99999,9,10038,1","9,9,999,9,+003,1",,,"SYN06443278 32596 81603 10314 20253 30038 40045 8352/ 333 10342 58003=",
"43278099999","2023-07-12T15:00:00","4","13.0666666","80.2","7.0","NUMGAMBAKKAM, IN","FM-12","99999","V020","230,1,N,0005,1","99999,9,9,N","004000,1,9,9","+0298,1","+0264,1","10053,1",,,,,,"02,1,+00800,1,06,1","99,9,+99999,9,05,1",,,"9,AGL   ,+99999,+99999","06,99,1,02,1,99,9,00800,1,99,9,99,9",,,"99999,9,10046,1","9,9,999,9,+000,1",,,"SYN05843278 32596 62301 10298 20264 30046 40053 8252/ 333 58000=",
"43278099999","2023-07-13T00:00:00","4","13.0666666","80.2","7.0","NUMGAMBAKKAM, IN","FM-12","99999","V020","180,1,N,0010,1","99999,9,9,N","004000,1,9,9","+0246,1","+0243,1","10058,1","21,0080,3,1","9,1,02,1","6,1,02,1",,,"04,1,+00800,1,06,1","99,9,+99999,9,05,1",,,"9,AGL   ,+99999,+99999","08,99,1,04,1,99,9,00800,1,99,9,99,9",,,"99999,9,10051,1","9,9,999,9,+002,1",,"61,1","SYN07043278 21596 81802 10246 20243 30051 40058 76196 8452/ 333 58002 6008/=",
"43278099999","2023-07-13T03:00:00","4","13.0666666","80.2","7.0","NUMGAMBAKKAM, IN","FM-12","99999","V020","999,9,C,0000,1","99999,9,9,N","010000,1,9,9","+0272,1","+0252,1","10071,1","24,0090,3,1","6,1,02,1","2,1,02,1",,,"03,1,+00800,1,06,1","99,9,+99999,9,03,1","99,9,+99999,9,00,1",,"9,AGL   ,+99999,+99999","07,99,1,03,1,99,9,00800,1,99,9,99,9","240,M,+0342,1","240,N,+0246,1","99999,9,10064,1","9,9,999,9,+005,1",,"02,1","SYN09843278 21597 70000 10272 20252 30064 40071 70262 83472 333 10342 20246 58005 6009/ 555 00085 10234=",
"43278099999","2023-07-13T06:00:00","4","13.0666666","80.2","7.0","NUMGAMBAKKAM, IN","FM-12","99999","V020","230,1,N,0015,1","99999,9,9,N","010000,1,9,9","+0324,1","+0238,1","10061,1",,"6,1,02,1","2,1,02,1",,,"02,1,+00800,1,06,1","99,9,+99999,9,03,1","99,9,+99999,9,00,1",,"9,AGL   ,+99999,+99999","06,99,1,02,1,99,9,00800,1,99,9,99,9",,,"99999,9,10054,1","9,9,999,9,-004,1",,"02,1","SYN06443278 31597 62303 10324 20238 30054 40061 70262 82432 333 59004=",
"43278099999","2023-07-13T09:00:00","4","13.0666666","80.2","7.0","NUMGAMBAKKAM, IN","FM-12","99999","V020","270,1,N,0010,1","99999,9,9,N","010000,1,9,9","+0340,1","+0234,1","10049,1",,,,,,"03,1,+00800,1,06,1","99,9,+99999,9,00,1",,,"9,AGL   ,+99999,+99999","05,99,1,03,1,99,9,00800,1,99,9,99,9",,,"99999,9,10042,1","9,9,999,9,+007,1",,,"SYN05843278 32597 52702 10340 20234 30042 40049 83401 333 58007=",
"43278099999","2023-07-13T12:00:00","4","13.0666666","80.2","7.0","NUMGAMBAKKAM, IN","FM-12","99999","V020","200,1,N,0015,1","99999,9,9,N","010000,1,9,9","+0323,1","+0253,1","10048,1",,,,,,"03,1,+00800,1,09,1","99,9,+99999,9,03,1","99,9,+99999,9,00,1",,"9,AGL   ,+99999,+99999","07,99,1,03,1,99,9,00800,1,99,9,99,9","240,M,+0351,1",,"99999,9,10041,1","9,9,999,9,+003,1",,,"SYN06443278 32597 72003 10323 20253 30041 40048 83371 333 10351 58003=",
"43278099999","2023-07-13T15:00:00","4","13.0666666","80.2","7.0","NUMGAMBAKKAM, IN","FM-12","99999","V020","200,1,N,0010,1","22000,1,9,N","004000,1,9,9","+0300,1","+0252,1","10062,1",,,,,,"01,1,+01750,1,03,1","99,9,+99999,9,00,1",,,"9,AGL   ,+99999,+99999","02,99,1,01,1,99,9,01750,1,99,9,99,9",,,"99999,9,10055,1","9,9,999,9,+009,1",,,"SYN05843278 32796 22002 10300 20252 30055 40062 81031 333 58009=",
"43278099999","2023-07-14T00:00:00","4","13.0666666","80.2","7.0","NUMGAMBAKKAM, IN","FM-12","99999","V020","270,1,N,0005,1","99999,9,9,N","004000,1,9,9","+0268,1","+0254,1","10070,1","21,0070,3,1","6,1,02,1","5,1,02,1",,,"01,1,+00800,1,06,1","99,9,+99999,9,03,1","99,9,+99999,9,00,1",,"9,AGL   ,+99999,+99999","06,99,1,01,1,99,9,00800,1,99,9,99,9",,,"99999,9,10063,1","9,9,999,9,+012,1",,"01,1","SYN07043278 21596 62701 10268 20254 30063 40070 70165 81541 333 58012 6007/=",
"43278099999","2023-07-14T03:00:00","4","13.0666666","80.2","7.0","NUMGAMBAKKAM, IN","FM-12","99999","V020","230,1,N,0010,1","99999,9,9,N","010000,1,9,9","+0300,1","+0252,1","10078,1","24,0070,3,1",,,,,"02,1,+00800,1,06,1","99,9,+99999,9,00,1",,,"9,AGL   ,+99999,+99999","05,99,1,02,1,99,9,00800,1,99,9,99,9","240,M,+0351,1","240,N,+0259,1","99999,9,10071,1","9,9,999,9,+007,1",,,"SYN09243278 22597 52302 10300 20252 30071 40078 82501 333 10351 20259 58007 6007/ 555 00075 10241=",
"43278099999","2023-07-14T06:00:00","4","13.0666666","80.2","7.0","NUMGAMBAKKAM, IN","FM-12","99999","V020","230,1,N,0015,1","99999,9,9,N","010000,1,9,9","+0328,1","+0239,1","10070,1",,,,,,"03,1,+00800,1,06,1","99,9,+99999,9,04,1","99,9,+99999,9,00,1",,"9,AGL   ,+99999,+99999","06,99,1,03,1,99,9,00800,1,99,9,99,9",,,"99999,9,10063,1","9,9,999,9,+009,1",,,"SYN05843278 32597 62303 10328 20239 30063 40070 83511 333 58009=",
"43278099999","2023-07-14T09:00:00","4","13.0666666","80.2","7.0","NUMGAMBAKKAM, IN","FM-12","99999","V020","230,1,N,0010,1","99999,9,9,N","010000,1,9,9","+0342,1","+0249,1","10055,1",,,,,,"02,1,+00800,1,06,1","99,9,+99999,9,03,1","99,9,+99999,9,00,1",,"9,AGL   ,+99999,+99999","05,99,1,02,1,99,9,00800,1,99,9,99,9",,,"99999,9,10048,1","9,9,999,9,+006,1",,,"SYN05843278 32597 52302 10342 20249 30048 40055 82571 333 58006=",
"43278099999","2023-07-14T12:00:00","4","13.0666666","80.2","7.0","NUMGAMBAKKAM, IN","FM-12","99999","V020","140,1,N,0010,1","99999,9,9,N","010000,1,9,9","+0332,1","+0263,1","10050,1",,,,,,"03,1,+00800,1,06,1","99,9,+99999,9,03,1","99,9,+99999,9,00,1",,"9,AGL   ,+99999,+99999","05,99,1,03,1,99,9,00800,1,99,9,99,9",,,"99999,9,10043,1","9,9,999,9,+002,1",,,"SYN06443278 32597 51402 10332 20263 30043 40050 83531 333 10351 58002=",
"43278099999","2023-07-14T15:00:00","4","13.0666666","80.2","7.0","NUMGAMBAKKAM, IN","FM-12","99999","V020","140,1,N,0010,1","22000,1,9,N","004000,1,9,9","+0300,1","+0264,1","10063,1",,,,,,"01,1,+00800,1,06,1","99,9,+99999,9,03,1","99,9,+99999,9,00,1",,"9,AGL   ,+99999,+99999","03,99,1,01,1,99,9,00800,1,99,9,99,9",,,"99999,9,10056,1","9,9,999,9,+001,1",,,"SYN05843278 32596 31402 10300 20264 30056 40063 81531 333 58001=",
"43278099999","2023-07-15T00:00:00","4","13.0666666","80.2","7.0","NUMGAMBAKKAM, IN","FM-12","99999","V020","140,1,N,0010,1","22000,1,9,N","004000,1,9,9","+0300,1","+0264,1","10063,1","21,0000,9,1",,,,,"01,1,+00800,1,06,1","99,9,+99999,9,03,1","99,9,+99999,9,00,1",,"9,AGL   ,+99999,+99999","03,99,1,01,1,99,9,00800,1,99,9,99,9",,,"99999,9,10056,1","9,9,999,9,+001,1",,,"SYN06443278 22596 31402 10300 20264 30056 40063 81531 333 58001 6990/=","Q01  00002PRCP21"
"43278099999","2023-07-15T03:00:00","4","13.0666666","80.2","7.0","NUMGAMBAKKAM, IN","FM-12","99999","V020","270,1,N,0010,1","22000,1,9,N","010000,1,9,9","+0312,1","+0228,1","10077,1","24,0000,9,1",,,,,"99,9,+99999,9,00,1",,,,"9,AGL   ,+99999,+99999","02,99,1,00,1,99,9,99999,9,99,9,99,9","240,M,+0351,1","240,N,+0284,1","99999,9,10070,1","9,9,999,9,-001,1",,,"SYN08643278 22997 22702 10312 20228 30070 40077 80001 333 10351 20284 59001 6990/ 555 10241=","Q01  00002PRCP24Q02    003SCCGA1"
"43278099999","2023-07-15T06:00:00","4","13.0666666","80.2","7.0","NUMGAMBAKKAM, IN","FM-12","99999","V020","320,1,N,0010,1","22000,1,9,N","010000,1,9,9","+0348,1","+0243,1","10070,1",,,,,,"01,1,+00800,1,06,1","99,9,+99999,9,03,1","99,9,+99999,9,00,1",,"9,AGL   ,+99999,+99999","03,99,1,01,1,99,9,00800,1,99,9,99,9",,,"99999,9,10063,1","9,9,999,9,+000,1",,,"SYN05843278 32597 33202 10348 20243 30063 40070 81531 333 58000=",
"43278099999","2023-07-15T09:00:00","4","13.0666666","80.2","7.0","NUMGAMBAKKAM, IN","FM-12","99999","V020","230,1,N,0010,1","99999,9,9,N","010000,1,9,9","+0366,1","+0241,1","10049,1",,,,,,"03,1,+00800,1,06,1","99,9,+99999,9,03,1","99,9,+99999,9,00,1",,"9,AGL   ,+99999,+99999","05,99,1,03,1,99,9,00800,1,99,9,99,9",,,"99999,9,10042,1","9,9,999,9,-006,1",,,"SYN05843278 32597 52302 10366 20241 30042 40049 83531 333 59006=",
"43278099999","2023-07-15T12:00:00","4","13.0666666","80.2","7.0","NUMGAMBAKKAM, IN","FM-12","99999","V020","230,1,N,0026,1","99999,9,9,N","010000,1,9,9","+0353,1","+0242,1","10038,1",,,,,,"01,1,+00800,1,06,1","99,9,+99999,9,04,1","99,9,+99999,9,00,1",,"9,AGL   ,+99999,+99999","05,99,1,01,1,99,9,00800,1,99,9,99,9",,,"99999,9,10031,1","9,9,999,9,-012,1",,,"SYN06443278 32597 52305 10353 20242 30031 40038 81511 333 10372 59012=",
"43278099999","2023-07-15T15:00:00","4","13.0666666","80.2","7.0","NUMGAMBAKKAM, IN","FM-12","99999","V020","999,9,C,0000,1","99999,9,9,N","004000,1,9,9","+0310,1","+0273,1","10052,1",,,,,,"01,1,+00800,1,06,1","99,9,+99999,9,03,1","99,9,+99999,9,00,1",,"9,AGL   ,+99999,+99999","05,99,1,01,1,99,9,00800,1,99,9,99,9",,,"99999,9,10045,1","9,9,999,9,-011,1",,,"SYN05843278 32596 50000 10310 20273 30045 40052 81531 333 59011=",
"43278099999","2023-07-16T03:00:00","4","13.0666666","80.2","7.0","NUMGAMBAKKAM, IN","FM-12","99999","V020","230,1,N,0010,1","99999,9,9,N","010000,1,9,9","+0298,1","+0234,1","10065,1",,,,,,"03,1,+00800,1,06,1","99,9,+99999,9,04,1","99,9,+99999,9,00,1",,"9,AGL   ,+99999,+99999","07,99,1,03,1,99,9,00800,1,99,9,99,9","240,M,+0372,1","240,N,+0292,1","99999,9,10058,1","9,9,999,9,-012,1",,,"SYN08043278 32597 72302 10298 20234 30058 40065 83512 333 10372 20292 59012 555 10241=",
"43278099999","2023-07-16T06:00:00","4","13.0666666","80.2","7.0","NUMGAMBAKKAM, IN","FM-12","99999","V020","270,1,N,0015,1","99999,9,9,N","010000,1,9,9","+0314,1","+0249,1","10062,1",,,,,,"03,1,+00800,1,06,1","99,9,+99999,9,04,1","99,9,+99999,9,00,1",,"9,AGL   ,+99999,+99999","07,99,1,03,1,99,9,00800,1,99,9,99,9",,,"99999,9,10055,1","9,9,999,9,-008,1",,,"SYN05843278 32597 72703 10314 20249 30055 40062 83512 333 59008=",
"43278099999","2023-07-16T09:00:00","4","13.0666666","80.2","7.0","NUMGAMBAKKAM, IN","FM-12","99999","V020","230,1,N,0010,1","99999,9,9,N","010000,1,9,9","+0332,1","+0241,1","10055,1",,,,,,"02,1,+00800,1,06,1","99,9,+99999,9,03,1",,,"9,AGL   ,+99999,+99999","08,99,1,02,1,99,9,00800,1,99,9,99,9",,,"99999,9,10048,1","9,9,999,9,+006,1",,,"SYN05843278 32597 82302 10332 20241 30048 40055 8257/ 333 58006=",
"43278099999","2023-07-16T15:00:00","4","13.0666666","80.2","7.0","NUMGAMBAKKAM, IN","FM-12","99999","V020","999,9,C,0000,1","99999,9,9,N","004000,1,9,9","+0298,1","+0265,1","10060,1",,,,,,"01,1,+00800,1,06,1","99,9,+99999,9,03,1","99,9,+99999,9,00,1",,"9,AGL   ,+99999,+99999","05,99,1,01,1,99,9,00800,1,99,9,99,9",,,"99999,9,10053,1","9,9,999,9,+008,1",,,"SYN05843278 32596 50000 10298 20265 30053 40060 81531 333 58008=",
"43278099999","2023-07-17T06:00:00","4","13.0666666","80.2","7.0","NUMGAMBAKKAM, IN","FM-12","99999","V020","320,1,N,0010,1","99999,9,9,N","010000,1,9,9","+0340,1","+0243,1","10054,1",,,,,,"02,1,+00800,1,06,1","99,9,+99999,9,03,1","99,9,+99999,9,00,1",,"9,AGL   ,+99999,+99999","06,99,1,02,1,99,9,00800,1,99,9,99,9",,,"99999,9,10047,1","9,9,999,9,-008,1",,,"SYN05843278 32597 63202 10340 20243 30047 40054 82432 333 59008=",
"43278099999","2023-07-17T09:00:00","4","13.0666666","80.2","7.0","NUMGAMBAKKAM, IN","FM-12","99999","V020","230,1,N,0010,1","22000,1,9,N","010000,1,9,9","+0360,1","+0244,1","10039,1",,,,,,"02,1,+00800,1,06,1","99,9,+99999,9,00,1",,,"9,AGL   ,+99999,+99999","04,99,1,02,1,99,9,00800,1,99,9,99,9",,,"99999,9,10032,1","9,9,999,9,-016,1",,,"SYN05843278 32597 42302 10360 20244 30032 40039 82501 333 59016=",
"43278099999","2023-07-17T12:00:00","4","13.0666666","80.2","7.0","NUMGAMBAKKAM, IN","FM-12","99999","V020","230,1,N,0021,1","99999,9,9,N","010000,1,9,9","+0348,1","+0233,1","10028,1",,,,,,"03,1,+00800,1,06,1","99,9,+99999,9,03,1","99,9,+99999,9,00,1",,"9,AGL   ,+99999,+99999","07,99,1,03,1,99,9,00800,1,99,9,99,9",,,"99999,9,10021,1","9,9,999,9,-020,1",,,"SYN06443278 32597 72304 10348 20233 30021 40028 83471 333 10367 59020=",
"43278099999","2023-07-17T15:00:00","4","13.0666666","80.2","7.0","NUMGAMBAKKAM, IN","FM-12","99999","V020","200,1,N,0015,1","22000,1,9,N","004000,1,9,9","+0312,1","+0253,1","10043,1",,,,,,"99,9,+99999,9,00,1",,,,"9,AGL   ,+99999,+99999","04,99,1,00,1,99,9,99999,9,99,9,99,9",,,"99999,9,10036,1","9,9,999,9,-017,1",,,"SYN05843278 32996 42003 10312 20253 30036 40043 80001 333 59017=","Q01    003SCCGA1"
"43278099999","2023-07-18T00:00:00","4","13.0666666","80.2","7.0","NUMGAMBAKKAM, IN","FM-12","99999","V020","230,1,N,0015,1","99999,9,9,N","004000,1,9,9","+0300,1","+0220,1","10047,1",,,,,,"02,1,+01250,1,06,1","99,9,+99999,9,03,1","99,9,+99999,9,00,1",,"9,AGL   ,+99999,+99999","06,99,1,02,1,99,9,01250,1,99,9,99,9",,,"99999,9,10040,1","9,9,999,9,+003,1",,,"SYN05843278 32696 62303 10300 20220 30040 40047 82531 333 58003=",
"43278099999","2023-07-18T03:00:00","4","13.0666666","80.2","7.0","NUMGAMBAKKAM, IN","FM-12","99999","V020","230,1,N,0021,1","99999,9,9,N","010000,1,9,9","+0312,1","+0228,1","10054,1",,,,,,"02,1,+00800,1,06,1","99,9,+99999,9,03,1","99,9,+99999,9,00,1",,"9,AGL   ,+99999,+99999","05,99,1,02,1,99,9,00800,1,99,9,99,9","240,M,+0367,1","240,N,+0288,1","99999,9,10047,1","9,9,999,9,-009,1",,,"SYN08043278 32597 52304 10312 20228 30047 40054 82531 333 10367 20288 59009 555 10241=",
"43278099999","2023-07-18T06:00:00","4","13.0666666","80.2","7.0","NUMGAMBAKKAM, IN","FM-12","99999","V020","230,1,N,0015,1","99999,9,9,N","010000,1,9,9","+0346,1","+0227,1","10051,1",,,,,,"02,1,+00800,1,06,1","99,9,+99999,9,03,1","99,9,+99999,9,00,1",,"9,AGL   ,+99999,+99999","06,99,1,02,1,99,9,00800,1,99,9,99,9",,,"99999,9,10044,1","9,9,999,9,-003,1",,,"SYN05843278 32597 62303 10346 20227 30044 40051 82531 333 59003=",
"43278099999","2023-07-18T09:00:00","4","13.0666666","80.2","7.0","NUMGAMBAKKAM, IN","FM-12","99999","V020","270,1,N,0010,1","99999,9,9,N","010000,1,9,9","+0356,1","+0233,1","10033,1",,,,,,"03,1,+00800,1,06,1","99,9,+99999,9,03,1","99,9,+99999,9,00,1",,"9,AGL   ,+99999,+99999","05,99,1,03,1,99,9,00800,1,99,9,99,9",,,"99999,9,10026,1","9,9,999,9,-006,1",,,"SYN05843278 32597 52702 10356 20233 30026 40033 83531 333 59006=",
"43278099999","2023-07-18T12:00:00","4","13.0666666","80.2","7.0","NUMGAMBAKKAM, IN","FM-12","99999","V020","230,1,N,0021,1","99999,9,9,N","010000,1,9,9","+0356,1","+0208,1","10019,1",,,,,,"02,1,+00800,1,06,1","99,9,+99999,9,03,1","99,9,+99999,9,00,1",,"9,AGL   ,+99999,+99999","05,99,1,02,1,99,9,00800,1,99,9,99,9",,,"99999,9,10012,1","9,9,999,9,-009,1",,,"SYN06443278 32597 52304 10356 20208 30012 40019 82531 333 10364 59009=",
"43278099999","2023-07-18T15:00:00","4","13.0666666","80.2","7.0","NUMGAMBAKKAM, IN","FM-12","99999","V020","999,9,C,0000,1","22000,1,9,N","004000,1,9,9","+0330,1","+0257,1","10033,1",,,,,,"02,1,+00800,1,06,1","99,9,+99999,9,03,1","99,9,+99999,9,00,1",,"9,AGL   ,+99999,+99999","04,99,1,02,1,99,9,00800,1,99,9,99,9",,,"99999,9,10026,1","9,9,999,9,-010,1",,,"SYN05843278 32596 40000 10330 20257 30026 40033 82531 333 59010=",
"43278099999","2023-07-19T00:00:00","4","13.0666666","80.2","7.0","NUMGAMBAKKAM, IN","FM-12","99999","V020","230,1,N,0015,1","22000,1,9,N","004000,1,9,9","+0300,1","+0210,1","10033,1",,,,,,"02,1,+00800,1,06,1","99,9,+99999,9,03,1","99,9,+99999,9,00,1",,"9,AGL   ,+99999,+99999","04,99,1,02,1,99,9,00800,1,99,9,99,9",,,"99999,9,10026,1","9,9,999,9,-014,1",,,"SYN05843278 32596 42303 10300 20210 30026 40033 82531 333 59014=",
"43278099999","2023-07-19T03:00:00","4","13.0666666","80.2","7.0","NUMGAMBAKKAM, IN","FM-12","99999","V020","230,1,N,0010,1","99999,9,9,N","010000,1,9,9","+0300,1","+0220,1","10045,1",,,,,,"01,1,+00800,1,06,1","99,9,+99999,9,03,1","99,9,+99999,9,00,1",,"9,AGL   ,+99999,+99999","05,99,1,01,1,99,9,00800,1,99,9,99,9","240,M,+0364,1","240,N,+0294,1","99999,9,10038,1","9,9,999,9,-009,1",,,"SYN08043278 32597 52302 10300 20220 30038 40045 81571 333 10364 20294 59009 555 10241=",
"43278099999","2023-07-19T06:00:00","4","13.0666666","80.2","7.0","NUMGAMBAKKAM, IN","FM-12","99999","V020","230,1,N,0015,1","22000,1,9,N","010000,1,9,9","+0340,1","+0220,1","10038,1",,,,,,"02,1,+00800,1,06,1","99,9,+99999,9,03,1","99,9,+99999,9,00,1",,"9,AGL   ,+99999,+99999","04,99,1,02,1,99,9,00800,1,99,9,99,9",,,"99999,9,10031,1","9,9,999,9,-013,1",,,"SYN05843278 32597 42303 10340 20220 30031 40038 82531 333 59013=",
"43278099999","2023-07-19T09:00:00","4","13.0666666","80.2","7.0","NUMGAMBAKKAM, IN","FM-12","99999","V020","230,1,N,0010,1","99999,9,9,N","010000,1,9,9","+0354,1","+0223,1","10023,1",,,,,,"01,1,+00800,1,06,1","99,9,+99999,9,03,1","99,9,+99999,9,00,1",,"9,AGL   ,+99999,+99999","05,99,1,01,1,99,9,00800,1,99,9,99,9",,,"99999,9,10016,1","9,9,999,9,-010,1",,,"SYN05843278 32597 52302 10354 20223 30016 40023 81531 333 59010=",
"43278099999","2023-07-19T12:00:00","4","13.0666666","80.2","7.0","NUMGAMBAKKAM, IN","FM-12","99999","V020","290,1,N,0021,1","99999,9,9,N","010000,1,9,9","+0314,1","+0249,1","10012,1","09,0002,3,1","2,1,02,1","2,1,02,1",,,"03,1,+00800,1,08,1","99,9,+99999,9,05,1","99,9,+99999,9,00,1",,"9,AGL   ,+99999,+99999","07,99,1,03,1,99,9,00800,1,99,9,99,9",,,"99999,9,10005,1","9,9,999,9,-007,1",,"50,1","SYN07643278 21597 72904 10314 20249 30005 40012 75022 83822 333 10360 59007 6992/=",
"43278099999","2023-07-19T15:00:00","4","13.0666666","80.2","7.0","NUMGAMBAKKAM, IN","FM-12","99999","V020","230,1,N,0010,1","99999,9,9,N","004000,1,9,9","+0306,1","+0227,1","10023,1","12,0002,3,1","5,1,02,1","2,1,02,1",,,"02,1,+00800,1,06,1","99,9,+99999,9,03,1","99,9,+99999,9,00,1",,"9,AGL   ,+99999,+99999","06,99,1,02,1,99,9,00800,1,99,9,99,9",,,"99999,9,10016,1","9,9,999,9,-010,1",,"20,1","SYN07043278 21596 62302 10306 20227 30016 40023 72052 82531 333 59010 6992/=",
"43278099999","2023-07-20T00:00:00","4","13.0666666","80.2","7.0","NUMGAMBAKKAM, IN","FM-12","99999","V020","999,9,V,0005,1","99999,9,9,N","004000,1,9,9","+0286,1","+0219,1","10029,1","21,0002,3,1",,,,,"04,1,+02250,1,03,1","99,9,+99999,9,00,1",,,"9,AGL   ,+99999,+99999","06,99,1,04,1,99,9,02250,1,99,9,99,9",,,"99999,9,10022,1","9,9,999,9,-004,1",,,"SYN06443278 22896 69901 10286 20219 30022 40029 84071 333 59004 6992/=",
"43278099999","2023-07-20T03:00:00","4","13.0666666","80.2","7.0","NUMGAMBAKKAM, IN","FM-12","99999","V020","230,1,N,0015,1","99999,9,9,N","010000,1,9,9","+0300,1","+0220,1","10044,1","24,0002,3,1",,,,,"02,1,+00800,1,06,1","99,9,+99999,9,03,1","99,9,+99999,9,00,1",,"9,AGL   ,+99999,+99999","05,99,1,02,1,99,9,00800,1,99,9,99,9","240,M,+0360,1","240,N,+0285,1","99999,9,10037,1","9,9,999,9,-001,1",,,"SYN09243278 22597 52303 10300 20220 30037 40044 82571 333 10360 20285 59001 6992/ 555 00002 10241=",
"43278099999","2023-07-20T06:00:00","4","13.0666666","80.2","7.0","NUMGAMBAKKAM, IN","FM-12","99999","V020","230,1,N,0010,1","99999,9,9,N","010000,1,9,9","+0322,1","+0236,1","10036,1",,,,,,"02,1,+00800,1,06,1","99,9,+99999,9,03,1","99,9,+99999,9,00,1",,"9,AGL   ,+99999,+99999","06,99,1,02,1,99,9,00800,1,99,9,99,9",,,"99999,9,10029,1","9,9,999,9,-002,1",,,"SYN05843278 32597 62302 10322 20236 30029 40036 82571 333 59002=",
"43278099999","2023-07-20T09:00:00","4","13.0666666","80.2","7.0","NUMGAMBAKKAM, IN","FM-12","99999","V020","270,1,N,0015,1","99999,9,9,N","010000,1,9,9","+0354,1","+0224,1","10016,1",,,,,,"03,1,+00800,1,06,1","99,9,+99999,9,03,1","99,9,+99999,9,00,1",,"9,AGL   ,+99999,+99999","06,99,1,03,1,99,9,00800,1,99,9,99,9",,,"99999,9,10009,1","9,9,999,9,-007,1",,,"SYN05843278 32597 62703 10354 20224 30009 40016 83531 333 59007=",
"43278099999","2023-07-20T12:00:00","4","13.0666666","80.2","7.0","NUMGAMBAKKAM, IN","FM-12","99999","V020","250,1,N,0010,1","99999,9,9,N","010000,1,9,9","+0352,1","+0214,1","10012,1",,,,,,"03,1,+00800,1,08,1","99,9,+99999,9,03,1","99,9,+99999,9,00,1",,"9,AGL   ,+99999,+99999","07,99,1,03,1,99,9,00800,1,99,9,99,9","240,M,+0364,1",,"99999,9,10005,1","9,9,999,9,+000,1",,,"SYN06443278 32597 72502 10352 20214 30005 40012 83871 333 10364 58000=",
"43278099999","2023-07-20T15:00:00","4","13.0666666","80.2","7.0","NUMGAMBAKKAM, IN","FM-12","99999","V020","250,1,N,0015,1","99999,9,9,N","004000,1,9,9","+0332,1","+0224,1","10018,1",,,,,,"04,1,+00800,1,06,1","99,9,+99999,9,03,1","99,9,+99999,9,00,1",,"9,AGL   ,+99999,+99999","07,99,1,04,1,99,9,00800,1,99,9,99,9",,,"99999,9,10011,1","9,9,999,9,-005,1",,,"SYN05843278 32596 72503 10332 20224 30011 40018 84531 333 59005=",
"43278099999","2023-07-21T00:00:00","4","13.0666666","80.2","7.0","NUMGAMBAKKAM, IN","FM-12","99999","V020","230,1,N,0015,1","99999,9,9,N","004000,1,9,9","+0302,1","+0209,1","10026,1",,,,,,"03,1,+00800,1,06,1","99,9,+99999,9,03,1","99,9,+99999,9,00,1",,"9,AGL   ,+99999,+99999","06,99,1,03,1,99,9,00800,1,99,9,99,9",,,"99999,9,10019,1","9,9,999,9,-003,1",,,"SYN05843278 32596 62303 10302 20209 30019 40026 83532 333 59003=",
"43278099999","2023-07-21T03:00:00","4","13.0666666","80.2","7.0","NUMGAMBAKKAM, IN","FM-12","99999","V020","230,1,N,0010,1","99999,9,9,N","010000,1,9,9","+0314,1","+0220,1","10042,1",,,,,,"02,1,+00800,1,06,1","99,9,+99999,9,03,1","99,9,+99999,9,00,1",,"9,AGL   ,+99999,+99999","06,99,1,02,1,99,9,00800,1,99,9,99,9","240,M,+0364,1","240,N,+0301,1","99999,9,10035,1","9,9,999,9,-002,1",,,"SYN08043278 32597 62302 10314 20220 30035 40042 82532 333 10364 20301 59002 555 10241=",
"43278099999","2023-07-21T06:00:00","4","13.0666666","80.2","7.0","NUMGAMBAKKAM, IN","FM-12","99999","V020","270,1,N,0026,1","22000,1,9,N","010000,1,9,9","+0350,1","+0225,1","10035,1",,,,,,"03,1,+00800,1,06,1","99,9,+99999,9,00,1",,,"9,AGL   ,+99999,+99999","04,99,1,03,1,99,9,00800,1,99,9,99,9",,,"99999,9,10028,1","9,9,999,9,-001,1",,,"SYN05843278 32597 42705 10350 20225 30028 40035 83501 333 59001=",
"43278099999","2023-07-21T09:00:00","4","13.0666666","80.2","7.0","NUMGAMBAKKAM, IN","FM-12","99999","V020","250,1,N,0021,1","99999,9,9,N","010000,1,9,9","+0368,1","+0234,1","10023,1",,,,,,"04,1,+00800,1,06,1","99,9,+99999,9,03,1","99,9,+99999,9,00,1",,"9,AGL   ,+99999,+99999","07,99,1,04,1,99,9,00800,1,99,9,99,9",,,"99999,9,10016,1","9,9,999,9,+007,1",,,"SYN05843278 32597 72504 10368 20234 30016 40023 84571 333 58007=",
"43278099999","2023-07-21T12:00:00","4","13.0666666","80.2","7.0","NUMGAMBAKKAM, IN","FM-12","99999","V020","290,1,N,0041,1","99999,9,9,N","010000,1,9,9","+0348,1","+0207,1","10018,1",,,,,,"03,1,+00800,1,06,1","99,9,+99999,9,03,1","99,9,+99999,9,00,1",,"9,AGL   ,+99999,+99999","07,99,1,03,1,99,9,00800,1,99,9,99,9",,,"99999,9,10011,1","9,9,999,9,+006,1",,,"SYN06443278 32597 72908 10348 20207 30011 40018 83471 333 10369 58006=",
"43278099999","2023-07-21T15:00:00","4","13.0666666","80.2","7.0","NUMGAMBAKKAM, IN","FM-12","99999","V020","270,1,N,0021,1","99999,9,9,N","004000,1,9,9","+0334,1","+0213,1","10039,1",,,,,,"02,1,+01250,1,06,1","99,9,+99999,9,03,1","99,9,+99999,9,00,1",,"9,AGL   ,+99999,+99999","06,99,1,02,1,99,9,01250,1,99,9,99,9",,,"99999,9,10032,1","9,9,999,9,+021,1",,,"SYN05843278 32696 62704 10334 20213 30032 40039 82541 333 58021=",
"43278099999","2023-07-22T00:00:00","4","13.0666666","80.2","7.0","NUMGAMBAKKAM, IN","FM-12","99999","V020","250,1,N,0021,1","99999,9,9,N","004000,1,9,9","+0302,1","+0216,1","10048,1",,,,,,"01,1,+01250,1,06,1","99,9,+99999,9,04,1","99,9,+99999,9,00,1",,"9,AGL   ,+99999,+99999","06,99,1,01,1,99,9,01250,1,99,9,99,9",,,"99999,9,10041,1","9,9,999,9,+022,1",,,"SYN05843278 32696 62504 10302 20216 30041 40048 81511 333 58022=",
"43278099999","2023-07-22T03:00:00","4","13.0666666","80.2","7.0","NUMGAMBAKKAM, IN","FM-12","99999","V020","230,1,N,0015,1","99999,9,9,N","010000,1,9,9","+0314,1","+0227,1","10058,1",,,,,,"03,1,+00800,1,06,1","99,9,+99999,9,04,1","99,9,+99999,9,00,1",,"9,AGL   ,+99999,+99999","07,99,1,03,1,99,9,00800,1,99,9,99,9","240,M,+0369,1","240,N,+0289,1","99999,9,10051,1","9,9,999,9,+016,1",,,"SYN08043278 32597 72303 10314 20227 30051 40058 83511 333 10369 20289 58016 555 10241=",
"43278099999","2023-07-22T06:00:00","4","13.0666666","80.2","7.0","NUMGAMBAKKAM, IN","FM-12","99999","V020","270,1,N,0021,1","99999,9,9,N","010000,1,9,9","+0324,1","+0204,1","10055,1",,,,,,"03,1,+00800,1,06,1","99,9,+99999,9,04,1","99,9,+99999,9,00,1",,"9,AGL   ,+99999,+99999","07,99,1,03,1,99,9,00800,1,99,9,99,9",,,"99999,9,10048,1","9,9,999,9,+020,1",,,"SYN05843278 32597 72704 10324 20204 30048 40055 83511 333 58020=",
"43278099999","2023-07-22T09:00:00","4","13.0666666","80.2","7.0","NUMGAMBAKKAM, IN","FM-12","99999","V020","230,1,N,0015,1","99999,9,9,N","010000,1,9,9","+0340,1","+0227,1","10047,1",,,,,,"02,1,+00800,1,06,1","99,9,+99999,9,03,1",,,"9,AGL   ,+99999,+99999","08,99,1,02,1,99,9,00800,1,99,9,99,9",,,"99999,9,10040,1","9,9,999,9,+024,1",,,"SYN05843278 32597 82303 10340 20227 30040 40047 8257/ 333 58024=",
"43278099999","2023-07-22T12:00:00","4","13.0666666","80.2","7.0","NUMGAMBAKKAM, IN","FM-12","99999","V020","230,1,N,0010,1","99999,9,9,N","010000,1,9,9","+0332,1","+0234,1","10046,1",,,,,,"02,1,+00800,1,06,1","99,9,+99999,9,03,1","99,9,+99999,9,00,1",,"9,AGL   ,+99999,+99999","08,99,1,02,1,99,9,00800,1,99,9,99,9",,,"99999,9,10039,1","9,9,999,9,+028,1",,,"SYN06443278 32597 82302 10332 20234 30039 40046 82571 333 10344 58028=",
"43278099999","2023-07-22T15:00:00","4","13.0666666","80.2","7.0","NUMGAMBAKKAM, IN","FM-12","99999","V020","230,1,N,0010,1","99999,9,9,N","004000,1,9,9","+0266,1","+0243,1","10080,1","12,0020,3,1","6,1,02,1","2,1,02,1",,,"02,1,+00800,1,06,1","99,9,+99999,9,03,1",,,"9,AGL   ,+99999,+99999","08,99,1,02,1,99,9,00800,1,99,9,99,9",,,"99999,9,10073,1","9,9,999,9,+041,1",,"61,1","SYN07043278 21596 82302 10266 20243 30073 40080 76162 8257/ 333 58041 6002/=",
"43278099999","2023-07-23T00:00:00","4","13.0666666","80.2","7.0","NUMGAMBAKKAM, IN","FM-12","99999","V020","999,9,C,0000,1","99999,9,9,N","004000,1,9,9","+0272,1","+0237,1","10063,1","21,0080,3,1","6,1,02,1","2,1,02,1",,,"03,1,+00800,1,06,1","99,9,+99999,9,03,1","99,9,+99999,9,00,1",,"9,AGL   ,+99999,+99999","06,99,1,03,1,99,9,00800,1,99,9,99,9",,,"99999,9,10056,1","9,9,999,9,+015,1",,"01,1","SYN07043278 21596 60000 10272 20237 30056 40063 70162 83572 333 58015 6008/=",
"43278099999","2023-07-23T03:00:00","4","13.0666666","80.2","7.0","NUMGAMBAKKAM, IN","FM-12","99999","V020","999,9,C,0000,1","99999,9,9,N","010000,1,9,9","+0284,1","+0244,1","10071,1","24,0080,3,1","2,1,02,1","2,1,02,1",,,"02,1,+00800,1,06,1","99,9,+99999,9,03,1","99,9,+99999,9,00,1",,"9,AGL   ,+99999,+99999","08,99,1,02,1,99,9,00800,1,99,9,99,9","240,M,+0344,1","240,N,+0254,1","99999,9,10064,1","9,9,999,9,+013,1",,"20,1","SYN09843278 21597 80000 10284 20244 30064 40071 72022 82571 333 10344 20254 58013 6008/ 555 00082 10249=",
"43278099999","2023-07-23T06:00:00","4","13.0666666","80.2","7.0","NUMGAMBAKKAM, IN","FM-12","99999","V020","999,9,C,0000,1","99999,9,9,N","010000,1,9,9","+0290,1","+0247,1","10073,1","03,0002,3,1","5,1,02,1","2,1,02,1",,,"03,1,+00800,1,06,1","99,9,+99999,9,03,1",,,"9,AGL   ,+99999,+99999","08,99,1,03,1,99,9,00800,1,99,9,99,9",,,"99999,9,10066,1","9,9,999,9,+018,1",,"02,1","SYN07043278 21597 80000 10290 20247 30066 40073 70252 8357/ 333 58018 6992/=",
"43278099999","2023-07-23T09:00:00","4","13.0666666","80.2","7.0","NUMGAMBAKKAM, IN","FM-12","99999","V020","999,9,C,0000,1","99999,9,9,N","010000,1,9,9","+0300,1","+0249,1","10055,1","06,0006,3,1","5,1,02,1","2,1,02,1",,,"02,1,+00800,1,06,1","99,9,+99999,9,05,1",,,"9,AGL   ,+99999,+99999","08,99,1,02,1,99,9,00800,1,99,9,99,9",,,"99999,9,10048,1","9,9,999,9,+008,1",,"50,1","SYN07043278 21597 80000 10300 20249 30048 40055 75052 8252/ 333 58008 6996/=",
"43278099999","2023-07-23T12:00:00","4","13.0666666","80.2","7.0","NUMGAMBAKKAM, IN","FM-12","99999","V020","230,1,N,0005,1","99999,9,9,N","010000,1,9,9","+0292,1","+0252,1","10054,1","09,0010,3,1","5,1,02,1","2,1,02,1",,,"02,1,+00800,1,06,1","99,9,+99999,9,05,1",,,"9,AGL   ,+99999,+99999","08,99,1,02,1,99,9,00800,1,99,9,99,9",,,"99999,9,10047,1","9,9,999,9,+008,1",,"02,1","SYN07643278 21597 82301 10292 20252 30047 40054 70252 8252/ 333 10305 58008 6001/=",
"43278099999","2023-07-23T15:00:00","4","13.0666666","80.2","7.0","NUMGAMBAKKAM, IN","FM-12","99999","V020","230,1,N,0010,1","99999,9,9,N","004000,1,9,9","+0284,1","+0247,1","10062,1","12,0010,3,1","6,1,02,1","5,1,02,1",,,"03,1,+00800,1,06,1","99,9,+99999,9,03,1","99,9,+99999,9,00,1",,"9,AGL   ,+99999,+99999","08,99,1,03,1,99,9,00800,1,99,9,99,9",,,"99999,9,10055,1","9,9,999,9,-018,1",,"50,1","SYN07043278 21596 82302 10284 20247 30055 40062 75065 83571 333 59018 6001/=",
"43278099999","2023-07-24T00:00:00","4","13.0666666","80.2","7.0","NUMGAMBAKKAM, IN","FM-12","99999","V020","230,1,N,0010,1","99999,9,9,N","004000,1,9,9","+0272,1","+0240,1","10055,1","21,0010,3,1","5,1,02,1","2,1,02,1",,,"03,1,+00800,1,06,1","99,9,+99999,9,03,1","99,9,+99999,9,00,1",,"9,AGL   ,+99999,+99999","06,99,1,03,1,99,9,00800,1,99,9,99,9",,,"99999,9,10048,1","9,9,999,9,-008,1",,"01,1","SYN07043278 21596 62302 10272 20240 30048 40055 70152 83572 333 59008 6001/=",
"43278099999","2023-07-24T03:00:00","4","13.0666666","80.2","7.0","NUMGAMBAKKAM, IN","FM-12","99999","V020","270,1,N,0010,1","99999,9,9,N","010000,1,9,9","+0288,1","+0236,1","10057,1","24,0010,3,1",,,,,"03,1,+00800,1,06,1","99,9,+99999,9,03,1",,,"9,AGL   ,+99999,+99999","08,99,1,03,1,99,9,00800,1,99,9,99,9","240,M,+0305,1","240,N,+0271,1","99999,9,10050,1","9,9,999,9,-014,1",,,"SYN09243278 22597 82702 10288 20236 30050 40057 8357/ 333 10305 20271 59014 6001/ 555 00011 10251=",
"43278099999","2023-07-24T06:00:00","4","13.0666666","80.2","7.0","NUMGAMBAKKAM, IN","FM-12","99999","V020","230,1,N,0015,1","99999,9,9,N","010000,1,9,9","+0298,1","+0237,1","10058,1",,,,,,"04,1,+00800,1,06,1","99,9,+99999,9,03,1",,,"9,AGL   ,+99999,+99999","08,99,1,04,1,99,9,00800,1,99,9,99,9",,,"99999,9,10051,1","9,9,999,9,-015,1",,,"SYN05843278 32597 82303 10298 20237 30051 40058 8457/ 333 59015=",
"43278099999","2023-07-24T09:00:00","4","13.0666666","80.2","7.0","NUMGAMBAKKAM, IN","FM-12","99999","V020","250,1,N,0005,1","99999,9,9,N","004000,1,9,9","+0300,1","+0249,1","10047,1","06,0000,2,1","2,1,02,1","2,1,02,1",,,"06,1,+00800,1,07,1","99,9,+99999,9,05,1",,,"9,AGL   ,+99999,+99999","08,99,1,06,1,99,9,00800,1,99,9,99,9",,,"99999,9,10040,1","9,9,999,9,-008,1",,"50,1","SYN07043278 21596 82501 10300 20249 30040 40047 75022 8672/ 333 59008 6990/=",
"43278099999","2023-07-24T12:00:00","4","13.0666666","80.2","7.0","NUMGAMBAKKAM, IN","FM-12","99999","V020","180,1,N,0010,1","99999,9,9,N","004000,1,9,9","+0290,1","+0256,1","10045,1","09,0000,2,1","2,1,02,1","2,1,02,1",,,"05,1,+00800,1,07,1","99,9,+99999,9,03,1",,,"9,AGL   ,+99999,+99999","08,99,1,05,1,99,9,00800,1,99,9,99,9",,,"99999,9,10038,1","9,9,999,9,-009,1",,"02,1","SYN07643278 21596 81802 10290 20256 30038 40045 70222 8567/ 333 10300 59009 6990/=",
"43278099999","2023-07-24T15:00:00","4","13.0666666","80.2","7.0","NUMGAMBAKKAM, IN","FM-12","99999","V020","230,1,N,0010,1","99999,9,9,N","002000,1,9,9","+0254,1","+0248,1","10067,1","12,0050,3,1","2,1,02,1","2,1,02,1",,,"06,1,+00800,1,07,1","99,9,+99999,9,05,1",,,"9,AGL   ,+99999,+99999","08,99,1,06,1,99,9,00800,1,99,9,99,9",,,"99999,9,10060,1","9,9,999,9,+005,1",,"63,1","SYN07043278 21595 82302 10254 20248 30060 40067 76322 8672/ 333 58005 6005/=",
"43278099999","2023-07-25T00:00:00","4","13.0666666","80.2","7.0","NUMGAMBAKKAM, IN","FM-12","99999","V020","999,9,V,0010,1","99999,9,9,N","004000,1,9,9","+0255,1","+0239,1","10044,1","21,0090,3,1",,,,,"02,1,+00800,1,07,1","99,9,+99999,9,05,1",,,"9,AGL   ,+99999,+99999","08,99,1,02,1,99,9,00800,1,99,9,99,9",,,"99999,9,10037,1","9,9,999,9,-011,1",,,"SYN06443278 22596 89902 10255 20239 30037 40044 8262/ 333 59011 6009/=",
"43278099999","2023-07-25T03:00:00","4","13.0666666","80.2","7.0","NUMGAMBAKKAM, IN","FM-12","99999","V020","270,1,N,0010,1","99999,9,9,N","010000,1,9,9","+0270,1","+0241,1","10067,1","24,0090,3,1","2,1,02,1","2,1,02,1",,,"03,1,+00800,1,06,1","99,9,+99999,9,03,1",,,"9,AGL   ,+99999,+99999","08,99,1,03,1,99,9,00800,1,99,9,99,9","240,M,+0300,1","240,N,+0252,1","99999,9,10060,1","9,9,999,9,+010,1",,"51,1","SYN09843278 21597 82702 10270 20241 30060 40067 75122 8357/ 333 10300 20252 58010 6009/ 555 00095 10260=",
"43278099999","2023-07-25T06:00:00","4","13.0666666","80.2","7.0","NUMGAMBAKKAM, IN","FM-12","99999","V020","270,1,N,0010,1","99999,9,9,N","010000,1,9,9","+0290,1","+0247,1","10062,1","03,0004,3,1","5,1,02,1","2,1,02,1",,,"03,1,+00800,1,06,1","99,9,+99999,9,03,1",,,"9,AGL   ,+99999,+99999","08,99,1,03,1,99,9,00800,1,99,9,99,9",,,"99999,9,10055,1","9,9,999,9,+004,1",,"02,1","SYN07043278 21597 82702 10290 20247 30055 40062 70252 8357/ 333 58004 6994/=",
"43278099999","2023-07-25T09:00:00","4","13.0666666","80.2","7.0","NUMGAMBAKKAM, IN","FM-12","99999","V020","230,1,N,0005,1","99999,9,9,N","004000,1,9,9","+0274,1","+0257,1","10061,1","06,0060,3,1","6,1,02,1","5,1,02,1",,,"99,9,+00800,1,99,9",,,,"9,AGL   ,+99999,+99999","08,99,1,99,9,99,9,00800,1,99,9,99,9",,,"99999,9,10054,1","9,9,999,9,+014,1",,"51,1","SYN06443278 21596 82301 10274 20257 30054 40061 75165 333 58014 6006/=",
"43278099999","2023-07-25T12:00:00","4","13.0666666","80.2","7.0","NUMGAMBAKKAM, IN","FM-12","99999","V020","290,1,N,0010,1","99999,9,9,N","004000,1,9,9","+0274,1","+0263,1","10053,1","09,0060,3,1","6,1,02,1","5,1,02,1",,,"06,1,+00800,1,07,1","99,9,+99999,9,03,1",,,"9,AGL   ,+99999,+99999","08,99,1,06,1,99,9,00800,1,99,9,99,9",,,"99999,9,10046,1","9,9,999,9,+008,1",,"51,1","SYN07643278 21596 82902 10274 20263 30046 40053 75165 8677/ 333 10298 58008 6006/=",
"43278099999","2023-07-25T15:00:00","4","13.0666666","80.2","7.0","NUMGAMBAKKAM, IN","FM-12","99999","V020","230,1,N,0010,1","99999,9,9,N","004000,1,9,9","+0264,1","+0250,1","10063,1","12,0070,3,1","5,1,02,1","2,1,02,1",,,"06,1,+00800,1,07,1","99,9,+99999,9,03,1",,,"9,AGL   ,+99999,+99999","08,99,1,06,1,99,9,00800,1,99,9,99,9",,,"99999,9,10056,1","9,9,999,9,-004,1",,"50,1","SYN07043278 21596 82302 10264 20250 30056 40063 75052 8667/ 333 59004 6007/=",
"43278099999","2023-07-26T00:00:00","4","13.0666666","80.2","7.0","NUMGAMBAKKAM, IN","FM-12","99999","V020","250,1,N,0010,1","99999,9,9,N","004000,1,9,9","+0255,1","+0240,1","10057,1","21,0070,3,1","5,1,02,1","2,1,02,1",,,"02,1,+00800,1,06,1","99,9,+99999,9,03,1",,,"9,AGL   ,+99999,+99999","08,99,1,02,1,99,9,00800,1,99,9,99,9",,,"99999,9,10050,1","9,9,999,9,+013,1",,"02,1","SYN07043278 21596 82502 10255 20240 30050 40057 70252 8257/ 333 58013 6007/=",
"43278099999","2023-07-26T03:00:00","4","13.0666666","80.2","7.0","NUMGAMBAKKAM, IN","FM-12","99999","V020","999,9,C,0000,1","99999,9,9,N","004000,1,9,9","+0260,1","+0246,1","10068,1","24,0070,3,1","5,1,02,1","2,1,02,1",,,"02,1,+00800,1,06,1","99,9,+99999,9,03,1",,,"9,AGL   ,+99999,+99999","08,99,1,02,1,99,9,00800,1,99,9,99,9","240,M,+0298,1","240,N,+0254,1","99999,9,10061,1","9,9,999,9,+001,1",,"50,1","SYN09843278 21596 80000 10260 20246 30061 40068 75052 8257/ 333 10298 20254 58001 6007/ 555 00071 10267=",
"43278099999","2023-07-26T06:00:00","4","13.0666666","80.2","7.0","NUMGAMBAKKAM, IN","FM-12","99999","V020","230,1,N,0015,1","99999,9,9,N","004000,1,9,9","+0298,1","+0244,1","10074,1","03,0003,3,1","5,1,02,1","2,1,02,1",,,"02,1,+00800,1,06,1","99,9,+99999,9,04,1",,,"9,AGL   ,+99999,+99999","08,99,1,02,1,99,9,00800,1,99,9,99,9",,,"99999,9,10067,1","9,9,999,9,+012,1",,"02,1","SYN07043278 21596 82303 10298 20244 30067 40074 70252 8251/ 333 58012 6993/=",
"43278099999","2023-07-26T09:00:00","4","13.0666666","80.2","7.0","NUMGAMBAKKAM, IN","FM-12","99999","V020","230,1,N,0010,1","99999,9,9,N","004000,1,9,9","+0310,1","+0251,1","10057,1","06,0003,3,1","5,1,02,1","2,1,02,1",,,"06,1,+00800,1,07,1","99,9,+99999,9,04,1",,,"9,AGL   ,+99999,+99999","08,99,1,06,1,99,9,00800,1,99,9,99,9",,,"99999,9,10050,1","9,9,999,9,-004,1",,"50,1","SYN07043278 21596 82302 10310 20251 30050 40057 75052 8661/ 333 59004 6993/=",
"43278099999","2023-07-26T12:00:00","4","13.0666666","80.2","7.0","NUMGAMBAKKAM, IN","FM-12","99999","V020","250,1,N,0015,1","99999,9,9,N","010000,1,9,9","+0306,1","+0246,1","10055,1","09,0003,3,1","5,1,02,1","2,1,02,1",,,"02,1,+00800,1,06,1","99,9,+99999,9,04,1","99,9,+99999,9,00,1",,"9,AGL   ,+99999,+99999","08,99,1,02,1,99,9,00800,1,99,9,99,9",,,"99999,9,10048,1","9,9,999,9,+002,1",,"02,1","SYN07643278 21597 82503 10306 20246 30048 40055 70252 82512 333 10311 58002 6993/=",
"43278099999","2023-07-26T15:00:00","4","13.0666666","80.2","7.0","NUMGAMBAKKAM, IN","FM-12","99999","V020","230,1,N,0021,1","99999,9,9,N","004000,1,9,9","+0292,1","+0237,1","10068,1","12,0003,3,1",,,,,"02,1,+00800,1,06,1","99,9,+99999,9,03,1","99,9,+99999,9,00,1",,"9,AGL   ,+99999,+99999","06,99,1,02,1,99,9,00800,1,99,9,99,9",,,"99999,9,10061,1","9,9,999,9,+005,1",,,"SYN06443278 22596 62304 10292 20237 30061 40068 82531 333 58005 6993/=",
"43278099999","2023-07-27T00:00:00","4","13.0666666","80.2","7.0","NUMGAMBAKKAM, IN","FM-12","99999","V020","230,1,N,0015,1","99999,9,9,N","004000,1,9,9","+0274,1","+0221,1","10066,1","21,0003,3,1",,,,,"02,1,+00800,1,06,1","99,9,+99999,9,03,1","99,9,+99999,9,00,1",,"9,AGL   ,+99999,+99999","06,99,1,02,1,99,9,00800,1,99,9,99,9",,,"99999,9,10059,1","9,9,999,9,+009,1",,,"SYN06443278 22596 62303 10274 20221 30059 40066 82542 333 58009 6993/=",
"43278099999","2023-07-27T03:00:00","4","13.0666666","80.2","7.0","NUMGAMBAKKAM, IN","FM-12","99999","V020","250,1,N,0021,1","99999,9,9,N","010000,1,9,9","+0290,1","+0224,1","10080,1","24,0003,3,1",,,,,"03,1,+00800,1,06,1","99,9,+99999,9,03,1","99,9,+99999,9,00,1",,"9,AGL   ,+99999,+99999","06,99,1,03,1,99,9,00800,1,99,9,99,9","240,M,+0311,1","240,N,+0272,1","99999,9,10073,1","9,9,999,9,+012,1",,,"SYN09243278 22597 62504 10290 20224 30073 40080 83531 333 10311 20272 58012 6993/ 555 00003 10267=",
"43278099999","2023-07-27T06:00:00","4","13.0666666","80.2","7.0","NUMGAMBAKKAM, IN","FM-12","99999","V020","320,1,N,0051,1","22000,1,9,N","010000,1,9,9","+0324,1","+0215,1","10072,1",,,,,,"02,1,+00800,1,06,1","99,9,+99999,9,03,1","99,9,+99999,9,00,1",,"9,AGL   ,+99999,+99999","04,99,1,02,1,99,9,00800,1,99,9,99,9",,,"99999,9,10065,1","9,9,999,9,-002,1",,,"SYN05843278 32597 43210 10324 20215 30065 40072 82532 333 59002=",
"43278099999","2023-07-27T09:00:00","4","13.0666666","80.2","7.0","NUMGAMBAKKAM, IN","FM-12","99999","V020","230,1,N,0010,1","99999,9,9,N","010000,1,9,9","+0352,1","+0214,1","10049,1",,,,,,"02,1,+00800,1,06,1","99,9,+99999,9,03,1","99,9,+99999,9,00,1",,"9,AGL   ,+99999,+99999","05,99,1,02,1,99,9,00800,1,99,9,99,9",,,"99999,9,10042,1","9,9,999,9,-008,1",,,"SYN05843278 32597 52302 10352 20214 30042 40049 82431 333 59008=",
"43278099999","2023-07-27T12:00:00","4","13.0666666","80.2","7.0","NUMGAMBAKKAM, IN","FM-12","99999","V020","250,1,N,0015,1","99999,9,9,N","010000,1,9,9","+0340,1","+0203,1","10047,1","09,0000,2,1","2,1,02,1","2,1,02,1",,,"02,1,+00800,1,09,1","99,9,+99999,9,03,1","99,9,+99999,9,00,1",,"9,AGL   ,+99999,+99999","06,99,1,02,1,99,9,00800,1,99,9,99,9","240,M,+0361,1",,"99999,9,10040,1","9,9,999,9,-008,1",,"95,1","SYN07643278 21597 62503 10340 20203 30040 40047 79522 82372 333 10361 59008 6990/=",
"43278099999","2023-07-27T15:00:00","4","13.0666666","80.2","7.0","NUMGAMBAKKAM, IN","FM-12","99999","V020","230,1,N,0010,1","22000,1,9,N","004000,1,9,9","+0296,1","+0241,1","10062,1","12,0001,3,1","9,1,02,1","6,1,02,1",,,"01,1,+00800,1,06,1","99,9,+99999,9,03,1","99,9,+99999,9,00,1",,"9,AGL   ,+99999,+99999","04,99,1,01,1,99,9,00800,1,99,9,99,9",,,"99999,9,10055,1","9,9,999,9,-006,1",,"02,1","SYN07043278 21596 42302 10296 20241 30055 40062 70296 81531 333 59006 6991/=",
"43278099999","2023-07-28T00:00:00","4","13.0666666","80.2","7.0","NUMGAMBAKKAM, IN","FM-12","99999","V020","999,9,V,0010,1","99999,9,9,N","004000,1,9,9","+0278,1","+0225,1","10067,1","21,0001,3,1",,,,,"03,1,+02250,1,03,1","99,9,+99999,9,00,1",,,"9,AGL   ,+99999,+99999","05,99,1,03,1,99,9,02250,1,99,9,99,9",,,"99999,9,10060,1","9,9,999,9,+001,1",,,"SYN06443278 22896 59902 10278 20225 30060 40067 83062 333 58001 6991/=",
"43278099999","2023-07-28T03:00:00","4","13.0666666","80.2","7.0","NUMGAMBAKKAM, IN","FM-12","99999","V020","250,1,N,0015,1","22000,1,9,N","010000,1,9,9","+0310,1","+0228,1","10072,1","24,0001,3,1",,,,,"99,9,+99999,9,00,1",,,,"9,AGL   ,+99999,+99999","01,99,1,00,1,99,9,99999,9,99,9,99,9","240,M,+0361,1","240,N,+0276,1","99999,9,10065,1","9,9,999,9,-008,1",,,"SYN09243278 22997 12503 10310 20228 30065 40072 80001 333 10361 20276 59008 6991/ 555 00001 10267=","Q01    003SCCGA1"
"43278099999","2023-07-28T06:00:00","4","13.0666666","80.2","7.0","NUMGAMBAKKAM, IN","FM-12","99999","V020","270,1,N,0021,1","22000,1,9,N","010000,1,9,9","+0336,1","+0226,1","10063,1",,,,,,"01,1,+00800,1,06,1","99,9,+99999,9,00,1",,,"9,AGL   ,+99999,+99999","02,99,1,01,1,99,9,00800,1,99,9,99,9",,,"99999,9,10056,1","9,9,999,9,-009,1",,,"SYN05843278 32597 22704 10336 20226 30056 40063 81501 333 59009=",
"43278099999","2023-07-28T09:00:00","4","13.0666666","80.2","7.0","NUMGAMBAKKAM, IN","FM-12","99999","V020","270,1,N,0021,1","99999,9,9,N","010000,1,9,9","+0350,1","+0241,1","10045,1",,,,,,"05,1,+00800,1,06,1",,,,"9,AGL   ,+99999,+99999","05,99,1,05,1,99,9,00800,1,99,9,99,9",,,"99999,9,10038,1","9,9,999,9,-004,1",,,"SYN05843278 32597 52704 10350 20241 30038 40045 85400 333 59004=",
"43278099999","2023-07-28T12:00:00","4","13.0666666","80.2","7.0","NUMGAMBAKKAM, IN","FM-12","99999","V020","270,1,N,0026,1","99999,9,9,N","010000,1,9,9","+0350,1","+0231,1","10040,1",,,,,,"06,1,+00800,1,06,1","99,9,+99999,9,04,1",,,"9,AGL   ,+99999,+99999","07,99,1,06,1,99,9,00800,1,99,9,99,9",,,"99999,9,10033,1","9,9,999,9,-007,1",,,"SYN06443278 32597 72705 10350 20231 30033 40040 86510 333 10364 59007=",
"43278099999","2023-07-28T15:00:00","4","13.0666666","80.2","7.0","NUMGAMBAKKAM, IN","FM-12","99999","V020","250,1,N,0010,1","99999,9,9,N","004000,1,9,9","+0324,1","+0251,1","10057,1",,,,,,"05,1,+00800,1,06,1","99,9,+99999,9,00,1",,,"9,AGL   ,+99999,+99999","06,99,1,05,1,99,9,00800,1,99,9,99,9",,,"99999,9,10050,1","9,9,999,9,-005,1",,,"SYN05843278 32596 62502 10324 20251 30050 40057 85501 333 59005=",
"43278099999","2023-07-29T00:00:00","4","13.0666666","80.2","7.0","NUMGAMBAKKAM, IN","FM-12","99999","V020","230,1,N,0015,1","22000,1,9,N","004000,1,9,9","+0290,1","+0216,1","10060,1",,,,,,"01,1,+00800,1,06,1","99,9,+99999,9,00,1",,,"9,AGL   ,+99999,+99999","03,99,1,01,1,99,9,00800,1,99,9,99,9",,,"99999,9,10053,1","9,9,999,9,-007,1",,,"SYN05843278 32596 32303 10290 20216 30053 40060 81501 333 59007=",
"43278099999","2023-07-29T03:00:00","4","13.0666666","80.2","7.0","NUMGAMBAKKAM, IN","FM-12","99999","V020","270,1,N,0026,1","99999,9,9,N","010000,1,9,9","+0300,1","+0219,1","10073,1",,,,,,"05,1,+01250,1,06,1","99,9,+99999,9,00,1",,,"9,AGL   ,+99999,+99999","06,99,1,05,1,99,9,01250,1,99,9,99,9","240,M,+0364,1","240,N,+0286,1","99999,9,10066,1","9,9,999,9,+001,1",,,"SYN08043278 32697 62705 10300 20219 30066 40073 85501 333 10364 20286 58001 555 10267=",
"43278099999","2023-07-29T06:00:00","4","13.0666666","80.2","7.0","NUMGAMBAKKAM, IN","FM-12","99999","V020","290,1,N,0057,1","99999,9,9,N","010000,1,9,9","+0340,1","+0224,1","10063,1",,,,,,"05,1,+01250,1,06,1","99,9,+99999,9,04,1","99,9,+99999,9,00,1",,"9,AGL   ,+99999,+99999","07,99,1,05,1,99,9,01250,1,99,9,99,9",,,"99999,9,10056,1","9,9,999,9,+000,1",,,"SYN05843278 32697 72911 10340 20224 30056 40063 85511 333 58000=",
"43278099999","2023-07-29T09:00:00","4","13.0666666","80.2","7.0","NUMGAMBAKKAM, IN","FM-12","99999","V020","320,1,N,0010,1","99999,9,9,N","010000,1,9,9","+0362,1","+0219,1","10041,1",,,,,,"03,1,+00800,1,06,1","99,9,+99999,9,00,1",,,"9,AGL   ,+99999,+99999","05,99,1,03,1,99,9,00800,1,99,9,99,9",,,"99999,9,10034,1","9,9,999,9,-004,1",,,"SYN05843278 32597 53202 10362 20219 30034 40041 83501 333 59004=",
"43278099999","2023-07-29T12:00:00","4","13.0666666","80.2","7.0","NUMGAMBAKKAM, IN","FM-12","99999","V020","320,1,N,0015,1","99999,9,9,N","010000,1,9,9","+0354,1","+0209,1","10039,1",,,,,,"03,1,+00800,1,06,1","99,9,+99999,9,04,1","99,9,+99999,9,00,1",,"9,AGL   ,+99999,+99999","06,99,1,03,1,99,9,00800,1,99,9,99,9",,,"99999,9,10032,1","9,9,999,9,-001,1",,,"SYN06443278 32597 63203 10354 20209 30032 40039 83511 333 10369 59001=",
"43278099999","2023-07-29T15:00:00","4","13.0666666","80.2","7.0","NUMGAMBAKKAM, IN","FM-12","99999","V020","140,1,N,0015,1","99999,9,9,N","004000,1,9,9","+0318,1","+0241,1","10055,1",,,,,,"02,1,+00800,1,06,1","99,9,+99999,9,03,1","99,9,+99999,9,00,1",,"9,AGL   ,+99999,+99999","06,99,1,02,1,99,9,00800,1,99,9,99,9",,,"99999,9,10048,1","9,9,999,9,-002,1",,,"SYN05843278 32596 61403 10318 20241 30048 40055 82531 333 59002=",
"43278099999","2023-07-30T00:00:00","4","13.0666666","80.2","7.0","NUMGAMBAKKAM, IN","FM-12","99999","V020","270,1,N,0021,1","99999,9,9,N","004000,1,9,9","+0294,1","+0214,1","10060,1",,,,,,"05,1,+02250,1,03,1","99,9,+99999,9,00,1",,,"9,AGL   ,+99999,+99999","06,99,1,05,1,99,9,02250,1,99,9,99,9",,,"99999,9,10053,1","9,9,999,9,+000,1",,,"SYN05843278 32896 62704 10294 20214 30053 40060 85031 333 58000=",
"43278099999","2023-07-30T03:00:00","4","13.0666666","80.2","7.0","NUMGAMBAKKAM, IN","FM-12","99999","V020","250,1,N,0021,1","99999,9,9,N","010000,1,9,9","+0299,1","+0218,1","10068,1",,,,,,"05,1,+01250,1,06,1","99,9,+99999,9,04,1","99,9,+99999,9,00,1",,"9,AGL   ,+99999,+99999","07,99,1,05,1,99,9,01250,1,99,9,99,9","240,M,+0369,1","240,N,+0288,1","99999,9,10061,1","9,9,999,9,-005,1",,,"SYN08043278 32697 72504 10299 20218 30061 40068 85511 333 10369 20288 59005 555 10267=",
"43278099999","2023-07-30T06:00:00","4","13.0666666","80.2","7.0","NUMGAMBAKKAM, IN","FM-12","99999","V020","290,1,N,0051,1","22000,1,9,N","010000,1,9,9","+0345,1","+0231,1","10062,1",,,,,,"99,9,+99999,9,00,1",,,,"9,AGL   ,+99999,+99999","03,99,1,00,1,99,9,99999,9,99,9,99,9",,,"99999,9,10055,1","9,9,999,9,-001,1",,,"SYN05843278 32997 32910 10345 20231 30055 40062 80001 333 59001=","Q01    003SCCGA1"
"43278099999","2023-07-30T09:00:00","4","13.0666666","80.2","7.0","NUMGAMBAKKAM, IN","FM-12","99999","V020","320,1,N,0026,1","22000,1,9,N","010000,1,9,9","+0370,1","+0222,1","10040,1",,,,,,"02,1,+00800,1,06,1","99,9,+99999,9,00,1",,,"9,AGL   ,+99999,+99999","04,99,1,02,1,99,9,00800,1,99,9,99,9",,,"99999,9,10033,1","9,9,999,9,-001,1",,,"SYN05843278 32597 43205 10370 20222 30033 40040 82501 333 59001=",
"43278099999","2023-07-30T12:00:00","4","13.0666666","80.2","7.0","NUMGAMBAKKAM, IN","FM-12","99999","V020","320,1,N,0010,1","22000,1,9,N","010000,1,9,9","+0354,1","+0206,1","10030,1",,,,,,"01,1,+00800,1,06,1","99,9,+99999,9,00,1",,,"9,AGL   ,+99999,+99999","03,99,1,01,1,99,9,00800,1,99,9,99,9",,,"99999,9,10023,1","9,9,999,9,-009,1",,,"SYN06443278 32597 33202 10354 20206 30023 40030 81501 333 10376 59009=",
"43278099999","2023-07-30T15:00:00","4","13.0666666","80.2","7.0","NUMGAMBAKKAM, IN","FM-12","99999","V020","140,1,N,0015,1","22000,1,9,N","004000,1,9,9","+0308,1","+0239,1","10048,1",,,,,,"99,9,+99999,9,00,1",,,,"9,AGL   ,+99999,+99999","02,99,1,00,1,99,9,99999,9,99,9,99,9",,,"99999,9,10041,1","9,9,999,9,-007,1",,,"SYN05843278 32996 21403 10308 20239 30041 40048 80001 333 59007=","Q01    003SCCGA1"
"43278099999","2023-07-31T00:00:00","4","13.0666666","80.2","7.0","NUMGAMBAKKAM, IN","FM-12","99999","V020","320,1,N,0021,1","99999,9,9,N","004000,1,9,9","+0302,1","+0216,1","10048,1",,,,,,"02,1,+00800,1,06,1","99,9,+99999,9,04,1","99,9,+99999,9,00,1",,"9,AGL   ,+99999,+99999","06,99,1,02,1,99,9,00800,1,99,9,99,9",,,"99999,9,10041,1","9,9,999,9,-012,1",,,"SYN05843278 32596 63204 10302 20216 30041 40048 82511 333 59012=",
"43278099999","2023-07-31T03:00:00","4","13.0666666","80.2","7.0","NUMGAMBAKKAM, IN","FM-12","99999","V020","270,1,N,0015,1","99999,9,9,N","010000,1,9,9","+0310,1","+0222,1","10066,1",,,,,,"05,1,+00800,1,06,1","99,9,+99999,9,03,1","99,9,+99999,9,00,1",,"9,AGL   ,+99999,+99999","07,99,1,05,1,99,9,00800,1,99,9,99,9","240,M,+0376,1","240,N,+0294,1","99999,9,10059,1","9,9,999,9,+002,1",,,"SYN08043278 32597 72703 10310 20222 30059 40066 85551 333 10376 20294 58002 555 10267=",
"43278099999","2023-07-31T06:00:00","4","13.0666666","80.2","7.0","NUMGAMBAKKAM, IN","FM-12","99999","V020","250,1,N,0021,1","22000,1,9,N","010000,1,9,9","+0342,1","+0229,1","10058,1",,,,,,"99,9,+99999,9,00,1",,,,"9,AGL   ,+99999,+99999","01,99,1,00,1,99,9,99999,9,99,9,99,9",,,"99999,9,10051,1","9,9,999,9,-004,1",,,"SYN05843278 32997 12504 10342 20229 30051 40058 80001 333 59004=","Q01    003SCCGA1"
"43278099999","2023-07-31T09:00:00","4","13.0666666","80.2","7.0","NUMGAMBAKKAM, IN","FM-12","99999","V020","270,1,N,0010,1","99999,9,9,N","010000,1,9,9","+0374,1","+0231,1","10037,1",,,,,,"02,1,+00800,1,06,1","99,9,+99999,9,03,1","99,9,+99999,9,00,1",,"9,AGL   ,+99999,+99999","05,99,1,02,1,99,9,00800,1,99,9,99,9",,,"99999,9,10030,1","9,9,999,9,-003,1",,,"SYN05843278 32597 52702 10374 20231 30030 40037 82531 333 59003=",
"43278099999","2023-07-31T12:00:00","4","13.0666666","80.2","7.0","NUMGAMBAKKAM, IN","FM-12","99999","V020","140,1,N,0010,1","99999,9,9,N","010000,1,9,9","+0332,1","+0237,1","10036,1",,,,,,"03,1,+00800,1,06,1","99,9,+99999,9,03,1",,,"9,AGL   ,+99999,+99999","08,99,1,03,1,99,9,00800,1,99,9,99,9",,,"99999,9,10029,1","9,9,999,9,+006,1",,,"SYN06443278 32597 81402 10332 20237 30029 40036 8353/ 333 10380 58006=",
"43278099999","2023-07-31T15:00:00","4","13.0666666","80.2","7.0","NUMGAMBAKKAM, IN","FM-12","99999","V020","140,1,N,0010,1","22000,1,9,N","004000,1,9,9","+0308,1","+0245,1","10050,1",,,,,,"02,1,+00800,1,06,1","99,9,+99999,9,00,1",,,"9,AGL   ,+99999,+99999","03,99,1,02,1,99,9,00800,1,99,9,99,9",,,"99999,9,10043,1","9,9,999,9,+002,1",,,"SYN05843278 32596 31402 10308 20245 30043 40050 82501 333 58002=",
"43278099999","2023-08-01T00:00:00","4","13.0666666","80.2","7.0","NUMGAMBAKKAM, IN","FM-12","99999","V020","200,1,N,0026,1","22000,1,9,N","004000,1,9,9","+0295,1","+0221,1","10053,1",,,,,,"03,1,+02250,1,03,1","99,9,+99999,9,00,1",,,"9,AGL   ,+99999,+99999","04,99,1,03,1,99,9,02250,1,99,9,99,9",,,"99999,9,10046,1","9,9,999,9,+005,1",,,"SYN05843278 32896 42005 10295 20221 30046 40053 83031 333 58005=",
"43278099999","2023-08-01T03:00:00","4","13.0666666","80.2","7.0","NUMGAMBAKKAM, IN","FM-12","99999","V020","270,1,N,0010,1","99999,9,9,N","010000,1,9,9","+0306,1","+0227,1","10064,1",,,,,,"02,1,+00800,1,06,1","99,9,+99999,9,03,1","99,9,+99999,9,00,1",,"9,AGL   ,+99999,+99999","06,99,1,02,1,99,9,00800,1,99,9,99,9","240,M,+0380,1","240,N,+0295,1","99999,9,10057,1","9,9,999,9,-002,1",,,"SYN08043278 32597 62702 10306 20227 30057 40064 82531 333 10380 20295 59002 555 10267=",
"43278099999","2023-08-01T06:00:00","4","13.0666666","80.2","7.0","NUMGAMBAKKAM, IN","FM-12","99999","V020","320,1,N,0010,1","99999,9,9,N","010000,1,9,9","+0338,1","+0241,1","10059,1",,,,,,"02,1,+00800,1,06,1","99,9,+99999,9,03,1","99,9,+99999,9,00,1",,"9,AGL   ,+99999,+99999","07,99,1,02,1,99,9,00800,1,99,9,99,9",,,"99999,9,10052,1","9,9,999,9,+001,1",,,"SYN05843278 32597 73202 10338 20241 30052 40059 82531 333 58001=",
"43278099999","2023-08-01T09:00:00","4","13.0666666","80.2","7.0","NUMGAMBAKKAM, IN","FM-12","99999","V020","270,1,N,0026,1","99999,9,9,N","010000,1,9,9","+0360,1","+0229,1","10042,1",,,,,,"03,1,+00800,1,06,1","99,9,+99999,9,04,1",,,"9,AGL   ,+99999,+99999","08,99,1,03,1,99,9,00800,1,99,9,99,9",,,"99999,9,10035,1","9,9,999,9,+005,1",,,"SYN05843278 32597 82705 10360 20229 30035 40042 8351/ 333 58005=",
"43278099999","2023-08-01T12:00:00","4","13.0666666","80.2","7.0","NUMGAMBAKKAM, IN","FM-12","99999","V020","270,1,N,0041,1","99999,9,9,N","010000,1,9,9","+0350,1","+0219,1","10039,1",,,,,,"02,1,+00800,1,06,1","99,9,+99999,9,04,1","99,9,+99999,9,02,1",,"9,AGL   ,+99999,+99999","07,99,1,02,1,99,9,00800,1,99,9,99,9",,,"99999,9,10032,1","9,9,999,9,+003,1",,,"SYN06443278 32597 72708 10350 20219 30032 40039 82516 333 10365 58003=",
"43278099999","2023-08-01T15:00:00","4","13.0666666","80.2","7.0","NUMGAMBAKKAM, IN","FM-12","99999","V020","270,1,N,0010,1","99999,9,9,N","004000,1,9,9","+0320,1","+0224,1","10051,1",,,,,,"02,1,+01250,1,04,1","99,9,+99999,9,00,1",,,"9,AGL   ,+99999,+99999","06,99,1,02,1,99,9,01250,1,99,9,99,9",,,"99999,9,10044,1","9,9,999,9,+001,1",,,"SYN05843278 32696 62702 10320 20224 30044 40051 82011 333 58001=",
"43278099999","2023-08-02T00:00:00","4","13.0666666","80.2","7.0","NUMGAMBAKKAM, IN","FM-12","99999","V020","230,1,N,0026,1","22000,1,9,N","004000,1,9,9","+0298,1","+0201,1","10063,1",,,,,,"01,1,+00800,1,06,1","99,9,+99999,9,00,1",,,"9,AGL   ,+99999,+99999","04,99,1,01,1,99,9,00800,1,99,9,99,9",,,"99999,9,10056,1","9,9,999,9,+010,1",,,"SYN05843278 32596 42305 10298 20201 30056 40063 81502 333 58010=",
"43278099999","2023-08-02T03:00:00","4","13.0666666","80.2","7.0","NUMGAMBAKKAM, IN","FM-12","99999","V020","230,1,N,0021,1","22000,1,9,N","010000,1,9,9","+0300,1","+0214,1","10079,1",,,,,,"01,1,+00800,1,06,1","99,9,+99999,9,03,1","99,9,+99999,9,00,1",,"9,AGL   ,+99999,+99999","04,99,1,01,1,99,9,00800,1,99,9,99,9","240,M,+0365,1","240,N,+0291,1","99999,9,10072,1","9,9,999,9,+015,1",,,"SYN08043278 32597 42304 10300 20214 30072 40079 81571 333 10365 20291 58015 555 10267=",
"43278099999","2023-08-02T06:00:00","4","13.0666666","80.2","7.0","NUMGAMBAKKAM, IN","FM-12","99999","V020","230,1,N,0015,1","22000,1,9,N","010000,1,9,9","+0344,1","+0225,1","10068,1",,,,,,"03,1,+01750,1,03,1","99,9,+99999,9,00,1",,,"9,AGL   ,+99999,+99999","04,99,1,03,1,99,9,01750,1,99,9,99,9",,,"99999,9,10061,1","9,9,999,9,+009,1",,,"SYN05843278 32797 42303 10344 20225 30061 40068 83071 333 58009=",
"43278099999","2023-08-02T09:00:00","4","13.0666666","80.2","7.0","NUMGAMBAKKAM, IN","FM-12","99999","V020","270,1,N,0031,1","99999,9,9,N","010000,1,9,9","+0361,1","+0216,1","10047,1",,,,,,"02,1,+01750,1,04,1","99,9,+99999,9,02,1",,,"9,AGL   ,+99999,+99999","06,99,1,02,1,99,9,01750,1,99,9,99,9",,,"99999,9,10040,1","9,9,999,9,+005,1",,,"SYN05843278 32797 62706 10361 20216 30040 40047 82017 333 58005=",
"43278099999","2023-08-02T12:00:00","4","13.0666666","80.2","7.0","NUMGAMBAKKAM, IN","FM-12","99999","V020","270,1,N,0021,1","99999,9,9,N","010000,1,9,9","+0359,1","+0207,1","10044,1",,,,,,"04,1,+00800,1,06,1","99,9,+99999,9,04,1","99,9,+99999,9,02,1",,"9,AGL   ,+99999,+99999","08,99,1,04,1,99,9,00800,1,99,9,99,9",,,"99999,9,10037,1","9,9,999,9,+005,1",,,"SYN06443278 32597 82704 10359 20207 30037 40044 84517 333 10373 58005=",
"43278099999","2023-08-02T15:00:00","4","13.0666666","80.2","7.0","NUMGAMBAKKAM, IN","FM-12","99999","V020","250,1,N,0010,1","22000,1,9,N","004000,1,9,9","+0334,1","+0216,1","10058,1",,,,,,"02,1,+00800,1,06,1","99,9,+99999,9,04,1","99,9,+99999,9,00,1",,"9,AGL   ,+99999,+99999","04,99,1,02,1,99,9,00800,1,99,9,99,9",,,"99999,9,10051,1","9,9,999,9,+007,1",,,"SYN05843278 32596 42502 10334 20216 30051 40058 82511 333 58007=",
"43278099999","2023-08-03T00:00:00","4","13.0666666","80.2","7.0","NUMGAMBAKKAM, IN","FM-12","99999","V020","270,1,N,0026,1","99999,9,9,N","004000,1,9,9","+0300,1","+0207,1","10057,1","21,0000,9,1",,,,,"02,1,+02250,1,04,1","99,9,+99999,9,02,1",,,"9,AGL   ,+99999,+99999","07,99,1,02,1,99,9,02250,1,99,9,99,9",,,"99999,9,10050,1","9,9,999,9,+004,1",,,"SYN06443278 22896 72705 10300 20207 30050 40057 82018 333 58004 6990/=","Q01  00002PRCP21"
"43278099999","2023-08-03T03:00:00","4","13.0666666","80.2","7.0","NUMGAMBAKKAM, IN","FM-12","99999","V020","230,1,N,0015,1","22000,1,9,N","010000,1,9,9","+0312,1","+0214,1","10064,1","24,0000,9,1",,,,,"99,9,+99999,9,00,1",,,,"9,AGL   ,+99999,+99999","03,99,1,00,1,99,9,99999,9,99,9,99,9","240,M,+0373,1","240,N,+0295,1","99999,9,10057,1","9,9,999,9,-015,1",,,"SYN08643278 22997 32303 10312 20214 30057 40064 80001 333 10373 20295 59015 6990/ 555 10267=","Q01  00002PRCP24Q02    003SCCGA1"
"43278099999","2023-08-03T06:00:00","4","13.0666666","80.2","7.0","NUMGAMBAKKAM, IN","FM-12","99999","V020","270,1,N,0021,1","22000,1,9,N","010000,1,9,9","+0344,1","+0228,1","10062,1",,,,,,"01,1,+00800,1,06,1","99,9,+99999,9,00,1",,,"9,AGL   ,+99999,+99999","02,99,1,01,1,99,9,00800,1,99,9,99,9",,,"99999,9,10055,1","9,9,999,9,-006,1",,,"SYN05843278 32597 22704 10344 20228 30055 40062 81501 333 59006=",
"43278099999","2023-08-03T09:00:00","4","13.0666666","80.2","7.0","NUMGAMBAKKAM, IN","FM-12","99999","V020","270,1,N,0015,1","99999,9,9,N","010000,1,9,9","+0372,1","+0232,1","10044,1",,,,,,"03,1,+00800,1,06,1","99,9,+99999,9,03,1","99,9,+99999,9,00,1",,"9,AGL   ,+99999,+99999","06,99,1,03,1,99,9,00800,1,99,9,99,9",,,"99999,9,10037,1","9,9,999,9,-003,1",,,"SYN05843278 32597 62703 10372 20232 30037 40044 83531 333 59003=",
"43278099999","2023-08-03T12:00:00","4","13.0666666","80.2","7.0","NUMGAMBAKKAM, IN","FM-12","99999","V020","999,9,C,0000,1","99999,9,9,N","010000,1,9,9","+0336,1","+0255,1","10044,1",,,,,,"03,1,+00800,1,06,1","99,9,+99999,9,03,1","99,9,+99999,9,00,1",,"9,AGL   ,+99999,+99999","06,99,1,03,1,99,9,00800,1,99,9,99,9",,,"99999,9,10037,1","9,9,999,9,+000,1",,,"SYN06443278 32597 60000 10336 20255 30037 40044 83531 333 10381 58000=",
"43278099999","2023-08-03T15:00:00","4","13.0666666","80.2","7.0","NUMGAMBAKKAM, IN","FM-12","99999","V020","140,1,N,0010,1","99999,9,9,N","004000,1,9,9","+0312,1","+0262,1","10066,1",,,,,,"02,1,+00800,1,06,1","99,9,+99999,9,03,1","99,9,+99999,9,00,1",,"9,AGL   ,+99999,+99999","06,99,1,02,1,99,9,00800,1,99,9,99,9",,,"99999,9,10059,1","9,9,999,9,+008,1",,,"SYN05843278 32596 61402 10312 20262 30059 40066 82571 333 58008=",
"43278099999","2023-08-04T00:00:00","4","13.0666666","80.2","7.0","NUMGAMBAKKAM, IN","FM-12","99999","V020","230,1,N,0010,1","22000,1,9,N","004000,1,9,9","+0296,1","+0229,1","10067,1",,,,,,"02,1,+00800,1,06,1","99,9,+99999,9,00,1",,,"9,AGL   ,+99999,+99999","04,99,1,02,1,99,9,00800,1,99,9,99,9",,,"99999,9,10060,1","9,9,999,9,+010,1",,,"SYN05843278 32596 42302 10296 20229 30060 40067 82501 333 58010=",
"43278099999","2023-08-04T03:00:00","4","13.0666666","80.2","7.0","NUMGAMBAKKAM, IN","FM-12","99999","V020","230,1,N,0015,1","99999,9,9,N","010000,1,9,9","+0300,1","+0217,1","10091,1","24,0000,2,1","2,1,02,1","2,1,02,1",,,"01,1,+00800,1,06,1","99,9,+99999,9,03,1","99,9,+99999,9,00,1",,"9,AGL   ,+99999,+99999","05,99,1,01,1,99,9,00800,1,99,9,99,9","240,M,+0381,1","240,N,+0300,1","99999,9,10084,1","9,9,999,9,+027,1",,"20,1","SYN09243278 21597 52303 10300 20217 30084 40091 72022 81571 333 10381 20300 58027 6990/ 555 10267=",
"43278099999","2023-08-04T06:00:00","4","13.0666666","80.2","7.0","NUMGAMBAKKAM, IN","FM-12","99999","V020","270,1,N,0015,1","22000,1,9,N","010000,1,9,9","+0346,1","+0224,1","10087,1",,,,,,"03,1,+01750,1,03,1","99,9,+99999,9,00,1",,,"9,AGL   ,+99999,+99999","04,99,1,03,1,99,9,01750,1,99,9,99,9",,,"99999,9,10080,1","9,9,999,9,+025,1",,,"SYN05843278 32797 42703 10346 20224 30080 40087 83071 333 58025=",
"43278099999","2023-08-04T09:00:00","4","13.0666666","80.2","7.0","NUMGAMBAKKAM, IN","FM-12","99999","V020","230,1,N,0021,1","99999,9,9,N","010000,1,9,9","+0370,1","+0233,1","10069,1",,,,,,"02,1,+00800,1,08,1","99,9,+99999,9,00,1",,,"9,AGL   ,+99999,+99999","05,99,1,02,1,99,9,00800,1,99,9,99,9",,,"99999,9,10062,1","9,9,999,9,+025,1",,,"SYN05843278 32597 52304 10370 20233 30062 40069 82101 333 58025=",
"43278099999","2023-08-04T12:00:00","4","13.0666666","80.2","7.0","NUMGAMBAKKAM, IN","FM-12","99999","V020","110,1,N,0026,1","99999,9,9,N","010000,1,9,9","+0325,1","+0252,1","10062,1",,,,,,"03,1,+00800,1,06,1","99,9,+99999,9,00,1",,,"9,AGL   ,+99999,+99999","05,99,1,03,1,99,9,00800,1,99,9,99,9",,,"99999,9,10055,1","9,9,999,9,+018,1",,,"SYN06443278 32597 51105 10325 20252 30055 40062 83401 333 10380 58018=",
"43278099999","2023-08-04T15:00:00","4","13.0666666","80.2","7.0","NUMGAMBAKKAM, IN","FM-12","99999","V020","160,1,N,0015,1","22000,1,9,N","010000,1,9,9","+0302,1","+0263,1","10079,1",,,,,,"99,9,+99999,9,00,1",,,,"9,AGL   ,+99999,+99999","02,99,1,00,1,99,9,99999,9,99,9,99,9",,,"99999,9,10072,1","9,9,999,9,+013,1",,,"SYN05843278 32997 21603 10302 20263 30072 40079 80001 333 58013=","Q01    003SCCGA1"
"43278099999","2023-08-05T00:00:00","4","13.0666666","80.2","7.0","NUMGAMBAKKAM, IN","FM-12","99999","V020","250,1,N,0015,1","22000,1,9,N","004000,1,9,9","+0294,1","+0236,1","10096,1",,,,,,"01,1,+00800,1,06,1","99,9,+99999,9,03,1","99,9,+99999,9,00,1",,"9,AGL   ,+99999,+99999","04,99,1,01,1,99,9,00800,1,99,9,99,9",,,"99999,9,10089,1","9,9,999,9,+029,1",,,"SYN05843278 32596 42503 10294 20236 30089 40096 81581 333 58029=",
"43278099999","2023-08-05T03:00:00","4","13.0666666","80.2","7.0","NUMGAMBAKKAM, IN","FM-12","99999","V020","230,1,N,0021,1","22000,1,9,N","010000,1,9,9","+0318,1","+0228,1","10106,1",,,,,,"02,1,+01750,1,03,1","99,9,+99999,9,00,1",,,"9,AGL   ,+99999,+99999","04,99,1,02,1,99,9,01750,1,99,9,99,9","240,M,+0380,1","240,N,+0291,1","99999,9,10099,1","9,9,999,9,+015,1",,,"SYN08043278 32797 42304 10318 20228 30099 40106 82071 333 10380 20291 58015 555 10267=",
"43278099999","2023-08-05T06:00:00","4","13.0666666","80.2","7.0","NUMGAMBAKKAM, IN","FM-12","99999","V020","230,1,N,0010,1","22000,1,9,N","010000,1,9,9","+0350,1","+0226,1","10099,1",,,,,,"99,9,+99999,9,00,1",,,,"9,AGL   ,+99999,+99999","02,99,1,00,1,99,9,99999,9,99,9,99,9",,,"99999,9,10092,1","9,9,999,9,+012,1",,,"SYN05843278 32997 22302 10350 20226 30092 40099 80001 333 58012=","Q01    003SCCGA1"
"43278099999","2023-08-05T09:00:00","4","13.0666666","80.2","7.0","NUMGAMBAKKAM, IN","FM-12","99999","V020","320,1,N,0010,1","99999,9,9,N","010000,1,9,9","+0374,1","+0227,1","10074,1",,,,,,"03,1,+00800,1,06,1","99,9,+99999,9,00,1",,,"9,AGL   ,+99999,+99999","05,99,1,03,1,99,9,00800,1,99,9,99,9",,,"99999,9,10067,1","9,9,999,9,+005,1",,,"SYN05843278 32597 53202 10374 20227 30067 40074 83401 333 58005=",
"43278099999","2023-08-05T12:00:00","4","13.0666666","80.2","7.0","NUMGAMBAKKAM, IN","FM-12","99999","V020","140,1,N,0010,1","22000,1,9,N","010000,1,9,9","+0316,1","+0251,1","10072,1",,,,,,"02,1,+00800,1,06,1","99,9,+99999,9,00,1",,,"9,AGL   ,+99999,+99999","03,99,1,02,1,99,9,00800,1,99,9,99,9",,,"99999,9,10065,1","9,9,999,9,+010,1",,,"SYN06443278 32597 31402 10316 20251 30065 40072 82401 333 10379 58010=",
"43278099999","2023-08-05T15:00:00","4","13.0666666","80.2","7.0","NUMGAMBAKKAM, IN","FM-12","99999","V020","140,1,N,0010,1","22000,1,9,N","004000,1,9,9","+0302,1","+0257,1","10085,1",,,,,,"02,1,+00800,1,06,1","99,9,+99999,9,00,1",,,"9,AGL   ,+99999,+99999","03,99,1,02,1,99,9,00800,1,99,9,99,9",,,"99999,9,10078,1","9,9,999,9,+006,1",,,"SYN05843278 32596 31402 10302 20257 30078 40085 82501 333 58006=",
"43278099999","2023-08-06T00:00:00","4","13.0666666","80.2","7.0","NUMGAMBAKKAM, IN","FM-12","99999","V020","230,1,N,0010,1","22000,1,9,N","004000,1,9,9","+0292,1","+0246,1","10081,1",,,,,,"01,1,+00800,1,06,1","99,9,+99999,9,00,1",,,"9,AGL   ,+99999,+99999","03,99,1,01,1,99,9,00800,1,99,9,99,9",,,"99999,9,10074,1","9,9,999,9,-015,1",,,"SYN05843278 32596 32302 10292 20246 30074 40081 81502 333 59015=",
"43278099999","2023-08-06T03:00:00","4","13.0666666","80.2","7.0","NUMGAMBAKKAM, IN","FM-12","99999","V020","230,1,N,0015,1","22000,1,9,N","010000,1,9,9","+0320,1","+0246,1","10094,1",,,,,,"99,9,+99999,9,00,1",,,,"9,AGL   ,+99999,+99999","01,99,1,00,1,99,9,99999,9,99,9,99,9","240,M,+0379,1","240,N,+0291,1","99999,9,10087,1","9,9,999,9,-012,1",,,"SYN08043278 32997 12303 10320 20246 30087 40094 80001 333 10379 20291 59012 555 10267=","Q01    003SCCGA1"
"43278099999","2023-08-06T06:00:00","4","13.0666666","80.2","7.0","NUMGAMBAKKAM, IN","FM-12","99999","V020","230,1,N,0015,1","22000,1,9,N","010000,1,9,9","+0356,1","+0236,1","10084,1",,,,,,"01,1,+00800,1,06,1","99,9,+99999,9,00,1",,,"9,AGL   ,+99999,+99999","02,99,1,01,1,99,9,00800,1,99,9,99,9",,,"99999,9,10077,1","9,9,999,9,-015,1",,,"SYN05843278 32597 22303 10356 20236 30077 40084 81501 333 59015=",
"43278099999","2023-08-06T09:00:00","4","13.0666666","80.2","7.0","NUMGAMBAKKAM, IN","FM-12","99999","V020","270,1,N,0010,1","22000,1,9,N","010000,1,9,9","+0382,1","+0237,1","10060,1",,,,,,"03,1,+00800,1,06,1","99,9,+99999,9,00,1",,,"9,AGL   ,+99999,+99999","04,99,1,03,1,99,9,00800,1,99,9,99,9",,,"99999,9,10053,1","9,9,999,9,-014,1",,,"SYN05843278 32597 42702 10382 20237 30053 40060 83501 333 59014=",
"43278099999","2023-08-06T12:00:00","4","13.0666666","80.2","7.0","NUMGAMBAKKAM, IN","FM-12","99999","V020","140,1,N,0015,1","22000,1,9,N","010000,1,9,9","+0328,1","+0252,1","10054,1",,,,,,"02,1,+00800,1,06,1","99,9,+99999,9,03,1","99,9,+99999,9,01,1",,"9,AGL   ,+99999,+99999","04,99,1,02,1,99,9,00800,1,99,9,99,9",,,"99999,9,10047,1","9,9,999,9,-018,1",,,"SYN06443278 32597 41403 10328 20252 30047 40054 82489 333 10382 59018=",
"43278099999","2023-08-06T15:00:00","4","13.0666666","80.2","7.0","NUMGAMBAKKAM, IN","FM-12","99999","V020","110,1,N,0015,1","22000,1,9,N","004000,1,9,9","+0306,1","+0264,1","10073,1",,,,,,"01,1,+00800,1,06,1","99,9,+99999,9,00,1",,,"9,AGL   ,+99999,+99999","03,99,1,01,1,99,9,00800,1,99,9,99,9",,,"99999,9,10066,1","9,9,999,9,-012,1",,,"SYN05843278 32596 31103 10306 20264 30066 40073 81501 333 59012=",
"43278099999","2023-08-07T00:00:00","4","13.0666666","80.2","7.0","NUMGAMBAKKAM, IN","FM-12","99999","V020","200,1,N,0005,1","99999,9,9,N","004000,1,9,9","+0294,1","+0239,1","10071,1",,,,,,"02,1,+00800,1,06,1","99,9,+99999,9,03,1","99,9,+99999,9,00,1",,"9,AGL   ,+99999,+99999","07,99,1,02,1,99,9,00800,1,99,9,99,9",,,"99999,9,10064,1","9,9,999,9,-010,1",,,"SYN05843278 32596 72001 10294 20239 30064 40071 82531 333 59010=",
"43278099999","2023-08-07T03:00:00","4","13.0666666","80.2","7.0","NUMGAMBAKKAM, IN","FM-12","99999","V020","230,1,N,0015,1","99999,9,9,N","010000,1,9,9","+0310,1","+0244,1","10075,1",,,,,,"02,1,+00800,1,06,1","99,9,+99999,9,03,1","99,9,+99999,9,00,1",,"9,AGL   ,+99999,+99999","05,99,1,02,1,99,9,00800,1,99,9,99,9","240,M,+0382,1","240,N,+0288,1","99999,9,10068,1","9,9,999,9,-019,1",,,"SYN08043278 32597 52303 10310 20244 30068 40075 82531 333 10382 20288 59019 555 10267=",
"43278099999","2023-08-07T09:00:00","4","13.0666666","80.2","7.0","NUMGAMBAKKAM, IN","FM-12","99999","V020","110,1,N,0026,1","22000,1,9,N","010000,1,9,9","+0338,1","+0251,1","10050,1",,,,,,"01,1,+00800,1,08,1","99,9,+99999,9,03,1","99,9,+99999,9,00,1",,"9,AGL   ,+99999,+99999","04,99,1,01,1,99,9,00800,1,99,9,99,9",,,"99999,9,10043,1","9,9,999,9,-010,1",,,"SYN05843278 32597 41105 10338 20251 30043 40050 81131 333 59010=",
"43278099999","2023-08-07T12:00:00","4","13.0666666","80.2","7.0","NUMGAMBAKKAM, IN","FM-12","99999","V020","140,1,N,0021,1","99999,9,9,N","010000,1,9,9","+0320,1","+0255,1","10043,1",,,,,,"02,1,+01750,1,04,1","99,9,+99999,9,00,1",,,"9,AGL   ,+99999,+99999","05,99,1,02,1,99,9,01750,1,99,9,99,9",,,"99999,9,10036,1","9,9,999,9,-011,1",,,"SYN06443278 32797 51404 10320 20255 30036 40043 82011 333 10373 59011=",
"43278099999","2023-08-08T00:00:00","4","13.0666666","80.2","7.0","NUMGAMBAKKAM, IN","FM-12","99999","V020","230,1,N,0010,1","22000,1,9,N","004000,1,9,9","+0292,1","+0246,1","10057,1",,,,,,"01,1,+00800,1,06,1","99,9,+99999,9,00,1",,,"9,AGL   ,+99999,+99999","02,99,1,01,1,99,9,00800,1,99,9,99,9",,,"99999,9,10050,1","9,9,999,9,-014,1",,,"SYN05843278 32596 22302 10292 20246 30050 40057 81501 333 59014=",
"43278099999","2023-08-08T03:00:00","4","13.0666666","80.2","7.0","NUMGAMBAKKAM, IN","FM-12","99999","V020","270,1,N,0015,1","99999,9,9,N","010000,1,9,9","+0310,1","+0254,1","10075,1",,,,,,"02,1,+00800,1,06,1","99,9,+99999,9,03,1","99,9,+99999,9,00,1",,"9,AGL   ,+99999,+99999","06,99,1,02,1,99,9,00800,1,99,9,99,9","240,M,+0373,1","240,N,+0291,1","99999,9,10068,1","9,9,999,9,+000,1",,,"SYN08043278 32597 62703 10310 20254 30068 40075 82531 333 10373 20291 58000 555 10267=",
"43278099999","2023-08-08T06:00:00","4","13.0666666","80.2","7.0","NUMGAMBAKKAM, IN","FM-12","99999","V020","320,1,N,0015,1","99999,9,9,N","010000,1,9,9","+0346,1","+0244,1","10071,1",,,,,,"01,1,+00800,1,06,1","99,9,+99999,9,04,1","99,9,+99999,9,00,1",,"9,AGL   ,+99999,+99999","06,99,1,01,1,99,9,00800,1,99,9,99,9",,,"99999,9,10064,1","9,9,999,9,+002,1",,,"SYN05843278 32597 63203 10346 20244 30064 40071 81511 333 58002=",
"43278099999","2023-08-08T09:00:00","4","13.0666666","80.2","7.0","NUMGAMBAKKAM, IN","FM-12","99999","V020","110,1,N,0010,1","99999,9,9,N","010000,1,9,9","+0335,1","+0250,1","10060,1",,,,,,"01,1,+00800,1,08,1","99,9,+99999,9,04,1","99,9,+99999,9,00,1",,"9,AGL   ,+99999,+99999","05,99,1,01,1,99,9,00800,1,99,9,99,9",,,"99999,9,10053,1","9,9,999,9,+010,1",,,"SYN05843278 32597 51102 10335 20250 30053 40060 81111 333 58010=",
"43278099999","2023-08-08T15:00:00","4","13.0666666","80.2","7.0","NUMGAMBAKKAM, IN","FM-12","99999","V020","999,9,C,0000,1","22000,1,9,N","004000,1,9,9","+0300,1","+0258,1","10080,1",,,,,,"01,1,+01750,1,03,1","99,9,+99999,9,00,1",,,"9,AGL   ,+99999,+99999","02,99,1,01,1,99,9,01750,1,99,9,99,9",,,"99999,9,10073,1","9,9,999,9,+021,1",,,"SYN05843278 32796 20000 10300 20258 30073 40080 81031 333 58021=",
"43278099999","2023-08-09T00:00:00","4","13.0666666","80.2","7.0","NUMGAMBAKKAM, IN","FM-12","99999","V020","290,1,N,0010,1","22000,1,9,N","004000,1,9,9","+0286,1","+0258,1","10080,1",,,,,,"99,9,+99999,9,01,1",,,,"9,AGL   ,+99999,+99999","02,99,1,00,1,99,9,99999,9,99,9,99,9",,,"99999,9,10073,1","9,9,999,9,+023,1",,,"SYN05843278 32996 22902 10286 20258 30073 40080 80009 333 58023=","Q01    003SCCGA1"
"43278099999","2023-08-09T03:00:00","4","13.0666666","80.2","7.0","NUMGAMBAKKAM, IN","FM-12","99999","V020","230,1,N,0010,1","22000,1,9,N","010000,1,9,9","+0303,1","+0257,1","10098,1",,,,,,"02,1,+00800,1,06,1","99,9,+99999,9,03,1","99,9,+99999,9,00,1",,"9,AGL   ,+99999,+99999","04,99,1,02,1,99,9,00800,1,99,9,99,9","240,M,+0359,1","240,N,+0283,1","99999,9,10091,1","9,9,999,9,+023,1",,,"SYN08043278 32597 42302 10303 20257 30091 40098 82531 333 10359 20283 58023 555 10267=",
"43278099999","2023-08-09T06:00:00","4","13.0666666","80.2","7.0","NUMGAMBAKKAM, IN","FM-12","99999","V020","290,1,N,0031,1","22000,1,9,N","010000,1,9,9","+0357,1","+0236,1","10092,1",,,,,,"01,1,+00800,1,08,1","99,9,+99999,9,00,1",,,"9,AGL   ,+99999,+99999","02,99,1,01,1,99,9,00800,1,99,9,99,9",,,"99999,9,10085,1","9,9,999,9,+021,1",,,"SYN05843278 32597 22906 10357 20236 30085 40092 81101 333 58021=",
"43278099999","2023-08-09T09:00:00","4","13.0666666","80.2","7.0","NUMGAMBAKKAM, IN","FM-12","99999","V020","140,1,N,0010,1","99999,9,9,N","010000,1,9,9","+0350,1","+0258,1","10078,1",,,,,,"03,1,+00800,1,09,1","99,9,+99999,9,03,1","99,9,+99999,9,00,1",,"9,AGL   ,+99999,+99999","05,99,1,03,1,99,9,00800,1,99,9,99,9",,,"99999,9,10071,1","9,9,999,9,+018,1",,,"SYN05843278 32597 51402 10350 20258 30071 40078 83331 333 58018=",
"43278099999","2023-08-09T15:00:00","4","13.0666666","80.2","7.0","NUMGAMBAKKAM, IN","FM-12","99999","V020","140,1,N,0010,1","22000,1,9,N","004000,1,9,9","+0306,1","+0261,1","10087,1",,,,,,"02,1,+00800,1,06,1","99,9,+99999,9,03,1","99,9,+99999,9,00,1",,"9,AGL   ,+99999,+99999","04,99,1,02,1,99,9,00800,1,99,9,99,9",,,"99999,9,10080,1","9,9,999,9,+007,1",,,"SYN05843278 32596 41402 10306 20261 30080 40087 82531 333 58007=",
"43278099999","2023-08-10T00:00:00","4","13.0666666","80.2","7.0","NUMGAMBAKKAM, IN","FM-12","99999","V020","250,1,N,0021,1","22000,1,9,N","004000,1,9,9","+0273,1","+0240,1","10091,1",,,,,,"01,1,+00800,1,06,1","99,9,+99999,9,03,1","99,9,+99999,9,00,1",,"9,AGL   ,+99999,+99999","03,99,1,01,1,99,9,00800,1,99,9,99,9",,,"99999,9,10084,1","9,9,999,9,+011,1",,,"SYN05843278 32596 32504 10273 20240 30084 40091 81531 333 58011=",
"43278099999","2023-08-10T03:00:00","4","13.0666666","80.2","7.0","NUMGAMBAKKAM, IN","FM-12","99999","V020","230,1,N,0015,1","99999,9,9,N","010000,1,9,9","+0296,1","+0245,1","10090,1",,,,,,"01,1,+00800,1,06,1","99,9,+99999,9,03,1","99,9,+99999,9,00,1",,"9,AGL   ,+99999,+99999","06,99,1,01,1,99,9,00800,1,99,9,99,9","240,M,+0373,1","240,N,+0270,1","99999,9,10083,1","9,9,999,9,-008,1",,,"SYN08043278 32597 62303 10296 20245 30083 40090 81531 333 10373 20270 59008 555 10267=",
"43278099999","2023-08-10T06:00:00","4","13.0666666","80.2","7.0","NUMGAMBAKKAM, IN","FM-12","99999","V020","340,1,N,0021,1","99999,9,9,N","010000,1,9,9","+0356,1","+0249,1","10080,1",,,,,,"01,1,+00800,1,08,1","99,9,+99999,9,00,1",,,"9,AGL   ,+99999,+99999","06,99,1,01,1,99,9,00800,1,99,9,99,9",,,"99999,9,10073,1","9,9,999,9,-012,1",,,"SYN05843278 32597 63404 10356 20249 30073 40080 81101 333 59012=",
"43278099999","2023-08-10T09:00:00","4","13.0666666","80.2","7.0","NUMGAMBAKKAM, IN","FM-12","99999","V020","140,1,N,0015,1","99999,9,9,N","010000,1,9,9","+0320,1","+0249,1","10073,1","06,0000,2,1","2,1,02,1","2,1,02,1",,,"03,1,+00800,1,08,1","99,9,+99999,9,03,1","99,9,+99999,9,02,1",,"9,AGL   ,+99999,+99999","08,99,1,03,1,99,9,00800,1,99,9,99,9",,,"99999,9,10066,1","9,9,999,9,-005,1",,"50,1","SYN07043278 21597 81403 10320 20249 30066 40073 75022 83876 333 59005 6990/=",
"43278099999","2023-08-10T12:00:00","4","13.0666666","80.2","7.0","NUMGAMBAKKAM, IN","FM-12","99999","V020","140,1,N,0015,1","99999,9,9,N","004000,1,9,9","+0254,1","+0227,1","10078,1","09,0140,3,1","9,1,02,1","6,1,02,1",,,"02,1,+00800,1,09,1","99,9,+99999,9,03,1","99,9,+99999,9,02,1",,"9,AGL   ,+99999,+99999","08,99,1,02,1,99,9,00800,1,99,9,99,9","240,M,+0368,1",,"99999,9,10071,1","9,9,999,9,+005,1",,"02,1","SYN07643278 21596 81403 10254 20227 30071 40078 70296 82376 333 10368 58005 6014/=",
"43278099999","2023-08-10T15:00:00","4","13.0666666","80.2","7.0","NUMGAMBAKKAM, IN","FM-12","99999","V020","999,9,C,0000,1","99999,9,9,N","004000,1,9,9","+0270,1","+0247,1","10086,1","12,0150,3,1","6,1,02,1","2,1,02,1",,,"02,1,+00800,1,06,1","99,9,+99999,9,03,1",,,"9,AGL   ,+99999,+99999","05,99,1,02,1,99,9,00800,1,99,9,99,9",,,"99999,9,10079,1","9,9,999,9,-001,1",,"01,1","SYN07043278 21596 50000 10270 20247 30079 40086 70162 82570 333 59001 6015/=",
"43278099999","2023-08-11T00:00:00","4","13.0666666","80.2","7.0","NUMGAMBAKKAM, IN","FM-12","99999","V020","250,1,N,0010,1","22000,1,9,N","004000,1,9,9","+0260,1","+0234,1","10084,1","21,0150,3,1",,,,,"01,1,+00800,1,06,1","99,9,+99999,9,00,1",,,"9,AGL   ,+99999,+99999","02,99,1,01,1,99,9,00800,1,99,9,99,9",,,"99999,9,10077,1","9,9,999,9,-007,1",,,"SYN06443278 22596 22502 10260 20234 30077 40084 81501 333 59007 6015/=",
"43278099999","2023-08-11T03:00:00","4","13.0666666","80.2","7.0","NUMGAMBAKKAM, IN","FM-12","99999","V020","320,1,N,0010,1","22000,1,9,9","010000,1,9,9","+0290,1","+0247,1","10094,1",,,,"0,1,99,9","0,1,99,9","02,1,+00600,1,06,1","99,9,+99999,9,03,1","99,9,+99999,9,00,1",,"9,AGL   ,+99999,+99999","04,99,1,02,1,99,9,00600,1,99,9,99,9","120,M,+0368,1","120,N,+0252,1","99999,9,10087,1","9,9,999,9,+004,1",,,"SYN004BUFR",
"43278099999","2023-08-11T06:00:00","4","13.0666666","80.2","7.0","NUMGAMBAKKAM, IN","FM-12","99999","V020","340,1,N,0010,1","99999,9,9,N","010000,1,9,9","+0330,1","+0235,1","10092,1",,,,,,"02,1,+00800,1,06,1","99,9,+99999,9,03,1","99,9,+99999,9,00,1",,"9,AGL   ,+99999,+99999","05,99,1,02,1,99,9,00800,1,99,9,99,9",,,"99999,9,10085,1","9,9,999,9,+012,1",,,"SYN05843278 32597 53402 10330 20235 30085 40092 82431 333 58012=",
"43278099999","2023-08-11T09:00:00","4","13.0666666","80.2","7.0","NUMGAMBAKKAM, IN","FM-12","99999","V020","140,1,N,0010,1","99999,9,9,N","010000,1,9,9","+0324,1","+0241,1","10070,1",,,,,,"02,1,+00800,1,06,1","99,9,+99999,9,03,1","99,9,+99999,9,00,1",,"9,AGL   ,+99999,+99999","05,99,1,02,1,99,9,00800,1,99,9,99,9",,,"99999,9,10063,1","9,9,999,9,-003,1",,,"SYN05843278 32597 51402 10324 20241 30063 40070 82531 333 59003=",
"43278099999","2023-08-11T12:00:00","4","13.0666666","80.2","7.0","NUMGAMBAKKAM, IN","FM-12","99999","V020","110,1,N,0015,1","99999,9,9,N","010000,1,9,9","+0308,1","+0247,1","10067,1",,,,,,"01,1,+00800,1,08,1","99,9,+99999,9,03,1","99,9,+99999,9,00,1",,"9,AGL   ,+99999,+99999","05,99,1,01,1,99,9,00800,1,99,9,99,9",,,"99999,9,10060,1","9,9,999,9,-011,1",,,"SYN06443278 32597 51103 10308 20247 30060 40067 81131 333 10332 59011=",
"43278099999","2023-08-11T15:00:00","4","13.0666666","80.2","7.0","NUMGAMBAKKAM, IN","FM-12","99999","V020","999,9,C,0000,1","22000,1,9,N","004000,1,9,9","+0292,1","+0252,1","10085,1",,,,,,"02,1,+00800,1,06,1","99,9,+99999,9,00,1",,,"9,AGL   ,+99999,+99999","03,99,1,02,1,99,9,00800,1,99,9,99,9",,,"99999,9,10078,1","9,9,999,9,-001,1",,,"SYN05843278 32596 30000 10292 20252 30078 40085 82501 333 59001=",
"43278099999","2023-08-12T00:00:00","4","13.0666666","80.2","7.0","NUMGAMBAKKAM, IN","FM-12","99999","V020","230,1,N,0010,1","22000,1,9,N","004000,1,9,9","+0272,1","+0240,1","10083,1",,,,,,"02,1,+00800,1,06,1","99,9,+99999,9,00,1",,,"9,AGL   ,+99999,+99999","03,99,1,02,1,99,9,00800,1,99,9,99,9",,,"99999,9,10076,1","9,9,999,9,-001,1",,,"SYN05843278 32596 32302 10272 20240 30076 40083 82501 333 59001=",
"43278099999","2023-08-12T03:00:00","4","13.0666666","80.2","7.0","NUMGAMBAKKAM, IN","FM-12","99999","V020","270,1,N,0010,1","99999,9,9,N","010000,1,9,9","+0306,1","+0252,1","10084,1",,,,,,"01,1,+00800,1,06,1","99,9,+99999,9,03,1","99,9,+99999,9,00,1",,"9,AGL   ,+99999,+99999","05,99,1,01,1,99,9,00800,1,99,9,99,9","240,M,+0332,1","240,N,+0269,1","99999,9,10077,1","9,9,999,9,-010,1",,,"SYN08043278 32597 52702 10306 20252 30077 40084 81531 333 10332 20269 59010 555 10282=",
"43278099999","2023-08-12T06:00:00","4","13.0666666","80.2","7.0","NUMGAMBAKKAM, IN","FM-12","99999","V020","230,1,N,0010,1","22000,1,9,N","010000,1,9,9","+0356,1","+0243,1","10081,1",,,,,,"03,1,+00800,1,06,1","99,9,+99999,9,00,1",,,"9,AGL   ,+99999,+99999","04,99,1,03,1,99,9,00800,1,99,9,99,9",,,"99999,9,10074,1","9,9,999,9,-011,1",,,"SYN05843278 32597 42302 10356 20243 30074 40081 83501 333 59011=",
"43278099999","2023-08-12T09:00:00","4","13.0666666","80.2","7.0","NUMGAMBAKKAM, IN","FM-12","99999","V020","999,9,C,0000,1","99999,9,9,N","010000,1,9,9","+0296,1","+0271,1","10066,1","06,0003,3,1","9,1,02,1","6,1,02,1",,,"03,1,+00800,1,06,1","99,9,+99999,9,03,1",,,"9,AGL   ,+99999,+99999","08,99,1,03,1,99,9,00800,1,99,9,99,9",,,"99999,9,10059,1","9,9,999,9,-003,1",,"50,1","SYN07043278 21597 80000 10296 20271 30059 40066 75096 8357/ 333 59003 6993/=",
"43278099999","2023-08-12T12:00:00","4","13.0666666","80.2","7.0","NUMGAMBAKKAM, IN","FM-12","99999","V020","999,9,C,0000,1","99999,9,9,N","010000,1,9,9","+0274,1","+0245,1","10068,1","09,0006,3,1","9,1,02,1","6,1,02,1",,,"04,1,+00800,1,09,1","99,9,+99999,9,03,1","99,9,+99999,9,00,1",,"9,AGL   ,+99999,+99999","08,99,1,04,1,99,9,00800,1,99,9,99,9",,,"99999,9,10061,1","9,9,999,9,+001,1",,"02,1","SYN07643278 21597 80000 10274 20245 30061 40068 70296 84331 333 10361 58001 6996/=",
"43278099999","2023-08-12T15:00:00","4","13.0666666","80.2","7.0","NUMGAMBAKKAM, IN","FM-12","99999","V020","999,9,C,0000,1","99999,9,9,N","004000,1,9,9","+0272,1","+0255,1","10082,1","12,0010,3,1","2,1,02,1","2,1,02,1",,,"01,1,+00800,1,06,1","99,9,+99999,9,03,1","99,9,+99999,9,00,1",,"9,AGL   ,+99999,+99999","05,99,1,01,1,99,9,00800,1,99,9,99,9",,,"99999,9,10075,1","9,9,999,9,-003,1",,"20,1","SYN07043278 21596 50000 10272 20255 30075 40082 72022 81571 333 59003 6001/=",
"43278099999","2023-08-13T00:00:00","4","13.0666666","80.2","7.0","NUMGAMBAKKAM, IN","FM-12","99999","V020","250,1,N,0005,1","22000,1,9,N","004000,1,9,9","+0268,1","+0248,1","10069,1","21,0010,3,1",,,,,"01,1,+00800,1,06,1","99,9,+99999,9,03,1","99,9,+99999,9,00,1",,"9,AGL   ,+99999,+99999","04,99,1,01,1,99,9,00800,1,99,9,99,9",,,"99999,9,10062,1","9,9,999,9,-014,1",,,"SYN06443278 22596 42501 10268 20248 30062 40069 81531 333 59014 6001/=",
"43278099999","2023-08-13T03:00:00","4","13.0666666","80.2","7.0","NUMGAMBAKKAM, IN","FM-12","99999","V020","230,1,N,0010,1","99999,9,9,N","010000,1,9,9","+0288,1","+0257,1","10080,1","24,0010,3,1",,,,,"01,1,+00800,1,06,1","99,9,+99999,9,03,1","99,9,+99999,9,02,1",,"9,AGL   ,+99999,+99999","07,99,1,01,1,99,9,00800,1,99,9,99,9","240,M,+0361,1","240,N,+0264,1","99999,9,10073,1","9,9,999,9,-004,1",,,"SYN09243278 32597 72302 10288 20257 30073 40080 81578 333 10361 20264 59004 6001/ 555 00010 10283=",
"43278099999","2023-08-13T06:00:00","4","13.0666666","80.2","7.0","NUMGAMBAKKAM, IN","FM-12","99999","V020","270,1,N,0010,1","99999,9,9,N","010000,1,9,9","+0336,1","+0248,1","10075,1",,,,,,"01,1,+00800,1,06,1","99,9,+99999,9,03,1","99,9,+99999,9,02,1",,"9,AGL   ,+99999,+99999","07,99,1,01,1,99,9,00800,1,99,9,99,9",,,"99999,9,10068,1","9,9,999,9,-006,1",,,"SYN05843278 32597 72702 10336 20248 30068 40075 81578 333 59006=",
"43278099999","2023-08-13T09:00:00","4","13.0666666","80.2","7.0","NUMGAMBAKKAM, IN","FM-12","99999","V020","090,1,N,0010,1","99999,9,9,N","010000,1,9,9","+0358,1","+0255,1","10058,1",,,,,,"03,1,+00800,1,06,1","99,9,+99999,9,03,1","99,9,+99999,9,00,1",,"9,AGL   ,+99999,+99999","05,99,1,03,1,99,9,00800,1,99,9,99,9",,,"99999,9,10051,1","9,9,999,9,-008,1",,,"SYN05843278 32597 50902 10358 20255 30051 40058 83531 333 59008=",
"43278099999","2023-08-13T12:00:00","4","13.0666666","80.2","7.0","NUMGAMBAKKAM, IN","FM-12","99999","V020","999,9,C,0000,1","99999,9,9,N","010000,1,9,9","+0322,1","+0270,1","10054,1",,,,,,"03,1,+00800,1,06,1","99,9,+99999,9,03,1","99,9,+99999,9,00,1",,"9,AGL   ,+99999,+99999","07,99,1,03,1,99,9,00800,1,99,9,99,9",,,"99999,9,10047,1","9,9,999,9,-014,1",,,"SYN06443278 32597 70000 10322 20270 30047 40054 83571 333 10366 59014=",
"43278099999","2023-08-13T15:00:00","4","13.0666666","80.2","7.0","NUMGAMBAKKAM, IN","FM-12","99999","V020","090,1,N,0021,1","99999,9,9,N","004000,1,9,9","+0270,1","+0241,1","10077,1","12,0010,3,1","9,1,02,1","5,1,02,1",,,"03,1,+00800,1,06,1","99,9,+99999,9,03,1","99,9,+99999,9,00,1",,"9,AGL   ,+99999,+99999","07,99,1,03,1,99,9,00800,1,99,9,99,9",,,"99999,9,10070,1","9,9,999,9,-005,1",,"20,1","SYN07043278 21596 70904 10270 20241 30070 40077 72095 83571 333 59005 6001/=",
"43278099999","2023-08-14T00:00:00","4","13.0666666","80.2","7.0","NUMGAMBAKKAM, IN","FM-12","99999","V020","140,1,N,0005,1","00300,1,C,9","004000,1,9,9","+0240,1","+0240,1","10070,1",,"9,1,99,9","6,1,99,9",,,"06,1,+00300,1,09,1","99,9,+99999,9,05,1","99,9,+99999,9,10,1","99,9,+99999,9,09,1","9,AGL   ,+99999,+99999","08,99,1,06,1,99,9,00300,1,99,9,99,9",,,"99999,9,10063,1","9,9,999,9,+007,1",,"95,1","SYN004BUFR",
"43278099999","2023-08-14T03:00:00","4","13.0666666","80.2","7.0","NUMGAMBAKKAM, IN","FM-12","99999","V020","999,9,C,0000,1","99999,9,9,N","010000,1,9,9","+0262,1","+0259,1","10092,1","24,0720,3,1","9,1,02,1","5,1,02,1",,,"01,1,+00800,1,06,1","99,9,+99999,9,03,1","99,9,+99999,9,00,1",,"9,AGL   ,+99999,+99999","07,99,1,01,1,99,9,00800,1,99,9,99,9","240,M,+0366,1","240,N,+0236,1","99999,9,10085,1","9,9,999,9,+012,1",,"95,1","SYN09843278 21597 70000 10262 20259 30085 40092 79595 81571 333 10366 20236 58012 6072/ 555 00718 10355=",
"43278099999","2023-08-14T06:00:00","4","13.0666666","80.2","7.0","NUMGAMBAKKAM, IN","FM-12","99999","V020","999,9,C,0000,1","99999,9,9,N","010000,1,9,9","+0320,1","+0264,1","10087,1",,,,,,"03,1,+00800,1,06,1","99,9,+99999,9,03,1","99,9,+99999,9,00,1",,"9,AGL   ,+99999,+99999","05,99,1,03,1,99,9,00800,1,99,9,99,9",,,"99999,9,10080,1","9,9,999,9,+012,1",,,"SYN05843278 32597 50000 10320 20264 30080 40087 83531 333 58012=",
"43278099999","2023-08-14T09:00:00","4","13.0666666","80.2","7.0","NUMGAMBAKKAM, IN","FM-12","99999","V020","140,1,N,0010,1","22000,1,9,N","010000,1,9,9","+0332,1","+0274,1","10070,1",,,,,,"02,1,+00800,1,06,1","99,9,+99999,9,03,1","99,9,+99999,9,00,1",,"9,AGL   ,+99999,+99999","04,99,1,02,1,99,9,00800,1,99,9,99,9",,,"99999,9,10063,1","9,9,999,9,+012,1",,,"SYN05843278 32597 41402 10332 20274 30063 40070 82531 333 58012=",
"43278099999","2023-08-14T12:00:00","4","13.0666666","80.2","7.0","NUMGAMBAKKAM, IN","FM-12","99999","V020","180,1,N,0010,1","99999,9,9,N","004000,1,9,9","+0298,1","+0262,1","10064,1","09,0000,2,1","9,1,02,1","5,1,02,1",,,"04,1,+00800,1,07,1","99,9,+99999,9,05,1","99,9,+99999,9,00,1",,"9,AGL   ,+99999,+99999","07,99,1,04,1,99,9,00800,1,99,9,99,9",,,"99999,9,10057,1","9,9,999,9,+010,1",,"02,1","SYN07643278 21596 71802 10298 20262 30057 40064 70295 84621 333 10337 58010 6990/=",
"43278099999","2023-08-14T15:00:00","4","13.0666666","80.2","7.0","NUMGAMBAKKAM, IN","FM-12","99999","V020","250,1,N,0010,1","22000,1,9,N","004000,1,9,9","+0274,1","+0233,1","10081,1",,"5,1,02,1","2,1,02,1",,,"01,1,+02250,1,03,1","99,9,+99999,9,00,1",,,"9,AGL   ,+99999,+99999","03,99,1,01,1,99,9,02250,1,99,9,99,9",,,"99999,9,10074,1","9,9,999,9,+004,1",,"01,1","SYN06443278 21896 32502 10274 20233 30074 40081 70152 81031 333 58004=",
"43278099999","2023-08-15T00:00:00","4","13.0666666","80.2","7.0","NUMGAMBAKKAM, IN","FM-12","99999","V020","200,1,N,0005,1","99999,9,9,N","004000,1,9,9","+0266,1","+0249,1","10080,1","21,0050,3,1","6,1,02,1","2,1,02,1",,,"02,1,+00800,1,06,1","99,9,+99999,9,03,1","99,9,+99999,9,00,1",,"9,AGL   ,+99999,+99999","08,99,1,02,1,99,9,00800,1,99,9,99,9",,,"99999,9,10073,1","9,9,999,9,+010,1",,"02,1","SYN07043278 21596 82001 10266 20249 30073 40080 70262 82571 333 58010 6005/=",
"43278099999","2023-08-15T03:00:00","4","13.0666666","80.2","7.0","NUMGAMBAKKAM, IN","FM-12","99999","V020","230,1,N,0010,1","99999,9,9,N","010000,1,9,9","+0280,1","+0260,1","10090,1","24,0050,3,1",,,,,"01,1,+00800,1,06,1","99,9,+99999,9,03,1","99,9,+99999,9,00,1",,"9,AGL   ,+99999,+99999","05,99,1,01,1,99,9,00800,1,99,9,99,9","240,M,+0337,1","240,N,+0250,1","99999,9,10083,1","9,9,999,9,-002,1",,,"SYN09243278 22597 52302 10280 20260 30083 40090 81531 333 10337 20250 59002 6005/ 555 00052 10360=",
"43278099999","2023-08-15T09:00:00","4","13.0666666","80.2","7.0","NUMGAMBAKKAM, IN","FM-12","99999","V020","999,9,C,0000,1","99999,9,9,N","010000,1,9,9","+0340,1","+0271,1","10067,1",,,,,,"03,1,+00800,1,06,1","99,9,+99999,9,03,1","99,9,+99999,9,00,1",,"9,AGL   ,+99999,+99999","05,99,1,03,1,99,9,00800,1,99,9,99,9",,,"99999,9,10060,1","9,9,999,9,-003,1",,,"SYN05843278 32597 50000 10340 20271 30060 40067 83531 333 59003=",
"43278099999","2023-08-15T12:00:00","4","13.0666666","80.2","7.0","NUMGAMBAKKAM, IN","FM-12","99999","V020","140,1,N,0010,1","22000,1,9,N","010000,1,9,9","+0312,1","+0271,1","10065,1",,,,,,"01,1,+00800,1,06,1","99,9,+99999,9,00,1",,,"9,AGL   ,+99999,+99999","03,99,1,01,1,99,9,00800,1,99,9,99,9",,,"99999,9,10058,1","9,9,999,9,+001,1",,,"SYN06443278 32597 31402 10312 20271 30058 40065 81501 333 10354 58001=",
"43278099999","2023-08-15T15:00:00","4","13.0666666","80.2","7.0","NUMGAMBAKKAM, IN","FM-12","99999","V020","140,1,N,0010,1","22000,1,9,N","004000,1,9,9","+0298,1","+0270,1","10082,1",,,,,,"99,9,+99999,9,00,1",,,,"9,AGL   ,+99999,+99999","01,99,1,00,1,99,9,99999,9,99,9,99,9",,,"99999,9,10075,1","9,9,999,9,+018,1",,,"SYN05843278 32996 11402 10298 20270 30075 40082 80001 333 58018=","Q01    003SCCGA1"
"43278099999","2023-08-16T00:00:00","4","13.0666666","80.2","7.0","NUMGAMBAKKAM, IN","FM-12","99999","V020","140,1,N,0005,1","99999,9,9,N","004000,1,9,9","+0240,1","+0240,1","10070,1","21,0710,3,1","9,1,02,1","6,1,02,1",,,"06,1,+00450,1,09,1","99,9,+99999,9,05,1",,,"9,AGL   ,+99999,+99999","08,99,1,06,1,99,9,00450,1,99,9,99,9",,,"99999,9,10063,1",,,"95,1","SYN07643278 21496 81401 10240 20240 30063 40070 79596 8692/ 333 57930 58001 6071/=",
"43278099999","2023-08-16T03:00:00","4","13.0666666","80.2","7.0","NUMGAMBAKKAM, IN","FM-12","99999","V020","230,1,N,0010,1","22000,1,9,N","010000,1,9,9","+0282,1","+0251,1","10091,1","24,0160,3,1",,,,,"01,1,+00800,1,06,1","99,9,+99999,9,03,1","99,9,+99999,9,00,1",,"9,AGL   ,+99999,+99999","04,99,1,01,1,99,9,00800,1,99,9,99,9","240,M,+0354,1","240,N,+0245,1","99999,9,10084,1","9,9,999,9,+001,1",,,"SYN09243278 22597 42302 10282 20251 30084 40091 81531 333 10354 20245 58001 6016/ 555 00160 10376=",
"43278099999","2023-08-16T06:00:00","4","13.0666666","80.2","7.0","NUMGAMBAKKAM, IN","FM-12","99999","V020","320,1,N,0010,1","22000,1,9,N","010000,1,9,9","+0336,1","+0226,1","10086,1",,,,,,"02,1,+00800,1,06,1","99,9,+99999,9,00,1",,,"9,AGL   ,+99999,+99999","03,99,1,02,1,99,9,00800,1,99,9,99,9",,,"99999,9,10079,1","9,9,999,9,+003,1",,,"SYN05843278 32597 33202 10336 20226 30079 40086 82501 333 58003=",
"43278099999","2023-08-16T09:00:00","4","13.0666666","80.2","7.0","NUMGAMBAKKAM, IN","FM-12","99999","V020","140,1,N,0010,1","99999,9,9,N","010000,1,9,9","+0332,1","+0228,1","10063,1",,,,,,"04,1,+00800,1,06,1","99,9,+99999,9,00,1",,,"9,AGL   ,+99999,+99999","06,99,1,04,1,99,9,00800,1,99,9,99,9",,,"99999,9,10056,1","9,9,999,9,-004,1",,,"SYN05843278 32597 61402 10332 20228 30056 40063 84402 333 59004=",
"43278099999","2023-08-16T12:00:00","4","13.0666666","80.2","7.0","NUMGAMBAKKAM, IN","FM-12","99999","V020","140,1,N,0026,1","22000,1,9,N","010000,1,9,9","+0316,1","+0245,1","10052,1",,,,,,"02,1,+00800,1,06,1","99,9,+99999,9,00,1",,,"9,AGL   ,+99999,+99999","03,99,1,02,1,99,9,00800,1,99,9,99,9",,,"99999,9,10045,1","9,9,999,9,-013,1",,,"SYN06443278 32597 31405 10316 20245 30045 40052 82501 333 10350 59013=",
"43278099999","2023-08-16T15:00:00","4","13.0666666","80.2","7.0","NUMGAMBAKKAM, IN","FM-12","99999","V020","140,1,N,0015,1","22000,1,9,N","004000,1,9,9","+0298,1","+0256,1","10070,1",,,,,,"02,1,+00800,1,06,1","99,9,+99999,9,03,1","99,9,+99999,9,00,1",,"9,AGL   ,+99999,+99999","04,99,1,02,1,99,9,00800,1,99,9,99,9",,,"99999,9,10063,1","9,9,999,9,-012,1",,,"SYN05843278 32596 41403 10298 20256 30063 40070 82531 333 59012=",
"43278099999","2023-08-17T00:00:00","4","13.0666666","80.2","7.0","NUMGAMBAKKAM, IN","FM-12","99999","V020","200,1,N,0005,1","99999,9,9,N","004000,1,9,9","+0266,1","+0243,1","10076,1","21,0030,3,1","6,1,02,1","5,1,02,1",,,"04,1,+00800,1,06,1","99,9,+99999,9,03,1","99,9,+99999,9,00,1",,"9,AGL   ,+99999,+99999","06,99,1,04,1,99,9,00800,1,99,9,99,9",,,"99999,9,10069,1","9,9,999,9,-006,1",,"02,1","SYN07043278 21596 62001 10266 20243 30069 40076 70265 84531 333 59006 6003/=",
"43278099999","2023-08-17T03:00:00","4","13.0666666","80.2","7.0","NUMGAMBAKKAM, IN","FM-12","99999","V020","999,9,C,0000,1","99999,9,9,N","010000,1,9,9","+0284,1","+0247,1","10085,1","24,0030,3,1",,,,,"03,1,+00800,1,06,1","99,9,+99999,9,03,1","99,9,+99999,9,00,1",,"9,AGL   ,+99999,+99999","06,99,1,03,1,99,9,00800,1,99,9,99,9","240,M,+0350,1","240,N,+0264,1","99999,9,10078,1","9,9,999,9,-006,1",,,"SYN09243278 22597 60000 10284 20247 30078 40085 83571 333 10350 20264 59006 6003/ 555 00025 10379=",
"43278099999","2023-08-17T06:00:00","4","13.0666666","80.2","7.0","NUMGAMBAKKAM, IN","FM-12","99999","V020","230,1,N,0015,1","22000,1,9,N","010000,1,9,9","+0338,1","+0257,1","10084,1",,,,,,"01,1,+00800,1,06,1","99,9,+99999,9,00,1",,,"9,AGL   ,+99999,+99999","02,99,1,01,1,99,9,00800,1,99,9,99,9",,,"99999,9,10077,1","9,9,999,9,-002,1",,,"SYN05843278 32597 22303 10338 20257 30077 40084 81501 333 59002=",
"43278099999","2023-08-17T09:00:00","4","13.0666666","80.2","7.0","NUMGAMBAKKAM, IN","FM-12","99999","V020","290,1,N,0026,1","22000,1,9,N","010000,1,9,9","+0360,1","+0247,1","10054,1",,,,,,"02,1,+00800,1,06,1","99,9,+99999,9,00,1",,,"9,AGL   ,+99999,+99999","04,99,1,02,1,99,9,00800,1,99,9,99,9",,,"99999,9,10047,1","9,9,999,9,-009,1",,,"SYN05843278 32597 42905 10360 20247 30047 40054 82401 333 59009=",
"43278099999","2023-08-17T12:00:00","4","13.0666666","80.2","7.0","NUMGAMBAKKAM, IN","FM-12","99999","V020","140,1,N,0021,1","99999,9,9,N","010000,1,9,9","+0330,1","+0266,1","10044,1",,,,,,"04,1,+00800,1,06,1","99,9,+99999,9,02,1",,,"9,AGL   ,+99999,+99999","08,99,1,04,1,99,9,00800,1,99,9,99,9",,,"99999,9,10037,1","9,9,999,9,-008,1",,,"SYN06443278 32597 81404 10330 20266 30037 40044 84507 333 10369 59008=",
"43278099999","2023-08-17T15:00:00","4","13.0666666","80.2","7.0","NUMGAMBAKKAM, IN","FM-12","99999","V020","340,1,N,0005,1","99999,9,9,9","004000,1,9,9","+0275,1","+0245,1","10071,1",,"9,1,99,9","6,1,99,9",,,"01,1,+00600,1,09,1","99,9,+99999,9,05,1","99,9,+99999,9,10,1",,"9,AGL   ,+99999,+99999","08,99,1,01,1,99,9,00600,1,99,9,99,9",,,"99999,9,10064,1","9,9,999,9,+001,1",,"29,1","SYN004BUFR",
"43278099999","2023-08-18T00:00:00","4","13.0666666","80.2","7.0","NUMGAMBAKKAM, IN","FM-12","99999","V020","020,1,N,0329,1","22000,1,9,N","004000,1,9,9","+9999,9","+0244,1","10060,1","21,0270,3,1","9,1,02,1","6,1,02,1",,,"02,2,+00800,1,06,1","99,9,+99999,9,03,1",,,"9,AGL   ,+99999,+99999","01,99,2,02,2,99,9,00800,1,99,9,99,9",,,"99999,9,10053,1","9,9,999,9,-016,1",,"02,1","SYN06443278 21596 10264 20244 30053 40060 70296 8257/ 333 59016 6027/=",
"43278099999","2023-08-18T03:00:00","4","13.0666666","80.2","7.0","NUMGAMBAKKAM, IN","FM-12","99999","V020","230,1,N,0010,1","22000,1,9,N","010000,1,9,9","+0290,1","+0256,1","10071,1","24,0270,3,1",,,,,"02,1,+00800,1,06,1","99,9,+99999,9,03,1","99,9,+99999,9,00,1",,"9,AGL   ,+99999,+99999","04,99,1,02,1,99,9,00800,1,99,9,99,9","240,M,+0369,1","240,N,+0240,1","99999,9,10064,1","9,9,999,9,-014,1",,,"SYN09243278 22597 42302 10290 20256 30064 40071 82532 333 10369 20240 59014 6027/ 555 00274 10406=",
"43278099999","2023-08-18T06:00:00","4","13.0666666","80.2","7.0","NUMGAMBAKKAM, IN","FM-12","99999","V020","320,1,N,0015,1","99999,9,9,N","010000,1,9,9","+0334,1","+0227,1","10065,1",,,,,,"03,1,+00800,1,06,1","99,9,+99999,9,04,1","99,9,+99999,9,00,1",,"9,AGL   ,+99999,+99999","06,99,1,03,1,99,9,00800,1,99,9,99,9",,,"99999,9,10058,1","9,9,999,9,-019,1",,,"SYN05843278 32597 63203 10334 20227 30058 40065 83511 333 59019=",
"43278099999","2023-08-18T09:00:00","4","13.0666666","80.2","7.0","NUMGAMBAKKAM, IN","FM-12","99999","V020","230,1,N,0015,1","99999,9,9,N","010000,1,9,9","+0350,1","+0229,1","10049,1",,,,,,"01,1,+00800,1,06,1","99,9,+99999,9,03,1","99,9,+99999,9,00,1",,"9,AGL   ,+99999,+99999","05,99,1,01,1,99,9,00800,1,99,9,99,9",,,"99999,9,10042,1","9,9,999,9,-005,1",,,"SYN05843278 32597 52303 10350 20229 30042 40049 81571 333 59005=",
"43278099999","2023-08-18T12:00:00","4","13.0666666","80.2","7.0","NUMGAMBAKKAM, IN","FM-12","99999","V020","140,1,N,0010,1","22000,1,9,N","010000,1,9,9","+0320,1","+0249,1","10044,1",,,,,,"02,1,+00800,1,06,1","99,9,+99999,9,03,1","99,9,+99999,9,00,1",,"9,AGL   ,+99999,+99999","04,99,1,02,1,99,9,00800,1,99,9,99,9",,,"99999,9,10037,1","9,9,999,9,+000,1",,,"SYN06443278 32597 41402 10320 20249 30037 40044 82531 333 10354 58000=",
"43278099999","2023-08-18T15:00:00","4","13.0666666","80.2","7.0","NUMGAMBAKKAM, IN","FM-12","99999","V020","999,9,C,0000,1","22000,1,9,N","004000,1,9,9","+0304,1","+0247,1","10054,1",,,,,,"01,1,+00800,1,06,1","99,9,+99999,9,03,1","99,9,+99999,9,00,1",,"9,AGL   ,+99999,+99999","03,99,1,01,1,99,9,00800,1,99,9,99,9",,,"99999,9,10047,1","9,9,999,9,-017,1",,,"SYN05843278 32596 30000 10304 20247 30047 40054 81531 333 59017=",
"43278099999","2023-08-19T03:00:00","4","13.0666666","80.2","7.0","NUMGAMBAKKAM, IN","FM-12","99999","V020","230,1,N,0015,1","22000,1,9,N","010000,1,9,9","+0310,1","+0225,1","10056,1","24,0000,9,1",,,,,"99,9,+99999,9,00,1",,,,"9,AGL   ,+99999,+99999","02,99,1,00,1,99,9,99999,9,99,9,99,9","240,M,+0354,1","240,N,+0283,1","99999,9,10049,1","9,9,999,9,-015,1",,,"SYN08643278 22997 22303 10310 20225 30049 40056 80001 333 10354 20283 59015 6990/ 555 10406=","Q01  00002PRCP24Q02    003SCCGA1"
"43278099999","2023-08-19T09:00:00","4","13.0666666","80.2","7.0","NUMGAMBAKKAM, IN","FM-12","99999","V020","999,9,C,0000,1","99999,9,9,N","010000,1,9,9","+0352,1","+0241,1","10044,1",,,,,,"02,1,+00800,1,06,1","99,9,+99999,9,03,1","99,9,+99999,9,00,1",,"9,AGL   ,+99999,+99999","06,99,1,02,1,99,9,00800,1,99,9,99,9",,,"99999,9,10037,1","9,9,999,9,-005,1",,,"SYN05843278 32597 60000 10352 20241 30037 40044 82571 333 59005=",
"43278099999","2023-08-19T12:00:00","4","13.0666666","80.2","7.0","NUMGAMBAKKAM, IN","FM-12","99999","V020","140,1,N,0010,1","99999,9,9,N","010000,1,9,9","+0308,1","+0245,1","10039,1",,,,,,"02,1,+00800,1,06,1","99,9,+99999,9,03,1","99,9,+99999,9,00,1",,"9,AGL   ,+99999,+99999","05,99,1,02,1,99,9,00800,1,99,9,99,9",,,"99999,9,10032,1","9,9,999,9,-005,1",,,"SYN06443278 32597 51402 10308 20245 30032 40039 82571 333 10359 59005=",
"43278099999","2023-08-19T15:00:00","4","13.0666666","80.2","7.0","NUMGAMBAKKAM, IN","FM-12","99999","V020","020,1,N,0010,1","99999,9,9,N","004000,1,9,9","+0258,1","+0252,1","10064,1","12,0050,3,1","5,1,02,1","2,1,02,1",,,"02,1,+00800,1,06,1","99,9,+99999,9,03,1",,,"9,AGL   ,+99999,+99999","08,99,1,02,1,99,9,00800,1,99,9,99,9",,,"99999,9,10057,1","9,9,999,9,+010,1",,"21,1","SYN07043278 21596 80202 10258 20252 30057 40064 72152 8257/ 333 58010 6005/=",
"43278099999","2023-08-20T00:00:00","4","13.0666666","80.2","7.0","NUMGAMBAKKAM, IN","FM-12","99999","V020","999,9,C,0000,1","22000,1,9,N","004000,1,9,9","+0260,1","+0249,1","10052,1","21,0100,3,1",,,,,"01,1,+00800,1,06,1","99,9,+99999,9,00,1",,,"9,AGL   ,+99999,+99999","03,99,1,01,1,99,9,00800,1,99,9,99,9",,,"99999,9,10045,1","9,9,999,9,+002,1",,,"SYN06443278 22596 30000 10260 20249 30045 40052 81501 333 58002 6010/=",
"43278099999","2023-08-20T03:00:00","4","13.0666666","80.2","7.0","NUMGAMBAKKAM, IN","FM-12","99999","V020","230,1,N,0010,1","99999,9,9,N","010000,1,9,9","+0282,1","+0242,1","10077,1","24,0100,3,1",,,,,"01,1,+00800,1,06,1","99,9,+99999,9,03,1","99,9,+99999,9,00,1",,"9,AGL   ,+99999,+99999","05,99,1,01,1,99,9,00800,1,99,9,99,9","240,M,+0359,1","240,N,+0254,1","99999,9,10070,1","9,9,999,9,+021,1",,,"SYN09243278 22597 52302 10282 20242 30070 40077 81571 333 10359 20254 58021 6010/ 555 00103 10416=",
"43278099999","2023-08-20T06:00:00","4","13.0666666","80.2","7.0","NUMGAMBAKKAM, IN","FM-12","99999","V020","270,1,N,0010,1","22000,1,9,N","010000,1,9,9","+0332,1","+0207,1","10070,1",,,,,,"01,1,+00800,1,06,1","99,9,+99999,9,03,1","99,9,+99999,9,00,1",,"9,AGL   ,+99999,+99999","04,99,1,01,1,99,9,00800,1,99,9,99,9",,,"99999,9,10063,1","9,9,999,9,+014,1",,,"SYN05843278 32597 42702 10332 20207 30063 40070 81531 333 58014=",
"43278099999","2023-08-20T09:00:00","4","13.0666666","80.2","7.0","NUMGAMBAKKAM, IN","FM-12","99999","V020","999,9,C,0000,1","99999,9,9,N","010000,1,9,9","+0354,1","+0234,1","10045,1",,,,,,"02,1,+00800,1,08,1","99,9,+99999,9,03,1","99,9,+99999,9,00,1",,"9,AGL   ,+99999,+99999","05,99,1,02,1,99,9,00800,1,99,9,99,9",,,"99999,9,10038,1","9,9,999,9,+001,1",,,"SYN05843278 32597 50000 10354 20234 30038 40045 82831 333 58001=",
"43278099999","2023-08-20T12:00:00","4","13.0666666","80.2","7.0","NUMGAMBAKKAM, IN","FM-12","99999","V020","090,1,N,0005,1","22000,1,9,N","010000,1,9,9","+0330,1","+0242,1","10036,1",,,,,,"99,9,+99999,9,00,1",,,,"9,AGL   ,+99999,+99999","02,99,1,00,1,99,9,99999,9,99,9,99,9",,,"99999,9,10029,1","9,9,999,9,-003,1",,,"SYN06443278 32997 20901 10330 20242 30029 40036 80001 333 10359 59003=","Q01    003SCCGA1"
"43278099999","2023-08-20T15:00:00","4","13.0666666","80.2","7.0","NUMGAMBAKKAM, IN","FM-12","99999","V020","140,1,N,0015,1","22000,1,9,N","004000,1,9,9","+0300,1","+0258,1","10046,1",,,,,,"99,9,+99999,9,00,1",,,,"9,AGL   ,+99999,+99999","02,99,1,00,1,99,9,99999,9,99,9,99,9",,,"99999,9,10039,1","9,9,999,9,-018,1",,,"SYN05843278 32996 21403 10300 20258 30039 40046 80001 333 59018=","Q01    003SCCGA1"
"43278099999","2023-08-21T00:00:00","4","13.0666666","80.2","7.0","NUMGAMBAKKAM, IN","FM-12","99999","V020","230,1,N,0015,1","22000,1,9,N","004000,1,9,9","+0284,1","+0254,1","10056,1",,,,,,"03,1,+02250,1,03,1","99,9,+99999,9,00,1",,,"9,AGL   ,+99999,+99999","03,99,1,03,1,99,9,02250,1,99,9,99,9",,,"99999,9,10049,1","9,9,999,9,+004,1",,,"SYN05843278 32896 32303 10284 20254 30049 40056 83031 333 58004=",
"43278099999","2023-08-21T03:00:00","4","13.0666666","80.2","7.0","NUMGAMBAKKAM, IN","FM-12","99999","V020","230,1,N,0015,1","22000,1,9,N","010000,1,9,9","+0308,1","+0239,1","10060,1",,,,,,"99,9,+99999,9,00,1",,,,"9,AGL   ,+99999,+99999","01,99,1,00,1,99,9,99999,9,99,9,99,9","240,M,+0359,1","240,N,+0283,1","99999,9,10053,1","9,9,999,9,-017,1",,,"SYN08043278 32997 12303 10308 20239 30053 40060 80001 333 10359 20283 59017 555 10416=","Q01    003SCCGA1"
"43278099999","2023-08-21T06:00:00","4","13.0666666","80.2","7.0","NUMGAMBAKKAM, IN","FM-12","99999","V020","360,1,N,0021,1","22000,1,9,N","010000,1,9,9","+0348,1","+0246,1","10059,1",,,,,,"03,1,+00800,1,06,1","99,9,+99999,9,00,1",,,"9,AGL   ,+99999,+99999","04,99,1,03,1,99,9,00800,1,99,9,99,9",,,"99999,9,10052,1","9,9,999,9,-011,1",,,"SYN05843278 32597 43604 10348 20246 30052 40059 83501 333 59011=",
"43278099999","2023-08-21T09:00:00","4","13.0666666","80.2","7.0","NUMGAMBAKKAM, IN","FM-12","99999","V020","110,1,N,0015,1","99999,9,9,N","010000,1,9,9","+0334,1","+0265,1","10045,1",,,,,,"03,1,+00800,1,09,1","99,9,+99999,9,03,1","99,9,+99999,9,00,1",,"9,AGL   ,+99999,+99999","05,99,1,03,1,99,9,00800,1,99,9,99,9",,,"99999,9,10038,1","9,9,999,9,+000,1",,,"SYN05843278 32597 51103 10334 20265 30038 40045 83361 333 58000=",
"43278099999","2023-08-21T12:00:00","4","13.0666666","80.2","7.0","NUMGAMBAKKAM, IN","FM-12","99999","V020","140,1,N,0015,1","22000,1,9,N","010000,1,9,9","+0318,1","+0259,1","10041,1",,,,,,"99,9,+99999,9,00,1",,,,"9,AGL   ,+99999,+99999","01,99,1,00,1,99,9,99999,9,99,9,99,9",,,"99999,9,10034,1","9,9,999,9,+004,1",,,"SYN06443278 32997 11403 10318 20259 30034 40041 80001 333 10355 58004=","Q01    003SCCGA1"
"43278099999","2023-08-21T15:00:00","4","13.0666666","80.2","7.0","NUMGAMBAKKAM, IN","FM-12","99999","V020","140,1,N,0010,1","22000,1,9,N","004000,1,9,9","+0298,1","+0264,1","10048,1",,,,,,"99,9,+99999,9,00,1",,,,"9,AGL   ,+99999,+99999","01,99,1,00,1,99,9,99999,9,99,9,99,9",,,"99999,9,10041,1","9,9,999,9,+002,1",,,"SYN05843278 32996 11402 10298 20264 30041 40048 80001 333 58002=","Q01    003SCCGA1"
"43278099999","2023-08-22T00:00:00","4","13.0666666","80.2","7.0","NUMGAMBAKKAM, IN","FM-12","99999","V020","230,1,N,0010,1","99999,9,9,N","004000,1,9,9","+0288,1","+0248,1","10055,1",,,,,,"05,1,+00800,1,06,1","99,9,+99999,9,00,1",,,"9,AGL   ,+99999,+99999","06,99,1,05,1,99,9,00800,1,99,9,99,9",,,"99999,9,10048,1","9,9,999,9,-001,1",,,"SYN05843278 32596 62302 10288 20248 30048 40055 85501 333 59001=",
"43278099999","2023-08-22T03:00:00","4","13.0666666","80.2","7.0","NUMGAMBAKKAM, IN","FM-12","99999","V020","999,9,V,0005,1","99999,9,9,N","004000,1,9,9","+0266,1","+0257,1","10067,1","24,0040,3,1","5,1,02,1","2,1,02,1",,,"04,1,+00800,1,06,1","99,9,+99999,9,05,1",,,"9,AGL   ,+99999,+99999","08,99,1,04,1,99,9,00800,1,99,9,99,9","240,M,+0355,1","240,N,+0266,1","99999,9,10060,1","9,9,999,9,+007,1",,"63,1","SYN09843278 21596 89901 10266 20257 30060 40067 76352 8452/ 333 10355 20266 58007 6004/ 555 00041 10420=",
"43278099999","2023-08-22T09:00:00","4","13.0666666","80.2","7.0","NUMGAMBAKKAM, IN","FM-12","99999","V020","180,1,N,0010,1","22000,1,9,N","010000,1,9,9","+0338,1","+0263,1","10053,1","06,0002,3,1",,,,,"01,1,+00800,1,06,1","99,9,+99999,9,03,1","99,9,+99999,9,00,1",,"9,AGL   ,+99999,+99999","03,99,1,01,1,99,9,00800,1,99,9,99,9",,,"99999,9,10046,1","9,9,999,9,+008,1",,,"SYN06443278 22597 31802 10338 20263 30046 40053 81531 333 58008 6992/=",
"43278099999","2023-08-22T12:00:00","4","13.0666666","80.2","7.0","NUMGAMBAKKAM, IN","FM-12","99999","V020","140,1,N,0010,1","22000,1,9,N","010000,1,9,9","+0316,1","+0269,1","10048,1","09,0002,3,1",,,,,"99,9,+99999,9,00,1",,,,"9,AGL   ,+99999,+99999","01,99,1,00,1,99,9,99999,9,99,9,99,9",,,"99999,9,10041,1","9,9,999,9,+007,1",,,"SYN07043278 22997 11402 10316 20269 30041 40048 80001 333 10341 58007 6992/=","Q01    003SCCGA1"
"43278099999","2023-08-22T15:00:00","4","13.0666666","80.2","7.0","NUMGAMBAKKAM, IN","FM-12","99999","V020","999,9,C,0000,1","22000,1,9,N","004000,1,9,9","+0302,1","+0254,1","10064,1","12,0002,3,1",,,,,"01,1,+00800,1,06,1","99,9,+99999,9,03,1","99,9,+99999,9,00,1",,"9,AGL   ,+99999,+99999","03,99,1,01,1,99,9,00800,1,99,9,99,9",,,"99999,9,10057,1","9,9,999,9,+016,1",,,"SYN06443278 22596 30000 10302 20254 30057 40064 81531 333 58016 6992/=",
"43278099999","2023-08-23T00:00:00","4","13.0666666","80.2","7.0","NUMGAMBAKKAM, IN","FM-12","99999","V020","270,1,N,0021,1","99999,9,9,N","004000,1,9,9","+0256,1","+0236,1","10070,1","21,0020,3,1","9,1,02,1","6,1,02,1",,,"03,1,+00800,1,06,1","99,9,+99999,9,05,1",,,"9,AGL   ,+99999,+99999","08,99,1,03,1,99,9,00800,1,99,9,99,9",,,"99999,9,10063,1","9,9,999,9,+015,1",,"51,1","SYN07043278 21596 82704 10256 20236 30063 40070 75196 8352/ 333 58015 6002/=",
"43278099999","2023-08-23T03:00:00","4","13.0666666","80.2","7.0","NUMGAMBAKKAM, IN","FM-12","99999","V020","230,1,N,0010,1","99999,9,9,N","010000,1,9,9","+0288,1","+0239,1","10075,1","24,0020,3,1",,,,,"03,1,+00800,1,06,1","99,9,+99999,9,03,1","99,9,+99999,9,00,1",,"9,AGL   ,+99999,+99999","06,99,1,03,1,99,9,00800,1,99,9,99,9","240,M,+0341,1","240,N,+0254,1","99999,9,10068,1","9,9,999,9,+008,1",,,"SYN09243278 22597 62302 10288 20239 30068 40075 83531 333 10341 20254 58008 6002/ 555 00016 10422=",
"43278099999","2023-08-23T06:00:00","4","13.0666666","80.2","7.0","NUMGAMBAKKAM, IN","FM-12","99999","V020","230,1,N,0015,1","99999,9,9,N","010000,1,9,9","+0334,1","+0243,1","10067,1",,,,,,"03,1,+00800,1,06,1","99,9,+99999,9,03,1","99,9,+99999,9,01,1",,"9,AGL   ,+99999,+99999","06,99,1,03,1,99,9,00800,1,99,9,99,9",,,"99999,9,10060,1","9,9,999,9,+003,1",,,"SYN05843278 32597 62303 10334 20243 30060 40067 83579 333 58003=",
"43278099999","2023-08-23T09:00:00","4","13.0666666","80.2","7.0","NUMGAMBAKKAM, IN","FM-12","99999","V020","999,9,C,0000,1","22000,1,9,N","010000,1,9,9","+0336,1","+0252,1","10051,1",,,,,,"01,1,+00800,1,06,1","99,9,+99999,9,03,1","99,9,+99999,9,00,1",,"9,AGL   ,+99999,+99999","04,99,1,01,1,99,9,00800,1,99,9,99,9",,,"99999,9,10044,1","9,9,999,9,-002,1",,,"SYN05843278 32597 40000 10336 20252 30044 40051 81571 333 59002=",
"43278099999","2023-08-23T12:00:00","4","13.0666666","80.2","7.0","NUMGAMBAKKAM, IN","FM-12","99999","V020","999,9,C,0000,1","22000,1,9,N","010000,1,9,9","+0312,1","+0265,1","10046,1",,,,,,"01,1,+00800,1,06,1","99,9,+99999,9,00,1",,,"9,AGL   ,+99999,+99999","02,99,1,01,1,99,9,00800,1,99,9,99,9",,,"99999,9,10039,1","9,9,999,9,-002,1",,,"SYN06443278 32597 20000 10312 20265 30039 40046 81501 333 10344 59002=",
"43278099999","2023-08-23T15:00:00","4","13.0666666","80.2","7.0","NUMGAMBAKKAM, IN","FM-12","99999","V020","999,9,C,0000,1","22000,1,9,N","004000,1,9,9","+0294,1","+0269,1","10060,1",,,,,,"99,9,+00800,1,00,1",,,,"9,AGL   ,+99999,+99999","01,99,1,00,1,99,9,00800,1,99,9,99,9",,,"99999,9,10053,1","9,9,999,9,-004,1",,,"SYN05843278 32596 10000 10294 20269 30053 40060 80001 333 59004=","Q01    003SCCGA1"
"43278099999","2023-08-24T00:00:00","4","13.0666666","80.2","7.0","NUMGAMBAKKAM, IN","FM-12","99999","V020","230,1,N,0010,1","99999,9,9,N","004000,1,9,9","+0244,1","+0241,1","10060,1","21,0460,3,1","9,1,02,1","6,1,02,1",,,"03,1,+00800,1,09,1","99,9,+99999,9,03,1","99,9,+99999,9,00,1",,"9,AGL   ,+99999,+99999","08,99,1,03,1,99,9,00800,1,99,9,99,9",,,"99999,9,10053,1","9,9,999,9,-010,1",,"96,1","SYN07043278 22596 82302 10244 20241 30053 40060 79696 83371 333 59010 6046/=",
"43278099999","2023-08-24T03:00:00","4","13.0666666","80.2","7.0","NUMGAMBAKKAM, IN","FM-12","99999","V020","999,9,C,0000,1","99999,9,9,N","010000,1,9,9","+0256,1","+0253,1","10078,1","24,0460,3,1","2,1,02,1","2,1,02,1",,,"03,1,+00800,1,06,1","99,9,+99999,9,03,1","99,9,+99999,9,00,1",,"9,AGL   ,+99999,+99999","07,99,1,03,1,99,9,00800,1,99,9,99,9","240,M,+0344,1","240,N,+0238,1","99999,9,10071,1","9,9,999,9,+003,1",,"20,1","SYN09843278 21597 70000 10256 20253 30071 40078 72022 83571 333 10344 20238 58003 6046/ 555 00459 10468=",
"43278099999","2023-08-24T06:00:00","4","13.0666666","80.2","7.0","NUMGAMBAKKAM, IN","FM-12","99999","V020","270,1,N,0010,1","99999,9,9,N","010000,1,9,9","+0306,1","+0264,1","10070,1",,,,,,"01,1,+00800,1,06,1","99,9,+99999,9,03,1","99,9,+99999,9,00,1",,"9,AGL   ,+99999,+99999","05,99,1,01,1,99,9,00800,1,99,9,99,9",,,"99999,9,10063,1","9,9,999,9,+003,1",,,"SYN05843278 32597 52702 10306 20264 30063 40070 81572 333 58003=",
"43278099999","2023-08-24T09:00:00","4","13.0666666","80.2","7.0","NUMGAMBAKKAM, IN","FM-12","99999","V020","230,1,N,0010,1","22000,1,9,N","010000,1,9,9","+0340,1","+0268,1","10048,1",,,,,,"01,1,+00800,1,06,1","99,9,+99999,9,00,1",,,"9,AGL   ,+99999,+99999","02,99,1,01,1,99,9,00800,1,99,9,99,9",,,"99999,9,10041,1","9,9,999,9,-003,1",,,"SYN05843278 32597 22302 10340 20268 30041 40048 81501 333 59003=",
"43278099999","2023-08-24T12:00:00","4","13.0666666","80.2","7.0","NUMGAMBAKKAM, IN","FM-12","99999","V020","140,1,N,0010,1","22000,1,9,N","010000,1,9,9","+0308,1","+0257,1","10039,1",,,,,,"99,9,+99999,9,00,1",,,,"9,AGL   ,+99999,+99999","02,99,1,00,1,99,9,99999,9,99,9,99,9","240,M,+0349,1",,"99999,9,10032,1","9,9,999,9,-007,1",,,"SYN06443278 32997 21402 10308 20257 30032 40039 80001 333 10349 59007=","Q01    003SCCGA1"
"43278099999","2023-08-24T15:00:00","4","13.0666666","80.2","7.0","NUMGAMBAKKAM, IN","FM-12","99999","V020","160,1,N,0015,1","22000,1,9,9","010000,1,9,9","+0292,1","+0261,1","10061,1","99,9999,9,9",,,"0,1,99,9","0,1,99,9","99,9,+08000,1,00,1",,,,"9,AGL   ,+99999,+99999","01,99,1,99,9,99,9,08000,1,99,9,99,9",,,"99999,9,10054,1","9,9,999,9,+001,1",,,"SYN004BUFR",
"43278099999","2023-08-25T00:00:00","4","13.0666666","80.2","7.0","NUMGAMBAKKAM, IN","FM-12","99999","V020","999,9,V,0010,1","22000,1,9,N","004000,1,9,9","+0274,1","+0251,1","10059,1",,,,,,"02,1,+02250,1,03,1","99,9,+99999,9,00,1",,,"9,AGL   ,+99999,+99999","04,99,1,02,1,99,9,02250,1,99,9,99,9",,,"99999,9,10052,1","9,9,999,9,-001,1",,,"SYN05843278 32896 49902 10274 20251 30052 40059 82031 333 59001=",
"43278099999","2023-08-25T03:00:00","4","13.0666666","80.2","7.0","NUMGAMBAKKAM, IN","FM-12","99999","V020","250,1,N,0021,1","22000,1,9,N","010000,1,9,9","+0298,1","+0253,1","10073,1",,,,,,"01,1,+02250,1,04,1","99,9,+99999,9,00,1",,,"9,AGL   ,+99999,+99999","03,99,1,01,1,99,9,02250,1,99,9,99,9","240,M,+0349,1","240,N,+0274,1","99999,9,10066,1","9,9,999,9,-005,1",,,"SYN08043278 32897 32504 10298 20253 30066 40073 81011 333 10349 20274 59005 555 10468=",
"43278099999","2023-08-25T06:00:00","4","13.0666666","80.2","7.0","NUMGAMBAKKAM, IN","FM-12","99999","V020","250,1,N,0021,1","22000,1,9,N","010000,1,9,9","+0342,1","+0246,1","10065,1",,,,,,"99,9,+99999,9,00,1",,,,"9,AGL   ,+99999,+99999","04,99,1,00,1,99,9,99999,9,99,9,99,9",,,"99999,9,10058,1","9,9,999,9,-005,1",,,"SYN05843278 32997 42504 10342 20246 30058 40065 80001 333 59005=","Q01    003SCCGA1"
"43278099999","2023-08-25T09:00:00","4","13.0666666","80.2","7.0","NUMGAMBAKKAM, IN","FM-12","99999","V020","140,1,N,0010,1","22000,1,9,N","010000,1,9,9","+0336,1","+0261,1","10053,1",,,,,,"02,1,+00800,1,06,1","99,9,+99999,9,03,1","99,9,+99999,9,00,1",,"9,AGL   ,+99999,+99999","04,99,1,02,1,99,9,00800,1,99,9,99,9",,,"99999,9,10046,1","9,9,999,9,+005,1",,,"SYN05843278 32597 41402 10336 20261 30046 40053 82531 333 58005=",
"43278099999","2023-08-25T12:00:00","4","13.0666666","80.2","7.0","NUMGAMBAKKAM, IN","FM-12","99999","V020","140,1,N,0010,1","22000,1,9,N","010000,1,9,9","+0308,1","+0254,1","10054,1",,,,,,"01,1,+00800,1,06,1","99,9,+99999,9,00,1",,,"9,AGL   ,+99999,+99999","03,99,1,01,1,99,9,00800,1,99,9,99,9",,,"99999,9,10047,1","9,9,999,9,+015,1",,,"SYN06443278 32597 31402 10308 20254 30047 40054 81501 333 10361 58015=",
"43278099999","2023-08-25T15:00:00","4","13.0666666","80.2","7.0","NUMGAMBAKKAM, IN","FM-12","99999","V020","999,9,C,0000,1","22000,1,9,N","004000,1,9,9","+0300,1","+0252,1","10067,1",,,,,,"99,9,+99999,9,00,1",,,,"9,AGL   ,+99999,+99999","01,99,1,00,1,99,9,99999,9,99,9,99,9",,,"99999,9,10060,1","9,9,999,9,+006,1",,,"SYN05843278 32996 10000 10300 20252 30060 40067 80001 333 58006=","Q01    003SCCGA1"
"43278099999","2023-08-26T00:00:00","4","13.0666666","80.2","7.0","NUMGAMBAKKAM, IN","FM-12","99999","V020","230,1,N,0010,1","99999,9,9,N","004000,1,9,9","+0280,1","+0252,1","10062,1",,,,,,"01,1,+00800,1,06,1","99,9,+99999,9,03,1","99,9,+99999,9,00,1",,"9,AGL   ,+99999,+99999","06,99,1,01,1,99,9,00800,1,99,9,99,9",,,"99999,9,10055,1","9,9,999,9,+003,1",,,"SYN05843278 32596 62302 10280 20252 30055 40062 81531 333 58003=",
"43278099999","2023-08-26T03:00:00","4","13.0666666","80.2","7.0","NUMGAMBAKKAM, IN","FM-12","99999","V020","270,1,N,0010,1","22000,1,9,N","010000,1,9,9","+0298,1","+0250,1","10081,1",,,,,,"99,9,+99999,9,00,1",,,,"9,AGL   ,+99999,+99999","01,99,1,00,1,99,9,99999,9,99,9,99,9","240,M,+0361,1","240,N,+0276,1","99999,9,10074,1","9,9,999,9,+008,1",,,"SYN08043278 32997 12702 10298 20250 30074 40081 80001 333 10361 20276 58008 555 10468=","Q01    003SCCGA1"
"43278099999","2023-08-26T06:00:00","4","13.0666666","80.2","7.0","NUMGAMBAKKAM, IN","FM-12","99999","V020","230,1,N,0010,1","22000,1,9,N","010000,1,9,9","+0340,1","+0240,1","10078,1",,,,,,"01,1,+00800,1,06,1","99,9,+99999,9,03,1","99,9,+99999,9,00,1",,"9,AGL   ,+99999,+99999","03,99,1,01,1,99,9,00800,1,99,9,99,9",,,"99999,9,10071,1","9,9,999,9,+013,1",,,"SYN05843278 32597 32302 10340 20240 30071 40078 81531 333 58013=",
"43278099999","2023-08-26T09:00:00","4","13.0666666","80.2","7.0","NUMGAMBAKKAM, IN","FM-12","99999","V020","140,1,N,0015,1","22000,1,9,N","010000,1,9,9","+0336,1","+0258,1","10057,1",,,,,,"03,1,+00800,1,08,1","99,9,+99999,9,00,1",,,"9,AGL   ,+99999,+99999","04,99,1,03,1,99,9,00800,1,99,9,99,9",,,"99999,9,10050,1","9,9,999,9,+004,1",,,"SYN05843278 32597 41403 10336 20258 30050 40057 83801 333 58004=",
"43278099999","2023-08-26T12:00:00","4","13.0666666","80.2","7.0","NUMGAMBAKKAM, IN","FM-12","99999","V020","140,1,N,0010,1","99999,9,9,N","010000,1,9,9","+0306,1","+0258,1","10059,1",,,,,,"03,1,+00800,1,08,1","99,9,+99999,9,03,1","99,9,+99999,9,00,1",,"9,AGL   ,+99999,+99999","06,99,1,03,1,99,9,00800,1,99,9,99,9",,,"99999,9,10052,1","9,9,999,9,+005,1",,,"SYN06443278 32597 61402 10306 20258 30052 40059 83831 333 10356 58005=",
"43278099999","2023-08-26T15:00:00","4","13.0666666","80.2","7.0","NUMGAMBAKKAM, IN","FM-12","99999","V020","999,9,C,0000,1","22000,1,9,N","004000,1,9,9","+0296,1","+0257,1","10083,1",,,,,,"01,1,+00800,1,06,1","99,9,+99999,9,00,1",,,"9,AGL   ,+99999,+99999","03,99,1,01,1,99,9,00800,1,99,9,99,9",,,"99999,9,10076,1","9,9,999,9,+016,1",,,"SYN05843278 32596 30000 10296 20257 30076 40083 81501 333 58016=",
"43278099999","2023-08-27T00:00:00","4","13.0666666","80.2","7.0","NUMGAMBAKKAM, IN","FM-12","99999","V020","999,9,C,0000,1","99999,9,9,N","004000,1,9,9","+0246,1","+0243,1","10086,1","21,0210,3,1","9,1,02,1","6,1,02,1",,,"04,1,+00800,1,06,1","99,9,+99999,9,03,1","99,9,+99999,9,00,1",,"9,AGL   ,+99999,+99999","07,99,1,04,1,99,9,00800,1,99,9,99,9",,,"99999,9,10079,1","9,9,999,9,+024,1",,"03,1","SYN07043278 21596 70000 10246 20243 30079 40086 70396 84572 333 58024 6021/=",
"43278099999","2023-08-27T03:00:00","4","13.0666666","80.2","7.0","NUMGAMBAKKAM, IN","FM-12","99999","V020","999,9,C,0000,1","99999,9,9,N","004000,1,9,9","+0260,1","+0251,1","10099,1","24,0210,3,1","2,1,02,1","2,1,02,1",,,"03,1,+00800,1,06,1","99,9,+99999,9,03,1","99,9,+99999,9,00,1",,"9,AGL   ,+99999,+99999","08,99,1,03,1,99,9,00800,1,99,9,99,9","240,M,+0356,1","240,N,+0245,1","99999,9,10092,1","9,9,999,9,+018,1",,"50,1","SYN09843278 21596 80000 10260 20251 30092 40099 75022 83572 333 10356 20245 58018 6021/ 555 00210 10489=",
"43278099999","2023-08-27T06:00:00","4","13.0666666","80.2","7.0","NUMGAMBAKKAM, IN","FM-12","99999","V020","999,9,C,0000,1","99999,9,9,N","010000,1,9,9","+0300,1","+0284,1","10088,1",,,,,,"03,1,+00800,1,06,1","99,9,+99999,9,03,1","99,9,+99999,9,00,1",,"9,AGL   ,+99999,+99999","07,99,1,03,1,99,9,00800,1,99,9,99,9",,,"99999,9,10081,1","9,9,999,9,+010,1",,,"SYN05843278 32597 70000 10300 20284 30081 40088 83532 333 58010=",
"43278099999","2023-08-27T09:00:00","4","13.0666666","80.2","7.0","NUMGAMBAKKAM, IN","FM-12","99999","V020","270,1,N,0010,1","99999,9,9,N","010000,1,9,9","+0328,1","+0258,1","10067,1",,,,,,"01,1,+00800,1,06,1","99,9,+99999,9,03,1","99,9,+99999,9,00,1",,"9,AGL   ,+99999,+99999","05,99,1,01,1,99,9,00800,1,99,9,99,9",,,"99999,9,10060,1","9,9,999,9,+010,1",,,"SYN05843278 32597 52702 10328 20258 30060 40067 81571 333 58010=",
"43278099999","2023-08-27T12:00:00","4","13.0666666","80.2","7.0","NUMGAMBAKKAM, IN","FM-12","99999","V020","999,9,C,0000,1","99999,9,9,N","010000,1,9,9","+0318,1","+0271,1","10065,1",,,,,,"03,1,+00800,1,06,1","99,9,+99999,9,03,1","99,9,+99999,9,00,1",,"9,AGL   ,+99999,+99999","06,99,1,03,1,99,9,00800,1,99,9,99,9",,,"99999,9,10058,1","9,9,999,9,+006,1",,,"SYN06443278 32597 60000 10318 20271 30058 40065 83571 333 10334 58006=",
"43278099999","2023-08-27T15:00:00","4","13.0666666","80.2","7.0","NUMGAMBAKKAM, IN","FM-12","99999","V020","999,9,C,0000,1","22000,1,9,N","004000,1,9,9","+0294,1","+0266,1","10076,1",,,,,,"01,1,+00800,1,06,1","99,9,+99999,9,03,1","99,9,+99999,9,00,1",,"9,AGL   ,+99999,+99999","04,99,1,01,1,99,9,00800,1,99,9,99,9",,,"99999,9,10069,1","9,9,999,9,-007,1",,,"SYN05843278 32596 40000 10294 20266 30069 40076 81571 333 59007=",
"43278099999","2023-08-28T00:00:00","4","13.0666666","80.2","7.0","NUMGAMBAKKAM, IN","FM-12","99999","V020","230,1,N,0031,1","99999,9,9,N","004000,1,9,9","+0282,1","+0242,1","10067,1",,,,,,"02,1,+00800,1,06,1","99,9,+99999,9,04,1","99,9,+99999,9,00,1",,"9,AGL   ,+99999,+99999","07,99,1,02,1,99,9,00800,1,99,9,99,9",,,"99999,9,10060,1","9,9,999,9,-019,1",,,"SYN05843278 32596 72306 10282 20242 30060 40067 82511 333 59019=",
"43278099999","2023-08-28T03:00:00","4","13.0666666","80.2","7.0","NUMGAMBAKKAM, IN","FM-12","99999","V020","999,9,V,0005,1","99999,9,9,N","010000,1,9,9","+0292,1","+0240,1","10077,1",,,,,,"01,1,+00800,1,06,1","99,9,+99999,9,03,1","99,9,+99999,9,00,1",,"9,AGL   ,+99999,+99999","05,99,1,01,1,99,9,00800,1,99,9,99,9","240,M,+0334,1","240,N,+0274,1","99999,9,10070,1","9,9,999,9,-022,1",,,"SYN08043278 32597 59901 10292 20240 30070 40077 81531 333 10334 20274 59022 555 10489=",
"43278099999","2023-08-28T06:00:00","4","13.0666666","80.2","7.0","NUMGAMBAKKAM, IN","FM-12","99999","V020","230,1,N,0015,1","22000,1,9,N","010000,1,9,9","+0340,1","+0259,1","10072,1",,,,,,"03,1,+02250,1,03,1","99,9,+99999,9,00,1",,,"9,AGL   ,+99999,+99999","04,99,1,03,1,99,9,02250,1,99,9,99,9",,,"99999,9,10065,1","9,9,999,9,-016,1",,,"SYN05843278 32897 42303 10340 20259 30065 40072 83031 333 59016=",
"43278099999","2023-08-28T09:00:00","4","13.0666666","80.2","7.0","NUMGAMBAKKAM, IN","FM-12","99999","V020","140,1,N,0010,1","99999,9,9,N","010000,1,9,9","+0350,1","+0261,1","10051,1",,,,,,"03,1,+00800,1,06,1","99,9,+99999,9,03,1","99,9,+99999,9,00,1",,"9,AGL   ,+99999,+99999","05,99,1,03,1,99,9,00800,1,99,9,99,9",,,"99999,9,10044,1","9,9,999,9,-016,1",,,"SYN05843278 32597 51402 10350 20261 30044 40051 83531 333 59016=",
"43278099999","2023-08-28T12:00:00","4","13.0666666","80.2","7.0","NUMGAMBAKKAM, IN","FM-12","99999","V020","140,1,N,0021,1","99999,9,9,N","010000,1,9,9","+0316,1","+0263,1","10049,1",,,,,,"04,1,+02250,1,03,1","99,9,+99999,9,00,1",,,"9,AGL   ,+99999,+99999","05,99,1,04,1,99,9,02250,1,99,9,99,9",,,"99999,9,10042,1","9,9,999,9,-016,1",,,"SYN06443278 32897 51404 10316 20263 30042 40049 84031 333 10362 59016=",
"43278099999","2023-08-28T15:00:00","4","13.0666666","80.2","7.0","NUMGAMBAKKAM, IN","FM-12","99999","V020","140,1,N,0015,1","22000,1,9,N","004000,1,9,9","+0294,1","+0263,1","10066,1",,,,,,"02,1,+02250,1,03,1","99,9,+99999,9,00,1",,,"9,AGL   ,+99999,+99999","04,99,1,02,1,99,9,02250,1,99,9,99,9",,,"99999,9,10059,1","9,9,999,9,-010,1",,,"SYN05843278 32896 41403 10294 20263 30059 40066 82031 333 59010=",
"43278099999","2023-08-29T00:00:00","4","13.0666666","80.2","7.0","NUMGAMBAKKAM, IN","FM-12","99999","V020","999,9,C,0000,1","99999,9,9,N","004000,1,9,9","+0238,1","+0235,1","10062,1","21,0530,3,1","9,1,02,1","6,1,02,1",,,"03,1,+00800,1,09,1","99,9,+99999,9,03,1",,,"9,AGL   ,+99999,+99999","08,99,1,03,1,99,9,00800,1,99,9,99,9",,,"99999,9,10057,1","9,9,999,9,-003,1",,"95,1","SYN07043278 21596 80000 10238 20235 30057 40062 79596 8397/ 333 59003 6053/=",
"43278099999","2023-08-29T03:00:00","4","13.0666666","80.2","7.0","NUMGAMBAKKAM, IN","FM-12","99999","V020","999,9,C,0000,1","99999,9,9,N","010000,1,9,9","+0270,1","+0256,1","10075,1","24,0540,3,1","6,1,02,1","5,1,02,1",,,"03,1,+00800,1,06,1","99,9,+99999,9,03,1",,,"9,AGL   ,+99999,+99999","07,99,1,03,1,99,9,00800,1,99,9,99,9","240,M,+0362,1","240,N,+0228,1","99999,9,10068,1","9,9,999,9,-002,1",,"02,1","SYN09843278 21597 70000 10270 20256 30068 40075 70265 8347/ 333 10362 20228 59002 6054/ 555 00540 10543=",
"43278099999","2023-08-29T06:00:00","4","13.0666666","80.2","7.0","NUMGAMBAKKAM, IN","FM-12","99999","V020","320,1,N,0010,1","99999,9,9,N","010000,1,9,9","+0304,1","+0244,1","10071,1",,"6,1,02,1","5,1,02,1",,,"02,1,+00800,1,06,1","99,9,+99999,9,03,1","99,9,+99999,9,00,1",,"9,AGL   ,+99999,+99999","07,99,1,02,1,99,9,00800,1,99,9,99,9",,,"99999,9,10064,1","9,9,999,9,-001,1",,"02,1","SYN06443278 31597 73202 10304 20244 30064 40071 70265 82532 333 59001=",
"43278099999","2023-08-29T09:00:00","4","13.0666666","80.2","7.0","NUMGAMBAKKAM, IN","FM-12","99999","V020","999,9,C,0000,1","99999,9,9,N","010000,1,9,9","+0330,1","+0254,1","10055,1",,,,,,"02,1,+00800,1,06,1","99,9,+99999,9,03,1","99,9,+99999,9,00,1",,"9,AGL   ,+99999,+99999","05,99,1,02,1,99,9,00800,1,99,9,99,9",,,"99999,9,10048,1","9,9,999,9,+004,1",,,"SYN05843278 32597 50000 10330 20254 30048 40055 82571 333 58004=",
"43278099999","2023-08-29T12:00:00","4","13.0666666","80.2","7.0","NUMGAMBAKKAM, IN","FM-12","99999","V020","999,9,C,0000,1","99999,9,9,N","010000,1,9,9","+0308,1","+0254,1","10050,1",,,,,,"01,1,+00800,1,06,1","99,9,+99999,9,03,1","99,9,+99999,9,00,1",,"9,AGL   ,+99999,+99999","05,99,1,01,1,99,9,00800,1,99,9,99,9",,,"99999,9,10043,1","9,9,999,9,+001,1",,,"SYN06443278 32597 50000 10308 20254 30043 40050 81571 333 10351 58001=",
"43278099999","2023-08-29T15:00:00","4","13.0666666","80.2","7.0","NUMGAMBAKKAM, IN","FM-12","99999","V020","999,9,C,0000,1","22000,1,9,N","004000,1,9,9","+0292,1","+0261,1","10070,1",,,,,,"99,9,+99999,9,00,1",,,,"9,AGL   ,+99999,+99999","01,99,1,00,1,99,9,99999,9,99,9,99,9",,,"99999,9,10063,1","9,9,999,9,+004,1",,,"SYN05843278 32996 10000 10292 20261 30063 40070 80001 333 58004=","Q01    003SCCGA1"
"43278099999","2023-08-30T00:00:00","4","13.0666666","80.2","7.0","NUMGAMBAKKAM, IN","FM-12","99999","V020","230,1,N,0010,1","22000,1,9,N","004000,1,9,9","+0266,1","+0234,1","10065,1",,,,,,"01,1,+00800,1,06,1","99,9,+99999,9,00,1",,,"9,AGL   ,+99999,+99999","02,99,1,01,1,99,9,00800,1,99,9,99,9",,,"99999,9,10058,1","9,9,999,9,+001,1",,,"SYN05843278 32596 22302 10266 20234 30058 40065 81502 333 58001=",
"43278099999","2023-08-30T03:00:00","4","13.0666666","80.2","7.0","NUMGAMBAKKAM, IN","FM-12","99999","V020","270,1,N,0010,1","22000,1,9,N","010000,1,9,9","+0308,1","+0248,1","10079,1",,,,,,"99,9,+99999,9,00,1",,,,"9,AGL   ,+99999,+99999","02,99,1,00,1,99,9,99999,9,99,9,99,9","240,M,+0351,1","240,N,+0261,1","99999,9,10072,1","9,9,999,9,+004,1",,,"SYN08043278 32997 22702 10308 20248 30072 40079 80001 333 10351 20261 58004 555 10543=","Q01    003SCCGA1"
"43278099999","2023-08-30T06:00:00","4","13.0666666","80.2","7.0","NUMGAMBAKKAM, IN","FM-12","99999","V020","320,1,N,0010,1","22000,1,9,N","010000,1,9,9","+0354,1","+0253,1","10072,1",,,,,,"01,1,+00800,1,06,1","99,9,+99999,9,03,1","99,9,+99999,9,00,1",,"9,AGL   ,+99999,+99999","03,99,1,01,1,99,9,00800,1,99,9,99,9",,,"99999,9,10065,1","9,9,999,9,+001,1",,,"SYN05843278 32597 33202 10354 20253 30065 40072 81531 333 58001=",
"43278099999","2023-08-30T09:00:00","4","13.0666666","80.2","7.0","NUMGAMBAKKAM, IN","FM-12","99999","V020","140,1,N,0005,1","22000,1,9,N","010000,1,9,9","+0336,1","+0239,1","10055,1",,,,,,"03,1,+00800,1,06,1","99,9,+99999,9,00,1",,,"9,AGL   ,+99999,+99999","04,99,1,03,1,99,9,00800,1,99,9,99,9",,,"99999,9,10048,1","9,9,999,9,+000,1",,,"SYN05843278 32597 41401 10336 20239 30048 40055 83501 333 58000=",
"43278099999","2023-08-30T12:00:00","4","13.0666666","80.2","7.0","NUMGAMBAKKAM, IN","FM-12","99999","V020","360,1,N,0010,1","99999,9,9,N","010000,1,9,9","+0284,1","+0235,1","10052,1","09,0000,2,1","5,1,02,1","2,1,02,1",,,"01,1,+00800,1,09,1","99,9,+99999,9,00,1",,,"9,AGL   ,+99999,+99999","05,99,1,01,1,99,9,00800,1,99,9,99,9",,,"99999,9,10045,1","9,9,999,9,+002,1",,"50,1","SYN07643278 21597 53602 10284 20235 30045 40052 75052 81301 333 10367 58002 6990/=",
"43278099999","2023-08-30T15:00:00","4","13.0666666","80.2","7.0","NUMGAMBAKKAM, IN","FM-12","99999","V020","140,1,N,0010,1","99999,9,9,N","004000,1,9,9","+0294,1","+0248,1","10070,1",,,,,,"02,1,+00800,1,06,1","99,9,+99999,9,03,1","99,9,+99999,9,00,1",,"9,AGL   ,+99999,+99999","05,99,1,02,1,99,9,00800,1,99,9,99,9",,,"99999,9,10063,1","9,9,999,9,+000,1",,,"SYN05843278 32596 51402 10294 20248 30063 40070 82531 333 58000=",
"43278099999","2023-08-31T00:00:00","4","13.0666666","80.2","7.0","NUMGAMBAKKAM, IN","FM-12","99999","V020","250,1,N,0010,1","22000,1,9,N","004000,1,9,9","+0260,1","+0231,1","10062,1","21,0002,3,1","6,1,02,1","1,1,02,1",,,"99,9,+99999,9,00,1",,,,"9,AGL   ,+99999,+99999","03,99,1,00,1,99,9,99999,9,99,9,99,9",,,"99999,9,10055,1","9,9,999,9,-003,1",,"01,1","SYN07043278 21996 32502 10260 20231 30055 40062 70161 80001 333 59003 6992/=","Q01    003SCCGA1"
"43278099999","2023-08-31T03:00:00","4","13.0666666","80.2","7.0","NUMGAMBAKKAM, IN","FM-12","99999","V020","270,1,N,0010,1","22000,1,9,N","010000,1,9,9","+0286,1","+0240,1","10079,1","24,0002,3,1",,,,,"99,9,+99999,9,00,1",,,,"9,AGL   ,+99999,+99999","02,99,1,00,1,99,9,99999,9,99,9,99,9","240,M,+0367,1","240,N,+0257,1","99999,9,10072,1","9,9,999,9,+000,1",,,"SYN09243278 22997 22702 10286 20240 30072 40079 80001 333 10367 20257 58000 6992/ 555 00002 10543=","Q01    003SCCGA1"
"43278099999","2023-08-31T06:00:00","4","13.0666666","80.2","7.0","NUMGAMBAKKAM, IN","FM-12","99999","V020","270,1,N,0010,1","22000,1,9,N","010000,1,9,9","+0350,1","+0252,1","10072,1",,,,,,"01,1,+01750,1,03,1","99,9,+99999,9,00,1",,,"9,AGL   ,+99999,+99999","02,99,1,01,1,99,9,01750,1,99,9,99,9",,,"99999,9,10065,1","9,9,999,9,+000,1",,,"SYN05843278 32797 22702 10350 20252 30065 40072 81031 333 58000=",
"43278099999","2023-08-31T09:00:00","4","13.0666666","80.2","7.0","NUMGAMBAKKAM, IN","FM-12","99999","V020","140,1,N,0010,1","99999,9,9,N","010000,1,9,9","+0328,1","+0261,1","10064,1",,,,,,"03,1,+00800,1,06,1","99,9,+99999,9,03,1","99,9,+99999,9,00,1",,"9,AGL   ,+99999,+99999","05,99,1,03,1,99,9,00800,1,99,9,99,9",,,"99999,9,10057,1","9,9,999,9,+009,1",,,"SYN05843278 32597 51402 10328 20261 30057 40064 83571 333 58009=",
"43278099999","2023-08-31T12:00:00","4","13.0666666","80.2","7.0","NUMGAMBAKKAM, IN","FM-12","99999","V020","110,1,N,0010,1","22000,1,9,N","010000,1,9,9","+0310,1","+0263,1","10048,1",,,,,,"01,1,+00800,1,06,1","99,9,+99999,9,03,1","99,9,+99999,9,00,1",,"9,AGL   ,+99999,+99999","03,99,1,01,1,99,9,00800,1,99,9,99,9","240,M,+0358,1",,"99999,9,10041,1","9,9,999,9,-004,1",,,"SYN06443278 32597 31102 10310 20263 30041 40048 81531 333 10358 59004=",
"43278099999","2023-08-31T15:00:00","4","13.0666666","80.2","7.0","NUMGAMBAKKAM, IN","FM-12","99999","V020","140,1,N,0010,1","99999,9,9,N","004000,1,9,9","+0294,1","+0239,1","10066,1",,,,,,"05,1,+00800,1,06,1","99,9,+99999,9,00,1",,,"9,AGL   ,+99999,+99999","06,99,1,05,1,99,9,00800,1,99,9,99,9",,,"99999,9,10059,1","9,9,999,9,-004,1",,,"SYN05843278 32596 61402 10294 20239 30059 40066 85501 333 59004=",
"43278099999","2023-09-01T00:00:00","4","13.0666666","80.2","7.0","NUMGAMBAKKAM, IN","FM-12","99999","V020","140,1,N,0005,1","22000,1,9,N","004000,1,9,9","+0271,1","+0241,1","10059,1",,,,,,"99,9,+99999,9,00,1",,,,"9,AGL   ,+99999,+99999","01,99,1,00,1,99,9,99999,9,99,9,99,9",,,"99999,9,10052,1","9,9,999,9,-003,1",,,"SYN05843278 32996 11401 10271 20241 30052 40059 80001 333 59003=","Q01    003SCCGA1"
"43278099999","2023-09-01T03:00:00","4","13.0666666","80.2","7.0","NUMGAMBAKKAM, IN","FM-12","99999","V020","270,1,N,0010,1","22000,1,9,N","010000,1,9,9","+0304,1","+0241,1","10083,1",,,,,,"99,9,+99999,9,00,1",,,,"9,AGL   ,+99999,+99999","01,99,1,00,1,99,9,99999,9,99,9,99,9","240,M,+0358,1","240,N,+0270,1","99999,9,10076,1","9,9,999,9,+004,1",,,"SYN08043278 32997 12702 10304 20241 30076 40083 80001 333 10358 20270 58004 555 10543=","Q01    003SCCGA1"
"43278099999","2023-09-01T06:00:00","4","13.0666666","80.2","7.0","NUMGAMBAKKAM, IN","FM-12","99999","V020","090,1,N,0010,1","22000,1,9,N","010000,1,9,9","+0346,1","+0238,1","10077,1",,,,,,"99,9,+99999,9,00,1",,,,"9,AGL   ,+99999,+99999","01,99,1,00,1,99,9,99999,9,99,9,99,9",,,"99999,9,10070,1","9,9,999,9,+005,1",,,"SYN05843278 32997 10902 10346 20238 30070 40077 80001 333 58005=","Q01    003SCCGA1"
"43278099999","2023-09-01T09:00:00","4","13.0666666","80.2","7.0","NUMGAMBAKKAM, IN","FM-12","99999","V020","090,1,N,0010,1","22000,1,9,N","010000,1,9,9","+0330,1","+0260,1","10062,1",,,,,,"01,1,+00800,1,06,1","99,9,+99999,9,00,1",,,"9,AGL   ,+99999,+99999","02,99,1,01,1,99,9,00800,1,99,9,99,9",,,"99999,9,10055,1","9,9,999,9,-002,1",,,"SYN05843278 32597 20902 10330 20260 30055 40062 81501 333 59002=",
"43278099999","2023-09-01T12:00:00","4","13.0666666","80.2","7.0","NUMGAMBAKKAM, IN","FM-12","99999","V020","110,1,N,0010,1","99999,9,9,N","010000,1,9,9","+0318,1","+0247,1","10051,1",,,,,,,,,,,,,,"99999,9,10044,1","9,9,999,9,+003,1",,,"SYN05843278 32997 01102 10318 20247 30044 40051 333 10349 58003=",
"43278099999","2023-09-01T15:00:00","4","13.0666666","80.2","7.0","NUMGAMBAKKAM, IN","FM-12","99999","V020","230,1,N,0015,1","22000,1,9,N","004000,1,9,9","+0297,1","+0255,1","10074,1",,,,,,"01,1,+02250,1,03,1","99,9,+99999,9,00,1",,,"9,AGL   ,+99999,+99999","02,99,1,01,1,99,9,02250,1,99,9,99,9",,,"99999,9,10067,1","9,9,999,9,+008,1",,,"SYN05843278 32896 22303 10297 20255 30067 40074 81031 333 58008=",
"43278099999","2023-09-02T00:00:00","4","13.0666666","80.2","7.0","NUMGAMBAKKAM, IN","FM-12","99999","V020","250,1,N,0015,1","99999,9,9,N","004000,1,9,9","+0283,1","+0244,1","10063,1",,,,,,"04,1,+02250,1,03,1","99,9,+99999,9,00,1",,,"9,AGL   ,+99999,+99999","05,99,1,04,1,99,9,02250,1,99,9,99,9",,,"99999,9,10056,1","9,9,999,9,+004,1",,,"SYN05843278 32896 52503 10283 20244 30056 40063 84071 333 58004=",
"43278099999","2023-09-02T03:00:00","4","13.0666666","80.2","7.0","NUMGAMBAKKAM, IN","FM-12","99999","V020","230,1,N,0010,1","22000,1,9,N","010000,1,9,9","+0314,1","+0252,1","10071,1",,,,,,"01,1,+00800,1,06,1","99,9,+99999,9,00,1",,,"9,AGL   ,+99999,+99999","02,99,1,01,1,99,9,00800,1,99,9,99,9","240,M,+0349,1","240,N,+0283,1","99999,9,10064,1","9,9,999,9,-012,1",,,"SYN08043278 32597 22302 10314 20252 30064 40071 81501 333 10349 20283 59012 555 10543=",
"43278099999","2023-09-02T06:00:00","4","13.0666666","80.2","7.0","NUMGAMBAKKAM, IN","FM-12","99999","V020","250,1,N,0010,1","22000,1,9,N","010000,1,9,9","+0356,1","+0252,1","10068,1",,,,,,"01,1,+00800,1,06,1","99,9,+99999,9,00,1",,,"9,AGL   ,+99999,+99999","02,99,1,01,1,99,9,00800,1,99,9,99,9",,,"99999,9,10061,1","9,9,999,9,-009,1",,,"SYN05843278 32597 22502 10356 20252 30061 40068 81501 333 59009=",
"43278099999","2023-09-02T09:00:00","4","13.0666666","80.2","7.0","NUMGAMBAKKAM, IN","FM-12","99999","V020","140,1,N,0015,1","22000,1,9,N","010000,1,9,9","+0328,1","+0261,1","10051,1",,,,,,"02,1,+00800,1,06,1","99,9,+99999,9,00,1",,,"9,AGL   ,+99999,+99999","03,99,1,02,1,99,9,00800,1,99,9,99,9",,,"99999,9,10044,1","9,9,999,9,-011,1",,,"SYN05843278 32597 31403 10328 20261 30044 40051 82501 333 59011=",
"43278099999","2023-09-02T12:00:00","4","13.0666666","80.2","7.0","NUMGAMBAKKAM, IN","FM-12","99999","V020","999,9,C,0000,1","99999,9,9,N","010000,1,9,9","+0310,1","+0257,1","10045,1",,,,,,"04,1,+00800,1,09,1","99,9,+99999,9,03,1","99,9,+99999,9,00,1",,"9,AGL   ,+99999,+99999","06,99,1,04,1,99,9,00800,1,99,9,99,9",,,"99999,9,10038,1","9,9,999,9,-006,1",,,"SYN06443278 32597 60000 10310 20257 30038 40045 84331 333 10356 59006=",
"43278099999","2023-09-02T15:00:00","4","13.0666666","80.2","7.0","NUMGAMBAKKAM, IN","FM-12","99999","V020","230,1,N,0010,1","99999,9,9,N","004000,1,9,9","+0278,1","+0252,1","10063,1","12,0008,3,1","9,1,02,1","5,1,02,1",,,"02,1,+00800,1,06,1","99,9,+99999,9,03,1","99,9,+99999,9,00,1",,"9,AGL   ,+99999,+99999","05,99,1,02,1,99,9,00800,1,99,9,99,9",,,"99999,9,10056,1","9,9,999,9,-011,1",,"21,1","SYN07043278 21596 52302 10278 20252 30056 40063 72195 82572 333 59011 6998/=",
"43278099999","2023-09-03T00:00:00","4","13.0666666","80.2","7.0","NUMGAMBAKKAM, IN","FM-12","99999","V020","270,1,N,0005,1","99999,9,9,N","004000,1,9,9","+0264,1","+0244,1","10064,1","21,0008,3,1",,,,,"01,1,+00800,1,06,1","99,9,+99999,9,03,1","99,9,+99999,9,00,1",,"9,AGL   ,+99999,+99999","05,99,1,01,1,99,9,00800,1,99,9,99,9",,,"99999,9,10057,1","9,9,999,9,+001,1",,,"SYN06443278 22596 52701 10264 20244 30057 40064 81532 333 58001 6998/=",
"43278099999","2023-09-03T03:00:00","4","13.0666666","80.2","7.0","NUMGAMBAKKAM, IN","FM-12","99999","V020","230,1,N,0010,1","99999,9,9,N","010000,1,9,9","+0300,1","+0243,1","10073,1","24,0008,3,1",,,,,"01,1,+00800,1,06,1","99,9,+99999,9,03,1","99,9,+99999,9,00,1",,"9,AGL   ,+99999,+99999","05,99,1,01,1,99,9,00800,1,99,9,99,9","240,M,+0356,1","240,N,+0263,1","99999,9,10066,1","9,9,999,9,+002,1",,,"SYN09243278 22597 52302 10300 20243 30066 40073 81571 333 10356 20263 58002 6998/ 555 00008 10544=",
"43278099999","2023-09-03T06:00:00","4","13.0666666","80.2","7.0","NUMGAMBAKKAM, IN","FM-12","99999","V020","230,1,N,0010,1","99999,9,9,N","010000,1,9,9","+0338,1","+0238,1","10060,1",,,,,,"01,1,+00800,1,06,1","99,9,+99999,9,03,1","99,9,+99999,9,00,1",,"9,AGL   ,+99999,+99999","05,99,1,01,1,99,9,00800,1,99,9,99,9",,,"99999,9,10053,1","9,9,999,9,-008,1",,,"SYN05843278 32597 52302 10338 20238 30053 40060 81571 333 59008=",
"43278099999","2023-09-03T09:00:00","4","13.0666666","80.2","7.0","NUMGAMBAKKAM, IN","FM-12","99999","V020","230,1,N,0010,1","99999,9,9,N","010000,1,9,9","+0346,1","+0244,1","10032,1",,,,,,"04,1,+00800,1,06,1","99,9,+99999,9,03,1","99,9,+99999,9,00,1",,"9,AGL   ,+99999,+99999","07,99,1,04,1,99,9,00800,1,99,9,99,9",,,"99999,9,10025,1","9,9,999,9,-019,1",,,"SYN05843278 32597 72302 10346 20244 30025 40032 84471 333 59019=",
"43278099999","2023-09-03T12:00:00","4","13.0666666","80.2","7.0","NUMGAMBAKKAM, IN","FM-12","99999","V020","270,1,N,0021,1","99999,9,9,N","004000,1,9,9","+0266,1","+0234,1","10030,1","09,0060,3,1","9,1,02,1","6,1,02,1",,,"04,1,+00800,1,09,1","99,9,+99999,9,03,1",,,"9,AGL   ,+99999,+99999","08,99,1,04,1,99,9,00800,1,99,9,99,9",,,"99999,9,10023,1","9,9,999,9,-015,1",,"96,1","SYN07643278 21596 82704 10266 20234 30023 40030 79696 8437/ 333 10351 59015 6006/=",
"43278099999","2023-09-03T15:00:00","4","13.0666666","80.2","7.0","NUMGAMBAKKAM, IN","FM-12","99999","V020","230,1,N,0031,1","99999,9,9,N","004000,1,9,9","+0264,1","+0238,1","10046,1","12,0110,3,1","9,1,02,1","6,1,02,1",,,"02,1,+00800,1,09,1","99,9,+99999,9,03,1",,,"9,AGL   ,+99999,+99999","07,99,1,02,1,99,9,00800,1,99,9,99,9",,,"99999,9,10039,1","9,9,999,9,-017,1",,"95,1","SYN07043278 21596 72306 10264 20238 30039 40046 79596 8297/ 333 59017 6011/=",
"43278099999","2023-09-04T00:00:00","4","13.0666666","80.2","7.0","NUMGAMBAKKAM, IN","FM-12","99999","V020","290,1,N,0005,1","99999,9,9,N","004000,1,9,9","+0262,1","+0249,1","10032,1","21,0110,3,1",,,,,"01,1,+01250,1,06,1","99,9,+99999,9,03,1","99,9,+99999,9,00,1",,"9,AGL   ,+99999,+99999","05,99,1,01,1,99,9,01250,1,99,9,99,9",,,"99999,9,10025,1","9,9,999,9,-032,1",,,"SYN06443278 22696 52901 10262 20249 30025 40032 81531 333 59032 6011/=",
"43278099999","2023-09-04T03:00:00","4","13.0666666","80.2","7.0","NUMGAMBAKKAM, IN","FM-12","99999","V020","230,1,N,0010,1","99999,9,9,N","010000,1,9,9","+0278,1","+0252,1","10043,1","24,0110,3,1",,,,,"03,1,+00800,1,06,1","99,9,+99999,9,03,1","99,9,+99999,9,00,1",,"9,AGL   ,+99999,+99999","08,99,1,03,1,99,9,00800,1,99,9,99,9","240,M,+0351,1","240,N,+0252,1","99999,9,10036,1","9,9,999,9,-030,1",,,"SYN09243278 22597 82302 10278 20252 30036 40043 83571 333 10351 20252 59030 6011/ 555 00113 10555=",
"43278099999","2023-09-04T06:00:00","4","13.0666666","80.2","7.0","NUMGAMBAKKAM, IN","FM-12","99999","V020","230,1,N,0010,1","99999,9,9,N","010000,1,9,9","+0286,1","+0227,1","10041,1",,,,,,"03,1,+00800,1,06,1","99,9,+99999,9,03,1","99,9,+99999,9,00,1",,"9,AGL   ,+99999,+99999","08,99,1,03,1,99,9,00800,1,99,9,99,9",,,"99999,9,10034,1","9,9,999,9,-019,1",,,"SYN05843278 32597 82302 10286 20227 30034 40041 83571 333 59019=",
"43278099999","2023-09-04T09:00:00","4","13.0666666","80.2","7.0","NUMGAMBAKKAM, IN","FM-12","99999","V020","250,1,N,0010,1","99999,9,9,N","010000,1,9,9","+0308,1","+0239,1","10017,1",,,,,,"03,1,+00800,1,06,1","99,9,+99999,9,03,1",,,"9,AGL   ,+99999,+99999","08,99,1,03,1,99,9,00800,1,99,9,99,9",,,"99999,9,10010,1","9,9,999,9,-015,1",,,"SYN05843278 32597 82502 10308 20239 30010 40017 8357/ 333 59015=",
"43278099999","2023-09-04T12:00:00","4","13.0666666","80.2","7.0","NUMGAMBAKKAM, IN","FM-12","99999","V020","230,1,N,0005,1","99999,9,9,N","010000,1,9,9","+0300,1","+0249,1","10017,1",,,,,,"03,1,+00800,1,06,1","99,9,+99999,9,03,1",,,"9,AGL   ,+99999,+99999","08,99,1,03,1,99,9,00800,1,99,9,99,9",,,"99999,9,10010,1","9,9,999,9,-013,1",,,"SYN06443278 32597 82301 10300 20249 30010 40017 8357/ 333 10308 59013=",
"43278099999","2023-09-04T15:00:00","4","13.0666666","80.2","7.0","NUMGAMBAKKAM, IN","FM-12","99999","V020","270,1,N,0026,1","99999,9,9,N","004000,1,9,9","+0284,1","+0235,1","10038,1",,,,,,"03,1,+01250,1,06,1","99,9,+99999,9,04,1","99,9,+99999,9,00,1",,"9,AGL   ,+99999,+99999","06,99,1,03,1,99,9,01250,1,99,9,99,9",,,"99999,9,10031,1","9,9,999,9,-008,1",,,"SYN05843278 32696 62705 10284 20235 30031 40038 83511 333 59008=",
"43278099999","2023-09-05T00:00:00","4","13.0666666","80.2","7.0","NUMGAMBAKKAM, IN","FM-12","99999","V020","270,1,N,0015,1","99999,9,9,N","004000,1,9,9","+0274,1","+0230,1","10033,1","21,0003,3,1","6,1,02,1","2,1,02,1",,,"03,1,+00800,1,06,1","99,9,+99999,9,03,1",,,"9,AGL   ,+99999,+99999","08,99,1,03,1,99,9,00800,1,99,9,99,9",,,"99999,9,10026,1","9,9,999,9,+001,1",,"02,1","SYN07043278 21596 82703 10274 20230 30026 40033 70262 8357/ 333 58001 6993/=",
"43278099999","2023-09-05T03:00:00","4","13.0666666","80.2","7.0","NUMGAMBAKKAM, IN","FM-12","99999","V020","230,1,N,0015,1","99999,9,9,N","010000,1,9,9","+0278,1","+0215,1","10043,1","24,0003,3,1",,,,,"03,1,+00800,1,06,1","99,9,+99999,9,03,1","99,9,+99999,9,00,1",,"9,AGL   ,+99999,+99999","08,99,1,03,1,99,9,00800,1,99,9,99,9","240,M,+0308,1","240,N,+0268,1","99999,9,10036,1","9,9,999,9,+000,1",,,"SYN09243278 22597 82303 10278 20215 30036 40043 83572 333 10308 20268 58000 6993/ 555 00003 10555=",
"43278099999","2023-09-05T06:00:00","4","13.0666666","80.2","7.0","NUMGAMBAKKAM, IN","FM-12","99999","V020","230,1,N,0005,1","99999,9,9,N","010000,1,9,9","+0286,1","+0221,1","10042,1",,,,,,"03,1,+00800,1,06,1","99,9,+99999,9,03,1","99,9,+99999,9,00,1",,"9,AGL   ,+99999,+99999","08,99,1,03,1,99,9,00800,1,99,9,99,9",,,"99999,9,10035,1","9,9,999,9,+001,1",,,"SYN05843278 32597 82301 10286 20221 30035 40042 83571 333 58001=",
"43278099999","2023-09-05T09:00:00","4","13.0666666","80.2","7.0","NUMGAMBAKKAM, IN","FM-12","99999","V020","230,1,N,0010,1","99999,9,9,N","010000,1,9,9","+0306,1","+0221,1","10024,1",,,,,,"04,1,+00800,1,06,1","99,9,+99999,9,04,1",,,"9,AGL   ,+99999,+99999","05,99,1,04,1,99,9,00800,1,99,9,99,9",,,"99999,9,10017,1","9,9,999,9,+007,1",,,"SYN05843278 32597 52302 10306 20221 30017 40024 8451/ 333 58007=",
"43278099999","2023-09-05T12:00:00","4","13.0666666","80.2","7.0","NUMGAMBAKKAM, IN","FM-12","99999","V020","999,9,V,0005,1","99999,9,9,N","004000,1,9,9","+0288,1","+0236,1","10019,1",,,,,,"04,1,+00800,1,06,1","99,9,+99999,9,04,1",,,"9,AGL   ,+99999,+99999","08,99,1,04,1,99,9,00800,1,99,9,99,9",,,"99999,9,10012,1","9,9,999,9,+002,1",,,"SYN06443278 32596 89901 10288 20236 30012 40019 8451/ 333 10309 58002=",
"43278099999","2023-09-05T15:00:00","4","13.0666666","80.2","7.0","NUMGAMBAKKAM, IN","FM-12","99999","V020","230,1,N,0015,1","99999,9,9,N","004000,1,9,9","+0285,1","+0225,1","10028,1",,,,,,"03,1,+00800,1,06,1","99,9,+99999,9,03,1","99,9,+99999,9,00,1",,"9,AGL   ,+99999,+99999","07,99,1,03,1,99,9,00800,1,99,9,99,9",,,"99999,9,10021,1","9,9,999,9,-010,1",,,"SYN05843278 32596 72303 10285 20225 30021 40028 83531 333 59010=",
"43278099999","2023-09-06T00:00:00","4","13.0666666","80.2","7.0","NUMGAMBAKKAM, IN","FM-12","99999","V020","999,9,V,0005,1","99999,9,9,N","004000,1,9,9","+0274,1","+0230,1","10033,1",,,,,,"04,1,+00800,1,06,1","99,9,+99999,9,03,1",,,"9,AGL   ,+99999,+99999","08,99,1,04,1,99,9,00800,1,99,9,99,9",,,"99999,9,10026,1","9,9,999,9,+000,1",,,"SYN05843278 32596 89901 10274 20230 30026 40033 8457/ 333 58000=",
"43278099999","2023-09-06T03:00:00","4","13.0666666","80.2","7.0","NUMGAMBAKKAM, IN","FM-12","99999","V020","250,1,N,0021,1","99999,9,9,N","010000,1,9,9","+0280,1","+0233,1","10056,1",,,,,,"04,1,+00800,1,07,1","99,9,+99999,9,03,1",,,"9,AGL   ,+99999,+99999","08,99,1,04,1,99,9,00800,1,99,9,99,9","240,M,+0309,1","240,N,+0271,1","99999,9,10049,1","9,9,999,9,+013,1",,,"SYN08043278 32597 82504 10280 20233 30049 40056 8467/ 333 10309 20271 58013 555 10555=",
"43278099999","2023-09-06T06:00:00","4","13.0666666","80.2","7.0","NUMGAMBAKKAM, IN","FM-12","99999","V020","270,1,N,0031,1","99999,9,9,N","010000,1,9,9","+0328,1","+0236,1","10054,1",,,,,,"01,1,+00800,1,08,1","99,9,+99999,9,03,1","99,9,+99999,9,00,1",,"9,AGL   ,+99999,+99999","05,99,1,01,1,99,9,00800,1,99,9,99,9",,,"99999,9,10047,1","9,9,999,9,+012,1",,,"SYN05843278 32597 52706 10328 20236 30047 40054 81141 333 58012=",
"43278099999","2023-09-06T09:00:00","4","13.0666666","80.2","7.0","NUMGAMBAKKAM, IN","FM-12","99999","V020","140,1,N,0010,1","99999,9,9,N","010000,1,9,9","+0338,1","+0244,1","10036,1",,,,,,"03,1,+00800,1,06,1","99,9,+99999,9,03,1","99,9,+99999,9,00,1",,"9,AGL   ,+99999,+99999","05,99,1,03,1,99,9,00800,1,99,9,99,9",,,"99999,9,10029,1","9,9,999,9,+012,1",,,"SYN05843278 32597 51402 10338 20244 30029 40036 83531 333 58012=",
"43278099999","2023-09-06T12:00:00","4","13.0666666","80.2","7.0","NUMGAMBAKKAM, IN","FM-12","99999","V020","999,9,C,0000,1","99999,9,9,N","010000,1,9,9","+0324,1","+0251,1","10034,1",,,,,,"03,1,+00800,1,06,1","99,9,+99999,9,03,1","99,9,+99999,9,00,1",,"9,AGL   ,+99999,+99999","06,99,1,03,1,99,9,00800,1,99,9,99,9",,,"99999,9,10027,1","9,9,999,9,+015,1",,,"SYN06443278 32597 60000 10324 20251 30027 40034 83571 333 10341 58015=",
"43278099999","2023-09-06T15:00:00","4","13.0666666","80.2","7.0","NUMGAMBAKKAM, IN","FM-12","99999","V020","999,9,C,0000,1","22000,1,9,N","004000,1,9,9","+0298,1","+0259,1","10050,1",,,,,,"01,1,+00800,1,06,1","99,9,+99999,9,03,1","99,9,+99999,9,00,1",,"9,AGL   ,+99999,+99999","04,99,1,01,1,99,9,00800,1,99,9,99,9",,,"99999,9,10043,1","9,9,999,9,+022,1",,,"SYN05843278 32596 40000 10298 20259 30043 40050 81571 333 58022=",
"43278099999","2023-09-07T00:00:00","4","13.0666666","80.2","7.0","NUMGAMBAKKAM, IN","FM-12","99999","V020","230,1,N,0010,1","99999,9,9,N","004000,1,9,9","+0274,1","+0239,1","10050,1","21,0005,3,1","5,1,02,1","2,1,02,1",,,"03,1,+00800,1,06,1","99,9,+99999,9,03,1","99,9,+99999,9,00,1",,"9,AGL   ,+99999,+99999","06,99,1,03,1,99,9,00800,1,99,9,99,9",,,"99999,9,10043,1","9,9,999,9,+017,1",,"01,1","SYN07043278 21596 62302 10274 20239 30043 40050 70152 83532 333 58017 6995/=",
"43278099999","2023-09-07T03:00:00","4","13.0666666","80.2","7.0","NUMGAMBAKKAM, IN","FM-12","99999","V020","230,1,N,0015,1","22000,1,9,N","010000,1,9,9","+0304,1","+0238,1","10066,1","24,0005,3,1",,,,,"01,1,+00800,1,06,1","99,9,+99999,9,03,1","99,9,+99999,9,00,1",,"9,AGL   ,+99999,+99999","04,99,1,01,1,99,9,00800,1,99,9,99,9","240,M,+0341,1","240,N,+0258,1","99999,9,10059,1","9,9,999,9,+010,1",,,"SYN09243278 22597 42303 10304 20238 30059 40066 81571 333 10341 20258 58010 6995/ 555 00005 10556=",
"43278099999","2023-09-07T06:00:00","4","13.0666666","80.2","7.0","NUMGAMBAKKAM, IN","FM-12","99999","V020","230,1,N,0010,1","99999,9,9,N","010000,1,9,9","+0334,1","+0233,1","10063,1",,,,,,"02,1,+00800,1,06,1","99,9,+99999,9,03,1","99,9,+99999,9,00,1",,"9,AGL   ,+99999,+99999","06,99,1,02,1,99,9,00800,1,99,9,99,9",,,"99999,9,10056,1","9,9,999,9,+009,1",,,"SYN05843278 32597 62302 10334 20233 30056 40063 82531 333 58009=",
"43278099999","2023-09-07T09:00:00","4","13.0666666","80.2","7.0","NUMGAMBAKKAM, IN","FM-12","99999","V020","230,1,N,0010,1","99999,9,9,N","010000,1,9,9","+0346,1","+0241,1","10039,1",,,,,,"03,1,+00800,1,06,1","99,9,+99999,9,03,1","99,9,+99999,9,00,1",,"9,AGL   ,+99999,+99999","06,99,1,03,1,99,9,00800,1,99,9,99,9",,,"99999,9,10032,1","9,9,999,9,+003,1",,,"SYN05843278 32597 62302 10346 20241 30032 40039 83571 333 58003=",
"43278099999","2023-09-07T15:00:00","4","13.0666666","80.2","7.0","NUMGAMBAKKAM, IN","FM-12","99999","V020","230,1,N,0010,1","99999,9,9,N","004000,1,9,9","+0252,1","+0234,1","10059,1","12,0150,3,1","2,1,02,1","2,1,02,1",,,"02,1,+00800,1,09,1","99,9,+99999,9,03,1","99,9,+99999,9,02,1",,"9,AGL   ,+99999,+99999","07,99,1,02,1,99,9,00800,1,99,9,99,9",,,"99999,9,10052,1","9,9,999,9,+009,1",,"95,1","SYN07043278 21596 72302 10252 20234 30052 40059 79522 82978 333 58009 6015/=",
"43278099999","2023-09-08T00:00:00","4","13.0666666","80.2","7.0","NUMGAMBAKKAM, IN","FM-12","99999","V020","230,1,N,0010,1","22000,1,9,N","004000,1,9,9","+0254,1","+0248,1","10062,1","21,0410,3,1","6,1,02,1","5,1,02,1",,,"99,9,+99999,9,00,1",,,,"9,AGL   ,+99999,+99999","03,99,1,00,1,99,9,99999,9,99,9,99,9",,,"99999,9,10055,1","9,9,999,9,+012,1",,"01,1","SYN07043278 21996 32302 10254 20248 30055 40062 70165 80001 333 58012 6041/=","Q01    003SCCGA1"
"43278099999","2023-09-08T03:00:00","4","13.0666666","80.2","7.0","NUMGAMBAKKAM, IN","FM-12","99999","V020","230,1,N,0010,1","22000,1,9,N","010000,1,9,9","+0290,1","+0256,1","10077,1","24,0410,3,1",,,,,"02,1,+00800,1,06,1","99,9,+99999,9,00,1",,,"9,AGL   ,+99999,+99999","04,99,1,02,1,99,9,00800,1,99,9,99,9","240,M,+0355,1","240,N,+0250,1","99999,9,10070,1","9,9,999,9,+011,1",,,"SYN09243278 22597 42302 10290 20256 30070 40077 82501 333 10355 20250 58011 6041/ 555 00415 10597=",
"43278099999","2023-09-08T06:00:00","4","13.0666666","80.2","7.0","NUMGAMBAKKAM, IN","FM-12","99999","V020","230,1,N,0015,1","99999,9,9,N","010000,1,9,9","+0332,1","+0244,1","10074,1",,,,,,"03,1,+00800,1,06,1","99,9,+99999,9,03,1","99,9,+99999,9,00,1",,"9,AGL   ,+99999,+99999","06,99,1,03,1,99,9,00800,1,99,9,99,9",,,"99999,9,10067,1","9,9,999,9,+011,1",,,"SYN05843278 32597 62303 10332 20244 30067 40074 83471 333 58011=",
"43278099999","2023-09-08T09:00:00","4","13.0666666","80.2","7.0","NUMGAMBAKKAM, IN","FM-12","99999","V020","230,1,N,0010,1","99999,9,9,N","010000,1,9,9","+0342,1","+0239,1","10048,1",,,,,,"03,1,+00800,1,06,1","99,9,+99999,9,03,1","99,9,+99999,9,00,1",,"9,AGL   ,+99999,+99999","05,99,1,03,1,99,9,00800,1,99,9,99,9",,,"99999,9,10041,1","9,9,999,9,+009,1",,,"SYN05843278 32597 52302 10342 20239 30041 40048 83531 333 58009=",
"43278099999","2023-09-08T12:00:00","4","13.0666666","80.2","7.0","NUMGAMBAKKAM, IN","FM-12","99999","V020","140,1,N,0010,1","22000,1,9,N","010000,1,9,9","+0310,1","+0254,1","10045,1",,,,,,"02,1,+00800,1,06,1","99,9,+99999,9,03,1","99,9,+99999,9,00,1",,"9,AGL   ,+99999,+99999","04,99,1,02,1,99,9,00800,1,99,9,99,9",,,"99999,9,10038,1","9,9,999,9,+014,1",,,"SYN06443278 32597 41402 10310 20254 30038 40045 82571 333 10351 58014=",
"43278099999","2023-09-08T15:00:00","4","13.0666666","80.2","7.0","NUMGAMBAKKAM, IN","FM-12","99999","V020","999,9,C,0000,1","22000,1,9,N","004000,1,9,9","+0296,1","+0257,1","10065,1",,,,,,"02,1,+00800,1,06,1","99,9,+99999,9,03,1","99,9,+99999,9,00,1",,"9,AGL   ,+99999,+99999","04,99,1,02,1,99,9,00800,1,99,9,99,9",,,"99999,9,10058,1","9,9,999,9,+006,1",,,"SYN05843278 32596 40000 10296 20257 30058 40065 82531 333 58006=",
"43278099999","2023-09-09T00:00:00","4","13.0666666","80.2","7.0","NUMGAMBAKKAM, IN","FM-12","99999","V020","999,9,C,0000,1","22000,1,9,N","004000,1,9,9","+0278,1","+0243,1","10061,1",,,,,,"01,1,+00800,1,06,1","99,9,+99999,9,03,1","99,9,+99999,9,00,1",,"9,AGL   ,+99999,+99999","03,99,1,01,1,99,9,00800,1,99,9,99,9",,,"99999,9,10054,1","9,9,999,9,-001,1",,,"SYN05843278 32596 30000 10278 20243 30054 40061 81531 333 59001=",
"43278099999","2023-09-09T03:00:00","4","13.0666666","80.2","7.0","NUMGAMBAKKAM, IN","FM-12","99999","V020","230,1,N,0010,1","22000,1,9,N","010000,1,9,9","+0306,1","+0237,1","10074,1",,,,,,"02,1,+01750,1,03,1","99,9,+99999,9,00,1",,,"9,AGL   ,+99999,+99999","03,99,1,02,1,99,9,01750,1,99,9,99,9","240,M,+0351,1","240,N,+0274,1","99999,9,10067,1","9,9,999,9,-003,1",,,"SYN08043278 32797 32302 10306 20237 30067 40074 82071 333 10351 20274 59003 555 10597=",
"43278099999","2023-09-09T06:00:00","4","13.0666666","80.2","7.0","NUMGAMBAKKAM, IN","FM-12","99999","V020","230,1,N,0010,1","22000,1,9,N","010000,1,9,9","+0340,1","+0224,1","10065,1",,,,,,"02,1,+01750,1,03,1","99,9,+99999,9,00,1",,,"9,AGL   ,+99999,+99999","03,99,1,02,1,99,9,01750,1,99,9,99,9",,,"99999,9,10058,1","9,9,999,9,-009,1",,,"SYN05843278 32797 32302 10340 20224 30058 40065 82071 333 59009=",
"43278099999","2023-09-09T09:00:00","4","13.0666666","80.2","7.0","NUMGAMBAKKAM, IN","FM-12","99999","V020","140,1,N,0015,1","99999,9,9,N","010000,1,9,9","+0330,1","+0238,1","10042,1",,,,,,"03,1,+00800,1,06,1","99,9,+99999,9,03,1","99,9,+99999,9,00,1",,"9,AGL   ,+99999,+99999","06,99,1,03,1,99,9,00800,1,99,9,99,9",,,"99999,9,10035,1","9,9,999,9,-006,1",,,"SYN05843278 32597 61403 10330 20238 30035 40042 83571 333 59006=",
"43278099999","2023-09-09T12:00:00","4","13.0666666","80.2","7.0","NUMGAMBAKKAM, IN","FM-12","99999","V020","140,1,N,0010,1","99999,9,9,N","010000,1,9,9","+0312,1","+0237,1","10038,1",,,,,,"03,1,+00800,1,06,1","99,9,+99999,9,00,1",,,"9,AGL   ,+99999,+99999","05,99,1,03,1,99,9,00800,1,99,9,99,9",,,"99999,9,10031,1","9,9,999,9,-007,1",,,"SYN06443278 32597 51402 10312 20237 30031 40038 83401 333 10358 59007=",
"43278099999","2023-09-09T15:00:00","4","13.0666666","80.2","7.0","NUMGAMBAKKAM, IN","FM-12","99999","V020","140,1,N,0010,1","22000,1,9,N","004000,1,9,9","+0296,1","+0257,1","10048,1",,,,,,"02,1,+00800,1,06,1","99,9,+99999,9,00,1",,,"9,AGL   ,+99999,+99999","03,99,1,02,1,99,9,00800,1,99,9,99,9",,,"99999,9,10041,1","9,9,999,9,-017,1",,,"SYN05843278 32596 31402 10296 20257 30041 40048 82501 333 59017=",
"43278099999","2023-09-10T00:00:00","4","13.0666666","80.2","7.0","NUMGAMBAKKAM, IN","FM-12","99999","V020","230,1,N,0015,1","99999,9,9,N","004000,1,9,9","+0284,1","+0235,1","10048,1","21,0000,9,1",,,,,"05,1,+02250,1,03,1","99,9,+99999,9,00,1",,,"9,AGL   ,+99999,+99999","06,99,1,05,1,99,9,02250,1,99,9,99,9",,,"99999,9,10041,1","9,9,999,9,-013,1",,,"SYN06443278 22896 62303 10284 20235 30041 40048 85071 333 59013 6990/=","Q01  00002PRCP21"
"43278099999","2023-09-10T03:00:00","4","13.0666666","80.2","7.0","NUMGAMBAKKAM, IN","FM-12","99999","V020","230,1,N,0010,1","99999,9,9,N","010000,1,9,9","+0294,1","+0239,1","10066,1","24,0000,9,1",,,,,"03,1,+00800,1,06,1","99,9,+99999,9,03,1","99,9,+99999,9,00,1",,"9,AGL   ,+99999,+99999","07,99,1,03,1,99,9,00800,1,99,9,99,9","240,M,+0358,1","240,N,+0280,1","99999,9,10059,1","9,9,999,9,-008,1",,,"SYN08643278 22597 72302 10294 20239 30059 40066 83571 333 10358 20280 59008 6990/ 555 10597=","Q01  00002PRCP24"
"43278099999","2023-09-10T06:00:00","4","13.0666666","80.2","7.0","NUMGAMBAKKAM, IN","FM-12","99999","V020","250,1,N,0010,1","99999,9,9,N","010000,1,9,9","+0316,1","+0232,1","10061,1",,,,,,"03,1,+00800,1,06,1","99,9,+99999,9,03,1","99,9,+99999,9,00,1",,"9,AGL   ,+99999,+99999","07,99,1,03,1,99,9,00800,1,99,9,99,9",,,"99999,9,10054,1","9,9,999,9,-004,1",,,"SYN05843278 32597 72502 10316 20232 30054 40061 83571 333 59004=",
"43278099999","2023-09-10T09:00:00","4","13.0666666","80.2","7.0","NUMGAMBAKKAM, IN","FM-12","99999","V020","250,1,N,0010,1","99999,9,9,N","010000,1,9,9","+0336,1","+0236,1","10046,1",,,,,,"02,1,+00800,1,06,1","99,9,+99999,9,03,1","99,9,+99999,9,00,1",,"9,AGL   ,+99999,+99999","07,99,1,02,1,99,9,00800,1,99,9,99,9",,,"99999,9,10039,1","9,9,999,9,+004,1",,,"SYN05843278 32597 72502 10336 20236 30039 40046 82571 333 58004=",
"43278099999","2023-09-10T12:00:00","4","13.0666666","80.2","7.0","NUMGAMBAKKAM, IN","FM-12","99999","V020","999,9,C,0000,1","99999,9,9,N","010000,1,9,9","+0328,1","+0249,1","10041,1",,,,,,"02,1,+00800,1,06,1","99,9,+99999,9,03,1","99,9,+99999,9,00,1",,"9,AGL   ,+99999,+99999","06,99,1,02,1,99,9,00800,1,99,9,99,9",,,"99999,9,10034,1","9,9,999,9,+003,1",,,"SYN06443278 32597 60000 10328 20249 30034 40041 82571 333 10347 58003=",
"43278099999","2023-09-10T15:00:00","4","13.0666666","80.2","7.0","NUMGAMBAKKAM, IN","FM-12","99999","V020","140,1,N,0010,1","22000,1,9,N","004000,1,9,9","+0296,1","+0260,1","10054,1",,,,,,"01,1,+00800,1,06,1","99,9,+99999,9,03,1","99,9,+99999,9,00,1",,"9,AGL   ,+99999,+99999","04,99,1,01,1,99,9,00800,1,99,9,99,9",,,"99999,9,10047,1","9,9,999,9,+006,1",,,"SYN05843278 32596 41402 10296 20260 30047 40054 81571 333 58006=",
"43278099999","2023-09-11T00:00:00","4","13.0666666","80.2","7.0","NUMGAMBAKKAM, IN","FM-12","99999","V020","250,1,N,0021,1","22000,1,9,N","004000,1,9,9","+0284,1","+0247,1","10043,1",,,,,,"02,1,+00800,1,06,1","99,9,+99999,9,03,1","99,9,+99999,9,00,1",,"9,AGL   ,+99999,+99999","04,99,1,02,1,99,9,00800,1,99,9,99,9",,,"99999,9,10036,1","9,9,999,9,-005,1",,,"SYN05843278 32596 42504 10284 20247 30036 40043 82531 333 59005=",
"43278099999","2023-09-11T03:00:00","4","13.0666666","80.2","7.0","NUMGAMBAKKAM, IN","FM-12","99999","V020","230,1,N,0021,1","22000,1,9,N","010000,1,9,9","+0306,1","+0237,1","10058,1",,,,,,"02,1,+99999,9,03,1","99,9,+99999,9,00,1",,,"9,AGL   ,+99999,+99999","04,99,1,02,1,99,9,99999,9,99,9,99,9","240,M,+0347,1","240,N,+0282,1","99999,9,10051,1","9,9,999,9,-008,1",,,"SYN08043278 32997 42304 10306 20237 30051 40058 82031 333 10347 20282 59008 555 10597=",
"43278099999","2023-09-11T06:00:00","4","13.0666666","80.2","7.0","NUMGAMBAKKAM, IN","FM-12","99999","V020","270,1,N,0005,1","99999,9,9,N","010000,1,9,9","+0345,1","+0238,1","10055,1",,,,,,"03,1,+02250,1,03,1","99,9,+99999,9,00,1",,,"9,AGL   ,+99999,+99999","05,99,1,03,1,99,9,02250,1,99,9,99,9",,,"99999,9,10048,1","9,9,999,9,-006,1",,,"SYN05843278 32897 52701 10345 20238 30048 40055 83031 333 59006=",
"43278099999","2023-09-11T09:00:00","4","13.0666666","80.2","7.0","NUMGAMBAKKAM, IN","FM-12","99999","V020","320,1,N,0015,1","99999,9,9,N","010000,1,9,9","+0344,1","+0238,1","10042,1",,,,,,"03,1,+00800,1,06,1","99,9,+99999,9,03,1","99,9,+99999,9,00,1",,"9,AGL   ,+99999,+99999","07,99,1,03,1,99,9,00800,1,99,9,99,9",,,"99999,9,10035,1","9,9,999,9,-004,1",,,"SYN05843278 32597 73203 10344 20238 30035 40042 83571 333 59004=",
"43278099999","2023-09-11T12:00:00","4","13.0666666","80.2","7.0","NUMGAMBAKKAM, IN","FM-12","99999","V020","999,9,V,0005,1","99999,9,9,N","010000,1,9,9","+0307,1","+0246,1","10044,1",,,,,,"01,1,+00800,1,06,1","99,9,+99999,9,03,1","99,9,+99999,9,02,1",,"9,AGL   ,+99999,+99999","08,99,1,01,1,99,9,00800,1,99,9,99,9",,,"99999,9,10037,1","9,9,999,9,+003,1",,,"SYN06443278 32597 89901 10307 20246 30037 40044 81577 333 10355 58003=",
"43278099999","2023-09-11T15:00:00","4","13.0666666","80.2","7.0","NUMGAMBAKKAM, IN","FM-12","99999","V020","999,9,C,0000,1","99999,9,9,N","010000,1,9,9","+0294,1","+0251,1","10056,1",,,,,,"01,1,+00800,1,06,1","99,9,+99999,9,03,1","99,9,+99999,9,00,1",,"9,AGL   ,+99999,+99999","07,99,1,01,1,99,9,00800,1,99,9,99,9",,,"99999,9,10049,1","9,9,999,9,+002,1",,,"SYN05843278 32597 70000 10294 20251 30049 40056 81571 333 58002=",
"43278099999","2023-09-12T00:00:00","4","13.0666666","80.2","7.0","NUMGAMBAKKAM, IN","FM-12","99999","V020","250,1,N,0015,1","99999,9,9,N","004000,1,9,9","+0288,1","+0233,1","10046,1",,,,,,"02,1,+02250,1,03,1","99,9,+99999,9,02,1",,,"9,AGL   ,+99999,+99999","05,99,1,02,1,99,9,02250,1,99,9,99,9",,,"99999,9,10039,1","9,9,999,9,+003,1",,,"SYN05843278 32896 52503 10288 20233 30039 40046 82038 333 58003=",
"43278099999","2023-09-12T03:00:00","4","13.0666666","80.2","7.0","NUMGAMBAKKAM, IN","FM-12","99999","V020","270,1,N,0010,1","99999,9,9,N","010000,1,9,9","+0302,1","+0223,1","10067,1",,,,,,"03,1,+00800,1,06,1","99,9,+99999,9,03,1","99,9,+99999,9,00,1",,"9,AGL   ,+99999,+99999","07,99,1,03,1,99,9,00800,1,99,9,99,9","240,M,+0355,1","240,N,+0285,1","99999,9,10060,1","9,9,999,9,+009,1",,,"SYN08043278 32597 72702 10302 20223 30060 40067 83571 333 10355 20285 58009 555 10597=",
"43278099999","2023-09-12T06:00:00","4","13.0666666","80.2","7.0","NUMGAMBAKKAM, IN","FM-12","99999","V020","290,1,N,0031,1","99999,9,9,N","010000,1,9,9","+0340,1","+0220,1","10065,1",,,,,,"03,1,+00800,1,06,1","99,9,+99999,9,03,1","99,9,+99999,9,00,1",,"9,AGL   ,+99999,+99999","06,99,1,03,1,99,9,00800,1,99,9,99,9",,,"99999,9,10058,1","9,9,999,9,+010,1",,,"SYN05843278 32597 62906 10340 20220 30058 40065 83471 333 58010=",
"43278099999","2023-09-12T09:00:00","4","13.0666666","80.2","7.0","NUMGAMBAKKAM, IN","FM-12","99999","V020","320,1,N,0010,1","99999,9,9,N","010000,1,9,9","+0354,1","+0230,1","10048,1",,,,,,"02,1,+00800,1,06,1","99,9,+99999,9,03,1","99,9,+99999,9,00,1",,"9,AGL   ,+99999,+99999","05,99,1,02,1,99,9,00800,1,99,9,99,9",,,"99999,9,10041,1","9,9,999,9,+006,1",,,"SYN05843278 32597 53202 10354 20230 30041 40048 82571 333 58006=",
"43278099999","2023-09-12T12:00:00","4","13.0666666","80.2","7.0","NUMGAMBAKKAM, IN","FM-12","99999","V020","140,1,N,0010,1","99999,9,9,N","010000,1,9,9","+0310,1","+0254,1","10046,1",,,,,,"02,1,+00800,1,06,1","99,9,+99999,9,03,1","99,9,+99999,9,00,1",,"9,AGL   ,+99999,+99999","05,99,1,02,1,99,9,00800,1,99,9,99,9",,,"99999,9,10039,1","9,9,999,9,+002,1",,,"SYN06443278 32597 51402 10310 20254 30039 40046 82571 333 10361 58002=",
"43278099999","2023-09-12T15:00:00","4","13.0666666","80.2","7.0","NUMGAMBAKKAM, IN","FM-12","99999","V020","180,1,N,0015,1","22000,1,9,N","004000,1,9,9","+0300,1","+0249,1","10064,1",,,,,,"01,1,+00800,1,06,1","99,9,+99999,9,03,1","99,9,+99999,9,00,1",,"9,AGL   ,+99999,+99999","04,99,1,01,1,99,9,00800,1,99,9,99,9",,,"99999,9,10057,1","9,9,999,9,+008,1",,,"SYN05843278 32596 41803 10300 20249 30057 40064 81571 333 58008=",
"43278099999","2023-09-13T00:00:00","4","13.0666666","80.2","7.0","NUMGAMBAKKAM, IN","FM-12","99999","V020","230,1,N,0026,1","99999,9,9,N","004000,1,9,9","+0270,1","+0232,1","10060,1",,,,,,"02,1,+00800,1,06,1","99,9,+99999,9,03,1","99,9,+99999,9,00,1",,"9,AGL   ,+99999,+99999","05,99,1,02,1,99,9,00800,1,99,9,99,9",,,"99999,9,10053,1","9,9,999,9,+014,1",,,"SYN05843278 32596 52305 10270 20232 30053 40060 82531 333 58014=",
"43278099999","2023-09-13T03:00:00","4","13.0666666","80.2","7.0","NUMGAMBAKKAM, IN","FM-12","99999","V020","250,1,N,0010,1","99999,9,9,N","010000,1,9,9","+0298,1","+0237,1","10073,1",,,,,,"02,1,+00800,1,06,1","99,9,+99999,9,03,1","99,9,+99999,9,00,1",,"9,AGL   ,+99999,+99999","05,99,1,02,1,99,9,00800,1,99,9,99,9","240,M,+0361,1","240,N,+0269,1","99999,9,10066,1","9,9,999,9,+006,1",,,"SYN08043278 32597 52502 10298 20237 30066 40073 82571 333 10361 20269 58006 555 10597=",
"43278099999","2023-09-13T06:00:00","4","13.0666666","80.2","7.0","NUMGAMBAKKAM, IN","FM-12","99999","V020","320,1,N,0010,1","22000,1,9,N","010000,1,9,9","+0334,1","+0233,1","10063,1",,,,,,"01,1,+00800,1,06,1","99,9,+99999,9,03,1","99,9,+99999,9,00,1",,"9,AGL   ,+99999,+99999","04,99,1,01,1,99,9,00800,1,99,9,99,9",,,"99999,9,10056,1","9,9,999,9,-002,1",,,"SYN05843278 32597 43202 10334 20233 30056 40063 81571 333 59002=",
"43278099999","2023-09-13T09:00:00","4","13.0666666","80.2","7.0","NUMGAMBAKKAM, IN","FM-12","99999","V020","230,1,N,0010,1","99999,9,9,N","010000,1,9,9","+0344,1","+0235,1","10037,1",,,,,,"01,1,+00800,1,06,1","99,9,+99999,9,03,1","99,9,+99999,9,00,1",,"9,AGL   ,+99999,+99999","06,99,1,01,1,99,9,00800,1,99,9,99,9",,,"99999,9,10030,1","9,9,999,9,-011,1",,,"SYN05843278 32597 62302 10344 20235 30030 40037 81531 333 59011=",
"43278099999","2023-09-13T12:00:00","4","13.0666666","80.2","7.0","NUMGAMBAKKAM, IN","FM-12","99999","V020","140,1,N,0010,1","99999,9,9,N","010000,1,9,9","+0320,1","+0249,1","10030,1",,,,,,"01,1,+00800,1,06,1","99,9,+99999,9,03,1","99,9,+99999,9,00,1",,"9,AGL   ,+99999,+99999","08,99,1,01,1,99,9,00800,1,99,9,99,9",,,"99999,9,10023,1","9,9,999,9,-016,1",,,"SYN06443278 32597 81402 10320 20249 30023 40030 81531 333 10352 59016=",
"43278099999","2023-09-13T15:00:00","4","13.0666666","80.2","7.0","NUMGAMBAKKAM, IN","FM-12","99999","V020","230,1,N,0021,1","99999,9,9,N","004000,1,9,9","+0288,1","+0203,1","10049,1",,"2,1,02,1","2,1,02,1",,,"01,1,+00800,1,09,1","99,9,+99999,9,04,1","99,9,+99999,9,00,1",,"9,AGL   ,+99999,+99999","05,99,1,01,1,99,9,00800,1,99,9,99,9",,,"99999,9,10042,1","9,9,999,9,-015,1",,"13,1","SYN06443278 31596 52304 10288 20203 30042 40049 71322 81911 333 59015=",
"43278099999","2023-09-14T00:00:00","4","13.0666666","80.2","7.0","NUMGAMBAKKAM, IN","FM-12","99999","V020","230,1,N,0015,1","22000,1,9,N","004000,1,9,9","+0270,1","+0244,1","10058,1","21,0050,3,1",,,,,"02,1,+02250,1,03,1","99,9,+99999,9,00,1",,,"9,AGL   ,+99999,+99999","04,99,1,02,1,99,9,02250,1,99,9,99,9",,,"99999,9,10051,1","9,9,999,9,-002,1",,,"SYN06443278 22896 42303 10270 20244 30051 40058 82071 333 59002 6005/=",
"43278099999","2023-09-14T03:00:00","4","13.0666666","80.2","7.0","NUMGAMBAKKAM, IN","FM-12","99999","V020","290,1,N,0026,1","99999,9,9,N","010000,1,9,9","+0294,1","+0242,1","10066,1","24,0050,3,1",,,,,"04,1,+02250,1,03,1","99,9,+99999,9,02,1",,,"9,AGL   ,+99999,+99999","08,99,1,04,1,99,9,02250,1,99,9,99,9","240,M,+0352,1","240,N,+0256,1","99999,9,10059,1","9,9,999,9,-007,1",,,"SYN09243278 22897 82905 10294 20242 30059 40066 84078 333 10352 20256 59007 6005/ 555 00052 10603=",
"43278099999","2023-09-14T06:00:00","4","13.0666666","80.2","7.0","NUMGAMBAKKAM, IN","FM-12","99999","V020","270,1,N,0031,1","99999,9,9,N","010000,1,9,9","+0328,1","+0226,1","10062,1",,,,,,"01,1,+02250,1,04,1","99,9,+99999,9,02,1",,,"9,AGL   ,+99999,+99999","05,99,1,01,1,99,9,02250,1,99,9,99,9",,,"99999,9,10055,1","9,9,999,9,-001,1",,,"SYN05843278 32897 52706 10328 20226 30055 40062 81018 333 59001=",
"43278099999","2023-09-14T09:00:00","4","13.0666666","80.2","7.0","NUMGAMBAKKAM, IN","FM-12","99999","V020","230,1,N,0010,1","99999,9,9,N","010000,1,9,9","+0346,1","+0228,1","10046,1",,,,,,"02,1,+00800,1,06,1","99,9,+99999,9,03,1","99,9,+99999,9,00,1",,"9,AGL   ,+99999,+99999","06,99,1,02,1,99,9,00800,1,99,9,99,9",,,"99999,9,10039,1","9,9,999,9,+009,1",,,"SYN05843278 32597 62302 10346 20228 30039 40046 82571 333 58009=",
"43278099999","2023-09-14T12:00:00","4","13.0666666","80.2","7.0","NUMGAMBAKKAM, IN","FM-12","99999","V020","160,1,N,0010,1","99999,9,9,9","010000,1,9,9","+0312,1","+0250,1","10045,1","99,9999,9,9",,,"0,1,99,9","0,1,99,9","04,1,+00600,1,06,1","99,9,+99999,9,03,1","99,9,+99999,9,00,1",,"9,AGL   ,+99999,+99999","06,99,1,04,1,99,9,00600,1,99,9,99,9",,,"99999,9,10038,1","9,9,999,9,+015,1",,,"SYN004BUFR",
"43278099999","2023-09-14T15:00:00","4","13.0666666","80.2","7.0","NUMGAMBAKKAM, IN","FM-12","99999","V020","230,1,N,0021,1","99999,9,9,N","004000,1,9,9","+0286,1","+0261,1","10064,1","12,0000,2,1","2,1,02,1","2,1,02,1",,,"02,1,+00800,1,06,1","99,9,+99999,9,03,1","99,9,+99999,9,00,1",,"9,AGL   ,+99999,+99999","07,99,1,02,1,99,9,00800,1,99,9,99,9",,,"99999,9,10057,1","9,9,999,9,+015,1",,"50,1","SYN07043278 21596 72304 10286 20261 30057 40064 75022 82571 333 58015 6990/=",
"43278099999","2023-09-15T00:00:00","4","13.0666666","80.2","7.0","NUMGAMBAKKAM, IN","FM-12","99999","V020","250,1,N,0015,1","22000,1,9,N","004000,1,9,9","+0270,1","+0247,1","10055,1","21,0004,3,1","5,1,02,1","1,1,02,1",,,"01,1,+01250,1,03,1","99,9,+99999,9,02,1",,,"9,AGL   ,+99999,+99999","03,99,1,01,1,99,9,01250,1,99,9,99,9",,,"99999,9,10048,1","9,9,999,9,-003,1",,"00,1","SYN07043278 21696 32503 10270 20247 30048 40055 70051 81048 333 59003 6994/=",
"43278099999","2023-09-15T03:00:00","4","13.0666666","80.2","7.0","NUMGAMBAKKAM, IN","FM-12","99999","V020","230,1,N,0010,1","22000,1,9,N","010000,1,9,9","+0300,1","+0233,1","10079,1","24,0004,3,1",,,,,"02,1,+01750,1,03,1","99,9,+99999,9,00,1",,,"9,AGL   ,+99999,+99999","03,99,1,02,1,99,9,01750,1,99,9,99,9","240,M,+0351,1","240,N,+0269,1","99999,9,10072,1","9,9,999,9,+013,1",,,"SYN09243278 22797 32302 10300 20233 30072 40079 82031 333 10351 20269 58013 6994/ 555 00004 10603=",
"43278099999","2023-09-15T06:00:00","4","13.0666666","80.2","7.0","NUMGAMBAKKAM, IN","FM-12","99999","V020","270,1,N,0021,1","22000,1,9,N","010000,1,9,9","+0342,1","+0236,1","10075,1",,,,,,"01,1,+00800,1,06,1","99,9,+99999,9,03,1","99,9,+99999,9,00,1",,"9,AGL   ,+99999,+99999","03,99,1,01,1,99,9,00800,1,99,9,99,9",,,"99999,9,10068,1","9,9,999,9,+013,1",,,"SYN05843278 32597 32704 10342 20236 30068 40075 81531 333 58013=",
"43278099999","2023-09-15T09:00:00","4","13.0666666","80.2","7.0","NUMGAMBAKKAM, IN","FM-12","99999","V020","230,1,N,0015,1","99999,9,9,N","010000,1,9,9","+0354,1","+0209,1","10042,1",,,,,,"04,1,+00800,1,06,1","99,9,+99999,9,03,1","99,9,+99999,9,00,1",,"9,AGL   ,+99999,+99999","06,99,1,04,1,99,9,00800,1,99,9,99,9",,,"99999,9,10035,1","9,9,999,9,-004,1",,,"SYN05843278 32597 62303 10354 20209 30035 40042 84471 333 59004=",
"43278099999","2023-09-15T12:00:00","4","13.0666666","80.2","7.0","NUMGAMBAKKAM, IN","FM-12","99999","V020","140,1,N,0015,1","99999,9,9,N","010000,1,9,9","+0312,1","+0247,1","10045,1",,,,,,"04,1,+00800,1,06,1","99,9,+99999,9,03,1","99,9,+99999,9,00,1",,"9,AGL   ,+99999,+99999","07,99,1,04,1,99,9,00800,1,99,9,99,9",,,"99999,9,10038,1","9,9,999,9,+000,1",,,"SYN06443278 32597 71403 10312 20247 30038 40045 84471 333 10358 58000=",
"43278099999","2023-09-15T15:00:00","4","13.0666666","80.2","7.0","NUMGAMBAKKAM, IN","FM-12","99999","V020","140,1,N,0015,1","99999,9,9,N","004000,1,9,9","+0290,1","+0250,1","10064,1","12,0003,3,1","6,1,02,1","2,1,02,1",,,"02,1,+00800,1,06,1","99,9,+99999,9,03,1","99,9,+99999,9,00,1",,"9,AGL   ,+99999,+99999","05,99,1,02,1,99,9,00800,1,99,9,99,9",,,"99999,9,10057,1","9,9,999,9,+000,1",,"01,1","SYN07043278 21596 51403 10290 20250 30057 40064 70162 82471 333 58000 6993/=",
"43278099999","2023-09-16T00:00:00","4","13.0666666","80.2","7.0","NUMGAMBAKKAM, IN","FM-12","99999","V020","999,9,C,0000,1","99999,9,9,N","004000,1,9,9","+0278,1","+0249,1","10067,1","21,0003,3,1",,,,,"03,1,+02250,1,03,1","99,9,+99999,9,00,1",,,"9,AGL   ,+99999,+99999","05,99,1,03,1,99,9,02250,1,99,9,99,9",,,"99999,9,10060,1","9,9,999,9,+012,1",,,"SYN06443278 22896 50000 10278 20249 30060 40067 83041 333 58012 6993/=",
"43278099999","2023-09-16T03:00:00","4","13.0666666","80.2","7.0","NUMGAMBAKKAM, IN","FM-12","99999","V020","140,1,N,0010,1","99999,9,9,N","010000,1,9,9","+0310,1","+0254,1","10078,1","24,0003,3,1",,,,,"01,1,+00800,1,06,1","99,9,+99999,9,03,1","99,9,+99999,9,00,1",,"9,AGL   ,+99999,+99999","05,99,1,01,1,99,9,00800,1,99,9,99,9","240,M,+0358,1","240,N,+0278,1","99999,9,10071,1","9,9,999,9,-001,1",,,"SYN09243278 22597 51402 10310 20254 30071 40078 81571 333 10358 20278 59001 6993/ 555 00003 10603=",
"43278099999","2023-09-16T06:00:00","4","13.0666666","80.2","7.0","NUMGAMBAKKAM, IN","FM-12","99999","V020","230,1,N,0010,1","99999,9,9,N","010000,1,9,9","+0342,1","+0239,1","10074,1",,,,,,"02,1,+00800,1,06,1","99,9,+99999,9,03,1","99,9,+99999,9,00,1",,"9,AGL   ,+99999,+99999","05,99,1,02,1,99,9,00800,1,99,9,99,9",,,"99999,9,10067,1","9,9,999,9,-001,1",,,"SYN05843278 32597 52302 10342 20239 30067 40074 82571 333 59001=",
"43278099999","2023-09-16T09:00:00","4","13.0666666","80.2","7.0","NUMGAMBAKKAM, IN","FM-12","99999","V020","140,1,N,0010,1","99999,9,9,N","010000,1,9,9","+0322,1","+0236,1","10047,1",,,,,,"04,1,+00800,1,06,1","99,9,+99999,9,03,1","99,9,+99999,9,00,1",,"9,AGL   ,+99999,+99999","07,99,1,04,1,99,9,00800,1,99,9,99,9",,,"99999,9,10040,1","9,9,999,9,+005,1",,,"SYN05843278 32597 71402 10322 20236 30040 40047 84471 333 58005=",
"43278099999","2023-09-16T12:00:00","4","13.0666666","80.2","7.0","NUMGAMBAKKAM, IN","FM-12","99999","V020","140,1,N,0015,1","99999,9,9,N","004000,1,9,9","+0262,1","+0233,1","10046,1","09,0080,3,1","9,1,02,1","6,1,02,1",,,"03,1,+00800,1,09,1","99,9,+99999,9,05,1",,,"9,AGL   ,+99999,+99999","08,99,1,03,1,99,9,00800,1,99,9,99,9",,,"99999,9,10039,1","9,9,999,9,+001,1",,"95,1","SYN07643278 21596 81403 10262 20233 30039 40046 79596 8332/ 333 10355 58001 6008/=",
"43278099999","2023-09-16T15:00:00","4","13.0666666","80.2","7.0","NUMGAMBAKKAM, IN","FM-12","99999","V020","140,1,N,0010,1","99999,9,9,N","004000,1,9,9","+0268,1","+0242,1","10068,1","12,0080,3,1","9,1,02,1","6,1,02,1",,,"02,1,+00800,1,09,1","99,9,+99999,9,03,1","99,9,+99999,9,00,1",,"9,AGL   ,+99999,+99999","07,99,1,02,1,99,9,00800,1,99,9,99,9",,,"99999,9,10061,1","9,9,999,9,+004,1",,"17,1","SYN07043278 21596 71402 10268 20242 30061 40068 71796 82372 333 58004 6008/=",
"43278099999","2023-09-17T00:00:00","4","13.0666666","80.2","7.0","NUMGAMBAKKAM, IN","FM-12","99999","V020","999,9,C,0000,1","99999,9,9,N","004000,1,9,9","+0252,1","+0246,1","10063,1","21,0430,3,1","9,1,02,1","6,1,02,1",,,"04,1,+00800,1,06,1","99,9,+99999,9,05,1",,,"9,AGL   ,+99999,+99999","08,99,1,04,1,99,9,00800,1,99,9,99,9",,,"99999,9,10056,1","9,9,999,9,-004,1",,"60,1","SYN07043278 21596 80000 10252 20246 30056 40063 76096 8452/ 333 59004 6043/=",
"43278099999","2023-09-17T03:00:00","4","13.0666666","80.2","7.0","NUMGAMBAKKAM, IN","FM-12","99999","V020","230,1,N,0015,1","99999,9,9,N","010000,1,9,9","+0262,1","+0248,1","10080,1","24,0430,3,1",,,,,"03,1,+00800,1,06,1","99,9,+99999,9,03,1","99,9,+99999,9,02,1",,"9,AGL   ,+99999,+99999","08,99,1,03,1,99,9,00800,1,99,9,99,9","240,M,+0355,1","240,N,+0238,1","99999,9,10073,1","9,9,999,9,+002,1",,,"SYN09243278 22597 82303 10262 20248 30073 40080 83577 333 10355 20238 58002 6043/ 555 00430 10646=",
"43278099999","2023-09-17T06:00:00","4","13.0666666","80.2","7.0","NUMGAMBAKKAM, IN","FM-12","99999","V020","230,1,N,0010,1","99999,9,9,N","010000,1,9,9","+0310,1","+0257,1","10074,1",,,,,,"03,1,+00800,1,06,1","99,9,+99999,9,03,1","99,9,+99999,9,00,1",,"9,AGL   ,+99999,+99999","06,99,1,03,1,99,9,00800,1,99,9,99,9",,,"99999,9,10067,1","9,9,999,9,+000,1",,,"SYN05843278 32597 62302 10310 20257 30067 40074 83431 333 58000=",
"43278099999","2023-09-17T09:00:00","4","13.0666666","80.2","7.0","NUMGAMBAKKAM, IN","FM-12","99999","V020","320,1,N,0005,1","99999,9,9,N","010000,1,9,9","+0342,1","+0249,1","10045,1",,,,,,"02,1,+00800,1,06,1","99,9,+99999,9,03,1","99,9,+99999,9,00,1",,"9,AGL   ,+99999,+99999","05,99,1,02,1,99,9,00800,1,99,9,99,9",,,"99999,9,10038,1","9,9,999,9,-002,1",,,"SYN05843278 32597 53201 10342 20249 30038 40045 82431 333 59002=",
"43278099999","2023-09-17T12:00:00","4","13.0666666","80.2","7.0","NUMGAMBAKKAM, IN","FM-12","99999","V020","200,1,N,0010,1","99999,9,9,N","010000,1,9,9","+0302,1","+0263,1","10041,1",,,,,,"04,1,+00800,1,07,1","99,9,+99999,9,04,1","99,9,+99999,9,00,1",,"9,AGL   ,+99999,+99999","06,99,1,04,1,99,9,00800,1,99,9,99,9",,,"99999,9,10034,1","9,9,999,9,-005,1",,,"SYN06443278 32597 62002 10302 20263 30034 40041 84611 333 10351 59005=",
"43278099999","2023-09-17T15:00:00","4","13.0666666","80.2","7.0","NUMGAMBAKKAM, IN","FM-12","99999","V020","999,9,V,0010,1","22000,1,9,N","004000,1,9,9","+0278,1","+0249,1","10057,1",,,,,,"01,1,+00800,1,06,1","99,9,+99999,9,03,1","99,9,+99999,9,00,1",,"9,AGL   ,+99999,+99999","04,99,1,01,1,99,9,00800,1,99,9,99,9",,,"99999,9,10050,1","9,9,999,9,-011,1",,,"SYN05843278 32596 49902 10278 20249 30050 40057 81531 333 59011=",
"43278099999","2023-09-18T00:00:00","4","13.0666666","80.2","7.0","NUMGAMBAKKAM, IN","FM-12","99999","V020","230,1,N,0015,1","99999,9,9,N","004000,1,9,9","+0260,1","+0237,1","10053,1","21,0010,3,1",,,,,"01,1,+00800,1,06,1","99,9,+99999,9,03,1","99,9,+99999,9,02,1",,"9,AGL   ,+99999,+99999","06,99,1,01,1,99,9,00800,1,99,9,99,9",,,"99999,9,10046,1","9,9,999,9,-010,1",,,"SYN06443278 22596 62303 10260 20237 30046 40053 81578 333 59010 6001/=",
"43278099999","2023-09-18T03:00:00","4","13.0666666","80.2","7.0","NUMGAMBAKKAM, IN","FM-12","99999","V020","230,1,N,0015,1","22000,1,9,N","010000,1,9,9","+0290,1","+0244,1","10068,1","24,0010,3,1",,,,,"02,1,+00800,1,06,1","99,9,+99999,9,03,1","99,9,+99999,9,00,1",,"9,AGL   ,+99999,+99999","04,99,1,02,1,99,9,00800,1,99,9,99,9","240,M,+0351,1","240,N,+0259,1","99999,9,10061,1","9,9,999,9,-012,1",,,"SYN09243278 22597 42303 10290 20244 30061 40068 82531 333 10351 20259 59012 6001/ 555 00012 10648=",
"43278099999","2023-09-18T06:00:00","4","13.0666666","80.2","7.0","NUMGAMBAKKAM, IN","FM-12","99999","V020","230,1,N,0010,1","99999,9,9,N","010000,1,9,9","+0320,1","+0246,1","10073,1",,,,,,"02,1,+00800,1,06,1","99,9,+99999,9,03,1","99,9,+99999,9,00,1",,"9,AGL   ,+99999,+99999","05,99,1,02,1,99,9,00800,1,99,9,99,9",,,"99999,9,10066,1","9,9,999,9,-001,1",,,"SYN05843278 32597 52302 10320 20246 30066 40073 82531 333 59001=",
"43278099999","2023-09-18T09:00:00","4","13.0666666","80.2","7.0","NUMGAMBAKKAM, IN","FM-12","99999","V020","999,9,C,0000,1","99999,9,9,N","010000,1,9,9","+0340,1","+0253,1","10049,1",,,,,,"03,1,+00800,1,06,1","99,9,+99999,9,03,1","99,9,+99999,9,01,1",,"9,AGL   ,+99999,+99999","06,99,1,03,1,99,9,00800,1,99,9,99,9",,,"99999,9,10042,1","9,9,999,9,+004,1",,,"SYN05843278 32597 62000 10340 20253 30042 40049 83469 333 58004=",
"43278099999","2023-09-18T12:00:00","4","13.0666666","80.2","7.0","NUMGAMBAKKAM, IN","FM-12","99999","V020","140,1,N,0010,1","99999,9,9,N","004000,1,9,9","+0304,1","+0256,1","10039,1","09,0000,2,1","2,1,02,1","2,1,02,1",,,"02,1,+00800,1,09,1","99,9,+99999,9,03,1","99,9,+99999,9,00,1",,"9,AGL   ,+99999,+99999","06,99,1,02,1,99,9,00800,1,99,9,99,9",,,"99999,9,10032,1","9,9,999,9,-002,1",,"51,1","SYN07643278 21596 61402 10304 20256 30032 40039 75122 82331 333 10349 59002 6990/=",
"43278099999","2023-09-18T15:00:00","4","13.0666666","80.2","7.0","NUMGAMBAKKAM, IN","FM-12","99999","V020","180,1,N,0010,1","99999,9,9,N","004000,1,9,9","+0256,1","+0244,1","10063,1","12,0130,3,1","6,1,02,1","2,1,02,1",,,"04,1,+00800,1,07,1","99,9,+99999,9,04,1",,,"9,AGL   ,+99999,+99999","06,99,1,04,1,99,9,00800,1,99,9,99,9",,,"99999,9,10056,1","9,9,999,9,+006,1",,"02,1","SYN07043278 21596 61802 10256 20244 30056 40063 70262 8461/ 333 58006 6013/=",
"43278099999","2023-09-19T00:00:00","4","13.0666666","80.2","7.0","NUMGAMBAKKAM, IN","FM-12","99999","V020","250,1,N,0021,1","99999,9,9,N","004000,1,9,9","+0250,1","+0247,1","10066,1","21,0230,3,1","9,1,02,1","6,1,02,1",,,"03,1,+00800,1,07,1","99,9,+99999,9,05,1",,,"9,AGL   ,+99999,+99999","06,99,1,03,1,99,9,00800,1,99,9,99,9",,,"99999,9,10059,1","9,9,999,9,+013,1",,"50,1","SYN07043278 21596 62504 10250 20247 30059 40066 75096 8362/ 333 58013 6023/=",
"43278099999","2023-09-19T03:00:00","4","13.0666666","80.2","7.0","NUMGAMBAKKAM, IN","FM-12","99999","V020","270,1,N,0015,1","22000,1,9,N","010000,1,9,9","+0285,1","+0250,1","10074,1","24,0230,3,1","5,1,02,1","1,1,02,1",,,"99,9,+99999,9,00,1",,,,"9,AGL   ,+99999,+99999","03,99,1,00,1,99,9,99999,9,99,9,99,9","240,M,+0349,1","240,N,+0243,1","99999,9,10067,1","9,9,999,9,+006,1",,"01,1","SYN09843278 21997 32703 10285 20250 30067 40074 70151 80001 333 10349 20243 58006 6023/ 555 00232 10671=","Q01    003SCCGA1"
"43278099999","2023-09-19T06:00:00","4","13.0666666","80.2","7.0","NUMGAMBAKKAM, IN","FM-12","99999","V020","320,1,N,0021,1","22000,1,9,N","010000,1,9,9","+0332,1","+0238,1","10071,1",,,,,,"99,9,+99999,9,00,1",,,,"9,AGL   ,+99999,+99999","03,99,1,00,1,99,9,99999,9,99,9,99,9",,,"99999,9,10064,1","9,9,999,9,-002,1",,,"SYN05843278 32997 33204 10332 20238 30064 40071 80001 333 59002=","Q01    003SCCGA1"
"43278099999","2023-09-19T09:00:00","4","13.0666666","80.2","7.0","NUMGAMBAKKAM, IN","FM-12","99999","V020","140,1,N,0021,1","99999,9,9,N","010000,1,9,9","+0326,1","+0240,1","10065,1",,,,,,"03,1,+00800,1,06,1","99,9,+99999,9,03,1","99,9,+99999,9,00,1",,"9,AGL   ,+99999,+99999","06,99,1,03,1,99,9,00800,1,99,9,99,9",,,"99999,9,10058,1","9,9,999,9,+016,1",,,"SYN05843278 32597 61404 10326 20240 30058 40065 83471 333 58016=",
"43278099999","2023-09-19T12:00:00","4","13.0666666","80.2","7.0","NUMGAMBAKKAM, IN","FM-12","99999","V020","140,1,N,0015,1","99999,9,9,N","010000,1,9,9","+0306,1","+0249,1","10058,1",,,,,,"02,1,+00800,1,06,1","99,9,+99999,9,03,1","99,9,+99999,9,00,1",,"9,AGL   ,+99999,+99999","05,99,1,02,1,99,9,00800,1,99,9,99,9",,,"99999,9,10051,1","9,9,999,9,+019,1",,,"SYN06443278 32597 51403 10306 20249 30051 40058 82531 333 10347 58019=",
"43278099999","2023-09-20T00:00:00","4","13.0666666","80.2","7.0","NUMGAMBAKKAM, IN","FM-12","99999","V020","230,1,N,0005,1","99999,9,9,N","004000,1,9,9","+0278,1","+0246,1","10076,1",,,,,,"01,1,+00800,1,06,1","99,9,+99999,9,03,1","99,9,+99999,9,00,1",,"9,AGL   ,+99999,+99999","06,99,1,01,1,99,9,00800,1,99,9,99,9",,,"99999,9,10069,1","9,9,999,9,+010,1",,,"SYN05843278 32596 62301 10278 20246 30069 40076 81541 333 58010=",
"43278099999","2023-09-20T03:00:00","4","13.0666666","80.2","7.0","NUMGAMBAKKAM, IN","FM-12","99999","V020","250,1,N,0015,1","99999,9,9,N","010000,1,9,9","+0300,1","+0243,1","10087,1",,,,,,"01,1,+00800,1,08,1","99,9,+99999,9,04,1","99,9,+99999,9,00,1",,"9,AGL   ,+99999,+99999","07,99,1,01,1,99,9,00800,1,99,9,99,9","240,M,+0347,1","240,N,+0273,1","99999,9,10080,1","9,9,999,9,+013,1",,,"SYN08043278 32597 72503 10300 20243 30080 40087 81111 333 10347 20273 58013 555 10671=",
"43278099999","2023-09-20T06:00:00","4","13.0666666","80.2","7.0","NUMGAMBAKKAM, IN","FM-12","99999","V020","250,1,N,0021,1","99999,9,9,N","010000,1,9,9","+0343,1","+0236,1","10080,1",,,,,,"99,9,+99999,9,00,1",,,,"9,AGL   ,+99999,+99999","06,99,1,00,1,99,9,99999,9,99,9,99,9",,,"99999,9,10073,1","9,9,999,9,+009,1",,,"SYN05843278 32997 62504 10343 20236 30073 40080 80001 333 58009=","Q01    003SCCGA1"
"43278099999","2023-09-20T09:00:00","4","13.0666666","80.2","7.0","NUMGAMBAKKAM, IN","FM-12","99999","V020","320,1,N,0015,1","22000,1,9,N","010000,1,9,9","+0356,1","+0249,1","10060,1",,,,,,"02,1,+00800,1,06,1","99,9,+99999,9,03,1","99,9,+99999,9,00,1",,"9,AGL   ,+99999,+99999","04,99,1,02,1,99,9,00800,1,99,9,99,9",,,"99999,9,10053,1","9,9,999,9,-005,1",,,"SYN05843278 32597 43203 10356 20249 30053 40060 82531 333 59005=",
"43278099999","2023-09-20T12:00:00","4","13.0666666","80.2","7.0","NUMGAMBAKKAM, IN","FM-12","99999","V020","140,1,N,0015,1","99999,9,9,N","010000,1,9,9","+0312,1","+0259,1","10059,1",,,,,,"02,1,+00800,1,06,1","99,9,+99999,9,03,1","99,9,+99999,9,00,1",,"9,AGL   ,+99999,+99999","05,99,1,02,1,99,9,00800,1,99,9,99,9",,,"99999,9,10052,1","9,9,999,9,+001,1",,,"SYN06443278 32597 51403 10312 20259 30052 40059 82531 333 10361 58001=",
"43278099999","2023-09-20T15:00:00","4","13.0666666","80.2","7.0","NUMGAMBAKKAM, IN","FM-12","99999","V020","999,9,C,0000,1","22000,1,9,N","004000,1,9,9","+0302,1","+0263,1","10077,1",,,,,,"01,1,+00800,1,06,1","99,9,+99999,9,03,1","99,9,+99999,9,00,1",,"9,AGL   ,+99999,+99999","04,99,1,01,1,99,9,00800,1,99,9,99,9",,,"99999,9,10070,1","9,9,999,9,+007,1",,,"SYN05843278 32596 40000 10302 20263 30070 40077 81531 333 58007=",
"43278099999","2023-09-21T00:00:00","4","13.0666666","80.2","7.0","NUMGAMBAKKAM, IN","FM-12","99999","V020","230,1,N,0026,1","99999,9,9,N","004000,1,9,9","+0278,1","+0243,1","10082,1",,,,,,"04,1,+00800,1,06,1","99,9,+99999,9,03,1","99,9,+99999,9,00,1",,"9,AGL   ,+99999,+99999","07,99,1,04,1,99,9,00800,1,99,9,99,9",,,"99999,9,10075,1","9,9,999,9,+006,1",,,"SYN05843278 32596 72305 10278 20243 30075 40082 84531 333 58006=",
"43278099999","2023-09-21T03:00:00","4","13.0666666","80.2","7.0","NUMGAMBAKKAM, IN","FM-12","99999","V020","320,1,N,0010,1","99999,9,9,N","004000,1,9,9","+0256,1","+0244,1","10100,1","24,0040,3,1","6,1,02,1","2,1,02,1",,,"04,1,+00800,1,06,1","99,9,+99999,9,03,1",,,"9,AGL   ,+99999,+99999","08,99,1,04,1,99,9,00800,1,99,9,99,9","240,M,+0361,1","240,N,+0255,1","99999,9,10093,1","9,9,999,9,+013,1",,"62,1","SYN09843278 21596 83202 10256 20244 30093 40100 76262 8457/ 333 10361 20255 58013 6004/ 555 00042 10675=",
"43278099999","2023-09-21T06:00:00","4","13.0666666","80.2","7.0","NUMGAMBAKKAM, IN","FM-12","99999","V020","250,1,N,0021,1","99999,9,9,N","010000,1,9,9","+0312,1","+0253,1","10092,1","03,0010,3,1","6,1,02,1","5,1,02,1",,,"02,1,+00800,1,06,1","99,9,+99999,9,03,1","99,9,+99999,9,02,1",,"9,AGL   ,+99999,+99999","06,99,1,02,1,99,9,00800,1,99,9,99,9",,,"99999,9,10085,1","9,9,999,9,+012,1",,"01,1","SYN07043278 21597 62504 10312 20253 30085 40092 70165 82577 333 58012 6001/=",
"43278099999","2023-09-21T09:00:00","4","13.0666666","80.2","7.0","NUMGAMBAKKAM, IN","FM-12","99999","V020","230,1,N,0021,1","99999,9,9,N","010000,1,9,9","+0338,1","+0251,1","10067,1","06,0010,3,1",,,,,"01,1,+00800,1,06,1","99,9,+99999,9,03,1","99,9,+99999,9,00,1",,"9,AGL   ,+99999,+99999","05,99,1,01,1,99,9,00800,1,99,9,99,9",,,"99999,9,10060,1","9,9,999,9,+007,1",,,"SYN06443278 22597 52304 10338 20251 30060 40067 81531 333 58007 6001/=",
"43278099999","2023-09-21T12:00:00","4","13.0666666","80.2","7.0","NUMGAMBAKKAM, IN","FM-12","99999","V020","140,1,N,0010,1","99999,9,9,N","010000,1,9,9","+0306,1","+0258,1","10063,1","09,0010,3,1",,,,,"01,1,+00800,1,06,1","99,9,+99999,9,03,1","99,9,+99999,9,00,1",,"9,AGL   ,+99999,+99999","05,99,1,01,1,99,9,00800,1,99,9,99,9",,,"99999,9,10056,1","9,9,999,9,+004,1",,,"SYN07043278 22597 51402 10306 20258 30056 40063 81532 333 10343 58004 6001/=",
"43278099999","2023-09-21T15:00:00","4","13.0666666","80.2","7.0","NUMGAMBAKKAM, IN","FM-12","99999","V020","999,9,C,0000,1","22000,1,9,N","004000,1,9,9","+0290,1","+0253,1","10079,1","12,0010,3,1",,,,,"99,9,+99999,9,00,1",,,,"9,AGL   ,+99999,+99999","02,99,1,00,1,99,9,99999,9,99,9,99,9",,,"99999,9,10072,1","9,9,999,9,+002,1",,,"SYN06443278 22996 20000 10290 20253 30072 40079 80001 333 58002 6001/=","Q01    003SCCGA1"
"43278099999","2023-09-22T00:00:00","4","13.0666666","80.2","7.0","NUMGAMBAKKAM, IN","FM-12","99999","V020","230,1,N,0015,1","22000,1,9,N","004000,1,9,9","+0278,1","+0258,1","10080,1","21,0010,3,1",,,,,"01,1,+00800,1,06,1","99,9,+99999,9,03,1","99,9,+99999,9,00,1",,"9,AGL   ,+99999,+99999","03,99,1,01,1,99,9,00800,1,99,9,99,9",,,"99999,9,10073,1","9,9,999,9,-002,1",,,"SYN06443278 22596 32303 10278 20258 30073 40080 81531 333 59002 6001/=",
"43278099999","2023-09-22T03:00:00","4","13.0666666","80.2","7.0","NUMGAMBAKKAM, IN","FM-12","99999","V020","250,1,N,0010,1","22000,1,9,N","010000,1,9,9","+0306,1","+0251,1","10097,1","24,0010,3,1",,,,,"99,9,+99999,9,00,1",,,,"9,AGL   ,+99999,+99999","01,99,1,00,1,99,9,99999,9,99,9,99,9","240,M,+0343,1","240,N,+0278,1","99999,9,10090,1","9,9,999,9,-003,1",,,"SYN09243278 22997 12502 10306 20251 30090 40097 80001 333 10343 20278 59003 6001/ 555 00013 10676=","Q01    003SCCGA1"
"43278099999","2023-09-22T06:00:00","4","13.0666666","80.2","7.0","NUMGAMBAKKAM, IN","FM-12","99999","V020","250,1,N,0021,1","22000,1,9,N","010000,1,9,9","+0340,1","+0247,1","10089,1",,,,,,"01,1,+00800,1,06,1","99,9,+99999,9,00,1",,,"9,AGL   ,+99999,+99999","02,99,1,01,1,99,9,00800,1,99,9,99,9",,,"99999,9,10082,1","9,9,999,9,-003,1",,,"SYN05843278 32597 22504 10340 20247 30082 40089 81501 333 59003=",
"43278099999","2023-09-22T09:00:00","4","13.0666666","80.2","7.0","NUMGAMBAKKAM, IN","FM-12","99999","V020","140,1,N,0021,1","99999,9,9,N","010000,1,9,9","+0328,1","+0267,1","10066,1",,,,,,"03,1,+00800,1,06,1","99,9,+99999,9,03,1","99,9,+99999,9,00,1",,"9,AGL   ,+99999,+99999","05,99,1,03,1,99,9,00800,1,99,9,99,9",,,"99999,9,10059,1","9,9,999,9,-001,1",,,"SYN05843278 32597 51404 10328 20267 30059 40066 83531 333 59001=",
"43278099999","2023-09-22T12:00:00","4","13.0666666","80.2","7.0","NUMGAMBAKKAM, IN","FM-12","99999","V020","140,1,N,0010,1","22000,1,9,N","010000,1,9,9","+0306,1","+0258,1","10065,1",,,,,,"01,1,+00800,1,06,1","99,9,+99999,9,00,1",,,"9,AGL   ,+99999,+99999","02,99,1,01,1,99,9,00800,1,99,9,99,9",,,"99999,9,10058,1","9,9,999,9,+002,1",,,"SYN06443278 32597 21402 10306 20258 30058 40065 81501 333 10353 58002=",
"43278099999","2023-09-22T15:00:00","4","13.0666666","80.2","7.0","NUMGAMBAKKAM, IN","FM-12","99999","V020","230,1,N,0010,1","22000,1,9,N","004000,1,9,9","+0294,1","+0260,1","10081,1",,,,,,"01,1,+00800,1,06,1","99,9,+99999,9,03,1","99,9,+99999,9,00,1",,"9,AGL   ,+99999,+99999","03,99,1,01,1,99,9,00800,1,99,9,99,9",,,"99999,9,10074,1","9,9,999,9,+002,1",,,"SYN05843278 32596 32302 10294 20260 30074 40081 81531 333 58002=",
"43278099999","2023-09-23T00:00:00","4","13.0666666","80.2","7.0","NUMGAMBAKKAM, IN","FM-12","99999","V020","230,1,N,0005,1","22000,1,9,N","004000,1,9,9","+0276,1","+0253,1","10079,1",,,,,,"01,1,+00800,1,06,1","99,9,+99999,9,00,1",,,"9,AGL   ,+99999,+99999","02,99,1,01,1,99,9,00800,1,99,9,99,9",,,"99999,9,10072,1","9,9,999,9,-001,1",,,"SYN05843278 32596 22301 10276 20253 30072 40079 81501 333 59001=",
"43278099999","2023-09-23T03:00:00","4","13.0666666","80.2","7.0","NUMGAMBAKKAM, IN","FM-12","99999","V020","230,1,N,0010,1","22000,1,9,N","010000,1,9,9","+0302,1","+0257,1","10096,1",,,,,,"01,1,+00800,1,06,1","99,9,+99999,9,03,1","99,9,+99999,9,00,1",,"9,AGL   ,+99999,+99999","04,99,1,01,1,99,9,00800,1,99,9,99,9","240,M,+0353,1","240,N,+0275,1","99999,9,10089,1","9,9,999,9,-001,1",,,"SYN08043278 32597 42302 10302 20257 30089 40096 81531 333 10353 20275 59001 555 10676=",
"43278099999","2023-09-23T06:00:00","4","13.0666666","80.2","7.0","NUMGAMBAKKAM, IN","FM-12","99999","V020","140,1,N,0010,1","99999,9,9,N","010000,1,9,9","+0324,1","+0263,1","10086,1",,,,,,"03,1,+00800,1,06,1","99,9,+99999,9,03,1","99,9,+99999,9,00,1",,"9,AGL   ,+99999,+99999","05,99,1,03,1,99,9,00800,1,99,9,99,9",,,"99999,9,10079,1","9,9,999,9,-003,1",,,"SYN05843278 32597 51402 10324 20263 30079 40086 83531 333 59003=",
"43278099999","2023-09-23T09:00:00","4","13.0666666","80.2","7.0","NUMGAMBAKKAM, IN","FM-12","99999","V020","140,1,N,0015,1","22000,1,9,N","010000,1,9,9","+0332,1","+0266,1","10066,1",,,,,,"02,1,+00800,1,06,1","99,9,+99999,9,03,1","99,9,+99999,9,00,1",,"9,AGL   ,+99999,+99999","04,99,1,02,1,99,9,00800,1,99,9,99,9",,,"99999,9,10059,1","9,9,999,9,+000,1",,,"SYN05843278 32597 41403 10332 20266 30059 40066 82471 333 58000=",
"43278099999","2023-09-23T12:00:00","4","13.0666666","80.2","7.0","NUMGAMBAKKAM, IN","FM-12","99999","V020","140,1,N,0026,1","22000,1,9,N","010000,1,9,9","+0302,1","+0257,1","10064,1",,,,,,"02,1,+00800,1,09,1","99,9,+99999,9,00,1",,,"9,AGL   ,+99999,+99999","04,99,1,02,1,99,9,00800,1,99,9,99,9",,,"99999,9,10057,1","9,9,999,9,-001,1",,,"SYN06443278 32597 41405 10302 20257 30057 40064 82301 333 10339 59001=",
"43278099999","2023-09-23T15:00:00","4","13.0666666","80.2","7.0","NUMGAMBAKKAM, IN","FM-12","99999","V020","290,1,N,0015,1","99999,9,9,N","004000,1,9,9","+0264,1","+0241,1","10089,1","12,0000,2,1","9,1,02,1","5,1,02,1",,,"01,1,+00800,1,09,1","99,9,+99999,9,03,1","99,9,+99999,9,00,1",,"9,AGL   ,+99999,+99999","07,99,1,01,1,99,9,00800,1,99,9,99,9",,,"99999,9,10082,1","9,9,999,9,+008,1",,"95,1","SYN07043278 21596 72903 10264 20241 30082 40089 79595 81972 333 58008 6990/=",
"43278099999","2023-09-24T00:00:00","4","13.0666666","80.2","7.0","NUMGAMBAKKAM, IN","FM-12","99999","V020","250,1,N,0010,1","22000,1,9,N","004000,1,9,9","+0256,1","+0239,1","10087,1","21,0030,3,1",,,,,"01,1,+00800,1,06,1","99,9,+99999,9,03,1","99,9,+99999,9,00,1",,"9,AGL   ,+99999,+99999","03,99,1,01,1,99,9,00800,1,99,9,99,9",,,"99999,9,10080,1","9,9,999,9,+008,1",,,"SYN06443278 22596 32502 10256 20239 30080 40087 81531 333 58008 6003/=",
"43278099999","2023-09-24T03:00:00","4","13.0666666","80.2","7.0","NUMGAMBAKKAM, IN","FM-12","99999","V020","250,1,N,0010,1","22000,1,9,N","010000,1,9,9","+0288,1","+0245,1","10091,1","24,0030,3,1",,,,,"01,1,+00800,1,06,1","99,9,+99999,9,03,1","99,9,+99999,9,00,1",,"9,AGL   ,+99999,+99999","04,99,1,01,1,99,9,00800,1,99,9,99,9","240,M,+0339,1","240,N,+0255,1","99999,9,10084,1","9,9,999,9,-005,1",,,"SYN09243278 22597 42502 10288 20245 30084 40091 81571 333 10339 20255 59005 6003/ 555 00033 10680=",
"43278099999","2023-09-24T06:00:00","4","13.0666666","80.2","7.0","NUMGAMBAKKAM, IN","FM-12","99999","V020","250,1,N,0015,1","22000,1,9,N","010000,1,9,9","+0334,1","+0249,1","10081,1",,,,,,"99,9,+99999,9,00,1",,,,"9,AGL   ,+99999,+99999","01,99,1,00,1,99,9,99999,9,99,9,99,9",,,"99999,9,10074,1","9,9,999,9,-005,1",,,"SYN05843278 32997 12503 10334 20249 30074 40081 80001 333 59005=","Q01    003SCCGA1"
"43278099999","2023-09-24T09:00:00","4","13.0666666","80.2","7.0","NUMGAMBAKKAM, IN","FM-12","99999","V020","320,1,N,0010,1","22000,1,9,N","010000,1,9,9","+0362,1","+0256,1","10055,1",,,,,,"02,1,+00800,1,06,1","99,9,+99999,9,00,1",,,"9,AGL   ,+99999,+99999","03,99,1,02,1,99,9,00800,1,99,9,99,9",,,"99999,9,10048,1","9,9,999,9,-011,1",,,"SYN05843278 32597 33202 10362 20256 30048 40055 82501 333 59011=",
"43278099999","2023-09-24T12:00:00","4","13.0666666","80.2","7.0","NUMGAMBAKKAM, IN","FM-12","99999","V020","110,1,N,0026,1","22000,1,9,N","010000,1,9,9","+0308,1","+0257,1","10052,1",,,,,,"02,1,+00800,1,06,1","99,9,+99999,9,03,1","99,9,+99999,9,00,1",,"9,AGL   ,+99999,+99999","04,99,1,02,1,99,9,00800,1,99,9,99,9",,,"99999,9,10045,1","9,9,999,9,-012,1",,,"SYN06443278 32597 41105 10308 20257 30045 40052 82431 333 10364 59012=",
"43278099999","2023-09-24T15:00:00","4","13.0666666","80.2","7.0","NUMGAMBAKKAM, IN","FM-12","99999","V020","140,1,N,0015,1","99999,9,9,N","004000,1,9,9","+0298,1","+0265,1","10071,1",,"2,1,02,1","1,1,02,1",,,"02,1,+00800,1,09,1","99,9,+99999,9,03,1","99,9,+99999,9,00,1",,"9,AGL   ,+99999,+99999","06,99,1,02,1,99,9,00800,1,99,9,99,9",,,"99999,9,10064,1","9,9,999,9,-018,1",,"13,1","SYN06443278 31596 61403 10298 20265 30064 40071 71321 82371 333 59018=",
"43278099999","2023-09-25T00:00:00","4","13.0666666","80.2","7.0","NUMGAMBAKKAM, IN","FM-12","99999","V020","270,1,N,0021,1","99999,9,9,N","004000,1,9,9","+0250,1","+0235,1","10079,1","21,0060,3,1","9,1,02,1","5,1,02,1",,,"02,1,+00450,1,06,1","99,9,+99999,9,05,1",,,"9,AGL   ,+99999,+99999","06,99,1,02,1,99,9,00450,1,99,9,99,9",,,"99999,9,10072,1","9,9,999,9,-008,1",,"02,1","SYN07043278 21496 62704 10250 20235 30072 40079 70295 82520 333 59008 6006/=",
"43278099999","2023-09-25T03:00:00","4","13.0666666","80.2","7.0","NUMGAMBAKKAM, IN","FM-12","99999","V020","230,1,N,0021,1","22000,1,9,N","010000,1,9,9","+0290,1","+0232,1","10083,1","24,0060,3,1",,,,,"02,1,+02250,1,03,1","99,9,+99999,9,00,1",,,"9,AGL   ,+99999,+99999","04,99,1,02,1,99,9,02250,1,99,9,99,9","240,M,+0364,1","240,N,+0247,1","99999,9,10076,1","9,9,999,9,-008,1",,,"SYN09243278 22897 42304 10290 20232 30076 40083 82031 333 10364 20247 59008 6006/ 555 00062 10686=",
"43278099999","2023-09-25T06:00:00","4","13.0666666","80.2","7.0","NUMGAMBAKKAM, IN","FM-12","99999","V020","320,1,N,0031,1","22000,1,9,N","010000,1,9,9","+0329,1","+0251,1","10075,1",,,,,,"01,1,+00800,1,08,1","99,9,+99999,9,00,1",,,"9,AGL   ,+99999,+99999","03,99,1,01,1,99,9,00800,1,99,9,99,9",,,"99999,9,10068,1","9,9,999,9,-006,1",,,"SYN05843278 32597 33206 10329 20251 30068 40075 81101 333 59006=",
"43278099999","2023-09-25T09:00:00","4","13.0666666","80.2","7.0","NUMGAMBAKKAM, IN","FM-12","99999","V020","340,1,N,0026,1","99999,9,9,N","010000,1,9,9","+0342,1","+0255,1","10055,1",,,,,,"04,1,+00800,1,06,1","99,9,+99999,9,00,1",,,"9,AGL   ,+99999,+99999","05,99,1,04,1,99,9,00800,1,99,9,99,9",,,"99999,9,10048,1","9,9,999,9,+000,1",,,"SYN05843278 32597 53405 10342 20255 30048 40055 84401 333 58000=",
"43278099999","2023-09-25T12:00:00","4","13.0666666","80.2","7.0","NUMGAMBAKKAM, IN","FM-12","99999","V020","110,1,N,0010,1","22000,1,9,N","010000,1,9,9","+0324,1","+0254,1","10044,1",,,,,,"02,1,+00800,1,06,1","99,9,+99999,9,00,1",,,"9,AGL   ,+99999,+99999","03,99,1,02,1,99,9,00800,1,99,9,99,9",,,"99999,9,10037,1","9,9,999,9,-008,1",,,"SYN06443278 32597 31102 10324 20254 30037 40044 82401 333 10348 59008=",
"43278099999","2023-09-25T15:00:00","4","13.0666666","80.2","7.0","NUMGAMBAKKAM, IN","FM-12","99999","V020","140,1,N,0021,1","22000,1,9,N","004000,1,9,9","+0296,1","+0265,1","10057,1",,,,,,"99,9,+99999,9,00,1",,,,"9,AGL   ,+99999,+99999","01,99,1,00,1,99,9,99999,9,99,9,99,9",,,"99999,9,10050,1","9,9,999,9,-014,1",,,"SYN05843278 32996 11404 10296 20265 30050 40057 80001 333 59014=","Q01    003SCCGA1"
"43278099999","2023-09-26T00:00:00","4","13.0666666","80.2","7.0","NUMGAMBAKKAM, IN","FM-12","99999","V020","230,1,N,0010,1","99999,9,9,N","004000,1,9,9","+0268,1","+0242,1","10067,1","21,0008,3,1","9,1,02,1","5,1,02,1",,,"04,1,+00800,1,06,1","99,9,+99999,9,03,1","99,9,+99999,9,00,1",,"9,AGL   ,+99999,+99999","07,99,1,04,1,99,9,00800,1,99,9,99,9",,,"99999,9,10060,1","9,9,999,9,-012,1",,"01,1","SYN07043278 21596 72302 10268 20242 30060 40067 70195 84472 333 59012 6998/=",
"43278099999","2023-09-26T03:00:00","4","13.0666666","80.2","7.0","NUMGAMBAKKAM, IN","FM-12","99999","V020","230,1,N,0010,1","22000,1,9,N","010000,1,9,9","+0272,1","+0249,1","10076,1","24,0010,3,1","6,1,02,1","1,1,02,1",,,"03,1,+00800,1,06,1","99,9,+99999,9,00,1",,,"9,AGL   ,+99999,+99999","04,99,1,03,1,99,9,00800,1,99,9,99,9","240,M,+0348,1","240,N,+0263,1","99999,9,10069,1","9,9,999,9,-007,1",,"01,1","SYN09843278 21597 42302 10272 20249 30069 40076 70161 83501 333 10348 20263 59007 6001/ 555 00010 10687=",
"43278099999","2023-09-26T06:00:00","4","13.0666666","80.2","7.0","NUMGAMBAKKAM, IN","FM-12","99999","V020","270,1,N,0015,1","99999,9,9,N","010000,1,9,9","+0326,1","+0256,1","10069,1",,"6,1,02,1","2,1,02,1",,,"02,1,+00800,1,06,1","99,9,+99999,9,03,1","99,9,+99999,9,00,1",,"9,AGL   ,+99999,+99999","05,99,1,02,1,99,9,00800,1,99,9,99,9",,,"99999,9,10062,1","9,9,999,9,-006,1",,"02,1","SYN06443278 31597 52703 10326 20256 30062 40069 70262 82531 333 59006=",
"43278099999","2023-09-26T09:00:00","4","13.0666666","80.2","7.0","NUMGAMBAKKAM, IN","FM-12","99999","V020","270,1,N,0021,1","99999,9,9,N","010000,1,9,9","+0348,1","+0253,1","10050,1",,,,,,"03,1,+00800,1,06,1","99,9,+99999,9,03,1","99,9,+99999,9,00,1",,"9,AGL   ,+99999,+99999","05,99,1,03,1,99,9,00800,1,99,9,99,9",,,"99999,9,10043,1","9,9,999,9,-005,1",,,"SYN05843278 32597 52704 10348 20253 30043 40050 83531 333 59005=",
"43278099999","2023-09-26T12:00:00","4","13.0666666","80.2","7.0","NUMGAMBAKKAM, IN","FM-12","99999","V020","090,1,N,0010,1","99999,9,9,N","010000,1,9,9","+0324,1","+0269,1","10047,1",,,,,,"04,1,+00800,1,09,1","99,9,+99999,9,00,1",,,"9,AGL   ,+99999,+99999","05,99,1,04,1,99,9,00800,1,99,9,99,9",,,"99999,9,10040,1","9,9,999,9,+003,1",,,"SYN06443278 32597 50902 10324 20269 30040 40047 84301 333 10352 58003=",
"43278099999","2023-09-26T15:00:00","4","13.0666666","80.2","7.0","NUMGAMBAKKAM, IN","FM-12","99999","V020","360,1,N,0010,1","99999,9,9,N","004000,1,9,9","+0285,1","+0231,1","10074,1",,"2,1,02,1","2,1,02,1",,,"03,1,+00800,1,09,1","99,9,+99999,9,03,1","99,9,+99999,9,00,1",,"9,AGL   ,+99999,+99999","06,99,1,03,1,99,9,00800,1,99,9,99,9",,,"99999,9,10067,1","9,9,999,9,+017,1",,"13,1","SYN06443278 31596 63602 10285 20231 30067 40074 71322 83931 333 58017=",
"43278099999","2023-09-27T00:00:00","4","13.0666666","80.2","7.0","NUMGAMBAKKAM, IN","FM-12","99999","V020","250,1,N,0015,1","22000,1,9,N","004000,1,9,9","+0262,1","+0236,1","10068,1","21,0030,3,1",,,,,"03,1,+02250,1,03,1","99,9,+99999,9,00,1",,,"9,AGL   ,+99999,+99999","04,99,1,03,1,99,9,02250,1,99,9,99,9",,,"99999,9,10061,1","9,9,999,9,+001,1",,,"SYN06443278 22896 42503 10262 20236 30061 40068 83071 333 58001 6003/=",
"43278099999","2023-09-27T03:00:00","4","13.0666666","80.2","7.0","NUMGAMBAKKAM, IN","FM-12","99999","V020","250,1,N,0010,1","22000,1,9,N","010000,1,9,9","+0300,1","+0243,1","10073,1","24,0030,3,1",,,,,"01,1,+01750,1,03,1","99,9,+99999,9,00,1",,,"9,AGL   ,+99999,+99999","02,99,1,01,1,99,9,01750,1,99,9,99,9","240,M,+0352,1","240,N,+0258,1","99999,9,10066,1","9,9,999,9,-003,1",,,"SYN09243278 22797 22502 10300 20243 30066 40073 81071 333 10352 20258 59003 6003/ 555 00035 10690=",
"43278099999","2023-09-27T06:00:00","4","13.0666666","80.2","7.0","NUMGAMBAKKAM, IN","FM-12","99999","V020","270,1,N,0026,1","22000,1,9,N","010000,1,9,9","+0338,1","+0254,1","10067,1",,,,,,"01,1,+00800,1,06,1","99,9,+99999,9,03,1","99,9,+99999,9,00,1",,"9,AGL   ,+99999,+99999","03,99,1,01,1,99,9,00800,1,99,9,99,9",,,"99999,9,10060,1","9,9,999,9,-002,1",,,"SYN05843278 32597 32705 10338 20254 30060 40067 81431 333 59002=",
"43278099999","2023-09-27T09:00:00","4","13.0666666","80.2","7.0","NUMGAMBAKKAM, IN","FM-12","99999","V020","290,1,N,0010,1","99999,9,9,N","010000,1,9,9","+0352,1","+0245,1","10046,1",,,,,,"04,1,+00800,1,06,1","99,9,+99999,9,00,1",,,"9,AGL   ,+99999,+99999","05,99,1,04,1,99,9,00800,1,99,9,99,9",,,"99999,9,10039,1","9,9,999,9,-004,1",,,"SYN05843278 32597 52902 10352 20245 30039 40046 84501 333 59004=",
"43278099999","2023-09-27T12:00:00","4","13.0666666","80.2","7.0","NUMGAMBAKKAM, IN","FM-12","99999","V020","340,1,N,0031,1","99999,9,9,N","004000,1,9,9","+0246,1","+0237,1","10056,1","09,0260,3,1","2,1,02,1","2,1,02,1",,,"03,1,+00450,1,09,1","99,9,+99999,9,05,1",,,"9,AGL   ,+99999,+99999","08,99,1,03,1,99,9,00450,1,99,9,99,9",,,"99999,9,10049,1","9,9,999,9,+009,1",,"97,1","SYN07643278 21496 83406 10246 20237 30049 40056 79722 8392/ 333 10357 58009 6026/=",
"43278099999","2023-09-27T15:00:00","4","13.0666666","80.2","7.0","NUMGAMBAKKAM, IN","FM-12","99999","V020","999,9,C,0000,1","99999,9,9,N","004000,1,9,9","+0259,1","+0258,1","10063,1","12,0350,3,1","9,1,02,1","6,1,02,1",,,"03,1,+02250,1,03,1","99,9,+99999,9,00,1",,,"9,AGL   ,+99999,+99999","05,99,1,03,1,99,9,02250,1,99,9,99,9",,,"99999,9,10056,1","9,9,999,9,-011,1",,"01,1","SYN07043278 21896 50000 10259 20258 30056 40063 70196 83031 333 59011 6035/=",
"43278099999","2023-09-28T00:00:00","4","13.0666666","80.2","7.0","NUMGAMBAKKAM, IN","FM-12","99999","V020","250,1,N,0005,1","22000,1,9,N","004000,1,9,9","+0256,1","+0239,1","10055,1","21,0350,3,1","9,1,02,1","2,1,02,1",,,"01,1,+02250,1,03,1","99,9,+99999,9,00,1",,,"9,AGL   ,+99999,+99999","02,99,1,01,1,99,9,02250,1,99,9,99,9",,,"99999,9,10048,1","9,9,999,9,-013,1",,"01,1","SYN07043278 21896 22501 10256 20239 30048 40055 70192 81031 333 59013 6035/=",
"43278099999","2023-09-28T03:00:00","4","13.0666666","80.2","7.0","NUMGAMBAKKAM, IN","FM-12","99999","V020","250,1,N,0015,1","99999,9,9,N","010000,1,9,9","+0295,1","+0245,1","10074,1","24,0350,3,1",,,,,"03,1,+02250,1,03,1","99,9,+99999,9,00,1",,,"9,AGL   ,+99999,+99999","05,99,1,03,1,99,9,02250,1,99,9,99,9","240,M,+0357,1","240,N,+0247,1","99999,9,10067,1","9,9,999,9,+001,1",,,"SYN09243278 22897 52503 10295 20245 30067 40074 83031 333 10357 20247 58001 6035/ 555 00346 10725=",
"43278099999","2023-09-28T06:00:00","4","13.0666666","80.2","7.0","NUMGAMBAKKAM, IN","FM-12","99999","V020","250,1,N,0026,1","22000,1,9,N","010000,1,9,9","+0332,1","+0241,1","10070,1",,,,,,"01,1,+00800,1,08,1","99,9,+99999,9,03,1","99,9,+99999,9,00,1",,"9,AGL   ,+99999,+99999","04,99,1,01,1,99,9,00800,1,99,9,99,9",,,"99999,9,10063,1","9,9,999,9,+003,1",,,"SYN05843278 32597 42505 10332 20241 30063 40070 81131 333 58003=",
"43278099999","2023-09-28T09:00:00","4","13.0666666","80.2","7.0","NUMGAMBAKKAM, IN","FM-12","99999","V020","320,1,N,0010,1","99999,9,9,N","010000,1,9,9","+0346,1","+0250,1","10055,1",,,,,,"02,1,+00800,1,06,1","99,9,+99999,9,03,1","99,9,+99999,9,00,1",,"9,AGL   ,+99999,+99999","05,99,1,02,1,99,9,00800,1,99,9,99,9",,,"99999,9,10048,1","9,9,999,9,+009,1",,,"SYN05843278 32597 53202 10346 20250 30048 40055 82531 333 58009=",
"43278099999","2023-09-28T15:00:00","4","13.0666666","80.2","7.0","NUMGAMBAKKAM, IN","FM-12","99999","V020","999,9,C,0000,1","99999,9,9,9","004000,1,9,9","+0300,1","+0243,1","10066,1","99,9999,9,9",,,"0,1,99,9","0,1,99,9","02,1,+00600,1,06,1","99,9,+99999,9,03,1","99,9,+99999,9,00,1",,"9,AGL   ,+99999,+99999","05,99,1,02,1,99,9,00600,1,99,9,99,9",,,"99999,9,10059,1","9,9,999,9,+003,1",,,"SYN004BUFR",
"43278099999","2023-09-29T06:00:00","4","13.0666666","80.2","7.0","NUMGAMBAKKAM, IN","FM-12","99999","V020","230,1,N,0015,1","22000,1,9,N","010000,1,9,9","+0336,1","+0242,1","10074,1",,,,,,"02,1,+02250,1,03,1","99,9,+99999,9,00,1",,,"9,AGL   ,+99999,+99999","04,99,1,02,1,99,9,02250,1,99,9,99,9",,,"99999,9,10067,1","9,9,999,9,+004,1",,,"SYN05843278 32897 42303 10336 20242 30067 40074 82071 333 58004=",
"43278099999","2023-09-29T09:00:00","4","13.0666666","80.2","7.0","NUMGAMBAKKAM, IN","FM-12","99999","V020","230,1,N,0026,1","22000,1,9,N","010000,1,9,9","+0342,1","+0239,1","10039,1",,,,,,"01,1,+00800,1,06,1","99,9,+99999,9,03,1","99,9,+99999,9,00,1",,"9,AGL   ,+99999,+99999","04,99,1,01,1,99,9,00800,1,99,9,99,9",,,"99999,9,10032,1","9,9,999,9,-016,1",,,"SYN05843278 32597 42305 10342 20239 30032 40039 81531 333 59016=",
"43278099999","2023-09-29T12:00:00","4","13.0666666","80.2","7.0","NUMGAMBAKKAM, IN","FM-12","99999","V020","200,1,N,0021,1","99999,9,9,N","010000,1,9,9","+0314,1","+0258,1","10042,1",,,,,,"03,1,+00800,1,06,1","99,9,+99999,9,03,1","99,9,+99999,9,00,1",,"9,AGL   ,+99999,+99999","06,99,1,03,1,99,9,00800,1,99,9,99,9",,,"99999,9,10035,1","9,9,999,9,-003,1",,,"SYN06443278 32597 62004 10314 20258 30035 40042 83531 333 10350 59003=",
"43278099999","2023-09-29T15:00:00","4","13.0666666","80.2","7.0","NUMGAMBAKKAM, IN","FM-12","99999","V020","340,1,N,0010,1","99999,9,9,N","004000,1,9,9","+0248,1","+0242,1","10074,1","12,0110,3,1","9,1,02,1","6,1,02,1",,,"02,1,+00800,1,09,1","99,9,+99999,9,03,1",,,"9,AGL   ,+99999,+99999","08,99,1,02,1,99,9,00800,1,99,9,99,9",,,"99999,9,10067,1","9,9,999,9,+008,1",,"95,1","SYN07043278 21596 83402 10248 20242 30067 40074 79596 8297/ 333 58008 6011/=",
"43278099999","2023-09-30T00:00:00","4","13.0666666","80.2","7.0","NUMGAMBAKKAM, IN","FM-12","99999","V020","999,9,C,0000,1","99999,9,9,N","004000,1,9,9","+0262,1","+0251,1","10067,1","21,0130,3,1",,,,,"04,1,+02250,1,03,1","99,9,+99999,9,00,1",,,"9,AGL   ,+99999,+99999","05,99,1,04,1,99,9,02250,1,99,9,99,9",,,"99999,9,10060,1","9,9,999,9,+012,1",,,"SYN06443278 22896 50000 10262 20251 30060 40067 84071 333 58012 6013/=",
"43278099999","2023-09-30T03:00:00","4","13.0666666","80.2","7.0","NUMGAMBAKKAM, IN","FM-12","99999","V020","230,1,N,0010,1","99999,9,9,N","010000,1,9,9","+0292,1","+0255,1","10093,1","24,0130,3,1",,,,,"01,1,+00800,1,06,1","99,9,+99999,9,03,1","99,9,+99999,9,00,1",,"9,AGL   ,+99999,+99999","06,99,1,01,1,99,9,00800,1,99,9,99,9","240,M,+0350,1","240,N,+0245,1","99999,9,10086,1","9,9,999,9,+011,1",,,"SYN09243278 22597 62302 10292 20255 30086 40093 81531 333 10350 20245 58011 6013/ 555 00131 10744=",
"43278099999","2023-09-30T06:00:00","4","13.0666666","80.2","7.0","NUMGAMBAKKAM, IN","FM-12","99999","V020","250,1,N,0015,1","22000,1,9,N","010000,1,9,9","+0336,1","+0242,1","10082,1",,,,,,"03,1,+00800,1,06,1","99,9,+99999,9,00,1",,,"9,AGL   ,+99999,+99999","04,99,1,03,1,99,9,00800,1,99,9,99,9",,,"99999,9,10075,1","9,9,999,9,+008,1",,,"SYN05843278 32597 42503 10336 20242 30075 40082 83501 333 58008=",
"43278099999","2023-09-30T09:00:00","4","13.0666666","80.2","7.0","NUMGAMBAKKAM, IN","FM-12","99999","V020","230,1,N,0010,1","99999,9,9,N","010000,1,9,9","+0352,1","+0245,1","10057,1",,,,,,"03,1,+00800,1,06,1","99,9,+99999,9,03,1","99,9,+99999,9,00,1",,"9,AGL   ,+99999,+99999","05,99,1,03,1,99,9,00800,1,99,9,99,9",,,"99999,9,10050,1","9,9,999,9,+018,1",,,"SYN05843278 32597 52302 10352 20245 30050 40057 83471 333 58018=",
"43278099999","2023-09-30T12:00:00","4","13.0666666","80.2","7.0","NUMGAMBAKKAM, IN","FM-12","99999","V020","140,1,N,0015,1","22000,1,9,N","010000,1,9,9","+0310,1","+0257,1","10057,1",,,,,,"02,1,+00800,1,06,1","99,9,+99999,9,00,1",,,"9,AGL   ,+99999,+99999","04,99,1,02,1,99,9,00800,1,99,9,99,9",,,"99999,9,10050,1","9,9,999,9,+015,1",,,"SYN06443278 32597 41403 10310 20257 30050 40057 82501 333 10355 58015=",
"43278099999","2023-09-30T15:00:00","4","13.0666666","80.2","7.0","NUMGAMBAKKAM, IN","FM-12","99999","V020","160,1,N,0010,1","22000,1,9,N","004000,1,9,9","+0298,1","+0276,1","10070,1",,,,,,"02,1,+00800,1,06,1","99,9,+99999,9,00,1",,,"9,AGL   ,+99999,+99999","03,99,1,02,1,99,9,00800,1,99,9,99,9",,,"99999,9,10063,1","9,9,999,9,-004,1",,,"SYN05843278 32596 31602 10298 20276 30063 40070 82501 333 59004=",
"43278099999","2023-10-01T00:00:00","4","13.0666666","80.2","7.0","NUMGAMBAKKAM, IN","FM-12","99999","V020","230,1,N,0015,1","99999,9,9,N","004000,1,9,9","+0272,1","+0237,1","10069,1","21,0003,3,1",,,,,"05,1,+02250,1,03,1","99,9,+99999,9,00,1",,,"9,AGL   ,+99999,+99999","06,99,1,05,1,99,9,02250,1,99,9,99,9",,,"99999,9,10062,1","9,9,999,9,+002,1",,,"SYN06443278 22896 62303 10272 20237 30062 40069 85071 333 58002 6993/=",
"43278099999","2023-10-01T03:00:00","4","13.0666666","80.2","7.0","NUMGAMBAKKAM, IN","FM-12","99999","V020","230,1,N,0010,1","99999,9,9,N","010000,1,9,9","+0290,1","+0241,1","10087,1","24,0003,3,1",,,,,"01,1,+00800,1,06,1","99,9,+99999,9,03,1","99,9,+99999,9,02,1",,"9,AGL   ,+99999,+99999","05,99,1,01,1,99,9,00800,1,99,9,99,9","240,M,+0355,1","240,N,+0263,1","99999,9,10080,1","9,9,999,9,-006,1",,,"SYN09243278 22597 52302 10290 20241 30080 40087 81578 333 10355 20263 59006 6993/ 555 00003 10000=",
"43278099999","2023-10-01T06:00:00","4","13.0666666","80.2","7.0","NUMGAMBAKKAM, IN","FM-12","99999","V020","270,1,N,0015,1","99999,9,9,N","010000,1,9,9","+0336,1","+0236,1","10081,1",,,,,,"01,1,+00800,1,06,1","99,9,+99999,9,03,1","99,9,+99999,9,00,1",,"9,AGL   ,+99999,+99999","05,99,1,01,1,99,9,00800,1,99,9,99,9",,,"99999,9,10074,1","9,9,999,9,-001,1",,,"SYN05843278 32597 52703 10336 20236 30074 40081 81571 333 59001=",
"43278099999","2023-10-01T09:00:00","4","13.0666666","80.2","7.0","NUMGAMBAKKAM, IN","FM-12","99999","V020","230,1,N,0021,1","22000,1,9,N","010000,1,9,9","+0352,1","+0235,1","10047,1",,,,,,"02,1,+00800,1,06,1","99,9,+99999,9,03,1","99,9,+99999,9,00,1",,"9,AGL   ,+99999,+99999","04,99,1,02,1,99,9,00800,1,99,9,99,9",,,"99999,9,10040,1","9,9,999,9,-010,1",,,"SYN05843278 32597 42304 10352 20235 30040 40047 82471 333 59010=",
"43278099999","2023-10-01T12:00:00","4","13.0666666","80.2","7.0","NUMGAMBAKKAM, IN","FM-12","99999","V020","160,1,N,0010,1","22000,1,9,N","010000,1,9,9","+0316,1","+0257,1","10047,1",,,,,,"02,1,+00800,1,06,1","99,9,+99999,9,00,1",,,"9,AGL   ,+99999,+99999","04,99,1,02,1,99,9,00800,1,99,9,99,9",,,"99999,9,10040,1","9,9,999,9,-010,1",,,"SYN06443278 32597 41602 10316 20257 30040 40047 82501 333 10354 59010=",
"43278099999","2023-10-01T15:00:00","4","13.0666666","80.2","7.0","NUMGAMBAKKAM, IN","FM-12","99999","V020","180,1,N,0005,1","22000,1,9,N","004000,1,9,9","+0300,1","+0267,1","10069,1",,,,,,"99,9,+99999,9,00,1",,,,"9,AGL   ,+99999,+99999","01,99,1,00,1,99,9,99999,9,99,9,99,9",,,"99999,9,10062,1","9,9,999,9,-001,1",,,"SYN05843278 32996 11801 10300 20267 30062 40069 80001 333 59001=","Q01    003SCCGA1"
"43278099999","2023-10-02T00:00:00","4","13.0666666","80.2","7.0","NUMGAMBAKKAM, IN","FM-12","99999","V020","250,1,N,0005,1","22000,1,9,N","004000,1,9,9","+0274,1","+0242,1","10076,1",,,,,,"99,9,+99999,9,00,1",,,,"9,AGL   ,+99999,+99999","01,99,1,00,1,99,9,99999,9,99,9,99,9",,,"99999,9,10069,1","9,9,999,9,+007,1",,,"SYN05843278 32996 12501 10274 20242 30069 40076 80001 333 58007=","Q01    003SCCGA1"
"43278099999","2023-10-02T03:00:00","4","13.0666666","80.2","7.0","NUMGAMBAKKAM, IN","FM-12","99999","V020","230,1,N,0021,1","22000,1,9,N","010000,1,9,9","+0304,1","+0231,1","10092,1",,,,,,"99,9,+99999,9,00,1",,,,"9,AGL   ,+99999,+99999","01,99,1,00,1,99,9,99999,9,99,9,99,9","240,M,+0354,1","240,N,+0273,1","99999,9,10085,1","9,9,999,9,+005,1",,,"SYN08043278 32997 12304 10304 20231 30085 40092 80001 333 10354 20273 58005 555 10000=","Q01    003SCCGA1"
"43278099999","2023-10-02T06:00:00","4","13.0666666","80.2","7.0","NUMGAMBAKKAM, IN","FM-12","99999","V020","230,1,N,0031,1","22000,1,9,N","010000,1,9,9","+0344,1","+0222,1","10077,1",,,,,,"02,1,+00800,1,08,1","99,9,+99999,9,00,1",,,"9,AGL   ,+99999,+99999","03,99,1,02,1,99,9,00800,1,99,9,99,9",,,"99999,9,10070,1","9,9,999,9,-004,1",,,"SYN05843278 32597 32306 10344 20222 30070 40077 82101 333 59004=",
"43278099999","2023-10-02T09:00:00","4","13.0666666","80.2","7.0","NUMGAMBAKKAM, IN","FM-12","99999","V020","230,1,N,0021,1","99999,9,9,N","010000,1,9,9","+0344,1","+0238,1","10057,1",,,,,,"02,1,+00800,1,06,1","99,9,+99999,9,03,1","99,9,+99999,9,00,1",,"9,AGL   ,+99999,+99999","05,99,1,02,1,99,9,00800,1,99,9,99,9",,,"99999,9,10050,1","9,9,999,9,+010,1",,,"SYN05843278 32597 52304 10344 20238 30050 40057 82471 333 58010=",
"43278099999","2023-10-02T12:00:00","4","13.0666666","80.2","7.0","NUMGAMBAKKAM, IN","FM-12","99999","V020","180,1,N,0015,1","22000,1,9,N","010000,1,9,9","+0318,1","+0262,1","10060,1",,,,,,"01,1,+00800,1,06,1","99,9,+99999,9,00,1",,,"9,AGL   ,+99999,+99999","03,99,1,01,1,99,9,00800,1,99,9,99,9",,,"99999,9,10053,1","9,9,999,9,+013,1",,,"SYN06443278 32597 31803 10318 20262 30053 40060 81501 333 10352 58013=",
"43278099999","2023-10-02T15:00:00","4","13.0666666","80.2","7.0","NUMGAMBAKKAM, IN","FM-12","99999","V020","180,1,N,0005,1","22000,1,9,N","004000,1,9,9","+0300,1","+0264,1","10073,1",,,,,,"99,9,+99999,9,00,1",,,,"9,AGL   ,+99999,+99999","01,99,1,00,1,99,9,99999,9,99,9,99,9",,,"99999,9,10066,1","9,9,999,9,+004,1",,,"SYN05843278 32996 11801 10300 20264 30066 40073 80001 333 58004=","Q01    003SCCGA1"
"43278099999","2023-10-03T00:00:00","4","13.0666666","80.2","7.0","NUMGAMBAKKAM, IN","FM-12","99999","V020","230,1,N,0015,1","22000,1,9,N","004000,1,9,9","+0278,1","+0248,1","10074,1",,,,,,"02,1,+00800,1,06,1","99,9,+99999,9,00,1",,,"9,AGL   ,+99999,+99999","03,99,1,02,1,99,9,00800,1,99,9,99,9",,,"99999,9,10067,1","9,9,999,9,-002,1",,,"SYN05843278 32596 32303 10278 20248 30067 40074 82501 333 59002=",
"43278099999","2023-10-03T03:00:00","4","13.0666666","80.2","7.0","NUMGAMBAKKAM, IN","FM-12","99999","V020","250,1,N,0031,1","22000,1,9,N","010000,1,9,9","+0306,1","+0243,1","10092,1",,,,,,"99,9,+99999,9,00,1",,,,"9,AGL   ,+99999,+99999","01,99,1,00,1,99,9,99999,9,99,9,99,9","240,M,+0352,1","240,N,+0278,1","99999,9,10085,1","9,9,999,9,+000,1",,,"SYN08043278 32997 12506 10306 20243 30085 40092 80001 333 10352 20278 58000 555 10000=","Q01    003SCCGA1"
"43278099999","2023-10-03T06:00:00","4","13.0666666","80.2","7.0","NUMGAMBAKKAM, IN","FM-12","99999","V020","270,1,N,0015,1","22000,1,9,N","010000,1,9,9","+0344,1","+0238,1","10081,1",,,,,,"99,9,+99999,9,00,1",,,,"9,AGL   ,+99999,+99999","01,99,1,00,1,99,9,99999,9,99,9,99,9",,,"99999,9,10074,1","9,9,999,9,+004,1",,,"SYN05843278 32997 12703 10344 20238 30074 40081 80001 333 58004=","Q01    003SCCGA1"
"43278099999","2023-10-03T09:00:00","4","13.0666666","80.2","7.0","NUMGAMBAKKAM, IN","FM-12","99999","V020","999,9,C,0000,1","99999,9,9,N","010000,1,9,9","+0352,1","+0241,1","10058,1",,,,,,"04,1,+00800,1,06,1","99,9,+99999,9,03,1","99,9,+99999,9,00,1",,"9,AGL   ,+99999,+99999","06,99,1,04,1,99,9,00800,1,99,9,99,9",,,"99999,9,10051,1","9,9,999,9,+001,1",,,"SYN05843278 32597 60000 10352 20241 30051 40058 84531 333 58001=",
"43278099999","2023-10-03T12:00:00","4","13.0666666","80.2","7.0","NUMGAMBAKKAM, IN","FM-12","99999","V020","140,1,N,0010,1","99999,9,9,N","004000,1,9,9","+0338,1","+0257,1","10061,1","09,0000,2,1","2,1,02,1","2,1,02,1",,,"04,1,+00800,1,06,1","99,9,+99999,9,03,1","99,9,+99999,9,00,1",,"9,AGL   ,+99999,+99999","06,99,1,04,1,99,9,00800,1,99,9,99,9",,,"99999,9,10054,1","9,9,999,9,+001,1",,"50,1","SYN07643278 21596 61402 10338 20257 30054 40061 75022 84531 333 10362 58001 6990/=",
"43278099999","2023-10-03T15:00:00","4","13.0666666","80.2","7.0","NUMGAMBAKKAM, IN","FM-12","99999","V020","999,9,C,0000,1","99999,9,9,N","004000,1,9,9","+0302,1","+0257,1","10089,1","12,0001,3,1","5,1,02,1","2,1,02,1",,,"02,1,+00800,1,06,1","99,9,+99999,9,03,1",,,"9,AGL   ,+99999,+99999","07,99,1,02,1,99,9,00800,1,99,9,99,9",,,"99999,9,10082,1","9,9,999,9,+016,1",,"01,1","SYN07043278 21596 70000 10302 20257 30082 40089 70152 8257/ 333 58016 6991/=",
"43278099999","2023-10-04T00:00:00","4","13.0666666","80.2","7.0","NUMGAMBAKKAM, IN","FM-12","99999","V020","230,1,N,0021,1","22000,1,9,N","004000,1,9,9","+0278,1","+0249,1","10068,1","21,0001,3,1",,,,,"01,1,+00800,1,08,1","99,9,+99999,9,00,1",,,"9,AGL   ,+99999,+99999","02,99,1,01,1,99,9,00800,1,99,9,99,9",,,"99999,9,10061,1","9,9,999,9,-006,1",,,"SYN06443278 22596 22304 10278 20249 30061 40068 81101 333 59006 6991/=",
"43278099999","2023-10-04T03:00:00","4","13.0666666","80.2","7.0","NUMGAMBAKKAM, IN","FM-12","99999","V020","230,1,N,0026,1","22000,1,9,N","010000,1,9,9","+0300,1","+0255,1","10091,1","24,0001,3,1",,,,,"99,9,+99999,9,00,1",,,,"9,AGL   ,+99999,+99999","01,99,1,00,1,99,9,99999,9,99,9,99,9","240,M,+0362,1","240,N,+0277,1","99999,9,10084,1","9,9,999,9,-001,1",,,"SYN09243278 22997 12305 10300 20255 30084 40091 80001 333 10362 20277 59001 6991/ 555 00001 10000=","Q01    003SCCGA1"
"43278099999","2023-10-04T06:00:00","4","13.0666666","80.2","7.0","NUMGAMBAKKAM, IN","FM-12","99999","V020","290,1,N,0010,1","22000,1,9,N","010000,1,9,9","+0346,1","+0254,1","10085,1",,,,,,"99,9,+99999,9,00,1",,,,"9,AGL   ,+99999,+99999","01,99,1,00,1,99,9,99999,9,99,9,99,9",,,"99999,9,10078,1","9,9,999,9,+004,1",,,"SYN05843278 32997 12902 10346 20254 30078 40085 80001 333 58004=","Q01    003SCCGA1"
"43278099999","2023-10-04T09:00:00","4","13.0666666","80.2","7.0","NUMGAMBAKKAM, IN","FM-12","99999","V020","140,1,N,0010,1","99999,9,9,N","010000,1,9,9","+0340,1","+0256,1","10067,1",,,,,,"03,1,+00800,1,06,1","99,9,+99999,9,03,1","99,9,+99999,9,00,1",,"9,AGL   ,+99999,+99999","07,99,1,03,1,99,9,00800,1,99,9,99,9",,,"99999,9,10060,1","9,9,999,9,+009,1",,,"SYN05843278 32597 71402 10340 20256 30060 40067 83571 333 58009=",
"43278099999","2023-10-04T12:00:00","4","13.0666666","80.2","7.0","NUMGAMBAKKAM, IN","FM-12","99999","V020","140,1,N,0015,1","22000,1,9,N","010000,1,9,9","+0306,1","+0249,1","10073,1",,,,,,"02,1,+00800,1,06,1","99,9,+99999,9,03,1","99,9,+99999,9,00,1",,"9,AGL   ,+99999,+99999","04,99,1,02,1,99,9,00800,1,99,9,99,9",,,"99999,9,10066,1","9,9,999,9,+012,1",,,"SYN06443278 32597 41403 10306 20249 30066 40073 82531 333 10365 58012=",
"43278099999","2023-10-04T15:00:00","4","13.0666666","80.2","7.0","NUMGAMBAKKAM, IN","FM-12","99999","V020","180,1,N,0010,1","22000,1,9,N","004000,1,9,9","+0302,1","+0254,1","10094,1",,,,,,"01,1,+00800,1,06,1","99,9,+99999,9,03,1","99,9,+99999,9,00,1",,"9,AGL   ,+99999,+99999","04,99,1,01,1,99,9,00800,1,99,9,99,9",,,"99999,9,10087,1","9,9,999,9,+005,1",,,"SYN05843278 32596 41802 10302 20254 30087 40094 81571 333 58005=",
"43278099999","2023-10-05T00:00:00","4","13.0666666","80.2","7.0","NUMGAMBAKKAM, IN","FM-12","99999","V020","999,9,C,0000,1","99999,9,9,N","004000,1,9,9","+0262,1","+0253,1","10081,1","21,0250,3,1","6,1,02,1","2,1,02,1",,,"04,1,+00800,1,06,1","99,9,+99999,9,03,1",,,"9,AGL   ,+99999,+99999","08,99,1,04,1,99,9,00800,1,99,9,99,9",,,"99999,9,10074,1","9,9,999,9,+013,1",,"02,1","SYN07043278 21596 80000 10262 20253 30074 40081 70262 8444/ 333 58013 6025/=",
"43278099999","2023-10-05T03:00:00","4","13.0666666","80.2","7.0","NUMGAMBAKKAM, IN","FM-12","99999","V020","999,9,C,0000,1","99999,9,9,N","004000,1,9,9","+0278,1","+0255,1","10095,1","24,0250,3,1","2,1,02,1","2,1,02,1",,,"01,1,+00800,1,06,1","99,9,+99999,9,03,1",,,"9,AGL   ,+99999,+99999","08,99,1,01,1,99,9,00800,1,99,9,99,9","240,M,+0365,1","240,N,+0254,1","99999,9,10088,1","9,9,999,9,+004,1",,"01,1","SYN09843278 21596 80000 10278 20255 30088 40095 70122 8157/ 333 10365 20254 58004 6025/ 555 00254 10026=",
"43278099999","2023-10-05T06:00:00","4","13.0666666","80.2","7.0","NUMGAMBAKKAM, IN","FM-12","99999","V020","230,1,N,0015,1","22000,1,9,N","010000,1,9,9","+0338,1","+0254,1","10082,1",,,,,,"99,9,+99999,9,00,1",,,,"9,AGL   ,+99999,+99999","01,99,1,00,1,99,9,99999,9,99,9,99,9",,,"99999,9,10075,1","9,9,999,9,-003,1",,,"SYN05843278 32997 12303 10338 20254 30075 40082 80001 333 59003=","Q01    003SCCGA1"
"43278099999","2023-10-05T09:00:00","4","13.0666666","80.2","7.0","NUMGAMBAKKAM, IN","FM-12","99999","V020","140,1,N,0010,1","99999,9,9,N","010000,1,9,9","+0334,1","+0240,1","10057,1",,,,,,"03,1,+00800,1,08,1","99,9,+99999,9,00,1",,,"9,AGL   ,+99999,+99999","05,99,1,03,1,99,9,00800,1,99,9,99,9",,,"99999,9,10050,1","9,9,999,9,-010,1",,,"SYN05843278 32597 51402 10334 20240 30050 40057 83801 333 59010=",
"43278099999","2023-10-05T12:00:00","4","13.0666666","80.2","7.0","NUMGAMBAKKAM, IN","FM-12","99999","V020","140,1,N,0010,1","99999,9,9,N","010000,1,9,9","+0302,1","+0251,1","10061,1",,,,,,"01,1,+00800,1,09,1","99,9,+99999,9,00,1",,,"9,AGL   ,+99999,+99999","05,99,1,01,1,99,9,00800,1,99,9,99,9",,,"99999,9,10054,1","9,9,999,9,-012,1",,,"SYN06443278 32597 51402 10302 20251 30054 40061 81301 333 10362 59012=",
"43278099999","2023-10-05T15:00:00","4","13.0666666","80.2","7.0","NUMGAMBAKKAM, IN","FM-12","99999","V020","140,1,N,0010,1","22000,1,9,N","004000,1,9,9","+0294,1","+0251,1","10074,1",,,,,,"01,1,+00800,1,06,1","99,9,+99999,9,00,1",,,"9,AGL   ,+99999,+99999","03,99,1,01,1,99,9,00800,1,99,9,99,9",,,"99999,9,10067,1","9,9,999,9,-020,1",,,"SYN05843278 32596 31402 10294 20251 30067 40074 81501 333 59020=",
"43278099999","2023-10-06T00:00:00","4","13.0666666","80.2","7.0","NUMGAMBAKKAM, IN","FM-12","99999","V020","250,1,N,0010,1","22000,1,9,N","004000,1,9,9","+0272,1","+0246,1","10071,1","21,0002,3,1",,,,,"99,9,+99999,9,00,1",,,,"9,AGL   ,+99999,+99999","02,99,1,00,1,99,9,99999,9,99,9,99,9",,,"99999,9,10064,1","9,9,999,9,-010,1",,,"SYN06443278 22996 22502 10272 20246 30064 40071 80001 333 59010 6992/=","Q01    003SCCGA1"
"43278099999","2023-10-06T03:00:00","4","13.0666666","80.2","7.0","NUMGAMBAKKAM, IN","FM-12","99999","V020","230,1,N,0010,1","99999,9,9,N","010000,1,9,9","+0304,1","+0256,1","10085,1","24,0002,3,1",,,,,"02,1,+00800,1,06,1","99,9,+99999,9,03,1","99,9,+99999,9,00,1",,"9,AGL   ,+99999,+99999","06,99,1,02,1,99,9,00800,1,99,9,99,9","240,M,+0362,1","240,N,+0272,1","99999,9,10078,1","9,9,999,9,-010,1",,,"SYN09243278 22597 62302 10304 20256 30078 40085 82531 333 10362 20272 59010 6992/ 555 00002 10026=",
"43278099999","2023-10-06T06:00:00","4","13.0666666","80.2","7.0","NUMGAMBAKKAM, IN","FM-12","99999","V020","999,9,C,0000,1","22000,1,9,N","010000,1,9,9","+0340,1","+0259,1","10092,1",,,,,,"99,9,+99999,9,00,1",,,,"9,AGL   ,+99999,+99999","01,99,1,00,1,99,9,99999,9,99,9,99,9",,,"99999,9,10085,1","9,9,999,9,+010,1",,,"SYN05843278 32997 10000 10340 20259 30085 40092 80001 333 58010=","Q01    003SCCGA1"
"43278099999","2023-10-06T09:00:00","4","13.0666666","80.2","7.0","NUMGAMBAKKAM, IN","FM-12","99999","V020","180,1,N,0010,1","99999,9,9,N","010000,1,9,9","+0260,1","+0249,1","10060,1","06,0110,3,1","5,1,02,1","2,1,02,1",,,"02,1,+00800,1,06,1","99,9,+99999,9,03,1","99,9,+99999,9,00,1",,"9,AGL   ,+99999,+99999","06,99,1,02,1,99,9,00800,1,99,9,99,9",,,"99999,9,10053,1","9,9,999,9,+003,1",,"21,1","SYN07043278 21597 61802 10260 20249 30053 40060 72152 82571 333 58003 6011/=",
"43278099999","2023-10-06T12:00:00","4","13.0666666","80.2","7.0","NUMGAMBAKKAM, IN","FM-12","99999","V020","160,1,N,0010,1","22000,1,9,N","010000,1,9,9","+0288,1","+0254,1","10062,1","09,0110,3,1","1,1,02,1","1,1,02,1",,,"01,1,+00800,1,06,1","99,9,+99999,9,03,1","99,9,+99999,9,00,1",,"9,AGL   ,+99999,+99999","04,99,1,01,1,99,9,00800,1,99,9,99,9",,,"99999,9,10055,1","9,9,999,9,+001,1",,"01,1","SYN07643278 21597 41602 10288 20254 30055 40062 70111 81571 333 10344 58001 6011/=",
"43278099999","2023-10-06T15:00:00","4","13.0666666","80.2","7.0","NUMGAMBAKKAM, IN","FM-12","99999","V020","999,9,C,0000,1","99999,9,9,N","004000,1,9,9","+0286,1","+0266,1","10079,1","12,0110,3,1",,,,,"01,1,+00800,1,06,1","99,9,+99999,9,03,1","99,9,+99999,9,00,1",,"9,AGL   ,+99999,+99999","05,99,1,01,1,99,9,00800,1,99,9,99,9",,,"99999,9,10072,1","9,9,999,9,+005,1",,,"SYN06443278 22596 50000 10286 20266 30072 40079 81531 333 58005 6011/=",
"43278099999","2023-10-07T00:00:00","4","13.0666666","80.2","7.0","NUMGAMBAKKAM, IN","FM-12","99999","V020","250,1,N,0010,1","99999,9,9,N","004000,1,9,9","+0280,1","+0266,1","10071,1","21,0110,3,1",,,,,"04,1,+00800,1,06,1","99,9,+99999,9,03,1",,,"9,AGL   ,+99999,+99999","06,99,1,04,1,99,9,00800,1,99,9,99,9",,,"99999,9,10064,1","9,9,999,9,+000,1",,,"SYN06443278 22596 62502 10280 20266 30064 40071 8453/ 333 58000 6011/=",
"43278099999","2023-10-07T03:00:00","4","13.0666666","80.2","7.0","NUMGAMBAKKAM, IN","FM-12","99999","V020","230,1,N,0015,1","22000,1,9,N","004000,1,9,9","+0300,1","+0258,1","10090,1","24,0110,3,1",,,,,"99,9,+99999,9,00,1",,,,"9,AGL   ,+99999,+99999","01,99,1,00,1,99,9,99999,9,99,9,99,9","240,M,+0344,1","240,N,+0273,1","99999,9,10083,1","9,9,999,9,+005,1",,,"SYN09243278 22996 12303 10300 20258 30083 40090 80001 333 10344 20273 58005 6011/ 555 00115 10037=","Q01    003SCCGA1"
"43278099999","2023-10-07T06:00:00","4","13.0666666","80.2","7.0","NUMGAMBAKKAM, IN","FM-12","99999","V020","999,9,C,0000,1","99999,9,9,N","010000,1,9,9","+0333,1","+0265,1","10082,1",,,,,,"02,1,+00800,1,06,1","99,9,+99999,9,03,1","99,9,+99999,9,00,1",,"9,AGL   ,+99999,+99999","07,99,1,02,1,99,9,00800,1,99,9,99,9",,,"99999,9,10075,1","9,9,999,9,-010,1",,,"SYN05843278 32597 70000 10333 20265 30075 40082 82571 333 59010=",
"43278099999","2023-10-07T09:00:00","4","13.0666666","80.2","7.0","NUMGAMBAKKAM, IN","FM-12","99999","V020","140,1,N,0010,1","22000,1,9,N","010000,1,9,9","+0324,1","+0263,1","10063,1",,,,,,"02,1,+00800,1,06,1","99,9,+99999,9,03,1","99,9,+99999,9,00,1",,"9,AGL   ,+99999,+99999","04,99,1,02,1,99,9,00800,1,99,9,99,9",,,"99999,9,10056,1","9,9,999,9,+003,1",,,"SYN05843278 32597 41402 10324 20263 30056 40063 82531 333 58003=",
"43278099999","2023-10-07T12:00:00","4","13.0666666","80.2","7.0","NUMGAMBAKKAM, IN","FM-12","99999","V020","180,1,N,0010,1","99999,9,9,N","010000,1,9,9","+0282,1","+0239,1","10069,1","09,0000,2,1","5,1,02,1","2,1,02,1",,,"02,1,+00800,1,09,1","99,9,+99999,9,03,1",,,"9,AGL   ,+99999,+99999","08,99,1,02,1,99,9,00800,1,99,9,99,9",,,"99999,9,10062,1","9,9,999,9,+007,1",,"95,1","SYN07643278 21597 81802 10282 20239 30062 40069 79552 8297/ 333 10348 58007 6990/=",
"43278099999","2023-10-07T15:00:00","4","13.0666666","80.2","7.0","NUMGAMBAKKAM, IN","FM-12","99999","V020","140,1,N,0010,1","22000,1,9,N","004000,1,9,9","+0290,1","+0253,1","10090,1","12,0000,2,1",,,,,"02,1,+00800,1,06,1","99,9,+99999,9,00,1",,,"9,AGL   ,+99999,+99999","04,99,1,02,1,99,9,00800,1,99,9,99,9",,,"99999,9,10083,1","9,9,999,9,+011,1",,,"SYN06443278 22596 41402 10290 20253 30083 40090 82501 333 58011 6990/=",
"43278099999","2023-10-08T00:00:00","4","13.0666666","80.2","7.0","NUMGAMBAKKAM, IN","FM-12","99999","V020","180,1,N,0010,1","22000,1,9,N","004000,1,9,9","+0274,1","+0257,1","10084,1","21,0000,2,1",,,,,"99,9,+99999,9,00,1",,,,"9,AGL   ,+99999,+99999","01,99,1,00,1,99,9,99999,9,99,9,99,9",,,"99999,9,10077,1","9,9,999,9,+013,1",,,"SYN06443278 22996 11802 10274 20257 30077 40084 80001 333 58013 6990/=","Q01    003SCCGA1"
"43278099999","2023-10-08T03:00:00","4","13.0666666","80.2","7.0","NUMGAMBAKKAM, IN","FM-12","99999","V020","230,1,N,0021,1","22000,1,9,N","010000,1,9,9","+0298,1","+0259,1","10106,1","24,0000,2,1",,,,,"03,1,+00800,1,06,1","99,9,+99999,9,00,1",,,"9,AGL   ,+99999,+99999","04,99,1,03,1,99,9,00800,1,99,9,99,9","240,M,+0348,1","240,N,+0274,1","99999,9,10099,1","9,9,999,9,+016,1",,,"SYN08643278 22597 42304 10298 20259 30099 40106 83501 333 10348 20274 58016 6990/ 555 10037=",
"43278099999","2023-10-08T06:00:00","4","13.0666666","80.2","7.0","NUMGAMBAKKAM, IN","FM-12","99999","V020","160,1,N,0015,1","22000,1,9,N","010000,1,9,9","+0330,1","+0266,1","10101,1",,,,,,"03,1,+00800,1,06,1","99,9,+99999,9,00,1",,,"9,AGL   ,+99999,+99999","04,99,1,03,1,99,9,00800,1,99,9,99,9",,,"99999,9,10094,1","9,9,999,9,+019,1",,,"SYN05843278 32597 41603 10330 20266 30094 40101 83501 333 58019=",
"43278099999","2023-10-08T09:00:00","4","13.0666666","80.2","7.0","NUMGAMBAKKAM, IN","FM-12","99999","V020","140,1,N,0021,1","22000,1,9,N","010000,1,9,9","+0324,1","+0263,1","10083,1",,,,,,"01,1,+00800,1,06,1","99,9,+99999,9,03,1","99,9,+99999,9,00,1",,"9,AGL   ,+99999,+99999","03,99,1,01,1,99,9,00800,1,99,9,99,9",,,"99999,9,10076,1","9,9,999,9,+020,1",,,"SYN05843278 32597 31404 10324 20263 30076 40083 81531 333 58020=",
"43278099999","2023-10-08T12:00:00","4","13.0666666","80.2","7.0","NUMGAMBAKKAM, IN","FM-12","99999","V020","140,1,N,0015,1","22000,1,9,N","010000,1,9,9","+0298,1","+0262,1","10085,1",,,,,,"99,9,+99999,9,00,1",,,,"9,AGL   ,+99999,+99999","01,99,1,00,1,99,9,99999,9,99,9,99,9",,,"99999,9,10078,1","9,9,999,9,+016,1",,,"SYN06443278 32997 11403 10298 20262 30078 40085 80001 333 10336 58016=","Q01    003SCCGA1"
"43278099999","2023-10-08T15:00:00","4","13.0666666","80.2","7.0","NUMGAMBAKKAM, IN","FM-12","99999","V020","180,1,N,0010,1","22000,1,9,N","004000,1,9,9","+0290,1","+0268,1","10108,1",,,,,,"01,1,+01750,1,03,1","99,9,+99999,9,00,1",,,"9,AGL   ,+99999,+99999","02,99,1,01,1,99,9,01750,1,99,9,99,9",,,"99999,9,10101,1","9,9,999,9,+018,1",,,"SYN05843278 32796 21802 10290 20268 30101 40108 81031 333 58018=",
"43278099999","2023-10-09T00:00:00","4","13.0666666","80.2","7.0","NUMGAMBAKKAM, IN","FM-12","99999","V020","230,1,N,0015,1","99999,9,9,N","004000,1,9,9","+0280,1","+0257,1","10104,1",,,,,,"05,1,+00800,1,06,1","99,9,+99999,9,00,1",,,"9,AGL   ,+99999,+99999","06,99,1,05,1,99,9,00800,1,99,9,99,9",,,"99999,9,10097,1","9,9,999,9,+020,1",,,"SYN05843278 32596 62303 10280 20257 30097 40104 85501 333 58020=",
"43278099999","2023-10-09T03:00:00","4","13.0666666","80.2","7.0","NUMGAMBAKKAM, IN","FM-12","99999","V020","230,1,N,0015,1","22000,1,9,N","010000,1,9,9","+0300,1","+0255,1","10125,1",,,,,,"02,1,+00800,1,06,1","99,9,+99999,9,00,1",,,"9,AGL   ,+99999,+99999","03,99,1,02,1,99,9,00800,1,99,9,99,9","240,M,+0336,1","240,N,+0278,1","99999,9,10118,1","9,9,999,9,+019,1",,,"SYN08043278 32597 32303 10300 20255 30118 40125 82501 333 10336 20278 58019 555 10037=",
"43278099999","2023-10-09T06:00:00","4","13.0666666","80.2","7.0","NUMGAMBAKKAM, IN","FM-12","99999","V020","230,1,N,0015,1","99999,9,9,N","010000,1,9,9","+0332,1","+0250,1","10119,1",,,,,,"03,1,+00800,1,06,1","99,9,+99999,9,03,1","99,9,+99999,9,00,1",,"9,AGL   ,+99999,+99999","06,99,1,03,1,99,9,00800,1,99,9,99,9",,,"99999,9,10112,1","9,9,999,9,+018,1",,,"SYN05843278 32597 62303 10332 20250 30112 40119 83571 333 58018=",
"43278099999","2023-10-09T09:00:00","4","13.0666666","80.2","7.0","NUMGAMBAKKAM, IN","FM-12","99999","V020","140,1,N,0015,1","22000,1,9,N","010000,1,9,9","+0330,1","+0266,1","10098,1",,,,,,"02,1,+00800,1,06,1","99,9,+99999,9,03,1",,,"9,AGL   ,+99999,+99999","03,99,1,02,1,99,9,00800,1,99,9,99,9",,,"99999,9,10091,1","9,9,999,9,+015,1",,,"SYN05843278 32597 31403 10330 20266 30091 40098 82530 333 58015=",
"43278099999","2023-10-09T12:00:00","4","13.0666666","80.2","7.0","NUMGAMBAKKAM, IN","FM-12","99999","V020","140,1,N,0021,1","22000,1,9,N","010000,1,9,9","+0302,1","+0263,1","10105,1",,,,,,"01,1,+01750,1,03,1","99,9,+99999,9,00,1",,,"9,AGL   ,+99999,+99999","02,99,1,01,1,99,9,01750,1,99,9,99,9",,,"99999,9,10098,1","9,9,999,9,+020,1",,,"SYN06443278 32797 21404 10302 20263 30098 40105 81031 333 10341 58020=",
"43278099999","2023-10-09T15:00:00","4","13.0666666","80.2","7.0","NUMGAMBAKKAM, IN","FM-12","99999","V020","140,1,N,0010,1","22000,1,9,N","004000,1,9,9","+0292,1","+0264,1","10116,1",,,,,,"02,1,+01750,1,03,1","99,9,+99999,9,00,1",,,"9,AGL   ,+99999,+99999","03,99,1,02,1,99,9,01750,1,99,9,99,9",,,"99999,9,10109,1","9,9,999,9,+008,1",,,"SYN05843278 32796 31402 10292 20264 30109 40116 82031 333 58008=",
"43278099999","2023-10-10T00:00:00","4","13.0666666","80.2","7.0","NUMGAMBAKKAM, IN","FM-12","99999","V020","200,1,N,0005,1","99999,9,9,N","004000,1,9,9","+0281,1","+0257,1","10106,1",,,,,,"03,1,+00800,1,06,1","99,9,+99999,9,03,1",,,"9,AGL   ,+99999,+99999","05,99,1,03,1,99,9,00800,1,99,9,99,9",,,"99999,9,10099,1","9,9,999,9,+002,1",,,"SYN05843278 32596 52001 10281 20257 30099 40106 8353/ 333 58002=",
"43278099999","2023-10-10T03:00:00","4","13.0666666","80.2","7.0","NUMGAMBAKKAM, IN","FM-12","99999","V020","230,1,N,0010,1","22000,1,9,N","010000,1,9,9","+0304,1","+0262,1","10118,1",,,,,,"99,9,+99999,9,00,1",,,,"9,AGL   ,+99999,+99999","02,99,1,00,1,99,9,99999,9,99,9,99,9","240,M,+0341,1","240,N,+0281,1","99999,9,10111,1","9,9,999,9,-007,1",,,"SYN08043278 32997 22302 10304 20262 30111 40118 80001 333 10341 20281 59007 555 10037=","Q01    003SCCGA1"
"43278099999","2023-10-10T06:00:00","4","13.0666666","80.2","7.0","NUMGAMBAKKAM, IN","FM-12","99999","V020","250,1,N,0010,1","99999,9,9,N","010000,1,9,9","+0340,1","+0250,1","10110,1",,,,,,"03,1,+00800,1,06,1","99,9,+99999,9,00,1",,,"9,AGL   ,+99999,+99999","05,99,1,03,1,99,9,00800,1,99,9,99,9",,,"99999,9,10103,1","9,9,999,9,-009,1",,,"SYN05843278 32597 52502 10340 20250 30103 40110 83401 333 59009=",
"43278099999","2023-10-10T09:00:00","4","13.0666666","80.2","7.0","NUMGAMBAKKAM, IN","FM-12","99999","V020","140,1,N,0010,1","22000,1,9,N","010000,1,9,9","+0320,1","+0258,1","10089,1",,,,,,"03,1,+00800,1,09,1","99,9,+99999,9,00,1",,,"9,AGL   ,+99999,+99999","04,99,1,03,1,99,9,00800,1,99,9,99,9",,,"99999,9,10082,1","9,9,999,9,-009,1",,,"SYN05843278 32597 41402 10320 20258 30082 40089 83301 333 59009=",
"43278099999","2023-10-10T12:00:00","4","13.0666666","80.2","7.0","NUMGAMBAKKAM, IN","FM-12","99999","V020","999,9,C,0000,1","99999,9,9,N","010000,1,9,9","+0302,1","+0251,1","10089,1",,,,,,"02,1,+00800,1,06,1","99,9,+99999,9,03,1","99,9,+99999,9,00,1",,"9,AGL   ,+99999,+99999","06,99,1,02,1,99,9,00800,1,99,9,99,9",,,"99999,9,10082,1","9,9,999,9,-016,1",,,"SYN06443278 32597 60000 10302 20251 30082 40089 82571 333 10344 59016=",
"43278099999","2023-10-10T15:00:00","4","13.0666666","80.2","7.0","NUMGAMBAKKAM, IN","FM-12","99999","V020","999,9,C,0000,1","99999,9,9,N","004000,1,9,9","+0292,1","+0252,1","10104,1",,,,,,"01,1,+00800,1,06,1","99,9,+99999,9,03,1","99,9,+99999,9,00,1",,"9,AGL   ,+99999,+99999","05,99,1,01,1,99,9,00800,1,99,9,99,9",,,"99999,9,10097,1","9,9,999,9,-012,1",,,"SYN05843278 32596 50000 10292 20252 30097 40104 81571 333 59012=",
"43278099999","2023-10-11T00:00:00","4","13.0666666","80.2","7.0","NUMGAMBAKKAM, IN","FM-12","99999","V020","230,1,N,0010,1","99999,9,9,N","004000,1,9,9","+0278,1","+0243,1","10095,1",,,,,,"03,1,+00800,1,06,1","99,9,+99999,9,04,1","99,9,+99999,9,00,1",,"9,AGL   ,+99999,+99999","07,99,1,03,1,99,9,00800,1,99,9,99,9",,,"99999,9,10088,1","9,9,999,9,-011,1",,,"SYN05843278 32596 72302 10278 20243 30088 40095 83511 333 59011=",
"43278099999","2023-10-11T03:00:00","4","13.0666666","80.2","7.0","NUMGAMBAKKAM, IN","FM-12","99999","V020","999,9,C,0000,1","22000,1,9,N","010000,1,9,9","+0300,1","+0255,1","10115,1",,,,,,"99,9,+99999,9,00,1",,,,"9,AGL   ,+99999,+99999","01,99,1,00,1,99,9,99999,9,99,9,99,9","240,M,+0344,1","240,N,+0268,1","99999,9,10108,1","9,9,999,9,-003,1",,,"SYN08043278 32997 10000 10300 20255 30108 40115 80001 333 10344 20268 59003 555 10037=","Q01    003SCCGA1"
"43278099999","2023-10-11T06:00:00","4","13.0666666","80.2","7.0","NUMGAMBAKKAM, IN","FM-12","99999","V020","140,1,N,0010,1","22000,1,9,N","010000,1,9,9","+0338,1","+0266,1","10107,1",,,,,,"03,1,+00800,1,06,1","99,9,+99999,9,00,1",,,"9,AGL   ,+99999,+99999","04,99,1,03,1,99,9,00800,1,99,9,99,9",,,"99999,9,10100,1","9,9,999,9,-003,1",,,"SYN05843278 32597 41402 10338 20266 30100 40107 83501 333 59003=",
"43278099999","2023-10-11T09:00:00","4","13.0666666","80.2","7.0","NUMGAMBAKKAM, IN","FM-12","99999","V020","180,1,N,0010,1","99999,9,9,N","010000,1,9,9","+0338,1","+0272,1","10082,1",,,,,,"03,1,+00800,1,09,1","99,9,+99999,9,03,1","99,9,+99999,9,00,1",,"9,AGL   ,+99999,+99999","05,99,1,03,1,99,9,00800,1,99,9,99,9",,,"99999,9,10075,1","9,9,999,9,-007,1",,,"SYN05843278 32597 51802 10338 20272 30075 40082 83931 333 59007=",
"43278099999","2023-10-11T12:00:00","4","13.0666666","80.2","7.0","NUMGAMBAKKAM, IN","FM-12","99999","V020","110,1,N,0010,1","22000,1,9,N","004000,1,9,9","+0302,1","+0269,1","10086,1",,,,,,"99,9,+99999,9,00,1",,,,"9,AGL   ,+99999,+99999","02,99,1,00,1,99,9,99999,9,99,9,99,9",,,"99999,9,10079,1","9,9,999,9,-003,1",,,"SYN06443278 32996 21102 10302 20269 30079 40086 80001 333 10344 59003=","Q01    003SCCGA1"
"43278099999","2023-10-11T15:00:00","4","13.0666666","80.2","7.0","NUMGAMBAKKAM, IN","FM-12","99999","V020","110,1,N,0010,1","22000,1,9,N","004000,1,9,9","+0288,1","+0266,1","10103,1",,,,,,"01,1,+00800,1,08,1","99,9,+99999,9,03,1","99,9,+99999,9,00,1",,"9,AGL   ,+99999,+99999","03,99,1,01,1,99,9,00800,1,99,9,99,9",,,"99999,9,10096,1","9,9,999,9,-001,1",,,"SYN05843278 32596 31102 10288 20266 30096 40103 81131 333 59001=",
"43278099999","2023-10-12T00:00:00","4","13.0666666","80.2","7.0","NUMGAMBAKKAM, IN","FM-12","99999","V020","999,9,C,0000,1","22000,1,9,N","004000,1,9,9","+0266,1","+0252,1","10107,1",,,,,,"02,1,+00800,1,08,1",,,,"9,AGL   ,+99999,+99999","02,99,1,02,1,99,9,00800,1,99,9,99,9",,,"99999,9,10102,1","9,9,999,9,+012,1",,,"SYN05843278 32596 20000 10266 20252 30102 40107 82100 333 58012=",
"43278099999","2023-10-12T03:00:00","4","13.0666666","80.2","7.0","NUMGAMBAKKAM, IN","FM-12","99999","V020","320,1,N,0005,1","99999,9,9,N","010000,1,9,9","+0304,1","+0262,1","10122,1",,,,,,"03,1,+00800,1,06,1","99,9,+99999,9,03,1","99,9,+99999,9,00,1",,"9,AGL   ,+99999,+99999","05,99,1,03,1,99,9,00800,1,99,9,99,9","240,M,+0344,1","240,N,+0261,1","99999,9,10115,1","9,9,999,9,+007,1",,,"SYN08043278 32597 53201 10304 20262 30115 40122 83531 333 10344 20261 58007 555 10037=",
"43278099999","2023-10-12T06:00:00","4","13.0666666","80.2","7.0","NUMGAMBAKKAM, IN","FM-12","99999","V020","070,1,N,0015,1","22000,1,9,N","010000,1,9,9","+0322,1","+0236,1","10122,1",,,,,,"02,1,+00800,1,06,1","99,9,+99999,9,00,1",,,"9,AGL   ,+99999,+99999","03,99,1,02,1,99,9,00800,1,99,9,99,9",,,"99999,9,10115,1","9,9,999,9,+015,1",,,"SYN05843278 32597 30703 10322 20236 30115 40122 82501 333 58015=",
"43278099999","2023-10-12T09:00:00","4","13.0666666","80.2","7.0","NUMGAMBAKKAM, IN","FM-12","99999","V020","140,1,N,0010,1","22000,1,9,N","010000,1,9,9","+0330,1","+0251,1","10105,1",,,,,,"01,1,+00800,1,06,1","99,9,+99999,9,03,1","99,9,+99999,9,00,1",,"9,AGL   ,+99999,+99999","03,99,1,01,1,99,9,00800,1,99,9,99,9",,,"99999,9,10098,1","9,9,999,9,+023,1",,,"SYN05843278 32597 31402 10330 20251 30098 40105 81531 333 58023=",
"43278099999","2023-10-12T12:00:00","4","13.0666666","80.2","7.0","NUMGAMBAKKAM, IN","FM-12","99999","V020","090,1,N,0010,1","22000,1,9,N","010000,1,9,9","+0296,1","+0241,1","10107,1",,,,,,"01,1,+00800,1,06,1","99,9,+99999,9,00,1",,,"9,AGL   ,+99999,+99999","03,99,1,01,1,99,9,00800,1,99,9,99,9",,,"99999,9,10100,1","9,9,999,9,+021,1",,,"SYN06443278 32597 30902 10296 20241 30100 40107 81501 333 10333 58021=",
"43278099999","2023-10-12T15:00:00","4","13.0666666","80.2","7.0","NUMGAMBAKKAM, IN","FM-12","99999","V020","050,1,N,0010,1","22000,1,9,N","004000,1,9,9","+0280,1","+0243,1","10128,1",,,,,,"99,9,+99999,9,00,1",,,,"9,AGL   ,+99999,+99999","01,99,1,00,1,99,9,99999,9,99,9,99,9",,,"99999,9,10121,1","9,9,999,9,+025,1",,,"SYN05843278 32996 10502 10280 20243 30121 40128 80001 333 58025=","Q01    003SCCGA1"
"43278099999","2023-10-13T00:00:00","4","13.0666666","80.2","7.0","NUMGAMBAKKAM, IN","FM-12","99999","V020","999,9,C,0000,1","22000,1,9,N","004000,1,9,9","+0258,1","+0246,1","10122,1",,,,,,"99,9,+99999,9,00,1",,,,"9,AGL   ,+99999,+99999","02,99,1,00,1,99,9,99999,9,99,9,99,9",,,"99999,9,10115,1","9,9,999,9,+013,1",,,"SYN05843278 32996 20000 10258 20246 30115 40122 80001 333 58013=","Q01    003SCCGA1"
"43278099999","2023-10-13T03:00:00","4","13.0666666","80.2","7.0","NUMGAMBAKKAM, IN","FM-12","99999","V020","999,9,C,0000,1","22000,1,9,N","004000,1,9,9","+0290,1","+0250,1","10140,1",,,,,,"99,9,+99999,9,00,1",,,,"9,AGL   ,+99999,+99999","01,99,1,00,1,99,9,99999,9,99,9,99,9","240,M,+0333,1","240,N,+0255,1","99999,9,10133,1","9,9,999,9,+018,1",,,"SYN08043278 32996 10000 10290 20250 30133 40140 80001 333 10333 20255 58018 555 10037=","Q01    003SCCGA1"
"43278099999","2023-10-13T06:00:00","4","13.0666666","80.2","7.0","NUMGAMBAKKAM, IN","FM-12","99999","V020","340,1,N,0010,1","99999,9,9,N","010000,1,9,9","+0316,1","+0251,1","10135,1",,,,,,"02,1,+00800,1,06,1","99,9,+99999,9,03,1","99,9,+99999,9,00,1",,"9,AGL   ,+99999,+99999","05,99,1,02,1,99,9,00800,1,99,9,99,9",,,"99999,9,10128,1","9,9,999,9,+013,1",,,"SYN05843278 32597 53402 10316 20251 30128 40135 82571 333 58013=",
"43278099999","2023-10-13T09:00:00","4","13.0666666","80.2","7.0","NUMGAMBAKKAM, IN","FM-12","99999","V020","050,1,N,0010,1","99999,9,9,N","010000,1,9,9","+0320,1","+0246,1","10110,1",,,,,,"02,1,+00800,1,06,1","99,9,+99999,9,03,1","99,9,+99999,9,00,1",,"9,AGL   ,+99999,+99999","05,99,1,02,1,99,9,00800,1,99,9,99,9",,,"99999,9,10103,1","9,9,999,9,+005,1",,,"SYN05843278 32597 50502 10320 20246 30103 40110 82531 333 58005=",
"43278099999","2023-10-13T12:00:00","4","13.0666666","80.2","7.0","NUMGAMBAKKAM, IN","FM-12","99999","V020","050,1,N,0015,1","22000,1,9,N","010000,1,9,9","+0294,1","+0239,1","10108,1",,,,,,"01,1,+00800,1,06,1","99,9,+99999,9,03,1","99,9,+99999,9,00,1",,"9,AGL   ,+99999,+99999","04,99,1,01,1,99,9,00800,1,99,9,99,9",,,"99999,9,10101,1","9,9,999,9,+001,1",,,"SYN06443278 32597 40503 10294 20239 30101 40108 81531 333 10330 58001=",
"43278099999","2023-10-13T15:00:00","4","13.0666666","80.2","7.0","NUMGAMBAKKAM, IN","FM-12","99999","V020","050,1,N,0015,1","99999,9,9,N","004000,1,9,9","+0288,1","+0248,1","10123,1",,,,,,"02,1,+00800,1,06,1","99,9,+99999,9,03,1","99,9,+99999,9,00,1",,"9,AGL   ,+99999,+99999","05,99,1,02,1,99,9,00800,1,99,9,99,9",,,"99999,9,10116,1","9,9,999,9,-005,1",,,"SYN05843278 32596 50503 10288 20248 30116 40123 82571 333 59005=",
"43278099999","2023-10-14T00:00:00","4","13.0666666","80.2","7.0","NUMGAMBAKKAM, IN","FM-12","99999","V020","999,9,C,0000,1","99999,9,9,N","004000,1,9,9","+0260,1","+0246,1","10119,1","21,0001,3,1","5,1,02,1","2,1,02,1",,,"02,1,+00800,1,06,1","99,9,+99999,9,03,1",,,"9,AGL   ,+99999,+99999","06,99,1,02,1,99,9,00800,1,99,9,99,9",,,"99999,9,10112,1","9,9,999,9,-003,1",,"02,1","SYN07043278 21596 60000 10260 20246 30112 40119 70252 8257/ 333 59003 6991/=",
"43278099999","2023-10-14T03:00:00","4","13.0666666","80.2","7.0","NUMGAMBAKKAM, IN","FM-12","99999","V020","999,9,C,0000,1","99999,9,9,N","004000,1,9,9","+0266,1","+0257,1","10143,1","24,0020,3,1","5,1,02,1","2,1,02,1",,,"04,1,+00800,1,06,1","99,9,+99999,9,03,1",,,"9,AGL   ,+99999,+99999","08,99,1,04,1,99,9,00800,1,99,9,99,9","240,M,+0330,1","240,N,+0257,1","99999,9,10136,1","9,9,999,9,+003,1",,"61,1","SYN09843278 21596 80000 10266 20257 30136 40143 76152 8457/ 333 10330 20257 58003 6002/ 555 00019 10039=",
"43278099999","2023-10-14T06:00:00","4","13.0666666","80.2","7.0","NUMGAMBAKKAM, IN","FM-12","99999","V020","340,1,N,0021,1","99999,9,9,N","010000,1,9,9","+0314,1","+0261,1","10126,1",,"6,1,02,1","5,1,02,1",,,"04,1,+00800,1,06,1","99,9,+99999,9,05,1",,,"9,AGL   ,+99999,+99999","07,99,1,04,1,99,9,00800,1,99,9,99,9",,,"99999,9,10119,1","9,9,999,9,-009,1",,"02,1","SYN06443278 31597 73404 10314 20261 30119 40126 70265 8452/ 333 59009=",
"43278099999","2023-10-14T09:00:00","4","13.0666666","80.2","7.0","NUMGAMBAKKAM, IN","FM-12","99999","V020","020,1,N,0021,1","99999,9,9,N","010000,1,9,9","+0308,1","+0251,1","10107,1",,,,,,"04,1,+00800,1,06,1","99,9,+99999,9,03,1",,,"9,AGL   ,+99999,+99999","06,99,1,04,1,99,9,00800,1,99,9,99,9",,,"99999,9,10100,1","9,9,999,9,-003,1",,,"SYN05843278 32597 60204 10308 20251 30100 40107 84470 333 59003=",
"43278099999","2023-10-14T12:00:00","4","13.0666666","80.2","7.0","NUMGAMBAKKAM, IN","FM-12","99999","V020","050,1,N,0010,1","99999,9,9,N","010000,1,9,9","+0288,1","+0248,1","10106,1",,,,,,"02,1,+00800,1,06,1","99,9,+99999,9,03,1","99,9,+99999,9,00,1",,"9,AGL   ,+99999,+99999","05,99,1,02,1,99,9,00800,1,99,9,99,9",,,"99999,9,10099,1","9,9,999,9,-002,1",,,"SYN06443278 32597 50502 10288 20248 30099 40106 82531 333 10325 59002=",
"43278099999","2023-10-14T15:00:00","4","13.0666666","80.2","7.0","NUMGAMBAKKAM, IN","FM-12","99999","V020","090,1,N,0005,1","22000,1,9,N","004000,1,9,9","+0280,1","+0257,1","10120,1",,,,,,"99,9,+99999,9,00,1",,,,"9,AGL   ,+99999,+99999","02,99,1,00,1,99,9,99999,9,99,9,99,9",,,"99999,9,10113,1","9,9,999,9,-003,1",,,"SYN05843278 32996 20901 10280 20257 30113 40120 80001 333 59003=","Q01    003SCCGA1"
"43278099999","2023-10-15T00:00:00","4","13.0666666","80.2","7.0","NUMGAMBAKKAM, IN","FM-12","99999","V020","999,9,C,0000,1","99999,9,9,N","004000,1,9,9","+0248,1","+0248,1","10112,1","21,0090,3,1","9,1,02,1","6,1,02,1",,,"05,1,+00800,1,09,1","99,9,+99999,9,05,1",,,"9,AGL   ,+99999,+99999","08,99,1,05,1,99,9,00800,1,99,9,99,9",,,"99999,9,10105,1","9,9,999,9,-007,1",,"29,1","SYN07043278 21596 80000 10248 20248 30105 40112 72996 8592/ 333 59007 6009/=",
"43278099999","2023-10-15T03:00:00","4","13.0666666","80.2","7.0","NUMGAMBAKKAM, IN","FM-12","99999","V020","999,9,C,0000,1","99999,9,9,N","004000,1,9,9","+0260,1","+0257,1","10122,1","24,0110,3,1","6,1,02,1","5,1,02,1",,,"03,1,+00800,1,06,1","99,9,+99999,9,04,1","99,9,+99999,9,00,1",,"9,AGL   ,+99999,+99999","07,99,1,03,1,99,9,00800,1,99,9,99,9","240,M,+0325,1","240,N,+0245,1","99999,9,10115,1","9,9,999,9,-021,1",,"20,1","SYN09843278 21596 70000 10260 20257 30115 40122 72065 83511 333 10325 20245 59021 6011/ 555 00113 10051=",
"43278099999","2023-10-15T06:00:00","4","13.0666666","80.2","7.0","NUMGAMBAKKAM, IN","FM-12","99999","V020","999,9,V,0005,1","99999,9,9,N","010000,1,9,9","+0295,1","+0251,1","10115,1",,"6,1,02,1","5,1,02,1",,,"04,1,+02250,1,04,1","99,9,+99999,9,00,1",,,"9,AGL   ,+99999,+99999","06,99,1,04,1,99,9,02250,1,99,9,99,9",,,"99999,9,10108,1","9,9,999,9,-011,1",,"01,1","SYN06443278 31897 69901 10295 20251 30108 40115 70165 84011 333 59011=",
"43278099999","2023-10-15T09:00:00","4","13.0666666","80.2","7.0","NUMGAMBAKKAM, IN","FM-12","99999","V020","050,1,N,0010,1","22000,1,9,N","010000,1,9,9","+0322,1","+0284,1","10088,1",,,,,,"99,9,+00800,1,00,1",,,,"9,AGL   ,+99999,+99999","02,99,1,00,1,99,9,00800,1,99,9,99,9",,,"99999,9,10081,1","9,9,999,9,-019,1",,,"SYN05843278 32597 20502 10322 20284 30081 40088 80001 333 59019=","Q01    003SCCGA1"
"43278099999","2023-10-15T12:00:00","4","13.0666666","80.2","7.0","NUMGAMBAKKAM, IN","FM-12","99999","V020","050,1,N,0010,1","22000,1,9,N","010000,1,9,9","+0294,1","+0254,1","10088,1",,,,,,"01,1,+00800,1,06,1","99,9,+99999,9,00,1",,,"9,AGL   ,+99999,+99999","03,99,1,01,1,99,9,00800,1,99,9,99,9",,,"99999,9,10081,1","9,9,999,9,-018,1",,,"SYN06443278 32597 30502 10294 20254 30081 40088 81501 333 10328 59018=",
"43278099999","2023-10-15T15:00:00","4","13.0666666","80.2","7.0","NUMGAMBAKKAM, IN","FM-12","99999","V020","999,9,C,0000,1","22000,1,9,N","004000,1,9,9","+0278,1","+0252,1","10108,1",,,,,,"99,9,+99999,9,00,1",,,,"9,AGL   ,+99999,+99999","02,99,1,00,1,99,9,99999,9,99,9,99,9",,,"99999,9,10101,1","9,9,999,9,-012,1",,,"SYN05843278 32996 20000 10278 20252 30101 40108 80001 333 59012=","Q01    003SCCGA1"
"43278099999","2023-10-16T00:00:00","4","13.0666666","80.2","7.0","NUMGAMBAKKAM, IN","FM-12","99999","V020","999,9,C,0000,1","22000,1,9,N","004000,1,9,9","+0266,1","+0255,1","10093,1",,,,,,"02,1,+00800,1,06,1",,,,"9,AGL   ,+99999,+99999","02,99,1,02,1,99,9,00800,1,99,9,99,9",,,"99999,9,10086,1","9,9,999,9,-019,1",,,"SYN05843278 32596 20000 10266 20255 30086 40093 82500 333 59019=",
"43278099999","2023-10-16T03:00:00","4","13.0666666","80.2","7.0","NUMGAMBAKKAM, IN","FM-12","99999","V020","999,9,C,0000,1","99999,9,9,N","010000,1,9,9","+0304,1","+0265,1","10119,1","24,0002,3,1","5,1,02,1","2,1,02,1",,,"03,1,+00800,1,06,1","99,9,+99999,9,03,1","99,9,+99999,9,00,1",,"9,AGL   ,+99999,+99999","06,99,1,03,1,99,9,00800,1,99,9,99,9","240,M,+0328,1","240,N,+0263,1","99999,9,10112,1","9,9,999,9,-003,1",,"02,1","SYN09843278 21597 60000 10304 20265 30112 40119 70252 83471 333 10328 20263 59003 6992/ 555 00002 10051=",
"43278099999","2023-10-16T06:00:00","4","13.0666666","80.2","7.0","NUMGAMBAKKAM, IN","FM-12","99999","V020","140,1,N,0010,1","99999,9,9,N","010000,1,9,9","+0328,1","+0270,1","10114,1",,,,,,"01,1,+00800,1,09,1","99,9,+99999,9,03,1","99,9,+99999,9,00,1",,"9,AGL   ,+99999,+99999","06,99,1,01,1,99,9,00800,1,99,9,99,9",,,"99999,9,10107,1","9,9,999,9,-001,1",,,"SYN05843278 32597 61402 10328 20270 30107 40114 81331 333 59001=",
"43278099999","2023-10-16T09:00:00","4","13.0666666","80.2","7.0","NUMGAMBAKKAM, IN","FM-12","99999","V020","110,1,N,0010,1","99999,9,9,N","010000,1,9,9","+0310,1","+0254,1","10095,1",,,,,,"03,1,+00800,1,09,1","99,9,+99999,9,03,1","99,9,+99999,9,02,1",,"9,AGL   ,+99999,+99999","07,99,1,03,1,99,9,00800,1,99,9,99,9",,,"99999,9,10088,1","9,9,999,9,+007,1",,,"SYN05843278 32597 71102 10310 20254 30088 40095 83368 333 58007=",
"43278099999","2023-10-16T12:00:00","4","13.0666666","80.2","7.0","NUMGAMBAKKAM, IN","FM-12","99999","V020","090,1,N,0010,1","99999,9,9,N","004000,1,9,9","+0296,1","+0254,1","10095,1",,"2,1,02,1","1,1,02,1",,,"04,1,+00800,1,08,1","99,9,+99999,9,03,1","99,9,+99999,9,02,1",,"9,AGL   ,+99999,+99999","07,99,1,04,1,99,9,00800,1,99,9,99,9",,,"99999,9,10088,1","9,9,999,9,+007,1",,"01,1","SYN07043278 31596 70902 10296 20254 30088 40095 70121 84878 333 10332 58007=",
"43278099999","2023-10-16T15:00:00","4","13.0666666","80.2","7.0","NUMGAMBAKKAM, IN","FM-12","99999","V020","090,1,N,0010,1","22000,1,9,N","004000,1,9,9","+0282,1","+0254,1","10106,1","12,0002,3,1",,,,,"02,1,+00800,1,06,1","99,9,+99999,9,03,1","99,9,+99999,9,02,1",,"9,AGL   ,+99999,+99999","04,99,1,02,1,99,9,00800,1,99,9,99,9",,,"99999,9,10099,1","9,9,999,9,-002,1",,,"SYN06443278 22596 40902 10282 20254 30099 40106 82438 333 59002 6992/=",
"43278099999","2023-10-17T00:00:00","4","13.0666666","80.2","7.0","NUMGAMBAKKAM, IN","FM-12","99999","V020","999,9,C,0000,1","22000,1,9,N","004000,1,9,9","+0264,1","+0250,1","10113,1","21,0002,3,1",,,,,"01,1,+01750,1,03,1","99,9,+99999,9,00,1",,,"9,AGL   ,+99999,+99999","03,99,1,01,1,99,9,01750,1,99,9,99,9",,,"99999,9,10106,1","9,9,999,9,+020,1",,,"SYN06443278 22796 30000 10264 20250 30106 40113 81031 333 58020 6992/=",
"43278099999","2023-10-17T03:00:00","4","13.0666666","80.2","7.0","NUMGAMBAKKAM, IN","FM-12","99999","V020","320,1,N,0015,1","99999,9,9,N","010000,1,9,9","+0302,1","+0250,1","10124,1","24,0002,3,1",,,,,"03,1,+00800,1,06,1","99,9,+99999,9,00,1",,,"9,AGL   ,+99999,+99999","05,99,1,03,1,99,9,00800,1,99,9,99,9","240,M,+0332,1","240,N,+0257,1","99999,9,10117,1","9,9,999,9,+005,1",,,"SYN09243278 22597 53203 10302 20250 30117 40124 83501 333 10332 20257 58005 6992/ 555 00002 10051=",
"43278099999","2023-10-17T06:00:00","4","13.0666666","80.2","7.0","NUMGAMBAKKAM, IN","FM-12","99999","V020","070,1,N,0021,1","99999,9,9,N","010000,1,9,9","+0324,1","+0244,1","10134,1",,,,,,"02,1,+00800,1,06,1","99,9,+99999,9,03,1","99,9,+99999,9,00,1",,"9,AGL   ,+99999,+99999","05,99,1,02,1,99,9,00800,1,99,9,99,9",,,"99999,9,10127,1","9,9,999,9,+020,1",,,"SYN05843278 32597 50704 10324 20244 30127 40134 82531 333 58020=",
"43278099999","2023-10-17T09:00:00","4","13.0666666","80.2","7.0","NUMGAMBAKKAM, IN","FM-12","99999","V020","050,1,N,0015,1","99999,9,9,N","010000,1,9,9","+0316,1","+0248,1","10104,1",,,,,,"02,1,+00800,1,06,1","99,9,+99999,9,03,1","99,9,+99999,9,00,1",,"9,AGL   ,+99999,+99999","05,99,1,02,1,99,9,00800,1,99,9,99,9",,,"99999,9,10097,1","9,9,999,9,+009,1",,,"SYN05843278 32597 50503 10316 20248 30097 40104 82431 333 58009=",
"43278099999","2023-10-17T12:00:00","4","13.0666666","80.2","7.0","NUMGAMBAKKAM, IN","FM-12","99999","V020","050,1,N,0010,1","22000,1,9,N","010000,1,9,9","+0296,1","+0229,1","10103,1",,,,,,"99,9,+99999,9,00,1",,,,"9,AGL   ,+99999,+99999","01,99,1,00,1,99,9,99999,9,99,9,99,9",,,"99999,9,10096,1","9,9,999,9,+008,1",,,"SYN06443278 32997 10502 10296 20229 30096 40103 80001 333 10331 58008=","Q01    003SCCGA1"
"43278099999","2023-10-17T15:00:00","4","13.0666666","80.2","7.0","NUMGAMBAKKAM, IN","FM-12","99999","V020","050,1,N,0010,1","22000,1,9,N","004000,1,9,9","+0280,1","+0239,1","10121,1",,,,,,"99,9,+99999,9,00,1",,,,"9,AGL   ,+99999,+99999","01,99,1,00,1,99,9,99999,9,99,9,99,9",,,"99999,9,10114,1","9,9,999,9,+015,1",,,"SYN05843278 32996 10502 10280 20239 30114 40121 80001 333 58015=","Q01    003SCCGA1"
"43278099999","2023-10-18T00:00:00","4","13.0666666","80.2","7.0","NUMGAMBAKKAM, IN","FM-12","99999","V020","999,9,C,0000,1","22000,1,9,N","004000,1,9,9","+0258,1","+0235,1","10117,1",,,,,,"01,1,+00800,1,06,1","99,9,+99999,9,04,1","99,9,+99999,9,00,1",,"9,AGL   ,+99999,+99999","03,99,1,01,1,99,9,00800,1,99,9,99,9",,,"99999,9,10110,1","9,9,999,9,+004,1",,,"SYN05843278 32596 30000 10258 20235 30110 40117 81511 333 58004=",
"43278099999","2023-10-18T03:00:00","4","13.0666666","80.2","7.0","NUMGAMBAKKAM, IN","FM-12","99999","V020","340,1,N,0010,1","22000,1,9,N","004000,1,9,9","+0296,1","+0248,1","10131,1",,,,,,"02,1,+00800,1,06,1","99,9,+99999,9,04,1","99,9,+99999,9,00,1",,"9,AGL   ,+99999,+99999","04,99,1,02,1,99,9,00800,1,99,9,99,9","240,M,+0331,1","240,N,+0258,1","99999,9,10124,1","9,9,999,9,+007,1",,,"SYN08043278 32596 43402 10296 20248 30124 40131 82511 333 10331 20258 58007 555 10051=",
"43278099999","2023-10-18T06:00:00","4","13.0666666","80.2","7.0","NUMGAMBAKKAM, IN","FM-12","99999","V020","050,1,N,0021,1","22000,1,9,N","010000,1,9,9","+0320,1","+0217,1","10131,1",,,,,,"02,1,+00800,1,06,1","99,9,+99999,9,03,1","99,9,+99999,9,00,1",,"9,AGL   ,+99999,+99999","04,99,1,02,1,99,9,00800,1,99,9,99,9",,,"99999,9,10124,1","9,9,999,9,-003,1",,,"SYN05843278 32597 40504 10320 20217 30124 40131 82531 333 59003=",
"43278099999","2023-10-18T09:00:00","4","13.0666666","80.2","7.0","NUMGAMBAKKAM, IN","FM-12","99999","V020","320,1,N,0015,1","22000,1,9,N","010000,1,9,9","+0324,1","+0225,1","10108,1",,,,,,"01,1,+00800,1,06,1","99,9,+99999,9,00,1",,,"9,AGL   ,+99999,+99999","02,99,1,01,1,99,9,00800,1,99,9,99,9",,,"99999,9,10101,1","9,9,999,9,+004,1",,,"SYN05843278 32597 23203 10324 20225 30101 40108 81501 333 58004=",
"43278099999","2023-10-18T12:00:00","4","13.0666666","80.2","7.0","NUMGAMBAKKAM, IN","FM-12","99999","V020","020,1,N,0021,1","22000,1,9,N","010000,1,9,9","+0298,1","+0228,1","10102,1",,,,,,"01,1,+00800,1,06,1","99,9,+99999,9,00,1",,,"9,AGL   ,+99999,+99999","02,99,1,01,1,99,9,00800,1,99,9,99,9",,,"99999,9,10095,1","9,9,999,9,-001,1",,,"SYN06443278 32597 20204 10298 20228 30095 40102 81501 333 10329 59001=",
"43278099999","2023-10-18T15:00:00","4","13.0666666","80.2","7.0","NUMGAMBAKKAM, IN","FM-12","99999","V020","999,9,C,0000,1","22000,1,9,N","004000,1,9,9","+0274,1","+0245,1","10123,1",,,,,,"99,9,+99999,9,00,1",,,,"9,AGL   ,+99999,+99999","01,99,1,00,1,99,9,99999,9,99,9,99,9",,,"99999,9,10116,1","9,9,999,9,+002,1",,,"SYN05843278 32996 10000 10274 20245 30116 40123 80001 333 58002=","Q01    003SCCGA1"
"43278099999","2023-10-19T00:00:00","4","13.0666666","80.2","7.0","NUMGAMBAKKAM, IN","FM-12","99999","V020","999,9,C,0000,1","22000,1,9,N","004000,1,9,9","+0264,1","+0235,1","10104,1",,,,,,"99,9,+99999,9,00,1",,,,"9,AGL   ,+99999,+99999","01,99,1,00,1,99,9,99999,9,99,9,99,9",,,"99999,9,10097,1","9,9,999,9,-013,1",,,"SYN05843278 32996 10000 10264 20235 30097 40104 80001 333 59013=","Q01    003SCCGA1"
"43278099999","2023-10-19T03:00:00","4","13.0666666","80.2","7.0","NUMGAMBAKKAM, IN","FM-12","99999","V020","320,1,N,0010,1","22000,1,9,N","004000,1,9,9","+0290,1","+0247,1","10136,1",,,,,,"99,9,+99999,9,00,1",,,,"9,AGL   ,+99999,+99999","01,99,1,00,1,99,9,99999,9,99,9,99,9","240,M,+0329,1","240,N,+0259,1","99999,9,10129,1","9,9,999,9,+005,1",,,"SYN08043278 32996 13202 10290 20247 30129 40136 80001 333 10329 20259 58005 555 10051=","Q01    003SCCGA1"
"43278099999","2023-10-19T06:00:00","4","13.0666666","80.2","7.0","NUMGAMBAKKAM, IN","FM-12","99999","V020","050,1,N,0010,1","22000,1,9,N","010000,1,9,9","+0330,1","+0232,1","10133,1",,,,,,"02,1,+00800,1,06,1","99,9,+99999,9,00,1",,,"9,AGL   ,+99999,+99999","03,99,1,02,1,99,9,00800,1,99,9,99,9",,,"99999,9,10126,1","9,9,999,9,+002,1",,,"SYN05843278 32597 30502 10330 20232 30126 40133 82501 333 58002=",
"43278099999","2023-10-19T09:00:00","4","13.0666666","80.2","7.0","NUMGAMBAKKAM, IN","FM-12","99999","V020","090,1,N,0010,1","99999,9,9,N","010000,1,9,9","+0316,1","+0251,1","10110,1",,,,,,"03,1,+00800,1,06,1","99,9,+99999,9,00,1",,,"9,AGL   ,+99999,+99999","06,99,1,03,1,99,9,00800,1,99,9,99,9",,,"99999,9,10103,1","9,9,999,9,+002,1",,,"SYN05843278 32597 60902 10316 20251 30103 40110 83401 333 58002=",
"43278099999","2023-10-19T12:00:00","4","13.0666666","80.2","7.0","NUMGAMBAKKAM, IN","FM-12","99999","V020","020,1,N,0015,1","99999,9,9,N","010000,1,9,9","+0296,1","+0241,1","10107,1",,,,,,"03,1,+00800,1,06,1","99,9,+99999,9,00,1",,,"9,AGL   ,+99999,+99999","05,99,1,03,1,99,9,00800,1,99,9,99,9",,,"99999,9,10100,1","9,9,999,9,+005,1",,,"SYN06443278 32597 50203 10296 20241 30100 40107 83401 333 10338 58005=",
"43278099999","2023-10-19T15:00:00","4","13.0666666","80.2","7.0","NUMGAMBAKKAM, IN","FM-12","99999","V020","090,1,N,0010,1","22000,1,9,N","004000,1,9,9","+0282,1","+0242,1","10119,1",,,,,,"99,9,+99999,9,00,1",,,,"9,AGL   ,+99999,+99999","02,99,1,00,1,99,9,99999,9,99,9,99,9",,,"99999,9,10112,1","9,9,999,9,-004,1",,,"SYN05843278 32996 20902 10282 20242 30112 40119 80001 333 59004=","Q01    003SCCGA1"
"43278099999","2023-10-20T00:00:00","4","13.0666666","80.2","7.0","NUMGAMBAKKAM, IN","FM-12","99999","V020","999,9,C,0000,1","22000,1,9,N","004000,1,9,9","+0250,1","+0235,1","10119,1",,,,,,"99,9,+99999,9,00,1",,,,"9,AGL   ,+99999,+99999","01,99,1,00,1,99,9,99999,9,99,9,99,9",,,"99999,9,10112,1","9,9,999,9,+015,1",,,"SYN05843278 32996 10000 10250 20235 30112 40119 80001 333 58015=","Q01    003SCCGA1"
"43278099999","2023-10-20T03:00:00","4","13.0666666","80.2","7.0","NUMGAMBAKKAM, IN","FM-12","99999","V020","999,9,C,0000,1","22000,1,9,N","010000,1,9,9","+0294,1","+0242,1","10135,1",,,,,,"99,9,+99999,9,00,1",,,,"9,AGL   ,+99999,+99999","02,99,1,00,1,99,9,99999,9,99,9,99,9","240,M,+0338,1","240,N,+0249,1","99999,9,10128,1","9,9,999,9,-001,1",,,"SYN08043278 32997 20000 10294 20242 30128 40135 80001 333 10338 20249 59001 555 10051=","Q01    003SCCGA1"
"43278099999","2023-10-20T06:00:00","4","13.0666666","80.2","7.0","NUMGAMBAKKAM, IN","FM-12","99999","V020","090,1,N,0010,1","22000,1,9,N","010000,1,9,9","+0332,1","+0196,1","10126,1",,,,,,"01,1,+00800,1,06,1","99,9,+99999,9,00,1",,,"9,AGL   ,+99999,+99999","03,99,1,01,1,99,9,00800,1,99,9,99,9",,,"99999,9,10119,1","9,9,999,9,-007,1",,,"SYN05843278 32597 30902 10332 20196 30119 40126 81501 333 59007=",
"43278099999","2023-10-20T09:00:00","4","13.0666666","80.2","7.0","NUMGAMBAKKAM, IN","FM-12","99999","V020","050,1,N,0010,1","22000,1,9,N","010000,1,9,9","+0330,1","+0238,1","10104,1",,,,,,"02,1,+00800,1,06,1","99,9,+99999,9,00,1",,,"9,AGL   ,+99999,+99999","03,99,1,02,1,99,9,00800,1,99,9,99,9",,,"99999,9,10097,1","9,9,999,9,-006,1",,,"SYN05843278 32597 30502 10330 20238 30097 40104 82501 333 59006=",
"43278099999","2023-10-20T12:00:00","4","13.0666666","80.2","7.0","NUMGAMBAKKAM, IN","FM-12","99999","V020","050,1,N,0010,1","22000,1,9,N","010000,1,9,9","+0302,1","+0232,1","10104,1",,,,,,"01,1,+01750,1,03,1","99,9,+99999,9,00,1",,,"9,AGL   ,+99999,+99999","02,99,1,01,1,99,9,01750,1,99,9,99,9",,,"99999,9,10097,1","9,9,999,9,-003,1",,,"SYN06443278 32797 20502 10302 20232 30097 40104 81031 333 10341 59003=",
"43278099999","2023-10-21T00:00:00","4","13.0666666","80.2","7.0","NUMGAMBAKKAM, IN","FM-12","99999","V020","999,9,C,0000,1","99999,9,9,N","004000,1,9,9","+0238,1","+0238,1","10113,1","21,0210,3,1","9,1,02,1","6,1,02,1",,,"03,1,+00450,1,09,1","99,9,+99999,9,05,1","99,9,+99999,9,00,1",,"9,AGL   ,+99999,+99999","07,99,1,03,1,99,9,00450,1,99,9,99,9",,,"99999,9,10106,1","9,9,999,9,-006,1",,"95,1","SYN07043278 21496 70000 10238 20238 30106 40113 79596 83922 333 59006 6021/=",
"43278099999","2023-10-21T03:00:00","4","13.0666666","80.2","7.0","NUMGAMBAKKAM, IN","FM-12","99999","V020","999,9,C,0000,1","99999,9,9,N","004000,1,9,9","+0246,1","+0243,1","10140,1","24,0260,3,1","6,1,02,1","2,1,02,1",,,"04,1,+00800,1,06,1","99,9,+99999,9,03,1",,,"9,AGL   ,+99999,+99999","08,99,1,04,1,99,9,00800,1,99,9,99,9","240,M,+0341,1","240,N,+0238,1","99999,9,10133,1","9,9,999,9,+005,1",,"50,1","SYN09843278 21596 80000 10246 20243 30133 40140 75062 8447/ 333 10341 20238 58005 6026/ 555 00256 10077=",
"43278099999","2023-10-21T06:00:00","4","13.0666666","80.2","7.0","NUMGAMBAKKAM, IN","FM-12","99999","V020","999,9,C,0000,1","99999,9,9,N","004000,1,9,9","+0296,1","+0262,1","10129,1",,"5,1,02,1","2,1,02,1",,,"02,1,+00800,1,06,1","99,9,+99999,9,03,1","99,9,+99999,9,00,1",,"9,AGL   ,+99999,+99999","07,99,1,02,1,99,9,00800,1,99,9,99,9",,,"99999,9,10122,1","9,9,999,9,+003,1",,"02,1","SYN06443278 31596 70000 10296 20262 30122 40129 70252 82571 333 58003=",
"43278099999","2023-10-21T09:00:00","4","13.0666666","80.2","7.0","NUMGAMBAKKAM, IN","FM-12","99999","V020","050,1,N,0010,1","99999,9,9,N","010000,1,9,9","+0314,1","+0252,1","10113,1",,,,,,"03,1,+00800,1,08,1","99,9,+99999,9,03,1","99,9,+99999,9,02,1",,"9,AGL   ,+99999,+99999","08,99,1,03,1,99,9,00800,1,99,9,99,9",,,"99999,9,10106,1","9,9,999,9,+009,1",,,"SYN05843278 32597 80502 10314 20252 30106 40113 83876 333 58009=",
"43278099999","2023-10-21T12:00:00","4","13.0666666","80.2","7.0","NUMGAMBAKKAM, IN","FM-12","99999","V020","050,1,N,0010,1","99999,9,9,N","010000,1,9,9","+0296,1","+0248,1","10115,1",,,,,,"03,1,+00800,1,08,1","99,9,+99999,9,03,1","99,9,+99999,9,02,1",,"9,AGL   ,+99999,+99999","07,99,1,03,1,99,9,00800,1,99,9,99,9",,,"99999,9,10108,1","9,9,999,9,+011,1",,,"SYN06443278 32597 70502 10296 20248 30108 40115 83876 333 10315 58011=",
"43278099999","2023-10-21T15:00:00","4","13.0666666","80.2","7.0","NUMGAMBAKKAM, IN","FM-12","99999","V020","999,9,C,0000,1","22000,1,9,N","004000,1,9,9","+0272,1","+0258,1","10129,1",,"5,1,02,1","2,1,02,1",,,"02,1,+00800,1,06,1","99,9,+99999,9,04,1","99,9,+99999,9,00,1",,"9,AGL   ,+99999,+99999","04,99,1,02,1,99,9,00800,1,99,9,99,9",,,"99999,9,10122,1","9,9,999,9,+004,1",,"01,1","SYN06443278 31596 40000 10272 20258 30122 40129 70152 82511 333 58004=",
"43278099999","2023-10-22T00:00:00","4","13.0666666","80.2","7.0","NUMGAMBAKKAM, IN","FM-12","99999","V020","320,1,N,0015,1","99999,9,9,N","002000,1,9,9","+0258,1","+0255,1","10123,1","21,0090,3,1","6,1,02,1","5,1,02,1",,,"02,1,+00800,1,09,1","99,9,+99999,9,05,1",,,"9,AGL   ,+99999,+99999","07,99,1,02,1,99,9,00800,1,99,9,99,9",,,"99999,9,10116,1","9,9,999,9,+010,1",,"62,1","SYN07043278 21595 73203 10258 20255 30116 40123 76265 82920 333 58010 6009/=",
"43278099999","2023-10-22T03:00:00","4","13.0666666","80.2","7.0","NUMGAMBAKKAM, IN","FM-12","99999","V020","320,1,N,0010,1","22000,1,9,N","010000,1,9,9","+0286,1","+0258,1","10138,1","24,0090,3,1",,,,,"02,1,+00800,1,06,1","99,9,+99999,9,03,1","99,9,+99999,9,00,1",,"9,AGL   ,+99999,+99999","04,99,1,02,1,99,9,00800,1,99,9,99,9","240,M,+0315,1","240,N,+0249,1","99999,9,10131,1","9,9,999,9,-002,1",,,"SYN09243278 22597 43202 10286 20258 30131 40138 82431 333 10315 20249 59002 6009/ 555 00087 10085=",
"43278099999","2023-10-22T06:00:00","4","13.0666666","80.2","7.0","NUMGAMBAKKAM, IN","FM-12","99999","V020","050,1,N,0010,1","99999,9,9,N","010000,1,9,9","+0318,1","+0253,1","10129,1",,,,,,"01,1,+00800,1,09,1","99,9,+99999,9,03,1","99,9,+99999,9,00,1",,"9,AGL   ,+99999,+99999","06,99,1,01,1,99,9,00800,1,99,9,99,9",,,"99999,9,10122,1","9,9,999,9,+000,1",,,"SYN05843278 32597 60502 10318 20253 30122 40129 81331 333 58000=",
"43278099999","2023-10-22T09:00:00","4","13.0666666","80.2","7.0","NUMGAMBAKKAM, IN","FM-12","99999","V020","340,1,N,0021,1","22000,1,9,N","010000,1,9,9","+0324,1","+0238,1","10111,1",,,,,,"01,1,+00800,1,06,1","99,9,+99999,9,03,1","99,9,+99999,9,00,1",,"9,AGL   ,+99999,+99999","04,99,1,01,1,99,9,00800,1,99,9,99,9",,,"99999,9,10104,1","9,9,999,9,-002,1",,,"SYN05843278 32597 43404 10324 20238 30104 40111 81531 333 59002=",
"43278099999","2023-10-22T12:00:00","4","13.0666666","80.2","7.0","NUMGAMBAKKAM, IN","FM-12","99999","V020","070,1,N,0021,1","22000,1,9,N","010000,1,9,9","+0304,1","+0231,1","10106,1",,,,,,"01,1,+01750,1,03,1","99,9,+99999,9,00,1",,,"9,AGL   ,+99999,+99999","02,99,1,01,1,99,9,01750,1,99,9,99,9",,,"99999,9,10099,1","9,9,999,9,-009,1",,,"SYN06443278 32797 20704 10304 20231 30099 40106 81031 333 10332 59009=",
"43278099999","2023-10-22T15:00:00","4","13.0666666","80.2","7.0","NUMGAMBAKKAM, IN","FM-12","99999","V020","999,9,C,0000,1","22000,1,9,N","004000,1,9,9","+0270,1","+0247,1","10116,1",,,,,,"99,9,+99999,9,00,1",,,,"9,AGL   ,+99999,+99999","01,99,1,00,1,99,9,99999,9,99,9,99,9",,,"99999,9,10109,1","9,9,999,9,-013,1",,,"SYN05843278 32996 10000 10270 20247 30109 40116 80001 333 59013=","Q01    003SCCGA1"
"43278099999","2023-10-23T00:00:00","4","13.0666666","80.2","7.0","NUMGAMBAKKAM, IN","FM-12","99999","V020","200,1,N,0010,1","22000,1,9,N","004000,1,9,9","+0254,1","+0245,1","10115,1",,"0,1,02,1","0,1,02,1",,,"99,9,+99999,9,00,1",,,,"9,AGL   ,+99999,+99999","01,99,1,00,1,99,9,99999,9,99,9,99,9",,,"99999,9,10108,1","9,9,999,9,-008,1",,"10,1","SYN06443278 31996 12002 10254 20245 30108 40115 71000 80001 333 59008=","Q01    003SCCGA1"
"43278099999","2023-10-23T03:00:00","4","13.0666666","80.2","7.0","NUMGAMBAKKAM, IN","FM-12","99999","V020","250,1,N,0010,1","22000,1,9,N","010000,1,9,9","+0290,1","+0241,1","10130,1",,,,,,"01,1,+00800,1,06,1",,,,"9,AGL   ,+99999,+99999","01,99,1,01,1,99,9,00800,1,99,9,99,9","240,M,+0332,1","240,N,+0252,1","99999,9,10123,1","9,9,999,9,-008,1",,,"SYN08043278 32597 12502 10290 20241 30123 40130 81400 333 10332 20252 59008 555 10085=",
"43278099999","2023-10-23T06:00:00","4","13.0666666","80.2","7.0","NUMGAMBAKKAM, IN","FM-12","99999","V020","290,1,N,0021,1","99999,9,9,N","010000,1,9,9","+0331,1","+0200,1","10118,1",,,,,,"03,1,+00800,1,06,1","99,9,+99999,9,03,1","99,9,+99999,9,00,1",,"9,AGL   ,+99999,+99999","05,99,1,03,1,99,9,00800,1,99,9,99,9",,,"99999,9,10111,1","9,9,999,9,-011,1",,,"SYN05843278 32597 52904 10331 20200 30111 40118 83431 333 59011=",
"43278099999","2023-10-23T09:00:00","4","13.0666666","80.2","7.0","NUMGAMBAKKAM, IN","FM-12","99999","V020","140,1,N,0010,1","22000,1,9,N","010000,1,9,9","+0332,1","+0185,1","10095,1",,,,,,"02,1,+00800,1,06,1","99,9,+99999,9,00,1",,,"9,AGL   ,+99999,+99999","03,99,1,02,1,99,9,00800,1,99,9,99,9",,,"99999,9,10088,1","9,9,999,9,-016,1",,,"SYN05843278 32597 31402 10332 20185 30088 40095 82401 333 59016=",
"43278099999","2023-10-23T12:00:00","4","13.0666666","80.2","7.0","NUMGAMBAKKAM, IN","FM-12","99999","V020","050,1,N,0010,1","22000,1,9,N","010000,1,9,9","+0296,1","+0177,1","10096,1",,,,,,"99,9,+99999,9,00,1",,,,"9,AGL   ,+99999,+99999","01,99,1,00,1,99,9,99999,9,99,9,99,9",,,"99999,9,10089,1","9,9,999,9,-010,1",,,"SYN06443278 32997 10502 10296 20177 30089 40096 80001 333 10349 59010=","Q01    003SCCGA1"
"43278099999","2023-10-23T15:00:00","4","13.0666666","80.2","7.0","NUMGAMBAKKAM, IN","FM-12","99999","V020","999,9,C,0000,1","22000,1,9,N","004000,1,9,9","+0264,1","+0213,1","10114,1",,,,,,"99,9,+99999,9,00,1",,,,"9,AGL   ,+99999,+99999","02,99,1,00,1,99,9,99999,9,99,9,99,9",,,"99999,9,10107,1","9,9,999,9,-002,1",,,"SYN05843278 32996 20000 10264 20213 30107 40114 80001 333 59002=","Q01    003SCCGA1"
"43278099999","2023-10-24T00:00:00","4","13.0666666","80.2","7.0","NUMGAMBAKKAM, IN","FM-12","99999","V020","999,9,C,0000,1","22000,1,9,N","004000,1,9,9","+0236,1","+0218,1","10107,1",,,,,,"99,9,+99999,9,00,1",,,,"9,AGL   ,+99999,+99999","01,99,1,00,1,99,9,99999,9,99,9,99,9",,,"99999,9,10100,1","9,9,999,9,-008,1",,,"SYN05843278 32996 10000 10236 20218 30100 40107 80001 333 59008=","Q01    003SCCGA1"
"43278099999","2023-10-24T03:00:00","4","13.0666666","80.2","7.0","NUMGAMBAKKAM, IN","FM-12","99999","V020","290,1,N,0005,1","22000,1,9,N","010000,1,9,9","+0288,1","+0226,1","10137,1",,,,,,"99,9,+99999,9,00,1",,,,"9,AGL   ,+99999,+99999","02,99,1,00,1,99,9,99999,9,99,9,99,9","240,M,+0349,1","240,N,+0233,1","99999,9,10130,1","9,9,999,9,+007,1",,,"SYN08043278 32997 22901 10288 20226 30130 40137 80001 333 10349 20233 58007 555 10085=","Q01    003SCCGA1"
"43278099999","2023-10-24T06:00:00","4","13.0666666","80.2","7.0","NUMGAMBAKKAM, IN","FM-12","99999","V020","360,1,N,0010,1","22000,1,9,N","010000,1,9,9","+0334,1","+0159,1","10121,1",,,,,,"03,1,+00800,1,06,1",,,,"9,AGL   ,+99999,+99999","03,99,1,03,1,99,9,00800,1,99,9,99,9",,,"99999,9,10114,1","9,9,999,9,+003,1",,,"SYN05843278 32597 33602 10334 20159 30114 40121 83400 333 58003=",
"43278099999","2023-10-24T09:00:00","4","13.0666666","80.2","7.0","NUMGAMBAKKAM, IN","FM-12","99999","V020","050,1,N,0010,1","22000,1,9,N","010000,1,9,9","+0330,1","+0229,1","10095,1",,,,,,"02,1,+00800,1,06,1","99,9,+99999,9,00,1",,,"9,AGL   ,+99999,+99999","03,99,1,02,1,99,9,00800,1,99,9,99,9",,,"99999,9,10088,1","9,9,999,9,+000,1",,,"SYN05843278 32597 30502 10330 20229 30088 40095 82501 333 58000=",
"43278099999","2023-10-24T12:00:00","4","13.0666666","80.2","7.0","NUMGAMBAKKAM, IN","FM-12","99999","V020","140,1,N,0010,1","22000,1,9,N","010000,1,9,9","+0300,1","+0203,1","10100,1",,,,,,"99,9,+99999,9,00,1",,,,"9,AGL   ,+99999,+99999","01,99,1,00,1,99,9,99999,9,99,9,99,9",,,"99999,9,10093,1","9,9,999,9,+004,1",,,"SYN06443278 32997 11402 10300 20203 30093 40100 80001 333 10346 58004=","Q01    003SCCGA1"
"43278099999","2023-10-24T15:00:00","4","13.0666666","80.2","7.0","NUMGAMBAKKAM, IN","FM-12","99999","V020","999,9,C,0000,1","22000,1,9,N","004000,1,9,9","+0270,1","+0229,1","10119,1",,,,,,"99,9,+99999,9,00,1",,,,"9,AGL   ,+99999,+99999","01,99,1,00,1,99,9,99999,9,99,9,99,9",,,"99999,9,10112,1","9,9,999,9,+005,1",,,"SYN05843278 32996 10000 10270 20229 30112 40119 80001 333 58005=","Q01    003SCCGA1"
"43278099999","2023-10-25T00:00:00","4","13.0666666","80.2","7.0","NUMGAMBAKKAM, IN","FM-12","99999","V020","999,9,C,0000,1","22000,1,9,N","004000,1,9,9","+0246,1","+0225,1","10111,1",,,,,,"99,9,+99999,9,00,1",,,,"9,AGL   ,+99999,+99999","01,99,1,00,1,99,9,99999,9,99,9,99,9",,,"99999,9,10104,1","9,9,999,9,+004,1",,,"SYN05843278 32996 10000 10246 20225 30104 40111 80001 333 58004=","Q01    003SCCGA1"
"43278099999","2023-10-25T03:00:00","4","13.0666666","80.2","7.0","NUMGAMBAKKAM, IN","FM-12","99999","V020","999,9,C,0000,1","22000,1,9,N","004000,1,9,9","+0292,1","+0249,1","10145,1",,,,,,"99,9,+99999,9,00,1",,,,"9,AGL   ,+99999,+99999","01,99,1,00,1,99,9,99999,9,99,9,99,9","240,M,+0346,1","240,N,+0243,1","99999,9,10138,1","9,9,999,9,+008,1",,,"SYN08043278 32996 10000 10292 20249 30138 40145 80001 333 10346 20243 58008 555 10085=","Q01    003SCCGA1"
"43278099999","2023-10-25T06:00:00","4","13.0666666","80.2","7.0","NUMGAMBAKKAM, IN","FM-12","99999","V020","999,9,C,0000,1","99999,9,9,N","010000,1,9,9","+0332,1","+0227,1","10135,1",,,,,,"03,1,+00800,1,06,1","99,9,+99999,9,03,1","99,9,+99999,9,00,1",,"9,AGL   ,+99999,+99999","05,99,1,03,1,99,9,00800,1,99,9,99,9",,,"99999,9,10128,1","9,9,999,9,+014,1",,,"SYN05843278 32597 50000 10332 20227 30128 40135 83531 333 58014=",
"43278099999","2023-10-25T09:00:00","4","13.0666666","80.2","7.0","NUMGAMBAKKAM, IN","FM-12","99999","V020","090,1,N,0021,1","99999,9,9,N","010000,1,9,9","+0316,1","+0242,1","10118,1",,,,,,"02,1,+00800,1,06,1","99,9,+99999,9,03,1","99,9,+99999,9,00,1",,"9,AGL   ,+99999,+99999","05,99,1,02,1,99,9,00800,1,99,9,99,9",,,"99999,9,10111,1","9,9,999,9,+023,1",,,"SYN05843278 32597 50904 10316 20242 30111 40118 82431 333 58023=",
"43278099999","2023-10-25T12:00:00","4","13.0666666","80.2","7.0","NUMGAMBAKKAM, IN","FM-12","99999","V020","110,1,N,0010,1","22000,1,9,N","010000,1,9,9","+0298,1","+0234,1","10109,1",,,,,,"99,9,+99999,9,00,1",,,,"9,AGL   ,+99999,+99999","01,99,1,00,1,99,9,99999,9,99,9,99,9",,,"99999,9,10102,1","9,9,999,9,+009,1",,,"SYN06443278 32997 11102 10298 20234 30102 40109 80001 333 10346 58009=","Q01    003SCCGA1"
"43278099999","2023-10-25T15:00:00","4","13.0666666","80.2","7.0","NUMGAMBAKKAM, IN","FM-12","99999","V020","110,1,N,0010,1","22000,1,9,N","004000,1,9,9","+0274,1","+0230,1","10127,1",,,,,,"99,9,+99999,9,00,1",,,,"9,AGL   ,+99999,+99999","01,99,1,00,1,99,9,99999,9,99,9,99,9",,,"99999,9,10120,1","9,9,999,9,+008,1",,,"SYN05843278 32996 11102 10274 20230 30120 40127 80001 333 58008=","Q01    003SCCGA1"
"43278099999","2023-10-26T00:00:00","4","13.0666666","80.2","7.0","NUMGAMBAKKAM, IN","FM-12","99999","V020","290,1,N,0005,1","22000,1,9,N","002000,1,9,9","+0248,1","+0227,1","10124,1",,,,,,"01,1,+00800,1,06,1","99,9,+99999,9,03,1",,,"9,AGL   ,+99999,+99999","02,99,1,01,1,99,9,00800,1,99,9,99,9",,,"99999,9,10117,1","9,9,999,9,+013,1",,,"SYN05843278 32595 22901 10248 20227 30117 40124 81530 333 58013=",
"43278099999","2023-10-26T03:00:00","4","13.0666666","80.2","7.0","NUMGAMBAKKAM, IN","FM-12","99999","V020","999,9,C,0000,1","22000,1,9,N","010000,1,9,9","+0292,1","+0240,1","10143,1",,,,,,"99,9,+99999,9,00,1",,,,"9,AGL   ,+99999,+99999","01,99,1,00,1,99,9,99999,9,99,9,99,9","240,M,+0346,1","240,N,+0248,1","99999,9,10136,1","9,9,999,9,-002,1",,,"SYN08043278 32997 10000 10292 20240 30136 40143 80001 333 10346 20248 59002 555 10085=","Q01    003SCCGA1"
"43278099999","2023-10-26T06:00:00","4","13.0666666","80.2","7.0","NUMGAMBAKKAM, IN","FM-12","99999","V020","360,1,N,0010,1","99999,9,9,N","010000,1,9,9","+0322,1","+0232,1","10135,1",,,,,,"02,1,+00800,1,06,1","99,9,+99999,9,03,1","99,9,+99999,9,00,1",,"9,AGL   ,+99999,+99999","05,99,1,02,1,99,9,00800,1,99,9,99,9",,,"99999,9,10128,1","9,9,999,9,+000,1",,,"SYN05843278 32597 53602 10322 20232 30128 40135 82431 333 58000=",
"43278099999","2023-10-26T09:00:00","4","13.0666666","80.2","7.0","NUMGAMBAKKAM, IN","FM-12","99999","V020","090,1,N,0010,1","22000,1,9,N","010000,1,9,9","+0322,1","+0223,1","10110,1",,,,,,"99,9,+99999,9,00,1",,,,"9,AGL   ,+99999,+99999","02,99,1,00,1,99,9,99999,9,99,9,99,9",,,"99999,9,10103,1","9,9,999,9,-008,1",,,"SYN05843278 32997 20902 10322 20223 30103 40110 80001 333 59008=","Q01    003SCCGA1"
"43278099999","2023-10-26T12:00:00","4","13.0666666","80.2","7.0","NUMGAMBAKKAM, IN","FM-12","99999","V020","090,1,N,0010,1","22000,1,9,N","004000,1,9,9","+0296,1","+0226,1","10111,1",,"0,1,02,1","0,1,02,1",,,"99,9,+99999,9,00,1",,,,"9,AGL   ,+99999,+99999","01,99,1,00,1,99,9,99999,9,99,9,99,9",,,"99999,9,10104,1","9,9,999,9,+002,1",,"05,1","SYN07043278 31996 10902 10296 20226 30104 40111 70500 80001 333 10333 58002=","Q01    003SCCGA1"
"43278099999","2023-10-26T15:00:00","4","13.0666666","80.2","7.0","NUMGAMBAKKAM, IN","FM-12","99999","V020","090,1,N,0010,1","22000,1,9,N","004000,1,9,9","+0288,1","+0239,1","10127,1",,,,,,"99,9,+99999,9,00,1",,,,"9,AGL   ,+99999,+99999","01,99,1,00,1,99,9,99999,9,99,9,99,9",,,"99999,9,10120,1","9,9,999,9,+000,1",,,"SYN05843278 32996 10902 10288 20239 30120 40127 80001 333 58000=","Q01    003SCCGA1"
"43278099999","2023-10-27T00:00:00","4","13.0666666","80.2","7.0","NUMGAMBAKKAM, IN","FM-12","99999","V020","290,1,N,0005,1","22000,1,9,N","004000,1,9,9","+0264,1","+0250,1","10110,1",,,,,,"02,1,+00800,1,06,1","99,9,+99999,9,03,1","99,9,+99999,9,00,1",,"9,AGL   ,+99999,+99999","04,99,1,02,1,99,9,00800,1,99,9,99,9",,,"99999,9,10103,1","9,9,999,9,-014,1",,,"SYN05843278 32596 42901 10264 20250 30103 40110 82531 333 59014=",
"43278099999","2023-10-27T03:00:00","4","13.0666666","80.2","7.0","NUMGAMBAKKAM, IN","FM-12","99999","V020","999,9,C,0000,1","99999,9,9,N","010000,1,9,9","+0282,1","+0254,1","10131,1",,,,,,"02,1,+00800,1,06,1","99,9,+99999,9,03,1","99,9,+99999,9,00,1",,"9,AGL   ,+99999,+99999","07,99,1,02,1,99,9,00800,1,99,9,99,9","240,M,+0333,1","240,N,+0261,1","99999,9,10124,1","9,9,999,9,-012,1",,,"SYN08043278 32597 70000 10282 20254 30124 40131 82571 333 10333 20261 59012 555 10085=",
"43278099999","2023-10-27T06:00:00","4","13.0666666","80.2","7.0","NUMGAMBAKKAM, IN","FM-12","99999","V020","999,9,C,0000,1","99999,9,9,N","004000,1,9,9","+0290,1","+0259,1","10126,1","03,0004,3,1","2,1,02,1","2,1,02,1",,,"03,1,+00800,1,06,1","99,9,+99999,9,03,1","99,9,+99999,9,00,1",,"9,AGL   ,+99999,+99999","07,99,1,03,1,99,9,00800,1,99,9,99,9",,,"99999,9,10119,1","9,9,999,9,-009,1",,"21,1","SYN07043278 21596 70000 10290 20259 30119 40126 72122 83571 333 59009 6994/=",
"43278099999","2023-10-27T09:00:00","4","13.0666666","80.2","7.0","NUMGAMBAKKAM, IN","FM-12","99999","V020","050,1,N,0010,1","22000,1,9,N","010000,1,9,9","+0314,1","+0239,1","10101,1","06,0004,3,1",,,,,"03,1,+00800,1,06,1",,,,"9,AGL   ,+99999,+99999","03,99,1,03,1,99,9,00800,1,99,9,99,9",,,"99999,9,10094,1","9,9,999,9,-009,1",,,"SYN06443278 22597 30502 10314 20239 30094 40101 83400 333 59009 6994/=",
"43278099999","2023-10-27T12:00:00","4","13.0666666","80.2","7.0","NUMGAMBAKKAM, IN","FM-12","99999","V020","050,1,N,0010,1","22000,1,9,N","010000,1,9,9","+0292,1","+0246,1","10100,1","09,0004,3,1",,,,,"01,1,+00800,1,06,1","99,9,+99999,9,00,1",,,"9,AGL   ,+99999,+99999","02,99,1,01,1,99,9,00800,1,99,9,99,9",,,"99999,9,10093,1","9,9,999,9,-011,1",,,"SYN07043278 22597 20502 10292 20246 30093 40100 81501 333 10325 59011 6994/=",
"43278099999","2023-10-27T15:00:00","4","13.0666666","80.2","7.0","NUMGAMBAKKAM, IN","FM-12","99999","V020","090,1,N,0010,1","22000,1,9,N","004000,1,9,9","+0282,1","+0242,1","10118,1","12,0004,3,1",,,,,"99,9,+99999,9,00,1",,,,"9,AGL   ,+99999,+99999","02,99,1,00,1,99,9,99999,9,99,9,99,9",,,"99999,9,10111,1","9,9,999,9,-009,1",,,"SYN06443278 22996 20902 10282 20242 30111 40118 80001 333 59009 6994/=","Q01    003SCCGA1"
"43278099999","2023-10-28T00:00:00","4","13.0666666","80.2","7.0","NUMGAMBAKKAM, IN","FM-12","99999","V020","999,9,C,0000,1","99999,9,9,N","004000,1,9,9","+0260,1","+0246,1","10102,1","21,0004,3,1",,,,,"04,1,+00800,1,06,1","99,9,+99999,9,00,1",,,"9,AGL   ,+99999,+99999","05,99,1,04,1,99,9,00800,1,99,9,99,9",,,"99999,9,10095,1","9,9,999,9,-008,1",,,"SYN06443278 22596 50000 10260 20246 30095 40102 84501 333 59008 6994/=",
"43278099999","2023-10-28T03:00:00","4","13.0666666","80.2","7.0","NUMGAMBAKKAM, IN","FM-12","99999","V020","320,1,N,0010,1","22000,1,9,N","010000,1,9,9","+0296,1","+0254,1","10130,1","24,0004,3,1",,,,,"02,1,+00800,1,06,1","99,9,+99999,9,00,1",,,"9,AGL   ,+99999,+99999","03,99,1,02,1,99,9,00800,1,99,9,99,9","240,M,+0325,1","240,N,+0260,1","99999,9,10123,1","9,9,999,9,-001,1",,,"SYN09243278 22597 33202 10296 20254 30123 40130 82501 333 10325 20260 59001 6994/ 555 00004 10086=",
"43278099999","2023-10-28T06:00:00","4","13.0666666","80.2","7.0","NUMGAMBAKKAM, IN","FM-12","99999","V020","050,1,N,0015,1","22000,1,9,N","010000,1,9,9","+0328,1","+0252,1","10127,1",,,,,,"03,1,+00800,1,06,1","99,9,+99999,9,00,1",,,"9,AGL   ,+99999,+99999","04,99,1,03,1,99,9,00800,1,99,9,99,9",,,"99999,9,10120,1","9,9,999,9,+001,1",,,"SYN05843278 32597 40503 10328 20252 30120 40127 83401 333 58001=",
"43278099999","2023-10-28T09:00:00","4","13.0666666","80.2","7.0","NUMGAMBAKKAM, IN","FM-12","99999","V020","110,1,N,0010,1","99999,9,9,N","010000,1,9,9","+0324,1","+0247,1","10099,1",,,,,,"03,1,+00800,1,06,1","99,9,+99999,9,03,1","99,9,+99999,9,00,1",,"9,AGL   ,+99999,+99999","05,99,1,03,1,99,9,00800,1,99,9,99,9",,,"99999,9,10092,1","9,9,999,9,-002,1",,,"SYN05843278 32597 51102 10324 20247 30092 40099 83531 333 59002=",
"43278099999","2023-10-28T12:00:00","4","13.0666666","80.2","7.0","NUMGAMBAKKAM, IN","FM-12","99999","V020","999,9,C,0000,1","22000,1,9,N","010000,1,9,9","+0292,1","+0246,1","10101,1",,,,,,"02,1,+00800,1,06,1","99,9,+99999,9,03,1","99,9,+99999,9,00,1",,"9,AGL   ,+99999,+99999","04,99,1,02,1,99,9,00800,1,99,9,99,9",,,"99999,9,10094,1","9,9,999,9,+001,1",,,"SYN06443278 32597 40000 10292 20246 30094 40101 82531 333 10333 58001=",
"43278099999","2023-10-28T15:00:00","4","13.0666666","80.2","7.0","NUMGAMBAKKAM, IN","FM-12","99999","V020","090,1,N,0010,1","99999,9,9,N","004000,1,9,9","+0288,1","+0245,1","10125,1",,,,,,"03,1,+00800,1,06,1","99,9,+99999,9,03,1","99,9,+99999,9,00,1",,"9,AGL   ,+99999,+99999","05,99,1,03,1,99,9,00800,1,99,9,99,9",,,"99999,9,10118,1","9,9,999,9,+007,1",,,"SYN05843278 32596 50902 10288 20245 30118 40125 83531 333 58007=",
"43278099999","2023-10-29T00:00:00","4","13.0666666","80.2","7.0","NUMGAMBAKKAM, IN","FM-12","99999","V020","999,9,C,0000,1","99999,9,9,N","004000,1,9,9","+0266,1","+0237,1","10106,1",,,,,,"04,1,+00800,1,06,1","99,9,+99999,9,03,1",,,"9,AGL   ,+99999,+99999","06,99,1,04,1,99,9,00800,1,99,9,99,9",,,"99999,9,10099,1","9,9,999,9,+004,1",,,"SYN05843278 32596 60000 10266 20237 30099 40106 84570 333 58004=",
"43278099999","2023-10-29T03:00:00","4","13.0666666","80.2","7.0","NUMGAMBAKKAM, IN","FM-12","99999","V020","360,1,N,0010,1","99999,9,9,N","010000,1,9,9","+0290,1","+0247,1","10131,1",,,,,,"03,1,+00800,1,06,1","99,9,+99999,9,03,1","99,9,+99999,9,00,1",,"9,AGL   ,+99999,+99999","05,99,1,03,1,99,9,00800,1,99,9,99,9","240,M,+0333,1","240,N,+0263,1","99999,9,10124,1","9,9,999,9,+001,1",,,"SYN08043278 32597 53602 10290 20247 30124 40131 83571 333 10333 20263 58001 555 10086=",
"43278099999","2023-10-29T06:00:00","4","13.0666666","80.2","7.0","NUMGAMBAKKAM, IN","FM-12","99999","V020","090,1,N,0015,1","99999,9,9,N","010000,1,9,9","+0316,1","+0242,1","10126,1",,,,,,"04,1,+00800,1,06,1","99,9,+99999,9,03,1","99,9,+99999,9,00,1",,"9,AGL   ,+99999,+99999","06,99,1,04,1,99,9,00800,1,99,9,99,9",,,"99999,9,10119,1","9,9,999,9,-001,1",,,"SYN05843278 32597 60903 10316 20242 30119 40126 84531 333 59001=",
"43278099999","2023-10-29T09:00:00","4","13.0666666","80.2","7.0","NUMGAMBAKKAM, IN","FM-12","99999","V020","090,1,N,0015,1","22000,1,9,N","010000,1,9,9","+0324,1","+0240,1","10104,1",,,,,,"01,1,+00800,1,06,1","99,9,+99999,9,03,1","99,9,+99999,9,00,1",,"9,AGL   ,+99999,+99999","03,99,1,01,1,99,9,00800,1,99,9,99,9",,,"99999,9,10097,1","9,9,999,9,+005,1",,,"SYN05843278 32597 30903 10324 20240 30097 40104 81531 333 58005=",
"43278099999","2023-10-29T12:00:00","4","13.0666666","80.2","7.0","NUMGAMBAKKAM, IN","FM-12","99999","V020","090,1,N,0021,1","99999,9,9,N","004000,1,9,9","+0296,1","+0248,1","10108,1",,,,,,"02,1,+00800,1,09,1","99,9,+99999,9,03,1","99,9,+99999,9,00,1",,"9,AGL   ,+99999,+99999","05,99,1,02,1,99,9,00800,1,99,9,99,9",,,"99999,9,10101,1","9,9,999,9,+007,1",,,"SYN06443278 32596 50904 10296 20248 30101 40108 82331 333 10335 58007=",
"43278099999","2023-10-29T15:00:00","4","13.0666666","80.2","7.0","NUMGAMBAKKAM, IN","FM-12","99999","V020","090,1,N,0015,1","99999,9,9,N","004000,1,9,9","+0280,1","+0246,1","10116,1",,"5,1,02,1","1,1,02,1",,,"02,1,+00800,1,06,1","99,9,+99999,9,03,1","99,9,+99999,9,00,1",,"9,AGL   ,+99999,+99999","05,99,1,02,1,99,9,00800,1,99,9,99,9",,,"99999,9,10109,1","9,9,999,9,-009,1",,"01,1","SYN06443278 31596 50903 10280 20246 30109 40116 70151 82571 333 59009=",
"43278099999","2023-10-30T00:00:00","4","13.0666666","80.2","7.0","NUMGAMBAKKAM, IN","FM-12","99999","V020","270,1,N,0010,1","99999,9,9,N","002000,1,9,9","+0253,1","+0249,1","10112,1","21,0230,3,1","9,1,02,1","6,1,02,1",,,"04,1,+00800,1,06,1","99,9,+99999,9,04,1","99,9,+99999,9,00,1",,"9,AGL   ,+99999,+99999","07,99,1,04,1,99,9,00800,1,99,9,99,9",,,"99999,9,10105,1","9,9,999,9,+006,1",,"50,1","SYN07043278 21595 72702 10253 20249 30105 40112 75096 84511 333 58006 6023/=",
"43278099999","2023-10-30T03:00:00","4","13.0666666","80.2","7.0","NUMGAMBAKKAM, IN","FM-12","99999","V020","999,9,C,0000,1","99999,9,9,N","010000,1,9,9","+0260,1","+0249,1","10129,1","24,0230,3,1","5,1,02,1","2,1,02,1",,,"03,1,+00800,1,06,1","99,9,+99999,9,03,1",,,"9,AGL   ,+99999,+99999","08,99,1,03,1,99,9,00800,1,99,9,99,9","240,M,+0335,1","240,N,+0236,1","99999,9,10122,1","9,9,999,9,-002,1",,"02,1","SYN09843278 21597 80000 10260 20249 30122 40129 70252 8357/ 333 10335 20236 59002 6023/ 555 00231 10109=",
"43278099999","2023-10-30T06:00:00","4","13.0666666","80.2","7.0","NUMGAMBAKKAM, IN","FM-12","99999","V020","180,1,N,0010,1","99999,9,9,N","004000,1,9,9","+0284,1","+0256,1","10126,1",,"5,1,02,1","2,1,02,1",,,"04,1,+00800,1,06,1","99,9,+99999,9,03,1",,,"9,AGL   ,+99999,+99999","08,99,1,04,1,99,9,00800,1,99,9,99,9",,,"99999,9,10119,1","9,9,999,9,+000,1",,"02,1","SYN06443278 31596 81802 10284 20256 30119 40126 70252 8447/ 333 58000=",
"43278099999","2023-10-30T09:00:00","4","13.0666666","80.2","7.0","NUMGAMBAKKAM, IN","FM-12","99999","V020","340,1,N,0010,1","99999,9,9,N","010000,1,9,9","+0284,1","+0247,1","10106,1",,,,,,"05,1,+00800,1,06,1","99,9,+99999,9,05,1",,,"9,AGL   ,+99999,+99999","08,99,1,05,1,99,9,00800,1,99,9,99,9",,,"99999,9,10099,1","9,9,999,9,+002,1",,,"SYN05843278 32597 83402 10284 20247 30099 40106 8552/ 333 58002=",
"43278099999","2023-10-30T12:00:00","4","13.0666666","80.2","7.0","NUMGAMBAKKAM, IN","FM-12","99999","V020","999,9,C,0000,1","99999,9,9,N","010000,1,9,9","+0270,1","+0256,1","10107,1","09,0006,3,1","5,1,02,1","0,1,02,1",,,"04,1,+00800,1,06,1","99,9,+99999,9,05,1",,,"9,AGL   ,+99999,+99999","08,99,1,04,1,99,9,00800,1,99,9,99,9",,,"99999,9,10100,1","9,9,999,9,-001,1",,"01,1","SYN07643278 21597 80000 10270 20256 30100 40107 70150 8452/ 333 10303 59001 6996/=",
"43278099999","2023-10-30T15:00:00","4","13.0666666","80.2","7.0","NUMGAMBAKKAM, IN","FM-12","99999","V020","340,1,N,0005,1","22000,1,9,N","004000,1,9,9","+0262,1","+0251,1","10121,1","12,0006,3,1",,,,,"01,1,+00800,1,06,1","99,9,+99999,9,05,1","99,9,+99999,9,00,1",,"9,AGL   ,+99999,+99999","04,99,1,01,1,99,9,00800,1,99,9,99,9",,,"99999,9,10114,1","9,9,999,9,+005,1",,,"SYN06443278 22596 43401 10262 20251 30114 40121 81521 333 58005 6996/=",
"43278099999","2023-10-31T00:00:00","4","13.0666666","80.2","7.0","NUMGAMBAKKAM, IN","FM-12","99999","V020","999,9,C,0000,1","99999,9,9,N","002000,1,9,9","+0256,1","+0247,1","10114,1","21,0006,3,1","2,1,02,1","2,1,02,1",,,"03,1,+00800,1,06,1","99,9,+99999,9,03,1","99,9,+99999,9,00,1",,"9,AGL   ,+99999,+99999","07,99,1,03,1,99,9,00800,1,99,9,99,9",,,"99999,9,10107,1","9,9,999,9,+002,1",,"10,1","SYN07043278 21595 70000 10256 20247 30107 40114 71022 83571 333 58002 6996/=",
"43278099999","2023-10-31T03:00:00","4","13.0666666","80.2","7.0","NUMGAMBAKKAM, IN","FM-12","99999","V020","320,1,N,0021,1","22000,1,9,N","004000,1,9,9","+0276,1","+0250,1","10131,1","24,0006,3,1",,,,,"01,1,+00800,1,06,1","99,9,+99999,9,03,1","99,9,+99999,9,00,1",,"9,AGL   ,+99999,+99999","04,99,1,01,1,99,9,00800,1,99,9,99,9","240,M,+0303,1","240,N,+0252,1","99999,9,10124,1","9,9,999,9,+002,1",,,"SYN09243278 22596 43204 10276 20250 30124 40131 81531 333 10303 20252 58002 6996/ 555 00006 10109=",
"43278099999","2023-10-31T06:00:00","4","13.0666666","80.2","7.0","NUMGAMBAKKAM, IN","FM-12","99999","V020","050,1,N,0021,1","99999,9,9,N","010000,1,9,9","+0294,1","+0251,1","10127,1","03,0040,3,1","6,1,02,1","1,1,02,1",,,"04,1,+00800,1,06,1","99,9,+99999,9,03,1","99,9,+99999,9,00,1",,"9,AGL   ,+99999,+99999","07,99,1,04,1,99,9,00800,1,99,9,99,9",,,"99999,9,10120,1","9,9,999,9,+001,1",,"03,1","SYN07043278 21597 70504 10294 20251 30120 40127 70361 84471 333 58001 6004/=",
"43278099999","2023-10-31T09:00:00","4","13.0666666","80.2","7.0","NUMGAMBAKKAM, IN","FM-12","99999","V020","070,1,N,0021,1","99999,9,9,N","010000,1,9,9","+0304,1","+0256,1","10106,1","06,0040,3,1",,,,,"02,1,+00800,1,06,1","99,9,+99999,9,04,1","99,9,+99999,9,00,1",,"9,AGL   ,+99999,+99999","07,99,1,02,1,99,9,00800,1,99,9,99,9",,,"99999,9,10099,1","9,9,999,9,+000,1",,,"SYN06443278 22597 70704 10304 20256 30099 40106 82511 333 58000 6004/=",
"43278099999","2023-10-31T12:00:00","4","13.0666666","80.2","7.0","NUMGAMBAKKAM, IN","FM-12","99999","V020","340,1,N,0010,1","99999,9,9,N","004000,1,9,9","+0268,1","+0248,1","10111,1","09,0040,3,1",,,,,"02,1,+00800,1,06,1","99,9,+99999,9,04,1","99,9,+99999,9,00,1",,"9,AGL   ,+99999,+99999","06,99,1,02,1,99,9,00800,1,99,9,99,9",,,"99999,9,10104,1","9,9,999,9,+004,1",,,"SYN07043278 22596 63402 10268 20248 30104 40111 82511 333 10309 58004 6004/=",
"43278099999","2023-10-31T15:00:00","4","13.0666666","80.2","7.0","NUMGAMBAKKAM, IN","FM-12","99999","V020","070,1,N,0021,1","22000,1,9,N","004000,1,9,9","+0274,1","+0248,1","10129,1","12,0040,3,1",,,,,"01,1,+00800,1,06,1","99,9,+99999,9,03,1","99,9,+99999,9,00,1",,"9,AGL   ,+99999,+99999","03,99,1,01,1,99,9,00800,1,99,9,99,9",,,"99999,9,10122,1","9,9,999,9,+008,1",,,"SYN06443278 22596 30704 10274 20248 30122 40129 81531 333 58008 6004/=",
"43278099999","2023-11-01T00:00:00","4","13.0666666","80.2","7.0","NUMGAMBAKKAM, IN","FM-12","99999","V020","290,1,N,0005,1","99999,9,9,N","004000,1,9,9","+0266,1","+0243,1","10114,1","21,0040,3,1",,,,,"03,1,+00800,1,06,1","99,9,+99999,9,03,1","99,9,+99999,9,00,1",,"9,AGL   ,+99999,+99999","05,99,1,03,1,99,9,00800,1,99,9,99,9",,,"99999,9,10107,1","9,9,999,9,+000,1",,,"SYN06443278 22596 52901 10266 20243 30107 40114 83531 333 58000 6004/=",
"43278099999","2023-11-01T03:00:00","4","13.0666666","80.2","7.0","NUMGAMBAKKAM, IN","FM-12","99999","V020","340,1,N,0010,1","22000,1,9,N","010000,1,9,9","+0298,1","+0253,1","10134,1","24,0040,3,1",,,,,"02,1,+00800,1,06,1","99,9,+99999,9,00,1",,,"9,AGL   ,+99999,+99999","03,99,1,02,1,99,9,00800,1,99,9,99,9","240,M,+0309,1","240,N,+0263,1","99999,9,10127,1","9,9,999,9,+003,1",,,"SYN09243278 22597 33402 10298 20253 30127 40134 82501 333 10309 20263 58003 6004/ 555 00044 10114=",
"43278099999","2023-11-01T06:00:00","4","13.0666666","80.2","7.0","NUMGAMBAKKAM, IN","FM-12","99999","V020","050,1,N,0021,1","22000,1,9,N","010000,1,9,9","+0322,1","+0242,1","10121,1",,,,,,"02,1,+00800,1,06,1","99,9,+99999,9,03,1","99,9,+99999,9,00,1",,"9,AGL   ,+99999,+99999","04,99,1,02,1,99,9,00800,1,99,9,99,9",,,"99999,9,10114,1","9,9,999,9,-006,1",,,"SYN05843278 32597 40504 10322 20242 30114 40121 82531 333 59006=",
"43278099999","2023-11-01T09:00:00","4","13.0666666","80.2","7.0","NUMGAMBAKKAM, IN","FM-12","99999","V020","050,1,N,0010,1","99999,9,9,N","010000,1,9,9","+0294,1","+0260,1","10109,1","06,0003,3,1","2,1,02,1","2,1,02,1",,,"03,1,+00800,1,06,1","99,9,+99999,9,03,1",,,"9,AGL   ,+99999,+99999","08,99,1,03,1,99,9,00800,1,99,9,99,9",,,"99999,9,10102,1","9,9,999,9,+003,1",,"21,1","SYN07043278 21597 80502 10294 20260 30102 40109 72122 8357/ 333 58003 6993/=",
"43278099999","2023-11-01T12:00:00","4","13.0666666","80.2","7.0","NUMGAMBAKKAM, IN","FM-12","99999","V020","050,1,N,0021,1","99999,9,9,N","010000,1,9,9","+0270,1","+0244,1","10113,1","09,0003,3,1","2,1,02,1","2,1,02,1",,,"04,1,+00800,1,06,1","99,9,+99999,9,03,1",,,"9,AGL   ,+99999,+99999","07,99,1,04,1,99,9,00800,1,99,9,99,9","240,M,+0326,1",,"99999,9,10106,1","9,9,999,9,+002,1",,"51,1","SYN07643278 21597 70504 10270 20244 30106 40113 75122 8457/ 333 10326 58002 6993/=",
"43278099999","2023-11-01T15:00:00","4","13.0666666","80.2","7.0","NUMGAMBAKKAM, IN","FM-12","99999","V020","999,9,C,0000,1","22000,1,9,N","004000,1,9,9","+0268,1","+0251,1","10129,1","12,0003,3,1",,,,,"01,1,+00800,1,06,1","99,9,+99999,9,00,1",,,"9,AGL   ,+99999,+99999","03,99,1,01,1,99,9,00800,1,99,9,99,9",,,"99999,9,10122,1","9,9,999,9,+000,1",,,"SYN06443278 22596 30000 10268 20251 30122 40129 81501 333 58000 6993/=",
"43278099999","2023-11-02T00:00:00","4","13.0666666","80.2","7.0","NUMGAMBAKKAM, IN","FM-12","99999","V020","320,1,N,0010,1","22000,1,9,N","004000,1,9,9","+0258,1","+0246,1","10113,1","21,0003,3,1",,,,,"02,1,+00800,1,06,1","99,9,+99999,9,03,1","99,9,+99999,9,00,1",,"9,AGL   ,+99999,+99999","04,99,1,02,1,99,9,00800,1,99,9,99,9",,,"99999,9,10106,1","9,9,999,9,-001,1",,,"SYN06443278 22596 43202 10258 20246 30106 40113 82531 333 59001 6993/=",
"43278099999","2023-11-02T03:00:00","4","13.0666666","80.2","7.0","NUMGAMBAKKAM, IN","FM-12","99999","V020","999,9,C,0000,1","99999,9,9,N","010000,1,9,9","+0288,1","+0254,1","10127,1","24,0003,3,1",,,,,"03,1,+00800,1,06,1","99,9,+99999,9,03,1","99,9,+99999,9,00,1",,"9,AGL   ,+99999,+99999","06,99,1,03,1,99,9,00800,1,99,9,99,9","240,M,+0326,1","240,N,+0256,1","99999,9,10120,1","9,9,999,9,-007,1",,,"SYN07643278 22597 60000 10288 20254 30120 40127 83571 333 10326 20256 59007 6993/=",
"43278099999","2023-11-02T06:00:00","4","13.0666666","80.2","7.0","NUMGAMBAKKAM, IN","FM-12","99999","V020","999,9,C,0000,1","99999,9,9,N","010000,1,9,9","+0274,1","+0271,1","10126,1","03,0160,3,1","5,1,02,1","2,1,02,1",,,"04,1,+00450,1,09,1","99,9,+99999,9,03,1","99,9,+99999,9,00,1",,"9,AGL   ,+99999,+99999","07,99,1,04,1,99,9,00450,1,99,9,99,9",,,"99999,9,10119,1","9,9,999,9,+005,1",,"21,1","SYN07043278 21497 70000 10274 20271 30119 40126 72152 84371 333 58005 6016/=",
"43278099999","2023-11-02T12:00:00","4","13.0666666","80.2","7.0","NUMGAMBAKKAM, IN","FM-12","99999","V020","050,1,N,0010,1","99999,9,9,N","010000,1,9,9","+0286,1","+0252,1","10097,1","09,0160,3,1",,,,,"02,1,+00800,1,09,1","99,9,+99999,9,03,1","99,9,+99999,9,00,1",,"9,AGL   ,+99999,+99999","05,99,1,02,1,99,9,00800,1,99,9,99,9",,,"99999,9,10090,1","9,9,999,9,-016,1",,,"SYN07043278 22597 50502 10286 20252 30090 40097 82371 333 10301 59016 6016/=",
"43278099999","2023-11-02T15:00:00","4","13.0666666","80.2","7.0","NUMGAMBAKKAM, IN","FM-12","99999","V020","050,1,N,0010,1","22000,1,9,N","004000,1,9,9","+0278,1","+0252,1","10110,1","12,0160,3,1",,,,,"03,1,+00800,1,06,1",,,,"9,AGL   ,+99999,+99999","03,99,1,03,1,99,9,00800,1,99,9,99,9",,,"99999,9,10103,1","9,9,999,9,-019,1",,,"SYN06443278 22596 30502 10278 20252 30103 40110 83500 333 59019 6016/=",
"43278099999","2023-11-03T00:00:00","4","13.0666666","80.2","7.0","NUMGAMBAKKAM, IN","FM-12","99999","V020","999,9,C,0000,1","99999,9,9,N","004000,1,9,9","+0256,1","+0253,1","10095,1","21,0220,3,1","6,1,02,1","2,1,02,1",,,"03,1,+00800,1,08,1","99,9,+99999,9,04,1","99,9,+99999,9,00,1",,"9,AGL   ,+99999,+99999","05,99,1,03,1,99,9,00800,1,99,9,99,9",,,"99999,9,10088,1","9,9,999,9,-018,1",,"01,1","SYN07043278 21596 50000 10256 20253 30088 40095 70162 83111 333 59018 6022/=",
"43278099999","2023-11-03T03:00:00","4","13.0666666","80.2","7.0","NUMGAMBAKKAM, IN","FM-12","99999","V020","999,9,C,0000,1","99999,9,9,N","010000,1,9,9","+0272,1","+0264,1","10112,1","24,0310,3,1","6,1,02,1","5,1,02,1",,,"03,1,+00800,1,06,1","99,9,+99999,9,03,1","99,9,+99999,9,00,1",,"9,AGL   ,+99999,+99999","07,99,1,03,1,99,9,00800,1,99,9,99,9","240,M,+0301,1","240,N,+0256,1","99999,9,10105,1","9,9,999,9,-015,1",,"62,1","SYN09843278 21597 70000 10272 20264 30105 40112 76265 83571 333 10301 20256 59015 6031/ 555 00311 10145=",
"43278099999","2023-11-03T06:00:00","4","13.0666666","80.2","7.0","NUMGAMBAKKAM, IN","FM-12","99999","V020","340,1,N,0010,1","99999,9,9,N","010000,1,9,9","+0272,1","+0258,1","10107,1","03,0020,3,1","6,1,02,1","5,1,02,1",,,"03,1,+00800,1,06,1","99,9,+99999,9,03,1","99,9,+99999,9,00,1",,"9,AGL   ,+99999,+99999","07,99,1,03,1,99,9,00800,1,99,9,99,9",,,"99999,9,10100,1","9,9,999,9,-019,1",,"02,1","SYN07043278 21597 73402 10272 20258 30100 40107 70265 83471 333 59019 6002/=",
"43278099999","2023-11-03T09:00:00","4","13.0666666","80.2","7.0","NUMGAMBAKKAM, IN","FM-12","99999","V020","090,1,N,0010,1","99999,9,9,N","010000,1,9,9","+0298,1","+0262,1","10086,1","06,0030,3,1","5,1,02,1","2,1,02,1",,,"03,1,+00450,1,06,1","99,9,+99999,9,03,1","99,9,+99999,9,00,1",,"9,AGL   ,+99999,+99999","06,99,1,03,1,99,9,00450,1,99,9,99,9",,,"99999,9,10079,1","9,9,999,9,-014,1",,"29,1","SYN07043278 21497 60902 10298 20262 30079 40086 72952 83571 333 59014 6003/=",
"43278099999","2023-11-03T12:00:00","4","13.0666666","80.2","7.0","NUMGAMBAKKAM, IN","FM-12","99999","V020","999,9,C,0000,1","99999,9,9,N","010000,1,9,9","+0280,1","+0252,1","10089,1","09,0030,3,1","5,1,02,1","2,1,02,1",,,"03,1,+00800,1,06,1","99,9,+99999,9,03,1","99,9,+99999,9,00,1",,"9,AGL   ,+99999,+99999","06,99,1,03,1,99,9,00800,1,99,9,99,9",,,"99999,9,10083,1","9,9,999,9,-007,1",,"02,1","SYN07643278 21597 60000 10280 20252 30083 40089 70252 83571 333 10306 59007 6003/=",
"43278099999","2023-11-03T15:00:00","4","13.0666666","80.2","7.0","NUMGAMBAKKAM, IN","FM-12","99999","V020","360,1,N,0010,1","99999,9,9,N","004000,1,9,9","+0270,1","+0247,1","10105,1","12,0030,3,1","2,1,02,1","2,1,02,1",,,"03,1,+00800,1,06,1","99,9,+99999,9,03,1","99,9,+99999,9,00,1",,"9,AGL   ,+99999,+99999","06,99,1,03,1,99,9,00800,1,99,9,99,9",,,"99999,9,10098,1","9,9,999,9,-005,1",,"20,1","SYN07043278 21596 63602 10270 20247 30098 40105 72022 83571 333 59005 6003/=",
"43278099999","2023-11-04T00:00:00","4","13.0666666","80.2","7.0","NUMGAMBAKKAM, IN","FM-12","99999","V020","320,1,N,0010,1","99999,9,9,N","004000,1,9,9","+0252,1","+0252,1","10093,1","21,0160,3,1","9,1,02,1","6,1,02,1",,,"03,1,+00800,1,09,1","99,9,+99999,9,03,1",,,"9,AGL   ,+99999,+99999","07,99,1,03,1,99,9,00800,1,99,9,99,9",,,"99999,9,10086,1","9,9,999,9,-002,1",,"50,1","SYN07043278 21596 73202 10252 20252 30086 40093 75096 83370 333 59002 6016/=",
"43278099999","2023-11-04T03:00:00","4","13.0666666","80.2","7.0","NUMGAMBAKKAM, IN","FM-12","99999","V020","999,9,C,0000,1","99999,9,9,N","010000,1,9,9","+0252,1","+0249,1","10114,1","24,0420,3,1","9,1,02,1","5,1,02,1",,,"03,1,+00800,1,06,1","99,9,+99999,9,03,1","99,9,+99999,9,00,1",,"9,AGL   ,+99999,+99999","07,99,1,03,1,99,9,00800,1,99,9,99,9","240,M,+0306,1","240,N,+0246,1","99999,9,10107,1","9,9,999,9,+002,1",,"96,1","SYN09843278 21597 70000 10252 20249 30107 40114 79695 83571 333 10306 20246 58002 6042/ 555 00420 10187=",
"43278099999","2023-11-04T06:00:00","4","13.0666666","80.2","7.0","NUMGAMBAKKAM, IN","FM-12","99999","V020","340,1,N,0010,1","99999,9,9,N","010000,1,9,9","+0278,1","+0261,1","10106,1","03,0001,3,1","9,1,02,1","5,1,02,1",,,"03,1,+00800,1,06,1","99,9,+99999,9,03,1","99,9,+99999,9,00,1",,"9,AGL   ,+99999,+99999","06,99,1,03,1,99,9,00800,1,99,9,99,9",,,"99999,9,10099,1","9,9,999,9,-001,1",,"20,1","SYN07043278 21597 63402 10278 20261 30099 40106 72095 83571 333 59001 6991/=",
"43278099999","2023-11-04T09:00:00","4","13.0666666","80.2","7.0","NUMGAMBAKKAM, IN","FM-12","99999","V020","090,1,N,0010,1","22000,1,9,N","010000,1,9,9","+0308,1","+0266,1","10081,1","06,0001,3,1",,,,,"03,1,+00800,1,06,1","99,9,+99999,9,00,1",,,"9,AGL   ,+99999,+99999","04,99,1,03,1,99,9,00800,1,99,9,99,9",,,"99999,9,10074,1","9,9,999,9,-005,1",,,"SYN06443278 22597 40902 10308 20266 30074 40081 83401 333 59005 6991/=",
"43278099999","2023-11-04T12:00:00","4","13.0666666","80.2","7.0","NUMGAMBAKKAM, IN","FM-12","99999","V020","090,1,N,0015,1","99999,9,9,N","010000,1,9,9","+0278,1","+0252,1","10086,1","09,0001,3,1",,,,,"03,1,+00800,1,09,1","99,9,+99999,9,03,1",,,"9,AGL   ,+99999,+99999","08,99,1,03,1,99,9,00800,1,99,9,99,9",,,"99999,9,10079,1","9,9,999,9,-004,1",,,"SYN07043278 22597 80903 10278 20252 30079 40086 8337/ 333 10313 59004 6991/=",
"43278099999","2023-11-04T15:00:00","4","13.0666666","80.2","7.0","NUMGAMBAKKAM, IN","FM-12","99999","V020","360,1,N,0010,1","99999,9,9,N","004000,1,9,9","+0256,1","+0241,1","10108,1","12,0005,3,1","5,1,02,1","2,1,02,1",,,"02,1,+00800,1,06,1","99,9,+99999,9,04,1","99,9,+99999,9,00,1",,"9,AGL   ,+99999,+99999","06,99,1,02,1,99,9,00800,1,99,9,99,9",,,"99999,9,10101,1","9,9,999,9,+003,1",,"02,1","SYN07043278 21596 63602 10256 20241 30101 40108 70252 82511 333 58003 6995/=",
"43278099999","2023-11-05T00:00:00","4","13.0666666","80.2","7.0","NUMGAMBAKKAM, IN","FM-12","99999","V020","290,1,N,0005,1","99999,9,9,N","004000,1,9,9","+0254,1","+0248,1","10105,1","21,0005,3,1",,,,,"02,1,+00800,1,06,1","99,9,+99999,9,04,1","99,9,+99999,9,02,1",,"9,AGL   ,+99999,+99999","05,99,1,02,1,99,9,00800,1,99,9,99,9",,,"99999,9,10098,1","9,9,999,9,+012,1",,,"SYN06443278 22596 52901 10254 20248 30098 40105 82517 333 58012 6995/=",
"43278099999","2023-11-05T03:00:00","4","13.0666666","80.2","7.0","NUMGAMBAKKAM, IN","FM-12","99999","V020","270,1,N,0005,1","22000,1,9,N","010000,1,9,9","+0274,1","+0263,1","10129,1","24,0005,3,1",,,,,"01,1,+00800,1,08,1","99,9,+99999,9,05,1","99,9,+99999,9,00,1",,"9,AGL   ,+99999,+99999","04,99,1,01,1,99,9,00800,1,99,9,99,9","240,M,+0313,1","240,N,+0252,1","99999,9,10122,1","9,9,999,9,+015,1",,,"SYN09243278 22597 42701 10274 20263 30122 40129 81121 333 10313 20252 58015 6995/ 555 00005 10188=",
"43278099999","2023-11-05T06:00:00","4","13.0666666","80.2","7.0","NUMGAMBAKKAM, IN","FM-12","99999","V020","140,1,N,0005,1","99999,9,9,N","010000,1,9,9","+0296,1","+0254,1","10116,1",,,,,,"04,1,+00800,1,06,1","99,9,+99999,9,05,1","99,9,+99999,9,00,1",,"9,AGL   ,+99999,+99999","07,99,1,04,1,99,9,00800,1,99,9,99,9",,,"99999,9,10109,1","9,9,999,9,+010,1",,,"SYN05843278 32597 71401 10296 20254 30109 40116 84421 333 58010=",
"43278099999","2023-11-05T09:00:00","4","13.0666666","80.2","7.0","NUMGAMBAKKAM, IN","FM-12","99999","V020","050,1,N,0010,1","99999,9,9,N","010000,1,9,9","+0292,1","+0249,1","10102,1",,,,,,"03,1,+00800,1,06,1","99,9,+99999,9,03,1","99,9,+99999,9,00,1",,"9,AGL   ,+99999,+99999","06,99,1,03,1,99,9,00800,1,99,9,99,9",,,"99999,9,10095,1","9,9,999,9,+024,1",,,"SYN05843278 32597 60502 10292 20249 30095 40102 83571 333 58024=",
"43278099999","2023-11-05T15:00:00","4","13.0666666","80.2","7.0","NUMGAMBAKKAM, IN","FM-12","99999","V020","999,9,C,0000,1","22000,1,9,N","004000,1,9,9","+0274,1","+0257,1","10128,1","12,0000,2,1","2,1,02,1","2,1,02,1",,,"01,1,+00800,1,06,1","99,9,+99999,9,03,1","99,9,+99999,9,00,1",,"9,AGL   ,+99999,+99999","04,99,1,01,1,99,9,00800,1,99,9,99,9",,,"99999,9,10121,1","9,9,999,9,+020,1",,"20,1","SYN07043278 21596 40000 10274 20257 30121 40128 72022 81532 333 58020 6990/=",
"43278099999","2023-11-06T00:00:00","4","13.0666666","80.2","7.0","NUMGAMBAKKAM, IN","FM-12","99999","V020","999,9,C,0000,1","22000,1,9,N","004000,1,9,9","+0255,1","+0247,1","10118,1","21,0030,3,1","6,1,02,1","5,1,02,1",,,"02,1,+00800,1,06,1","99,9,+99999,9,00,1",,,"9,AGL   ,+99999,+99999","03,99,1,02,1,99,9,00800,1,99,9,99,9",,,"99999,9,10111,1","9,9,999,9,+013,1",,"01,1","SYN07043278 21596 30000 10255 20247 30111 40118 70165 82501 333 58013 6003/=",
"43278099999","2023-11-06T03:00:00","4","13.0666666","80.2","7.0","NUMGAMBAKKAM, IN","FM-12","99999","V020","999,9,C,0000,1","22000,1,9,N","010000,1,9,9","+0298,1","+0262,1","10135,1","24,0030,3,1",,,,,"02,1,+00800,1,06,1","99,9,+99999,9,03,1","99,9,+99999,9,00,1",,"9,AGL   ,+99999,+99999","04,99,1,02,1,99,9,00800,1,99,9,99,9","240,M,+0311,1","240,N,+0254,1","99999,9,10128,1","9,9,999,9,+006,1",,,"SYN09243278 22597 40000 10298 20262 30128 40135 82541 333 10311 20254 58006 6003/ 555 00035 10191=",
"43278099999","2023-11-06T06:00:00","4","13.0666666","80.2","7.0","NUMGAMBAKKAM, IN","FM-12","99999","V020","360,1,N,0010,1","99999,9,9,N","010000,1,9,9","+0290,1","+0253,1","10134,1",,,,,,"03,1,+00800,1,06,1","99,9,+99999,9,03,1","99,9,+99999,9,00,1",,"9,AGL   ,+99999,+99999","07,99,1,03,1,99,9,00800,1,99,9,99,9",,,"99999,9,10127,1","9,9,999,9,+018,1",,,"SYN05843278 32597 73602 10290 20253 30127 40134 83571 333 58018=",
"43278099999","2023-11-06T09:00:00","4","13.0666666","80.2","7.0","NUMGAMBAKKAM, IN","FM-12","99999","V020","050,1,N,0010,1","22000,1,9,N","010000,1,9,9","+0300,1","+0243,1","10109,1",,,,,,"02,1,+00800,1,06,1","99,9,+99999,9,00,1",,,"9,AGL   ,+99999,+99999","04,99,1,02,1,99,9,00800,1,99,9,99,9",,,"99999,9,10102,1","9,9,999,9,+009,1",,,"SYN05843278 32597 40502 10300 20243 30102 40109 82401 333 58009=",
"43278099999","2023-11-06T12:00:00","4","13.0666666","80.2","7.0","NUMGAMBAKKAM, IN","FM-12","99999","V020","050,1,N,0010,1","99999,9,9,N","010000,1,9,9","+0284,1","+0235,1","10111,1",,,,,,"02,1,+00800,1,06,1","99,9,+99999,9,04,1","99,9,+99999,9,00,1",,"9,AGL   ,+99999,+99999","06,99,1,02,1,99,9,00800,1,99,9,99,9",,,"99999,9,10104,1","9,9,999,9,+005,1",,,"SYN06443278 32597 60502 10284 20235 30104 40111 82511 333 10310 58005=",
"43278099999","2023-11-06T15:00:00","4","13.0666666","80.2","7.0","NUMGAMBAKKAM, IN","FM-12","99999","V020","050,1,N,0010,1","22000,1,9,N","004000,1,9,9","+0278,1","+0240,1","10129,1",,,,,,"03,1,+00800,1,06,1",,,,"9,AGL   ,+99999,+99999","03,99,1,03,1,99,9,00800,1,99,9,99,9",,,"99999,9,10122,1","9,9,999,9,+001,1",,,"SYN05843278 32596 30502 10278 20240 30122 40129 83500 333 58001=",
"43278099999","2023-11-07T00:00:00","4","13.0666666","80.2","7.0","NUMGAMBAKKAM, IN","FM-12","99999","V020","999,9,C,0000,1","22000,1,9,N","004000,1,9,9","+0256,1","+0253,1","10119,1","21,0030,3,1","2,1,02,1","2,1,02,1",,,"02,1,+00800,1,06,1","99,9,+99999,9,05,1","99,9,+99999,9,00,1",,"9,AGL   ,+99999,+99999","04,99,1,02,1,99,9,00800,1,99,9,99,9",,,"99999,9,10112,1","9,9,999,9,+001,1",,"29,1","SYN07043278 21596 40000 10256 20253 30112 40119 72922 82521 333 58001 6003/=",
"43278099999","2023-11-07T03:00:00","4","13.0666666","80.2","7.0","NUMGAMBAKKAM, IN","FM-12","99999","V020","050,1,N,0005,1","99999,9,9,N","010000,1,9,9","+0264,1","+0253,1","10138,1","24,0040,3,1","6,1,02,1","5,1,02,1",,,"03,1,+00800,1,06,1","99,9,+99999,9,03,1","99,9,+99999,9,00,1",,"9,AGL   ,+99999,+99999","07,99,1,03,1,99,9,00800,1,99,9,99,9","240,M,+0310,1","240,N,+0256,1","99999,9,10131,1","9,9,999,9,+003,1",,"02,1","SYN09843278 21597 70501 10264 20253 30131 40138 70265 83571 333 10310 20256 58003 6004/ 555 00037 10195=",
"43278099999","2023-11-07T06:00:00","4","13.0666666","80.2","7.0","NUMGAMBAKKAM, IN","FM-12","99999","V020","360,1,N,0010,1","99999,9,9,N","004000,1,9,9","+0280,1","+0252,1","10135,1","03,0006,3,1","6,1,02,1","5,1,02,1",,,"04,1,+00800,1,06,1","99,9,+99999,9,03,1","99,9,+99999,9,00,1",,"9,AGL   ,+99999,+99999","07,99,1,04,1,99,9,00800,1,99,9,99,9",,,"99999,9,10128,1","9,9,999,9,+001,1",,"60,1","SYN07043278 21596 73602 10280 20252 30128 40135 76065 84571 333 58001 6996/=",
"43278099999","2023-11-07T09:00:00","4","13.0666666","80.2","7.0","NUMGAMBAKKAM, IN","FM-12","99999","V020","050,1,N,0010,1","99999,9,9,N","010000,1,9,9","+0314,1","+0258,1","10110,1","06,0006,3,1",,,,,"04,1,+00800,1,09,1","99,9,+99999,9,03,1","99,9,+99999,9,00,1",,"9,AGL   ,+99999,+99999","07,99,1,04,1,99,9,00800,1,99,9,99,9",,,"99999,9,10103,1","9,9,999,9,+001,1",,,"SYN06443278 22597 70502 10314 20258 30103 40110 84371 333 58001 6996/=",
"43278099999","2023-11-07T12:00:00","4","13.0666666","80.2","7.0","NUMGAMBAKKAM, IN","FM-12","99999","V020","050,1,N,0015,1","99999,9,9,N","010000,1,9,9","+0280,1","+0246,1","10111,1","09,0006,3,1",,,,,"03,1,+00800,1,06,1","99,9,+99999,9,03,1","99,9,+99999,9,00,1",,"9,AGL   ,+99999,+99999","06,99,1,03,1,99,9,00800,1,99,9,99,9",,,"99999,9,10104,1","9,9,999,9,+000,1",,,"SYN07043278 22597 60503 10280 20246 30104 40111 83471 333 10316 58000 6996/=",
"43278099999","2023-11-07T15:00:00","4","13.0666666","80.2","7.0","NUMGAMBAKKAM, IN","FM-12","99999","V020","999,9,C,0000,1","99999,9,9,N","010000,1,9,9","+0275,1","+0257,1","10130,1","12,0006,3,1",,,,,"03,1,+00800,1,06,1","99,9,+99999,9,03,1","99,9,+99999,9,00,1",,"9,AGL   ,+99999,+99999","05,99,1,03,1,99,9,00800,1,99,9,99,9",,,"99999,9,10123,1","9,9,999,9,+001,1",,,"SYN06443278 22597 50200 10275 20257 30123 40130 83531 333 58001 6996/=",
"43278099999","2023-11-08T00:00:00","4","13.0666666","80.2","7.0","NUMGAMBAKKAM, IN","FM-12","99999","V020","999,9,C,0000,1","99999,9,9,N","004000,1,9,9","+0254,1","+0248,1","10117,1","21,0100,3,1","9,1,02,1","5,1,02,1",,,"04,1,+00800,1,06,1","99,9,+99999,9,03,1",,,"9,AGL   ,+99999,+99999","08,99,1,04,1,99,9,00800,1,99,9,99,9",,,"99999,9,10110,1","9,9,999,9,-002,1",,"50,1","SYN07043278 21596 80000 10254 20248 30110 40117 75095 8457/ 333 59002 6010/=",
"43278099999","2023-11-08T03:00:00","4","13.0666666","80.2","7.0","NUMGAMBAKKAM, IN","FM-12","99999","V020","320,1,N,0010,1","22000,1,9,N","010000,1,9,9","+0284,1","+0262,1","10130,1","24,0100,3,1","2,1,02,1","2,1,02,1",,,"99,9,+99999,9,00,1",,,,"9,AGL   ,+99999,+99999","02,99,1,00,1,99,9,99999,9,99,9,99,9","240,M,+0315,1","240,N,+0251,1","99999,9,10123,1","9,9,999,9,-008,1",,"20,1","SYN09843278 21997 23202 10284 20262 30123 40130 72022 80001 333 10315 20251 59008 6010/ 555 00097 10205=","Q01    003SCCGA1"
"43278099999","2023-11-08T06:00:00","4","13.0666666","80.2","7.0","NUMGAMBAKKAM, IN","FM-12","99999","V020","050,1,N,0010,1","99999,9,9,N","004000,1,9,9","+0314,1","+0255,1","10127,1",,,,,,"04,1,+00450,1,09,1","99,9,+99999,9,03,1","99,9,+99999,9,00,1",,"9,AGL   ,+99999,+99999","07,99,1,04,1,99,9,00450,1,99,9,99,9",,,"99999,9,10120,1","9,9,999,9,-008,1",,,"SYN05843278 32496 70502 10314 20255 30120 40127 84371 333 59008=",
"43278099999","2023-11-08T09:00:00","4","13.0666666","80.2","7.0","NUMGAMBAKKAM, IN","FM-12","99999","V020","050,1,N,0010,1","99999,9,9,N","010000,1,9,9","+0322,1","+0256,1","10103,1",,,,,,"03,1,+00800,1,06,1","99,9,+99999,9,03,1","99,9,+99999,9,00,1",,"9,AGL   ,+99999,+99999","07,99,1,03,1,99,9,00800,1,99,9,99,9",,,"99999,9,10096,1","9,9,999,9,-007,1",,,"SYN05843278 32597 70502 10322 20256 30096 40103 83431 333 59007=",
"43278099999","2023-11-08T12:00:00","4","13.0666666","80.2","7.0","NUMGAMBAKKAM, IN","FM-12","99999","V020","050,1,N,0010,1","99999,9,9,N","010000,1,9,9","+0282,1","+0242,1","10106,1",,,,,,"02,1,+00800,1,06,1","99,9,+99999,9,05,1","99,9,+99999,9,00,1",,"9,AGL   ,+99999,+99999","05,99,1,02,1,99,9,00800,1,99,9,99,9",,,"99999,9,10099,1","9,9,999,9,-005,1",,,"SYN06443278 32597 50502 10282 20242 30099 40106 82521 333 10326 59005=",
"43278099999","2023-11-08T15:00:00","4","13.0666666","80.2","7.0","NUMGAMBAKKAM, IN","FM-12","99999","V020","999,9,C,0000,1","99999,9,9,N","010000,1,9,9","+0282,1","+0258,1","10128,1",,,,,,"03,1,+00800,1,06,1","99,9,+99999,9,04,1","99,9,+99999,9,00,1",,"9,AGL   ,+99999,+99999","07,99,1,03,1,99,9,00800,1,99,9,99,9",,,"99999,9,10121,1","9,9,999,9,-002,1",,,"SYN05843278 32597 70000 10282 20258 30121 40128 83511 333 59002=",
"43278099999","2023-11-09T00:00:00","4","13.0666666","80.2","7.0","NUMGAMBAKKAM, IN","FM-12","99999","V020","360,1,N,0005,1","99999,9,9,N","004000,1,9,9","+0260,1","+0246,1","10119,1",,"2,1,02,1","1,1,02,1",,,"03,1,+00800,1,07,1","99,9,+99999,9,05,1",,,"9,AGL   ,+99999,+99999","06,99,1,03,1,99,9,00800,1,99,9,99,9",,,"99999,9,10112,1","9,9,999,9,+002,1",,"13,1","SYN06443278 31596 63601 10260 20246 30112 40119 71321 8362/ 333 58002=",
"43278099999","2023-11-09T03:00:00","4","13.0666666","80.2","7.0","NUMGAMBAKKAM, IN","FM-12","99999","V020","999,9,C,0000,1","99999,9,9,N","010000,1,9,9","+0274,1","+0248,1","10144,1",,,,,,"04,1,+00800,1,06,1","99,9,+99999,9,04,1",,,"9,AGL   ,+99999,+99999","08,99,1,04,1,99,9,00800,1,99,9,99,9","240,M,+0326,1","240,N,+0258,1","99999,9,10137,1","9,9,999,9,+014,1",,,"SYN08043278 32597 80000 10274 20248 30137 40144 84410 333 10326 20258 58014 555 10205=",
"43278099999","2023-11-09T06:00:00","4","13.0666666","80.2","7.0","NUMGAMBAKKAM, IN","FM-12","99999","V020","999,9,C,0000,1","99999,9,9,N","010000,1,9,9","+0295,1","+0269,1","10130,1","03,0010,3,1","2,1,02,1","2,1,02,1",,,"04,1,+00800,1,09,1","99,9,+99999,9,03,1",,,"9,AGL   ,+99999,+99999","07,99,1,04,1,99,9,00800,1,99,9,99,9",,,"99999,9,10123,1","9,9,999,9,+003,1",,"50,1","SYN07043278 21597 70000 10295 20269 30123 40130 75022 84970 333 58003 6001/=",
"43278099999","2023-11-09T09:00:00","4","13.0666666","80.2","7.0","NUMGAMBAKKAM, IN","FM-12","99999","V020","340,1,N,0010,1","99999,9,9,N","010000,1,9,9","+0290,1","+0253,1","10111,1","06,0010,3,1","5,1,02,1","2,1,02,1",,,"03,1,+00800,1,06,1","99,9,+99999,9,03,1","99,9,+99999,9,00,1",,"9,AGL   ,+99999,+99999","07,99,1,03,1,99,9,00800,1,99,9,99,9",,,"99999,9,10104,1","9,9,999,9,+008,1",,"21,1","SYN07043278 21597 73402 10290 20253 30104 40111 72152 83571 333 58008 6001/=",
"43278099999","2023-11-09T12:00:00","4","13.0666666","80.2","7.0","NUMGAMBAKKAM, IN","FM-12","99999","V020","090,1,N,0005,1","99999,9,9,N","004000,1,9,9","+0264,1","+0261,1","10111,1","09,0070,3,1","5,1,02,1","2,1,02,1",,,"04,1,+00800,1,06,1","99,9,+99999,9,03,1","99,9,+99999,9,00,1",,"9,AGL   ,+99999,+99999","08,99,1,04,1,99,9,00800,1,99,9,99,9",,,"99999,9,10104,1","9,9,999,9,+005,1",,"60,1","SYN07643278 21596 80901 10264 20261 30104 40111 76052 84571 333 10307 58005 6007/=",
"43278099999","2023-11-09T15:00:00","4","13.0666666","80.2","7.0","NUMGAMBAKKAM, IN","FM-12","99999","V020","999,9,C,0000,1","99999,9,9,N","004000,1,9,9","+0254,1","+0251,1","10137,1","12,0120,3,1","5,1,02,1","2,1,02,1",,,"03,1,+00800,1,06,1","99,9,+99999,9,03,1","99,9,+99999,9,00,1",,"9,AGL   ,+99999,+99999","07,99,1,03,1,99,9,00800,1,99,9,99,9",,,"99999,9,10130,1","9,9,999,9,+009,1",,"60,1","SYN07043278 21596 70000 10254 20251 30130 40137 76052 83571 333 58009 6012/=",
"43278099999","2023-11-10T00:00:00","4","13.0666666","80.2","7.0","NUMGAMBAKKAM, IN","FM-12","99999","V020","999,9,C,0000,1","99999,9,9,N","004000,1,9,9","+0253,1","+0244,1","10132,1","21,0130,3,1","6,1,02,1","5,1,02,1",,,"03,1,+00800,1,06,1","99,9,+99999,9,03,1","99,9,+99999,9,00,1",,"9,AGL   ,+99999,+99999","06,99,1,03,1,99,9,00800,1,99,9,99,9",,,"99999,9,10125,1","9,9,999,9,+013,1",,"01,1","SYN07043278 21596 60000 10253 20244 30125 40132 70165 83531 333 58013 6013/=",
"43278099999","2023-11-10T03:00:00","4","13.0666666","80.2","7.0","NUMGAMBAKKAM, IN","FM-12","99999","V020","999,9,C,0000,1","99999,9,9,N","010000,1,9,9","+0270,1","+0262,1","10151,1","24,0130,3,1",,,,,"02,1,+00800,1,06,1","99,9,+99999,9,03,1","99,9,+99999,9,02,1",,"9,AGL   ,+99999,+99999","08,99,1,02,1,99,9,00800,1,99,9,99,9","240,M,+0307,1","240,N,+0251,1","99999,9,10144,1","9,9,999,9,+007,1",,,"SYN09243278 22597 80000 10270 20262 30144 40151 82476 333 10307 20251 58007 6013/ 555 00126 10217=",
"43278099999","2023-11-10T06:00:00","4","13.0666666","80.2","7.0","NUMGAMBAKKAM, IN","FM-12","99999","V020","050,1,N,0031,1","99999,9,9,N","010000,1,9,9","+0304,1","+0259,1","10143,1",,,,,,"03,1,+00800,1,06,1","99,9,+99999,9,03,1","99,9,+99999,9,02,1",,"9,AGL   ,+99999,+99999","07,99,1,03,1,99,9,00800,1,99,9,99,9",,,"99999,9,10136,1","9,9,999,9,+013,1",,,"SYN05843278 32597 70506 10304 20259 30136 40143 83476 333 58013=",
"43278099999","2023-11-10T09:00:00","4","13.0666666","80.2","7.0","NUMGAMBAKKAM, IN","FM-12","99999","V020","020,1,N,0021,1","99999,9,9,N","004000,1,9,9","+0300,1","+0252,1","10122,1",,,,,,"01,1,+00800,1,06,1","99,9,+99999,9,03,1","99,9,+99999,9,00,1",,"9,AGL   ,+99999,+99999","05,99,1,01,1,99,9,00800,1,99,9,99,9",,,"99999,9,10115,1","9,9,999,9,+011,1",,,"SYN05843278 32596 50204 10300 20252 30115 40122 81571 333 58011=",
"43278099999","2023-11-10T12:00:00","4","13.0666666","80.2","7.0","NUMGAMBAKKAM, IN","FM-12","99999","V020","050,1,N,0021,1","22000,1,9,N","004000,1,9,9","+0288,1","+0233,1","10121,1",,,,,,"02,1,+00800,1,06,1","99,9,+99999,9,03,1","99,9,+99999,9,00,1",,"9,AGL   ,+99999,+99999","04,99,1,02,1,99,9,00800,1,99,9,99,9",,,"99999,9,10114,1","9,9,999,9,+010,1",,,"SYN06443278 32596 40504 10288 20233 30114 40121 82531 333 10311 58010=",
"43278099999","2023-11-10T15:00:00","4","13.0666666","80.2","7.0","NUMGAMBAKKAM, IN","FM-12","99999","V020","050,1,N,0015,1","22000,1,9,N","004000,1,9,9","+0274,1","+0233,1","10147,1",,,,,,"02,1,+02250,1,03,1","99,9,+99999,9,00,1",,,"9,AGL   ,+99999,+99999","03,99,1,02,1,99,9,02250,1,99,9,99,9",,,"99999,9,10140,1","9,9,999,9,+010,1",,,"SYN05843278 32896 30503 10274 20233 30140 40147 82071 333 58010=",
"43278099999","2023-11-11T00:00:00","4","13.0666666","80.2","7.0","NUMGAMBAKKAM, IN","FM-12","99999","V020","999,9,C,0000,1","22000,1,9,N","004000,1,9,9","+0246,1","+0231,1","10136,1",,,,,,"02,1,+00800,1,06,1","99,9,+99999,9,00,1",,,"9,AGL   ,+99999,+99999","03,99,1,02,1,99,9,00800,1,99,9,99,9",,,"99999,9,10129,1","9,9,999,9,+004,1",,,"SYN05843278 32596 30000 10246 20231 30129 40136 82501 333 58004=",
"43278099999","2023-11-11T03:00:00","4","13.0666666","80.2","7.0","NUMGAMBAKKAM, IN","FM-12","99999","V020","320,1,N,0010,1","99999,9,9,N","010000,1,9,9","+0274,1","+0242,1","10151,1",,,,,,"03,1,+00800,1,06,1","99,9,+99999,9,03,1","99,9,+99999,9,00,1",,"9,AGL   ,+99999,+99999","05,99,1,03,1,99,9,00800,1,99,9,99,9","240,M,+0311,1","240,N,+0245,1","99999,9,10144,1","9,9,999,9,+000,1",,,"SYN08043278 32597 53202 10274 20242 30144 40151 83531 333 10311 20245 58000 555 10217=",
"43278099999","2023-11-11T06:00:00","4","13.0666666","80.2","7.0","NUMGAMBAKKAM, IN","FM-12","99999","V020","050,1,N,0026,1","99999,9,9,N","010000,1,9,9","+0300,1","+0227,1","10144,1",,,,,,"03,1,+00800,1,06,1","99,9,+99999,9,03,1","99,9,+99999,9,00,1",,"9,AGL   ,+99999,+99999","05,99,1,03,1,99,9,00800,1,99,9,99,9",,,"99999,9,10137,1","9,9,999,9,+001,1",,,"SYN05843278 32597 50505 10300 20227 30137 40144 83531 333 58001=",
"43278099999","2023-11-11T09:00:00","4","13.0666666","80.2","7.0","NUMGAMBAKKAM, IN","FM-12","99999","V020","050,1,N,0041,1","99999,9,9,N","010000,1,9,9","+0306,1","+0230,1","10123,1",,,,,,"03,1,+00800,1,06,1","99,9,+99999,9,05,1","99,9,+99999,9,00,1",,"9,AGL   ,+99999,+99999","06,99,1,03,1,99,9,00800,1,99,9,99,9",,,"99999,9,10116,1","9,9,999,9,+001,1",,,"SYN05843278 32597 60508 10306 20230 30116 40123 83521 333 58001=",
"43278099999","2023-11-11T12:00:00","4","13.0666666","80.2","7.0","NUMGAMBAKKAM, IN","FM-12","99999","V020","050,1,N,0015,1","22000,1,9,N","010000,1,9,9","+0288,1","+0223,1","10126,1",,,,,,"02,1,+00800,1,06,1","99,9,+99999,9,04,1",,,"9,AGL   ,+99999,+99999","04,99,1,02,1,99,9,00800,1,99,9,99,9",,,"99999,9,10119,1","9,9,999,9,+005,1",,,"SYN06443278 32597 40503 10288 20223 30119 40126 82510 333 10313 58005=",
"43278099999","2023-11-11T15:00:00","4","13.0666666","80.2","7.0","NUMGAMBAKKAM, IN","FM-12","99999","V020","050,1,N,0021,1","22000,1,9,N","004000,1,9,9","+0278,1","+0212,1","10147,1",,,,,,"01,1,+00450,1,06,1","99,9,+99999,9,04,1",,,"9,AGL   ,+99999,+99999","02,99,1,01,1,99,9,00450,1,99,9,99,9",,,"99999,9,10140,1","9,9,999,9,+000,1",,,"SYN05843278 32496 20504 10278 20212 30140 40147 81510 333 58000=",
"43278099999","2023-11-12T00:00:00","4","13.0666666","80.2","7.0","NUMGAMBAKKAM, IN","FM-12","99999","V020","340,1,N,0010,1","22000,1,9,N","004000,1,9,9","+0248,1","+0224,1","10135,1",,,,,,"01,1,+00800,1,06,1","99,9,+99999,9,00,1",,,"9,AGL   ,+99999,+99999","02,99,1,01,1,99,9,00800,1,99,9,99,9",,,"99999,9,10128,1","9,9,999,9,-001,1",,,"SYN05843278 32596 23402 10248 20224 30128 40135 81501 333 59001=",
"43278099999","2023-11-12T03:00:00","4","13.0666666","80.2","7.0","NUMGAMBAKKAM, IN","FM-12","99999","V020","050,1,N,0015,1","22000,1,9,N","004000,1,9,9","+0280,1","+0241,1","10154,1",,,,,,"01,1,+00800,1,06,1","99,9,+99999,9,04,1","99,9,+99999,9,00,1",,"9,AGL   ,+99999,+99999","03,99,1,01,1,99,9,00800,1,99,9,99,9","240,M,+0313,1","240,N,+0244,1","99999,9,10147,1","9,9,999,9,+003,1",,,"SYN08043278 32596 30503 10280 20241 30147 40154 81511 333 10313 20244 58003 555 10217=",
"43278099999","2023-11-12T06:00:00","4","13.0666666","80.2","7.0","NUMGAMBAKKAM, IN","FM-12","99999","V020","050,1,N,0026,1","22000,1,9,N","010000,1,9,9","+0306,1","+0230,1","10141,1",,,,,,"02,1,+00800,1,06,1","99,9,+99999,9,04,1",,,"9,AGL   ,+99999,+99999","04,99,1,02,1,99,9,00800,1,99,9,99,9",,,"99999,9,10134,1","9,9,999,9,-003,1",,,"SYN05843278 32597 40505 10306 20230 30134 40141 82510 333 59003=",
"43278099999","2023-11-12T09:00:00","4","13.0666666","80.2","7.0","NUMGAMBAKKAM, IN","FM-12","99999","V020","050,1,N,0031,1","22000,1,9,N","004000,1,9,9","+0304,1","+0225,1","10118,1",,,,,,"02,1,+00800,1,06,1","99,9,+99999,9,04,1",,,"9,AGL   ,+99999,+99999","03,99,1,02,1,99,9,00800,1,99,9,99,9",,,"99999,9,10111,1","9,9,999,9,-005,1",,,"SYN05843278 32596 30506 10304 20225 30111 40118 82510 333 59005=",
"43278099999","2023-11-12T12:00:00","4","13.0666666","80.2","7.0","NUMGAMBAKKAM, IN","FM-12","99999","V020","020,1,N,0015,1","22000,1,9,N","004000,1,9,9","+0288,1","+0226,1","10127,1",,,,,,"01,1,+00800,1,06,1","99,9,+99999,9,04,1",,,"9,AGL   ,+99999,+99999","02,99,1,01,1,99,9,00800,1,99,9,99,9",,,"99999,9,10120,1","9,9,999,9,+001,1",,,"SYN06443278 32596 20203 10288 20226 30120 40127 81510 333 10317 58001=",
"43278099999","2023-11-12T15:00:00","4","13.0666666","80.2","7.0","NUMGAMBAKKAM, IN","FM-12","99999","V020","360,1,N,0021,1","22000,1,9,N","004000,1,9,9","+0278,1","+0234,1","10144,1",,,,,,"02,1,+00450,1,06,1","99,9,+99999,9,04,1",,,"9,AGL   ,+99999,+99999","03,99,1,02,1,99,9,00450,1,99,9,99,9",,,"99999,9,10137,1","9,9,999,9,-003,1",,,"SYN05843278 32496 33604 10278 20234 30137 40144 82510 333 59003=",
"43278099999","2023-11-13T00:00:00","4","13.0666666","80.2","7.0","NUMGAMBAKKAM, IN","FM-12","99999","V020","340,1,N,0010,1","99999,9,9,N","004000,1,9,9","+0254,1","+0239,1","10124,1",,,,,,"02,1,+00800,1,06,1","99,9,+99999,9,04,1","99,9,+99999,9,00,1",,"9,AGL   ,+99999,+99999","06,99,1,02,1,99,9,00800,1,99,9,99,9",,,"99999,9,10117,1","9,9,999,9,-011,1",,,"SYN05843278 32596 63402 10254 20239 30117 40124 82511 333 59011=",
"43278099999","2023-11-13T03:00:00","4","13.0666666","80.2","7.0","NUMGAMBAKKAM, IN","FM-12","99999","V020","340,1,N,0015,1","99999,9,9,N","004000,1,9,9","+0268,1","+0242,1","10145,1",,,,,,"02,1,+00450,1,06,1","99,9,+99999,9,04,1",,,"9,AGL   ,+99999,+99999","08,99,1,02,1,99,9,00450,1,99,9,99,9","240,M,+0317,1","240,N,+0250,1","99999,9,10138,1","9,9,999,9,-009,1",,,"SYN08043278 32496 83403 10268 20242 30138 40145 8251/ 333 10317 20250 59009 555 10217=",
"43278099999","2023-11-13T06:00:00","4","13.0666666","80.2","7.0","NUMGAMBAKKAM, IN","FM-12","99999","V020","050,1,N,0041,1","99999,9,9,N","004000,1,9,9","+0312,1","+0237,1","10137,1",,,,,,"02,1,+00800,1,06,1","99,9,+99999,9,04,1","99,9,+99999,9,00,1",,"9,AGL   ,+99999,+99999","05,99,1,02,1,99,9,00800,1,99,9,99,9",,,"99999,9,10130,1","9,9,999,9,-004,1",,,"SYN05843278 32596 50508 10312 20237 30130 40137 82511 333 59004=",
"43278099999","2023-11-13T09:00:00","4","13.0666666","80.2","7.0","NUMGAMBAKKAM, IN","FM-12","99999","V020","050,1,N,0015,1","99999,9,9,N","004000,1,9,9","+0304,1","+0238,1","10116,1",,,,,,"02,1,+00800,1,06,1","99,9,+99999,9,03,1","99,9,+99999,9,02,1",,"9,AGL   ,+99999,+99999","08,99,1,02,1,99,9,00800,1,99,9,99,9",,,"99999,9,10109,1","9,9,999,9,-002,1",,,"SYN05843278 32596 80503 10304 20238 30109 40116 82577 333 59002=",
"43278099999","2023-11-13T12:00:00","4","13.0666666","80.2","7.0","NUMGAMBAKKAM, IN","FM-12","99999","V020","050,1,N,0021,1","99999,9,9,N","004000,1,9,9","+0292,1","+0240,1","10112,1",,,,,,"02,1,+00800,1,06,1","99,9,+99999,9,03,1","99,9,+99999,9,02,1",,"9,AGL   ,+99999,+99999","08,99,1,02,1,99,9,00800,1,99,9,99,9",,,"99999,9,10105,1","9,9,999,9,-015,1",,,"SYN06443278 32596 80504 10292 20240 30105 40112 82477 333 10321 59015=",
"43278099999","2023-11-13T15:00:00","4","13.0666666","80.2","7.0","NUMGAMBAKKAM, IN","FM-12","99999","V020","020,1,N,0041,1","99999,9,9,N","004000,1,9,9","+0290,1","+0235,1","10127,1",,,,,,"02,1,+00800,1,06,1","99,9,+99999,9,03,1","99,9,+99999,9,02,1",,"9,AGL   ,+99999,+99999","08,99,1,02,1,99,9,00800,1,99,9,99,9",,,"99999,9,10120,1","9,9,999,9,-017,1",,,"SYN05843278 32596 80208 10290 20235 30120 40127 82477 333 59017=",
"43278099999","2023-11-14T00:00:00","4","13.0666666","80.2","7.0","NUMGAMBAKKAM, IN","FM-12","99999","V020","050,1,N,0010,1","99999,9,9,N","004000,1,9,9","+0246,1","+0240,1","10119,1","21,0250,3,1","6,1,02,1","2,1,02,1",,,"05,1,+00800,1,06,1","99,9,+99999,9,03,1",,,"9,AGL   ,+99999,+99999","07,99,1,05,1,99,9,00800,1,99,9,99,9",,,"99999,9,10112,1","9,9,999,9,-005,1",,"01,1","SYN07043278 21596 70502 10246 20240 30112 40119 70162 85570 333 59005 6025/=",
"43278099999","2023-11-14T03:00:00","4","13.0666666","80.2","7.0","NUMGAMBAKKAM, IN","FM-12","99999","V020","340,1,N,0010,1","99999,9,9,N","004000,1,9,9","+0260,1","+0251,1","10138,1","24,0250,3,1",,,,,"02,1,+00800,1,07,1","99,9,+99999,9,03,1","99,9,+99999,9,02,1",,"9,AGL   ,+99999,+99999","08,99,1,02,1,99,9,00800,1,99,9,99,9","240,M,+0321,1","240,N,+0241,1","99999,9,10131,1","9,9,999,9,-007,1",,,"SYN09243278 22596 83402 10260 20251 30131 40138 82676 333 10321 20241 59007 6025/ 555 00250 10242=",
"43278099999","2023-11-14T06:00:00","4","13.0666666","80.2","7.0","NUMGAMBAKKAM, IN","FM-12","99999","V020","020,1,N,0010,1","99999,9,9,N","004000,1,9,9","+0242,1","+0236,1","10139,1","03,0070,3,1","6,1,02,1","2,1,02,1",,,"05,1,+00800,1,07,1","99,9,+99999,9,05,1",,,"9,AGL   ,+99999,+99999","08,99,1,05,1,99,9,00800,1,99,9,99,9",,,"99999,9,10132,1","9,9,999,9,+002,1",,"60,1","SYN07043278 21596 80202 10242 20236 30132 40139 76062 8572/ 333 58002 6007/=",
"43278099999","2023-11-14T09:00:00","4","13.0666666","80.2","7.0","NUMGAMBAKKAM, IN","FM-12","99999","V020","050,1,N,0010,1","99999,9,9,N","004000,1,9,9","+0244,1","+0241,1","10104,1","06,0280,3,1","6,1,02,1","5,1,02,1",,,"03,1,+00450,1,09,1","99,9,+99999,9,03,1",,,"9,AGL   ,+99999,+99999","08,99,1,03,1,99,9,00450,1,99,9,99,9",,,"99999,9,10097,1","9,9,999,9,-012,1",,"60,1","SYN07043278 21496 80502 10244 20241 30097 40104 76065 8337/ 333 59012 6028/=",
"43278099999","2023-11-14T12:00:00","4","13.0666666","80.2","7.0","NUMGAMBAKKAM, IN","FM-12","99999","V020","360,1,N,0010,1","99999,9,9,N","004000,1,9,9","+0256,1","+0250,1","10115,1","09,0310,3,1","6,1,02,1","2,1,02,1",,,"03,1,+00450,1,06,1","99,9,+99999,9,03,1",,,"9,AGL   ,+99999,+99999","08,99,1,03,1,99,9,00450,1,99,9,99,9",,,"99999,9,10108,1","9,9,999,9,+003,1",,"02,1","SYN07643278 21496 83602 10256 20250 30108 40115 70262 8357/ 333 10262 58003 6031/=",
"43278099999","2023-11-14T15:00:00","4","13.0666666","80.2","7.0","NUMGAMBAKKAM, IN","FM-12","99999","V020","050,1,N,0010,1","99999,9,9,N","004000,1,9,9","+0246,1","+0240,1","10128,1","12,0490,3,1","6,1,02,1","5,1,02,1",,,"03,1,+00450,1,06,1","99,9,+99999,9,03,1",,,"9,AGL   ,+99999,+99999","08,99,1,03,1,99,9,00450,1,99,9,99,9",,,"99999,9,10121,1","9,9,999,9,+001,1",,"61,1","SYN07043278 21496 80502 10246 20240 30121 40128 76165 8357/ 333 58001 6049/=",
"43278099999","2023-11-15T00:00:00","4","13.0666666","80.2","7.0","NUMGAMBAKKAM, IN","FM-12","99999","V020","020,1,N,0021,1","99999,9,9,N","004000,1,9,9","+0246,1","+0243,1","10110,1","21,0710,3,1","6,1,02,1","5,1,02,1",,,"03,1,+00800,1,06,1","99,9,+99999,9,04,1",,,"9,AGL   ,+99999,+99999","06,99,1,03,1,99,9,00800,1,99,9,99,9",,,"99999,9,10103,1","9,9,999,9,-009,1",,"01,1","SYN07043278 21596 60204 10246 20243 30103 40110 70165 83510 333 59009 6071/=",
"43278099999","2023-11-15T03:00:00","4","13.0666666","80.2","7.0","NUMGAMBAKKAM, IN","FM-12","99999","V020","020,1,N,0021,1","99999,9,9,N","004000,1,9,9","+0252,1","+0246,1","10130,1","24,0710,3,1","5,1,02,1","2,1,02,1",,,"05,1,+00800,1,07,1","99,9,+99999,9,05,1",,,"9,AGL   ,+99999,+99999","08,99,1,05,1,99,9,00800,1,99,9,99,9","240,M,+0262,1","240,N,+0240,1","99999,9,10123,1","9,9,999,9,-008,1",,"50,1","SYN09843278 21596 80204 10252 20246 30123 40130 75052 8572/ 333 10262 20240 59008 6071/ 555 00708 10313=",
"43278099999","2023-11-15T06:00:00","4","13.0666666","80.2","7.0","NUMGAMBAKKAM, IN","FM-12","99999","V020","340,1,N,0021,1","99999,9,9,N","004000,1,9,9","+0252,1","+0246,1","10126,1","03,0003,3,1","5,1,02,1","2,1,02,1",,,"05,1,+00800,1,07,1","99,9,+99999,9,05,1",,,"9,AGL   ,+99999,+99999","08,99,1,05,1,99,9,00800,1,99,9,99,9",,,"99999,9,10119,1","9,9,999,9,-013,1",,"51,1","SYN07043278 21596 83404 10252 20246 30119 40126 75152 8572/ 333 59013 6993/=",
"43278099999","2023-11-15T09:00:00","4","13.0666666","80.2","7.0","NUMGAMBAKKAM, IN","FM-12","99999","V020","999,9,C,0000,1","99999,9,9,N","004000,1,9,9","+0246,1","+0240,1","10108,1","06,0030,3,1","6,1,02,1","5,1,02,1",,,"02,1,+00450,1,06,1","99,9,+99999,9,03,1",,,"9,AGL   ,+99999,+99999","08,99,1,02,1,99,9,00450,1,99,9,99,9",,,"99999,9,10101,1","9,9,999,9,+004,1",,"61,1","SYN07043278 21496 80000 10246 20240 30101 40108 76165 8257/ 333 58004 6003/=",
"43278099999","2023-11-15T12:00:00","4","13.0666666","80.2","7.0","NUMGAMBAKKAM, IN","FM-12","99999","V020","320,1,N,0010,1","99999,9,9,N","004000,1,9,9","+0248,1","+0239,1","10113,1","09,0040,3,1","6,1,02,1","5,1,02,1",,,"03,1,+00800,1,06,1","99,9,+99999,9,03,1",,,"9,AGL   ,+99999,+99999","08,99,1,03,1,99,9,00800,1,99,9,99,9",,,"99999,9,10106,1","9,9,999,9,-002,1",,"50,1","SYN07643278 21596 83202 10248 20239 30106 40113 75065 8357/ 333 10260 59002 6004/=",
"43278099999","2023-11-15T15:00:00","4","13.0666666","80.2","7.0","NUMGAMBAKKAM, IN","FM-12","99999","V020","360,1,N,0010,1","99999,9,9,N","004000,1,9,9","+0248,1","+0245,1","10129,1","12,0090,3,1","6,1,02,1","5,1,02,1",,,"02,1,+00800,1,06,1","99,9,+99999,9,03,1",,,"9,AGL   ,+99999,+99999","07,99,1,02,1,99,9,00800,1,99,9,99,9",,,"99999,9,10122,1","9,9,999,9,+001,1",,"51,1","SYN07043278 21596 73602 10248 20245 30122 40129 75165 8257/ 333 58001 6009/=",
"43278099999","2023-11-16T00:00:00","4","13.0666666","80.2","7.0","NUMGAMBAKKAM, IN","FM-12","99999","V020","999,9,C,0000,1","99999,9,9,N","002000,1,9,9","+0242,1","+0239,1","10113,1","21,0100,3,1","2,1,02,1","2,1,02,1",,,"04,1,+00800,1,06,1","99,9,+99999,9,03,1",,,"9,AGL   ,+99999,+99999","07,99,1,04,1,99,9,00800,1,99,9,99,9",,,"99999,9,10106,1","9,9,999,9,+003,1",,"10,1","SYN07043278 21595 70000 10242 20239 30106 40113 71022 84530 333 58003 6010/=",
"43278099999","2023-11-16T03:00:00","4","13.0666666","80.2","7.0","NUMGAMBAKKAM, IN","FM-12","99999","V020","999,9,C,0000,1","22000,1,9,N","004000,1,9,9","+0256,1","+0244,1","10130,1","24,0100,3,1",,,,,"99,9,+99999,9,00,1",,,,"9,AGL   ,+99999,+99999","02,99,1,00,1,99,9,99999,9,99,9,99,9","240,M,+0260,1","240,N,+0239,1","99999,9,10123,1","9,9,999,9,+000,1",,,"SYN09243278 22996 20000 10256 20244 30123 40130 80001 333 10260 20239 58000 6010/ 555 00103 10323=","Q01    003SCCGA1"
"43278099999","2023-11-16T06:00:00","4","13.0666666","80.2","7.0","NUMGAMBAKKAM, IN","FM-12","99999","V020","320,1,N,0015,1","99999,9,9,N","004000,1,9,9","+0290,1","+0247,1","10129,1",,,,,,"02,1,+00800,1,06,1","99,9,+99999,9,03,1","99,9,+99999,9,00,1",,"9,AGL   ,+99999,+99999","07,99,1,02,1,99,9,00800,1,99,9,99,9",,,"99999,9,10122,1","9,9,999,9,+003,1",,,"SYN05843278 32596 73203 10290 20247 30122 40129 82571 333 58003=",
"43278099999","2023-11-16T09:00:00","4","13.0666666","80.2","7.0","NUMGAMBAKKAM, IN","FM-12","99999","V020","020,1,N,0010,1","99999,9,9,N","004000,1,9,9","+0298,1","+0253,1","10111,1",,,,,,"02,1,+00800,1,06,1","99,9,+99999,9,03,1","99,9,+99999,9,02,1",,"9,AGL   ,+99999,+99999","07,99,1,02,1,99,9,00800,1,99,9,99,9",,,"99999,9,10104,1","9,9,999,9,+003,1",,,"SYN05843278 32596 70202 10298 20253 30104 40111 82477 333 58003=",
"43278099999","2023-11-16T12:00:00","4","13.0666666","80.2","7.0","NUMGAMBAKKAM, IN","FM-12","99999","V020","020,1,N,0010,1","99999,9,9,N","004000,1,9,9","+0282,1","+0248,1","10111,1",,,,,,"02,1,+00800,1,06,1","99,9,+99999,9,03,1","99,9,+99999,9,02,1",,"9,AGL   ,+99999,+99999","08,99,1,02,1,99,9,00800,1,99,9,99,9",,,"99999,9,10104,1","9,9,999,9,-002,1",,,"SYN06443278 32596 80202 10282 20248 30104 40111 82477 333 10298 59002=",
"43278099999","2023-11-16T15:00:00","4","13.0666666","80.2","7.0","NUMGAMBAKKAM, IN","FM-12","99999","V020","999,9,C,0000,1","99999,9,9,N","004000,1,9,9","+0268,1","+0251,1","10144,1",,,,,,"02,1,+00800,1,06,1","99,9,+99999,9,03,1","99,9,+99999,9,00,1",,"9,AGL   ,+99999,+99999","07,99,1,02,1,99,9,00800,1,99,9,99,9",,,"99999,9,10137,1","9,9,999,9,+015,1",,,"SYN05843278 32596 70000 10268 20251 30137 40144 82471 333 58015=",
"43278099999","2023-11-17T00:00:00","4","13.0666666","80.2","7.0","NUMGAMBAKKAM, IN","FM-12","99999","V020","340,1,N,0005,1","22000,1,9,N","004000,1,9,9","+0248,1","+0239,1","10120,1",,"0,1,02,1","0,1,02,1",,,"99,9,+99999,9,00,1",,,,"9,AGL   ,+99999,+99999","01,99,1,00,1,99,9,99999,9,99,9,99,9",,,"99999,9,10113,1","9,9,999,9,+007,1",,"10,1","SYN06443278 31996 13401 10248 20239 30113 40120 71000 80001 333 58007=","Q01    003SCCGA1"
"43278099999","2023-11-17T03:00:00","4","13.0666666","80.2","7.0","NUMGAMBAKKAM, IN","FM-12","99999","V020","020,1,N,0010,1","22000,1,9,N","004000,1,9,9","+0278,1","+0255,1","10137,1",,,,,,"03,1,+00800,1,06,1","99,9,+99999,9,00,1",,,"9,AGL   ,+99999,+99999","04,99,1,03,1,99,9,00800,1,99,9,99,9","240,M,+0298,1","240,N,+0245,1","99999,9,10130,1","9,9,999,9,+007,1",,,"SYN08043278 32596 40202 10278 20255 30130 40137 83501 333 10298 20245 58007 555 10323=",
"43278099999","2023-11-17T06:00:00","4","13.0666666","80.2","7.0","NUMGAMBAKKAM, IN","FM-12","99999","V020","050,1,N,0015,1","99999,9,9,N","010000,1,9,9","+0302,1","+0254,1","10132,1",,,,,,"03,1,+00800,1,06,1","99,9,+99999,9,04,1","99,9,+99999,9,00,1",,"9,AGL   ,+99999,+99999","05,99,1,03,1,99,9,00800,1,99,9,99,9",,,"99999,9,10125,1","9,9,999,9,+003,1",,,"SYN05843278 32597 50503 10302 20254 30125 40132 83511 333 58003=",
"43278099999","2023-11-17T09:00:00","4","13.0666666","80.2","7.0","NUMGAMBAKKAM, IN","FM-12","99999","V020","050,1,N,0021,1","99999,9,9,N","010000,1,9,9","+0306,1","+0249,1","10112,1",,,,,,"02,1,+00800,1,06,1","99,9,+99999,9,03,1","99,9,+99999,9,00,1",,"9,AGL   ,+99999,+99999","06,99,1,02,1,99,9,00800,1,99,9,99,9",,,"99999,9,10105,1","9,9,999,9,+001,1",,,"SYN05843278 32597 60504 10306 20249 30105 40112 82531 333 58001=",
"43278099999","2023-11-17T12:00:00","4","13.0666666","80.2","7.0","NUMGAMBAKKAM, IN","FM-12","99999","V020","050,1,N,0010,1","22000,1,9,N","010000,1,9,9","+0288,1","+0251,1","10113,1",,,,,,"02,1,+00800,1,06,1","99,9,+99999,9,03,1","99,9,+99999,9,00,1",,"9,AGL   ,+99999,+99999","04,99,1,02,1,99,9,00800,1,99,9,99,9",,,"99999,9,10106,1","9,9,999,9,+002,1",,,"SYN06443278 32597 40502 10288 20251 30106 40113 82531 333 10312 58002=",
"43278099999","2023-11-18T00:00:00","4","13.0666666","80.2","7.0","NUMGAMBAKKAM, IN","FM-12","99999","V020","050,1,N,0010,1","99999,9,9,N","004000,1,9,9","+0254,1","+0245,1","10112,1","21,0002,3,1",,,,,"04,1,+00800,1,06,1","99,9,+99999,9,00,1",,,"9,AGL   ,+99999,+99999","05,99,1,04,1,99,9,00800,1,99,9,99,9",,,"99999,9,10105,1","9,9,999,9,-008,1",,,"SYN06443278 22596 50502 10254 20245 30105 40112 84502 333 59008 6992/=",
"43278099999","2023-11-18T03:00:00","4","13.0666666","80.2","7.0","NUMGAMBAKKAM, IN","FM-12","99999","V020","360,1,N,0010,1","22000,1,9,N","010000,1,9,9","+0284,1","+0256,1","10133,1","24,0002,3,1",,,,,"01,1,+00800,1,06,1","99,9,+99999,9,03,1","99,9,+99999,9,00,1",,"9,AGL   ,+99999,+99999","03,99,1,01,1,99,9,00800,1,99,9,99,9","240,M,+0312,1","240,N,+0252,1","99999,9,10126,1","9,9,999,9,-004,1",,,"SYN09243278 22597 33602 10284 20256 30126 40133 81531 333 10312 20252 59004 6992/ 555 00002 10324=",
"43278099999","2023-11-18T06:00:00","4","13.0666666","80.2","7.0","NUMGAMBAKKAM, IN","FM-12","99999","V020","340,1,N,0015,1","99999,9,9,N","010000,1,9,9","+0298,1","+0253,1","10129,1",,,,,,"03,1,+00800,1,06,1","99,9,+99999,9,03,1","99,9,+99999,9,00,1",,"9,AGL   ,+99999,+99999","06,99,1,03,1,99,9,00800,1,99,9,99,9",,,"99999,9,10122,1","9,9,999,9,-003,1",,,"SYN05843278 32597 63403 10298 20253 30122 40129 83531 333 59003=",
"43278099999","2023-11-18T09:00:00","4","13.0666666","80.2","7.0","NUMGAMBAKKAM, IN","FM-12","99999","V020","020,1,N,0021,1","99999,9,9,N","010000,1,9,9","+0304,1","+0247,1","10108,1",,,,,,"03,1,+00800,1,06,1","99,9,+99999,9,03,1","99,9,+99999,9,00,1",,"9,AGL   ,+99999,+99999","06,99,1,03,1,99,9,00800,1,99,9,99,9",,,"99999,9,10101,1","9,9,999,9,-004,1",,,"SYN05843278 32597 60204 10304 20247 30101 40108 83431 333 59004=",
"43278099999","2023-11-18T12:00:00","4","13.0666666","80.2","7.0","NUMGAMBAKKAM, IN","FM-12","99999","V020","050,1,N,0021,1","22000,1,9,N","010000,1,9,9","+0284,1","+0244,1","10111,1",,,,,,"02,1,+00800,1,06,1","99,9,+99999,9,03,1","99,9,+99999,9,00,1",,"9,AGL   ,+99999,+99999","04,99,1,02,1,99,9,00800,1,99,9,99,9",,,"99999,9,10104,1","9,9,999,9,-002,1",,,"SYN06443278 32597 40504 10284 20244 30104 40111 82531 333 10309 59002=",
"43278099999","2023-11-18T15:00:00","4","13.0666666","80.2","7.0","NUMGAMBAKKAM, IN","FM-12","99999","V020","020,1,N,0010,1","22000,1,9,N","010000,1,9,9","+0278,1","+0243,1","10133,1",,,,,,"02,1,+00800,1,06,1","99,9,+99999,9,04,1",,,"9,AGL   ,+99999,+99999","03,99,1,02,1,99,9,00800,1,99,9,99,9",,,"99999,9,10126,1","9,9,999,9,+003,1",,,"SYN05843278 32597 30202 10278 20243 30126 40133 82510 333 58003=",
"43278099999","2023-11-19T00:00:00","4","13.0666666","80.2","7.0","NUMGAMBAKKAM, IN","FM-12","99999","V020","340,1,N,0010,1","22000,1,9,N","004000,1,9,9","+0244,1","+0232,1","10121,1",,,,,,"01,1,+00800,1,06,1","99,9,+99999,9,00,1",,,"9,AGL   ,+99999,+99999","02,99,1,01,1,99,9,00800,1,99,9,99,9",,,"99999,9,10114,1","9,9,999,9,+009,1",,,"SYN05843278 32596 23402 10244 20232 30114 40121 81501 333 58009=",
"43278099999","2023-11-19T03:00:00","4","13.0666666","80.2","7.0","NUMGAMBAKKAM, IN","FM-12","99999","V020","340,1,N,0021,1","99999,9,9,N","010000,1,9,9","+0272,1","+0249,1","10136,1",,,,,,"03,1,+00800,1,06,1","99,9,+99999,9,03,1","99,9,+99999,9,00,1",,"9,AGL   ,+99999,+99999","06,99,1,03,1,99,9,00800,1,99,9,99,9","240,M,+0309,1","240,N,+0242,1","99999,9,10129,1","9,9,999,9,+003,1",,,"SYN08043278 32597 63404 10272 20249 30129 40136 83571 333 10309 20242 58003 555 10324=",
"43278099999","2023-11-19T06:00:00","4","13.0666666","80.2","7.0","NUMGAMBAKKAM, IN","FM-12","99999","V020","020,1,N,0031,1","99999,9,9,N","010000,1,9,9","+0299,1","+0231,1","10134,1",,,,,,"03,1,+00800,1,06,1","99,9,+99999,9,03,1","99,9,+99999,9,00,1",,"9,AGL   ,+99999,+99999","06,99,1,03,1,99,9,00800,1,99,9,99,9",,,"99999,9,10127,1","9,9,999,9,+005,1",,,"SYN05843278 32597 60206 10299 20231 30127 40134 83432 333 58005=",
"43278099999","2023-11-19T09:00:00","4","13.0666666","80.2","7.0","NUMGAMBAKKAM, IN","FM-12","99999","V020","050,1,N,0021,1","22000,1,9,N","010000,1,9,9","+0308,1","+0229,1","10113,1",,,,,,"03,1,+00800,1,06,1","99,9,+99999,9,00,1",,,"9,AGL   ,+99999,+99999","04,99,1,03,1,99,9,00800,1,99,9,99,9",,,"99999,9,10106,1","9,9,999,9,+005,1",,,"SYN05843278 32597 40504 10308 20229 30106 40113 83501 333 58005=",
"43278099999","2023-11-19T12:00:00","4","13.0666666","80.2","7.0","NUMGAMBAKKAM, IN","FM-12","99999","V020","050,1,N,0015,1","22000,1,9,N","010000,1,9,9","+0284,1","+0228,1","10114,1",,,,,,"02,1,+00800,1,06,1","99,9,+99999,9,03,1","99,9,+99999,9,00,1",,"9,AGL   ,+99999,+99999","04,99,1,02,1,99,9,00800,1,99,9,99,9",,,"99999,9,10107,1","9,9,999,9,+003,1",,,"SYN06443278 32597 40503 10284 20228 30107 40114 82531 333 10319 58003=",
"43278099999","2023-11-19T15:00:00","4","13.0666666","80.2","7.0","NUMGAMBAKKAM, IN","FM-12","99999","V020","020,1,N,0021,1","22000,1,9,N","010000,1,9,9","+0276,1","+0235,1","10129,1",,,,,,"02,1,+00800,1,06,1","99,9,+99999,9,00,1",,,"9,AGL   ,+99999,+99999","03,99,1,02,1,99,9,00800,1,99,9,99,9",,,"99999,9,10122,1","9,9,999,9,-004,1",,,"SYN05843278 32597 30204 10276 20235 30122 40129 82501 333 59004=",
"43278099999","2023-11-20T00:00:00","4","13.0666666","80.2","7.0","NUMGAMBAKKAM, IN","FM-12","99999","V020","340,1,N,0015,1","99999,9,9,N","004000,1,9,9","+0256,1","+0244,1","10108,1","21,0030,3,1",,,,,"04,1,+00800,1,06,1","99,9,+99999,9,05,1",,,"9,AGL   ,+99999,+99999","07,99,1,04,1,99,9,00800,1,99,9,99,9",,,"99999,9,10101,1","9,9,999,9,-013,1",,,"SYN06443278 22596 73403 10256 20244 30101 40108 8452/ 333 59013 6003/=",
"43278099999","2023-11-20T03:00:00","4","13.0666666","80.2","7.0","NUMGAMBAKKAM, IN","FM-12","99999","V020","340,1,N,0021,1","99999,9,9,N","004000,1,9,9","+0264,1","+0244,1","10131,1","24,0030,3,1",,,,,"04,1,+00800,1,07,1","99,9,+99999,9,03,1","99,9,+99999,9,00,1",,"9,AGL   ,+99999,+99999","07,99,1,04,1,99,9,00800,1,99,9,99,9","240,M,+0319,1","240,N,+0254,1","99999,9,10124,1","9,9,999,9,-005,1",,,"SYN09243278 22596 73404 10264 20244 30124 40131 84771 333 10319 20254 59005 6003/ 555 00026 10326=",
"43278099999","2023-11-20T06:00:00","4","13.0666666","80.2","7.0","NUMGAMBAKKAM, IN","FM-12","99999","V020","340,1,N,0021,1","99999,9,9,N","004000,1,9,9","+0284,1","+0250,1","10128,1",,"2,1,02,1","2,1,02,1",,,"04,1,+00800,1,06,1","99,9,+99999,9,03,1",,,"9,AGL   ,+99999,+99999","08,99,1,04,1,99,9,00800,1,99,9,99,9",,,"99999,9,10121,1","9,9,999,9,-006,1",,"50,1","SYN06443278 31596 83404 10284 20250 30121 40128 75022 8447/ 333 59006=",
"43278099999","2023-11-20T09:00:00","4","13.0666666","80.2","7.0","NUMGAMBAKKAM, IN","FM-12","99999","V020","340,1,N,0010,1","99999,9,9,N","004000,1,9,9","+0268,1","+0260,1","10108,1","06,0020,3,1","5,1,02,1","2,1,02,1",,,"03,1,+00800,1,06,1","99,9,+99999,9,05,1",,,"9,AGL   ,+99999,+99999","08,99,1,03,1,99,9,00800,1,99,9,99,9",,,"99999,9,10101,1","9,9,999,9,-005,1",,"50,1","SYN07043278 21596 83402 10268 20260 30101 40108 75052 8352/ 333 59005 6002/=",
"43278099999","2023-11-20T12:00:00","4","13.0666666","80.2","7.0","NUMGAMBAKKAM, IN","FM-12","99999","V020","340,1,N,0010,1","99999,9,9,N","010000,1,9,9","+0260,1","+0249,1","10111,1","09,0020,3,1","5,1,02,1","2,1,02,1",,,"03,1,+00800,1,06,1","99,9,+99999,9,04,1",,,"9,AGL   ,+99999,+99999","05,99,1,03,1,99,9,00800,1,99,9,99,9",,,"99999,9,10104,1","9,9,999,9,-003,1",,"02,1","SYN07643278 21597 53402 10260 20249 30104 40111 70252 83510 333 10286 59003 6002/=",
"43278099999","2023-11-20T15:00:00","4","13.0666666","80.2","7.0","NUMGAMBAKKAM, IN","FM-12","99999","V020","340,1,N,0015,1","99999,9,9,N","004000,1,9,9","+0256,1","+0253,1","10122,1","12,0060,3,1","5,1,02,1","2,1,02,1",,,"03,1,+00800,1,07,1","99,9,+99999,9,05,1",,,"9,AGL   ,+99999,+99999","08,99,1,03,1,99,9,00800,1,99,9,99,9",,,"99999,9,10115,1","9,9,999,9,-007,1",,"51,1","SYN07043278 21596 83403 10256 20253 30115 40122 75152 8372/ 333 59007 6006/=",
"43278099999","2023-11-21T00:00:00","4","13.0666666","80.2","7.0","NUMGAMBAKKAM, IN","FM-12","99999","V020","999,9,C,0000,1","99999,9,9,N","004000,1,9,9","+0250,1","+0250,1","10109,1","21,0650,3,1","9,1,02,1","6,1,02,1",,,"02,1,+00450,1,06,1","99,9,+99999,9,05,1",,,"9,AGL   ,+99999,+99999","08,99,1,02,1,99,9,00450,1,99,9,99,9",,,"99999,9,10102,1","9,9,999,9,+001,1",,"61,1","SYN07043278 21496 80000 10250 20250 30102 40109 76196 8242/ 333 58001 6065/=",
"43278099999","2023-11-21T03:00:00","4","13.0666666","80.2","7.0","NUMGAMBAKKAM, IN","FM-12","99999","V020","320,1,N,0010,1","99999,9,9,N","004000,1,9,9","+0258,1","+0255,1","10125,1","24,0680,3,1","5,1,02,1","2,1,02,1",,,"05,1,+00800,1,06,1","99,9,+99999,9,05,1",,,"9,AGL   ,+99999,+99999","08,99,1,05,1,99,9,00800,1,99,9,99,9","240,M,+0286,1","240,N,+0250,1","99999,9,10118,1","9,9,999,9,-006,1",,"62,1","SYN09843278 21596 83202 10258 20255 30118 40125 76252 8552/ 333 10286 20250 59006 6068/ 555 00680 10394=",
"43278099999","2023-11-21T06:00:00","4","13.0666666","80.2","7.0","NUMGAMBAKKAM, IN","FM-12","99999","V020","020,1,N,0010,1","99999,9,9,N","004000,1,9,9","+0254,1","+0251,1","10120,1","03,0020,3,1","6,1,02,1","5,1,02,1",,,"05,1,+00450,1,06,1","99,9,+99999,9,05,1",,,"9,AGL   ,+99999,+99999","08,99,1,05,1,99,9,00450,1,99,9,99,9",,,"99999,9,10113,1","9,9,999,9,-008,1",,"51,1","SYN07043278 21496 80202 10254 20251 30113 40120 75165 8542/ 333 59008 6002/=",
"43278099999","2023-11-21T09:00:00","4","13.0666666","80.2","7.0","NUMGAMBAKKAM, IN","FM-12","99999","V020","999,9,C,0000,1","99999,9,9,N","010000,1,9,9","+0254,1","+0251,1","10103,1","06,0070,3,1","5,1,02,1","2,1,02,1",,,"03,1,+00800,1,06,1","99,9,+99999,9,03,1",,,"9,AGL   ,+99999,+99999","08,99,1,03,1,99,9,00800,1,99,9,99,9",,,"99999,9,10096,1","9,9,999,9,-005,1",,"21,1","SYN07043278 21597 80000 10254 20251 30096 40103 72152 8357/ 333 59005 6007/=",
"43278099999","2023-11-21T12:00:00","4","13.0666666","80.2","7.0","NUMGAMBAKKAM, IN","FM-12","99999","V020","999,9,C,0000,1","99999,9,9,N","004000,1,9,9","+0256,1","+0253,1","10107,1","09,0070,3,1","5,1,02,1","2,1,02,1",,,"03,1,+00800,1,06,1","99,9,+99999,9,03,1",,,"9,AGL   ,+99999,+99999","08,99,1,03,1,99,9,00800,1,99,9,99,9",,,"99999,9,10100,1","9,9,999,9,-004,1",,"01,1","SYN07643278 21596 80000 10256 20253 30100 40107 70152 8357/ 333 10261 59004 6007/=",
"43278099999","2023-11-21T15:00:00","4","13.0666666","80.2","7.0","NUMGAMBAKKAM, IN","FM-12","99999","V020","110,1,N,0010,1","99999,9,9,N","004000,1,9,9","+0252,1","+0249,1","10126,1","12,0080,3,1","5,1,02,1","2,1,02,1",,,"03,1,+00800,1,06,1","99,9,+99999,9,03,1",,,"9,AGL   ,+99999,+99999","08,99,1,03,1,99,9,00800,1,99,9,99,9",,,"99999,9,10119,1","9,9,999,9,+004,1",,"61,1","SYN07043278 21596 81102 10252 20249 30119 40126 76152 8357/ 333 58004 6008/=",
"43278099999","2023-11-22T00:00:00","4","13.0666666","80.2","7.0","NUMGAMBAKKAM, IN","FM-12","99999","V020","999,9,C,0000,1","99999,9,9,N","004000,1,9,9","+0250,1","+0250,1","10110,1","21,0380,3,1","6,1,02,1","2,1,02,1",,,"02,1,+00450,1,06,1","99,9,+99999,9,05,1",,,"9,AGL   ,+99999,+99999","08,99,1,02,1,99,9,00450,1,99,9,99,9",,,"99999,9,10103,1","9,9,999,9,+001,1",,"51,1","SYN07043278 21496 80000 10250 20250 30103 40110 75162 8242/ 333 58001 6038/=",
"43278099999","2023-11-22T03:00:00","4","13.0666666","80.2","7.0","NUMGAMBAKKAM, IN","FM-12","99999","V020","340,1,N,0015,1","99999,9,9,N","004000,1,9,9","+0254,1","+0248,1","10126,1","24,0510,3,1","6,1,02,1","5,1,02,1",,,"03,1,+00800,1,06,1","99,9,+99999,9,03,1",,,"9,AGL   ,+99999,+99999","08,99,1,03,1,99,9,00800,1,99,9,99,9","240,M,+0261,1","240,N,+0250,1","99999,9,10119,1","9,9,999,9,+001,1",,"61,1","SYN09843278 21596 83403 10254 20248 30119 40126 76165 8357/ 333 10261 20250 58001 6051/ 555 00513 10445=",
"43278099999","2023-11-22T06:00:00","4","13.0666666","80.2","7.0","NUMGAMBAKKAM, IN","FM-12","99999","V020","999,9,C,0000,1","99999,9,9,N","010000,1,9,9","+0258,1","+0252,1","10123,1","03,0020,3,1","6,1,02,1","5,1,02,1",,,"03,1,+00800,1,06,1","99,9,+99999,9,03,1","99,9,+99999,9,00,1",,"9,AGL   ,+99999,+99999","07,99,1,03,1,99,9,00800,1,99,9,99,9",,,"99999,9,10116,1","9,9,999,9,+003,1",,"50,1","SYN07043278 21597 70000 10258 20252 30116 40123 75065 83471 333 58003 6002/=",
"43278099999","2023-11-22T09:00:00","4","13.0666666","80.2","7.0","NUMGAMBAKKAM, IN","FM-12","99999","V020","200,1,N,0010,1","99999,9,9,N","004000,1,9,9","+0274,1","+0261,1","10096,1","06,0020,3,1",,,,,"04,1,+00800,1,06,1","99,9,+99999,9,03,1","99,9,+99999,9,00,1",,"9,AGL   ,+99999,+99999","07,99,1,04,1,99,9,00800,1,99,9,99,9",,,"99999,9,10089,1","9,9,999,9,-007,1",,,"SYN06443278 22596 72002 10274 20261 30089 40096 84471 333 59007 6002/=",
"43278099999","2023-11-22T12:00:00","4","13.0666666","80.2","7.0","NUMGAMBAKKAM, IN","FM-12","99999","V020","999,9,C,0000,1","99999,9,9,N","004000,1,9,9","+0268,1","+0257,1","10099,1","09,0020,3,1",,,,,"04,1,+00800,1,06,1","99,9,+99999,9,03,1","99,9,+99999,9,00,1",,"9,AGL   ,+99999,+99999","07,99,1,04,1,99,9,00800,1,99,9,99,9",,,"99999,9,10092,1","9,9,999,9,-008,1",,,"SYN07043278 22596 70000 10268 20257 30092 40099 84471 333 10279 59008 6002/=",
"43278099999","2023-11-22T15:00:00","4","13.0666666","80.2","7.0","NUMGAMBAKKAM, IN","FM-12","99999","V020","999,9,C,0000,1","22000,1,9,N","004000,1,9,9","+0252,1","+0249,1","10117,1","12,0020,3,1",,,,,"02,1,+00800,1,06,1","99,9,+99999,9,03,1","99,9,+99999,9,00,1",,"9,AGL   ,+99999,+99999","04,99,1,02,1,99,9,00800,1,99,9,99,9",,,"99999,9,10110,1","9,9,999,9,-009,1",,,"SYN06443278 22596 40000 10252 20249 30110 40117 82531 333 59009 6002/=",
"43278099999","2023-11-23T00:00:00","4","13.0666666","80.2","7.0","NUMGAMBAKKAM, IN","FM-12","99999","V020","320,1,N,0010,1","99999,9,9,N","004000,1,9,9","+0246,1","+0243,1","10106,1","21,0250,3,1","2,1,02,1","2,1,02,1",,,"03,1,+00800,1,06,1","99,9,+99999,9,03,1",,,"9,AGL   ,+99999,+99999","07,99,1,03,1,99,9,00800,1,99,9,99,9",,,"99999,9,10099,1","9,9,999,9,-004,1",,"50,1","SYN07043278 21596 73202 10246 20243 30099 40106 75022 83570 333 59004 6025/=",
"43278099999","2023-11-23T03:00:00","4","13.0666666","80.2","7.0","NUMGAMBAKKAM, IN","FM-12","99999","V020","340,1,N,0015,1","99999,9,9,N","004000,1,9,9","+0244,1","+0241,1","10123,1","24,0300,3,1","5,1,02,1","2,1,02,1",,,"05,1,+00450,1,06,1","99,9,+99999,9,03,1",,,"9,AGL   ,+99999,+99999","08,99,1,05,1,99,9,00450,1,99,9,99,9","240,M,+0279,1","240,N,+0238,1","99999,9,10116,1","9,9,999,9,-003,1",,"61,1","SYN08243278 21496 83403 10244 20241 30116 40123 76152 8557/ 333 10279 20238 59003 6030/=",
"43278099999","2023-11-23T06:00:00","4","13.0666666","80.2","7.0","NUMGAMBAKKAM, IN","FM-12","99999","V020","999,9,C,0000,1","99999,9,9,N","010000,1,9,9","+0270,1","+0259,1","10120,1","03,0030,3,1","5,1,02,1","2,1,02,1",,,"03,1,+00800,1,06,1","99,9,+99999,9,03,1","99,9,+99999,9,00,1",,"9,AGL   ,+99999,+99999","07,99,1,03,1,99,9,00800,1,99,9,99,9",,,"99999,9,10113,1","9,9,999,9,-003,1",,"01,1","SYN07043278 21597 70000 10270 20259 30113 40120 70152 83571 333 59003 6003/=",
"43278099999","2023-11-23T09:00:00","4","13.0666666","80.2","7.0","NUMGAMBAKKAM, IN","FM-12","99999","V020","140,1,N,0005,1","99999,9,9,N","010000,1,9,9","+0280,1","+0260,1","10090,1","06,0030,3,1",,,,,"02,1,+00800,1,06,1","99,9,+99999,9,03,1","99,9,+99999,9,00,1",,"9,AGL   ,+99999,+99999","05,99,1,02,1,99,9,00800,1,99,9,99,9",,,"99999,9,10083,1","9,9,999,9,-006,1",,,"SYN06443278 22597 51401 10280 20260 30083 40090 82431 333 59006 6003/=",
"43278099999","2023-11-23T12:00:00","4","13.0666666","80.2","7.0","NUMGAMBAKKAM, IN","FM-12","99999","V020","050,1,N,0010,1","99999,9,9,N","010000,1,9,9","+0270,1","+0250,1","10092,1","09,0030,3,1",,,,,"02,1,+00800,1,06,1","99,9,+99999,9,03,1","99,9,+99999,9,00,1",,"9,AGL   ,+99999,+99999","06,99,1,02,1,99,9,00800,1,99,9,99,9",,,"99999,9,10085,1","9,9,999,9,-007,1",,,"SYN07043278 22597 60502 10270 20250 30085 40092 82431 333 10295 59007 6003/=",
"43278099999","2023-11-23T15:00:00","4","13.0666666","80.2","7.0","NUMGAMBAKKAM, IN","FM-12","99999","V020","999,9,C,0000,1","22000,1,9,N","004000,1,9,9","+0260,1","+0246,1","10110,1","12,0030,3,1",,,,,"99,9,+99999,9,00,1",,,,"9,AGL   ,+99999,+99999","02,99,1,00,1,99,9,99999,9,99,9,99,9",,,"99999,9,10103,1","9,9,999,9,-007,1",,,"SYN06443278 22996 20000 10260 20246 30103 40110 80001 333 59007 6003/=","Q01    003SCCGA1"
"43278099999","2023-11-24T00:00:00","4","13.0666666","80.2","7.0","NUMGAMBAKKAM, IN","FM-12","99999","V020","999,9,C,0000,1","22000,1,9,N","004000,1,9,9","+0252,1","+0249,1","10098,1","21,0090,3,1","6,1,02,1","5,1,02,1",,,"03,1,+00800,1,06,1","99,9,+99999,9,00,1",,,"9,AGL   ,+99999,+99999","04,99,1,03,1,99,9,00800,1,99,9,99,9",,,"99999,9,10091,1","9,9,999,9,-008,1",,"01,1","SYN07043278 21596 40000 10252 20249 30091 40098 70165 83501 333 59008 6009/=",
"43278099999","2023-11-24T03:00:00","4","13.0666666","80.2","7.0","NUMGAMBAKKAM, IN","FM-12","99999","V020","020,1,N,0010,1","22000,1,9,N","010000,1,9,9","+0280,1","+0260,1","10121,1","24,0090,3,1","5,1,02,1","1,1,02,1",,,"03,1,+00800,1,06,1","99,9,+99999,9,00,1",,,"9,AGL   ,+99999,+99999","04,99,1,03,1,99,9,00800,1,99,9,99,9","240,M,+0295,1","240,N,+0250,1","99999,9,10114,1","9,9,999,9,-002,1",,"02,1","SYN09843278 21597 40202 10280 20260 30114 40121 70251 83501 333 10295 20250 59002 6009/ 555 00089 10485=",
"43278099999","2023-11-24T06:00:00","4","13.0666666","80.2","7.0","NUMGAMBAKKAM, IN","FM-12","99999","V020","340,1,N,0010,1","22000,1,9,N","010000,1,9,9","+0310,1","+0254,1","10117,1",,"5,1,02,1","1,1,02,1",,,"02,1,+00800,1,06,1","99,9,+99999,9,00,1",,,"9,AGL   ,+99999,+99999","03,99,1,02,1,99,9,00800,1,99,9,99,9",,,"99999,9,10110,1","9,9,999,9,-003,1",,"02,1","SYN06443278 31597 33402 10310 20254 30110 40117 70251 82501 333 59003=",
"43278099999","2023-11-24T09:00:00","4","13.0666666","80.2","7.0","NUMGAMBAKKAM, IN","FM-12","99999","V020","050,1,N,0015,1","99999,9,9,N","010000,1,9,9","+0310,1","+0263,1","10098,1",,,,,,"04,1,+00800,1,06,1","99,9,+99999,9,03,1","99,9,+99999,9,00,1",,"9,AGL   ,+99999,+99999","07,99,1,04,1,99,9,00800,1,99,9,99,9",,,"99999,9,10091,1","9,9,999,9,+008,1",,,"SYN05843278 32597 70503 10310 20263 30091 40098 84531 333 58008=",
"43278099999","2023-11-24T12:00:00","4","13.0666666","80.2","7.0","NUMGAMBAKKAM, IN","FM-12","99999","V020","110,1,N,0010,1","99999,9,9,N","010000,1,9,9","+0280,1","+0249,1","10104,1",,,,,,"03,1,+00800,1,06,1","99,9,+99999,9,03,1","99,9,+99999,9,00,1",,"9,AGL   ,+99999,+99999","07,99,1,03,1,99,9,00800,1,99,9,99,9",,,"99999,9,10097,1","9,9,999,9,+012,1",,,"SYN06443278 32597 71102 10280 20249 30097 40104 83571 333 10316 58012=",
"43278099999","2023-11-25T00:00:00","4","13.0666666","80.2","7.0","NUMGAMBAKKAM, IN","FM-12","99999","V020","360,1,N,0010,1","99999,9,9,N","004000,1,9,9","+0256,1","+0247,1","10111,1","21,0020,3,1","9,1,02,1","6,1,02,1",,,"01,1,+00800,1,09,1","99,9,+99999,9,05,1","99,9,+99999,9,00,1",,"9,AGL   ,+99999,+99999","07,99,1,01,1,99,9,00800,1,99,9,99,9",,,"99999,9,10104,1","9,9,999,9,+013,1",,"95,1","SYN07043278 21596 73602 10256 20247 30104 40111 79596 81921 333 58013 6002/=",
"43278099999","2023-11-25T03:00:00","4","13.0666666","80.2","7.0","NUMGAMBAKKAM, IN","FM-12","99999","V020","020,1,N,0010,1","99999,9,9,N","004000,1,9,9","+0254,1","+0251,1","10134,1","24,0370,3,1","9,1,02,1","5,1,02,1",,,"04,1,+00800,1,06,1","99,9,+99999,9,03,1",,,"9,AGL   ,+99999,+99999","08,99,1,04,1,99,9,00800,1,99,9,99,9","240,M,+0316,1","240,N,+0243,1","99999,9,10127,1","9,9,999,9,+013,1",,"21,1","SYN09843278 21596 80202 10254 20251 30127 40134 72195 8457/ 333 10316 20243 58013 6037/ 555 00369 10522=",
"43278099999","2023-11-25T06:00:00","4","13.0666666","80.2","7.0","NUMGAMBAKKAM, IN","FM-12","99999","V020","999,9,C,0000,1","99999,9,9,N","004000,1,9,9","+0282,1","+0268,1","10129,1","03,0003,3,1","5,1,02,1","2,1,02,1",,,"04,1,+00800,1,06,1","99,9,+99999,9,03,1",,,"9,AGL   ,+99999,+99999","08,99,1,04,1,99,9,00800,1,99,9,99,9",,,"99999,9,10122,1","9,9,999,9,+012,1",,"21,1","SYN07043278 21596 80000 10282 20268 30122 40129 72152 8453/ 333 58012 6993/=",
"43278099999","2023-11-25T09:00:00","4","13.0666666","80.2","7.0","NUMGAMBAKKAM, IN","FM-12","99999","V020","020,1,N,0026,1","99999,9,9,N","004000,1,9,9","+0294,1","+0258,1","10110,1","06,0003,3,1",,,,,"04,1,+00800,1,06,1","99,9,+99999,9,05,1",,,"9,AGL   ,+99999,+99999","06,99,1,04,1,99,9,00800,1,99,9,99,9",,,"99999,9,10103,1","9,9,999,9,+012,1",,,"SYN06443278 22596 60205 10294 20258 30103 40110 8452/ 333 58012 6993/=",
"43278099999","2023-11-25T12:00:00","4","13.0666666","80.2","7.0","NUMGAMBAKKAM, IN","FM-12","99999","V020","050,1,N,0015,1","99999,9,9,N","004000,1,9,9","+0280,1","+0249,1","10114,1","09,0003,3,1",,,,,"03,1,+00800,1,06,1","99,9,+99999,9,04,1",,,"9,AGL   ,+99999,+99999","05,99,1,03,1,99,9,00800,1,99,9,99,9",,,"99999,9,10107,1","9,9,999,9,+010,1",,,"SYN07043278 22596 50503 10280 20249 30107 40114 8351/ 333 10302 58010 6993/=",
"43278099999","2023-11-25T15:00:00","4","13.0666666","80.2","7.0","NUMGAMBAKKAM, IN","FM-12","99999","V020","020,1,N,0015,1","22000,1,9,N","004000,1,9,9","+0274,1","+0245,1","10137,1",,,,,,"03,1,+00800,1,06,1","99,9,+99999,9,04,1",,,"9,AGL   ,+99999,+99999","04,99,1,03,1,99,9,00800,1,99,9,99,9",,,"99999,9,10130,1","9,9,999,9,+013,1",,,"SYN05843278 32596 40203 10274 20245 30130 40137 83510 333 58013=",
"43278099999","2023-11-26T00:00:00","4","13.0666666","80.2","7.0","NUMGAMBAKKAM, IN","FM-12","99999","V020","050,1,N,0005,1","99999,9,9,N","004000,1,9,9","+0262,1","+0239,1","10129,1","21,0003,3,1",,,,,"05,1,+00800,1,06,1","99,9,+99999,9,00,1",,,"9,AGL   ,+99999,+99999","06,99,1,05,1,99,9,00800,1,99,9,99,9",,,"99999,9,10122,1","9,9,999,9,+018,1",,,"SYN06443278 22596 60501 10262 20239 30122 40129 85502 333 58018 6993/=",
"43278099999","2023-11-26T03:00:00","4","13.0666666","80.2","7.0","NUMGAMBAKKAM, IN","FM-12","99999","V020","020,1,N,0015,1","99999,9,9,N","010000,1,9,9","+0280,1","+0246,1","10146,1","24,0003,3,1",,,,,"02,1,+00800,1,06,1","99,9,+99999,9,03,1","99,9,+99999,9,00,1",,"9,AGL   ,+99999,+99999","05,99,1,02,1,99,9,00800,1,99,9,99,9","240,M,+0302,1","240,N,+0261,1","99999,9,10139,1","9,9,999,9,+012,1",,,"SYN09243278 22597 50203 10280 20246 30139 40146 82531 333 10302 20261 58012 6993/ 555 00003 10522=",
"43278099999","2023-11-26T06:00:00","4","13.0666666","80.2","7.0","NUMGAMBAKKAM, IN","FM-12","99999","V020","050,1,N,0010,1","99999,9,9,N","010000,1,9,9","+0300,1","+0258,1","10137,1",,,,,,"03,1,+00800,1,06,1","99,9,+99999,9,03,1","99,9,+99999,9,00,1",,"9,AGL   ,+99999,+99999","06,99,1,03,1,99,9,00800,1,99,9,99,9",,,"99999,9,10130,1","9,9,999,9,+008,1",,,"SYN05843278 32597 60502 10300 20258 30130 40137 83531 333 58008=",
"43278099999","2023-11-26T09:00:00","4","13.0666666","80.2","7.0","NUMGAMBAKKAM, IN","FM-12","99999","V020","020,1,N,0021,1","99999,9,9,N","010000,1,9,9","+0302,1","+0257,1","10123,1",,,,,,"02,1,+00800,1,06,1","99,9,+99999,9,03,1","99,9,+99999,9,00,1",,"9,AGL   ,+99999,+99999","06,99,1,02,1,99,9,00800,1,99,9,99,9",,,"99999,9,10116,1","9,9,999,9,+013,1",,,"SYN05843278 32597 60204 10302 20257 30116 40123 82571 333 58013=",
"43278099999","2023-11-26T12:00:00","4","13.0666666","80.2","7.0","NUMGAMBAKKAM, IN","FM-12","99999","V020","020,1,N,0026,1","99999,9,9,N","004000,1,9,9","+0282,1","+0242,1","10120,1",,"2,1,02,1","2,1,02,1",,,"02,1,+00800,1,06,1","99,9,+99999,9,03,1","99,9,+99999,9,00,1",,"9,AGL   ,+99999,+99999","07,99,1,02,1,99,9,00800,1,99,9,99,9",,,"99999,9,10113,1","9,9,999,9,+006,1",,"50,1","SYN07043278 31596 70205 10282 20242 30113 40120 75022 82571 333 10307 58006=",
"43278099999","2023-11-26T15:00:00","4","13.0666666","80.2","7.0","NUMGAMBAKKAM, IN","FM-12","99999","V020","050,1,N,0010,1","99999,9,9,N","004000,1,9,9","+0244,1","+0238,1","10133,1","12,0100,3,1","9,1,02,1","6,1,02,1",,,"04,1,+00800,1,09,1","99,9,+99999,9,03,1",,,"9,AGL   ,+99999,+99999","08,99,1,04,1,99,9,00800,1,99,9,99,9",,,"99999,9,10126,1","9,9,999,9,-004,1",,"97,1","SYN07043278 21596 80502 10244 20238 30126 40133 79796 84370 333 59004 6010/=",
"43278099999","2023-11-27T00:00:00","4","13.0666666","80.2","7.0","NUMGAMBAKKAM, IN","FM-12","99999","V020","050,1,N,0021,1","99999,9,9,N","004000,1,9,9","+0254,1","+0248,1","10111,1","21,0180,3,1","6,1,02,1","5,1,02,1",,,"02,1,+00800,1,06,1","99,9,+99999,9,03,1",,,"9,AGL   ,+99999,+99999","05,99,1,02,1,99,9,00800,1,99,9,99,9",,,"99999,9,10104,1","9,9,999,9,-018,1",,"01,1","SYN07043278 21596 50504 10254 20248 30104 40111 70165 82530 333 59018 6018/=",
"43278099999","2023-11-27T03:00:00","4","13.0666666","80.2","7.0","NUMGAMBAKKAM, IN","FM-12","99999","V020","999,9,C,0000,1","99999,9,9,N","010000,1,9,9","+0260,1","+0249,1","10129,1","24,0210,3,1","6,1,02,1","5,1,02,1",,,"02,1,+00800,1,06,1","99,9,+99999,9,03,1","99,9,+99999,9,00,1",,"9,AGL   ,+99999,+99999","06,99,1,02,1,99,9,00800,1,99,9,99,9","240,M,+0307,1","240,N,+0247,1","99999,9,10122,1","9,9,999,9,-017,1",,"60,1","SYN09843278 21597 60000 10260 20249 30122 40129 76065 82571 333 10307 20247 59017 6021/ 555 00205 10542=",
"43278099999","2023-11-27T06:00:00","4","13.0666666","80.2","7.0","NUMGAMBAKKAM, IN","FM-12","99999","V020","050,1,N,0015,1","99999,9,9,N","010000,1,9,9","+0302,1","+0266,1","10123,1","03,0005,3,1","6,1,02,1","5,1,02,1",,,"03,1,+00800,1,06,1","99,9,+99999,9,00,1",,,"9,AGL   ,+99999,+99999","05,99,1,03,1,99,9,00800,1,99,9,99,9",,,"99999,9,10116,1","9,9,999,9,-014,1",,"02,1","SYN07043278 21597 50503 10302 20266 30116 40123 70265 83501 333 59014 6995/=",
"43278099999","2023-11-27T09:00:00","4","13.0666666","80.2","7.0","NUMGAMBAKKAM, IN","FM-12","99999","V020","070,1,N,0010,1","99999,9,9,N","004000,1,9,9","+0292,1","+0255,1","10115,1","06,0005,3,1",,,,,"02,1,+00800,1,06,1","99,9,+99999,9,03,1","99,9,+99999,9,01,1",,"9,AGL   ,+99999,+99999","07,99,1,02,1,99,9,00800,1,99,9,99,9",,,"99999,9,10108,1","9,9,999,9,-008,1",,,"SYN06443278 22596 70702 10292 20255 30108 40115 82479 333 59008 6995/=",
"43278099999","2023-11-27T12:00:00","4","13.0666666","80.2","7.0","NUMGAMBAKKAM, IN","FM-12","99999","V020","020,1,N,0010,1","99999,9,9,N","004000,1,9,9","+0284,1","+0256,1","10105,1","09,0005,3,1",,,,,"02,1,+00800,1,06,1","99,9,+99999,9,03,1","99,9,+99999,9,00,1",,"9,AGL   ,+99999,+99999","06,99,1,02,1,99,9,00800,1,99,9,99,9",,,"99999,9,10098,1","9,9,999,9,-015,1",,,"SYN07043278 22596 60202 10284 20256 30098 40105 82471 333 10311 59015 6995/=",
"43278099999","2023-11-27T15:00:00","4","13.0666666","80.2","7.0","NUMGAMBAKKAM, IN","FM-12","99999","V020","070,1,N,0010,1","99999,9,9,N","004000,1,9,9","+0276,1","+0250,1","10126,1","12,0005,3,1",,,,,"02,1,+00800,1,06,1","99,9,+99999,9,03,1","99,9,+99999,9,00,1",,"9,AGL   ,+99999,+99999","06,99,1,02,1,99,9,00800,1,99,9,99,9",,,"99999,9,10119,1","9,9,999,9,-007,1",,,"SYN06443278 22596 60702 10276 20250 30119 40126 82571 333 59007 6995/=",
"43278099999","2023-11-28T00:00:00","4","13.0666666","80.2","7.0","NUMGAMBAKKAM, IN","FM-12","99999","V020","360,1,N,0015,1","22000,1,9,N","004000,1,9,9","+0250,1","+0247,1","10107,1","21,0150,3,1",,,,,"02,1,+00800,1,06,1","99,9,+99999,9,03,1","99,9,+99999,9,00,1",,"9,AGL   ,+99999,+99999","04,99,1,02,1,99,9,00800,1,99,9,99,9",,,"99999,9,10100,1","9,9,999,9,-004,1",,,"SYN06443278 22596 43603 10250 20247 30100 40107 82531 333 59004 6015/=",
"43278099999","2023-11-28T03:00:00","4","13.0666666","80.2","7.0","NUMGAMBAKKAM, IN","FM-12","99999","V020","070,1,N,0010,1","22000,1,9,N","010000,1,9,9","+0282,1","+0251,1","10118,1","24,0150,3,1",,,,,"03,1,+00800,1,06,1","99,9,+99999,9,00,1",,,"9,AGL   ,+99999,+99999","04,99,1,03,1,99,9,00800,1,99,9,99,9","240,M,+0311,1","240,N,+0246,1","99999,9,10111,1","9,9,999,9,-011,1",,,"SYN09243278 22597 40702 10282 20251 30111 40118 83501 333 10311 20246 59011 6015/ 555 00153 10558=",
"43278099999","2023-11-28T06:00:00","4","13.0666666","80.2","7.0","NUMGAMBAKKAM, IN","FM-12","99999","V020","050,1,N,0015,1","99999,9,9,N","010000,1,9,9","+0294,1","+0257,1","10116,1","03,0000,2,1","2,1,02,1","2,1,02,1",,,"01,1,+00800,1,09,1","99,9,+99999,9,03,1","99,9,+99999,9,00,1",,"9,AGL   ,+99999,+99999","06,99,1,01,1,99,9,00800,1,99,9,99,9",,,"99999,9,10109,1","9,9,999,9,-007,1",,"20,1","SYN07043278 21597 60503 10294 20257 30109 40116 72022 81331 333 59007 6990/=",
"43278099999","2023-11-28T09:00:00","4","13.0666666","80.2","7.0","NUMGAMBAKKAM, IN","FM-12","99999","V020","020,1,N,0021,1","99999,9,9,N","010000,1,9,9","+0290,1","+0250,1","10097,1","06,0000,2,1",,,,,"04,1,+00800,1,06,1","99,9,+99999,9,03,1","99,9,+99999,9,00,1",,"9,AGL   ,+99999,+99999","07,99,1,04,1,99,9,00800,1,99,9,99,9",,,"99999,9,10090,1","9,9,999,9,-018,1",,,"SYN06443278 22597 70204 10290 20250 30090 40097 84571 333 59018 6990/=",
"43278099999","2023-11-28T12:00:00","4","13.0666666","80.2","7.0","NUMGAMBAKKAM, IN","FM-12","99999","V020","020,1,N,0015,1","99999,9,9,N","010000,1,9,9","+0276,1","+0244,1","10100,1","09,0000,2,1","5,1,02,1","2,1,02,1",,,"03,1,+00800,1,06,1","99,9,+99999,9,03,1","99,9,+99999,9,00,1",,"9,AGL   ,+99999,+99999","06,99,1,03,1,99,9,00800,1,99,9,99,9",,,"99999,9,10093,1","9,9,999,9,-005,1",,"20,1","SYN07643278 21597 60203 10276 20244 30093 40100 72052 83571 333 10305 59005 6990/=",
"43278099999","2023-11-28T15:00:00","4","13.0666666","80.2","7.0","NUMGAMBAKKAM, IN","FM-12","99999","V020","050,1,N,0010,1","99999,9,9,N","004000,1,9,9","+0264,1","+0244,1","10114,1","12,0000,2,1","5,1,02,1","2,1,02,1",,,"03,1,+00800,1,06,1","99,9,+99999,9,03,1","99,9,+99999,9,00,1",,"9,AGL   ,+99999,+99999","05,99,1,03,1,99,9,00800,1,99,9,99,9",,,"99999,9,10107,1","9,9,999,9,-012,1",,"20,1","SYN07043278 21596 50502 10264 20244 30107 40114 72052 83571 333 59012 6990/=",
"43278099999","2023-11-29T00:00:00","4","13.0666666","80.2","7.0","NUMGAMBAKKAM, IN","FM-12","99999","V020","999,9,C,0000,1","22000,1,9,N","004000,1,9,9","+0243,1","+0242,1","10096,1","21,0370,3,1","9,1,02,1","6,1,02,1",,,"03,1,+00800,1,06,1","99,9,+99999,9,00,1",,,"9,AGL   ,+99999,+99999","04,99,1,03,1,99,9,00800,1,99,9,99,9",,,"99999,9,10089,1","9,9,999,9,-011,1",,"25,1","SYN07043278 21596 40000 10243 20242 30089 40096 72596 83501 333 59011 6037/=",
"43278099999","2023-11-29T03:00:00","4","13.0666666","80.2","7.0","NUMGAMBAKKAM, IN","FM-12","99999","V020","999,9,C,0000,1","99999,9,9,N","004000,1,9,9","+0262,1","+0256,1","10119,1","24,0370,3,1",,,,,"02,1,+00800,1,09,1","99,9,+99999,9,03,1","99,9,+99999,9,02,1",,"9,AGL   ,+99999,+99999","07,99,1,02,1,99,9,00800,1,99,9,99,9","240,M,+0305,1","240,N,+0242,1","99999,9,10112,1","9,9,999,9,+001,1",,,"SYN09243278 22596 70000 10262 20256 30112 40119 82378 333 10305 20242 58001 6037/ 555 00373 10595=",
"43278099999","2023-11-29T06:00:00","4","13.0666666","80.2","7.0","NUMGAMBAKKAM, IN","FM-12","99999","V020","070,1,N,0005,1","99999,9,9,N","004000,1,9,9","+0252,1","+0243,1","10112,1","03,0030,3,1","2,1,02,1","2,1,02,1",,,"03,1,+00800,1,09,1","99,9,+99999,9,03,1",,,"9,AGL   ,+99999,+99999","08,99,1,03,1,99,9,00800,1,99,9,99,9",,,"99999,9,10105,1","9,9,999,9,-004,1",,"95,1","SYN07043278 21596 80701 10252 20243 30105 40112 79522 83370 333 59004 6003/=",
"43278099999","2023-11-29T09:00:00","4","13.0666666","80.2","7.0","NUMGAMBAKKAM, IN","FM-12","99999","V020","070,1,N,0005,1","99999,9,9,N","010000,1,9,9","+0270,1","+0259,1","10103,1","06,0070,3,1","6,1,02,1","5,1,02,1",,,"04,1,+00800,1,06,1","99,9,+99999,9,03,1",,,"9,AGL   ,+99999,+99999","08,99,1,04,1,99,9,00800,1,99,9,99,9",,,"99999,9,10096,1","9,9,999,9,+006,1",,"21,1","SYN07043278 21597 80701 10270 20259 30096 40103 72165 8457/ 333 58006 6007/=",
"43278099999","2023-11-29T12:00:00","4","13.0666666","80.2","7.0","NUMGAMBAKKAM, IN","FM-12","99999","V020","110,1,N,0010,1","99999,9,9,N","004000,1,9,9","+0254,1","+0239,1","10108,1","09,0090,3,1","6,1,02,1","5,1,02,1",,,"04,1,+00450,1,09,1","99,9,+99999,9,03,1",,,"9,AGL   ,+99999,+99999","08,99,1,04,1,99,9,00450,1,99,9,99,9",,,"99999,9,10101,1","9,9,999,9,+008,1",,"61,1","SYN07643278 21496 81102 10254 20239 30101 40108 76165 8437/ 333 10275 58008 6009/=",
"43278099999","2023-11-29T15:00:00","4","13.0666666","80.2","7.0","NUMGAMBAKKAM, IN","FM-12","99999","V020","999,9,C,0000,1","99999,9,9,N","004000,1,9,9","+0240,1","+0240,1","10135,1","12,0560,3,1","9,1,02,1","6,1,02,1",,,"04,1,+00800,1,06,1","99,9,+99999,9,03,1",,,"9,AGL   ,+99999,+99999","08,99,1,04,1,99,9,00800,1,99,9,99,9",,,"99999,9,10128,1","9,9,999,9,+021,1",,"65,1","SYN07043278 21596 80000 10240 20240 30128 40135 76596 8457/ 333 58021 6056/=",
"43278099999","2023-11-30T00:00:00","4","13.0666666","80.2","7.0","NUMGAMBAKKAM, IN","FM-12","99999","V020","999,9,C,0000,1","99999,9,9,N","004000,1,9,9","+0236,1","+0233,1","10115,1","21,0790,3,1","9,1,02,1","6,1,02,1",,,"04,1,+00800,1,06,1","99,9,+99999,9,05,1",,,"9,AGL   ,+99999,+99999","07,99,1,04,1,99,9,00800,1,99,9,99,9",,,"99999,9,10108,1","9,9,999,9,+019,1",,"51,1","SYN07043278 21596 70000 10236 20233 30108 40115 75196 8442/ 333 58019 6079/=",
"43278099999","2023-11-30T03:00:00","4","13.0666666","80.2","7.0","NUMGAMBAKKAM, IN","FM-12","99999","V020","020,1,N,0021,1","99999,9,9,N","004000,1,9,9","+0250,1","+0241,1","10140,1","24,0790,3,1","5,1,02,1","2,1,02,1",,,"02,1,+00800,1,09,1","99,9,+99999,9,05,1",,,"9,AGL   ,+99999,+99999","08,99,1,02,1,99,9,00800,1,99,9,99,9","240,M,+0275,1","240,N,+0236,1","99999,9,10133,1","9,9,999,9,+021,1",,"50,1","SYN09843278 21596 80204 10250 20241 30133 40140 75052 8232/ 333 10275 20236 58021 6079/ 555 00792 10674=",
"43278099999","2023-11-30T06:00:00","4","13.0666666","80.2","7.0","NUMGAMBAKKAM, IN","FM-12","99999","V020","999,9,C,0000,1","99999,9,9,N","010000,1,9,9","+0268,1","+0245,1","10130,1","03,0150,3,1","6,1,02,1","5,1,02,1",,,"02,1,+00800,1,08,1","99,9,+99999,9,03,1","99,9,+99999,9,00,1",,"9,AGL   ,+99999,+99999","07,99,1,02,1,99,9,00800,1,99,9,99,9",,,"99999,9,10123,1","9,9,999,9,+018,1",,"01,1","SYN07043278 21597 70000 10268 20245 30123 40130 70165 82871 333 58018 6015/=",
"43278099999","2023-11-30T09:00:00","4","13.0666666","80.2","7.0","NUMGAMBAKKAM, IN","FM-12","99999","V020","070,1,N,0015,1","99999,9,9,N","004000,1,9,9","+0268,1","+0251,1","10114,1","06,0160,3,1","5,1,02,1","2,1,02,1",,,"04,1,+00800,1,09,1","99,9,+99999,9,03,1",,,"9,AGL   ,+99999,+99999","08,99,1,04,1,99,9,00800,1,99,9,99,9",,,"99999,9,10107,1","9,9,999,9,+011,1",,"61,1","SYN07043278 21596 80703 10268 20251 30107 40114 76152 8437/ 333 58011 6016/=",
"43278099999","2023-11-30T12:00:00","4","13.0666666","80.2","7.0","NUMGAMBAKKAM, IN","FM-12","99999","V020","020,1,N,0005,1","99999,9,9,N","010000,1,9,9","+0260,1","+0246,1","10115,1","09,0160,3,1","2,1,02,1","2,1,02,1",,,"04,1,+00800,1,06,1","99,9,+99999,9,03,1",,,"9,AGL   ,+99999,+99999","07,99,1,04,1,99,9,00800,1,99,9,99,9",,,"99999,9,10108,1","9,9,999,9,+007,1",,"01,1","SYN07643278 21597 70201 10260 20246 30108 40115 70122 8447/ 333 10276 58007 6016/=",
"43278099999","2023-11-30T15:00:00","4","13.0666666","80.2","7.0","NUMGAMBAKKAM, IN","FM-12","99999","V020","090,1,N,0015,1","99999,9,9,N","004000,1,9,9","+0240,1","+0237,1","10131,1","12,0330,3,1","5,1,02,1","2,1,02,1",,,"04,1,+00800,1,06,1","99,9,+99999,9,03,1",,,"9,AGL   ,+99999,+99999","08,99,1,04,1,99,9,00800,1,99,9,99,9",,,"99999,9,10124,1","9,9,999,9,-004,1",,"63,1","SYN07043278 21596 80903 10240 20237 30124 40131 76352 8457/ 333 59004 6033/=",
"43278099999","2023-12-01T00:00:00","4","13.0666666","80.2","7.0","NUMGAMBAKKAM, IN","FM-12","99999","V020","340,1,N,0010,1","22000,1,9,N","004000,1,9,9","+0244,1","+0232,1","10112,1","21,0430,3,1",,,,,"01,1,+00800,1,06,1","99,9,+99999,9,03,1",,,"9,AGL   ,+99999,+99999","03,99,1,01,1,99,9,00800,1,99,9,99,9",,,"99999,9,10105,1","9,9,999,9,-003,1",,,"SYN06443278 22596 33402 10244 20232 30105 40112 81530 333 59003 6043/=",
"43278099999","2023-12-01T03:00:00","4","13.0666666","80.2","7.0","NUMGAMBAKKAM, IN","FM-12","99999","V020","360,1,N,0010,1","99999,9,9,N","004000,1,9,9","+0256,1","+0253,1","10123,1","24,0430,3,1","5,1,02,1","2,1,02,1",,,"04,1,+00800,1,06,1","99,9,+99999,9,03,1",,,"9,AGL   ,+99999,+99999","07,99,1,04,1,99,9,00800,1,99,9,99,9","240,M,+0276,1","240,N,+0235,1","99999,9,10116,1","9,9,999,9,-017,1",,"21,1","SYN09843278 21596 73602 10256 20253 30116 40123 72152 84570 333 10276 20235 59017 6043/ 555 00431 10717=",
"43278099999","2023-12-01T06:00:00","4","13.0666666","80.2","7.0","NUMGAMBAKKAM, IN","FM-12","99999","V020","050,1,N,0021,1","99999,9,9,N","004000,1,9,9","+0280,1","+0249,1","10114,1",,"2,1,02,1","2,1,02,1",,,"04,1,+00800,1,06,1","99,9,+99999,9,03,1","99,9,+99999,9,00,1",,"9,AGL   ,+99999,+99999","07,99,1,04,1,99,9,00800,1,99,9,99,9",,,"99999,9,10107,1","9,9,999,9,-016,1",,"01,1","SYN06443278 31596 70504 10280 20249 30107 40114 70122 84571 333 59016=",
"43278099999","2023-12-01T09:00:00","4","13.0666666","80.2","7.0","NUMGAMBAKKAM, IN","FM-12","99999","V020","070,1,N,0021,1","99999,9,9,N","010000,1,9,9","+0288,1","+0242,1","10093,1","06,0000,2,1","2,1,02,1","1,1,02,1",,,"02,1,+00800,1,08,1","99,9,+99999,9,03,1","99,9,+99999,9,00,1",,"9,AGL   ,+99999,+99999","06,99,1,02,1,99,9,00800,1,99,9,99,9",,,"99999,9,10086,1","9,9,999,9,-021,1",,"50,1","SYN07043278 21597 60704 10288 20242 30086 40093 75021 82271 333 59021 6990/=",
"43278099999","2023-12-01T12:00:00","4","13.0666666","80.2","7.0","NUMGAMBAKKAM, IN","FM-12","99999","V020","020,1,N,0031,1","99999,9,9,N","010000,1,9,9","+0274,1","+0242,1","10091,1","09,0000,2,1",,,,,"04,1,+00800,1,06,1","99,9,+99999,9,05,1","99,9,+99999,9,00,1",,"9,AGL   ,+99999,+99999","07,99,1,04,1,99,9,00800,1,99,9,99,9",,,"99999,9,10084,1","9,9,999,9,-024,1",,,"SYN07043278 22597 70206 10274 20242 30084 40091 84521 333 10297 59024 6990/=",
"43278099999","2023-12-02T00:00:00","4","13.0666666","80.2","7.0","NUMGAMBAKKAM, IN","FM-12","99999","V020","340,1,N,0021,1","99999,9,9,N","002000,1,9,9","+0254,1","+0242,1","10091,1","21,0000,2,1","2,1,02,1","2,1,02,1",,,"03,1,+00800,1,06,1","99,9,+99999,9,03,1","99,9,+99999,9,00,1",,"9,AGL   ,+99999,+99999","06,99,1,03,1,99,9,00800,1,99,9,99,9",,,"99999,9,10084,1","9,9,999,9,-021,1",,"05,1","SYN07043278 21595 63404 10254 20242 30084 40091 70522 83531 333 59021 6990/=",
"43278099999","2023-12-02T03:00:00","4","13.0666666","80.2","7.0","NUMGAMBAKKAM, IN","FM-12","99999","V020","340,1,N,0021,1","99999,9,9,N","004000,1,9,9","+0258,1","+0249,1","10104,1","24,0020,3,1","5,1,02,1","2,1,02,1",,,"02,1,+00800,1,06,1","99,9,+99999,9,03,1",,,"9,AGL   ,+99999,+99999","08,99,1,02,1,99,9,00800,1,99,9,99,9","240,M,+0297,1","240,N,+0252,1","99999,9,10097,1","9,9,999,9,-019,1",,"61,1","SYN09843278 21596 83404 10258 20249 30097 40104 76152 8257/ 333 10297 20252 59019 6002/ 555 00024 10720=",
"43278099999","2023-12-02T06:00:00","4","13.0666666","80.2","7.0","NUMGAMBAKKAM, IN","FM-12","99999","V020","340,1,N,0021,1","99999,9,9,N","010000,1,9,9","+0286,1","+0255,1","10097,1","03,0010,3,1","6,1,02,1","6,1,02,1",,,"04,1,+00800,1,09,1","99,9,+99999,9,03,1",,,"9,AGL   ,+99999,+99999","08,99,1,04,1,99,9,00800,1,99,9,99,9",,,"99999,9,10090,1","9,9,999,9,-017,1",,"61,1","SYN07043278 21597 83404 10286 20255 30090 40097 76166 8437/ 333 59017 6001/=",
"43278099999","2023-12-02T09:00:00","4","13.0666666","80.2","7.0","NUMGAMBAKKAM, IN","FM-12","99999","V020","070,1,N,0021,1","99999,9,9,N","010000,1,9,9","+0290,1","+0247,1","10086,1","06,0050,3,1","6,1,02,1","0,1,02,1",,,"04,1,+00800,1,06,1","99,9,+99999,9,03,1",,,"9,AGL   ,+99999,+99999","06,99,1,04,1,99,9,00800,1,99,9,99,9",,,"99999,9,10079,1","9,9,999,9,-007,1",,"01,1","SYN07043278 21597 60704 10290 20247 30079 40086 70160 8457/ 333 59007 6005/=",
"43278099999","2023-12-02T12:00:00","4","13.0666666","80.2","7.0","NUMGAMBAKKAM, IN","FM-12","99999","V020","020,1,N,0021,1","99999,9,9,N","004000,1,9,9","+0264,1","+0253,1","10077,1","09,0080,3,1","6,1,02,1","2,1,02,1",,,"05,1,+00800,1,06,1","99,9,+99999,9,03,1",,,"9,AGL   ,+99999,+99999","08,99,1,05,1,99,9,00800,1,99,9,99,9",,,"99999,9,10070,1","9,9,999,9,-014,1",,"60,1","SYN07643278 21596 80204 10264 20253 30070 40077 76062 8557/ 333 10296 59014 6008/=",
"43278099999","2023-12-02T15:00:00","4","13.0666666","80.2","7.0","NUMGAMBAKKAM, IN","FM-12","99999","V020","999,9,C,0000,1","99999,9,9,N","004000,1,9,9","+0250,1","+0247,1","10081,1","12,0310,3,1","5,1,02,1","2,1,02,1",,,"04,1,+00800,1,06,1","99,9,+99999,9,03,1",,,"9,AGL   ,+99999,+99999","06,99,1,04,1,99,9,00800,1,99,9,99,9",,,"99999,9,10074,1","9,9,999,9,-034,1",,"61,1","SYN07043278 21596 60000 10250 20247 30074 40081 76152 84570 333 59034 6031/=",
"43278099999","2023-12-03T00:00:00","4","13.0666666","80.2","7.0","NUMGAMBAKKAM, IN","FM-12","99999","V020","050,1,N,0026,1","99999,9,9,N","004000,1,9,9","+0246,1","+0246,1","10068,1","21,0590,3,1","6,1,02,1","2,1,02,1",,,"04,1,+00450,1,08,1","99,9,+99999,9,05,1","99,9,+99999,9,00,1",,"9,AGL   ,+99999,+99999","07,99,1,04,1,99,9,00450,1,99,9,99,9",,,"99999,9,10061,1","9,9,999,9,-023,1",,"80,1","SYN07043278 21496 70505 10246 20246 30061 40068 78062 84821 333 59023 6059/=",
"43278099999","2023-12-03T03:00:00","4","13.0666666","80.2","7.0","NUMGAMBAKKAM, IN","FM-12","99999","V020","020,1,N,0031,1","99999,9,9,N","010000,1,9,9","+0261,1","+0254,1","10088,1","24,0630,3,1","6,1,02,1","2,1,02,1",,,"05,1,+00800,1,06,1","99,9,+99999,9,05,1",,,"9,AGL   ,+99999,+99999","08,99,1,05,1,99,9,00800,1,99,9,99,9","240,M,+0296,1","240,N,+0242,1","99999,9,10081,1","9,9,999,9,-016,1",,,"SYN09843278 21597 80206 10261 20254 30081 40088 75662 8552/ 333 10296 20242 59016 6063/ 555 00627 10782=",
"43278099999","2023-12-03T06:00:00","4","13.0666666","80.2","7.0","NUMGAMBAKKAM, IN","FM-12","99999","V020","020,1,N,0026,1","99999,9,9,N","004000,1,9,9","+0273,1","+0252,1","10079,1","03,0003,3,1","6,1,02,1","2,1,02,1",,,"03,1,+00800,1,09,1","99,9,+99999,9,03,1",,,"9,AGL   ,+99999,+99999","08,99,1,03,1,99,9,00800,1,99,9,99,9",,,"99999,9,10072,1","9,9,999,9,-018,1",,"50,1","SYN07043278 21596 80205 10273 20252 30072 40079 75062 8337/ 333 59018 6993/=",
"43278099999","2023-12-03T09:00:00","4","13.0666666","80.2","7.0","NUMGAMBAKKAM, IN","FM-12","99999","V020","290,1,N,0021,1","99999,9,9,N","004000,1,9,9","+0260,1","+0251,1","10061,1","06,0090,3,1","6,1,02,1","6,1,02,1",,,"05,1,+00450,1,06,1","99,9,+99999,9,03,1",,,"9,AGL   ,+99999,+99999","08,99,1,05,1,99,9,00450,1,99,9,99,9",,,"99999,9,10054,1","9,9,999,9,-025,1",,"50,1","SYN07043278 21496 82904 10260 20251 30054 40061 75066 8557/ 333 59025 6009/=",
"43278099999","2023-12-03T12:00:00","4","13.0666666","80.2","7.0","NUMGAMBAKKAM, IN","FM-12","99999","V020","340,1,N,0026,1","99999,9,9,N","004000,1,9,9","+0258,1","+0249,1","10057,1","09,0210,3,1","6,1,02,1","5,1,02,1",,,"05,1,+00450,1,06,1","99,9,+99999,9,03,1",,,"9,AGL   ,+99999,+99999","08,99,1,05,1,99,9,00450,1,99,9,99,9",,,"99999,9,10050,1","9,9,999,9,-020,1",,"65,1","SYN07643278 21496 83405 10258 20249 30050 40057 76565 8557/ 333 10275 59020 6021/=",
"43278099999","2023-12-03T15:00:00","4","13.0666666","80.2","7.0","NUMGAMBAKKAM, IN","FM-12","99999","V020","340,1,N,0026,1","99999,9,9,N","004000,1,9,9","+0250,1","+0247,1","10062,1","12,0410,3,1","6,1,02,1","6,1,02,1",,,"04,1,+00450,1,06,1","99,9,+99999,9,03,1","99,9,+99999,9,00,1",,"9,AGL   ,+99999,+99999","07,99,1,04,1,99,9,00450,1,99,9,99,9",,,"99999,9,10055,1","9,9,999,9,-019,1",,"61,1","SYN07043278 21496 73405 10250 20247 30055 40062 76166 84571 333 59019 6041/=",
"43278099999","2023-12-04T00:00:00","4","13.0666666","80.2","7.0","NUMGAMBAKKAM, IN","FM-12","99999","V020","340,1,N,0098,1","99999,9,9,N","004000,1,9,9","+0244,1","+0240,1","10004,1","21,1540,3,1","6,1,02,1","5,1,02,1",,,"05,1,+00800,1,07,1","99,9,+99999,9,05,1",,,"9,AGL   ,+99999,+99999","08,99,1,05,1,99,9,00800,1,99,9,99,9",,,"99999,9,09997,1","9,9,999,9,-064,1",,"63,1","SYN07043278 21596 83419 10244 20240 39997 40004 76365 8572/ 333 59064 6154/=",
"43278099999","2023-12-04T03:00:00","4","13.0666666","80.2","7.0","NUMGAMBAKKAM, IN","FM-12","99999","V020","340,1,N,0062,1","99999,9,9,N","004000,1,9,9","+0238,1","+0232,1","09999,1","24,2300,3,1","6,1,02,1","6,1,02,1",,,"05,1,+00800,1,07,1","99,9,+99999,9,05,1",,,"9,AGL   ,+99999,+99999","08,99,1,05,1,99,9,00800,1,99,9,99,9","240,M,+0275,1","240,N,+0235,1","99999,9,09992,1",,,"65,1","SYN09843278 21596 83412 10238 20232 39992 49999 76566 8572/ 333 10275 20235 59089 6230/ 555 02302 11013=",
"43278099999","2023-12-04T06:00:00","4","13.0666666","80.2","7.0","NUMGAMBAKKAM, IN","FM-12","99999","V020","340,1,N,0088,1","99999,9,9,N","004000,1,9,9","+0236,1","+0233,1","09994,1","03,0820,3,1","6,1,02,1","6,1,02,1",,,"06,1,+00800,1,07,1","99,9,+99999,9,03,1",,,"9,AGL   ,+99999,+99999","08,99,1,06,1,99,9,00800,1,99,9,99,9",,,"99999,9,09987,1",,,"65,1","SYN07043278 21596 83417 10236 20233 39987 49994 76566 8677/ 333 59085 6082/=",
"43278099999","2023-12-04T09:00:00","4","13.0666666","80.2","7.0","NUMGAMBAKKAM, IN","FM-12","99999","V020","340,1,N,0062,1","99999,9,9,N","004000,1,9,9","+0234,1","+0231,1","09972,1","06,1130,3,1","6,1,02,1","2,1,02,1",,,"04,1,+00450,1,09,1","99,9,+99999,9,03,1",,,"9,AGL   ,+99999,+99999","08,99,1,04,1,99,9,00450,1,99,9,99,9",,,"99999,9,09965,1",,,"65,1","SYN07043278 21496 83412 10234 20231 39965 49972 76562 8437/ 333 59089 6113/=",
"43278099999","2023-12-04T12:00:00","4","13.0666666","80.2","7.0","NUMGAMBAKKAM, IN","FM-12","99999","V020","250,1,N,0057,1","99999,9,9,N","004000,1,9,9","+0235,1","+0231,1","09998,1","09,1470,3,1","6,1,02,1","2,1,02,1",,,"03,1,+00450,1,09,1","99,9,+99999,9,03,1",,,"9,AGL   ,+99999,+99999","08,99,1,03,1,99,9,00450,1,99,9,99,9",,,"99999,9,09991,1","9,9,999,9,-059,1",,"65,1","SYN07643278 21496 82511 10235 20231 39991 49998 76562 8337/ 333 10238 59059 6147/=",
"43278099999","2023-12-04T15:00:00","4","13.0666666","80.2","7.0","NUMGAMBAKKAM, IN","FM-12","99999","V020","250,1,N,0062,1","99999,9,9,N","004000,1,9,9","+0234,1","+0231,1","10030,1","12,2290,3,1","6,1,02,1","6,1,02,1",,,"05,1,+00800,1,07,1","99,9,+99999,9,05,1",,,"9,AGL   ,+99999,+99999","08,99,1,05,1,99,9,00800,1,99,9,99,9",,,"99999,9,10023,1","9,9,999,9,-032,1",,"63,1","SYN07043278 21596 82512 10234 20231 30023 40030 76366 8572/ 333 59032 6229/=",
"43278099999","2023-12-05T00:00:00","4","13.0666666","80.2","7.0","NUMGAMBAKKAM, IN","FM-12","99999","V020","999,9,C,0000,1","99999,9,9,N","004000,1,9,9","+0240,1","+0231,1","10044,1","21,2380,3,1","6,1,02,1","5,1,02,1",,,"03,1,+00800,1,06,1","99,9,+99999,9,03,1","99,9,+99999,9,00,1",,"9,AGL   ,+99999,+99999","07,99,1,03,1,99,9,00800,1,99,9,99,9",,,"99999,9,10037,1","9,9,999,9,+040,1",,"50,1","SYN07043278 21596 70000 10240 20231 30037 40044 75065 83572 333 58040 6238/=",
"43278099999","2023-12-05T03:00:00","4","13.0666666","80.2","7.0","NUMGAMBAKKAM, IN","FM-12","99999","V020","230,1,N,0015,1","99999,9,9,N","010000,1,9,9","+0258,1","+0238,1","10064,1","24,2380,3,1","5,1,02,1","2,1,02,1",,,"04,1,+01250,1,06,1","99,9,+99999,9,03,1","99,9,+99999,9,00,1",,"9,AGL   ,+99999,+99999","07,99,1,04,1,99,9,01250,1,99,9,99,9","240,M,+0260,1","240,N,+0228,1","99999,9,10057,1","9,9,999,9,+065,1",,"01,1","SYN09843278 21697 72303 10258 20238 30057 40064 70152 84571 333 10260 20228 58065 6238/ 555 02383 11251=",
"43278099999","2023-12-05T06:00:00","4","13.0666666","80.2","7.0","NUMGAMBAKKAM, IN","FM-12","99999","V020","230,1,N,0015,1","99999,9,9,N","004000,1,9,9","+0288,1","+0245,1","10076,1",,"2,1,02,1","2,1,02,1",,,"02,1,+00800,1,06,1","99,9,+99999,9,03,1","99,9,+99999,9,00,1",,"9,AGL   ,+99999,+99999","07,99,1,02,1,99,9,00800,1,99,9,99,9",,,"99999,9,10069,1",,,"02,1","SYN06443278 31596 72303 10288 20245 30069 40076 70222 82571 333 58082=",
"43278099999","2023-12-05T09:00:00","4","13.0666666","80.2","7.0","NUMGAMBAKKAM, IN","FM-12","99999","V020","270,1,N,0015,1","99999,9,9,N","010000,1,9,9","+0302,1","+0239,1","10050,1",,,,,,"03,1,+00800,1,06,1","99,9,+99999,9,03,1",,,"9,AGL   ,+99999,+99999","05,99,1,03,1,99,9,00800,1,99,9,99,9",,,"99999,9,10043,1","9,9,999,9,+078,1",,,"SYN05843278 32597 52703 10302 20239 30043 40050 83570 333 58078=",
"43278099999","2023-12-05T12:00:00","4","13.0666666","80.2","7.0","NUMGAMBAKKAM, IN","FM-12","99999","V020","999,9,C,0000,1","99999,9,9,N","010000,1,9,9","+0284,1","+0262,1","10067,1",,,,,,"06,1,+00800,1,06,1","99,9,+99999,9,03,1",,,"9,AGL   ,+99999,+99999","08,99,1,06,1,99,9,00800,1,99,9,99,9",,,"99999,9,10061,1","9,9,999,9,+070,1",,,"SYN06443278 32597 80000 10284 20262 30061 40067 86570 333 10311 58070=",
"43278099999","2023-12-05T15:00:00","4","13.0666666","80.2","7.0","NUMGAMBAKKAM, IN","FM-12","99999","V020","999,9,C,0000,1","99999,9,9,N","010000,1,9,9","+0268,1","+0257,1","10080,1",,,,,,"06,1,+00800,1,06,1","99,9,+99999,9,03,1",,,"9,AGL   ,+99999,+99999","08,99,1,06,1,99,9,00800,1,99,9,99,9",,,"99999,9,10073,1","9,9,999,9,+050,1",,,"SYN05843278 32597 80000 10268 20257 30073 40080 86570 333 58050=",
"43278099999","2023-12-06T00:00:00","4","13.0666666","80.2","7.0","NUMGAMBAKKAM, IN","FM-12","99999","V020","999,9,C,0000,1","22000,1,9,N","004000,1,9,9","+0256,1","+0253,1","10072,1",,,,,,"02,1,+00800,1,06,1","99,9,+99999,9,00,1",,,"9,AGL   ,+99999,+99999","04,99,1,02,1,99,9,00800,1,99,9,99,9",,,"99999,9,10065,1","9,9,999,9,+028,1",,,"SYN05843278 32596 40000 10256 20253 30065 40072 82501 333 58028=",
"43278099999","2023-12-06T03:00:00","4","13.0666666","80.2","7.0","NUMGAMBAKKAM, IN","FM-12","99999","V020","230,1,N,0005,1","99999,9,9,N","004000,1,9,9","+0268,1","+0262,1","10104,1",,,,,,"03,1,+00800,1,06,1","99,9,+99999,9,03,1",,,"9,AGL   ,+99999,+99999","08,99,1,03,1,99,9,00800,1,99,9,99,9","240,M,+0311,1","240,N,+0255,1","99999,9,10097,1","9,9,999,9,+040,1",,,"SYN08043278 32596 82301 10268 20262 30097 40104 8357/ 333 10311 20255 58040 555 11251=",
"43278099999","2023-12-06T06:00:00","4","13.0666666","80.2","7.0","NUMGAMBAKKAM, IN","FM-12","99999","V020","999,9,C,0000,1","99999,9,9,N","004000,1,9,9","+0310,1","+0268,1","10098,1",,,,,,"03,1,+00800,1,06,1","99,9,+99999,9,03,1","99,9,+99999,9,00,1",,"9,AGL   ,+99999,+99999","07,99,1,03,1,99,9,00800,1,99,9,99,9",,,"99999,9,10091,1","9,9,999,9,+022,1",,,"SYN05843278 32596 70000 10310 20268 30091 40098 83571 333 58022=",
"43278099999","2023-12-06T09:00:00","4","13.0666666","80.2","7.0","NUMGAMBAKKAM, IN","FM-12","99999","V020","140,1,N,0010,1","99999,9,9,N","010000,1,9,9","+0320,1","+0293,1","10069,1",,,,,,"04,1,+00800,1,06,1","99,9,+99999,9,00,1",,,"9,AGL   ,+99999,+99999","06,99,1,04,1,99,9,00800,1,99,9,99,9",,,"99999,9,10062,1","9,9,999,9,+019,1",,,"SYN05843278 32597 61402 10320 20293 30062 40069 84501 333 58019=",
"43278099999","2023-12-06T12:00:00","4","13.0666666","80.2","7.0","NUMGAMBAKKAM, IN","FM-12","99999","V020","110,1,N,0026,1","99999,9,9,N","010000,1,9,9","+0287,1","+0258,1","10080,1",,,,,,"03,1,+00800,1,06,1","99,9,+99999,9,03,1","99,9,+99999,9,00,1",,"9,AGL   ,+99999,+99999","06,99,1,03,1,99,9,00800,1,99,9,99,9",,,"99999,9,10073,1","9,9,999,9,+012,1",,,"SYN06443278 32597 61105 10287 20258 30073 40080 83571 333 10322 58012=",
"43278099999","2023-12-06T15:00:00","4","13.0666666","80.2","7.0","NUMGAMBAKKAM, IN","FM-12","99999","V020","140,1,N,0015,1","99999,9,9,N","004000,1,9,9","+0279,1","+0264,1","10106,1",,,,,,"03,1,+00800,1,06,1","99,9,+99999,9,03,1","99,9,+99999,9,00,1",,"9,AGL   ,+99999,+99999","05,99,1,03,1,99,9,00800,1,99,9,99,9",,,"99999,9,10099,1","9,9,999,9,+026,1",,,"SYN05843278 32596 51403 10279 20264 30099 40106 83571 333 58026=",
"43278099999","2023-12-07T00:00:00","4","13.0666666","80.2","7.0","NUMGAMBAKKAM, IN","FM-12","99999","V020","999,9,C,0000,1","22000,1,9,N","004000,1,9,9","+0262,1","+0254,1","10097,1",,,,,,"02,1,+00800,1,06,1","99,9,+99999,9,04,1","99,9,+99999,9,00,1",,"9,AGL   ,+99999,+99999","04,99,1,02,1,99,9,00800,1,99,9,99,9",,,"99999,9,10090,1","9,9,999,9,+025,1",,,"SYN05843278 32596 40000 10262 20254 30090 40097 82511 333 58025=",
"43278099999","2023-12-07T03:00:00","4","13.0666666","80.2","7.0","NUMGAMBAKKAM, IN","FM-12","99999","V020","999,9,C,0000,1","99999,9,9,N","010000,1,9,9","+0280,1","+0254,1","10118,1",,,,,,"02,1,+00800,1,06,1","99,9,+99999,9,03,1","99,9,+99999,9,00,1",,"9,AGL   ,+99999,+99999","06,99,1,02,1,99,9,00800,1,99,9,99,9","240,M,+0322,1","240,N,+0258,1","99999,9,10111,1","9,9,999,9,+014,1",,,"SYN08043278 32597 63400 10280 20254 30111 40118 82531 333 10322 20258 58014 555 11251=",
"43278099999","2023-12-07T06:00:00","4","13.0666666","80.2","7.0","NUMGAMBAKKAM, IN","FM-12","99999","V020","090,1,N,0010,1","99999,9,9,N","010000,1,9,9","+0301,1","+0243,1","10111,1",,,,,,"02,1,+00800,1,06,1","99,9,+99999,9,03,1","99,9,+99999,9,00,1",,"9,AGL   ,+99999,+99999","05,99,1,02,1,99,9,00800,1,99,9,99,9",,,"99999,9,10104,1","9,9,999,9,+013,1",,,"SYN05843278 32597 50902 10301 20243 30104 40111 82571 333 58013=",
"43278099999","2023-12-07T09:00:00","4","13.0666666","80.2","7.0","NUMGAMBAKKAM, IN","FM-12","99999","V020","110,1,N,0015,1","99999,9,9,N","010000,1,9,9","+0304,1","+0262,1","10086,1",,,,,,"03,1,+00800,1,06,1","99,9,+99999,9,03,1","99,9,+99999,9,00,1",,"9,AGL   ,+99999,+99999","06,99,1,03,1,99,9,00800,1,99,9,99,9",,,"99999,9,10130,1","9,9,999,9,+068,1",,,"SYN05843278 32597 61103 10304 20262 30130 40086 83571 333 58068=",
"43278099999","2023-12-07T12:00:00","4","13.0666666","80.2","7.0","NUMGAMBAKKAM, IN","FM-12","99999","V020","070,1,N,0015,1","99999,9,9,N","004000,1,9,9","+0280,1","+0254,1","10106,1",,,,,,"04,1,+00800,1,06,1","99,9,+99999,9,03,1",,,"9,AGL   ,+99999,+99999","08,99,1,04,1,99,9,00800,1,99,9,99,9",,,"99999,9,10099,1","9,9,999,9,+026,1",,,"SYN06443278 32596 80703 10280 20254 30099 40106 8457/ 333 10319 58026=",
"43278099999","2023-12-07T15:00:00","4","13.0666666","80.2","7.0","NUMGAMBAKKAM, IN","FM-12","99999","V020","999,9,C,0000,1","99999,9,9,N","004000,1,9,9","+0268,1","+0251,1","10108,1",,,,,,"02,1,+00800,1,06,1","99,9,+99999,9,03,1","99,9,+99999,9,00,1",,"9,AGL   ,+99999,+99999","07,99,1,02,1,99,9,00800,1,99,9,99,9",,,"99999,9,10101,1","9,9,999,9,+002,1",,,"SYN05843278 32596 70000 10268 20251 30101 40108 82571 333 58002=",
"43278099999","2023-12-08T00:00:00","4","13.0666666","80.2","7.0","NUMGAMBAKKAM, IN","FM-12","99999","V020","999,9,C,0000,1","99999,9,9,N","004000,1,9,9","+0257,1","+0248,1","10107,1","21,0000,2,1","2,1,02,1","2,1,02,1",,,"04,1,+00800,1,06,1","99,9,+99999,9,03,1",,,"9,AGL   ,+99999,+99999","07,99,1,04,1,99,9,00800,1,99,9,99,9",,,"99999,9,10100,1","9,9,999,9,+010,1",,"50,1","SYN07043278 21596 70000 10257 20248 30100 40107 75022 8447/ 333 58010 6990/=",
"43278099999","2023-12-08T03:00:00","4","13.0666666","80.2","7.0","NUMGAMBAKKAM, IN","FM-12","99999","V020","320,1,N,0010,1","99999,9,9,N","004000,1,9,9","+0268,1","+0260,1","10125,1","24,0030,3,1","5,1,02,1","2,1,02,1",,,"03,1,+00800,1,06,1","99,9,+99999,9,03,1","99,9,+99999,9,00,1",,"9,AGL   ,+99999,+99999","07,99,1,03,1,99,9,00800,1,99,9,99,9","240,M,+0319,1","240,N,+0246,1","99999,9,10118,1","9,9,999,9,+007,1",,"21,1","SYN09843278 21596 73202 10268 20260 30118 40125 72152 83571 333 10319 20246 58007 6003/ 555 00028 11254=",
"43278099999","2023-12-08T06:00:00","4","13.0666666","80.2","7.0","NUMGAMBAKKAM, IN","FM-12","99999","V020","360,1,N,0015,1","99999,9,9,N","004000,1,9,9","+0286,1","+0255,1","10124,1",,,,,,"03,1,+00800,1,06,1","99,9,+99999,9,03,1","99,9,+99999,9,00,1",,"9,AGL   ,+99999,+99999","07,99,1,03,1,99,9,00800,1,99,9,99,9",,,"99999,9,10117,1","9,9,999,9,+013,1",,,"SYN05843278 32596 73603 10286 20255 30117 40124 83571 333 58013=",
"43278099999","2023-12-08T09:00:00","4","13.0666666","80.2","7.0","NUMGAMBAKKAM, IN","FM-12","99999","V020","340,1,N,0015,1","99999,9,9,N","010000,1,9,9","+0288,1","+0263,1","10103,1","06,0020,3,1","6,1,02,1","5,1,02,1",,,"02,1,+00800,1,06,1","99,9,+99999,9,03,1","99,9,+99999,9,00,1",,"9,AGL   ,+99999,+99999","06,99,1,02,1,99,9,00800,1,99,9,99,9",,,"99999,9,10096,1","9,9,999,9,-034,1",,"02,1","SYN07043278 21597 63403 10288 20263 30096 40103 70265 82571 333 59034 6002/=",
"43278099999","2023-12-08T12:00:00","4","13.0666666","80.2","7.0","NUMGAMBAKKAM, IN","FM-12","99999","V020","340,1,N,0005,1","99999,9,9,N","010000,1,9,9","+0274,1","+0242,1","10106,1","09,0020,3,1","6,1,02,1","5,1,02,1",,,"02,1,+00800,1,06,1","99,9,+99999,9,03,1","99,9,+99999,9,00,1",,"9,AGL   ,+99999,+99999","06,99,1,02,1,99,9,00800,1,99,9,99,9",,,"99999,9,10099,1","9,9,999,9,+000,1",,"02,1","SYN07643278 21597 63401 10274 20242 30099 40106 70265 82531 333 10292 58000 6002/=",
"43278099999","2023-12-08T15:00:00","4","13.0666666","80.2","7.0","NUMGAMBAKKAM, IN","FM-12","99999","V020","340,1,N,0015,1","22000,1,9,N","004000,1,9,9","+0264,1","+0244,1","10121,1","12,0030,3,1",,,,,"02,1,+00800,1,06,1","99,9,+99999,9,00,1",,,"9,AGL   ,+99999,+99999","04,99,1,02,1,99,9,00800,1,99,9,99,9",,,"99999,9,10114,1","9,9,999,9,+013,1",,,"SYN06443278 22596 43403 10264 20244 30114 40121 82501 333 58013 6003/=",
"43278099999","2023-12-09T00:00:00","4","13.0666666","80.2","7.0","NUMGAMBAKKAM, IN","FM-12","99999","V020","340,1,N,0015,1","22000,1,9,N","002000,1,9,9","+0248,1","+0242,1","10118,1","21,0020,3,1",,,,,"01,1,+00800,1,06,1",,,,"9,AGL   ,+99999,+99999","01,99,1,01,1,99,9,00800,1,99,9,99,9",,,"99999,9,10111,1","9,9,999,9,+011,1",,,"SYN06443278 22595 13403 10248 20242 30111 40118 81500 333 58011 6002/=",
"43278099999","2023-12-09T03:00:00","4","13.0666666","80.2","7.0","NUMGAMBAKKAM, IN","FM-12","99999","V020","999,9,C,0000,1","22000,1,9,N","004000,1,9,9","+0272,1","+0255,1","10147,1","24,0020,3,1",,,,,"02,1,+00800,1,06,1","99,9,+99999,9,03,1","99,9,+99999,9,00,1",,"9,AGL   ,+99999,+99999","04,99,1,02,1,99,9,00800,1,99,9,99,9","240,M,+0292,1","240,N,+0246,1","99999,9,10140,1","9,9,999,9,+022,1",,,"SYN09243278 22596 40000 10272 20255 30140 40147 82571 333 10292 20246 58022 6002/ 555 00017 11255=",
"43278099999","2023-12-09T06:00:00","4","13.0666666","80.2","7.0","NUMGAMBAKKAM, IN","FM-12","99999","V020","020,1,N,0015,1","99999,9,9,N","004000,1,9,9","+0308,1","+0245,1","10142,1",,,,,,"03,1,+00800,1,06,1","99,9,+99999,9,03,1","99,9,+99999,9,00,1",,"9,AGL   ,+99999,+99999","06,99,1,03,1,99,9,00800,1,99,9,99,9",,,"99999,9,10135,1","9,9,999,9,+018,1",,,"SYN05843278 32596 60203 10308 20245 30135 40142 83571 333 58018=",
"43278099999","2023-12-09T09:00:00","4","13.0666666","80.2","7.0","NUMGAMBAKKAM, IN","FM-12","99999","V020","340,1,N,0015,1","99999,9,9,N","010000,1,9,9","+0291,1","+0241,1","10119,1",,,,,,"02,1,+00800,1,06,1","99,9,+99999,9,03,1","99,9,+99999,9,00,1",,"9,AGL   ,+99999,+99999","06,99,1,02,1,99,9,00800,1,99,9,99,9",,,"99999,9,10112,1","9,9,999,9,+016,1",,,"SYN05843278 32597 63403 10291 20241 30112 40119 82571 333 58016=",
"43278099999","2023-12-09T12:00:00","4","13.0666666","80.2","7.0","NUMGAMBAKKAM, IN","FM-12","99999","V020","360,1,N,0010,1","22000,1,9,N","010000,1,9,9","+0282,1","+0239,1","10118,1",,,,,,"01,1,+01750,1,03,1","99,9,+99999,9,00,1",,,"9,AGL   ,+99999,+99999","03,99,1,01,1,99,9,01750,1,99,9,99,9",,,"99999,9,10111,1","9,9,999,9,+012,1",,,"SYN06443278 32797 33602 10282 20239 30111 40118 81031 333 10311 58012=",
"43278099999","2023-12-09T15:00:00","4","13.0666666","80.2","7.0","NUMGAMBAKKAM, IN","FM-12","99999","V020","320,1,N,0010,1","22000,1,9,N","004000,1,9,9","+0268,1","+0245,1","10126,1",,,,,,"01,1,+00800,1,06,1","99,9,+99999,9,03,1","99,9,+99999,9,00,1",,"9,AGL   ,+99999,+99999","04,99,1,01,1,99,9,00800,1,99,9,99,9",,,"99999,9,10119,1","9,9,999,9,+005,1",,,"SYN05843278 32596 43202 10268 20245 30119 40126 81571 333 58005=",
"43278099999","2023-12-10T00:00:00","4","13.0666666","80.2","7.0","NUMGAMBAKKAM, IN","FM-12","99999","V020","999,9,C,0000,1","22000,1,9,N","004000,1,9,9","+0256,1","+0247,1","10109,1",,,,,,"03,1,+00800,1,06,1","99,9,+99999,9,00,1",,,"9,AGL   ,+99999,+99999","04,99,1,03,1,99,9,00800,1,99,9,99,9",,,"99999,9,10102,1","9,9,999,9,-009,1",,,"SYN05843278 32596 40000 10256 20247 30102 40109 83501 333 59009=",
"43278099999","2023-12-10T03:00:00","4","13.0666666","80.2","7.0","NUMGAMBAKKAM, IN","FM-12","99999","V020","340,1,N,0010,1","99999,9,9,N","004000,1,9,9","+0270,1","+0256,1","10134,1",,,,,,"02,1,+00800,1,06,1","99,9,+99999,9,03,1","99,9,+99999,9,00,1",,"9,AGL   ,+99999,+99999","06,99,1,02,1,99,9,00800,1,99,9,99,9","240,M,+0311,1","240,N,+0254,1","99999,9,10127,1","9,9,999,9,-013,1",,,"SYN08043278 32596 63402 10270 20256 30127 40134 82571 333 10311 20254 59013 555 11255=",
"43278099999","2023-12-10T06:00:00","4","13.0666666","80.2","7.0","NUMGAMBAKKAM, IN","FM-12","99999","V020","020,1,N,0010,1","99999,9,9,N","010000,1,9,9","+0299,1","+0237,1","10136,1",,,,,,"02,1,+00800,1,06,1","99,9,+99999,9,03,1","99,9,+99999,9,00,1",,"9,AGL   ,+99999,+99999","06,99,1,02,1,99,9,00800,1,99,9,99,9",,,"99999,9,10129,1","9,9,999,9,-006,1",,,"SYN05843278 32597 60202 10299 20237 30129 40136 82571 333 59006=",
"43278099999","2023-12-10T09:00:00","4","13.0666666","80.2","7.0","NUMGAMBAKKAM, IN","FM-12","99999","V020","050,1,N,0021,1","99999,9,9,N","010000,1,9,9","+0286,1","+0227,1","10112,1",,,,,,"02,1,+00800,1,06,1","99,9,+99999,9,03,1","99,9,+99999,9,00,1",,"9,AGL   ,+99999,+99999","07,99,1,02,1,99,9,00800,1,99,9,99,9",,,"99999,9,10105,1","9,9,999,9,-007,1",,,"SYN05843278 32597 70504 10286 20227 30105 40112 82571 333 59007=",
"43278099999","2023-12-10T12:00:00","4","13.0666666","80.2","7.0","NUMGAMBAKKAM, IN","FM-12","99999","V020","050,1,N,0015,1","99999,9,9,N","004000,1,9,9","+0274,1","+0224,1","10109,1",,,,,,"02,1,+00800,1,06,1","99,9,+99999,9,03,1","99,9,+99999,9,00,1",,"9,AGL   ,+99999,+99999","05,99,1,02,1,99,9,00800,1,99,9,99,9",,,"99999,9,10102,1","9,9,999,9,-009,1",,,"SYN06443278 32596 50503 10274 20224 30102 40109 82531 333 10304 59009=",
"43278099999","2023-12-10T15:00:00","4","13.0666666","80.2","7.0","NUMGAMBAKKAM, IN","FM-12","99999","V020","020,1,N,0021,1","22000,1,9,N","004000,1,9,9","+0269,1","+0234,1","10127,1",,,,,,"02,1,+00800,1,06,1","99,9,+99999,9,03,1","99,9,+99999,9,00,1",,"9,AGL   ,+99999,+99999","04,99,1,02,1,99,9,00800,1,99,9,99,9",,,"99999,9,10120,1","9,9,999,9,+001,1",,,"SYN05843278 32596 40204 10269 20234 30120 40127 82571 333 58001=",
"43278099999","2023-12-11T00:00:00","4","13.0666666","80.2","7.0","NUMGAMBAKKAM, IN","FM-12","99999","V020","999,9,C,0000,1","22000,1,9,N","004000,1,9,9","+0238,1","+0223,1","10117,1","21,0000,9,1","0,1,02,1","0,1,02,1",,,"01,1,+00800,1,06,1","99,9,+99999,9,00,1",,,"9,AGL   ,+99999,+99999","02,99,1,01,1,99,9,00800,1,99,9,99,9",,,"99999,9,10110,1","9,9,999,9,+008,1",,"10,1","SYN07043278 21596 20000 10238 20223 30110 40117 71000 81501 333 58008 6990/=","Q01  00002PRCP21"
"43278099999","2023-12-11T03:00:00","4","13.0666666","80.2","7.0","NUMGAMBAKKAM, IN","FM-12","99999","V020","320,1,N,0010,1","22000,1,9,N","010000,1,9,9","+0266,1","+0237,1","10130,1","24,0000,9,1",,,,,"02,1,+00800,1,06,1","99,9,+99999,9,00,1",,,"9,AGL   ,+99999,+99999","04,99,1,02,1,99,9,00800,1,99,9,99,9","240,M,+0304,1","240,N,+0235,1","99999,9,10123,1","9,9,999,9,-004,1",,,"SYN08643278 22597 43202 10266 20237 30123 40130 82501 333 10304 20235 59004 6990/ 555 11255=","Q01  00002PRCP24"
"43278099999","2023-12-11T06:00:00","4","13.0666666","80.2","7.0","NUMGAMBAKKAM, IN","FM-12","99999","V020","050,1,N,0015,1","99999,9,9,N","010000,1,9,9","+0282,1","+0236,1","10140,1",,,,,,"03,1,+00800,1,06,1","99,9,+99999,9,03,1","99,9,+99999,9,00,1",,"9,AGL   ,+99999,+99999","06,99,1,03,1,99,9,00800,1,99,9,99,9",,,"99999,9,10133,1","9,9,999,9,+004,1",,,"SYN05843278 32597 60503 10282 20236 30133 40140 83571 333 58004=",
"43278099999","2023-12-11T09:00:00","4","13.0666666","80.2","7.0","NUMGAMBAKKAM, IN","FM-12","99999","V020","050,1,N,0021,1","99999,9,9,N","004000,1,9,9","+0282,1","+0232,1","10114,1","06,0002,3,1","5,1,02,1","2,1,02,1",,,"05,1,+00800,1,06,1","99,9,+99999,9,03,1",,,"9,AGL   ,+99999,+99999","08,99,1,05,1,99,9,00800,1,99,9,99,9",,,"99999,9,10107,1","9,9,999,9,+002,1",,"02,1","SYN07043278 21596 80504 10282 20232 30107 40114 70252 8557/ 333 58002 6992/=",
"43278099999","2023-12-11T12:00:00","4","13.0666666","80.2","7.0","NUMGAMBAKKAM, IN","FM-12","99999","V020","050,1,N,0015,1","99999,9,9,N","004000,1,9,9","+0271,1","+0226,1","10112,1","09,0002,3,1",,,,,"04,1,+00800,1,06,1","99,9,+99999,9,03,1","99,9,+99999,9,00,1",,"9,AGL   ,+99999,+99999","07,99,1,04,1,99,9,00800,1,99,9,99,9",,,"99999,9,10105,1","9,9,999,9,+003,1",,,"SYN07043278 22596 70503 10271 20226 30105 40112 84531 333 10290 58003 6992/=",
"43278099999","2023-12-11T15:00:00","4","13.0666666","80.2","7.0","NUMGAMBAKKAM, IN","FM-12","99999","V020","020,1,N,0005,1","22000,1,9,N","004000,1,9,9","+0256,1","+0223,1","10128,1","12,0002,3,1",,,,,"02,1,+00800,1,06,1","99,9,+99999,9,03,1","99,9,+99999,9,00,1",,"9,AGL   ,+99999,+99999","04,99,1,02,1,99,9,00800,1,99,9,99,9",,,"99999,9,10121,1","9,9,999,9,+001,1",,,"SYN06443278 22596 40201 10256 20223 30121 40128 82531 333 58001 6992/=",
"43278099999","2023-12-12T00:00:00","4","13.0666666","80.2","7.0","NUMGAMBAKKAM, IN","FM-12","99999","V020","999,9,C,0000,1","22000,1,9,N","004000,1,9,9","+0229,1","+0218,1","10115,1","21,0002,3,1",,,,,"02,1,+00800,1,08,1",,,,"9,AGL   ,+99999,+99999","02,99,1,02,1,99,9,00800,1,99,9,99,9",,,"99999,9,10108,1","9,9,999,9,-002,1",,,"SYN06443278 22596 20000 10229 20218 30108 40115 82100 333 59002 6992/=",
"43278099999","2023-12-12T03:00:00","4","13.0666666","80.2","7.0","NUMGAMBAKKAM, IN","FM-12","99999","V020","999,9,C,0000,1","99999,9,9,N","010000,1,9,9","+0254,1","+0230,1","10130,1","24,0002,3,1",,,,,"02,1,+00800,1,06,1","99,9,+99999,9,03,1","99,9,+99999,9,00,1",,"9,AGL   ,+99999,+99999","05,99,1,02,1,99,9,00800,1,99,9,99,9","240,M,+0290,1","240,N,+0229,1","99999,9,10123,1","9,9,999,9,+000,1",,,"SYN09243278 22597 50000 10254 20230 30123 40130 82431 333 10290 20229 58000 6992/ 555 00002 11256=",
"43278099999","2023-12-12T06:00:00","4","13.0666666","80.2","7.0","NUMGAMBAKKAM, IN","FM-12","99999","V020","050,1,N,0015,1","99999,9,9,N","010000,1,9,9","+0282,1","+0220,1","10128,1",,,,,,"01,1,+00800,1,09,1","99,9,+99999,9,03,1","99,9,+99999,9,00,1",,"9,AGL   ,+99999,+99999","06,99,1,01,1,99,9,00800,1,99,9,99,9",,,"99999,9,10121,1","9,9,999,9,-012,1",,,"SYN05843278 32597 60503 10282 20220 30121 40128 81331 333 59012=",
"43278099999","2023-12-12T09:00:00","4","13.0666666","80.2","7.0","NUMGAMBAKKAM, IN","FM-12","99999","V020","050,1,N,0015,1","99999,9,9,N","010000,1,9,9","+0294,1","+0217,1","10110,1",,,,,,"03,1,+00800,1,06,1","99,9,+99999,9,03,1","99,9,+99999,9,00,1",,"9,AGL   ,+99999,+99999","06,99,1,03,1,99,9,00800,1,99,9,99,9",,,"99999,9,10103,1","9,9,999,9,-004,1",,,"SYN05843278 32597 60503 10294 20217 30103 40110 83571 333 59004=",
"43278099999","2023-12-12T12:00:00","4","13.0666666","80.2","7.0","NUMGAMBAKKAM, IN","FM-12","99999","V020","090,1,N,0015,1","99999,9,9,N","004000,1,9,9","+0268,1","+0207,1","10110,1",,,,,,"03,1,+00800,1,06,1","99,9,+99999,9,03,1","99,9,+99999,9,00,1",,"9,AGL   ,+99999,+99999","06,99,1,03,1,99,9,00800,1,99,9,99,9",,,"99999,9,10103,1","9,9,999,9,-002,1",,,"SYN06443278 32596 60903 10268 20207 30103 40110 83571 333 10296 59002=",
"43278099999","2023-12-13T00:00:00","4","13.0666666","80.2","7.0","NUMGAMBAKKAM, IN","FM-12","99999","V020","999,9,C,0000,1","22000,1,9,N","004000,1,9,9","+0226,1","+0214,1","10116,1",,,,,,"02,1,+00800,1,06,1","99,9,+99999,9,00,1",,,"9,AGL   ,+99999,+99999","03,99,1,02,1,99,9,00800,1,99,9,99,9",,,"99999,9,10109,1","9,9,999,9,+001,1",,,"SYN05843278 32596 30000 10226 20214 30109 40116 82501 333 58001=",
"43278099999","2023-12-13T03:00:00","4","13.0666666","80.2","7.0","NUMGAMBAKKAM, IN","FM-12","99999","V020","340,1,N,0015,1","22000,1,9,N","010000,1,9,9","+0254,1","+0233,1","10149,1",,,,,,"02,1,+00800,1,06,1","99,9,+99999,9,03,1","99,9,+99999,9,00,1",,"9,AGL   ,+99999,+99999","04,99,1,02,1,99,9,00800,1,99,9,99,9","240,M,+0296,1","240,N,+0226,1","99999,9,10142,1","9,9,999,9,+019,1",,,"SYN08043278 32597 43403 10254 20233 30142 40149 82531 333 10296 20226 58019 555 11256=",
"43278099999","2023-12-13T06:00:00","4","13.0666666","80.2","7.0","NUMGAMBAKKAM, IN","FM-12","99999","V020","050,1,N,0021,1","99999,9,9,N","010000,1,9,9","+0280,1","+0218,1","10143,1",,,,,,"03,1,+00800,1,06,1","99,9,+99999,9,03,1","99,9,+99999,9,00,1",,"9,AGL   ,+99999,+99999","06,99,1,03,1,99,9,00800,1,99,9,99,9",,,"99999,9,10136,1","9,9,999,9,+015,1",,,"SYN05843278 32597 60504 10280 20218 30136 40143 83531 333 58015=",
"43278099999","2023-12-13T09:00:00","4","13.0666666","80.2","7.0","NUMGAMBAKKAM, IN","FM-12","99999","V020","020,1,N,0026,1","99999,9,9,N","010000,1,9,9","+0280,1","+0211,1","10114,1",,,,,,"03,1,+01250,1,06,1","99,9,+99999,9,03,1","99,9,+99999,9,00,1",,"9,AGL   ,+99999,+99999","06,99,1,03,1,99,9,01250,1,99,9,99,9",,,"99999,9,10107,1","9,9,999,9,+004,1",,,"SYN05843278 32697 60205 10280 20211 30107 40114 83531 333 58004=",
"43278099999","2023-12-13T12:00:00","4","13.0666666","80.2","7.0","NUMGAMBAKKAM, IN","FM-12","99999","V020","050,1,N,0021,1","99999,9,9,N","010000,1,9,9","+0268,1","+0201,1","10118,1",,,,,,"02,1,+00800,1,06,1","99,9,+99999,9,03,1","99,9,+99999,9,00,1",,"9,AGL   ,+99999,+99999","05,99,1,02,1,99,9,00800,1,99,9,99,9",,,"99999,9,10111,1","9,9,999,9,+008,1",,,"SYN06443278 32597 50504 10268 20201 30111 40118 82571 333 10293 58008=",
"43278099999","2023-12-13T15:00:00","4","13.0666666","80.2","7.0","NUMGAMBAKKAM, IN","FM-12","99999","V020","050,1,N,0015,1","99999,9,9,N","004000,1,9,9","+0260,1","+0202,1","10137,1",,,,,,"03,1,+00800,1,06,1","99,9,+99999,9,03,1","99,9,+99999,9,00,1",,"9,AGL   ,+99999,+99999","07,99,1,03,1,99,9,00800,1,99,9,99,9",,,"99999,9,10130,1","9,9,999,9,+012,1",,,"SYN05843278 32596 70503 10260 20202 30130 40137 83571 333 58012=",
"43278099999","2023-12-14T00:00:00","4","13.0666666","80.2","7.0","NUMGAMBAKKAM, IN","FM-12","99999","V020","999,9,C,0000,1","22000,1,9,N","004000,1,9,9","+0242,1","+0208,1","10132,1",,,,,,"03,1,+00800,1,06,1","99,9,+99999,9,00,1",,,"9,AGL   ,+99999,+99999","04,99,1,03,1,99,9,00800,1,99,9,99,9",,,"99999,9,10125,1","9,9,999,9,+016,1",,,"SYN05843278 32596 40000 10242 20208 30125 40132 83501 333 58016=",
"43278099999","2023-12-14T03:00:00","4","13.0666666","80.2","7.0","NUMGAMBAKKAM, IN","FM-12","99999","V020","050,1,N,0010,1","99999,9,9,N","010000,1,9,9","+0262,1","+0211,1","10152,1",,,,,,"03,1,+00800,1,06,1","99,9,+99999,9,03,1","99,9,+99999,9,00,1",,"9,AGL   ,+99999,+99999","06,99,1,03,1,99,9,00800,1,99,9,99,9","240,M,+0293,1","240,N,+0230,1","99999,9,10145,1","9,9,999,9,+003,1",,,"SYN08043278 32597 60502 10262 20211 30145 40152 83571 333 10293 20230 58003 555 11256=",
"43278099999","2023-12-14T06:00:00","4","13.0666666","80.2","7.0","NUMGAMBAKKAM, IN","FM-12","99999","V020","050,1,N,0015,1","22000,1,9,N","010000,1,9,9","+0292,1","+0201,1","10146,1",,,,,,"01,1,+00800,1,06,1","99,9,+99999,9,03,1","99,9,+99999,9,00,1",,"9,AGL   ,+99999,+99999","04,99,1,01,1,99,9,00800,1,99,9,99,9",,,"99999,9,10139,1","9,9,999,9,+003,1",,,"SYN05843278 32597 40503 10292 20201 30139 40146 81571 333 58003=",
"43278099999","2023-12-14T09:00:00","4","13.0666666","80.2","7.0","NUMGAMBAKKAM, IN","FM-12","99999","V020","070,1,N,0026,1","99999,9,9,N","010000,1,9,9","+0281,1","+0212,1","10121,1",,,,,,"03,1,+00800,1,06,1","99,9,+99999,9,03,1","99,9,+99999,9,00,1",,"9,AGL   ,+99999,+99999","06,99,1,03,1,99,9,00800,1,99,9,99,9",,,"99999,9,10114,1","9,9,999,9,+007,1",,,"SYN05843278 32597 60705 10281 20212 30114 40121 83531 333 58007=",
"43278099999","2023-12-14T12:00:00","4","13.0666666","80.2","7.0","NUMGAMBAKKAM, IN","FM-12","99999","V020","050,1,N,0031,1","99999,9,9,N","004000,1,9,9","+0269,1","+0207,1","10131,1",,,,,,"04,1,+00800,1,06,1","99,9,+99999,9,03,1","99,9,+99999,9,00,1",,"9,AGL   ,+99999,+99999","07,99,1,04,1,99,9,00800,1,99,9,99,9",,,"99999,9,10124,1","9,9,999,9,+013,1",,,"SYN06443278 32596 70506 10269 20207 30124 40131 84531 333 10298 58013=",
"43278099999","2023-12-14T15:00:00","4","13.0666666","80.2","7.0","NUMGAMBAKKAM, IN","FM-12","99999","V020","050,1,N,0031,1","99999,9,9,N","004000,1,9,9","+0268,1","+0219,1","10146,1",,,,,,"02,1,+00800,1,06,1","99,9,+99999,9,03,1","99,9,+99999,9,00,1",,"9,AGL   ,+99999,+99999","05,99,1,02,1,99,9,00800,1,99,9,99,9",,,"99999,9,10139,1","9,9,999,9,+009,1",,,"SYN05843278 32596 50506 10268 20219 30139 40146 82531 333 58009=",
"43278099999","2023-12-15T00:00:00","4","13.0666666","80.2","7.0","NUMGAMBAKKAM, IN","FM-12","99999","V020","999,9,C,0000,1","99999,9,9,N","004000,1,9,9","+0254,1","+0227,1","10131,1",,,,,,"04,1,+00800,1,06,1","99,9,+99999,9,05,1",,,"9,AGL   ,+99999,+99999","07,99,1,04,1,99,9,00800,1,99,9,99,9",,,"99999,9,10124,1","9,9,999,9,-001,1",,,"SYN05843278 32596 70000 10254 20227 30124 40131 8452/ 333 59001=",
"43278099999","2023-12-15T03:00:00","4","13.0666666","80.2","7.0","NUMGAMBAKKAM, IN","FM-12","99999","V020","320,1,N,0010,1","99999,9,9,N","010000,1,9,9","+0266,1","+0237,1","10152,1",,,,,,"03,1,+00800,1,06,1","99,9,+99999,9,04,1","99,9,+99999,9,00,1",,"9,AGL   ,+99999,+99999","07,99,1,03,1,99,9,00800,1,99,9,99,9","240,M,+0298,1","240,N,+0250,1","99999,9,10145,1","9,9,999,9,+000,1",,,"SYN08043278 32597 73202 10266 20237 30145 40152 83411 333 10298 20250 58000 555 11256=",
"43278099999","2023-12-15T06:00:00","4","13.0666666","80.2","7.0","NUMGAMBAKKAM, IN","FM-12","99999","V020","999,9,C,0000,1","99999,9,9,N","004000,1,9,9","+0260,1","+0240,1","10150,1","03,0005,3,1","5,1,02,1","2,1,02,1",,,"04,1,+00800,1,06,1","99,9,+99999,9,05,1",,,"9,AGL   ,+99999,+99999","08,99,1,04,1,99,9,00800,1,99,9,99,9",,,"99999,9,10143,1","9,9,999,9,+004,1",,"50,1","SYN07043278 21596 80000 10260 20240 30143 40150 75052 8452/ 333 58004 6995/=",
"43278099999","2023-12-15T09:00:00","4","13.0666666","80.2","7.0","NUMGAMBAKKAM, IN","FM-12","99999","V020","999,9,C,0000,1","99999,9,9,N","004000,1,9,9","+0252,1","+0249,1","10129,1","06,0050,3,1","5,1,02,1","2,1,02,1",,,"03,1,+00800,1,06,1","99,9,+99999,9,03,1",,,"9,AGL   ,+99999,+99999","08,99,1,03,1,99,9,00800,1,99,9,99,9",,,"99999,9,10122,1","9,9,999,9,+008,1",,"61,1","SYN07043278 21596 80000 10252 20249 30122 40129 76152 8357/ 333 58008 6005/=",
"43278099999","2023-12-15T12:00:00","4","13.0666666","80.2","7.0","NUMGAMBAKKAM, IN","FM-12","99999","V020","050,1,N,0010,1","99999,9,9,N","004000,1,9,9","+0252,1","+0243,1","10129,1","09,0090,3,1","6,1,02,1","5,1,02,1",,,"04,1,+00800,1,06,1","99,9,+99999,9,03,1",,,"9,AGL   ,+99999,+99999","08,99,1,04,1,99,9,00800,1,99,9,99,9",,,"99999,9,10122,1","9,9,999,9,-002,1",,"01,1","SYN07643278 21596 80502 10252 20243 30122 40129 70165 8457/ 333 10274 59002 6009/=",
"43278099999","2023-12-15T15:00:00","4","13.0666666","80.2","7.0","NUMGAMBAKKAM, IN","FM-12","99999","V020","020,1,N,0021,1","99999,9,9,N","004000,1,9,9","+0258,1","+0238,1","10143,1","12,0090,3,1",,,,,"03,1,+00800,1,06,1","99,9,+99999,9,03,1","99,9,+99999,9,00,1",,"9,AGL   ,+99999,+99999","07,99,1,03,1,99,9,00800,1,99,9,99,9",,,"99999,9,10136,1","9,9,999,9,-003,1",,,"SYN06443278 22596 70204 10258 20238 30136 40143 83571 333 59003 6009/=",
"43278099999","2023-12-16T00:00:00","4","13.0666666","80.2","7.0","NUMGAMBAKKAM, IN","FM-12","99999","V020","999,9,C,0000,1","99999,9,9,N","004000,1,9,9","+0248,1","+0242,1","10134,1","21,0100,3,1",,,,,"03,1,+00800,1,06,1","99,9,+99999,9,03,1",,,"9,AGL   ,+99999,+99999","07,99,1,03,1,99,9,00800,1,99,9,99,9",,,"99999,9,10127,1","9,9,999,9,+003,1",,,"SYN06443278 22596 70000 10248 20242 30127 40134 8353/ 333 58003 6010/=",
"43278099999","2023-12-16T03:00:00","4","13.0666666","80.2","7.0","NUMGAMBAKKAM, IN","FM-12","99999","V020","999,9,C,0000,1","99999,9,9,N","004000,1,9,9","+0258,1","+0252,1","10142,1","24,0130,3,1","5,1,02,1","2,1,02,1",,,"04,1,+00800,1,06,1","99,9,+99999,9,03,1",,,"9,AGL   ,+99999,+99999","08,99,1,04,1,99,9,00800,1,99,9,99,9","240,M,+0274,1","240,N,+0247,1","99999,9,10135,1","9,9,999,9,-010,1",,"10,1","SYN09843278 21596 80000 10258 20252 30135 40142 71052 8457/ 333 10274 20247 59010 6013/ 555 00131 11269=",
"43278099999","2023-12-16T06:00:00","4","13.0666666","80.2","7.0","NUMGAMBAKKAM, IN","FM-12","99999","V020","050,1,N,0015,1","99999,9,9,9","010000,1,9,9","+0296,1","+0248,1","10141,1","99,9999,9,9","2,1,99,9","2,1,99,9",,,"03,1,+00600,1,06,1","99,9,+99999,9,03,1","99,9,+99999,9,00,1",,"9,AGL   ,+99999,+99999","07,99,1,03,1,99,9,00600,1,99,9,99,9",,,"99999,9,10134,1","9,9,999,9,-009,1",,"01,1","SYN004BUFR",
"43278099999","2023-12-16T09:00:00","4","13.0666666","80.2","7.0","NUMGAMBAKKAM, IN","FM-12","99999","V020","050,1,N,0010,1","99999,9,9,N","010000,1,9,9","+0290,1","+0237,1","10118,1",,,,,,"03,1,+00800,1,06,1","99,9,+99999,9,03,1","99,9,+99999,9,00,1",,"9,AGL   ,+99999,+99999","06,99,1,03,1,99,9,00800,1,99,9,99,9",,,"99999,9,10111,1","9,9,999,9,-011,1",,,"SYN05843278 32597 60502 10290 20237 30111 40118 83471 333 59011=",
"43278099999","2023-12-16T12:00:00","4","13.0666666","80.2","7.0","NUMGAMBAKKAM, IN","FM-12","99999","V020","050,1,N,0015,1","99999,9,9,N","010000,1,9,9","+0274,1","+0230,1","10121,1",,,,,,"02,1,+00800,1,06,1","99,9,+99999,9,03,1","99,9,+99999,9,00,1",,"9,AGL   ,+99999,+99999","05,99,1,02,1,99,9,00800,1,99,9,99,9",,,"99999,9,10114,1","9,9,999,9,-008,1",,,"SYN06443278 32597 50503 10274 20230 30114 40121 82531 333 10298 59008=",
"43278099999","2023-12-16T15:00:00","4","13.0666666","80.2","7.0","NUMGAMBAKKAM, IN","FM-12","99999","V020","050,1,N,0015,1","99999,9,9,N","004000,1,9,9","+0268,1","+0230,1","10136,1",,,,,,"02,1,+00800,1,06,1","99,9,+99999,9,03,1","99,9,+99999,9,00,1",,"9,AGL   ,+99999,+99999","05,99,1,02,1,99,9,00800,1,99,9,99,9",,,"99999,9,10129,1","9,9,999,9,-007,1",,,"SYN05843278 32596 50503 10268 20230 30129 40136 82531 333 59007=",
"43278099999","2023-12-17T00:00:00","4","13.0666666","80.2","7.0","NUMGAMBAKKAM, IN","FM-12","99999","V020","020,1,N,0015,1","22000,1,9,N","004000,1,9,9","+0260,1","+0237,1","10119,1",,,,,,"02,1,+00800,1,06,1","99,9,+99999,9,03,1",,,"9,AGL   ,+99999,+99999","04,99,1,02,1,99,9,00800,1,99,9,99,9",,,"99999,9,10112,1","9,9,999,9,-015,1",,,"SYN05843278 32596 40203 10260 20237 30112 40119 82530 333 59015=",
"43278099999","2023-12-17T03:00:00","4","13.0666666","80.2","7.0","NUMGAMBAKKAM, IN","FM-12","99999","V020","050,1,N,0015,1","99999,9,9,N","010000,1,9,9","+0270,1","+0232,1","10143,1",,,,,,"03,1,+00800,1,06,1","99,9,+99999,9,03,1","99,9,+99999,9,00,1",,"9,AGL   ,+99999,+99999","07,99,1,03,1,99,9,00800,1,99,9,99,9","240,M,+0298,1","240,N,+0251,1","99999,9,10136,1","9,9,999,9,+001,1",,,"SYN08043278 32597 70503 10270 20232 30136 40143 83431 333 10298 20251 58001 555 11269=",
"43278099999","2023-12-17T06:00:00","4","13.0666666","80.2","7.0","NUMGAMBAKKAM, IN","FM-12","99999","V020","050,1,N,0015,1","99999,9,9,N","010000,1,9,9","+0296,1","+0238,1","10139,1",,,,,,"03,1,+00800,1,06,1","99,9,+99999,9,03,1","99,9,+99999,9,00,1",,"9,AGL   ,+99999,+99999","06,99,1,03,1,99,9,00800,1,99,9,99,9",,,"99999,9,10132,1","9,9,999,9,-002,1",,,"SYN05843278 32597 60503 10296 20238 30132 40139 83431 333 59002=",
"43278099999","2023-12-17T09:00:00","4","13.0666666","80.2","7.0","NUMGAMBAKKAM, IN","FM-12","99999","V020","070,1,N,0015,1","99999,9,9,N","010000,1,9,9","+0300,1","+0237,1","10119,1",,,,,,"03,1,+00800,1,06,1","99,9,+99999,9,03,1","99,9,+99999,9,00,1",,"9,AGL   ,+99999,+99999","07,99,1,03,1,99,9,00800,1,99,9,99,9",,,"99999,9,10112,1","9,9,999,9,+001,1",,,"SYN05843278 32597 70703 10300 20237 30112 40119 83571 333 58001=",
"43278099999","2023-12-17T12:00:00","4","13.0666666","80.2","7.0","NUMGAMBAKKAM, IN","FM-12","99999","V020","070,1,N,0015,1","99999,9,9,N","010000,1,9,9","+0274,1","+0227,1","10122,1","09,0000,9,1","5,1,02,1","2,1,02,1",,,"02,1,+00800,1,06,1","99,9,+99999,9,03,1","99,9,+99999,9,00,1",,"9,AGL   ,+99999,+99999","05,99,1,02,1,99,9,00800,1,99,9,99,9",,,"99999,9,10115,1","9,9,999,9,+001,1",,"01,1","SYN07643278 21597 50703 10274 20227 30115 40122 70152 82571 333 10303 58001 6990/=","Q01  00002PRCP09"
"43278099999","2023-12-17T15:00:00","4","13.0666666","80.2","7.0","NUMGAMBAKKAM, IN","FM-12","99999","V020","070,1,N,0015,1","22000,1,9,N","004000,1,9,9","+0266,1","+0221,1","10139,1","12,0000,9,1",,,,,"01,1,+00800,1,06,1","99,9,+99999,9,03,1","99,9,+99999,9,00,1",,"9,AGL   ,+99999,+99999","04,99,1,01,1,99,9,00800,1,99,9,99,9",,,"99999,9,10132,1","9,9,999,9,+003,1",,,"SYN06443278 22596 40703 10266 20221 30132 40139 81531 333 58003 6990/=","Q01  00002PRCP12"
"43278099999","2023-12-18T00:00:00","4","13.0666666","80.2","7.0","NUMGAMBAKKAM, IN","FM-12","99999","V020","020,1,N,0046,1","22000,1,9,N","004000,1,9,9","+0256,1","+0217,1","10133,1","21,0000,9,1",,,,,"03,1,+00800,1,06,1","99,9,+99999,9,00,1",,,"9,AGL   ,+99999,+99999","04,99,1,03,1,99,9,00800,1,99,9,99,9",,,"99999,9,10126,1","9,9,999,9,+014,1",,,"SYN06443278 22596 40209 10256 20217 30126 40133 83501 333 58014 6990/=","Q01  00002PRCP21"
"43278099999","2023-12-18T03:00:00","4","13.0666666","80.2","7.0","NUMGAMBAKKAM, IN","FM-12","99999","V020","050,1,N,0021,1","99999,9,9,N","010000,1,9,9","+0270,1","+0216,1","10147,1","24,0000,9,1",,,,,"03,1,+00800,1,06,1","99,9,+99999,9,03,1","99,9,+99999,9,00,1",,"9,AGL   ,+99999,+99999","05,99,1,03,1,99,9,00800,1,99,9,99,9","240,M,+0303,1","240,N,+0253,1","99999,9,10140,1","9,9,999,9,+004,1",,,"SYN08643278 22597 50504 10270 20216 30140 40147 83531 333 10303 20253 58004 6990/ 555 11269=","Q01  00002PRCP24"
"43278099999","2023-12-18T06:00:00","4","13.0666666","80.2","7.0","NUMGAMBAKKAM, IN","FM-12","99999","V020","050,1,N,0041,1","99999,9,9,N","010000,1,9,9","+0290,1","+0216,1","10152,1",,,,,,"03,1,+00800,1,06,1","99,9,+99999,9,00,1",,,"9,AGL   ,+99999,+99999","05,99,1,03,1,99,9,00800,1,99,9,99,9",,,"99999,9,10145,1","9,9,999,9,+013,1",,,"SYN05843278 32597 50508 10290 20216 30145 40152 83501 333 58013=",
"43278099999","2023-12-18T09:00:00","4","13.0666666","80.2","7.0","NUMGAMBAKKAM, IN","FM-12","99999","V020","050,1,N,0015,1","99999,9,9,N","010000,1,9,9","+0284,1","+0219,1","10128,1",,,,,,"03,1,+00800,1,06,1","99,9,+99999,9,03,1","99,9,+99999,9,00,1",,"9,AGL   ,+99999,+99999","05,99,1,03,1,99,9,00800,1,99,9,99,9",,,"99999,9,10121,1","9,9,999,9,+009,1",,,"SYN05843278 32597 50503 10284 20219 30121 40128 83531 333 58009=",
"43278099999","2023-12-18T12:00:00","4","13.0666666","80.2","7.0","NUMGAMBAKKAM, IN","FM-12","99999","V020","050,1,N,0031,1","99999,9,9,N","010000,1,9,9","+0266,1","+0205,1","10129,1",,,,,,"02,1,+00800,1,06,1","99,9,+99999,9,03,1","99,9,+99999,9,00,1",,"9,AGL   ,+99999,+99999","05,99,1,02,1,99,9,00800,1,99,9,99,9",,,"99999,9,10122,1","9,9,999,9,+007,1",,,"SYN06443278 32597 50506 10266 20205 30122 40129 82531 333 10298 58007=",
"43278099999","2023-12-18T15:00:00","4","13.0666666","80.2","7.0","NUMGAMBAKKAM, IN","FM-12","99999","V020","050,1,N,0015,1","22000,1,9,N","010000,1,9,9","+0260,1","+0205,1","10151,1",,,,,,"02,1,+00800,1,06,1","99,9,+99999,9,03,1","99,9,+99999,9,00,1",,"9,AGL   ,+99999,+99999","04,99,1,02,1,99,9,00800,1,99,9,99,9",,,"99999,9,10144,1","9,9,999,9,+012,1",,,"SYN05843278 32597 40503 10260 20205 30144 40151 82531 333 58012=",
"43278099999","2023-12-19T00:00:00","4","13.0666666","80.2","7.0","NUMGAMBAKKAM, IN","FM-12","99999","V020","020,1,N,0015,1","22000,1,9,N","004000,1,9,9","+0248,1","+0212,1","10136,1",,,,,,"02,1,+00800,1,06,1","99,9,+99999,9,04,1","99,9,+99999,9,00,1",,"9,AGL   ,+99999,+99999","04,99,1,02,1,99,9,00800,1,99,9,99,9",,,"99999,9,10129,1","9,9,999,9,+003,1",,,"SYN05843278 32596 40203 10248 20212 30129 40136 82511 333 58003=",
"43278099999","2023-12-19T03:00:00","4","13.0666666","80.2","7.0","NUMGAMBAKKAM, IN","FM-12","99999","V020","050,1,N,0021,1","22000,1,9,N","010000,1,9,9","+0270,1","+0200,1","10157,1",,,,,,"02,1,+00800,1,06,1","99,9,+99999,9,00,1",,,"9,AGL   ,+99999,+99999","04,99,1,02,1,99,9,00800,1,99,9,99,9","240,M,+0298,1","240,N,+0247,1","99999,9,10150,1","9,9,999,9,+010,1",,,"SYN08043278 32597 40504 10270 20200 30150 40157 82501 333 10298 20247 58010 555 11269=",
"43278099999","2023-12-19T06:00:00","4","13.0666666","80.2","7.0","NUMGAMBAKKAM, IN","FM-12","99999","V020","050,1,N,0026,1","22000,1,9,N","010000,1,9,9","+0290,1","+0202,1","10153,1",,,,,,"02,1,+00800,1,06,1","99,9,+99999,9,00,1",,,"9,AGL   ,+99999,+99999","04,99,1,02,1,99,9,00800,1,99,9,99,9",,,"99999,9,10146,1","9,9,999,9,+001,1",,,"SYN05843278 32597 40505 10290 20202 30146 40153 82501 333 58001=",
"43278099999","2023-12-19T09:00:00","4","13.0666666","80.2","7.0","NUMGAMBAKKAM, IN","FM-12","99999","V020","020,1,N,0026,1","22000,1,9,N","010000,1,9,9","+0292,1","+0204,1","10129,1",,,,,,"02,1,+00800,1,06,1","99,9,+99999,9,00,1",,,"9,AGL   ,+99999,+99999","04,99,1,02,1,99,9,00800,1,99,9,99,9",,,"99999,9,10122,1","9,9,999,9,+001,1",,,"SYN05843278 32597 40205 10292 20204 30122 40129 82501 333 58001=",
"43278099999","2023-12-19T12:00:00","4","13.0666666","80.2","7.0","NUMGAMBAKKAM, IN","FM-12","99999","V020","070,1,N,0026,1","99999,9,9,N","010000,1,9,9","+0269,1","+0207,1","10133,1",,,,,,"03,1,+00800,1,06,1","99,9,+99999,9,05,1","99,9,+99999,9,00,1",,"9,AGL   ,+99999,+99999","05,99,1,03,1,99,9,00800,1,99,9,99,9",,,"99999,9,10126,1","9,9,999,9,+004,1",,,"SYN06443278 32597 50705 10269 20207 30126 40133 83521 333 10301 58004=",
"43278099999","2023-12-19T15:00:00","4","13.0666666","80.2","7.0","NUMGAMBAKKAM, IN","FM-12","99999","V020","050,1,N,0010,1","99999,9,9,N","004000,1,9,9","+0262,1","+0217,1","10151,1",,,,,,"04,1,+00800,1,06,1","99,9,+99999,9,03,1","99,9,+99999,9,00,1",,"9,AGL   ,+99999,+99999","06,99,1,04,1,99,9,00800,1,99,9,99,9",,,"99999,9,10144,1","9,9,999,9,+000,1",,,"SYN05843278 32596 60502 10262 20217 30144 40151 84571 333 58000=",
"43278099999","2023-12-20T00:00:00","4","13.0666666","80.2","7.0","NUMGAMBAKKAM, IN","FM-12","99999","V020","020,1,N,0015,1","99999,9,9,N","004000,1,9,9","+0255,1","+0214,1","10139,1",,,,,,"04,1,+00800,1,06,1","99,9,+99999,9,03,1",,,"9,AGL   ,+99999,+99999","07,99,1,04,1,99,9,00800,1,99,9,99,9",,,"99999,9,10132,1","9,9,999,9,+003,1",,,"SYN05843278 32596 70203 10255 20214 30132 40139 8457/ 333 58003=",
"43278099999","2023-12-20T03:00:00","4","13.0666666","80.2","7.0","NUMGAMBAKKAM, IN","FM-12","99999","V020","340,1,N,0010,1","22000,1,9,N","010000,1,9,9","+0266,1","+0231,1","10149,1",,,,,,"02,1,+00800,1,06,1","99,9,+99999,9,00,1",,,"9,AGL   ,+99999,+99999","04,99,1,02,1,99,9,00800,1,99,9,99,9","240,M,+0301,1","240,N,+0247,1","99999,9,10142,1","9,9,999,9,-008,1",,,"SYN08043278 32597 43402 10266 20231 30142 40149 82501 333 10301 20247 59008 555 11269=",
"43278099999","2023-12-20T06:00:00","4","13.0666666","80.2","7.0","NUMGAMBAKKAM, IN","FM-12","99999","V020","070,1,N,0031,1","99999,9,9,N","004000,1,9,9","+0286,1","+0221,1","10150,1",,,,,,"04,1,+00800,1,06,1","99,9,+99999,9,03,1","99,9,+99999,9,00,1",,"9,AGL   ,+99999,+99999","06,99,1,04,1,99,9,00800,1,99,9,99,9",,,"99999,9,10143,1","9,9,999,9,-003,1",,,"SYN05843278 32596 60706 10286 20221 30143 40150 84571 333 59003=",
"43278099999","2023-12-20T09:00:00","4","13.0666666","80.2","7.0","NUMGAMBAKKAM, IN","FM-12","99999","V020","020,1,N,0021,1","99999,9,9,N","010000,1,9,9","+0290,1","+0222,1","10128,1",,,,,,"03,1,+00800,1,06,1","99,9,+99999,9,03,1","99,9,+99999,9,00,1",,"9,AGL   ,+99999,+99999","06,99,1,03,1,99,9,00800,1,99,9,99,9",,,"99999,9,10121,1","9,9,999,9,-001,1",,,"SYN05843278 32597 60204 10290 20222 30121 40128 83531 333 59001=",
"43278099999","2023-12-20T12:00:00","4","13.0666666","80.2","7.0","NUMGAMBAKKAM, IN","FM-12","99999","V020","050,1,N,0026,1","99999,9,9,N","004000,1,9,9","+0270,1","+0218,1","10130,1",,,,,,"04,1,+00800,1,06,1","99,9,+99999,9,03,1","99,9,+99999,9,00,1",,"9,AGL   ,+99999,+99999","07,99,1,04,1,99,9,00800,1,99,9,99,9",,,"99999,9,10123,1","9,9,999,9,-003,1",,,"SYN06443278 32596 70505 10270 20218 30123 40130 84531 333 10300 59003=",
"43278099999","2023-12-20T15:00:00","4","13.0666666","80.2","7.0","NUMGAMBAKKAM, IN","FM-12","99999","V020","050,1,N,0015,1","22000,1,9,N","010000,1,9,9","+0265,1","+0221,1","10144,1",,,,,,"02,1,+00800,1,06,1","99,9,+99999,9,03,1","99,9,+99999,9,00,1",,"9,AGL   ,+99999,+99999","04,99,1,02,1,99,9,00800,1,99,9,99,9",,,"99999,9,10137,1","9,9,999,9,-007,1",,,"SYN05843278 32597 40503 10265 20221 30137 40144 82531 333 59007=",
"43278099999","2023-12-21T00:00:00","4","13.0666666","80.2","7.0","NUMGAMBAKKAM, IN","FM-12","99999","V020","020,1,N,0021,1","99999,9,9,N","004000,1,9,9","+0258,1","+0222,1","10135,1",,,,,,"03,1,+00800,1,06,1","99,9,+99999,9,03,1",,,"9,AGL   ,+99999,+99999","06,99,1,03,1,99,9,00800,1,99,9,99,9",,,"99999,9,10128,1","9,9,999,9,-004,1",,,"SYN05843278 32596 60204 10258 20222 30128 40135 83530 333 59004=",
"43278099999","2023-12-21T03:00:00","4","13.0666666","80.2","7.0","NUMGAMBAKKAM, IN","FM-12","99999","V020","050,1,N,0015,1","99999,9,9,N","010000,1,9,9","+0266,1","+0221,1","10154,1",,,,,,"03,1,+00800,1,06,1","99,9,+99999,9,04,1",,,"9,AGL   ,+99999,+99999","08,99,1,03,1,99,9,00800,1,99,9,99,9","240,M,+0300,1","240,N,+0254,1","99999,9,10147,1","9,9,999,9,+005,1",,,"SYN08043278 32597 80503 10266 20221 30147 40154 8351/ 333 10300 20254 58005 555 11269=",
"43278099999","2023-12-21T06:00:00","4","13.0666666","80.2","7.0","NUMGAMBAKKAM, IN","FM-12","99999","V020","050,1,N,0015,1","99999,9,9,N","010000,1,9,9","+0270,1","+0223,1","10154,1",,,,,,"03,1,+00800,1,06,1","99,9,+99999,9,04,1",,,"9,AGL   ,+99999,+99999","08,99,1,03,1,99,9,00800,1,99,9,99,9",,,"99999,9,10147,1","9,9,999,9,+004,1",,,"SYN05843278 32597 80503 10270 20223 30147 40154 8351/ 333 58004=",
"43278099999","2023-12-21T09:00:00","4","13.0666666","80.2","7.0","NUMGAMBAKKAM, IN","FM-12","99999","V020","050,1,N,0015,1","22000,1,9,N","010000,1,9,9","+0286,1","+0218,1","10130,1",,,,,,"01,1,+00800,1,06,1","99,9,+99999,9,03,1","99,9,+99999,9,00,1",,"9,AGL   ,+99999,+99999","04,99,1,01,1,99,9,00800,1,99,9,99,9",,,"99999,9,10123,1","9,9,999,9,+002,1",,,"SYN05843278 32597 40503 10286 20218 30123 40130 81571 333 58002=",
"43278099999","2023-12-21T12:00:00","4","13.0666666","80.2","7.0","NUMGAMBAKKAM, IN","FM-12","99999","V020","050,1,N,0010,1","22000,1,9,N","004000,1,9,9","+0264,1","+0216,1","10129,1",,"0,1,02,1","0,1,02,1",,,"01,1,+00800,1,06,1","99,9,+99999,9,03,1","99,9,+99999,9,00,1",,"9,AGL   ,+99999,+99999","03,99,1,01,1,99,9,00800,1,99,9,99,9",,,"99999,9,10122,1","9,9,999,9,-001,1",,"05,1","SYN07043278 31596 30502 10264 20216 30122 40129 70500 81571 333 10291 59001=",
"43278099999","2023-12-21T15:00:00","4","13.0666666","80.2","7.0","NUMGAMBAKKAM, IN","FM-12","99999","V020","050,1,N,0010,1","22000,1,9,N","004000,1,9,9","+0252,1","+0206,1","10148,1",,"0,1,02,1","0,1,02,1",,,"01,1,+00800,1,06,1","99,9,+99999,9,03,1","99,9,+99999,9,00,1",,"9,AGL   ,+99999,+99999","03,99,1,01,1,99,9,00800,1,99,9,99,9",,,"99999,9,10141,1","9,9,999,9,+004,1",,"05,1","SYN06443278 31596 30502 10252 20206 30141 40148 70500 81571 333 58004=",
"43278099999","2023-12-22T00:00:00","4","13.0666666","80.2","7.0","NUMGAMBAKKAM, IN","FM-12","99999","V020","050,1,N,0010,1","22000,1,9,N","004000,1,9,9","+0236,1","+0212,1","10132,1",,,,,,"01,1,+00800,1,06,1","99,9,+99999,9,00,1",,,"9,AGL   ,+99999,+99999","02,99,1,01,1,99,9,00800,1,99,9,99,9",,,"99999,9,10125,1","9,9,999,9,-003,1",,,"SYN05843278 32596 20502 10236 20212 30125 40132 81501 333 59003=",
"43278099999","2023-12-22T03:00:00","4","13.0666666","80.2","7.0","NUMGAMBAKKAM, IN","FM-12","99999","V020","340,1,N,0010,1","22000,1,9,N","004000,1,9,9","+0250,1","+0223,1","10159,1",,"0,1,02,1","0,1,02,1",,,"99,9,+99999,9,00,1",,,,"9,AGL   ,+99999,+99999","01,99,1,00,1,99,9,99999,9,99,9,99,9","240,M,+0291,1","240,N,+0226,1","99999,9,10152,1","9,9,999,9,+005,1",,"10,1","SYN08643278 31996 13402 10250 20223 30152 40159 71000 80001 333 10291 20226 58005 555 11269=","Q01    003SCCGA1"
"43278099999","2023-12-22T06:00:00","4","13.0666666","80.2","7.0","NUMGAMBAKKAM, IN","FM-12","99999","V020","050,1,N,0010,1","99999,9,9,N","004000,1,9,9","+0278,1","+0212,1","10153,1",,"2,1,02,1","2,1,02,1",,,"01,1,+00800,1,06,1","99,9,+99999,9,03,1","99,9,+99999,9,00,1",,"9,AGL   ,+99999,+99999","05,99,1,01,1,99,9,00800,1,99,9,99,9",,,"99999,9,10146,1","9,9,999,9,-001,1",,"05,1","SYN06443278 31596 50502 10278 20212 30146 40153 70522 81571 333 59001=",
"43278099999","2023-12-22T09:00:00","4","13.0666666","80.2","7.0","NUMGAMBAKKAM, IN","FM-12","99999","V020","050,1,N,0015,1","99999,9,9,N","010000,1,9,9","+0288,1","+0182,1","10128,1",,,,,,"03,1,+00800,1,06,1","99,9,+99999,9,00,1",,,"9,AGL   ,+99999,+99999","06,99,1,03,1,99,9,00800,1,99,9,99,9",,,"99999,9,10121,1","9,9,999,9,-002,1",,,"SYN05843278 32597 60503 10288 20182 30121 40128 83402 333 59002=",
"43278099999","2023-12-23T00:00:00","4","13.0666666","80.2","7.0","NUMGAMBAKKAM, IN","FM-12","99999","V020","999,9,C,0000,1","22000,1,9,N","004000,1,9,9","+0210,1","+0194,1","10143,1",,"0,1,02,1","0,1,02,1",,,"01,1,+00800,1,06,1","99,9,+99999,9,05,1","99,9,+99999,9,00,1",,"9,AGL   ,+99999,+99999","03,99,1,01,1,99,9,00800,1,99,9,99,9",,,"99999,9,10136,1","9,9,999,9,+011,1",,"10,1","SYN06443278 31596 30000 10210 20194 30136 40143 71000 81521 333 58011=",
"43278099999","2023-12-23T03:00:00","4","13.0666666","80.2","7.0","NUMGAMBAKKAM, IN","FM-12","99999","V020","999,9,C,0000,1","22000,1,9,N","004000,1,9,9","+0236,1","+0202,1","10163,1",,"0,1,02,1","0,1,02,1",,,"99,9,+99999,9,00,1",,,,"9,AGL   ,+99999,+99999","02,99,1,00,1,99,9,99999,9,99,9,99,9","240,M,+0301,1","240,N,+0206,1","99999,9,10156,1","9,9,999,9,+004,1",,"05,1","SYN08643278 31996 20000 10236 20202 30156 40163 70500 80001 333 10301 20206 58004 555 11269=","Q01    003SCCGA1"
"43278099999","2023-12-23T06:00:00","4","13.0666666","80.2","7.0","NUMGAMBAKKAM, IN","FM-12","99999","V020","050,1,N,0010,1","99999,9,9,N","010000,1,9,9","+0292,1","+0190,1","10162,1",,,,,,"01,1,+00800,1,06,1","99,9,+99999,9,03,1","99,9,+99999,9,00,1",,"9,AGL   ,+99999,+99999","05,99,1,01,1,99,9,00800,1,99,9,99,9",,,"99999,9,10155,1","9,9,999,9,+009,1",,,"SYN05843278 32597 50502 10292 20190 30155 40162 81571 333 58009=",
"43278099999","2023-12-23T09:00:00","4","13.0666666","80.2","7.0","NUMGAMBAKKAM, IN","FM-12","99999","V020","050,1,N,0015,1","99999,9,9,N","010000,1,9,9","+0280,1","+0160,1","10138,1",,,,,,"01,1,+00800,1,06,1","99,9,+99999,9,03,1","99,9,+99999,9,00,1",,"9,AGL   ,+99999,+99999","05,99,1,01,1,99,9,00800,1,99,9,99,9",,,"99999,9,10131,1","9,9,999,9,+010,1",,,"SYN05843278 32597 50503 10280 20160 30131 40138 81571 333 58010=",
"43278099999","2023-12-23T12:00:00","4","13.0666666","80.2","7.0","NUMGAMBAKKAM, IN","FM-12","99999","V020","050,1,N,0015,1","22000,1,9,N","010000,1,9,9","+0266,1","+0174,1","10137,1",,,,,,"02,1,+00800,1,06,1","99,9,+99999,9,00,1",,,"9,AGL   ,+99999,+99999","04,99,1,02,1,99,9,00800,1,99,9,99,9",,,"99999,9,10130,1","9,9,999,9,+005,1",,,"SYN06443278 32597 40503 10266 20174 30130 40137 82501 333 10299 58005=",
"43278099999","2023-12-23T15:00:00","4","13.0666666","80.2","7.0","NUMGAMBAKKAM, IN","FM-12","99999","V020","050,1,N,0010,1","22000,1,9,N","004000,1,9,9","+0244,1","+0191,1","10155,1",,,,,,"99,9,+99999,9,00,1",,,,"9,AGL   ,+99999,+99999","02,99,1,00,1,99,9,99999,9,99,9,99,9",,,"99999,9,10148,1","9,9,999,9,+002,1",,,"SYN05843278 32996 20502 10244 20191 30148 40155 80001 333 58002=","Q01    003SCCGA1"
"43278099999","2023-12-24T00:00:00","4","13.0666666","80.2","7.0","NUMGAMBAKKAM, IN","FM-12","99999","V020","340,1,N,0010,1","99999,9,9,N","004000,1,9,9","+0238,1","+0207,1","10154,1",,"2,1,02,1","0,1,02,1",,,"05,1,+00800,1,06,1","99,9,+99999,9,03,1",,,"9,AGL   ,+99999,+99999","08,99,1,05,1,99,9,00800,1,99,9,99,9",,,"99999,9,10147,1","9,9,999,9,+011,1",,"10,1","SYN06443278 31596 83402 10238 20207 30147 40154 71020 8557/ 333 58011=",
"43278099999","2023-12-24T03:00:00","4","13.0666666","80.2","7.0","NUMGAMBAKKAM, IN","FM-12","99999","V020","320,1,N,0010,1","22000,1,9,N","010000,1,9,9","+0250,1","+0214,1","10181,1",,,,,,"01,1,+00800,1,06,1","99,9,+99999,9,00,1",,,"9,AGL   ,+99999,+99999","03,99,1,01,1,99,9,00800,1,99,9,99,9","240,M,+0299,1","240,N,+0229,1","99999,9,10174,1","9,9,999,9,+018,1",,,"SYN08043278 32597 33202 10250 20214 30174 40181 81501 333 10299 20229 58018 555 11269=",
"43278099999","2023-12-24T06:00:00","4","13.0666666","80.2","7.0","NUMGAMBAKKAM, IN","FM-12","99999","V020","320,1,N,0026,1","99999,9,9,N","010000,1,9,9","+0272,1","+0209,1","10174,1",,,,,,"03,1,+00800,1,06,1","99,9,+99999,9,03,1","99,9,+99999,9,02,1",,"9,AGL   ,+99999,+99999","07,99,1,03,1,99,9,00800,1,99,9,99,9",,,"99999,9,10167,1","9,9,999,9,+012,1",,,"SYN05843278 32597 73205 10272 20209 30167 40174 83438 333 58012=",
"43278099999","2023-12-24T09:00:00","4","13.0666666","80.2","7.0","NUMGAMBAKKAM, IN","FM-12","99999","V020","020,1,N,0015,1","99999,9,9,N","010000,1,9,9","+0274,1","+0221,1","10149,1",,,,,,"02,1,+00800,1,06,1","99,9,+99999,9,03,1",,,"9,AGL   ,+99999,+99999","08,99,1,02,1,99,9,00800,1,99,9,99,9",,,"99999,9,10142,1","9,9,999,9,+011,1",,,"SYN05843278 32597 80203 10274 20221 30142 40149 8257/ 333 58011=",
"43278099999","2023-12-24T12:00:00","4","13.0666666","80.2","7.0","NUMGAMBAKKAM, IN","FM-12","99999","V020","360,1,N,0015,1","99999,9,9,N","004000,1,9,9","+0268,1","+0227,1","10150,1",,"2,1,02,1","2,1,02,1",,,"03,1,+00800,1,06,1","99,9,+99999,9,03,1","99,9,+99999,9,00,1",,"9,AGL   ,+99999,+99999","06,99,1,03,1,99,9,00800,1,99,9,99,9",,,"99999,9,10143,1","9,9,999,9,+013,1",,"05,1","SYN07043278 31596 63603 10268 20227 30143 40150 70522 83571 333 10293 58013=",
"43278099999","2023-12-24T15:00:00","4","13.0666666","80.2","7.0","NUMGAMBAKKAM, IN","FM-12","99999","V020","999,9,C,0000,1","22000,1,9,N","004000,1,9,9","+0254,1","+0227,1","10164,1",,,,,,"01,1,+00800,1,06,1","99,9,+99999,9,00,1",,,"9,AGL   ,+99999,+99999","02,99,1,01,1,99,9,00800,1,99,9,99,9",,,"99999,9,10157,1","9,9,999,9,+009,1",,,"SYN05843278 32596 20000 10254 20227 30157 40164 81501 333 58009=",
"43278099999","2023-12-26T12:00:00","4","13.0666666","80.2","7.0","NUMGAMBAKKAM, IN","FM-12","99999","V020","020,1,N,0021,1","99999,9,9,9","010000,1,9,9","+0272,1","+0212,1","10143,1","99,9999,9,9",,,"0,1,99,9","0,1,99,9","03,1,+00600,1,06,1","99,9,+99999,9,03,1","99,9,+99999,9,00,1",,"9,AGL   ,+99999,+99999","05,99,1,03,1,99,9,00600,1,99,9,99,9",,,"99999,9,10136,1","9,9,999,9,-001,1",,,"SYN004BUFR",
"43278099999","2023-12-26T15:00:00","4","13.0666666","80.2","7.0","NUMGAMBAKKAM, IN","FM-12","99999","V020","020,1,N,0015,1","99999,9,9,9","004000,1,9,9","+0255,1","+0221,1","10162,1","99,9999,9,9",,,"0,1,99,9","0,1,99,9","03,1,+00600,1,06,1","99,9,+99999,9,03,1","99,9,+99999,9,00,1",,"9,AGL   ,+99999,+99999","06,99,1,03,1,99,9,00600,1,99,9,99,9",,,"99999,9,10155,1","9,9,999,9,-004,1",,,"SYN004BUFR",
"43278099999","2023-12-27T00:00:00","4","13.0666666","80.2","7.0","NUMGAMBAKKAM, IN","FM-12","99999","V020","340,1,N,0005,1","22000,1,9,N","004000,1,9,9","+0230,1","+0220,1","10157,1",,,,,,"01,1,+00800,1,06,1","99,9,+99999,9,05,1","99,9,+99999,9,00,1",,"9,AGL   ,+99999,+99999","04,99,1,01,1,99,9,00800,1,99,9,99,9",,,"99999,9,10150,1","9,9,999,9,+007,1",,,"SYN05843278 32596 43401 10230 20220 30150 40157 81521 333 58007=",
"43278099999","2023-12-27T03:00:00","4","13.0666666","80.2","7.0","NUMGAMBAKKAM, IN","FM-12","99999","V020","360,1,N,0005,1","22000,1,9,N","010000,1,9,9","+0256,1","+0223,1","10181,1",,,,,,"03,1,+00800,1,06,1","99,9,+99999,9,00,1",,,"9,AGL   ,+99999,+99999","03,99,1,03,1,99,9,00800,1,99,9,99,9","240,M,+0307,1","240,N,+0228,1","99999,9,10174,1","9,9,999,9,+012,1",,,"SYN08043278 32597 33601 10256 20223 30174 40181 83501 333 10307 20228 58012 555 11269=",
"43278099999","2023-12-27T06:00:00","4","13.0666666","80.2","7.0","NUMGAMBAKKAM, IN","FM-12","99999","V020","320,1,N,0021,1","99999,9,9,N","010000,1,9,9","+0298,1","+0221,1","10174,1",,,,,,"03,1,+00800,1,06,1","99,9,+99999,9,00,1",,,"9,AGL   ,+99999,+99999","05,99,1,03,1,99,9,00800,1,99,9,99,9",,,"99999,9,10167,1","9,9,999,9,+008,1",,,"SYN05843278 32597 53204 10298 20221 30167 40174 83502 333 58008=",
"43278099999","2023-12-27T09:00:00","4","13.0666666","80.2","7.0","NUMGAMBAKKAM, IN","FM-12","99999","V020","050,1,N,0021,1","99999,9,9,N","010000,1,9,9","+0298,1","+0201,1","10143,1",,,,,,"03,1,+00800,1,06,1","99,9,+99999,9,03,1","99,9,+99999,9,00,1",,"9,AGL   ,+99999,+99999","05,99,1,03,1,99,9,00800,1,99,9,99,9",,,"99999,9,10136,1","9,9,999,9,-002,1",,,"SYN05843278 32597 50504 10298 20201 30136 40143 83531 333 59002=",
"43278099999","2023-12-27T12:00:00","4","13.0666666","80.2","7.0","NUMGAMBAKKAM, IN","FM-12","99999","V020","050,1,N,0021,1","22000,1,9,N","010000,1,9,9","+0270,1","+0213,1","10142,1",,,,,,"02,1,+00800,1,06,1","99,9,+99999,9,03,1","99,9,+99999,9,00,1",,"9,AGL   ,+99999,+99999","04,99,1,02,1,99,9,00800,1,99,9,99,9",,,"99999,9,10135,1","9,9,999,9,-001,1",,,"SYN06443278 32597 40504 10270 20213 30135 40142 82531 333 10304 59001=",
"43278099999","2023-12-27T15:00:00","4","13.0666666","80.2","7.0","NUMGAMBAKKAM, IN","FM-12","99999","V020","360,1,N,0010,1","99999,9,9,N","004000,1,9,9","+0266,1","+0221,1","10156,1",,,,,,"03,1,+00800,1,06,1","99,9,+99999,9,03,1","99,9,+99999,9,00,1",,"9,AGL   ,+99999,+99999","05,99,1,03,1,99,9,00800,1,99,9,99,9",,,"99999,9,10149,1","9,9,999,9,-006,1",,,"SYN05843278 32596 53602 10266 20221 30149 40156 83531 333 59006=",
"43278099999","2023-12-28T00:00:00","4","13.0666666","80.2","7.0","NUMGAMBAKKAM, IN","FM-12","99999","V020","360,1,N,0010,1","99999,9,9,N","004000,1,9,9","+0248,1","+0226,1","10146,1",,,,,,"04,1,+00800,1,06,1","99,9,+99999,9,03,1","99,9,+99999,9,00,1",,"9,AGL   ,+99999,+99999","07,99,1,04,1,99,9,00800,1,99,9,99,9",,,"99999,9,10139,1",,,,"SYN04843278 32596 73602 10248 20226 30139 40146 84571=",
"43278099999","2023-12-28T03:00:00","4","13.0666666","80.2","7.0","NUMGAMBAKKAM, IN","FM-12","99999","V020","340,1,N,0010,1","99999,9,9,N","004000,1,9,9","+0250,1","+0229,1","10164,1",,,,,,"02,1,+00800,1,06,1","99,9,+99999,9,03,1","99,9,+99999,9,00,1",,"9,AGL   ,+99999,+99999","05,99,1,02,1,99,9,00800,1,99,9,99,9","240,M,+0304,1","240,N,+0243,1","99999,9,10157,1","9,9,999,9,-017,1",,,"SYN08043278 32596 53402 10250 20229 30157 40164 82571 333 10304 20243 59017 555 11269=",
"43278099999","2023-12-28T06:00:00","4","13.0666666","80.2","7.0","NUMGAMBAKKAM, IN","FM-12","99999","V020","360,1,N,0021,1","99999,9,9,N","010000,1,9,9","+0282,1","+0236,1","10160,1",,,,,,"03,1,+00800,1,06,1","99,9,+99999,9,03,1","99,9,+99999,9,00,1",,"9,AGL   ,+99999,+99999","06,99,1,03,1,99,9,00800,1,99,9,99,9",,,"99999,9,10153,1","9,9,999,9,-014,1",,,"SYN05843278 32597 63604 10282 20236 30153 40160 83571 333 59014=",
"43278099999","2023-12-28T09:00:00","4","13.0666666","80.2","7.0","NUMGAMBAKKAM, IN","FM-12","99999","V020","050,1,N,0010,1","99999,9,9,N","010000,1,9,9","+0302,1","+0226,1","10137,1",,,,,,"03,1,+00800,1,06,1","99,9,+99999,9,03,1","99,9,+99999,9,00,1",,"9,AGL   ,+99999,+99999","06,99,1,03,1,99,9,00800,1,99,9,99,9",,,"99999,9,10130,1","9,9,999,9,-006,1",,,"SYN05843278 32597 60502 10302 20226 30130 40137 83571 333 59006=",
"43278099999","2023-12-28T12:00:00","4","13.0666666","80.2","7.0","NUMGAMBAKKAM, IN","FM-12","99999","V020","050,1,N,0021,1","99999,9,9,N","010000,1,9,9","+0272,1","+0225,1","10137,1",,,,,,"02,1,+00800,1,06,1","99,9,+99999,9,03,1","99,9,+99999,9,00,1",,"9,AGL   ,+99999,+99999","05,99,1,02,1,99,9,00800,1,99,9,99,9",,,"99999,9,10130,1","9,9,999,9,-005,1",,,"SYN06443278 32597 50504 10272 20225 30130 40137 82571 333 10310 59005=",
"43278099999","2023-12-28T15:00:00","4","13.0666666","80.2","7.0","NUMGAMBAKKAM, IN","FM-12","99999","V020","050,1,N,0010,1","99999,9,9,N","004000,1,9,9","+0262,1","+0227,1","10154,1",,,,,,"02,1,+00800,1,06,1","99,9,+99999,9,03,1","99,9,+99999,9,00,1",,"9,AGL   ,+99999,+99999","05,99,1,02,1,99,9,00800,1,99,9,99,9",,,"99999,9,10147,1","9,9,999,9,-002,1",,,"SYN05843278 32596 50502 10262 20227 30147 40154 82571 333 59002=",
"43278099999","2023-12-29T00:00:00","4","13.0666666","80.2","7.0","NUMGAMBAKKAM, IN","FM-12","99999","V020","340,1,N,0015,1","99999,9,9,N","002000,1,9,9","+0242,1","+0226,1","10143,1",,"1,1,02,1","0,1,02,1",,,"02,1,+00800,1,06,1","99,9,+99999,9,03,1",,,"9,AGL   ,+99999,+99999","05,99,1,02,1,99,9,00800,1,99,9,99,9",,,"99999,9,10136,1","9,9,999,9,-003,1",,"05,1","SYN06443278 31595 53403 10242 20226 30136 40143 70510 82530 333 59003=",
"43278099999","2023-12-29T03:00:00","4","13.0666666","80.2","7.0","NUMGAMBAKKAM, IN","FM-12","99999","V020","320,1,N,0010,1","99999,9,9,N","010000,1,9,9","+0242,1","+0221,1","10163,1",,,,,,"03,1,+00800,1,06,1","99,9,+99999,9,04,1","99,9,+99999,9,00,1",,"9,AGL   ,+99999,+99999","06,99,1,03,1,99,9,00800,1,99,9,99,9","240,M,+0310,1","240,N,+0241,1","99999,9,10156,1","9,9,999,9,-001,1",,,"SYN08043278 32597 63202 10242 20221 30156 40163 83511 333 10310 20241 59001 555 11269=",
"43278099999","2023-12-29T06:00:00","4","13.0666666","80.2","7.0","NUMGAMBAKKAM, IN","FM-12","99999","V020","050,1,N,0015,1","99999,9,9,N","010000,1,9,9","+0284,1","+0231,1","10161,1",,,,,,"03,1,+00800,1,06,1","99,9,+99999,9,04,1","99,9,+99999,9,00,1",,"9,AGL   ,+99999,+99999","06,99,1,03,1,99,9,00800,1,99,9,99,9",,,"99999,9,10154,1","9,9,999,9,+001,1",,,"SYN05843278 32597 60503 10284 20231 30154 40161 83511 333 58001=",
"43278099999","2023-12-29T09:00:00","4","13.0666666","80.2","7.0","NUMGAMBAKKAM, IN","FM-12","99999","V020","050,1,N,0015,1","99999,9,9,N","010000,1,9,9","+0292,1","+0234,1","10135,1",,,,,,"03,1,+00800,1,06,1","99,9,+99999,9,03,1","99,9,+99999,9,00,1",,"9,AGL   ,+99999,+99999","07,99,1,03,1,99,9,00800,1,99,9,99,9",,,"99999,9,10128,1","9,9,999,9,-002,1",,,"SYN05843278 32597 70503 10292 20234 30128 40135 83571 333 59002=",
"43278099999","2023-12-29T12:00:00","4","13.0666666","80.2","7.0","NUMGAMBAKKAM, IN","FM-12","99999","V020","360,1,N,0026,1","99999,9,9,N","010000,1,9,9","+0274,1","+0227,1","10136,1",,,,,,"03,1,+00800,1,06,1","99,9,+99999,9,03,1","99,9,+99999,9,00,1",,"9,AGL   ,+99999,+99999","06,99,1,03,1,99,9,00800,1,99,9,99,9",,,"99999,9,10129,1","9,9,999,9,-001,1",,,"SYN06443278 32597 63605 10274 20227 30129 40136 83571 333 10296 59001=",
"43278099999","2023-12-29T15:00:00","4","13.0666666","80.2","7.0","NUMGAMBAKKAM, IN","FM-12","99999","V020","050,1,N,0010,1","22000,1,9,N","004000,1,9,9","+0268,1","+0230,1","10160,1",,,,,,"01,1,+00800,1,06,1","99,9,+99999,9,03,1","99,9,+99999,9,00,1",,"9,AGL   ,+99999,+99999","04,99,1,01,1,99,9,00800,1,99,9,99,9",,,"99999,9,10153,1","9,9,999,9,+006,1",,,"SYN05843278 32596 40502 10268 20230 30153 40160 81571 333 58006=",
"43278099999","2023-12-30T03:00:00","4","13.0666666","80.2","7.0","NUMGAMBAKKAM, IN","FM-12","99999","V020","360,1,N,0010,1","22000,1,9,N","004000,1,9,9","+0244,1","+0226,1","10160,1",,"1,1,02,1","1,1,02,1",,,"02,1,+00800,1,06,1","99,9,+99999,9,03,1","99,9,+99999,9,00,1",,"9,AGL   ,+99999,+99999","04,99,1,02,1,99,9,00800,1,99,9,99,9","240,M,+0296,1","240,N,+0228,1","99999,9,10153,1","9,9,999,9,-003,1",,"10,1","SYN08643278 31596 43602 10244 20226 30153 40160 71011 82531 333 10296 20228 59003 555 11269=",
"43278099999","2023-12-30T06:00:00","4","13.0666666","80.2","7.0","NUMGAMBAKKAM, IN","FM-12","99999","V020","050,1,N,0015,1","99999,9,9,N","010000,1,9,9","+0294,1","+0214,1","10159,1",,,,,,"02,1,+00800,1,06,1","99,9,+99999,9,03,1","99,9,+99999,9,00,1",,"9,AGL   ,+99999,+99999","05,99,1,02,1,99,9,00800,1,99,9,99,9",,,"99999,9,10152,1","9,9,999,9,-002,1",,,"SYN05843278 32597 50503 10294 20214 30152 40159 82571 333 59002=",
"43278099999","2023-12-30T09:00:00","4","13.0666666","80.2","7.0","NUMGAMBAKKAM, IN","FM-12","99999","V020","050,1,N,0015,1","22000,1,9,N","010000,1,9,9","+0298,1","+0194,1","10132,1",,,,,,"02,1,+00800,1,06,1","99,9,+99999,9,00,1",,,"9,AGL   ,+99999,+99999","03,99,1,02,1,99,9,00800,1,99,9,99,9",,,"99999,9,10125,1","9,9,999,9,-003,1",,,"SYN05843278 32597 30503 10298 20194 30125 40132 82501 333 59003=",
"43278099999","2023-12-30T12:00:00","4","13.0666666","80.2","7.0","NUMGAMBAKKAM, IN","FM-12","99999","V020","050,1,N,0015,1","22000,1,9,N","010000,1,9,9","+0272,1","+0192,1","10138,1",,,,,,"01,1,+00800,1,06,1","99,9,+99999,9,00,1",,,"9,AGL   ,+99999,+99999","02,99,1,01,1,99,9,00800,1,99,9,99,9",,,"99999,9,10131,1","9,9,999,9,+002,1",,,"SYN06443278 32597 20503 10272 20192 30131 40138 81501 333 10308 58002=",
"43278099999","2023-12-30T15:00:00","4","13.0666666","80.2","7.0","NUMGAMBAKKAM, IN","FM-12","99999","V020","050,1,N,0015,1","22000,1,9,N","004000,1,9,9","+0260,1","+0199,1","10150,1",,,,,,"01,1,+00800,1,06,1","99,9,+99999,9,00,1",,,"9,AGL   ,+99999,+99999","02,99,1,01,1,99,9,00800,1,99,9,99,9",,,"99999,9,10143,1","9,9,999,9,-010,1",,,"SYN05843278 32596 20503 10260 20199 30143 40150 81501 333 59010=",
"43278099999","2023-12-31T00:00:00","4","13.0666666","80.2","7.0","NUMGAMBAKKAM, IN","FM-12","99999","V020","999,9,C,0000,1","22000,1,9,N","004000,1,9,9","+0222,1","+0207,1","10139,1",,"0,1,02,1","0,1,02,1",,,"01,1,+00800,1,06,1","99,9,+99999,9,04,1","99,9,+99999,9,00,1",,"9,AGL   ,+99999,+99999","03,99,1,01,1,99,9,00800,1,99,9,99,9",,,"99999,9,10132,1","9,9,999,9,-003,1",,"10,1","SYN06443278 31596 30000 10222 20207 30132 40139 71000 81511 333 59003=",
"43278099999","2023-12-31T03:00:00","4","13.0666666","80.2","7.0","NUMGAMBAKKAM, IN","FM-12","99999","V020","360,1,N,0005,1","22000,1,9,N","010000,1,9,9","+0246,1","+0213,1","10158,1",,,,,,"02,1,+00800,1,06,1","99,9,+99999,9,00,1",,,"9,AGL   ,+99999,+99999","03,99,1,02,1,99,9,00800,1,99,9,99,9","240,M,+0308,1","240,N,+0220,1","99999,9,10151,1","9,9,999,9,-002,1",,,"SYN08043278 32597 33601 10246 20213 30151 40158 82501 333 10308 20220 59002 555 11269=",
"43278099999","2023-12-31T06:00:00","4","13.0666666","80.2","7.0","NUMGAMBAKKAM, IN","FM-12","99999","V020","050,1,N,0010,1","22000,1,9,N","010000,1,9,9","+0292,1","+0190,1","10150,1",,,,,,"02,1,+00800,1,06,1","99,9,+99999,9,00,1",,,"9,AGL   ,+99999,+99999","03,99,1,02,1,99,9,00800,1,99,9,99,9",,,"99999,9,10143,1","9,9,999,9,-009,1",,,"SYN05843278 32597 30502 10292 20190 30143 40150 82501 333 59009=",
"43278099999","2023-12-31T09:00:00","4","13.0666666","80.2","7.0","NUMGAMBAKKAM, IN","FM-12","99999","V020","070,1,N,0021,1","22000,1,9,N","010000,1,9,9","+0294,1","+0203,1","10131,1",,,,,,"01,1,+00800,1,06,1","99,9,+99999,9,03,1","99,9,+99999,9,00,1",,"9,AGL   ,+99999,+99999","03,99,1,01,1,99,9,00800,1,99,9,99,9",,,"99999,9,10124,1","9,9,999,9,-001,1",,,"SYN05843278 32597 30704 10294 20203 30124 40131 81531 333 59001=",
"43278099999","2023-12-31T12:00:00","4","13.0666666","80.2","7.0","NUMGAMBAKKAM, IN","FM-12","99999","V020","050,1,N,0015,1","22000,1,9,N","010000,1,9,9","+0258,1","+0206,1","10126,1",,,,,,"02,1,+00800,1,06,1","99,9,+99999,9,04,1","99,9,+99999,9,00,1",,"9,AGL   ,+99999,+99999","04,99,1,02,1,99,9,00800,1,99,9,99,9",,,"99999,9,10119,1","9,9,999,9,-012,1",,,"SYN06443278 32597 40503 10258 20206 30119 40126 82511 333 10304 59012=",
"43278099999","2023-12-31T15:00:00","4","13.0666666","80.2","7.0","NUMGAMBAKKAM, IN","FM-12","99999","V020","090,1,N,0010,1","22000,1,9,N","004000,1,9,9","+0260,1","+0199,1","10143,1",,,,,,"02,1,+00800,1,06,1","99,9,+99999,9,03,1","99,9,+99999,9,00,1",,"9,AGL   ,+99999,+99999","04,99,1,02,1,99,9,00800,1,99,9,99,9",,,"99999,9,10136,1","9,9,999,9,-007,1",,,"SYN05843278 32596 40902 10260 20199 30136 40143 82571 333 59007=",
