"STATION","DATE","SOURCE","LATITUDE","LONGITUDE","ELEVATION","NAME","REPORT_TYPE","CALL_SIGN","QUALITY_CONTROL","WND","CIG","VIS","TMP","DEW","SLP","AA1","AY1","AY2","GA1","GA2","GA3","GE1","GF1","KA1","KA2","MA1","MD1","MW1","REM","EQD"
"43301099999","2023-01-01T03:00:00","4","12.1333333","78.0333333","396.0","DHARMAPURI, IN","FM-12","99999","V020","999,9,C,0000,1","99999,9,9,N","010000,1,9,9","+0194,1","+0174,1","10177,1",,,,,,,,,"240,M,+0286,1","240,N,+0170,1","99999,9,09639,1","9,9,999,9,-019,1",,"SYN07443301 32997 00000 10194 20174 39639 40177 333 10286 20170 59019 555 10000=",
"43301099999","2023-01-01T12:00:00","4","12.1333333","78.0333333","396.0","DHARMAPURI, IN","FM-12","99999","V020","110,1,N,0010,1","22000,1,9,N","010000,1,9,9","+0278,1","+0167,1","10115,1",,,,"01,1,+00800,1,08,1","99,9,+99999,9,00,1",,"9,AGL   ,+99999,+99999","02,99,1,01,1,99,9,00800,1,99,9,99,9","240,M,+0290,1",,"99999,9,09594,1","9,9,999,9,-008,1",,"SYN06443301 32597 21102 10278 20167 39594 40115 81101 333 10290 59008=",
"43301099999","2023-01-02T03:00:00","4","12.1333333","78.0333333","396.0","DHARMAPURI, IN","FM-12","99999","V020","070,1,N,0015,1","22000,1,9,N","010000,1,9,9","+0206,1","+0184,1","10170,1",,,,"01,1,+00800,1,08,1","99,9,+99999,9,00,1",,"9,AGL   ,+99999,+99999","02,99,1,01,1,99,9,00800,1,99,9,99,9","240,M,+0290,1","240,N,+0190,1","99999,9,09634,1","9,9,999,9,-005,1",,"SYN08043301 32597 20703 10206 20184 39634 40170 81101 333 10290 20190 59005 555 10000=",
"43301099999","2023-01-02T12:00:00","4","12.1333333","78.0333333","396.0","DHARMAPURI, IN","FM-12","99999","V020","160,1,N,0010,1","22000,1,9,N","010000,1,9,9","+0268,1","+0153,1","10125,1",,,,"01,1,+00800,1,08,1","99,9,+99999,9,00,1",,"9,AGL   ,+99999,+99999","02,99,1,01,1,99,9,00800,1,99,9,99,9","240,M,+0282,1",,"99999,9,09602,1","9,9,999,9,-001,1",,"SYN06443301 32597 21602 10268 20153 39602 40125 81101 333 10282 59001=",
"43301099999","2023-01-03T03:00:00","4","12.1333333","78.0333333","396.0","DHARMAPURI, IN","FM-12","99999","V020","050,1,N,0010,1","22000,1,9,N","010000,1,9,9","+0208,1","+0186,1","10172,1",,,,"01,1,+00800,1,08,1","99,9,+99999,9,00,1",,"9,AGL   ,+99999,+99999","02,99,1,01,1,99,9,00800,1,99,9,99,9","240,M,+0282,1","240,N,+0182,1","99999,9,09636,1","9,9,999,9,+002,1",,"SYN08043301 32597 20502 10208 20186 39636 40172 81101 333 10282 20182 58002 555 10000=",
"43301099999","2023-01-03T12:00:00","4","12.1333333","78.0333333","396.0","DHARMAPURI, IN","FM-12","99999","V020","070,1,N,0015,1","22000,1,9,N","010000,1,9,9","+0268,1","+0183,1","10119,1",,,,"02,1,+00800,1,08,1","99,9,+99999,9,03,1",,"9,AGL   ,+99999,+99999","03,99,1,02,1,99,9,00800,1,99,9,99,9","240,M,+0275,1",,"99999,9,09596,1","9,9,999,9,-006,1",,"SYN06443301 32597 30703 10268 20183 39596 40119 82130 333 10275 59006=",
"43301099999","2023-01-04T03:00:00","4","12.1333333","78.0333333","396.0","DHARMAPURI, IN","FM-12","99999","V020","070,1,N,0010,1","99999,9,9,N","010000,1,9,9","+0214,1","+0189,1","10168,1",,,,"02,1,+00800,1,08,1","99,9,+99999,9,03,1","99,9,+99999,9,00,1","9,AGL   ,+99999,+99999","05,99,1,02,1,99,9,00800,1,99,9,99,9","240,M,+0275,1","240,N,+0185,1","99999,9,09633,1","9,9,999,9,-003,1",,"SYN08043301 32597 50702 10214 20189 39633 40168 82231 333 10275 20185 59003 555 10000=",
"43301099999","2023-01-04T12:00:00","4","12.1333333","78.0333333","396.0","DHARMAPURI, IN","FM-12","99999","V020","070,1,N,0015,1","99999,9,9,N","010000,1,9,9","+0266,1","+0170,1","10114,1",,,,,,,,,"240,M,+0272,1",,"99999,9,09582,1","9,9,999,9,-014,1",,"SYN05843301 32997 00703 10266 20170 39582 40114 333 10272 59014=",
"43301099999","2023-01-05T03:00:00","4","12.1333333","78.0333333","396.0","DHARMAPURI, IN","FM-12","99999","V020","999,9,C,0000,1","99999,9,9,N","004000,1,9,9","+0204,1","+0188,1","10161,1",,"2,1,02,1","2,1,02,1","04,1,+00800,1,09,1","99,9,+99999,9,03,1",,"9,AGL   ,+99999,+99999","07,99,1,04,1,99,9,00800,1,99,9,99,9","240,M,+0272,1","240,N,+0190,1","99999,9,09626,1","9,9,999,9,-007,1","05,1","SYN08643301 31596 70000 10204 20188 39626 40161 70522 84330 333 10272 20190 59007 555 10000=",
"43301099999","2023-01-05T12:00:00","4","12.1333333","78.0333333","396.0","DHARMAPURI, IN","FM-12","99999","V020","070,1,N,0010,1","22000,1,9,N","010000,1,9,9","+0262,1","+0187,1","10120,1",,,,"02,1,+00800,1,08,1","99,9,+99999,9,03,1",,"9,AGL   ,+99999,+99999","04,99,1,02,1,99,9,00800,1,99,9,99,9","240,M,+0267,1",,"99999,9,09597,1","9,9,999,9,+015,1",,"SYN06443301 32597 40702 10262 20187 39597 40120 82230 333 10267 58015=",
"43301099999","2023-01-06T03:00:00","4","12.1333333","78.0333333","396.0","DHARMAPURI, IN","FM-12","99999","V020","020,1,N,0010,1","99999,9,9,N","004000,1,9,9","+0206,1","+0184,1","10175,1",,"2,1,02,1","2,1,02,1","04,1,+00800,1,09,1","99,9,+99999,9,03,1",,"9,AGL   ,+99999,+99999","07,99,1,04,1,99,9,00800,1,99,9,99,9","240,M,+0267,1","240,N,+0185,1","99999,9,09639,1","9,9,999,9,+013,1","05,1","SYN08643301 31596 70202 10206 20184 39639 40175 70522 84330 333 10267 20185 58013 555 10000=",
"43301099999","2023-01-06T12:00:00","4","12.1333333","78.0333333","396.0","DHARMAPURI, IN","FM-12","99999","V020","070,1,N,0010,1","99999,9,9,N","010000,1,9,9","+0262,1","+0176,1","10141,1",,,,"02,1,+00800,1,08,1","99,9,+99999,9,03,1","99,9,+99999,9,00,1","9,AGL   ,+99999,+99999","05,99,1,02,1,99,9,00800,1,99,9,99,9","240,M,+0280,1",,"99999,9,09617,1","9,9,999,9,+020,1",,"SYN06443301 32597 50702 10262 20176 39617 40141 82231 333 10280 58020=",
"43301099999","2023-01-07T03:00:00","4","12.1333333","78.0333333","396.0","DHARMAPURI, IN","FM-12","99999","V020","070,1,N,0015,1","99999,9,9,N","004000,1,9,9","+0202,1","+0179,1","10173,1",,"2,1,02,1","2,1,02,1","04,1,+00800,1,09,1","99,9,+99999,9,03,1",,"9,AGL   ,+99999,+99999","07,99,1,04,1,99,9,00800,1,99,9,99,9","240,M,+0280,1","240,N,+0185,1","99999,9,09637,1","9,9,999,9,-002,1","05,1","SYN08643301 31596 70703 10202 20179 39637 40173 70522 84330 333 10280 20185 59002 555 10000=",
"43301099999","2023-01-07T12:00:00","4","12.1333333","78.0333333","396.0","DHARMAPURI, IN","FM-12","99999","V020","070,1,N,0015,1","99999,9,9,N","010000,1,9,9","+0266,1","+0185,1","10120,1",,,,"04,1,+00800,1,09,1","99,9,+99999,9,03,1",,"9,AGL   ,+99999,+99999","07,99,1,04,1,99,9,00800,1,99,9,99,9","240,M,+0278,1",,"99999,9,09597,1","9,9,999,9,-020,1",,"SYN06443301 32597 70703 10266 20185 39597 40120 84330 333 10278 59020=",
"43301099999","2023-01-08T03:00:00","4","12.1333333","78.0333333","396.0","DHARMAPURI, IN","FM-12","99999","V020","050,1,N,0010,1","99999,9,9,N","004000,1,9,9","+0212,1","+0183,1","10160,1",,"2,1,02,1","2,1,02,1","04,1,+00800,1,09,1","99,9,+99999,9,03,1",,"9,AGL   ,+99999,+99999","06,99,1,04,1,99,9,00800,1,99,9,99,9","240,M,+0278,1","240,N,+0190,1","99999,9,09627,1","9,9,999,9,-010,1","05,1","SYN08643301 31596 60502 10212 20183 39627 40160 70522 84330 333 10278 20190 59010 555 10000=",
"43301099999","2023-01-08T12:00:00","4","12.1333333","78.0333333","396.0","DHARMAPURI, IN","FM-12","99999","V020","110,1,N,0010,1","99999,9,9,N","010000,1,9,9","+0272,1","+0170,1","10106,1",,,,"02,1,+00800,1,08,1","99,9,+99999,9,03,1","99,9,+99999,9,00,1","9,AGL   ,+99999,+99999","05,99,1,02,1,99,9,00800,1,99,9,99,9","240,M,+0288,1",,"99999,9,09586,1","9,9,999,9,-011,1",,"SYN06443301 32597 51102 10272 20170 39586 40106 82231 333 10288 59011=",
"43301099999","2023-01-09T03:00:00","4","12.1333333","78.0333333","396.0","DHARMAPURI, IN","FM-12","99999","V020","050,1,N,0015,1","99999,9,9,N","004000,1,9,9","+0206,1","+0170,1","10153,1",,"2,1,02,1","2,1,02,1","03,1,+00800,1,08,1","99,9,+99999,9,03,1","99,9,+99999,9,00,1","9,AGL   ,+99999,+99999","06,99,1,03,1,99,9,00800,1,99,9,99,9","240,M,+0288,1","240,N,+0186,1","99999,9,09618,1","9,9,999,9,-009,1","05,1","SYN08643301 31596 60503 10206 20170 39618 40153 70522 83231 333 10288 20186 59009 555 10000=",
"43301099999","2023-01-09T12:00:00","4","12.1333333","78.0333333","396.0","DHARMAPURI, IN","FM-12","99999","V020","070,1,N,0010,1","99999,9,9,N","010000,1,9,9","+0266,1","+0151,1","10121,1",,,,,,,,,"240,M,+0270,1",,"99999,9,09601,1","9,9,999,9,+015,1",,"SYN05843301 32997 00702 10266 20151 39601 40121 333 10270 58015=",
"43301099999","2023-01-10T03:00:00","4","12.1333333","78.0333333","396.0","DHARMAPURI, IN","FM-12","99999","V020","070,1,N,0010,1","22000,1,9,N","004000,1,9,9","+0186,1","+0152,1","10179,1",,"0,1,02,1","0,1,02,1","01,1,+00800,1,08,1","99,9,+99999,9,00,1",,"9,AGL   ,+99999,+99999","02,99,1,01,1,99,9,00800,1,99,9,99,9","240,M,+0270,1","240,N,+0165,1","99999,9,09639,1","9,9,999,9,+001,1","05,1","SYN08643301 31596 20702 10186 20152 39639 40179 70500 81101 333 10270 20165 58001 555 10000=",
"43301099999","2023-01-10T12:00:00","4","12.1333333","78.0333333","396.0","DHARMAPURI, IN","FM-12","99999","V020","070,1,N,0010,1","99999,9,9,N","010000,1,9,9","+0264,1","+0152,1","10118,1",,,,,,,,,"240,M,+0272,1",,"99999,9,09595,1","9,9,999,9,-006,1",,"SYN05843301 32997 00702 10264 20152 39595 40118 333 10272 59006=",
"43301099999","2023-01-11T03:00:00","4","12.1333333","78.0333333","396.0","DHARMAPURI, IN","FM-12","99999","V020","020,1,N,0010,1","99999,9,9,N","004000,1,9,9","+0174,1","+0154,1","10157,1",,"2,1,02,1","2,1,02,1",,,,,,"240,M,+0272,1","240,N,+0155,1","99999,9,09616,1","9,9,999,9,-023,1","05,1","SYN08043301 31996 00202 10174 20154 39616 40157 70522 333 10272 20155 59023 555 10000=",
"43301099999","2023-01-11T12:00:00","4","12.1333333","78.0333333","396.0","DHARMAPURI, IN","FM-12","99999","V020","070,1,N,0010,1","22000,1,9,N","010000,1,9,9","+0268,1","+0110,1","10097,1",,,,"01,1,+00800,1,08,1","99,9,+99999,9,00,1",,"9,AGL   ,+99999,+99999","02,99,1,01,1,99,9,00800,1,99,9,99,9","240,M,+0280,1",,"99999,9,09575,1","9,9,999,9,-020,1",,"SYN06443301 32597 20702 10268 20110 39575 40097 81101 333 10280 59020=",
"43301099999","2023-01-12T03:00:00","4","12.1333333","78.0333333","396.0","DHARMAPURI, IN","FM-12","99999","V020","020,1,N,0010,1","99999,9,9,N","004000,1,9,9","+0176,1","+0156,1","10147,1",,"0,1,02,1","0,1,02,1",,,,,,"240,M,+0280,1","240,N,+0148,1","99999,9,09607,1","9,9,999,9,-009,1","05,1","SYN08043301 31596 00202 10176 20156 39607 40147 70500 333 10280 20148 59009 555 10000=",
"43301099999","2023-01-12T12:00:00","4","12.1333333","78.0333333","396.0","DHARMAPURI, IN","FM-12","99999","V020","070,1,N,0010,1","99999,9,9,N","010000,1,9,9","+0276,1","+0121,1","10081,1",,,,,,,,,"240,M,+0282,1",,"99999,9,09562,1","9,9,999,9,-013,1",,"SYN05843301 32997 00702 10276 20121 39562 40081 333 10282 59013=",
"43301099999","2023-01-13T03:00:00","4","12.1333333","78.0333333","396.0","DHARMAPURI, IN","FM-12","99999","V020","270,1,N,0010,1","99999,9,9,N","004000,1,9,9","+0174,1","+0157,1","10149,1",,"2,1,02,1","2,1,02,1","03,1,+00800,1,09,1","99,9,+99999,9,03,1","99,9,+99999,9,00,1","9,AGL   ,+99999,+99999","06,99,1,03,1,99,9,00800,1,99,9,99,9","240,M,+0282,1","240,N,+0145,1","99999,9,09609,1","9,9,999,9,+002,1","05,1","SYN08643301 31596 62702 10174 20157 39609 40149 70522 83331 333 10282 20145 58002 555 10000=",
"43301099999","2023-01-13T12:00:00","4","12.1333333","78.0333333","396.0","DHARMAPURI, IN","FM-12","99999","V020","020,1,N,0010,1","99999,9,9,N","010000,1,9,9","+0266,1","+0155,1","10098,1",,,,"03,1,+00800,1,06,1","99,9,+99999,9,03,1","99,9,+99999,9,00,1","9,AGL   ,+99999,+99999","06,99,1,03,1,99,9,00800,1,99,9,99,9","240,M,+0280,1",,"99999,9,09609,1","9,9,999,9,+014,1",,"SYN06443301 32597 60202 10266 20155 39609 40098 83531 333 10280 58014=",
"43301099999","2023-01-14T03:00:00","4","12.1333333","78.0333333","396.0","DHARMAPURI, IN","FM-12","99999","V020","070,1,N,0010,1","22000,1,9,N","004000,1,9,9","+0184,1","+0157,1","10153,1",,"0,1,02,1","0,1,02,1","02,1,+00800,1,08,1","99,9,+99999,9,03,1","99,9,+99999,9,00,1","9,AGL   ,+99999,+99999","04,99,1,02,1,99,9,00800,1,99,9,99,9","240,M,+0280,1","240,N,+0147,1","99999,9,09614,1","9,9,999,9,+005,1","05,1","SYN08643301 31596 40702 10184 20157 39614 40153 70500 82131 333 10280 20147 58005 555 10000=",
"43301099999","2023-01-14T12:00:00","4","12.1333333","78.0333333","396.0","DHARMAPURI, IN","FM-12","99999","V020","070,1,N,0010,1","99999,9,9,N","010000,1,9,9","+0282,1","+0120,1","10083,1",,,,"03,1,+00800,1,08,1","99,9,+99999,9,03,1","99,9,+99999,9,00,1","9,AGL   ,+99999,+99999","06,99,1,03,1,99,9,00800,1,99,9,99,9","240,M,+0286,1",,"99999,9,09565,1","9,9,999,9,-011,1",,"SYN06443301 32597 60702 10282 20120 39565 40083 83231 333 10286 59011=",
"43301099999","2023-01-15T03:00:00","4","12.1333333","78.0333333","396.0","DHARMAPURI, IN","FM-12","99999","V020","070,1,N,0010,1","99999,9,9,N","004000,1,9,9","+0174,1","+0157,1","10145,1",,"2,1,02,1","2,1,02,1","03,1,+00800,1,08,1","99,9,+99999,9,03,1","99,9,+99999,9,00,1","9,AGL   ,+99999,+99999","06,99,1,03,1,99,9,00800,1,99,9,99,9","240,M,+0286,1","240,N,+0146,1","99999,9,09605,1","9,9,999,9,-009,1","05,1","SYN08643301 31596 60702 10174 20157 39605 40145 70522 83231 333 10286 20146 59009 555 10000=",
"43301099999","2023-01-15T12:00:00","4","12.1333333","78.0333333","396.0","DHARMAPURI, IN","FM-12","99999","V020","020,1,N,0010,1","22000,1,9,N","010000,1,9,9","+0274,1","+0118,1","10083,1",,,,"02,1,+00800,1,08,1","99,9,+99999,9,00,1",,"9,AGL   ,+99999,+99999","03,99,1,02,1,99,9,00800,1,99,9,99,9","240,M,+0280,1",,"99999,9,09564,1","9,9,999,9,-001,1",,"SYN06443301 32597 30202 10274 20118 39564 40083 82101 333 10280 59001=",
"43301099999","2023-01-16T12:00:00","4","12.1333333","78.0333333","396.0","DHARMAPURI, IN","FM-12","99999","V020","070,1,N,0010,1","22000,1,9,N","010000,1,9,9","+0278,1","+0110,1","10087,1",,,,"02,1,+00800,1,08,1","99,9,+99999,9,00,1",,"9,AGL   ,+99999,+99999","03,99,1,02,1,99,9,00800,1,99,9,99,9","240,M,+0290,1",,"99999,9,09568,1","9,9,999,9,+004,1",,"SYN06443301 32597 30702 10278 20110 39568 40087 82201 333 10290 58004=",
"43301099999","2023-01-17T03:00:00","4","12.1333333","78.0333333","396.0","DHARMAPURI, IN","FM-12","99999","V020","070,1,N,0010,1","22000,1,9,N","004000,1,9,9","+0184,1","+0164,1","10144,1",,"0,1,02,1","0,1,02,1","02,1,+00800,1,08,1","99,9,+99999,9,00,1",,"9,AGL   ,+99999,+99999","03,99,1,02,1,99,9,00800,1,99,9,99,9","240,M,+0290,1","240,N,+0146,1","99999,9,09606,1","9,9,999,9,-004,1","05,1","SYN08643301 31596 30702 10184 20164 39606 40144 70500 82201 333 10290 20146 59004 555 10000=",
"43301099999","2023-01-17T12:00:00","4","12.1333333","78.0333333","396.0","DHARMAPURI, IN","FM-12","99999","V020","070,1,N,0015,1","22000,1,9,N","010000,1,9,9","+0272,1","+0125,1","10112,1",,,,"02,1,+00800,1,08,1","99,9,+99999,9,00,1",,"9,AGL   ,+99999,+99999","03,99,1,02,1,99,9,00800,1,99,9,99,9","240,M,+0277,1",,"99999,9,09591,1","9,9,999,9,+023,1",,"SYN06443301 32597 30703 10272 20125 39591 40112 82101 333 10277 58023=",
"43301099999","2023-01-18T03:00:00","4","12.1333333","78.0333333","396.0","DHARMAPURI, IN","FM-12","99999","V020","070,1,N,0015,1","22000,1,9,N","004000,1,9,9","+0186,1","+0163,1","10170,1",,"0,1,02,1","0,1,02,1","02,1,+00800,1,08,1","99,9,+99999,9,03,1","99,9,+99999,9,00,1","9,AGL   ,+99999,+99999","04,99,1,02,1,99,9,00800,1,99,9,99,9","240,M,+0277,1","240,N,+0160,1","99999,9,09630,1","9,9,999,9,+024,1","05,1","SYN08643301 31596 40703 10186 20163 39630 40170 70500 82231 333 10277 20160 58024 555 10000=",
"43301099999","2023-01-18T12:00:00","4","12.1333333","78.0333333","396.0","DHARMAPURI, IN","FM-12","99999","V020","070,1,N,0015,1","22000,1,9,N","010000,1,9,9","+0272,1","+0150,1","10108,1",,,,"02,1,+00800,1,08,1","99,9,+99999,9,03,1","99,9,+99999,9,00,1","9,AGL   ,+99999,+99999","04,99,1,02,1,99,9,00800,1,99,9,99,9","240,M,+0275,1",,"99999,9,09588,1","9,9,999,9,-003,1",,"SYN06443301 32597 40703 10272 20150 39588 40108 82131 333 10275 59003=",
"43301099999","2023-01-19T03:00:00","4","12.1333333","78.0333333","396.0","DHARMAPURI, IN","FM-12","99999","V020","070,1,N,0010,1","22000,1,9,N","004000,1,9,9","+0184,1","+0167,1","10168,1",,"0,1,02,1","0,1,02,1","01,1,+00800,1,08,1","99,9,+99999,9,00,1",,"9,AGL   ,+99999,+99999","02,99,1,01,1,99,9,00800,1,99,9,99,9","240,M,+0275,1","240,N,+0167,1","99999,9,09629,1","9,9,999,9,-001,1","05,1","SYN08643301 31596 20702 10184 20167 39629 40168 70500 81101 333 10275 20167 59001 555 10000=",
"43301099999","2023-01-19T12:00:00","4","12.1333333","78.0333333","396.0","DHARMAPURI, IN","FM-12","99999","V020","070,1,N,0015,1","22000,1,9,N","010000,1,9,9","+0272,1","+0142,1","10107,1",,,,"01,1,+00800,1,08,1","99,9,+99999,9,00,1",,"9,AGL   ,+99999,+99999","02,99,1,01,1,99,9,00800,1,99,9,99,9","240,M,+0277,1",,"99999,9,09587,1","9,9,999,9,-001,1",,"SYN06443301 32597 20703 10272 20142 39587 40107 81101 333 10277 59001=",
"43301099999","2023-01-20T03:00:00","4","12.1333333","78.0333333","396.0","DHARMAPURI, IN","FM-12","99999","V020","070,1,N,0010,1","99999,9,9,N","004000,1,9,9","+0182,1","+0151,1","10170,1",,"0,1,02,1","0,1,02,1",,,,,,"240,M,+0277,1","240,N,+0155,1","99999,9,09630,1","9,9,999,9,+001,1","05,1","SYN08043301 31996 00702 10182 20151 39630 40170 70500 333 10277 20155 58001 555 10000=",
"43301099999","2023-01-20T12:00:00","4","12.1333333","78.0333333","396.0","DHARMAPURI, IN","FM-12","99999","V020","070,1,N,0015,1","99999,9,9,N","010000,1,9,9","+0272,1","+0170,1","10103,1",,,,"02,1,+00800,1,08,1","99,9,+99999,9,03,1","99,9,+99999,9,00,1","9,AGL   ,+99999,+99999","05,99,1,02,1,99,9,00800,1,99,9,99,9","240,M,+0295,1",,"99999,9,09583,1","9,9,999,9,-004,1",,"SYN06443301 32597 50703 10272 20170 39583 40103 82231 333 10295 59004=",
"43301099999","2023-01-21T03:00:00","4","12.1333333","78.0333333","396.0","DHARMAPURI, IN","FM-12","99999","V020","999,9,C,0000,1","99999,9,9,N","004000,1,9,9","+0204,1","+0185,1","10153,1",,"2,1,02,1","2,1,02,1","03,1,+00800,1,09,1","99,9,+99999,9,03,1","99,9,+99999,9,00,1","9,AGL   ,+99999,+99999","07,99,1,03,1,99,9,00800,1,99,9,99,9","240,M,+0295,1","240,N,+0185,1","99999,9,09618,1","9,9,999,9,-012,1","05,1","SYN08643301 31596 70000 10204 20185 39618 40153 70522 83331 333 10295 20185 59012 555 10000=",
"43301099999","2023-01-21T12:00:00","4","12.1333333","78.0333333","396.0","DHARMAPURI, IN","FM-12","99999","V020","070,1,N,0010,1","99999,9,9,N","010000,1,9,9","+0276,1","+0159,1","10097,1",,,,"04,1,+00800,1,09,1","99,9,+99999,9,03,1","99,9,+99999,9,00,1","9,AGL   ,+99999,+99999","07,99,1,04,1,99,9,00800,1,99,9,99,9","240,M,+0280,1",,"99999,9,09577,1","9,9,999,9,-006,1",,"SYN06443301 32597 70702 10276 20159 39577 40097 84331 333 10280 59006=",
"43301099999","2023-01-22T03:00:00","4","12.1333333","78.0333333","396.0","DHARMAPURI, IN","FM-12","99999","V020","050,1,N,0010,1","99999,9,9,N","004000,1,9,9","+0204,1","+0171,1","10149,1",,"2,1,02,1","2,1,02,1","04,1,+00800,1,09,1","99,9,+99999,9,03,1","99,9,+99999,9,00,1","9,AGL   ,+99999,+99999","07,99,1,04,1,99,9,00800,1,99,9,99,9","240,M,+0280,1","240,N,+0185,1","99999,9,09614,1","9,9,999,9,-004,1","05,1","SYN08643301 31596 70502 10204 20171 39614 40149 70522 84331 333 10280 20185 59004 555 10000=",
"43301099999","2023-01-22T12:00:00","4","12.1333333","78.0333333","396.0","DHARMAPURI, IN","FM-12","99999","V020","070,1,N,0015,1","99999,9,9,N","010000,1,9,9","+0272,1","+0142,1","10094,1",,,,"02,1,+00800,1,08,1","99,9,+99999,9,03,1","99,9,+99999,9,00,1","9,AGL   ,+99999,+99999","05,99,1,02,1,99,9,00800,1,99,9,99,9","240,M,+0287,1",,"99999,9,09574,1","9,9,999,9,-003,1",,"SYN06443301 32597 50703 10272 20142 39574 40094 82231 333 10287 59003=",
"43301099999","2023-01-23T03:00:00","4","12.1333333","78.0333333","396.0","DHARMAPURI, IN","FM-12","99999","V020","999,9,C,0000,1","99999,9,9,N","004000,1,9,9","+0198,1","+0165,1","10139,1",,"2,1,02,1","2,1,02,1","05,1,+00800,1,09,1","99,9,+99999,9,03,1",,"9,AGL   ,+99999,+99999","08,99,1,05,1,99,9,00800,1,99,9,99,9","240,M,+0287,1","240,N,+0182,1","99999,9,09603,1","9,9,999,9,-011,1","05,1","SYN08643301 31596 80000 10198 20165 39603 40139 70522 8537/ 333 10287 20182 59011 555 10000=",
"43301099999","2023-01-23T12:00:00","4","12.1333333","78.0333333","396.0","DHARMAPURI, IN","FM-12","99999","V020","070,1,N,0015,1","99999,9,9,N","010000,1,9,9","+0266,1","+0174,1","10086,1",,,,"04,1,+00800,1,09,1","99,9,+99999,9,03,1",,"9,AGL   ,+99999,+99999","07,99,1,04,1,99,9,00800,1,99,9,99,9","240,M,+0267,1",,"99999,9,09565,1","9,9,999,9,-009,1",,"SYN06443301 32597 70703 10266 20174 39565 40086 84330 333 10267 59009=",
"43301099999","2023-01-24T03:00:00","4","12.1333333","78.0333333","396.0","DHARMAPURI, IN","FM-12","99999","V020","070,1,N,0015,1","99999,9,9,N","004000,1,9,9","+0218,1","+0196,1","10129,1",,,,"03,1,+00800,1,08,1","99,9,+99999,9,03,1",,"9,AGL   ,+99999,+99999","05,99,1,03,1,99,9,00800,1,99,9,99,9","240,M,+0267,1","240,N,+0200,1","99999,9,09597,1","9,9,999,9,-006,1",,"SYN08043301 32596 50703 10218 20196 39597 40129 83230 333 10267 20200 59006 555 10000=",
"43301099999","2023-01-24T12:00:00","4","12.1333333","78.0333333","396.0","DHARMAPURI, IN","FM-12","99999","V020","070,1,N,0010,1","99999,9,9,N","010000,1,9,9","+0282,1","+0163,1","10081,1",,,,"04,1,+00800,1,09,1","99,9,+99999,9,03,1",,"9,AGL   ,+99999,+99999","06,99,1,04,1,99,9,00800,1,99,9,99,9","240,M,+0285,1",,"99999,9,09563,1","9,9,999,9,-002,1",,"SYN06443301 32597 60702 10282 20163 39563 40081 84330 333 10285 59002=",
"43301099999","2023-01-25T03:00:00","4","12.1333333","78.0333333","396.0","DHARMAPURI, IN","FM-12","99999","V020","020,1,N,0015,1","22000,1,9,N","004000,1,9,9","+0206,1","+0170,1","10138,1",,,,"02,1,+00800,1,08,1","99,9,+99999,9,00,1",,"9,AGL   ,+99999,+99999","03,99,1,02,1,99,9,00800,1,99,9,99,9","240,M,+0285,1","240,N,+0182,1","99999,9,09604,1","9,9,999,9,+007,1",,"SYN08043301 32596 30203 10206 20170 39604 40138 82101 333 10285 20182 58007 555 10000=",
"43301099999","2023-01-25T12:00:00","4","12.1333333","78.0333333","396.0","DHARMAPURI, IN","FM-12","99999","V020","070,1,N,0010,1","22000,1,9,N","010000,1,9,9","+0282,1","+0134,1","10085,1",,,,"01,1,+00800,1,08,1","99,9,+99999,9,00,1",,"9,AGL   ,+99999,+99999","03,99,1,01,1,99,9,00800,1,99,9,99,9","240,M,+0290,1",,"99999,9,09567,1","9,9,999,9,+004,1",,"SYN06443301 32597 30702 10282 20134 39567 40085 81102 333 10290 58004=",
"43301099999","2023-01-26T03:00:00","4","12.1333333","78.0333333","396.0","DHARMAPURI, IN","FM-12","99999","V020","999,9,C,0000,1","22000,1,9,N","004000,1,9,9","+0198,1","+0172,1","10141,1",,,,"01,1,+00800,1,08,1","99,9,+99999,9,00,1",,"9,AGL   ,+99999,+99999","02,99,1,01,1,99,9,00800,1,99,9,99,9","240,M,+0290,1","240,N,+0176,1","99999,9,09605,1","9,9,999,9,+001,1",,"SYN08043301 32596 20000 10198 20172 39605 40141 81101 333 10290 20176 58001 555 10000=",
"43301099999","2023-01-26T12:00:00","4","12.1333333","78.0333333","396.0","DHARMAPURI, IN","FM-12","99999","V020","070,1,N,0010,1","99999,9,9,N","010000,1,9,9","+0274,1","+0140,1","10087,1",,,,,,,,,"240,M,+0282,1",,"99999,9,09568,1","9,9,999,9,+001,1",,"SYN05843301 32597 00702 10274 20140 39568 40087 333 10282 58001=",
"43301099999","2023-01-27T03:00:00","4","12.1333333","78.0333333","396.0","DHARMAPURI, IN","FM-12","99999","V020","050,1,N,0010,1","99999,9,9,N","004000,1,9,9","+0206,1","+0187,1","10142,1",,"2,1,02,1","2,1,02,1","04,1,+00800,1,09,1","99,9,+99999,9,03,1","99,9,+99999,9,00,1","9,AGL   ,+99999,+99999","07,99,1,04,1,99,9,00800,1,99,9,99,9","240,M,+0282,1","240,N,+0187,1","99999,9,09608,1","9,9,999,9,+003,1","05,1","SYN08643301 31596 70502 10206 20187 39608 40142 70522 84331 333 10282 20187 58003 555 10000=",
"43301099999","2023-01-27T12:00:00","4","12.1333333","78.0333333","396.0","DHARMAPURI, IN","FM-12","99999","V020","070,1,N,0010,1","22000,1,9,N","010000,1,9,9","+0282,1","+0116,1","10082,1",,,,"01,1,+00800,1,08,1","99,9,+99999,9,00,1",,"9,AGL   ,+99999,+99999","02,99,1,01,1,99,9,00800,1,99,9,99,9","240,M,+0290,1",,"99999,9,09564,1","9,9,999,9,-004,1",,"SYN06443301 32597 20702 10282 20116 39564 40082 81101 333 10290 59004=",
"43301099999","2023-01-28T03:00:00","4","12.1333333","78.0333333","396.0","DHARMAPURI, IN","FM-12","99999","V020","070,1,N,0010,1","22000,1,9,N","004000,1,9,9","+0196,1","+0166,1","10139,1",,"0,1,02,1","0,1,02,1","02,1,+00800,1,08,1","99,9,+99999,9,00,1",,"9,AGL   ,+99999,+99999","03,99,1,02,1,99,9,00800,1,99,9,99,9","240,M,+0290,1","240,N,+0166,1","99999,9,09603,1","9,9,999,9,-005,1","05,1","SYN08643301 31596 30702 10196 20166 39603 40139 70500 82101 333 10290 20166 59005 555 10000=",
"43301099999","2023-01-28T12:00:00","4","12.1333333","78.0333333","396.0","DHARMAPURI, IN","FM-12","99999","V020","070,1,N,0010,1","99999,9,9,N","010000,1,9,9","+0282,1","+0155,1","10076,1",,,,,,,,,"240,M,+0292,1",,"99999,9,09558,1","9,9,999,9,-006,1",,"SYN05843301 32997 00702 10282 20155 39558 40076 333 10292 59006=",
"43301099999","2023-01-29T03:00:00","4","12.1333333","78.0333333","396.0","DHARMAPURI, IN","FM-12","99999","V020","070,1,N,0010,1","99999,9,9,N","004000,1,9,9","+0198,1","+0158,1","10131,1",,"0,1,02,1","0,1,02,1",,,,,,"240,M,+0292,1","240,N,+0165,1","99999,9,09595,1","9,9,999,9,-008,1","05,1","SYN08043301 31996 00702 10198 20158 39595 40131 70500 333 10292 20165 59008 555 10000=",
"43301099999","2023-01-29T12:00:00","4","12.1333333","78.0333333","396.0","DHARMAPURI, IN","FM-12","99999","V020","999,9,C,0000,1","99999,9,9,N","010000,1,9,9","+0276,1","+0167,1","10069,1",,,,"04,1,+00800,1,06,1","99,9,+99999,9,03,1",,"9,AGL   ,+99999,+99999","07,99,1,04,1,99,9,00800,1,99,9,99,9","240,M,+0297,1",,"99999,9,09550,1","9,9,999,9,-008,1",,"SYN06443301 32597 70000 10276 20167 39550 40069 84530 333 10297 59008=",
"43301099999","2023-01-30T03:00:00","4","12.1333333","78.0333333","396.0","DHARMAPURI, IN","FM-12","99999","V020","999,9,C,0000,1","99999,9,9,N","004000,1,9,9","+0216,1","+0181,1","10128,1",,"2,1,02,1","2,1,02,1","04,1,+00800,1,06,1","99,9,+99999,9,03,1","99,9,+99999,9,00,1","9,AGL   ,+99999,+99999","07,99,1,04,1,99,9,00800,1,99,9,99,9","240,M,+0297,1",,"99999,9,09596,1","9,9,999,9,+001,1","05,1","SYN08043301 31596 70000 10216 20181 39596 40128 70522 84531 333 10297 58001 555 10000=",
"43301099999","2023-01-30T12:00:00","4","12.1333333","78.0333333","396.0","DHARMAPURI, IN","FM-12","99999","V020","070,1,N,0015,1","99999,9,9,N","010000,1,9,9","+0272,1","+0195,1","10083,1",,,,"04,1,+00800,1,09,1","99,9,+99999,9,03,1",,"9,AGL   ,+99999,+99999","07,99,1,04,1,99,9,00800,1,99,9,99,9","240,M,+0284,1",,"99999,9,09564,1","9,9,999,9,+014,1",,"SYN06443301 32597 70703 10272 20195 39564 40083 84330 333 10284 58014=",
"43301099999","2023-01-31T03:00:00","4","12.1333333","78.0333333","396.0","DHARMAPURI, IN","FM-12","99999","V020","070,1,N,0010,1","99999,9,9,N","004000,1,9,9","+0224,1","+0193,1","10124,1",,"2,1,02,1","2,1,02,1","04,1,+00800,1,09,1","99,9,+99999,9,03,1","99,9,+99999,9,00,1","9,AGL   ,+99999,+99999","07,99,1,04,1,99,9,00800,1,99,9,99,9","240,M,+0284,1","240,N,+0205,1","99999,9,09593,1","9,9,999,9,-003,1","05,1","SYN08643301 31596 70702 10224 20193 39593 40124 70522 84331 333 10284 20205 59003 555 10000=",
"43301099999","2023-01-31T12:00:00","4","12.1333333","78.0333333","396.0","DHARMAPURI, IN","FM-12","99999","V020","070,1,N,0026,1","99999,9,9,N","010000,1,9,9","+0292,1","+0130,1","10068,1",,,,"03,1,+00800,1,08,1","99,9,+99999,9,03,1","99,9,+99999,9,00,1","9,AGL   ,+99999,+99999","06,99,1,03,1,99,9,00800,1,99,9,99,9","240,M,+0300,1",,"99999,9,09552,1","9,9,999,9,-012,1",,"SYN06443301 32597 60705 10292 20130 39552 40068 83231 333 10300 59012=",
"43301099999","2023-02-01T03:00:00","4","12.1333333","78.0333333","396.0","DHARMAPURI, IN","FM-12","99999","V020","999,9,C,0000,1","99999,9,9,N","004000,1,9,9","+0208,1","+0151,1","10131,1",,,,"02,1,+00800,1,08,1","99,9,+99999,9,03,1","99,9,+99999,9,00,1","9,AGL   ,+99999,+99999","05,99,1,02,1,99,9,00800,1,99,9,99,9","240,M,+0300,1","240,N,+0192,1","99999,9,09597,1","9,9,999,9,+004,1",,"SYN08043301 32596 50000 10208 20151 39597 40131 82231 333 10300 20192 58004 555 10000=",
"43301099999","2023-02-01T12:00:00","4","12.1333333","78.0333333","396.0","DHARMAPURI, IN","FM-12","99999","V020","070,1,N,0010,1","99999,9,9,N","004000,1,9,9","+0288,1","+0151,1","10073,1",,,,"03,1,+00800,1,09,1","99,9,+99999,9,03,1","99,9,+99999,9,00,1","9,AGL   ,+99999,+99999","07,99,1,03,1,99,9,00800,1,99,9,99,9","240,M,+0300,1",,"99999,9,09555,1","9,9,999,9,+003,1",,"SYN06443301 32596 70702 10288 20151 39555 40073 83331 333 10300 58003=",
"43301099999","2023-02-02T03:00:00","4","12.1333333","78.0333333","396.0","DHARMAPURI, IN","FM-12","99999","V020","070,1,N,0010,1","99999,9,9,N","004000,1,9,9","+0224,1","+0142,1","10123,1",,,,"02,1,+00800,1,08,1","99,9,+99999,9,03,1","99,9,+99999,9,00,1","9,AGL   ,+99999,+99999","06,99,1,02,1,99,9,00800,1,99,9,99,9","240,M,+0300,1","240,N,+0200,1","99999,9,09592,1","9,9,999,9,-005,1",,"SYN08043301 32596 60702 10224 20142 39592 40123 82231 333 10300 20200 59005 555 10000=",
"43301099999","2023-02-02T12:00:00","4","12.1333333","78.0333333","396.0","DHARMAPURI, IN","FM-12","99999","V020","070,1,N,0015,1","99999,9,9,N","010000,1,9,9","+0278,1","+0141,1","10073,1",,,,"04,1,+00800,1,09,1","99,9,+99999,9,03,1",,"9,AGL   ,+99999,+99999","07,99,1,04,1,99,9,00800,1,99,9,99,9","240,M,+0292,1",,"99999,9,09554,1","9,9,999,9,-001,1",,"SYN06443301 32597 70703 10278 20141 39554 40073 84330 333 10292 59001=",
"43301099999","2023-02-03T03:00:00","4","12.1333333","78.0333333","396.0","DHARMAPURI, IN","FM-12","99999","V020","999,9,C,0000,1","99999,9,9,N","004000,1,9,9","+0222,1","+0163,1","10128,1",,"2,1,02,1","2,1,02,1","04,1,+00800,1,06,1","99,9,+99999,9,03,1",,"9,AGL   ,+99999,+99999","08,99,1,04,1,99,9,00800,1,99,9,99,9","240,M,+0292,1","240,N,+0202,1","99999,9,09597,1","9,9,999,9,+005,1","05,1","SYN08643301 31596 80000 10222 20163 39597 40128 70522 8457/ 333 10292 20202 58005 555 10000=",
"43301099999","2023-02-03T12:00:00","4","12.1333333","78.0333333","396.0","DHARMAPURI, IN","FM-12","99999","V020","999,9,C,0000,1","99999,9,9,N","010000,1,9,9","+0222,1","+0200,1","10107,1","09,0020,3,1",,,"05,1,+00800,1,09,1","99,9,+99999,9,03,1",,"9,AGL   ,+99999,+99999","08,99,1,05,1,99,9,00800,1,99,9,99,9","240,M,+0234,1",,"99999,9,09578,1","9,9,999,9,+024,1",,"SYN07043301 22597 80000 10222 20200 39578 40107 8537/ 333 10234 58024 6002/=",
"43301099999","2023-02-04T03:00:00","4","12.1333333","78.0333333","396.0","DHARMAPURI, IN","FM-12","99999","V020","070,1,N,0010,1","22000,1,9,N","004000,1,9,9","+0218,1","+0180,1","10125,1","24,0020,3,1",,,"01,1,+00800,1,08,1","99,9,+99999,9,00,1",,"9,AGL   ,+99999,+99999","02,99,1,01,1,99,9,00800,1,99,9,99,9","240,M,+0234,1","240,N,+0200,1","99999,9,09593,1","9,9,999,9,-004,1",,"SYN09243301 22596 20702 10218 20180 39593 40125 81101 333 10234 20200 59004 6002/ 555 00020 10002=",
"43301099999","2023-02-04T12:00:00","4","12.1333333","78.0333333","396.0","DHARMAPURI, IN","FM-12","99999","V020","110,1,N,0010,1","99999,9,9,N","010000,1,9,9","+0296,1","+0149,1","10075,1",,,,,,,,,"240,M,+0310,1",,"99999,9,09559,1","9,9,999,9,-019,1",,"SYN05843301 32997 01102 10296 20149 39559 40075 333 10310 59019=",
"43301099999","2023-02-05T03:00:00","4","12.1333333","78.0333333","396.0","DHARMAPURI, IN","FM-12","99999","V020","999,9,C,0000,1","99999,9,9,N","004000,1,9,9","+0208,1","+0186,1","10121,1",,"2,1,02,1","2,1,02,1","03,1,+00800,1,08,1","99,9,+99999,9,03,1","99,9,+99999,9,00,1","9,AGL   ,+99999,+99999","06,99,1,03,1,99,9,00800,1,99,9,99,9","240,M,+0310,1","240,N,+0186,1","99999,9,09588,1","9,9,999,9,-005,1","05,1","SYN08643301 31596 60000 10208 20186 39588 40121 70522 83231 333 10310 20186 59005 555 10002=",
"43301099999","2023-02-05T12:00:00","4","12.1333333","78.0333333","396.0","DHARMAPURI, IN","FM-12","99999","V020","110,1,N,0010,1","22000,1,9,N","010000,1,9,9","+0302,1","+0117,1","10077,1",,,,"02,1,+00800,1,08,1","99,9,+99999,9,00,1",,"9,AGL   ,+99999,+99999","04,99,1,02,1,99,9,00800,1,99,9,99,9","240,M,+0320,1",,"99999,9,09563,1","9,9,999,9,+004,1",,"SYN06443301 32597 41102 10302 20117 39563 40077 82101 333 10320 58004=",
"43301099999","2023-02-06T03:00:00","4","12.1333333","78.0333333","396.0","DHARMAPURI, IN","FM-12","99999","V020","999,9,C,0000,1","99999,9,9,N","004000,1,9,9","+0198,1","+0172,1","10133,1",,"0,1,02,1","0,1,02,1","02,1,+00800,1,08,1","99,9,+99999,9,03,1","99,9,+99999,9,00,1","9,AGL   ,+99999,+99999","05,99,1,02,1,99,9,00800,1,99,9,99,9","240,M,+0320,1","240,N,+0175,1","99999,9,09597,1","9,9,999,9,+009,1","05,1","SYN08643301 31596 50000 10198 20172 39597 40133 70500 82231 333 10320 20175 58009 555 10002=",
"43301099999","2023-02-06T12:00:00","4","12.1333333","78.0333333","396.0","DHARMAPURI, IN","FM-12","99999","V020","999,9,C,0000,1","99999,9,9,N","010000,1,9,9","+0298,1","+0116,1","10076,1",,,,"03,1,+00800,1,08,1","99,9,+99999,9,03,1","99,9,+99999,9,00,1","9,AGL   ,+99999,+99999","06,99,1,03,1,99,9,00800,1,99,9,99,9","240,M,+0325,1",,"99999,9,09560,1","9,9,999,9,-003,1",,"SYN06443301 32597 60000 10298 20116 39560 40076 83231 333 10325 59003=",
"43301099999","2023-02-07T03:00:00","4","12.1333333","78.0333333","396.0","DHARMAPURI, IN","FM-12","99999","V020","999,9,C,0000,1","99999,9,9,N","004000,1,9,9","+0196,1","+0148,1","10138,1",,,,,,,,,"240,M,+0325,1","240,N,+0172,1","99999,9,09602,1","9,9,999,9,+005,1",,"SYN07443301 32996 00000 10196 20148 39602 40138 333 10325 20172 58005 555 10002=",
"43301099999","2023-02-07T12:00:00","4","12.1333333","78.0333333","396.0","DHARMAPURI, IN","FM-12","99999","V020","070,1,N,0010,1","99999,9,9,N","010000,1,9,9","+0314,1","+0130,1","10065,1",,,,,,,,,"240,M,+0325,1",,"99999,9,09553,1","9,9,999,9,-007,1",,"SYN05843301 32997 00702 10314 20130 39553 40065 333 10325 59007=",
"43301099999","2023-02-08T03:00:00","4","12.1333333","78.0333333","396.0","DHARMAPURI, IN","FM-12","99999","V020","999,9,C,0000,1","22000,1,9,N","004000,1,9,9","+0214,1","+0182,1","10129,1",,"0,1,02,1","0,1,02,1","01,1,+00800,1,08,1","99,9,+99999,9,00,1",,"9,AGL   ,+99999,+99999","02,99,1,01,1,99,9,00800,1,99,9,99,9","240,M,+0325,1","240,N,+0190,1","99999,9,09597,1","9,9,999,9,-005,1","05,1","SYN08643301 31596 20000 10214 20182 39597 40129 70500 81101 333 10325 20190 59005 555 10002=",
"43301099999","2023-02-08T12:00:00","4","12.1333333","78.0333333","396.0","DHARMAPURI, IN","FM-12","99999","V020","070,1,N,0010,1","99999,9,9,N","010000,1,9,9","+0312,1","+0132,1","10066,1",,,,,,,,,"240,M,+0324,1",,"99999,9,09554,1","9,9,999,9,+001,1",,"SYN05843301 32997 00702 10312 20132 39554 40066 333 10324 58001=",
"43301099999","2023-02-09T03:00:00","4","12.1333333","78.0333333","396.0","DHARMAPURI, IN","FM-12","99999","V020","999,9,C,0000,1","99999,9,9,N","004000,1,9,9","+0222,1","+0194,1","10126,1",,"0,1,02,1","0,1,02,1","03,1,+00800,1,08,1","99,9,+99999,9,03,1","99,9,+99999,9,00,1","9,AGL   ,+99999,+99999","06,99,1,03,1,99,9,00800,1,99,9,99,9","240,M,+0324,1","240,N,+0198,1","99999,9,09595,1","9,9,999,9,-002,1","05,1","SYN08643301 31596 60000 10222 20194 39595 40126 70500 83231 333 10324 20198 59002 555 10002=",
"43301099999","2023-02-09T12:00:00","4","12.1333333","78.0333333","396.0","DHARMAPURI, IN","FM-12","99999","V020","110,1,N,0010,1","22000,1,9,N","010000,1,9,9","+0308,1","+0121,1","10072,1",,,,"01,1,+00800,1,08,1","99,9,+99999,9,00,1",,"9,AGL   ,+99999,+99999","02,99,1,01,1,99,9,00800,1,99,9,99,9","240,M,+0320,1",,"99999,9,09558,1","9,9,999,9,+004,1",,"SYN06443301 32597 21102 10308 20121 39558 40072 81101 333 10320 58004=",
"43301099999","2023-02-10T03:00:00","4","12.1333333","78.0333333","396.0","DHARMAPURI, IN","FM-12","99999","V020","050,1,N,0010,1","22000,1,9,N","004000,1,9,9","+0206,1","+0170,1","10147,1",,,,"02,1,+00800,1,08,1","99,9,+99999,9,03,1","99,9,+99999,9,00,1","9,AGL   ,+99999,+99999","04,99,1,02,1,99,9,00800,1,99,9,99,9","240,M,+0320,1","240,N,+0175,1","99999,9,09612,1","9,9,999,9,+017,1",,"SYN08043301 32596 40502 10206 20170 39612 40147 82231 333 10320 20175 58017 555 10002=",
"43301099999","2023-02-10T12:00:00","4","12.1333333","78.0333333","396.0","DHARMAPURI, IN","FM-12","99999","V020","050,1,N,0010,1","22000,1,9,N","010000,1,9,9","+0314,1","+0106,1","10081,1",,,,"01,1,+00800,1,08,1","99,9,+99999,9,00,1",,"9,AGL   ,+99999,+99999","02,99,1,01,1,99,9,00800,1,99,9,99,9","240,M,+0327,1",,"99999,9,09569,1","9,9,999,9,+001,1",,"SYN06443301 32597 20502 10314 20106 39569 40081 81101 333 10327 58001=",
"43301099999","2023-02-11T03:00:00","4","12.1333333","78.0333333","396.0","DHARMAPURI, IN","FM-12","99999","V020","999,9,C,0000,1","99999,9,9,N","004000,1,9,9","+0194,1","+0142,1","10150,1",,"0,1,02,1","0,1,02,1","02,1,+00800,1,08,1","99,9,+99999,9,03,1","99,9,+99999,9,00,1","9,AGL   ,+99999,+99999","05,99,1,02,1,99,9,00800,1,99,9,99,9","240,M,+0327,1","240,N,+0167,1","99999,9,09613,1","9,9,999,9,+001,1","05,1","SYN08643301 31596 50000 10194 20142 39613 40150 70500 82231 333 10327 20167 58001 555 10002=",
"43301099999","2023-02-11T12:00:00","4","12.1333333","78.0333333","396.0","DHARMAPURI, IN","FM-12","99999","V020","999,9,C,0000,1","99999,9,9,N","010000,1,9,9","+0296,1","+0103,1","10092,1",,,,"03,1,+00800,1,09,1","99,9,+99999,9,03,1","99,9,+99999,9,00,1","9,AGL   ,+99999,+99999","06,99,1,03,1,99,9,00800,1,99,9,99,9","240,M,+0315,1",,"99999,9,09575,1","9,9,999,9,+006,1",,"SYN06443301 32597 60000 10296 20103 39575 40092 83331 333 10315 58006=",
"43301099999","2023-02-12T03:00:00","4","12.1333333","78.0333333","396.0","DHARMAPURI, IN","FM-12","99999","V020","999,9,C,0000,1","22000,1,9,N","004000,1,9,9","+0186,1","+0129,1","10154,1",,,,"02,1,+00800,1,08,1","99,9,+99999,9,00,1",,"9,AGL   ,+99999,+99999","03,99,1,02,1,99,9,00800,1,99,9,99,9","240,M,+0315,1","240,N,+0155,1","99999,9,09615,1","9,9,999,9,+002,1",,"SYN08043301 32596 30000 10186 20129 39615 40154 82101 333 10315 20155 58002 555 10002=",
"43301099999","2023-02-12T12:00:00","4","12.1333333","78.0333333","396.0","DHARMAPURI, IN","FM-12","99999","V020","070,1,N,0010,1","22000,1,9,N","010000,1,9,9","+0316,1","+0070,1","10089,1",,,,"01,1,+00800,1,08,1","99,9,+99999,9,00,1",,"9,AGL   ,+99999,+99999","02,99,1,01,1,99,9,00800,1,99,9,99,9","240,M,+0330,1",,"99999,9,09576,1","9,9,999,9,+001,1",,"SYN06443301 32597 20702 10316 20070 39576 40089 81101 333 10330 58001=",
"43301099999","2023-02-13T03:00:00","4","12.1333333","78.0333333","396.0","DHARMAPURI, IN","FM-12","99999","V020","999,9,C,0000,1","99999,9,9,N","004000,1,9,9","+0184,1","+0111,1","10153,1",,,,,,,,,"240,M,+0330,1","240,N,+0155,1","99999,9,09614,1","9,9,999,9,+001,1",,"SYN07443301 32596 00000 10184 20111 39614 40153 333 10330 20155 58001 555 10002=",
"43301099999","2023-02-13T12:00:00","4","12.1333333","78.0333333","396.0","DHARMAPURI, IN","FM-12","99999","V020","999,9,C,0000,1","99999,9,9,N","010000,1,9,9","+0319,1","+0080,1","10086,1",,,,,,,,,"240,M,+0335,1",,"99999,9,09573,1","9,9,999,9,-003,1",,"SYN05843301 32997 00000 10319 20080 39573 40086 333 10335 59003=",
"43301099999","2023-02-14T03:00:00","4","12.1333333","78.0333333","396.0","DHARMAPURI, IN","FM-12","99999","V020","999,9,C,0000,1","99999,9,9,N","004000,1,9,9","+0198,1","+0147,1","10152,1",,,,,,,,,"240,M,+0335,1","240,N,+0165,1","99999,9,09615,1","9,9,999,9,+001,1",,"SYN07443301 32996 00000 10198 20147 39615 40152 333 10335 20165 58001 555 10002=",
"43301099999","2023-02-14T12:00:00","4","12.1333333","78.0333333","396.0","DHARMAPURI, IN","FM-12","99999","V020","999,9,C,0000,1","99999,9,9,N","010000,1,9,9","+0316,1","+0058,1","10070,1",,,,,,,,,"240,M,+0332,1",,"99999,9,09558,1","9,9,999,9,-015,1",,"SYN05843301 32997 00000 10316 20058 39558 40070 333 10332 59015=",
"43301099999","2023-02-15T03:00:00","4","12.1333333","78.0333333","396.0","DHARMAPURI, IN","FM-12","99999","V020","999,9,C,0000,1","99999,9,9,N","004000,1,9,9","+0204,1","+0161,1","10134,1",,,,,,,,,"240,M,+0332,1","240,N,+0162,1","99999,9,09600,1","9,9,999,9,-015,1",,"SYN07443301 32996 00000 10204 20161 39600 40134 333 10332 20162 59015 555 10002=",
"43301099999","2023-02-15T12:00:00","4","12.1333333","78.0333333","396.0","DHARMAPURI, IN","FM-12","99999","V020","999,9,C,0000,1","99999,9,9,N","010000,1,9,9","+0316,1","+0114,1","10071,1",,,,,,,,,"240,M,+0330,1",,"99999,9,09559,1","9,9,999,9,+001,1",,"SYN05843301 32997 00000 10316 20114 39559 40071 333 10330 58001=",
"43301099999","2023-02-16T03:00:00","4","12.1333333","78.0333333","396.0","DHARMAPURI, IN","FM-12","99999","V020","999,9,C,0000,1","99999,9,9,N","004000,1,9,9","+0204,1","+0171,1","10133,1",,,,,,,,,"240,M,+0330,1","240,N,+0175,1","99999,9,09599,1","9,9,999,9,-001,1",,"SYN07443301 32996 00000 10204 20171 39599 40133 333 10330 20175 59001 555 10002=",
"43301099999","2023-02-16T12:00:00","4","12.1333333","78.0333333","396.0","DHARMAPURI, IN","FM-12","99999","V020","110,1,N,0021,1","99999,9,9,N","010000,1,9,9","+0308,1","+0111,1","10078,1",,,,,,,,,"240,M,+0330,1",,"99999,9,09564,1","9,9,999,9,+005,1",,"SYN05843301 32997 01104 10308 20111 39564 40078 333 10330 58005=",
"43301099999","2023-02-17T03:00:00","4","12.1333333","78.0333333","396.0","DHARMAPURI, IN","FM-12","99999","V020","999,9,C,0000,1","99999,9,9,N","004000,1,9,9","+0198,1","+0165,1","10145,1",,,,,,,,,"240,M,+0330,1","240,N,+0170,1","99999,9,09609,1","9,9,999,9,+010,1",,"SYN07443301 32996 00000 10198 20165 39609 40145 333 10330 20170 58010 555 10002=",
"43301099999","2023-02-17T12:00:00","4","12.1333333","78.0333333","396.0","DHARMAPURI, IN","FM-12","99999","V020","070,1,N,0015,1","99999,9,9,N","010000,1,9,9","+0320,1","+0132,1","10070,1",,,,,,,,,"240,M,+0320,1",,"99999,9,09558,1","9,9,999,9,-006,1",,"SYN05843301 32997 00703 10320 20132 39558 40070 333 10320 59006=",
"43301099999","2023-02-18T03:00:00","4","12.1333333","78.0333333","396.0","DHARMAPURI, IN","FM-12","99999","V020","999,9,C,0000,1","99999,9,9,N","004000,1,9,9","+0198,1","+0147,1","10150,1",,,,,,,,,"240,M,+0320,1","240,N,+0160,1","99999,9,09613,1","9,9,999,9,+004,1",,"SYN07443301 32996 00000 10198 20147 39613 40150 333 10320 20160 58004 555 10002=",
"43301099999","2023-02-18T12:00:00","4","12.1333333","78.0333333","396.0","DHARMAPURI, IN","FM-12","99999","V020","070,1,N,0015,1","99999,9,9,N","010000,1,9,9","+0316,1","+0104,1","10078,1",,,,,,,,,"240,M,+0332,1",,"99999,9,09566,1","9,9,999,9,+008,1",,"SYN05843301 32997 00703 10316 20104 39566 40078 333 10332 58008=",
"43301099999","2023-02-19T03:00:00","4","12.1333333","78.0333333","396.0","DHARMAPURI, IN","FM-12","99999","V020","070,1,N,0010,1","22000,1,9,N","004000,1,9,9","+0214,1","+0179,1","10149,1",,,,"02,1,+00800,1,08,1","99,9,+99999,9,00,1",,"9,AGL   ,+99999,+99999","03,99,1,02,1,99,9,00800,1,99,9,99,9","240,M,+0332,1","240,N,+0185,1","99999,9,09616,1","9,9,999,9,+003,1",,"SYN08043301 32596 30702 10214 20179 39616 40149 82201 333 10332 20185 58003 555 10002=",
"43301099999","2023-02-19T12:00:00","4","12.1333333","78.0333333","396.0","DHARMAPURI, IN","FM-12","99999","V020","070,1,N,0010,1","22000,1,9,N","010000,1,9,9","+0316,1","+0129,1","10072,1",,,,"01,1,+00800,1,08,1","99,9,+99999,9,00,1",,"9,AGL   ,+99999,+99999","02,99,1,01,1,99,9,00800,1,99,9,99,9","240,M,+0324,1",,"99999,9,09560,1","9,9,999,9,-006,1",,"SYN06443301 32597 20702 10316 20129 39560 40072 81101 333 10324 59006=",
"43301099999","2023-02-20T03:00:00","4","12.1333333","78.0333333","396.0","DHARMAPURI, IN","FM-12","99999","V020","999,9,C,0000,1","99999,9,9,N","004000,1,9,9","+0216,1","+0184,1","10144,1",,,,,,,,,"240,M,+0324,1","240,N,+0192,1","99999,9,09611,1","9,9,999,9,-005,1",,"SYN07443301 32996 00000 10216 20184 39611 40144 333 10324 20192 59005 555 10002=",
"43301099999","2023-02-20T12:00:00","4","12.1333333","78.0333333","396.0","DHARMAPURI, IN","FM-12","99999","V020","110,1,N,0010,1","22000,1,9,N","010000,1,9,9","+0322,1","+0119,1","10083,1",,,,"01,1,+00800,1,08,1","99,9,+99999,9,00,1",,"9,AGL   ,+99999,+99999","02,99,1,01,1,99,9,00800,1,99,9,99,9","240,M,+0330,1",,"99999,9,09571,1","9,9,999,9,+011,1",,"SYN06443301 32597 21102 10322 20119 39571 40083 81101 333 10330 58011=",
"43301099999","2023-02-21T03:00:00","4","12.1333333","78.0333333","396.0","DHARMAPURI, IN","FM-12","99999","V020","070,1,N,0010,1","22000,1,9,N","004000,1,9,9","+0218,1","+0143,1","10148,1",,,,"01,1,+00800,1,08,1","99,9,+99999,9,00,1",,"9,AGL   ,+99999,+99999","02,99,1,01,1,99,9,00800,1,99,9,99,9","240,M,+0330,1","240,N,+0182,1","99999,9,09615,1","9,9,999,9,+004,1",,"SYN08043301 32596 20702 10218 20143 39615 40148 81101 333 10330 20182 58004 555 10002=",
"43301099999","2023-02-21T12:00:00","4","12.1333333","78.0333333","396.0","DHARMAPURI, IN","FM-12","99999","V020","070,1,N,0015,1","22000,1,9,N","010000,1,9,9","+0326,1","+0120,1","10077,1",,,,"01,1,+00800,1,08,1","99,9,+99999,9,00,1",,"9,AGL   ,+99999,+99999","02,99,1,01,1,99,9,00800,1,99,9,99,9","240,M,+0338,1",,"99999,9,09566,1","9,9,999,9,-005,1",,"SYN06443301 32597 20703 10326 20120 39566 40077 81101 333 10338 59005=",
"43301099999","2023-02-22T03:00:00","4","12.1333333","78.0333333","396.0","DHARMAPURI, IN","FM-12","99999","V020","999,9,C,0000,1","99999,9,9,N","004000,1,9,9","+0216,1","+0145,1","10136,1",,,,,,,,,"240,M,+0338,1","240,N,+0187,1","99999,9,09604,1","9,9,999,9,-011,1",,"SYN07443301 32996 00000 10216 20145 39604 40136 333 10338 20187 59011 555 10002=",
"43301099999","2023-02-22T12:00:00","4","12.1333333","78.0333333","396.0","DHARMAPURI, IN","FM-12","99999","V020","110,1,N,0015,1","99999,9,9,N","010000,1,9,9","+0318,1","+0102,1","10081,1",,,,,,,,,"240,M,+0332,1",,"99999,9,09569,1","9,9,999,9,-003,1",,"SYN05843301 32997 01103 10318 20102 39569 40081 333 10332 59003=",
"43301099999","2023-02-23T03:00:00","4","12.1333333","78.0333333","396.0","DHARMAPURI, IN","FM-12","99999","V020","999,9,C,0000,1","99999,9,9,N","004000,1,9,9","+0204,1","+0150,1","10143,1",,,,,,,,,"240,M,+0332,1","240,N,+0176,1","99999,9,09609,1","9,9,999,9,+005,1",,"SYN07443301 32996 00000 10204 20150 39609 40143 333 10332 20176 58005 555 10002=",
"43301099999","2023-02-23T12:00:00","4","12.1333333","78.0333333","396.0","DHARMAPURI, IN","FM-12","99999","V020","070,1,N,0010,1","99999,9,9,N","010000,1,9,9","+0322,1","+0103,1","10068,1",,,,,,,,,"240,M,+0331,1",,"99999,9,09557,1","9,9,999,9,-012,1",,"SYN05843301 32997 00702 10322 20103 39557 40068 333 10331 59012=",
"43301099999","2023-02-24T03:00:00","4","12.1333333","78.0333333","396.0","DHARMAPURI, IN","FM-12","99999","V020","070,1,N,0010,1","22000,1,9,N","004000,1,9,9","+0218,1","+0176,1","10146,1",,,,"01,1,+00800,1,08,1","99,9,+99999,9,00,1",,"9,AGL   ,+99999,+99999","02,99,1,01,1,99,9,00800,1,99,9,99,9","240,M,+0331,1","240,N,+0182,1","99999,9,09613,1","9,9,999,9,+004,1",,"SYN08043301 32596 20702 10218 20176 39613 40146 81101 333 10331 20182 58004 555 10002=",
"43301099999","2023-02-24T12:00:00","4","12.1333333","78.0333333","396.0","DHARMAPURI, IN","FM-12","99999","V020","070,1,N,0015,1","22000,1,9,N","010000,1,9,9","+0334,1","+0113,1","10083,1",,,,"01,1,+00800,1,08,1","99,9,+99999,9,00,1",,"9,AGL   ,+99999,+99999","02,99,1,01,1,99,9,00800,1,99,9,99,9","240,M,+0335,1",,"99999,9,09573,1","9,9,999,9,+016,1",,"SYN06443301 32597 20703 10334 20113 39573 40083 81101 333 10335 58016=",
"43301099999","2023-02-25T03:00:00","4","12.1333333","78.0333333","396.0","DHARMAPURI, IN","FM-12","99999","V020","999,9,C,0000,1","99999,9,9,N","004000,1,9,9","+0212,1","+0173,1","10157,1",,,,,,,,,"240,M,+0335,1","240,N,+0172,1","99999,9,09624,1","9,9,999,9,+011,1",,"SYN07443301 32996 00000 10212 20173 39624 40157 333 10335 20172 58011 555 10002=",
"43301099999","2023-02-25T12:00:00","4","12.1333333","78.0333333","396.0","DHARMAPURI, IN","FM-12","99999","V020","070,1,N,0026,1","99999,9,9,N","010000,1,9,9","+0328,1","+0068,1","10097,1",,,,,,,,,"240,M,+0347,1",,"99999,9,09585,1","9,9,999,9,+012,1",,"SYN05843301 32997 00705 10328 20068 39585 40097 333 10347 58012=",
"43301099999","2023-02-26T03:00:00","4","12.1333333","78.0333333","396.0","DHARMAPURI, IN","FM-12","99999","V020","070,1,N,0010,1","99999,9,9,N","004000,1,9,9","+0218,1","+0110,1","10162,1",,,,,,,,,"240,M,+0347,1","240,N,+0177,1","99999,9,09629,1","9,9,999,9,+005,1",,"SYN07443301 32996 00702 10218 20110 39629 40162 333 10347 20177 58005 555 10002=",
"43301099999","2023-02-26T12:00:00","4","12.1333333","78.0333333","396.0","DHARMAPURI, IN","FM-12","99999","V020","070,1,N,0031,1","99999,9,9,N","010000,1,9,9","+0316,1","+0104,1","10114,1",,,,,,,,,"240,M,+0337,1",,"99999,9,09600,1","9,9,999,9,+015,1",,"SYN05843301 32997 00706 10316 20104 39600 40114 333 10337 58015=",
"43301099999","2023-02-27T03:00:00","4","12.1333333","78.0333333","396.0","DHARMAPURI, IN","FM-12","99999","V020","070,1,N,0010,1","99999,9,9,N","004000,1,9,9","+0208,1","+0169,1","10181,1",,,,,,,,,"240,M,+0337,1","240,N,+0170,1","99999,9,09645,1","9,9,999,9,+016,1",,"SYN07443301 32996 00702 10208 20169 39645 40181 333 10337 20170 58016 555 10002=",
"43301099999","2023-02-27T12:00:00","4","12.1333333","78.0333333","396.0","DHARMAPURI, IN","FM-12","99999","V020","070,1,N,0015,1","99999,9,9,N","010000,1,9,9","+0318,1","+0055,1","10111,1",,,,,,,,,"240,M,+0336,1",,"99999,9,09597,1","9,9,999,9,-003,1",,"SYN05843301 32997 00703 10318 20055 39597 40111 333 10336 59003=",
"43301099999","2023-02-28T03:00:00","4","12.1333333","78.0333333","396.0","DHARMAPURI, IN","FM-12","99999","V020","070,1,N,0015,1","22000,1,9,N","004000,1,9,9","+0218,1","+0176,1","10162,1",,,,"01,1,+00800,1,08,1","99,9,+99999,9,00,1",,"9,AGL   ,+99999,+99999","02,99,1,01,1,99,9,00800,1,99,9,99,9","240,M,+0336,1","240,N,+0192,1","99999,9,09629,1","9,9,999,9,-016,1",,"SYN08043301 32596 20703 10218 20176 39629 40162 81101 333 10336 20192 59016 555 10002=",
"43301099999","2023-02-28T12:00:00","4","12.1333333","78.0333333","396.0","DHARMAPURI, IN","FM-12","99999","V020","070,1,N,0021,1","99999,9,9,N","010000,1,9,9","+0292,1","+0172,1","10121,1",,,,"05,1,+00800,1,09,1","99,9,+99999,9,03,1",,"9,AGL   ,+99999,+99999","08,99,1,05,1,99,9,00800,1,99,9,99,9","240,M,+0330,1",,"99999,9,09603,1","9,9,999,9,+006,1",,"SYN06443301 32597 80704 10292 20172 39603 40121 85370 333 10330 58006=",
"43301099999","2023-03-01T03:00:00","4","12.1333333","78.0333333","396.0","DHARMAPURI, IN","FM-12","99999","V020","070,1,N,0015,1","99999,9,9,N","004000,1,9,9","+0236,1","+0199,1","10165,1",,,,"04,1,+00800,1,09,1","99,9,+99999,9,03,1",,"9,AGL   ,+99999,+99999","07,99,1,04,1,99,9,00800,1,99,9,99,9","240,M,+0330,1","240,N,+0217,1","99999,9,09634,1","9,9,999,9,+005,1",,"SYN08043301 32596 70703 10236 20199 39634 40165 84330 333 10330 20217 58005 555 10000=",
"43301099999","2023-03-01T12:00:00","4","12.1333333","78.0333333","396.0","DHARMAPURI, IN","FM-12","99999","V020","070,1,N,0015,1","22000,1,9,N","010000,1,9,9","+0312,1","+0158,1","10113,1",,,,"01,1,+00800,1,08,1","99,9,+99999,9,00,1",,"9,AGL   ,+99999,+99999","02,99,1,01,1,99,9,00800,1,99,9,99,9","240,M,+0327,1",,"99999,9,09599,1","9,9,999,9,-004,1",,"SYN06443301 32597 20703 10312 20158 39599 40113 81101 333 10327 59004=",
"43301099999","2023-03-02T03:00:00","4","12.1333333","78.0333333","396.0","DHARMAPURI, IN","FM-12","99999","V020","360,1,N,0010,1","99999,9,9,N","004000,1,9,9","+0218,1","+0186,1","10179,1",,,,"04,1,+00800,1,09,1","99,9,+99999,9,03,1",,"9,AGL   ,+99999,+99999","06,99,1,04,1,99,9,00800,1,99,9,99,9","240,M,+0327,1","240,N,+0197,1","99999,9,09644,1","9,9,999,9,+010,1",,"SYN08043301 32596 63602 10218 20186 39644 40179 84330 333 10327 20197 58010 555 10002=",
"43301099999","2023-03-02T12:00:00","4","12.1333333","78.0333333","396.0","DHARMAPURI, IN","FM-12","99999","V020","070,1,N,0010,1","22000,1,9,N","010000,1,9,9","+0318,1","+0127,1","10065,1",,,,"01,1,+00800,1,08,1","99,9,+99999,9,00,1",,"9,AGL   ,+99999,+99999","02,99,1,01,1,99,9,00800,1,99,9,99,9","240,M,+0330,1",,"99999,9,09582,1","9,9,999,9,-021,1",,"SYN06443301 32597 20702 10318 20127 39582 40065 81101 333 10330 59021=",
"43301099999","2023-03-03T12:00:00","4","12.1333333","78.0333333","396.0","DHARMAPURI, IN","FM-12","99999","V020","070,1,N,0026,1","22000,1,9,N","010000,1,9,9","+0322,1","+0103,1","10116,1",,,,"01,1,+00800,1,08,1","99,9,+99999,9,00,1",,"9,AGL   ,+99999,+99999","02,99,1,01,1,99,9,00800,1,99,9,99,9","240,M,+0340,1",,"99999,9,09603,1","9,9,999,9,+021,1",,"SYN06443301 32597 20705 10322 20103 39603 40116 81101 333 10340 58021=",
"43301099999","2023-03-04T03:00:00","4","12.1333333","78.0333333","396.0","DHARMAPURI, IN","FM-12","99999","V020","070,1,N,0010,1","22000,1,9,N","004000,1,9,9","+0222,1","+0148,1","10178,1",,,,"01,1,+00800,1,08,1","99,9,+99999,9,00,1",,"9,AGL   ,+99999,+99999","02,99,1,01,1,99,9,00800,1,99,9,99,9","240,M,+0340,1","240,N,+0165,1","99999,9,09645,1","9,9,999,9,+003,1",,"SYN08043301 32596 20702 10222 20148 39645 40178 81101 333 10340 20165 58003 555 10000=",
"43301099999","2023-03-04T12:00:00","4","12.1333333","78.0333333","396.0","DHARMAPURI, IN","FM-12","99999","V020","070,1,N,0026,1","99999,9,9,N","010000,1,9,9","+0322,1","+0119,1","10115,1",,,,,,,,,"240,M,+0342,1",,"99999,9,09602,1","9,9,999,9,+001,1",,"SYN05843301 32997 00705 10322 20119 39602 40115 333 10342 58001=",
"43301099999","2023-03-05T03:00:00","4","12.1333333","78.0333333","396.0","DHARMAPURI, IN","FM-12","99999","V020","999,9,C,0000,1","22000,1,9,N","004000,1,9,9","+0232,1","+0140,1","10171,1",,,,"01,1,+00800,1,08,1","99,9,+99999,9,03,1","99,9,+99999,9,00,1","9,AGL   ,+99999,+99999","03,99,1,01,1,99,9,00800,1,99,9,99,9","240,M,+0342,1","240,N,+0180,1","99999,9,09640,1","9,9,999,9,-005,1",,"SYN08043301 32596 30000 10232 20140 39640 40171 81131 333 10342 20180 59005 555 10000=",
"43301099999","2023-03-05T12:00:00","4","12.1333333","78.0333333","396.0","DHARMAPURI, IN","FM-12","99999","V020","070,1,N,0015,1","99999,9,9,N","010000,1,9,9","+0326,1","+0105,1","10112,1",,,,"02,1,+00800,1,08,1","99,9,+99999,9,03,1","99,9,+99999,9,00,1","9,AGL   ,+99999,+99999","05,99,1,02,1,99,9,00800,1,99,9,99,9","240,M,+0352,1",,"99999,9,09599,1","9,9,999,9,-003,1",,"SYN06443301 32597 50703 10326 20105 39599 40112 82231 333 10352 59003=",
"43301099999","2023-03-06T03:00:00","4","12.1333333","78.0333333","396.0","DHARMAPURI, IN","FM-12","99999","V020","070,1,N,0010,1","99999,9,9,N","004000,1,9,9","+0226,1","+0124,1","10163,1",,,,,,,,,"240,M,+0352,1","240,N,+0175,1","99999,9,09630,1","9,9,999,9,-010,1",,"SYN07443301 32996 00702 10226 20124 39630 40163 333 10352 20175 59010 555 10000=",
"43301099999","2023-03-06T12:00:00","4","12.1333333","78.0333333","396.0","DHARMAPURI, IN","FM-12","99999","V020","070,1,N,0021,1","22000,1,9,N","010000,1,9,9","+0324,1","+0107,1","10094,1",,,,"02,1,+00800,1,08,1","99,9,+99999,9,03,1",,"9,AGL   ,+99999,+99999","03,99,1,02,1,99,9,00800,1,99,9,99,9","240,M,+0342,1",,"99999,9,09582,1","9,9,999,9,+017,1",,"SYN06443301 32597 30704 10324 20107 39582 40094 82130 333 10342 58017=",
"43301099999","2023-03-07T03:00:00","4","12.1333333","78.0333333","396.0","DHARMAPURI, IN","FM-12","99999","V020","070,1,N,0021,1","22000,1,9,N","004000,1,9,9","+0218,1","+0166,1","10151,1",,,,"02,1,+00800,1,08,1","99,9,+99999,9,03,1","99,9,+99999,9,00,1","9,AGL   ,+99999,+99999","04,99,1,02,1,99,9,00800,1,99,9,99,9","240,M,+0342,1","240,N,+0180,1","99999,9,09618,1","9,9,999,9,-012,1",,"SYN08043301 32596 40704 10218 20166 39618 40151 82131 333 10342 20180 59012 555 10000=",
"43301099999","2023-03-07T12:00:00","4","12.1333333","78.0333333","396.0","DHARMAPURI, IN","FM-12","99999","V020","070,1,N,0026,1","99999,9,9,N","010000,1,9,9","+0324,1","+0079,1","10092,1",,,,"03,1,+00800,1,08,1","99,9,+99999,9,03,1","99,9,+99999,9,00,1","9,AGL   ,+99999,+99999","06,99,1,03,1,99,9,00800,1,99,9,99,9","240,M,+0340,1",,"99999,9,09580,1","9,9,999,9,-002,1",,"SYN06443301 32597 60705 10324 20079 39580 40092 83231 333 10340 59002=",
"43301099999","2023-03-08T03:00:00","4","12.1333333","78.0333333","396.0","DHARMAPURI, IN","FM-12","99999","V020","070,1,N,0010,1","99999,9,9,N","004000,1,9,9","+0226,1","+0171,1","10152,1",,,,"02,1,+00800,1,08,1","99,9,+99999,9,03,1","99,9,+99999,9,00,1","9,AGL   ,+99999,+99999","05,99,1,02,1,99,9,00800,1,99,9,99,9","240,M,+0340,1","240,N,+0197,1","99999,9,09620,1","9,9,999,9,+002,1",,"SYN08043301 32596 50702 10226 20171 39620 40152 82231 333 10340 20197 58002 555 10000=",
"43301099999","2023-03-08T12:00:00","4","12.1333333","78.0333333","396.0","DHARMAPURI, IN","FM-12","99999","V020","070,1,N,0010,1","22000,1,9,N","010000,1,9,9","+0324,1","+0107,1","10090,1",,,,"01,1,+00800,1,08,1","99,9,+99999,9,00,1",,"9,AGL   ,+99999,+99999","02,99,1,01,1,99,9,00800,1,99,9,99,9","240,M,+0336,1",,"99999,9,09578,1","9,9,999,9,-002,1",,"SYN06443301 32597 20702 10324 20107 39578 40090 81101 333 10336 59002=",
"43301099999","2023-03-09T03:00:00","4","12.1333333","78.0333333","396.0","DHARMAPURI, IN","FM-12","99999","V020","020,1,N,0010,1","99999,9,9,N","004000,1,9,9","+0226,1","+0171,1","10146,1",,"2,1,02,1","2,1,02,1","03,1,+00800,1,09,1","99,9,+99999,9,03,1","99,9,+99999,9,00,1","9,AGL   ,+99999,+99999","07,99,1,03,1,99,9,00800,1,99,9,99,9","240,M,+0336,1","240,N,+0197,1","99999,9,09614,1","9,9,999,9,+006,1","05,1","SYN08643301 31596 70202 10226 20171 39614 40146 70522 83331 333 10336 20197 58006 555 10000=",
"43301099999","2023-03-09T12:00:00","4","12.1333333","78.0333333","396.0","DHARMAPURI, IN","FM-12","99999","V020","070,1,N,0015,1","99999,9,9,N","010000,1,9,9","+0312,1","+0137,1","10085,1",,,,"02,1,+00800,1,08,1","99,9,+99999,9,03,1","99,9,+99999,9,00,1","9,AGL   ,+99999,+99999","05,99,1,02,1,99,9,00800,1,99,9,99,9","240,M,+0330,1",,"99999,9,09572,1","9,9,999,9,-006,1",,"SYN06443301 32597 50703 10312 20137 39572 40085 82231 333 10330 59006=",
"43301099999","2023-03-10T03:00:00","4","12.1333333","78.0333333","396.0","DHARMAPURI, IN","FM-12","99999","V020","070,1,N,0026,1","99999,9,9,N","004000,1,9,9","+0224,1","+0183,1","10136,1",,,,"02,1,+00800,1,08,1","99,9,+99999,9,03,1","99,9,+99999,9,00,1","9,AGL   ,+99999,+99999","05,99,1,02,1,99,9,00800,1,99,9,99,9","240,M,+0330,1","240,N,+0197,1","99999,9,09604,1","9,9,999,9,-010,1",,"SYN08043301 32596 50705 10224 20183 39604 40136 82231 333 10330 20197 59010 555 10000=",
"43301099999","2023-03-10T12:00:00","4","12.1333333","78.0333333","396.0","DHARMAPURI, IN","FM-12","99999","V020","070,1,N,0010,1","99999,9,9,N","010000,1,9,9","+0316,1","+0138,1","10079,1",,,,"03,1,+00800,1,08,1","99,9,+99999,9,03,1","99,9,+99999,9,00,1","9,AGL   ,+99999,+99999","06,99,1,03,1,99,9,00800,1,99,9,99,9","240,M,+0332,1",,"99999,9,09567,1","9,9,999,9,-011,1",,"SYN06443301 32597 60702 10316 20138 39567 40079 83231 333 10332 59011=",
"43301099999","2023-03-11T03:00:00","4","12.1333333","78.0333333","396.0","DHARMAPURI, IN","FM-12","99999","V020","020,1,N,0010,1","22000,1,9,N","004000,1,9,9","+0218,1","+0193,1","10140,1",,"0,1,02,1","0,1,02,1","02,1,+00800,1,08,1","99,9,+99999,9,00,1",,"9,AGL   ,+99999,+99999","03,99,1,02,1,99,9,00800,1,99,9,99,9","240,M,+0332,1","240,N,+0200,1","99999,9,09608,1","9,9,999,9,+004,1","05,1","SYN08643301 31596 30202 10218 20193 39608 40140 70500 82101 333 10332 20200 58004 555 10000=",
"43301099999","2023-03-11T12:00:00","4","12.1333333","78.0333333","396.0","DHARMAPURI, IN","FM-12","99999","V020","070,1,N,0015,1","22000,1,9,N","010000,1,9,9","+0322,1","+0124,1","10077,1",,,,"01,1,+00800,1,08,1","99,9,+99999,9,00,1",,"9,AGL   ,+99999,+99999","02,99,1,01,1,99,9,00800,1,99,9,99,9","240,M,+0335,1",,"99999,9,09566,1","9,9,999,9,-001,1",,"SYN06443301 32597 20703 10322 20124 39566 40077 81101 333 10335 59001=",
"43301099999","2023-03-12T03:00:00","4","12.1333333","78.0333333","396.0","DHARMAPURI, IN","FM-12","99999","V020","070,1,N,0010,1","22000,1,9,N","004000,1,9,9","+0222,1","+0184,1","10140,1",,,,"02,1,+00800,1,08,1","99,9,+99999,9,00,1",,"9,AGL   ,+99999,+99999","03,99,1,02,1,99,9,00800,1,99,9,99,9","240,M,+0332,1","240,N,+0200,1","99999,9,09609,1","9,9,999,9,+001,1",,"SYN08043301 32596 30702 10222 20184 39609 40140 82101 333 10332 20200 58001 555 10000=",
"43301099999","2023-03-12T12:00:00","4","12.1333333","78.0333333","396.0","DHARMAPURI, IN","FM-12","99999","V020","070,1,N,0026,1","22000,1,9,N","010000,1,9,9","+0332,1","+0143,1","10068,1",,,,"01,1,+00800,1,08,1","99,9,+99999,9,00,1",,"9,AGL   ,+99999,+99999","02,99,1,01,1,99,9,00800,1,99,9,99,9","240,M,+0345,1",,"99999,9,09562,1","9,9,999,9,-004,1",,"SYN06443301 32597 20705 10332 20143 39562 40068 81101 333 10345 59004=",
"43301099999","2023-03-13T03:00:00","4","12.1333333","78.0333333","396.0","DHARMAPURI, IN","FM-12","99999","V020","070,1,N,0010,1","99999,9,9,N","004000,1,9,9","+0242,1","+0195,1","10126,1",,,,,,,,,"240,M,+0345,1","240,N,+0205,1","99999,9,09599,1","9,9,999,9,-010,1",,"SYN07443301 32996 00702 10242 20195 39599 40126 333 10345 20205 59010 555 10000=",
"43301099999","2023-03-13T12:00:00","4","12.1333333","78.0333333","396.0","DHARMAPURI, IN","FM-12","99999","V020","070,1,N,0010,1","22000,1,9,N","010000,1,9,9","+0334,1","+0123,1","10060,1",,,,"01,1,+00800,1,08,1","99,9,+99999,9,00,1",,"9,AGL   ,+99999,+99999","02,99,1,01,1,99,9,00800,1,99,9,99,9","240,M,+0352,1",,"99999,9,09551,1","9,9,999,9,-011,1",,"SYN06443301 32597 20702 10334 20123 39551 40060 81101 333 10352 59011=",
"43301099999","2023-03-14T03:00:00","4","12.1333333","78.0333333","396.0","DHARMAPURI, IN","FM-12","99999","V020","999,9,C,0000,1","99999,9,9,N","004000,1,9,9","+0238,1","+0155,1","10114,1",,,,,,,,,"240,M,+0352,1","240,N,+0206,1","99999,9,09588,1","9,9,999,9,-011,1",,"SYN06443301 32996 00000 10238 20155 39588 40114 333 10352 20206 59011=",
"43301099999","2023-03-14T12:00:00","4","12.1333333","78.0333333","396.0","DHARMAPURI, IN","FM-12","99999","V020","070,1,N,0021,1","22000,1,9,N","010000,1,9,9","+0346,1","+0102,1","10042,1",,,,"01,1,+00800,1,08,1","99,9,+99999,9,00,1",,"9,AGL   ,+99999,+99999","02,99,1,01,1,99,9,00800,1,99,9,99,9","240,M,+0362,1",,"99999,9,09536,1","9,9,999,9,-015,1",,"SYN06443301 32597 20704 10346 20102 39536 40042 81101 333 10362 59015=",
"43301099999","2023-03-15T03:00:00","4","12.1333333","78.0333333","396.0","DHARMAPURI, IN","FM-12","99999","V020","999,9,C,0000,1","99999,9,9,N","004000,1,9,9","+0238,1","+0201,1","10105,1",,"0,1,02,1","0,1,02,1","01,1,+99999,9,08,1","99,9,+99999,9,00,1",,"9,AGL   ,+99999,+99999","99,99,9,01,1,99,9,99999,9,99,9,99,9","240,M,+0362,1","240,N,+0210,1","99999,9,09577,1","9,9,999,9,-011,1","05,1","SYN08643301 31596 00000 10238 20201 39577 40105 70500 81101 333 10362 20210 59011 555 10000=",
"43301099999","2023-03-15T12:00:00","4","12.1333333","78.0333333","396.0","DHARMAPURI, IN","FM-12","99999","V020","070,1,N,0026,1","99999,9,9,N","010000,1,9,9","+0344,1","+0114,1","10036,1",,,,"03,1,+00800,1,08,1","99,9,+99999,9,03,1","99,9,+99999,9,00,1","9,AGL   ,+99999,+99999","06,99,1,03,1,99,9,00800,1,99,9,99,9","240,M,+0365,1",,"99999,9,09530,1","9,9,999,9,-006,1",,"SYN06443301 32597 60705 10344 20114 39530 40036 83231 333 10365 59006=",
"43301099999","2023-03-16T03:00:00","4","12.1333333","78.0333333","396.0","DHARMAPURI, IN","FM-12","99999","V020","999,9,C,0000,1","99999,9,9,N","004000,1,9,9","+0240,1","+0215,1","10112,1",,"2,1,02,1","2,1,02,1","05,1,+00800,1,06,1","99,9,+99999,9,03,1",,"9,AGL   ,+99999,+99999","08,99,1,05,1,99,9,00800,1,99,9,99,9","240,M,+0365,1","240,N,+0226,1","99999,9,09586,1","9,9,999,9,+008,1","05,1","SYN08643301 31596 80000 10240 20215 39586 40112 70522 8547/ 333 10365 20226 58008 555 10000=",
"43301099999","2023-03-16T12:00:00","4","12.1333333","78.0333333","396.0","DHARMAPURI, IN","FM-12","99999","V020","070,1,N,0021,1","99999,9,9,N","010000,1,9,9","+0302,1","+0165,1","10054,1",,,,"05,1,+00800,1,06,1","99,9,+99999,9,03,1",,"9,AGL   ,+99999,+99999","08,99,1,05,1,99,9,00800,1,99,9,99,9","240,M,+0335,1",,"99999,9,09541,1","9,9,999,9,+011,1",,"SYN06443301 32597 80704 10302 20165 39541 40054 8547/ 333 10335 58011=",
"43301099999","2023-03-17T03:00:00","4","12.1333333","78.0333333","396.0","DHARMAPURI, IN","FM-12","99999","V020","999,9,C,0000,1","99999,9,9,N","004000,1,9,9","+0246,1","+0213,1","10119,1","24,0000,9,1",,,"03,1,+00800,1,08,1","99,9,+99999,9,03,1","99,9,+99999,9,00,1","9,AGL   ,+99999,+99999","06,99,1,03,1,99,9,00800,1,99,9,99,9","240,M,+0335,1","240,N,+0222,1","99999,9,09592,1","9,9,999,9,+006,1",,"SYN08643301 22596 60000 10246 20213 39592 40119 83231 333 10335 20222 58006 6990/ 555 10000=","Q01  00002PRCP24"
"43301099999","2023-03-17T12:00:00","4","12.1333333","78.0333333","396.0","DHARMAPURI, IN","FM-12","99999","V020","070,1,N,0010,1","99999,9,9,N","010000,1,9,9","+0326,1","+0181,1","10049,1",,,,"02,1,+00800,1,08,1","99,9,+99999,9,03,1","99,9,+99999,9,00,1","9,AGL   ,+99999,+99999","05,99,1,02,1,99,9,00800,1,99,9,99,9","240,M,+0335,1",,"99999,9,09539,1","9,9,999,9,-002,1",,"SYN06443301 32597 50702 10326 20181 39539 40049 82231 333 10335 59002=",
"43301099999","2023-03-18T03:00:00","4","12.1333333","78.0333333","396.0","DHARMAPURI, IN","FM-12","99999","V020","999,9,C,0000,1","99999,9,9,N","004000,1,9,9","+0254,1","+0195,1","10106,1",,,,"02,1,+00800,1,08,1","99,9,+99999,9,03,1","99,9,+99999,9,00,1","9,AGL   ,+99999,+99999","05,99,1,02,1,99,9,00800,1,99,9,99,9","240,M,+0335,1","240,N,+0230,1","99999,9,09582,1","9,9,999,9,-010,1",,"SYN08043301 32596 50000 10254 20195 39582 40106 82231 333 10335 20230 59010 555 10000=",
"43301099999","2023-03-18T12:00:00","4","12.1333333","78.0333333","396.0","DHARMAPURI, IN","FM-12","99999","V020","110,1,N,0015,1","99999,9,9,N","010000,1,9,9","+0328,1","+0172,1","10036,1",,,,"03,1,+00800,1,08,1","99,9,+99999,9,03,1","99,9,+99999,9,00,1","9,AGL   ,+99999,+99999","05,99,1,03,1,99,9,00800,1,99,9,99,9","240,M,+0340,1",,"99999,9,09528,1","9,9,999,9,-011,1",,"SYN06443301 32597 51103 10328 20172 39528 40036 83231 333 10340 59011=",
"43301099999","2023-03-19T03:00:00","4","12.1333333","78.0333333","396.0","DHARMAPURI, IN","FM-12","99999","V020","999,9,C,0000,1","99999,9,9,N","004000,1,9,9","+0244,1","+0217,1","10104,1","24,0090,3,1",,,"03,1,+00800,1,09,1","99,9,+99999,9,03,1","99,9,+99999,9,00,1","9,AGL   ,+99999,+99999","07,99,1,03,1,99,9,00800,1,99,9,99,9","240,M,+0340,1","240,N,+0217,1","99999,9,09578,1","9,9,999,9,-004,1",,"SYN09243301 22596 70000 10244 20217 39578 40104 83331 333 10340 20217 59004 6009/ 555 00090 10009=",
"43301099999","2023-03-19T12:00:00","4","12.1333333","78.0333333","396.0","DHARMAPURI, IN","FM-12","99999","V020","050,1,N,0010,1","99999,9,9,N","010000,1,9,9","+0306,1","+0197,1","10041,1","09,0010,3,1",,,"03,1,+00800,1,08,1","99,9,+99999,9,03,1","99,9,+99999,9,00,1","9,AGL   ,+99999,+99999","06,99,1,03,1,99,9,00800,1,99,9,99,9","240,M,+0320,1",,"99999,9,09529,1","9,9,999,9,+001,1",,"SYN07043301 22597 60502 10306 20197 39529 40041 83231 333 10320 58001 6001/=",
"43301099999","2023-03-20T03:00:00","4","12.1333333","78.0333333","396.0","DHARMAPURI, IN","FM-12","99999","V020","200,1,N,0010,1","99999,9,9,N","004000,1,9,9","+0254,1","+0215,1","10091,1","24,0010,3,1",,,,,,,,"240,M,+0320,1","240,N,+0225,1","99999,9,09568,1","9,9,999,9,-010,1",,"SYN08643301 22996 02002 10254 20215 39568 40091 333 10320 20225 59010 6001/ 555 00010 10010=",
"43301099999","2023-03-20T12:00:00","4","12.1333333","78.0333333","396.0","DHARMAPURI, IN","FM-12","99999","V020","200,1,N,0021,1","99999,9,9,N","010000,1,9,9","+0344,1","+0169,1","10023,1",,,,"02,1,+00800,1,08,1","99,9,+99999,9,03,1","99,9,+99999,9,00,1","9,AGL   ,+99999,+99999","05,99,1,02,1,99,9,00800,1,99,9,99,9","240,M,+0355,1",,"99999,9,09518,1","9,9,999,9,-011,1",,"SYN06443301 32597 52004 10344 20169 39518 40023 82231 333 10355 59011=",
"43301099999","2023-03-21T12:00:00","4","12.1333333","78.0333333","396.0","DHARMAPURI, IN","FM-12","99999","V020","200,1,N,0015,1","22000,1,9,N","010000,1,9,9","+0354,1","+0154,1","10024,1",,,,"01,1,+00800,1,08,1","99,9,+99999,9,03,1","99,9,+99999,9,00,1","9,AGL   ,+99999,+99999","03,99,1,01,1,99,9,00800,1,99,9,99,9","240,M,+0370,1",,"99999,9,09521,1","9,9,999,9,+003,1",,"SYN06443301 32597 32003 10354 20154 39521 40024 81131 333 10370 58003=",
"43301099999","2023-03-22T03:00:00","4","12.1333333","78.0333333","396.0","DHARMAPURI, IN","FM-12","99999","V020","999,9,C,0000,1","99999,9,9,N","004000,1,9,9","+0254,1","+0221,1","10098,1","24,0000,9,1",,,"03,1,+00800,1,08,1","99,9,+99999,9,03,1","99,9,+99999,9,00,1","9,AGL   ,+99999,+99999","06,99,1,03,1,99,9,00800,1,99,9,99,9","240,M,+0370,1","240,N,+0233,1","99999,9,09576,1","9,9,999,9,+018,1",,"SYN08643301 22596 60000 10254 20221 39576 40098 83231 333 10370 20233 58018 6990/ 555 10010=","Q01  00002PRCP24"
"43301099999","2023-03-22T12:00:00","4","12.1333333","78.0333333","396.0","DHARMAPURI, IN","FM-12","99999","V020","200,1,N,0015,1","99999,9,9,N","010000,1,9,9","+0344,1","+0161,1","10021,1",,,,"03,1,+00800,1,08,1","99,9,+99999,9,03,1","99,9,+99999,9,00,1","9,AGL   ,+99999,+99999","06,99,1,03,1,99,9,00800,1,99,9,99,9","240,M,+0360,1",,"99999,9,09516,1","9,9,999,9,-005,1",,"SYN06443301 32597 62003 10344 20161 39516 40021 83231 333 10360 59005=",
"43301099999","2023-03-23T03:00:00","4","12.1333333","78.0333333","396.0","DHARMAPURI, IN","FM-12","99999","V020","999,9,C,0000,1","99999,9,9,N","004000,1,9,9","+0262,1","+0236,1","10092,1",,,,"04,1,+00800,1,09,1","99,9,+99999,9,03,1",,"9,AGL   ,+99999,+99999","07,99,1,04,1,99,9,00800,1,99,9,99,9","240,M,+0360,1","240,N,+0245,1","99999,9,09570,1","9,9,999,9,-004,1",,"SYN08043301 32596 70000 10262 20236 39570 40092 84330 333 10360 20245 59004 555 10010=",
"43301099999","2023-03-23T12:00:00","4","12.1333333","78.0333333","396.0","DHARMAPURI, IN","FM-12","99999","V020","070,1,N,0015,1","99999,9,9,N","010000,1,9,9","+0304,1","+0176,1","10038,1","09,0000,9,1",,,"04,1,+00800,1,09,1","99,9,+99999,9,03,1",,"9,AGL   ,+99999,+99999","06,99,1,04,1,99,9,00800,1,99,9,99,9","240,M,+0370,1",,"99999,9,09526,1","9,9,999,9,+010,1",,"SYN07043301 22597 60703 10304 20176 39526 40038 84330 333 10370 58010 6990/=","Q01  00002PRCP09"
"43301099999","2023-03-24T03:00:00","4","12.1333333","78.0333333","396.0","DHARMAPURI, IN","FM-12","99999","V020","200,1,N,0010,1","22000,1,9,N","004000,1,9,9","+0256,1","+0214,1","10124,1","24,0050,3,1",,,"02,1,+00800,1,08,1","99,9,+99999,9,00,1",,"9,AGL   ,+99999,+99999","03,99,1,02,1,99,9,00800,1,99,9,99,9","240,M,+0370,1","240,N,+0227,1","99999,9,09599,1","9,9,999,9,-001,1",,"SYN09243301 22596 32002 10256 20214 39599 40124 82201 333 10370 20227 59001 6005/ 555 00050 10015=",
"43301099999","2023-03-24T12:00:00","4","12.1333333","78.0333333","396.0","DHARMAPURI, IN","FM-12","99999","V020","200,1,N,0010,1","99999,9,9,N","010000,1,9,9","+0234,1","+0216,1","10067,1","09,0210,3,1",,,"05,1,+00800,1,09,1","99,9,+99999,9,03,1",,"9,AGL   ,+99999,+99999","08,99,1,05,1,99,9,00800,1,99,9,99,9","240,M,+0360,1",,"99999,9,09542,1","9,9,999,9,+016,1",,"SYN07043301 22597 82002 10234 20216 39542 40067 8537/ 333 10360 58016 6021/=",
"43301099999","2023-03-25T03:00:00","4","12.1333333","78.0333333","396.0","DHARMAPURI, IN","FM-12","99999","V020","999,9,C,0000,1","99999,9,9,N","004000,1,9,9","+0244,1","+0220,1","10114,1","24,0210,3,1",,,"04,1,+00800,1,09,1","99,9,+99999,9,03,1",,"9,AGL   ,+99999,+99999","07,99,1,04,1,99,9,00800,1,99,9,99,9","240,M,+0360,1","240,N,+0220,1","99999,9,09588,1","9,9,999,9,-011,1",,"SYN09243301 22596 70000 10244 20220 39588 40114 84330 333 10360 20220 59011 6021/ 555 00210 10036=",
"43301099999","2023-03-25T12:00:00","4","12.1333333","78.0333333","396.0","DHARMAPURI, IN","FM-12","99999","V020","340,1,N,0010,1","99999,9,9,N","010000,1,9,9","+0304,1","+0187,1","10061,1",,,,"04,1,+00800,1,09,1","99,9,+99999,9,03,1",,"9,AGL   ,+99999,+99999","06,99,1,04,1,99,9,00800,1,99,9,99,9","240,M,+0340,1",,"99999,9,09548,1","9,9,999,9,+006,1",,"SYN06443301 32597 63402 10304 20187 39548 40061 84330 333 10340 58006=",
"43301099999","2023-03-26T03:00:00","4","12.1333333","78.0333333","396.0","DHARMAPURI, IN","FM-12","99999","V020","999,9,C,0000,1","99999,9,9,N","004000,1,9,9","+0246,1","+0225,1","10091,1",,,,"04,1,+00800,1,09,1","99,9,+99999,9,03,1",,"9,AGL   ,+99999,+99999","07,99,1,04,1,99,9,00800,1,99,9,99,9","240,M,+0340,1","240,N,+0235,1","99999,9,09566,1","9,9,999,9,-022,1",,"SYN08043301 32596 70000 10246 20225 39566 40091 84330 333 10340 20235 59022 555 10036=",
"43301099999","2023-03-26T12:00:00","4","12.1333333","78.0333333","396.0","DHARMAPURI, IN","FM-12","99999","V020","999,9,C,0000,1","99999,9,9,N","010000,1,9,9","+0322,1","+0205,1","10043,1",,,,"03,1,+00800,1,09,1","99,9,+99999,9,03,1","99,9,+99999,9,00,1","9,AGL   ,+99999,+99999","06,99,1,03,1,99,9,00800,1,99,9,99,9","240,M,+0342,1",,"99999,9,09533,1","9,9,999,9,-015,1",,"SYN06443301 32597 60000 10322 20205 39533 40043 83331 333 10342 59015=",
"43301099999","2023-03-27T03:00:00","4","12.1333333","78.0333333","396.0","DHARMAPURI, IN","FM-12","99999","V020","999,9,C,0000,1","99999,9,9,N","004000,1,9,9","+0238,1","+0220,1","10103,1","24,0060,3,1",,,"04,1,+00800,1,06,1","99,9,+99999,9,03,1",,"9,AGL   ,+99999,+99999","07,99,1,04,1,99,9,00800,1,99,9,99,9","240,M,+0342,1","240,N,+0210,1","99999,9,09577,1","9,9,999,9,+011,1",,"SYN09243301 22596 70000 10238 20220 39577 40103 84530 333 10342 20210 58011 6006/ 555 00060 10042=",
"43301099999","2023-03-27T12:00:00","4","12.1333333","78.0333333","396.0","DHARMAPURI, IN","FM-12","99999","V020","999,9,C,0000,1","99999,9,9,N","010000,1,9,9","+0344,1","+0197,1","10042,1",,,,"02,1,+00800,1,08,1","99,9,+99999,9,03,1","99,9,+99999,9,00,1","9,AGL   ,+99999,+99999","05,99,1,02,1,99,9,00800,1,99,9,99,9","240,M,+0348,1",,"99999,9,09536,1","9,9,999,9,+003,1",,"SYN06443301 32597 50000 10344 20197 39536 40042 82231 333 10348 58003=",
"43301099999","2023-03-28T03:00:00","4","12.1333333","78.0333333","396.0","DHARMAPURI, IN","FM-12","99999","V020","200,1,N,0010,1","99999,9,9,N","004000,1,9,9","+0268,1","+0239,1","10101,1",,,,"04,1,+00800,1,09,1","99,9,+99999,9,03,1",,"9,AGL   ,+99999,+99999","06,99,1,04,1,99,9,00800,1,99,9,99,9","240,M,+0348,1","240,N,+0245,1","99999,9,09579,1","9,9,999,9,+002,1",,"SYN08043301 32596 62002 10268 20239 39579 40101 84330 333 10348 20245 58002 555 10042=",
"43301099999","2023-03-28T12:00:00","4","12.1333333","78.0333333","396.0","DHARMAPURI, IN","FM-12","99999","V020","110,1,N,0021,1","99999,9,9,N","010000,1,9,9","+0346,1","+0210,1","10043,1",,,,"02,1,+00800,1,08,1","99,9,+99999,9,03,1","99,9,+99999,9,00,1","9,AGL   ,+99999,+99999","05,99,1,02,1,99,9,00800,1,99,9,99,9","240,M,+0360,1",,"99999,9,09537,1","9,9,999,9,+001,1",,"SYN06443301 32597 51104 10346 20210 39537 40043 82231 333 10360 58001=",
"43301099999","2023-03-29T03:00:00","4","12.1333333","78.0333333","396.0","DHARMAPURI, IN","FM-12","99999","V020","999,9,C,0000,1","99999,9,9,N","004000,1,9,9","+0264,1","+0235,1","10111,1",,,,"04,1,+00800,1,09,1","99,9,+99999,9,03,1",,"9,AGL   ,+99999,+99999","06,99,1,04,1,99,9,00800,1,99,9,99,9","240,M,+0360,1","240,N,+0245,1","99999,9,09589,1","9,9,999,9,+010,1",,"SYN08043301 32596 60000 10264 20235 39589 40111 84330 333 10360 20245 58010 555 10042=",
"43301099999","2023-03-29T12:00:00","4","12.1333333","78.0333333","396.0","DHARMAPURI, IN","FM-12","99999","V020","070,1,N,0015,1","99999,9,9,N","010000,1,9,9","+0346,1","+0199,1","10048,1",,,,"02,1,+00800,1,08,1","99,9,+99999,9,03,1","99,9,+99999,9,00,1","9,AGL   ,+99999,+99999","05,99,1,02,1,99,9,00800,1,99,9,99,9","240,M,+0357,1",,"99999,9,09542,1","9,9,999,9,+005,1",,"SYN06443301 32597 50703 10346 20199 39542 40048 82231 333 10357 58005=",
"43301099999","2023-03-30T00:00:00","4","12.1333333","78.0333333","396.0","DHARMAPURI, IN","FM-12","99999","V020","250,1,N,0010,1","99999,9,9,N","004000,1,9,9","+0258,1","+0229,1","10112,1",,,,"04,1,+00800,1,09,1","99,9,+99999,9,03,1",,"9,AGL   ,+99999,+99999","06,99,1,04,1,99,9,00800,1,99,9,99,9","120,M,+0357,1","120,N,+0237,1","99999,9,09588,1","9,9,999,9,-001,1",,"SYN08043301 32596 62502 10258 20229 39588 40112 84330 333 10357 20237 59001 555 10042=",
"43301099999","2023-03-30T03:00:00","4","12.1333333","78.0333333","396.0","DHARMAPURI, IN","FM-12","99999","V020","250,1,N,0010,1","99999,9,9,N","004000,1,9,9","+0258,1","+0229,1","10112,1",,,,"04,1,+00800,1,09,1","99,9,+99999,9,03,1",,"9,AGL   ,+99999,+99999","06,99,1,04,1,99,9,00800,1,99,9,99,9","240,M,+0357,1","240,N,+0237,1","99999,9,09588,1","9,9,999,9,-001,1",,"SYN08043301 32596 62502 10258 20229 39588 40112 84330 333 10357 20237 59001 555 10042=",
"43301099999","2023-03-30T12:00:00","4","12.1333333","78.0333333","396.0","DHARMAPURI, IN","FM-12","99999","V020","200,1,N,0015,1","99999,9,9,N","010000,1,9,9","+0344,1","+0197,1","10034,1",,,,"03,1,+00800,1,08,1","99,9,+99999,9,03,1","99,9,+99999,9,00,1","9,AGL   ,+99999,+99999","06,99,1,03,1,99,9,00800,1,99,9,99,9","240,M,+0352,1",,"99999,9,09529,1","9,9,999,9,-013,1",,"SYN06443301 32597 62003 10344 20197 39529 40034 83231 333 10352 59013=",
"43301099999","2023-03-31T12:00:00","4","12.1333333","78.0333333","396.0","DHARMAPURI, IN","FM-12","99999","V020","200,1,N,0015,1","99999,9,9,N","010000,1,9,9","+0342,1","+0183,1","10031,1",,,,"03,1,+00800,1,08,1","99,9,+99999,9,03,1",,"9,AGL   ,+99999,+99999","06,99,1,03,1,99,9,00800,1,99,9,99,9","240,M,+0356,1",,"99999,9,09526,1","9,9,999,9,-003,1",,"SYN06443301 32597 62003 10342 20183 39526 40031 83230 333 10356 59003=",
"43301099999","2023-04-01T12:00:00","4","12.1333333","78.0333333","396.0","DHARMAPURI, IN","FM-12","99999","V020","250,1,N,0021,1","99999,9,9,N","010000,1,9,9","+0326,1","+0200,1","10036,1",,,,"03,1,+00800,1,09,1","99,9,+99999,9,03,1","99,9,+99999,9,00,1","9,AGL   ,+99999,+99999","06,99,1,03,1,99,9,00800,1,99,9,99,9","240,M,+0357,1",,"99999,9,09528,1","9,9,999,9,+002,1",,"SYN06443301 32597 62504 10326 20200 39528 40036 83331 333 10357 58002=",
"43301099999","2023-04-02T03:00:00","4","12.1333333","78.0333333","396.0","DHARMAPURI, IN","FM-12","99999","V020","999,9,C,0000,1","99999,9,9,N","004000,1,9,9","+0236,1","+0218,1","10107,1","24,0030,3,1",,,"05,1,+00800,1,09,1","99,9,+99999,9,03,1",,"9,AGL   ,+99999,+99999","08,99,1,05,1,99,9,00800,1,99,9,99,9","240,M,+0357,1","240,N,+0215,1","99999,9,09579,1","9,9,999,9,-001,1",,"SYN09243301 22596 80000 10236 20218 39579 40107 8537/ 333 10357 20215 59001 6003/ 555 00030 10056=",
"43301099999","2023-04-02T12:00:00","4","12.1333333","78.0333333","396.0","DHARMAPURI, IN","FM-12","99999","V020","999,9,C,0000,1","99999,9,9,N","010000,1,9,9","+0334,1","+0213,1","10034,1","09,0000,9,1",,,"02,1,+00800,1,09,1","99,9,+99999,9,03,1","99,9,+99999,9,00,1","9,AGL   ,+99999,+99999","05,99,1,02,1,99,9,00800,1,99,9,99,9","240,M,+0345,1",,"99999,9,09527,1","9,9,999,9,-001,1",,"SYN07043301 22597 50000 10334 20213 39527 40034 82331 333 10345 59001 6990/=","Q01  00002PRCP09"
"43301099999","2023-04-03T03:00:00","4","12.1333333","78.0333333","396.0","DHARMAPURI, IN","FM-12","99999","V020","250,1,N,0010,1","99999,9,9,N","004000,1,9,9","+0272,1","+0218,1","10091,1","24,0000,9,1",,,,,,,,"240,M,+0345,1","240,N,+0240,1","99999,9,09571,1","9,9,999,9,-009,1",,"SYN08043301 22996 02502 10272 20218 39571 40091 333 10345 20240 59009 6990/ 555 10056=","Q01  00002PRCP24"
"43301099999","2023-04-03T12:00:00","4","12.1333333","78.0333333","396.0","DHARMAPURI, IN","FM-12","99999","V020","070,1,N,0015,1","99999,9,9,N","010000,1,9,9","+0346,1","+0210,1","10031,1",,,,"03,1,+00800,1,08,1","99,9,+99999,9,03,1",,"9,AGL   ,+99999,+99999","05,99,1,03,1,99,9,00800,1,99,9,99,9","240,M,+0355,1",,"99999,9,09526,1","9,9,999,9,-001,1",,"SYN06443301 32597 50703 10346 20210 39526 40031 83230 333 10355 59001=",
"43301099999","2023-04-04T03:00:00","4","12.1333333","78.0333333","396.0","DHARMAPURI, IN","FM-12","99999","V020","200,1,N,0015,1","99999,9,9,N","004000,1,9,9","+0264,1","+0216,1","10100,1",,,,"05,1,+00800,1,09,1","99,9,+99999,9,03,1",,"9,AGL   ,+99999,+99999","08,99,1,05,1,99,9,00800,1,99,9,99,9","240,M,+0355,1","240,N,+0245,1","99999,9,09578,1","9,9,999,9,+007,1",,"SYN08043301 32596 82003 10264 20216 39578 40100 8537/ 333 10355 20245 58007 555 10056=",
"43301099999","2023-04-04T12:00:00","4","12.1333333","78.0333333","396.0","DHARMAPURI, IN","FM-12","99999","V020","999,9,C,0000,1","99999,9,9,N","010000,1,9,9","+0326,1","+0188,1","10055,1",,,,"04,1,+00800,1,09,1","99,9,+99999,9,03,1",,"9,AGL   ,+99999,+99999","07,99,1,04,1,99,9,00800,1,99,9,99,9","240,M,+0337,1",,"99999,9,09545,1","9,9,999,9,+019,1",,"SYN07043301 32597 70000 10326 20188 39545 40055 84330 333 10337 58019 58019=",
"43301099999","2023-04-05T03:00:00","4","12.1333333","78.0333333","396.0","DHARMAPURI, IN","FM-12","99999","V020","180,1,N,0010,1","22000,1,9,N","004000,1,9,9","+0254,1","+0212,1","10103,1","24,0000,9,1",,,"01,1,+00800,1,08,1","99,9,+99999,9,03,1","99,9,+99999,9,00,1","9,AGL   ,+99999,+99999","04,99,1,01,1,99,9,00800,1,99,9,99,9","240,M,+0337,1","240,N,+0225,1","99999,9,09579,1","9,9,999,9,+001,1",,"SYN08643301 22596 41802 10254 20212 39579 40103 81131 333 10337 20225 58001 6990/ 555 10056=","Q01  00002PRCP24"
"43301099999","2023-04-05T12:00:00","4","12.1333333","78.0333333","396.0","DHARMAPURI, IN","FM-12","99999","V020","070,1,N,0010,1","99999,9,9,N","010000,1,9,9","+0346,1","+0195,1","10040,1",,,,"03,1,+00800,1,09,1","99,9,+99999,9,03,1","99,9,+99999,9,00,1","9,AGL   ,+99999,+99999","07,99,1,03,1,99,9,00800,1,99,9,99,9","240,M,+0362,1",,"99999,9,09534,1","9,9,999,9,-011,1",,"SYN06443301 32597 70702 10346 20195 39534 40040 83331 333 10362 59011=",
"43301099999","2023-04-06T03:00:00","4","12.1333333","78.0333333","396.0","DHARMAPURI, IN","FM-12","99999","V020","999,9,C,0000,1","22000,1,9,N","004000,1,9,9","+0258,1","+0225,1","10109,1",,,,"02,1,+00800,1,08,1","99,9,+99999,9,03,1","99,9,+99999,9,00,1","9,AGL   ,+99999,+99999","04,99,1,02,1,99,9,00800,1,99,9,99,9","240,M,+0362,1","240,N,+0240,1","99999,9,09585,1","9,9,999,9,+016,1",,"SYN08043301 32596 40000 10258 20225 39585 40109 82231 333 10362 20240 58016 555 10056=",
"43301099999","2023-04-06T12:00:00","4","12.1333333","78.0333333","396.0","DHARMAPURI, IN","FM-12","99999","V020","070,1,N,0010,1","99999,9,9,N","010000,1,9,9","+0348,1","+0179,1","10046,1",,,,"02,1,+00800,1,08,1","99,9,+99999,9,03,1","99,9,+99999,9,00,1","9,AGL   ,+99999,+99999","05,99,1,02,1,99,9,00800,1,99,9,99,9","240,M,+0356,1",,"99999,9,09540,1","9,9,999,9,+006,1",,"SYN06443301 32597 50702 10348 20179 39540 40046 82231 333 10356 58006=",
"43301099999","2023-04-07T03:00:00","4","12.1333333","78.0333333","396.0","DHARMAPURI, IN","FM-12","99999","V020","999,9,C,0000,1","99999,9,9,N","004000,1,9,9","+0264,1","+0222,1","10120,1",,,,"03,1,+00800,1,09,1","99,9,+99999,9,03,1",,"9,AGL   ,+99999,+99999","05,99,1,03,1,99,9,00800,1,99,9,99,9","240,M,+0356,1","240,N,+0230,1","99999,9,09597,1","9,9,999,9,+012,1",,"SYN08043301 32596 50000 10264 20222 39597 40120 83330 333 10356 20230 58012 555 10056=",
"43301099999","2023-04-07T12:00:00","4","12.1333333","78.0333333","396.0","DHARMAPURI, IN","FM-12","99999","V020","070,1,N,0021,1","22000,1,9,N","010000,1,9,9","+0336,1","+0166,1","10063,1",,,,"01,1,+00800,1,08,1","99,9,+99999,9,03,1",,"9,AGL   ,+99999,+99999","02,99,1,01,1,99,9,00800,1,99,9,99,9","240,M,+0352,1",,"99999,9,09554,1","9,9,999,9,+014,1",,"SYN06443301 32597 20704 10336 20166 39554 40063 81130 333 10352 58014=",
"43301099999","2023-04-08T03:00:00","4","12.1333333","78.0333333","396.0","DHARMAPURI, IN","FM-12","99999","V020","070,1,N,0015,1","22000,1,9,N","004000,1,9,9","+0254,1","+0208,1","10136,1",,,,"01,1,+00800,1,08,1","99,9,+99999,9,00,1",,"9,AGL   ,+99999,+99999","02,99,1,01,1,99,9,00800,1,99,9,99,9","240,M,+0352,1","240,N,+0215,1","99999,9,09610,1","9,9,999,9,+013,1",,"SYN08043301 32596 20703 10254 20208 39610 40136 81101 333 10352 20215 58013 555 10056=",
"43301099999","2023-04-08T12:00:00","4","12.1333333","78.0333333","396.0","DHARMAPURI, IN","FM-12","99999","V020","070,1,N,0010,1","22000,1,9,N","010000,1,9,9","+0336,1","+0162,1","10088,1",,,,"02,1,+00800,1,08,1","99,9,+99999,9,03,1","99,9,+99999,9,00,1","9,AGL   ,+99999,+99999","04,99,1,02,1,99,9,00800,1,99,9,99,9","240,M,+0350,1",,"99999,9,09578,1","9,9,999,9,+024,1",,"SYN06443301 32597 40702 10336 20162 39578 40088 82231 333 10350 58024=",
"43301099999","2023-04-09T03:00:00","4","12.1333333","78.0333333","396.0","DHARMAPURI, IN","FM-12","99999","V020","070,1,N,0010,1","22000,1,9,N","004000,1,9,9","+0248,1","+0202,1","10147,1",,,,"02,1,+00800,1,08,1","99,9,+99999,9,00,1",,"9,AGL   ,+99999,+99999","03,99,1,02,1,99,9,00800,1,99,9,99,9","240,M,+0350,1","240,N,+0217,1","99999,9,09619,1","9,9,999,9,+009,1",,"SYN08043301 32596 30702 10248 20202 39619 40147 82101 333 10350 20217 58009 555 10056=",
"43301099999","2023-04-09T12:00:00","4","12.1333333","78.0333333","396.0","DHARMAPURI, IN","FM-12","99999","V020","070,1,N,0015,1","99999,9,9,N","010000,1,9,9","+0336,1","+0174,1","10081,1",,,,"02,1,+00800,1,08,1","99,9,+99999,9,03,1","99,9,+99999,9,00,1","9,AGL   ,+99999,+99999","05,99,1,02,1,99,9,00800,1,99,9,99,9","240,M,+0350,1",,"99999,9,09571,1","9,9,999,9,-007,1",,"SYN06443301 32597 50703 10336 20174 39571 40081 82231 333 10350 59007=",
"43301099999","2023-04-10T03:00:00","4","12.1333333","78.0333333","396.0","DHARMAPURI, IN","FM-12","99999","V020","070,1,N,0010,1","22000,1,9,N","004000,1,9,9","+0252,1","+0200,1","10131,1",,,,"01,1,+00800,1,08,1","99,9,+99999,9,00,1",,"9,AGL   ,+99999,+99999","02,99,1,01,1,99,9,00800,1,99,9,99,9","240,M,+0350,1","240,N,+0226,1","99999,9,09606,1","9,9,999,9,-013,1",,"SYN08043301 32596 20702 10252 20200 39606 40131 81101 333 10350 20226 59013 555 10056=",
"43301099999","2023-04-11T03:00:00","4","12.1333333","78.0333333","396.0","DHARMAPURI, IN","FM-12","99999","V020","999,9,C,0000,1","22000,1,9,N","004000,1,9,9","+0254,1","+0221,1","10125,1",,,,"02,1,+00800,1,08,1","99,9,+99999,9,03,1",,"9,AGL   ,+99999,+99999","03,99,1,02,1,99,9,00800,1,99,9,99,9","240,M,+0367,1","240,N,+0225,1","99999,9,09600,1","9,9,999,9,-006,1",,"SYN08043301 32596 30000 10254 20221 39600 40125 82230 333 10367 20225 59006 555 10056=",
"43301099999","2023-04-11T12:00:00","4","12.1333333","78.0333333","396.0","DHARMAPURI, IN","FM-12","99999","V020","070,1,N,0015,1","22000,1,9,N","010000,1,9,9","+0356,1","+0165,1","10070,1",,,,"02,1,+00800,1,08,1","99,9,+99999,9,03,1",,"9,AGL   ,+99999,+99999","03,99,1,02,1,99,9,00800,1,99,9,99,9","240,M,+0367,1",,"99999,9,09564,1","9,9,999,9,+011,1",,"SYN06443301 32597 30703 10356 20165 39564 40070 82130 333 10367 58011=",
"43301099999","2023-04-12T03:00:00","4","12.1333333","78.0333333","396.0","DHARMAPURI, IN","FM-12","99999","V020","999,9,C,0000,1","99999,9,9,N","010000,1,9,9","+0252,1","+0193,1","10121,1",,,,,,,,,"240,M,+0367,1","240,N,+0223,1","99999,9,09596,1","9,9,999,9,-004,1",,"SYN07443301 32997 00000 10252 20193 39596 40121 333 10367 20223 59004 555 10056=",
"43301099999","2023-04-12T12:00:00","4","12.1333333","78.0333333","396.0","DHARMAPURI, IN","FM-12","99999","V020","070,1,N,0015,1","99999,9,9,N","010000,1,9,9","+0364,1","+0083,1","10069,1",,,,,,,,,"240,M,+0380,1",,"99999,9,09565,1","9,9,999,9,+001,1",,"SYN05843301 32997 00703 10364 20083 39565 40069 333 10380 58001=",
"43301099999","2023-04-13T03:00:00","4","12.1333333","78.0333333","396.0","DHARMAPURI, IN","FM-12","99999","V020","090,1,N,0010,1","22000,1,9,N","010000,1,9,9","+0248,1","+0160,1","10125,1",,,,"01,1,+00800,1,08,1","99,9,+99999,9,00,1",,"9,AGL   ,+99999,+99999","02,99,1,01,1,99,9,00800,1,99,9,99,9","240,M,+0380,1","240,N,+0200,1","99999,9,09598,1","9,9,999,9,+002,1",,"SYN08043301 32597 20902 10248 20160 39598 40125 81101 333 10380 20200 58002 555 10056=",
"43301099999","2023-04-13T12:00:00","4","12.1333333","78.0333333","396.0","DHARMAPURI, IN","FM-12","99999","V020","070,1,N,0010,1","99999,9,9,N","010000,1,9,9","+0372,1","+0109,1","10047,1",,,,,,,,,"240,M,+0387,1",,"99999,9,09546,1","9,9,999,9,-019,1",,"SYN05843301 32997 00702 10372 20109 39546 40047 333 10387 59019=",
"43301099999","2023-04-15T12:00:00","4","12.1333333","78.0333333","396.0","DHARMAPURI, IN","FM-12","99999","V020","070,1,N,0010,1","99999,9,9,N","010000,1,9,9","+0352,1","+0101,1","10051,1",,,,"03,1,+00800,1,08,1","99,9,+99999,9,03,1","99,9,+99999,9,00,1","9,AGL   ,+99999,+99999","06,99,1,03,1,99,9,00800,1,99,9,99,9","240,M,+0365,1",,"99999,9,09547,1","9,9,999,9,+002,1",,"SYN06443301 32597 60702 10352 20101 39547 40051 83231 333 10365 58002=",
"43301099999","2023-04-16T03:00:00","4","12.1333333","78.0333333","396.0","DHARMAPURI, IN","FM-12","99999","V020","200,1,N,0010,1","99999,9,9,N","010000,1,9,9","+0248,1","+0167,1","10103,1",,,,,,,,,"240,M,+0365,1","240,N,+0205,1","99999,9,09577,1","9,9,999,9,-011,1",,"SYN07443301 32997 02002 10248 20167 39577 40103 333 10365 20205 59011 555 10056=",
"43301099999","2023-04-16T12:00:00","4","12.1333333","78.0333333","396.0","DHARMAPURI, IN","FM-12","99999","V020","070,1,N,0010,1","22000,1,9,N","010000,1,9,9","+0364,1","+0095,1","10034,1",,,,"01,1,+00800,1,08,1","99,9,+99999,9,00,1",,"9,AGL   ,+99999,+99999","02,99,1,01,1,99,9,00800,1,99,9,99,9","240,M,+0382,1",,"99999,9,09531,1","9,9,999,9,-016,1",,"SYN06443301 32597 20702 10364 20095 39531 40034 81101 333 10382 59016=",
"43301099999","2023-04-17T03:00:00","4","12.1333333","78.0333333","396.0","DHARMAPURI, IN","FM-12","99999","V020","999,9,C,0000,1","99999,9,9,N","010000,1,9,9","+0254,1","+0171,1","10094,1",,,,,,,,,"240,M,+0382,1","240,N,+0215,1","99999,9,09570,1","9,9,999,9,-007,1",,"SYN07443301 32997 00000 10254 20171 39570 40094 333 10382 20215 59007 555 10056=",
"43301099999","2023-04-17T12:00:00","4","12.1333333","78.0333333","396.0","DHARMAPURI, IN","FM-12","99999","V020","070,1,N,0010,1","99999,9,9,N","010000,1,9,9","+0372,1","+0109,1","10038,1",,,,,,,,,"240,M,+0390,1",,"99999,9,09537,1","9,9,999,9,+006,1",,"SYN05843301 32997 00702 10372 20109 39537 40038 333 10390 58006=",
"43301099999","2023-04-18T03:00:00","4","12.1333333","78.0333333","396.0","DHARMAPURI, IN","FM-12","99999","V020","230,1,N,0010,1","99999,9,9,N","010000,1,9,9","+0258,1","+0179,1","10113,1",,,,,,,,,"240,M,+0390,1","240,N,+0210,1","99999,9,09589,1","9,9,999,9,+019,1",,"SYN07443301 32997 02302 10258 20179 39589 40113 333 10390 20210 58019 555 10056=",
"43301099999","2023-04-18T12:00:00","4","12.1333333","78.0333333","396.0","DHARMAPURI, IN","FM-12","99999","V020","070,1,N,0010,1","22000,1,9,N","010000,1,9,9","+0376,1","+0111,1","10043,1",,,,"01,1,+00800,1,08,1","99,9,+99999,9,00,1",,"9,AGL   ,+99999,+99999","02,99,1,01,1,99,9,00800,1,99,9,99,9","240,M,+0391,1",,"99999,9,09542,1","9,9,999,9,-005,1",,"SYN06443301 32597 20702 10376 20111 39542 40043 81101 333 10391 59005=",
"43301099999","2023-04-19T12:00:00","4","12.1333333","78.0333333","396.0","DHARMAPURI, IN","FM-12","99999","V020","070,1,N,0010,1","22000,1,9,N","010000,1,9,9","+0374,1","+0174,1","10012,1",,,,"02,1,+00800,1,08,1","99,9,+99999,9,03,1",,"9,AGL   ,+99999,+99999","03,99,1,02,1,99,9,00800,1,99,9,99,9","240,M,+0382,1",,"99999,9,09512,1","9,9,999,9,-030,1",,"SYN06443301 32597 30702 10374 20174 39512 40012 82230 333 10382 59030=",
"43301099999","2023-04-20T12:00:00","4","12.1333333","78.0333333","396.0","DHARMAPURI, IN","FM-12","99999","V020","090,1,N,0010,1","99999,9,9,N","010000,1,9,9","+0374,1","+0178,1","09995,1",,,,"03,1,+00800,1,08,1","99,9,+99999,9,03,1",,"9,AGL   ,+99999,+99999","05,99,1,03,1,99,9,00800,1,99,9,99,9","240,M,+0385,1",,"99999,9,09496,1","9,9,999,9,-016,1",,"SYN06443301 32597 50902 10374 20178 39496 49995 83230 333 10385 59016=",
"43301099999","2023-04-21T03:00:00","4","12.1333333","78.0333333","396.0","DHARMAPURI, IN","FM-12","99999","V020","200,1,N,0015,1","99999,9,9,N","010000,1,9,9","+0282,1","+0216,1","10062,1",,,,,,,,,"240,M,+0385,1","240,N,+0255,1","99999,9,09546,1","9,9,999,9,-010,1",,"SYN07443301 32997 02003 10282 20216 39546 40062 333 10385 20255 59010 555 10056=",
"43301099999","2023-04-21T12:00:00","4","12.1333333","78.0333333","396.0","DHARMAPURI, IN","FM-12","99999","V020","110,1,N,0010,1","99999,9,9,N","010000,1,9,9","+0354,1","+0175,1","10006,1",,,,"02,1,+00800,1,08,1","99,9,+99999,9,03,1","99,9,+99999,9,00,1","9,AGL   ,+99999,+99999","05,99,1,02,1,99,9,00800,1,99,9,99,9","240,M,+0382,1",,"99999,9,09504,1","9,9,999,9,+008,1",,"SYN06443301 32597 51102 10354 20175 39504 40006 82231 333 10382 58008=",
"43301099999","2023-04-22T03:00:00","4","12.1333333","78.0333333","396.0","DHARMAPURI, IN","FM-12","99999","V020","070,1,N,0010,1","99999,9,9,N","010000,1,9,9","+0268,1","+0197,1","10068,1",,,,,,,,,"240,M,+0382,1","240,N,+0240,1","99999,9,09548,1","9,9,999,9,+002,1",,"SYN07443301 32997 00702 10268 20197 39548 40068 333 10382 20240 58002 555 10056=",
"43301099999","2023-04-22T12:00:00","4","12.1333333","78.0333333","396.0","DHARMAPURI, IN","FM-12","99999","V020","250,1,N,0010,1","99999,9,9,N","010000,1,9,9","+0346,1","+0195,1","10031,1",,,,"03,1,+00800,1,09,1","99,9,+99999,9,03,1","99,9,+99999,9,00,1","9,AGL   ,+99999,+99999","06,99,1,03,1,99,9,00800,1,99,9,99,9","240,M,+0374,1",,"99999,9,09526,1","9,9,999,9,+022,1",,"SYN06443301 32597 62502 10346 20195 39526 40031 83331 333 10374 58022=",
"43301099999","2023-04-23T03:00:00","4","12.1333333","78.0333333","396.0","DHARMAPURI, IN","FM-12","99999","V020","200,1,N,0015,1","99999,9,9,N","004000,1,9,9","+0278,1","+0212,1","10060,1",,,,"03,1,+00800,1,09,1","99,9,+99999,9,03,1","99,9,+99999,9,00,1","9,AGL   ,+99999,+99999","07,99,1,03,1,99,9,00800,1,99,9,99,9","240,M,+0374,1","240,N,+0250,1","99999,9,09542,1","9,9,999,9,-006,1",,"SYN07043301 32596 72003 10278 20212 39542 40060 83331 333 10374 20250 59006=",
"43301099999","2023-04-23T12:00:00","4","12.1333333","78.0333333","396.0","DHARMAPURI, IN","FM-12","99999","V020","200,1,N,0010,1","99999,9,9,N","010000,1,9,9","+0318,1","+0197,1","10026,1",,,,"03,1,+00800,1,09,1","99,9,+99999,9,03,1","99,9,+99999,9,00,1","9,AGL   ,+99999,+99999","06,99,1,03,1,99,9,00800,1,99,9,99,9","240,M,+0362,1",,"99999,9,09516,1","9,9,999,9,-010,1",,"SYN06443301 32597 62002 10318 20197 39516 40026 83331 333 10362 59010=",
"43301099999","2023-04-24T03:00:00","4","12.1333333","78.0333333","396.0","DHARMAPURI, IN","FM-12","99999","V020","999,9,C,0000,1","99999,9,9,N","010000,1,9,9","+0256,1","+0211,1","10088,1",,,,,,,,,"240,M,+0362,1","240,N,+0222,1","99999,9,09565,1","9,9,999,9,+023,1",,"SYN07443301 32997 00000 10256 20211 39565 40088 333 10362 20222 58023 555 10056=",
"43301099999","2023-04-24T12:00:00","4","12.1333333","78.0333333","396.0","DHARMAPURI, IN","FM-12","99999","V020","250,1,N,0021,1","99999,9,9,N","010000,1,9,9","+0296,1","+0219,1","10054,1","09,0020,3,1",,,"04,1,+00800,1,09,1","99,9,+99999,9,03,1",,"9,AGL   ,+99999,+99999","07,99,1,04,1,99,9,00800,1,99,9,99,9","240,M,+0352,1",,"99999,9,09539,1","9,9,999,9,+023,1",,"SYN07043301 22597 72504 10296 20219 39539 40054 84330 333 10352 58023 6002/=",
"43301099999","2023-04-25T03:00:00","4","12.1333333","78.0333333","396.0","DHARMAPURI, IN","FM-12","99999","V020","999,9,C,0000,1","22000,1,9,N","010000,1,9,9","+0268,1","+0224,1","10097,1","24,0020,3,1",,,"01,1,+00800,1,08,1","99,9,+99999,9,00,1",,"9,AGL   ,+99999,+99999","02,99,1,01,1,99,9,00800,1,99,9,99,9","240,M,+0352,1","240,N,+0235,1","99999,9,09575,1","9,9,999,9,+010,1",,"SYN09243301 22597 20000 10268 20224 39575 40097 81101 333 10352 20235 58010 6002/ 555 00020 10058=",
"43301099999","2023-04-25T12:00:00","4","12.1333333","78.0333333","396.0","DHARMAPURI, IN","FM-12","99999","V020","999,9,C,0000,1","99999,9,9,N","010000,1,9,9","+0318,1","+0197,1","10045,1",,,,"04,1,+00800,1,09,1","99,9,+99999,9,03,1",,"9,AGL   ,+99999,+99999","07,99,1,04,1,99,9,00800,1,99,9,99,9","240,M,+0350,1",,"99999,9,09534,1","9,9,999,9,-005,1",,"SYN06443301 32597 70000 10318 20197 39534 40045 84330 333 10350 59005=",
"43301099999","2023-04-26T03:00:00","4","12.1333333","78.0333333","396.0","DHARMAPURI, IN","FM-12","99999","V020","999,9,C,0000,1","99999,9,9,N","004000,1,9,9","+0266,1","+0231,1","10100,1",,,,"03,1,+00800,1,09,1","99,9,+99999,9,03,1","99,9,+99999,9,00,1","9,AGL   ,+99999,+99999","06,99,1,03,1,99,9,00800,1,99,9,99,9","240,M,+0350,1","240,N,+0245,1","99999,9,09578,1","9,9,999,9,+003,1",,"SYN08043301 32596 60000 10266 20231 39578 40100 83331 333 10350 20245 58003 555 10058=",
"43301099999","2023-04-27T03:00:00","4","12.1333333","78.0333333","396.0","DHARMAPURI, IN","FM-12","99999","V020","999,9,C,0000,1","99999,9,9,N","010000,1,9,9","+0272,1","+0218,1","10088,1",,,,"03,1,+00800,1,09,1","99,9,+99999,9,03,1","99,9,+99999,9,00,1","9,AGL   ,+99999,+99999","06,99,1,03,1,99,9,00800,1,99,9,99,9","240,M,+0360,1","240,N,+0245,1","99999,9,09569,1","9,9,999,9,-009,1",,"SYN08043301 32597 60000 10272 20218 39569 40088 83331 333 10360 20245 59009 555 10058=",
"43301099999","2023-04-27T12:00:00","4","12.1333333","78.0333333","396.0","DHARMAPURI, IN","FM-12","99999","V020","070,1,N,0021,1","99999,9,9,N","010000,1,9,9","+0344,1","+0177,1","10042,1",,,,"03,1,+00800,1,08,1","99,9,+99999,9,03,1","99,9,+99999,9,00,1","9,AGL   ,+99999,+99999","07,99,1,03,1,99,9,00800,1,99,9,99,9","240,M,+0362,1",,"99999,9,09536,1","9,9,999,9,+009,1",,"SYN06443301 32597 70704 10344 20177 39536 40042 83231 333 10362 58009=",
"43301099999","2023-04-28T12:00:00","4","12.1333333","78.0333333","396.0","DHARMAPURI, IN","FM-12","99999","V020","110,1,N,0010,1","22000,1,9,N","010000,1,9,9","+0348,1","+0194,1","10033,1",,,,"02,1,+00800,1,08,1","99,9,+99999,9,03,1","99,9,+99999,9,00,1","9,AGL   ,+99999,+99999","04,99,1,02,1,99,9,00800,1,99,9,99,9","240,M,+0362,1",,"99999,9,09528,1","9,9,999,9,-008,1",,"SYN06443301 32597 41102 10348 20194 39528 40033 82231 333 10362 59008=",
"43301099999","2023-04-29T03:00:00","4","12.1333333","78.0333333","396.0","DHARMAPURI, IN","FM-12","99999","V020","999,9,C,0000,1","99999,9,9,N","010000,1,9,9","+0276,1","+0220,1","10095,1",,,,"03,1,+00800,1,08,1","99,9,+99999,9,03,1","99,9,+99999,9,00,1","9,AGL   ,+99999,+99999","06,99,1,03,1,99,9,00800,1,99,9,99,9","240,M,+0362,1","240,N,+0242,1","99999,9,09575,1","9,9,999,9,-009,1",,"SYN08043301 32597 60000 10276 20220 39575 40095 83231 333 10362 20242 59009 555 10058=",
"43301099999","2023-04-29T12:00:00","4","12.1333333","78.0333333","396.0","DHARMAPURI, IN","FM-12","99999","V020","070,1,N,0010,1","99999,9,9,N","010000,1,9,9","+0286,1","+0224,1","10048,1","09,0000,9,1",,,"03,1,+00800,1,09,1","99,9,+99999,9,03,1","99,9,+99999,9,00,1","9,AGL   ,+99999,+99999","06,99,1,03,1,99,9,00800,1,99,9,99,9","240,M,+0352,1",,"99999,9,09531,1","9,9,999,9,+003,1",,"SYN07043301 22597 60702 10286 20224 39531 40048 83331 333 10352 58003 6990/=","Q01  00002PRCP09"
"43301099999","2023-04-30T03:00:00","4","12.1333333","78.0333333","396.0","DHARMAPURI, IN","FM-12","99999","V020","999,9,C,0000,1","22000,1,9,N","010000,1,9,9","+0258,1","+0222,1","10078,1","24,0000,9,1",,,"02,1,+00800,1,08,1","99,9,+99999,9,03,1","99,9,+99999,9,00,1","9,AGL   ,+99999,+99999","04,99,1,02,1,99,9,00800,1,99,9,99,9","240,M,+0352,1","240,N,+0246,1","99999,9,09555,1","9,9,999,9,-020,1",,"SYN08643301 22597 40000 10258 20222 39555 40078 82131 333 10352 20246 59020 6990/ 555 10058=","Q01  00002PRCP24"
"43301099999","2023-04-30T12:00:00","4","12.1333333","78.0333333","396.0","DHARMAPURI, IN","FM-12","99999","V020","999,9,C,0000,1","99999,9,9,N","010000,1,9,9","+0246,1","+0231,1","10043,1","09,0280,3,1",,,"04,1,+00800,1,09,1","99,9,+99999,9,03,1",,"9,AGL   ,+99999,+99999","07,99,1,04,1,99,9,00800,1,99,9,99,9","240,M,+0345,1",,"99999,9,09521,1","9,9,999,9,-010,1",,"SYN07043301 21597 70000 10246 20231 39521 40043 84330 333 10345 59010 6028/=",
"43301099999","2023-05-01T03:00:00","4","12.1333333","78.0333333","396.0","DHARMAPURI, IN","FM-12","99999","V020","999,9,C,0000,1","99999,9,9,N","010000,1,9,9","+0248,1","+0218,1","10081,1","24,0280,3,1",,,"02,1,+00800,1,08,1","99,9,+99999,9,03,1","99,9,+99999,9,00,1","9,AGL   ,+99999,+99999","05,99,1,02,1,99,9,00800,1,99,9,99,9","240,M,+0345,1","240,N,+0225,1","99999,9,09556,1","9,9,999,9,+001,1",,"SYN09243301 22597 50000 10248 20218 39556 40081 82231 333 10345 20225 58001 6028/ 555 00280 10086=",
"43301099999","2023-05-01T12:00:00","4","12.1333333","78.0333333","396.0","DHARMAPURI, IN","FM-12","99999","V020","070,1,N,0015,1","99999,9,9,N","010000,1,9,9","+0292,1","+0211,1","10034,1","09,0000,9,1",,,"05,1,+00800,1,09,1","99,9,+99999,9,03,1",,"9,AGL   ,+99999,+99999","08,99,1,05,1,99,9,00800,1,99,9,99,9","240,M,+0337,1",,"99999,9,09520,1","9,9,999,9,-001,1",,"SYN07043301 21597 80703 10292 20211 39520 40034 8537/ 333 10337 59001 6990/=","Q01  00002PRCP09"
"43301099999","2023-05-02T03:00:00","4","12.1333333","78.0333333","396.0","DHARMAPURI, IN","FM-12","99999","V020","999,9,C,0000,1","99999,9,9,N","004000,1,9,9","+0238,1","+0214,1","10094,1","24,0040,3,1",,,"05,1,+00800,1,09,1","99,9,+99999,9,03,1",,"9,AGL   ,+99999,+99999","08,99,1,05,1,99,9,00800,1,99,9,99,9","240,M,+0337,1","240,N,+0220,1","99999,9,09568,1","9,9,999,9,+012,1",,"SYN09243301 22596 80000 10238 20214 39568 40094 8537/ 333 10337 20220 58012 6004/ 555 00040 10090=",
"43301099999","2023-05-02T12:00:00","4","12.1333333","78.0333333","396.0","DHARMAPURI, IN","FM-12","99999","V020","070,1,N,0010,1","99999,9,9,N","010000,1,9,9","+0306,1","+0227,1","10034,1",,,,"03,1,+00800,1,08,1","99,9,+99999,9,03,1",,"9,AGL   ,+99999,+99999","05,99,1,03,1,99,9,00800,1,99,9,99,9","240,M,+0322,1",,"99999,9,09522,1","9,9,999,9,+002,1",,"SYN06443301 32597 50702 10306 20227 39522 40034 83230 333 10322 58002=",
"43301099999","2023-05-03T03:00:00","4","12.1333333","78.0333333","396.0","DHARMAPURI, IN","FM-12","99999","V020","999,9,C,0000,1","99999,9,9,N","004000,1,9,9","+0256,1","+0226,1","10096,1","24,0000,9,1",,,"04,1,+00800,1,09,1","99,9,+99999,9,03,1",,"9,AGL   ,+99999,+99999","07,99,1,04,1,99,9,00800,1,99,9,99,9","240,M,+0322,1","240,N,+0237,1","99999,9,09572,1","9,9,999,9,+004,1",,"SYN08643301 22596 70000 10256 20226 39572 40096 84330 333 10322 20237 58004 6990/ 555 10090=","Q01  00002PRCP24"
"43301099999","2023-05-03T12:00:00","4","12.1333333","78.0333333","396.0","DHARMAPURI, IN","FM-12","99999","V020","070,1,N,0010,1","99999,9,9,N","010000,1,9,9","+0306,1","+0221,1","10040,1",,,,"03,1,+00800,1,09,1","99,9,+99999,9,03,1","99,9,+99999,9,00,1","9,AGL   ,+99999,+99999","06,99,1,03,1,99,9,00800,1,99,9,99,9","240,M,+0332,1",,"99999,9,09528,1","9,9,999,9,+006,1",,"SYN06443301 32597 60702 10306 20221 39528 40040 83331 333 10332 58006=",
"43301099999","2023-05-04T03:00:00","4","12.1333333","78.0333333","396.0","DHARMAPURI, IN","FM-12","99999","V020","999,9,C,0000,1","99999,9,9,N","004000,1,9,9","+0252,1","+0210,1","10090,1","24,0000,9,1",,,"02,1,+00800,1,08,1","99,9,+99999,9,03,1","99,9,+99999,9,00,1","9,AGL   ,+99999,+99999","06,99,1,02,1,99,9,00800,1,99,9,99,9","240,M,+0332,1","240,N,+0220,1","99999,9,09567,1","9,9,999,9,-005,1",,"SYN08643301 22596 60000 10252 20210 39567 40090 82231 333 10332 20220 59005 6990/ 555 10090=","Q01  00002PRCP24"
"43301099999","2023-05-04T12:00:00","4","12.1333333","78.0333333","396.0","DHARMAPURI, IN","FM-12","99999","V020","180,1,N,0010,1","99999,9,9,N","010000,1,9,9","+0266,1","+0218,1","10048,1","09,0000,9,1",,,"05,1,+00800,1,09,1","99,9,+99999,9,03,1",,"9,AGL   ,+99999,+99999","08,99,1,05,1,99,9,00800,1,99,9,99,9","240,M,+0340,1",,"99999,9,09529,1","9,9,999,9,+001,1",,"SYN07043301 22597 81802 10266 20218 39529 40048 8537/ 333 10340 58001 6990/=","Q01  00002PRCP09"
"43301099999","2023-05-05T03:00:00","4","12.1333333","78.0333333","396.0","DHARMAPURI, IN","FM-12","99999","V020","200,1,N,0015,1","99999,9,9,N","004000,1,9,9","+0258,1","+0229,1","10084,1","24,0020,3,1",,,"02,1,+00800,1,08,1","99,9,+99999,9,03,1","99,9,+99999,9,00,1","9,AGL   ,+99999,+99999","05,99,1,02,1,99,9,00800,1,99,9,99,9","240,M,+0340,1","240,N,+0227,1","99999,9,09561,1","9,9,999,9,-006,1",,"SYN09243301 22596 52003 10258 20229 39561 40084 82131 333 10340 20227 59006 6002/ 555 00020 10092=",
"43301099999","2023-05-06T03:00:00","4","12.1333333","78.0333333","396.0","DHARMAPURI, IN","FM-12","99999","V020","250,1,N,0015,1","99999,9,9,N","010000,1,9,9","+0264,1","+0222,1","10075,1","24,0130,3,1",,,"02,1,+00800,1,08,1","99,9,+99999,9,03,1","99,9,+99999,9,00,1","9,AGL   ,+99999,+99999","05,99,1,02,1,99,9,00800,1,99,9,99,9","240,M,+0330,1","240,N,+0220,1","99999,9,09554,1","9,9,999,9,-007,1",,"SYN09243301 22597 52503 10264 20222 39554 40075 82231 333 10330 20220 59007 6013/ 555 00130 10105=",
"43301099999","2023-05-06T12:00:00","4","12.1333333","78.0333333","396.0","DHARMAPURI, IN","FM-12","99999","V020","250,1,N,0015,1","99999,9,9,N","010000,1,9,9","+0248,1","+0233,1","10059,1","09,0110,3,1",,,"05,1,+00800,1,06,1","99,9,+99999,9,03,1",,"9,AGL   ,+99999,+99999","08,99,1,05,1,99,9,00800,1,99,9,99,9","240,M,+0320,1",,"99999,9,09535,1","9,9,999,9,+001,1",,"SYN07043301 22597 82503 10248 20233 39535 40059 8547/ 333 10320 58001 6011/=",
"43301099999","2023-05-08T12:00:00","4","12.1333333","78.0333333","396.0","DHARMAPURI, IN","FM-12","99999","V020","290,1,N,0010,1","99999,9,9,N","010000,1,9,9","+0308,1","+0233,1","10025,1","09,0000,9,1",,,"04,1,+00800,1,09,1","99,9,+99999,9,03,1",,"9,AGL   ,+99999,+99999","07,99,1,04,1,99,9,00800,1,99,9,99,9","240,M,+0327,1",,"99999,9,09513,1","9,9,999,9,-019,1",,"SYN07043301 21597 72902 10308 20233 39513 40025 84330 333 10327 59019 6990/=","Q01  00002PRCP09"
"43301099999","2023-05-09T03:00:00","4","12.1333333","78.0333333","396.0","DHARMAPURI, IN","FM-12","99999","V020","999,9,C,0000,1","22000,1,9,N","010000,1,9,9","+0242,1","+0227,1","10070,1","24,0180,3,1",,,"01,1,+00800,1,08,1","99,9,+99999,9,00,1",,"9,AGL   ,+99999,+99999","02,99,1,01,1,99,9,00800,1,99,9,99,9","240,M,+0327,1","240,N,+0217,1","99999,9,09546,1","9,9,999,9,-005,1",,"SYN09243301 22597 20000 10242 20227 39546 40070 81101 333 10327 20217 59005 6018/ 555 00180 10161=",
"43301099999","2023-05-09T12:00:00","4","12.1333333","78.0333333","396.0","DHARMAPURI, IN","FM-12","99999","V020","999,9,C,0000,1","99999,9,9,N","010000,1,9,9","+0334,1","+0240,1","10019,1",,,,"03,1,+00800,1,08,1","99,9,+99999,9,03,1","99,9,+99999,9,00,1","9,AGL   ,+99999,+99999","06,99,1,03,1,99,9,00800,1,99,9,99,9","240,M,+0342,1",,"99999,9,09512,1","9,9,999,9,-001,1",,"SYN06443301 32597 60000 10334 20240 39512 40019 83231 333 10342 59001=",
"43301099999","2023-05-10T03:00:00","4","12.1333333","78.0333333","396.0","DHARMAPURI, IN","FM-12","99999","V020","999,9,C,0000,1","22000,1,9,N","010000,1,9,9","+0258,1","+0238,1","10066,1","24,0000,9,1",,,"02,1,+00800,1,08,1","99,9,+99999,9,00,1",,"9,AGL   ,+99999,+99999","03,99,1,02,1,99,9,00800,1,99,9,99,9","240,M,+0342,1","240,N,+0226,1","99999,9,09544,1","9,9,999,9,-002,1",,"SYN08643301 22597 30000 10258 20238 39544 40066 82101 333 10342 20226 59002 6990/ 555 10161=","Q01  00002PRCP24"
"43301099999","2023-05-11T03:00:00","4","12.1333333","78.0333333","396.0","DHARMAPURI, IN","FM-12","99999","V020","250,1,N,0010,1","99999,9,9,N","010000,1,9,9","+0266,1","+0231,1","10073,1",,,,"03,1,+00800,1,08,1","99,9,+99999,9,03,1","99,9,+99999,9,00,1","9,AGL   ,+99999,+99999","06,99,1,03,1,99,9,00800,1,99,9,99,9","240,M,+0340,1","240,N,+0235,1","99999,9,09552,1","9,9,999,9,+008,1",,"SYN08043301 32597 62502 10266 20231 39552 40073 83231 333 10340 20235 58008 555 10161=",
"43301099999","2023-05-12T03:00:00","4","12.1333333","78.0333333","396.0","DHARMAPURI, IN","FM-12","99999","V020","250,1,N,0015,1","99999,9,9,N","004000,1,9,9","+0268,1","+0214,1","10082,1",,,,"03,1,+00800,1,09,1","99,9,+99999,9,03,1","99,9,+99999,9,00,1","9,AGL   ,+99999,+99999","06,99,1,03,1,99,9,00800,1,99,9,99,9","240,M,+0362,1","240,N,+0240,1","99999,9,09561,1","9,9,999,9,+009,1",,"SYN08043301 32596 62503 10268 20214 39561 40082 83331 333 10362 20240 58009 555 10161=",
"43301099999","2023-05-12T12:00:00","4","12.1333333","78.0333333","396.0","DHARMAPURI, IN","FM-12","99999","V020","250,1,N,0021,1","99999,9,9,N","010000,1,9,9","+0328,1","+0226,1","10037,1",,,,"03,1,+00800,1,08,1","99,9,+99999,9,03,1","99,9,+99999,9,00,1","9,AGL   ,+99999,+99999","06,99,1,03,1,99,9,00800,1,99,9,99,9","240,M,+0347,1",,"99999,9,09529,1","9,9,999,9,+013,1",,"SYN06443301 32597 62504 10328 20226 39529 40037 83231 333 10347 58013=",
"43301099999","2023-05-13T03:00:00","4","12.1333333","78.0333333","396.0","DHARMAPURI, IN","FM-12","99999","V020","200,1,N,0015,1","99999,9,9,N","004000,1,9,9","+0268,1","+0233,1","10092,1",,,,"03,1,+00800,1,09,1","99,9,+99999,9,03,1","99,9,+99999,9,00,1","9,AGL   ,+99999,+99999","06,99,1,03,1,99,9,00800,1,99,9,99,9","240,M,+0347,1","240,N,+0247,1","99999,9,09570,1","9,9,999,9,+009,1",,"SYN08043301 32596 62003 10268 20233 39570 40092 83331 333 10347 20247 58009 555 10161=",
"43301099999","2023-05-13T12:00:00","4","12.1333333","78.0333333","396.0","DHARMAPURI, IN","FM-12","99999","V020","250,1,N,0015,1","99999,9,9,N","010000,1,9,9","+0336,1","+0222,1","10045,1",,,,"03,1,+00800,1,08,1","99,9,+99999,9,03,1","99,9,+99999,9,00,1","9,AGL   ,+99999,+99999","06,99,1,03,1,99,9,00800,1,99,9,99,9","240,M,+0350,1",,"99999,9,09537,1","9,9,999,9,+008,1",,"SYN06443301 32597 62503 10336 20222 39537 40045 83231 333 10350 58008=",
"43301099999","2023-05-14T03:00:00","4","12.1333333","78.0333333","396.0","DHARMAPURI, IN","FM-12","99999","V020","250,1,N,0010,1","22000,1,9,N","010000,1,9,9","+0278,1","+0225,1","10085,1",,,,"01,1,+00800,1,08,1","99,9,+99999,9,00,1",,"9,AGL   ,+99999,+99999","02,99,1,01,1,99,9,00800,1,99,9,99,9","240,M,+0350,1","240,N,+0242,1","99999,9,09566,1","9,9,999,9,-004,1",,"SYN08043301 32597 22502 10278 20225 39566 40085 81101 333 10350 20242 59004 555 10161=",
"43301099999","2023-05-14T12:00:00","4","12.1333333","78.0333333","396.0","DHARMAPURI, IN","FM-12","99999","V020","250,1,N,0010,1","22000,1,9,N","010000,1,9,9","+0354,1","+0213,1","10020,1",,,,"01,1,+00800,1,08,1","99,9,+99999,9,00,1",,"9,AGL   ,+99999,+99999","02,99,1,01,1,99,9,00800,1,99,9,99,9","240,M,+0362,1",,"99999,9,09517,1","9,9,999,9,-020,1",,"SYN06443301 32597 22502 10354 20213 39517 40020 81101 333 10362 59020=",
"43301099999","2023-05-15T03:00:00","4","12.1333333","78.0333333","396.0","DHARMAPURI, IN","FM-12","99999","V020","250,1,N,0021,1","22000,1,9,N","010000,1,9,9","+0284,1","+0222,1","10083,1",,,,"01,1,+00800,1,08,1","99,9,+99999,9,00,1",,"9,AGL   ,+99999,+99999","02,99,1,01,1,99,9,00800,1,99,9,99,9","240,M,+0362,1","240,N,+0250,1","99999,9,09565,1","9,9,999,9,-001,1",,"SYN08043301 32597 22504 10284 20222 39565 40083 81101 333 10362 20250 59001 555 10161=",
"43301099999","2023-05-16T12:00:00","4","12.1333333","78.0333333","396.0","DHARMAPURI, IN","FM-12","99999","V020","999,9,C,0000,1","22000,1,9,N","010000,1,9,9","+0362,1","+0198,1","10039,1",,,,"02,1,+00800,1,08,1","99,9,+99999,9,03,1","99,9,+99999,9,00,1","9,AGL   ,+99999,+99999","03,99,1,02,1,99,9,00800,1,99,9,99,9","240,M,+0380,1",,"99999,9,09536,1","9,9,999,9,+008,1",,"SYN06443301 32597 30000 10362 20198 39536 40039 82131 333 10380 58008=",
"43301099999","2023-05-17T03:00:00","4","12.1333333","78.0333333","396.0","DHARMAPURI, IN","FM-12","99999","V020","200,1,N,0010,1","99999,9,9,N","004000,1,9,9","+0282,1","+0232,1","10093,1",,,,"04,1,+00800,1,09,1","99,9,+99999,9,03,1",,"9,AGL   ,+99999,+99999","07,99,1,04,1,99,9,00800,1,99,9,99,9","240,M,+0380,1","240,N,+0256,1","99999,9,09574,1","9,9,999,9,-001,1",,"SYN08043301 32596 72002 10282 20232 39574 40093 84330 333 10380 20256 59001 555 10161=",
"43301099999","2023-05-17T12:00:00","4","12.1333333","78.0333333","396.0","DHARMAPURI, IN","FM-12","99999","V020","070,1,N,0015,1","22000,1,9,N","010000,1,9,9","+0368,1","+0198,1","10040,1",,,,"02,1,+00800,1,08,1","99,9,+99999,9,03,1",,"9,AGL   ,+99999,+99999","04,99,1,02,1,99,9,00800,1,99,9,99,9","240,M,+0377,1",,"99999,9,09537,1","9,9,999,9,+001,1",,"SYN06443301 32597 40703 10368 20198 39537 40040 82230 333 10377 58001=",
"43301099999","2023-05-18T03:00:00","4","12.1333333","78.0333333","396.0","DHARMAPURI, IN","FM-12","99999","V020","200,1,N,0010,1","99999,9,9,N","010000,1,9,9","+0282,1","+0232,1","10118,1",,,,"02,1,+00800,1,08,1","99,9,+99999,9,03,1","99,9,+99999,9,00,1","9,AGL   ,+99999,+99999","05,99,1,02,1,99,9,00800,1,99,9,99,9","240,M,+0377,1","240,N,+0255,1","99999,9,09598,1","9,9,999,9,+024,1",,"SYN08043301 32597 52002 10282 20232 39598 40118 82231 333 10377 20255 58024 555 10161=",
"43301099999","2023-05-19T03:00:00","4","12.1333333","78.0333333","396.0","DHARMAPURI, IN","FM-12","99999","V020","200,1,N,0015,1","99999,9,9,N","010000,1,9,9","+0278,1","+0228,1","10099,1",,,,,,,,,"240,M,+0376,1","240,N,+0246,1","99999,9,09579,1","9,9,999,9,-019,1",,"SYN06443301 32997 02003 10278 20228 39579 40099 333 10376 20246 59019=",
"43301099999","2023-05-19T12:00:00","4","12.1333333","78.0333333","396.0","DHARMAPURI, IN","FM-12","99999","V020","200,1,N,0015,1","22000,1,9,N","010000,1,9,9","+0358,1","+0204,1","10039,1",,,,"01,1,+00800,1,08,1","99,9,+99999,9,00,1",,"9,AGL   ,+99999,+99999","02,99,1,01,1,99,9,00800,1,99,9,99,9","240,M,+0370,1",,"99999,9,09535,1","9,9,999,9,-012,1",,"SYN06443301 32597 22003 10358 20204 39535 40039 81101 333 10370 59012=",
"43301099999","2023-05-20T03:00:00","4","12.1333333","78.0333333","396.0","DHARMAPURI, IN","FM-12","99999","V020","200,1,N,0010,1","22000,1,9,N","010000,1,9,9","+0274,1","+0230,1","10084,1","24,0000,9,1",,,"01,1,+00800,1,08,1","99,9,+99999,9,00,1",,"9,AGL   ,+99999,+99999","02,99,1,01,1,99,9,00800,1,99,9,99,9","240,M,+0370,1","240,N,+0256,1","99999,9,09565,1","9,9,999,9,-014,1",,"SYN08643301 22597 22002 10274 20230 39565 40084 81101 333 10370 20256 59014 6990/ 555 10161=","Q01  00002PRCP24"
"43301099999","2023-05-20T12:00:00","4","12.1333333","78.0333333","396.0","DHARMAPURI, IN","FM-12","99999","V020","999,9,C,0000,1","99999,9,9,N","010000,1,9,9","+0362,1","+0198,1","10030,1",,,,"04,1,+00800,1,09,1","99,9,+99999,9,03,1",,"9,AGL   ,+99999,+99999","06,99,1,04,1,99,9,00800,1,99,9,99,9","240,M,+0371,1",,"99999,9,09528,1","9,9,999,9,-007,1",,"SYN06443301 32597 60000 10362 20198 39528 40030 84330 333 10371 59007=",
"43301099999","2023-05-21T03:00:00","4","12.1333333","78.0333333","396.0","DHARMAPURI, IN","FM-12","99999","V020","200,1,N,0010,1","22000,1,9,N","010000,1,9,9","+0264,1","+0219,1","10096,1","24,0120,3,1",,,"01,1,+00800,1,08,1","99,9,+99999,9,03,1","99,9,+99999,9,00,1","9,AGL   ,+99999,+99999","03,99,1,01,1,99,9,00800,1,99,9,99,9","240,M,+0371,1","240,N,+0232,1","99999,9,09574,1","9,9,999,9,+009,1",,"SYN09243301 22597 32002 10264 20219 39574 40096 81131 333 10371 20232 58009 6012/ 555 00120 10173=",
"43301099999","2023-05-21T12:00:00","4","12.1333333","78.0333333","396.0","DHARMAPURI, IN","FM-12","99999","V020","290,1,N,0010,1","99999,9,9,N","010000,1,9,9","+0346,1","+0224,1","10043,1",,,,"03,1,+00800,1,08,1","99,9,+99999,9,03,1",,"9,AGL   ,+99999,+99999","05,99,1,03,1,99,9,00800,1,99,9,99,9","240,M,+0355,1",,"99999,9,09537,1","9,9,999,9,+009,1",,"SYN06443301 32597 52902 10346 20224 39537 40043 83230 333 10355 58009=",
"43301099999","2023-05-22T03:00:00","4","12.1333333","78.0333333","396.0","DHARMAPURI, IN","FM-12","99999","V020","160,1,N,0010,1","99999,9,9,N","010000,1,9,9","+0248,1","+0218,1","10101,1","24,0270,3,1",,,"03,1,+00800,1,08,1","99,9,+99999,9,03,1","99,9,+99999,9,00,1","9,AGL   ,+99999,+99999","06,99,1,03,1,99,9,00800,1,99,9,99,9","240,M,+0355,1","240,N,+0222,1","99999,9,09575,1","9,9,999,9,+001,1",,"SYN09243301 22597 61602 10248 20218 39575 40101 83231 333 10355 20222 58001 6027/ 555 00270 10200=",
"43301099999","2023-05-22T12:00:00","4","12.1333333","78.0333333","396.0","DHARMAPURI, IN","FM-12","99999","V020","180,1,N,0010,1","99999,9,9,N","010000,1,9,9","+0304,1","+0228,1","10062,1",,,,"04,1,+00800,1,09,1","99,9,+99999,9,03,1",,"9,AGL   ,+99999,+99999","07,99,1,04,1,99,9,00800,1,99,9,99,9","240,M,+0350,1",,"99999,9,09549,1","9,9,999,9,+012,1",,"SYN06443301 32597 71802 10304 20228 39549 40062 84330 333 10350 58012=",
"43301099999","2023-05-23T03:00:00","4","12.1333333","78.0333333","396.0","DHARMAPURI, IN","FM-12","99999","V020","999,9,C,0000,1","22000,1,9,N","010000,1,9,9","+0272,1","+0218,1","10112,1",,,,"01,1,+00800,1,08,1","99,9,+99999,9,03,1","99,9,+99999,9,00,1","9,AGL   ,+99999,+99999","03,99,1,01,1,99,9,00800,1,99,9,99,9","240,M,+0350,1","240,N,+0245,1","99999,9,09591,1","9,9,999,9,+016,1",,"SYN08043301 32597 30000 10272 20218 39591 40112 81131 333 10350 20245 58016 555 10200=",
"43301099999","2023-05-23T12:00:00","4","12.1333333","78.0333333","396.0","DHARMAPURI, IN","FM-12","99999","V020","200,1,N,0041,1","99999,9,9,N","010000,1,9,9","+0352,1","+0207,1","10045,1",,,,"03,1,+00800,1,08,1","99,9,+99999,9,03,1",,"9,AGL   ,+99999,+99999","05,99,1,03,1,99,9,00800,1,99,9,99,9","240,M,+0362,1",,"99999,9,09541,1","9,9,999,9,-008,1",,"SYN06443301 32597 52008 10352 20207 39541 40045 83230 333 10362 59008=",
"43301099999","2023-05-24T03:00:00","4","12.1333333","78.0333333","396.0","DHARMAPURI, IN","FM-12","99999","V020","250,1,N,0010,1","99999,9,9,N","010000,1,9,9","+0274,1","+0221,1","10105,1","24,0000,9,1",,,,,,,,"240,M,+0362,1","240,N,+0252,1","99999,9,09585,1","9,9,999,9,-006,1",,"SYN08043301 22997 02502 10274 20221 39585 40105 333 10362 20252 59006 6990/ 555 10200=","Q01  00002PRCP24"
"43301099999","2023-05-24T12:00:00","4","12.1333333","78.0333333","396.0","DHARMAPURI, IN","FM-12","99999","V020","290,1,N,0021,1","99999,9,9,N","010000,1,9,9","+0328,1","+0209,1","10057,1","09,0000,9,1",,,"05,1,+00800,1,09,1","99,9,+99999,9,03,1",,"9,AGL   ,+99999,+99999","08,99,1,05,1,99,9,00800,1,99,9,99,9","240,M,+0362,1",,"99999,9,09547,1","9,9,999,9,+006,1",,"SYN07043301 22597 82904 10328 20209 39547 40057 8537/ 333 10362 58006 6990/=","Q01  00002PRCP09"
"43301099999","2023-05-25T03:00:00","4","12.1333333","78.0333333","396.0","DHARMAPURI, IN","FM-12","99999","V020","999,9,C,0000,1","99999,9,9,N","010000,1,9,9","+0268,1","+0217,1","10110,1","24,0000,9,1",,,"02,1,+00800,1,08,1","99,9,+99999,9,03,1","99,9,+99999,9,00,1","9,AGL   ,+99999,+99999","05,99,1,02,1,99,9,00800,1,99,9,99,9","240,M,+0362,1","240,N,+0252,1","99999,9,09588,1","9,9,999,9,+003,1",,"SYN08643301 22597 50000 10268 20217 39588 40110 82231 333 10362 20252 58003 6990/ 555 10173=","Q01  00002PRCP24"
"43301099999","2023-05-25T12:00:00","4","12.1333333","78.0333333","396.0","DHARMAPURI, IN","FM-12","99999","V020","290,1,N,0010,1","99999,9,9,N","010000,1,9,9","+0348,1","+0209,1","10054,1",,,,"03,1,+00800,1,08,1","99,9,+99999,9,03,1",,"9,AGL   ,+99999,+99999","05,99,1,03,1,99,9,00800,1,99,9,99,9","240,M,+0362,1",,"99999,9,09548,1","9,9,999,9,+001,1",,"SYN06443301 32597 52902 10348 20209 39548 40054 83230 333 10362 58001=",
"43301099999","2023-05-26T03:00:00","4","12.1333333","78.0333333","396.0","DHARMAPURI, IN","FM-12","99999","V020","250,1,N,0015,1","22000,1,9,N","010000,1,9,9","+0284,1","+0215,1","10118,1",,,,"01,1,+00800,1,08,1","99,9,+99999,9,00,1",,"9,AGL   ,+99999,+99999","02,99,1,01,1,99,9,00800,1,99,9,99,9","240,M,+0362,1","240,N,+0250,1","99999,9,09598,1","9,9,999,9,+010,1",,"SYN08043301 32597 22503 10284 20215 39598 40118 81101 333 10362 20250 58010 555 10173=",
"43301099999","2023-05-26T12:00:00","4","12.1333333","78.0333333","396.0","DHARMAPURI, IN","FM-12","99999","V020","250,1,N,0021,1","99999,9,9,N","010000,1,9,9","+0272,1","+0231,1","10083,1","09,0010,3,1",,,"05,1,+00800,1,06,1","99,9,+99999,9,03,1",,"9,AGL   ,+99999,+99999","08,99,1,05,1,99,9,00800,1,99,9,99,9","240,M,+0360,1",,"99999,9,09564,1","9,9,999,9,+016,1",,"SYN07043301 21597 82504 10272 20231 39564 40083 8547/ 333 10360 58016 6001/=",
"43301099999","2023-05-28T12:00:00","4","12.1333333","78.0333333","396.0","DHARMAPURI, IN","FM-12","99999","V020","290,1,N,0010,1","99999,9,9,N","010000,1,9,9","+0338,1","+0235,1","10038,1",,,,"04,1,+00800,1,09,1","99,9,+99999,9,03,1",,"9,AGL   ,+99999,+99999","07,99,1,04,1,99,9,00800,1,99,9,99,9","240,M,+0362,1",,"99999,9,09530,1","9,9,999,9,-007,1",,"SYN06443301 32597 72902 10338 20235 39530 40038 84330 333 10362 59007=",
"43301099999","2023-05-29T03:00:00","4","12.1333333","78.0333333","396.0","DHARMAPURI, IN","FM-12","99999","V020","999,9,C,0000,1","22000,1,9,N","010000,1,9,9","+0266,1","+0221,1","10082,1",,,,"01,1,+00800,1,08,1","99,9,+99999,9,03,1","99,9,+99999,9,00,1","9,AGL   ,+99999,+99999","03,99,1,01,1,99,9,00800,1,99,9,99,9","240,M,+0362,1","240,N,+0250,1","99999,9,09561,1","9,9,999,9,-005,1",,"SYN08043301 32597 30000 10266 20221 39561 40082 81131 333 10362 20250 59005 555 10189=",
"43301099999","2023-05-30T12:00:00","4","12.1333333","78.0333333","396.0","DHARMAPURI, IN","FM-12","99999","V020","110,1,N,0010,1","99999,9,9,N","010000,1,9,9","+0306,1","+0200,1","10054,1",,,,"03,1,+00800,1,08,1","99,9,+99999,9,03,1","99,9,+99999,9,00,1","9,AGL   ,+99999,+99999","06,99,1,03,1,99,9,00800,1,99,9,99,9","240,M,+0365,1",,"99999,9,09541,1","9,9,999,9,+015,1",,"SYN06443301 32597 61102 10306 20200 39541 40054 83231 333 10365 58015=",
"43301099999","2023-06-01T03:00:00","4","12.1333333","78.0333333","396.0","DHARMAPURI, IN","FM-12","99999","V020","250,1,N,0010,1","22000,1,9,N","010000,1,9,9","+0274,1","+0214,1","10084,1",,,,"02,1,+00800,1,08,1","99,9,+99999,9,03,1","99,9,+99999,9,00,1","9,AGL   ,+99999,+99999","04,99,1,02,1,99,9,00800,1,99,9,99,9","240,M,+0360,1","240,N,+0250,1","99999,9,09565,1","9,9,999,9,-005,1",,"SYN08043301 32597 42502 10274 20214 39565 40084 82231 333 10360 20250 59005 555 10000=",
"43301099999","2023-06-02T03:00:00","4","12.1333333","78.0333333","396.0","DHARMAPURI, IN","FM-12","99999","V020","999,9,C,0000,1","99999,9,9,N","010000,1,9,9","+0278,1","+0219,1","10083,1",,,,"05,1,+00800,1,09,1","99,9,+99999,9,03,1",,"9,AGL   ,+99999,+99999","08,99,1,05,1,99,9,00800,1,99,9,99,9","240,M,+0367,1","240,N,+0265,1","99999,9,09564,1","9,9,999,9,-001,1",,"SYN08043301 32597 80000 10278 20219 39564 40083 8537/ 333 10367 20265 59001 555 10000=",
"43301099999","2023-06-02T12:00:00","4","12.1333333","78.0333333","396.0","DHARMAPURI, IN","FM-12","99999","V020","250,1,N,0010,1","99999,9,9,N","010000,1,9,9","+0354,1","+0220,1","10030,1",,,,"02,1,+00800,1,08,1","99,9,+99999,9,03,1","99,9,+99999,9,00,1","9,AGL   ,+99999,+99999","05,99,1,02,1,99,9,00800,1,99,9,99,9","240,M,+0365,1",,"99999,9,09527,1","9,9,999,9,-001,1",,"SYN06443301 32597 52502 10354 20220 39527 40030 82231 333 10365 59001=",
"43301099999","2023-06-03T03:00:00","4","12.1333333","78.0333333","396.0","DHARMAPURI, IN","FM-12","99999","V020","250,1,N,0010,1","99999,9,9,N","010000,1,9,9","+0284,1","+0225,1","10083,1",,,,"02,1,+00800,1,08,1","99,9,+99999,9,03,1","99,9,+99999,9,00,1","9,AGL   ,+99999,+99999","05,99,1,02,1,99,9,00800,1,99,9,99,9","240,M,+0365,1","240,N,+0257,1","99999,9,09565,1","9,9,999,9,+001,1",,"SYN08043301 32597 52502 10284 20225 39565 40083 82231 333 10365 20257 58001 555 10000=",
"43301099999","2023-06-03T12:00:00","4","12.1333333","78.0333333","396.0","DHARMAPURI, IN","FM-12","99999","V020","250,1,N,0015,1","99999,9,9,N","010000,1,9,9","+0348,1","+0223,1","10026,1",,,,"04,1,+00800,1,09,1","99,9,+99999,9,03,1",,"9,AGL   ,+99999,+99999","06,99,1,04,1,99,9,00800,1,99,9,99,9","240,M,+0375,1",,"99999,9,09521,1","9,9,999,9,-006,1",,"SYN06443301 32597 62503 10348 20223 39521 40026 84330 333 10375 59006=",
"43301099999","2023-06-04T03:00:00","4","12.1333333","78.0333333","396.0","DHARMAPURI, IN","FM-12","99999","V020","200,1,N,0015,1","99999,9,9,N","010000,1,9,9","+0272,1","+0205,1","10078,1",,,,"02,1,+00800,1,08,1","99,9,+99999,9,03,1","99,9,+99999,9,00,1","9,AGL   ,+99999,+99999","05,99,1,02,1,99,9,00800,1,99,9,99,9","240,M,+0375,1","240,N,+0252,1","99999,9,09559,1","9,9,999,9,-006,1",,"SYN08043301 32597 52003 10272 20205 39559 40078 82231 333 10375 20252 59006 555 10000=",
"43301099999","2023-06-04T12:00:00","4","12.1333333","78.0333333","396.0","DHARMAPURI, IN","FM-12","99999","V020","290,1,N,0015,1","22000,1,9,N","010000,1,9,9","+0344,1","+0211,1","10031,1",,,,"01,1,+00800,1,08,1","99,9,+99999,9,03,1",,"9,AGL   ,+99999,+99999","02,99,1,01,1,99,9,00800,1,99,9,99,9","240,M,+0355,1",,"99999,9,09526,1","9,9,999,9,+005,1",,"SYN06443301 32597 22903 10344 20211 39526 40031 81130 333 10355 58005=",
"43301099999","2023-06-05T03:00:00","4","12.1333333","78.0333333","396.0","DHARMAPURI, IN","FM-12","99999","V020","290,1,N,0010,1","99999,9,9,N","010000,1,9,9","+0286,1","+0221,1","10072,1",,,,"02,1,+00800,1,08,1","99,9,+99999,9,03,1","99,9,+99999,9,00,1","9,AGL   ,+99999,+99999","05,99,1,02,1,99,9,00800,1,99,9,99,9","240,M,+0355,1","240,N,+0260,1","99999,9,09554,1","9,9,999,9,-005,1",,"SYN08043301 32597 52902 10286 20221 39554 40072 82231 333 10355 20260 59005 555 10000=",
"43301099999","2023-06-05T12:00:00","4","12.1333333","78.0333333","396.0","DHARMAPURI, IN","FM-12","99999","V020","290,1,N,0021,1","99999,9,9,N","010000,1,9,9","+0334,1","+0220,1","10026,1",,,,"02,1,+00800,1,08,1","99,9,+99999,9,03,1","99,9,+99999,9,00,1","9,AGL   ,+99999,+99999","05,99,1,02,1,99,9,00800,1,99,9,99,9","240,M,+0377,1",,"99999,9,09519,1","9,9,999,9,-007,1",,"SYN06443301 32597 52904 10334 20220 39519 40026 82231 333 10377 59007=",
"43301099999","2023-06-06T03:00:00","4","12.1333333","78.0333333","396.0","DHARMAPURI, IN","FM-12","99999","V020","250,1,N,0010,1","22000,1,9,N","010000,1,9,9","+0288,1","+0171,1","10073,1",,,,"01,1,+00800,1,08,1","99,9,+99999,9,00,1",,"9,AGL   ,+99999,+99999","02,99,1,01,1,99,9,00800,1,99,9,99,9","240,M,+0377,1","240,N,+0210,1","99999,9,09555,1","9,9,999,9,+001,1",,"SYN08043301 32597 22502 10288 20171 39555 40073 81101 333 10377 20210 58001 555 10000=",
"43301099999","2023-06-06T12:00:00","4","12.1333333","78.0333333","396.0","DHARMAPURI, IN","FM-12","99999","V020","360,1,N,0010,1","99999,9,9,N","010000,1,9,9","+0328,1","+0187,1","10015,1","09,0000,9,1",,,"04,1,+00800,1,09,1","99,9,+99999,9,03,1",,"9,AGL   ,+99999,+99999","06,99,1,04,1,99,9,00800,1,99,9,99,9","240,M,+0385,1",,"99999,9,09508,1","9,9,999,9,-011,1",,"SYN07043301 22597 63602 10328 20187 39508 40015 84330 333 10385 59011 6990/=","Q01  00002PRCP09"
"43301099999","2023-06-07T03:00:00","4","12.1333333","78.0333333","396.0","DHARMAPURI, IN","FM-12","99999","V020","250,1,N,0021,1","22000,1,9,N","010000,1,9,9","+0292,1","+0211,1","10072,1","24,0000,9,1",,,"02,1,+00800,1,08,1","99,9,+99999,9,03,1","99,9,+99999,9,00,1","9,AGL   ,+99999,+99999","04,99,1,02,1,99,9,00800,1,99,9,99,9","240,M,+0385,1","240,N,+0265,1","99999,9,09556,1","9,9,999,9,+001,1",,"SYN08643301 22597 42504 10292 20211 39556 40072 82231 333 10385 20265 58001 6990/ 555 10000=","Q01  00002PRCP24"
"43301099999","2023-06-07T12:00:00","4","12.1333333","78.0333333","396.0","DHARMAPURI, IN","FM-12","99999","V020","200,1,N,0026,1","99999,9,9,N","010000,1,9,9","+0318,1","+0208,1","10025,1",,,,"05,1,+00800,1,09,1","99,9,+99999,9,03,1",,"9,AGL   ,+99999,+99999","07,99,1,05,1,99,9,00800,1,99,9,99,9","240,M,+0382,1",,"99999,9,09515,1","9,9,999,9,+007,1",,"SYN06443301 32597 72005 10318 20208 39515 40025 8537/ 333 10382 58007=",
"43301099999","2023-06-08T03:00:00","4","12.1333333","78.0333333","396.0","DHARMAPURI, IN","FM-12","99999","V020","290,1,N,0010,1","99999,9,9,N","010000,1,9,9","+0286,1","+0214,1","10075,1",,,,"03,1,+00800,1,08,1","99,9,+99999,9,03,1","99,9,+99999,9,00,1","9,AGL   ,+99999,+99999","06,99,1,03,1,99,9,00800,1,99,9,99,9","240,M,+0382,1","240,N,+0260,1","99999,9,09557,1","9,9,999,9,+001,1",,"SYN08043301 32597 62902 10286 20214 39557 40075 83231 333 10382 20260 58001 555 10000=",
"43301099999","2023-06-09T03:00:00","4","12.1333333","78.0333333","396.0","DHARMAPURI, IN","FM-12","99999","V020","250,1,N,0021,1","22000,1,9,N","010000,1,9,9","+0288,1","+0196,1","10064,1",,,,"02,1,+00800,1,08,1","99,9,+99999,9,03,1","99,9,+99999,9,00,1","9,AGL   ,+99999,+99999","04,99,1,02,1,99,9,00800,1,99,9,99,9","240,M,+0375,1","240,N,+0256,1","99999,9,09548,1","9,9,999,9,-009,1",,"SYN08043301 32597 42504 10288 20196 39548 40064 82131 333 10375 20256 59009 555 10000=",
"43301099999","2023-06-09T12:00:00","4","12.1333333","78.0333333","396.0","DHARMAPURI, IN","FM-12","99999","V020","250,1,N,0026,1","99999,9,9,N","010000,1,9,9","+0348,1","+0209,1","10016,1",,,,"03,1,+00800,1,08,1","99,9,+99999,9,03,1",,"9,AGL   ,+99999,+99999","05,99,1,03,1,99,9,00800,1,99,9,99,9","240,M,+0380,1",,"99999,9,09511,1","9,9,999,9,-003,1",,"SYN06443301 32597 52505 10348 20209 39511 40016 83230 333 10380 59003=",
"43301099999","2023-06-10T03:00:00","4","12.1333333","78.0333333","396.0","DHARMAPURI, IN","FM-12","99999","V020","250,1,N,0015,1","99999,9,9,N","010000,1,9,9","+0276,1","+0196,1","10061,1",,,,"03,1,+00800,1,08,1","99,9,+99999,9,03,1","99,9,+99999,9,00,1","9,AGL   ,+99999,+99999","06,99,1,03,1,99,9,00800,1,99,9,99,9","240,M,+0380,1","240,N,+0247,1","99999,9,09543,1","9,9,999,9,-005,1",,"SYN08043301 32597 62503 10276 20196 39543 40061 83231 333 10380 20247 59005 555 10000=",
"43301099999","2023-06-10T12:00:00","4","12.1333333","78.0333333","396.0","DHARMAPURI, IN","FM-12","99999","V020","290,1,N,0026,1","99999,9,9,N","010000,1,9,9","+0346,1","+0192,1","10015,1",,,,"02,1,+00800,1,08,1","99,9,+99999,9,03,1","99,9,+99999,9,00,1","9,AGL   ,+99999,+99999","05,99,1,02,1,99,9,00800,1,99,9,99,9","240,M,+0376,1",,"99999,9,09510,1","9,9,999,9,-001,1",,"SYN06443301 32597 52905 10346 20192 39510 40015 82231 333 10376 59001=",
"43301099999","2023-06-11T03:00:00","4","12.1333333","78.0333333","396.0","DHARMAPURI, IN","FM-12","99999","V020","290,1,N,0015,1","22000,1,9,N","010000,1,9,9","+0284,1","+0205,1","10060,1",,,,"02,1,+00800,1,08,1","99,9,+99999,9,03,1","99,9,+99999,9,00,1","9,AGL   ,+99999,+99999","04,99,1,02,1,99,9,00800,1,99,9,99,9","240,M,+0376,1","240,N,+0245,1","99999,9,09544,1","9,9,999,9,+001,1",,"SYN08043301 32597 42903 10284 20205 39544 40060 82131 333 10376 20245 58001 555 10000=",
"43301099999","2023-06-11T12:00:00","4","12.1333333","78.0333333","396.0","DHARMAPURI, IN","FM-12","99999","V020","250,1,N,0015,1","99999,9,9,N","010000,1,9,9","+0348,1","+0198,1","10010,1",,,,"02,1,+00800,1,08,1","99,9,+99999,9,03,1","99,9,+99999,9,00,1","9,AGL   ,+99999,+99999","05,99,1,02,1,99,9,00800,1,99,9,99,9","240,M,+0367,1",,"99999,9,09506,1","9,9,999,9,-004,1",,"SYN06443301 32597 52503 10348 20198 39506 40010 82231 333 10367 59004=",
"43301099999","2023-06-12T03:00:00","4","12.1333333","78.0333333","396.0","DHARMAPURI, IN","FM-12","99999","V020","340,1,N,0010,1","22000,1,9,N","010000,1,9,9","+0284,1","+0209,1","10055,1",,,,"01,1,+00800,1,08,1","99,9,+99999,9,00,1",,"9,AGL   ,+99999,+99999","02,99,1,01,1,99,9,00800,1,99,9,99,9","240,M,+0367,1","240,N,+0252,1","99999,9,09539,1","9,9,999,9,-005,1",,"SYN08043301 32597 23402 10284 20209 39539 40055 81101 333 10367 20252 59005 555 10000=",
"43301099999","2023-06-12T12:00:00","4","12.1333333","78.0333333","396.0","DHARMAPURI, IN","FM-12","99999","V020","290,1,N,0010,1","99999,9,9,N","010000,1,9,9","+0304,1","+0222,1","10018,1","09,0000,9,1",,,"04,1,+00800,1,09,1","99,9,+99999,9,03,1",,"9,AGL   ,+99999,+99999","07,99,1,04,1,99,9,00800,1,99,9,99,9","240,M,+0370,1",,"99999,9,09507,1","9,9,999,9,+001,1",,"SYN07043301 22597 72902 10304 20222 39507 40018 84330 333 10370 58001 6990/=","Q01  00002PRCP09"
"43301099999","2023-06-14T03:00:00","4","12.1333333","78.0333333","396.0","DHARMAPURI, IN","FM-12","99999","V020","250,1,N,0010,1","22000,1,9,N","010000,1,9,9","+0282,1","+0210,1","10077,1","24,0000,9,1",,,"01,1,+00800,1,08,1","99,9,+99999,9,00,1",,"9,AGL   ,+99999,+99999","02,99,1,01,1,99,9,00800,1,99,9,99,9","240,M,+0378,1","240,N,+0250,1","99999,9,09559,1","9,9,999,9,+011,1",,"SYN08643301 22597 22502 10282 20210 39559 40077 81101 333 10378 20250 58011 6990/ 555 10000=","Q01  00002PRCP24"
"43301099999","2023-06-15T03:00:00","4","12.1333333","78.0333333","396.0","DHARMAPURI, IN","FM-12","99999","V020","250,1,N,0010,1","22000,1,9,N","010000,1,9,9","+0276,1","+0213,1","10085,1",,,,"01,1,+00800,1,08,1","99,9,+99999,9,03,1","99,9,+99999,9,00,1","9,AGL   ,+99999,+99999","03,99,1,01,1,99,9,00800,1,99,9,99,9","240,M,+0372,1","240,N,+0250,1","99999,9,09566,1","9,9,999,9,+007,1",,"SYN08043301 32597 32502 10276 20213 39566 40085 81131 333 10372 20250 58007 555 10000=",
"43301099999","2023-06-15T12:00:00","4","12.1333333","78.0333333","396.0","DHARMAPURI, IN","FM-12","99999","V020","250,1,N,0015,1","22000,1,9,N","010000,1,9,9","+0362,1","+0244,1","10028,1",,,,"02,1,+00800,1,08,1","99,9,+99999,9,03,1",,"9,AGL   ,+99999,+99999","03,99,1,02,1,99,9,00800,1,99,9,99,9","240,M,+0370,1",,"99999,9,09526,1","9,9,999,9,-001,1",,"SYN06443301 32597 32503 10362 20244 39526 40028 82130 333 10370 59001=",
"43301099999","2023-06-16T03:00:00","4","12.1333333","78.0333333","396.0","DHARMAPURI, IN","FM-12","99999","V020","250,1,N,0010,1","22000,1,9,N","010000,1,9,9","+0282,1","+0200,1","10076,1",,,,"01,1,+00800,1,08,1","99,9,+99999,9,00,1",,"9,AGL   ,+99999,+99999","02,99,1,01,1,99,9,00800,1,99,9,99,9","240,M,+0370,1","240,N,+0255,1","99999,9,09558,1","9,9,999,9,-008,1",,"SYN08043301 32597 22502 10282 20200 39558 40076 81101 333 10370 20255 59008 555 10000=",
"43301099999","2023-06-16T12:00:00","4","12.1333333","78.0333333","396.0","DHARMAPURI, IN","FM-12","99999","V020","250,1,N,0015,1","22000,1,9,N","010000,1,9,9","+0364,1","+0168,1","10015,1",,,,"02,1,+00800,1,08,1","99,9,+99999,9,03,1",,"9,AGL   ,+99999,+99999","03,99,1,02,1,99,9,00800,1,99,9,99,9","240,M,+0382,1",,"99999,9,09513,1","9,9,999,9,-013,1",,"SYN06443301 32597 32503 10364 20168 39513 40015 82230 333 10382 59013=",
"43301099999","2023-06-17T03:00:00","4","12.1333333","78.0333333","396.0","DHARMAPURI, IN","FM-12","99999","V020","290,1,N,0021,1","99999,9,9,N","010000,1,9,9","+0284,1","+0205,1","10071,1",,,,"03,1,+00800,1,08,1","99,9,+99999,9,03,1","99,9,+99999,9,00,1","9,AGL   ,+99999,+99999","06,99,1,03,1,99,9,00800,1,99,9,99,9","240,M,+0382,1","240,N,+0255,1","99999,9,09553,1","9,9,999,9,-005,1",,"SYN08043301 32597 62904 10284 20205 39553 40071 83231 333 10382 20255 59005 555 10000=",
"43301099999","2023-06-17T12:00:00","4","12.1333333","78.0333333","396.0","DHARMAPURI, IN","FM-12","99999","V020","200,1,N,0026,1","99999,9,9,N","010000,1,9,9","+0346,1","+0180,1","10030,1",,,,"05,1,+00800,1,09,1","99,9,+99999,9,03,1",,"9,AGL   ,+99999,+99999","08,99,1,05,1,99,9,00800,1,99,9,99,9","240,M,+0357,1",,"99999,9,09525,1","9,9,999,9,+012,1",,"SYN06443301 32597 82005 10346 20180 39525 40030 8537/ 333 10357 58012=",
"43301099999","2023-06-18T03:00:00","4","12.1333333","78.0333333","396.0","DHARMAPURI, IN","FM-12","99999","V020","250,1,N,0021,1","99999,9,9,N","010000,1,9,9","+0278,1","+0209,1","10067,1","24,0000,9,1",,,"04,1,+00800,1,09,1","99,9,+99999,9,03,1",,"9,AGL   ,+99999,+99999","07,99,1,04,1,99,9,00800,1,99,9,99,9","240,M,+0357,1","240,N,+0262,1","99999,9,09549,1","9,9,999,9,+004,1",,"SYN08643301 22597 72504 10278 20209 39549 40067 84330 333 10357 20262 58004 6990/ 555 10000=","Q01  00002PRCP24"
"43301099999","2023-06-18T12:00:00","4","12.1333333","78.0333333","396.0","DHARMAPURI, IN","FM-12","99999","V020","290,1,N,0010,1","99999,9,9,N","010000,1,9,9","+0316,1","+0210,1","10037,1",,,,"05,1,+00800,1,09,1","99,9,+99999,9,03,1",,"9,AGL   ,+99999,+99999","08,99,1,05,1,99,9,00800,1,99,9,99,9","240,M,+0320,1",,"99999,9,09527,1","9,9,999,9,+002,1",,"SYN06443301 32597 82902 10316 20210 39527 40037 8537/ 333 10320 58002=",
"43301099999","2023-06-19T12:00:00","4","12.1333333","78.0333333","396.0","DHARMAPURI, IN","FM-12","99999","V020","999,9,C,0000,1","99999,9,9,N","010000,1,9,9","+0316,1","+0205,1","10020,1",,,,"04,1,+00800,1,09,1","99,9,+99999,9,03,1",,"9,AGL   ,+99999,+99999","07,99,1,04,1,99,9,00800,1,99,9,99,9","240,M,+0319,1",,"99999,9,09510,1","9,9,999,9,-017,1",,"SYN06443301 32597 70000 10316 20205 39510 40020 84330 333 10319 59017=",
"43301099999","2023-06-20T03:00:00","4","12.1333333","78.0333333","396.0","DHARMAPURI, IN","FM-12","99999","V020","050,1,N,0010,1","99999,9,9,N","004000,1,9,9","+0262,1","+0239,1","10067,1","24,0000,9,1",,,"05,1,+00800,1,09,1","99,9,+99999,9,03,1",,"9,AGL   ,+99999,+99999","08,99,1,05,1,99,9,00800,1,99,9,99,9","240,M,+0319,1","240,N,+0248,1","99999,9,09547,1","9,9,999,9,-001,1",,"SYN08643301 22596 80502 10262 20239 39547 40067 8537/ 333 10319 20248 59001 6990/ 555 10000=","Q01  00002PRCP24"
"43301099999","2023-06-20T12:00:00","4","12.1333333","78.0333333","396.0","DHARMAPURI, IN","FM-12","99999","V020","999,9,C,0000,1","99999,9,9,N","010000,1,9,9","+0304,1","+0222,1","10023,1",,,,"05,1,+00800,1,09,1","99,9,+99999,9,03,1",,"9,AGL   ,+99999,+99999","08,99,1,05,1,99,9,00800,1,99,9,99,9","240,M,+0307,1",,"99999,9,09511,1","9,9,999,9,+001,1",,"SYN06443301 32597 80000 10304 20222 39511 40023 8537/ 333 10307 58001=",
"43301099999","2023-06-21T03:00:00","4","12.1333333","78.0333333","396.0","DHARMAPURI, IN","FM-12","99999","V020","290,1,N,0010,1","99999,9,9,N","004000,1,9,9","+0266,1","+0225,1","10062,1",,,,"05,1,+00800,1,09,1","99,9,+99999,9,03,1",,"9,AGL   ,+99999,+99999","08,99,1,05,1,99,9,00800,1,99,9,99,9","240,M,+0307,1","240,N,+0252,1","99999,9,09542,1","9,9,999,9,-005,1",,"SYN08043301 32596 82902 10266 20225 39542 40062 8537/ 333 10307 20252 59005 555 10000=",
"43301099999","2023-06-21T12:00:00","4","12.1333333","78.0333333","396.0","DHARMAPURI, IN","FM-12","99999","V020","200,1,N,0010,1","99999,9,9,N","010000,1,9,9","+0302,1","+0223,1","10028,1","09,0000,9,1",,,"03,1,+00800,1,08,1","99,9,+99999,9,03,1","99,9,+99999,9,00,1","9,AGL   ,+99999,+99999","06,99,1,03,1,99,9,00800,1,99,9,99,9","240,M,+0315,1",,"99999,9,09516,1","9,9,999,9,+005,1",,"SYN07043301 22597 62002 10302 20223 39516 40028 83231 333 10315 58005 6990/=","Q01  00002PRCP09"
"43301099999","2023-06-22T03:00:00","4","12.1333333","78.0333333","396.0","DHARMAPURI, IN","FM-12","99999","V020","250,1,N,0010,1","99999,9,9,N","004000,1,9,9","+0272,1","+0218,1","10065,1","24,0000,9,1",,,"04,1,+00800,1,09,1","99,9,+99999,9,03,1","99,9,+99999,9,00,1","9,AGL   ,+99999,+99999","07,99,1,04,1,99,9,00800,1,99,9,99,9","240,M,+0315,1","240,N,+0245,1","99999,9,09547,1","9,9,999,9,+005,1",,"SYN08643301 22596 72502 10272 20218 39547 40065 84331 333 10315 20245 58005 6990/ 555 10000=","Q01  00002PRCP24"
"43301099999","2023-06-22T12:00:00","4","12.1333333","78.0333333","396.0","DHARMAPURI, IN","FM-12","99999","V020","070,1,N,0010,1","99999,9,9,N","010000,1,9,9","+0314,1","+0223,1","10025,1",,,,"03,1,+00800,1,06,1","99,9,+99999,9,03,1",,"9,AGL   ,+99999,+99999","08,99,1,03,1,99,9,00800,1,99,9,99,9","240,M,+0332,1",,"99999,9,09515,1","9,9,999,9,-001,1",,"SYN06443301 32597 80702 10314 20223 39515 40025 8357/ 333 10332 59001=",
"43301099999","2023-06-23T03:00:00","4","12.1333333","78.0333333","396.0","DHARMAPURI, IN","FM-12","99999","V020","250,1,N,0015,1","99999,9,9,N","004000,1,9,9","+0248,1","+0227,1","10072,1","24,0530,3,1",,,"03,1,+00800,1,08,1","99,9,+99999,9,03,1","99,9,+99999,9,00,1","9,AGL   ,+99999,+99999","06,99,1,03,1,99,9,00800,1,99,9,99,9","240,M,+0332,1","240,N,+0217,1","99999,9,09548,1","9,9,999,9,+001,1",,"SYN09243301 22596 62503 10248 20227 39548 40072 83231 333 10332 20217 58001 6053/ 555 00530 10053=",
"43301099999","2023-06-23T12:00:00","4","12.1333333","78.0333333","396.0","DHARMAPURI, IN","FM-12","99999","V020","200,1,N,0021,1","99999,9,9,N","010000,1,9,9","+0322,1","+0212,1","10025,1",,,,"05,1,+00800,1,09,1","99,9,+99999,9,03,1",,"9,AGL   ,+99999,+99999","08,99,1,05,1,99,9,00800,1,99,9,99,9","240,M,+0327,1",,"99999,9,09517,1","9,9,999,9,+002,1",,"SYN06443301 32597 82004 10322 20212 39517 40025 8537/ 333 10327 58002=",
"43301099999","2023-06-24T03:00:00","4","12.1333333","78.0333333","396.0","DHARMAPURI, IN","FM-12","99999","V020","250,1,N,0010,1","99999,9,9,N","004000,1,9,9","+0258,1","+0210,1","10065,1",,,,"04,1,+00800,1,09,1","99,9,+99999,9,03,1",,"9,AGL   ,+99999,+99999","07,99,1,04,1,99,9,00800,1,99,9,99,9","240,M,+0327,1","240,N,+0240,1","99999,9,09543,1","9,9,999,9,-005,1",,"SYN08043301 32596 72502 10258 20210 39543 40065 84330 333 10327 20240 59005 555 10053=",
"43301099999","2023-06-24T12:00:00","4","12.1333333","78.0333333","396.0","DHARMAPURI, IN","FM-12","99999","V020","250,1,N,0015,1","99999,9,9,N","010000,1,9,9","+0314,1","+0227,1","10029,1",,,,"04,1,+00800,1,09,1","99,9,+99999,9,03,1",,"9,AGL   ,+99999,+99999","07,99,1,04,1,99,9,00800,1,99,9,99,9","240,M,+0325,1",,"99999,9,09519,1","9,9,999,9,+002,1",,"SYN06443301 32597 72503 10314 20227 39519 40029 84330 333 10325 58002=",
"43301099999","2023-06-25T03:00:00","4","12.1333333","78.0333333","396.0","DHARMAPURI, IN","FM-12","99999","V020","250,1,N,0010,1","99999,9,9,N","010000,1,9,9","+0266,1","+0205,1","10061,1",,,,"03,1,+00800,1,08,1","99,9,+99999,9,03,1","99,9,+99999,9,00,1","9,AGL   ,+99999,+99999","06,99,1,03,1,99,9,00800,1,99,9,99,9","240,M,+0325,1","240,N,+0240,1","99999,9,09541,1","9,9,999,9,-002,1",,"SYN07043301 32597 62502 10266 20205 39541 40061 83231 333 10325 20240 59002=",
"43301099999","2023-06-25T12:00:00","4","12.1333333","78.0333333","396.0","DHARMAPURI, IN","FM-12","99999","V020","200,1,N,0021,1","99999,9,9,N","010000,1,9,9","+0316,1","+0209,1","10023,1",,,,"04,1,+00800,1,09,1","99,9,+99999,9,03,1",,"9,AGL   ,+99999,+99999","07,99,1,04,1,99,9,00800,1,99,9,99,9","240,M,+0327,1",,"99999,9,09513,1","9,9,999,9,-006,1",,"SYN06443301 32597 72004 10316 20209 39513 40023 84330 333 10327 59006=",
"43301099999","2023-06-26T03:00:00","4","12.1333333","78.0333333","396.0","DHARMAPURI, IN","FM-12","99999","V020","200,1,N,0010,1","99999,9,9,N","004000,1,9,9","+0256,1","+0214,1","10075,1","24,0000,9,1",,,"03,1,+00800,1,08,1","99,9,+99999,9,03,1","99,9,+99999,9,00,1","9,AGL   ,+99999,+99999","06,99,1,03,1,99,9,00800,1,99,9,99,9","240,M,+0327,1","240,N,+0240,1","99999,9,09552,1","9,9,999,9,+011,1",,"SYN08643301 22596 62002 10256 20214 39552 40075 83231 333 10327 20240 58011 6990/ 555 10053=","Q01  00002PRCP24"
"43301099999","2023-06-26T12:00:00","4","12.1333333","78.0333333","396.0","DHARMAPURI, IN","FM-12","99999","V020","290,1,N,0010,1","99999,9,9,N","010000,1,9,9","+0314,1","+0199,1","10026,1",,,,"03,1,+00800,1,08,1","99,9,+99999,9,03,1","99,9,+99999,9,00,1","9,AGL   ,+99999,+99999","06,99,1,03,1,99,9,00800,1,99,9,99,9","240,M,+0316,1",,"99999,9,09516,1","9,9,999,9,+003,1",,"SYN06443301 32597 62902 10314 20199 39516 40026 83231 333 10316 58003=",
"43301099999","2023-06-27T03:00:00","4","12.1333333","78.0333333","396.0","DHARMAPURI, IN","FM-12","99999","V020","250,1,N,0015,1","99999,9,9,N","010000,1,9,9","+0258,1","+0196,1","10074,1",,,,"03,1,+00800,1,08,1","99,9,+99999,9,03,1","99,9,+99999,9,00,1","9,AGL   ,+99999,+99999","06,99,1,03,1,99,9,00800,1,99,9,99,9","240,M,+0316,1","240,N,+0232,1","99999,9,09551,1","9,9,999,9,-001,1",,"SYN08043301 32597 62503 10258 20196 39551 40074 83231 333 10316 20232 59001 555 10053=",
"43301099999","2023-06-27T12:00:00","4","12.1333333","78.0333333","396.0","DHARMAPURI, IN","FM-12","99999","V020","250,1,N,0015,1","99999,9,9,N","010000,1,9,9","+0324,1","+0204,1","10036,1",,,,"05,1,+00800,1,09,1","99,9,+99999,9,03,1",,"9,AGL   ,+99999,+99999","08,99,1,05,1,99,9,00800,1,99,9,99,9","240,M,+0335,1",,"99999,9,09526,1","9,9,999,9,+010,1",,"SYN06443301 32597 82503 10324 20204 39526 40036 8537/ 333 10335 58010=",
"43301099999","2023-06-28T03:00:00","4","12.1333333","78.0333333","396.0","DHARMAPURI, IN","FM-12","99999","V020","290,1,N,0010,1","22000,1,9,N","010000,1,9,9","+0262,1","+0194,1","10083,1","24,0000,9,1",,,"02,1,+00800,1,08,1","99,9,+99999,9,03,1","99,9,+99999,9,00,1","9,AGL   ,+99999,+99999","04,99,1,02,1,99,9,00800,1,99,9,99,9","240,M,+0335,1","240,N,+0225,1","99999,9,09562,1","9,9,999,9,+011,1",,"SYN08643301 22597 42902 10262 20194 39562 40083 82131 333 10335 20225 58011 6990/ 555 10053=","Q01  00002PRCP24"
"43301099999","2023-06-28T12:00:00","4","12.1333333","78.0333333","396.0","DHARMAPURI, IN","FM-12","99999","V020","290,1,N,0010,1","99999,9,9,N","010000,1,9,9","+0334,1","+0199,1","10038,1",,,,"03,1,+00800,1,08,1","99,9,+99999,9,03,1",,"9,AGL   ,+99999,+99999","05,99,1,03,1,99,9,00800,1,99,9,99,9","240,M,+0347,1",,"99999,9,09530,1","9,9,999,9,+004,1",,"SYN06443301 32597 52902 10334 20199 39530 40038 83230 333 10347 58004=",
"43301099999","2023-06-29T03:00:00","4","12.1333333","78.0333333","396.0","DHARMAPURI, IN","FM-12","99999","V020","250,1,N,0015,1","22000,1,9,N","010000,1,9,9","+0274,1","+0204,1","10091,1",,,,"02,1,+00800,1,08,1","99,9,+99999,9,03,1",,"9,AGL   ,+99999,+99999","03,99,1,02,1,99,9,00800,1,99,9,99,9","240,M,+0347,1","240,N,+0245,1","99999,9,09571,1","9,9,999,9,+009,1",,"SYN08043301 32597 32503 10274 20204 39571 40091 82130 333 10347 20245 58009 555 10053=",
"43301099999","2023-06-29T12:00:00","4","12.1333333","78.0333333","396.0","DHARMAPURI, IN","FM-12","99999","V020","250,1,N,0015,1","99999,9,9,N","010000,1,9,9","+0298,1","+0179,1","10058,1",,,,"04,1,+00800,1,09,1","99,9,+99999,9,03,1",,"9,AGL   ,+99999,+99999","07,99,1,04,1,99,9,00800,1,99,9,99,9","240,M,+0347,1",,"99999,9,09543,1","9,9,999,9,+013,1",,"SYN06443301 32597 72503 10298 20179 39543 40058 84330 333 10347 58013=",
"43301099999","2023-06-30T03:00:00","4","12.1333333","78.0333333","396.0","DHARMAPURI, IN","FM-12","99999","V020","200,1,N,0010,1","99999,9,9,N","004000,1,9,9","+0264,1","+0210,1","10094,1","24,0010,3,1",,,"03,1,+00800,1,08,1","99,9,+99999,9,03,1","99,9,+99999,9,00,1","9,AGL   ,+99999,+99999","06,99,1,03,1,99,9,00800,1,99,9,99,9","240,M,+0347,1","240,N,+0237,1","99999,9,09572,1","9,9,999,9,+001,1",,"SYN09243301 22596 62002 10264 20210 39572 40094 83231 333 10347 20237 58001 6001/ 555 00010 10054=",
"43301099999","2023-06-30T12:00:00","4","12.1333333","78.0333333","396.0","DHARMAPURI, IN","FM-12","99999","V020","250,1,N,0026,1","99999,9,9,N","010000,1,9,9","+0344,1","+0181,1","10021,1",,,,"04,1,+00800,1,09,1","99,9,+99999,9,03,1",,"9,AGL   ,+99999,+99999","06,99,1,04,1,99,9,00800,1,99,9,99,9","240,M,+0362,1",,"99999,9,09516,1","9,9,999,9,-027,1",,"SYN06443301 32597 62505 10344 20181 39516 40021 84330 333 10362 59027=",
"43301099999","2023-07-01T03:00:00","4","12.1333333","78.0333333","396.0","DHARMAPURI, IN","FM-12","99999","V020","250,1,N,0010,1","99999,9,9,N","010000,1,9,9","+0274,1","+0204,1","10090,1",,,,"02,1,+00800,1,08,1","99,9,+99999,9,03,1","99,9,+99999,9,00,1","9,AGL   ,+99999,+99999","05,99,1,02,1,99,9,00800,1,99,9,99,9","240,M,+0362,1","240,N,+0252,1","99999,9,09570,1","9,9,999,9,-002,1",,"SYN08043301 32597 52502 10274 20204 39570 40090 82231 333 10362 20252 59002 555 10054=",
"43301099999","2023-07-01T12:00:00","4","12.1333333","78.0333333","396.0","DHARMAPURI, IN","FM-12","99999","V020","290,1,N,0015,1","99999,9,9,N","010000,1,9,9","+0344,1","+0200,1","10037,1",,,,"04,1,+00800,1,09,1","99,9,+99999,9,03,1",,"9,AGL   ,+99999,+99999","07,99,1,04,1,99,9,00800,1,99,9,99,9","240,M,+0360,1",,"99999,9,09531,1","9,9,999,9,+015,1",,"SYN06443301 32597 72903 10344 20200 39531 40037 84330 333 10360 58015=",
"43301099999","2023-07-02T03:00:00","4","12.1333333","78.0333333","396.0","DHARMAPURI, IN","FM-12","99999","V020","290,1,N,0010,1","99999,9,9,N","004000,1,9,9","+0274,1","+0211,1","10076,1",,,,"05,1,+00800,1,09,1","99,9,+99999,9,03,1",,"9,AGL   ,+99999,+99999","08,99,1,05,1,99,9,00800,1,99,9,99,9","240,M,+0360,1","240,N,+0262,1","99999,9,09557,1","9,9,999,9,-013,1",,"SYN08043301 32596 82902 10274 20211 39557 40076 8537/ 333 10360 20262 59013 555 10054=",
"43301099999","2023-07-02T12:00:00","4","12.1333333","78.0333333","396.0","DHARMAPURI, IN","FM-12","99999","V020","250,1,N,0010,1","99999,9,9,N","010000,1,9,9","+0322,1","+0205,1","10034,1",,,,"04,1,+00800,1,09,1","99,9,+99999,9,03,1",,"9,AGL   ,+99999,+99999","07,99,1,04,1,99,9,00800,1,99,9,99,9","240,M,+0325,1",,"99999,9,09526,1","9,9,999,9,-005,1",,"SYN06443301 32597 72502 10322 20205 39526 40034 84330 333 10325 59005=",
"43301099999","2023-07-03T03:00:00","4","12.1333333","78.0333333","396.0","DHARMAPURI, IN","FM-12","99999","V020","250,1,N,0015,1","99999,9,9,N","004000,1,9,9","+0272,1","+0212,1","10065,1",,,,"04,1,+00800,1,09,1","99,9,+99999,9,03,1",,"9,AGL   ,+99999,+99999","07,99,1,04,1,99,9,00800,1,99,9,99,9","240,M,+0325,1","240,N,+0255,1","99999,9,09547,1","9,9,999,9,-010,1",,"SYN08043301 32596 72503 10272 20212 39547 40065 84330 333 10325 20255 59010 555 10054=",
"43301099999","2023-07-03T12:00:00","4","12.1333333","78.0333333","396.0","DHARMAPURI, IN","FM-12","99999","V020","250,1,N,0026,1","99999,9,9,N","010000,1,9,9","+0336,1","+0215,1","10014,1",,,,"05,1,+00800,1,09,1","99,9,+99999,9,03,1",,"9,AGL   ,+99999,+99999","08,99,1,05,1,99,9,00800,1,99,9,99,9","240,M,+0357,1",,"99999,9,09508,1","9,9,999,9,-018,1",,"SYN06443301 32597 82505 10336 20215 39508 40014 8537/ 333 10357 59018=",
"43301099999","2023-07-04T03:00:00","4","12.1333333","78.0333333","396.0","DHARMAPURI, IN","FM-12","99999","V020","250,1,N,0015,1","99999,9,9,N","004000,1,9,9","+0252,1","+0210,1","10050,1","24,0090,3,1",,,"04,1,+00800,1,09,1","99,9,+99999,9,03,1",,"9,AGL   ,+99999,+99999","07,99,1,04,1,99,9,00800,1,99,9,99,9","240,M,+0357,1","240,N,+0225,1","99999,9,09529,1","9,9,999,9,-018,1",,"SYN09243301 22596 72503 10252 20210 39529 40050 84330 333 10357 20225 59018 6009/ 555 00090 10063=",
"43301099999","2023-07-04T12:00:00","4","12.1333333","78.0333333","396.0","DHARMAPURI, IN","FM-12","99999","V020","250,1,N,0026,1","99999,9,9,N","010000,1,9,9","+0254,1","+0237,1","10027,1","09,0170,3,1",,,"06,1,+00800,1,06,1","99,9,+99999,9,03,1",,"9,AGL   ,+99999,+99999","08,99,1,06,1,99,9,00800,1,99,9,99,9","240,M,+0310,1",,"99999,9,09507,1","9,9,999,9,-001,1",,"SYN07043301 22597 82505 10254 20237 39507 40027 8647/ 333 10310 59001 6017/=",
"43301099999","2023-07-05T03:00:00","4","12.1333333","78.0333333","396.0","DHARMAPURI, IN","FM-12","99999","V020","250,1,N,0010,1","99999,9,9,N","004000,1,9,9","+0248,1","+0212,1","10037,1","24,0170,3,1",,,"04,1,+00800,1,09,1","99,9,+99999,9,03,1",,"9,AGL   ,+99999,+99999","07,99,1,04,1,99,9,00800,1,99,9,99,9","240,M,+0310,1","240,N,+0226,1","99999,9,09515,1","9,9,999,9,-014,1",,"SYN09243301 22596 72502 10248 20212 39515 40037 84330 333 10310 20226 59014 6017/ 555 00170 10080=",
"43301099999","2023-07-05T12:00:00","4","12.1333333","78.0333333","396.0","DHARMAPURI, IN","FM-12","99999","V020","250,1,N,0010,1","99999,9,9,N","010000,1,9,9","+0272,1","+0205,1","10021,1","09,0000,9,1",,,"05,1,+00800,1,09,1","99,9,+99999,9,03,1",,"9,AGL   ,+99999,+99999","08,99,1,05,1,99,9,00800,1,99,9,99,9","240,M,+0310,1",,"99999,9,09505,1","9,9,999,9,-002,1",,"SYN07043301 22597 82502 10272 20205 39505 40021 8537/ 333 10310 59002 6990/=","Q01  00002PRCP09"
"43301099999","2023-07-06T03:00:00","4","12.1333333","78.0333333","396.0","DHARMAPURI, IN","FM-12","99999","V020","250,1,N,0010,1","99999,9,9,N","004000,1,9,9","+0238,1","+0232,1","10069,1","24,0000,9,1",,,"05,1,+00800,1,09,1","99,9,+99999,9,03,1",,"9,AGL   ,+99999,+99999","08,99,1,05,1,99,9,00800,1,99,9,99,9","240,M,+0310,1","240,N,+0225,1","99999,9,09544,1","9,9,999,9,+029,1",,"SYN08643301 22596 82502 10238 20232 39544 40069 8537/ 333 10310 20225 58029 6990/ 555 10080=","Q01  00002PRCP24"
"43301099999","2023-07-06T12:00:00","4","12.1333333","78.0333333","396.0","DHARMAPURI, IN","FM-12","99999","V020","250,1,N,0015,1","99999,9,9,N","010000,1,9,9","+0284,1","+0209,1","10042,1","09,0000,9,1",,,"04,1,+00800,1,09,1","99,9,+99999,9,03,1",,"9,AGL   ,+99999,+99999","07,99,1,04,1,99,9,00800,1,99,9,99,9","240,M,+0290,1",,"99999,9,09527,1","9,9,999,9,+022,1",,"SYN07043301 22597 72503 10284 20209 39527 40042 84330 333 10290 58022 6990/=","Q01  00002PRCP09"
"43301099999","2023-07-07T03:00:00","4","12.1333333","78.0333333","396.0","DHARMAPURI, IN","FM-12","99999","V020","250,1,N,0015,1","99999,9,9,N","004000,1,9,9","+0254,1","+0221,1","10087,1","24,0000,9,1",,,"04,1,+00800,1,09,1","99,9,+99999,9,03,1",,"9,AGL   ,+99999,+99999","07,99,1,04,1,99,9,00800,1,99,9,99,9","240,M,+0290,1","240,N,+0232,1","99999,9,09564,1","9,9,999,9,+020,1",,"SYN08643301 22596 72503 10254 20221 39564 40087 84330 333 10290 20232 58020 6990/ 555 10080=","Q01  00002PRCP24"
"43301099999","2023-07-07T12:00:00","4","12.1333333","78.0333333","396.0","DHARMAPURI, IN","FM-12","99999","V020","999,9,C,0000,1","99999,9,9,N","010000,1,9,9","+0272,1","+0249,1","10056,1","09,0040,3,1",,,"04,1,+00800,1,09,1","99,9,+99999,9,03,1",,"9,AGL   ,+99999,+99999","06,99,1,04,1,99,9,00800,1,99,9,99,9","240,M,+0312,1",,"99999,9,09538,1","9,9,999,9,+011,1",,"SYN07043301 22597 60000 10272 20249 39538 40056 84330 333 10312 58011 6004/=",
"43301099999","2023-07-08T03:00:00","4","12.1333333","78.0333333","396.0","DHARMAPURI, IN","FM-12","99999","V020","250,1,N,0015,1","99999,9,9,N","004000,1,9,9","+0256,1","+0223,1","10098,1","24,0040,3,1",,,"04,1,+00800,1,09,1","99,9,+99999,9,03,1",,"9,AGL   ,+99999,+99999","07,99,1,04,1,99,9,00800,1,99,9,99,9","240,M,+0312,1","240,N,+0230,1","99999,9,09574,1","9,9,999,9,+010,1",,"SYN09243301 22596 72503 10256 20223 39574 40098 84330 333 10312 20230 58010 6004/ 555 00040 10084=",
"43301099999","2023-07-08T12:00:00","4","12.1333333","78.0333333","396.0","DHARMAPURI, IN","FM-12","99999","V020","999,9,C,0000,1","99999,9,9,N","010000,1,9,9","+0268,1","+0220,1","10073,1","09,0020,3,1",,,"05,1,+00800,1,09,1","99,9,+99999,9,03,1",,"9,AGL   ,+99999,+99999","08,99,1,05,1,99,9,00800,1,99,9,99,9","240,M,+0320,1",,"99999,9,09552,1","9,9,999,9,+014,1",,"SYN07043301 21597 80000 10268 20220 39552 40073 8537/ 333 10320 58014 6002/=",
"43301099999","2023-07-09T03:00:00","4","12.1333333","78.0333333","396.0","DHARMAPURI, IN","FM-12","99999","V020","290,1,N,0010,1","22000,1,9,N","010000,1,9,9","+0262,1","+0217,1","10089,1","24,0020,3,1",,,"02,1,+00800,1,08,1","99,9,+99999,9,03,1","99,9,+99999,9,00,1","9,AGL   ,+99999,+99999","04,99,1,02,1,99,9,00800,1,99,9,99,9","240,M,+0320,1","240,N,+0226,1","99999,9,09568,1","9,9,999,9,-006,1",,"SYN09243301 22597 42902 10262 20217 39568 40089 82231 333 10320 20226 59006 6002/ 555 00020 10086=",
"43301099999","2023-07-09T12:00:00","4","12.1333333","78.0333333","396.0","DHARMAPURI, IN","FM-12","99999","V020","290,1,N,0010,1","99999,9,9,N","010000,1,9,9","+0322,1","+0219,1","10043,1",,,,"02,1,+00800,1,08,1","99,9,+99999,9,03,1","99,9,+99999,9,00,1","9,AGL   ,+99999,+99999","05,99,1,02,1,99,9,00800,1,99,9,99,9","240,M,+0335,1",,"99999,9,09533,1","9,9,999,9,+019,1",,"SYN06443301 32597 52902 10322 20219 39533 40043 82231 333 10335 58019=",
"43301099999","2023-07-10T03:00:00","4","12.1333333","78.0333333","396.0","DHARMAPURI, IN","FM-12","99999","V020","160,1,N,0010,1","99999,9,9,N","004000,1,9,9","+0264,1","+0216,1","10081,1",,,,"04,1,+00800,1,09,1","99,9,+99999,9,03,1",,"9,AGL   ,+99999,+99999","07,99,1,04,1,99,9,00800,1,99,9,99,9","240,M,+0335,1","240,N,+0245,1","99999,9,09560,1","9,9,999,9,-009,1",,"SYN08043301 32596 71602 10264 20216 39560 40081 84330 333 10335 20245 59009 555 10086=",
"43301099999","2023-07-10T12:00:00","4","12.1333333","78.0333333","396.0","DHARMAPURI, IN","FM-12","99999","V020","250,1,N,0015,1","99999,9,9,N","010000,1,9,9","+0304,1","+0218,1","10035,1","09,0000,9,1",,,"05,1,+00800,1,09,1","99,9,+99999,9,03,1",,"9,AGL   ,+99999,+99999","08,99,1,05,1,99,9,00800,1,99,9,99,9","240,M,+0312,1",,"99999,9,09523,1","9,9,999,9,-010,1",,"SYN07043301 22597 82503 10304 20218 39523 40035 8537/ 333 10312 59010 6990/=","Q01  00002PRCP09"
"43301099999","2023-07-11T03:00:00","4","12.1333333","78.0333333","396.0","DHARMAPURI, IN","FM-12","99999","V020","999,9,C,0000,1","99999,9,9,N","004000,1,9,9","+0244,1","+0226,1","10078,1","24,0070,3,1",,,"05,1,+00800,1,09,1","99,9,+99999,9,03,1",,"9,AGL   ,+99999,+99999","08,99,1,05,1,99,9,00800,1,99,9,99,9","240,M,+0312,1","240,N,+0227,1","99999,9,09553,1","9,9,999,9,-007,1",,"SYN09243301 22596 80000 10244 20226 39553 40078 8537/ 333 10312 20227 59007 6007/ 555 00070 10093=",
"43301099999","2023-07-11T12:00:00","4","12.1333333","78.0333333","396.0","DHARMAPURI, IN","FM-12","99999","V020","290,1,N,0010,1","99999,9,9,N","010000,1,9,9","+0298,1","+0221,1","10038,1",,,,"05,1,+00800,1,09,1","99,9,+99999,9,03,1",,"9,AGL   ,+99999,+99999","08,99,1,05,1,99,9,00800,1,99,9,99,9","240,M,+0300,1",,"99999,9,09524,1","9,9,999,9,+001,1",,"SYN06443301 32597 82902 10298 20221 39524 40038 8537/ 333 10300 58001=",
"43301099999","2023-07-12T03:00:00","4","12.1333333","78.0333333","396.0","DHARMAPURI, IN","FM-12","99999","V020","250,1,N,0010,1","99999,9,9,N","004000,1,9,9","+0248,1","+0215,1","10079,1","24,0000,9,1",,,"05,1,+00800,1,09,1","99,9,+99999,9,03,1",,"9,AGL   ,+99999,+99999","08,99,1,05,1,99,9,00800,1,99,9,99,9","240,M,+0300,1","240,N,+0232,1","99999,9,09554,1","9,9,999,9,+001,1",,"SYN08643301 22596 82502 10248 20215 39554 40079 8537/ 333 10300 20232 58001 6990/ 555 10093=","Q01  00002PRCP24"
"43301099999","2023-07-13T03:00:00","4","12.1333333","78.0333333","396.0","DHARMAPURI, IN","FM-12","99999","V020","999,9,C,0000,1","99999,9,9,N","010000,1,9,9","+0254,1","+0212,1","10076,1","24,0160,3,1",,,"02,1,+00800,1,08,1","99,9,+99999,9,03,1","99,9,+99999,9,00,1","9,AGL   ,+99999,+99999","05,99,1,02,1,99,9,00800,1,99,9,99,9","240,M,+0340,1","240,N,+0225,1","99999,9,09553,1","9,9,999,9,-001,1",,"SYN09243301 22597 50000 10254 20212 39553 40076 82231 333 10340 20225 59001 6016/ 555 00160 10109=",
"43301099999","2023-07-14T03:00:00","4","12.1333333","78.0333333","396.0","DHARMAPURI, IN","FM-12","99999","V020","250,1,N,0010,1","99999,9,9,N","010000,1,9,9","+0242,1","+0218,1","10096,1","24,0070,3,1",,,"03,1,+00800,1,08,1","99,9,+99999,9,03,1","99,9,+99999,9,00,1","9,AGL   ,+99999,+99999","06,99,1,03,1,99,9,00800,1,99,9,99,9","240,M,+0337,1","240,N,+0225,1","99999,9,09570,1","9,9,999,9,+017,1",,"SYN09243301 22597 62502 10242 20218 39570 40096 83231 333 10337 20225 58017 6007/ 555 00070 10116=",
"43301099999","2023-07-14T12:00:00","4","12.1333333","78.0333333","396.0","DHARMAPURI, IN","FM-12","99999","V020","250,1,N,0010,1","99999,9,9,N","010000,1,9,9","+0322,1","+0205,1","10042,1",,,,"03,1,+00800,1,08,1","99,9,+99999,9,03,1","99,9,+99999,9,00,1","9,AGL   ,+99999,+99999","06,99,1,03,1,99,9,00800,1,99,9,99,9","240,M,+0330,1",,"99999,9,09532,1","9,9,999,9,-002,1",,"SYN06443301 32597 62502 10322 20205 39532 40042 83231 333 10330 59002=",
"43301099999","2023-07-15T03:00:00","4","12.1333333","78.0333333","396.0","DHARMAPURI, IN","FM-12","99999","V020","250,1,N,0010,1","22000,1,9,N","010000,1,9,9","+0254,1","+0205,1","10087,1",,,,"02,1,+00800,1,08,1","99,9,+99999,9,00,1",,"9,AGL   ,+99999,+99999","03,99,1,02,1,99,9,00800,1,99,9,99,9","240,M,+0330,1","240,N,+0230,1","99999,9,09564,1","9,9,999,9,-006,1",,"SYN08043301 32597 32502 10254 20205 39564 40087 82101 333 10330 20230 59006 555 10116=",
"43301099999","2023-07-15T12:00:00","4","12.1333333","78.0333333","396.0","DHARMAPURI, IN","FM-12","99999","V020","250,1,N,0010,1","99999,9,9,N","010000,1,9,9","+0324,1","+0201,1","10040,1",,,,"03,1,+00800,1,08,1","99,9,+99999,9,03,1","99,9,+99999,9,00,1","9,AGL   ,+99999,+99999","06,99,1,03,1,99,9,00800,1,99,9,99,9","240,M,+0330,1",,"99999,9,09530,1","9,9,999,9,-002,1",,"SYN06443301 32597 62502 10324 20201 39530 40040 83231 333 10330 59002=",
"43301099999","2023-07-16T03:00:00","4","12.1333333","78.0333333","396.0","DHARMAPURI, IN","FM-12","99999","V020","250,1,N,0010,1","22000,1,9,N","010000,1,9,9","+0254,1","+0208,1","10085,1",,,,"01,1,+00800,1,08,1","99,9,+99999,9,03,1","99,9,+99999,9,00,1","9,AGL   ,+99999,+99999","03,99,1,01,1,99,9,00800,1,99,9,99,9","240,M,+0330,1","240,N,+0235,1","99999,9,09562,1","9,9,999,9,-002,1",,"SYN08043301 32597 32502 10254 20208 39562 40085 81131 333 10330 20235 59002 555 10116=",
"43301099999","2023-07-16T12:00:00","4","12.1333333","78.0333333","396.0","DHARMAPURI, IN","FM-12","99999","V020","250,1,N,0015,1","99999,9,9,N","010000,1,9,9","+0304,1","+0199,1","10041,1",,,,"03,1,+00800,1,08,1","99,9,+99999,9,03,1","99,9,+99999,9,00,1","9,AGL   ,+99999,+99999","06,99,1,03,1,99,9,00800,1,99,9,99,9","240,M,+0340,1",,"99999,9,09529,1","9,9,999,9,-001,1",,"SYN06443301 32597 62503 10304 20199 39529 40041 83231 333 10340 59001=",
"43301099999","2023-07-17T12:00:00","4","12.1333333","78.0333333","396.0","DHARMAPURI, IN","FM-12","99999","V020","250,1,N,0021,1","99999,9,9,N","010000,1,9,9","+0328,1","+0202,1","10013,1",,,,"03,1,+00800,1,08,1","99,9,+99999,9,03,1","99,9,+99999,9,00,1","9,AGL   ,+99999,+99999","06,99,1,03,1,99,9,00800,1,99,9,99,9","240,M,+0340,1",,"99999,9,09506,1","9,9,999,9,-023,1",,"SYN06443301 32597 62504 10328 20202 39506 40013 83231 333 10340 59023=",
"43301099999","2023-07-18T03:00:00","4","12.1333333","78.0333333","396.0","DHARMAPURI, IN","FM-12","99999","V020","250,1,N,0010,1","99999,9,9,N","010000,1,9,9","+0258,1","+0210,1","10071,1",,,,"02,1,+00800,1,08,1","99,9,+99999,9,03,1","99,9,+99999,9,00,1","9,AGL   ,+99999,+99999","05,99,1,02,1,99,9,00800,1,99,9,99,9","240,M,+0340,1","240,N,+0242,1","99999,9,09549,1","9,9,999,9,+002,1",,"SYN08043301 32597 52502 10258 20210 39549 40071 82231 333 10340 20242 58002 555 10116=",
"43301099999","2023-07-18T12:00:00","4","12.1333333","78.0333333","396.0","DHARMAPURI, IN","FM-12","99999","V020","290,1,N,0015,1","99999,9,9,N","010000,1,9,9","+0322,1","+0168,1","10019,1",,,,"02,1,+00800,1,08,1","99,9,+99999,9,03,1","99,9,+99999,9,00,1","9,AGL   ,+99999,+99999","06,99,1,02,1,99,9,00800,1,99,9,99,9","240,M,+0330,1",,"99999,9,09511,1","9,9,999,9,+005,1",,"SYN06443301 32597 62903 10322 20168 39511 40019 82231 333 10330 58005=",
"43301099999","2023-07-19T03:00:00","4","12.1333333","78.0333333","396.0","DHARMAPURI, IN","FM-12","99999","V020","250,1,N,0010,1","99999,9,9,N","010000,1,9,9","+0262,1","+0204,1","10053,1",,,,"03,1,+00800,1,09,1","99,9,+99999,9,03,1","99,9,+99999,9,00,1","9,AGL   ,+99999,+99999","07,99,1,03,1,99,9,00800,1,99,9,99,9","240,M,+0330,1","240,N,+0232,1","99999,9,09533,1","9,9,999,9,-016,1",,"SYN08043301 32597 72502 10262 20204 39533 40053 83331 333 10330 20232 59016 555 10116=",
"43301099999","2023-07-19T12:00:00","4","12.1333333","78.0333333","396.0","DHARMAPURI, IN","FM-12","99999","V020","290,1,N,0015,1","99999,9,9,N","010000,1,9,9","+0324,1","+0174,1","10006,1",,,,"04,1,+00800,1,09,1","99,9,+99999,9,03,1",,"9,AGL   ,+99999,+99999","07,99,1,04,1,99,9,00800,1,99,9,99,9",,,"99999,9,09499,1","9,9,999,9,-012,1",,"SYN06443301 32597 72903 10324 20174 39499 40006 84330 333 10335 59012=",
"43301099999","2023-07-20T03:00:00","4","12.1333333","78.0333333","396.0","DHARMAPURI, IN","FM-12","99999","V020","290,1,N,0010,1","99999,9,9,N","010000,1,9,9","+0268,1","+0201,1","10052,1",,,,"02,1,+00800,1,08,1","99,9,+99999,9,03,1","99,9,+99999,9,00,1","9,AGL   ,+99999,+99999","06,99,1,02,1,99,9,00800,1,99,9,99,9","240,M,+0335,1","240,N,+0240,1","99999,9,09532,1","9,9,999,9,-001,1",,"SYN08043301 32597 62902 10268 20201 39532 40052 82231 333 10335 20240 59001 555 10116=",
"43301099999","2023-07-21T12:00:00","4","12.1333333","78.0333333","396.0","DHARMAPURI, IN","FM-12","99999","V020","250,1,N,0036,1","99999,9,9,N","010000,1,9,9","+0322,1","+0176,1","10024,1","09,0000,9,1",,,"04,1,+00800,1,09,1","99,9,+99999,9,03,1",,"9,AGL   ,+99999,+99999","07,99,1,04,1,99,9,00800,1,99,9,99,9","240,M,+0345,1",,"99999,9,09516,1","9,9,999,9,+014,1",,"SYN07043301 22597 72507 10322 20176 39516 40024 84330 333 10345 58014 6990/=","Q01  00002PRCP09"
"43301099999","2023-07-22T03:00:00","4","12.1333333","78.0333333","396.0","DHARMAPURI, IN","FM-12","99999","V020","290,1,N,0015,1","99999,9,9,N","004000,1,9,9","+0268,1","+0201,1","10065,1","24,0000,9,1",,,"05,1,+00800,1,09,1","99,9,+99999,9,03,1",,"9,AGL   ,+99999,+99999","08,99,1,05,1,99,9,00800,1,99,9,99,9","240,M,+0345,1","240,N,+0242,1","99999,9,09545,1","9,9,999,9,+014,1",,"SYN08643301 22596 82903 10268 20201 39545 40065 8537/ 333 10345 20242 58014 6990/ 555 10116=","Q01  00002PRCP24"
"43301099999","2023-07-22T12:00:00","4","12.1333333","78.0333333","396.0","DHARMAPURI, IN","FM-12","99999","V020","290,1,N,0015,1","99999,9,9,N","010000,1,9,9","+0268,1","+0224,1","10057,1","09,0010,3,1",,,"04,1,+00800,1,09,1","99,9,+99999,9,03,1",,"9,AGL   ,+99999,+99999","07,99,1,04,1,99,9,00800,1,99,9,99,9","240,M,+0302,1",,"99999,9,09537,1","9,9,999,9,+021,1",,"SYN07043301 22597 72903 10268 20224 39537 40057 84330 333 10302 58021 6001/=",
"43301099999","2023-07-23T03:00:00","4","12.1333333","78.0333333","396.0","DHARMAPURI, IN","FM-12","99999","V020","250,1,N,0010,1","99999,9,9,N","004000,1,9,9","+0248,1","+0224,1","10066,1","24,0020,3,1",,,"05,1,+00800,1,09,1","99,9,+99999,9,03,1",,"9,AGL   ,+99999,+99999","07,99,1,05,1,99,9,00800,1,99,9,99,9","240,M,+0302,1","240,N,+0235,1","99999,9,09542,1","9,9,999,9,-003,1",,"SYN09243301 22596 72502 10248 20224 39542 40066 85330 333 10302 20235 59003 6002/ 555 00020 10118=",
"43301099999","2023-07-23T12:00:00","4","12.1333333","78.0333333","396.0","DHARMAPURI, IN","FM-12","99999","V020","290,1,N,0021,1","99999,9,9,N","010000,1,9,9","+0292,1","+0208,1","10055,1","09,0000,9,1",,,"05,1,+00800,1,09,1","99,9,+99999,9,03,1",,"9,AGL   ,+99999,+99999","08,99,1,05,1,99,9,00800,1,99,9,99,9","240,M,+0305,1",,"99999,9,09540,1","9,9,999,9,+003,1",,"SYN07043301 22597 82904 10292 20208 39540 40055 8537/ 333 10305 58003 6990/=","Q01  00002PRCP09"
"43301099999","2023-07-24T03:00:00","4","12.1333333","78.0333333","396.0","DHARMAPURI, IN","FM-12","99999","V020","290,1,N,0010,1","99999,9,9,N","004000,1,9,9","+0254,1","+0215,1","10075,1","24,0000,9,1","2,1,02,1","2,1,02,1","04,1,+00800,1,09,1","99,9,+99999,9,03,1",,"9,AGL   ,+99999,+99999","07,99,1,04,1,99,9,00800,1,99,9,99,9","240,M,+0305,1","240,N,+0235,1","99999,9,09552,1","9,9,999,9,+010,1","05,1","SYN09243301 21596 72902 10254 20215 39552 40075 70522 84330 333 10305 20235 58010 6990/ 555 10118=","Q01  00002PRCP24"
"43301099999","2023-07-24T12:00:00","4","12.1333333","78.0333333","396.0","DHARMAPURI, IN","FM-12","99999","V020","200,1,N,0010,1","99999,9,9,N","010000,1,9,9","+0248,1","+0224,1","10058,1","09,0040,3,1",,,"04,1,+00800,1,06,1","99,9,+99999,9,03,1",,"9,AGL   ,+99999,+99999","08,99,1,04,1,99,9,00800,1,99,9,99,9","240,M,+0300,1",,"99999,9,09534,1","9,9,999,9,-006,1",,"SYN07043301 21597 82002 10248 20224 39534 40058 8457/ 333 10300 59006 6004/=",
"43301099999","2023-07-25T03:00:00","4","12.1333333","78.0333333","396.0","DHARMAPURI, IN","FM-12","99999","V020","250,1,N,0010,1","99999,9,9,N","004000,1,9,9","+0226,1","+0214,1","10078,1","24,0130,3,1","6,1,02,1","5,1,02,1","05,1,+00800,1,06,1","99,9,+99999,9,03,1",,"9,AGL   ,+99999,+99999","08,99,1,05,1,99,9,00800,1,99,9,99,9","240,M,+0300,1","240,N,+0220,1","99999,9,09550,1","9,9,999,9,-002,1","50,1","SYN09843301 21596 82502 10226 20214 39550 40078 75065 8547/ 333 10300 20220 59002 6013/ 555 00130 10131=",
"43301099999","2023-07-25T12:00:00","4","12.1333333","78.0333333","396.0","DHARMAPURI, IN","FM-12","99999","V020","999,9,C,0000,1","99999,9,9,N","010000,1,9,9","+0246,1","+0225,1","10060,1","09,0040,3,1",,,"05,1,+00800,1,06,1","99,9,+99999,9,03,1",,"9,AGL   ,+99999,+99999","08,99,1,05,1,99,9,00800,1,99,9,99,9","240,M,+0255,1",,"99999,9,09536,1","9,9,999,9,+002,1",,"SYN07043301 21597 80000 10246 20225 39536 40060 8547/ 333 10255 58002 6004/=",
"43301099999","2023-07-26T03:00:00","4","12.1333333","78.0333333","396.0","DHARMAPURI, IN","FM-12","99999","V020","230,1,N,0010,1","99999,9,9,N","004000,1,9,9","+0238,1","+0217,1","10087,1","24,0150,3,1","6,1,02,1","5,1,02,1","04,1,+00800,1,09,1","99,9,+99999,9,03,1",,"9,AGL   ,+99999,+99999","07,99,1,04,1,99,9,00800,1,99,9,99,9","240,M,+0255,1","240,N,+0212,1","99999,9,09561,1","9,9,999,9,+011,1","50,1","SYN09843301 22596 72302 10238 20217 39561 40087 75065 84330 333 10255 20212 58011 6015/ 555 00150 10146=",
"43301099999","2023-07-26T12:00:00","4","12.1333333","78.0333333","396.0","DHARMAPURI, IN","FM-12","99999","V020","250,1,N,0010,1","99999,9,9,N","010000,1,9,9","+0254,1","+0227,1","10062,1","09,0020,3,1",,,"05,1,+00800,1,09,1","99,9,+99999,9,03,1",,"9,AGL   ,+99999,+99999","08,99,1,05,1,99,9,00800,1,99,9,99,9","240,M,+0287,1",,"99999,9,09540,1","9,9,999,9,+004,1",,"SYN07043301 21597 82502 10254 20227 39540 40062 8537/ 333 10287 58004 6002/=",
"43301099999","2023-07-27T03:00:00","4","12.1333333","78.0333333","396.0","DHARMAPURI, IN","FM-12","99999","V020","250,1,N,0015,1","99999,9,9,N","010000,1,9,9","+0238,1","+0207,1","10111,1","24,0030,3,1",,,"03,1,+00800,1,08,1","99,9,+99999,9,03,1","99,9,+99999,9,00,1","9,AGL   ,+99999,+99999","06,99,1,03,1,99,9,00800,1,99,9,99,9","240,M,+0287,1","240,N,+0220,1","99999,9,09583,1","9,9,999,9,+022,1",,"SYN09243301 22597 62503 10238 20207 39583 40111 83231 333 10287 20220 58022 6003/ 555 00030 10149=",
"43301099999","2023-07-27T12:00:00","4","12.1333333","78.0333333","396.0","DHARMAPURI, IN","FM-12","99999","V020","290,1,N,0010,1","99999,9,9,N","010000,1,9,9","+0304,1","+0205,1","10054,1","09,0000,9,1",,,"04,1,+00800,1,09,1","99,9,+99999,9,03,1",,"9,AGL   ,+99999,+99999","07,99,1,04,1,99,9,00800,1,99,9,99,9","240,M,+0315,1",,"99999,9,09541,1","9,9,999,9,+001,1",,"SYN07043301 21597 72902 10304 20205 39541 40054 84330 333 10315 58001 6990/=","Q01  00002PRCP09"
"43301099999","2023-07-28T03:00:00","4","12.1333333","78.0333333","396.0","DHARMAPURI, IN","FM-12","99999","V020","290,1,N,0026,1","22000,1,9,N","010000,1,9,9","+0254,1","+0195,1","10088,1","24,0000,9,1",,,"02,1,+00800,1,08,1","99,9,+99999,9,03,1",,"9,AGL   ,+99999,+99999","03,99,1,02,1,99,9,00800,1,99,9,99,9","240,M,+0315,1","240,N,+0230,1","99999,9,09565,1","9,9,999,9,-018,1",,"SYN08643301 22597 32905 10254 20195 39565 40088 82130 333 10315 20230 59018 6990/ 555 10149=","Q01  00002PRCP24"
"43301099999","2023-07-28T12:00:00","4","12.1333333","78.0333333","396.0","DHARMAPURI, IN","FM-12","99999","V020","290,1,N,0015,1","99999,9,9,N","010000,1,9,9","+0308,1","+0199,1","10046,1",,,,"04,1,+00800,1,09,1","99,9,+99999,9,03,1",,"9,AGL   ,+99999,+99999","07,99,1,04,1,99,9,00800,1,99,9,99,9","240,M,+0322,1",,"99999,9,09533,1","9,9,999,9,-008,1",,"SYN06443301 32597 72903 10308 20199 39533 40046 84330 333 10322 59008=",
"43301099999","2023-07-29T03:00:00","4","12.1333333","78.0333333","396.0","DHARMAPURI, IN","FM-12","99999","V020","290,1,N,0015,1","22000,1,9,N","010000,1,9,9","+0262,1","+0194,1","10085,1",,,,"02,1,+00800,1,08,1","99,9,+99999,9,03,1","99,9,+99999,9,00,1","9,AGL   ,+99999,+99999","04,99,1,02,1,99,9,00800,1,99,9,99,9","240,M,+0322,1","240,N,+0237,1","99999,9,09564,1","9,9,999,9,-001,1",,"SYN08043301 32597 42903 10262 20194 39564 40085 82131 333 10322 20237 59001 555 10149=",
"43301099999","2023-07-29T12:00:00","4","12.1333333","78.0333333","396.0","DHARMAPURI, IN","FM-12","99999","V020","290,1,N,0015,1","99999,9,9,N","010000,1,9,9","+0308,1","+0195,1","10054,1",,,,"04,1,+00800,1,09,1","99,9,+99999,9,03,1",,"9,AGL   ,+99999,+99999","07,99,1,04,1,99,9,00800,1,99,9,99,9","240,M,+0325,1",,"99999,9,09541,1","9,9,999,9,+008,1",,"SYN06443301 32597 72903 10308 20195 39541 40054 84330 333 10325 58008=",
"43301099999","2023-07-30T03:00:00","4","12.1333333","78.0333333","396.0","DHARMAPURI, IN","FM-12","99999","V020","250,1,N,0015,1","22000,1,9,N","010000,1,9,9","+0256,1","+0197,1","10086,1",,,,"01,1,+00800,1,08,1","99,9,+99999,9,00,1",,"9,AGL   ,+99999,+99999","02,99,1,01,1,99,9,00800,1,99,9,99,9","240,M,+0325,1","240,N,+0230,1","99999,9,09563,1","9,9,999,9,-001,1",,"SYN08043301 32597 22503 10256 20197 39563 40086 81101 333 10325 20230 59001 555 10149=",
"43301099999","2023-07-30T12:00:00","4","12.1333333","78.0333333","396.0","DHARMAPURI, IN","FM-12","99999","V020","250,1,N,0021,1","99999,9,9,N","010000,1,9,9","+0326,1","+0188,1","10034,1",,,,"04,1,+00800,1,09,1","99,9,+99999,9,03,1",,"9,AGL   ,+99999,+99999","07,99,1,04,1,99,9,00800,1,99,9,99,9","240,M,+0337,1",,"99999,9,09526,1","9,9,999,9,-007,1",,"SYN06443301 32597 72504 10326 20188 39526 40034 84330 333 10337 59007=",
"43301099999","2023-07-31T03:00:00","4","12.1333333","78.0333333","396.0","DHARMAPURI, IN","FM-12","99999","V020","250,1,N,0021,1","22000,1,9,N","010000,1,9,9","+0272,1","+0202,1","10083,1",,,,"02,1,+00800,1,08,1","99,9,+99999,9,05,1",,"9,AGL   ,+99999,+99999","03,99,1,02,1,99,9,00800,1,99,9,99,9","240,M,+0337,1","240,N,+0245,1","99999,9,09564,1","9,9,999,9,+001,1",,"SYN08043301 32597 32504 10272 20202 39564 40083 82120 333 10337 20245 58001 555 10149=",
"43301099999","2023-07-31T12:00:00","4","12.1333333","78.0333333","396.0","DHARMAPURI, IN","FM-12","99999","V020","250,1,N,0015,1","99999,9,9,N","010000,1,9,9","+0326,1","+0200,1","10036,1",,,,"03,1,+00800,1,08,1","99,9,+99999,9,03,1","99,9,+99999,9,00,1","9,AGL   ,+99999,+99999","06,99,1,03,1,99,9,00800,1,99,9,99,9","240,M,+0350,1",,"99999,9,09528,1","9,9,999,9,+002,1",,"SYN06443301 32597 62503 10326 20200 39528 40036 83231 333 10350 58002=",
"43301099999","2023-08-01T03:00:00","4","12.1333333","78.0333333","396.0","DHARMAPURI, IN","FM-12","99999","V020","290,1,N,0010,1","99999,9,9,N","010000,1,9,9","+0268,1","+0228,1","10083,1",,,,"04,1,+00800,1,09,1","99,9,+99999,9,03,1",,"9,AGL   ,+99999,+99999","07,99,1,04,1,99,9,00800,1,99,9,99,9","240,M,+0350,1","240,N,+0245,1","99999,9,09562,1","9,9,999,9,-002,1",,"SYN08043301 32597 72902 10268 20228 39562 40083 84330 333 10350 20245 59002 555 10149=",
"43301099999","2023-08-01T12:00:00","4","12.1333333","78.0333333","396.0","DHARMAPURI, IN","FM-12","99999","V020","290,1,N,0015,1","99999,9,9,N","010000,1,9,9","+0326,1","+0173,1","10037,1",,,,"03,1,+00800,1,08,1","99,9,+99999,9,03,1","99,9,+99999,9,00,1","9,AGL   ,+99999,+99999","07,99,1,03,1,99,9,00800,1,99,9,99,9",,,"99999,9,09529,1","9,9,999,9,+001,1",,"SYN06443301 32597 72903 10326 20173 39529 40037 83231 333 10345 58001=",
"43301099999","2023-08-02T03:00:00","4","12.1333333","78.0333333","396.0","DHARMAPURI, IN","FM-12","99999","V020","200,1,N,0015,1","22000,1,9,N","010000,1,9,9","+0268,1","+0190,1","10088,1",,,,"01,1,+00800,1,08,1","99,9,+99999,9,03,1","99,9,+99999,9,00,1","9,AGL   ,+99999,+99999","03,99,1,01,1,99,9,00800,1,99,9,99,9","240,M,+0345,1","240,N,+0235,1","99999,9,09567,1","9,9,999,9,+005,1",,"SYN08043301 32597 32003 10268 20190 39567 40088 81131 333 10345 20235 58005 555 10149=",
"43301099999","2023-08-02T12:00:00","4","12.1333333","78.0333333","396.0","DHARMAPURI, IN","FM-12","99999","V020","290,1,N,0015,1","99999,9,9,N","010000,1,9,9","+0332,1","+0169,1","10044,1",,,,"03,1,+00800,1,08,1","99,9,+99999,9,03,1",,"9,AGL   ,+99999,+99999","05,99,1,03,1,99,9,00800,1,99,9,99,9","240,M,+0342,1",,"99999,9,09536,1","9,9,999,9,+007,1",,"SYN06443301 32597 52903 10332 20169 39536 40044 83230 333 10342 58007=",
"43301099999","2023-08-03T03:00:00","4","12.1333333","78.0333333","396.0","DHARMAPURI, IN","FM-12","99999","V020","250,1,N,0010,1","99999,9,9,N","010000,1,9,9","+0256,1","+0204,1","10079,1",,,,"03,1,+00800,1,08,1","99,9,+99999,9,03,1","99,9,+99999,9,00,1","9,AGL   ,+99999,+99999","06,99,1,03,1,99,9,00800,1,99,9,99,9","240,M,+0342,1","240,N,+0235,1","99999,9,09556,1","9,9,999,9,-011,1",,"SYN08043301 32597 62502 10256 20204 39556 40079 83231 333 10342 20235 59011 555 10149=",
"43301099999","2023-08-03T12:00:00","4","12.1333333","78.0333333","396.0","DHARMAPURI, IN","FM-12","99999","V020","290,1,N,0015,1","99999,9,9,N","010000,1,9,9","+0336,1","+0178,1","10038,1",,,,"02,1,+00800,1,08,1","99,9,+99999,9,03,1","99,9,+99999,9,00,1","9,AGL   ,+99999,+99999","05,99,1,02,1,99,9,00800,1,99,9,99,9","240,M,+0350,1",,"99999,9,09530,1","9,9,999,9,-006,1",,"SYN06443301 32597 52903 10336 20178 39530 40038 82231 333 10350 59006=",
"43301099999","2023-08-04T03:00:00","4","12.1333333","78.0333333","396.0","DHARMAPURI, IN","FM-12","99999","V020","250,1,N,0010,1","99999,9,9,N","010000,1,9,9","+0268,1","+0201,1","10100,1",,,,"03,1,+00800,1,08,1","99,9,+99999,9,03,1",,"9,AGL   ,+99999,+99999","05,99,1,03,1,99,9,00800,1,99,9,99,9","240,M,+0350,1","240,N,+0235,1","99999,9,09878,1","9,9,999,9,+022,1",,"SYN08043301 32597 52502 10268 20201 39878 40100 83230 333 10350 20235 58022 555 10149=",
"43301099999","2023-08-04T12:00:00","4","12.1333333","78.0333333","396.0","DHARMAPURI, IN","FM-12","99999","V020","290,1,N,0015,1","99999,9,9,N","010000,1,9,9","+0338,1","+0185,1","10052,1",,,,"03,1,+00800,1,08,1","99,9,+99999,9,03,1",,"9,AGL   ,+99999,+99999","05,99,1,03,1,99,9,00800,1,99,9,99,9","240,M,+0357,1",,"99999,9,09544,2","9,9,999,9,+014,1",,"SYN06443301 32597 52903 10338 20185 39544 40052 83230 333 10357 58014=",
"43301099999","2023-08-05T03:00:00","4","12.1333333","78.0333333","396.0","DHARMAPURI, IN","FM-12","99999","V020","250,1,N,0026,1","22000,1,9,N","010000,1,9,9","+0264,1","+0193,1","10113,1","24,0010,3,1",,,"01,1,+00800,1,08,1","99,9,+99999,9,03,1","99,9,+99999,9,00,1","9,AGL   ,+99999,+99999","03,99,1,01,1,99,9,00800,1,99,9,99,9","240,M,+0357,1","240,N,+0240,1","99999,9,09590,1","9,9,999,9,+012,1",,"SYN09243301 22597 32505 10264 20193 39590 40113 81131 333 10357 20240 58012 6001/ 555 00010 10150=",
"43301099999","2023-08-05T12:00:00","4","12.1333333","78.0333333","396.0","DHARMAPURI, IN","FM-12","99999","V020","290,1,N,0010,1","99999,9,9,N","010000,1,9,9","+0328,1","+0191,1","10062,1",,,,"03,1,+00800,1,08,1","99,9,+99999,9,03,1",,"9,AGL   ,+99999,+99999","06,99,1,03,1,99,9,00800,1,99,9,99,9","240,M,+0345,1",,"99999,9,09551,1","9,9,999,9,+007,1",,"SYN06443301 32597 62902 10328 20191 39551 40062 83230 333 10345 58007=",
"43301099999","2023-08-06T03:00:00","4","12.1333333","78.0333333","396.0","DHARMAPURI, IN","FM-12","99999","V020","290,1,N,0015,1","22000,1,9,N","010000,1,9,9","+0274,1","+0204,1","10108,1",,,,"01,1,+00800,1,08,1","99,9,+99999,9,03,1","99,9,+99999,9,00,1","9,AGL   ,+99999,+99999","03,99,1,01,1,99,9,00800,1,99,9,99,9","240,M,+0345,1","240,N,+0246,1","99999,9,09588,1","9,9,999,9,-002,1",,"SYN08043301 32597 32903 10274 20204 39588 40108 81131 333 10345 20246 59002 555 10150=",
"43301099999","2023-08-06T12:00:00","4","12.1333333","78.0333333","396.0","DHARMAPURI, IN","FM-12","99999","V020","290,1,N,0015,1","22000,1,9,N","010000,1,9,9","+0352,1","+0176,1","10036,1",,,,"02,1,+00800,1,08,1","99,9,+99999,9,03,1",,"9,AGL   ,+99999,+99999","04,99,1,02,1,99,9,00800,1,99,9,99,9","240,M,+0362,1",,"99999,9,09532,1","9,9,999,9,-019,1",,"SYN06443301 32597 42903 10352 20176 39532 40036 82230 333 10362 59019=",
"43301099999","2023-08-07T03:00:00","4","12.1333333","78.0333333","396.0","DHARMAPURI, IN","FM-12","99999","V020","090,1,N,0026,1","99999,9,9,N","010000,1,9,9","+0272,1","+0195,1","10085,1",,,,"01,1,+99999,9,08,1","99,9,+99999,9,00,1",,"9,AGL   ,+99999,+99999","99,99,9,01,1,99,9,99999,9,99,9,99,9","240,M,+0362,1","240,N,+0250,1","99999,9,09566,1","9,9,999,9,-022,1",,"SYN08043301 32597 00905 10272 20195 39566 40085 81101 333 10362 20250 59022 555 10150=",
"43301099999","2023-08-07T12:00:00","4","12.1333333","78.0333333","396.0","DHARMAPURI, IN","FM-12","99999","V020","290,1,N,0010,1","22000,1,9,N","010000,1,9,9","+0358,1","+0184,1","10016,1",,,,"02,1,+00800,1,08,1","99,9,+99999,9,03,1",,"9,AGL   ,+99999,+99999","03,99,1,02,1,99,9,00800,1,99,9,99,9","240,M,+0367,1",,"99999,9,09513,1","9,9,999,9,-019,1",,"SYN06443301 32597 32902 10358 20184 39513 40016 82130 333 10367 59019=",
"43301099999","2023-08-08T03:00:00","4","12.1333333","78.0333333","396.0","DHARMAPURI, IN","FM-12","99999","V020","290,1,N,0021,1","99999,9,9,N","010000,1,9,9","+0272,1","+0199,1","10078,1",,,,"03,1,+00800,1,08,1","99,9,+99999,9,03,1","99,9,+99999,9,00,1","9,AGL   ,+99999,+99999","07,99,1,03,1,99,9,00800,1,99,9,99,9","240,M,+0367,1","240,N,+0250,1","99999,9,09559,1","9,9,999,9,-007,1",,"SYN08043301 32597 72904 10272 20199 39559 40078 83231 333 10367 20250 59007 555 10150=",
"43301099999","2023-08-08T12:00:00","4","12.1333333","78.0333333","396.0","DHARMAPURI, IN","FM-12","99999","V020","290,1,N,0015,1","99999,9,9,N","010000,1,9,9","+0344,1","+0181,1","10041,1",,,,"03,1,+00800,1,08,1","99,9,+99999,9,03,1","99,9,+99999,9,00,1","9,AGL   ,+99999,+99999","07,99,1,03,1,99,9,00800,1,99,9,99,9","240,M,+0350,1",,"99999,9,09535,1","9,9,999,9,+022,1",,"SYN06443301 32597 72903 10344 20181 39535 40041 83231 333 10350 58022=",
"43301099999","2023-08-09T03:00:00","4","12.1333333","78.0333333","396.0","DHARMAPURI, IN","FM-12","99999","V020","250,1,N,0010,1","22000,1,9,N","010000,1,9,9","+0268,1","+0201,1","10101,1",,,,"01,1,+00800,1,08,1","99,9,+99999,9,00,1",,"9,AGL   ,+99999,+99999","02,99,1,01,1,99,9,00800,1,99,9,99,9","240,M,+0350,1","240,N,+0250,1","99999,9,09579,1","9,9,999,9,+020,1",,"SYN08043301 32597 22502 10268 20201 39579 40101 81101 333 10350 20250 58020 555 10150=",
"43301099999","2023-08-09T12:00:00","4","12.1333333","78.0333333","396.0","DHARMAPURI, IN","FM-12","99999","V020","070,1,N,0010,1","99999,9,9,N","010000,1,9,9","+0348,1","+0198,1","10042,1",,,,"02,1,+00800,1,08,1","99,9,+99999,9,03,1","99,9,+99999,9,00,1","9,AGL   ,+99999,+99999","05,99,1,02,1,99,9,00800,1,99,9,99,9","240,M,+0357,1",,"99999,9,09536,1","9,9,999,9,+001,1",,"SYN06443301 32597 50702 10348 20198 39536 40042 82231 333 10357 58001=",
"43301099999","2023-08-10T03:00:00","4","12.1333333","78.0333333","396.0","DHARMAPURI, IN","FM-12","99999","V020","250,1,N,0010,1","99999,9,9,N","004000,1,9,9","+0246,1","+0231,1","10113,1","24,0560,3,1",,,"03,1,+00800,1,08,1","99,9,+99999,9,03,1","99,9,+99999,9,00,1","9,AGL   ,+99999,+99999","07,99,1,03,1,99,9,00800,1,99,9,99,9","240,M,+0357,1","240,N,+0212,1","99999,9,09587,1","9,9,999,9,+008,1",,"SYN09243301 22596 72502 10246 20231 39587 40113 83231 333 10357 20212 58008 6056/ 555 00560 10206=",
"43301099999","2023-08-11T03:00:00","4","12.1333333","78.0333333","396.0","DHARMAPURI, IN","FM-12","99999","V020","999,9,C,0000,1","22000,1,9,N","010000,1,9,9","+0248,1","+0230,1","10103,1","24,0040,3,1",,,"02,1,+00800,1,08,1","99,9,+99999,9,03,1",,"9,AGL   ,+99999,+99999","03,99,1,02,1,99,9,00800,1,99,9,99,9","240,M,+0320,1","240,N,+0230,1","99999,9,09577,1","9,9,999,9,-010,1",,"SYN09243301 22597 30000 10248 20230 39577 40103 82230 333 10320 20230 59010 6004/ 555 00040 10210=",
"43301099999","2023-08-11T12:00:00","4","12.1333333","78.0333333","396.0","DHARMAPURI, IN","FM-12","99999","V020","200,1,N,0015,1","99999,9,9,N","010000,1,9,9","+0304,1","+0231,1","10038,1",,,,"05,1,+00800,1,09,1","99,9,+99999,9,03,1",,"9,AGL   ,+99999,+99999","08,99,1,05,1,99,9,00800,1,99,9,99,9","240,M,+0330,1",,"99999,9,09526,1","9,9,999,9,-024,1",,"SYN06443301 32597 82003 10304 20231 39526 40038 8537/ 333 10330 59024=",
"43301099999","2023-08-12T03:00:00","4","12.1333333","78.0333333","396.0","DHARMAPURI, IN","FM-12","99999","V020","200,1,N,0010,1","99999,9,9,N","010000,1,9,9","+0252,1","+0225,1","10100,1","24,0000,9,1",,,"03,1,+00800,1,08,1","99,9,+99999,9,03,1","99,9,+99999,9,00,1","9,AGL   ,+99999,+99999","06,99,1,03,1,99,9,00800,1,99,9,99,9","240,M,+0330,1","240,N,+0225,1","99999,9,09576,1","9,9,999,9,-001,1",,"SYN08643301 22597 62002 10252 20225 39576 40100 83231 333 10330 20225 59001 6990/ 555 10210=","Q01  00002PRCP24"
"43301099999","2023-08-12T12:00:00","4","12.1333333","78.0333333","396.0","DHARMAPURI, IN","FM-12","99999","V020","999,9,C,0000,1","99999,9,9,N","010000,1,9,9","+0306,1","+0243,1","10046,1","09,0010,3,1",,,"04,1,+00800,1,09,1","99,9,+99999,9,03,1",,"9,AGL   ,+99999,+99999","06,99,1,04,1,99,9,00800,1,99,9,99,9","240,M,+0317,1",,"99999,9,09533,1","9,9,999,9,+007,1",,"SYN07043301 22597 60000 10306 20243 39533 40046 84330 333 10317 58007 6001/=",
"43301099999","2023-08-13T03:00:00","4","12.1333333","78.0333333","396.0","DHARMAPURI, IN","FM-12","99999","V020","290,1,N,0015,1","22000,1,9,N","010000,1,9,9","+0258,1","+0213,1","10097,1","24,0010,3,1",,,"01,1,+00800,1,08,1","99,9,+99999,9,00,1",,"9,AGL   ,+99999,+99999","02,99,1,01,1,99,9,00800,1,99,9,99,9","240,M,+0317,1","240,N,+0235,1","99999,9,09573,1","9,9,999,9,-003,1",,"SYN09243301 22597 22903 10258 20213 39573 40097 81101 333 10317 20235 59003 6001/ 555 00010 10211=",
"43301099999","2023-08-13T12:00:00","4","12.1333333","78.0333333","396.0","DHARMAPURI, IN","FM-12","99999","V020","290,1,N,0010,1","22000,1,9,N","010000,1,9,9","+0328,1","+0183,1","10040,1",,,,"02,1,+00800,1,08,1","99,9,+99999,9,03,1","99,9,+99999,9,00,1","9,AGL   ,+99999,+99999","04,99,1,02,1,99,9,00800,1,99,9,99,9","240,M,+0336,1",,"99999,9,09530,1","9,9,999,9,-003,1",,"SYN06443301 32597 42902 10328 20183 39530 40040 82231 333 10336 59003=",
"43301099999","2023-08-14T03:00:00","4","12.1333333","78.0333333","396.0","DHARMAPURI, IN","FM-12","99999","V020","200,1,N,0010,1","99999,9,9,N","004000,1,9,9","+0258,1","+0213,1","10095,1",,,,"03,1,+00800,1,09,1","99,9,+99999,9,03,1","99,9,+99999,9,00,1","9,AGL   ,+99999,+99999","07,99,1,03,1,99,9,00800,1,99,9,99,9","240,M,+0336,1","240,N,+0240,1","99999,9,09571,1","9,9,999,9,-002,1",,"SYN08043301 32596 72002 10258 20213 39571 40095 83331 333 10336 20240 59002 555 10211=",
"43301099999","2023-08-14T12:00:00","4","12.1333333","78.0333333","396.0","DHARMAPURI, IN","FM-12","99999","V020","200,1,N,0021,1","99999,9,9,N","010000,1,9,9","+0328,1","+0209,1","10046,1",,,,"02,1,+00800,1,08,1","99,9,+99999,9,03,1","99,9,+99999,9,00,1","9,AGL   ,+99999,+99999","05,99,1,02,1,99,9,00800,1,99,9,99,9","240,M,+0337,1",,"99999,9,09536,1","9,9,999,9,+006,1",,"SYN06443301 32597 52004 10328 20209 39536 40046 82231 333 10337 58006=",
"43301099999","2023-08-15T03:00:00","4","12.1333333","78.0333333","396.0","DHARMAPURI, IN","FM-12","99999","V020","290,1,N,0015,1","22000,1,9,N","010000,1,9,9","+0256,1","+0204,1","10101,1",,,,"01,1,+00800,1,08,1","99,9,+99999,9,00,1",,"9,AGL   ,+99999,+99999","02,99,1,01,1,99,9,00800,1,99,9,99,9","240,M,+0337,1","240,N,+0230,1","99999,9,09577,1","9,9,999,9,+006,1",,"SYN08043301 32597 22903 10256 20204 39577 40101 81101 333 10337 20230 58006 555 10211=",
"43301099999","2023-08-15T12:00:00","4","12.1333333","78.0333333","396.0","DHARMAPURI, IN","FM-12","99999","V020","250,1,N,0021,1","22000,1,9,N","010000,1,9,9","+0342,1","+0201,1","10036,1",,,,"02,1,+00800,1,08,1","99,9,+99999,9,03,1","99,9,+99999,9,00,1","9,AGL   ,+99999,+99999","04,99,1,02,1,99,9,00800,1,99,9,99,9","240,M,+0350,1",,"99999,9,09530,1","9,9,999,9,-006,1",,"SYN06443301 32597 42504 10342 20201 39530 40036 82131 333 10350 59006=",
"43301099999","2023-08-16T03:00:00","4","12.1333333","78.0333333","396.0","DHARMAPURI, IN","FM-12","99999","V020","250,1,N,0010,1","22000,1,9,N","010000,1,9,9","+0258,1","+0196,1","10103,1",,,,"01,1,+00800,1,08,1","99,9,+99999,9,00,1",,"9,AGL   ,+99999,+99999","02,99,1,01,1,99,9,00800,1,99,9,99,9","240,M,+0350,1","240,N,+0232,1","99999,9,09579,1","9,9,999,9,+002,1",,"SYN08043301 32597 22502 10258 20196 39579 40103 81101 333 10350 20232 58002 555 10211=",
"43301099999","2023-08-16T12:00:00","4","12.1333333","78.0333333","396.0","DHARMAPURI, IN","FM-12","99999","V020","250,1,N,0021,1","22000,1,9,N","010000,1,9,9","+0348,1","+0175,1","10032,1",,,,"02,1,+00800,1,08,1","99,9,+99999,9,00,1",,"9,AGL   ,+99999,+99999","03,99,1,02,1,99,9,00800,1,99,9,99,9","240,M,+0355,1",,"99999,9,09527,1","9,9,999,9,-003,1",,"SYN06443301 32597 32504 10348 20175 39527 40032 82101 333 10355 59003=",
"43301099999","2023-08-17T03:00:00","4","12.1333333","78.0333333","396.0","DHARMAPURI, IN","FM-12","99999","V020","250,1,N,0026,1","22000,1,9,N","010000,1,9,9","+0268,1","+0201,1","10093,1",,,,"01,1,+00800,1,08,1","99,9,+99999,9,00,1",,"9,AGL   ,+99999,+99999","02,99,1,01,1,99,9,00800,1,99,9,99,9","240,M,+0355,1","240,N,+0242,1","99999,9,09571,1","9,9,999,9,-008,1",,"SYN08043301 32597 22505 10268 20201 39571 40093 81101 333 10355 20242 59008 555 10211=",
"43301099999","2023-08-17T12:00:00","4","12.1333333","78.0333333","396.0","DHARMAPURI, IN","FM-12","99999","V020","290,1,N,0021,1","99999,9,9,N","010000,1,9,9","+0346,1","+0176,1","10036,1",,,,"02,1,+00800,1,08,1","99,9,+99999,9,03,1","99,9,+99999,9,00,1","9,AGL   ,+99999,+99999","05,99,1,02,1,99,9,00800,1,99,9,99,9","240,M,+0357,1",,"99999,9,09530,1","9,9,999,9,+003,1",,"SYN06443301 32597 52904 10346 20176 39530 40036 82231 333 10357 58003=",
"43301099999","2023-08-18T03:00:00","4","12.1333333","78.0333333","396.0","DHARMAPURI, IN","FM-12","99999","V020","290,1,N,0010,1","99999,9,9,N","010000,1,9,9","+0266,1","+0192,1","10086,1",,,,"03,1,+00800,1,08,1","99,9,+99999,9,03,1","99,9,+99999,9,00,1","9,AGL   ,+99999,+99999","06,99,1,03,1,99,9,00800,1,99,9,99,9","240,M,+0357,1","240,N,+0245,1","99999,9,09565,1","9,9,999,9,-006,1",,"SYN08043301 32597 62902 10266 20192 39565 40086 83231 333 10357 20245 59006 555 10211=",
"43301099999","2023-08-18T12:00:00","4","12.1333333","78.0333333","396.0","DHARMAPURI, IN","FM-12","99999","V020","290,1,N,0015,1","99999,9,9,N","010000,1,9,9","+0334,1","+0180,1","10026,1",,,,"02,1,+00800,1,08,1","99,9,+99999,9,03,1","99,9,+99999,9,00,1","9,AGL   ,+99999,+99999","06,99,1,02,1,99,9,00800,1,99,9,99,9","240,M,+0345,1",,"99999,9,09519,1","9,9,999,9,-011,1",,"SYN06443301 32597 62903 10334 20180 39519 40026 82231 333 10345 59011=",
"43301099999","2023-08-20T03:00:00","4","12.1333333","78.0333333","396.0","DHARMAPURI, IN","FM-12","99999","V020","290,1,N,0010,1","22000,1,9,N","010000,1,9,9","+0258,1","+0196,1","10084,1","24,0000,9,1",,,"02,1,+00800,1,08,1","99,9,+99999,9,03,1","99,9,+99999,9,00,1","9,AGL   ,+99999,+99999","04,99,1,02,1,99,9,00800,1,99,9,99,9","240,M,+0333,1","240,N,+0240,1","99999,9,09561,1","9,9,999,9,+005,1",,"SYN08643301 22597 42902 10258 20196 39561 40084 82231 333 10333 20240 58005 6990/ 555 10211=","Q01  00002PRCP24"
"43301099999","2023-08-20T12:00:00","4","12.1333333","78.0333333","396.0","DHARMAPURI, IN","FM-12","99999","V020","290,1,N,0010,1","99999,9,9,N","010000,1,9,9","+0332,1","+0196,1","10024,1",,,,"04,1,+00800,1,09,1","99,9,+99999,9,03,1",,"9,AGL   ,+99999,+99999","07,99,1,04,1,99,9,00800,1,99,9,99,9","240,M,+0347,1",,"99999,9,09517,1","9,9,999,9,+002,1",,"SYN06443301 32597 72902 10332 20196 39517 40024 84330 333 10347 58002=",
"43301099999","2023-08-21T03:00:00","4","12.1333333","78.0333333","396.0","DHARMAPURI, IN","FM-12","99999","V020","999,9,C,0000,1","22000,1,9,N","010000,1,9,9","+0268,1","+0204,1","10080,1",,,,"01,1,+00800,1,08,1","99,9,+99999,9,00,1",,"9,AGL   ,+99999,+99999","02,99,1,01,1,99,9,00800,1,99,9,99,9","240,M,+0347,1","240,N,+0246,1","99999,9,09559,1","9,9,999,9,-002,1",,"SYN08043301 32597 20000 10268 20204 39559 40080 81101 333 10347 20246 59002 555 10211=",
"43301099999","2023-08-21T12:00:00","4","12.1333333","78.0333333","396.0","DHARMAPURI, IN","FM-12","99999","V020","290,1,N,0015,1","22000,1,9,N","010000,1,9,9","+0354,1","+0174,1","10013,1",,,,"02,1,+00800,1,08,1","99,9,+99999,9,03,1",,"9,AGL   ,+99999,+99999","04,99,1,02,1,99,9,00800,1,99,9,99,9","240,M,+0370,1",,"99999,9,09510,1","9,9,999,9,-007,1",,"SYN06443301 32597 42903 10354 20174 39510 40013 82230 333 10370 59007=",
"43301099999","2023-08-22T03:00:00","4","12.1333333","78.0333333","396.0","DHARMAPURI, IN","FM-12","99999","V020","270,1,N,0010,1","99999,9,9,N","010000,1,9,9","+0274,1","+0217,1","10075,1",,,,"05,1,+00800,1,09,1","99,9,+99999,9,03,1",,"9,AGL   ,+99999,+99999","08,99,1,05,1,99,9,00800,1,99,9,99,9","240,M,+0370,1","240,N,+0256,1","99999,9,09556,1","9,9,999,9,-003,1",,"SYN08043301 32597 82702 10274 20217 39556 40075 8537/ 333 10370 20256 59003 555 10211=",
"43301099999","2023-08-22T12:00:00","4","12.1333333","78.0333333","396.0","DHARMAPURI, IN","FM-12","99999","V020","999,9,C,0000,1","99999,9,9,N","010000,1,9,9","+0342,1","+0212,1","10022,1",,,,"02,1,+00800,1,08,1","99,9,+99999,9,03,1","99,9,+99999,9,00,1","9,AGL   ,+99999,+99999","05,99,1,02,1,99,9,00800,1,99,9,99,9","240,M,+0346,1",,"99999,9,09517,1","9,9,999,9,+007,1",,"SYN06443301 32597 50000 10342 20212 39517 40022 82231 333 10346 58007=",
"43301099999","2023-08-23T03:00:00","4","12.1333333","78.0333333","396.0","DHARMAPURI, IN","FM-12","99999","V020","999,9,C,0000,1","99999,9,9,N","004000,1,9,9","+0268,1","+0220,1","10087,1",,,,"04,1,+00800,1,09,1","99,9,+99999,9,03,1",,"9,AGL   ,+99999,+99999","07,99,1,04,1,99,9,00800,1,99,9,99,9","240,M,+0346,1","240,N,+0250,1","99999,9,09566,1","9,9,999,9,+010,1",,"SYN08043301 32596 70000 10268 20220 39566 40087 84330 333 10346 20250 58010 555 10211=",
"43301099999","2023-08-23T12:00:00","4","12.1333333","78.0333333","396.0","DHARMAPURI, IN","FM-12","99999","V020","250,1,N,0010,1","22000,1,9,N","010000,1,9,9","+0344,1","+0181,1","10023,1",,,,"02,1,+00800,1,08,1","99,9,+99999,9,03,1","99,9,+99999,9,00,1","9,AGL   ,+99999,+99999","04,99,1,02,1,99,9,00800,1,99,9,99,9","240,M,+0348,1",,"99999,9,09518,1","9,9,999,9,+001,1",,"SYN06443301 32597 42502 10344 20181 39518 40023 82231 333 10348 58001=",
"43301099999","2023-08-24T03:00:00","4","12.1333333","78.0333333","396.0","DHARMAPURI, IN","FM-12","99999","V020","250,1,N,0010,1","99999,9,9,N","004000,1,9,9","+0268,1","+0201,1","10076,1",,,,"01,1,+00800,1,06,1","99,9,+99999,9,03,1",,"9,AGL   ,+99999,+99999","08,99,1,01,1,99,9,00800,1,99,9,99,9","240,M,+0348,1","240,N,+0255,1","99999,9,09555,1","9,9,999,9,-011,1",,"SYN08043301 32596 82502 10268 20201 39555 40076 8153/ 333 10348 20255 59011 555 10211=",
"43301099999","2023-08-24T12:00:00","4","12.1333333","78.0333333","396.0","DHARMAPURI, IN","FM-12","99999","V020","250,1,N,0026,1","99999,9,9,N","010000,1,9,9","+0344,1","+0161,1","10022,1",,,,"02,1,+00800,1,08,1","99,9,+99999,9,03,1","99,9,+99999,9,00,1","9,AGL   ,+99999,+99999","05,99,1,02,1,99,9,00800,1,99,9,99,9","240,M,+0367,1",,"99999,9,09517,1","9,9,999,9,-001,1",,"SYN06443301 32597 52505 10344 20161 39517 40022 82231 333 10367 59001=",
"43301099999","2023-08-25T03:00:00","4","12.1333333","78.0333333","396.0","DHARMAPURI, IN","FM-12","99999","V020","250,1,N,0015,1","22000,1,9,N","010000,1,9,9","+0266,1","+0192,1","10080,1",,,,"02,1,+00800,1,08,1","99,9,+99999,9,05,1","99,9,+99999,9,00,1","9,AGL   ,+99999,+99999","03,99,1,02,1,99,9,00800,1,99,9,99,9","240,M,+0367,1","240,N,+0235,1","99999,9,09559,1","9,9,999,9,+004,1",,"SYN08043301 32597 32503 10266 20192 39559 40080 82121 333 10367 20235 58004 555 10211=",
"43301099999","2023-08-26T03:00:00","4","12.1333333","78.0333333","396.0","DHARMAPURI, IN","FM-12","99999","V020","290,1,N,0015,1","99999,9,9,N","010000,1,9,9","+0272,1","+0212,1","10088,1",,,,"02,1,+00800,1,08,1","99,9,+99999,9,03,1","99,9,+99999,9,00,1","9,AGL   ,+99999,+99999","05,99,1,02,1,99,9,00800,1,99,9,99,9","240,M,+0375,1","240,N,+0246,1","99999,9,09569,1","9,9,999,9,+010,1",,"SYN08043301 32597 52903 10272 20212 39569 40088 82231 333 10375 20246 58010 555 10211=",
"43301099999","2023-08-26T12:00:00","4","12.1333333","78.0333333","396.0","DHARMAPURI, IN","FM-12","99999","V020","200,1,N,0021,1","99999,9,9,N","010000,1,9,9","+0362,1","+0182,1","10021,1",,,,"03,1,+00800,1,08,1","99,9,+99999,9,03,1","99,9,+99999,9,00,1","9,AGL   ,+99999,+99999","06,99,1,03,1,99,9,00800,1,99,9,99,9","240,M,+0376,1",,"99999,9,09519,1","9,9,999,9,-001,1",,"SYN06443301 32597 62004 10362 20182 39519 40021 83231 333 10376 59001=",
"43301099999","2023-08-27T03:00:00","4","12.1333333","78.0333333","396.0","DHARMAPURI, IN","FM-12","99999","V020","999,9,C,0000,1","99999,9,9,N","004000,1,9,9","+0258,1","+0244,1","10102,1","24,0160,3,1",,,"05,1,+00800,1,09,1","99,9,+99999,9,03,1",,"9,AGL   ,+99999,+99999","08,99,1,05,1,99,9,00800,1,99,9,99,9","240,M,+0376,1","240,N,+0242,1","99999,9,09578,1","9,9,999,9,+009,1",,"SYN09243301 22596 80000 10258 20244 39578 40102 8537/ 333 10376 20242 58009 6016/ 555 00160 10227=",
"43301099999","2023-08-27T12:00:00","4","12.1333333","78.0333333","396.0","DHARMAPURI, IN","FM-12","99999","V020","290,1,N,0010,1","99999,9,9,N","010000,1,9,9","+0286,1","+0231,1","10057,1","09,0000,9,1",,,"05,1,+00800,1,09,1","99,9,+99999,9,03,1",,"9,AGL   ,+99999,+99999","08,99,1,05,1,99,9,00800,1,99,9,99,9","240,M,+0335,1",,"99999,9,09541,1","9,9,999,9,+022,1",,"SYN07043301 21597 82902 10286 20231 39541 40057 8537/ 333 10335 58022 6990/=","Q01  00002PRCP09"
"43301099999","2023-08-28T03:00:00","4","12.1333333","78.0333333","396.0","DHARMAPURI, IN","FM-12","99999","V020","200,1,N,0010,1","99999,9,9,N","004000,1,9,9","+0248,1","+0233,1","10090,1","24,0160,3,1",,,"05,1,+00800,1,09,1","99,9,+99999,9,03,1",,"9,AGL   ,+99999,+99999","08,99,1,05,1,99,9,00800,1,99,9,99,9","240,M,+0335,1","240,N,+0232,1","99999,9,09565,1","9,9,999,9,-013,1",,"SYN09243301 22596 82002 10248 20233 39565 40090 8537/ 333 10335 20232 59013 6016/ 555 00160 10243=",
"43301099999","2023-08-28T12:00:00","4","12.1333333","78.0333333","396.0","DHARMAPURI, IN","FM-12","99999","V020","999,9,C,0000,1","22000,1,9,N","010000,1,9,9","+0328,1","+0216,1","10035,1",,,,"02,1,+00800,1,08,1","99,9,+99999,9,03,1","99,9,+99999,9,00,1","9,AGL   ,+99999,+99999","04,99,1,02,1,99,9,00800,1,99,9,99,9","240,M,+0332,1",,"99999,9,09527,1","9,9,999,9,-014,1",,"SYN06443301 32597 40000 10328 20216 39527 40035 82231 333 10332 59014=",
"43301099999","2023-08-29T03:00:00","4","12.1333333","78.0333333","396.0","DHARMAPURI, IN","FM-12","99999","V020","999,9,C,0000,1","99999,9,9,N","010000,1,9,9","+0258,1","+0210,1","10083,1",,,,"03,1,+00800,1,08,1","99,9,+99999,9,03,1","99,9,+99999,9,00,1","9,AGL   ,+99999,+99999","06,99,1,03,1,99,9,00800,1,99,9,99,9","240,M,+0332,1","240,N,+0245,1","99999,9,09560,1","9,9,999,9,-005,1",,"SYN08043301 32597 60000 10258 20210 39560 40083 83231 333 10332 20245 59005 555 10243=",
"43301099999","2023-08-29T12:00:00","4","12.1333333","78.0333333","396.0","DHARMAPURI, IN","FM-12","99999","V020","020,1,N,0010,1","99999,9,9,N","010000,1,9,9","+0338,1","+0196,1","10023,1",,,,"02,1,+00800,1,08,1","99,9,+99999,9,03,1","99,9,+99999,9,00,1","9,AGL   ,+99999,+99999","05,99,1,02,1,99,9,00800,1,99,9,99,9","240,M,+0347,1",,"99999,9,09516,1","9,9,999,9,-011,1",,"SYN06443301 32597 50202 10338 20196 39516 40023 82231 333 10347 59011=",
"43301099999","2023-08-30T03:00:00","4","12.1333333","78.0333333","396.0","DHARMAPURI, IN","FM-12","99999","V020","250,1,N,0015,1","22000,1,9,N","010000,1,9,9","+0252,1","+0228,1","10091,1","24,0070,3,1",,,"02,1,+00800,1,08,1","99,9,+99999,9,03,1","99,9,+99999,9,00,1","9,AGL   ,+99999,+99999","04,99,1,02,1,99,9,00800,1,99,9,99,9","240,M,+0347,1","240,N,+0230,1","99999,9,09568,1","9,9,999,9,+008,1",,"SYN09243301 22597 42503 10252 20228 39568 40091 82231 333 10347 20230 58008 6007/ 555 00070 10250=",
"43301099999","2023-08-30T12:00:00","4","12.1333333","78.0333333","396.0","DHARMAPURI, IN","FM-12","99999","V020","999,9,C,0000,1","99999,9,9,N","010000,1,9,9","+0338,1","+0204,1","10025,1",,,,"02,1,+00800,1,08,1","99,9,+99999,9,03,1","99,9,+99999,9,00,1","9,AGL   ,+99999,+99999","05,99,1,02,1,99,9,00800,1,99,9,99,9","240,M,+0347,1",,"99999,9,09518,1","9,9,999,9,+002,1",,"SYN06443301 32597 50000 10338 20204 39518 40025 82231 333 10347 58002=",
"43301099999","2023-08-31T03:00:00","4","12.1333333","78.0333333","396.0","DHARMAPURI, IN","FM-12","99999","V020","999,9,C,0000,1","99999,9,9,N","004000,1,9,9","+0254,1","+0230,1","10089,1","24,0010,3,1",,,"03,1,+00800,1,08,1","99,9,+99999,9,03,1","99,9,+99999,9,00,1","9,AGL   ,+99999,+99999","06,99,1,03,1,99,9,00800,1,99,9,99,9","240,M,+0347,1","240,N,+0225,1","99999,9,09566,1","9,9,999,9,-002,1",,"SYN09243301 22596 60000 10254 20230 39566 40089 83231 333 10347 20225 59002 6001/ 555 00010 10251=",
"43301099999","2023-08-31T12:00:00","4","12.1333333","78.0333333","396.0","DHARMAPURI, IN","FM-12","99999","V020","999,9,C,0000,1","99999,9,9,N","010000,1,9,9","+0254,1","+0230,1","10049,1","09,0090,3,1","9,1,02,1","6,1,02,1","05,1,+00800,1,06,1","99,9,+99999,9,03,1",,"9,AGL   ,+99999,+99999","08,99,1,05,1,99,9,00800,1,99,9,99,9","240,M,+0342,1",,"99999,9,09528,1","9,9,999,9,+010,1","02,1","SYN07643301 21597 80000 10254 20230 39528 40049 70296 8547/ 333 10342 58010 6009/=",
"43301099999","2023-09-01T03:00:00","4","12.1333333","78.0333333","396.0","DHARMAPURI, IN","FM-12","99999","V020","999,9,C,0000,1","22000,1,9,N","010000,1,9,9","+0238,1","+0223,1","10088,1","24,0930,3,1",,,"02,1,+00800,1,08,1","99,9,+99999,9,03,1","99,9,+99999,9,00,1","9,AGL   ,+99999,+99999","04,99,1,02,1,99,9,00800,1,99,9,99,9","240,M,+0342,1","240,N,+0216,1","99999,9,09562,1","9,9,999,9,-004,1",,"SYN09243301 22597 40000 10238 20223 39562 40088 82231 333 10342 20216 59004 6093/ 555 00930 10344=",
"43301099999","2023-09-01T12:00:00","4","12.1333333","78.0333333","396.0","DHARMAPURI, IN","FM-12","99999","V020","999,9,C,0000,1","99999,9,9,N","010000,1,9,9","+0306,1","+0211,1","10038,1",,,,"02,1,+00800,1,08,1","99,9,+99999,9,03,1","99,9,+99999,9,00,1","9,AGL   ,+99999,+99999","05,99,1,02,1,99,9,00800,1,99,9,99,9","240,M,+0327,1",,"99999,9,09526,1","9,9,999,9,-002,1",,"SYN06443301 32597 50000 10306 20211 39526 40038 82231 333 10327 59002=",
"43301099999","2023-09-02T03:00:00","4","12.1333333","78.0333333","396.0","DHARMAPURI, IN","FM-12","99999","V020","999,9,C,0000,1","22000,1,9,N","010000,1,9,9","+0244,1","+0229,1","10085,1","24,0250,3,1",,,"02,1,+00800,1,08,1","99,9,+99999,9,03,1","99,9,+99999,9,00,1","9,AGL   ,+99999,+99999","04,99,1,02,1,99,9,00800,1,99,9,99,9","240,M,+0327,1","240,N,+0220,1","99999,9,09560,1","9,9,999,9,-002,1",,"SYN09243301 22597 40000 10244 20229 39560 40085 82231 333 10327 20220 59002 6025/ 555 00250 10369=",
"43301099999","2023-09-02T12:00:00","4","12.1333333","78.0333333","396.0","DHARMAPURI, IN","FM-12","99999","V020","250,1,N,0021,1","99999,9,9,N","010000,1,9,9","+0318,1","+0231,1","10030,1",,,,"02,1,+00800,1,08,1","99,9,+99999,9,03,1","99,9,+99999,9,00,1","9,AGL   ,+99999,+99999","05,99,1,02,1,99,9,00800,1,99,9,99,9","240,M,+0330,1",,"99999,9,09520,1","9,9,999,9,-006,1",,"SYN06443301 32597 52504 10318 20231 39520 40030 82231 333 10330 59006=",
"43301099999","2023-09-03T03:00:00","4","12.1333333","78.0333333","396.0","DHARMAPURI, IN","FM-12","99999","V020","999,9,C,0000,1","99999,9,9,N","004000,1,9,9","+0244,1","+0229,1","10078,1","24,0140,3,1",,,"04,1,+00800,1,09,1","99,9,+99999,9,03,1",,"9,AGL   ,+99999,+99999","07,99,1,04,1,99,9,00800,1,99,9,99,9","240,M,+0330,1","240,N,+0230,1","99999,9,09553,1","9,9,999,9,-007,1",,"SYN09243301 22596 70000 10244 20229 39553 40078 84330 333 10330 20230 59007 6014/ 555 00140 10383=",
"43301099999","2023-09-03T12:00:00","4","12.1333333","78.0333333","396.0","DHARMAPURI, IN","FM-12","99999","V020","200,1,N,0015,1","99999,9,9,N","010000,1,9,9","+0318,1","+0228,1","10014,1",,,,"02,1,+00800,1,08,1","99,9,+99999,9,03,1","99,9,+99999,9,00,1","9,AGL   ,+99999,+99999","05,99,1,02,1,99,9,00800,1,99,9,99,9","240,M,+0327,1",,"99999,9,09505,1","9,9,999,9,-015,1",,"SYN06443301 32597 52003 10318 20228 39505 40014 82231 333 10327 59015=",
"43301099999","2023-09-04T03:00:00","4","12.1333333","78.0333333","396.0","DHARMAPURI, IN","FM-12","99999","V020","290,1,N,0015,1","99999,9,9,N","010000,1,9,9","+0258,1","+0196,1","10064,1",,,,"02,1,+00800,1,08,1","99,9,+99999,9,03,1","99,9,+99999,9,00,1","9,AGL   ,+99999,+99999","05,99,1,02,1,99,9,00800,1,99,9,99,9","240,M,+0327,1","240,N,+0230,1","99999,9,09542,1","9,9,999,9,-011,1",,"SYN08043301 32597 52903 10258 20196 39542 40064 82231 333 10327 20230 59011 555 10383=",
"43301099999","2023-09-04T12:00:00","4","12.1333333","78.0333333","396.0","DHARMAPURI, IN","FM-12","99999","V020","290,1,N,0015,1","99999,9,9,N","010000,1,9,9","+0306,1","+0182,1","10014,1",,,,"04,1,+00800,1,09,1","99,9,+99999,9,03,1",,"9,AGL   ,+99999,+99999","07,99,1,04,1,99,9,00800,1,99,9,99,9","240,M,+0312,1",,"99999,9,09503,1","9,9,999,9,-002,1",,"SYN06443301 32597 72903 10306 20182 39503 40014 84330 333 10312 59002=",
"43301099999","2023-09-05T03:00:00","4","12.1333333","78.0333333","396.0","DHARMAPURI, IN","FM-12","99999","V020","250,1,N,0010,1","99999,9,9,N","010000,1,9,9","+0262,1","+0207,1","10058,1","24,0000,9,1",,,"04,1,+00800,1,09,1","99,9,+99999,9,03,1",,"9,AGL   ,+99999,+99999","06,99,1,04,1,99,9,00800,1,99,9,99,9","240,M,+0312,1","240,N,+0240,1","99999,9,09538,1","9,9,999,9,-004,1",,"SYN08643301 22597 62502 10262 20207 39538 40058 84330 333 10312 20240 59004 6990/ 555 10338=","Q01  00002PRCP24"
"43301099999","2023-09-05T12:00:00","4","12.1333333","78.0333333","396.0","DHARMAPURI, IN","FM-12","99999","V020","250,1,N,0015,1","99999,9,9,N","010000,1,9,9","+0284,1","+0241,1","10016,1",,,,"05,1,+00800,1,09,1","99,9,+99999,9,03,1",,"9,AGL   ,+99999,+99999","08,99,1,05,1,99,9,00800,1,99,9,99,9","240,M,+0302,1",,"99999,9,09502,1","9,9,999,9,-001,1",,"SYN06443301 22597 82503 10284 20241 39502 40016 8537/ 333 10302 59001=",
"43301099999","2023-09-06T03:00:00","4","12.1333333","78.0333333","396.0","DHARMAPURI, IN","FM-12","99999","V020","250,1,N,0015,1","99999,9,9,N","004000,1,9,9","+0238,1","+0223,1","10076,1","24,0230,3,1",,,"05,1,+00800,1,09,1","99,9,+99999,9,03,1",,"9,AGL   ,+99999,+99999","08,99,1,05,1,99,9,00800,1,99,9,99,9","240,M,+0302,1","240,N,+0220,1","99999,9,09550,1","9,9,999,9,+012,1",,"SYN09243301 22596 82503 10238 20223 39550 40076 8537/ 333 10302 20220 58012 6023/ 555 00230 10406=",
"43301099999","2023-09-06T12:00:00","4","12.1333333","78.0333333","396.0","DHARMAPURI, IN","FM-12","99999","V020","250,1,N,0026,1","99999,9,9,N","010000,1,9,9","+0298,1","+0234,1","10029,1",,,,"05,1,+00800,1,09,1","99,9,+99999,9,03,1",,"9,AGL   ,+99999,+99999","08,99,1,05,1,99,9,00800,1,99,9,99,9","240,M,+0305,1",,"99999,9,09515,1","9,9,999,9,+013,1",,"SYN06443301 32597 82505 10298 20234 39515 40029 8537/ 333 10305 58013=",
"43301099999","2023-09-07T03:00:00","4","12.1333333","78.0333333","396.0","DHARMAPURI, IN","FM-12","99999","V020","250,1,N,0015,1","99999,9,9,N","010000,1,9,9","+0252,1","+0216,1","10075,1","24,0000,9,1",,,"03,1,+00800,1,09,1","99,9,+99999,9,03,1","99,9,+99999,9,00,1","9,AGL   ,+99999,+99999","06,99,1,03,1,99,9,00800,1,99,9,99,9","240,M,+0302,1","240,N,+0230,1","99999,9,09552,1","9,9,999,9,+002,1",,"SYN08643301 22597 62503 10252 20216 39552 40075 83331 333 10302 20230 58002 6990/ 555 10406=","Q01  00002PRCP24"
"43301099999","2023-09-08T03:00:00","4","12.1333333","78.0333333","396.0","DHARMAPURI, IN","FM-12","99999","V020","200,1,N,0010,1","99999,9,9,N","010000,1,9,9","+0248,1","+0215,1","10084,1","24,0040,3,1",,,"03,1,+00800,1,08,1","99,9,+99999,9,03,1","99,9,+99999,9,00,1","9,AGL   ,+99999,+99999","06,99,1,03,1,99,9,00800,1,99,9,99,9","240,M,+0320,1","240,N,+0225,1","99999,9,09559,1","9,9,999,9,+007,1",,"SYN09243301 22597 62002 10248 20215 39559 40084 83231 333 10320 20225 58007 6004/ 555 00040 10410=",
"43301099999","2023-09-08T12:00:00","4","12.1333333","78.0333333","396.0","DHARMAPURI, IN","FM-12","99999","V020","250,1,N,0015,1","99999,9,9,N","010000,1,9,9","+0302,1","+0223,1","10053,1",,,,"02,1,+00800,1,08,1","99,9,+99999,9,03,1","99,9,+99999,9,00,1","9,AGL   ,+99999,+99999","05,99,1,02,1,99,9,00800,1,99,9,99,9","240,M,+0310,1",,"99999,9,09540,1","9,9,999,9,+005,1",,"SYN06443301 32597 52503 10302 20223 39540 40053 82231 333 10310 58005=",
"43301099999","2023-09-09T03:00:00","4","12.1333333","78.0333333","396.0","DHARMAPURI, IN","FM-12","99999","V020","250,1,N,0021,1","22000,1,9,N","010000,1,9,9","+0254,1","+0212,1","10081,1",,,,"01,1,+00800,1,08,1","99,9,+99999,9,03,1","99,9,+99999,9,00,1","9,AGL   ,+99999,+99999","03,99,1,01,1,99,9,00800,1,99,9,99,9","240,M,+0310,1","240,N,+0235,1","99999,9,09558,1","9,9,999,9,-001,1",,"SYN08043301 32597 32504 10254 20212 39558 40081 81131 333 10310 20235 59001 555 10410=",
"43301099999","2023-09-10T03:00:00","4","12.1333333","78.0333333","396.0","DHARMAPURI, IN","FM-12","99999","V020","250,1,N,0015,1","99999,9,9,N","004000,1,9,9","+0254,1","+0224,1","10077,1","24,0120,3,1",,,"03,1,+00800,1,08,1","99,9,+99999,9,03,1","99,9,+99999,9,00,1","9,AGL   ,+99999,+99999","07,99,1,03,1,99,9,00800,1,99,9,99,9","240,M,+0337,1","240,N,+0230,1","99999,9,09554,1","9,9,999,9,-004,1",,"SYN09243301 22596 72503 10254 20224 39554 40077 83231 333 10337 20230 59004 6012/ 555 00120 10422=",
"43301099999","2023-09-10T12:00:00","4","12.1333333","78.0333333","396.0","DHARMAPURI, IN","FM-12","99999","V020","250,1,N,0010,1","22000,1,9,N","010000,1,9,9","+0322,1","+0202,1","10022,1",,,,"02,1,+00800,1,08,1","99,9,+99999,9,00,1",,"9,AGL   ,+99999,+99999","03,99,1,02,1,99,9,00800,1,99,9,99,9","240,M,+0324,1",,"99999,9,09514,1","9,9,999,9,-001,1",,"SYN06443301 32597 32502 10322 20202 39514 40022 82101 333 10324 59001=",
"43301099999","2023-09-11T03:00:00","4","12.1333333","78.0333333","396.0","DHARMAPURI, IN","FM-12","99999","V020","160,1,N,0010,1","99999,9,9,N","004000,1,9,9","+0256,1","+0211,1","10082,1",,,,"03,1,+00800,1,08,1","99,9,+99999,9,03,1","99,9,+99999,9,00,1","9,AGL   ,+99999,+99999","06,99,1,03,1,99,9,00800,1,99,9,99,9","240,M,+0324,1","240,N,+0230,1","99999,9,09559,1","9,9,999,9,+005,1",,"SYN08043301 32596 61602 10256 20211 39559 40082 83231 333 10324 20230 58005 555 10422=",
"43301099999","2023-09-11T12:00:00","4","12.1333333","78.0333333","396.0","DHARMAPURI, IN","FM-12","99999","V020","290,1,N,0010,1","99999,9,9,N","010000,1,9,9","+0314,1","+0217,1","10017,1",,,,"03,1,+00800,1,08,1","99,9,+99999,9,03,1","99,9,+99999,9,00,1","9,AGL   ,+99999,+99999","06,99,1,03,1,99,9,00800,1,99,9,99,9","240,M,+0327,1",,"99999,9,09508,1","9,9,999,9,-006,1",,"SYN06443301 32597 62902 10314 20217 39508 40017 83231 333 10327 59006=",
"43301099999","2023-09-12T03:00:00","4","12.1333333","78.0333333","396.0","DHARMAPURI, IN","FM-12","99999","V020","250,1,N,0010,1","99999,9,9,N","004000,1,9,9","+0248,1","+0215,1","10086,1","24,0080,3,1",,,"04,1,+00800,1,09,1","99,9,+99999,9,03,1",,"9,AGL   ,+99999,+99999","07,99,1,04,1,99,9,00800,1,99,9,99,9","240,M,+0327,1","240,N,+0226,1","99999,9,09561,1","9,9,999,9,+002,1",,"SYN09243301 22596 72502 10248 20215 39561 40086 84330 333 10327 20226 58002 6008/ 555 00080 10430=",
"43301099999","2023-09-12T12:00:00","4","12.1333333","78.0333333","396.0","DHARMAPURI, IN","FM-12","99999","V020","999,9,C,0000,1","99999,9,9,N","010000,1,9,9","+0308,1","+0229,1","10018,1","09,0000,9,1",,,"03,1,+00800,1,08,1","99,9,+99999,9,03,1","99,9,+99999,9,00,1","9,AGL   ,+99999,+99999","06,99,1,03,1,99,9,00800,1,99,9,99,9","240,M,+0330,1",,"99999,9,09507,1","9,9,999,9,-001,1",,"SYN07043301 22597 60000 10308 20229 39507 40018 83231 333 10330 59001 6990/=","Q01  00002PRCP09"
"43301099999","2023-09-13T03:00:00","4","12.1333333","78.0333333","396.0","DHARMAPURI, IN","FM-12","99999","V020","250,1,N,0010,1","99999,9,9,N","010000,1,9,9","+0258,1","+0210,1","10085,1","24,0080,3,1",,,"02,1,+00800,1,08,1","99,9,+99999,9,03,1","99,9,+99999,9,00,1","9,AGL   ,+99999,+99999","05,99,1,02,1,99,9,00800,1,99,9,99,9","240,M,+0330,1","240,N,+0225,1","99999,9,09562,1","9,9,999,9,+001,1",,"SYN09243301 22597 52502 10258 20210 39562 40085 82231 333 10330 20225 58001 6008/ 555 00080 10438=",
"43301099999","2023-09-13T12:00:00","4","12.1333333","78.0333333","396.0","DHARMAPURI, IN","FM-12","99999","V020","290,1,N,0026,1","99999,9,9,N","010000,1,9,9","+0314,1","+0206,1","10030,1",,,,"03,1,+00800,1,08,1","99,9,+99999,9,03,1","99,9,+99999,9,00,1","9,AGL   ,+99999,+99999","06,99,1,03,1,99,9,00800,1,99,9,99,9","240,M,+0327,1",,"99999,9,09520,1","9,9,999,9,+013,1",,"SYN06443301 32597 62905 10314 20206 39520 40030 83231 333 10327 58013=",
"43301099999","2023-09-14T03:00:00","4","12.1333333","78.0333333","396.0","DHARMAPURI, IN","FM-12","99999","V020","250,1,N,0010,1","99999,9,9,N","010000,1,9,9","+0256,1","+0211,1","10086,1",,,,"03,1,+00800,1,08,1","99,9,+99999,9,03,1","99,9,+99999,9,00,1","9,AGL   ,+99999,+99999","06,99,1,03,1,99,9,00800,1,99,9,99,9","240,M,+0327,1","240,N,+0235,1","99999,9,09563,1","9,9,999,9,+001,1",,"SYN08043301 32597 62502 10256 20211 39563 40086 83231 333 10327 20235 58001 555 10438=",
"43301099999","2023-09-15T03:00:00","4","12.1333333","78.0333333","396.0","DHARMAPURI, IN","FM-12","99999","V020","250,1,N,0015,1","22000,1,9,N","010000,1,9,9","+0244,1","+0217,1","10089,1","24,0030,3,1",,,"02,1,+00800,1,08,1","99,9,+99999,9,03,1","99,9,+99999,9,00,1","9,AGL   ,+99999,+99999","04,99,1,02,1,99,9,00800,1,99,9,99,9","240,M,+0320,1","240,N,+0220,1","99999,9,09564,1","9,9,999,9,+001,1",,"SYN09243301 22597 42503 10244 20217 39564 40089 82231 333 10320 20220 58001 6003/ 555 00030 10441=",
"43301099999","2023-09-15T12:00:00","4","12.1333333","78.0333333","396.0","DHARMAPURI, IN","FM-12","99999","V020","250,1,N,0021,1","99999,9,9,N","010000,1,9,9","+0298,1","+0234,1","10103,1",,,,"03,1,+00800,1,09,1","99,9,+99999,9,03,1","99,9,+99999,9,00,1","9,AGL   ,+99999,+99999","06,99,1,03,1,99,9,00800,1,99,9,99,9","240,M,+0325,1",,"99999,9,09529,1","9,9,999,9,+001,1",,"SYN06443301 32597 62504 10298 20234 39529 40103 83331 333 10325 58001=",
"43301099999","2023-09-16T03:00:00","4","12.1333333","78.0333333","396.0","DHARMAPURI, IN","FM-12","99999","V020","250,1,N,0010,1","99999,9,9,N","010000,1,9,9","+0258,1","+0213,1","10086,1","24,0000,9,1",,,"02,1,+00800,1,08,1","99,9,+99999,9,03,1","99,9,+99999,9,00,1","9,AGL   ,+99999,+99999","05,99,1,02,1,99,9,00800,1,99,9,99,9","240,M,+0325,1","240,N,+0230,1","99999,9,09563,1","9,9,999,9,-001,1",,"SYN08643301 22597 52502 10258 20213 39563 40086 82231 333 10325 20230 59001 6990/ 555 10441=","Q01  00002PRCP24"
"43301099999","2023-09-16T12:00:00","4","12.1333333","78.0333333","396.0","DHARMAPURI, IN","FM-12","99999","V020","250,1,N,0015,1","99999,9,9,N","010000,1,9,9","+0298,1","+0234,1","10033,1",,,,"04,1,+00800,1,09,1","99,9,+99999,9,03,1",,"9,AGL   ,+99999,+99999","07,99,1,04,1,99,9,00800,1,99,9,99,9","240,M,+0302,1",,"99999,9,09519,1","9,9,999,9,-010,1",,"SYN06443301 32597 72503 10298 20234 39519 40033 84330 333 10302 59010=",
"43301099999","2023-09-17T03:00:00","4","12.1333333","78.0333333","396.0","DHARMAPURI, IN","FM-12","99999","V020","250,1,N,0010,1","99999,9,9,N","004000,1,9,9","+0254,1","+0221,1","10085,1","24,0000,9,1",,,"04,1,+00800,1,09,1","99,9,+99999,9,03,1",,"9,AGL   ,+99999,+99999","07,99,1,04,1,99,9,00800,1,99,9,99,9","240,M,+0302,1","240,N,+0235,1","99999,9,09562,1","9,9,999,9,-001,1",,"SYN08643301 22596 72502 10254 20221 39562 40085 84330 333 10302 20235 59001 6990/ 555 10441=","Q01  00002PRCP24"
"43301099999","2023-09-17T12:00:00","4","12.1333333","78.0333333","396.0","DHARMAPURI, IN","FM-12","99999","V020","200,1,N,0010,1","99999,9,9,N","010000,1,9,9","+0308,1","+0220,1","10020,1",,,,"03,1,+00800,1,08,1","99,9,+99999,9,03,1","99,9,+99999,9,00,1","9,AGL   ,+99999,+99999","06,99,1,03,1,99,9,00800,1,99,9,99,9","240,M,+0313,1",,"99999,9,09509,1","9,9,999,9,-010,1",,"SYN06443301 32597 62002 10308 20220 39509 40020 83231 333 10313 59010=",
"43301099999","2023-09-18T03:00:00","4","12.1333333","78.0333333","396.0","DHARMAPURI, IN","FM-12","99999","V020","250,1,N,0010,1","99999,9,9,N","010000,1,9,9","+0244,1","+0229,1","10085,1","24,0180,3,1",,,"03,1,+00800,1,08,1","99,9,+99999,9,03,1","99,9,+99999,9,00,1","9,AGL   ,+99999,+99999","06,99,1,03,1,99,9,00800,1,99,9,99,9","240,M,+0313,1","240,N,+0225,1","99999,9,09560,1","9,9,999,9,-002,1",,"SYN09243301 22597 62502 10244 20229 39560 40085 83231 333 10313 20225 59002 6018/ 555 00180 10459=",
"43301099999","2023-09-18T12:00:00","4","12.1333333","78.0333333","396.0","DHARMAPURI, IN","FM-12","99999","V020","250,1,N,0015,1","99999,9,9,N","010000,1,9,9","+0306,1","+0243,1","10033,1",,,,"03,1,+00800,1,08,1","99,9,+99999,9,03,1","99,9,+99999,9,00,1","9,AGL   ,+99999,+99999","06,99,1,03,1,99,9,00800,1,99,9,99,9","240,M,+0320,1",,"99999,9,09521,1","9,9,999,9,+012,1",,"SYN06443301 32597 62503 10306 20243 39521 40033 83231 333 10320 58012=",
"43301099999","2023-09-19T03:00:00","4","12.1333333","78.0333333","396.0","DHARMAPURI, IN","FM-12","99999","V020","999,9,C,0000,1","99999,9,9,N","010000,1,9,9","+0248,1","+0227,1","10097,1","24,0070,3,1",,,"02,1,+00800,1,08,1","99,9,+99999,9,03,1","99,9,+99999,9,00,1","9,AGL   ,+99999,+99999","05,99,1,02,1,99,9,00800,1,99,9,99,9","240,M,+0320,1","240,N,+0225,1","99999,9,09571,1","9,9,999,9,+011,1",,"SYN09243301 22597 50000 10248 20227 39571 40097 82231 333 10320 20225 58011 6007/ 555 00070 10466=",
"43301099999","2023-09-19T12:00:00","4","12.1333333","78.0333333","396.0","DHARMAPURI, IN","FM-12","99999","V020","999,9,C,0000,1","99999,9,9,N","010000,1,9,9","+0318,1","+0238,1","10044,1",,,,"03,1,+00800,1,08,1","99,9,+99999,9,03,1","99,9,+99999,9,00,1","9,AGL   ,+99999,+99999","06,99,1,03,1,99,9,00800,1,99,9,99,9","240,M,+0327,1",,"99999,9,09533,1","9,9,999,9,+012,1",,"SYN06443301 32597 60000 10318 20238 39533 40044 83231 333 10327 58012=",
"43301099999","2023-09-20T03:00:00","4","12.1333333","78.0333333","396.0","DHARMAPURI, IN","FM-12","99999","V020","250,1,N,0010,1","99999,9,9,N","010000,1,9,9","+0258,1","+0213,1","10103,1",,,,"03,1,+00800,1,08,1","99,9,+99999,9,03,1","99,9,+99999,9,00,1","9,AGL   ,+99999,+99999","06,99,1,03,1,99,9,00800,1,99,9,99,9","240,M,+0327,1","240,N,+0230,1","99999,9,09579,1","9,9,999,9,+008,1",,"SYN08043301 32597 62502 10258 20213 39579 40103 83231 333 10327 20230 58008 555 10466=",
"43301099999","2023-09-20T12:00:00","4","12.1333333","78.0333333","396.0","DHARMAPURI, IN","FM-12","99999","V020","090,1,N,0010,1","99999,9,9,N","010000,1,9,9","+0316,1","+0229,1","10042,1",,,,"04,1,+00800,1,09,1","99,9,+99999,9,03,1",,"9,AGL   ,+99999,+99999","07,99,1,04,1,99,9,00800,1,99,9,99,9","240,M,+0327,1",,"99999,9,09531,1","9,9,999,9,-002,1",,"SYN06443301 32597 70902 10316 20229 39531 40042 84330 333 10327 59002=",
"43301099999","2023-09-21T03:00:00","4","12.1333333","78.0333333","396.0","DHARMAPURI, IN","FM-12","99999","V020","999,9,C,0000,1","99999,9,9,N","004000,1,9,9","+0244,1","+0226,1","10107,1","24,0010,3,1",,,"05,1,+00800,1,09,1","99,9,+99999,9,03,1",,"9,AGL   ,+99999,+99999","08,99,1,05,1,99,9,00800,1,99,9,99,9","240,M,+0327,1","240,N,+0227,1","99999,9,09581,1","9,9,999,9,+002,1",,"SYN09243301 22596 80000 10244 20226 39581 40107 8537/ 333 10327 20227 58002 6001/ 555 00010 10467=",
"43301099999","2023-09-21T12:00:00","4","12.1333333","78.0333333","396.0","DHARMAPURI, IN","FM-12","99999","V020","250,1,N,0010,1","99999,9,9,N","010000,1,9,9","+0308,1","+0229,1","10045,1",,,,"03,1,+00800,1,09,1","99,9,+99999,9,03,1","99,9,+99999,9,00,1","9,AGL   ,+99999,+99999","06,99,1,03,1,99,9,00800,1,99,9,99,9","240,M,+0315,1",,"99999,9,09532,1","9,9,999,9,+010,1",,"SYN06443301 32597 62502 10308 20229 39532 40045 83331 333 10315 58010=",
"43301099999","2023-09-22T03:00:00","4","12.1333333","78.0333333","396.0","DHARMAPURI, IN","FM-12","99999","V020","180,1,N,0010,1","22000,1,9,N","010000,1,9,9","+0258,1","+0219,1","10102,1","24,0000,9,1",,,"01,1,+00800,1,08,1","99,9,+99999,9,00,1",,"9,AGL   ,+99999,+99999","03,99,1,01,1,99,9,00800,1,99,9,99,9","240,M,+0315,1","240,N,+0232,1","99999,9,09578,1","9,9,999,9,-003,1",,"SYN08643301 22597 31802 10258 20219 39578 40102 81101 333 10315 20232 59003 6990/ 555 10467=","Q01  00002PRCP24"
"43301099999","2023-09-23T03:00:00","4","12.1333333","78.0333333","396.0","DHARMAPURI, IN","FM-12","99999","V020","250,1,N,0010,1","22000,1,9,N","010000,1,9,9","+0258,1","+0222,1","10097,1",,,,"01,1,+00800,1,08,1","99,9,+99999,9,00,1",,"9,AGL   ,+99999,+99999","02,99,1,01,1,99,9,00800,1,99,9,99,9","240,M,+0330,1","240,N,+0235,1","99999,9,09573,1","9,9,999,9,-005,1",,"SYN08043301 32597 22502 10258 20222 39573 40097 81101 333 10330 20235 59005 555 10467=",
"43301099999","2023-09-23T12:00:00","4","12.1333333","78.0333333","396.0","DHARMAPURI, IN","FM-12","99999","V020","200,1,N,0010,1","99999,9,9,N","010000,1,9,9","+0318,1","+0238,1","10044,1",,,,"03,1,+00800,1,08,1","99,9,+99999,9,03,1",,"9,AGL   ,+99999,+99999","05,99,1,03,1,99,9,00800,1,99,9,99,9","240,M,+0330,1",,"99999,9,09533,1","9,9,999,9,+002,1",,"SYN06443301 32597 52002 10318 20238 39533 40044 83230 333 10330 58002=",
"43301099999","2023-09-24T03:00:00","4","12.1333333","78.0333333","396.0","DHARMAPURI, IN","FM-12","99999","V020","250,1,N,0010,1","99999,9,9,N","004000,1,9,9","+0248,1","+0227,1","10104,1","24,0040,3,1",,,"03,1,+00800,1,08,1","99,9,+99999,9,03,1","99,9,+99999,9,00,1","9,AGL   ,+99999,+99999","06,99,1,03,1,99,9,00800,1,99,9,99,9","240,M,+0330,1","240,N,+0230,1","99999,9,09578,1","9,9,999,9,+005,1",,"SYN09243301 22596 62502 10248 20227 39578 40104 83231 333 10330 20230 58005 6004/ 555 00040 10471=",
"43301099999","2023-09-24T12:00:00","4","12.1333333","78.0333333","396.0","DHARMAPURI, IN","FM-12","99999","V020","250,1,N,0010,1","22000,1,9,N","010000,1,9,9","+0316,1","+0226,1","10038,1",,,,"02,1,+00800,1,08,1","99,9,+99999,9,00,1",,"9,AGL   ,+99999,+99999","03,99,1,02,1,99,9,00800,1,99,9,99,9","240,M,+0325,1",,"99999,9,09528,1","9,9,999,9,-005,1",,"SYN06443301 32597 32502 10316 20226 39528 40038 82101 333 10325 59005=",
"43301099999","2023-09-25T12:00:00","4","12.1333333","78.0333333","396.0","DHARMAPURI, IN","FM-12","99999","V020","999,9,C,0000,1","99999,9,9,N","010000,1,9,9","+0312,1","+0224,1","10032,1",,,,"03,1,+00800,1,09,1","99,9,+99999,9,03,1","99,9,+99999,9,00,1","9,AGL   ,+99999,+99999","06,99,1,03,1,99,9,00800,1,99,9,99,9","240,M,+0322,1",,"99999,9,09522,1","9,9,999,9,-006,1",,"SYN06443301 32597 60000 10312 20224 39522 40032 83331 333 10322 59006=",
"43301099999","2023-09-26T03:00:00","4","12.1333333","78.0333333","396.0","DHARMAPURI, IN","FM-12","99999","V020","999,9,C,0000,1","99999,9,9,N","010000,1,9,9","+0258,1","+0222,1","10086,1",,,,"04,1,+00800,1,09,1","99,9,+99999,9,03,1",,"9,AGL   ,+99999,+99999","07,99,1,04,1,99,9,00800,1,99,9,99,9","240,M,+0322,1","240,N,+0240,1","99999,9,09563,1","9,9,999,9,-011,1",,"SYN08043301 32597 70000 10258 20222 39563 40086 84330 333 10322 20240 59011 555 10474=",
"43301099999","2023-09-26T12:00:00","4","12.1333333","78.0333333","396.0","DHARMAPURI, IN","FM-12","99999","V020","250,1,N,0015,1","99999,9,9,N","010000,1,9,9","+0314,1","+0227,1","10031,1",,,,"03,1,+00800,1,08,1","99,9,+99999,9,03,1","99,9,+99999,9,00,1","9,AGL   ,+99999,+99999","06,99,1,03,1,99,9,00800,1,99,9,99,9","240,M,+0327,1",,"99999,9,09521,1","9,9,999,9,-001,1",,"SYN06443301 32597 62503 10314 20227 39521 40031 83231 333 10327 59001=",
"43301099999","2023-09-27T03:00:00","4","12.1333333","78.0333333","396.0","DHARMAPURI, IN","FM-12","99999","V020","250,1,N,0010,1","22000,1,9,N","010000,1,9,9","+0256,1","+0211,1","10083,1",,,,"02,1,+00800,1,08,1","99,9,+99999,9,00,1",,"9,AGL   ,+99999,+99999","03,99,1,02,1,99,9,00800,1,99,9,99,9","240,M,+0327,1","240,N,+0232,1","99999,9,09560,1","9,9,999,9,-003,1",,"SYN08043301 32597 32502 10256 20211 39560 40083 82101 333 10327 20232 59003 555 10474=",
"43301099999","2023-09-27T12:00:00","4","12.1333333","78.0333333","396.0","DHARMAPURI, IN","FM-12","99999","V020","200,1,N,0015,1","99999,9,9,N","010000,1,9,9","+0268,1","+0245,1","10041,1","09,0020,3,1",,,"04,1,+00800,1,09,1","99,9,+99999,9,03,1",,"9,AGL   ,+99999,+99999","07,99,1,04,1,99,9,00800,1,99,9,99,9","240,M,+0332,1",,"99999,9,09522,1","9,9,999,9,+001,1",,"SYN07043301 22597 72003 10268 20245 39522 40041 84330 333 10332 58001 6002/=",
"43301099999","2023-09-28T03:00:00","4","12.1333333","78.0333333","396.0","DHARMAPURI, IN","FM-12","99999","V020","200,1,N,0015,1","99999,9,9,N","010000,1,9,9","+0244,1","+0214,1","10073,1","24,0020,3,1",,,"04,1,+00800,1,09,1","99,9,+99999,9,03,1",,"9,AGL   ,+99999,+99999","07,99,1,04,1,99,9,00800,1,99,9,99,9","240,M,+0332,1","240,N,+0222,1","99999,9,09549,1","9,9,999,9,-011,1",,"SYN09243301 22597 72003 10244 20214 39549 40073 84330 333 10332 20222 59011 6002/ 555 00020 10476=",
"43301099999","2023-09-29T12:00:00","4","12.1333333","78.0333333","396.0","DHARMAPURI, IN","FM-12","99999","V020","250,1,N,0021,1","99999,9,9,N","010000,1,9,9","+0298,1","+0225,1","10048,1",,,,"04,1,+00800,1,09,1","99,9,+99999,9,03,1",,"9,AGL   ,+99999,+99999","07,99,1,04,1,99,9,00800,1,99,9,99,9","240,M,+0320,1",,"99999,9,09533,1","9,9,999,9,+009,1",,"SYN06443301 32597 72504 10298 20225 39533 40048 84330 333 10320 58009=",
"43301099999","2023-09-30T03:00:00","4","12.1333333","78.0333333","396.0","DHARMAPURI, IN","FM-12","99999","V020","200,1,N,0010,1","22000,1,9,N","010000,1,9,9","+0254,1","+0215,1","10086,1",,,,"02,1,+00800,1,08,1","99,9,+99999,9,00,1",,"9,AGL   ,+99999,+99999","03,99,1,02,1,99,9,00800,1,99,9,99,9","240,M,+0320,1","240,N,+0235,1","99999,9,09563,1","9,9,999,9,-001,1",,"SYN08043301 32597 32002 10254 20215 39563 40086 82101 333 10320 20235 59001 555 10476=",
"43301099999","2023-09-30T12:00:00","4","12.1333333","78.0333333","396.0","DHARMAPURI, IN","FM-12","99999","V020","250,1,N,0036,1","22000,1,9,N","010000,1,9,9","+0302,1","+0216,1","10047,1",,,,"02,1,+00800,1,08,1","99,9,+99999,9,03,1","99,9,+99999,9,00,1","9,AGL   ,+99999,+99999","04,99,1,02,1,99,9,00800,1,99,9,99,9","240,M,+0325,1",,"99999,9,09534,1","9,9,999,9,+001,1",,"SYN06443301 32597 42507 10302 20216 39534 40047 82231 333 10325 58001=",
"43301099999","2023-10-01T03:00:00","4","12.1333333","78.0333333","396.0","DHARMAPURI, IN","FM-12","99999","V020","200,1,N,0010,1","99999,9,9,N","004000,1,9,9","+0256,1","+0220,1","10092,1",,,,"04,1,+00800,1,09,1","99,9,+99999,9,03,1",,"9,AGL   ,+99999,+99999","07,99,1,04,1,99,9,00800,1,99,9,99,9","240,M,+0325,1","240,N,+0230,1","99999,9,09569,1","9,9,999,9,+006,1",,"SYN08043301 32596 72002 10256 20220 39569 40092 84330 333 10325 20230 58006 555 10000=",
"43301099999","2023-10-01T12:00:00","4","12.1333333","78.0333333","396.0","DHARMAPURI, IN","FM-12","99999","V020","200,1,N,0010,1","99999,9,9,N","010000,1,9,9","+0248,1","+0233,1","10060,1","09,0060,3,1",,,"04,1,+00800,1,09,1","99,9,+99999,9,03,1",,"9,AGL   ,+99999,+99999","07,99,1,04,1,99,9,00800,1,99,9,99,9","240,M,+0305,1",,"99999,9,09536,1","9,9,999,9,+002,1",,"SYN07043301 22597 72002 10248 20233 39536 40060 84330 333 10305 58002 6006/=",
"43301099999","2023-10-02T03:00:00","4","12.1333333","78.0333333","396.0","DHARMAPURI, IN","FM-12","99999","V020","250,1,N,0010,1","22000,1,9,N","010000,1,9,9","+0246,1","+0219,1","10096,1","24,0060,3,1",,,"02,1,+00800,1,08,1","99,9,+99999,9,03,1","99,9,+99999,9,00,1","9,AGL   ,+99999,+99999","04,99,1,02,1,99,9,00800,1,99,9,99,9","240,M,+0305,1","240,N,+0220,1","99999,9,09570,1","9,9,999,9,+001,1",,"SYN09243301 22597 42502 10246 20219 39570 40096 82131 333 10305 20220 58001 6006/ 555 00060 10006=",
"43301099999","2023-10-02T12:00:00","4","12.1333333","78.0333333","396.0","DHARMAPURI, IN","FM-12","99999","V020","200,1,N,0015,1","99999,9,9,N","010000,1,9,9","+0304,1","+0228,1","10048,1",,,,"02,1,+00800,1,08,1","99,9,+99999,9,03,1","99,9,+99999,9,00,1","9,AGL   ,+99999,+99999","05,99,1,02,1,99,9,00800,1,99,9,99,9","240,M,+0320,1",,"99999,9,09535,1","9,9,999,9,-001,1",,"SYN06443301 32597 52003 10304 20228 39535 40048 82231 333 10320 59001=",
"43301099999","2023-10-03T03:00:00","4","12.1333333","78.0333333","396.0","DHARMAPURI, IN","FM-12","99999","V020","050,1,N,0010,1","22000,1,9,N","010000,1,9,9","+0248,1","+0202,1","10109,1",,,,"01,1,+00800,1,08,1","99,9,+99999,9,00,1",,"9,AGL   ,+99999,+99999","02,99,1,01,1,99,9,00800,1,99,9,99,9","240,M,+0320,1","240,N,+0220,1","99999,9,09583,1","9,9,999,9,+013,1",,"SYN08043301 32597 20502 10248 20202 39583 40109 81101 333 10320 20220 58013 555 10006=",
"43301099999","2023-10-03T12:00:00","4","12.1333333","78.0333333","396.0","DHARMAPURI, IN","FM-12","99999","V020","250,1,N,0010,1","22000,1,9,N","010000,1,9,9","+0324,1","+0204,1","10048,1",,,,"01,1,+00800,1,08,1","99,9,+99999,9,00,1",,"9,AGL   ,+99999,+99999","02,99,1,01,1,99,9,00800,1,99,9,99,9","240,M,+0337,1",,"99999,9,09538,1","9,9,999,9,+003,1",,"SYN06443301 32597 22502 10324 20204 39538 40048 81101 333 10337 58003=",
"43301099999","2023-10-04T03:00:00","4","12.1333333","78.0333333","396.0","DHARMAPURI, IN","FM-12","99999","V020","250,1,N,0010,1","22000,1,9,N","010000,1,9,9","+0248,1","+0208,1","10105,1",,,,"01,1,+00800,1,08,1","99,9,+99999,9,00,1",,"9,AGL   ,+99999,+99999","02,99,1,01,1,99,9,00800,1,99,9,99,9","240,M,+0337,1","240,N,+0236,1","99999,9,09579,1","9,9,999,9,-004,1",,"SYN08043301 32597 22502 10248 20208 39579 40105 81101 333 10337 20236 59004 555 10006=",
"43301099999","2023-10-04T12:00:00","4","12.1333333","78.0333333","396.0","DHARMAPURI, IN","FM-12","99999","V020","200,1,N,0010,1","22000,1,9,N","010000,1,9,9","+0336,1","+0178,1","10051,1",,,,"02,1,+00800,1,08,1","99,9,+99999,9,00,1",,"9,AGL   ,+99999,+99999","03,99,1,02,1,99,9,00800,1,99,9,99,9","240,M,+0346,1",,"99999,9,09543,1","9,9,999,9,+005,1",,"SYN06443301 32597 32002 10336 20178 39543 40051 82201 333 10346 58005=",
"43301099999","2023-10-05T03:00:00","4","12.1333333","78.0333333","396.0","DHARMAPURI, IN","FM-12","99999","V020","200,1,N,0015,1","99999,9,9,N","010000,1,9,9","+0258,1","+0210,1","10104,1",,,,,,,,,"240,M,+0346,1","240,N,+0230,1","99999,9,09580,1","9,9,999,9,+001,1",,"SYN07443301 32997 02003 10258 20210 39580 40104 333 10346 20230 58001 555 10006=",
"43301099999","2023-10-06T03:00:00","4","12.1333333","78.0333333","396.0","DHARMAPURI, IN","FM-12","99999","V020","200,1,N,0010,1","99999,9,9,N","004000,1,9,9","+0268,1","+0214,1","10093,1","24,0000,9,1",,,"04,1,+00800,1,09,1","99,9,+99999,9,03,1",,"9,AGL   ,+99999,+99999","07,99,1,04,1,99,9,00800,1,99,9,99,9","240,M,+0347,1","240,N,+0250,1","99999,9,09571,1","9,9,999,9,-009,1",,"SYN08643301 22596 72002 10268 20214 39571 40093 84330 333 10347 20250 59009 6990/ 555 10006=","Q01  00002PRCP24"
"43301099999","2023-10-06T12:00:00","4","12.1333333","78.0333333","396.0","DHARMAPURI, IN","FM-12","99999","V020","999,9,C,0000,1","99999,9,9,N","010000,1,9,9","+0304,1","+0222,1","10044,1","09,0000,9,1",,,"04,1,+00800,1,09,1","99,9,+99999,9,03,1",,"9,AGL   ,+99999,+99999","07,99,1,04,1,99,9,00800,1,99,9,99,9","240,M,+0334,1",,"99999,9,09531,1","9,9,999,9,-001,1",,"SYN07043301 22597 70000 10304 20222 39531 40044 84330 333 10334 59001 6990/=","Q01  00002PRCP09"
"43301099999","2023-10-07T03:00:00","4","12.1333333","78.0333333","396.0","DHARMAPURI, IN","FM-12","99999","V020","250,1,N,0010,1","99999,9,9,N","010000,1,9,9","+0262,1","+0223,1","10092,1","24,0050,3,1",,,"03,1,+00800,1,08,1","99,9,+99999,9,03,1","99,9,+99999,9,00,1","9,AGL   ,+99999,+99999","05,99,1,03,1,99,9,00800,1,99,9,99,9","240,M,+0334,1","240,N,+0230,1","99999,9,09570,1","9,9,999,9,-001,1",,"SYN09243301 22597 52502 10262 20223 39570 40092 83231 333 10334 20230 59001 6005/ 555 00050 10011=",
"43301099999","2023-10-07T12:00:00","4","12.1333333","78.0333333","396.0","DHARMAPURI, IN","FM-12","99999","V020","250,1,N,0046,1","99999,9,9,N","010000,1,9,9","+0262,1","+0233,1","10068,1","09,0250,3,1",,,"05,1,+00800,1,06,1","99,9,+99999,9,03,1",,"9,AGL   ,+99999,+99999","08,99,1,05,1,99,9,00800,1,99,9,99,9","240,M,+0330,1",,"99999,9,09548,1","9,9,999,9,+017,1",,"SYN07043301 21597 82509 10262 20233 39548 40068 8547/ 333 10330 58017 6025/=",
"43301099999","2023-10-08T03:00:00","4","12.1333333","78.0333333","396.0","DHARMAPURI, IN","FM-12","99999","V020","999,9,C,0000,1","99999,9,9,N","004000,1,9,9","+0252,1","+0231,1","10106,1","24,0350,3,1",,,"04,1,+00800,1,09,1","99,9,+99999,9,03,1",,"9,AGL   ,+99999,+99999","07,99,1,04,1,99,9,00800,1,99,9,99,9","240,M,+0330,1","240,N,+0240,1","99999,9,09582,1","9,9,999,9,+012,1",,"SYN09243301 22596 70000 10252 20231 39582 40106 84330 333 10330 20240 58012 6035/ 555 00350 10046=",
"43301099999","2023-10-08T12:00:00","4","12.1333333","78.0333333","396.0","DHARMAPURI, IN","FM-12","99999","V020","999,9,C,0000,1","99999,9,9,N","010000,1,9,9","+0284,1","+0238,1","10063,1",,,,"05,1,+00800,1,09,1","99,9,+99999,9,03,1",,"9,AGL   ,+99999,+99999","08,99,1,05,1,99,9,00800,1,99,9,99,9","240,M,+0302,1",,"99999,9,09547,1","9,9,999,9,-001,1",,"SYN06443301 32597 80000 10284 20238 39547 40063 8537/ 333 10302 59001=",
"43301099999","2023-10-09T03:00:00","4","12.1333333","78.0333333","396.0","DHARMAPURI, IN","FM-12","99999","V020","200,1,N,0010,1","22000,1,9,N","010000,1,9,9","+0258,1","+0235,1","10126,1",,,,"01,1,+00800,1,08,1","99,9,+99999,9,00,1",,"9,AGL   ,+99999,+99999","02,99,1,01,1,99,9,00800,1,99,9,99,9","240,M,+0302,1","240,N,+0240,1","99999,9,09601,1","9,9,999,9,+019,1",,"SYN08043301 32597 22002 10258 20235 39601 40126 81101 333 10302 20240 58019 555 10046=",
"43301099999","2023-10-09T12:00:00","4","12.1333333","78.0333333","396.0","DHARMAPURI, IN","FM-12","99999","V020","999,9,C,0000,1","99999,9,9,N","010000,1,9,9","+0262,1","+0239,1","10083,1","09,0020,3,1",,,"04,1,+00800,1,09,1","99,9,+99999,9,03,1",,"9,AGL   ,+99999,+99999","07,99,1,04,1,99,9,00800,1,99,9,99,9","240,M,+0327,1",,"99999,9,09562,1","9,9,999,9,+015,1",,"SYN07043301 21597 70000 10262 20239 39562 40083 84330 333 10327 58015 6002/=",
"43301099999","2023-10-10T03:00:00","4","12.1333333","78.0333333","396.0","DHARMAPURI, IN","FM-12","99999","V020","999,9,C,0000,1","99999,9,9,N","004000,1,9,9","+0244,1","+0229,1","10126,1","24,0030,3,1",,,"05,1,+00800,1,09,1","99,9,+99999,9,03,1",,"9,AGL   ,+99999,+99999","08,99,1,05,1,99,9,00800,1,99,9,99,9","240,M,+0327,1","240,N,+0225,1","99999,9,09599,1","9,9,999,9,-002,1",,"SYN09243301 22596 80000 10244 20229 39599 40126 8537/ 333 10327 20225 59002 6003/ 555 00030 10049=",
"43301099999","2023-10-10T12:00:00","4","12.1333333","78.0333333","396.0","DHARMAPURI, IN","FM-12","99999","V020","200,1,N,0015,1","99999,9,9,N","010000,1,9,9","+0296,1","+0232,1","10068,1",,,,"02,1,+00800,1,08,1","99,9,+99999,9,03,1","99,9,+99999,9,00,1","9,AGL   ,+99999,+99999","05,99,1,02,1,99,9,00800,1,99,9,99,9","240,M,+0315,1",,"99999,9,09552,1","9,9,999,9,-010,1",,"SYN06443301 32597 52003 10296 20232 39552 40068 82231 333 10315 59010=",
"43301099999","2023-10-11T03:00:00","4","12.1333333","78.0333333","396.0","DHARMAPURI, IN","FM-12","99999","V020","999,9,C,0000,1","99999,9,9,N","004000,1,9,9","+0242,1","+0227,1","10114,1","24,0020,3,1","2,1,02,1","2,1,02,1","05,1,+00800,1,09,1","99,9,+99999,9,03,1",,"9,AGL   ,+99999,+99999","08,99,1,05,1,99,9,00800,1,99,9,99,9","240,M,+0315,1","240,N,+0230,1","99999,9,09588,1","9,9,999,9,-011,1","51,1","SYN09843301 21596 80000 10242 20227 39588 40114 75122 8537/ 333 10315 20230 59011 6002/ 555 00020 10051=",
"43301099999","2023-10-11T12:00:00","4","12.1333333","78.0333333","396.0","DHARMAPURI, IN","FM-12","99999","V020","020,1,N,0010,1","99999,9,9,N","010000,1,9,9","+0302,1","+0229,1","10065,1","09,0020,3,1",,,"05,1,+00800,1,06,1","99,9,+99999,9,03,1",,"9,AGL   ,+99999,+99999","08,99,1,05,1,99,9,00800,1,99,9,99,9","240,M,+0315,1",,"99999,9,09551,1","9,9,999,9,-001,1",,"SYN07043301 21597 80202 10302 20229 39551 40065 8547/ 333 10315 59001 6002/=",
"43301099999","2023-10-12T03:00:00","4","12.1333333","78.0333333","396.0","DHARMAPURI, IN","FM-12","99999","V020","999,9,C,0000,1","99999,9,9,N","004000,1,9,9","+0248,1","+0230,1","10120,1","24,0080,3,1",,,"05,1,+00800,1,06,1","99,9,+99999,9,03,1",,"9,AGL   ,+99999,+99999","08,99,1,05,1,99,9,00800,1,99,9,99,9","240,M,+0315,1","240,N,+0230,1","99999,9,09593,1","9,9,999,9,+005,1",,"SYN09243301 22596 80000 10248 20230 39593 40120 8547/ 333 10315 20230 58005 6008/ 555 00080 10059=",
"43301099999","2023-10-12T12:00:00","4","12.1333333","78.0333333","396.0","DHARMAPURI, IN","FM-12","99999","V020","999,9,C,0000,1","99999,9,9,N","010000,1,9,9","+0294,1","+0217,1","10089,1",,,,"02,1,+00800,1,08,1","99,9,+99999,9,03,1","99,9,+99999,9,00,1","9,AGL   ,+99999,+99999","05,99,1,02,1,99,9,00800,1,99,9,99,9","240,M,+0305,1",,"99999,9,09572,1","9,9,999,9,+021,1",,"SYN06443301 32597 50000 10294 20217 39572 40089 82231 333 10305 58021=",
"43301099999","2023-10-13T03:00:00","4","12.1333333","78.0333333","396.0","DHARMAPURI, IN","FM-12","99999","V020","070,1,N,0015,1","99999,9,9,N","010000,1,9,9","+0238,1","+0223,1","10133,1",,,,"02,1,+00800,1,08,1","99,9,+99999,9,03,1","99,9,+99999,9,00,1","9,AGL   ,+99999,+99999","05,99,1,02,1,99,9,00800,1,99,9,99,9","240,M,+0305,1","240,N,+0235,1","99999,9,09604,1","9,9,999,9,+011,1",,"SYN08043301 32597 50703 10238 20223 39604 40133 82231 333 10305 20235 58011 555 10059=",
"43301099999","2023-10-13T12:00:00","4","12.1333333","78.0333333","396.0","DHARMAPURI, IN","FM-12","99999","V020","070,1,N,0010,1","99999,9,9,N","010000,1,9,9","+0298,1","+0164,1","10084,1",,,,"02,1,+00800,1,08,1","99,9,+99999,9,03,1","99,9,+99999,9,00,1","9,AGL   ,+99999,+99999","05,99,1,02,1,99,9,00800,1,99,9,99,9","240,M,+0317,1",,"99999,9,09568,1","9,9,999,9,-004,1",,"SYN06443301 32597 50702 10298 20164 39568 40084 82231 333 10317 59004=",
"43301099999","2023-10-14T03:00:00","4","12.1333333","78.0333333","396.0","DHARMAPURI, IN","FM-12","99999","V020","250,1,N,0010,1","99999,9,9,N","010000,1,9,9","+0248,1","+0215,1","10139,1",,,,"04,1,+00800,1,09,1","99,9,+99999,9,03,1",,"9,AGL   ,+99999,+99999","07,99,1,04,1,99,9,00800,1,99,9,99,9","240,M,+0317,1","240,N,+0240,1","99999,9,09611,1","9,9,999,9,+007,1",,"SYN08043301 32597 72502 10248 20215 39611 40139 84330 333 10317 20240 58007 555 10059=",
"43301099999","2023-10-14T12:00:00","4","12.1333333","78.0333333","396.0","DHARMAPURI, IN","FM-12","99999","V020","999,9,C,0000,1","99999,9,9,N","010000,1,9,9","+0298,1","+0234,1","10080,1",,,,"03,1,+00800,1,09,1","99,9,+99999,9,03,1","99,9,+99999,9,00,1","9,AGL   ,+99999,+99999","06,99,1,03,1,99,9,00800,1,99,9,99,9","240,M,+0312,1",,"99999,9,09564,1","9,9,999,9,-004,1",,"SYN06443301 32597 60000 10298 20234 39564 40080 83331 333 10312 59004=",
"43301099999","2023-10-15T03:00:00","4","12.1333333","78.0333333","396.0","DHARMAPURI, IN","FM-12","99999","V020","999,9,C,0000,1","99999,9,9,N","004000,1,9,9","+0236,1","+0221,1","10128,1","24,0110,3,1",,,"04,1,+00800,1,09,1","99,9,+99999,9,03,1",,"9,AGL   ,+99999,+99999","07,99,1,04,1,99,9,00800,1,99,9,99,9","240,M,+0312,1","240,N,+0220,1","99999,9,09599,1","9,9,999,9,-012,1",,"SYN09243301 22596 70000 10236 20221 39599 40128 84330 333 10312 20220 59012 6011/ 555 00110 10070=",
"43301099999","2023-10-15T12:00:00","4","12.1333333","78.0333333","396.0","DHARMAPURI, IN","FM-12","99999","V020","160,1,N,0015,1","99999,9,9,N","010000,1,9,9","+0254,1","+0239,1","10086,1","09,0250,3,1",,,"05,1,+00800,1,09,1","99,9,+99999,9,03,1",,"9,AGL   ,+99999,+99999","08,99,1,05,1,99,9,00800,1,99,9,99,9","240,M,+0305,1",,"99999,9,09563,1","9,9,999,9,-001,1",,"SYN07043301 21597 81603 10254 20239 39563 40086 8537/ 333 10305 59001 6025/=",
"43301099999","2023-10-16T03:00:00","4","12.1333333","78.0333333","396.0","DHARMAPURI, IN","FM-12","99999","V020","999,9,C,0000,1","99999,9,9,N","004000,1,9,9","+0246,1","+0228,1","10118,1","24,0280,3,1",,,"04,1,+00800,1,09,1","99,9,+99999,9,03,1",,"9,AGL   ,+99999,+99999","07,99,1,04,1,99,9,00800,1,99,9,99,9","240,M,+0305,1","240,N,+0225,1","99999,9,09591,1","9,9,999,9,-008,1",,"SYN09243301 22596 70000 10246 20228 39591 40118 84330 333 10305 20225 59008 6028/ 555 00280 10098=",
"43301099999","2023-10-16T12:00:00","4","12.1333333","78.0333333","396.0","DHARMAPURI, IN","FM-12","99999","V020","070,1,N,0026,1","99999,9,9,N","010000,1,9,9","+0272,1","+0222,1","10079,1","09,0010,3,1",,,"05,1,+00800,1,06,1","99,9,+99999,9,03,1",,"9,AGL   ,+99999,+99999","08,99,1,05,1,99,9,00800,1,99,9,99,9","240,M,+0307,1",,"99999,9,09560,1","9,9,999,9,-003,1",,"SYN07043301 22597 80705 10272 20222 39560 40079 8547/ 333 10307 59003 6001/=",
"43301099999","2023-10-17T03:00:00","4","12.1333333","78.0333333","396.0","DHARMAPURI, IN","FM-12","99999","V020","999,9,C,0000,1","22000,1,9,N","010000,1,9,9","+0238,1","+0223,1","10128,1","24,0070,3,1",,,"02,1,+00800,1,08,1","99,9,+99999,9,00,1",,"9,AGL   ,+99999,+99999","03,99,1,02,1,99,9,00800,1,99,9,99,9","240,M,+0307,1","240,N,+0220,1","99999,9,09599,1","9,9,999,9,+008,1",,"SYN09243301 22597 30000 10238 20223 39599 40128 82201 333 10307 20220 58008 6007/ 555 00070 10105=",
"43301099999","2023-10-17T12:00:00","4","12.1333333","78.0333333","396.0","DHARMAPURI, IN","FM-12","99999","V020","070,1,N,0010,1","99999,9,9,N","010000,1,9,9","+0292,1","+0211,1","10080,1",,,,"02,1,+00800,1,08,1","99,9,+99999,9,03,1","99,9,+99999,9,00,1","9,AGL   ,+99999,+99999","05,99,1,02,1,99,9,00800,1,99,9,99,9","240,M,+0306,1",,"99999,9,09564,1","9,9,999,9,+004,1",,"SYN06443301 32597 50702 10292 20211 39564 40080 82231 333 10306 58004=",
"43301099999","2023-10-18T03:00:00","4","12.1333333","78.0333333","396.0","DHARMAPURI, IN","FM-12","99999","V020","999,9,C,0000,1","22000,1,9,N","010000,1,9,9","+0232,1","+0208,1","10131,1",,,,"01,1,+00800,1,08,1","99,9,+99999,9,00,1",,"9,AGL   ,+99999,+99999","02,99,1,01,1,99,9,00800,1,99,9,99,9","240,M,+0306,1","240,N,+0210,1","99999,9,09602,1","9,9,999,9,+003,1",,"SYN08043301 32597 20000 10232 20208 39602 40131 81101 333 10306 20210 58003 555 10105=",
"43301099999","2023-10-19T03:00:00","4","12.1333333","78.0333333","396.0","DHARMAPURI, IN","FM-12","99999","V020","070,1,N,0010,1","99999,9,9,N","010000,1,9,9","+0234,1","+0203,1","10133,1",,,,,,,,,"240,M,+0310,1","240,N,+0205,1","99999,9,09604,1","9,9,999,9,+002,1",,"SYN07443301 32997 00702 10234 20203 39604 40133 333 10310 20205 58002 555 10105=",
"43301099999","2023-10-19T12:00:00","4","12.1333333","78.0333333","396.0","DHARMAPURI, IN","FM-12","99999","V020","070,1,N,0010,1","99999,9,9,N","010000,1,9,9","+0298,1","+0198,1","10089,1",,,,"02,1,+00800,1,08,1","99,9,+99999,9,03,1","99,9,+99999,9,00,1","9,AGL   ,+99999,+99999","05,99,1,02,1,99,9,00800,1,99,9,99,9","240,M,+0315,1",,"99999,9,09572,1","9,9,999,9,-002,1",,"SYN06443301 32597 50702 10298 20198 39572 40089 82231 333 10315 59002=",
"43301099999","2023-10-20T03:00:00","4","12.1333333","78.0333333","396.0","DHARMAPURI, IN","FM-12","99999","V020","070,1,N,0010,1","99999,9,9,N","010000,1,9,9","+0238,1","+0217,1","10140,1",,,,"02,1,+00800,1,08,1","99,9,+99999,9,03,1","99,9,+99999,9,00,1","9,AGL   ,+99999,+99999","05,99,1,02,1,99,9,00800,1,99,9,99,9","240,M,+0315,1","240,N,+0217,1","99999,9,09610,1","9,9,999,9,+006,1",,"SYN08043301 32597 50702 10238 20217 39610 40140 82231 333 10315 20217 58006 555 10105=",
"43301099999","2023-10-20T12:00:00","4","12.1333333","78.0333333","396.0","DHARMAPURI, IN","FM-12","99999","V020","070,1,N,0010,1","99999,9,9,N","010000,1,9,9","+0298,1","+0190,1","10075,1",,,,,,,,,"240,M,+0316,1",,"99999,9,09559,1","9,9,999,9,-013,1",,"SYN05843301 32997 00702 10298 20190 39559 40075 333 10316 59013=",
"43301099999","2023-10-21T03:00:00","4","12.1333333","78.0333333","396.0","DHARMAPURI, IN","FM-12","99999","V020","070,1,N,0010,1","99999,9,9,N","010000,1,9,9","+0248,1","+0212,1","10138,1",,,,,,,,,"240,M,+0316,1","240,N,+0220,1","99999,9,09611,1","9,9,999,9,+001,1",,"SYN07443301 32997 00702 10248 20212 39611 40138 333 10316 20220 58001 555 10105=",
"43301099999","2023-10-21T12:00:00","4","12.1333333","78.0333333","396.0","DHARMAPURI, IN","FM-12","99999","V020","999,9,C,0000,1","22000,1,9,N","010000,1,9,9","+0302,1","+0213,1","10086,1",,,,"02,1,+00800,1,08,1","99,9,+99999,9,03,1","99,9,+99999,9,00,1","9,AGL   ,+99999,+99999","04,99,1,02,1,99,9,00800,1,99,9,99,9","240,M,+0315,1",,"99999,9,09571,1","9,9,999,9,+012,1",,"SYN06443301 32597 40000 10302 20213 39571 40086 82231 333 10315 58012=",
"43301099999","2023-10-22T03:00:00","4","12.1333333","78.0333333","396.0","DHARMAPURI, IN","FM-12","99999","V020","999,9,C,0000,1","22000,1,9,N","010000,1,9,9","+0248,1","+0218,1","10140,1",,,,"01,1,+00800,1,08,1","99,9,+99999,9,00,1",,"9,AGL   ,+99999,+99999","02,99,1,01,1,99,9,00800,1,99,9,99,9","240,M,+0315,1","240,N,+0227,1","99999,9,09612,1","9,9,999,9,+001,1",,"SYN08043301 32597 20000 10248 20218 39612 40140 81101 333 10315 20227 58001 555 10105=",
"43301099999","2023-10-22T12:00:00","4","12.1333333","78.0333333","396.0","DHARMAPURI, IN","FM-12","99999","V020","070,1,N,0010,1","99999,9,9,N","010000,1,9,9","+0304,1","+0198,1","10078,1",,,,,,,,,"240,M,+0320,1",,"99999,9,09564,1","9,9,999,9,-007,1",,"SYN05843301 32997 00702 10304 20198 39564 40078 333 10320 59007=",
"43301099999","2023-10-23T03:00:00","4","12.1333333","78.0333333","396.0","DHARMAPURI, IN","FM-12","99999","V020","999,9,C,0000,1","22000,1,9,N","004000,1,9,9","+0248,1","+0218,1","10131,1",,,,"01,1,+00800,1,08,1","99,9,+99999,9,00,1",,"9,AGL   ,+99999,+99999","02,99,1,01,1,99,9,00800,1,99,9,99,9","240,M,+0320,1","240,N,+0225,1","99999,9,09604,1","9,9,999,9,-008,1",,"SYN08043301 32596 20000 10248 20218 39604 40131 81101 333 10320 20225 59008 555 10105=",
"43301099999","2023-10-23T12:00:00","4","12.1333333","78.0333333","396.0","DHARMAPURI, IN","FM-12","99999","V020","180,1,N,0010,1","99999,9,9,N","010000,1,9,9","+0314,1","+0199,1","10072,1",,,,"02,1,+00800,1,08,1","99,9,+99999,9,03,1","99,9,+99999,9,00,1","9,AGL   ,+99999,+99999","05,99,1,02,1,99,9,00800,1,99,9,99,9","240,M,+0320,1",,"99999,9,09560,1","9,9,999,9,-004,1",,"SYN06443301 32597 51802 10314 20199 39560 40072 82231 333 10320 59004=",
"43301099999","2023-10-24T03:00:00","4","12.1333333","78.0333333","396.0","DHARMAPURI, IN","FM-12","99999","V020","070,1,N,0010,1","99999,9,9,N","010000,1,9,9","+0234,1","+0187,1","10132,1",,,,,,,,,"240,M,+0320,1","240,N,+0206,1","99999,9,09603,1","9,9,999,9,-001,1",,"SYN07443301 32997 00702 10234 20187 39603 40132 333 10320 20206 59001 555 10105=",
"43301099999","2023-10-24T12:00:00","4","12.1333333","78.0333333","396.0","DHARMAPURI, IN","FM-12","99999","V020","999,9,C,0000,1","99999,9,9,N","010000,1,9,9","+0304,1","+0168,1","10075,1",,,,,,,,,"240,M,+0326,1",,"99999,9,09561,1","9,9,999,9,+001,1",,"SYN05843301 32997 00000 10304 20168 39561 40075 333 10326 58001=",
"43301099999","2023-10-25T03:00:00","4","12.1333333","78.0333333","396.0","DHARMAPURI, IN","FM-12","99999","V020","070,1,N,0010,1","22000,1,9,N","010000,1,9,9","+0242,1","+0215,1","10139,1",,,,"02,1,+00800,1,08,1","99,9,+99999,9,00,1",,"9,AGL   ,+99999,+99999","03,99,1,02,1,99,9,00800,1,99,9,99,9","240,M,+0326,1","240,N,+0205,1","99999,9,09611,1","9,9,999,9,+008,1",,"SYN08043301 32597 30702 10242 20215 39611 40139 82101 333 10326 20205 58008 555 10105=",
"43301099999","2023-10-25T12:00:00","4","12.1333333","78.0333333","396.0","DHARMAPURI, IN","FM-12","99999","V020","070,1,N,0010,1","99999,9,9,N","010000,1,9,9","+0308,1","+0184,1","10085,1",,,,,,,,,"240,M,+0320,1",,"99999,9,09570,1","9,9,999,9,+009,1",,"SYN05843301 32997 00702 10308 20184 39570 40085 333 10320 58009=",
"43301099999","2023-10-26T03:00:00","4","12.1333333","78.0333333","396.0","DHARMAPURI, IN","FM-12","99999","V020","070,1,N,0015,1","99999,9,9,N","010000,1,9,9","+0238,1","+0214,1","10143,1",,,,,,,,,"240,M,+0320,1","240,N,+0215,1","99999,9,09613,1","9,9,999,9,+002,1",,"SYN07443301 32997 00703 10238 20214 39613 40143 333 10320 20215 58002 555 10105=",
"43301099999","2023-10-26T12:00:00","4","12.1333333","78.0333333","396.0","DHARMAPURI, IN","FM-12","99999","V020","070,1,N,0010,1","99999,9,9,N","010000,1,9,9","+0304,1","+0179,1","10072,1",,,,,,,,,"240,M,+0317,1",,"99999,9,09558,1","9,9,999,9,-012,1",,"SYN05843301 32997 00702 10304 20179 39558 40072 333 10317 59012=",
"43301099999","2023-10-27T03:00:00","4","12.1333333","78.0333333","396.0","DHARMAPURI, IN","FM-12","99999","V020","070,1,N,0010,1","99999,9,9,N","010000,1,9,9","+0238,1","+0214,1","10129,1",,,,,,,,,"240,M,+0317,1","240,N,+0220,1","99999,9,09600,1","9,9,999,9,-013,1",,"SYN07443301 32997 00702 10238 20214 39600 40129 333 10317 20220 59013 555 10105=",
"43301099999","2023-10-27T12:00:00","4","12.1333333","78.0333333","396.0","DHARMAPURI, IN","FM-12","99999","V020","999,9,C,0000,1","22000,1,9,N","010000,1,9,9","+0306,1","+0186,1","10073,1",,,,"01,1,+00800,1,08,1","99,9,+99999,9,03,1","99,9,+99999,9,00,1","9,AGL   ,+99999,+99999","03,99,1,01,1,99,9,00800,1,99,9,99,9","240,M,+0322,1",,"99999,9,09559,1","9,9,999,9,+001,1",,"SYN06443301 32597 30000 10306 20186 39559 40073 81131 333 10322 58001=",
"43301099999","2023-10-28T03:00:00","4","12.1333333","78.0333333","396.0","DHARMAPURI, IN","FM-12","99999","V020","070,1,N,0010,1","22000,1,9,N","010000,1,9,9","+0256,1","+0214,1","10124,1",,,,"02,1,+00800,1,08,1","99,9,+99999,9,03,1",,"9,AGL   ,+99999,+99999","03,99,1,02,1,99,9,00800,1,99,9,99,9","240,M,+0322,1","240,N,+0232,1","99999,9,09599,1","9,9,999,9,-001,1",,"SYN08043301 32597 30702 10256 20214 39599 40124 82230 333 10322 20232 59001 555 10105=",
"43301099999","2023-10-28T12:00:00","4","12.1333333","78.0333333","396.0","DHARMAPURI, IN","FM-12","99999","V020","070,1,N,0010,1","22000,1,9,N","010000,1,9,9","+0308,1","+0199,1","10074,1",,,,"02,1,+00800,1,08,1","99,9,+99999,9,03,1","99,9,+99999,9,00,1","9,AGL   ,+99999,+99999","04,99,1,02,1,99,9,00800,1,99,9,99,9","240,M,+0320,1",,"99999,9,09560,1","9,9,999,9,+001,1",,"SYN06443301 32597 40702 10308 20199 39560 40074 82231 333 10320 58001=",
"43301099999","2023-10-29T03:00:00","4","12.1333333","78.0333333","396.0","DHARMAPURI, IN","FM-12","99999","V020","020,1,N,0010,1","99999,9,9,N","010000,1,9,9","+0252,1","+0216,1","10119,1",,,,"02,1,+00800,1,08,1","99,9,+99999,9,03,1","99,9,+99999,9,00,1","9,AGL   ,+99999,+99999","05,99,1,02,1,99,9,00800,1,99,9,99,9","240,M,+0320,1","240,N,+0235,1","99999,9,09594,1","9,9,999,9,-005,1",,"SYN08043301 32597 50202 10252 20216 39594 40119 82231 333 10320 20235 59005 555 10105=",
"43301099999","2023-10-29T12:00:00","4","12.1333333","78.0333333","396.0","DHARMAPURI, IN","FM-12","99999","V020","070,1,N,0010,1","99999,9,9,N","010000,1,9,9","+0254,1","+0237,1","10081,1","09,0120,3,1",,,"05,1,+00800,1,09,1","99,9,+99999,9,03,1",,"9,AGL   ,+99999,+99999","08,99,1,05,1,99,9,00800,1,99,9,99,9","240,M,+0316,1",,"99999,9,09558,1","9,9,999,9,+002,1",,"SYN07043301 22597 80702 10254 20237 39558 40081 8537/ 333 10316 58002 6012/=",
"43301099999","2023-10-30T03:00:00","4","12.1333333","78.0333333","396.0","DHARMAPURI, IN","FM-12","99999","V020","999,9,C,0000,1","99999,9,9,N","004000,1,9,9","+0244,1","+0220,1","10127,1","24,0120,3,1",,,"03,1,+00800,1,09,1","99,9,+99999,9,03,1","99,9,+99999,9,00,1","9,AGL   ,+99999,+99999","07,99,1,03,1,99,9,00800,1,99,9,99,9","240,M,+0316,1","240,N,+0222,1","99999,9,09600,1","9,9,999,9,+006,1",,"SYN09243301 22596 70000 10244 20220 39600 40127 83331 333 10316 20222 58006 6012/ 555 00120 10117=",
"43301099999","2023-10-30T12:00:00","4","12.1333333","78.0333333","396.0","DHARMAPURI, IN","FM-12","99999","V020","070,1,N,0010,1","99999,9,9,N","010000,1,9,9","+0278,1","+0215,1","10083,1","09,0000,9,1",,,"04,1,+00800,1,09,1","99,9,+99999,9,03,1",,"9,AGL   ,+99999,+99999","07,99,1,04,1,99,9,00800,1,99,9,99,9","240,M,+0300,1",,"99999,9,09564,1","9,9,999,9,+006,1",,"SYN07043301 22597 70702 10278 20215 39564 40083 84330 333 10300 58006 6990/=","Q01  00002PRCP09"
"43301099999","2023-10-31T03:00:00","4","12.1333333","78.0333333","396.0","DHARMAPURI, IN","FM-12","99999","V020","070,1,N,0010,1","99999,9,9,N","004000,1,9,9","+0244,1","+0220,1","10129,1","24,0000,9,1",,,"03,1,+00800,1,09,1","99,9,+99999,9,03,1","99,9,+99999,9,00,1","9,AGL   ,+99999,+99999","06,99,1,03,1,99,9,00800,1,99,9,99,9","240,M,+0300,1","240,N,+0222,1","99999,9,09602,1","9,9,999,9,+002,1",,"SYN08643301 22596 60702 10244 20220 39602 40129 83331 333 10300 20222 58002 6990/ 555 10117=","Q01  00002PRCP24"
"43301099999","2023-10-31T12:00:00","4","12.1333333","78.0333333","396.0","DHARMAPURI, IN","FM-12","99999","V020","070,1,N,0010,1","99999,9,9,N","010000,1,9,9","+0286,1","+0211,1","10081,1",,,,"03,1,+00800,1,08,1","99,9,+99999,9,03,1","99,9,+99999,9,00,1","9,AGL   ,+99999,+99999","06,99,1,03,1,99,9,00800,1,99,9,99,9","240,M,+0302,1",,"99999,9,09563,1","9,9,999,9,-001,1",,"SYN06443301 32597 60702 10286 20211 39563 40081 83231 333 10302 59001=",
"43301099999","2023-11-01T03:00:00","4","12.1333333","78.0333333","396.0","DHARMAPURI, IN","FM-12","99999","V020","999,9,C,0000,1","99999,9,9,N","004000,1,9,9","+0244,1","+0214,1","10125,1",,,,"03,1,+00800,1,09,1","99,9,+99999,9,03,1","99,9,+99999,9,00,1","9,AGL   ,+99999,+99999","06,99,1,03,1,99,9,00800,1,99,9,99,9","240,M,+0302,1","240,N,+0222,1","99999,9,09598,1","9,9,999,9,-004,1",,"SYN08043301 32596 60000 10244 20214 39598 40125 83331 333 10302 20222 59004 555 10117=",
"43301099999","2023-11-01T12:00:00","4","12.1333333","78.0333333","396.0","DHARMAPURI, IN","FM-12","99999","V020","070,1,N,0010,1","99999,9,9,N","010000,1,9,9","+0296,1","+0202,1","10087,1",,,,"04,1,+00800,1,09,1","99,9,+99999,9,03,1",,"9,AGL   ,+99999,+99999","07,99,1,04,1,99,9,00800,1,99,9,99,9","240,M,+0310,1",,"99999,9,09570,1","9,9,999,9,+007,1",,"SYN06443301 32597 70702 10296 20202 39570 40087 84330 333 10310 58007=",
"43301099999","2023-11-02T03:00:00","4","12.1333333","78.0333333","396.0","DHARMAPURI, IN","FM-12","99999","V020","070,1,N,0010,1","99999,9,9,N","004000,1,9,9","+0244,1","+0217,1","10126,1",,,,"04,1,+00800,1,09,1","99,9,+99999,9,03,1",,"9,AGL   ,+99999,+99999","07,99,1,04,1,99,9,00800,1,99,9,99,9","240,M,+0310,1","240,N,+0226,1","99999,9,09599,1","9,9,999,9,+001,1",,"SYN07043301 32596 70702 10244 20217 39599 40126 84330 333 10310 20226 58001=",
"43301099999","2023-11-02T12:00:00","4","12.1333333","78.0333333","396.0","DHARMAPURI, IN","FM-12","99999","V020","070,1,N,0010,1","99999,9,9,N","010000,1,9,9","+0296,1","+0218,1","10089,1",,,,"02,1,+00800,1,08,1","99,9,+99999,9,03,1","99,9,+99999,9,00,1","9,AGL   ,+99999,+99999","05,99,1,02,1,99,9,00800,1,99,9,99,9","240,M,+0310,1",,"99999,9,09553,1","9,9,999,9,-017,1",,"SYN06443301 32597 50702 10296 20218 39553 40089 82231 333 10310 59017=",
"43301099999","2023-11-03T12:00:00","4","12.1333333","78.0333333","396.0","DHARMAPURI, IN","FM-12","99999","V020","070,1,N,0015,1","99999,9,9,N","010000,1,9,9","+0292,1","+0224,1","10058,1",,,,"02,1,+00800,1,08,1","99,9,+99999,9,03,1","99,9,+99999,9,00,1","9,AGL   ,+99999,+99999","05,99,1,02,1,99,9,00800,1,99,9,99,9","240,M,+0317,1",,"99999,9,09543,1","9,9,999,9,-010,1",,"SYN06443301 32597 50703 10292 20224 39543 40058 82231 333 10317 59010=",
"43301099999","2023-11-04T03:00:00","4","12.1333333","78.0333333","396.0","DHARMAPURI, IN","FM-12","99999","V020","070,1,N,0010,1","99999,9,9,N","004000,1,9,9","+0244,1","+0226,1","10094,1","24,0040,3,1",,,"05,1,+00800,1,09,1","99,9,+99999,9,03,1",,"9,AGL   ,+99999,+99999","08,99,1,05,1,99,9,00800,1,99,9,99,9","240,M,+0317,1","240,N,+0230,1","99999,9,09569,1","9,9,999,9,-015,1",,"SYN09243301 21596 80702 10244 20226 39569 40094 8537/ 333 10317 20230 59015 6004/ 555 00040 10121=",
"43301099999","2023-11-04T12:00:00","4","12.1333333","78.0333333","396.0","DHARMAPURI, IN","FM-12","99999","V020","070,1,N,0010,1","99999,9,9,N","010000,1,9,9","+0274,1","+0220,1","10063,1","09,0020,3,1",,,"03,1,+00800,1,09,1","99,9,+99999,9,03,1","99,9,+99999,9,00,1","9,AGL   ,+99999,+99999","06,99,1,03,1,99,9,00800,1,99,9,99,9","240,M,+0290,1",,"99999,9,09545,1","9,9,999,9,+002,1",,"SYN07043301 22597 60702 10274 20220 39545 40063 83331 333 10290 58002 6002/=",
"43301099999","2023-11-05T03:00:00","4","12.1333333","78.0333333","396.0","DHARMAPURI, IN","FM-12","99999","V020","999,9,C,0000,1","99999,9,9,N","004000,1,9,9","+0238,1","+0223,1","10117,1","24,0070,3,1",,,"05,1,+00800,1,09,1","99,9,+99999,9,03,1",,"9,AGL   ,+99999,+99999","08,99,1,05,1,99,9,00800,1,99,9,99,9","240,M,+0290,1","240,N,+0220,1","99999,9,09589,1","9,9,999,9,+020,1",,"SYN09243301 22596 80000 10238 20223 39589 40117 8537/ 333 10290 20220 58020 6007/ 555 00070 10128=",
"43301099999","2023-11-05T12:00:00","4","12.1333333","78.0333333","396.0","DHARMAPURI, IN","FM-12","99999","V020","070,1,N,0010,1","99999,9,9,N","010000,1,9,9","+0284,1","+0228,1","10078,1",,,,"03,1,+00800,1,08,1","99,9,+99999,9,03,1","99,9,+99999,9,00,1","9,AGL   ,+99999,+99999","06,99,1,03,1,99,9,00800,1,99,9,99,9","240,M,+0287,1",,"99999,9,09560,1","9,9,999,9,+015,1",,"SYN06443301 32597 60702 10284 20228 39560 40078 83231 333 10287 58015=",
"43301099999","2023-11-06T03:00:00","4","12.1333333","78.0333333","396.0","DHARMAPURI, IN","FM-12","99999","V020","999,9,C,0000,1","99999,9,9,N","004000,1,9,9","+0246,1","+0225,1","10129,1",,,,"04,1,+00800,1,09,1","99,9,+99999,9,03,1",,"9,AGL   ,+99999,+99999","07,99,1,04,1,99,9,00800,1,99,9,99,9","240,M,+0287,1","240,N,+0230,1","99999,9,09602,1","9,9,999,9,+013,1",,"SYN08043301 32596 70000 10246 20225 39602 40129 84330 333 10287 20230 58013 555 10128=",
"43301099999","2023-11-06T12:00:00","4","12.1333333","78.0333333","396.0","DHARMAPURI, IN","FM-12","99999","V020","050,1,N,0010,1","99999,9,9,N","010000,1,9,9","+0292,1","+0221,1","10078,1",,,,"03,1,+00800,1,08,1","99,9,+99999,9,03,1","99,9,+99999,9,00,1","9,AGL   ,+99999,+99999","06,99,1,03,1,99,9,00800,1,99,9,99,9","240,M,+0310,1",,"99999,9,09562,1","9,9,999,9,+002,1",,"SYN06443301 32597 60502 10292 20221 39562 40078 83231 333 10310 58002=",
"43301099999","2023-11-07T03:00:00","4","12.1333333","78.0333333","396.0","DHARMAPURI, IN","FM-12","99999","V020","070,1,N,0010,1","99999,9,9,N","004000,1,9,9","+0228,1","+0219,1","10132,1","24,0620,3,1",,,"03,1,+00800,1,08,1","99,9,+99999,9,03,1","99,9,+99999,9,00,1","9,AGL   ,+99999,+99999","06,99,1,03,1,99,9,00800,1,99,9,99,9","240,M,+0310,1","240,N,+0210,1","99999,9,09601,1","9,9,999,9,-001,1",,"SYN09243301 22596 60702 10228 20219 39601 40132 83231 333 10310 20210 59001 6062/ 555 00620 10190=",
"43301099999","2023-11-07T12:00:00","4","12.1333333","78.0333333","396.0","DHARMAPURI, IN","FM-12","99999","V020","999,9,C,0000,1","99999,9,9,N","010000,1,9,9","+0272,1","+0234,1","10083,1",,,,"04,1,+00800,1,09,1","99,9,+99999,9,03,1",,"9,AGL   ,+99999,+99999","07,99,1,04,1,99,9,00800,1,99,9,99,9","240,M,+0290,1",,"99999,9,09564,1","9,9,999,9,+002,1",,"SYN06443301 32597 70000 10272 20234 39564 40083 84330 333 10290 58002=",
"43301099999","2023-11-08T03:00:00","4","12.1333333","78.0333333","396.0","DHARMAPURI, IN","FM-12","99999","V020","999,9,C,0000,1","99999,9,9,N","004000,1,9,9","+0236,1","+0221,1","10129,1","24,0020,3,1",,,"04,1,+00800,1,09,1","99,9,+99999,9,03,1",,"9,AGL   ,+99999,+99999","07,99,1,04,1,99,9,00800,1,99,9,99,9","240,M,+0290,1","240,N,+0222,1","99999,9,09600,1","9,9,999,9,-001,1",,"SYN09243301 22596 70000 10236 20221 39600 40129 84330 333 10290 20222 59001 6002/ 555 00020 10192=",
"43301099999","2023-11-08T12:00:00","4","12.1333333","78.0333333","396.0","DHARMAPURI, IN","FM-12","99999","V020","070,1,N,0010,1","99999,9,9,N","010000,1,9,9","+0284,1","+0225,1","10065,1","09,0000,9,1",,,"02,1,+00800,1,08,1","99,9,+99999,9,03,1","99,9,+99999,9,00,1","9,AGL   ,+99999,+99999","05,99,1,02,1,99,9,00800,1,99,9,99,9","240,M,+0292,1",,"99999,9,09549,1","9,9,999,9,-020,1",,"SYN07043301 22597 50702 10284 20225 39549 40065 82231 333 10292 59020 6990/=","Q01  00002PRCP09"
"43301099999","2023-11-09T03:00:00","4","12.1333333","78.0333333","396.0","DHARMAPURI, IN","FM-12","99999","V020","070,1,N,0010,1","99999,9,9,N","004000,1,9,9","+0246,1","+0225,1","10138,1","24,0000,9,1",,,"03,1,+00800,1,08,1","99,9,+99999,9,03,1","99,9,+99999,9,00,1","9,AGL   ,+99999,+99999","07,99,1,03,1,99,9,00800,1,99,9,99,9","240,M,+0292,1","240,N,+0226,1","99999,9,09610,1","9,9,999,9,+010,1",,"SYN08643301 22596 70702 10246 20225 39610 40138 83231 333 10292 20226 58010 6990/ 555 10192=","Q01  00002PRCP24"
"43301099999","2023-11-09T12:00:00","4","12.1333333","78.0333333","396.0","DHARMAPURI, IN","FM-12","99999","V020","070,1,N,0010,1","99999,9,9,N","010000,1,9,9","+0282,1","+0223,1","10082,1","09,0000,9,1",,,"02,1,+00800,1,08,1","99,9,+99999,9,03,1","99,9,+99999,9,00,1","9,AGL   ,+99999,+99999","05,99,1,02,1,99,9,00800,1,99,9,99,9","240,M,+0285,1",,"99999,9,09564,1","9,9,999,9,+015,1",,"SYN07043301 22597 50702 10282 20223 39564 40082 82231 333 10285 58015 6990/=","Q01  00002PRCP09"
"43301099999","2023-11-10T03:00:00","4","12.1333333","78.0333333","396.0","DHARMAPURI, IN","FM-12","99999","V020","050,1,N,0010,1","99999,9,9,N","004000,1,9,9","+0238,1","+0229,1","10151,1","24,0180,3,1",,,"04,1,+00800,1,09,1","99,9,+99999,9,03,1",,"9,AGL   ,+99999,+99999","07,99,1,04,1,99,9,00800,1,99,9,99,9","240,M,+0285,1","240,N,+0222,1","99999,9,09621,1","9,9,999,9,+011,1",,"SYN07643301 22596 70502 10238 20229 39621 40151 84330 333 10285 20222 58011 6018/=",
"43301099999","2023-11-10T12:00:00","4","12.1333333","78.0333333","396.0","DHARMAPURI, IN","FM-12","99999","V020","999,9,C,0000,1","99999,9,9,N","010000,1,9,9","+0276,1","+0220,1","10087,1",,,,"02,1,+00800,1,08,1","99,9,+99999,9,03,1","99,9,+99999,9,00,1","9,AGL   ,+99999,+99999","05,99,1,02,1,99,9,00800,1,99,9,99,9","240,M,+0282,1",,"99999,9,09568,1","9,9,999,9,+004,1",,"SYN06443301 32597 50000 10276 20220 39568 40087 82231 333 10282 58004=",
"43301099999","2023-11-11T03:00:00","4","12.1333333","78.0333333","396.0","DHARMAPURI, IN","FM-12","99999","V020","070,1,N,0010,1","99999,9,9,N","004000,1,9,9","+0238,1","+0207,1","10145,1",,,,"04,1,+00800,1,09,1","99,9,+99999,9,03,1",,"9,AGL   ,+99999,+99999","07,99,1,04,1,99,9,00800,1,99,9,99,9","240,M,+0282,1","240,N,+0212,1","99999,9,09615,1","9,9,999,9,-006,1",,"SYN08043301 32596 70702 10238 20207 39615 40145 84330 333 10282 20212 59006 555 10210=",
"43301099999","2023-11-12T03:00:00","4","12.1333333","78.0333333","396.0","DHARMAPURI, IN","FM-12","99999","V020","070,1,N,0010,1","22000,1,9,N","004000,1,9,9","+0224,1","+0196,1","10148,1",,,,"01,1,+00800,1,08,1","99,9,+99999,9,00,1",,"9,AGL   ,+99999,+99999","02,99,1,01,1,99,9,00800,1,99,9,99,9","240,M,+0292,1","240,N,+0200,1","99999,9,09616,1","9,9,999,9,+001,1",,"SYN08043301 32596 20702 10224 20196 39616 40148 81101 333 10292 20200 58001 555 10210=",
"43301099999","2023-11-12T12:00:00","4","12.1333333","78.0333333","396.0","DHARMAPURI, IN","FM-12","99999","V020","070,1,N,0010,1","22000,1,9,N","010000,1,9,9","+0276,1","+0196,1","10105,1",,,,"02,1,+00800,1,08,1","99,9,+99999,9,03,1","99,9,+99999,9,00,1","9,AGL   ,+99999,+99999","04,99,1,02,1,99,9,00800,1,99,9,99,9","240,M,+0292,1",,"99999,9,09585,1","9,9,999,9,-001,1",,"SYN06443301 32597 40702 10276 20196 39585 40105 82231 333 10292 59001=",
"43301099999","2023-11-13T03:00:00","4","12.1333333","78.0333333","396.0","DHARMAPURI, IN","FM-12","99999","V020","999,9,C,0000,1","22000,1,9,N","004000,1,9,9","+0222,1","+0177,1","10144,1",,,,"01,1,+00800,1,08,1","99,9,+99999,9,00,1",,"9,AGL   ,+99999,+99999","02,99,1,01,1,99,9,00800,1,99,9,99,9","240,M,+0292,1","240,N,+0195,1","99999,9,09612,1","9,9,999,9,-004,1",,"SYN08043301 32596 20000 10222 20177 39612 40144 81101 333 10292 20195 59004 555 10210=",
"43301099999","2023-11-13T12:00:00","4","12.1333333","78.0333333","396.0","DHARMAPURI, IN","FM-12","99999","V020","999,9,C,0000,1","99999,9,9,N","010000,1,9,9","+0278,1","+0202,1","10095,1",,,,"04,1,+00800,1,09,1","99,9,+99999,9,03,1",,"9,AGL   ,+99999,+99999","07,99,1,04,1,99,9,00800,1,99,9,99,9","240,M,+0290,1",,"99999,9,09575,1","9,9,999,9,-010,1",,"SYN06443301 32597 70000 10278 20202 39575 40095 84330 333 10290 59010=",
"43301099999","2023-11-14T03:00:00","4","12.1333333","78.0333333","396.0","DHARMAPURI, IN","FM-12","99999","V020","999,9,C,0000,1","99999,9,9,N","004000,1,9,9","+0228,1","+0213,1","10136,1","24,0020,3,1",,,"05,1,+00800,1,06,1","99,9,+99999,9,03,1",,"9,AGL   ,+99999,+99999","08,99,1,05,1,99,9,00800,1,99,9,99,9","240,M,+0290,1","240,N,+0215,1","99999,9,09605,1","9,9,999,9,-007,1",,"SYN09243301 21596 80000 10228 20213 39605 40136 8547/ 333 10290 20215 59007 6002/ 555 00020 10212=",
"43301099999","2023-11-14T12:00:00","4","12.1333333","78.0333333","396.0","DHARMAPURI, IN","FM-12","99999","V020","070,1,N,0010,1","99999,9,9,N","010000,1,9,9","+0234,1","+0175,1","10106,1",,,,"05,1,+00800,1,09,1","99,9,+99999,9,03,1",,"9,AGL   ,+99999,+99999","08,99,1,05,1,99,9,00800,1,99,9,99,9","240,M,+0245,1",,"99999,9,09578,1","9,9,999,9,+003,1",,"SYN06443301 22597 80702 10234 20175 39578 40106 8537/ 333 10245 58003=",
"43301099999","2023-11-15T03:00:00","4","12.1333333","78.0333333","396.0","DHARMAPURI, IN","FM-12","99999","V020","999,9,C,0000,1","99999,9,9,N","004000,1,9,9","+0226,1","+0198,1","10134,1","24,0000,9,1",,,"04,1,+00800,1,09,1","99,9,+99999,9,03,1","99,9,+99999,9,00,1","9,AGL   ,+99999,+99999","07,99,1,04,1,99,9,00800,1,99,9,99,9","240,M,+0245,1","240,N,+0201,1","99999,9,09603,1","9,9,999,9,-002,1",,"SYN08643301 22596 70000 10226 20198 39603 40134 84331 333 10245 20201 59002 6990/ 555 10212=","Q01  00002PRCP24"
"43301099999","2023-11-15T12:00:00","4","12.1333333","78.0333333","396.0","DHARMAPURI, IN","FM-12","99999","V020","070,1,N,0010,1","99999,9,9,N","010000,1,9,9","+0272,1","+0212,1","10086,1",,,,"05,1,+00800,1,09,1","99,9,+99999,9,03,1",,"9,AGL   ,+99999,+99999","08,99,1,05,1,99,9,00800,1,99,9,99,9","240,M,+0285,1",,"99999,9,09567,1","9,9,999,9,-011,1",,"SYN06443301 32597 80702 10272 20212 39567 40086 8537/ 333 10285 59011=",
"43301099999","2023-11-16T03:00:00","4","12.1333333","78.0333333","396.0","DHARMAPURI, IN","FM-12","99999","V020","070,1,N,0010,1","99999,9,9,N","004000,1,9,9","+0226,1","+0192,1","10139,1",,,,"04,1,+00800,1,09,1","99,9,+99999,9,03,1",,"9,AGL   ,+99999,+99999","07,99,1,04,1,99,9,00800,1,99,9,99,9","240,M,+0285,1","240,N,+0195,1","99999,9,09608,1","9,9,999,9,+005,1",,"SYN08043301 32596 70702 10226 20192 39608 40139 84330 333 10285 20195 58005 555 10212=",
"43301099999","2023-11-17T03:00:00","4","12.1333333","78.0333333","396.0","DHARMAPURI, IN","FM-12","99999","V020","070,1,N,0010,1","99999,9,9,N","010000,1,9,9","+0248,1","+0202,1","10132,1",,,,,,,,,"240,M,+0302,1","240,N,+0225,1","99999,9,09605,1","9,9,999,9,-003,1",,"SYN07443301 32997 00702 10248 20202 39605 40132 333 10302 20225 59003 555 10212=",
"43301099999","2023-11-17T12:00:00","4","12.1333333","78.0333333","396.0","DHARMAPURI, IN","FM-12","99999","V020","070,1,N,0010,1","22000,1,9,N","010000,1,9,9","+0294,1","+0207,1","10087,1",,,,"02,1,+00800,1,08,1","99,9,+99999,9,03,1","99,9,+99999,9,00,1","9,AGL   ,+99999,+99999","04,99,1,02,1,99,9,00800,1,99,9,99,9","240,M,+0310,1",,"99999,9,09570,1","9,9,999,9,-002,1",,"SYN06443301 32597 40702 10294 20207 39570 40087 82231 333 10310 59002=",
"43301099999","2023-11-18T03:00:00","4","12.1333333","78.0333333","396.0","DHARMAPURI, IN","FM-12","99999","V020","070,1,N,0010,1","99999,9,9,N","004000,1,9,9","+0246,1","+0213,1","10128,1",,,,"02,1,+00800,1,08,1","99,9,+99999,9,03,1","99,9,+99999,9,00,1","9,AGL   ,+99999,+99999","05,99,1,02,1,99,9,00800,1,99,9,99,9","240,M,+0310,1","240,N,+0222,1","99999,9,09601,1","9,9,999,9,+004,1",,"SYN08043301 32596 50702 10246 20213 39601 40128 82231 333 10310 20222 58004 555 10212=",
"43301099999","2023-11-18T12:00:00","4","12.1333333","78.0333333","396.0","DHARMAPURI, IN","FM-12","99999","V020","070,1,N,0010,1","99999,9,9,N","010000,1,9,9","+0296,1","+0209,1","10079,1",,,,"02,1,+00800,1,08,1","99,9,+99999,9,03,1","99,9,+99999,9,00,1","9,AGL   ,+99999,+99999","05,99,1,02,1,99,9,00800,1,99,9,99,9","240,M,+0312,1",,"99999,9,09563,1","9,9,999,9,-007,1",,"SYN06443301 32597 50702 10296 20209 39563 40079 82231 333 10312 59007=",
"43301099999","2023-11-19T03:00:00","4","12.1333333","78.0333333","396.0","DHARMAPURI, IN","FM-12","99999","V020","070,1,N,0015,1","99999,9,9,N","010000,1,9,9","+0228,1","+0207,1","10137,1",,,,"03,1,+00800,1,08,1","99,9,+99999,9,03,1",,"9,AGL   ,+99999,+99999","05,99,1,03,1,99,9,00800,1,99,9,99,9","240,M,+0312,1","240,N,+0212,1","99999,9,09605,1","9,9,999,9,+004,1",,"SYN08043301 32597 50703 10228 20207 39605 40137 83230 333 10312 20212 58004 555 10212=",
"43301099999","2023-11-19T12:00:00","4","12.1333333","78.0333333","396.0","DHARMAPURI, IN","FM-12","99999","V020","070,1,N,0010,1","99999,9,9,N","010000,1,9,9","+0276,1","+0196,1","10093,1",,,,"03,1,+00800,1,08,1","99,9,+99999,9,03,1","99,9,+99999,9,00,1","9,AGL   ,+99999,+99999","06,99,1,03,1,99,9,00800,1,99,9,99,9","240,M,+0300,1",,"99999,9,09573,1","9,9,999,9,+010,1",,"SYN06443301 32597 60702 10276 20196 39573 40093 83231 333 10300 58010=",
"43301099999","2023-11-20T03:00:00","4","12.1333333","78.0333333","396.0","DHARMAPURI, IN","FM-12","99999","V020","070,1,N,0015,1","22000,1,9,N","010000,1,9,9","+0232,1","+0191,1","10133,1",,,,"02,1,+00800,1,08,1","99,9,+99999,9,00,1",,"9,AGL   ,+99999,+99999","03,99,1,02,1,99,9,00800,1,99,9,99,9","240,M,+0300,1","240,N,+0205,1","99999,9,09604,1","9,9,999,9,-001,1",,"SYN08043301 32597 30703 10232 20191 39604 40133 82201 333 10300 20205 59001 555 10212=",
"43301099999","2023-11-20T12:00:00","4","12.1333333","78.0333333","396.0","DHARMAPURI, IN","FM-12","99999","V020","070,1,N,0010,1","99999,9,9,N","010000,1,9,9","+0272,1","+0212,1","10100,1","09,0000,9,1",,,"05,1,+00800,1,09,1","99,9,+99999,9,03,1",,"9,AGL   ,+99999,+99999","08,99,1,05,1,99,9,00800,1,99,9,99,9","240,M,+0300,1",,"99999,9,09580,1","9,9,999,9,+007,1",,"SYN07043301 22597 80702 10272 20212 39580 40100 8537/ 333 10300 58007 6990/=","Q01  00002PRCP09"
"43301099999","2023-11-21T03:00:00","4","12.1333333","78.0333333","396.0","DHARMAPURI, IN","FM-12","99999","V020","070,1,N,0010,1","22000,1,9,N","010000,1,9,9","+0248,1","+0202,1","10118,1","24,0000,9,1",,,"01,1,+00800,1,08,1","99,9,+99999,9,00,1",,"9,AGL   ,+99999,+99999","02,99,1,01,1,99,9,00800,1,99,9,99,9","240,M,+0300,1","240,N,+0216,1","99999,9,09591,1","9,9,999,9,-013,1",,"SYN08643301 22597 20702 10248 20202 39591 40118 81101 333 10300 20216 59013 6990/ 555 10212=","Q01  00002PRCP24"
"43301099999","2023-11-21T12:00:00","4","12.1333333","78.0333333","396.0","DHARMAPURI, IN","FM-12","99999","V020","070,1,N,0021,1","22000,1,9,N","010000,1,9,9","+0294,1","+0203,1","10070,1",,,,"02,1,+00800,1,08,1","99,9,+99999,9,00,1",,"9,AGL   ,+99999,+99999","03,99,1,02,1,99,9,00800,1,99,9,99,9","240,M,+0300,1",,"99999,9,09554,1","9,9,999,9,-026,1",,"SYN06443301 32597 30704 10294 20203 39554 40070 82201 333 10300 59026=",
"43301099999","2023-11-22T03:00:00","4","12.1333333","78.0333333","396.0","DHARMAPURI, IN","FM-12","99999","V020","070,1,N,0010,1","99999,9,9,N","010000,1,9,9","+0254,1","+0224,1","10113,1",,,,"04,1,+00800,1,09,1","99,9,+99999,9,03,1",,"9,AGL   ,+99999,+99999","07,99,1,04,1,99,9,00800,1,99,9,99,9","240,M,+0300,1","240,N,+0230,1","99999,9,09589,1","9,9,999,9,-002,1",,"SYN08043301 32597 70702 10254 20224 39589 40113 84330 333 10300 20230 59002 555 10212=",
"43301099999","2023-11-22T12:00:00","4","12.1333333","78.0333333","396.0","DHARMAPURI, IN","FM-12","99999","V020","070,1,N,0021,1","99999,9,9,N","010000,1,9,9","+0264,1","+0216,1","10074,1","09,0000,9,1",,,"03,1,+00800,1,08,1","99,9,+99999,9,03,1","99,9,+99999,9,00,1","9,AGL   ,+99999,+99999","06,99,1,03,1,99,9,00800,1,99,9,99,9","240,M,+0297,1",,"99999,9,09553,1","9,9,999,9,-001,1",,"SYN07043301 22597 60704 10264 20216 39553 40074 83231 333 10297 59001 6990/=","Q01  00002PRCP09"
"43301099999","2023-11-23T03:00:00","4","12.1333333","78.0333333","396.0","DHARMAPURI, IN","FM-12","99999","V020","070,1,N,0015,1","99999,9,9,N","004000,1,9,9","+0246,1","+0225,1","10111,1","24,0000,9,1",,,"04,1,+00800,1,09,1","99,9,+99999,9,03,1",,"9,AGL   ,+99999,+99999","07,99,1,04,1,99,9,00800,1,99,9,99,9","240,M,+0297,1","240,N,+0225,1","99999,9,09585,1","9,9,999,9,-004,1",,"SYN08643301 22596 70703 10246 20225 39585 40111 84330 333 10297 20225 59004 6990/ 555 10212=","Q01  00002PRCP24"
"43301099999","2023-11-24T03:00:00","4","12.1333333","78.0333333","396.0","DHARMAPURI, IN","FM-12","99999","V020","999,9,C,0000,1","99999,9,9,N","004000,1,9,9","+0238,1","+0217,1","10120,1","24,0020,3,1",,,"04,1,+00800,1,09,1","99,9,+99999,9,03,1",,"9,AGL   ,+99999,+99999","07,99,1,04,1,99,9,00800,1,99,9,99,9","240,M,+0280,1","240,N,+0220,1","99999,9,09591,1","9,9,999,9,+006,1",,"SYN09243301 22596 70000 10238 20217 39591 40120 84330 333 10280 20220 58006 6002/ 555 00020 10214=",
"43301099999","2023-11-24T12:00:00","4","12.1333333","78.0333333","396.0","DHARMAPURI, IN","FM-12","99999","V020","070,1,N,0010,1","99999,9,9,N","010000,1,9,9","+0266,1","+0218,1","10082,1","09,0000,9,1",,,"04,1,+00800,1,09,1","99,9,+99999,9,03,1",,"9,AGL   ,+99999,+99999","07,99,1,04,1,99,9,00800,1,99,9,99,9","240,M,+0292,1",,"99999,9,09561,1","9,9,999,9,+009,1",,"SYN07043301 22597 70702 10266 20218 39561 40082 84330 333 10292 58009 6990/=","Q01  00002PRCP09"
"43301099999","2023-11-25T03:00:00","4","12.1333333","78.0333333","396.0","DHARMAPURI, IN","FM-12","99999","V020","070,1,N,0015,1","99999,9,9,N","004000,1,9,9","+0234,1","+0219,1","10131,1","24,0000,9,1",,,"04,1,+00800,1,09,1","99,9,+99999,9,03,1",,"9,AGL   ,+99999,+99999","06,99,1,04,1,99,9,00800,1,99,9,99,9","240,M,+0292,1","240,N,+0217,1","99999,9,09602,1","9,9,999,9,+011,1",,"SYN08643301 22596 60703 10234 20219 39602 40131 84330 333 10292 20217 58011 6990/ 555 10214=","Q01  00002PRCP24"
"43301099999","2023-11-25T12:00:00","4","12.1333333","78.0333333","396.0","DHARMAPURI, IN","FM-12","99999","V020","070,1,N,0010,1","99999,9,9,N","010000,1,9,9","+0254,1","+0208,1","10098,1","09,0000,9,1",,,"03,1,+00800,1,08,1","99,9,+99999,9,03,1","99,9,+99999,9,00,1","9,AGL   ,+99999,+99999","06,99,1,03,1,99,9,00800,1,99,9,99,9","240,M,+0292,1",,"99999,9,09574,1","9,9,999,9,+013,1",,"SYN07043301 22597 60702 10254 20208 39574 40098 83231 333 10292 58013 6990/=","Q01  00002PRCP09"
"43301099999","2023-11-26T03:00:00","4","12.1333333","78.0333333","396.0","DHARMAPURI, IN","FM-12","99999","V020","070,1,N,0010,1","99999,9,9,N","004000,1,9,9","+0234,1","+0203,1","10143,1","24,0000,9,1",,,"03,1,+00800,1,08,1","99,9,+99999,9,03,1","99,9,+99999,9,00,1","9,AGL   ,+99999,+99999","06,99,1,03,1,99,9,00800,1,99,9,99,9","240,M,+0292,1","240,N,+0212,1","99999,9,09613,1","9,9,999,9,+016,1",,"SYN08643301 22596 60702 10234 20203 39613 40143 83231 333 10292 20212 58016 6990/ 555 10214=","Q01  00002PRCP24"
"43301099999","2023-11-26T12:00:00","4","12.1333333","78.0333333","396.0","DHARMAPURI, IN","FM-12","99999","V020","070,1,N,0010,1","99999,9,9,N","010000,1,9,9","+0262,1","+0211,1","10079,1","09,0000,9,1",,,"03,1,+00800,1,08,1","99,9,+99999,9,03,1","99,9,+99999,9,00,1","9,AGL   ,+99999,+99999","06,99,1,03,1,99,9,00800,1,99,9,99,9","240,M,+0275,1",,"99999,9,09577,1","9,9,999,9,+003,1",,"SYN07043301 22597 60702 10262 20211 39577 40079 83231 333 10275 58003 6990/=","Q01  00002PRCP09"
"43301099999","2023-11-27T03:00:00","4","12.1333333","78.0333333","396.0","DHARMAPURI, IN","FM-12","99999","V020","999,9,C,0000,1","99999,9,9,N","004000,1,9,9","+0234,1","+0219,1","10132,1","24,0010,3,1",,,"03,1,+00800,1,08,1","99,9,+99999,9,03,1",,"9,AGL   ,+99999,+99999","05,99,1,03,1,99,9,00800,1,99,9,99,9","240,M,+0275,1","240,N,+0215,1","99999,9,09603,1","9,9,999,9,-010,1",,"SYN09243301 22596 50000 10234 20219 39603 40132 83230 333 10275 20215 59010 6001/ 555 00010 10215=",
"43301099999","2023-11-27T12:00:00","4","12.1333333","78.0333333","396.0","DHARMAPURI, IN","FM-12","99999","V020","070,1,N,0010,1","22000,1,9,N","010000,1,9,9","+0288,1","+0210,1","10081,1",,,,"02,1,+00800,1,08,1","99,9,+99999,9,03,1","99,9,+99999,9,00,1","9,AGL   ,+99999,+99999","04,99,1,02,1,99,9,00800,1,99,9,99,9","240,M,+0302,1",,"99999,9,09563,1","9,9,999,9,-014,1",,"SYN06443301 32597 40702 10288 20210 39563 40081 82231 333 10302 59014=",
"43301099999","2023-11-28T03:00:00","4","12.1333333","78.0333333","396.0","DHARMAPURI, IN","FM-12","99999","V020","070,1,N,0010,1","99999,9,9,N","010000,1,9,9","+0238,1","+0217,1","10122,1",,,,"03,1,+00800,1,08,1","99,9,+99999,9,03,1",,"9,AGL   ,+99999,+99999","05,99,1,03,1,99,9,00800,1,99,9,99,9","240,M,+0302,1","240,N,+0215,1","99999,9,09593,1","9,9,999,9,-010,1",,"SYN08043301 32597 50702 10238 20217 39593 40122 83230 333 10302 20215 59010 555 10215=",
"43301099999","2023-11-28T12:00:00","4","12.1333333","78.0333333","396.0","DHARMAPURI, IN","FM-12","99999","V020","999,9,C,0000,1","22000,1,9,N","010000,1,9,9","+0288,1","+0207,1","10070,1",,,,"02,1,+00800,1,08,1","99,9,+99999,9,03,1","99,9,+99999,9,00,1","9,AGL   ,+99999,+99999","04,99,1,02,1,99,9,00800,1,99,9,99,9","240,M,+0295,1",,"99999,9,09552,1","9,9,999,9,-011,1",,"SYN06443301 32597 40000 10288 20207 39552 40070 82231 333 10295 59011=",
"43301099999","2023-11-29T03:00:00","4","12.1333333","78.0333333","396.0","DHARMAPURI, IN","FM-12","99999","V020","070,1,N,0010,1","99999,9,9,N","004000,1,9,9","+0238,1","+0217,1","10084,1",,,,"05,1,+00800,1,09,1","99,9,+99999,9,03,1",,"9,AGL   ,+99999,+99999","08,99,1,05,1,99,9,00800,1,99,9,99,9","240,M,+0295,1","240,N,+0220,1","99999,9,09595,1","9,9,999,9,+002,1",,"SYN08043301 32596 80702 10238 20217 39595 40084 8537/ 333 10295 20220 58002 555 10215=",
"43301099999","2023-11-29T12:00:00","4","12.1333333","78.0333333","396.0","DHARMAPURI, IN","FM-12","99999","V020","999,9,C,0000,1","99999,9,9,N","010000,1,9,9","+0254,1","+0224,1","10085,1","09,0000,9,1",,,"05,1,+00800,1,09,1","99,9,+99999,9,03,1",,"9,AGL   ,+99999,+99999","08,99,1,05,1,99,9,00800,1,99,9,99,9","240,M,+0285,1",,"99999,9,09562,1","9,9,999,9,+010,1",,"SYN07043301 22597 80000 10254 20224 39562 40085 8537/ 333 10285 58010 6990/=","Q01  00002PRCP09"
"43301099999","2023-11-30T03:00:00","4","12.1333333","78.0333333","396.0","DHARMAPURI, IN","FM-12","99999","V020","999,9,C,0000,1","99999,9,9,N","004000,1,9,9","+0234,1","+0216,1","10130,1","24,0050,3,1",,,"03,1,+00800,1,08,1","99,9,+99999,9,03,1","99,9,+99999,9,00,1","9,AGL   ,+99999,+99999","06,99,1,03,1,99,9,00800,1,99,9,99,9","240,M,+0285,1","240,N,+0210,1","99999,9,09601,1","9,9,999,9,+006,1",,"SYN09243301 22596 60000 10234 20216 39601 40130 83231 333 10285 20210 58006 6005/ 555 00050 10220=",
"43301099999","2023-11-30T12:00:00","4","12.1333333","78.0333333","396.0","DHARMAPURI, IN","FM-12","99999","V020","070,1,N,0010,1","99999,9,9,N","010000,1,9,9","+0266,1","+0209,1","10087,1",,,,"03,1,+00800,1,08,1","99,9,+99999,9,03,1","99,9,+99999,9,00,1","9,AGL   ,+99999,+99999","06,99,1,03,1,99,9,00800,1,99,9,99,9","240,M,+0275,1",,"99999,9,09566,1","9,9,999,9,+004,1",,"SYN06443301 32597 60702 10266 20209 39566 40087 83231 333 10275 58004=",
"43301099999","2023-12-01T03:00:00","4","12.1333333","78.0333333","396.0","DHARMAPURI, IN","FM-12","99999","V020","999,9,C,0000,1","99999,9,9,N","004000,1,9,9","+0236,1","+0205,1","10122,1",,,,"04,1,+00800,1,09,1","99,9,+99999,9,03,1",,"9,AGL   ,+99999,+99999","06,99,1,04,1,99,9,00800,1,99,9,99,9","240,M,+0275,1","240,N,+0216,1","99999,9,09593,1","9,9,999,9,-008,1",,"SYN08043301 32596 60000 10236 20205 39593 40122 84330 333 10275 20216 59008 555 10220=",
"43301099999","2023-12-01T12:00:00","4","12.1333333","78.0333333","396.0","DHARMAPURI, IN","FM-12","99999","V020","999,9,C,0000,1","99999,9,9,N","010000,1,9,9","+0282,1","+0213,1","10063,1",,,,"03,1,+00800,1,08,1","99,9,+99999,9,03,1","99,9,+99999,9,00,1","9,AGL   ,+99999,+99999","06,99,1,03,1,99,9,00800,1,99,9,99,9","240,M,+0285,1",,"99999,9,09547,1","9,9,999,9,-019,1",,"SYN06443301 32597 60000 10282 20213 39547 40063 83231 333 10285 59019=",
"43301099999","2023-12-02T03:00:00","4","12.1333333","78.0333333","396.0","DHARMAPURI, IN","FM-12","99999","V020","070,1,N,0010,1","99999,9,9,N","004000,1,9,9","+0232,1","+0204,1","10112,1",,,,"04,1,+00800,1,09,1","99,9,+99999,9,03,1",,"9,AGL   ,+99999,+99999","07,99,1,04,1,99,9,00800,1,99,9,99,9","240,M,+0285,1","240,N,+0206,1","99999,9,09584,1","9,9,999,9,-009,1",,"SYN08043301 32596 70702 10232 20204 39584 40112 84330 333 10285 20206 59009 555 10220=",
"43301099999","2023-12-02T12:00:00","4","12.1333333","78.0333333","396.0","DHARMAPURI, IN","FM-12","99999","V020","070,1,N,0010,1","99999,9,9,N","010000,1,9,9","+0276,1","+0210,1","10056,1",,,,"04,1,+00800,1,09,1","99,9,+99999,9,03,1",,"9,AGL   ,+99999,+99999","07,99,1,04,1,99,9,00800,1,99,9,99,9","240,M,+0285,1",,"99999,9,09538,1","9,9,999,9,-009,1",,"SYN06443301 32597 70702 10276 20210 39538 40056 84330 333 10285 59009=",
"43301099999","2023-12-03T03:00:00","4","12.1333333","78.0333333","396.0","DHARMAPURI, IN","FM-12","99999","V020","999,9,C,0000,1","99999,9,9,N","004000,1,9,9","+0236,1","+0224,1","10102,1","24,0030,3,1",,,"04,1,+00800,1,09,1","99,9,+99999,9,03,1",,"9,AGL   ,+99999,+99999","07,99,1,04,1,99,9,00800,1,99,9,99,9","240,M,+0285,1","240,N,+0220,1","99999,9,09574,1","9,9,999,9,-010,1",,"SYN09243301 22596 70000 10236 20224 39574 40102 84330 333 10285 20220 59010 6003/ 555 00030 10223=",
"43301099999","2023-12-03T12:00:00","4","12.1333333","78.0333333","396.0","DHARMAPURI, IN","FM-12","99999","V020","050,1,N,0010,1","99999,9,9,N","010000,1,9,9","+0256,1","+0223,1","10064,1","09,0080,3,1",,,"05,1,+00800,1,09,1","99,9,+99999,9,03,1",,"9,AGL   ,+99999,+99999","08,99,1,05,1,99,9,00800,1,99,9,99,9","240,M,+0270,1",,"99999,9,09542,1","9,9,999,9,+004,1",,"SYN07043301 22597 80502 10256 20223 39542 40064 8537/ 333 10270 58004 6008/=",
"43301099999","2023-12-04T03:00:00","4","12.1333333","78.0333333","396.0","DHARMAPURI, IN","FM-12","99999","V020","999,9,C,0000,1","99999,9,9,N","004000,1,9,9","+0238,1","+0214,1","10079,1","24,0080,3,1",,,"05,1,+00800,1,09,1","99,9,+99999,9,03,1",,"9,AGL   ,+99999,+99999","08,99,1,05,1,99,9,00800,1,99,9,99,9","240,M,+0270,1","240,N,+0222,1","99999,9,09553,1","9,9,999,9,-021,1",,"SYN09243301 22596 80000 10238 20214 39553 40079 8537/ 333 10270 20222 59021 6008/ 555 00080 10231=",
"43301099999","2023-12-04T12:00:00","4","12.1333333","78.0333333","396.0","DHARMAPURI, IN","FM-12","99999","V020","999,9,C,0000,1","99999,9,9,N","010000,1,9,9","+0262,1","+0220,1","10042,1",,,,"05,1,+00800,1,09,1","99,9,+99999,9,03,1",,"9,AGL   ,+99999,+99999","08,99,1,05,1,99,9,00800,1,99,9,99,9","240,M,+0265,1",,"99999,9,09523,1","9,9,999,9,-019,1",,"SYN06443301 32597 80000 10262 20220 39523 40042 8537/ 333 10265 59019=",
"43301099999","2023-12-05T03:00:00","4","12.1333333","78.0333333","396.0","DHARMAPURI, IN","FM-12","99999","V020","200,1,N,0010,1","99999,9,9,N","010000,1,9,9","+0238,1","+0201,1","10084,1",,,,"03,1,+00800,1,08,1","99,9,+99999,9,03,1","99,9,+99999,9,00,1","9,AGL   ,+99999,+99999","06,99,1,03,1,99,9,00800,1,99,9,99,9","240,M,+0265,1","240,N,+0210,1","99999,9,09558,1","9,9,999,9,+005,1",,"SYN08043301 32597 62002 10238 20201 39558 40084 83231 333 10265 20210 58005 555 10231=",
"43301099999","2023-12-05T12:00:00","4","12.1333333","78.0333333","396.0","DHARMAPURI, IN","FM-12","99999","V020","999,9,C,0000,1","99999,9,9,N","010000,1,9,9","+0278,1","+0219,1","10045,1",,,,"04,1,+00800,1,09,1","99,9,+99999,9,03,1",,"9,AGL   ,+99999,+99999","07,99,1,04,1,99,9,00800,1,99,9,99,9","240,M,+0285,1",,"99999,9,09528,1","9,9,999,9,+005,1",,"SYN06443301 32597 70000 10278 20219 39528 40045 84330 333 10285 58005=",
"43301099999","2023-12-06T03:00:00","4","12.1333333","78.0333333","396.0","DHARMAPURI, IN","FM-12","99999","V020","070,1,N,0010,1","99999,9,9,N","010000,1,9,9","+0232,1","+0208,1","10103,1",,,,"02,1,+00800,1,08,1","99,9,+99999,9,03,1","99,9,+99999,9,00,1","9,AGL   ,+99999,+99999","05,99,1,02,1,99,9,00800,1,99,9,99,9","240,M,+0285,1","240,N,+0200,1","99999,9,09575,1","9,9,999,9,+017,1",,"SYN08043301 32597 50702 10232 20208 39575 40103 82231 333 10285 20200 58017 555 10231=",
"43301099999","2023-12-07T03:00:00","4","12.1333333","78.0333333","396.0","DHARMAPURI, IN","FM-12","99999","V020","999,9,C,0000,1","99999,9,9,N","004000,1,9,9","+0242,1","+0227,1","10112,1",,"2,1,02,1","2,1,02,1","04,1,+00800,1,06,1","99,9,+99999,9,03,1",,"9,AGL   ,+99999,+99999","08,99,1,04,1,99,9,00800,1,99,9,99,9","240,M,+0302,1","240,N,+0225,1","99999,9,09586,1","9,9,999,9,+011,1","05,1","SYN08643301 31596 80000 10242 20227 39586 40112 70522 8457/ 333 10302 20225 58011 555 10231=",
"43301099999","2023-12-07T12:00:00","4","12.1333333","78.0333333","396.0","DHARMAPURI, IN","FM-12","99999","V020","999,9,C,0000,1","99999,9,9,N","010000,1,9,9","+0294,1","+0223,1","10067,1",,,,"03,1,+00800,1,09,1","99,9,+99999,9,03,1","99,9,+99999,9,00,1","9,AGL   ,+99999,+99999","06,99,1,03,1,99,9,00800,1,99,9,99,9","240,M,+0302,1",,"99999,9,09551,1","9,9,999,9,+007,1",,"SYN06443301 32597 60000 10294 20223 39551 40067 83331 333 10302 58007=",
"43301099999","2023-12-08T03:00:00","4","12.1333333","78.0333333","396.0","DHARMAPURI, IN","FM-12","99999","V020","070,1,N,0010,1","99999,9,9,N","004000,1,9,9","+0244,1","+0220,1","10122,1",,,,"03,1,+00800,1,09,1","99,9,+99999,9,03,1","99,9,+99999,9,00,1","9,AGL   ,+99999,+99999","06,99,1,03,1,99,9,00800,1,99,9,99,9","240,M,+0302,1","240,N,+0220,1","99999,9,09595,1","9,9,999,9,+009,1",,"SYN08043301 32596 60702 10244 20220 39595 40122 83331 333 10302 20220 58009 555 10231=",
"43301099999","2023-12-08T12:00:00","4","12.1333333","78.0333333","396.0","DHARMAPURI, IN","FM-12","99999","V020","999,9,C,0000,1","99999,9,9,N","010000,1,9,9","+0288,1","+0226,1","10078,1",,,,"04,1,+00800,1,09,1","99,9,+99999,9,03,1",,"9,AGL   ,+99999,+99999","07,99,1,04,1,99,9,00800,1,99,9,99,9","240,M,+0300,1",,"99999,9,09560,1","9,9,999,9,+009,1",,"SYN06443301 32597 70000 10288 20226 39560 40078 84330 333 10300 58009=",
"43301099999","2023-12-09T12:00:00","4","12.1333333","78.0333333","396.0","DHARMAPURI, IN","FM-12","99999","V020","070,1,N,0015,1","22000,1,9,N","010000,1,9,9","+0288,1","+0213,1","10083,1",,,,"02,1,+00800,1,08,1","99,9,+99999,9,03,1","99,9,+99999,9,00,1","9,AGL   ,+99999,+99999","04,99,1,02,1,99,9,00800,1,99,9,99,9","240,M,+0297,1",,"99999,9,09565,1","9,9,999,9,+005,1",,"SYN06443301 32597 40703 10288 20213 39565 40083 82131 333 10297 58005=",
"43301099999","2023-12-10T03:00:00","4","12.1333333","78.0333333","396.0","DHARMAPURI, IN","FM-12","99999","V020","070,1,N,0010,1","22000,1,9,N","010000,1,9,9","+0242,1","+0205,1","10126,1",,,,"02,1,+00800,1,08,1","99,9,+99999,9,00,1",,"9,AGL   ,+99999,+99999","03,99,1,02,1,99,9,00800,1,99,9,99,9","240,M,+0297,1","240,N,+0222,1","99999,9,09599,1","9,9,999,9,-011,1",,"SYN08043301 32597 30702 10242 20205 39599 40126 82101 333 10297 20222 59011 555 10231=",
"43301099999","2023-12-10T12:00:00","4","12.1333333","78.0333333","396.0","DHARMAPURI, IN","FM-12","99999","V020","070,1,N,0010,1","99999,9,9,N","010000,1,9,9","+0286,1","+0214,1","10082,1",,,,"02,1,+00800,1,08,1","99,9,+99999,9,03,1","99,9,+99999,9,00,1","9,AGL   ,+99999,+99999","05,99,1,02,1,99,9,00800,1,99,9,99,9","240,M,+0300,1",,"99999,9,09564,1","9,9,999,9,-001,1",,"SYN06443301 32597 50702 10286 20214 39564 40082 82231 333 10300 59001=",
"43301099999","2023-12-11T03:00:00","4","12.1333333","78.0333333","396.0","DHARMAPURI, IN","FM-12","99999","V020","070,1,N,0015,1","99999,9,9,N","010000,1,9,9","+0238,1","+0191,1","10134,1",,,,"02,1,+00800,1,08,1","99,9,+99999,9,03,1","99,9,+99999,9,00,1","9,AGL   ,+99999,+99999","05,99,1,02,1,99,9,00800,1,99,9,99,9","240,M,+0300,1","240,N,+0212,1","99999,9,09605,1","9,9,999,9,+006,1",,"SYN07043301 32597 50703 10238 20191 39605 40134 82231 333 10300 20212 58006=",
"43301099999","2023-12-12T03:00:00","4","12.1333333","78.0333333","396.0","DHARMAPURI, IN","FM-12","99999","V020","070,1,N,0015,1","99999,9,9,N","004000,1,9,9","+0234,1","+0203,1","10124,1",,"2,1,02,1","2,1,02,1","05,1,+00800,1,09,1","99,9,+99999,9,03,1",,"9,AGL   ,+99999,+99999","08,99,1,05,1,99,9,00800,1,99,9,99,9","240,M,+0290,1","240,N,+0217,1","99999,9,09595,1","9,9,999,9,-010,1","05,1","SYN08643301 31596 80703 10234 20203 39595 40124 70522 8537/ 333 10290 20217 59010 555 10231=",
"43301099999","2023-12-12T12:00:00","4","12.1333333","78.0333333","396.0","DHARMAPURI, IN","FM-12","99999","V020","070,1,N,0010,1","99999,9,9,N","010000,1,9,9","+0278,1","+0202,1","10081,1",,,,"03,1,+00800,1,08,1","99,9,+99999,9,03,1","99,9,+99999,9,00,1","9,AGL   ,+99999,+99999","06,99,1,03,1,99,9,00800,1,99,9,99,9","240,M,+0287,1",,"99999,9,09562,1","9,9,999,9,-001,1",,"SYN06443301 32597 60702 10278 20202 39562 40081 83231 333 10287 59001=",
"43301099999","2023-12-13T03:00:00","4","12.1333333","78.0333333","396.0","DHARMAPURI, IN","FM-12","99999","V020","070,1,N,0015,1","99999,9,9,N","004000,1,9,9","+0228,1","+0197,1","10137,1",,"2,1,02,1","2,1,02,1","05,1,+00800,1,09,1","99,9,+99999,9,03,1",,"9,AGL   ,+99999,+99999","08,99,1,05,1,99,9,00800,1,99,9,99,9","240,M,+0287,1","240,N,+0205,1","99999,9,09606,1","9,9,999,9,+011,1","05,1","SYN08643301 31596 80703 10228 20197 39606 40137 70522 8537/ 333 10287 20205 58011 555 10231=",
"43301099999","2023-12-13T12:00:00","4","12.1333333","78.0333333","396.0","DHARMAPURI, IN","FM-12","99999","V020","070,1,N,0010,1","22000,1,9,N","010000,1,9,9","+0268,1","+0187,1","10086,1",,,,"01,1,+00800,1,08,1","99,9,+99999,9,00,1",,"9,AGL   ,+99999,+99999","02,99,1,01,1,99,9,00800,1,99,9,99,9","240,M,+0278,1",,"99999,9,09565,1","9,9,999,9,+003,1",,"SYN06443301 32597 20702 10268 20187 39565 40086 81101 333 10278 58003=",
"43301099999","2023-12-14T03:00:00","4","12.1333333","78.0333333","396.0","DHARMAPURI, IN","FM-12","99999","V020","070,1,N,0015,1","99999,9,9,N","004000,1,9,9","+0224,1","+0183,1","10147,1",,,,"02,1,+00800,1,08,1","99,9,+99999,9,03,1","99,9,+99999,9,00,1","9,AGL   ,+99999,+99999","05,99,1,02,1,99,9,00800,1,99,9,99,9","240,M,+0278,1","240,N,+0200,1","99999,9,09615,1","9,9,999,9,+009,1",,"SYN08043301 32596 50703 10224 20183 39615 40147 82231 333 10278 20200 58009 555 10231=",
"43301099999","2023-12-14T12:00:00","4","12.1333333","78.0333333","396.0","DHARMAPURI, IN","FM-12","99999","V020","070,1,N,0010,1","99999,9,9,N","010000,1,9,9","+0274,1","+0180,1","10100,1",,,,"03,1,+00800,1,08,1","99,9,+99999,9,03,1","99,9,+99999,9,00,1","9,AGL   ,+99999,+99999","06,99,1,03,1,99,9,00800,1,99,9,99,9","240,M,+0277,1",,"99999,9,09580,1","9,9,999,9,+015,1",,"SYN06443301 32597 60702 10274 20180 39580 40100 83231 333 10277 58015=",
"43301099999","2023-12-15T03:00:00","4","12.1333333","78.0333333","396.0","DHARMAPURI, IN","FM-12","99999","V020","070,1,N,0015,1","99999,9,9,N","004000,1,9,9","+0224,1","+0193,1","10158,1",,,,"03,1,+00800,1,08,1","99,9,+99999,9,03,1","99,9,+99999,9,00,1","9,AGL   ,+99999,+99999","06,99,1,03,1,99,9,00800,1,99,9,99,9","240,M,+0277,1","240,N,+0200,1","99999,9,09626,1","9,9,999,9,+011,1",,"SYN08043301 32596 60703 10224 20193 39626 40158 83231 333 10277 20200 58011 555 10231=",
"43301099999","2023-12-15T12:00:00","4","12.1333333","78.0333333","396.0","DHARMAPURI, IN","FM-12","99999","V020","070,1,N,0010,1","99999,9,9,N","010000,1,9,9","+0248,1","+0208,1","10118,1","09,0000,9,1",,,"05,1,+00800,1,06,1","99,9,+99999,9,03,1",,"9,AGL   ,+99999,+99999","08,99,1,05,1,99,9,00800,1,99,9,99,9","240,M,+0262,1",,"99999,9,09591,1","9,9,999,9,+011,1",,"SYN07043301 21597 80702 10248 20208 39591 40118 8547/ 333 10262 58011 6990/=","Q01  00002PRCP09"
"43301099999","2023-12-16T03:00:00","4","12.1333333","78.0333333","396.0","DHARMAPURI, IN","FM-12","99999","V020","999,9,C,0000,1","99999,9,9,N","004000,1,9,9","+0226,1","+0211,1","10138,1","24,0010,3,1",,,"04,1,+00800,1,09,1","99,9,+99999,9,03,1",,"9,AGL   ,+99999,+99999","07,99,1,04,1,99,9,00800,1,99,9,99,9","240,M,+0262,1","240,N,+0205,1","99999,9,09607,1","9,9,999,9,-019,1",,"SYN09243301 22596 70000 10226 20211 39607 40138 84330 333 10262 20205 59019 6001/ 555 00010 10232=",
"43301099999","2023-12-16T12:00:00","4","12.1333333","78.0333333","396.0","DHARMAPURI, IN","FM-12","99999","V020","070,1,N,0010,1","99999,9,9,N","010000,1,9,9","+0268,1","+0217,1","10098,1","09,0000,9,1",,,"05,1,+00800,1,06,1","99,9,+99999,9,03,1",,"9,AGL   ,+99999,+99999","08,99,1,05,1,99,9,00800,1,99,9,99,9","240,M,+0275,1",,"99999,9,09576,1","9,9,999,9,-015,1",,"SYN07043301 21597 80702 10268 20217 39576 40098 8547/ 333 10275 59015 6990/=","Q01  00002PRCP09"
"43301099999","2023-12-17T03:00:00","4","12.1333333","78.0333333","396.0","DHARMAPURI, IN","FM-12","99999","V020","070,1,N,0015,1","99999,9,9,N","004000,1,9,9","+0232,1","+0204,1","10133,1","24,0010,3,1",,,"04,1,+00800,1,09,1","99,9,+99999,9,03,1",,"9,AGL   ,+99999,+99999","07,99,1,04,1,99,9,00800,1,99,9,99,9","240,M,+0275,1","240,N,+0210,1","99999,9,09604,1","9,9,999,9,-003,1",,"SYN09243301 22596 70703 10232 20204 39604 40133 84330 333 10275 20210 59003 6001/ 555 00010 10233=",
"43301099999","2023-12-17T12:00:00","4","12.1333333","78.0333333","396.0","DHARMAPURI, IN","FM-12","99999","V020","070,1,N,0010,1","99999,9,9,N","010000,1,9,9","+0256,1","+0207,1","10097,1",,,,"04,1,+00800,1,09,1","99,9,+99999,9,03,1",,"9,AGL   ,+99999,+99999","06,99,1,04,1,99,9,00800,1,99,9,99,9","240,M,+0260,1",,"99999,9,09573,1","9,9,999,9,-003,1",,"SYN06443301 32597 60702 10256 20207 39573 40097 84330 333 10260 59003=",
"43301099999","2023-12-18T03:00:00","4","12.1333333","78.0333333","396.0","DHARMAPURI, IN","FM-12","99999","V020","070,1,N,0010,1","99999,9,9,N","004000,1,9,9","+0234,1","+0200,1","10143,1","24,0000,9,1",,,"04,1,+00800,1,09,1","99,9,+99999,9,03,1",,"9,AGL   ,+99999,+99999","07,99,1,04,1,99,9,00800,1,99,9,99,9","240,M,+0260,1","240,N,+0210,1","99999,9,09613,1","9,9,999,9,+009,1",,"SYN08643301 22596 70702 10234 20200 39613 40143 84330 333 10260 20210 58009 6990/ 555 10233=","Q01  00002PRCP24"
"43301099999","2023-12-18T12:00:00","4","12.1333333","78.0333333","396.0","DHARMAPURI, IN","FM-12","99999","V020","999,9,C,0000,1","99999,9,9,N","010000,1,9,9","+0252,1","+0200,1","10108,1",,,,"05,1,+00800,1,06,1","99,9,+99999,9,03,1",,"9,AGL   ,+99999,+99999","08,99,1,05,1,99,9,00800,1,99,9,99,9","240,M,+0260,1",,"99999,9,09584,1","9,9,999,9,+011,1",,"SYN06443301 32597 80000 10252 20200 39584 40108 8547/ 333 10260 58011=",
"43301099999","2023-12-19T03:00:00","4","12.1333333","78.0333333","396.0","DHARMAPURI, IN","FM-12","99999","V020","070,1,N,0010,1","99999,9,9,N","010000,1,9,9","+0222,1","+0194,1","10156,1",,,,"04,1,+00800,1,09,1","99,9,+99999,9,03,1",,"9,AGL   ,+99999,+99999","07,99,1,04,1,99,9,00800,1,99,9,99,9","240,M,+0260,1","240,N,+0200,1","99999,9,09624,1","9,9,999,9,+011,1",,"SYN08043301 32597 70702 10222 20194 39624 40156 84330 333 10260 20200 58011 555 10233=",
"43301099999","2023-12-19T12:00:00","4","12.1333333","78.0333333","396.0","DHARMAPURI, IN","FM-12","99999","V020","070,1,N,0010,1","99999,9,9,N","010000,1,9,9","+0278,1","+0199,1","10097,1",,,,"03,1,+00800,1,08,1","99,9,+99999,9,03,1","99,9,+99999,9,00,1","9,AGL   ,+99999,+99999","06,99,1,03,1,99,9,00800,1,99,9,99,9","240,M,+0290,1",,"99999,9,09577,1","9,9,999,9,-007,1",,"SYN06443301 32597 60702 10278 20199 39577 40097 83231 333 10290 59007=",
"43301099999","2023-12-20T03:00:00","4","12.1333333","78.0333333","396.0","DHARMAPURI, IN","FM-12","99999","V020","020,1,N,0010,1","99999,9,9,N","004000,1,9,9","+0224,1","+0189,1","10150,1",,"2,1,02,1","2,1,02,1","05,1,+00800,1,09,1","99,9,+99999,9,03,1",,"9,AGL   ,+99999,+99999","08,99,1,05,1,99,9,00800,1,99,9,99,9","240,M,+0290,1","240,N,+0200,1","99999,9,09618,1","9,9,999,9,-006,1","05,1","SYN08643301 31596 80202 10224 20189 39618 40150 70522 8537/ 333 10290 20200 59006 555 10233=",
"43301099999","2023-12-20T12:00:00","4","12.1333333","78.0333333","396.0","DHARMAPURI, IN","FM-12","99999","V020","070,1,N,0010,1","99999,9,9,N","010000,1,9,9","+0268,1","+0207,1","10105,1",,,,"04,1,+00800,1,09,1","99,9,+99999,9,03,1",,"9,AGL   ,+99999,+99999","07,99,1,04,1,99,9,00800,1,99,9,99,9","240,M,+0277,1",,"99999,9,09583,1","9,9,999,9,+006,1",,"SYN06443301 32597 70702 10268 20207 39583 40105 84330 333 10277 58006=",
"43301099999","2023-12-21T03:00:00","4","12.1333333","78.0333333","396.0","DHARMAPURI, IN","FM-12","99999","V020","070,1,N,0010,1","99999,9,9,N","004000,1,9,9","+0226,1","+0195,1","10149,1",,"2,1,02,1","2,1,02,1","05,1,+00800,1,06,1","99,9,+99999,9,03,1",,"9,AGL   ,+99999,+99999","08,99,1,05,1,99,9,00800,1,99,9,99,9","240,M,+0277,1","240,N,+0206,1","99999,9,09617,1","9,9,999,9,-001,1","05,1","SYN08643301 31596 80702 10226 20195 39617 40149 70522 8547/ 333 10277 20206 59001 555 10233=",
"43301099999","2023-12-21T12:00:00","4","12.1333333","78.0333333","396.0","DHARMAPURI, IN","FM-12","99999","V020","070,1,N,0010,1","99999,9,9,N","010000,1,9,9","+0268,1","+0201,1","10104,1",,,,"02,1,+00800,1,08,1","99,9,+99999,9,03,1","99,9,+99999,9,00,1","9,AGL   ,+99999,+99999","05,99,1,02,1,99,9,00800,1,99,9,99,9","240,M,+0272,1",,"99999,9,09582,1","9,9,999,9,-001,1",,"SYN06443301 32597 50702 10268 20201 39582 40104 82231 333 10272 59001=",
"43301099999","2023-12-22T03:00:00","4","12.1333333","78.0333333","396.0","DHARMAPURI, IN","FM-12","99999","V020","070,1,N,0010,1","99999,9,9,N","004000,1,9,9","+0218,1","+0199,1","10152,1",,,,"04,1,+00800,1,09,1","99,9,+99999,9,03,1",,"9,AGL   ,+99999,+99999","07,99,1,04,1,99,9,00800,1,99,9,99,9","240,M,+0272,1","240,N,+0185,1","99999,9,09619,1","9,9,999,9,+002,1",,"SYN08043301 32596 70702 10218 20199 39619 40152 84330 333 10272 20185 58002 555 10233=",
"43301099999","2023-12-22T12:00:00","4","12.1333333","78.0333333","396.0","DHARMAPURI, IN","FM-12","99999","V020","110,1,N,0010,1","22000,1,9,N","010000,1,9,9","+0288,1","+0186,1","10093,1",,,,"01,1,+00800,1,08,1","99,9,+99999,9,00,1",,"9,AGL   ,+99999,+99999","04,99,1,01,1,99,9,00800,1,99,9,99,9","240,M,+0297,1",,"99999,9,09574,1","9,9,999,9,-008,1",,"SYN06443301 32597 41102 10288 20186 39574 40093 81101 333 10297 59008=",
"43301099999","2023-12-23T03:00:00","4","12.1333333","78.0333333","396.0","DHARMAPURI, IN","FM-12","99999","V020","070,1,N,0010,1","99999,9,9,N","004000,1,9,9","+0218,1","+0176,1","10160,1",,,,"04,1,+00800,1,09,1","99,9,+99999,9,03,1",,"9,AGL   ,+99999,+99999","08,99,1,04,1,99,9,00800,1,99,9,99,9","240,M,+0297,1","240,N,+0195,1","99999,9,09627,1","9,9,999,9,+008,1",,"SYN08043301 32596 80702 10218 20176 39627 40160 84330 333 10297 20195 58008 555 10233=",
"43301099999","2023-12-23T12:00:00","4","12.1333333","78.0333333","396.0","DHARMAPURI, IN","FM-12","99999","V020","070,1,N,0010,1","99999,9,9,N","010000,1,9,9","+0268,1","+0217,1","10116,1",,,,"02,1,+00800,1,08,1","99,9,+99999,9,03,1","99,9,+99999,9,00,1","9,AGL   ,+99999,+99999","05,99,1,02,1,99,9,00800,1,99,9,99,9","240,M,+0278,1",,"99999,9,09593,1","9,9,999,9,+019,1",,"SYN06443301 32597 50702 10268 20217 39593 40116 82231 333 10278 58019=",
"43301099999","2023-12-24T03:00:00","4","12.1333333","78.0333333","396.0","DHARMAPURI, IN","FM-12","99999","V020","070,1,N,0010,1","22000,1,9,N","004000,1,9,9","+0204,1","+0168,1","10175,1",,,,"02,1,+00800,1,08,1","99,9,+99999,9,00,1",,"9,AGL   ,+99999,+99999","02,99,1,02,1,99,9,00800,1,99,9,99,9","240,M,+0278,1","240,N,+0175,1","99999,9,09639,1","9,9,999,9,+012,1",,"SYN08043301 32596 20702 10204 20168 39639 40175 82101 333 10278 20175 58012 555 10233=",
"43301099999","2023-12-24T12:00:00","4","12.1333333","78.0333333","396.0","DHARMAPURI, IN","FM-12","99999","V020","070,1,N,0021,1","22000,1,9,N","010000,1,9,9","+0284,1","+0192,1","10118,1",,,,"02,1,+00800,1,08,1","99,9,+99999,9,03,1",,"9,AGL   ,+99999,+99999","03,99,1,02,1,99,9,00800,1,99,9,99,9","240,M,+0300,1",,"99999,9,09597,1","9,9,999,9,+004,1",,"SYN06443301 32597 30704 10284 20192 39597 40118 82230 333 10300 58004=",
"43301099999","2023-12-27T03:00:00","4","12.1333333","78.0333333","396.0","DHARMAPURI, IN","FM-12","99999","V020","070,1,N,0010,1","22000,1,9,N","010000,1,9,9","+0208,1","+0182,1","10180,1",,,,"02,1,+00800,1,08,1","99,9,+99999,9,03,1",,"9,AGL   ,+99999,+99999","03,99,1,02,1,99,9,00800,1,99,9,99,9","240,M,+0287,1","240,N,+0180,1","99999,9,09644,1","9,9,999,9,+010,1",,"SYN08043301 32597 30702 10208 20182 39644 40180 82130 333 10287 20180 58010 555 10235=",
"43301099999","2023-12-27T12:00:00","4","12.1333333","78.0333333","396.0","DHARMAPURI, IN","FM-12","99999","V020","070,1,N,0010,1","22000,1,9,N","010000,1,9,9","+0288,1","+0167,1","10105,1",,,,"01,1,+00800,1,08,1","99,9,+99999,9,00,1",,"9,AGL   ,+99999,+99999","02,99,1,01,1,99,9,00800,1,99,9,99,9","240,M,+0292,1",,"99999,9,09586,1","9,9,999,9,-011,1",,"SYN06443301 32597 20702 10288 20167 39586 40105 81101 333 10292 59011=",
"43301099999","2023-12-28T03:00:00","4","12.1333333","78.0333333","396.0","DHARMAPURI, IN","FM-12","99999","V020","070,1,N,0010,1","99999,9,9,N","004000,1,9,9","+0226,1","+0181,1","10159,1",,,,"04,1,+00800,1,09,1","99,9,+99999,9,03,1",,"9,AGL   ,+99999,+99999","07,99,1,04,1,99,9,00800,1,99,9,99,9","240,M,+0292,1","240,N,+0202,1","99999,9,09627,1","9,9,999,9,-017,1",,"SYN08043301 32596 70702 10226 20181 39627 40159 84330 333 10292 20202 59017 555 10235=",
"43301099999","2023-12-28T12:00:00","4","12.1333333","78.0333333","396.0","DHARMAPURI, IN","FM-12","99999","V020","070,1,N,0010,1","99999,9,9,N","010000,1,9,9","+0278,1","+0196,1","10116,1",,,,"02,1,+00800,1,08,1","99,9,+99999,9,03,1","99,9,+99999,9,00,1","9,AGL   ,+99999,+99999","05,99,1,02,1,99,9,00800,1,99,9,99,9","240,M,+0287,1",,"99999,9,09587,1","9,9,999,9,+001,1",,"SYN06443301 32597 50702 10278 20196 39587 40116 82231 333 10287 58001=",
"43301099999","2023-12-29T03:00:00","4","12.1333333","78.0333333","396.0","DHARMAPURI, IN","FM-12","99999","V020","070,1,N,0010,1","99999,9,9,N","004000,1,9,9","+0226,1","+0198,1","10160,1","24,0000,9,1",,,"04,1,+00800,1,09,1","99,9,+99999,9,03,1",,"9,AGL   ,+99999,+99999","07,99,1,04,1,99,9,00800,1,99,9,99,9","240,M,+0287,1","240,N,+0205,1","99999,9,09628,1","9,9,999,9,+001,1",,"SYN08643301 22596 70702 10226 20198 39628 40160 84330 333 10287 20205 58001 6990/ 555 10235=","Q01  00002PRCP24"
"43301099999","2023-12-29T12:00:00","4","12.1333333","78.0333333","396.0","DHARMAPURI, IN","FM-12","99999","V020","070,1,N,0015,1","22000,1,9,N","010000,1,9,9","+0276,1","+0196,1","10106,1",,,,"02,1,+00800,1,08,1","99,9,+99999,9,03,1","99,9,+99999,9,00,1","9,AGL   ,+99999,+99999","04,99,1,02,1,99,9,00800,1,99,9,99,9","240,M,+0282,1",,"99999,9,09586,1","9,9,999,9,-001,1",,"SYN06443301 32597 40703 10276 20196 39586 40106 82231 333 10282 59001=",
"43301099999","2023-12-30T03:00:00","4","12.1333333","78.0333333","396.0","DHARMAPURI, IN","FM-12","99999","V020","070,1,N,0015,1","99999,9,9,N","010000,1,9,9","+0218,1","+0196,1","10156,1",,,,"03,1,+00800,1,08,1","99,9,+99999,9,03,1",,"9,AGL   ,+99999,+99999","05,99,1,03,1,99,9,00800,1,99,9,99,9","240,M,+0282,1","240,N,+0198,1","99999,9,09623,1","9,9,999,9,-005,1",,"SYN08043301 32597 50703 10218 20196 39623 40156 83230 333 10282 20198 59005 555 10235=",
"43301099999","2023-12-30T12:00:00","4","12.1333333","78.0333333","396.0","DHARMAPURI, IN","FM-12","99999","V020","999,9,C,0000,1","99999,9,9,N","010000,1,9,9","+0278,1","+0195,1","10103,1",,,,"02,1,+00800,1,08,1","99,9,+99999,9,03,1","99,9,+99999,9,00,1","9,AGL   ,+99999,+99999","05,99,1,02,1,99,9,00800,1,99,9,99,9","240,M,+0282,1",,"99999,9,09583,1","9,9,999,9,-003,1",,"SYN06443301 32597 50000 10278 20195 39583 40103 82231 333 10282 59003=",
"43301099999","2023-12-31T03:00:00","4","12.1333333","78.0333333","396.0","DHARMAPURI, IN","FM-12","99999","V020","070,1,N,0015,1","22000,1,9,N","010000,1,9,9","+0216,1","+0184,1","10152,1",,,,"01,1,+00800,1,08,1","99,9,+99999,9,00,1",,"9,AGL   ,+99999,+99999","02,99,1,01,1,99,9,00800,1,99,9,99,9","240,M,+0282,1","240,N,+0192,1","99999,9,09619,1","9,9,999,9,-004,1",,"SYN08043301 32597 20703 10216 20184 39619 40152 81101 333 10282 20192 59004 555 10235=",
"43301099999","2023-12-31T12:00:00","4","12.1333333","78.0333333","396.0","DHARMAPURI, IN","FM-12","99999","V020","110,1,N,0010,1","22000,1,9,N","010000,1,9,9","+0276,1","+0175,1","10094,1",,,,"01,1,+00800,1,08,1","99,9,+99999,9,00,1",,"9,AGL   ,+99999,+99999","02,99,1,01,1,99,9,00800,1,99,9,99,9","240,M,+0282,1",,"99999,9,09574,1","9,9,999,9,-009,1",,"SYN06443301 32597 21102 10276 20175 39574 40094 81101 333 10282 59009=",
