station_id,station_name,timestamp_utc,temperature_c,pressure_hpa,relative_humidity_pct,latitude,longitude,elevation_m,state,district,climate_zone,provider,archived_at_utc
4952C57C,PUROLA,2026-09-29T03:15:00Z,29.6,921.7,67.0,30.86,78.0,791.7,UTTARAKHAND,UTTARKASHI,UTTARAKHAND,India Meteorological Department AWS Portal,2026-09-29T03:23:56Z
49530298,GUWAHATI,2026-09-29T03:15:00Z,25.2,1008.3,94.0,26.1,91.5667,41.3,ASSAM,KAMRUP_METROPOLITAN,ASSAM,India Meteorological Department AWS Portal,2026-09-29T03:23:56Z
49530C4A,SECHU,2026-09-29T03:15:00Z,26.4,,77.0,25.7,94.0333,650.0,NAGALAND,KOHIMA,NAGALAND,India Meteorological Department AWS Portal,2026-09-29T03:23:56Z
49534192,PASHAN_AWS_LAB,2026-09-29T03:15:00Z,29.6,1004.5,72.0,18.5167,73.85,73.1,MAHARASHTRA,PUNE,MAHARASHTRA,India Meteorological Department AWS Portal,2026-09-29T03:23:56Z
4953848C,MAHABALESHWAR,2026-09-29T03:15:00Z,19.7,,,17.92478,73.66034,550.0,MAHARASHTRA,SATARA,MAHARASHTRA,India Meteorological Department AWS Portal,2026-09-29T03:23:56Z
495397FA,DIMAPUR,2026-09-29T03:15:00Z,35.4,,51.0,26.8,94.7,650.0,NAGALAND,DIMAPUR,NAGALAND,India Meteorological Department AWS Portal,2026-09-29T03:23:56Z
4953A260,BOMDILA,2026-09-29T03:15:00Z,23.1,,54.0,27.2645,92.4159,650.0,ARUNACHAL_PRADESH,WEST_KAMENG,ARUNACHAL_PRADESH,India Meteorological Department AWS Portal,2026-09-29T03:23:56Z
558004A2,BANDRA,2026-09-29T03:15:00Z,32.7,,,19.067,72.8409,550.0,MAHARASHTRA,MUMBAI SUBURBAN,MAHARASHTRA,India Meteorological Department AWS Portal,2026-09-29T03:23:56Z
55800A70,MAHALAXMI,2026-09-29T03:15:00Z,29.9,,,18.9799,72.8231,550.0,MAHARASHTRA,MUMBAI_CITY,MAHARASHTRA,India Meteorological Department AWS Portal,2026-09-29T03:23:56Z
558017D4,BHAYANDER,2026-09-29T03:15:00Z,30.4,,,19.3147,72.852,550.0,MAHARASHTRA,THANE,MAHARASHTRA,India Meteorological Department AWS Portal,2026-09-29T03:23:56Z
55802C9C,RAM_MANDIR,2026-09-29T03:15:00Z,31.5,,,19.1531,72.8497,550.0,MAHARASHTRA,MUMBAI SUBURBAN,MAHARASHTRA,India Meteorological Department AWS Portal,2026-09-29T03:23:56Z
55C071EE,LIKERA,2026-09-29T03:15:00Z,14.2,,,21.88,84.21,30.0,ODISHA,JHARSUGUDA,ODISHA,India Meteorological Department AWS Portal,2026-09-29T03:23:56Z
55C08FB8,GANDERBAL,2026-09-29T03:15:00Z,24.5,,41.0,34.24,74.78,1600.0,JAMMU_AND_KASHMIR,GANDERBAL,JAMMU_AND_KASHMIR,India Meteorological Department AWS Portal,2026-09-29T03:23:56Z
55C0E48C,DUNGRIPALLI,2026-09-29T03:15:00Z,25.0,,,21.04,83.54,30.0,ODISHA,SUBARNAPUR,ODISHA,India Meteorological Department AWS Portal,2026-09-29T03:23:56Z
55C12DBA,RAJPURA_MANDI,2026-09-29T03:15:00Z,24.5,,45.0,33.8,74.26,1600.0,JAMMU_AND_KASHMIR,POONCH,JAMMU_AND_KASHMIR,India Meteorological Department AWS Portal,2026-09-29T03:23:56Z
55C474D4,YINGKIONG,2026-09-29T03:15:00Z,36.2,,,28.64,95.0228,650.0,ARUNACHAL_PRADESH,UPPER_SIANG,ARUNACHAL_PRADESH,India Meteorological Department AWS Portal,2026-09-29T03:23:56Z
55C61A14,KHARIBARI,2026-09-29T03:15:00Z,27.2,,82.0,26.55,88.19,160.0,WEST_BENGAL,DARJEELING,WEST_BENGAL,India Meteorological Department AWS Portal,2026-09-29T03:23:56Z
55C6B43E,SONAMURA,2026-09-29T03:15:00Z,32.3,,100.0,23.4844,91.27,650.0,TRIPURA,SIPAHIJALA,TRIPURA,India Meteorological Department AWS Portal,2026-09-29T03:23:56Z
55C6BAEC,TELIAMURA,2026-09-29T03:15:00Z,36.2,,68.0,23.84,91.63,650.0,TRIPURA,KHOWAI,TRIPURA,India Meteorological Department AWS Portal,2026-09-29T03:23:56Z
55C7163C,SORENG,2026-09-29T03:15:00Z,16.4,,91.0,27.19,88.16,650.0,SIKKIM,SORENG,SIKKIM,India Meteorological Department AWS Portal,2026-09-29T03:23:56Z
55C79028,YACHULI,2026-09-29T03:15:00Z,28.1,,67.0,27.46,93.7669,650.0,ARUNACHAL_PRADESH,LOWER_SUBANSIRI,ARUNACHAL_PRADESH,India Meteorological Department AWS Portal,2026-09-29T03:23:56Z
55C88B1E,P_N_PALAYAM,2026-09-29T03:15:00Z,28.1,,50.0,11.15,76.94,30.0,TAMIL_NADU,COIMBATORE,TAMIL_NADU,India Meteorological Department AWS Portal,2026-09-29T03:23:56Z
55C8C6C6,VANIYAMBADI,2026-09-29T03:15:00Z,,,72.0,12.6833,78.6167,30.0,TAMIL_NADU,TIRUPATTUR,TAMIL_NADU,India Meteorological Department AWS Portal,2026-09-29T03:23:56Z
55C8C814,R.K.PET,2026-09-29T03:15:00Z,34.5,,43.0,13.15,79.4167,30.0,TAMIL_NADU,TIRUVALLUR,TAMIL_NADU,India Meteorological Department AWS Portal,2026-09-29T03:23:56Z
55C8DB62,CHEYYAR,2026-09-29T03:15:00Z,34.7,,52.0,12.6667,79.5333,30.0,TAMIL_NADU,TIRUVANNAMALAI,TAMIL_NADU,India Meteorological Department AWS Portal,2026-09-29T03:23:56Z
55C8EEF8,POONAMALLEE,2026-09-29T03:15:00Z,34.6,,39.0,13.05,80.0833,30.0,TAMIL_NADU,TIRUVALLUR,TAMIL_NADU,India Meteorological Department AWS Portal,2026-09-29T03:23:56Z
55C90122,PALACODE,2026-09-29T03:15:00Z,31.3,,49.0,12.29,78.07,30.0,TAMIL_NADU,DHARMAPURI,TAMIL_NADU,India Meteorological Department AWS Portal,2026-09-29T03:23:56Z
55C91C86,PERIYA_KALAPET,2026-09-29T03:15:00Z,29.2,,69.0,12.0333,79.85,30.0,PUDUCHERRY,PUDUCHERRY,PUDUCHERRY,India Meteorological Department AWS Portal,2026-09-29T03:23:56Z
55C927CE,DENKANIKOTTAI,2026-09-29T03:15:00Z,26.8,,63.0,12.52,77.79,30.0,TAMIL_NADU,KRISHNAGIRI,TAMIL_NADU,India Meteorological Department AWS Portal,2026-09-29T03:23:56Z
55C934B8,VAZHAPADI,2026-09-29T03:15:00Z,30.2,,,11.65,78.39,30.0,TAMIL_NADU,SALEM,TAMIL_NADU,India Meteorological Department AWS Portal,2026-09-29T03:23:56Z
55C97960,NAGERCOIL,2026-09-29T03:15:00Z,21.1,,84.0,8.1667,77.4167,30.0,TAMIL_NADU,KANYAKUMARI,TAMIL_NADU,India Meteorological Department AWS Portal,2026-09-29T03:23:56Z
55C9C43C,LOWER_KOTHAIYAR,2026-09-29T03:15:00Z,26.1,,100.0,8.5,77.3,30.0,TAMIL_NADU,KANYAKUMARI,TAMIL_NADU,India Meteorological Department AWS Portal,2026-09-29T03:23:56Z
55C9D998,VRIDHA_CHALAM,2026-09-29T03:15:00Z,32.6,,52.0,11.51,79.33,30.0,TAMIL_NADU,CUDDALORE,TAMIL_NADU,India Meteorological Department AWS Portal,2026-09-29T03:23:56Z
55C9F1A6,KALLAKURICHI,2026-09-29T03:15:00Z,32.9,,50.0,11.7333,78.95,30.0,TAMIL_NADU,KALLAKURICHI,TAMIL_NADU,India Meteorological Department AWS Portal,2026-09-29T03:23:56Z
55CA062C,THIRUKOILUR,2026-09-29T03:15:00Z,32.7,,49.0,11.95,79.1833,30.0,TAMIL_NADU,KALLAKURICHI,TAMIL_NADU,India Meteorological Department AWS Portal,2026-09-29T03:23:56Z
55CA4BF4,NYAPIN,2026-09-29T03:15:00Z,22.2,,,27.7481,93.3892,650.0,ARUNACHAL_PRADESH,KURUNG_KUMEY,ARUNACHAL_PRADESH,India Meteorological Department AWS Portal,2026-09-29T03:23:56Z
55CA7E6E,ANNA_UNIVERSITY,2026-09-29T03:15:00Z,29.1,,60.0,13.0112,80.2355,30.0,TAMIL_NADU,CHENNAI,TAMIL_NADU,India Meteorological Department AWS Portal,2026-09-29T03:23:56Z
55CA8038,LMOIS__KOLAPAKKAM,2026-09-29T03:15:00Z,35.2,,44.0,13.0,80.1333,30.0,TAMIL_NADU,KANCHIPURAM,TAMIL_NADU,India Meteorological Department AWS Portal,2026-09-29T03:23:56Z
55CA8EEA,CHEMBARAMBAKKAM,2026-09-29T03:15:00Z,33.9,,55.0,13.0,80.0833,30.0,TAMIL_NADU,KANCHIPURAM,TAMIL_NADU,India Meteorological Department AWS Portal,2026-09-29T03:23:56Z
55CA934E,PUZHAL,2026-09-29T03:15:00Z,34.3,,,13.15,80.1833,30.0,TAMIL_NADU,TIRUVALLUR,TAMIL_NADU,India Meteorological Department AWS Portal,2026-09-29T03:23:56Z
55CA9D9C,HINDUSTAN_UNIVERSITY,2026-09-29T03:15:00Z,34.5,,45.0,12.8013,80.2237,30.0,TAMIL_NADU,KANCHIPURAM,TAMIL_NADU,India Meteorological Department AWS Portal,2026-09-29T03:23:56Z
55CAA6D4,YUPIA,2026-09-29T03:15:00Z,33.2,,,27.1389,93.7169,650.0,ARUNACHAL_PRADESH,PAPUMPARE,ARUNACHAL_PRADESH,India Meteorological Department AWS Portal,2026-09-29T03:23:56Z
55CAB5A2,SATHYABAMA__UNIVERSITY,2026-09-29T03:15:00Z,34.1,,58.0,12.8667,80.2,30.0,TAMIL_NADU,KANCHIPURAM,TAMIL_NADU,India Meteorological Department AWS Portal,2026-09-29T03:23:56Z
55CAE5DE,LENGPUI,2026-09-29T03:15:00Z,26.7,,91.0,23.84,92.62,650.0,MIZORAM,AIZAWL,MIZORAM,India Meteorological Department AWS Portal,2026-09-29T03:23:56Z
55CB04D6,GOPAL_NAGAR,2026-09-29T03:15:00Z,29.3,,79.0,12.89,77.51,550.0,KARNATAKA,BANGALORE_URBAN,KARNATAKA,India Meteorological Department AWS Portal,2026-09-29T03:23:56Z
55CB5A78,MADHAVARA(NICE),2026-09-29T03:15:00Z,27.1,,70.0,13.0428,77.4758,550.0,KARNATAKA,BANGALORE_URBAN,KARNATAKA,India Meteorological Department AWS Portal,2026-09-29T03:23:56Z
55CBAAFC,RADHAPURAM,2026-09-29T03:15:00Z,30.9,,61.0,8.2669,77.6689,30.0,TAMIL_NADU,TIRUNELVELI,TAMIL_NADU,India Meteorological Department AWS Portal,2026-09-29T03:23:56Z
55CC1594,MUGAD,2026-09-29T03:15:00Z,30.0,,59.0,15.43,74.91,550.0,KARNATAKA,DHARWAD,KARNATAKA,India Meteorological Department AWS Portal,2026-09-29T03:23:56Z
55CC4B3A,RADDEWADGI,2026-09-29T03:15:00Z,33.5,,40.0,17.04,76.8,550.0,KARNATAKA,GULBARGA,KARNATAKA,India Meteorological Department AWS Portal,2026-09-29T03:23:56Z
55CE0316,MEENANGADI,2026-09-29T03:15:00Z,21.1,,100.0,11.66,76.16,30.0,KERALA,WAYANAD,KERALA,India Meteorological Department AWS Portal,2026-09-29T03:23:56Z
55CE4ECE,PALLURUTHY,2026-09-29T03:15:00Z,31.0,,100.0,9.9264,76.2621,30.0,KERALA,ERNAKULAM,KERALA,India Meteorological Department AWS Portal,2026-09-29T03:23:56Z
55CE5DB8,THENMALA,2026-09-29T03:15:00Z,25.2,,98.0,8.95,77.06,30.0,KERALA,KOLLAM,KERALA,India Meteorological Department AWS Portal,2026-09-29T03:23:56Z
55CEB098,SAVARDE(GOLWANE),2026-09-29T03:15:00Z,30.1,,,17.23,73.29,550.0,MAHARASHTRA,RATNAGIRI,MAHARASHTRA,India Meteorological Department AWS Portal,2026-09-29T03:23:56Z
55CF3476,CHINCHWAD_PUNE,2026-09-29T03:15:00Z,29.4,,62.0,18.6595,73.7987,550.0,MAHARASHTRA,PUNE,MAHARASHTRA,India Meteorological Department AWS Portal,2026-09-29T03:23:56Z
55CFCA20,WADGAONSHERI_PUNE,2026-09-29T03:15:00Z,29.9,,52.0,18.5482,73.9278,550.0,MAHARASHTRA,PUNE,MAHARASHTRA,India Meteorological Department AWS Portal,2026-09-29T03:23:56Z
55D00E32,SRINAGAR_ARG,2026-09-29T03:15:00Z,34.6,,,30.22,78.77,1600.0,UTTARAKHAND,PAURI_GARHWAL,UTTARAKHAND,India Meteorological Department AWS Portal,2026-09-29T03:23:56Z
55D01D44,GANGOLIHAT,2026-09-29T03:15:00Z,20.3,,,29.65,80.04,1600.0,UTTARAKHAND,PITHORAGARH,UTTARAKHAND,India Meteorological Department AWS Portal,2026-09-29T03:23:56Z
55D043EA,MTI_PASHAN_PUNE,2026-09-29T03:15:00Z,30.9,1004.5,70.0,18.5383,73.8045,73.1,MAHARASHTRA,PUNE,MAHARASHTRA,India Meteorological Department AWS Portal,2026-09-29T03:23:56Z
55D086F4,JAFRABAD,2026-09-29T03:15:00Z,,,67.0,20.86,71.3333,220.0,GUJARAT,AMRELI,GUJARAT,India Meteorological Department AWS Portal,2026-09-29T03:23:56Z
55D1AC30,DAMAN_ARG,2026-09-29T03:15:00Z,30.9,,99.0,20.43,72.84,220.0,DAMAN_AND_DIU,DAMAN,DAMAN_AND_DIU,India Meteorological Department AWS Portal,2026-09-29T03:23:56Z
55D20514,HARINAGAR,2026-09-29T03:15:00Z,,,26.0,24.56,92.46,650.0,ASSAM,KARIMGANJ,ASSAM,India Meteorological Department AWS Portal,2026-09-29T03:23:56Z
55D23E5C,RAIKOT,2026-09-29T03:15:00Z,31.6,,59.0,30.65,75.55,160.0,PUNJAB,LUDHIANA,PUNJAB,India Meteorological Department AWS Portal,2026-09-29T03:23:56Z
55D31A4A,TANGLA,2026-09-29T03:15:00Z,30.2,,77.0,26.6589,91.91,650.0,ASSAM,UDALGURI,ASSAM,India Meteorological Department AWS Portal,2026-09-29T03:23:56Z
55D3A716,LAHARIGHAT,2026-09-29T03:15:00Z,30.3,,79.0,26.42,92.33,650.0,ASSAM,MARIGAON,ASSAM,India Meteorological Department AWS Portal,2026-09-29T03:23:56Z
55D4CE16,MALAN,2026-09-29T03:15:00Z,26.6,,,32.115,76.415,1600.0,HIMACHAL_PRADESH,KANGRA,HIMACHAL_PRADESH,India Meteorological Department AWS Portal,2026-09-29T03:23:56Z
55D509F2,SUNDERNAGAR,2026-09-29T03:15:00Z,27.0,,,31.53,76.9,1600.0,HIMACHAL_PRADESH,MANDI,HIMACHAL_PRADESH,India Meteorological Department AWS Portal,2026-09-29T03:23:56Z
55D5BA7C,RAMSHAR,2026-09-29T03:15:00Z,25.4,,,31.0888,76.7935,1600.0,HIMACHAL_PRADESH,SOLAN,HIMACHAL_PRADESH,India Meteorological Department AWS Portal,2026-09-29T03:23:56Z
55D635B4,KALPA,2026-09-29T03:15:00Z,20.3,,34.0,31.54,78.25,1600.0,HIMACHAL_PRADESH,KINNAUR,HIMACHAL_PRADESH,India Meteorological Department AWS Portal,2026-09-29T03:23:56Z
55D64324,POOH,2026-09-29T03:15:00Z,26.5,,29.0,31.7608,78.5829,1600.0,HIMACHAL_PRADESH,KINNAUR,HIMACHAL_PRADESH,India Meteorological Department AWS Portal,2026-09-29T03:23:56Z
55D66B1A,BALRAMPUR,2026-09-29T03:15:00Z,25.1,,,23.6022,83.6093,380.0,CHHATTISGARH,BALRAMPUR,CHHATTISGARH,India Meteorological Department AWS Portal,2026-09-29T03:23:56Z
55D6786C,NAYA_RAIPUR,2026-09-29T03:15:00Z,25.1,,,21.1592,81.803,380.0,CHHATTISGARH,RAIPUR,CHHATTISGARH,India Meteorological Department AWS Portal,2026-09-29T03:23:56Z
55D6A0D6,MAJHOULI,2026-09-29T03:15:00Z,29.8,,67.0,31.02,76.64,1600.0,HIMACHAL_PRADESH,SOLAN,HIMACHAL_PRADESH,India Meteorological Department AWS Portal,2026-09-29T03:23:56Z
55D6CBE2,PEHOWA,2026-09-29T03:15:00Z,32.3,,,29.98,76.57,160.0,HARYANA,KURUKSHETRA,HARYANA,India Meteorological Department AWS Portal,2026-09-29T03:23:56Z
55D7E126,ASIFABAD,2026-09-29T03:15:00Z,24.6,,100.0,19.3544,79.2839,550.0,TELANGANA,KUMURAM_BHEEM_ASIFABAD,TELANGANA,India Meteorological Department AWS Portal,2026-09-29T03:23:56Z
55D7FC82,RAJOURI_ARG,2026-09-29T03:15:00Z,26.3,,68.0,33.39,74.34,1600.0,JAMMU_AND_KASHMIR,RAJOURI,JAMMU_AND_KASHMIR,India Meteorological Department AWS Portal,2026-09-29T03:23:56Z
55D80446,ZAINAPORA,2026-09-29T03:15:00Z,31.3,,39.0,33.78,75.0,1600.0,JAMMU_AND_KASHMIR,SHOPIAN,JAMMU_AND_KASHMIR,India Meteorological Department AWS Portal,2026-09-29T03:23:56Z
55D80A94,LARNOO,2026-09-29T03:15:00Z,22.0,,99.0,33.62,75.38,1600.0,JAMMU_AND_KASHMIR,ANANTNAG,JAMMU_AND_KASHMIR,India Meteorological Department AWS Portal,2026-09-29T03:23:56Z
55D81730,KHUDWANI,2026-09-29T03:15:00Z,26.3,,46.0,33.72,75.09,1600.0,JAMMU_AND_KASHMIR,ANANTNAG,JAMMU_AND_KASHMIR,India Meteorological Department AWS Portal,2026-09-29T03:23:56Z
55D819E2,TRAL,2026-09-29T03:15:00Z,29.6,,41.0,33.93,75.11,1600.0,JAMMU_AND_KASHMIR,PULWAMA,JAMMU_AND_KASHMIR,India Meteorological Department AWS Portal,2026-09-29T03:23:56Z
55D82C78,PERNEM,2026-09-29T03:15:00Z,30.4,,,15.71,73.79,30.0,GOA,NORTH_GOA,GOA,India Meteorological Department AWS Portal,2026-09-29T03:23:56Z
55D8543A,MORSHI,2026-09-29T03:15:00Z,31.2,,57.0,21.2833,78.01,550.0,MAHARASHTRA,AMRAVATI,MAHARASHTRA,India Meteorological Department AWS Portal,2026-09-29T03:23:56Z
55D86F72,HIWARA,2026-09-29T03:15:00Z,32.3,,63.0,20.14,76.29,550.0,MAHARASHTRA,BULDHANA,MAHARASHTRA,India Meteorological Department AWS Portal,2026-09-29T03:23:56Z
55D906BC,GOLKONDA,2026-09-29T03:15:00Z,25.7,,90.0,17.38,78.4,550.0,TELANGANA,HYDERABAD,TELANGANA,India Meteorological Department AWS Portal,2026-09-29T03:23:56Z
55D92050,ALIPORE,2026-09-29T03:15:00Z,28.4,,98.0,22.5358,88.33,160.0,WEST_BENGAL,SOUTH_TWENTY_FOUR_PARGANAS,WEST_BENGAL,India Meteorological Department AWS Portal,2026-09-29T03:23:56Z
55D93326,SURAJPUR,2026-09-29T03:15:00Z,25.4,,,23.2125,82.8714,380.0,CHHATTISGARH,SURAJPUR,CHHATTISGARH,India Meteorological Department AWS Portal,2026-09-29T03:23:56Z
55D94B64,LORMI,2026-09-29T03:15:00Z,25.6,,100.0,22.2711,81.6869,380.0,CHHATTISGARH,MUNGELI,CHHATTISGARH,India Meteorological Department AWS Portal,2026-09-29T03:23:56Z
55D97EFE,BEMETARA_DURG,2026-09-29T03:15:00Z,26.6,,100.0,21.7189,81.5365,380.0,CHHATTISGARH,BEMETARA,CHHATTISGARH,India Meteorological Department AWS Portal,2026-09-29T03:23:56Z
55D99D0C,SAKTI,2026-09-29T03:15:00Z,25.4,,100.0,22.0242,82.9583,380.0,CHHATTISGARH,JANJGIR_CHAMPA,CHHATTISGARH,India Meteorological Department AWS Portal,2026-09-29T03:23:56Z
55D9A644,NAWAGARH,2026-09-29T03:15:00Z,25.9,,100.0,21.8339,82.6411,380.0,CHHATTISGARH,JANJGIR_CHAMPA,CHHATTISGARH,India Meteorological Department AWS Portal,2026-09-29T03:23:56Z
55D9E54E,CHILPI,2026-09-29T03:15:00Z,,,63.0,22.1665,81.0517,380.0,CHHATTISGARH,KABIRDHAM,CHHATTISGARH,India Meteorological Department AWS Portal,2026-09-29T03:23:56Z
55D9F8EA,PITHORA,2026-09-29T03:15:00Z,24.8,,89.0,21.2193,82.5092,380.0,CHHATTISGARH,MAHASAMUND,CHHATTISGARH,India Meteorological Department AWS Portal,2026-09-29T03:23:56Z
55DA0F60,GARIABAND,2026-09-29T03:15:00Z,25.5,,,20.6321,82.0606,380.0,CHHATTISGARH,GARIABAND,CHHATTISGARH,India Meteorological Department AWS Portal,2026-09-29T03:23:56Z
55DA3AFA,MULTAI,2026-09-29T03:15:00Z,24.2,,100.0,21.77,78.25,380.0,MADHYA_PRADESH,BETUL,MADHYA_PRADESH,India Meteorological Department AWS Portal,2026-09-29T03:23:56Z
55DA51CE,BERASIA,2026-09-29T03:15:00Z,27.9,,78.0,23.62,77.43,380.0,MADHYA_PRADESH,BHOPAL,MADHYA_PRADESH,India Meteorological Department AWS Portal,2026-09-29T03:23:56Z
55DA87A6,SAUSAR,2026-09-29T03:15:00Z,27.9,,73.0,21.66,78.8,380.0,MADHYA_PRADESH,CHHINDWARA,MADHYA_PRADESH,India Meteorological Department AWS Portal,2026-09-29T03:23:56Z
55DAAF98,KANNOD,2026-09-29T03:15:00Z,25.7,,96.0,22.66,76.74,380.0,MADHYA_PRADESH,DEWAS,MADHYA_PRADESH,India Meteorological Department AWS Portal,2026-09-29T03:23:56Z
55DC0FAE,BHAIRUNDA,2026-09-29T03:15:00Z,26.0,,,22.68,77.27,380.0,MADHYA_PRADESH,SEHORE,MADHYA_PRADESH,India Meteorological Department AWS Portal,2026-09-29T03:23:56Z
55DC77EC,KHURAI,2026-09-29T03:15:00Z,24.0,,93.0,24.04,78.33,380.0,MADHYA_PRADESH,SAGAR,MADHYA_PRADESH,India Meteorological Department AWS Portal,2026-09-29T03:23:56Z
55DC89BA,PRITHVIPUR,2026-09-29T03:15:00Z,26.7,,95.0,24.32,82.27,380.0,MADHYA_PRADESH,NIWARI,MADHYA_PRADESH,India Meteorological Department AWS Portal,2026-09-29T03:23:56Z
55DCA184,TARANA,2026-09-29T03:15:00Z,25.4,,97.0,23.32,76.04,380.0,MADHYA_PRADESH,UJJAIN,MADHYA_PRADESH,India Meteorological Department AWS Portal,2026-09-29T03:23:56Z
55DCB2F2,KURWAI,2026-09-29T03:15:00Z,26.3,,99.0,24.13,78.04,380.0,MADHYA_PRADESH,VIDISHA,MADHYA_PRADESH,India Meteorological Department AWS Portal,2026-09-29T03:23:56Z
55DCBC20,LATERI,2026-09-29T03:15:00Z,,,87.0,24.05,77.4,380.0,MADHYA_PRADESH,VIDISHA,MADHYA_PRADESH,India Meteorological Department AWS Portal,2026-09-29T03:23:56Z
55E0DE2A,GHARSANA,2026-09-29T03:15:00Z,37.1,,45.0,29.02,73.07,220.0,RAJASTHAN,SRI_GANGANAGAR,RAJASTHAN,India Meteorological Department AWS Portal,2026-09-29T03:23:56Z
55E18CAC,CHATTARGARH,2026-09-29T03:15:00Z,38.6,,,28.66,73.12,220.0,RAJASTHAN,BIKANER,RAJASTHAN,India Meteorological Department AWS Portal,2026-09-29T03:23:56Z
55E19108,KHAJUWALA,2026-09-29T03:15:00Z,34.4,,54.0,28.7,72.59,220.0,RAJASTHAN,BIKANER,RAJASTHAN,India Meteorological Department AWS Portal,2026-09-29T03:23:56Z
55E24EBC,KODANGAL,2026-09-29T03:15:00Z,,,10.0,17.1,77.66,550.0,TELANGANA,MAHBUBNAGAR,TELANGANA,India Meteorological Department AWS Portal,2026-09-29T03:23:56Z
55E26850,MAHBUBNAGAR,2026-09-29T03:15:00Z,29.9,,,16.75,77.99,550.0,TELANGANA,MAHBUBNAGAR,TELANGANA,India Meteorological Department AWS Portal,2026-09-29T03:23:56Z
55E28570,SERILINGAMPALLY,2026-09-29T03:15:00Z,26.8,,90.0,17.46,78.32,550.0,TELANGANA,RANGA_REDDY,TELANGANA,India Meteorological Department AWS Portal,2026-09-29T03:23:56Z
55E28BA2,KUKATPALLY_JNTU,2026-09-29T03:15:00Z,30.8,,68.0,17.4958,78.3908,550.0,TELANGANA,MEDCHAL_MALKAJGIRI,TELANGANA,India Meteorological Department AWS Portal,2026-09-29T03:23:56Z
55E29606,UPPAL,2026-09-29T03:15:00Z,31.1,,51.0,17.4,78.56,550.0,TELANGANA,MEDCHAL_MALKAJGIRI,TELANGANA,India Meteorological Department AWS Portal,2026-09-29T03:23:56Z
55E2A39C,DEVARAKONDA,2026-09-29T03:15:00Z,37.7,,52.0,16.69,79.92,550.0,TELANGANA,NALGONDA,TELANGANA,India Meteorological Department AWS Portal,2026-09-29T03:23:56Z
55E32772,CHEVELLA,2026-09-29T03:15:00Z,29.1,,62.0,17.31,78.13,550.0,TELANGANA,RANGA_REDDY,TELANGANA,India Meteorological Department AWS Portal,2026-09-29T03:23:56Z
55E33AD6,ARAKU_VALLEY,2026-09-29T03:15:00Z,24.9,,91.0,18.32,82.87,30.0,ANDHRA_PRADESH,ALLURI_SITHARAMA_RAJU,ANDHRA_PRADESH,India Meteorological Department AWS Portal,2026-09-29T03:23:56Z
55E351E2,AMBAJIPETA_ARG,2026-09-29T03:15:00Z,30.9,,87.0,16.6,81.94,30.0,ANDHRA_PRADESH,KONASEEMA,ANDHRA_PRADESH,India Meteorological Department AWS Portal,2026-09-29T03:23:56Z
55E35F30,VIJAYARAI,2026-09-29T03:15:00Z,29.8,,63.0,16.63,81.04,30.0,ANDHRA_PRADESH,ELURU,ANDHRA_PRADESH,India Meteorological Department AWS Portal,2026-09-29T03:23:56Z
55E394FC,JANGAMESHWARAPURAM,2026-09-29T03:15:00Z,32.1,,,16.4667,79.4333,30.0,ANDHRA_PRADESH,PALNADU,ANDHRA_PRADESH,India Meteorological Department AWS Portal,2026-09-29T03:23:56Z
55E3A166,PODALAKUR,2026-09-29T03:15:00Z,31.0,,,14.3759,79.7347,30.0,ANDHRA_PRADESH,SRI_POTTI_SRIRAMULU_NELLORE,ANDHRA_PRADESH,India Meteorological Department AWS Portal,2026-09-29T03:23:56Z
55E403AA,DEVPRAYAG,2026-09-29T03:15:00Z,31.3,,56.0,30.14,78.6,1600.0,UTTARAKHAND,TEHRI_GARHWAL,UTTARAKHAND,India Meteorological Department AWS Portal,2026-09-29T03:23:56Z
55E453D6,MAIRANG,2026-09-29T03:15:00Z,24.1,,66.0,25.55,91.62,650.0,MEGHALAYA,EAST_WEST_KHASI_HILLS,MEGHALAYA,India Meteorological Department AWS Portal,2026-09-29T03:23:56Z
55E5425A,NDA_PUNE,2026-09-29T03:15:00Z,28.3,,58.0,18.47,73.78,550.0,MAHARASHTRA,PUNE,MAHARASHTRA,India Meteorological Department AWS Portal,2026-09-29T03:23:56Z
55E54C88,MAGARPATTA_PUNE,2026-09-29T03:15:00Z,29.7,,56.0,18.5115,73.9285,550.0,MAHARASHTRA,PUNE,MAHARASHTRA,India Meteorological Department AWS Portal,2026-09-29T03:23:56Z
55E5CA9C,DALGAON,2026-09-29T03:15:00Z,30.1,,77.0,26.5689,92.1958,650.0,ASSAM,DARRANG,ASSAM,India Meteorological Department AWS Portal,2026-09-29T03:23:56Z
55E5E2A2,BIJNI,2026-09-29T03:15:00Z,27.2,,100.0,26.42,90.7,650.0,ASSAM,CHIRANG,ASSAM,India Meteorological Department AWS Portal,2026-09-29T03:23:56Z
55E6065E,BARAPALLI,2026-09-29T03:15:00Z,25.6,,,21.18,83.59,30.0,ODISHA,BARGARH,ODISHA,India Meteorological Department AWS Portal,2026-09-29T03:23:56Z
55E67808,FAGU,2026-09-29T03:15:00Z,15.4,,,31.08,77.3,1600.0,HIMACHAL_PRADESH,SHIMLA,HIMACHAL_PRADESH,India Meteorological Department AWS Portal,2026-09-29T03:23:56Z
55E6BB02,DIRANG,2026-09-29T03:15:00Z,27.2,,80.0,27.36,92.2439,650.0,ARUNACHAL_PRADESH,WEST_KAMENG,ARUNACHAL_PRADESH,India Meteorological Department AWS Portal,2026-09-29T03:23:56Z
55E95E62,ENAMAKKAL,2026-09-29T03:15:00Z,28.1,,100.0,10.5,76.1,30.0,KERALA,THRISSUR,KERALA,India Meteorological Department AWS Portal,2026-09-29T03:23:56Z
55E9BD90,ISLAMNAGAR,2026-09-29T03:15:00Z,,,100.0,23.36,77.42,380.0,MADHYA_PRADESH,BHOPAL,MADHYA_PRADESH,India Meteorological Department AWS Portal,2026-09-29T03:23:56Z
55EA6CF6,BAYAD,2026-09-29T03:15:00Z,34.4,,,23.21,73.21,220.0,GUJARAT,SABARKANTHA,GUJARAT,India Meteorological Department AWS Portal,2026-09-29T03:23:56Z
55EC21E0,LAVALE,2026-09-29T03:15:00Z,29.1,,75.0,18.5363,73.7325,550.0,MAHARASHTRA,PUNE,MAHARASHTRA,India Meteorological Department AWS Portal,2026-09-29T03:23:56Z
55EC5770,AMARWADA,2026-09-29T03:15:00Z,23.0,,97.0,22.3,79.16,380.0,MADHYA_PRADESH,CHHINDWARA,MADHYA_PRADESH,India Meteorological Department AWS Portal,2026-09-29T03:23:56Z
55ED9094,RISHIKESH,2026-09-29T03:15:00Z,,,75.0,30.11,78.28,1600.0,UTTARAKHAND,DEHRADUN,UTTARAKHAND,India Meteorological Department AWS Portal,2026-09-29T03:23:56Z
55ED9E46,THARALI,2026-09-29T03:15:00Z,6.6,,47.0,30.06,79.51,1600.0,UTTARAKHAND,CHAMOLI,UTTARAKHAND,India Meteorological Department AWS Portal,2026-09-29T03:23:56Z
55EDDD4C,TIHU,2026-09-29T03:15:00Z,28.5,,83.0,26.47,91.26,650.0,ASSAM,NALBARI,ASSAM,India Meteorological Department AWS Portal,2026-09-29T03:23:56Z
55EDE604,CHAMATA,2026-09-29T03:15:00Z,35.6,,13.0,26.4,91.1339,650.0,ASSAM,NALBARI,ASSAM,India Meteorological Department AWS Portal,2026-09-29T03:23:56Z
55FBC7B8,TALEGAON_DHAMDHERE,2026-09-29T03:15:00Z,29.9,,67.0,18.671,74.148,550.0,MAHARASHTRA,PUNE,MAHARASHTRA,India Meteorological Department AWS Portal,2026-09-29T03:23:56Z
55FBD4CE,TRIMBAKESHWAR,2026-09-29T03:15:00Z,27.9,,,19.94,73.53,550.0,MAHARASHTRA,NASHIK,MAHARASHTRA,India Meteorological Department AWS Portal,2026-09-29T03:23:56Z
55FC0E40,JURALA_CWC,2026-09-29T03:15:00Z,30.4,,57.0,16.26,77.84,550.0,TELANGANA,JOGULAMBA_GADWAL,TELANGANA,India Meteorological Department AWS Portal,2026-09-29T03:23:56Z
55FC7602,MEHADRIGADDA_DAM,2026-09-29T03:15:00Z,,,89.0,17.75,83.19,30.0,ANDHRA_PRADESH,VISAKHAPATNAM,ANDHRA_PRADESH,India Meteorological Department AWS Portal,2026-09-29T03:23:56Z
55FC78D0,PANDIRIMAMIDI_HRS,2026-09-29T03:15:00Z,25.0,,89.0,17.4252,81.7905,30.0,ANDHRA_PRADESH,ALLURI_SITHARAMA_RAJU,ANDHRA_PRADESH,India Meteorological Department AWS Portal,2026-09-29T03:23:56Z
55FCA06A,ANANDAPURAM_ARG,2026-09-29T03:15:00Z,28.8,,78.0,17.89,83.37,30.0,ANDHRA_PRADESH,VISAKHAPATNAM,ANDHRA_PRADESH,India Meteorological Department AWS Portal,2026-09-29T03:23:56Z
55FCD828,KAKINADA,2026-09-29T03:15:00Z,29.9,,100.0,16.96,82.23,30.0,ANDHRA_PRADESH,KAKINADA,ANDHRA_PRADESH,India Meteorological Department AWS Portal,2026-09-29T03:23:56Z
55FE9ED6,LONGDING,2026-09-29T03:15:00Z,33.5,,,26.8869,95.3219,650.0,ARUNACHAL_PRADESH,TIRAP,ARUNACHAL_PRADESH,India Meteorological Department AWS Portal,2026-09-29T03:23:56Z
55FF14EA,BHAINSA_ARG,2026-09-29T03:15:00Z,31.9,,87.0,19.1031,77.9653,550.0,TELANGANA,NIRMAL,TELANGANA,India Meteorological Department AWS Portal,2026-09-29T03:23:56Z
55FF1A38,BOBBILI,2026-09-29T03:15:00Z,28.0,,90.0,18.57,83.35,30.0,ANDHRA_PRADESH,VIZIANAGARAM,ANDHRA_PRADESH,India Meteorological Department AWS Portal,2026-09-29T03:23:56Z
561268A2,SONEMARG,2026-09-29T03:15:00Z,19.5,,49.0,34.3,75.2,1600.0,JAMMU_AND_KASHMIR,GANDERBAL,JAMMU_AND_KASHMIR,India Meteorological Department AWS Portal,2026-09-29T03:23:56Z
56187A86,TENALI,2026-09-29T03:15:00Z,23.1,,47.0,29.0796,95.1171,650.0,ARUNACHAL_PRADESH,UPPER_SIANG,ARUNACHAL_PRADESH,India Meteorological Department AWS Portal,2026-09-29T03:23:56Z
5618C7DA,MAYABUNDER,2026-09-29T03:15:00Z,29.3,1014.5,86.0,12.8755,92.8922,0.0,ANDAMAN_AND_NICOBAR,N_M_ANDAMAN,ANDAMAN_AND_NICOBAR,India Meteorological Department AWS Portal,2026-09-29T03:23:56Z
5618D4AC,SHAHEED_DWEEP,2026-09-29T03:15:00Z,30.5,1009.6,85.0,11.6562,92.7432,30.4,ANDAMAN_AND_NICOBAR,SOUTH_ANDAMAN,ANDAMAN_AND_NICOBAR,India Meteorological Department AWS Portal,2026-09-29T03:23:56Z
5618DA7E,HUT_BAY,2026-09-29T03:15:00Z,28.4,1012.3,91.0,10.5962,92.5364,7.9,ANDAMAN_AND_NICOBAR,SOUTH_ANDAMAN,ANDAMAN_AND_NICOBAR,India Meteorological Department AWS Portal,2026-09-29T03:23:56Z
5618EFE4,NANCOWRY,2026-09-29T03:15:00Z,40.7,1019.5,91.0,7.9768,93.5509,0.0,ANDAMAN_AND_NICOBAR,NICOBAR,ANDAMAN_AND_NICOBAR,India Meteorological Department AWS Portal,2026-09-29T03:23:56Z
5618F240,CAMPBELL_BAY,2026-09-29T03:15:00Z,30.5,1014.5,84.0,7.0076,93.9048,0.0,ANDAMAN_AND_NICOBAR,NICOBAR,ANDAMAN_AND_NICOBAR,India Meteorological Department AWS Portal,2026-09-29T03:23:56Z
561935A4,LAMANG_2,2026-09-29T03:15:00Z,,,79.0,28.7594,93.9585,650.0,ARUNACHAL_PRADESH,SHIYOMI,ARUNACHAL_PRADESH,India Meteorological Department AWS Portal,2026-09-29T03:23:56Z
5619C520,RAJOURI,2026-09-29T03:15:00Z,27.9,,60.0,33.375627,74.290072,1600.0,JAMMU_AND_KASHMIR,RAJOURI,JAMMU_AND_KASHMIR,India Meteorological Department AWS Portal,2026-09-29T03:23:56Z
5619CBF2,BHELLA,2026-09-29T03:15:00Z,29.8,895.8,32.0,33.129137,75.662562,1027.2,JAMMU_AND_KASHMIR,DODA,JAMMU_AND_KASHMIR,India Meteorological Department AWS Portal,2026-09-29T03:23:56Z
561DB68A,PASHAN_TDMA_TEST,2026-09-29T03:15:00Z,27.6,950.0,66.0,18.5167,73.85,540.4,MAHARASHTRA,PUNE,MAHARASHTRA,India Meteorological Department AWS Portal,2026-09-29T03:23:56Z
561E99BA,CAR_NICOBAR,2026-09-29T03:15:00Z,28.7,1011.5,89.0,9.1573,92.7581,14.6,ANDAMAN_AND_NICOBAR,NICOBAR,ANDAMAN_AND_NICOBAR,India Meteorological Department AWS Portal,2026-09-29T03:23:56Z
5B75F92E,RUDRA_PRAYAG,2026-09-29T03:15:00Z,31.2,,62.0,30.3167,78.9667,1600.0,UTTARAKHAND,RUDRAPRAYAG,UTTARAKHAND,India Meteorological Department AWS Portal,2026-09-29T03:23:56Z
5B760076,CHAMOLI,2026-09-29T03:15:00Z,31.2,887.3,50.0,30.4,79.3167,1105.6,UTTARAKHAND,CHAMOLI,UTTARAKHAND,India Meteorological Department AWS Portal,2026-09-29T03:23:56Z
5B761DD2,COLABA_TEST,2026-09-29T03:15:00Z,26.8,1009.4,36.0,18.8978,72.8128,32.1,MAHARASHTRA,MUMBAI_CITY,MAHARASHTRA,India Meteorological Department AWS Portal,2026-09-29T03:23:56Z
A0A01392,BARNALA,2026-09-29T03:15:00Z,30.7,1003.7,64.0,30.36,75.53,79.8,PUNJAB,BARNALA,PUNJAB,India Meteorological Department AWS Portal,2026-09-29T03:23:56Z
A0A01D40,BHATINDA_AMFU,2026-09-29T03:15:00Z,31.6,1004.2,63.0,30.19,74.9333,75.6,PUNJAB,BATHINDA,PUNJAB,India Meteorological Department AWS Portal,2026-09-29T03:23:56Z
A0A028DA,FARIDKOT_AMFU,2026-09-29T03:15:00Z,37.3,1001.4,56.0,30.67,74.74,99.1,PUNJAB,FARIDKOT,PUNJAB,India Meteorological Department AWS Portal,2026-09-29T03:23:56Z
A0A0357E,FATEHGARH_SAHIB,2026-09-29T03:15:00Z,29.2,1003.9,75.0,30.62,76.41,78.1,PUNJAB,FATEHGARH_SAHIB,PUNJAB,India Meteorological Department AWS Portal,2026-09-29T03:23:56Z
A0A03BAC,FEROJPUR,2026-09-29T03:15:00Z,32.0,1002.6,61.0,30.91,74.66,89.0,PUNJAB,FIROZPUR,PUNJAB,India Meteorological Department AWS Portal,2026-09-29T03:23:56Z
A0A043EE,GURDASPUR_AMFU,2026-09-29T03:15:00Z,31.1,1003.2,62.0,32.05,75.42,84.0,PUNJAB,GURDASPUR,PUNJAB,India Meteorological Department AWS Portal,2026-09-29T03:23:56Z
A0A04D3C,HOSIYARPUR,2026-09-29T03:15:00Z,29.2,1003.9,76.0,31.38,76.0239,78.1,PUNJAB,HOSHIARPUR,PUNJAB,India Meteorological Department AWS Portal,2026-09-29T03:23:56Z
A0A05098,JALANDHAR,2026-09-29T03:15:00Z,32.2,1001.4,64.0,31.05,75.34,99.1,PUNJAB,JALANDHAR,PUNJAB,India Meteorological Department AWS Portal,2026-09-29T03:23:56Z
A0A05E4A,KAPURTHALA,2026-09-29T03:15:00Z,31.3,1003.7,63.0,31.39,75.36,79.8,PUNJAB,KAPURTHALA,PUNJAB,India Meteorological Department AWS Portal,2026-09-29T03:23:56Z
A0A06502,LUDHIYANA_AMFU,2026-09-29T03:15:00Z,30.0,999.0,69.0,30.55,75.51,119.3,PUNJAB,LUDHIANA,PUNJAB,India Meteorological Department AWS Portal,2026-09-29T03:23:56Z
A0A078A6,MOHALI,2026-09-29T03:15:00Z,31.5,1013.6,,30.79,76.81,0.0,PUNJAB,MOHALI,PUNJAB,India Meteorological Department AWS Portal,2026-09-29T03:23:56Z
A0A086F0,MUKTSAR,2026-09-29T03:15:00Z,31.1,1003.5,73.0,30.45,74.51,81.5,PUNJAB,MUKTSAR,PUNJAB,India Meteorological Department AWS Portal,2026-09-29T03:23:56Z
A0A09586,PATIALA,2026-09-29T03:15:00Z,,1008.3,,30.34,76.31,41.3,PUNJAB,PATIALA,PUNJAB,India Meteorological Department AWS Portal,2026-09-29T03:23:56Z
A0A0A01C,SANGRUR,2026-09-29T03:15:00Z,30.8,1003.3,100.0,30.12,75.89,83.2,PUNJAB,SANGRUR,PUNJAB,India Meteorological Department AWS Portal,2026-09-29T03:23:56Z
A0A0BDB8,BALASMAND,2026-09-29T03:15:00Z,32.5,1002.8,48.0,29.03,75.28,87.4,HARYANA,HISAR,HARYANA,India Meteorological Department AWS Portal,2026-09-29T03:23:56Z
A0A0C5FA,BAWAL,2026-09-29T03:15:00Z,29.5,1004.4,70.0,28.08,76.59,73.9,HARYANA,REWARI,HARYANA,India Meteorological Department AWS Portal,2026-09-29T03:23:56Z
A0A0CB28,BHIWANI,2026-09-29T03:15:00Z,30.9,1004.0,55.0,28.8,76.13,77.3,HARYANA,BHIWANI,HARYANA,India Meteorological Department AWS Portal,2026-09-29T03:23:56Z
A0A0D85E,DAMLA,2026-09-29T03:15:00Z,29.8,1009.3,100.0,30.1,77.28,32.9,HARYANA,YAMUNANAGAR,HARYANA,India Meteorological Department AWS Portal,2026-09-29T03:23:56Z
A0A0EDC4,FATEHABAD,2026-09-29T03:15:00Z,30.2,1003.6,73.0,29.31,75.2833,80.6,HARYANA,FATEHABAD,HARYANA,India Meteorological Department AWS Portal,2026-09-29T03:23:56Z
A0A0F060,TINSUKIA,2026-09-29T03:15:00Z,32.1,1009.7,65.0,27.87,95.3167,29.6,ASSAM,TINSUKIA,ASSAM,India Meteorological Department AWS Portal,2026-09-29T03:23:56Z
A0A0FEB2,JHAJJAR,2026-09-29T03:15:00Z,31.3,,56.0,28.5833,76.65,160.0,HARYANA,JHAJJAR,HARYANA,India Meteorological Department AWS Portal,2026-09-29T03:23:56Z
A0A1021E,KAITHAL,2026-09-29T03:15:00Z,31.2,1006.6,70.0,29.78,76.4,55.5,HARYANA,KAITHAL,HARYANA,India Meteorological Department AWS Portal,2026-09-29T03:23:56Z
A0A10CCC,KARNAL,2026-09-29T03:15:00Z,29.9,1003.9,,29.42,76.57,78.1,HARYANA,KARNAL,HARYANA,India Meteorological Department AWS Portal,2026-09-29T03:23:56Z
A0A11FBA,KURUKSHETRA,2026-09-29T03:15:00Z,30.9,1005.5,,29.58,76.51,64.7,HARYANA,KURUKSHETRA,HARYANA,India Meteorological Department AWS Portal,2026-09-29T03:23:56Z
A0A124F2,MAHENDRAGARH_AWS,2026-09-29T03:15:00Z,32.8,1001.8,48.0,28.1,76.1,95.8,HARYANA,MAHENDRAGARH,HARYANA,India Meteorological Department AWS Portal,2026-09-29T03:23:56Z
A0A13784,MANDKOLA,2026-09-29T03:15:00Z,29.8,,19.0,28.1,77.0,160.0,HARYANA,MEWAT,HARYANA,India Meteorological Department AWS Portal,2026-09-29T03:23:56Z
A0A13956,NUH,2026-09-29T03:15:00Z,31.4,,,28.84,76.9967,160.0,HARYANA,MEWAT,HARYANA,India Meteorological Department AWS Portal,2026-09-29T03:23:56Z
A0A14114,WARDHA,2026-09-29T03:15:00Z,29.7,997.9,72.0,20.78,78.59,128.6,MAHARASHTRA,WARDHA,MAHARASHTRA,India Meteorological Department AWS Portal,2026-09-29T03:23:56Z
A0A14FC6,PANCHKULA,2026-09-29T03:15:00Z,29.4,,100.0,30.67,76.98,160.0,HARYANA,PANCHKULA,HARYANA,India Meteorological Department AWS Portal,2026-09-29T03:23:56Z
A0A1692A,ROHTAK,2026-09-29T03:15:00Z,31.2,1003.8,,28.88,76.62,79.0,HARYANA,ROHTAK,HARYANA,India Meteorological Department AWS Portal,2026-09-29T03:23:56Z
A0A1748E,SADALPUR,2026-09-29T03:15:00Z,32.1,1003.2,52.0,29.2833,75.45,84.0,HARYANA,HISAR,HARYANA,India Meteorological Department AWS Portal,2026-09-29T03:23:56Z
A0A17A5C,SIRSA,2026-09-29T03:15:00Z,32.1,1003.1,49.0,29.54,75.04,84.8,HARYANA,SIRSA,HARYANA,India Meteorological Department AWS Portal,2026-09-29T03:23:56Z
A0A1840A,JAGDISHPUR,2026-09-29T03:15:00Z,29.9,1003.2,,30.48,77.1,84.0,HARYANA,SONIPAT,HARYANA,India Meteorological Department AWS Portal,2026-09-29T03:23:56Z
A0A18AD8,UCHANI,2026-09-29T03:15:00Z,31.3,,85.0,29.68,77.0,160.0,HARYANA,KARNAL,HARYANA,India Meteorological Department AWS Portal,2026-09-29T03:23:56Z
A0A1977C,UJHA,2026-09-29T03:15:00Z,32.0,1002.4,66.0,29.38,77.0,90.7,HARYANA,PANIPAT,HARYANA,India Meteorological Department AWS Portal,2026-09-29T03:23:56Z
A0A199AE,DIBRUGARH,2026-09-29T03:15:00Z,24.5,1012.5,,27.4705,94.9125,6.2,ASSAM,DIBRUGARH,ASSAM,India Meteorological Department AWS Portal,2026-09-29T03:23:56Z
A0A1AC34,UDAIPUR,2026-09-29T03:15:00Z,27.2,,78.0,32.5894,76.1022,1600.0,HIMACHAL_PRADESH,CHAMBA,HIMACHAL_PRADESH,India Meteorological Department AWS Portal,2026-09-29T03:23:56Z
A0A1C700,BAJAURA,2026-09-29T03:15:00Z,27.6,,,31.8456,77.1642,1600.0,HIMACHAL_PRADESH,KULLU,HIMACHAL_PRADESH,India Meteorological Department AWS Portal,2026-09-29T03:23:56Z
A0A1C9D2,KEYLONG,2026-09-29T03:15:00Z,18.8,,31.0,32.5719,77.0353,1600.0,HIMACHAL_PRADESH,LAHAUL_AND_SPITI,HIMACHAL_PRADESH,India Meteorological Department AWS Portal,2026-09-29T03:23:56Z
A0A1D476,SHIMALA_CPRI,2026-09-29T03:15:00Z,20.8,,63.0,31.0958,77.1717,1600.0,HIMACHAL_PRADESH,SHIMLA,HIMACHAL_PRADESH,India Meteorological Department AWS Portal,2026-09-29T03:23:56Z
A0A1E1EC,BARPETA,2026-09-29T03:15:00Z,29.2,1008.8,70.0,26.4689,90.9,37.1,ASSAM,BARPETA,ASSAM,India Meteorological Department AWS Portal,2026-09-29T03:23:56Z
A0A1F29A,GOALPARA,2026-09-29T03:15:00Z,28.3,1009.2,87.0,26.1594,90.6292,33.8,ASSAM,GOALPARA,ASSAM,India Meteorological Department AWS Portal,2026-09-29T03:23:56Z
A0A1FC48,NALBARI,2026-09-29T03:15:00Z,29.5,1010.7,98.0,26.2719,92.5236,21.3,ASSAM,NALBARI,ASSAM,India Meteorological Department AWS Portal,2026-09-29T03:23:56Z
A0A20BC2,MUSHALPUR,2026-09-29T03:15:00Z,29.5,1008.7,87.0,26.5847,91.9167,37.9,ASSAM,BAKSA,ASSAM,India Meteorological Department AWS Portal,2026-09-29T03:23:56Z
A0A21666,MANGALDAI,2026-09-29T03:15:00Z,26.2,1006.7,83.0,26.4328,92.0283,54.7,ASSAM,DARRANG,ASSAM,India Meteorological Department AWS Portal,2026-09-29T03:23:56Z
A0A223FC,MARIGAON,2026-09-29T03:15:00Z,27.0,1006.4,100.0,26.2394,92.2939,57.2,ASSAM,MARIGAON,ASSAM,India Meteorological Department AWS Portal,2026-09-29T03:23:56Z
A0A2308A,KAJALGAON,2026-09-29T03:15:00Z,31.8,1011.9,68.0,26.5225,90.4997,11.2,ASSAM,CHIRANG,ASSAM,India Meteorological Department AWS Portal,2026-09-29T03:23:56Z
A0A23E58,GOLAGHAT,2026-09-29T03:15:00Z,33.0,1007.7,66.0,26.5,93.9167,46.3,ASSAM,GOLAGHAT,ASSAM,India Meteorological Department AWS Portal,2026-09-29T03:23:56Z
A0A2556C,WILLIAMNAGAR,2026-09-29T03:15:00Z,28.9,1012.0,87.0,25.5094,90.5989,10.4,MEGHALAYA,EAST_GARO_HILLS,MEGHALAYA,India Meteorological Department AWS Portal,2026-09-29T03:23:56Z
A0A25BBE,BAGHMARA,2026-09-29T03:15:00Z,28.5,1010.1,91.0,25.2083,90.6425,26.3,MEGHALAYA,SOUTH_GARO_HILLS,MEGHALAYA,India Meteorological Department AWS Portal,2026-09-29T03:23:56Z
A0A260F6,TURA,2026-09-29T03:15:00Z,29.7,1014.2,77.0,25.495,90.2094,0.0,MEGHALAYA,WEST_GARO_HILLS,MEGHALAYA,India Meteorological Department AWS Portal,2026-09-29T03:23:56Z
A0A27380,SHILLONG,2026-09-29T03:15:00Z,24.7,,66.0,25.5658,91.8597,650.0,MEGHALAYA,EAST_KHASI_HILLS,MEGHALAYA,India Meteorological Department AWS Portal,2026-09-29T03:23:56Z
A0A27D52,NONGSTOIN,2026-09-29T03:15:00Z,21.9,,60.0,25.5219,91.265,650.0,MEGHALAYA,WEST_KHASI_HILLS,MEGHALAYA,India Meteorological Department AWS Portal,2026-09-29T03:23:56Z
A0A28304,JOWAI,2026-09-29T03:15:00Z,29.6,,89.0,25.4544,92.2069,650.0,MEGHALAYA,JAINTIA_HILLS,MEGHALAYA,India Meteorological Department AWS Portal,2026-09-29T03:23:56Z
A0A2B84C,GOKULPUR,2026-09-29T03:15:00Z,30.6,1008.9,,23.53,91.4617,36.3,TRIPURA,SOUTH_TRIPURA,TRIPURA,India Meteorological Department AWS Portal,2026-09-29T03:23:56Z
A0A2FB46,POROMPAT,2026-09-29T03:15:00Z,30.2,1008.0,,24.8067,93.9603,43.8,MANIPUR,IMPHAL_EAST,MANIPUR,India Meteorological Department AWS Portal,2026-09-29T03:23:56Z
A0A307EA,JIRIBAM,2026-09-29T03:15:00Z,25.6,1008.0,99.0,24.7864,93.1539,43.8,MANIPUR,IMPHAL_EAST,MANIPUR,India Meteorological Department AWS Portal,2026-09-29T03:23:56Z
A0A32FD4,UDALGURI,2026-09-29T03:15:00Z,30.2,1000.8,83.0,26.7322,92.0939,104.2,ASSAM,UDALGURI,ASSAM,India Meteorological Department AWS Portal,2026-09-29T03:23:56Z
A0A34A32,ALONG,2026-09-29T03:15:00Z,30.3,,76.0,28.2028,94.8025,650.0,ARUNACHAL_PRADESH,WEST_SIANG,ARUNACHAL_PRADESH,India Meteorological Department AWS Portal,2026-09-29T03:23:56Z
A0A35796,DEOMALI,2026-09-29T03:15:00Z,35.3,,67.0,27.1919,95.4636,650.0,ARUNACHAL_PRADESH,TIRAP,ARUNACHAL_PRADESH,India Meteorological Department AWS Portal,2026-09-29T03:23:56Z
A0A36CDE,ANINI,2026-09-29T03:15:00Z,24.6,,55.0,28.7928,95.8956,650.0,ARUNACHAL_PRADESH,DIBANG_VALLEY,ARUNACHAL_PRADESH,India Meteorological Department AWS Portal,2026-09-29T03:23:56Z
A0A38F2C,IMPHAL_AMFU,2026-09-29T03:15:00Z,28.8,1006.0,78.0,24.8267,93.9244,60.5,MANIPUR,IMPHAL_WEST,MANIPUR,India Meteorological Department AWS Portal,2026-09-29T03:23:56Z
A0A3B464,TALEGAON,2026-09-29T03:15:00Z,28.1,1004.5,,18.722,73.6632,73.1,MAHARASHTRA,PUNE,MAHARASHTRA,India Meteorological Department AWS Portal,2026-09-29T03:23:56Z
A0A3EACA,HINGOLI,2026-09-29T03:15:00Z,,1009.0,,19.73369,77.15007,35.4,MAHARASHTRA,HINGOLI,MAHARASHTRA,India Meteorological Department AWS Portal,2026-09-29T03:23:56Z
A0A3F76E,NANDED,2026-09-29T03:15:00Z,26.0,,100.0,19.150274,77.31266,550.0,MAHARASHTRA,NANDED,MAHARASHTRA,India Meteorological Department AWS Portal,2026-09-29T03:23:56Z
A0A3F9BC,CHOPDA,2026-09-29T03:15:00Z,,1004.9,,21.236927,75.294945,69.7,MAHARASHTRA,JALGAON,MAHARASHTRA,India Meteorological Department AWS Portal,2026-09-29T03:23:56Z
A0A416A8,LATUR,2026-09-29T03:15:00Z,10.9,1005.7,,18.40045,76.562149,63.0,MAHARASHTRA,LATUR,MAHARASHTRA,India Meteorological Department AWS Portal,2026-09-29T03:23:56Z
A0A44806,JALGAON,2026-09-29T03:15:00Z,,1005.1,,21.023033,75.538528,68.1,MAHARASHTRA,JALGAON,MAHARASHTRA,India Meteorological Department AWS Portal,2026-09-29T03:23:56Z
A0A45B70,KARJAT,2026-09-29T03:15:00Z,30.5,1007.2,67.0,18.915956,73.317216,50.5,MAHARASHTRA,RAIGAD,MAHARASHTRA,India Meteorological Department AWS Portal,2026-09-29T03:23:56Z
A0A47D9C,KOPERGAON,2026-09-29T03:15:00Z,32.5,1003.9,61.0,19.87598,74.482903,78.1,MAHARASHTRA,AHMEDNAGAR,MAHARASHTRA,India Meteorological Department AWS Portal,2026-09-29T03:23:56Z
A0A483CA,MALEGAON,2026-09-29T03:15:00Z,33.0,1002.7,45.0,20.569239,74.513275,88.2,MAHARASHTRA,NASHIK,MAHARASHTRA,India Meteorological Department AWS Portal,2026-09-29T03:23:56Z
A0A48D18,SOLAPUR,2026-09-29T03:15:00Z,33.9,1004.0,48.0,17.2,75.9,77.3,MAHARASHTRA,SOLAPUR,MAHARASHTRA,India Meteorological Department AWS Portal,2026-09-29T03:23:56Z
A0A4B882,BOLANGIR,2026-09-29T03:15:00Z,25.2,994.7,100.0,20.7,83.47,155.6,ODISHA,BALANGIR,ODISHA,India Meteorological Department AWS Portal,2026-09-29T03:23:56Z
A0A4CE12,YAVATMAL,2026-09-29T03:15:00Z,30.3,997.4,59.0,20.4025,78.1169,132.8,MAHARASHTRA,YAVATMAL,MAHARASHTRA,India Meteorological Department AWS Portal,2026-09-29T03:23:56Z
A0A4F55A,GANDHINAGAR,2026-09-29T03:15:00Z,33.6,1004.5,50.0,23.27,72.65,73.1,GUJARAT,GANDHINAGAR,GUJARAT,India Meteorological Department AWS Portal,2026-09-29T03:23:56Z
A0A521C8,PATAN,2026-09-29T03:15:00Z,34.5,1003.9,53.0,23.86,72.13,78.1,GUJARAT,PATAN,GUJARAT,India Meteorological Department AWS Portal,2026-09-29T03:23:56Z
A0A53C6C,SURAT,2026-09-29T03:15:00Z,33.8,,77.0,21.1439,72.75,220.0,GUJARAT,SURAT,GUJARAT,India Meteorological Department AWS Portal,2026-09-29T03:23:56Z
A0A54AFC,SURENDRANAGAR,2026-09-29T03:15:00Z,33.9,1004.9,47.0,22.73,71.62,69.7,GUJARAT,SURENDRANAGAR,GUJARAT,India Meteorological Department AWS Portal,2026-09-29T03:23:56Z
A0A56C10,DAMAN_AWS,2026-09-29T03:15:00Z,29.6,,86.0,20.4,72.8331,220.0,DAMAN_AND_DIU,DAMAN,DAMAN_AND_DIU,India Meteorological Department AWS Portal,2026-09-29T03:23:56Z
A0A59C94,PARALAKHEMUNDI,2026-09-29T03:15:00Z,,,92.0,18.7783,84.0937,30.0,ODISHA,GAJAPATI,ODISHA,India Meteorological Department AWS Portal,2026-09-29T03:23:56Z
A0A5BA78,JHARSUGUDA,2026-09-29T03:15:00Z,24.6,,100.0,21.89,84.03,30.0,ODISHA,JHARSUGUDA,ODISHA,India Meteorological Department AWS Portal,2026-09-29T03:23:56Z
A0A65056,HOSUR,2026-09-29T03:15:00Z,26.5,,80.0,12.7183,77.8267,30.0,TAMIL_NADU,KRISHNAGIRI,TAMIL_NADU,India Meteorological Department AWS Portal,2026-09-29T03:23:56Z
A0A665CC,COONOOR,2026-09-29T03:15:00Z,20.2,,57.0,11.36,76.805,30.0,TAMIL_NADU,THE_NILGIRIS,TAMIL_NADU,India Meteorological Department AWS Portal,2026-09-29T03:23:56Z
A0A676BA,NEYVELI,2026-09-29T03:15:00Z,32.9,,56.0,11.62,79.545,30.0,TAMIL_NADU,CUDDALORE,TAMIL_NADU,India Meteorological Department AWS Portal,2026-09-29T03:23:56Z
A0A67868,TIRUNELVELI,2026-09-29T03:15:00Z,30.8,1006.0,54.0,8.745,77.7117,60.5,TAMIL_NADU,TIRUNELVELI,TAMIL_NADU,India Meteorological Department AWS Portal,2026-09-29T03:23:56Z
A0A69548,ARIYALUR,2026-09-29T03:15:00Z,32.8,1005.1,52.0,11.136,79.076,68.1,TAMIL_NADU,ARIYALUR,TAMIL_NADU,India Meteorological Department AWS Portal,2026-09-29T03:23:56Z
A0A69B9A,ENNORE_PORT,2026-09-29T03:15:00Z,34.1,1008.2,41.0,13.2567,80.3467,42.1,TAMIL_NADU,CHENNAI,TAMIL_NADU,India Meteorological Department AWS Portal,2026-09-29T03:23:56Z
A0A6B3A4,COIMBATORE_AMFU,2026-09-29T03:15:00Z,26.5,1007.1,72.0,11.0133,76.9383,51.3,TAMIL_NADU,COIMBATORE,TAMIL_NADU,India Meteorological Department AWS Portal,2026-09-29T03:23:56Z
A0A6B890,CHITRAKOOT,2026-09-29T03:15:00Z,,1009.9,97.0,25.17,80.91,27.9,UTTAR_PRADESH,CHITRAKOOT,UTTAR_PRADESH,India Meteorological Department AWS Portal,2026-09-29T03:23:56Z
A0A702D0,ALIGARH,2026-09-29T03:15:00Z,30.8,1005.8,100.0,27.9024,78.0968,62.2,UTTAR_PRADESH,ALIGARH,UTTAR_PRADESH,India Meteorological Department AWS Portal,2026-09-29T03:23:56Z
A0A711A6,GORAKHPUR,2026-09-29T03:15:00Z,24.6,1003.3,100.0,26.77,83.43,83.2,UTTAR_PRADESH,GORAKHPUR,UTTAR_PRADESH,India Meteorological Department AWS Portal,2026-09-29T03:23:56Z
A0A71F74,HATHRAS,2026-09-29T03:15:00Z,28.5,1006.9,80.0,27.58,77.98,53.0,UTTAR_PRADESH,HATHRAS,UTTAR_PRADESH,India Meteorological Department AWS Portal,2026-09-29T03:23:56Z
A0A74F08,CHAMPAWAT,2026-09-29T03:15:00Z,17.3,,,29.34,80.09,1600.0,UTTARAKHAND,CHAMPAWAT,UTTARAKHAND,India Meteorological Department AWS Portal,2026-09-29T03:23:56Z
A0A77440,JOLLYGRANT,2026-09-29T03:15:00Z,29.5,1003.7,78.0,30.19,78.18,79.8,UTTARAKHAND,DEHRADUN,UTTARAKHAND,India Meteorological Department AWS Portal,2026-09-29T03:23:56Z
A0A77A92,PANTNAGAR_AMFU,2026-09-29T03:15:00Z,,1015.2,,29.02,79.48,0.0,UTTARAKHAND,UDHAM_SINGH_NAGAR,UTTARAKHAND,India Meteorological Department AWS Portal,2026-09-29T03:23:56Z
A0A784C4,ROORKEE_AMFU,2026-09-29T03:15:00Z,31.6,1004.2,80.0,29.84,77.92,75.6,UTTARAKHAND,HARIDWAR,UTTARAKHAND,India Meteorological Department AWS Portal,2026-09-29T03:23:56Z
A0A78A16,AJMER,2026-09-29T03:15:00Z,34.6,,50.0,26.42,74.62,220.0,RAJASTHAN,AJMER,RAJASTHAN,India Meteorological Department AWS Portal,2026-09-29T03:23:56Z
A0A7DA6A,CHITTAURGARH,2026-09-29T03:15:00Z,,1016.3,,24.9,74.61,0.0,RAJASTHAN,CHITTAURGARH,RAJASTHAN,India Meteorological Department AWS Portal,2026-09-29T03:23:56Z
A0A7E122,CHURU,2026-09-29T03:15:00Z,35.4,1000.3,43.0,28.28,75.12,108.4,RAJASTHAN,CHURU,RAJASTHAN,India Meteorological Department AWS Portal,2026-09-29T03:23:56Z
A0A80A90,GANGANAGAR,2026-09-29T03:15:00Z,,1007.9,,29.91,73.88,44.6,RAJASTHAN,GANGANAGAR,RAJASTHAN,India Meteorological Department AWS Portal,2026-09-29T03:23:56Z
A0A8499A,MOUNT_ABU,2026-09-29T03:15:00Z,28.1,909.9,49.0,24.5869,72.7036,898.3,RAJASTHAN,SIROHI,RAJASTHAN,India Meteorological Department AWS Portal,2026-09-29T03:23:56Z
A0A861A4,PILANI,2026-09-29T03:15:00Z,29.6,,30.0,28.3333,75.58,220.0,RAJASTHAN,JHUNJHUNU,RAJASTHAN,India Meteorological Department AWS Portal,2026-09-29T03:23:56Z
A0A88256,SIKAR,2026-09-29T03:15:00Z,35.2,999.9,48.0,27.58,75.13,111.7,RAJASTHAN,SIKAR,RAJASTHAN,India Meteorological Department AWS Portal,2026-09-29T03:23:56Z
A0A8A4BA,GOVINDPURA,2026-09-29T03:15:00Z,38.0,994.9,49.0,33.2219,75.2614,153.9,JAMMU_AND_KASHMIR,RAMBAN,JAMMU_AND_KASHMIR,India Meteorological Department AWS Portal,2026-09-29T03:23:56Z
A0A8AA68,CHATHA_AMFU,2026-09-29T03:15:00Z,,1010.8,79.0,32.6533,74.7992,20.4,JAMMU_AND_KASHMIR,JAMMU,JAMMU_AND_KASHMIR,India Meteorological Department AWS Portal,2026-09-29T03:23:56Z
A0A8C15C,SRINAGAR_AMFU,2026-09-29T03:15:00Z,25.7,,,34.1497,74.8822,1600.0,JAMMU_AND_KASHMIR,SRINAGAR,JAMMU_AND_KASHMIR,India Meteorological Department AWS Portal,2026-09-29T03:23:56Z
A0A8DCF8,BILASPUR,2026-09-29T03:15:00Z,24.6,991.9,98.0,22.106,82.1426,179.3,CHHATTISGARH,BILASPUR,CHHATTISGARH,India Meteorological Department AWS Portal,2026-09-29T03:23:56Z
A0A8F4C6,DHAMTARI,2026-09-29T03:15:00Z,,1004.7,7.0,20.676,81.5481,71.4,CHHATTISGARH,DHAMTARI,CHHATTISGARH,India Meteorological Department AWS Portal,2026-09-29T03:23:56Z
A0A9086A,JANJGIR,2026-09-29T03:15:00Z,,998.0,37.0,22.01,82.6004,127.7,CHHATTISGARH,JANJGIR_CHAMPA,CHHATTISGARH,India Meteorological Department AWS Portal,2026-09-29T03:23:56Z
A0A92E86,KAWARDHA,2026-09-29T03:15:00Z,24.7,991.0,100.0,22.0103,81.2204,186.9,CHHATTISGARH,KABIRDHAM,CHHATTISGARH,India Meteorological Department AWS Portal,2026-09-29T03:23:56Z
A0A93DF0,MAHASAMUND,2026-09-29T03:15:00Z,26.5,997.1,100.0,21.103,82.083,135.3,CHHATTISGARH,MAHASAMUND,CHHATTISGARH,India Meteorological Department AWS Portal,2026-09-29T03:23:56Z
A0A94B60,RAIGARH,2026-09-29T03:15:00Z,26.0,,100.0,21.8897,83.4052,380.0,CHHATTISGARH,RAIGARH,CHHATTISGARH,India Meteorological Department AWS Portal,2026-09-29T03:23:56Z
A0A95816,RAJNANDGAON,2026-09-29T03:15:00Z,24.6,993.9,100.0,21.1007,81.0326,162.3,CHHATTISGARH,RAJNANDGAON,CHHATTISGARH,India Meteorological Department AWS Portal,2026-09-29T03:23:56Z
A0A96D8C,ALIRAJPUR,2026-09-29T03:15:00Z,30.8,1009.1,60.0,22.3139,74.3531,34.6,MADHYA_PRADESH,ALIRAJPUR,MADHYA_PRADESH,India Meteorological Department AWS Portal,2026-09-29T03:23:56Z
A0A97EFA,BETUL,2026-09-29T03:15:00Z,,1007.4,99.0,21.86,77.9369,48.8,MADHYA_PRADESH,BETUL,MADHYA_PRADESH,India Meteorological Department AWS Portal,2026-09-29T03:23:56Z
A0A9B536,DATIA,2026-09-29T03:15:00Z,23.4,1003.5,100.0,25.6881,78.4419,81.5,MADHYA_PRADESH,DATIA,MADHYA_PRADESH,India Meteorological Department AWS Portal,2026-09-29T03:23:56Z
A0AA2988,MANDSOUR,2026-09-29T03:15:00Z,32.4,1007.3,58.0,24.06,75.1,49.7,MADHYA_PRADESH,MANDSAUR,MADHYA_PRADESH,India Meteorological Department AWS Portal,2026-09-29T03:23:56Z
A0AA342C,NARSINGHPUR,2026-09-29T03:15:00Z,24.9,,100.0,22.94,79.22,380.0,MADHYA_PRADESH,NARSINGHPUR,MADHYA_PRADESH,India Meteorological Department AWS Portal,2026-09-29T03:23:56Z
A0AA6450,SAGAR,2026-09-29T03:15:00Z,,,99.0,23.83,78.69,380.0,MADHYA_PRADESH,SAGAR,MADHYA_PRADESH,India Meteorological Department AWS Portal,2026-09-29T03:23:56Z
A0AA6A82,SATNA,2026-09-29T03:15:00Z,22.2,998.3,99.0,24.57,80.82,125.2,MADHYA_PRADESH,SATNA,MADHYA_PRADESH,India Meteorological Department AWS Portal,2026-09-29T03:23:56Z
A0AA8970,SHAJAPUR,2026-09-29T03:15:00Z,30.0,1001.7,58.0,23.4317,76.2636,96.6,MADHYA_PRADESH,SHAJAPUR,MADHYA_PRADESH,India Meteorological Department AWS Portal,2026-09-29T03:23:56Z
A0AA9A06,SIDHI,2026-09-29T03:15:00Z,25.5,,91.0,24.41,81.86,380.0,MADHYA_PRADESH,SIDHI,MADHYA_PRADESH,India Meteorological Department AWS Portal,2026-09-29T03:23:56Z
A0AAA14E,SHEOPUR,2026-09-29T03:15:00Z,7.3,,75.0,25.67,76.89,380.0,MADHYA_PRADESH,SHEOPUR,MADHYA_PRADESH,India Meteorological Department AWS Portal,2026-09-29T03:23:56Z
A0AAD90C,KAWA,2026-09-29T03:15:00Z,30.6,1001.5,65.0,32.9022,75.1667,98.3,JAMMU_AND_KASHMIR,UDHAMPUR,JAMMU_AND_KASHMIR,India Meteorological Department AWS Portal,2026-09-29T03:23:56Z
A0AAE244,SHOPIAN,2026-09-29T03:15:00Z,25.7,,50.0,33.5872,74.8722,1600.0,JAMMU_AND_KASHMIR,SHOPIAN,JAMMU_AND_KASHMIR,India Meteorological Department AWS Portal,2026-09-29T03:23:56Z
A0AAEC96,SAMBA,2026-09-29T03:15:00Z,30.7,1008.0,78.0,32.5703,75.1203,43.8,JAMMU_AND_KASHMIR,SAMBA,JAMMU_AND_KASHMIR,India Meteorological Department AWS Portal,2026-09-29T03:23:56Z
A0AAF132,MALANGPURA,2026-09-29T03:15:00Z,26.2,,36.0,33.8892,74.9808,1600.0,JAMMU_AND_KASHMIR,PULWAMA,JAMMU_AND_KASHMIR,India Meteorological Department AWS Portal,2026-09-29T03:23:56Z
A0AB103A,VAISHALI,2026-09-29T03:15:00Z,26.4,,100.0,26.12,85.38,160.0,BIHAR,VAISHALI,BIHAR,India Meteorological Department AWS Portal,2026-09-29T03:23:56Z
A0AB75DC,BHABUA,2026-09-29T03:15:00Z,31.2,,91.0,25.0481,83.6139,160.0,BIHAR,KAIMUR,BIHAR,India Meteorological Department AWS Portal,2026-09-29T03:23:56Z
A0AB8558,CHANPUR_BASAITHA,2026-09-29T03:15:00Z,27.1,,91.0,26.42,85.82,160.0,BIHAR,MADHUBANI,BIHAR,India Meteorological Department AWS Portal,2026-09-29T03:23:56Z
A0AC3A30,MEERUT,2026-09-29T03:15:00Z,32.9,,78.0,29.02,77.75,160.0,UTTAR_PRADESH,MEERUT,UTTAR_PRADESH,India Meteorological Department AWS Portal,2026-09-29T03:23:56Z
A0AC5FD6,ETAWAH,2026-09-29T03:15:00Z,25.4,995.8,68.0,26.7883,78.9994,146.3,UTTAR_PRADESH,ETAWAH,UTTAR_PRADESH,India Meteorological Department AWS Portal,2026-09-29T03:23:56Z
A0ACB710,JHANSI,2026-09-29T03:15:00Z,18.8,1035.0,,25.43,78.57,0.0,UTTAR_PRADESH,JHANSI,UTTAR_PRADESH,India Meteorological Department AWS Portal,2026-09-29T03:23:56Z
A0ACC466,FURSATGANJ,2026-09-29T03:15:00Z,23.2,1003.9,100.0,26.2503,81.3769,78.1,UTTAR_PRADESH,RAEBARELI,UTTAR_PRADESH,India Meteorological Department AWS Portal,2026-09-29T03:23:56Z
A0ACF1FC,KOKHRAJ_AMFU,2026-09-29T03:15:00Z,,1001.1,,25.3333,81.2833,101.6,UTTAR_PRADESH,KAUSHAMBI,UTTAR_PRADESH,India Meteorological Department AWS Portal,2026-09-29T03:23:56Z
A0AD10F4,PACHPEDWA_AMFU,2026-09-29T03:15:00Z,23.4,1001.8,98.0,27.55,82.64,95.8,UTTAR_PRADESH,BALRAMPUR,UTTAR_PRADESH,India Meteorological Department AWS Portal,2026-09-29T03:23:56Z
A0AD4E5A,NAMCHI,2026-09-29T03:15:00Z,18.3,,97.0,27.1642,88.3964,650.0,SIKKIM,NAMCHI,SIKKIM,India Meteorological Department AWS Portal,2026-09-29T03:23:56Z
A0AD53FE,MANKARA,2026-09-29T03:15:00Z,31.8,1009.8,76.0,10.77,76.6833,28.8,KERALA,PALAKKAD,KERALA,India Meteorological Department AWS Portal,2026-09-29T03:23:56Z
A0AD5D2C,CHERUTHONI,2026-09-29T03:15:00Z,26.1,1006.2,66.0,9.865,76.9983,58.9,KERALA,IDUKKI,KERALA,India Meteorological Department AWS Portal,2026-09-29T03:23:56Z
A0AD6664,NILAMBUR,2026-09-29T03:15:00Z,30.0,1008.7,85.0,11.2283,76.1894,37.9,KERALA,MALAPPURAM,KERALA,India Meteorological Department AWS Portal,2026-09-29T03:23:56Z
A0AD68B6,KOZHIKODE,2026-09-29T03:15:00Z,28.6,,49.0,11.26,75.77,30.0,KERALA,KOZHIKODE,KERALA,India Meteorological Department AWS Portal,2026-09-29T03:23:56Z
A0AD7512,KUDLU_AFMU,2026-09-29T03:15:00Z,30.6,1007.9,77.0,12.65,74.96,44.6,KERALA,KASARAGOD,KERALA,India Meteorological Department AWS Portal,2026-09-29T03:23:56Z
A0ADADA8,CHIKKANAKALLI,2026-09-29T03:15:00Z,,1028.6,100.0,13.6631,76.9161,0.0,KARNATAKA,TUMKUR,KARNATAKA,India Meteorological Department AWS Portal,2026-09-29T03:23:56Z
A0ADC84E,GADAG,2026-09-29T03:15:00Z,31.0,,60.0,15.4175,75.6442,550.0,KARNATAKA,GADAG,KARNATAKA,India Meteorological Department AWS Portal,2026-09-29T03:23:56Z
A0ADD5EA,GULBARGA,2026-09-29T03:15:00Z,32.0,1003.0,44.0,17.3333,76.8,85.7,KARNATAKA,GULBARGA,KARNATAKA,India Meteorological Department AWS Portal,2026-09-29T03:23:56Z
A0ADF306,KGF_(KOLAR),2026-09-29T03:15:00Z,27.0,,78.0,12.9333,78.25,550.0,KARNATAKA,KOLAR,KARNATAKA,India Meteorological Department AWS Portal,2026-09-29T03:23:56Z
A0AE17FA,SUTTUR,2026-09-29T03:15:00Z,27.2,,88.0,12.1333,76.8,550.0,KARNATAKA,MYSORE,KARNATAKA,India Meteorological Department AWS Portal,2026-09-29T03:23:56Z
A0AE1928,TIDAGUNDI_AMFU,2026-09-29T03:15:00Z,33.3,1001.1,42.0,16.98,75.75,101.6,KARNATAKA,BIJAPUR,KARNATAKA,India Meteorological Department AWS Portal,2026-09-29T03:23:56Z
A0AE4786,BACHAU_AMFU,2026-09-29T03:15:00Z,36.2,1003.0,31.0,23.3031,70.36,85.7,GUJARAT,KACHCHH,GUJARAT,India Meteorological Department AWS Portal,2026-09-29T03:23:56Z
A0AE6FB8,ASWARAOPET,2026-09-29T03:15:00Z,,1005.8,,17.24,81.13,62.2,TELANGANA,BHADRADRI_KOTHAGUDEM,TELANGANA,India Meteorological Department AWS Portal,2026-09-29T03:23:56Z
A0AE8298,TANDUR,2026-09-29T03:15:00Z,29.7,1001.6,57.0,17.2433,77.5867,97.4,TELANGANA,VIKARABAD,TELANGANA,India Meteorological Department AWS Portal,2026-09-29T03:23:56Z
A0AE8C4A,MARUTERU,2026-09-29T03:15:00Z,31.1,1002.2,89.0,16.6467,81.7633,92.4,ANDHRA_PRADESH,WEST_GODAVARI,ANDHRA_PRADESH,India Meteorological Department AWS Portal,2026-09-29T03:23:56Z
A0AEA474,KARIMNAGAR,2026-09-29T03:15:00Z,31.7,1000.1,76.0,18.46,79.11,110.1,TELANGANA,KARIMNAGAR,TELANGANA,India Meteorological Department AWS Portal,2026-09-29T03:23:56Z
A0AECF40,DANTEWADA_AMFU,2026-09-29T03:15:00Z,,1001.8,47.0,24.32,72.2833,95.8,GUJARAT,BANASKANTHA,GUJARAT,India Meteorological Department AWS Portal,2026-09-29T03:23:56Z
A0AEF408,CHINTAPALLI_AMFU,2026-09-29T03:15:00Z,24.2,996.9,83.0,17.895,82.3417,137.0,ANDHRA_PRADESH,ALLURI_SITHARAMA_RAJU,ANDHRA_PRADESH,India Meteorological Department AWS Portal,2026-09-29T03:23:56Z
A0B2028E,DALHOUSIALHA,2026-09-29T03:15:00Z,20.3,,,32.5311,76.0022,1600.0,HIMACHAL_PRADESH,CHAMBA,HIMACHAL_PRADESH,India Meteorological Department AWS Portal,2026-09-29T03:23:56Z
A0B24184,PALAMPUR_AMFU,2026-09-29T03:15:00Z,23.9,1026.2,22.0,32.0978,76.5483,0.0,HIMACHAL_PRADESH,KANGRA,HIMACHAL_PRADESH,India Meteorological Department AWS Portal,2026-09-29T03:23:56Z
A0B25C20,PITAMPURA,2026-09-29T03:15:00Z,32.4,1004.6,72.0,28.7042,77.1504,72.3,DELHI,NORTH_WEST_DELHI,DELHI,India Meteorological Department AWS Portal,2026-09-29T03:23:56Z
A0B2741E,MASSOURI,2026-09-29T03:15:00Z,19.7,,21.0,30.48,78.05,1600.0,UTTARAKHAND,DEHRADUN,UTTARAKHAND,India Meteorological Department AWS Portal,2026-09-29T03:23:56Z
A0B27ACC,NAJAFGARH,2026-09-29T03:15:00Z,31.5,1004.7,80.0,28.6357,77.0005,71.4,DELHI,SOUTH_WEST_DELHI,DELHI,India Meteorological Department AWS Portal,2026-09-29T03:23:56Z
A0B2849A,SEOBAGH_AMFU,2026-09-29T03:15:00Z,,,49.0,31.9825,77.13,1600.0,HIMACHAL_PRADESH,KULLU,HIMACHAL_PRADESH,India Meteorological Department AWS Portal,2026-09-29T03:23:56Z
A0B28A48,FARIDABAD,2026-09-29T03:15:00Z,31.7,1006.7,62.0,28.37,77.27,54.7,HARYANA,FARIDABAD,HARYANA,India Meteorological Department AWS Portal,2026-09-29T03:23:56Z
A0B2993E,AYANAGAR,2026-09-29T03:15:00Z,30.8,,64.0,28.4837,77.1271,160.0,DELHI,SOUTH_WEST_DELHI,DELHI,India Meteorological Department AWS Portal,2026-09-29T03:23:56Z
A0B2A276,MUNGESHPUR,2026-09-29T03:15:00Z,34.4,,69.0,28.8084,76.9697,160.0,DELHI,NORTH_WEST_DELHI,DELHI,India Meteorological Department AWS Portal,2026-09-29T03:23:56Z
A0B2D4E6,CHANDIGARH,2026-09-29T03:15:00Z,30.2,1003.3,,30.6833,76.8333,83.2,CHANDIGARH,CHANDIGARH,CHANDIGARH,India Meteorological Department AWS Portal,2026-09-29T03:23:56Z
A0B2DA34,JAFARPUR,2026-09-29T03:15:00Z,30.5,1003.4,,28.5938,76.9093,82.3,DELHI,SOUTH_WEST_DELHI,DELHI,India Meteorological Department AWS Portal,2026-09-29T03:23:56Z
A0B2FCD8,RAUNI,2026-09-29T03:15:00Z,30.6,1001.6,67.0,30.3333,76.27,97.4,PUNJAB,PATIALA,PUNJAB,India Meteorological Department AWS Portal,2026-09-29T03:23:56Z
A0B30EA6,SALERN,2026-09-29T03:15:00Z,30.3,1000.0,92.0,31.5833,75.98,110.9,PUNJAB,HOSHIARPUR,PUNJAB,India Meteorological Department AWS Portal,2026-09-29T03:23:56Z
A0B31302,NCMRWF,2026-09-29T03:15:00Z,28.8,1003.4,84.0,28.6217,77.3533,82.3,UTTAR_PRADESH,GAUTAM_BUDDHA_NAGAR,UTTAR_PRADESH,India Meteorological Department AWS Portal,2026-09-29T03:23:56Z
A0B3284A,THIRUPATHISARAM_AMFU,2026-09-29T03:15:00Z,29.0,,87.0,8.2103,77.4524,30.0,TAMIL_NADU,KANYAKUMARI,TAMIL_NADU,India Meteorological Department AWS Portal,2026-09-29T03:23:56Z
A0B39516,KANCHIPURAM_ISRO,2026-09-29T03:15:00Z,33.3,1002.4,45.0,12.8333,79.7017,90.7,TAMIL_NADU,KANCHIPURAM,TAMIL_NADU,India Meteorological Department AWS Portal,2026-09-29T03:23:56Z
A0B3A08C,MEENAMBAKKAM_ISRO,2026-09-29T03:15:00Z,34.7,1001.6,43.0,12.99,80.1983,97.4,TAMIL_NADU,CHENNAI,TAMIL_NADU,India Meteorological Department AWS Portal,2026-09-29T03:23:56Z
A0B3D61C,THUVAKUDI_ISRO,2026-09-29T03:15:00Z,33.6,1003.6,39.0,10.75,78.845,80.6,TAMIL_NADU,TIRUCHIRAPPALLI,TAMIL_NADU,India Meteorological Department AWS Portal,2026-09-29T03:23:56Z
A0B3E386,TIRUVANNAMALAI_ISRO,2026-09-29T03:15:00Z,32.5,,42.0,12.2667,79.0667,30.0,TAMIL_NADU,TIRUVANNAMALAI,TAMIL_NADU,India Meteorological Department AWS Portal,2026-09-29T03:23:56Z
A0B41136,ALWAR,2026-09-29T03:15:00Z,,1004.7,,27.53,76.5833,71.4,RAJASTHAN,ALWAR,RAJASTHAN,India Meteorological Department AWS Portal,2026-09-29T03:23:56Z
A0B41FE4,MIRDHA,2026-09-29T03:15:00Z,26.4,1002.1,91.0,25.8711,84.1281,93.2,UTTAR_PRADESH,BALLIA,UTTAR_PRADESH,India Meteorological Department AWS Portal,2026-09-29T03:23:56Z
A0B42A7E,ULUBERIA,2026-09-29T03:15:00Z,29.1,1003.1,89.0,22.4692,88.0944,84.8,WEST_BENGAL,HOWRAH,WEST_BENGAL,India Meteorological Department AWS Portal,2026-09-29T03:23:56Z
A0B4414A,BASIRHAT,2026-09-29T03:15:00Z,29.9,1006.6,78.0,22.6625,88.8725,55.5,WEST_BENGAL,NORTH_TWENTY_FOUR_PARGANAS,WEST_BENGAL,India Meteorological Department AWS Portal,2026-09-29T03:23:56Z
A0B467A6,JALPAIGURI,2026-09-29T03:15:00Z,24.5,,97.0,26.5172,88.7328,160.0,WEST_BENGAL,JALPAIGURI,WEST_BENGAL,India Meteorological Department AWS Portal,2026-09-29T03:23:56Z
A0B474D0,KALYANI_AMFU,2026-09-29T03:15:00Z,30.8,1005.1,86.0,22.9686,88.4964,68.1,WEST_BENGAL,NADIA,WEST_BENGAL,India Meteorological Department AWS Portal,2026-09-29T03:23:56Z
A0B4AC6A,A_D_NAGAR_AMFU,2026-09-29T03:15:00Z,,1008.9,,23.8089,91.2731,36.3,TRIPURA,WEST_TRIPURA,TRIPURA,India Meteorological Department AWS Portal,2026-09-29T03:23:56Z
A0B4B1CE,KHOWAI,2026-09-29T03:15:00Z,33.4,1009.2,61.0,24.0662,91.6072,33.8,TRIPURA,KHOWAI,TRIPURA,India Meteorological Department AWS Portal,2026-09-29T03:23:56Z
A0B4BF1C,KAMALPUR,2026-09-29T03:15:00Z,36.6,1008.0,,24.1867,91.8278,43.8,TRIPURA,NORTH_TRIPURA,TRIPURA,India Meteorological Department AWS Portal,2026-09-29T03:23:56Z
A0B4C98C,ANANTNAG,2026-09-29T03:15:00Z,26.5,,39.0,33.6692,75.1719,1600.0,JAMMU_AND_KASHMIR,ANANTNAG,JAMMU_AND_KASHMIR,India Meteorological Department AWS Portal,2026-09-29T03:23:56Z
A0B4DAFA,GULMARG,2026-09-29T03:15:00Z,11.2,,75.0,34.0339,74.3658,1600.0,JAMMU_AND_KASHMIR,BARAMULLA,JAMMU_AND_KASHMIR,India Meteorological Department AWS Portal,2026-09-29T03:23:56Z
A0B4E1B2,HARRAN,2026-09-29T03:15:00Z,25.8,,36.0,34.0619,74.71,1600.0,JAMMU_AND_KASHMIR,BADGAM,JAMMU_AND_KASHMIR,India Meteorological Department AWS Portal,2026-09-29T03:23:56Z
A0B4EF60,KULGAM_AMFU,2026-09-29T03:15:00Z,23.4,,43.0,33.6447,74.9433,1600.0,JAMMU_AND_KASHMIR,KULGAM,JAMMU_AND_KASHMIR,India Meteorological Department AWS Portal,2026-09-29T03:23:56Z
A0B4F2C4,RAMBAGH,2026-09-29T03:15:00Z,28.1,,29.0,34.0508,74.8044,1600.0,JAMMU_AND_KASHMIR,SRINAGAR,JAMMU_AND_KASHMIR,India Meteorological Department AWS Portal,2026-09-29T03:23:56Z
A0B51D1E,RANCHI_AMFU,2026-09-29T03:15:00Z,22.6,999.5,98.0,23.4444,85.3161,115.1,JHARKHAND,RANCHI,JHARKHAND,India Meteorological Department AWS Portal,2026-09-29T03:23:56Z
A0B550C6,PAHALGAM,2026-09-29T03:15:00Z,23.1,,37.0,34.02,75.32,1600.0,JAMMU_AND_KASHMIR,ANANTNAG,JAMMU_AND_KASHMIR,India Meteorological Department AWS Portal,2026-09-29T03:23:56Z
A0B8B052,KOPPAL,2026-09-29T03:15:00Z,36.2,1001.9,40.0,15.2,76.1,94.9,KARNATAKA,KOPPAL,KARNATAKA,India Meteorological Department AWS Portal,2026-09-29T03:23:56Z
A0BF3AA0,SALWAN_PUBLIC_SCHOOL,2026-09-29T03:15:00Z,29.3,1002.0,84.0,28.6105,77.3406,94.1,DELHI,EAST_DELHI,DELHI,India Meteorological Department AWS Portal,2026-09-29T03:23:56Z
A0BF6ADC,BANDIPORA,2026-09-29T03:15:00Z,27.8,,41.0,34.5,74.68,1600.0,JAMMU_AND_KASHMIR,BANDIPORA,JAMMU_AND_KASHMIR,India Meteorological Department AWS Portal,2026-09-29T03:23:56Z
A0BF7778,KISHTWAR,2026-09-29T03:15:00Z,27.0,,39.0,33.3,75.76,1600.0,JAMMU_AND_KASHMIR,KISHTWAR,JAMMU_AND_KASHMIR,India Meteorological Department AWS Portal,2026-09-29T03:23:56Z
A0BFF16C,DRAS,2026-09-29T03:15:00Z,18.4,,22.0,34.3667,75.8333,1600.0,LADAKH,KARGIL,LADAKH,India Meteorological Department AWS Portal,2026-09-29T03:23:56Z
AAAC949C,PEDDAPURAM,2026-09-29T03:15:00Z,29.5,1003.5,87.0,17.0717,82.165,81.5,ANDHRA_PRADESH,KAKINADA,ANDHRA_PRADESH,India Meteorological Department AWS Portal,2026-09-29T03:23:56Z
AAACA106,PUDUCHERRY,2026-09-29T03:15:00Z,35.9,1005.2,54.0,11.9517,79.8267,67.2,PUDUCHERRY,PUDUCHERRY,PUDUCHERRY,India Meteorological Department AWS Portal,2026-09-29T03:23:56Z
AAACAFD4,ADIRAMAPATTINAM,2026-09-29T03:15:00Z,29.9,,64.0,10.36,79.3883,30.0,TAMIL_NADU,THANJAVUR,TAMIL_NADU,India Meteorological Department AWS Portal,2026-09-29T03:23:56Z
AAACBCA2,VEDASANDUR,2026-09-29T03:15:00Z,32.7,1004.9,31.0,10.5367,77.965,69.7,TAMIL_NADU,DINDIGUL,TAMIL_NADU,India Meteorological Department AWS Portal,2026-09-29T03:23:56Z
AAACD796,MAILAM,2026-09-29T03:15:00Z,32.7,1005.5,61.0,12.1317,79.6167,64.7,TAMIL_NADU,VILUPPURAM,TAMIL_NADU,India Meteorological Department AWS Portal,2026-09-29T03:23:56Z
AAACD944,VIZIANAGARAM,2026-09-29T03:15:00Z,30.4,998.6,86.0,18.1417,83.415,122.7,ANDHRA_PRADESH,VIZIANAGARAM,ANDHRA_PRADESH,India Meteorological Department AWS Portal,2026-09-29T03:23:56Z
AAACECDE,KALAVAI,2026-09-29T03:15:00Z,29.0,1009.4,58.0,12.8117,79.4617,32.1,TAMIL_NADU,RANIPET,TAMIL_NADU,India Meteorological Department AWS Portal,2026-09-29T03:23:56Z
AAACF17A,NEYYOOR,2026-09-29T03:15:00Z,28.4,1010.5,94.0,8.1933,77.285,22.9,TAMIL_NADU,KANYAKUMARI,TAMIL_NADU,India Meteorological Department AWS Portal,2026-09-29T03:23:56Z
AAAD0304,RAGOLU,2026-09-29T03:15:00Z,28.1,999.0,93.0,18.4101,83.903,119.3,ANDHRA_PRADESH,SRIKAKULAM,ANDHRA_PRADESH,India Meteorological Department AWS Portal,2026-09-29T03:23:56Z
AAAD0DD6,BHUJ,2026-09-29T03:15:00Z,,1013.5,43.0,23.25,69.6667,0.0,GUJARAT,KACHCHH,GUJARAT,India Meteorological Department AWS Portal,2026-09-29T03:23:56Z
AAAD1EA0,KANDLA,2026-09-29T03:15:00Z,34.1,1007.1,69.0,23.15,70.2167,51.3,GUJARAT,KACHCHH,GUJARAT,India Meteorological Department AWS Portal,2026-09-29T03:23:56Z
AAAD25E8,THIRUCHENDUR,2026-09-29T03:15:00Z,33.3,1008.2,43.0,8.5083,78.1217,42.1,TAMIL_NADU,THOOTHUKUDI,TAMIL_NADU,India Meteorological Department AWS Portal,2026-09-29T03:23:56Z
AAAD6830,KAYAMKULAM,2026-09-29T03:15:00Z,29.9,1010.6,94.0,9.1767,76.5167,22.1,KERALA,ALAPPUZHA,KERALA,India Meteorological Department AWS Portal,2026-09-29T03:23:56Z
AAAD7594,DAPOLI,2026-09-29T03:15:00Z,29.4,1006.9,86.0,17.754206,73.176743,53.0,MAHARASHTRA,RATNAGIRI,MAHARASHTRA,India Meteorological Department AWS Portal,2026-09-29T03:23:56Z
AAADBE58,KUTCH_MANDVI,2026-09-29T03:15:00Z,32.0,1013.3,66.0,22.8167,69.2667,0.0,GUJARAT,KACHCHH,GUJARAT,India Meteorological Department AWS Portal,2026-09-29T03:23:56Z
AAADD56C,DIU,2026-09-29T03:15:00Z,29.3,,77.0,20.72,70.9167,220.0,DAMAN_AND_DIU,DIU,DAMAN_AND_DIU,India Meteorological Department AWS Portal,2026-09-29T03:23:56Z
AAADE0F6,KOHIMA,2026-09-29T03:15:00Z,23.7,,82.0,25.65,94.1167,650.0,NAGALAND,KOHIMA,NAGALAND,India Meteorological Department AWS Portal,2026-09-29T03:23:56Z
AAAE49D2,JHARGRAM,2026-09-29T03:15:00Z,25.2,1001.6,99.0,22.449553,86.998154,97.4,WEST_BENGAL,JHARGRAM,WEST_BENGAL,India Meteorological Department AWS Portal,2026-09-29T03:23:56Z
AAAE7C48,NIMPITH,2026-09-29T03:15:00Z,29.9,1006.5,93.0,22.1667,88.45,56.3,WEST_BENGAL,SOUTH_TWENTY_FOUR_PARGANAS,WEST_BENGAL,India Meteorological Department AWS Portal,2026-09-29T03:23:56Z
ANFER000,FERRARGUNJ,2026-09-29T03:15:00Z,29.5,1006.6,69.0,11.7206,92.6542,55.5,ANDAMAN_AND_NICOBAR,SOUTH_ANDAMAN,ANDAMAN_AND_NICOBAR,India Meteorological Department AWS Portal,2026-09-29T03:23:56Z
ANMCB000,SRI_VIJAYA_PURAM_AWS400,2026-09-29T03:15:00Z,29.3,1008.9,78.0,11.0,92.744,36.3,ANDAMAN_AND_NICOBAR,SOUTH_ANDAMAN,ANDAMAN_AND_NICOBAR,India Meteorological Department AWS Portal,2026-09-29T03:23:56Z
ANSWA000,SWARAJ_DEEP,2026-09-29T03:15:00Z,29.3,1008.2,,12.0124,92.9824,42.1,ANDAMAN_AND_NICOBAR,SOUTH_ANDAMAN,ANDAMAN_AND_NICOBAR,India Meteorological Department AWS Portal,2026-09-29T03:23:56Z
APBHV000,BHIMAVARAM,2026-09-29T03:15:00Z,,997.9,83.0,16.5449,81.4932,128.6,ANDHRA_PRADESH,WEST_GODAVARI,ANDHRA_PRADESH,India Meteorological Department AWS Portal,2026-09-29T03:23:56Z
APBPW000,BAPATLA_AWS400,2026-09-29T03:15:00Z,32.4,1012.7,56.0,15.919,80.4838,4.6,ANDHRA_PRADESH,BAPATLA,ANDHRA_PRADESH,India Meteorological Department AWS Portal,2026-09-29T03:23:56Z
APCIA000,CHIRALA,2026-09-29T03:15:00Z,33.3,1002.3,40.0,15.8295,80.3803,91.6,ANDHRA_PRADESH,BAPATLA,ANDHRA_PRADESH,India Meteorological Department AWS Portal,2026-09-29T03:23:56Z
APCSP000,CS_PURAM,2026-09-29T03:15:00Z,31.9,990.4,59.0,15.1627,79.2892,192.0,ANDHRA_PRADESH,PRAKASAM,ANDHRA_PRADESH,India Meteorological Department AWS Portal,2026-09-29T03:23:56Z
APETC000,SKY_COLLEGE_ETCHERLA,2026-09-29T03:15:00Z,30.2,998.0,40.0,18.2277,83.834,127.7,ANDHRA_PRADESH,SRIKAKULAM,ANDHRA_PRADESH,India Meteorological Department AWS Portal,2026-09-29T03:23:56Z
APGGV000,GANGAVARAM_PORT,2026-09-29T03:15:00Z,29.9,1006.8,80.0,17.6247,83.2283,53.8,ANDHRA_PRADESH,VISAKHAPATNAM,ANDHRA_PRADESH,India Meteorological Department AWS Portal,2026-09-29T03:23:56Z
APGPA000,KV_GOPANNAPALEM_ELURU,2026-09-29T03:15:00Z,32.2,1001.2,54.0,16.7687,81.1191,100.8,ANDHRA_PRADESH,WEST_GODAVARI,ANDHRA_PRADESH,India Meteorological Department AWS Portal,2026-09-29T03:23:56Z
APGUT000,KH_GOVTDEGCOLLEGE_DHARMAVARAM,2026-09-29T03:15:00Z,31.4,1004.0,57.0,14.4308,77.7065,77.3,ANDHRA_PRADESH,ANANTAPUR,ANDHRA_PRADESH,India Meteorological Department AWS Portal,2026-09-29T03:23:56Z
APKGL000,NAGARALAPETA_KALINGAPATNAM,2026-09-29T03:15:00Z,29.9,997.9,86.0,18.3334,84.1163,128.6,ANDHRA_PRADESH,SRIKAKULAM,ANDHRA_PRADESH,India Meteorological Department AWS Portal,2026-09-29T03:23:56Z
APMCP000,KV_GOPALNAGAR_MACHILIPATNAM,2026-09-29T03:15:00Z,31.2,1001.1,79.0,16.1983,81.1258,101.6,ANDHRA_PRADESH,KRISHNA,ANDHRA_PRADESH,India Meteorological Department AWS Portal,2026-09-29T03:23:56Z
APMYL000,MYLAVARAM_COLLEGE_OF _ENGINEER,2026-09-29T03:15:00Z,30.9,1003.6,77.0,16.751,80.6327,80.6,ANDHRA_PRADESH,NTR,ANDHRA_PRADESH,India Meteorological Department AWS Portal,2026-09-29T03:23:56Z
APNAK000,NARSAPUR,2026-09-29T03:15:00Z,29.5,998.9,,16.4365,81.6944,120.2,ANDHRA_PRADESH,WEST_GODAVARI,ANDHRA_PRADESH,India Meteorological Department AWS Portal,2026-09-29T03:23:56Z
APOPP000,AMBAJIPETA_AWS,2026-09-29T03:15:00Z,30.1,1003.3,80.0,16.602,81.9448,83.2,ANDHRA_PRADESH,KONASEEMA,ANDHRA_PRADESH,India Meteorological Department AWS Portal,2026-09-29T03:23:56Z
APYEL000,YELLAMANCHILLI_VSKP,2026-09-29T03:15:00Z,29.8,999.0,77.0,17.5709,82.8535,119.3,ANDHRA_PRADESH,ANAKAPALLI,ANDHRA_PRADESH,India Meteorological Department AWS Portal,2026-09-29T03:23:56Z
ARBSS000,BASAR,2026-09-29T03:15:00Z,29.3,999.2,81.0,27.995,94.704,117.6,ARUNACHAL_PRADESH,LEPARADA,ARUNACHAL_PRADESH,India Meteorological Department AWS Portal,2026-09-29T03:23:56Z
ARDDE000,DEED,2026-09-29T03:15:00Z,25.8,1014.6,75.0,27.5937,93.5671,0.0,ARUNACHAL_PRADESH,LOWER_SUBANSIRI,ARUNACHAL_PRADESH,India Meteorological Department AWS Portal,2026-09-29T03:23:56Z
ARDET000,ITANAGAR,2026-09-29T03:15:00Z,35.0,1002.6,53.0,27.076,93.6043,89.0,ARUNACHAL_PRADESH,PAPUMPARE,ARUNACHAL_PRADESH,India Meteorological Department AWS Portal,2026-09-29T03:23:56Z
ARDIG000,DIRANG,2026-09-29T03:15:00Z,23.8,,100.0,27.3813,92.2319,650.0,ARUNACHAL_PRADESH,WEST_KAMENG,ARUNACHAL_PRADESH,India Meteorological Department AWS Portal,2026-09-29T03:23:56Z
ARDPO000,DAPORIJO,2026-09-29T03:15:00Z,34.3,1003.5,56.0,27.9883,94.22,81.5,ARUNACHAL_PRADESH,UPPER_SUBHANSERI,ARUNACHAL_PRADESH,India Meteorological Department AWS Portal,2026-09-29T03:23:56Z
ARKBR000,LONGDING,2026-09-29T03:15:00Z,32.3,1082.8,,27.0243,95.1844,650.0,ARUNACHAL_PRADESH,LONGDING,ARUNACHAL_PRADESH,India Meteorological Department AWS Portal,2026-09-29T03:23:56Z
ARKGK000,KANGKU,2026-09-29T03:15:00Z,35.1,1002.9,58.0,27.5767,94.4999,86.5,ARUNACHAL_PRADESH,LOWER_SIANG,ARUNACHAL_PRADESH,India Meteorological Department AWS Portal,2026-09-29T03:23:56Z
ARKKS000,KALAKTANG,2026-09-29T03:15:00Z,22.8,,100.0,27.1042,92.1205,650.0,ARUNACHAL_PRADESH,WEST_KAMENG,ARUNACHAL_PRADESH,India Meteorological Department AWS Portal,2026-09-29T03:23:56Z
ARKOQ000,KOLORAING,2026-09-29T03:15:00Z,28.4,,70.0,27.8989,93.352,650.0,ARUNACHAL_PRADESH,KURUNG_KUMEY,ARUNACHAL_PRADESH,India Meteorological Department AWS Portal,2026-09-29T03:23:56Z
ARLEK000,LEKANG,2026-09-29T03:15:00Z,34.8,1006.6,45.0,27.6386,95.81,55.5,ARUNACHAL_PRADESH,NAMSAI,ARUNACHAL_PRADESH,India Meteorological Department AWS Portal,2026-09-29T03:23:56Z
ARLOD000,LONGDING_NEW,2026-09-29T03:15:00Z,28.1,,80.0,26.8863,95.3257,650.0,ARUNACHAL_PRADESH,LONGDING,ARUNACHAL_PRADESH,India Meteorological Department AWS Portal,2026-09-29T03:23:56Z
ARLOT000,NAMSAI_KVK,2026-09-29T03:15:00Z,34.5,,60.0,27.7804,95.9747,650.0,ARUNACHAL_PRADESH,NAMSAI,ARUNACHAL_PRADESH,India Meteorological Department AWS Portal,2026-09-29T03:23:56Z
ARMII000,MIAO,2026-09-29T03:15:00Z,32.3,1008.8,73.0,27.4821,96.1978,37.1,ARUNACHAL_PRADESH,CHANGLANG,ARUNACHAL_PRADESH,India Meteorological Department AWS Portal,2026-09-29T03:23:56Z
ARNYA000,NYAPIN,2026-09-29T03:15:00Z,26.4,,78.0,27.7505,93.3989,650.0,ARUNACHAL_PRADESH,KURUNG_KUMEY,ARUNACHAL_PRADESH,India Meteorological Department AWS Portal,2026-09-29T03:23:56Z
ARPNG000,PANGIN_CIRCLE,2026-09-29T03:15:00Z,29.6,1005.0,70.0,28.2162,94.9955,68.9,ARUNACHAL_PRADESH,SIANG,ARUNACHAL_PRADESH,India Meteorological Department AWS Portal,2026-09-29T03:23:56Z
ARPSG000,PASHIGHAT,2026-09-29T03:15:00Z,39.6,1009.7,37.0,28.0695,95.3323,29.6,ARUNACHAL_PRADESH,EAST_SIANG,ARUNACHAL_PRADESH,India Meteorological Department AWS Portal,2026-09-29T03:23:56Z
ARRAB000,RAGA,2026-09-29T03:15:00Z,28.3,,59.0,27.7923,94.0753,650.0,ARUNACHAL_PRADESH,KAMLE,ARUNACHAL_PRADESH,India Meteorological Department AWS Portal,2026-09-29T03:23:56Z
ARSEL000,SEPPA_PAMPOLI,2026-09-29T03:15:00Z,33.1,1008.5,65.0,27.3178,93.0042,39.6,ARUNACHAL_PRADESH,EAST_KAMENG,ARUNACHAL_PRADESH,India Meteorological Department AWS Portal,2026-09-29T03:23:56Z
ARWAR000,WAKRO,2026-09-29T03:15:00Z,33.5,1004.3,46.0,27.7834,96.3498,74.8,ARUNACHAL_PRADESH,LOHIT,ARUNACHAL_PRADESH,India Meteorological Department AWS Portal,2026-09-29T03:23:56Z
ARYOM000,YOMCHA,2026-09-29T03:15:00Z,30.2,980.8,60.0,28.1297,94.5716,273.7,ARUNACHAL_PRADESH,WEST_SIANG,ARUNACHAL_PRADESH,India Meteorological Department AWS Portal,2026-09-29T03:23:56Z
ARZIO000,ZIRO_MANIPOLYANG,2026-09-29T03:15:00Z,,,61.0,27.5298,93.8385,650.0,ARUNACHAL_PRADESH,LOWER_SUBANSIRI,ARUNACHAL_PRADESH,India Meteorological Department AWS Portal,2026-09-29T03:23:56Z
ASAAU000,AAU_HRS,2026-09-29T03:15:00Z,25.9,,99.0,26.103,91.611,650.0,ASSAM,KAMRUP_METROPOLITAN,ASSAM,India Meteorological Department AWS Portal,2026-09-29T03:23:56Z
ASAGG000,AGIA_AEGCL,2026-09-29T03:15:00Z,,1017.2,67.0,26.0962,90.5666,0.0,ASSAM,GOALPARA,ASSAM,India Meteorological Department AWS Portal,2026-09-29T03:23:56Z
ASAGO000,AGOMANI,2026-09-29T03:15:00Z,31.2,1006.6,,26.1969,89.7902,55.5,ASSAM,DHUBRI,ASSAM,India Meteorological Department AWS Portal,2026-09-29T03:23:56Z
ASAMN000,AMINGAON,2026-09-29T03:15:00Z,25.5,1012.1,,26.1926,91.6736,9.6,ASSAM,KAMRUP,ASSAM,India Meteorological Department AWS Portal,2026-09-29T03:23:56Z
ASBCL000,BCPL_DIBRUGARH,2026-09-29T03:15:00Z,,,16.0,27.3868,94.8749,650.0,ASSAM,DIBRUGARH,ASSAM,India Meteorological Department AWS Portal,2026-09-29T03:23:56Z
ASBJA000,BAJALI_UNIVERSITY,2026-09-29T03:15:00Z,28.4,1015.0,100.0,26.5045,91.1854,0.0,ASSAM,BARPETA,ASSAM,India Meteorological Department AWS Portal,2026-09-29T03:23:56Z
ASBKV000,BAKULIA,2026-09-29T03:15:00Z,31.8,,63.0,26.0545,93.2009,650.0,ASSAM,KARBI_ANGLONG(EAST),ASSAM,India Meteorological Department AWS Portal,2026-09-29T03:23:56Z
ASBNC000,BN_COLLEGE,2026-09-29T03:15:00Z,30.8,1018.0,70.0,26.024,89.9697,0.0,ASSAM,DHUBRI,ASSAM,India Meteorological Department AWS Portal,2026-09-29T03:23:56Z
ASBOO000,BOKO_AEGCL,2026-09-29T03:15:00Z,25.8,1019.1,100.0,26.0159,91.1833,0.0,ASSAM,KAMRUP,ASSAM,India Meteorological Department AWS Portal,2026-09-29T03:23:56Z
ASBOQ000,CNB_COLLAGE_BOKAKHAT,2026-09-29T03:15:00Z,32.1,1011.5,70.0,26.639,93.592,14.6,ASSAM,GOLAGHAT,ASSAM,India Meteorological Department AWS Portal,2026-09-29T03:23:56Z
ASBRB000,BARPETA_KVK,2026-09-29T03:15:00Z,29.1,,88.0,26.4421,90.9824,650.0,ASSAM,BARPETA,ASSAM,India Meteorological Department AWS Portal,2026-09-29T03:23:56Z
ASBTB000,LAKHIMPUR,2026-09-29T03:15:00Z,39.1,1007.4,55.0,27.2808,94.1103,48.8,ASSAM,LAKHIMPUR,ASSAM,India Meteorological Department AWS Portal,2026-09-29T03:23:56Z
ASCAD000,CHANDUBI,2026-09-29T03:15:00Z,28.0,1011.2,,25.8733,91.4317,17.1,ASSAM,KAMRUP,ASSAM,India Meteorological Department AWS Portal,2026-09-29T03:23:56Z
ASCIR000,CHIRANG,2026-09-29T03:15:00Z,31.2,1008.9,,26.5296,90.5018,36.3,ASSAM,CHIRANG,ASSAM,India Meteorological Department AWS Portal,2026-09-29T03:23:56Z
ASDCO000,DC_OFC_DIBRUGARH,2026-09-29T03:15:00Z,33.0,,,27.4667,94.9116,650.0,ASSAM,DIBRUGARH,ASSAM,India Meteorological Department AWS Portal,2026-09-29T03:23:56Z
ASDHB000,DHARAMTUL,2026-09-29T03:15:00Z,26.8,,93.0,26.1689,92.3569,650.0,ASSAM,MARIGAON,ASSAM,India Meteorological Department AWS Portal,2026-09-29T03:23:56Z
ASDHK000,DHEKIAJULI_AEGCL,2026-09-29T03:15:00Z,33.2,1009.1,73.0,26.6928,92.3765,34.6,ASSAM,SONITPUR,ASSAM,India Meteorological Department AWS Portal,2026-09-29T03:23:56Z
ASDIH000,DIPHU,2026-09-29T03:15:00Z,32.1,,67.0,25.8363,93.4348,650.0,ASSAM,KARBI_ANGLONG(EAST),ASSAM,India Meteorological Department AWS Portal,2026-09-29T03:23:56Z
ASDTU000,DOWN_TOWN_UNIVERSITY,2026-09-29T03:15:00Z,27.0,1008.2,100.0,26.2036,91.8654,42.1,ASSAM,KAMRUP_METROPOLITAN,ASSAM,India Meteorological Department AWS Portal,2026-09-29T03:23:56Z
ASGAX000,GAURIPUR_AEGCL,2026-09-29T03:15:00Z,30.4,1016.6,,26.094,89.9854,0.0,ASSAM,DHUBRI,ASSAM,India Meteorological Department AWS Portal,2026-09-29T03:23:56Z
ASGHM000,GHORAMARA_AEGCL,2026-09-29T03:15:00Z,31.5,1013.7,79.0,26.7622,92.7604,0.0,ASSAM,SONITPUR,ASSAM,India Meteorological Department AWS Portal,2026-09-29T03:23:56Z
ASGRU000,GARUKHUTI,2026-09-29T03:15:00Z,27.0,1006.7,,26.3184,91.8986,54.7,ASSAM,DARRANG,ASSAM,India Meteorological Department AWS Portal,2026-09-29T03:23:56Z
ASGUT000,GUWAHATI_CITY,2026-09-29T03:15:00Z,25.5,1008.8,100.0,26.1642,91.7566,37.1,ASSAM,KAMRUP_METROPOLITAN,ASSAM,India Meteorological Department AWS Portal,2026-09-29T03:23:56Z
ASGUV000,GAUHATI_UNIVERSITY,2026-09-29T03:15:00Z,26.2,,,26.1521,91.6566,650.0,ASSAM,KAMRUP_METROPOLITAN,ASSAM,India Meteorological Department AWS Portal,2026-09-29T03:23:56Z
ASHAF000,HAFLONG_AEGCL,2026-09-29T03:15:00Z,28.0,1008.1,92.0,25.191,93.0181,43.0,ASSAM,DIMA_HASAO,ASSAM,India Meteorological Department AWS Portal,2026-09-29T03:23:56Z
ASHBA000,HABANG_CIRCLE,2026-09-29T03:15:00Z,24.9,939.5,93.0,25.7152,92.2087,632.9,ASSAM,KARBI_ANGLONG(WEST),ASSAM,India Meteorological Department AWS Portal,2026-09-29T03:23:56Z
ASHIL000,ALGAPUR_CIRCLE,2026-09-29T03:15:00Z,32.1,1005.0,72.0,24.7543,92.5947,68.9,ASSAM,HAILAKANDI,ASSAM,India Meteorological Department AWS Portal,2026-09-29T03:23:56Z
ASIIT000,IIT GUWAHATI,2026-09-29T03:15:00Z,25.1,,100.0,26.1944,91.6924,650.0,ASSAM,KAMRUP_METROPOLITAN,ASSAM,India Meteorological Department AWS Portal,2026-09-29T03:23:56Z
ASISS000,IASST_KAMRUP,2026-09-29T03:15:00Z,26.6,,,26.1111,91.6864,650.0,ASSAM,KAMRUP_METROPOLITAN,ASSAM,India Meteorological Department AWS Portal,2026-09-29T03:23:56Z
ASKHQ000,KHERONIGHAT,2026-09-29T03:15:00Z,31.8,,70.0,25.8495,92.8816,650.0,ASSAM,KARBI_ANGLONG(WEST),ASSAM,India Meteorological Department AWS Portal,2026-09-29T03:23:56Z
ASKLO000,KALAKSHETRA,2026-09-29T03:15:00Z,27.2,,,26.1313,91.8237,650.0,ASSAM,KAMRUP_METROPOLITAN,ASSAM,India Meteorological Department AWS Portal,2026-09-29T03:23:56Z
ASKME000,KAMPUR,2026-09-29T03:15:00Z,28.9,,,26.1625,92.6646,650.0,ASSAM,NAGAON,ASSAM,India Meteorological Department AWS Portal,2026-09-29T03:23:56Z
ASKMK000,KAMAKHYA,2026-09-29T03:15:00Z,26.0,,100.0,26.1036,91.5896,650.0,ASSAM,KAMRUP_METROPOLITAN,ASSAM,India Meteorological Department AWS Portal,2026-09-29T03:23:56Z
ASLAO000,LAHOWAL,2026-09-29T03:15:00Z,,,27.0,27.4686,94.9883,650.0,ASSAM,DIBRUGARH,ASSAM,India Meteorological Department AWS Portal,2026-09-29T03:23:56Z
ASLKE000,LKHEP,2026-09-29T03:15:00Z,32.8,1008.4,73.0,25.6657,92.7825,40.5,ASSAM,DIMA_HASAO,ASSAM,India Meteorological Department AWS Portal,2026-09-29T03:23:56Z
ASLUM000,LUMDING,2026-09-29T03:15:00Z,32.0,,71.0,25.75,93.1779,650.0,ASSAM,HAJOI,ASSAM,India Meteorological Department AWS Portal,2026-09-29T03:23:56Z
ASMJU000,MAJULI,2026-09-29T03:15:00Z,35.4,1006.2,63.0,26.9778,94.1445,58.9,ASSAM,MAJULI,ASSAM,India Meteorological Department AWS Portal,2026-09-29T03:23:56Z
ASMRE000,MARGHERITA,2026-09-29T03:15:00Z,32.6,1003.5,70.0,27.2954,95.6564,81.5,ASSAM,TINSUKIA,ASSAM,India Meteorological Department AWS Portal,2026-09-29T03:23:56Z
ASMRY000,MARIYANI_AEGCL,2026-09-29T03:15:00Z,33.8,1008.4,73.0,26.6318,94.3357,40.5,ASSAM,JORHAT,ASSAM,India Meteorological Department AWS Portal,2026-09-29T03:23:56Z
ASNLB000,NALBARI_KVK,2026-09-29T03:15:00Z,28.1,1010.1,100.0,26.4707,91.4285,26.3,ASSAM,NALBARI,ASSAM,India Meteorological Department AWS Portal,2026-09-29T03:23:56Z
ASNTP000,NTPS_APDCL,2026-09-29T03:15:00Z,36.9,1005.5,48.0,27.1791,95.3749,64.7,ASSAM,TINSUKIA,ASSAM,India Meteorological Department AWS Portal,2026-09-29T03:23:56Z
ASNWI000,NERIWALAM,2026-09-29T03:15:00Z,38.6,1011.6,,26.6405,92.817,13.7,ASSAM,SONITPUR,ASSAM,India Meteorological Department AWS Portal,2026-09-29T03:23:56Z
ASPNC000,PANCHGRAM_AEGCL,2026-09-29T03:15:00Z,39.6,1006.7,45.0,24.8663,92.5938,54.7,ASSAM,HAILAKANDI,ASSAM,India Meteorological Department AWS Portal,2026-09-29T03:23:56Z
ASROW000,ROWTA_AEGCL,2026-09-29T03:15:00Z,31.1,1003.1,83.0,26.7224,92.1909,84.8,ASSAM,UDALGURI,ASSAM,India Meteorological Department AWS Portal,2026-09-29T03:23:56Z
ASRUP000,RUPAI_AEGCL,2026-09-29T03:15:00Z,35.3,1007.5,53.0,27.5989,95.566,48.0,ASSAM,TINSUKIA,ASSAM,India Meteorological Department AWS Portal,2026-09-29T03:23:56Z
ASSAF000,SAMAGURI_AEGCL,2026-09-29T03:15:00Z,31.8,1013.3,77.0,26.4055,92.843,0.0,ASSAM,NAGAON,ASSAM,India Meteorological Department AWS Portal,2026-09-29T03:23:56Z
ASSBP000,SIVSAGAR_AEGCL,2026-09-29T03:15:00Z,33.0,1009.8,71.0,27.0212,94.6722,28.8,ASSAM,SIVASAGAR,ASSAM,India Meteorological Department AWS Portal,2026-09-29T03:23:56Z
ASSLA000,SALAKATI_AEGCL,2026-09-29T03:15:00Z,31.4,1014.1,89.0,26.4407,90.368,0.0,ASSAM,KOKRAJHAR,ASSAM,India Meteorological Department AWS Portal,2026-09-29T03:23:56Z
ASSLH000,SILAPATHAR_SCIENCE_COLLEGE,2026-09-29T03:15:00Z,31.6,1004.1,61.0,27.6071,94.7327,76.5,ASSAM,DHEMAJI,ASSAM,India Meteorological Department AWS Portal,2026-09-29T03:23:56Z
ASSOF000,SONARI_AEGCL,2026-09-29T03:15:00Z,32.6,1004.4,72.0,27.0309,95.0531,73.9,ASSAM,CHARAIDEO,ASSAM,India Meteorological Department AWS Portal,2026-09-29T03:23:56Z
ASUDI000,UDI_KVK,2026-09-29T03:15:00Z,30.7,,,26.6531,92.1803,650.0,ASSAM,UDALGURI,ASSAM,India Meteorological Department AWS Portal,2026-09-29T03:23:56Z
ASUML000,UMLAPHER,2026-09-29T03:15:00Z,26.4,,94.0,25.796,92.2356,650.0,ASSAM,KARBI_ANGLONG(WEST),ASSAM,India Meteorological Department AWS Portal,2026-09-29T03:23:56Z
ASUMP000,UMPANAI_APDCL,2026-09-29T03:15:00Z,,1014.3,43.0,25.9407,92.2993,0.0,ASSAM,KARBI_ANGLONG(WEST),ASSAM,India Meteorological Department AWS Portal,2026-09-29T03:23:56Z
ASVCB000,VCBC_RANI,2026-09-29T03:15:00Z,,1009.6,100.0,26.00194,91.547729,30.4,ASSAM,KAMRUP_METROPOLITAN,ASSAM,India Meteorological Department AWS Portal,2026-09-29T03:23:56Z
B48970CA,LODI ROAD,2026-09-29T03:15:00Z,32.2,,87.0,28.5885,77.2224,160.0,DELHI,NEW_DELHI,DELHI,India Meteorological Department AWS Portal,2026-09-29T03:23:56Z
B4897E18,AHMEDABAD,2026-09-29T03:15:00Z,33.2,1002.0,57.0,23.07,72.6167,94.1,GUJARAT,AHMEDABAD,GUJARAT,India Meteorological Department AWS Portal,2026-09-29T03:23:56Z
B489804E,MUMBAI_SANTA_CRUZ,2026-09-29T03:15:00Z,30.4,1010.4,,19.100662,72.858223,23.8,MAHARASHTRA,MUMBAI_CITY,MAHARASHTRA,India Meteorological Department AWS Portal,2026-09-29T03:23:56Z
B4898E9C,CHENNAI,2026-09-29T03:15:00Z,34.0,1004.4,51.0,13.075,80.2633,73.9,TAMIL_NADU,CHENNAI,TAMIL_NADU,India Meteorological Department AWS Portal,2026-09-29T03:23:56Z
B4899338,KOLKATA AIRPORT,2026-09-29T03:15:00Z,29.1,1006.4,88.0,22.6667,88.45,57.2,WEST_BENGAL,KOLKATA,WEST_BENGAL,India Meteorological Department AWS Portal,2026-09-29T03:23:56Z
B489A6A2,MUMBAI_COLABA,2026-09-29T03:15:00Z,,1007.8,,18.897943,72.812981,45.5,MAHARASHTRA,MUMBAI_CITY,MAHARASHTRA,India Meteorological Department AWS Portal,2026-09-29T03:23:56Z
B489B5D4,SULTANPUR,2026-09-29T03:15:00Z,,1004.0,99.0,26.25,82.0,77.3,UTTAR_PRADESH,SULTANPUR,UTTAR_PRADESH,India Meteorological Department AWS Portal,2026-09-29T03:23:56Z
B489C344,THIRUVANANTHAPURAM,2026-09-29T03:15:00Z,28.7,1009.5,71.0,8.4667,76.95,31.3,KERALA,THIRUVANANTHAPURAM,KERALA,India Meteorological Department AWS Portal,2026-09-29T03:23:56Z
B489CD96,NAGPUR,2026-09-29T03:15:00Z,,992.1,81.0,21.1,79.05,177.6,MAHARASHTRA,NAGPUR,MAHARASHTRA,India Meteorological Department AWS Portal,2026-09-29T03:23:56Z
B489D032,RAIPUR,2026-09-29T03:15:00Z,25.1,991.6,,21.2115,81.6596,181.8,CHHATTISGARH,RAIPUR,CHHATTISGARH,India Meteorological Department AWS Portal,2026-09-29T03:23:56Z
B489EB7A,JODHPUR,2026-09-29T03:15:00Z,41.8,999.5,28.0,26.3,73.0167,115.1,RAJASTHAN,JODHPUR,RAJASTHAN,India Meteorological Department AWS Portal,2026-09-29T03:23:56Z
B48A1222,BANGALORE,2026-09-29T03:15:00Z,26.5,,78.0,12.97,77.5667,550.0,KARNATAKA,BANGALORE_URBAN,KARNATAKA,India Meteorological Department AWS Portal,2026-09-29T03:23:56Z
B48A3A1C,RANCHI,2026-09-29T03:15:00Z,23.7,,,23.3167,85.3167,380.0,JHARKHAND,RANCHI,JHARKHAND,India Meteorological Department AWS Portal,2026-09-29T03:23:56Z
B48A5FFA,BHOPAL,2026-09-29T03:15:00Z,28.4,,92.0,23.28,77.35,380.0,MADHYA_PRADESH,BHOPAL,MADHYA_PRADESH,India Meteorological Department AWS Portal,2026-09-29T03:23:56Z
B48A64B2,HYDERABAD,2026-09-29T03:15:00Z,31.0,1000.9,56.0,17.4633,78.495,103.3,TELANGANA,HYDERABAD,TELANGANA,India Meteorological Department AWS Portal,2026-09-29T03:23:56Z
B48A6A60,JAISALMER,2026-09-29T03:15:00Z,40.1,998.4,19.0,26.9,70.9167,124.4,RAJASTHAN,JAISALMER,RAJASTHAN,India Meteorological Department AWS Portal,2026-09-29T03:23:56Z
B48A77C4,GURGAON,2026-09-29T03:15:00Z,30.6,1003.0,56.0,28.42,77.0,85.7,HARYANA,GURGAON,HARYANA,India Meteorological Department AWS Portal,2026-09-29T03:23:56Z
B48A7916,JAIPUR,2026-09-29T03:15:00Z,29.8,1004.7,58.0,26.8,75.8,71.4,RAJASTHAN,JAIPUR,RAJASTHAN,India Meteorological Department AWS Portal,2026-09-29T03:23:56Z
B48A8740,LUCKNOW,2026-09-29T03:15:00Z,23.3,1001.9,100.0,26.8667,80.9167,94.9,UTTAR_PRADESH,LUCKNOW,UTTAR_PRADESH,India Meteorological Department AWS Portal,2026-09-29T03:23:56Z
B48A8992,AGRA,2026-09-29T03:15:00Z,28.1,1004.6,93.0,27.17123,78.03123,72.3,UTTAR_PRADESH,AGRA,UTTAR_PRADESH,India Meteorological Department AWS Portal,2026-09-29T03:23:56Z
B48A9436,MATHURA,2026-09-29T03:15:00Z,28.7,966.6,88.0,27.5,77.6667,395.8,UTTAR_PRADESH,MATHURA,UTTAR_PRADESH,India Meteorological Department AWS Portal,2026-09-29T03:23:56Z
B4966C62,RAJGURUNAGAR,2026-09-29T03:15:00Z,25.9,954.4,91.0,18.841,73.884,501.9,MAHARASHTRA,PUNE,MAHARASHTRA,India Meteorological Department AWS Portal,2026-09-29T03:23:56Z
BIAAI000,ARRABARI,2026-09-29T03:15:00Z,27.8,1009.4,81.0,26.275,88.035,32.1,BIHAR,KRISHNAGANJ,BIHAR,India Meteorological Department AWS Portal,2026-09-29T03:23:56Z
BIAAR000,ARARIA_KVK,2026-09-29T03:15:00Z,27.6,,83.0,26.1183,87.4492,160.0,BIHAR,ARARIA,BIHAR,India Meteorological Department AWS Portal,2026-09-29T03:23:56Z
BIAGN000,AGWANPUR_AWS400,2026-09-29T03:15:00Z,26.4,1006.8,100.0,25.9288,86.5597,53.8,BIHAR,SAHARSA,BIHAR,India Meteorological Department AWS Portal,2026-09-29T03:23:56Z
BIAWL000,ARWAL_AWS400,2026-09-29T03:15:00Z,25.4,996.1,100.0,25.1495,84.5135,143.8,BIHAR,ARWAL,BIHAR,India Meteorological Department AWS Portal,2026-09-29T03:23:56Z
BIBHX000,KVK_BARH,2026-09-29T03:15:00Z,26.5,1000.1,100.0,25.4542,85.7213,110.1,BIHAR,PATNA,BIHAR,India Meteorological Department AWS Portal,2026-09-29T03:23:56Z
BIBKM000,BIKRAMGANJ,2026-09-29T03:15:00Z,25.6,1001.6,100.0,25.2225,84.24,97.4,BIHAR,SASARAM,BIHAR,India Meteorological Department AWS Portal,2026-09-29T03:23:56Z
BIBLE000,BALDWIN ACADEMY,2026-09-29T03:15:00Z,27.6,,93.0,25.5634,85.2214,160.0,BIHAR,PATNA,BIHAR,India Meteorological Department AWS Portal,2026-09-29T03:23:56Z
BIBOY000,BODHGAYA,2026-09-29T03:15:00Z,25.9,999.5,96.0,24.6837,84.9635,115.1,BIHAR,GAYA,BIHAR,India Meteorological Department AWS Portal,2026-09-29T03:23:56Z
BIDEI000,DEHRI,2026-09-29T03:15:00Z,32.4,,96.0,24.8895,84.1715,160.0,BIHAR,ROHTAS,BIHAR,India Meteorological Department AWS Portal,2026-09-29T03:23:56Z
BIDMA000,DUMARAON,2026-09-29T03:15:00Z,25.5,1001.0,100.0,25.5333,84.1592,102.5,BIHAR,BUXAR,BIHAR,India Meteorological Department AWS Portal,2026-09-29T03:23:56Z
BIDNP000,DANAPUR_DPS,2026-09-29T03:15:00Z,33.4,,92.0,25.6294,85.0172,160.0,BIHAR,PATNA,BIHAR,India Meteorological Department AWS Portal,2026-09-29T03:23:56Z
BIDRB000,DARBHANGA_AWS400,2026-09-29T03:15:00Z,25.9,995.8,100.0,26.1642,85.9004,146.3,BIHAR,DARBHANGA,BIHAR,India Meteorological Department AWS Portal,2026-09-29T03:23:56Z
BIIIB000,IIT_PATNA,2026-09-29T03:15:00Z,25.7,1001.0,100.0,25.538424,84.845999,102.5,BIHAR,PATNA,BIHAR,India Meteorological Department AWS Portal,2026-09-29T03:23:56Z
BIJEH000,JEHANABAD,2026-09-29T03:15:00Z,26.7,,100.0,25.18143,85.13712,160.0,BIHAR,JEHANABAD,BIHAR,India Meteorological Department AWS Portal,2026-09-29T03:23:56Z
BIMDN000,MADHEPURA,2026-09-29T03:15:00Z,26.4,1008.6,100.0,25.9184,86.8043,38.8,BIHAR,MADHEPURA,BIHAR,India Meteorological Department AWS Portal,2026-09-29T03:23:56Z
BIMJI000,MANJHI,2026-09-29T03:15:00Z,26.4,1005.7,71.0,25.8419,84.5898,63.0,BIHAR,SARAN,BIHAR,India Meteorological Department AWS Portal,2026-09-29T03:23:56Z
BIMNU000,KVK_MUNGER,2026-09-29T03:15:00Z,25.8,1007.9,20.0,25.3706,86.4997,44.6,BIHAR,MUNGER,BIHAR,India Meteorological Department AWS Portal,2026-09-29T03:23:56Z
BIPIP000,EAST CHAMPARAN_KVK,2026-09-29T03:15:00Z,,,10.0,26.5446,84.9424,160.0,BIHAR,EAST_CHAMPARAN,BIHAR,India Meteorological Department AWS Portal,2026-09-29T03:23:56Z
BIPSS000,PUSA_AWS400,2026-09-29T03:15:00Z,26.4,1004.4,100.0,25.9793,85.6771,73.9,BIHAR,SAMASTIPUR,BIHAR,India Meteorological Department AWS Portal,2026-09-29T03:23:56Z
BIPUM000,PURNEA_IMD,2026-09-29T03:15:00Z,35.8,,98.0,25.7762,87.4745,160.0,BIHAR,PURNEA,BIHAR,India Meteorological Department AWS Portal,2026-09-29T03:23:56Z
BIRJI000,RAJGIR,2026-09-29T03:15:00Z,26.4,995.3,99.0,25.0119,85.3755,150.5,BIHAR,NALANDA,BIHAR,India Meteorological Department AWS Portal,2026-09-29T03:23:56Z
BISAQ000,SARAIYA_KVK,2026-09-29T03:15:00Z,26.5,,83.0,26.03,85.144,160.0,BIHAR,MUZAFFARPUR,BIHAR,India Meteorological Department AWS Portal,2026-09-29T03:23:56Z
BISBB000,AGRICULTURE UNIVERSITY_KVK,2026-09-29T03:15:00Z,27.7,,,25.2401,87.0493,160.0,BIHAR,BHAGALPUR,BIHAR,India Meteorological Department AWS Portal,2026-09-29T03:23:56Z
BISHE000,SHEIKPURA_KVK,2026-09-29T03:15:00Z,27.8,,,25.0739,85.851,160.0,BIHAR,SHEIKPURA,BIHAR,India Meteorological Department AWS Portal,2026-09-29T03:23:56Z
BISIE000,AURANGABAD_KVK,2026-09-29T03:15:00Z,25.6,,100.0,24.8373,84.2844,160.0,BIHAR,AURANGABAD,BIHAR,India Meteorological Department AWS Portal,2026-09-29T03:23:56Z
BISPV000,SUPAUL_AWS400,2026-09-29T03:15:00Z,26.1,1006.3,94.0,26.3047,86.8382,58.0,BIHAR,SUPAUL,BIHAR,India Meteorological Department AWS Portal,2026-09-29T03:23:56Z
BISUE000,SUKHET,2026-09-29T03:15:00Z,26.1,1006.9,95.0,26.2644,86.3199,53.0,BIHAR,MADHUBANI,BIHAR,India Meteorological Department AWS Portal,2026-09-29T03:23:56Z
BIT,KIBITOO_CIRCLE,2026-09-29T03:15:00Z,27.9,,42.0,28.2598,97.0716,650.0,ARUNACHAL_PRADESH,ANJAW,ARUNACHAL_PRADESH,India Meteorological Department AWS Portal,2026-09-29T03:23:56Z
BITIN000,KATIHAR_KVK,2026-09-29T03:15:00Z,28.2,,,25.5308,87.5801,160.0,BIHAR,KATIHAR,BIHAR,India Meteorological Department AWS Portal,2026-09-29T03:23:56Z
BIVJA000,BANKA_KVK,2026-09-29T03:15:00Z,,,9.0,24.8647,86.9166,160.0,BIHAR,BANKA,BIHAR,India Meteorological Department AWS Portal,2026-09-29T03:23:56Z
BIZIA000,ZIRADEI,2026-09-29T03:15:00Z,25.6,1007.2,100.0,26.1484,84.2689,50.5,BIHAR,SIWAN,BIHAR,India Meteorological Department AWS Portal,2026-09-29T03:23:56Z
CGBBO000,BALOD_AWS400,2026-09-29T03:15:00Z,25.0,996.1,100.0,20.7057,81.23,143.8,CHHATTISGARH,BALOD,CHHATTISGARH,India Meteorological Department AWS Portal,2026-09-29T03:23:56Z
CGBEM000,BEMETARA,2026-09-29T03:15:00Z,25.4,991.8,100.0,21.7014,81.5474,180.1,CHHATTISGARH,BEMETARA,CHHATTISGARH,India Meteorological Department AWS Portal,2026-09-29T03:23:56Z
CGBMB000,BALRAMPUR_AWS400,2026-09-29T03:15:00Z,24.5,997.9,100.0,23.6026,83.6098,128.6,CHHATTISGARH,BALRAMPUR,CHHATTISGARH,India Meteorological Department AWS Portal,2026-09-29T03:23:56Z
CGDAC000,DAV_SCHOOL,2026-09-29T03:15:00Z,30.0,966.8,67.0,30.7347,76.806,394.1,CHANDIGARH,CHANDIGARH,CHANDIGARH,India Meteorological Department AWS Portal,2026-09-29T03:23:56Z
CGLAN000,LAKHANPUR_KVK,2026-09-29T03:15:00Z,24.2,,67.0,22.472,82.5232,380.0,CHHATTISGARH,KORBA,CHHATTISGARH,India Meteorological Department AWS Portal,2026-09-29T03:23:56Z
CGMUJ000,MUNGELI_AWS400,2026-09-29T03:15:00Z,25.3,994.0,,22.0839,81.7266,161.5,CHHATTISGARH,MUNGELI,CHHATTISGARH,India Meteorological Department AWS Portal,2026-09-29T03:23:56Z
CGPED000,PENDRA_ROAD,2026-09-29T03:15:00Z,24.4,992.4,98.0,22.7595,81.8993,175.0,CHHATTISGARH,PENDRA_ROAD,CHHATTISGARH,India Meteorological Department AWS Portal,2026-09-29T03:23:56Z
CGSKU000,SUKMA,2026-09-29T03:15:00Z,25.6,995.2,98.0,18.3909,81.6569,151.4,CHHATTISGARH,SUKMA,CHHATTISGARH,India Meteorological Department AWS Portal,2026-09-29T03:23:56Z
CGSUB000,SURAJPUR_AWS400,2026-09-29T03:15:00Z,25.9,996.6,79.0,23.2137,82.8687,139.5,CHHATTISGARH,SURAJPUR,CHHATTISGARH,India Meteorological Department AWS Portal,2026-09-29T03:23:56Z
DEIGN000,IGNOU,2026-09-29T03:15:00Z,31.1,1004.0,38.0,28.4935,77.2013,77.3,DELHI,DELHI,DELHI,India Meteorological Department AWS Portal,2026-09-29T03:23:56Z
DEKCR000,KVK_CRPF_CAMPUS,2026-09-29T03:15:00Z,31.2,1003.3,59.0,28.6322,76.9547,83.2,DELHI,DELHI,DELHI,India Meteorological Department AWS Portal,2026-09-29T03:23:56Z
DEKVJ000,KV_JANAKPURI,2026-09-29T03:15:00Z,31.1,1006.2,,28.6178,77.0858,58.9,DELHI,DELHI,DELHI,India Meteorological Department AWS Portal,2026-09-29T03:23:56Z
DEKVM000,KV_KAMALA_NEHRU_NAGAR,2026-09-29T03:15:00Z,30.3,1002.2,62.0,28.6789,77.4648,92.4,DELHI,GAZIABAD,DELHI,India Meteorological Department AWS Portal,2026-09-29T03:23:56Z
DEKVN000,KV_NARAYNA,2026-09-29T03:15:00Z,32.3,1000.7,50.0,28.6155,77.1367,105.0,DELHI,DELHI,DELHI,India Meteorological Department AWS Portal,2026-09-29T03:23:56Z
DEKVT000,KV2_AIRFORCE_HINDON,2026-09-29T03:15:00Z,31.0,1006.2,63.0,28.6936,77.3643,58.9,DELHI,GAZIABAD,DELHI,India Meteorological Department AWS Portal,2026-09-29T03:23:56Z
DENCU000,NORTHCAP_UNIVERSITY,2026-09-29T03:15:00Z,30.5,1023.7,57.0,28.5029,77.0511,0.0,DELHI,GURGAON,DELHI,India Meteorological Department AWS Portal,2026-09-29T03:23:56Z
DEPSC000,PHARMA_SCIENCE_AND_RESEARCH_UN,2026-09-29T03:15:00Z,29.9,1003.3,68.0,28.5168,77.2234,83.2,DELHI,DELHI,DELHI,India Meteorological Department AWS Portal,2026-09-29T03:23:56Z
DNDNH000,SILVASSA,2026-09-29T03:15:00Z,31.2,1008.0,35.0,20.2703,73.0049,43.8,DADRA_AND_NAGAR_HAVELI,DADAR_NAGAR,DADRA_AND_NAGAR_HAVELI,India Meteorological Department AWS Portal,2026-09-29T03:23:56Z
GOCAU000,MOPA_AIRPORT,2026-09-29T03:15:00Z,29.5,1011.5,78.0,15.7342,73.8602,14.6,GOA,NORTH_GOA,GOA,India Meteorological Department AWS Portal,2026-09-29T03:23:56Z
GOGAB000,GOA_STATE_BIODIVERSITY_BOARD,2026-09-29T03:15:00Z,30.0,1007.5,91.0,15.5345,73.7916,48.0,GOA,NORTH_GOA,GOA,India Meteorological Department AWS Portal,2026-09-29T03:23:56Z
GOPDN000,ALTINHO_IMDOFFICE,2026-09-29T03:15:00Z,28.6,1007.3,64.0,15.492,73.8252,49.7,GOA,PANAJI,GOA,India Meteorological Department AWS Portal,2026-09-29T03:23:56Z
GUAMJ000,AMBAJI_TEMPLE,2026-09-29T03:15:00Z,33.4,1003.4,37.0,24.331,72.8517,82.3,GUJARAT,BANASKANTHA,GUJARAT,India Meteorological Department AWS Portal,2026-09-29T03:23:56Z
GUAPT000,TALAJA_AWS400,2026-09-29T03:15:00Z,33.6,1004.7,52.0,21.3646,72.0261,71.4,GUJARAT,BHAVNAGAR,GUJARAT,India Meteorological Department AWS Portal,2026-09-29T03:23:56Z
GUATH000,SURAT_KVK,2026-09-29T03:15:00Z,31.7,,,21.1677,72.8032,220.0,GUJARAT,SURAT,GUJARAT,India Meteorological Department AWS Portal,2026-09-29T03:23:56Z
GUBWA000,BHAVNAGAR,2026-09-29T03:15:00Z,33.7,1005.4,46.0,21.7851,72.0793,65.6,GUJARAT,BHAVNAGAR,GUJARAT,India Meteorological Department AWS Portal,2026-09-29T03:23:56Z
GUDOE000,DHORELA,2026-09-29T03:15:00Z,34.8,1004.8,44.0,22.2586,72.185,70.6,GUJARAT,AHMEDABAD,GUJARAT,India Meteorological Department AWS Portal,2026-09-29T03:23:56Z
GUDWR000,DWARKA,2026-09-29T03:15:00Z,29.3,1007.2,87.0,22.2403,68.9597,50.5,GUJARAT,DWARKA,GUJARAT,India Meteorological Department AWS Portal,2026-09-29T03:23:56Z
GUHIM000,HIMATNAGAR,2026-09-29T03:15:00Z,,1004.6,55.0,23.5865,72.949,72.3,GUJARAT,SABARKANTHA,GUJARAT,India Meteorological Department AWS Portal,2026-09-29T03:23:56Z
GUHLA000,HALWAD,2026-09-29T03:15:00Z,34.2,1004.9,50.0,23.0096,71.1891,69.7,GUJARAT,MORBI,GUJARAT,India Meteorological Department AWS Portal,2026-09-29T03:23:56Z
GUJFD000,DHARI_AWS400,2026-09-29T03:15:00Z,32.4,1006.9,59.0,21.344,71.0193,53.0,GUJARAT,AMRELI,GUJARAT,India Meteorological Department AWS Portal,2026-09-29T03:23:56Z
GUKCA000,MUNDRA,2026-09-29T03:15:00Z,33.2,1007.1,61.0,22.8237,69.7225,51.3,GUJARAT,KACHCHH,GUJARAT,India Meteorological Department AWS Portal,2026-09-29T03:23:56Z
GUKMH000,KHAMBHAT_AWS400,2026-09-29T03:15:00Z,31.9,1005.1,58.0,22.3404,72.6401,68.1,GUJARAT,ANAND,GUJARAT,India Meteorological Department AWS Portal,2026-09-29T03:23:56Z
GULUA000,LUNAVADA,2026-09-29T03:15:00Z,33.6,1001.5,48.0,23.1267,73.603,98.3,GUJARAT,MAHISAGAR,GUJARAT,India Meteorological Department AWS Portal,2026-09-29T03:23:56Z
GUMDS000,MODASA,2026-09-29T03:15:00Z,33.5,1005.8,48.0,23.4643,73.2988,62.2,GUJARAT,ARAWALI,GUJARAT,India Meteorological Department AWS Portal,2026-09-29T03:23:56Z
GUMES000,JAGUDAN,2026-09-29T03:15:00Z,33.2,1006.4,54.0,23.5119,72.4023,57.2,GUJARAT,MAHESANA,GUJARAT,India Meteorological Department AWS Portal,2026-09-29T03:23:56Z
GUPOB000,PORBANDAR,2026-09-29T03:15:00Z,30.0,1007.4,79.0,21.6423,69.6626,48.8,GUJARAT,PORBANDAR,GUJARAT,India Meteorological Department AWS Portal,2026-09-29T03:23:56Z
GURDP000,RADHANPUR,2026-09-29T03:15:00Z,33.7,1003.6,52.0,23.8335,71.5867,80.6,GUJARAT,PATAN,GUJARAT,India Meteorological Department AWS Portal,2026-09-29T03:23:56Z
GURRP000,RAPAR,2026-09-29T03:15:00Z,35.0,1004.3,43.0,23.5507,70.6429,74.8,GUJARAT,KACHCHH,GUJARAT,India Meteorological Department AWS Portal,2026-09-29T03:23:56Z
GUSEI000,SCIENCE_CITY,2026-09-29T03:15:00Z,33.5,1010.5,53.0,23.0808,72.4943,22.9,GUJARAT,AHMEDABAD,GUJARAT,India Meteorological Department AWS Portal,2026-09-29T03:23:56Z
GUSTU000,HANSOT_AWS400,2026-09-29T03:15:00Z,31.1,1006.9,72.0,21.5822,72.8164,53.0,GUJARAT,BHARUCH,GUJARAT,India Meteorological Department AWS Portal,2026-09-29T03:23:56Z
GUTDH000,THARAD_AWS400,2026-09-29T03:15:00Z,35.2,1003.7,36.0,24.4033,71.5849,79.8,GUJARAT,BANASKANTHA,GUJARAT,India Meteorological Department AWS Portal,2026-09-29T03:23:56Z
GUVAO000,VADODARA_AWS400,2026-09-29T03:15:00Z,32.9,1005.1,,22.3114,73.1826,68.1,GUJARAT,VADODARA,GUJARAT,India Meteorological Department AWS Portal,2026-09-29T03:23:56Z
GUVER000,VERAVAL _ AWS400,2026-09-29T03:15:00Z,29.5,1007.2,82.0,20.9076,70.3571,50.5,GUJARAT,GIR SOMNATH,GUJARAT,India Meteorological Department AWS Portal,2026-09-29T03:23:56Z
GUVRA000,VYARA_AWS400,2026-09-29T03:15:00Z,31.4,1005.7,54.0,21.1024,73.3939,63.0,GUJARAT,TAPI,GUJARAT,India Meteorological Department AWS Portal,2026-09-29T03:23:56Z
GUWAG000,DANG_KVK,2026-09-29T03:15:00Z,30.7,,72.0,20.776,73.5063,220.0,GUJARAT,DANG,GUJARAT,India Meteorological Department AWS Portal,2026-09-29T03:23:56Z
HACCV000,CANAL_COLONY_VILLAGE_OTTU,2026-09-29T03:15:00Z,27.3,1003.7,92.0,29.4932,74.8925,79.8,HARYANA,SIRSA,HARYANA,India Meteorological Department AWS Portal,2026-09-29T03:23:56Z
HACRH000,CANAL_REST_HOUSE,2026-09-29T03:15:00Z,32.5,1004.6,28.0,28.7785,76.7758,72.3,HARYANA,ROHTAK,HARYANA,India Meteorological Department AWS Portal,2026-09-29T03:23:56Z
HACRS000,CANAL_RESTHOUSE_SARAGTHAL,2026-09-29T03:15:00Z,9.9,1006.2,38.0,29.1209,76.8287,58.9,HARYANA,SONIPAT,HARYANA,India Meteorological Department AWS Portal,2026-09-29T03:23:56Z
HAHTH000,HATHINKUNDBERAJ,2026-09-29T03:15:00Z,30.0,1003.5,63.0,30.3159,77.5824,81.5,HARYANA,YAMUNANAGAR,HARYANA,India Meteorological Department AWS Portal,2026-09-29T03:23:56Z
HAINR000,INDRI_REST_HOUSE,2026-09-29T03:15:00Z,30.5,1005.6,,29.8829,77.0504,63.9,HARYANA,KARNAL,HARYANA,India Meteorological Department AWS Portal,2026-09-29T03:23:56Z
HAPWS000,PALWAL_WATER_SERVICE_DIVISION,2026-09-29T03:15:00Z,29.4,1006.6,,28.1082,77.3312,55.5,HARYANA,PALWAL,HARYANA,India Meteorological Department AWS Portal,2026-09-29T03:23:56Z
HAREX000,REVENUE_OFFICE_AWS400,2026-09-29T03:15:00Z,27.2,1001.3,51.0,28.5948,75.275,100.0,HARYANA,CHARKHI_DADRI,HARYANA,India Meteorological Department AWS Portal,2026-09-29T03:23:56Z
HASHI000,GURGAON_KVK,2026-09-29T03:15:00Z,30.6,,13.0,28.372,76.9881,160.0,HARYANA,GURGAON,HARYANA,India Meteorological Department AWS Portal,2026-09-29T03:23:56Z
HAURB000,KURUKSHETRA_KVK,2026-09-29T03:15:00Z,31.6,,,29.97,76.8538,160.0,HARYANA,KURUKSHETRA,HARYANA,India Meteorological Department AWS Portal,2026-09-29T03:23:56Z
HPBIE000,BILASPUR_KVK,2026-09-29T03:15:00Z,28.1,,69.0,31.414,76.649,1600.0,HIMACHAL_PRADESH,BILASPUR,HIMACHAL_PRADESH,India Meteorological Department AWS Portal,2026-09-29T03:23:56Z
HPHAV000,HAMIRPUR_NERI,2026-09-29T03:15:00Z,30.0,966.2,60.0,31.4152,76.2803,399.3,HIMACHAL_PRADESH,HAMIRPUR,HIMACHAL_PRADESH,India Meteorological Department AWS Portal,2026-09-29T03:23:56Z
HPSUD000,SUNDERNAGAR_KVK,2026-09-29T03:15:00Z,26.7,,73.0,32.56,76.12,1600.0,HIMACHAL_PRADESH,MANDI,HIMACHAL_PRADESH,India Meteorological Department AWS Portal,2026-09-29T03:23:56Z
HPTAB000,TABO,2026-09-29T03:15:00Z,24.0,,7.0,32.0915,78.3851,1600.0,HIMACHAL_PRADESH,LAHAUL_AND_SPITI,HIMACHAL_PRADESH,India Meteorological Department AWS Portal,2026-09-29T03:23:56Z
JHBAQ000,BANO-SIMDEGA_KVK,2026-09-29T03:15:00Z,24.8,,60.0,22.6358,84.9077,380.0,JHARKHAND,SIMDEGA,JHARKHAND,India Meteorological Department AWS Portal,2026-09-29T03:23:56Z
JHBED000,GIRIDIH-BENGABAD_KVK,2026-09-29T03:15:00Z,,,11.0,24.2742,86.3815,380.0,JHARKHAND,GIRIDIH,JHARKHAND,India Meteorological Department AWS Portal,2026-09-29T03:23:56Z
JHBIU000,GUMLA-BISHNUPUR_KVK,2026-09-29T03:15:00Z,25.4,,80.0,23.4363,84.3216,380.0,JHARKHAND,GUMLA,JHARKHAND,India Meteorological Department AWS Portal,2026-09-29T03:23:56Z
JHBIV000,BARHI,2026-09-29T03:15:00Z,25.4,1000.6,97.0,24.2812,85.3497,105.8,JHARKHAND,HAZARIBAGH,JHARKHAND,India Meteorological Department AWS Portal,2026-09-29T03:23:56Z
JHBQA000,BAHRAGORA,2026-09-29T03:15:00Z,27.5,1000.3,100.0,22.2757,86.7119,108.4,JHARKHAND,EAST_SINGHBHUM,JHARKHAND,India Meteorological Department AWS Portal,2026-09-29T03:23:56Z
JHDEO000,DEOGHAR_AWS400,2026-09-29T03:15:00Z,24.9,1003.7,,24.4925,86.6611,79.8,JHARKHAND,DEOGHAR,JHARKHAND,India Meteorological Department AWS Portal,2026-09-29T03:23:56Z
JHDIY000,DIYAKEL-KHUNTI_KVK,2026-09-29T03:15:00Z,24.8,,,22.9558,85.1182,380.0,JHARKHAND,KHUNTI,JHARKHAND,India Meteorological Department AWS Portal,2026-09-29T03:23:56Z
JHJAP000,JAGANNATHPUR-BAU_KVK,2026-09-29T03:15:00Z,24.3,,,22.2185,85.6394,380.0,JHARKHAND,WEST_SINGHBHUM,JHARKHAND,India Meteorological Department AWS Portal,2026-09-29T03:23:56Z
JHKDO000,KODARMA,2026-09-29T03:15:00Z,24.4,1003.2,98.0,24.4757,85.5938,84.0,JHARKHAND,KODARMA,JHARKHAND,India Meteorological Department AWS Portal,2026-09-29T03:23:56Z
JHKVB000,KV_BOKARO,2026-09-29T03:15:00Z,25.0,1001.4,100.0,23.6688,86.1536,99.1,JHARKHAND,BOKARO,JHARKHAND,India Meteorological Department AWS Portal,2026-09-29T03:23:56Z
JHLOA000,LOHARDAGA_KVK,2026-09-29T03:15:00Z,,,11.0,23.5123,84.6686,380.0,JHARKHAND,LOHARDAGA,JHARKHAND,India Meteorological Department AWS Portal,2026-09-29T03:23:56Z
JHNTT000,NETARHAT,2026-09-29T03:15:00Z,20.5,929.3,97.0,23.4742,84.2609,723.6,JHARKHAND,LATEHAR,JHARKHAND,India Meteorological Department AWS Portal,2026-09-29T03:23:56Z
JHPAS000,PAKUR_KVK,2026-09-29T03:15:00Z,27.0,,,24.4717,87.7629,380.0,JHARKHAND,PAKUR,JHARKHAND,India Meteorological Department AWS Portal,2026-09-29T03:23:56Z
JHRME000,RAMGARH_KVK,2026-09-29T03:15:00Z,,,100.0,23.8121,85.4689,380.0,JHARKHAND,RAMGARH,JHARKHAND,India Meteorological Department AWS Portal,2026-09-29T03:23:56Z
JHSKA000,SARAIKELA,2026-09-29T03:15:00Z,26.3,1000.6,99.0,22.7158,85.954,105.8,JHARKHAND,SARAIKELA,JHARKHAND,India Meteorological Department AWS Portal,2026-09-29T03:23:56Z
JHSMG000,SIMDEGA,2026-09-29T03:15:00Z,26.3,997.3,95.0,22.5899,84.5173,133.6,JHARKHAND,SIMDEGA,JHARKHAND,India Meteorological Department AWS Portal,2026-09-29T03:23:56Z
JKBML000,BARAMULLA_KVK,2026-09-29T03:15:00Z,26.6,,33.0,34.096,74.525,1600.0,JAMMU_AND_KASHMIR,BARAMULLA,JAMMU_AND_KASHMIR,India Meteorological Department AWS Portal,2026-09-29T03:23:56Z
JKGUB000,GULABGARH,2026-09-29T03:15:00Z,24.7,,30.0,33.2667,76.172,1600.0,JAMMU_AND_KASHMIR,KISHTWAR,JAMMU_AND_KASHMIR,India Meteorological Department AWS Portal,2026-09-29T03:23:56Z
JKJMU000,JAMMU,2026-09-29T03:15:00Z,29.1,1001.3,66.0,32.7266,74.857,100.0,JAMMU_AND_KASHMIR,JAMMU,JAMMU_AND_KASHMIR,India Meteorological Department AWS Portal,2026-09-29T03:23:56Z
JKKUP000,KUPW_KVK,2026-09-29T03:15:00Z,26.4,,25.0,34.516,74.256,1600.0,JAMMU_AND_KASHMIR,KUPWARA,JAMMU_AND_KASHMIR,India Meteorological Department AWS Portal,2026-09-29T03:23:56Z
JKPNC000,POONCH,2026-09-29T03:15:00Z,29.1,,38.0,33.7665,74.111,1600.0,JAMMU_AND_KASHMIR,POONCH,JAMMU_AND_KASHMIR,India Meteorological Department AWS Portal,2026-09-29T03:23:56Z
JKREA000,REASI_KVK,2026-09-29T03:15:00Z,31.6,,55.0,32.994,74.832,1600.0,JAMMU_AND_KASHMIR,REASI,JAMMU_AND_KASHMIR,India Meteorological Department AWS Portal,2026-09-29T03:23:56Z
KAAGB000,AGUMBE,2026-09-29T03:15:00Z,22.2,946.9,100.0,13.5062,75.0384,567.6,KARNATAKA,SHIVAMOGGA,KARNATAKA,India Meteorological Department AWS Portal,2026-09-29T03:23:56Z
KABDB000,BAGALKOT_KVK,2026-09-29T03:15:00Z,32.8,,49.0,16.2861,76.1672,550.0,KARNATAKA,BAGALKOT,KARNATAKA,India Meteorological Department AWS Portal,2026-09-29T03:23:56Z
KACHQ000,CHANDURAYANGHALLI_KVK,2026-09-29T03:15:00Z,28.0,,44.0,12.9788,77.1925,550.0,KARNATAKA,RAMANAGARA,KARNATAKA,India Meteorological Department AWS Portal,2026-09-29T03:23:56Z
KACIB000,CHIKBALLAPUR(DHQ),2026-09-29T03:15:00Z,24.7,,91.0,13.4394,77.7951,550.0,KARNATAKA,CHIKBALLAPUR,KARNATAKA,India Meteorological Department AWS Portal,2026-09-29T03:23:56Z
KADOB000,DODDABALLAPURA,2026-09-29T03:15:00Z,27.3,,68.0,13.3727,77.5498,550.0,KARNATAKA,BANGALORE_RURAL,KARNATAKA,India Meteorological Department AWS Portal,2026-09-29T03:23:56Z
KAHAG000,HAGARI_KVK,2026-09-29T03:15:00Z,31.9,,54.0,15.1385,77.0612,550.0,KARNATAKA,BELLARY,KARNATAKA,India Meteorological Department AWS Portal,2026-09-29T03:23:56Z
KAHIR000,HIRIYUR,2026-09-29T03:15:00Z,27.9,1005.3,65.0,13.9596,76.6456,66.4,KARNATAKA,CHITRADURGA,KARNATAKA,India Meteorological Department AWS Portal,2026-09-29T03:23:56Z
KAHSA000,HASSAN,2026-09-29T03:15:00Z,22.6,,100.0,12.9795,76.0427,550.0,KARNATAKA,HASSAN,KARNATAKA,India Meteorological Department AWS Portal,2026-09-29T03:23:56Z
KAKKA000,GANGAVATHI_KVK,2026-09-29T03:15:00Z,31.5,,47.0,15.455,76.5303,550.0,KARNATAKA,KOPPAL,KARNATAKA,India Meteorological Department AWS Portal,2026-09-29T03:23:56Z
KAMAK000,MANDYA_KVK,2026-09-29T03:15:00Z,26.7,,61.0,12.5685,76.8322,550.0,KARNATAKA,MANDYA,KARNATAKA,India Meteorological Department AWS Portal,2026-09-29T03:23:56Z
KAMGL000,MANGALURU,2026-09-29T03:15:00Z,27.6,1009.3,89.0,12.893,74.8684,32.9,KARNATAKA,DAKSHINA_KANNADA,KARNATAKA,India Meteorological Department AWS Portal,2026-09-29T03:23:56Z
KAMUE000,MUDIGERE_KVK,2026-09-29T03:15:00Z,23.7,,89.0,13.1156,75.6392,550.0,KARNATAKA,CHIKMAGALUR,KARNATAKA,India Meteorological Department AWS Portal,2026-09-29T03:23:56Z
KATAM000,TAMAKA_KVK,2026-09-29T03:15:00Z,28.0,,64.0,13.1333,78.1786,550.0,KARNATAKA,KOLAR,KARNATAKA,India Meteorological Department AWS Portal,2026-09-29T03:23:56Z
KEADA000,ADAKKAPUTHUR,2026-09-29T03:15:00Z,29.4,1009.2,79.0,10.87,76.373,33.8,KERALA,PALAKKAD,KERALA,India Meteorological Department AWS Portal,2026-09-29T03:23:56Z
KEALU000,ALUVA,2026-09-29T03:15:00Z,30.5,1004.8,37.0,10.1053,76.3567,70.6,KERALA,ERNAKULAM,KERALA,India Meteorological Department AWS Portal,2026-09-29T03:23:56Z
KEAYP000,AYYAPPANKOVIL,2026-09-29T03:15:00Z,26.2,981.9,68.0,9.71,77.01,264.3,KERALA,IDUKKI,KERALA,India Meteorological Department AWS Portal,2026-09-29T03:23:56Z
KEAYY000,AYYANKUNNU,2026-09-29T03:15:00Z,26.4,1015.6,98.0,12.0074,75.6825,0.0,KERALA,KANNUR,KERALA,India Meteorological Department AWS Portal,2026-09-29T03:23:56Z
KEBYY000,BAYAR,2026-09-29T03:15:00Z,28.6,1003.1,79.0,12.6917,75.0305,84.8,KERALA,KASARAGOD,KERALA,India Meteorological Department AWS Portal,2026-09-29T03:23:56Z
KECAV000,CHAVARA,2026-09-29T03:15:00Z,27.6,1008.5,88.0,8.9944,76.5331,39.6,KERALA,KOLLAM,KERALA,India Meteorological Department AWS Portal,2026-09-29T03:23:56Z
KECDX000,CHOONDI,2026-09-29T03:15:00Z,30.1,1007.5,66.0,9.96692,76.4409,48.0,KERALA,ERNAKULAM,KERALA,India Meteorological Department AWS Portal,2026-09-29T03:23:56Z
KECEM000,CHEMBERI,2026-09-29T03:15:00Z,26.4,,84.0,12.0964,75.5614,30.0,KERALA,KANNUR,KERALA,India Meteorological Department AWS Portal,2026-09-29T03:23:56Z
KECER000,CHERUVANCHERY,2026-09-29T03:15:00Z,27.2,995.3,100.0,11.82,75.66,150.5,KERALA,KANNUR,KERALA,India Meteorological Department AWS Portal,2026-09-29T03:23:56Z
KEKBY000,KABANIGIRI,2026-09-29T03:15:00Z,25.5,1005.6,81.0,11.8544,76.1781,63.9,KERALA,WAYANAD,KERALA,India Meteorological Department AWS Portal,2026-09-29T03:23:56Z
KEKLF000,KALPETA,2026-09-29T03:15:00Z,23.3,1001.0,97.0,11.6264,76.0886,102.5,KERALA,WAYANAD,KERALA,India Meteorological Department AWS Portal,2026-09-29T03:23:56Z
KEKNZ000,ATHIRAPPILLY,2026-09-29T03:15:00Z,29.6,1003.8,80.0,10.2879,76.5558,79.0,KERALA,THRISSUR,KERALA,India Meteorological Department AWS Portal,2026-09-29T03:23:56Z
KEKOF000,KONNI,2026-09-29T03:15:00Z,27.2,,92.0,9.2267,76.8497,30.0,KERALA,PATHANAMTHITTA,KERALA,India Meteorological Department AWS Portal,2026-09-29T03:23:56Z
KEKOH000,KOOTHATTUKULAM,2026-09-29T03:15:00Z,31.9,1005.7,53.0,9.8616,76.5957,63.0,KERALA,ERNAKULAM,KERALA,India Meteorological Department AWS Portal,2026-09-29T03:23:56Z
KEKOU000,KOVILKADAVU,2026-09-29T03:15:00Z,27.2,,38.0,10.2597,77.1688,30.0,KERALA,IDUKKI,KERALA,India Meteorological Department AWS Portal,2026-09-29T03:23:56Z
KEKOY000,KOTTAYAM,2026-09-29T03:15:00Z,29.6,997.7,61.0,9.5916,76.5222,130.3,KERALA,KOTTAYAM,KERALA,India Meteorological Department AWS Portal,2026-09-29T03:23:56Z
KEKRH000,KARAPUZHA,2026-09-29T03:15:00Z,22.3,1003.8,98.0,11.618,76.167,79.0,KERALA,WAYANAD,KERALA,India Meteorological Department AWS Portal,2026-09-29T03:23:56Z
KEKRV000,KARUVELIL_TKMIT,2026-09-29T03:15:00Z,27.1,1011.0,88.0,8.99472,76.6953,18.7,KERALA,KOLLAM,KERALA,India Meteorological Department AWS Portal,2026-09-29T03:23:56Z
KEKSZ000,KALAMASSERY,2026-09-29T03:15:00Z,31.3,1007.7,52.0,10.0557,76.3317,46.3,KERALA,ERNAKULAM,KERALA,India Meteorological Department AWS Portal,2026-09-29T03:23:56Z
KEKUE000,KUPPADI,2026-09-29T03:15:00Z,21.6,,100.0,11.6786,76.2269,30.0,KERALA,WAYANAD,KERALA,India Meteorological Department AWS Portal,2026-09-29T03:23:56Z
KEKUF000,KARUMADI,2026-09-29T03:15:00Z,31.2,1006.6,74.0,9.382,76.3898,55.5,KERALA,ALAPPUZHA,KERALA,India Meteorological Department AWS Portal,2026-09-29T03:23:56Z
KEKUJ000,KUNNAMANGALAM,2026-09-29T03:15:00Z,29.2,1006.8,90.0,11.28,75.87,53.8,KERALA,KOZHIKODE,KERALA,India Meteorological Department AWS Portal,2026-09-29T03:23:56Z
KEKUN000,KUNDALA DAM,2026-09-29T03:15:00Z,19.4,,69.0,10.1461,77.2019,30.0,KERALA,IDUKKI,KERALA,India Meteorological Department AWS Portal,2026-09-29T03:23:56Z
KEKUQ000,KUNNAMKULAM,2026-09-29T03:15:00Z,29.1,1008.2,70.0,10.6466,76.075,42.1,KERALA,THRISSUR,KERALA,India Meteorological Department AWS Portal,2026-09-29T03:23:56Z
KEKUT000,KUNNAMTHANAM,2026-09-29T03:15:00Z,30.0,1007.2,71.0,9.4325,76.5969,50.5,KERALA,PATHANAMTHITTA,KERALA,India Meteorological Department AWS Portal,2026-09-29T03:23:56Z
KELAB000,LAHA,2026-09-29T03:15:00Z,27.0,974.5,79.0,9.36222,76.8406,327.7,KERALA,PATHANAMTHITTA,KERALA,India Meteorological Department AWS Portal,2026-09-29T03:23:56Z
KELWR000,LOWER_SHOLAYAR,2026-09-29T03:15:00Z,23.4,,97.0,10.3187,76.734,30.0,KERALA,THRISSUR,KERALA,India Meteorological Department AWS Portal,2026-09-29T03:23:56Z
KEMAX000,MANNARKKAD,2026-09-29T03:15:00Z,28.0,1005.3,100.0,10.975,76.442,66.4,KERALA,PALAKKAD,KERALA,India Meteorological Department AWS Portal,2026-09-29T03:23:56Z
KEMDZ000,MADIKKAI,2026-09-29T03:15:00Z,30.9,1006.4,68.0,12.3006,75.1587,57.2,KERALA,KASARAGOD,KERALA,India Meteorological Department AWS Portal,2026-09-29T03:23:56Z
KEMLF000,MALAMPUZHA DAM,2026-09-29T03:15:00Z,28.8,1006.6,77.0,10.8403,76.6892,55.5,KERALA,PALAKKAD,KERALA,India Meteorological Department AWS Portal,2026-09-29T03:23:56Z
KEMNM000,MANGALAM_DAM,2026-09-29T03:15:00Z,30.2,1007.2,77.0,10.517,76.5356,50.5,KERALA,PALAKKAD,KERALA,India Meteorological Department AWS Portal,2026-09-29T03:23:56Z
KEMPU000,THAVANUR_KVK,2026-09-29T03:15:00Z,29.5,,75.0,10.852,75.9855,30.0,KERALA,MALAPPURAM,KERALA,India Meteorological Department AWS Portal,2026-09-29T03:23:56Z
KEMTN000,MATTANCHERRY,2026-09-29T03:15:00Z,31.6,1008.7,68.0,9.91,76.26,37.9,KERALA,ERNAKULAM,KERALA,India Meteorological Department AWS Portal,2026-09-29T03:23:56Z
KEMUC000,MUNAKKAL,2026-09-29T03:15:00Z,,1009.6,9.0,10.1808,76.1628,30.4,KERALA,THRISSUR,KERALA,India Meteorological Department AWS Portal,2026-09-29T03:23:56Z
KEMUF000,MUNDERI,2026-09-29T03:15:00Z,27.0,1007.0,100.0,11.4472,76.2494,52.2,KERALA,MALAPPURAM,KERALA,India Meteorological Department AWS Portal,2026-09-29T03:23:56Z
KEMYZ000,MULIYAR,2026-09-29T03:15:00Z,31.0,1015.7,69.0,12.5061,75.0908,0.0,KERALA,KASARAGOD,KERALA,India Meteorological Department AWS Portal,2026-09-29T03:23:56Z
KENOO000,NOORANAD,2026-09-29T03:15:00Z,28.1,1009.9,94.0,9.17,76.62,27.9,KERALA,ALAPPUZHA,KERALA,India Meteorological Department AWS Portal,2026-09-29T03:23:56Z
KEODA000,ODAKKALI,2026-09-29T03:15:00Z,31.0,1006.8,64.0,10.093,76.559,53.8,KERALA,ERNAKULAM,KERALA,India Meteorological Department AWS Portal,2026-09-29T03:23:56Z
KEOTT000,OTTAPALAM,2026-09-29T03:15:00Z,29.9,1004.9,53.0,10.8169,76.4561,69.7,KERALA,PALAKKAD,KERALA,India Meteorological Department AWS Portal,2026-09-29T03:23:56Z
KEPAD000,PADINJARATHARA_DAM,2026-09-29T03:15:00Z,24.5,1009.0,,11.656,75.946,35.4,KERALA,WAYANAD,KERALA,India Meteorological Department AWS Portal,2026-09-29T03:23:56Z
KEPAF000,PALODE,2026-09-29T03:15:00Z,30.3,1005.8,68.0,8.75333,77.0264,62.2,KERALA,THIRUVANANTHAPURAM,KERALA,India Meteorological Department AWS Portal,2026-09-29T03:23:56Z
KEPAJ000,PANATHUR,2026-09-29T03:15:00Z,29.0,1006.1,81.0,12.456,75.3671,59.7,KERALA,KASARAGOD,KERALA,India Meteorological Department AWS Portal,2026-09-29T03:23:56Z
KEPAV000,PAMPADUMPARA,2026-09-29T03:15:00Z,23.6,867.1,62.0,9.7986,77.1614,1294.6,KERALA,IDUKKI,KERALA,India Meteorological Department AWS Portal,2026-09-29T03:23:56Z
KEPAX000,PARIPPALLY,2026-09-29T03:15:00Z,28.3,1003.4,85.0,8.8136,76.7461,82.3,KERALA,KOLLAM,KERALA,India Meteorological Department AWS Portal,2026-09-29T03:23:56Z
KEPDM000,PADAMALA,2026-09-29T03:15:00Z,22.6,997.5,100.0,11.8111,76.0758,132.0,KERALA,WAYANAD,KERALA,India Meteorological Department AWS Portal,2026-09-29T03:23:56Z
KEPDZ000,PADANNAKKAD,2026-09-29T03:15:00Z,32.1,1011.6,60.0,12.1875,75.1783,13.7,KERALA,KASARAGOD,KERALA,India Meteorological Department AWS Portal,2026-09-29T03:23:56Z
KEPEC000,PEECHI,2026-09-29T03:15:00Z,29.7,1006.6,69.0,10.5303,76.3997,55.5,KERALA,THRISSUR,KERALA,India Meteorological Department AWS Portal,2026-09-29T03:23:56Z
KEPEP000,PEPPARA,2026-09-29T03:15:00Z,29.2,1005.8,81.0,8.6249,77.1442,62.2,KERALA,THIRUVANANTHAPURAM,KERALA,India Meteorological Department AWS Portal,2026-09-29T03:23:56Z
KEPGZ000,PERINGOME,2026-09-29T03:15:00Z,30.5,1011.3,69.0,12.2216,75.3073,16.2,KERALA,KANNUR,KERALA,India Meteorological Department AWS Portal,2026-09-29T03:23:56Z
KEPIR000,PIRAPPANCODE,2026-09-29T03:15:00Z,29.9,1005.3,70.0,8.65944,76.9114,66.4,KERALA,THIRUVANANTHAPURAM,KERALA,India Meteorological Department AWS Portal,2026-09-29T03:23:56Z
KEPIY000,PINARAYI,2026-09-29T03:15:00Z,29.1,1002.9,100.0,11.8107,75.4918,86.5,KERALA,KANNUR,KERALA,India Meteorological Department AWS Portal,2026-09-29T03:23:56Z
KEPLB000,PALEMAD,2026-09-29T03:15:00Z,26.2,1007.8,100.0,11.381,76.3061,45.5,KERALA,MALAPPURAM,KERALA,India Meteorological Department AWS Portal,2026-09-29T03:23:56Z
KEPOD000,PONMUDI,2026-09-29T03:15:00Z,21.5,935.0,100.0,8.7599,77.1169,672.8,KERALA,THIRUVANANTHAPURAM,KERALA,India Meteorological Department AWS Portal,2026-09-29T03:23:56Z
KEPOT000,POTHUNDY DAM,2026-09-29T03:15:00Z,27.7,1006.2,94.0,10.54,76.62,58.9,KERALA,PALAKKAD,KERALA,India Meteorological Department AWS Portal,2026-09-29T03:23:56Z
KEPTN000,PATHANAMTHITTA,2026-09-29T03:15:00Z,28.3,1010.2,80.0,9.27,76.78,25.4,KERALA,PATHANAMTHITTA,KERALA,India Meteorological Department AWS Portal,2026-09-29T03:23:56Z
KEPUN000,PUNALUR,2026-09-29T03:15:00Z,27.9,1006.0,100.0,9.01333,76.9433,60.5,KERALA,KOLLAM,KERALA,India Meteorological Department AWS Portal,2026-09-29T03:23:56Z
KERNJ000,RANNI_CHETHACKAL,2026-09-29T03:15:00Z,29.2,1006.9,74.0,9.41354,76.822,53.0,KERALA,PATHANAMTHITTA,KERALA,India Meteorological Department AWS Portal,2026-09-29T03:23:56Z
KESEF000,SECRETARIAT,2026-09-29T03:15:00Z,34.6,,7.0,23.8338,91.2916,650.0,TRIPURA,WEST_TRIPURA,TRIPURA,India Meteorological Department AWS Portal,2026-09-29T03:23:56Z
KESEG000,SENGULAM DAM,2026-09-29T03:15:00Z,25.5,,69.0,10.0124,77.0318,30.0,KERALA,IDUKKI,KERALA,India Meteorological Department AWS Portal,2026-09-29T03:23:56Z
KETHY000,THYCATTUSSERY,2026-09-29T03:15:00Z,30.5,1010.1,24.0,9.74,76.36,26.3,KERALA,ALAPPUZHA,KERALA,India Meteorological Department AWS Portal,2026-09-29T03:23:56Z
KETRQ000,THIRUVALLA_KALLUNKAL,2026-09-29T03:15:00Z,32.6,1007.0,76.0,9.35778,76.5553,52.2,KERALA,PATHANAMTHITTA,KERALA,India Meteorological Department AWS Portal,2026-09-29T03:23:56Z
KEUDO000,UDUMBANNOOR,2026-09-29T03:15:00Z,30.9,1004.5,64.0,9.8667,76.8586,73.1,KERALA,IDUKKI,KERALA,India Meteorological Department AWS Portal,2026-09-29T03:23:56Z
KEULA000,ULANADU,2026-09-29T03:15:00Z,27.5,1003.1,96.0,9.2377,76.6886,84.8,KERALA,PATHANAMTHITTA,KERALA,India Meteorological Department AWS Portal,2026-09-29T03:23:56Z
KEURU000,URUMI,2026-09-29T03:15:00Z,26.3,1004.3,100.0,11.34,76.01,74.8,KERALA,KOZHIKODE,KERALA,India Meteorological Department AWS Portal,2026-09-29T03:23:56Z
KEVAM000,VANNAMADA,2026-09-29T03:15:00Z,26.6,993.7,100.0,10.702,76.852,164.0,KERALA,PALAKKAD,KERALA,India Meteorological Department AWS Portal,2026-09-29T03:23:56Z
KEVAT000,VATTAVADA,2026-09-29T03:15:00Z,24.3,,48.0,10.1777,77.2538,30.0,KERALA,IDUKKI,KERALA,India Meteorological Department AWS Portal,2026-09-29T03:23:56Z
KEVDA000,VADAKARA,2026-09-29T03:15:00Z,29.1,1008.9,82.0,11.59,75.62,36.3,KERALA,KOZHIKODE,KERALA,India Meteorological Department AWS Portal,2026-09-29T03:23:56Z
KEVDV000,VADAVATHOOR,2026-09-29T03:15:00Z,29.7,1003.6,75.0,9.585,76.5708,80.6,KERALA,KOTTAYAM,KERALA,India Meteorological Department AWS Portal,2026-09-29T03:23:56Z
KEVIA000,VILANGAD,2026-09-29T03:15:00Z,26.8,993.7,100.0,11.7803,75.7639,164.0,KERALA,KOZHIKODE,KERALA,India Meteorological Department AWS Portal,2026-09-29T03:23:56Z
KEVKK000,VAIKKOM,2026-09-29T03:15:00Z,30.3,1007.2,65.0,9.72388,76.3925,50.5,KERALA,KOTTAYAM,KERALA,India Meteorological Department AWS Portal,2026-09-29T03:23:56Z
KEVLL000,VELLATHOOVAL,2026-09-29T03:15:00Z,26.2,1002.0,84.0,9.98,77.01,94.1,KERALA,IDUKKI,KERALA,India Meteorological Department AWS Portal,2026-09-29T03:23:56Z
KEVNJ000,VENKURINJI,2026-09-29T03:15:00Z,29.5,1007.3,77.0,9.45222,76.8578,49.7,KERALA,PATHANAMTHITTA,KERALA,India Meteorological Department AWS Portal,2026-09-29T03:23:56Z
LAKVR000,KAVARATTI_KVK,2026-09-29T03:15:00Z,33.5,,59.0,10.5445,72.6212,15.0,LAKSHADWEEP,KAVARATTI,LAKSHADWEEP,India Meteorological Department AWS Portal,2026-09-29T03:23:56Z
LDGRK000,GRAKONE,2026-09-29T03:15:00Z,22.3,,14.0,34.56,76.482,1600.0,LADAKH,KARGIL,LADAKH,India Meteorological Department AWS Portal,2026-09-29T03:23:56Z
LDKAQ000,KARGIL,2026-09-29T03:15:00Z,23.5,,12.0,34.5222,76.1422,1600.0,LADAKH,KARGIL,LADAKH,India Meteorological Department AWS Portal,2026-09-29T03:23:56Z
LDKHF000,KHALTSE,2026-09-29T03:15:00Z,23.3,,15.0,34.556,77.01,1600.0,LADAKH,LEH,LADAKH,India Meteorological Department AWS Portal,2026-09-29T03:23:56Z
LDLEE000,MC LEH,2026-09-29T03:15:00Z,17.9,,14.0,34.17,77.5767,1600.0,LADAKH,LEH,LADAKH,India Meteorological Department AWS Portal,2026-09-29T03:23:56Z
LDNUB000,NUBRA_HUNDER,2026-09-29T03:15:00Z,17.5,,26.0,34.783,77.566,1600.0,LADAKH,LEH,LADAKH,India Meteorological Department AWS Portal,2026-09-29T03:23:56Z
LDNYO000,NYOMA_KVK,2026-09-29T03:15:00Z,17.3,,9.0,33.209,78.646,1600.0,LADAKH,LEH,LADAKH,India Meteorological Department AWS Portal,2026-09-29T03:23:56Z
LDPDO000,PADUM_KVK,2026-09-29T03:15:00Z,17.5,,19.0,33.479,76.869,1600.0,LADAKH,KARGIL,LADAKH,India Meteorological Department AWS Portal,2026-09-29T03:23:56Z
LDTGT000,TANGTSE_DURBUK,2026-09-29T03:15:00Z,17.2,,13.0,33.98,78.23,1600.0,LADAKH,LEH,LADAKH,India Meteorological Department AWS Portal,2026-09-29T03:23:56Z
LDUPS000,UPSHI,2026-09-29T03:15:00Z,20.8,,13.0,33.83,77.81,1600.0,LADAKH,LEH,LADAKH,India Meteorological Department AWS Portal,2026-09-29T03:23:56Z
MAALE000,IIG_MO_ALIBAG,2026-09-29T03:15:00Z,29.7,999.2,100.0,18.644514,72.869026,117.6,MAHARASHTRA,RAIGAD,MAHARASHTRA,India Meteorological Department AWS Portal,2026-09-29T03:23:56Z
MABAY000,NIASM_BARAMATI,2026-09-29T03:15:00Z,30.9,1005.5,49.0,18.153,74.5003,64.7,MAHARASHTRA,PUNE,MAHARASHTRA,India Meteorological Department AWS Portal,2026-09-29T03:23:56Z
MABDP000,BEED_PTO,2026-09-29T03:15:00Z,32.3,1002.8,41.0,18.990814,75.748339,87.4,MAHARASHTRA,BEED,MAHARASHTRA,India Meteorological Department AWS Portal,2026-09-29T03:23:56Z
MABLO000,BLINDSCHOOL_KP_PUNE,2026-09-29T03:15:00Z,30.0,,64.0,18.54,73.8886,550.0,MAHARASHTRA,PUNE,MAHARASHTRA,India Meteorological Department AWS Portal,2026-09-29T03:23:56Z
MABRK000,BGRL_KARAD,2026-09-29T03:15:00Z,26.4,1008.1,71.0,17.32158,74.22937,43.0,MAHARASHTRA,SATARA,MAHARASHTRA,India Meteorological Department AWS Portal,2026-09-29T03:23:56Z
MABYC000,BYCULLA_MUMBAI,2026-09-29T03:15:00Z,31.9,,,18.9836,72.8345,550.0,MAHARASHTRA,MUMBAI_CITY,MAHARASHTRA,India Meteorological Department AWS Portal,2026-09-29T03:23:56Z
MACID000,NEW_CHHINDWARA,2026-09-29T03:15:00Z,23.2,957.7,100.0,22.0572,78.9382,473.1,MADHYA_PRADESH,CHHINDWARA,MADHYA_PRADESH,India Meteorological Department AWS Portal,2026-09-29T03:23:56Z
MADPP000,DPS_HADAPSAR_PUNE,2026-09-29T03:15:00Z,30.0,1006.5,65.0,18.4659,73.9244,56.3,MAHARASHTRA,PUNE,MAHARASHTRA,India Meteorological Department AWS Portal,2026-09-29T03:23:56Z
MADUO000,RJSPMCOP_DUDULGAON,2026-09-29T03:15:00Z,29.8,,82.0,18.6751,73.8772,550.0,MAHARASHTRA,PUNE,MAHARASHTRA,India Meteorological Department AWS Portal,2026-09-29T03:23:56Z
MAGIR000,GIRIVAN,2026-09-29T03:15:00Z,27.7,,68.0,18.5607,73.5211,550.0,MAHARASHTRA,PUNE,MAHARASHTRA,India Meteorological Department AWS Portal,2026-09-29T03:23:56Z
MAIIG000,IIGHQ_NEWPANVEL,2026-09-29T03:15:00Z,31.8,,100.0,19.0088,73.106,550.0,MAHARASHTRA,RAIGAD,MAHARASHTRA,India Meteorological Department AWS Portal,2026-09-29T03:23:56Z
MAINS000,KURVANDE,2026-09-29T03:15:00Z,,967.3,,18.724,73.3697,389.8,MAHARASHTRA,PUNE,MAHARASHTRA,India Meteorological Department AWS Portal,2026-09-29T03:23:56Z
MAJUH000,JUHU_AIRPORT,2026-09-29T03:15:00Z,,,72.0,19.098,72.8341,550.0,MAHARASHTRA,MUMBAI SUBURBAN,MAHARASHTRA,India Meteorological Department AWS Portal,2026-09-29T03:23:56Z
MAKHB000,KHADAKWADI_AMBEGAON,2026-09-29T03:15:00Z,30.4,,48.0,18.9052,74.0938,550.0,MAHARASHTRA,PUNE,MAHARASHTRA,India Meteorological Department AWS Portal,2026-09-29T03:23:56Z
MAKHS000,KHUTBAV_DAUND,2026-09-29T03:15:00Z,30.7,1004.9,,18.5056,74.3304,69.7,MAHARASHTRA,PUNE,MAHARASHTRA,India Meteorological Department AWS Portal,2026-09-29T03:23:56Z
MALAD000,NES_LAKADI_INDAPUR,2026-09-29T03:15:00Z,30.4,,,18.1748,74.689,550.0,MAHARASHTRA,PUNE,MAHARASHTRA,India Meteorological Department AWS Portal,2026-09-29T03:23:56Z
MALOK000,LONIKALBHOR_HAVELI,2026-09-29T03:15:00Z,29.6,1008.1,54.0,18.4697,74.0013,43.0,MAHARASHTRA,PUNE,MAHARASHTRA,India Meteorological Department AWS Portal,2026-09-29T03:23:56Z
MALON000,LONAR,2026-09-29T03:15:00Z,30.6,999.2,52.0,19.9722,76.5323,117.6,MAHARASHTRA,BULDHANA,MAHARASHTRA,India Meteorological Department AWS Portal,2026-09-29T03:23:56Z
MALVZ000,CHRIST_UNIVERSITY_LAVASA,2026-09-29T03:15:00Z,,1016.7,,18.4144,73.5069,0.0,MAHARASHTRA,PUNE,MAHARASHTRA,India Meteorological Department AWS Portal,2026-09-29T03:23:56Z
MAMAF000,MALIN_AMBEGAON,2026-09-29T03:15:00Z,26.9,,78.0,19.1574,73.6811,550.0,MAHARASHTRA,PUNE,MAHARASHTRA,India Meteorological Department AWS Portal,2026-09-29T03:23:56Z
MAMDO000,SANGOLA_MAHAVIDYALAYA,2026-09-29T03:15:00Z,33.4,1003.6,36.0,17.4208,75.1947,80.6,MAHARASHTRA,SOLAPUR,MAHARASHTRA,India Meteorological Department AWS Portal,2026-09-29T03:23:56Z
MAMTE000,MATHERAN,2026-09-29T03:15:00Z,24.2,1006.9,100.0,18.99012,73.266534,53.0,MAHARASHTRA,RAIGAD,MAHARASHTRA,India Meteorological Department AWS Portal,2026-09-29T03:23:56Z
MAMUM000,MUMBAI AIRPORT,2026-09-29T03:15:00Z,36.1,,82.0,19.0931,72.8568,550.0,MAHARASHTRA,MUMBAI SUBURBAN,MAHARASHTRA,India Meteorological Department AWS Portal,2026-09-29T03:23:56Z
MANAP000,NAGPUR_KVK,2026-09-29T03:15:00Z,27.8,,76.0,21.0383,79.0572,550.0,MAHARASHTRA,NAGPUR,MAHARASHTRA,India Meteorological Department AWS Portal,2026-09-29T03:23:56Z
MANDE000,SAGROLI_KVK,2026-09-29T03:15:00Z,32.3,999.3,51.0,18.69124,77.732679,116.8,MAHARASHTRA,NANDED,MAHARASHTRA,India Meteorological Department AWS Portal,2026-09-29T03:23:56Z
MANIG000,NIMGIRI_JUNNAR,2026-09-29T03:15:00Z,25.6,988.7,,19.2092,73.8725,206.4,MAHARASHTRA,PUNE,MAHARASHTRA,India Meteorological Department AWS Portal,2026-09-29T03:23:56Z
MANRA000,NARAYANGOAN_KRISHI_KENDRA,2026-09-29T03:15:00Z,28.0,,67.0,19.1003,73.9655,550.0,MAHARASHTRA,PUNE,MAHARASHTRA,India Meteorological Department AWS Portal,2026-09-29T03:23:56Z
MAOSN000,TULGA_KVK,2026-09-29T03:15:00Z,31.5,,48.0,18.0123,76.0806,550.0,MAHARASHTRA,OSMANABAD,MAHARASHTRA,India Meteorological Department AWS Portal,2026-09-29T03:23:56Z
MAPAB000,PABAL_SHIRUR,2026-09-29T03:15:00Z,26.4,,71.0,18.8344,74.0536,550.0,MAHARASHTRA,PUNE,MAHARASHTRA,India Meteorological Department AWS Portal,2026-09-29T03:23:56Z
MAPGR000,PALGHAR_AWS400,2026-09-29T03:15:00Z,30.5,1006.8,77.0,19.7319,72.7609,53.8,MAHARASHTRA,PALGHAR,MAHARASHTRA,India Meteorological Department AWS Portal,2026-09-29T03:23:56Z
MARDA000,RADHANAGRI_ARS,2026-09-29T03:15:00Z,27.5,1008.1,86.0,16.41029,73.994119,43.0,MAHARASHTRA,KOLHAPUR,MAHARASHTRA,India Meteorological Department AWS Portal,2026-09-29T03:23:56Z
MAREK000,RAMTEK_AWS400,2026-09-29T03:15:00Z,26.0,999.1,100.0,21.3937,79.3235,118.5,MAHARASHTRA,NAGPUR,MAHARASHTRA,India Meteorological Department AWS Portal,2026-09-29T03:23:56Z
MARTI000,RATNAGIRI_AWS400,2026-09-29T03:15:00Z,29.9,1009.4,93.0,16.9859,73.3285,32.1,MAHARASHTRA,RATNAGIRI,MAHARASHTRA,India Meteorological Department AWS Portal,2026-09-29T03:23:56Z
MASAX000,SANGLI_KVK,2026-09-29T03:15:00Z,30.6,1004.9,60.0,16.896059,74.520167,69.7,MAHARASHTRA,SANGLI,MAHARASHTRA,India Meteorological Department AWS Portal,2026-09-29T03:23:56Z
MASHF000,SHAHADA_AWS400,2026-09-29T03:15:00Z,33.4,1004.9,45.0,21.53515,74.485958,69.7,MAHARASHTRA,NANDURBAR,MAHARASHTRA,India Meteorological Department AWS Portal,2026-09-29T03:23:56Z
MASOS000,MOHOL_KVK,2026-09-29T03:15:00Z,33.4,,37.0,17.4833,75.3815,550.0,MAHARASHTRA,SOLAPUR,MAHARASHTRA,India Meteorological Department AWS Portal,2026-09-29T03:23:56Z
MATAD000,TONDAPUR_AWS400,2026-09-29T03:15:00Z,28.5,997.0,91.0,19.97,79.2984,136.2,MAHARASHTRA,CHANDRAPUR,MAHARASHTRA,India Meteorological Department AWS Portal,2026-09-29T03:23:56Z
MATOD000,TONDAPUR_AWS400,2026-09-29T03:15:00Z,33.5,952.4,47.0,19.422844,77.401916,519.4,MAHARASHTRA,HINGOLI,MAHARASHTRA,India Meteorological Department AWS Portal,2026-09-29T03:23:56Z
MAUGD000,UDGIR_AWS400,2026-09-29T03:15:00Z,31.6,998.7,48.0,18.387928,77.118043,121.8,MAHARASHTRA,LATUR,MAHARASHTRA,India Meteorological Department AWS Portal,2026-09-29T03:23:56Z
MAVIH000,VIKHROLI,2026-09-29T03:15:00Z,31.0,,,19.1096,72.9282,550.0,MAHARASHTRA,MUMBAI SUBURBAN,MAHARASHTRA,India Meteorological Department AWS Portal,2026-09-29T03:23:56Z
MAVIO000,VILHOLI,2026-09-29T03:15:00Z,29.0,1008.3,62.0,19.937324,73.721246,41.3,MAHARASHTRA,NASHIK,MAHARASHTRA,India Meteorological Department AWS Portal,2026-09-29T03:23:56Z
MAWAL000,WALHE_PURANDAR,2026-09-29T03:15:00Z,29.5,,65.0,18.1748,74.1498,550.0,MAHARASHTRA,PUNE,MAHARASHTRA,India Meteorological Department AWS Portal,2026-09-29T03:23:56Z
MAWRD000,PUSHAD_AWS400,2026-09-29T03:15:00Z,33.3,997.7,46.0,19.9547,77.579,130.3,MAHARASHTRA,YAVATMAL,MAHARASHTRA,India Meteorological Department AWS Portal,2026-09-29T03:23:56Z
MAWSH000,WASHIM_AWS400,2026-09-29T03:15:00Z,24.8,993.2,,21.5003,80.1599,168.3,MAHARASHTRA,WASHIM,MAHARASHTRA,India Meteorological Department AWS Portal,2026-09-29T03:23:56Z
MEAMJ000,AMPATI,2026-09-29T03:15:00Z,32.0,1005.7,69.0,25.4616,89.9258,63.0,MEGHALAYA,SOUTH_WEST_GARO_HILLS,MEGHALAYA,India Meteorological Department AWS Portal,2026-09-29T03:23:56Z
MEKHZ000,KHATARSHNONG_LAITKROH,2026-09-29T03:15:00Z,21.6,,91.0,25.439,91.8016,650.0,MEGHALAYA,EAST_KHASI_HILLS,MEGHALAYA,India Meteorological Department AWS Portal,2026-09-29T03:23:56Z
MELAN000,LABAN,2026-09-29T03:15:00Z,,,64.0,25.5631,91.8742,650.0,MEGHALAYA,EAST_KHASI_HILLS,MEGHALAYA,India Meteorological Department AWS Portal,2026-09-29T03:23:56Z
MEMWK000,MAWKYRWAT,2026-09-29T03:15:00Z,23.3,,77.0,25.3706,91.4765,650.0,MEGHALAYA,SOUTH_WEST_KHASI_HILLS,MEGHALAYA,India Meteorological Department AWS Portal,2026-09-29T03:23:56Z
MEMWR000,MAWRYNGKNENG,2026-09-29T03:15:00Z,26.1,,71.0,25.5514,92.0501,650.0,MEGHALAYA,EAST_KHASI_HILLS,MEGHALAYA,India Meteorological Department AWS Portal,2026-09-29T03:23:56Z
MEMYN000,MYNKRE_SUBSTATION,2026-09-29T03:15:00Z,28.4,,74.0,25.2347,92.368,650.0,MEGHALAYA,EAST_JAINTIA_HILLS,MEGHALAYA,India Meteorological Department AWS Portal,2026-09-29T03:23:56Z
MENEV000,NEHU,2026-09-29T03:15:00Z,26.0,,87.0,25.6083,91.8919,650.0,MEGHALAYA,EAST_KHASI_HILLS,MEGHALAYA,India Meteorological Department AWS Portal,2026-09-29T03:23:56Z
MERES000,RESUBELPARA,2026-09-29T03:15:00Z,26.8,1008.8,100.0,25.8907,90.6135,37.1,MEGHALAYA,NORTH_GARO_HILLS,MEGHALAYA,India Meteorological Department AWS Portal,2026-09-29T03:23:56Z
MEUMT000,UMTREWDAM,2026-09-29T03:15:00Z,29.1,,,26.0072,91.8118,650.0,MEGHALAYA,RI_BHOI,MEGHALAYA,India Meteorological Department AWS Portal,2026-09-29T03:23:56Z
MICAM000,CHAMPHAI_AWS,2026-09-29T03:15:00Z,23.0,,90.0,23.495,93.3094,650.0,MIZORAM,CHAMPHAI,MIZORAM,India Meteorological Department AWS Portal,2026-09-29T03:23:56Z
MICAW000,CHAWNHU,2026-09-29T03:15:00Z,24.1,862.7,90.0,22.5055,92.8949,1336.3,MIZORAM,LAWNGTLAI,MIZORAM,India Meteorological Department AWS Portal,2026-09-29T03:23:56Z
MIHNA000,HNATHIAL,2026-09-29T03:15:00Z,26.2,,100.0,22.9522,92.9328,650.0,MIZORAM,HNATHIAL,MIZORAM,India Meteorological Department AWS Portal,2026-09-29T03:23:56Z
MIKHZ000,KHAWZAWL,2026-09-29T03:15:00Z,25.8,959.7,75.0,23.5266,93.1789,455.7,MIZORAM,KHAWZAWL,MIZORAM,India Meteorological Department AWS Portal,2026-09-29T03:23:56Z
MIKOB000,KOLASIB,2026-09-29T03:15:00Z,24.3,1006.9,100.0,24.208,92.6757,53.0,MIZORAM,KOLASIB,MIZORAM,India Meteorological Department AWS Portal,2026-09-29T03:23:56Z
MIMIU000,MIZORAM_UNIVERSITY,2026-09-29T03:15:00Z,29.9,,66.0,23.7371,92.6518,650.0,MIZORAM,AIZAWL,MIZORAM,India Meteorological Department AWS Portal,2026-09-29T03:23:56Z
MIMMZ000,LENGPUI_KVK,2026-09-29T03:15:00Z,25.3,,100.0,23.8381,92.6357,650.0,MIZORAM,MAMIT,MIZORAM,India Meteorological Department AWS Portal,2026-09-29T03:23:56Z
MISAF000,SAIHA,2026-09-29T03:15:00Z,28.1,933.4,84.0,22.4949,92.9988,687.0,MIZORAM,SAIHA,MIZORAM,India Meteorological Department AWS Portal,2026-09-29T03:23:56Z
MISED000,SERCHHIP,2026-09-29T03:15:00Z,24.3,,10.0,24.3425,92.8463,650.0,MIZORAM,SERCHHIP,MIZORAM,India Meteorological Department AWS Portal,2026-09-29T03:23:56Z
MPAAG000,AGAR_MALWA,2026-09-29T03:15:00Z,29.9,1001.2,56.0,23.6806,75.9941,100.8,MADHYA_PRADESH,AGAR,MADHYA_PRADESH,India Meteorological Department AWS Portal,2026-09-29T03:23:56Z
MPAHP000,AHMADPUR_IITM,2026-09-29T03:15:00Z,21.1,1007.2,96.0,23.5715,77.246,50.5,MADHYA_PRADESH,SEHORE,MADHYA_PRADESH,India Meteorological Department AWS Portal,2026-09-29T03:23:56Z
MPBAY000,TALUN_KVK,2026-09-29T03:15:00Z,32.7,,48.0,22.0328,74.9744,380.0,MADHYA_PRADESH,BARWANI,MADHYA_PRADESH,India Meteorological Department AWS Portal,2026-09-29T03:23:56Z
MPBDE000,PALA_KVK,2026-09-29T03:15:00Z,24.7,,96.0,21.6477,80.3152,380.0,MADHYA_PRADESH,BALAGHAT,MADHYA_PRADESH,India Meteorological Department AWS Portal,2026-09-29T03:23:56Z
MPDAO000,MADIYAHAR_KVK,2026-09-29T03:15:00Z,31.5,,55.0,23.8275,79.4158,380.0,MADHYA_PRADESH,DAMOH,MADHYA_PRADESH,India Meteorological Department AWS Portal,2026-09-29T03:23:56Z
MPGUB000,ARON_KVK,2026-09-29T03:15:00Z,,,26.0,24.3844,77.3955,380.0,MADHYA_PRADESH,GUNA,MADHYA_PRADESH,India Meteorological Department AWS Portal,2026-09-29T03:23:56Z
MPKNH000,KHANDWA_KVK,2026-09-29T03:15:00Z,32.3,,,21.8178,76.37,380.0,MADHYA_PRADESH,KHANDWA,MADHYA_PRADESH,India Meteorological Department AWS Portal,2026-09-29T03:23:56Z
MPMHK000,VIKRAM_VV_UJJAIN,2026-09-29T03:15:00Z,28.3,1000.5,55.0,23.1578,75.806,106.7,MADHYA_PRADESH,UJJAIN,MADHYA_PRADESH,India Meteorological Department AWS Portal,2026-09-29T03:23:56Z
MPNEV000,MARUKHEDA_KVK,2026-09-29T03:15:00Z,33.0,,54.0,24.4738,74.8969,380.0,MADHYA_PRADESH,NEEMUCH,MADHYA_PRADESH,India Meteorological Department AWS Portal,2026-09-29T03:23:56Z
MPPAC000,PACHMARHI_AEC,2026-09-29T03:15:00Z,20.9,904.7,100.0,22.4695,78.4318,945.6,MADHYA_PRADESH,HOSHANGABAD,MADHYA_PRADESH,India Meteorological Department AWS Portal,2026-09-29T03:23:56Z
MPSHC000,KALYANPUR_KVK,2026-09-29T03:15:00Z,25.0,,100.0,23.29,81.3483,380.0,MADHYA_PRADESH,SHAHDOL,MADHYA_PRADESH,India Meteorological Department AWS Portal,2026-09-29T03:23:56Z
MRADC000,ADC MOREH,2026-09-29T03:15:00Z,30.3,1005.6,89.0,24.2596,94.2897,63.9,MANIPUR,TENGNOUPAL,MANIPUR,India Meteorological Department AWS Portal,2026-09-29T03:23:56Z
MRCAK000,CHAKPIKARONG,2026-09-29T03:15:00Z,28.2,1006.1,65.0,24.207,93.9039,59.7,MANIPUR,CHANDEL,MANIPUR,India Meteorological Department AWS Portal,2026-09-29T03:23:56Z
MRCNL000,CHANDEL_KVK,2026-09-29T03:15:00Z,28.2,,64.0,24.3265,94.0224,650.0,MANIPUR,CHANDEL,MANIPUR,India Meteorological Department AWS Portal,2026-09-29T03:23:56Z
MRGEL000,GELJANG_RESORT,2026-09-29T03:15:00Z,26.6,,86.0,24.2591,93.6697,650.0,MANIPUR,CHURACHANDPUR,MANIPUR,India Meteorological Department AWS Portal,2026-09-29T03:23:56Z
MRKMJ000,KAMJONG,2026-09-29T03:15:00Z,,,62.0,24.855,94.5097,650.0,MANIPUR,KAMJONG,MANIPUR,India Meteorological Department AWS Portal,2026-09-29T03:23:56Z
MRNOY000,KHOUPUM,2026-09-29T03:15:00Z,30.1,1005.2,73.0,24.8547,93.6167,67.2,MANIPUR,NONEY,MANIPUR,India Meteorological Department AWS Portal,2026-09-29T03:23:56Z
MRSKU000,SAIKUL,2026-09-29T03:15:00Z,29.1,,62.0,25.0626,94.0251,650.0,MANIPUR,KANGPOKPI,MANIPUR,India Meteorological Department AWS Portal,2026-09-29T03:23:56Z
MRSOS000,MAO,2026-09-29T03:15:00Z,22.2,,82.0,25.5088,94.1497,650.0,MANIPUR,SENAPATI,MANIPUR,India Meteorological Department AWS Portal,2026-09-29T03:23:56Z
MRTUJ000,TUJANGVAICHONG,2026-09-29T03:15:00Z,28.2,,67.0,25.2294,93.8488,650.0,MANIPUR,KANGPOKPI,MANIPUR,India Meteorological Department AWS Portal,2026-09-29T03:23:56Z
NAJLU000,JALUKIE,2026-09-29T03:15:00Z,32.2,1010.1,70.0,25.6534,93.6669,26.3,NAGALAND,PEREN,NAGALAND,India Meteorological Department AWS Portal,2026-09-29T03:23:56Z
NAKIH000,KIPHIRE_AWS400,2026-09-29T03:15:00Z,26.4,923.7,74.0,25.8833,94.7833,773.7,NAGALAND,KIPHIRE,NAGALAND,India Meteorological Department AWS Portal,2026-09-29T03:23:56Z
NANEQ000,CHIEPHOBOZOU_NERHEMA,2026-09-29T03:15:00Z,24.2,978.7,71.0,25.7929,94.1312,291.7,NAGALAND,KOHIMA,NAGALAND,India Meteorological Department AWS Portal,2026-09-29T03:23:56Z
NATYU000,THONOKNYU,2026-09-29T03:15:00Z,25.9,,73.0,25.9888,94.9058,650.0,NAGALAND,TUENSANG,NAGALAND,India Meteorological Department AWS Portal,2026-09-29T03:23:56Z
NAWOK000,WOKHA,2026-09-29T03:15:00Z,26.0,1044.4,22.0,26.0852,94.255,0.0,NAGALAND,WOKHA,NAGALAND,India Meteorological Department AWS Portal,2026-09-29T03:23:56Z
ORBEN000,BENAKUDA_KVK,2026-09-29T03:15:00Z,29.0,,82.0,19.9508,84.5929,30.0,ODISHA,GANJAM,ODISHA,India Meteorological Department AWS Portal,2026-09-29T03:23:56Z
ORBPP000,BARIPADA,2026-09-29T03:15:00Z,28.0,1000.7,95.0,21.9228,86.7405,105.0,ODISHA,MAYURBHANJ,ODISHA,India Meteorological Department AWS Portal,2026-09-29T03:23:56Z
ORCTC000,CUTTACK_KVK,2026-09-29T03:15:00Z,28.2,,,20.5958,86.0239,30.0,ODISHA,CUTTACK,ODISHA,India Meteorological Department AWS Portal,2026-09-29T03:23:56Z
ORDKU000,DHANKAUDA,2026-09-29T03:15:00Z,26.6,994.5,73.0,21.4691,84.0018,157.3,ODISHA,SAMBALPUR,ODISHA,India Meteorological Department AWS Portal,2026-09-29T03:23:56Z
ORGUP000,GUNUPUR_KVK,2026-09-29T03:15:00Z,29.3,,87.0,19.0871,83.8144,30.0,ODISHA,RAYAGADA,ODISHA,India Meteorological Department AWS Portal,2026-09-29T03:23:56Z
ORPII000,PITAPALLI,2026-09-29T03:15:00Z,28.1,997.4,96.0,20.201,85.6671,132.8,ODISHA,KHURDHA,ODISHA,India Meteorological Department AWS Portal,2026-09-29T03:23:56Z
ORPLU000,PHULBANI,2026-09-29T03:15:00Z,27.6,1007.5,80.0,20.4786,84.2913,48.0,ODISHA,KANDHAMAL,ODISHA,India Meteorological Department AWS Portal,2026-09-29T03:23:56Z
ORRAY000,FM_UNIVERSITY,2026-09-29T03:15:00Z,27.4,1000.6,100.0,21.553,86.8147,105.8,ODISHA,BALASORE,ODISHA,India Meteorological Department AWS Portal,2026-09-29T03:23:56Z
ORROK000,NIT_ROURKELA,2026-09-29T03:15:00Z,,958.1,,22.2495,84.905,469.6,ODISHA,SUNDERGARH,ODISHA,India Meteorological Department AWS Portal,2026-09-29T03:23:56Z
ORSAC000,PURI_KVK,2026-09-29T03:15:00Z,29.0,,,19.9335,85.8181,30.0,ODISHA,PURI,ODISHA,India Meteorological Department AWS Portal,2026-09-29T03:23:56Z
ORSDT000,JANHUKUDA(NEAR_SATAPADA),2026-09-29T03:15:00Z,29.3,998.3,100.0,19.646,85.4058,125.2,ODISHA,PURI,ODISHA,India Meteorological Department AWS Portal,2026-09-29T03:23:56Z
ORSHY000,MAYURBHANJ_KVK,2026-09-29T03:15:00Z,,,13.0,21.9302,86.6867,30.0,ODISHA,MAYURBHANJ,ODISHA,India Meteorological Department AWS Portal,2026-09-29T03:23:56Z
ORSUG000,SUNDERGARH,2026-09-29T03:15:00Z,26.3,997.2,100.0,22.1176,84.0436,134.5,ODISHA,SUNDERGARH,ODISHA,India Meteorological Department AWS Portal,2026-09-29T03:23:56Z
PJHAV000,ROPAR_KVK,2026-09-29T03:15:00Z,31.9,,72.0,30.9661,76.5231,160.0,PUNJAB,ROPAR,PUNJAB,India Meteorological Department AWS Portal,2026-09-29T03:23:56Z
PJIMD000,BHAKRA_DAM_IMDNAGAL,2026-09-29T03:15:00Z,25.3,1000.1,93.0,31.387,76.3783,110.1,PUNJAB,RUPNAGAR,PUNJAB,India Meteorological Department AWS Portal,2026-09-29T03:23:56Z
PJMLF000,FIROZPUR_KVK,2026-09-29T03:15:00Z,32.4,,60.0,30.933,74.622,160.0,PUNJAB,FIROZPUR,PUNJAB,India Meteorological Department AWS Portal,2026-09-29T03:23:56Z
PJPTN000,KVK_PATHANKOT,2026-09-29T03:15:00Z,30.9,1004.6,,32.3217,75.6622,72.3,PUNJAB,PATHANKOT,PUNJAB,India Meteorological Department AWS Portal,2026-09-29T03:23:56Z
PJSSB000,SRI_ANADPUR_SAHIB_IMDJINDWADI,2026-09-29T03:15:00Z,28.6,969.4,49.0,31.289,76.4159,371.6,PUNJAB,RUPNAGAR,PUNJAB,India Meteorological Department AWS Portal,2026-09-29T03:23:56Z
PJTEI000,THEIN_DAM,2026-09-29T03:15:00Z,27.2,1003.8,77.0,32.4409,75.7575,79.0,PUNJAB,PATHANKOT,PUNJAB,India Meteorological Department AWS Portal,2026-09-29T03:23:56Z
PUMHC000,MAHE_JNV,2026-09-29T03:15:00Z,28.8,1011.0,99.0,11.7514,75.5439,18.7,PUDUCHERRY,MAHE,PUDUCHERRY,India Meteorological Department AWS Portal,2026-09-29T03:23:56Z
PUPUU000,PUDUCHERRY_KVK,2026-09-29T03:15:00Z,33.9,,40.0,11.936,79.7687,30.0,PUDUCHERRY,PUDUCHERRY,PUDUCHERRY,India Meteorological Department AWS Portal,2026-09-29T03:23:56Z
RAAMU000,AMITY_UNIVERSITY,2026-09-29T03:15:00Z,30.3,995.2,57.0,26.8207,75.8175,151.4,RAJASTHAN,JAIPUR,RAJASTHAN,India Meteorological Department AWS Portal,2026-09-29T03:23:56Z
RACTE000,CHITTORGARH_KVK,2026-09-29T03:15:00Z,33.9,,,24.8462,74.5828,220.0,RAJASTHAN,CHITTAURGARH,RAJASTHAN,India Meteorological Department AWS Portal,2026-09-29T03:23:56Z
RACUO000,CENTRAL_UNIVERSITY_KISHANGARH,2026-09-29T03:15:00Z,34.2,999.3,43.0,26.6237,75.0219,116.8,RAJASTHAN,AJMER,RAJASTHAN,India Meteorological Department AWS Portal,2026-09-29T03:23:56Z
RADUP000,DUNGARPUR_KVK,2026-09-29T03:15:00Z,34.0,,,23.865,73.8604,220.0,RAJASTHAN,DUNGARPUR,RAJASTHAN,India Meteorological Department AWS Portal,2026-09-29T03:23:56Z
RAHAH000,HANUMANGARH 1_KVK,2026-09-29T03:15:00Z,34.0,,39.0,29.8044,74.467,220.0,RAJASTHAN,HANUMANGARH,RAJASTHAN,India Meteorological Department AWS Portal,2026-09-29T03:23:56Z
RAJHW000,JHUNJHUNU(AWS),2026-09-29T03:15:00Z,33.5,,39.0,28.2,75.23,220.0,RAJASTHAN,JHUNJHUNU,RAJASTHAN,India Meteorological Department AWS Portal,2026-09-29T03:23:56Z
RAJLR000,JALORE_KVK,2026-09-29T03:15:00Z,38.0,,23.0,25.3843,72.5091,220.0,RAJASTHAN,JALORE,RAJASTHAN,India Meteorological Department AWS Portal,2026-09-29T03:23:56Z
RAKRO000,KARAULI_KVK,2026-09-29T03:15:00Z,28.6,,,26.777,77.0691,220.0,RAJASTHAN,KARAULI,RAJASTHAN,India Meteorological Department AWS Portal,2026-09-29T03:23:56Z
RAPTD000,PRATAPGARH,2026-09-29T03:15:00Z,32.6,995.3,32.0,24.0379,74.7635,150.5,RAJASTHAN,PRATAPGARH,RAJASTHAN,India Meteorological Department AWS Portal,2026-09-29T03:23:56Z
RASGE000,KRISHI_VISHWAVIDHYALAYA,2026-09-29T03:15:00Z,37.3,1000.5,27.0,27.2315,73.689,106.7,RAJASTHAN,NAGAUR,RAJASTHAN,India Meteorological Department AWS Portal,2026-09-29T03:23:56Z
RASIC000,SIROHI_KVK,2026-09-29T03:15:00Z,38.0,,16.0,24.9519,72.8815,220.0,RAJASTHAN,SIROHI,RAJASTHAN,India Meteorological Department AWS Portal,2026-09-29T03:23:56Z
SIGAT000,GANGTOK,2026-09-29T03:15:00Z,16.0,,100.0,27.3314,88.6138,650.0,SIKKIM,GANGTOK,SIKKIM,India Meteorological Department AWS Portal,2026-09-29T03:23:56Z
SISOE000,SORENG,2026-09-29T03:15:00Z,15.6,,100.0,27.1687,88.2044,650.0,SIKKIM,SORENG,SIKKIM,India Meteorological Department AWS Portal,2026-09-29T03:23:56Z
TEADE000,ADILABAD_KVK,2026-09-29T03:15:00Z,29.7,1002.3,64.0,19.6473,78.519,91.6,TELANGANA,ADILABAD,TELANGANA,India Meteorological Department AWS Portal,2026-09-29T03:23:56Z
TEARB000,ARS_BASANTHPUR,2026-09-29T03:15:00Z,31.2,1000.4,46.0,17.7955,77.5472,107.5,TELANGANA,MEDAK,TELANGANA,India Meteorological Department AWS Portal,2026-09-29T03:23:56Z
TEARL000,ARS_PEDDAPALLY,2026-09-29T03:15:00Z,29.3,1000.3,93.0,18.5454,79.5417,108.4,TELANGANA,PEDDAPALLI,TELANGANA,India Meteorological Department AWS Portal,2026-09-29T03:23:56Z
TECGB000,CGWB_NAGOLE,2026-09-29T03:15:00Z,30.7,1002.6,51.0,17.3664,78.5895,89.0,TELANGANA,MEDCHAL_MALKAJGIRI,TELANGANA,India Meteorological Department AWS Portal,2026-09-29T03:23:56Z
TEDIR000,DAIRA,2026-09-29T03:15:00Z,30.0,998.5,54.0,17.3624,78.695,123.5,TELANGANA,RANGA_REDDY,TELANGANA,India Meteorological Department AWS Portal,2026-09-29T03:23:56Z
TEDLL000,DULLAPALLY,2026-09-29T03:15:00Z,19.0,1003.7,69.0,17.5578,78.4605,79.8,TELANGANA,RANGA_REDDY,TELANGANA,India Meteorological Department AWS Portal,2026-09-29T03:23:56Z
TEGAC000,ESCI_GACHIBOWLI,2026-09-29T03:15:00Z,29.4,1002.5,59.0,17.4286,78.368,89.9,TELANGANA,RANGA_REDDY,TELANGANA,India Meteorological Department AWS Portal,2026-09-29T03:23:56Z
TEGEN000,IBRAHIMPATAM,2026-09-29T03:15:00Z,29.7,1000.4,64.0,17.0774,78.6671,107.5,TELANGANA,RANGA_REDDY,TELANGANA,India Meteorological Department AWS Portal,2026-09-29T03:23:56Z
TEGHK000,GHATKESAR,2026-09-29T03:15:00Z,30.2,1002.3,56.0,17.4711,78.7377,91.6,TELANGANA,RANGA_REDDY,TELANGANA,India Meteorological Department AWS Portal,2026-09-29T03:23:56Z
TEHOR000,HORTICULTURAL_UNIVERSITY_MOJER,2026-09-29T03:15:00Z,31.1,1014.8,64.0,16.4484,77.9407,0.0,TELANGANA,WANAPARTHY,TELANGANA,India Meteorological Department AWS Portal,2026-09-29T03:23:56Z
TEKDQ000,KANDI,2026-09-29T03:15:00Z,31.3,1001.6,48.0,17.587,78.1271,97.4,TELANGANA,SANGAREDDY,TELANGANA,India Meteorological Department AWS Portal,2026-09-29T03:23:56Z
TEKVE000,KAVERI_SIDDIPET,2026-09-29T03:15:00Z,,1017.3,76.0,17.768,78.6723,0.0,TELANGANA,SIDDIPET,TELANGANA,India Meteorological Department AWS Portal,2026-09-29T03:23:56Z
TENGI000,NAGIREDDYPET,2026-09-29T03:15:00Z,30.0,997.8,61.0,18.1149,78.1373,129.4,TELANGANA,KAMAREDDY,TELANGANA,India Meteorological Department AWS Portal,2026-09-29T03:23:56Z
TESCL000,SIRCILLA,2026-09-29T03:15:00Z,29.8,999.8,72.0,18.2595,78.8192,112.6,TELANGANA,RAJANNA_SIRCILLA,TELANGANA,India Meteorological Department AWS Portal,2026-09-29T03:23:56Z
TESDI000,SIDDHAPUR,2026-09-29T03:15:00Z,29.9,998.3,95.0,18.0927,79.5952,125.2,TELANGANA,WARANGAL_RURAL,TELANGANA,India Meteorological Department AWS Portal,2026-09-29T03:23:56Z
TEWYR000,WYRA_KVK,2026-09-29T03:15:00Z,29.7,995.2,31.0,17.1817,80.3722,151.4,TELANGANA,KHAMMAM,TELANGANA,India Meteorological Department AWS Portal,2026-09-29T03:23:56Z
TNACS000,ACS MEDICAL COLLEGE,2026-09-29T03:15:00Z,36.2,,51.0,13.068,80.2469,30.0,TAMIL_NADU,KANCHIPURAM,TAMIL_NADU,India Meteorological Department AWS Portal,2026-09-29T03:23:56Z
TNARU000,ARUPPUKOTTAI_KVK,2026-09-29T03:15:00Z,33.9,,26.0,9.5561,78.0895,30.0,TAMIL_NADU,VIRUDHUNAGAR,TAMIL_NADU,India Meteorological Department AWS Portal,2026-09-29T03:23:56Z
TNDON000,RANIPET,2026-09-29T03:15:00Z,33.6,1007.8,44.0,13.0162,79.7763,45.5,TAMIL_NADU,RANIPET,TAMIL_NADU,India Meteorological Department AWS Portal,2026-09-29T03:23:56Z
TNGOV000,MAHABALIPURAM,2026-09-29T03:15:00Z,30.0,,61.0,12.6336,80.1976,30.0,TAMIL_NADU,CHENGALPATTU,TAMIL_NADU,India Meteorological Department AWS Portal,2026-09-29T03:23:56Z
TNGSS000,GOVT_HSS_METTUR,2026-09-29T03:15:00Z,31.8,1005.7,58.0,11.7918,77.8,63.0,TAMIL_NADU,SALEM,TAMIL_NADU,India Meteorological Department AWS Portal,2026-09-29T03:23:56Z
TNJYA000,JAYA_ENGINEERING_CLG,2026-09-29T03:15:00Z,35.7,1020.5,,13.1339,80.0452,0.0,TAMIL_NADU,THIRUNINRAVUR,TAMIL_NADU,India Meteorological Department AWS Portal,2026-09-29T03:23:56Z
TNKLC000,KALLAKURICHI(TALUK_OFFICE),2026-09-29T03:15:00Z,32.4,1004.1,53.0,11.7409,78.9651,76.5,TAMIL_NADU,KALLAKURICHI,TAMIL_NADU,India Meteorological Department AWS Portal,2026-09-29T03:23:56Z
TNKUV000,KADAVUR(TALUK_OFFICE),2026-09-29T03:15:00Z,33.0,1004.8,42.0,10.714,78.2413,70.6,TAMIL_NADU,KARUR,TAMIL_NADU,India Meteorological Department AWS Portal,2026-09-29T03:23:56Z
TNMOP000,MO_NAGAPATTINAM_CAMPUS,2026-09-29T03:15:00Z,31.8,1005.6,48.0,10.7569,79.8465,63.9,TAMIL_NADU,NAGAPATTINAM,TAMIL_NADU,India Meteorological Department AWS Portal,2026-09-29T03:23:56Z
TNMSW000,New Chennai Township Private L,2026-09-29T03:15:00Z,33.5,1005.8,52.0,12.3808,80.0578,62.2,TAMIL_NADU,NCTPL MARG ECR,TAMIL_NADU,India Meteorological Department AWS Portal,2026-09-29T03:23:56Z
TNMYI000,MAYILADUTHURAI,2026-09-29T03:15:00Z,32.0,1006.7,,11.1008,79.6824,54.7,TAMIL_NADU,MAYILADUTHURAI,TAMIL_NADU,India Meteorological Department AWS Portal,2026-09-29T03:23:56Z
TNPAQ000,NIOT_PALLIKARANAI,2026-09-29T03:15:00Z,32.6,,44.0,12.953,80.035,30.0,TAMIL_NADU,CHENNAI,TAMIL_NADU,India Meteorological Department AWS Portal,2026-09-29T03:23:56Z
TNPLB000,PALANI,2026-09-29T03:15:00Z,31.2,,29.0,10.4556,77.523,30.0,TAMIL_NADU,DINDIGUL,TAMIL_NADU,India Meteorological Department AWS Portal,2026-09-29T03:23:56Z
TNRMM000,RAMNADU_KVK,2026-09-29T03:15:00Z,32.1,,,9.3462,78.8981,30.0,TAMIL_NADU,RAMANATHAPURAM,TAMIL_NADU,India Meteorological Department AWS Portal,2026-09-29T03:23:56Z
TNSEH000,SETHU_BHASKAR_AGRI_COLLEGE_KAR,2026-09-29T03:15:00Z,,1006.0,,9.96012,78.7439,60.5,TAMIL_NADU,SIVAGANGA,TAMIL_NADU,India Meteorological Department AWS Portal,2026-09-29T03:23:56Z
TNSLM000,SANDHIYUR_KVK,2026-09-29T03:15:00Z,31.4,,24.0,11.5679,78.1403,30.0,TAMIL_NADU,SALEM,TAMIL_NADU,India Meteorological Department AWS Portal,2026-09-29T03:23:56Z
TNTEK000,TENKASI,2026-09-29T03:15:00Z,28.1,1007.5,88.0,8.97243,77.3032,48.0,TAMIL_NADU,TENKASI,TAMIL_NADU,India Meteorological Department AWS Portal,2026-09-29T03:23:56Z
TNTHI000,TIRUPPUR_Collector_Office,2026-09-29T03:15:00Z,30.9,1004.8,52.0,11.0818,77.34,70.6,TAMIL_NADU,TIRUPPUR,TAMIL_NADU,India Meteorological Department AWS Portal,2026-09-29T03:23:56Z
TNTIP000,TIRUPATTUR_COLLECTOROFFICE,2026-09-29T03:15:00Z,30.9,1005.8,,12.5002,78.5662,62.2,TAMIL_NADU,TIRUPATTUR,TAMIL_NADU,India Meteorological Department AWS Portal,2026-09-29T03:23:56Z
TNTIV000,TIRUVARUR,2026-09-29T03:15:00Z,32.9,1005.0,44.0,10.7766,79.6062,68.9,TAMIL_NADU,TIRUVARUR,TAMIL_NADU,India Meteorological Department AWS Portal,2026-09-29T03:23:56Z
TNTRO000,TIRUR_KVK,2026-09-29T03:15:00Z,33.7,,,13.1198,79.9567,30.0,TAMIL_NADU,TIRUVALLUR,TAMIL_NADU,India Meteorological Department AWS Portal,2026-09-29T03:23:56Z
TNTUC000,TUTICORIN_RAILWAY_STATION,2026-09-29T03:15:00Z,27.4,,61.0,8.80736,78.1534,30.0,TAMIL_NADU,THOOTHUKUDI,TAMIL_NADU,India Meteorological Department AWS Portal,2026-09-29T03:23:56Z
TNUPS000,UPASI_TEA_RESEARCH_FOUNDATION,2026-09-29T03:15:00Z,23.2,880.7,35.0,10.2682,76.9682,1167.0,TAMIL_NADU,COIMBATORE,TAMIL_NADU,India Meteorological Department AWS Portal,2026-09-29T03:23:56Z
TNVED000,VEDHARANYAM,2026-09-29T03:15:00Z,29.9,1006.9,68.0,10.3861,79.8498,53.0,TAMIL_NADU,NAGAPATTINAM,TAMIL_NADU,India Meteorological Department AWS Portal,2026-09-29T03:23:56Z
TNVIC000,VIT_CHENNAI,2026-09-29T03:15:00Z,35.6,1001.5,43.0,12.8406,80.1534,98.3,TAMIL_NADU,CHENGALPATTU,TAMIL_NADU,India Meteorological Department AWS Portal,2026-09-29T03:23:56Z
TNVIG000,VIRINJIPURAM_KVK,2026-09-29T03:15:00Z,33.3,,,12.9345,79.0209,30.0,TAMIL_NADU,VELLORE,TAMIL_NADU,India Meteorological Department AWS Portal,2026-09-29T03:23:56Z
TNVIL000,GOOD WILL SCHOOL VILLIVAKKAM,2026-09-29T03:15:00Z,34.5,,43.0,13.1144,80.2025,30.0,TAMIL_NADU,TIRUVALLUR,TAMIL_NADU,India Meteorological Department AWS Portal,2026-09-29T03:23:56Z
TNWES000,WEST TAMBARAM_SIT,2026-09-29T03:15:00Z,34.7,,47.0,12.959,80.05,30.0,TAMIL_NADU,CHENGALPATTU,TAMIL_NADU,India Meteorological Department AWS Portal,2026-09-29T03:23:56Z
TRAAS000,Ambassa,2026-09-29T03:15:00Z,34.2,,61.0,23.915768,91.888097,650.0,TRIPURA,Dhalai,TRIPURA,India Meteorological Department AWS Portal,2026-09-29T03:23:56Z
TRAGG000,AGARTALA_AIRPORT,2026-09-29T03:15:00Z,33.3,,78.0,23.8904,91.2441,650.0,TRIPURA,WEST_TRIPURA,TRIPURA,India Meteorological Department AWS Portal,2026-09-29T03:23:56Z
TRAGJ000,MET_AGARTALA,2026-09-29T03:15:00Z,31.4,1008.3,80.0,23.8904,91.2441,41.3,TRIPURA,WEST_TRIPURA,TRIPURA,India Meteorological Department AWS Portal,2026-09-29T03:23:56Z
TRASA000,ASHAPARA,2026-09-29T03:15:00Z,32.0,1006.0,94.0,23.862655,92.207007,60.5,TRIPURA,NORTH_TRIPURA,TRIPURA,India Meteorological Department AWS Portal,2026-09-29T03:23:56Z
TRBGF000,BAGAFA,2026-09-29T03:15:00Z,30.8,1005.8,85.0,23.312145,91.55156,62.2,TRIPURA,SOUTH_TRIPURA,TRIPURA,India Meteorological Department AWS Portal,2026-09-29T03:23:56Z
TRCAI000,Chhailengta,2026-09-29T03:15:00Z,30.3,,75.0,23.994544,91.996043,650.0,TRIPURA,Dhalai,TRIPURA,India Meteorological Department AWS Portal,2026-09-29T03:23:56Z
TRCIT000,CTI,2026-09-29T03:15:00Z,32.5,,37.0,23.7413,91.2728,650.0,TRIPURA,SIPAHIJALA,TRIPURA,India Meteorological Department AWS Portal,2026-09-29T03:23:56Z
TRDHH000,DHOLAI_KVK,2026-09-29T03:15:00Z,33.2,1007.0,58.0,24.0449,91.8278,52.2,TRIPURA,DHALAI,TRIPURA,India Meteorological Department AWS Portal,2026-09-29T03:23:56Z
TRDMO000,DM_OFFICE_WEST_AGARTALA,2026-09-29T03:15:00Z,31.0,,,23.83,91.2688,650.0,TRIPURA,WEST_TRIPURA,TRIPURA,India Meteorological Department AWS Portal,2026-09-29T03:23:56Z
TRGDC000,GANDACHARA,2026-09-29T03:15:00Z,32.8,1007.3,53.0,23.594492,91.824322,49.7,TRIPURA,DHALAI,TRIPURA,India Meteorological Department AWS Portal,2026-09-29T03:23:56Z
TRGHJ000,Ghilatali,2026-09-29T03:15:00Z,35.4,,57.0,23.912698,91.631772,650.0,TRIPURA,Khowai,TRIPURA,India Meteorological Department AWS Portal,2026-09-29T03:23:56Z
TRHEZ000,Hezamara,2026-09-29T03:15:00Z,33.5,,58.0,24.009518,91.450787,650.0,TRIPURA,West Tripura,TRIPURA,India Meteorological Department AWS Portal,2026-09-29T03:23:56Z
TRHRC000,HRC_NAGICHERRA,2026-09-29T03:15:00Z,34.7,,,23.8138,91.3274,650.0,TRIPURA,WEST_TRIPURA,TRIPURA,India Meteorological Department AWS Portal,2026-09-29T03:23:56Z
TRJUR000,Jubaraj Nagar,2026-09-29T03:15:00Z,28.1,,82.0,24.350003,92.129784,650.0,TRIPURA,North Tripura,TRIPURA,India Meteorological Department AWS Portal,2026-09-29T03:23:56Z
TRKBR000,Karbook,2026-09-29T03:15:00Z,30.8,,72.0,23.328144,91.746534,650.0,TRIPURA,Gomati,TRIPURA,India Meteorological Department AWS Portal,2026-09-29T03:23:56Z
TRKIH000,KAILASHAHAR,2026-09-29T03:15:00Z,31.5,1004.8,,24.309485,92.006651,70.6,TRIPURA,UNAKOTI,TRIPURA,India Meteorological Department AWS Portal,2026-09-29T03:23:56Z
TRKNQ000,Kanchanpur,2026-09-29T03:15:00Z,31.6,,75.0,24.034833,92.201535,650.0,TRIPURA,North Tripura,TRIPURA,India Meteorological Department AWS Portal,2026-09-29T03:23:56Z
TRKTQ000,Kathalia,2026-09-29T03:15:00Z,32.7,,67.0,23.361087,91.33294,650.0,TRIPURA,Sepahijala,TRIPURA,India Meteorological Department AWS Portal,2026-09-29T03:23:56Z
TRKUW000,KHUMLUWANG,2026-09-29T03:15:00Z,31.6,,,23.7908,91.4376,650.0,TRIPURA,WEST_TRIPURA,TRIPURA,India Meteorological Department AWS Portal,2026-09-29T03:23:56Z
TRLAU000,LAMBUCHERRA_AGRI_COLLEGE,2026-09-29T03:15:00Z,,,6.0,23.9134,91.3201,650.0,TRIPURA,WEST_TRIPURA,TRIPURA,India Meteorological Department AWS Portal,2026-09-29T03:23:56Z
TRLAV000,EDEN_LAOUGE,2026-09-29T03:15:00Z,30.6,,92.0,24.0065,92.2819,650.0,TRIPURA,NORTH_TRIPURA,TRIPURA,India Meteorological Department AWS Portal,2026-09-29T03:23:56Z
TRNAK000,NALKATA,2026-09-29T03:15:00Z,34.3,1007.3,60.0,24.0827,91.9893,49.7,TRIPURA,Dhalai,TRIPURA,India Meteorological Department AWS Portal,2026-09-29T03:23:56Z
TRRGD000,Rajnagar,2026-09-29T03:15:00Z,29.6,,87.0,23.23466,91.393917,650.0,TRIPURA,South tripura,TRIPURA,India Meteorological Department AWS Portal,2026-09-29T03:23:56Z
TRSBO000,SABROOM,2026-09-29T03:15:00Z,34.2,1009.2,68.0,23.011522,91.72074,33.8,TRIPURA,SOUTH_TRIPURA,TRIPURA,India Meteorological Department AWS Portal,2026-09-29T03:23:56Z
TRSEH000,SIPAHIJALA,2026-09-29T03:15:00Z,33.4,1007.2,,23.607569,91.345703,50.5,TRIPURA,SIPAHIJALA,TRIPURA,India Meteorological Department AWS Portal,2026-09-29T03:23:56Z
TRTEL000,TELIAMURA_BARRAGE,2026-09-29T03:15:00Z,33.0,1007.4,69.0,23.835,91.6693,48.8,TRIPURA,Khowai,TRIPURA,India Meteorological Department AWS Portal,2026-09-29T03:23:56Z
TRTUS000,Tulashikhar,2026-09-29T03:15:00Z,36.3,,59.0,24.065978,91.666595,650.0,TRIPURA,Khowai,TRIPURA,India Meteorological Department AWS Portal,2026-09-29T03:23:56Z
UPAAH000,AMROHA,2026-09-29T03:15:00Z,29.3,1006.4,62.0,28.8523,78.2358,57.2,UTTAR_PRADESH,AMROHA,UTTAR_PRADESH,India Meteorological Department AWS Portal,2026-09-29T03:23:56Z
UPAYO000,AYODHYA,2026-09-29T03:15:00Z,23.4,1000.6,100.0,26.7518,82.1464,105.8,UTTAR_PRADESH,AYODHYA,UTTAR_PRADESH,India Meteorological Department AWS Portal,2026-09-29T03:23:56Z
UPBAL000,BALLIA_AWS400,2026-09-29T03:15:00Z,24.5,1005.0,9.0,25.8264,84.1553,68.9,UTTAR_PRADESH,BALLIA,UTTAR_PRADESH,India Meteorological Department AWS Portal,2026-09-29T03:23:56Z
UPBBH000,BANDA,2026-09-29T03:15:00Z,,997.6,100.0,25.2896,80.5619,131.1,UTTAR_PRADESH,BANDA,UTTAR_PRADESH,India Meteorological Department AWS Portal,2026-09-29T03:23:56Z
UPBBW000,BAREILLY_BILWA,2026-09-29T03:15:00Z,22.4,1005.8,100.0,28.4446,79.4327,62.2,UTTAR_PRADESH,BAREILLY,UTTAR_PRADESH,India Meteorological Department AWS Portal,2026-09-29T03:23:56Z
UPBRK000,BARABANKI,2026-09-29T03:15:00Z,22.7,1003.2,100.0,26.9286,81.215,84.0,UTTAR_PRADESH,BARABANKI,UTTAR_PRADESH,India Meteorological Department AWS Portal,2026-09-29T03:23:56Z
UPBUN000,BULANDSHAHAR_KVK,2026-09-29T03:15:00Z,30.6,,,28.4198,77.8403,160.0,UTTAR_PRADESH,BULANDSHAHAR,UTTAR_PRADESH,India Meteorological Department AWS Portal,2026-09-29T03:23:56Z
UPDGM000,DAGMAPUR,2026-09-29T03:15:00Z,26.2,998.1,100.0,25.0999,82.7985,126.9,UTTAR_PRADESH,MIRZAPUR,UTTAR_PRADESH,India Meteorological Department AWS Portal,2026-09-29T03:23:56Z
UPFAR000,FARRUKHABAD,2026-09-29T03:15:00Z,22.3,1007.2,17.0,27.3869,79.6002,50.5,UTTAR_PRADESH,FARRUKHABAD,UTTAR_PRADESH,India Meteorological Department AWS Portal,2026-09-29T03:23:56Z
UPFIR000,FIROZABAD,2026-09-29T03:15:00Z,27.7,1006.6,92.0,27.2064,78.3092,55.5,UTTAR_PRADESH,FIROZABAD,UTTAR_PRADESH,India Meteorological Department AWS Portal,2026-09-29T03:23:56Z
UPGBN000,KVK_CHHOLAS(GAUTAM_BUDDHA_NGR),2026-09-29T03:15:00Z,31.5,1001.7,62.0,28.5314,77.6445,96.6,UTTAR_PRADESH,GAUTAM_BUDDHA_NAGAR,UTTAR_PRADESH,India Meteorological Department AWS Portal,2026-09-29T03:23:56Z
UPHAQ000,HAMIRPUR,2026-09-29T03:15:00Z,23.2,1000.5,100.0,25.5814,79.555,106.7,UTTAR_PRADESH,HAMIRPUR,UTTAR_PRADESH,India Meteorological Department AWS Portal,2026-09-29T03:23:56Z
UPHDO000,HARDOI,2026-09-29T03:15:00Z,21.3,1004.0,100.0,27.3813,80.124,77.3,UTTAR_PRADESH,HARDOI,UTTAR_PRADESH,India Meteorological Department AWS Portal,2026-09-29T03:23:56Z
UPHPR000,HAPUR,2026-09-29T03:15:00Z,30.0,1007.6,67.0,28.739,77.8716,47.1,UTTAR_PRADESH,HAPUR,UTTAR_PRADESH,India Meteorological Department AWS Portal,2026-09-29T03:23:56Z
UPINT000,INTEGRAL_UNIVERSITY,2026-09-29T03:15:00Z,24.8,1006.9,33.0,26.9608,81.0044,53.0,UTTAR_PRADESH,LUCKNOW,UTTAR_PRADESH,India Meteorological Department AWS Portal,2026-09-29T03:23:56Z
UPJLO000,JALAUN,2026-09-29T03:15:00Z,22.6,999.4,100.0,26.022,81.215,115.9,UTTAR_PRADESH,JALAUN,UTTAR_PRADESH,India Meteorological Department AWS Portal,2026-09-29T03:23:56Z
UPKSJ000,KASHGANJ,2026-09-29T03:15:00Z,26.8,1006.8,,27.75,78.5166,53.8,UTTAR_PRADESH,KASHGANJ,UTTAR_PRADESH,India Meteorological Department AWS Portal,2026-09-29T03:23:56Z
UPMTU000,MATHURA_AWS400,2026-09-29T03:15:00Z,27.3,1005.1,82.0,27.4705,77.6928,68.1,UTTAR_PRADESH,MATHURA,UTTAR_PRADESH,India Meteorological Department AWS Portal,2026-09-29T03:23:56Z
UPMUZ000,SOHANJANI_TAJAN(M.NAGAR),2026-09-29T03:15:00Z,31.2,1004.5,60.0,29.3781,77.638,73.1,UTTAR_PRADESH,MUZAFFARNAGAR,UTTAR_PRADESH,India Meteorological Department AWS Portal,2026-09-29T03:23:56Z
UPNIR000,MAINPURI_KVK,2026-09-29T03:15:00Z,23.4,,100.0,27.3846,79.0938,160.0,UTTAR_PRADESH,MAINPURI,UTTAR_PRADESH,India Meteorological Department AWS Portal,2026-09-29T03:23:56Z
UPPPI000,PRITHVIPUR,2026-09-29T03:15:00Z,31.3,1003.8,,29.3175,78.1158,79.0,UTTAR_PRADESH,BIJNOR,UTTAR_PRADESH,India Meteorological Department AWS Portal,2026-09-29T03:23:56Z
UPPRH000,PRATAPGARH,2026-09-29T03:15:00Z,24.7,998.9,100.0,25.283,81.9866,120.2,UTTAR_PRADESH,PRATAPGARH,UTTAR_PRADESH,India Meteorological Department AWS Portal,2026-09-29T03:23:56Z
UPRMT000,RAMKOT,2026-09-29T03:15:00Z,20.8,1003.9,,27.5217,80.5854,78.1,UTTAR_PRADESH,SITAPUR,UTTAR_PRADESH,India Meteorological Department AWS Portal,2026-09-29T03:23:56Z
UPSAC000,KUSHINAGAR_KVK,2026-09-29T03:15:00Z,25.3,,100.0,26.7343,84.1848,160.0,UTTAR_PRADESH,KUSHINAGAR,UTTAR_PRADESH,India Meteorological Department AWS Portal,2026-09-29T03:23:56Z
UPSHC000,SHAMLI,2026-09-29T03:15:00Z,30.5,1006.3,38.0,29.5443,77.1864,58.0,UTTAR_PRADESH,SHAMLI,UTTAR_PRADESH,India Meteorological Department AWS Portal,2026-09-29T03:23:56Z
UPSJH000,SHAHJAHANPUR,2026-09-29T03:15:00Z,21.3,1007.5,99.0,27.875,79.9385,48.0,UTTAR_PRADESH,SHAHJAHANPUR,UTTAR_PRADESH,India Meteorological Department AWS Portal,2026-09-29T03:23:56Z
UPSMA000,SAMBHAL_PALTHA,2026-09-29T03:15:00Z,25.7,1005.8,,28.4833,78.8491,62.2,UTTAR_PRADESH,SAMBHAL,UTTAR_PRADESH,India Meteorological Department AWS Portal,2026-09-29T03:23:56Z
UPSRF000,SAHARANPUR,2026-09-29T03:15:00Z,29.9,1004.6,67.0,29.9703,77.5573,72.3,UTTAR_PRADESH,SAHARANPUR,UTTAR_PRADESH,India Meteorological Department AWS Portal,2026-09-29T03:23:56Z
UPTHG000,FATEHPUR_KVK,2026-09-29T03:15:00Z,23.8,,,25.8448,80.9918,160.0,UTTAR_PRADESH,FATEHPUR,UTTAR_PRADESH,India Meteorological Department AWS Portal,2026-09-29T03:23:56Z
UPTTA000,TALA_GRAM,2026-09-29T03:15:00Z,21.0,1006.5,100.0,26.1758,81.7483,56.3,UTTAR_PRADESH,AMETHI,UTTAR_PRADESH,India Meteorological Department AWS Portal,2026-09-29T03:23:56Z
UPUCE000,UCHETI,2026-09-29T03:15:00Z,29.2,1005.7,59.0,28.8683,78.6659,63.0,UTTAR_PRADESH,MORADABAD,UTTAR_PRADESH,India Meteorological Department AWS Portal,2026-09-29T03:23:56Z
UTALA000,MATELA_KVK,2026-09-29T03:15:00Z,22.5,,89.0,29.6264,79.6309,1600.0,UTTARAKHAND,ALMORA,UTTARAKHAND,India Meteorological Department AWS Portal,2026-09-29T03:23:56Z
UTBBR000,CHAUBATIA_RANIKHET,2026-09-29T03:15:00Z,18.0,,100.0,29.6213,79.4591,1600.0,UTTARAKHAND,ALMORA,UTTARAKHAND,India Meteorological Department AWS Portal,2026-09-29T03:23:56Z
UTHAB000,HATIBHARKALA,2026-09-29T03:15:00Z,26.9,999.1,70.0,30.3431,78.056,118.5,UTTARAKHAND,DEHRADUN,UTTARAKHAND,India Meteorological Department AWS Portal,2026-09-29T03:23:56Z
UTKKS000,KASHIPUR_AWS400,2026-09-29T03:15:00Z,28.6,1004.5,70.0,29.188,79.0109,73.1,UTTARAKHAND,UDHAM_SINGH_NAGAR,UTTARAKHAND,India Meteorological Department AWS Portal,2026-09-29T03:23:56Z
UTMDT000,MALDEVTA,2026-09-29T03:15:00Z,,1003.3,73.0,30.3429,78.119,83.2,UTTARAKHAND,DEHRADUN,UTTARAKHAND,India Meteorological Department AWS Portal,2026-09-29T03:23:56Z
UTMOM000,MOHAKAMPUR,2026-09-29T03:15:00Z,28.5,1004.5,63.0,30.2782,78.0744,73.1,UTTARAKHAND,DEHRADUN,UTTARAKHAND,India Meteorological Department AWS Portal,2026-09-29T03:23:56Z
UTNAF000,NAINITAL(JEOLIKOT)_KVK,2026-09-29T03:15:00Z,20.6,,99.0,29.3455,79.4844,1600.0,UTTARAKHAND,NAINITAL,UTTARAKHAND,India Meteorological Department AWS Portal,2026-09-29T03:23:56Z
UTWAI000,TH_KOSIYAKUTOLI,2026-09-29T03:15:00Z,30.3,920.3,74.0,29.49,79.47,804.2,UTTARAKHAND,NAINITAL,UTTARAKHAND,India Meteorological Department AWS Portal,2026-09-29T03:23:56Z
WBAML000,RAMSADAY_COLLEGE_AMTA,2026-09-29T03:15:00Z,28.9,1005.4,93.0,22.5748,88.0019,65.6,WEST_BENGAL,HOWRAH,WEST_BENGAL,India Meteorological Department AWS Portal,2026-09-29T03:23:56Z
WBASA000,IMD_MO_ASSANSOL,2026-09-29T03:15:00Z,27.0,1005.3,36.0,23.705,86.9789,66.4,WEST_BENGAL,ASANSOL,WEST_BENGAL,India Meteorological Department AWS Portal,2026-09-29T03:23:56Z
WBASO000,ASHOKNAGAR_KVK,2026-09-29T03:15:00Z,29.9,,,22.8382,88.6347,160.0,WEST_BENGAL,NORTH_TWENTY_FOUR_PARGANAS,WEST_BENGAL,India Meteorological Department AWS Portal,2026-09-29T03:23:56Z
WBBBL000,BALURGHAT,2026-09-29T03:15:00Z,30.1,1006.9,100.0,25.234,88.7942,53.0,WEST_BENGAL,SOUTH_DINAJPUR,WEST_BENGAL,India Meteorological Department AWS Portal,2026-09-29T03:23:56Z
WBBJU000,BIJPUR,2026-09-29T03:15:00Z,31.1,1014.9,73.0,22.937,87.5459,0.0,WEST_BENGAL,NADIA,WEST_BENGAL,India Meteorological Department AWS Portal,2026-09-29T03:23:56Z
WBBPG000,BARRACKPORE_AWS400,2026-09-29T03:15:00Z,29.8,1001.6,,22.7809,88.3357,97.4,WEST_BENGAL,NORTH_TWENTY_FOUR_PARGANAS,WEST_BENGAL,India Meteorological Department AWS Portal,2026-09-29T03:23:56Z
WBBTS000,BANARHAT,2026-09-29T03:15:00Z,28.4,1006.6,51.0,26.7924,89.0265,55.5,WEST_BENGAL,JALPAIGURI,WEST_BENGAL,India Meteorological Department AWS Portal,2026-09-29T03:23:56Z
WBCCA000,BCKV_College,2026-09-29T03:15:00Z,26.1,1006.1,99.0,23.3734,86.9704,59.7,WEST_BENGAL,BANKURA,WEST_BENGAL,India Meteorological Department AWS Portal,2026-09-29T03:23:56Z
WBDIH000,IMD_MO_DIGHA,2026-09-29T03:15:00Z,28.0,1004.3,,21.6237,87.5063,74.8,WEST_BENGAL,PURBA_MEDNIPUR,WEST_BENGAL,India Meteorological Department AWS Portal,2026-09-29T03:23:56Z
WBDIT000,DINHATA_AWS400,2026-09-29T03:15:00Z,30.6,1006.0,100.0,26.1464,89.4649,60.5,WEST_BENGAL,COOCH_BEHAR,WEST_BENGAL,India Meteorological Department AWS Portal,2026-09-29T03:23:56Z
WBDJL000,DARJEELING_MO,2026-09-29T03:15:00Z,14.5,,100.0,27.0335,88.1509,160.0,WEST_BENGAL,DARJEELING,WEST_BENGAL,India Meteorological Department AWS Portal,2026-09-29T03:23:56Z
WBDPG000,DHUPGURI,2026-09-29T03:15:00Z,28.6,1007.5,87.0,26.5632,89.0409,48.0,WEST_BENGAL,JALPAIGURI,WEST_BENGAL,India Meteorological Department AWS Portal,2026-09-29T03:23:56Z
WBDUA000,KZI_AIRPORT,2026-09-29T03:15:00Z,26.6,1005.0,99.0,23.6212,87.2397,68.9,WEST_BENGAL,DURGAPUR,WEST_BENGAL,India Meteorological Department AWS Portal,2026-09-29T03:23:56Z
WBGAA000,GANGASAGAR,2026-09-29T03:15:00Z,25.5,1006.2,,21.74483,88.099278,58.9,WEST_BENGAL,SOUTH_TWENTY_FOUR_PARGANAS,WEST_BENGAL,India Meteorological Department AWS Portal,2026-09-29T03:23:56Z
WBJIS000,JISU_AGARPARA,2026-09-29T03:15:00Z,30.0,1004.5,79.0,22.6726,88.3791,73.1,WEST_BENGAL,NORTH_TWENTY_FOUR_PARGANAS,WEST_BENGAL,India Meteorological Department AWS Portal,2026-09-29T03:23:56Z
WBKVH000,KVK_HOWRAH_JAGATBALLAVAPUR,2026-09-29T03:15:00Z,28.0,1000.8,100.0,22.678,88.1225,104.2,WEST_BENGAL,HOWRAH,WEST_BENGAL,India Meteorological Department AWS Portal,2026-09-29T03:23:56Z
WBKVK000,KVK_BURDWAN_BUDBUD,2026-09-29T03:15:00Z,28.4,1003.8,,23.4001,87.546,79.0,WEST_BENGAL,EAST_BURDWAN,WEST_BENGAL,India Meteorological Department AWS Portal,2026-09-29T03:23:56Z
WBMDD000,MALDA,2026-09-29T03:15:00Z,29.2,1005.8,,24.9787,88.1446,62.2,WEST_BENGAL,MALDA,WEST_BENGAL,India Meteorological Department AWS Portal,2026-09-29T03:23:56Z
WBMNE000,MAL,2026-09-29T03:15:00Z,27.3,1008.9,100.0,26.8685,88.7466,36.3,WEST_BENGAL,JALPAIGURI,WEST_BENGAL,India Meteorological Department AWS Portal,2026-09-29T03:23:56Z
WBMON000,RAMKRISHNA_MISSION_COLLEGE,2026-09-29T03:15:00Z,28.8,,,22.4417,88.3982,160.0,WEST_BENGAL,SOUTH_TWENTY_FOUR_PARGANAS,WEST_BENGAL,India Meteorological Department AWS Portal,2026-09-29T03:23:56Z
WBMUB000,MURSHIDABAD_KVK,2026-09-29T03:15:00Z,26.3,,92.0,24.2686,88.2879,160.0,WEST_BENGAL,MURSHIDABAD,WEST_BENGAL,India Meteorological Department AWS Portal,2026-09-29T03:23:56Z
WBNTO000,OHR_15,2026-09-29T03:15:00Z,29.1,,95.0,22.6174,88.478,160.0,WEST_BENGAL,KOLKATA,WEST_BENGAL,India Meteorological Department AWS Portal,2026-09-29T03:23:56Z
WBPUI000,PURULIA_KVK,2026-09-29T03:15:00Z,26.4,,,23.4007,86.4184,160.0,WEST_BENGAL,PURULIA,WEST_BENGAL,India Meteorological Department AWS Portal,2026-09-29T03:23:56Z
WBRAL000,RAMSHAI_KVK,2026-09-29T03:15:00Z,28.2,,,26.7035,88.8467,160.0,WEST_BENGAL,JALPAIGURI,WEST_BENGAL,India Meteorological Department AWS Portal,2026-09-29T03:23:56Z
WBSCI000,SCIENCE_CITY,2026-09-29T03:15:00Z,29.1,,83.0,22.5377,88.3908,160.0,WEST_BENGAL,KOLKATA,WEST_BENGAL,India Meteorological Department AWS Portal,2026-09-29T03:23:56Z
WBTAR000,DEGREE_COLLEGE_TARAKESWAR,2026-09-29T03:15:00Z,,1006.7,70.0,22.8821,88.0047,54.7,WEST_BENGAL,HOOGHLY,WEST_BENGAL,India Meteorological Department AWS Portal,2026-09-29T03:23:56Z
55C09CCE,R_S_PURA,2026-09-29T03:15:00Z,,,,32.61,74.74,1600.0,JAMMU_AND_KASHMIR,JAMMU,JAMMU_AND_KASHMIR,India Meteorological Department AWS Portal,2026-09-29T03:23:56Z
55C0A786,REASI,2026-09-29T03:15:00Z,,,,32.99,74.83,1600.0,JAMMU_AND_KASHMIR,REASI,JAMMU_AND_KASHMIR,India Meteorological Department AWS Portal,2026-09-29T03:23:56Z
55C1301E,BURMAL,2026-09-29T03:15:00Z,,,,32.45,75.28,1600.0,JAMMU_AND_KASHMIR,KATHUA,JAMMU_AND_KASHMIR,India Meteorological Department AWS Portal,2026-09-29T03:23:56Z
55C18390,BAKORE,2026-09-29T03:15:00Z,,,,32.8071,74.55,1600.0,JAMMU_AND_KASHMIR,JAMMU,JAMMU_AND_KASHMIR,India Meteorological Department AWS Portal,2026-09-29T03:23:56Z
55C18D42,RONGARA,2026-09-29T03:15:00Z,,,,25.19,90.78,650.0,MEGHALAYA,SOUTH_GARO_HILLS,MEGHALAYA,India Meteorological Department AWS Portal,2026-09-29T03:23:56Z
55C1B8D8,KOLABIRA,2026-09-29T03:15:00Z,,,,21.8,84.17,30.0,ODISHA,JHARSUGUDA,ODISHA,India Meteorological Department AWS Portal,2026-09-29T03:23:56Z
55C239C2,MAHENDRAGARH,2026-09-29T03:15:00Z,,,,19.13,84.1333,30.0,ODISHA,GAJAPATI,ODISHA,India Meteorological Department AWS Portal,2026-09-29T03:23:56Z
55C2676C,TIGIRIA,2026-09-29T03:15:00Z,,,,20.4661,85.5269,30.0,ODISHA,CUTTACK,ODISHA,India Meteorological Department AWS Portal,2026-09-29T03:23:56Z
55C4DAFE,SOHELA,2026-09-29T03:15:00Z,,,,21.2833,83.38,30.0,ODISHA,BARGARH,ODISHA,India Meteorological Department AWS Portal,2026-09-29T03:23:56Z
55C5E34C,KADAMDEULI,2026-09-29T03:15:00Z,,,,23.09,86.86,160.0,WEST_BENGAL,BANKURA,WEST_BENGAL,India Meteorological Department AWS Portal,2026-09-29T03:23:56Z
55C5ED9E,MUKUTMONIPUR,2026-09-29T03:15:00Z,,,,22.9567,86.79,160.0,WEST_BENGAL,BANKURA,WEST_BENGAL,India Meteorological Department AWS Portal,2026-09-29T03:23:56Z
55C60962,DINHATA,2026-09-29T03:15:00Z,,,,26.12,89.48,160.0,WEST_BENGAL,COOCH_BEHAR,WEST_BENGAL,India Meteorological Department AWS Portal,2026-09-29T03:23:56Z
55C68F76,KADAMTALA,2026-09-29T03:15:00Z,,,,24.441,92.248,650.0,TRIPURA,NORTH_TRIPURA,TRIPURA,India Meteorological Department AWS Portal,2026-09-29T03:23:56Z
55C692D2,AMARPUR,2026-09-29T03:15:00Z,,,,23.51,91.657,650.0,TRIPURA,GOMATI,TRIPURA,India Meteorological Department AWS Portal,2026-09-29T03:23:56Z
55C69C00,KUMARGHAT,2026-09-29T03:15:00Z,,,,24.177,92.039,650.0,TRIPURA,UNAKOTI,TRIPURA,India Meteorological Department AWS Portal,2026-09-29T03:23:56Z
55C6C2AE,BELONIA,2026-09-29T03:15:00Z,,,,23.2451,91.476,650.0,TRIPURA,SOUTH_TRIPURA,TRIPURA,India Meteorological Department AWS Portal,2026-09-29T03:23:56Z
55C6DF0A,NAMTHANG,2026-09-29T03:15:00Z,,,,27.16,88.47,650.0,SIKKIM,NAMCHI,SIKKIM,India Meteorological Department AWS Portal,2026-09-29T03:23:56Z
55C718EE,RAVANGLA,2026-09-29T03:15:00Z,,,,27.29,88.35,650.0,SIKKIM,NAMCHI,SIKKIM,India Meteorological Department AWS Portal,2026-09-29T03:23:56Z
55C723A6,ZIRO_ARG,2026-09-29T03:15:00Z,,,,27.5378,93.815,650.0,ARUNACHAL_PRADESH,LOWER_SUBANSIRI,ARUNACHAL_PRADESH,India Meteorological Department AWS Portal,2026-09-29T03:23:56Z
55C73E02,CHAPRA,2026-09-29T03:15:00Z,,,,25.7878,84.74,160.0,BIHAR,SARAN,BIHAR,India Meteorological Department AWS Portal,2026-09-29T03:23:56Z
55C75536,HATHUA,2026-09-29T03:15:00Z,,,,26.3674,84.3129,160.0,BIHAR,GOPALGANJ,BIHAR,India Meteorological Department AWS Portal,2026-09-29T03:23:56Z
55C7E6B8,OYAN,2026-09-29T03:15:00Z,,,,27.88,95.31,650.0,ARUNACHAL_PRADESH,EAST_SIANG,ARUNACHAL_PRADESH,India Meteorological Department AWS Portal,2026-09-29T03:23:56Z
55C868EC,ARKI,2026-09-29T03:15:00Z,,,,23.1,85.53,380.0,JHARKHAND,KHUNTI,JHARKHAND,India Meteorological Department AWS Portal,2026-09-29T03:23:56Z
55C87548,TORPA,2026-09-29T03:15:00Z,,,,22.93,85.41,380.0,JHARKHAND,KHUNTI,JHARKHAND,India Meteorological Department AWS Portal,2026-09-29T03:23:56Z
55C896BA,CHETTYKULAM,2026-09-29T03:15:00Z,,,,11.13,78.77,30.0,TAMIL_NADU,PERAMBALUR,TAMIL_NADU,India Meteorological Department AWS Portal,2026-09-29T03:23:56Z
55C8ADF2,NILAKOTTAI,2026-09-29T03:15:00Z,,,,10.15,77.85,30.0,TAMIL_NADU,DINDIGUL,TAMIL_NADU,India Meteorological Department AWS Portal,2026-09-29T03:23:56Z
55C8B056,DINDIGUL,2026-09-29T03:15:00Z,,,,10.38,77.96,30.0,TAMIL_NADU,DINDIGUL,TAMIL_NADU,India Meteorological Department AWS Portal,2026-09-29T03:23:56Z
55C93A6A,KARUMANDURAI,2026-09-29T03:15:00Z,,,,11.82,78.62,30.0,TAMIL_NADU,SALEM,TAMIL_NADU,India Meteorological Department AWS Portal,2026-09-29T03:23:56Z
55C95F8C,PERUNDURAI,2026-09-29T03:15:00Z,,,,11.27,77.78,30.0,TAMIL_NADU,ERODE,TAMIL_NADU,India Meteorological Department AWS Portal,2026-09-29T03:23:56Z
55C96A16,KARUR,2026-09-29T03:15:00Z,,,,10.95,78.7,30.0,TAMIL_NADU,KARUR,TAMIL_NADU,India Meteorological Department AWS Portal,2026-09-29T03:23:56Z
55C99A92,RAJAPALAYAM,2026-09-29T03:15:00Z,,,,9.4667,77.55,30.0,TAMIL_NADU,VIRUDHUNAGAR,TAMIL_NADU,India Meteorological Department AWS Portal,2026-09-29T03:23:56Z
55C9AF08,BODINAYAKANUR,2026-09-29T03:15:00Z,,,,10.0,77.35,30.0,TAMIL_NADU,THENI,TAMIL_NADU,India Meteorological Department AWS Portal,2026-09-29T03:23:56Z
55C9CAEE,SATTANKULAM,2026-09-29T03:15:00Z,,,,8.4333,77.9,30.0,TAMIL_NADU,THOOTHUKUDI,TAMIL_NADU,India Meteorological Department AWS Portal,2026-09-29T03:23:56Z
55C9D74A,KAYATHAR,2026-09-29T03:15:00Z,,,,8.95,77.7667,30.0,TAMIL_NADU,THOOTHUKUDI,TAMIL_NADU,India Meteorological Department AWS Portal,2026-09-29T03:23:56Z
55C9EC02,MELUR,2026-09-29T03:15:00Z,,,,10.03,78.33,30.0,TAMIL_NADU,MADURAI,TAMIL_NADU,India Meteorological Department AWS Portal,2026-09-29T03:23:56Z
55C9FF74,MANAPARAI,2026-09-29T03:15:00Z,,,,10.6,78.42,30.0,TAMIL_NADU,TIRUCHIRAPPALLI,TAMIL_NADU,India Meteorological Department AWS Portal,2026-09-29T03:23:56Z
55CA33B6,MANALMEDU,2026-09-29T03:15:00Z,,,,11.26,79.6,30.0,TAMIL_NADU,MAYILADUTHURAI,TAMIL_NADU,India Meteorological Department AWS Portal,2026-09-29T03:23:56Z
55CA5650,SENTHURAI,2026-09-29T03:15:00Z,,,,11.24,79.18,30.0,TAMIL_NADU,ARIYALUR,TAMIL_NADU,India Meteorological Department AWS Portal,2026-09-29T03:23:56Z
55CA5882,JAYAMKONDAM,2026-09-29T03:15:00Z,,,,11.21,79.36,30.0,TAMIL_NADU,ARIYALUR,TAMIL_NADU,India Meteorological Department AWS Portal,2026-09-29T03:23:56Z
55CA70BC,TARAMANI,2026-09-29T03:15:00Z,,,,12.9833,80.2333,30.0,TAMIL_NADU,CHENNAI,TAMIL_NADU,India Meteorological Department AWS Portal,2026-09-29T03:23:56Z
55CAEB0C,BORDUMSA,2026-09-29T03:15:00Z,,,,27.515,95.8781,650.0,ARUNACHAL_PRADESH,CHANGLANG,ARUNACHAL_PRADESH,India Meteorological Department AWS Portal,2026-09-29T03:23:56Z
55CB490E,SOMPURA_(NICE),2026-09-29T03:15:00Z,,,,12.8822,77.4953,550.0,KARNATAKA,BANGALORE_URBAN,KARNATAKA,India Meteorological Department AWS Portal,2026-09-29T03:23:56Z
55CBC1C8,VEPPANTHATTAI,2026-09-29T03:15:00Z,,,,11.33,78.82,30.0,TAMIL_NADU,PERAMBALUR,TAMIL_NADU,India Meteorological Department AWS Portal,2026-09-29T03:23:56Z
55CBCF1A,KULITHALAI,2026-09-29T03:15:00Z,,,,10.94,78.42,30.0,TAMIL_NADU,KARUR,TAMIL_NADU,India Meteorological Department AWS Portal,2026-09-29T03:23:56Z
55CCA8C8,MUNIRABAD,2026-09-29T03:15:00Z,,,,15.2975,76.3147,550.0,KARNATAKA,KOPPAL,KARNATAKA,India Meteorological Department AWS Portal,2026-09-29T03:23:56Z
55CCD08A,MALAVALLI,2026-09-29T03:15:00Z,,,,12.3828,77.0589,550.0,KARNATAKA,MANDYA,KARNATAKA,India Meteorological Department AWS Portal,2026-09-29T03:23:56Z
55CCE510,HUNSUR,2026-09-29T03:15:00Z,,,,12.31,76.27,550.0,KARNATAKA,MYSORE,KARNATAKA,India Meteorological Department AWS Portal,2026-09-29T03:23:56Z
55CD19BC,HESSARGHATTA,2026-09-29T03:15:00Z,,,,13.56,77.05,550.0,KARNATAKA,BANGALORE_RURAL,KARNATAKA,India Meteorological Department AWS Portal,2026-09-29T03:23:56Z
55CDE7EA,AIRPORT(CHAKKA),2026-09-29T03:15:00Z,,,,8.467,76.95,30.0,KERALA,THIRUVANANTHAPURAM,KERALA,India Meteorological Department AWS Portal,2026-09-29T03:23:56Z
55CE1060,KANJIRAPUZHA,2026-09-29T03:15:00Z,,,,10.99,76.53,30.0,KERALA,PALAKKAD,KERALA,India Meteorological Department AWS Portal,2026-09-29T03:23:56Z
55CE66F0,VYANTHALA,2026-09-29T03:15:00Z,,,,10.26,76.29,30.0,KERALA,THRISSUR,KERALA,India Meteorological Department AWS Portal,2026-09-29T03:23:56Z
55CEBE4A,CHIPLUN,2026-09-29T03:15:00Z,,,,17.31,73.32,550.0,MAHARASHTRA,RATNAGIRI,MAHARASHTRA,India Meteorological Department AWS Portal,2026-09-29T03:23:56Z
55CF129A,VANI,2026-09-29T03:15:00Z,,,,20.3333,73.8333,550.0,MAHARASHTRA,NASHIK,MAHARASHTRA,India Meteorological Department AWS Portal,2026-09-29T03:23:56Z
55D06BD4,DHOLKA,2026-09-29T03:15:00Z,,,,22.7359,72.4369,220.0,GUJARAT,AHMEDABAD,GUJARAT,India Meteorological Department AWS Portal,2026-09-29T03:23:56Z
55D07670,RANPUR,2026-09-29T03:15:00Z,,,,22.3604,71.7151,220.0,GUJARAT,BOTAD,GUJARAT,India Meteorological Department AWS Portal,2026-09-29T03:23:56Z
55D0FEB6,MANSA_ARG,2026-09-29T03:15:00Z,,,,23.42,72.65,220.0,GUJARAT,GANDHINAGAR,GUJARAT,India Meteorological Department AWS Portal,2026-09-29T03:23:56Z
55D20BC6,KHETRI,2026-09-29T03:15:00Z,,,,26.1158,92.0838,650.0,ASSAM,KAMRUP_METROPOLITAN,ASSAM,India Meteorological Department AWS Portal,2026-09-29T03:23:56Z
55D2461E,JAGRAON,2026-09-29T03:15:00Z,,,,30.75,75.49,160.0,PUNJAB,LUDHIANA,PUNJAB,India Meteorological Department AWS Portal,2026-09-29T03:23:56Z
55D260F2,ADAMPUR_JLD,2026-09-29T03:15:00Z,,,,31.44,75.71,160.0,PUNJAB,JALANDHAR,PUNJAB,India Meteorological Department AWS Portal,2026-09-29T03:23:56Z
55D26E20,NAKODAR,2026-09-29T03:15:00Z,,,,31.12,75.56,160.0,PUNJAB,JALANDHAR,PUNJAB,India Meteorological Department AWS Portal,2026-09-29T03:23:56Z
55D27384,AJNALA_AMRITSAR,2026-09-29T03:15:00Z,,,,31.8669,74.8669,160.0,PUNJAB,AMRITSAR,PUNJAB,India Meteorological Department AWS Portal,2026-09-29T03:23:56Z
55D29076,DASUYA,2026-09-29T03:15:00Z,,,,31.81,75.65,160.0,PUNJAB,HOSHIARPUR,PUNJAB,India Meteorological Department AWS Portal,2026-09-29T03:23:56Z
55D2A5EC,AUR_PHAMBRA_ROAD,2026-09-29T03:15:00Z,,,,31.06,75.99,160.0,PUNJAB,SHAHID_BHAGAT_SINGH_NAGAR,PUNJAB,India Meteorological Department AWS Portal,2026-09-29T03:23:56Z
55D2C00A,KISHANKOT,2026-09-29T03:15:00Z,,,,31.68,75.4,160.0,PUNJAB,GURDASPUR,PUNJAB,India Meteorological Department AWS Portal,2026-09-29T03:23:56Z
55D2CED8,AMLOH,2026-09-29T03:15:00Z,,,,30.6,76.23,160.0,PUNJAB,FATEHGARH_SAHIB,PUNJAB,India Meteorological Department AWS Portal,2026-09-29T03:23:56Z
55D2D37C,ADAMPUR_FGH,2026-09-29T03:15:00Z,,,,30.5844,76.4,160.0,PUNJAB,FATEHGARH_SAHIB,PUNJAB,India Meteorological Department AWS Portal,2026-09-29T03:23:56Z
55D2DDAE,FATEHGARH_SAHIB_ARG,2026-09-29T03:15:00Z,,,,30.6,76.51,160.0,PUNJAB,FATEHGARH_SAHIB,PUNJAB,India Meteorological Department AWS Portal,2026-09-29T03:23:56Z
55D2E6E6,RAJPURA,2026-09-29T03:15:00Z,,,,30.43,76.6,160.0,PUNJAB,PATIALA,PUNJAB,India Meteorological Department AWS Portal,2026-09-29T03:23:56Z
55D2E834,NABHA,2026-09-29T03:15:00Z,,,,30.39,76.19,160.0,PUNJAB,PATIALA,PUNJAB,India Meteorological Department AWS Portal,2026-09-29T03:23:56Z
55D2F590,SAMANA,2026-09-29T03:15:00Z,,,,30.15,76.2,160.0,PUNJAB,PATIALA,PUNJAB,India Meteorological Department AWS Portal,2026-09-29T03:23:56Z
55D2FB42,BARNALA_ARG,2026-09-29T03:15:00Z,,,,30.25,75.62,160.0,PUNJAB,BARNALA,PUNJAB,India Meteorological Department AWS Portal,2026-09-29T03:23:56Z
55D3093C,DAYALPURA,2026-09-29T03:15:00Z,,,,30.2458,75.8421,160.0,PUNJAB,SANGRUR,PUNJAB,India Meteorological Department AWS Portal,2026-09-29T03:23:56Z
55D31498,UMRANGSHU,2026-09-29T03:15:00Z,,,,25.51,92.73,650.0,ASSAM,DIMA_HASAO,ASSAM,India Meteorological Department AWS Portal,2026-09-29T03:23:56Z
55D32102,CHOULDHUAGHAT,2026-09-29T03:15:00Z,,,,27.7333,94.4,650.0,ASSAM,LAKHIMPUR,ASSAM,India Meteorological Department AWS Portal,2026-09-29T03:23:56Z
55D32FD0,PATHANKOT,2026-09-29T03:15:00Z,,,,32.28,75.65,160.0,PUNJAB,PATHANKOT,PUNJAB,India Meteorological Department AWS Portal,2026-09-29T03:23:56Z
55D33CA6,TEOK,2026-09-29T03:15:00Z,,,,26.83,94.41,650.0,ASSAM,JORHAT,ASSAM,India Meteorological Department AWS Portal,2026-09-29T03:23:56Z
55D344E4,GIDDERBAHA,2026-09-29T03:15:00Z,,,,30.21,74.64,160.0,PUNJAB,MUKTSAR,PUNJAB,India Meteorological Department AWS Portal,2026-09-29T03:23:56Z
55D34A36,FAZILKA,2026-09-29T03:15:00Z,,,,30.43,73.99,160.0,PUNJAB,FAZILKA,PUNJAB,India Meteorological Department AWS Portal,2026-09-29T03:23:56Z
55D35792,JALALABAD_PUNJAB,2026-09-29T03:15:00Z,,,,30.61,74.26,160.0,PUNJAB,FIROZPUR,PUNJAB,India Meteorological Department AWS Portal,2026-09-29T03:23:56Z
55D381FA,NAZIRA,2026-09-29T03:15:00Z,,,,26.92,94.73,650.0,ASSAM,CHARAIDEO,ASSAM,India Meteorological Department AWS Portal,2026-09-29T03:23:56Z
55D39C5E,MARIGAON,2026-09-29T03:15:00Z,,,,26.25,92.36,650.0,ASSAM,MARIGAON,ASSAM,India Meteorological Department AWS Portal,2026-09-29T03:23:56Z
55D3B460,LANKA,2026-09-29T03:15:00Z,,,,25.92,92.95,650.0,ASSAM,NAGAON,ASSAM,India Meteorological Department AWS Portal,2026-09-29T03:23:56Z
55D3BAB2,DHANSIRI,2026-09-29T03:15:00Z,,,,25.81,93.6,650.0,ASSAM,KARBI_ANGLONG,ASSAM,India Meteorological Department AWS Portal,2026-09-29T03:23:56Z
55D51A84,SARABAI,2026-09-29T03:15:00Z,,,,31.8684,77.1514,1600.0,HIMACHAL_PRADESH,KULLU,HIMACHAL_PRADESH,India Meteorological Department AWS Portal,2026-09-29T03:23:56Z
55D64DF6,SANGLA,2026-09-29T03:15:00Z,,,,31.43,78.25,1600.0,HIMACHAL_PRADESH,KINNAUR,HIMACHAL_PRADESH,India Meteorological Department AWS Portal,2026-09-29T03:23:56Z
55D65052,MOORANG,2026-09-29T03:15:00Z,,,,31.6,78.4412,1600.0,HIMACHAL_PRADESH,KINNAUR,HIMACHAL_PRADESH,India Meteorological Department AWS Portal,2026-09-29T03:23:56Z
55D6BD72,BARARA,2026-09-29T03:15:00Z,,,,30.2,77.03,160.0,HARYANA,AMBALA,HARYANA,India Meteorological Department AWS Portal,2026-09-29T03:23:56Z
55D77444,SIWANI,2026-09-29T03:15:00Z,,,,28.92,75.61,160.0,HARYANA,BHIWANI,HARYANA,India Meteorological Department AWS Portal,2026-09-29T03:23:56Z
55D77A96,TOHANA,2026-09-29T03:15:00Z,,,,29.72,75.89,160.0,HARYANA,FATEHABAD,HARYANA,India Meteorological Department AWS Portal,2026-09-29T03:23:56Z
55D78A12,DABWALI,2026-09-29T03:15:00Z,,,,29.95,74.69,160.0,HARYANA,SIRSA,HARYANA,India Meteorological Department AWS Portal,2026-09-29T03:23:56Z
55D797B6,ELLANABAD,2026-09-29T03:15:00Z,,,,29.43,74.69,160.0,HARYANA,SIRSA,HARYANA,India Meteorological Department AWS Portal,2026-09-29T03:23:56Z
55D7A22C,CHACCHRAULI,2026-09-29T03:15:00Z,,,,30.24,77.35,160.0,HARYANA,YAMUNANAGAR,HARYANA,India Meteorological Department AWS Portal,2026-09-29T03:23:56Z
55D7C7CA,NIRMAL,2026-09-29T03:15:00Z,,,,19.09,78.34,550.0,TELANGANA,NIRMAL,TELANGANA,India Meteorological Department AWS Portal,2026-09-29T03:23:56Z
55D7EFF4,BHADERWAH,2026-09-29T03:15:00Z,,,,32.95,75.72,1600.0,JAMMU_AND_KASHMIR,DODA,JAMMU_AND_KASHMIR,India Meteorological Department AWS Portal,2026-09-29T03:23:56Z
55D7F250,KATHUA,2026-09-29T03:15:00Z,,,,32.38,75.52,1600.0,JAMMU_AND_KASHMIR,KATHUA,JAMMU_AND_KASHMIR,India Meteorological Department AWS Portal,2026-09-29T03:23:56Z
55D822AA,BANDIPORA,2026-09-29T03:15:00Z,,,,34.2733,74.59,1600.0,JAMMU_AND_KASHMIR,BANDIPORA,JAMMU_AND_KASHMIR,India Meteorological Department AWS Portal,2026-09-29T03:23:56Z
55D872D6,SHEGAON,2026-09-29T03:15:00Z,,,,20.48,76.41,550.0,MAHARASHTRA,BULDHANA,MAHARASHTRA,India Meteorological Department AWS Portal,2026-09-29T03:23:56Z
55D8FA10,TADIPATRI,2026-09-29T03:15:00Z,,,,14.9,77.99,30.0,ANDHRA_PRADESH,ANANTAPUR,ANDHRA_PRADESH,India Meteorological Department AWS Portal,2026-09-29T03:23:56Z
55D92E82,ITAHAR,2026-09-29T03:15:00Z,,,,25.7528,88.14,160.0,WEST_BENGAL,NORTH_DINAJPUR,WEST_BENGAL,India Meteorological Department AWS Portal,2026-09-29T03:23:56Z
55D945B6,MUNGELI,2026-09-29T03:15:00Z,,,,22.1012,81.7505,380.0,CHHATTISGARH,MUNGELI,CHHATTISGARH,India Meteorological Department AWS Portal,2026-09-29T03:23:56Z
55D9635A,SONAMUKHI,2026-09-29T03:15:00Z,,,,23.4964,87.4131,160.0,WEST_BENGAL,BANKURA,WEST_BENGAL,India Meteorological Department AWS Portal,2026-09-29T03:23:56Z
55D96D88,NAGRI,2026-09-29T03:15:00Z,,,,20.3509,81.9563,380.0,CHHATTISGARH,DHAMTARI,CHHATTISGARH,India Meteorological Department AWS Portal,2026-09-29T03:23:56Z
55D9A896,PATHALGAON,2026-09-29T03:15:00Z,,,,22.55,83.48,380.0,CHHATTISGARH,JASHPUR,CHHATTISGARH,India Meteorological Department AWS Portal,2026-09-29T03:23:56Z
55D9B532,BAGICHA,2026-09-29T03:15:00Z,,,,22.9656,83.6425,380.0,CHHATTISGARH,JASHPUR,CHHATTISGARH,India Meteorological Department AWS Portal,2026-09-29T03:23:56Z
55D9CD70,KATGHORA,2026-09-29T03:15:00Z,,,,22.5043,82.556,380.0,CHHATTISGARH,KORBA,CHHATTISGARH,India Meteorological Department AWS Portal,2026-09-29T03:23:56Z
55D9D0D4,JANAKPUR,2026-09-29T03:15:00Z,,,,23.72,81.78,380.0,CHHATTISGARH,KORIYA,CHHATTISGARH,India Meteorological Department AWS Portal,2026-09-29T03:23:56Z
55D9DE06,SONHAT,2026-09-29T03:15:00Z,,,,23.48,82.52,380.0,CHHATTISGARH,KORIYA,CHHATTISGARH,India Meteorological Department AWS Portal,2026-09-29T03:23:56Z
55D9EB9C,PANDARIA,2026-09-29T03:15:00Z,,,,22.2245,81.4047,380.0,CHHATTISGARH,KABIRDHAM,CHHATTISGARH,India Meteorological Department AWS Portal,2026-09-29T03:23:56Z
55DAA14A,BHANDER,2026-09-29T03:15:00Z,,,,25.73,78.74,380.0,MADHYA_PRADESH,DATIA,MADHYA_PRADESH,India Meteorological Department AWS Portal,2026-09-29T03:23:56Z
55DC1CD8,LAKHNADON,2026-09-29T03:15:00Z,,,,22.61,79.61,380.0,MADHYA_PRADESH,SEONI,MADHYA_PRADESH,India Meteorological Department AWS Portal,2026-09-29T03:23:56Z
55DC5100,NARWAR,2026-09-29T03:15:00Z,,,,24.8344,77.87,380.0,MADHYA_PRADESH,SHIVPURI,MADHYA_PRADESH,India Meteorological Department AWS Portal,2026-09-29T03:23:56Z
55DC6A48,KARAHAL,2026-09-29T03:15:00Z,,,,25.49,77.05,380.0,MADHYA_PRADESH,SHEOPUR,MADHYA_PRADESH,India Meteorological Department AWS Portal,2026-09-29T03:23:56Z
55DC793E,RAHALI,2026-09-29T03:15:00Z,,,,23.64,79.06,380.0,MADHYA_PRADESH,SAGAR,MADHYA_PRADESH,India Meteorological Department AWS Portal,2026-09-29T03:23:56Z
55DD68B2,BABERU,2026-09-29T03:15:00Z,,,,25.33,80.43,160.0,UTTAR_PRADESH,BANDA,UTTAR_PRADESH,India Meteorological Department AWS Portal,2026-09-29T03:23:56Z
55DDEEA6,JALESAR,2026-09-29T03:15:00Z,,,,27.4567,78.29,160.0,UTTAR_PRADESH,ETAH,UTTAR_PRADESH,India Meteorological Department AWS Portal,2026-09-29T03:23:56Z
55DE54F4,PATTI,2026-09-29T03:15:00Z,,,,25.92,82.2,160.0,UTTAR_PRADESH,PRATAPGARH,UTTAR_PRADESH,India Meteorological Department AWS Portal,2026-09-29T03:23:56Z
55DEAAA2,DANAURA,2026-09-29T03:15:00Z,,,,28.95,78.25,160.0,UTTAR_PRADESH,AMROHA,UTTAR_PRADESH,India Meteorological Department AWS Portal,2026-09-29T03:23:56Z
55DEB9D4,KONCH,2026-09-29T03:15:00Z,,,,25.99,79.14,160.0,UTTAR_PRADESH,JALAUN,UTTAR_PRADESH,India Meteorological Department AWS Portal,2026-09-29T03:23:56Z
55DEE77A,MAURANIPUR,2026-09-29T03:15:00Z,,,,25.15,79.8,160.0,UTTAR_PRADESH,JHANSI,UTTAR_PRADESH,India Meteorological Department AWS Portal,2026-09-29T03:23:56Z
55DF0672,SIKANDRA,2026-09-29T03:15:00Z,,,,26.37,79.62,160.0,UTTAR_PRADESH,KANPUR_DEHAT,UTTAR_PRADESH,India Meteorological Department AWS Portal,2026-09-29T03:23:56Z
55DFB5FC,MATH,2026-09-29T03:15:00Z,,,,27.64,77.7067,160.0,UTTAR_PRADESH,MATHURA,UTTAR_PRADESH,India Meteorological Department AWS Portal,2026-09-29T03:23:56Z
55DFD01A,MAWANA,2026-09-29T03:15:00Z,,,,29.11,77.93,160.0,UTTAR_PRADESH,MEERUT,UTTAR_PRADESH,India Meteorological Department AWS Portal,2026-09-29T03:23:56Z
55E00842,KASBAH_KHATAULI,2026-09-29T03:15:00Z,,,,29.26,77.72,160.0,UTTAR_PRADESH,MUZAFFARNAGAR,UTTAR_PRADESH,India Meteorological Department AWS Portal,2026-09-29T03:23:56Z
55E0B51E,RAMGANJ_MANDI,2026-09-29T03:15:00Z,,,,24.69,75.93,220.0,RAJASTHAN,KOTA,RAJASTHAN,India Meteorological Department AWS Portal,2026-09-29T03:23:56Z
55E25DCA,KALWAKURTHY,2026-09-29T03:15:00Z,,,,16.6667,78.4889,550.0,TELANGANA,NAGARKURNOOL,TELANGANA,India Meteorological Department AWS Portal,2026-09-29T03:23:56Z
55E275F4,SHADNAGAR,2026-09-29T03:15:00Z,,,,17.07,78.2,550.0,TELANGANA,RANGA_REDDY,TELANGANA,India Meteorological Department AWS Portal,2026-09-29T03:23:56Z
55E2B0EA,BHONGIR,2026-09-29T03:15:00Z,,,,17.5227,78.8957,550.0,TELANGANA,YADADRI_BHONGIR,TELANGANA,India Meteorological Department AWS Portal,2026-09-29T03:23:56Z
55E2BE38,JANGAON,2026-09-29T03:15:00Z,,,,17.72,79.17,550.0,TELANGANA,JANGAON,TELANGANA,India Meteorological Department AWS Portal,2026-09-29T03:23:56Z
55E2E096,YELLANDU,2026-09-29T03:15:00Z,,,,17.59,80.31,550.0,TELANGANA,BHADRADRI_KOTHAGUDEM,TELANGANA,India Meteorological Department AWS Portal,2026-09-29T03:23:56Z
55E30F4C,SIDDIPET,2026-09-29T03:15:00Z,,,,18.09,78.85,550.0,TELANGANA,SIDDIPET,TELANGANA,India Meteorological Department AWS Portal,2026-09-29T03:23:56Z
55E31C3A,YACHARAM,2026-09-29T03:15:00Z,,,,17.05,78.66,550.0,TELANGANA,RANGA_REDDY,TELANGANA,India Meteorological Department AWS Portal,2026-09-29T03:23:56Z
55E329A0,PARGI,2026-09-29T03:15:00Z,,,,17.18,77.87,550.0,TELANGANA,VIKARABAD,TELANGANA,India Meteorological Department AWS Portal,2026-09-29T03:23:56Z
55E36478,NAGARJUNA_SAGAR,2026-09-29T03:15:00Z,,,,16.5858,79.3128,550.0,TELANGANA,NALGONDA,TELANGANA,India Meteorological Department AWS Portal,2026-09-29T03:23:56Z
55E3AFB4,CHITTOOR,2026-09-29T03:15:00Z,,,,13.2125,79.0998,30.0,ANDHRA_PRADESH,CHITTOOR,ANDHRA_PRADESH,India Meteorological Department AWS Portal,2026-09-29T03:23:56Z
55E40D78,UKHIMATH,2026-09-29T03:15:00Z,,,,30.5119,79.0939,1600.0,UTTARAKHAND,RUDRAPRAYAG,UTTARAKHAND,India Meteorological Department AWS Portal,2026-09-29T03:23:56Z
55E410DC,JAKHOLI,2026-09-29T03:15:00Z,,,,30.39,78.89,1600.0,UTTARAKHAND,RUDRAPRAYAG,UTTARAKHAND,India Meteorological Department AWS Portal,2026-09-29T03:23:56Z
55E438E2,MINENG,2026-09-29T03:15:00Z,,,,25.2,90.32,650.0,MEGHALAYA,SOUTH_GARO_HILLS,MEGHALAYA,India Meteorological Department AWS Portal,2026-09-29T03:23:56Z
55E44E72,RESUBELAPARA,2026-09-29T03:15:00Z,,,,25.89,90.6,650.0,MEGHALAYA,NORTH_GARO_HILLS,MEGHALAYA,India Meteorological Department AWS Portal,2026-09-29T03:23:56Z
55E4A352,TAMULPUR,2026-09-29T03:15:00Z,,,,26.6,91.59,650.0,ASSAM,BAKSA,ASSAM,India Meteorological Department AWS Portal,2026-09-29T03:23:56Z
55E4C866,DUDHNOI,2026-09-29T03:15:00Z,,,,25.98,90.78,650.0,ASSAM,GOALPARA,ASSAM,India Meteorological Department AWS Portal,2026-09-29T03:23:56Z
55E4DB10,LALA,2026-09-29T03:15:00Z,,,,24.56,92.61,650.0,ASSAM,HAILAKANDI,ASSAM,India Meteorological Department AWS Portal,2026-09-29T03:23:56Z
55E4E058,MATIJURI,2026-09-29T03:15:00Z,,,,24.65,92.6,650.0,ASSAM,HAILAKANDI,ASSAM,India Meteorological Department AWS Portal,2026-09-29T03:23:56Z
55E4EE8A,SARUPATHAR,2026-09-29T03:15:00Z,,,,26.22,93.86,650.0,ASSAM,GOLAGHAT,ASSAM,India Meteorological Department AWS Portal,2026-09-29T03:23:56Z
55E4F32E,BOKAKHAT,2026-09-29T03:15:00Z,,,,26.36,93.66,650.0,ASSAM,GOLAGHAT,ASSAM,India Meteorological Department AWS Portal,2026-09-29T03:23:56Z
55E50F82,BARPETA_ARG,2026-09-29T03:15:00Z,,,,26.32,91.0,650.0,ASSAM,BARPETA,ASSAM,India Meteorological Department AWS Portal,2026-09-29T03:23:56Z
55E53A18,SHIVAJINAGAR_PUNE,2026-09-29T03:15:00Z,,,,18.5286,73.8493,550.0,MAHARASHTRA,PUNE,MAHARASHTRA,India Meteorological Department AWS Portal,2026-09-29T03:23:56Z
55E5512C,MC_AHEMADABAD,2026-09-29T03:15:00Z,,,,23.07,72.52,220.0,GUJARAT,AHMEDABAD,GUJARAT,India Meteorological Department AWS Portal,2026-09-29T03:23:56Z
55E5C44E,PATHARUGHAT,2026-09-29T03:15:00Z,,,,26.42,91.89,650.0,ASSAM,DARRANG,ASSAM,India Meteorological Department AWS Portal,2026-09-29T03:23:56Z
55E68E98,JUNG,2026-09-29T03:15:00Z,,,,27.575,91.985,650.0,ARUNACHAL_PRADESH,TAWANG,ARUNACHAL_PRADESH,India Meteorological Department AWS Portal,2026-09-29T03:23:56Z
55E7E756,BHAGWANPURHAT,2026-09-29T03:15:00Z,,,,26.0992,84.6786,160.0,BIHAR,SIWAN,BIHAR,India Meteorological Department AWS Portal,2026-09-29T03:23:56Z
55E9765C,NERYAMANGALAM,2026-09-29T03:15:00Z,,,,10.05,76.77,30.0,KERALA,ERNAKULAM,KERALA,India Meteorological Department AWS Portal,2026-09-29T03:23:56Z
55EA57BE,KALOL,2026-09-29T03:15:00Z,,,,23.24,72.49,220.0,GUJARAT,GANDHINAGAR,GUJARAT,India Meteorological Department AWS Portal,2026-09-29T03:23:56Z
55EA596C,DHANDHUKA,2026-09-29T03:15:00Z,,,,22.3851,71.9784,220.0,GUJARAT,AHMEDABAD,GUJARAT,India Meteorological Department AWS Portal,2026-09-29T03:23:56Z
55EC59A2,INDERGARH,2026-09-29T03:15:00Z,,,,25.9,78.54,380.0,MADHYA_PRADESH,DATIA,MADHYA_PRADESH,India Meteorological Department AWS Portal,2026-09-29T03:23:56Z
55EC7F4E,SOHAGPUR,2026-09-29T03:15:00Z,,,,22.6961,78.1939,380.0,MADHYA_PRADESH,HOSHANGABAD,MADHYA_PRADESH,India Meteorological Department AWS Portal,2026-09-29T03:23:56Z
55ECA926,BARELI,2026-09-29T03:15:00Z,,,,22.99,78.23,380.0,MADHYA_PRADESH,RAISEN,MADHYA_PRADESH,India Meteorological Department AWS Portal,2026-09-29T03:23:56Z
55EDC0E8,SRIJANGRAM,2026-09-29T03:15:00Z,,,,26.38,90.7,650.0,ASSAM,BONGAIGAON,ASSAM,India Meteorological Department AWS Portal,2026-09-29T03:23:56Z
55EDCE3A,LAKHIPUR,2026-09-29T03:15:00Z,,,,24.79,93.0,650.0,ASSAM,CACHAR,ASSAM,India Meteorological Department AWS Portal,2026-09-29T03:23:56Z
55EDE8D6,SONARI,2026-09-29T03:15:00Z,,,,27.03,95.0167,650.0,ASSAM,CHARAIDEO,ASSAM,India Meteorological Department AWS Portal,2026-09-29T03:23:56Z
55EDFBA0,GUWAHATI_ARG,2026-09-29T03:15:00Z,,,,26.11,91.76,650.0,ASSAM,KAMRUP_METROPOLITAN,ASSAM,India Meteorological Department AWS Portal,2026-09-29T03:23:56Z
55FBC96A,TONDAPUR,2026-09-29T03:15:00Z,,,,19.42,77.4,550.0,MAHARASHTRA,HINGOLI,MAHARASHTRA,India Meteorological Department AWS Portal,2026-09-29T03:23:56Z
55FBF222,NIPHAD,2026-09-29T03:15:00Z,,,,20.0719,75.1033,550.0,MAHARASHTRA,NASHIK,MAHARASHTRA,India Meteorological Department AWS Portal,2026-09-29T03:23:56Z
55FBFCF0,PETLURU_HRS,2026-09-29T03:15:00Z,,,,13.9537,79.6159,30.0,ANDHRA_PRADESH,TIRUPATI,ANDHRA_PRADESH,India Meteorological Department AWS Portal,2026-09-29T03:23:56Z
55FC1D36,KADAPA_AIRPORT,2026-09-29T03:15:00Z,,,,14.51,78.77,30.0,ANDHRA_PRADESH,YSR_KADAPA,ANDHRA_PRADESH,India Meteorological Department AWS Portal,2026-09-29T03:23:56Z
55FC9B22,MUDHOLE_BASAR,2026-09-29T03:15:00Z,,,,18.97,77.9,550.0,TELANGANA,NIRMAL,TELANGANA,India Meteorological Department AWS Portal,2026-09-29T03:23:56Z
55FCAEB8,PEDDAVADUGUR,2026-09-29T03:15:00Z,,,,15.01,77.66,30.0,ANDHRA_PRADESH,ANANTAPUR,ANDHRA_PRADESH,India Meteorological Department AWS Portal,2026-09-29T03:23:56Z
55FCB31C,PERUR,2026-09-29T03:15:00Z,,,,18.53,80.39,550.0,TELANGANA,BHADRADRI_KOTHAGUDEM,TELANGANA,India Meteorological Department AWS Portal,2026-09-29T03:23:56Z
55FCE360,SAIL_VISAKHAPATNAM,2026-09-29T03:15:00Z,,,,17.66,83.16,30.0,ANDHRA_PRADESH,VISAKHAPATNAM,ANDHRA_PRADESH,India Meteorological Department AWS Portal,2026-09-29T03:23:56Z
55FD7A2A,YARALPAT,2026-09-29T03:15:00Z,,,,24.81,94.0,650.0,MANIPUR,IMPHAL_EAST,MANIPUR,India Meteorological Department AWS Portal,2026-09-29T03:23:56Z
55FD847C,SAINIK_SCHOOL,2026-09-29T03:15:00Z,,,,24.86,93.97,650.0,MANIPUR,IMPHAL_EAST,MANIPUR,India Meteorological Department AWS Portal,2026-09-29T03:23:56Z
55FD8AAE,WANGNOI,2026-09-29T03:15:00Z,,,,24.67,93.89,650.0,MANIPUR,IMPHAL_WEST,MANIPUR,India Meteorological Department AWS Portal,2026-09-29T03:23:56Z
55FD970A,LAMSANG,2026-09-29T03:15:00Z,,,,24.82,93.85,650.0,MANIPUR,IMPHAL_WEST,MANIPUR,India Meteorological Department AWS Portal,2026-09-29T03:23:56Z
55FDD400,SAFDARJUNG,2026-09-29T03:15:00Z,,,,28.5833,77.2167,160.0,DELHI,SOUTH_WEST_DELHI,DELHI,India Meteorological Department AWS Portal,2026-09-29T03:23:56Z
55FDEF48,CHUMUKEDIMA,2026-09-29T03:15:00Z,,,,25.81,93.75,650.0,NAGALAND,DIMAPUR,NAGALAND,India Meteorological Department AWS Portal,2026-09-29T03:23:56Z
55FDF2EC,KOHIMA_ARG,2026-09-29T03:15:00Z,,,,25.72,94.09,650.0,NAGALAND,KOHIMA,NAGALAND,India Meteorological Department AWS Portal,2026-09-29T03:23:56Z
55FDFC3E,JAKHAMA,2026-09-29T03:15:00Z,,,,25.58,94.12,650.0,NAGALAND,KOHIMA,NAGALAND,India Meteorological Department AWS Portal,2026-09-29T03:23:56Z
55FE0566,TSEMINU,2026-09-29T03:15:00Z,,,,25.92,94.22,650.0,NAGALAND,WOKHA,NAGALAND,India Meteorological Department AWS Portal,2026-09-29T03:23:56Z
55FE2D58,ABOI,2026-09-29T03:15:00Z,,,,25.42,94.43,650.0,NAGALAND,MON,NAGALAND,India Meteorological Department AWS Portal,2026-09-29T03:23:56Z
55FFA9B6,TASGAON,2026-09-29T03:15:00Z,,,,17.42,74.6,550.0,MAHARASHTRA,SANGLI,MAHARASHTRA,India Meteorological Department AWS Portal,2026-09-29T03:23:56Z
55FFDF26,SHEVGAON,2026-09-29T03:15:00Z,,,,19.3472,75.2183,550.0,MAHARASHTRA,AHMEDNAGAR,MAHARASHTRA,India Meteorological Department AWS Portal,2026-09-29T03:23:56Z
5B76269A,MUKTESHWAR,2026-09-29T03:15:00Z,,,,29.4667,79.65,1600.0,UTTARAKHAND,NAINITAL,UTTARAKHAND,India Meteorological Department AWS Portal,2026-09-29T03:23:56Z
A0A405DE,AMBEJOGAI,2026-09-29T03:15:00Z,,,,18.72423,76.365425,550.0,MAHARASHTRA,BEED,MAHARASHTRA,India Meteorological Department AWS Portal,2026-09-29T03:23:56Z
A0A6863E,VIRUDHUNAGAR,2026-09-29T03:15:00Z,,,,9.5517,77.9633,30.0,TAMIL_NADU,VIRUDHUNAGAR,TAMIL_NADU,India Meteorological Department AWS Portal,2026-09-29T03:23:56Z
A0A75C7E,KAPKOTE,2026-09-29T03:15:00Z,,,,29.9333,79.9,1600.0,UTTARAKHAND,BAGESHWAR,UTTARAKHAND,India Meteorological Department AWS Portal,2026-09-29T03:23:56Z
A0A906B8,JAGDALPUR_AMFU,2026-09-29T03:15:00Z,,,,19.0925,81.961,380.0,CHHATTISGARH,BASTAR,CHHATTISGARH,India Meteorological Department AWS Portal,2026-09-29T03:23:56Z
APAME000,AMADALAVALASA_KVK,2026-09-29T03:15:00Z,,,,18.3976,83.8974,30.0,ANDHRA_PRADESH,SRIKAKULAM,ANDHRA_PRADESH,India Meteorological Department AWS Portal,2026-09-29T03:23:56Z
ARHAY000,HAYULIANG_CIRCLE,2026-09-29T03:15:00Z,,,,27.7987,95.9099,650.0,ARUNACHAL_PRADESH,ANJAW,ARUNACHAL_PRADESH,India Meteorological Department AWS Portal,2026-09-29T03:23:56Z
ASDHV000,DHUBRI_KVK,2026-09-29T03:15:00Z,,,,26.3238,90.4527,650.0,ASSAM,DHUBRI,ASSAM,India Meteorological Department AWS Portal,2026-09-29T03:23:56Z
ASDOU000,N GHT COLLEGE,2026-09-29T03:15:00Z,,,,26.2023,91.7454,650.0,ASSAM,KAMRUP_METROPOLITAN,ASSAM,India Meteorological Department AWS Portal,2026-09-29T03:23:56Z
ASKIK000,KHONIKAR,2026-09-29T03:15:00Z,,,,27.434,94.9271,650.0,ASSAM,DIBRUGARH,ASSAM,India Meteorological Department AWS Portal,2026-09-29T03:23:56Z
ASSIG000,HAZO,2026-09-29T03:15:00Z,,,,26.2556,91.5645,650.0,ASSAM,KAMRUP,ASSAM,India Meteorological Department AWS Portal,2026-09-29T03:23:56Z
ASSRE000,SARUSAJAI,2026-09-29T03:15:00Z,,,,26.1171,91.7605,650.0,ASSAM,KAMRUP_METROPOLITAN,ASSAM,India Meteorological Department AWS Portal,2026-09-29T03:23:56Z
ASSUK000,SUALKUCHI,2026-09-29T03:15:00Z,,,,26.1699,91.565,650.0,ASSAM,KAMRUP,ASSAM,India Meteorological Department AWS Portal,2026-09-29T03:23:56Z
ASWRD000,WRD,2026-09-29T03:15:00Z,,,,27.4972,94.93,650.0,ASSAM,DIBRUGARH,ASSAM,India Meteorological Department AWS Portal,2026-09-29T03:23:56Z
HPDHU000,SIRMOUR(DHULAKUAN)_KVK,2026-09-29T03:15:00Z,,,,30.5,77.47,1600.0,HIMACHAL_PRADESH,SIRMAUR,HIMACHAL_PRADESH,India Meteorological Department AWS Portal,2026-09-29T03:23:56Z
KAGAK000,GONIKOPPAL_KVK,2026-09-29T03:15:00Z,,,,12.202,75.9261,550.0,KARNATAKA,KODAGU,KARNATAKA,India Meteorological Department AWS Portal,2026-09-29T03:23:56Z
MACHF000,TATA POWER CHEMBUR,2026-09-29T03:15:00Z,,,,19.0044,72.9045,550.0,MAHARASHTRA,MUMBAI SUBURBAN,MAHARASHTRA,India Meteorological Department AWS Portal,2026-09-29T03:23:56Z
TNNAM000,YMCANANDNAM,2026-09-29T03:15:00Z,,,,13.0262,80.2393,30.0,TAMIL_NADU,CHENNAI,TAMIL_NADU,India Meteorological Department AWS Portal,2026-09-29T03:23:56Z
TRBUJ000,BUDHJONGNAGAR,2026-09-29T03:15:00Z,,,,23.8616,91.3349,650.0,TRIPURA,WEST_TRIPURA,TRIPURA,India Meteorological Department AWS Portal,2026-09-29T03:23:56Z
TRTAD000,Taidu,2026-09-29T03:15:00Z,,,,23.725008,91.645863,650.0,TRIPURA,Gomati,TRIPURA,India Meteorological Department AWS Portal,2026-09-29T03:23:56Z
WBLMB000,LA MARTINIERE KOLKATA,2026-09-29T03:15:00Z,,,,22.5026,88.2945,160.0,WEST_BENGAL,KOLKATA,WEST_BENGAL,India Meteorological Department AWS Portal,2026-09-29T03:23:56Z
WBNTE000,OHR_10,2026-09-29T03:15:00Z,,,,22.5356,88.3308,160.0,WEST_BENGAL,KOLKATA,WEST_BENGAL,India Meteorological Department AWS Portal,2026-09-29T03:23:56Z
DELHI_PALAM,DELHI PALAM AIRPORT,2026-09-29T03:15:00Z,32.5,1008.2,58.0,28.56,77.11,,,,,India Meteorological Department AWS Portal,2026-09-29T03:23:56Z
DELHI_TEST_1790264412649,DELHI PALAM AIRPORT,2026-09-29T03:15:00Z,32.5,1008.2,58.0,28.56,77.11,,,,,India Meteorological Department AWS Portal,2026-09-29T03:23:56Z
DELHI_TEST_1790264467542,DELHI PALAM AIRPORT,2026-09-29T03:15:00Z,32.5,1008.2,58.0,28.56,77.11,,,,,India Meteorological Department AWS Portal,2026-09-29T03:23:56Z
DELHI_TEST_1790269603499,DELHI PALAM AIRPORT,2026-09-29T03:15:00Z,32.5,1008.2,58.0,28.56,77.11,,,,,India Meteorological Department AWS Portal,2026-09-29T03:23:56Z
DELHI_TEST_1790271388367,DELHI PALAM AIRPORT,2026-09-29T03:15:00Z,32.5,1008.2,58.0,28.56,77.11,,,,,India Meteorological Department AWS Portal,2026-09-29T03:23:56Z
DELHI_TEST_1790271859830,DELHI PALAM AIRPORT,2026-09-29T03:15:00Z,32.5,1008.2,58.0,28.56,77.11,,,,,India Meteorological Department AWS Portal,2026-09-29T03:23:56Z
DELHI_TEST_1790272029962,DELHI PALAM AIRPORT,2026-09-29T03:15:00Z,32.5,1008.2,58.0,28.56,77.11,,,,,India Meteorological Department AWS Portal,2026-09-29T03:23:56Z
DELHI_TEST_1790275260443,DELHI PALAM AIRPORT,2026-09-29T03:15:00Z,32.5,1008.2,58.0,28.56,77.11,,,,,India Meteorological Department AWS Portal,2026-09-29T03:23:56Z
DELHI_TEST_1790275377286,DELHI PALAM AIRPORT,2026-09-29T03:15:00Z,32.5,1008.2,58.0,28.56,77.11,,,,,India Meteorological Department AWS Portal,2026-09-29T03:23:56Z
DELHI_TEST_1790276704652,DELHI PALAM AIRPORT,2026-09-29T03:15:00Z,32.5,1008.2,58.0,28.56,77.11,,,,,India Meteorological Department AWS Portal,2026-09-29T03:23:56Z
DELHI_TEST_1790313646723,DELHI PALAM AIRPORT,2026-09-29T03:15:00Z,32.5,1008.2,58.0,28.56,77.11,,,,,India Meteorological Department AWS Portal,2026-09-29T03:23:56Z
DELHI_TEST_1790317225452,DELHI PALAM AIRPORT,2026-09-29T03:15:00Z,32.5,1008.2,58.0,28.56,77.11,,,,,India Meteorological Department AWS Portal,2026-09-29T03:23:56Z
DELHI_TEST_1790318229459,DELHI PALAM AIRPORT,2026-09-29T03:15:00Z,32.5,1008.2,58.0,28.56,77.11,,,,,India Meteorological Department AWS Portal,2026-09-29T03:23:56Z
DELHI_TEST_1790320113653,DELHI PALAM AIRPORT,2026-09-29T03:15:00Z,32.5,1008.2,58.0,28.56,77.11,,,,,India Meteorological Department AWS Portal,2026-09-29T03:23:56Z
DELHI_TEST_1790322781903,DELHI PALAM AIRPORT,2026-09-29T03:15:00Z,32.5,1008.2,58.0,28.56,77.11,,,,,India Meteorological Department AWS Portal,2026-09-29T03:23:56Z
DELHI_TEST_1790338024385,DELHI PALAM AIRPORT,2026-09-29T03:15:00Z,32.5,1008.2,58.0,28.56,77.11,,,,,India Meteorological Department AWS Portal,2026-09-29T03:23:56Z
DELHI_TEST_1790338952339,DELHI PALAM AIRPORT,2026-09-29T03:15:00Z,32.5,1008.2,58.0,28.56,77.11,,,,,India Meteorological Department AWS Portal,2026-09-29T03:23:56Z
DELHI_TEST_1790339150975,DELHI PALAM AIRPORT,2026-09-29T03:15:00Z,32.5,1008.2,58.0,28.56,77.11,,,,,India Meteorological Department AWS Portal,2026-09-29T03:23:56Z
DELHI_TEST_1790353481968,DELHI PALAM AIRPORT,2026-09-29T03:15:00Z,32.5,1008.2,58.0,28.56,77.11,,,,,India Meteorological Department AWS Portal,2026-09-29T03:23:56Z
DELHI_TEST_1790355188085,DELHI PALAM AIRPORT,2026-09-29T03:15:00Z,32.5,1008.2,58.0,28.56,77.11,,,,,India Meteorological Department AWS Portal,2026-09-29T03:23:56Z
DELHI_TEST_1790355236311,DELHI PALAM AIRPORT,2026-09-29T03:15:00Z,32.5,1008.2,58.0,28.56,77.11,,,,,India Meteorological Department AWS Portal,2026-09-29T03:23:56Z
DELHI_TEST_1790355355698,DELHI PALAM AIRPORT,2026-09-29T03:15:00Z,32.5,1008.2,58.0,28.56,77.11,,,,,India Meteorological Department AWS Portal,2026-09-29T03:23:56Z
DELHI_TEST_1790355474307,DELHI PALAM AIRPORT,2026-09-29T03:15:00Z,32.5,1008.2,58.0,28.56,77.11,,,,,India Meteorological Department AWS Portal,2026-09-29T03:23:56Z
DELHI_TEST_1790360461234,DELHI PALAM AIRPORT,2026-09-29T03:15:00Z,32.5,1008.2,58.0,28.56,77.11,,,,,India Meteorological Department AWS Portal,2026-09-29T03:23:56Z
DELHI_TEST_1790360526376,DELHI PALAM AIRPORT,2026-09-29T03:15:00Z,32.5,1008.2,58.0,28.56,77.11,,,,,India Meteorological Department AWS Portal,2026-09-29T03:23:56Z
DELHI_TEST_1790407276109,DELHI PALAM AIRPORT,2026-09-29T03:15:00Z,32.5,1008.2,58.0,28.56,77.11,,,,,India Meteorological Department AWS Portal,2026-09-29T03:23:56Z
DELHI_TEST_1790407460575,DELHI PALAM AIRPORT,2026-09-29T03:15:00Z,32.5,1008.2,58.0,28.56,77.11,,,,,India Meteorological Department AWS Portal,2026-09-29T03:23:56Z
DELHI_TEST_1790414508292,DELHI PALAM AIRPORT,2026-09-29T03:15:00Z,32.5,1008.2,58.0,28.56,77.11,,,,,India Meteorological Department AWS Portal,2026-09-29T03:23:56Z
DELHI_TEST_1790416766581,DELHI PALAM AIRPORT,2026-09-29T03:15:00Z,32.5,1008.2,58.0,28.56,77.11,,,,,India Meteorological Department AWS Portal,2026-09-29T03:23:56Z
DELHI_TEST_1790489642483,DELHI PALAM AIRPORT,2026-09-29T03:15:00Z,32.5,1008.2,58.0,28.56,77.11,,,,,India Meteorological Department AWS Portal,2026-09-29T03:23:56Z
DELHI_TEST_1790504686378,DELHI PALAM AIRPORT,2026-09-29T03:15:00Z,32.5,1008.2,58.0,28.56,77.11,,,,,India Meteorological Department AWS Portal,2026-09-29T03:23:56Z
DELHI_TEST_1790506254827,DELHI PALAM AIRPORT,2026-09-29T03:15:00Z,32.5,1008.2,58.0,28.56,77.11,,,,,India Meteorological Department AWS Portal,2026-09-29T03:23:56Z
DELHI_TEST_1790506303431,DELHI PALAM AIRPORT,2026-09-29T03:15:00Z,32.5,1008.2,58.0,28.56,77.11,,,,,India Meteorological Department AWS Portal,2026-09-29T03:23:56Z
DELHI_TEST_1790508717201,DELHI PALAM AIRPORT,2026-09-29T03:15:00Z,32.5,1008.2,58.0,28.56,77.11,,,,,India Meteorological Department AWS Portal,2026-09-29T03:23:56Z
DELHI_TEST_1790508861944,DELHI PALAM AIRPORT,2026-09-29T03:15:00Z,32.5,1008.2,58.0,28.56,77.11,,,,,India Meteorological Department AWS Portal,2026-09-29T03:23:56Z
DELHI_TEST_1790511901878,DELHI PALAM AIRPORT,2026-09-29T03:15:00Z,32.5,1008.2,58.0,28.56,77.11,,,,,India Meteorological Department AWS Portal,2026-09-29T03:23:56Z
DELHI_TEST_1790623372494,DELHI PALAM AIRPORT,2026-09-29T03:15:00Z,32.5,1008.2,58.0,28.56,77.11,,,,,India Meteorological Department AWS Portal,2026-09-29T03:23:56Z
DELHI_TEST_1790623633894,DELHI PALAM AIRPORT,2026-09-29T03:15:00Z,32.5,1008.2,58.0,28.56,77.11,,,,,India Meteorological Department AWS Portal,2026-09-29T03:23:56Z
MUMBAI_SANTACRUZ,MUMBAI SANTACRUZ,2026-09-29T03:15:00Z,29.8,1011.0,82.0,19.12,72.85,,,,,India Meteorological Department AWS Portal,2026-09-29T03:23:56Z
MUMBAI_TEST_1790264412649,MUMBAI SANTACRUZ,2026-09-29T03:15:00Z,29.8,1011.0,82.0,19.12,72.85,,,,,India Meteorological Department AWS Portal,2026-09-29T03:23:56Z
MUMBAI_TEST_1790264467542,MUMBAI SANTACRUZ,2026-09-29T03:15:00Z,29.8,1011.0,82.0,19.12,72.85,,,,,India Meteorological Department AWS Portal,2026-09-29T03:23:56Z
MUMBAI_TEST_1790269603499,MUMBAI SANTACRUZ,2026-09-29T03:15:00Z,29.8,1011.0,82.0,19.12,72.85,,,,,India Meteorological Department AWS Portal,2026-09-29T03:23:56Z
MUMBAI_TEST_1790271388367,MUMBAI SANTACRUZ,2026-09-29T03:15:00Z,29.8,1011.0,82.0,19.12,72.85,,,,,India Meteorological Department AWS Portal,2026-09-29T03:23:56Z
MUMBAI_TEST_1790271859830,MUMBAI SANTACRUZ,2026-09-29T03:15:00Z,29.8,1011.0,82.0,19.12,72.85,,,,,India Meteorological Department AWS Portal,2026-09-29T03:23:56Z
MUMBAI_TEST_1790272029962,MUMBAI SANTACRUZ,2026-09-29T03:15:00Z,29.8,1011.0,82.0,19.12,72.85,,,,,India Meteorological Department AWS Portal,2026-09-29T03:23:56Z
MUMBAI_TEST_1790275260443,MUMBAI SANTACRUZ,2026-09-29T03:15:00Z,29.8,1011.0,82.0,19.12,72.85,,,,,India Meteorological Department AWS Portal,2026-09-29T03:23:56Z
MUMBAI_TEST_1790275377286,MUMBAI SANTACRUZ,2026-09-29T03:15:00Z,29.8,1011.0,82.0,19.12,72.85,,,,,India Meteorological Department AWS Portal,2026-09-29T03:23:56Z
MUMBAI_TEST_1790276704652,MUMBAI SANTACRUZ,2026-09-29T03:15:00Z,29.8,1011.0,82.0,19.12,72.85,,,,,India Meteorological Department AWS Portal,2026-09-29T03:23:56Z
MUMBAI_TEST_1790313646723,MUMBAI SANTACRUZ,2026-09-29T03:15:00Z,29.8,1011.0,82.0,19.12,72.85,,,,,India Meteorological Department AWS Portal,2026-09-29T03:23:56Z
MUMBAI_TEST_1790317225452,MUMBAI SANTACRUZ,2026-09-29T03:15:00Z,29.8,1011.0,82.0,19.12,72.85,,,,,India Meteorological Department AWS Portal,2026-09-29T03:23:56Z
MUMBAI_TEST_1790318229459,MUMBAI SANTACRUZ,2026-09-29T03:15:00Z,29.8,1011.0,82.0,19.12,72.85,,,,,India Meteorological Department AWS Portal,2026-09-29T03:23:56Z
MUMBAI_TEST_1790320113653,MUMBAI SANTACRUZ,2026-09-29T03:15:00Z,29.8,1011.0,82.0,19.12,72.85,,,,,India Meteorological Department AWS Portal,2026-09-29T03:23:56Z
MUMBAI_TEST_1790322781903,MUMBAI SANTACRUZ,2026-09-29T03:15:00Z,29.8,1011.0,82.0,19.12,72.85,,,,,India Meteorological Department AWS Portal,2026-09-29T03:23:56Z
MUMBAI_TEST_1790338024385,MUMBAI SANTACRUZ,2026-09-29T03:15:00Z,29.8,1011.0,82.0,19.12,72.85,,,,,India Meteorological Department AWS Portal,2026-09-29T03:23:56Z
MUMBAI_TEST_1790338952339,MUMBAI SANTACRUZ,2026-09-29T03:15:00Z,29.8,1011.0,82.0,19.12,72.85,,,,,India Meteorological Department AWS Portal,2026-09-29T03:23:56Z
MUMBAI_TEST_1790339150975,MUMBAI SANTACRUZ,2026-09-29T03:15:00Z,29.8,1011.0,82.0,19.12,72.85,,,,,India Meteorological Department AWS Portal,2026-09-29T03:23:56Z
MUMBAI_TEST_1790353481968,MUMBAI SANTACRUZ,2026-09-29T03:15:00Z,29.8,1011.0,82.0,19.12,72.85,,,,,India Meteorological Department AWS Portal,2026-09-29T03:23:56Z
MUMBAI_TEST_1790355188085,MUMBAI SANTACRUZ,2026-09-29T03:15:00Z,29.8,1011.0,82.0,19.12,72.85,,,,,India Meteorological Department AWS Portal,2026-09-29T03:23:56Z
MUMBAI_TEST_1790355236311,MUMBAI SANTACRUZ,2026-09-29T03:15:00Z,29.8,1011.0,82.0,19.12,72.85,,,,,India Meteorological Department AWS Portal,2026-09-29T03:23:56Z
MUMBAI_TEST_1790355355698,MUMBAI SANTACRUZ,2026-09-29T03:15:00Z,29.8,1011.0,82.0,19.12,72.85,,,,,India Meteorological Department AWS Portal,2026-09-29T03:23:56Z
MUMBAI_TEST_1790355474307,MUMBAI SANTACRUZ,2026-09-29T03:15:00Z,29.8,1011.0,82.0,19.12,72.85,,,,,India Meteorological Department AWS Portal,2026-09-29T03:23:56Z
MUMBAI_TEST_1790360461234,MUMBAI SANTACRUZ,2026-09-29T03:15:00Z,29.8,1011.0,82.0,19.12,72.85,,,,,India Meteorological Department AWS Portal,2026-09-29T03:23:56Z
MUMBAI_TEST_1790360526376,MUMBAI SANTACRUZ,2026-09-29T03:15:00Z,29.8,1011.0,82.0,19.12,72.85,,,,,India Meteorological Department AWS Portal,2026-09-29T03:23:56Z
MUMBAI_TEST_1790407276109,MUMBAI SANTACRUZ,2026-09-29T03:15:00Z,29.8,1011.0,82.0,19.12,72.85,,,,,India Meteorological Department AWS Portal,2026-09-29T03:23:56Z
MUMBAI_TEST_1790407460575,MUMBAI SANTACRUZ,2026-09-29T03:15:00Z,29.8,1011.0,82.0,19.12,72.85,,,,,India Meteorological Department AWS Portal,2026-09-29T03:23:56Z
MUMBAI_TEST_1790414508292,MUMBAI SANTACRUZ,2026-09-29T03:15:00Z,29.8,1011.0,82.0,19.12,72.85,,,,,India Meteorological Department AWS Portal,2026-09-29T03:23:56Z
MUMBAI_TEST_1790416766581,MUMBAI SANTACRUZ,2026-09-29T03:15:00Z,29.8,1011.0,82.0,19.12,72.85,,,,,India Meteorological Department AWS Portal,2026-09-29T03:23:56Z
MUMBAI_TEST_1790489642483,MUMBAI SANTACRUZ,2026-09-29T03:15:00Z,29.8,1011.0,82.0,19.12,72.85,,,,,India Meteorological Department AWS Portal,2026-09-29T03:23:56Z
MUMBAI_TEST_1790504686378,MUMBAI SANTACRUZ,2026-09-29T03:15:00Z,29.8,1011.0,82.0,19.12,72.85,,,,,India Meteorological Department AWS Portal,2026-09-29T03:23:56Z
MUMBAI_TEST_1790506254827,MUMBAI SANTACRUZ,2026-09-29T03:15:00Z,29.8,1011.0,82.0,19.12,72.85,,,,,India Meteorological Department AWS Portal,2026-09-29T03:23:56Z
MUMBAI_TEST_1790506303431,MUMBAI SANTACRUZ,2026-09-29T03:15:00Z,29.8,1011.0,82.0,19.12,72.85,,,,,India Meteorological Department AWS Portal,2026-09-29T03:23:56Z
MUMBAI_TEST_1790508717201,MUMBAI SANTACRUZ,2026-09-29T03:15:00Z,29.8,1011.0,82.0,19.12,72.85,,,,,India Meteorological Department AWS Portal,2026-09-29T03:23:56Z
MUMBAI_TEST_1790508861944,MUMBAI SANTACRUZ,2026-09-29T03:15:00Z,29.8,1011.0,82.0,19.12,72.85,,,,,India Meteorological Department AWS Portal,2026-09-29T03:23:56Z
MUMBAI_TEST_1790511901878,MUMBAI SANTACRUZ,2026-09-29T03:15:00Z,29.8,1011.0,82.0,19.12,72.85,,,,,India Meteorological Department AWS Portal,2026-09-29T03:23:56Z
MUMBAI_TEST_1790623372494,MUMBAI SANTACRUZ,2026-09-29T03:15:00Z,29.8,1011.0,82.0,19.12,72.85,,,,,India Meteorological Department AWS Portal,2026-09-29T03:23:56Z
MUMBAI_TEST_1790623633894,MUMBAI SANTACRUZ,2026-09-29T03:15:00Z,29.8,1011.0,82.0,19.12,72.85,,,,,India Meteorological Department AWS Portal,2026-09-29T03:23:56Z
A0A3C2F4,SATARA,2026-09-29T03:15:00Z,23.5,1005.7,91.0,17.688171,74.026604,,MAHARASHTRA,SATARA,MAHARASHTRA,India Meteorological Department AWS Portal,2026-09-29T03:23:56Z
55C9BC7E,ANDIPATTI,2026-09-29T03:15:00Z,,,,10.0,77.6,150.0,TAMIL_NADU,THENI,TAMIL_NADU,India Meteorological Department AWS Portal,2026-09-29T03:23:56Z
55E633C4,CHAWNGTE,2026-09-29T03:15:00Z,,,,22.62,92.63,150.0,MIZORAM,LAWNGTLAI,MIZORAM,India Meteorological Department AWS Portal,2026-09-29T03:23:56Z
B489DEE0,RANI_CHAWRI,2026-09-29T03:15:00Z,,,97.0,30.2,78.5167,150.0,UTTARAKHAND,TEHRI_GARHWAL,UTTARAKHAND,India Meteorological Department AWS Portal,2026-09-29T03:23:56Z
55CE7B54,VILANGANKUNNU,2026-09-29T03:15:00Z,,,97.0,10.55,76.16,150.0,KERALA,THRISSUR,KERALA,India Meteorological Department AWS Portal,2026-09-29T03:23:56Z
55FC50EE,PRATTIPADU,2026-09-29T03:15:00Z,,,,16.17,80.33,150.0,ANDHRA_PRADESH,GUNTUR,ANDHRA_PRADESH,India Meteorological Department AWS Portal,2026-09-29T03:23:56Z
55C04474,DEOGAON,2026-09-29T03:15:00Z,,,,21.87,83.94,150.0,ODISHA,JHARSUGUDA,ODISHA,India Meteorological Department AWS Portal,2026-09-29T03:23:56Z
55E2AD4E,NALGONDA_ARG,2026-09-29T03:15:00Z,,,,17.04,79.28,150.0,TELANGANA,NALGONDA,TELANGANA,India Meteorological Department AWS Portal,2026-09-29T03:23:56Z
55C6591E,CHAKDAH,2026-09-29T03:15:00Z,,,,23.05,88.54,150.0,WEST_BENGAL,NADIA,WEST_BENGAL,India Meteorological Department AWS Portal,2026-09-29T03:23:56Z
55DA7722,MALBAZAR,2026-09-29T03:15:00Z,25.2,,93.0,26.86,88.74,150.0,WEST_BENGAL,JALPAIGURI,WEST_BENGAL,India Meteorological Department AWS Portal,2026-09-29T03:23:56Z
5B76500A,TADONG,2026-09-29T03:15:00Z,,908.8,88.0,27.33,88.6167,,SIKKIM,GANGTOK,SIKKIM,India Meteorological Department AWS Portal,2026-09-29T03:23:56Z
MPAAK000,AMARKANTAK_CRCH,2026-09-29T03:15:00Z,23.8,871.6,72.0,22.6765,81.7607,,MADHYA_PRADESH,ANUPPUR,MADHYA_PRADESH,India Meteorological Department AWS Portal,2026-09-29T03:23:56Z
55DE7CCA,CHAURI_CHAURA,2026-09-29T03:15:00Z,,,,26.64,83.5839,150.0,UTTAR_PRADESH,GORAKHPUR,UTTAR_PRADESH,India Meteorological Department AWS Portal,2026-09-29T03:23:56Z
KEKNF000,KANNUR-ICAR,2026-09-29T03:15:00Z,29.6,1009.2,77.0,11.8851,75.3477,,KERALA,KANNUR,KERALA,India Meteorological Department AWS Portal,2026-09-29T03:23:56Z
KENET000,NEYYATTINKARA,2026-09-29T03:15:00Z,29.8,,66.0,8.408,77.082,150.0,KERALA,THIRUVANANTHAPURAM,KERALA,India Meteorological Department AWS Portal,2026-09-29T03:23:56Z
55ED1852,RANCHI_ARG,2026-09-29T03:15:00Z,22.9,,,23.32,85.52,150.0,JHARKHAND,RANCHI,JHARKHAND,India Meteorological Department AWS Portal,2026-09-29T03:23:56Z
MAVIY000,VIDYAVIHAR,2026-09-29T03:15:00Z,30.7,,99.0,19.0784,72.8967,150.0,MAHARASHTRA,MUMBAI SUBURBAN,MAHARASHTRA,India Meteorological Department AWS Portal,2026-09-29T03:23:56Z
A0A65E84,PAIYUR_AMFU,2026-09-29T03:15:00Z,30.7,1000.7,,12.3933,78.2317,150.0,TAMIL_NADU,KRISHNAGIRI,TAMIL_NADU,India Meteorological Department AWS Portal,2026-09-29T03:23:56Z
A0ACFF2E,KHUSINAGAR,2026-09-29T03:15:00Z,19.3,1008.0,89.0,26.8333,83.9333,,UTTAR_PRADESH,KUSHINAGAR,UTTAR_PRADESH,India Meteorological Department AWS Portal,2026-09-29T03:23:56Z
TNTUP000,TUTICORIN_AIRPORT,2026-09-29T03:15:00Z,35.0,,41.0,8.72593,78.0279,150.0,TAMIL_NADU,THOOTHUKUDI,TAMIL_NADU,India Meteorological Department AWS Portal,2026-09-29T03:23:56Z
SIMNB000,MANGA-GEYZING_KVK,2026-09-29T03:15:00Z,23.9,,80.0,27.298,88.2431,150.0,SIKKIM,GYALSHING,SIKKIM,India Meteorological Department AWS Portal,2026-09-29T03:23:56Z
55E2EE44,MADHIRA,2026-09-29T03:15:00Z,,,,16.9236,80.3686,150.0,TELANGANA,KHAMMAM,TELANGANA,India Meteorological Department AWS Portal,2026-09-29T03:23:56Z
ASBKB000,BOKAJAAN_AEGCL,2026-09-29T03:15:00Z,32.0,1010.3,73.0,26.0218,93.7634,,ASSAM,KARBI_ANGLONG,ASSAM,India Meteorological Department AWS Portal,2026-09-29T03:23:56Z
55C7CE86,KHINJARSARAI,2026-09-29T03:15:00Z,36.2,,86.0,24.964,85.0917,150.0,BIHAR,GAYA,BIHAR,India Meteorological Department AWS Portal,2026-09-29T03:23:56Z
BIKON000,BEGUSARAI_KVK,2026-09-29T03:15:00Z,31.1,,,25.6619,86.0274,150.0,BIHAR,BEGUSARAI,BIHAR,India Meteorological Department AWS Portal,2026-09-29T03:23:56Z
55DCE28E,HANDIA,2026-09-29T03:15:00Z,,,,25.36,82.18,150.0,UTTAR_PRADESH,PRAYAGRAJ,UTTAR_PRADESH,India Meteorological Department AWS Portal,2026-09-29T03:23:56Z
VABB,MUMBAI SANTACRUZ,2026-09-29T03:15:00Z,27.6,1009.0,87.1,19.11,72.85,,MAHARASHTRA,MUMBAI,MAHARASHTRA,India Meteorological Department AWS Portal,2026-09-29T03:23:56Z
VABP,BHOPAL BAIRAGARH,2026-09-29T03:15:00Z,26.5,1006.0,67.3,23.28,77.33,,MADHYA PRADESH,BHOPAL,MADHYA PRADESH,India Meteorological Department AWS Portal,2026-09-29T03:23:56Z
VAPO,PUNE SHIVAJINAGAR,2026-09-29T03:15:00Z,24.9,1008.4,74.0,18.53,73.85,,MAHARASHTRA,PUNE,MAHARASHTRA,India Meteorological Department AWS Portal,2026-09-29T03:23:56Z
VECC,KOLKATA ALIPORE,2026-09-29T03:15:00Z,28.1,1006.5,84.4,22.53,88.33,,WEST BENGAL,KOLKATA,WEST BENGAL,India Meteorological Department AWS Portal,2026-09-29T03:23:56Z
VIDP,DELHI SAFDARJUNG,2026-09-29T03:15:00Z,29.8,1003.3,62.5,28.58,77.2,,DELHI,NEW DELHI,DELHI,India Meteorological Department AWS Portal,2026-09-29T03:23:56Z
VIJO,JODHPUR AWS,2026-09-29T03:15:00Z,33.7,1001.3,42.5,26.25,73.04,,RAJASTHAN,JODHPUR,RAJASTHAN,India Meteorological Department AWS Portal,2026-09-29T03:23:56Z
VILK,LUCKNOW AMAUSI,2026-09-29T03:15:00Z,29.7,1004.5,68.6,26.76,80.88,,UTTAR PRADESH,LUCKNOW,UTTAR PRADESH,India Meteorological Department AWS Portal,2026-09-29T03:23:56Z
VISR,SRINAGAR AIRPORT,2026-09-29T03:15:00Z,15.4,1012.2,56.9,34.0,74.77,,JAMMU AND KASHMIR,SRINAGAR,JAMMU AND KASHMIR,India Meteorological Department AWS Portal,2026-09-29T03:23:56Z
VOBL,BENGALURU HAL,2026-09-29T03:15:00Z,22.5,1010.2,71.2,12.95,77.66,,KARNATAKA,BENGALURU URBAN,KARNATAKA,India Meteorological Department AWS Portal,2026-09-29T03:23:56Z
VOMM,CHENNAI MEENAMBAKKAM,2026-09-29T03:15:00Z,28.8,1009.4,77.9,12.99,80.18,,TAMIL NADU,CHENNAI,TAMIL NADU,India Meteorological Department AWS Portal,2026-09-29T03:23:56Z
04207199999,Amritsar AWS,2026-09-29T03:15:00Z,25.7,985.2,87.0,31.6333,74.8667,234.0,Northern Himalayas,northern_himalayas,Northern Himalayas,India Meteorological Department AWS Portal,2026-09-29T03:23:56Z
04211199999,Dehradun AWS,2026-09-29T03:15:00Z,21.2,942.7,84.0,30.2833,78.0833,683.0,Northern Himalayas,northern_himalayas,Northern Himalayas,India Meteorological Department AWS Portal,2026-09-29T03:23:56Z
04211499999,New Tehri AWS,2026-09-29T03:15:00Z,15.5,842.4,88.0,30.3833,78.4333,770.0,Northern Himalayas,northern_himalayas,Northern Himalayas,India Meteorological Department AWS Portal,2026-09-29T03:23:56Z
04212399999,Ganganagar AWS,2026-09-29T03:15:00Z,27.9,991.4,74.0,29.9167,73.8833,177.0,Western Arid/Semi-Arid,western_arid_semi_arid,Western Arid/Semi-Arid,India Meteorological Department AWS Portal,2026-09-29T03:23:56Z
04213999999,Meerut AWS,2026-09-29T03:15:00Z,26.6,986.9,81.0,28.9667,77.7333,221.9,Indo-Gangetic Plains,indo_gangetic_plains,Indo-Gangetic Plains,India Meteorological Department AWS Portal,2026-09-29T03:23:56Z
04218999999,Bareilly AWS,2026-09-29T03:15:00Z,25.7,992.9,89.0,28.3667,79.4,169.0,Indo-Gangetic Plains,indo_gangetic_plains,Indo-Gangetic Plains,India Meteorological Department AWS Portal,2026-09-29T03:23:56Z
04220999999,Tadong AWS,2026-09-29T03:15:00Z,20.1,904.4,94.0,27.3333,85.6333,1322.0,Indo-Gangetic Plains,indo_gangetic_plains,Indo-Gangetic Plains,India Meteorological Department AWS Portal,2026-09-29T03:23:56Z
04221699999,Along AWS,2026-09-29T03:15:00Z,25.3,984.7,93.0,28.1667,94.8,1768.0,Northeast Hills,northeast_hills,Northeast Hills,India Meteorological Department AWS Portal,2026-09-29T03:23:56Z
04230999999,North Lakhimpur AWS,2026-09-29T03:15:00Z,27.4,1002.0,87.0,27.2333,94.1167,101.0,Northeast Hills,northeast_hills,Northeast Hills,India Meteorological Department AWS Portal,2026-09-29T03:23:56Z
04233999999,Jodhpur AWS,2026-09-29T03:15:00Z,28.6,979.1,64.0,26.3,73.0167,221.0,Western Arid/Semi-Arid,western_arid_semi_arid,Western Arid/Semi-Arid,India Meteorological Department AWS Portal,2026-09-29T03:23:56Z
04236199999,Gwalior AWS,2026-09-29T03:15:00Z,25.7,989.1,94.0,26.2333,78.25,207.0,Indo-Gangetic Plains,indo_gangetic_plains,Indo-Gangetic Plains,India Meteorological Department AWS Portal,2026-09-29T03:23:56Z
04236499999,Etawah AWS,2026-09-29T03:15:00Z,25.3,997.5,91.0,26.7333,78.9833,151.0,Indo-Gangetic Plains,indo_gangetic_plains,Indo-Gangetic Plains,India Meteorological Department AWS Portal,2026-09-29T03:23:56Z
04237999999,Gorakhpur AWS,2026-09-29T03:15:00Z,27.0,1003.1,90.0,26.75,83.3667,77.4,Indo-Gangetic Plains,indo_gangetic_plains,Indo-Gangetic Plains,India Meteorological Department AWS Portal,2026-09-29T03:23:56Z
04239899999,Siliguri (42398-0) AWS,2026-09-29T03:15:00Z,26.5,998.3,89.0,26.6333,88.3167,131.0,Northeast Hills,northeast_hills,Northeast Hills,India Meteorological Department AWS Portal,2026-09-29T03:23:56Z
04246399999,Jhansi AWS,2026-09-29T03:15:00Z,26.4,986.6,86.0,25.45,78.6167,262.0,Indo-Gangetic Plains,indo_gangetic_plains,Indo-Gangetic Plains,India Meteorological Department AWS Portal,2026-09-29T03:23:56Z
04247499999,Allahabad/Ghoorpur AWS,2026-09-29T03:15:00Z,26.2,1001.6,98.0,25.3093,81.8081,109.0,Indo-Gangetic Plains,indo_gangetic_plains,Indo-Gangetic Plains,India Meteorological Department AWS Portal,2026-09-29T03:23:56Z
04249299999,Patna AWS,2026-09-29T03:15:00Z,28.4,1005.8,93.0,25.6,85.1667,57.0,Indo-Gangetic Plains,indo_gangetic_plains,Indo-Gangetic Plains,India Meteorological Department AWS Portal,2026-09-29T03:23:56Z
04261999999,Silchar AWS,2026-09-29T03:15:00Z,29.3,1008.1,77.0,24.81,92.8,21.3,Northeast Hills,northeast_hills,Northeast Hills,India Meteorological Department AWS Portal,2026-09-29T03:23:56Z
04263499999,Bhuj-Rudramata AWS,2026-09-29T03:15:00Z,25.5,1000.4,91.0,23.25,69.8,117.0,Western Arid/Semi-Arid,western_arid_semi_arid,Western Arid/Semi-Arid,India Meteorological Department AWS Portal,2026-09-29T03:23:56Z
04263999999,New Kandla AWS,2026-09-29T03:15:00Z,27.6,1011.5,87.0,23.15,70.2167,22.5,Western Arid/Semi-Arid,western_arid_semi_arid,Western Arid/Semi-Arid,India Meteorological Department AWS Portal,2026-09-29T03:23:56Z
04267599999,Jabalpur AWS,2026-09-29T03:15:00Z,24.8,967.6,95.0,23.2,79.95,398.0,Central Plateau,central_plateau,Central Plateau,India Meteorological Department AWS Portal,2026-09-29T03:23:56Z
04270999999,Burdwan AWS,2026-09-29T03:15:00Z,26.5,1008.1,98.0,23.2167,87.8833,24.1,Central Plateau,central_plateau,Central Plateau,India Meteorological Department AWS Portal,2026-09-29T03:23:56Z
04272799999,Aijal AWS,2026-09-29T03:15:00Z,21.7,906.8,100.0,23.7333,92.75,951.0,Northeast Hills,northeast_hills,Northeast Hills,India Meteorological Department AWS Portal,2026-09-29T03:23:56Z
04273199999,Dwarka AWS,2026-09-29T03:15:00Z,26.5,1011.5,86.0,22.2416,68.97,11.3,Western Arid/Semi-Arid,western_arid_semi_arid,Western Arid/Semi-Arid,India Meteorological Department AWS Portal,2026-09-29T03:23:56Z
04278299999,Bilaspur (42782-0) AWS,2026-09-29T03:15:00Z,24.7,981.1,95.0,22.1,82.1667,275.0,Central Plateau,central_plateau,Central Plateau,India Meteorological Department AWS Portal,2026-09-29T03:23:56Z
04280799999,Kolkata/Alipore AWS,2026-09-29T03:15:00Z,27.5,1010.1,93.0,22.5333,88.3333,6.4,Northeast Hills,northeast_hills,Northeast Hills,India Meteorological Department AWS Portal,2026-09-29T03:23:56Z
04287199999,Gondia AWS,2026-09-29T03:15:00Z,25.1,977.8,97.0,21.4667,80.2,313.0,Central Plateau,central_plateau,Central Plateau,India Meteorological Department AWS Portal,2026-09-29T03:23:56Z
04288699999,Jharsiguda AWS,2026-09-29T03:15:00Z,26.0,985.0,95.0,21.9167,84.0833,230.0,Central Plateau,central_plateau,Central Plateau,India Meteorological Department AWS Portal,2026-09-29T03:23:56Z
04289199999,Keongjhargarh AWS,2026-09-29T03:15:00Z,24.0,961.4,99.0,21.63,85.67,463.0,Central Plateau,central_plateau,Central Plateau,India Meteorological Department AWS Portal,2026-09-29T03:23:56Z
04297699999,Paradip (C.W.R.) AWS,2026-09-29T03:15:00Z,25.7,1005.6,99.0,20.25,85.65,9.0,Coastal Plains,coastal_plains,Coastal Plains,India Meteorological Department AWS Portal,2026-09-29T03:23:56Z
04300599999,T.B.I.A AWS,2026-09-29T03:15:00Z,25.8,1011.3,95.0,19.15,73.0,14.8,Coastal Plains,coastal_plains,Coastal Plains,India Meteorological Department AWS Portal,2026-09-29T03:23:56Z
04301499999,Aurangabad Chikalthana Aerodrome AWS,2026-09-29T03:15:00Z,22.3,965.4,98.0,19.85,73.4,585.0,Coastal Plains,coastal_plains,Coastal Plains,India Meteorological Department AWS Portal,2026-09-29T03:23:56Z
04306999999,Baramati AWS,2026-09-29T03:15:00Z,24.0,949.6,89.0,18.16,74.51,551.0,Deccan Plateau,deccan_plateau,Deccan Plateau,India Meteorological Department AWS Portal,2026-09-29T03:23:56Z
04311799999,Sholapur AWS,2026-09-29T03:15:00Z,25.5,959.4,83.0,17.6667,75.9,479.0,Deccan Plateau,deccan_plateau,Deccan Plateau,India Meteorological Department AWS Portal,2026-09-29T03:23:56Z
04315799999,Kolhapur AWS,2026-09-29T03:15:00Z,22.9,951.7,93.0,16.7,74.2333,570.0,Deccan Plateau,deccan_plateau,Deccan Plateau,India Meteorological Department AWS Portal,2026-09-29T03:23:56Z
04316099999,Bagalkote AWS,2026-09-29T03:15:00Z,26.0,947.9,79.0,16.7,75.9,542.0,Deccan Plateau,deccan_plateau,Deccan Plateau,India Meteorological Department AWS Portal,2026-09-29T03:23:56Z
04316999999,Raichur AWS,2026-09-29T03:15:00Z,24.6,969.9,91.0,16.25,77.3333,390.0,Deccan Plateau,deccan_plateau,Deccan Plateau,India Meteorological Department AWS Portal,2026-09-29T03:23:56Z
04317799999,Jangamaheswara Puram AWS,2026-09-29T03:15:00Z,28.9,996.8,77.0,16.531,79.6424,103.6,Deccan Plateau,deccan_plateau,Deccan Plateau,India Meteorological Department AWS Portal,2026-09-29T03:23:56Z
04322199999,Ongole AWS,2026-09-29T03:15:00Z,29.6,1008.8,79.0,15.5633,80.0833,22.2,Central Plateau,central_plateau,Central Plateau,India Meteorological Department AWS Portal,2026-09-29T03:23:56Z
04325899999,Shivamogga AWS,2026-09-29T03:15:00Z,23.1,948.5,96.0,13.9333,75.6333,572.0,Deccan Plateau,deccan_plateau,Deccan Plateau,India Meteorological Department AWS Portal,2026-09-29T03:23:56Z
04328499999,Mangalore/Bajpe AWS,2026-09-29T03:15:00Z,27.2,1004.6,84.0,12.9167,74.8833,106.0,Deccan Plateau,deccan_plateau,Deccan Plateau,India Meteorological Department AWS Portal,2026-09-29T03:23:56Z
04336999999,Minicoy AWS,2026-09-29T03:15:00Z,28.9,1013.2,76.0,8.2813,73.0581,1.8,Island Territories,island_territories,Island Territories,India Meteorological Department AWS Portal,2026-09-29T03:23:56Z
04337999999,Tuticorin New Port AWS,2026-09-29T03:15:00Z,28.6,1010.8,68.0,8.8,78.15,3.7,Coastal Plains,coastal_plains,Coastal Plains,India Meteorological Department AWS Portal,2026-09-29T03:23:56Z
230009399999,2300093_013 AWS,2026-09-29T03:15:00Z,30.0,1010.0,69.0,16.328,87.975,1.0,Coastal Plains,coastal_plains,Coastal Plains,India Meteorological Department AWS Portal,2026-09-29T03:23:56Z
230009599999,2300095_010 AWS,2026-09-29T03:15:00Z,27.3,1010.4,84.0,10.556,94.042,1.0,Island Territories,island_territories,Island Territories,India Meteorological Department AWS Portal,2026-09-29T03:23:56Z
2300095_999999,2300095_009 AWS,2026-09-29T03:15:00Z,26.8,1010.5,86.0,10.532,94.102,100.0,Island Territories,island_territories,Island Territories,India Meteorological Department AWS Portal,2026-09-29T03:23:56Z
230045199999,2300451_013 AWS,2026-09-29T03:15:00Z,28.5,1013.4,76.0,14.925,68.968,100.0,Coastal Plains,coastal_plains,Coastal Plains,India Meteorological Department AWS Portal,2026-09-29T03:23:56Z
230045399999,2300453_012 AWS,2026-09-29T03:15:00Z,29.1,1014.0,74.0,8.074,73.283,100.0,Island Territories,island_territories,Island Territories,India Meteorological Department AWS Portal,2026-09-29T03:23:56Z
230045499999,2300454_012 AWS,2026-09-29T03:15:00Z,28.0,1013.7,82.0,10.308,72.608,100.0,Island Territories,island_territories,Island Territories,India Meteorological Department AWS Portal,2026-09-29T03:23:56Z
230045999999,2300459_016 AWS,2026-09-29T03:15:00Z,28.2,1009.8,81.0,14.016,87.005,100.0,Coastal Plains,coastal_plains,Coastal Plains,India Meteorological Department AWS Portal,2026-09-29T03:23:56Z
230046099999,2300460_014 AWS,2026-09-29T03:15:00Z,27.3,1012.8,85.0,6.565,88.377,100.0,Coastal Plains,coastal_plains,Coastal Plains,India Meteorological Department AWS Portal,2026-09-29T03:23:56Z
42026099999,Gulmarg,2026-09-29T03:15:00Z,10.2,745.5,69.0,34.05,74.4,2655.0,Northern Himalayas,northern_himalayas,Northern Himalayas,India Meteorological Department AWS Portal,2026-09-29T03:23:56Z
42027099999,Srinagar,2026-09-29T03:15:00Z,14.3,844.8,90.0,34.083,74.833,1587.0,Northern Himalayas,northern_himalayas,Northern Himalayas,India Meteorological Department AWS Portal,2026-09-29T03:23:56Z
42029099999,Sonamarg,2026-09-29T03:15:00Z,0.4,650.3,78.0,34.317,75.317,2515.0,Northern Himalayas,northern_himalayas,Northern Himalayas,India Meteorological Department AWS Portal,2026-09-29T03:23:56Z
42030099999,Dras,2026-09-29T03:15:00Z,7.0,709.6,65.0,34.433,75.767,3066.0,Northern Himalayas,northern_himalayas,Northern Himalayas,India Meteorological Department AWS Portal,2026-09-29T03:23:56Z
42034099999,Leh               &,2026-09-29T03:15:00Z,7.5,687.1,46.0,34.15,77.567,3513.0,Northern Himalayas,northern_himalayas,Northern Himalayas,India Meteorological Department AWS Portal,2026-09-29T03:23:56Z
42042099999,Srinagar,2026-09-29T03:15:00Z,14.7,837.7,70.0,33.983,74.783,1664.0,Northern Himalayas,northern_himalayas,Northern Himalayas,India Meteorological Department AWS Portal,2026-09-29T03:23:56Z
42044099999,Qazi Gund,2026-09-29T03:15:00Z,15.2,821.4,55.0,33.583,75.083,1690.0,Northern Himalayas,northern_himalayas,Northern Himalayas,India Meteorological Department AWS Portal,2026-09-29T03:23:56Z
42045099999,Banihal,2026-09-29T03:15:00Z,12.6,804.7,68.0,33.5,75.167,1630.0,Northern Himalayas,northern_himalayas,Northern Himalayas,India Meteorological Department AWS Portal,2026-09-29T03:23:56Z
42055099999,Jammu (In-Afb),2026-09-29T03:15:00Z,22.8,978.8,92.0,32.683,74.833,314.0,Northern Himalayas,northern_himalayas,Northern Himalayas,India Meteorological Department AWS Portal,2026-09-29T03:23:56Z
42056099999,Jammu,2026-09-29T03:15:00Z,22.8,979.1,92.0,32.667,74.833,367.0,Northern Himalayas,northern_himalayas,Northern Himalayas,India Meteorological Department AWS Portal,2026-09-29T03:23:56Z
42057099999,Pathankot (In-Afb)&,2026-09-29T03:15:00Z,23.2,976.6,88.0,32.233,75.633,312.0,Northern Himalayas,northern_himalayas,Northern Himalayas,India Meteorological Department AWS Portal,2026-09-29T03:23:56Z
42059099999,Dalhousie,2026-09-29T03:15:00Z,12.5,808.8,80.0,32.533,75.967,1959.0,Northern Himalayas,northern_himalayas,Northern Himalayas,India Meteorological Department AWS Portal,2026-09-29T03:23:56Z
42060099999,Kathua,2026-09-29T03:15:00Z,23.2,977.8,90.0,32.333,75.5,380.0,Northern Himalayas,northern_himalayas,Northern Himalayas,India Meteorological Department AWS Portal,2026-09-29T03:23:56Z
42062099999,Dharmsala,2026-09-29T03:15:00Z,6.1,719.2,100.0,32.267,76.383,1211.0,Northern Himalayas,northern_himalayas,Northern Himalayas,India Meteorological Department AWS Portal,2026-09-29T03:23:56Z
42063099999,Kyelong,2026-09-29T03:15:00Z,3.9,666.2,65.0,32.583,77.067,3348.0,Northern Himalayas,northern_himalayas,Northern Himalayas,India Meteorological Department AWS Portal,2026-09-29T03:23:56Z
42065099999,Manali,2026-09-29T03:15:00Z,10.4,770.1,69.0,32.267,77.167,2039.0,Northern Himalayas,northern_himalayas,Northern Himalayas,India Meteorological Department AWS Portal,2026-09-29T03:23:56Z
42071099999,Amritsar,2026-09-29T03:15:00Z,25.2,985.5,81.0,31.71,74.797,230.4,Northern Himalayas,northern_himalayas,Northern Himalayas,India Meteorological Department AWS Portal,2026-09-29T03:23:56Z
42074099999,Kapurthala,2026-09-29T03:15:00Z,25.9,986.5,76.0,31.333,75.333,229.0,Northern Himalayas,northern_himalayas,Northern Himalayas,India Meteorological Department AWS Portal,2026-09-29T03:23:56Z
42075099999,Jullundur,2026-09-29T03:15:00Z,25.5,984.6,82.0,31.467,75.583,100.0,Northern Himalayas,northern_himalayas,Northern Himalayas,India Meteorological Department AWS Portal,2026-09-29T03:23:56Z
42077099999,Una,2026-09-29T03:15:00Z,22.3,968.6,87.0,31.467,76.267,369.0,Northern Himalayas,northern_himalayas,Northern Himalayas,India Meteorological Department AWS Portal,2026-09-29T03:23:56Z
42078099999,Mandi,2026-09-29T03:15:00Z,15.6,894.3,91.0,31.717,76.967,761.0,Northern Himalayas,northern_himalayas,Northern Himalayas,India Meteorological Department AWS Portal,2026-09-29T03:23:56Z
42079099999,Sundernagar,2026-09-29T03:15:00Z,18.3,909.5,83.0,31.533,76.9,874.0,Northern Himalayas,northern_himalayas,Northern Himalayas,India Meteorological Department AWS Portal,2026-09-29T03:23:56Z
42080099999,Bilaspur,2026-09-29T03:15:00Z,24.1,953.7,85.0,31.25,76.667,587.0,Northern Himalayas,northern_himalayas,Northern Himalayas,India Meteorological Department AWS Portal,2026-09-29T03:23:56Z
42080199999,Bhavnagar,2026-09-29T03:15:00Z,26.4,1010.8,91.0,21.752,72.185,13.4,Central Plateau,central_plateau,Central Plateau,India Meteorological Department AWS Portal,2026-09-29T03:23:56Z
42081099999,Bhuntar,2026-09-29T03:15:00Z,17.5,896.3,86.0,31.833,77.167,1084.0,Northern Himalayas,northern_himalayas,Northern Himalayas,India Meteorological Department AWS Portal,2026-09-29T03:23:56Z
42083099999,Shimla,2026-09-29T03:15:00Z,13.0,809.9,88.0,31.1,77.167,2202.0,Northern Himalayas,northern_himalayas,Northern Himalayas,India Meteorological Department AWS Portal,2026-09-29T03:23:56Z
42096099999,Ferozepur,2026-09-29T03:15:00Z,25.6,989.1,81.0,30.917,74.667,200.0,Northern Himalayas,northern_himalayas,Northern Himalayas,India Meteorological Department AWS Portal,2026-09-29T03:23:56Z
42097099999,Bhatinda,2026-09-29T03:15:00Z,26.5,989.4,81.0,30.167,74.583,211.0,Northern Himalayas,northern_himalayas,Northern Himalayas,India Meteorological Department AWS Portal,2026-09-29T03:23:56Z
42098099999,Halwara,2026-09-29T03:15:00Z,25.3,984.6,79.0,30.75,75.633,241.0,Northern Himalayas,northern_himalayas,Northern Himalayas,India Meteorological Department AWS Portal,2026-09-29T03:23:56Z
42099099999,Ludhiana,2026-09-29T03:15:00Z,26.0,983.0,79.0,30.867,75.933,255.0,Northern Himalayas,northern_himalayas,Northern Himalayas,India Meteorological Department AWS Portal,2026-09-29T03:23:56Z
42101099999,Patiala,2026-09-29T03:15:00Z,25.2,983.0,81.0,30.333,76.467,251.0,Northern Himalayas,northern_himalayas,Northern Himalayas,India Meteorological Department AWS Portal,2026-09-29T03:23:56Z
42103099999,Ambala,2026-09-29T03:15:00Z,26.0,981.0,69.0,30.383,76.767,272.0,Northern Himalayas,northern_himalayas,Northern Himalayas,India Meteorological Department AWS Portal,2026-09-29T03:23:56Z
42104099999,Nahan,2026-09-29T03:15:00Z,26.0,981.7,69.0,30.4,76.767,958.0,Northern Himalayas,northern_himalayas,Northern Himalayas,India Meteorological Department AWS Portal,2026-09-29T03:23:56Z
42105099999,Chandigarh(Iafb),2026-09-29T03:15:00Z,23.3,965.7,89.0,30.733,76.883,347.0,Northern Himalayas,northern_himalayas,Northern Himalayas,India Meteorological Department AWS Portal,2026-09-29T03:23:56Z
42107099999,Dharmpur,2026-09-29T03:15:00Z,16.0,858.2,91.0,30.9,77.017,1986.0,Northern Himalayas,northern_himalayas,Northern Himalayas,India Meteorological Department AWS Portal,2026-09-29T03:23:56Z
42108099999,Uttarkashi,2026-09-29T03:15:00Z,19.1,894.4,63.0,30.733,78.45,1200.0,Northern Himalayas,northern_himalayas,Northern Himalayas,India Meteorological Department AWS Portal,2026-09-29T03:23:56Z
42110099999,Pauri,2026-09-29T03:15:00Z,18.1,867.5,87.0,30.15,78.783,1845.0,Northern Himalayas,northern_himalayas,Northern Himalayas,India Meteorological Department AWS Portal,2026-09-29T03:23:56Z
42111099999,Dehradun,2026-09-29T03:15:00Z,21.4,940.6,86.0,30.317,78.033,682.0,Northern Himalayas,northern_himalayas,Northern Himalayas,India Meteorological Department AWS Portal,2026-09-29T03:23:56Z
42112099999,Mussoorie,2026-09-29T03:15:00Z,15.0,822.4,92.0,30.45,78.083,2042.0,Northern Himalayas,northern_himalayas,Northern Himalayas,India Meteorological Department AWS Portal,2026-09-29T03:23:56Z
42114099999,Tehri,2026-09-29T03:15:00Z,21.0,923.7,100.0,30.4,78.483,770.0,Northern Himalayas,northern_himalayas,Northern Himalayas,India Meteorological Department AWS Portal,2026-09-29T03:23:56Z
42116099999,Joshimath,2026-09-29T03:15:00Z,11.5,802.0,79.0,30.55,79.567,1875.0,Northern Himalayas,northern_himalayas,Northern Himalayas,India Meteorological Department AWS Portal,2026-09-29T03:23:56Z
42117099999,Chamoli,2026-09-29T03:15:00Z,18.7,890.4,69.0,30.4,79.333,1160.0,Northern Himalayas,northern_himalayas,Northern Himalayas,India Meteorological Department AWS Portal,2026-09-29T03:23:56Z
42121099999,Munsyari,2026-09-29T03:15:00Z,14.0,865.4,72.0,30.117,80.25,3414.0,Northern Himalayas,northern_himalayas,Northern Himalayas,India Meteorological Department AWS Portal,2026-09-29T03:23:56Z
42122099999,Anupgarh,2026-09-29T03:15:00Z,28.5,994.0,61.0,29.167,73.167,154.0,Western Arid/Semi-Arid,western_arid_semi_arid,Western Arid/Semi-Arid,India Meteorological Department AWS Portal,2026-09-29T03:23:56Z
42123099999,Ganganagar,2026-09-29T03:15:00Z,27.9,991.6,74.0,29.917,73.917,177.0,Western Arid/Semi-Arid,western_arid_semi_arid,Western Arid/Semi-Arid,India Meteorological Department AWS Portal,2026-09-29T03:23:56Z
42131099999,Hisar,2026-09-29T03:15:00Z,27.3,987.9,79.0,29.179,75.755,213.4,Western Arid/Semi-Arid,delhi,Western Arid/Semi-Arid,India Meteorological Department AWS Portal,2026-09-29T03:23:56Z
42135099999,Sangrur,2026-09-29T03:15:00Z,25.9,985.6,74.0,30.167,75.833,236.0,Northern Himalayas,northern_himalayas,Northern Himalayas,India Meteorological Department AWS Portal,2026-09-29T03:23:56Z
42137099999,Karnal,2026-09-29T03:15:00Z,25.9,984.5,79.0,29.7,77.033,249.0,Indo-Gangetic Plains,indo_gangetic_plains,Indo-Gangetic Plains,India Meteorological Department AWS Portal,2026-09-29T03:23:56Z
42139099999,Meerut,2026-09-29T03:15:00Z,26.6,986.8,81.0,29.017,77.717,222.0,Indo-Gangetic Plains,indo_gangetic_plains,Indo-Gangetic Plains,India Meteorological Department AWS Portal,2026-09-29T03:23:56Z
42140099999,Roorkee,2026-09-29T03:15:00Z,24.5,982.0,88.0,29.85,77.883,274.0,Indo-Gangetic Plains,indo_gangetic_plains,Indo-Gangetic Plains,India Meteorological Department AWS Portal,2026-09-29T03:23:56Z
42143099999,Najibabad,2026-09-29T03:15:00Z,22.9,980.6,95.0,29.617,78.383,270.0,Indo-Gangetic Plains,indo_gangetic_plains,Indo-Gangetic Plains,India Meteorological Department AWS Portal,2026-09-29T03:23:56Z
42146099999,Nainital,2026-09-29T03:15:00Z,11.9,794.8,99.0,29.4,79.467,1953.0,Northern Himalayas,northern_himalayas,Northern Himalayas,India Meteorological Department AWS Portal,2026-09-29T03:23:56Z
42147099999,Mukteshwar Kumaon,2026-09-29T03:15:00Z,10.8,784.5,99.0,29.467,79.65,2311.0,Northern Himalayas,northern_himalayas,Northern Himalayas,India Meteorological Department AWS Portal,2026-09-29T03:23:56Z
42148099999,Pantnagar,2026-09-29T03:15:00Z,25.4,986.2,92.0,29.033,79.467,233.0,Indo-Gangetic Plains,indo_gangetic_plains,Indo-Gangetic Plains,India Meteorological Department AWS Portal,2026-09-29T03:23:56Z
42151099999,Dharchula,2026-09-29T03:15:00Z,17.3,873.3,79.0,29.85,80.533,817.0,Indo-Gangetic Plains,indo_gangetic_plains,Indo-Gangetic Plains,India Meteorological Department AWS Portal,2026-09-29T03:23:56Z
42165099999,Bikaner,2026-09-29T03:15:00Z,29.0,987.3,56.0,28.0,73.3,224.0,Western Arid/Semi-Arid,western_arid_semi_arid,Western Arid/Semi-Arid,India Meteorological Department AWS Portal,2026-09-29T03:23:56Z
42170099999,Churu,2026-09-29T03:15:00Z,26.5,979.0,73.0,28.25,74.917,291.0,Western Arid/Semi-Arid,western_arid_semi_arid,Western Arid/Semi-Arid,India Meteorological Department AWS Portal,2026-09-29T03:23:56Z
42174099999,Pilani,2026-09-29T03:15:00Z,26.6,978.5,70.0,28.333,75.583,301.0,Western Arid/Semi-Arid,western_arid_semi_arid,Western Arid/Semi-Arid,India Meteorological Department AWS Portal,2026-09-29T03:23:56Z
42176099999,Rohtak,2026-09-29T03:15:00Z,26.8,987.1,76.0,28.833,76.583,222.0,Indo-Gangetic Plains,indo_gangetic_plains,Indo-Gangetic Plains,India Meteorological Department AWS Portal,2026-09-29T03:23:56Z
42177099999,Narnaul,2026-09-29T03:15:00Z,26.1,975.6,73.0,28.0,76.083,308.0,Indo-Gangetic Plains,indo_gangetic_plains,Indo-Gangetic Plains,India Meteorological Department AWS Portal,2026-09-29T03:23:56Z
42178099999,Gurgaon,2026-09-29T03:15:00Z,25.4,986.9,84.0,28.417,77.0,224.0,Indo-Gangetic Plains,indo_gangetic_plains,Indo-Gangetic Plains,India Meteorological Department AWS Portal,2026-09-29T03:23:56Z
42181099999,Indira Gandhi Intl,2026-09-29T03:15:00Z,26.5,986.7,80.0,28.567,77.103,236.8,Indo-Gangetic Plains,delhi,Indo-Gangetic Plains,India Meteorological Department AWS Portal,2026-09-29T03:23:56Z
42182099999,Safdarjung,2026-09-29T03:15:00Z,26.3,987.9,83.0,28.585,77.206,214.9,Indo-Gangetic Plains,delhi,Indo-Gangetic Plains,India Meteorological Department AWS Portal,2026-09-29T03:23:56Z
42183099999,Bulandshahr,2026-09-29T03:15:00Z,25.5,989.7,93.0,28.4,77.867,218.0,Indo-Gangetic Plains,indo_gangetic_plains,Indo-Gangetic Plains,India Meteorological Department AWS Portal,2026-09-29T03:23:56Z
42187099999,Moradabad,2026-09-29T03:15:00Z,26.4,989.8,87.0,28.833,78.75,202.0,Indo-Gangetic Plains,indo_gangetic_plains,Indo-Gangetic Plains,India Meteorological Department AWS Portal,2026-09-29T03:23:56Z
42188099999,Rampur,2026-09-29T03:15:00Z,26.4,991.0,88.0,28.75,79.0,191.0,Indo-Gangetic Plains,indo_gangetic_plains,Indo-Gangetic Plains,India Meteorological Department AWS Portal,2026-09-29T03:23:56Z
42189099999,Bareilly,2026-09-29T03:15:00Z,25.8,992.6,88.0,28.422,79.451,176.8,Indo-Gangetic Plains,delhi,Indo-Gangetic Plains,India Meteorological Department AWS Portal,2026-09-29T03:23:56Z
42190099999,Pilibhit,2026-09-29T03:15:00Z,25.7,990.8,94.0,28.633,79.8,188.0,Indo-Gangetic Plains,indo_gangetic_plains,Indo-Gangetic Plains,India Meteorological Department AWS Portal,2026-09-29T03:23:56Z
42206099999,Haldia,2026-09-29T03:15:00Z,27.1,1011.1,94.0,22.067,88.067,11.0,Northeast Hills,northeast_hills,Northeast Hills,India Meteorological Department AWS Portal,2026-09-29T03:23:56Z
42220099999,Pasighat,2026-09-29T03:15:00Z,26.1,991.7,73.0,28.1,95.383,157.0,Northeast Hills,northeast_hills,Northeast Hills,India Meteorological Department AWS Portal,2026-09-29T03:23:56Z
42237099999,Phalodi,2026-09-29T03:15:00Z,28.3,985.5,56.0,27.133,72.367,234.0,Western Arid/Semi-Arid,western_arid_semi_arid,Western Arid/Semi-Arid,India Meteorological Department AWS Portal,2026-09-29T03:23:56Z
42242099999,Nagaur,2026-09-29T03:15:00Z,27.7,978.3,52.0,27.167,73.667,298.0,Western Arid/Semi-Arid,western_arid_semi_arid,Western Arid/Semi-Arid,India Meteorological Department AWS Portal,2026-09-29T03:23:56Z
42249099999,Sikar,2026-09-29T03:15:00Z,26.5,964.7,69.0,27.617,75.133,433.0,Western Arid/Semi-Arid,western_arid_semi_arid,Western Arid/Semi-Arid,India Meteorological Department AWS Portal,2026-09-29T03:23:56Z
42255099999,Alwar,2026-09-29T03:15:00Z,25.6,982.3,79.0,27.5,76.583,271.0,Indo-Gangetic Plains,indo_gangetic_plains,Indo-Gangetic Plains,India Meteorological Department AWS Portal,2026-09-29T03:23:56Z
42257099999,Mathura,2026-09-29T03:15:00Z,25.2,990.6,87.0,27.5,77.683,174.0,Indo-Gangetic Plains,indo_gangetic_plains,Indo-Gangetic Plains,India Meteorological Department AWS Portal,2026-09-29T03:23:56Z
42258099999,Bharatpur,2026-09-29T03:15:00Z,25.5,991.7,85.0,27.217,77.5,176.0,Indo-Gangetic Plains,indo_gangetic_plains,Indo-Gangetic Plains,India Meteorological Department AWS Portal,2026-09-29T03:23:56Z
42260099999,Agra,2026-09-29T03:15:00Z,25.7,993.1,89.0,27.156,77.961,167.9,Indo-Gangetic Plains,indo_gangetic_plains,Indo-Gangetic Plains,India Meteorological Department AWS Portal,2026-09-29T03:23:56Z
42261099999,Agra,2026-09-29T03:15:00Z,25.3,993.0,90.0,27.167,78.033,169.0,Indo-Gangetic Plains,indo_gangetic_plains,Indo-Gangetic Plains,India Meteorological Department AWS Portal,2026-09-29T03:23:56Z
42262099999,Aligarh,2026-09-29T03:15:00Z,25.5,990.0,89.0,27.883,78.067,187.0,Indo-Gangetic Plains,indo_gangetic_plains,Indo-Gangetic Plains,India Meteorological Department AWS Portal,2026-09-29T03:23:56Z
42265099999,Mainpuri,2026-09-29T03:15:00Z,25.2,994.6,90.0,27.233,79.05,157.0,Indo-Gangetic Plains,indo_gangetic_plains,Indo-Gangetic Plains,India Meteorological Department AWS Portal,2026-09-29T03:23:56Z
42266099999,Shahjahanpur,2026-09-29T03:15:00Z,26.2,995.1,90.0,27.883,79.9,155.0,Indo-Gangetic Plains,indo_gangetic_plains,Indo-Gangetic Plains,India Meteorological Department AWS Portal,2026-09-29T03:23:56Z
42270099999,Kheri,2026-09-29T03:15:00Z,26.4,996.1,87.0,27.9,80.8,147.0,Indo-Gangetic Plains,indo_gangetic_plains,Indo-Gangetic Plains,India Meteorological Department AWS Portal,2026-09-29T03:23:56Z
42271099999,Hardoi,2026-09-29T03:15:00Z,27.1,996.1,82.0,27.383,80.167,142.0,Indo-Gangetic Plains,indo_gangetic_plains,Indo-Gangetic Plains,India Meteorological Department AWS Portal,2026-09-29T03:23:56Z
42273099999,Bahraich,2026-09-29T03:15:00Z,27.3,998.4,89.0,27.567,81.6,124.0,Indo-Gangetic Plains,indo_gangetic_plains,Indo-Gangetic Plains,India Meteorological Department AWS Portal,2026-09-29T03:23:56Z
42274099999,Gonda,2026-09-29T03:15:00Z,27.8,999.9,86.0,27.133,81.967,110.0,Indo-Gangetic Plains,indo_gangetic_plains,Indo-Gangetic Plains,India Meteorological Department AWS Portal,2026-09-29T03:23:56Z
42279099999,Basti,2026-09-29T03:15:00Z,27.0,1002.1,90.0,26.8,82.733,89.0,Indo-Gangetic Plains,indo_gangetic_plains,Indo-Gangetic Plains,India Meteorological Department AWS Portal,2026-09-29T03:23:56Z
42282099999,Nautanwa,2026-09-29T03:15:00Z,26.3,1001.5,95.0,27.433,83.417,99.0,Indo-Gangetic Plains,indo_gangetic_plains,Indo-Gangetic Plains,India Meteorological Department AWS Portal,2026-09-29T03:23:56Z
42295099999,Darjeeling,2026-09-29T03:15:00Z,14.8,801.6,71.0,27.05,88.267,2128.0,Northeast Hills,northeast_hills,Northeast Hills,India Meteorological Department AWS Portal,2026-09-29T03:23:56Z
42296099999,Kalimpong,2026-09-29T03:15:00Z,19.6,895.8,94.0,27.067,88.467,1209.0,Northeast Hills,northeast_hills,Northeast Hills,India Meteorological Department AWS Portal,2026-09-29T03:23:56Z
42299099999,Gangtok,2026-09-29T03:15:00Z,16.1,833.2,85.0,27.333,88.617,1756.0,Northeast Hills,northeast_hills,Northeast Hills,India Meteorological Department AWS Portal,2026-09-29T03:23:56Z
42305099999,Bomdila,2026-09-29T03:15:00Z,17.9,865.9,89.0,27.417,92.85,2484.0,Northeast Hills,northeast_hills,Northeast Hills,India Meteorological Department AWS Portal,2026-09-29T03:23:56Z
42309099999,Lilabari,2026-09-29T03:15:00Z,28.0,1001.0,73.0,27.295,94.098,100.6,Northeast Hills,northeast_hills,Northeast Hills,India Meteorological Department AWS Portal,2026-09-29T03:23:56Z
42311099999,Sibsagar,2026-09-29T03:15:00Z,27.5,1001.2,90.0,26.983,94.633,97.0,Northeast Hills,northeast_hills,Northeast Hills,India Meteorological Department AWS Portal,2026-09-29T03:23:56Z
42312099999,Ziro,2026-09-29T03:15:00Z,20.7,881.7,84.0,27.917,94.8,1476.0,Northeast Hills,northeast_hills,Northeast Hills,India Meteorological Department AWS Portal,2026-09-29T03:23:56Z
42314099999,Dibrugarh,2026-09-29T03:15:00Z,27.6,1000.0,86.0,27.484,95.017,110.3,Northeast Hills,northeast_hills,Northeast Hills,India Meteorological Department AWS Portal,2026-09-29T03:23:56Z
42316099999,Digboi,2026-09-29T03:15:00Z,27.0,995.2,93.0,27.383,95.617,143.0,Northeast Hills,northeast_hills,Northeast Hills,India Meteorological Department AWS Portal,2026-09-29T03:23:56Z
42328099999,Jaisalmer,2026-09-29T03:15:00Z,26.8,985.3,67.0,26.9,70.917,231.0,Western Arid/Semi-Arid,western_arid_semi_arid,Western Arid/Semi-Arid,India Meteorological Department AWS Portal,2026-09-29T03:23:56Z
42339099999,Jodhpur,2026-09-29T03:15:00Z,28.9,987.0,65.0,26.251,73.049,218.5,Western Arid/Semi-Arid,western_arid_semi_arid,Western Arid/Semi-Arid,India Meteorological Department AWS Portal,2026-09-29T03:23:56Z
42343099999,Ajmer,2026-09-29T03:15:00Z,25.0,942.4,69.0,26.45,74.617,486.0,Western Arid/Semi-Arid,western_arid_semi_arid,Western Arid/Semi-Arid,India Meteorological Department AWS Portal,2026-09-29T03:23:56Z
42348099999,Jaipur,2026-09-29T03:15:00Z,24.6,969.5,82.0,26.824,75.812,385.0,Western Arid/Semi-Arid,delhi,Western Arid/Semi-Arid,India Meteorological Department AWS Portal,2026-09-29T03:23:56Z
42349099999,Tonk,2026-09-29T03:15:00Z,25.2,981.6,83.0,26.167,75.75,272.0,Western Arid/Semi-Arid,western_arid_semi_arid,Western Arid/Semi-Arid,India Meteorological Department AWS Portal,2026-09-29T03:23:56Z
42353099999,Supaul,2026-09-29T03:15:00Z,27.4,1006.6,92.0,26.133,86.583,49.0,Indo-Gangetic Plains,indo_gangetic_plains,Indo-Gangetic Plains,India Meteorological Department AWS Portal,2026-09-29T03:23:56Z
42354099999,Dholpur,2026-09-29T03:15:00Z,26.4,988.3,89.0,26.667,77.833,176.0,Indo-Gangetic Plains,indo_gangetic_plains,Indo-Gangetic Plains,India Meteorological Department AWS Portal,2026-09-29T03:23:56Z
42358099999,Bhind,2026-09-29T03:15:00Z,26.1,995.1,90.0,26.567,78.8,168.0,Indo-Gangetic Plains,indo_gangetic_plains,Indo-Gangetic Plains,India Meteorological Department AWS Portal,2026-09-29T03:23:56Z
42361099999,Gwalior,2026-09-29T03:15:00Z,26.1,990.8,90.0,26.293,78.228,188.1,Indo-Gangetic Plains,delhi,Indo-Gangetic Plains,India Meteorological Department AWS Portal,2026-09-29T03:23:56Z
42364099999,Etawah,2026-09-29T03:15:00Z,24.7,994.9,95.0,26.921,79.062,149.0,Indo-Gangetic Plains,indo_gangetic_plains,Indo-Gangetic Plains,India Meteorological Department AWS Portal,2026-09-29T03:23:56Z
42366099999,Kanpur,2026-09-29T03:15:00Z,27.1,997.8,87.0,26.433,80.367,125.0,Indo-Gangetic Plains,indo_gangetic_plains,Indo-Gangetic Plains,India Meteorological Department AWS Portal,2026-09-29T03:23:56Z
42367099999,Kanpur Chakeri,2026-09-29T03:15:00Z,26.3,998.3,90.0,26.404,80.41,123.4,Indo-Gangetic Plains,indo_gangetic_plains,Indo-Gangetic Plains,India Meteorological Department AWS Portal,2026-09-29T03:23:56Z
42368099999,Lucknow,2026-09-29T03:15:00Z,27.0,999.1,89.0,26.867,80.933,111.0,Indo-Gangetic Plains,indo_gangetic_plains,Indo-Gangetic Plains,India Meteorological Department AWS Portal,2026-09-29T03:23:56Z
42369099999,Lucknow / Chaudhary Charan Singh Intl,2026-09-29T03:15:00Z,26.2,998.6,92.0,26.761,80.889,125.0,Indo-Gangetic Plains,indo_gangetic_plains,Indo-Gangetic Plains,India Meteorological Department AWS Portal,2026-09-29T03:23:56Z
42372099999,Fursatganj Airport,2026-09-29T03:15:00Z,26.6,999.7,95.0,26.25,81.383,109.7,Indo-Gangetic Plains,indo_gangetic_plains,Indo-Gangetic Plains,India Meteorological Department AWS Portal,2026-09-29T03:23:56Z
42374099999,Ayodha,2026-09-29T03:15:00Z,27.8,1001.1,87.0,26.748,82.163,100.0,Indo-Gangetic Plains,indo_gangetic_plains,Indo-Gangetic Plains,India Meteorological Department AWS Portal,2026-09-29T03:23:56Z
42375099999,Sultanpur,2026-09-29T03:15:00Z,26.2,1000.8,98.0,26.25,82.0,97.0,Indo-Gangetic Plains,indo_gangetic_plains,Indo-Gangetic Plains,India Meteorological Department AWS Portal,2026-09-29T03:23:56Z
42379099999,Gorakhpur,2026-09-29T03:15:00Z,26.6,1003.3,91.0,26.74,83.45,78.9,Indo-Gangetic Plains,indo_gangetic_plains,Indo-Gangetic Plains,India Meteorological Department AWS Portal,2026-09-29T03:23:56Z
42381099999,Azamgarh,2026-09-29T03:15:00Z,26.8,1003.5,94.0,26.05,83.217,78.0,Indo-Gangetic Plains,indo_gangetic_plains,Indo-Gangetic Plains,India Meteorological Department AWS Portal,2026-09-29T03:23:56Z
42382099999,Raxaul,2026-09-29T03:15:00Z,26.4,1002.6,93.0,26.983,84.85,79.0,Indo-Gangetic Plains,indo_gangetic_plains,Indo-Gangetic Plains,India Meteorological Department AWS Portal,2026-09-29T03:23:56Z
42383099999,Motihari,2026-09-29T03:15:00Z,27.4,1004.7,87.0,26.667,84.917,66.0,Indo-Gangetic Plains,indo_gangetic_plains,Indo-Gangetic Plains,India Meteorological Department AWS Portal,2026-09-29T03:23:56Z
42387099999,Muzaffarpur,2026-09-29T03:15:00Z,27.8,1005.7,88.0,26.117,85.4,53.0,Indo-Gangetic Plains,indo_gangetic_plains,Indo-Gangetic Plains,India Meteorological Department AWS Portal,2026-09-29T03:23:56Z
42390099999,Muzaffarpur Aerodrome,2026-09-29T03:15:00Z,27.3,1006.0,91.0,26.117,85.317,53.0,Indo-Gangetic Plains,indo_gangetic_plains,Indo-Gangetic Plains,India Meteorological Department AWS Portal,2026-09-29T03:23:56Z
42391099999,Darbhanga,2026-09-29T03:15:00Z,26.9,1006.1,97.0,26.167,85.9,49.0,Indo-Gangetic Plains,indo_gangetic_plains,Indo-Gangetic Plains,India Meteorological Department AWS Portal,2026-09-29T03:23:56Z
42393099999,Supaul,2026-09-29T03:15:00Z,27.4,1006.6,92.0,26.133,86.583,50.0,Indo-Gangetic Plains,indo_gangetic_plains,Indo-Gangetic Plains,India Meteorological Department AWS Portal,2026-09-29T03:23:56Z
42395099999,Forbesganj,2026-09-29T03:15:00Z,27.0,1005.1,90.0,26.3,87.267,61.0,Indo-Gangetic Plains,indo_gangetic_plains,Indo-Gangetic Plains,India Meteorological Department AWS Portal,2026-09-29T03:23:56Z
42397099999,Siliguri,2026-09-29T03:15:00Z,26.6,999.2,84.0,26.667,88.367,123.0,Northeast Hills,northeast_hills,Northeast Hills,India Meteorological Department AWS Portal,2026-09-29T03:23:56Z
42398099999,Bagdogra,2026-09-29T03:15:00Z,26.1,997.7,79.0,26.681,88.329,125.6,Northeast Hills,northeast_hills,Northeast Hills,India Meteorological Department AWS Portal,2026-09-29T03:23:56Z
42399099999,Jalpaiguri,2026-09-29T03:15:00Z,26.8,1001.5,92.0,26.533,88.717,83.0,Northeast Hills,northeast_hills,Northeast Hills,India Meteorological Department AWS Portal,2026-09-29T03:23:56Z
42403099999,Cooch Behar,2026-09-29T03:15:00Z,26.9,1007.0,85.0,26.333,89.467,43.0,Northeast Hills,northeast_hills,Northeast Hills,India Meteorological Department AWS Portal,2026-09-29T03:23:56Z
42404099999,Dhubri,2026-09-29T03:15:00Z,28.5,1007.8,84.0,26.017,89.983,36.0,Northeast Hills,northeast_hills,Northeast Hills,India Meteorological Department AWS Portal,2026-09-29T03:23:56Z
42406099999,Dhubri/Rupsi,2026-09-29T03:15:00Z,27.8,1006.9,84.0,26.15,89.917,45.0,Northeast Hills,northeast_hills,Northeast Hills,India Meteorological Department AWS Portal,2026-09-29T03:23:56Z
42407099999,Goalpara,2026-09-29T03:15:00Z,28.3,1004.1,85.0,26.183,90.633,38.0,Northeast Hills,northeast_hills,Northeast Hills,India Meteorological Department AWS Portal,2026-09-29T03:23:56Z
42408099999,Rangia,2026-09-29T03:15:00Z,28.2,1005.6,79.0,26.433,91.617,60.0,Northeast Hills,northeast_hills,Northeast Hills,India Meteorological Department AWS Portal,2026-09-29T03:23:56Z
42409099999,Tangla,2026-09-29T03:15:00Z,26.5,1002.9,90.0,26.65,91.917,65.0,Northeast Hills,northeast_hills,Northeast Hills,India Meteorological Department AWS Portal,2026-09-29T03:23:56Z
42410099999,Guwahati Intl / Lokpriya Gopinath Bordoloi Intl,2026-09-29T03:15:00Z,28.3,1006.3,86.0,26.106,91.586,49.4,Northeast Hills,northeast_hills,Northeast Hills,India Meteorological Department AWS Portal,2026-09-29T03:23:56Z
42413099999,Majbat,2026-09-29T03:15:00Z,27.0,1001.3,91.0,26.75,92.35,120.0,Northeast Hills,northeast_hills,Northeast Hills,India Meteorological Department AWS Portal,2026-09-29T03:23:56Z
42414099999,Chaparmukh,2026-09-29T03:15:00Z,28.6,1004.9,85.0,26.2,92.517,66.0,Northeast Hills,northeast_hills,Northeast Hills,India Meteorological Department AWS Portal,2026-09-29T03:23:56Z
42415099999,Tezpur,2026-09-29T03:15:00Z,28.1,1004.1,89.0,26.617,92.783,79.0,Northeast Hills,northeast_hills,Northeast Hills,India Meteorological Department AWS Portal,2026-09-29T03:23:56Z
42416099999,Tezpur/Bindukuri,2026-09-29T03:15:00Z,28.1,1004.2,80.0,26.717,92.8,75.0,Northeast Hills,northeast_hills,Northeast Hills,India Meteorological Department AWS Portal,2026-09-29T03:23:56Z
42419099999,Gohpur,2026-09-29T03:15:00Z,27.8,1003.6,85.0,26.833,93.583,82.0,Northeast Hills,northeast_hills,Northeast Hills,India Meteorological Department AWS Portal,2026-09-29T03:23:56Z
42420099999,Golaghat,2026-09-29T03:15:00Z,27.4,1001.3,92.0,26.517,93.983,95.0,Northeast Hills,northeast_hills,Northeast Hills,India Meteorological Department AWS Portal,2026-09-29T03:23:56Z
42423099999,Jorhat,2026-09-29T03:15:00Z,28.3,1008.6,86.0,26.067,90.167,880.0,Northeast Hills,northeast_hills,Northeast Hills,India Meteorological Department AWS Portal,2026-09-29T03:23:56Z
42423199999,Jorhat,2026-09-29T03:15:00Z,27.5,1002.0,91.0,26.732,94.176,94.8,Northeast Hills,northeast_hills,Northeast Hills,India Meteorological Department AWS Portal,2026-09-29T03:23:56Z
42426099999,Tuensang,2026-09-29T03:15:00Z,20.1,887.3,88.0,26.267,94.817,1608.0,Northeast Hills,northeast_hills,Northeast Hills,India Meteorological Department AWS Portal,2026-09-29T03:23:56Z
42435099999,Barmer,2026-09-29T03:15:00Z,28.0,983.3,70.0,25.75,71.383,194.0,Western Arid/Semi-Arid,western_arid_semi_arid,Western Arid/Semi-Arid,India Meteorological Department AWS Portal,2026-09-29T03:23:56Z
42439099999,Jalore,2026-09-29T03:15:00Z,27.2,992.9,74.0,25.35,72.617,168.0,Western Arid/Semi-Arid,western_arid_semi_arid,Western Arid/Semi-Arid,India Meteorological Department AWS Portal,2026-09-29T03:23:56Z
42441099999,Erinpura /Jawai Dam Site,2026-09-29T03:15:00Z,25.3,978.4,86.0,25.083,73.083,295.0,Western Arid/Semi-Arid,western_arid_semi_arid,Western Arid/Semi-Arid,India Meteorological Department AWS Portal,2026-09-29T03:23:56Z
42447099999,Bhilwara,2026-09-29T03:15:00Z,24.7,965.3,79.0,25.35,74.633,425.0,Western Arid/Semi-Arid,western_arid_semi_arid,Western Arid/Semi-Arid,India Meteorological Department AWS Portal,2026-09-29T03:23:56Z
42450099999,Bundi,2026-09-29T03:15:00Z,23.1,970.3,93.0,25.45,75.633,267.0,Western Arid/Semi-Arid,western_arid_semi_arid,Western Arid/Semi-Arid,India Meteorological Department AWS Portal,2026-09-29T03:23:56Z
42451099999,Kota-In-Rajasthan,2026-09-29T03:15:00Z,24.0,983.2,89.0,25.183,75.85,256.0,Western Arid/Semi-Arid,western_arid_semi_arid,Western Arid/Semi-Arid,India Meteorological Department AWS Portal,2026-09-29T03:23:56Z
42452099999,Kota,2026-09-29T03:15:00Z,24.0,981.3,87.0,25.16,75.846,273.1,Western Arid/Semi-Arid,western_arid_semi_arid,Western Arid/Semi-Arid,India Meteorological Department AWS Portal,2026-09-29T03:23:56Z
42453099999,Sawai Madhopur,2026-09-29T03:15:00Z,23.9,966.9,87.0,25.983,76.367,264.0,Indo-Gangetic Plains,indo_gangetic_plains,Indo-Gangetic Plains,India Meteorological Department AWS Portal,2026-09-29T03:23:56Z
42456099999,Sheopur,2026-09-29T03:15:00Z,24.0,985.8,94.0,25.667,76.683,235.0,Indo-Gangetic Plains,indo_gangetic_plains,Indo-Gangetic Plains,India Meteorological Department AWS Portal,2026-09-29T03:23:56Z
42459099999,Shivpuri,2026-09-29T03:15:00Z,24.6,963.6,94.0,25.333,77.65,464.0,Indo-Gangetic Plains,indo_gangetic_plains,Indo-Gangetic Plains,India Meteorological Department AWS Portal,2026-09-29T03:23:56Z
42460099999,Datia,2026-09-29T03:15:00Z,26.8,984.3,85.0,25.667,78.467,229.0,Indo-Gangetic Plains,indo_gangetic_plains,Indo-Gangetic Plains,India Meteorological Department AWS Portal,2026-09-29T03:23:56Z
42463099999,Jhansi,2026-09-29T03:15:00Z,26.8,985.4,83.0,25.491,78.558,244.1,Indo-Gangetic Plains,indo_gangetic_plains,Indo-Gangetic Plains,India Meteorological Department AWS Portal,2026-09-29T03:23:56Z
42467099999,Nowgong,2026-09-29T03:15:00Z,25.3,987.0,91.0,25.067,79.45,229.0,Indo-Gangetic Plains,indo_gangetic_plains,Indo-Gangetic Plains,India Meteorological Department AWS Portal,2026-09-29T03:23:56Z
42468099999,Orai,2026-09-29T03:15:00Z,26.4,996.5,84.0,25.983,79.5,141.0,Indo-Gangetic Plains,indo_gangetic_plains,Indo-Gangetic Plains,India Meteorological Department AWS Portal,2026-09-29T03:23:56Z
42469099999,Hamirpur,2026-09-29T03:15:00Z,26.8,999.2,88.0,25.95,80.15,109.0,Indo-Gangetic Plains,indo_gangetic_plains,Indo-Gangetic Plains,India Meteorological Department AWS Portal,2026-09-29T03:23:56Z
42471099999,Fatehpur,2026-09-29T03:15:00Z,25.8,999.5,95.0,25.933,80.833,114.0,Indo-Gangetic Plains,indo_gangetic_plains,Indo-Gangetic Plains,India Meteorological Department AWS Portal,2026-09-29T03:23:56Z
42472099999,Pratapgarh,2026-09-29T03:15:00Z,25.8,1001.9,97.0,25.9,81.95,99.0,Indo-Gangetic Plains,indo_gangetic_plains,Indo-Gangetic Plains,India Meteorological Department AWS Portal,2026-09-29T03:23:56Z
42473099999,Banda,2026-09-29T03:15:00Z,25.9,998.0,95.0,25.467,80.367,121.0,Indo-Gangetic Plains,indo_gangetic_plains,Indo-Gangetic Plains,India Meteorological Department AWS Portal,2026-09-29T03:23:56Z
42475099999,Allahabad Arpt,2026-09-29T03:15:00Z,26.1,1001.2,96.0,25.44,81.734,98.2,Indo-Gangetic Plains,indo_gangetic_plains,Indo-Gangetic Plains,India Meteorological Department AWS Portal,2026-09-29T03:23:56Z
42477099999,Jaunpur,2026-09-29T03:15:00Z,27.0,1003.5,91.0,25.75,82.683,80.0,Indo-Gangetic Plains,indo_gangetic_plains,Indo-Gangetic Plains,India Meteorological Department AWS Portal,2026-09-29T03:23:56Z
42479099999,Lal Bahadur Shastri Varanasi Intl,2026-09-29T03:15:00Z,26.8,1003.0,94.0,25.45,82.867,81.1,Indo-Gangetic Plains,indo_gangetic_plains,Indo-Gangetic Plains,India Meteorological Department AWS Portal,2026-09-29T03:23:56Z
42482099999,Ghazipur,2026-09-29T03:15:00Z,27.2,1005.7,93.0,25.4,83.55,67.0,Indo-Gangetic Plains,indo_gangetic_plains,Indo-Gangetic Plains,India Meteorological Department AWS Portal,2026-09-29T03:23:56Z
42483099999,Varanasi,2026-09-29T03:15:00Z,27.2,1004.6,98.0,25.3,83.017,90.0,Indo-Gangetic Plains,indo_gangetic_plains,Indo-Gangetic Plains,India Meteorological Department AWS Portal,2026-09-29T03:23:56Z
42484099999,Ballia,2026-09-29T03:15:00Z,27.0,1005.4,89.0,25.75,84.167,64.0,Indo-Gangetic Plains,indo_gangetic_plains,Indo-Gangetic Plains,India Meteorological Department AWS Portal,2026-09-29T03:23:56Z
42487099999,Arrah,2026-09-29T03:15:00Z,27.7,1005.3,93.0,25.567,84.667,58.0,Indo-Gangetic Plains,indo_gangetic_plains,Indo-Gangetic Plains,India Meteorological Department AWS Portal,2026-09-29T03:23:56Z
42488099999,Chapra,2026-09-29T03:15:00Z,27.3,1005.7,93.0,25.783,84.733,58.0,Indo-Gangetic Plains,indo_gangetic_plains,Indo-Gangetic Plains,India Meteorological Department AWS Portal,2026-09-29T03:23:56Z
42492099999,Jai Prakash Narayan Intl Patna,2026-09-29T03:15:00Z,28.5,1006.3,89.0,25.591,85.088,51.8,Indo-Gangetic Plains,indo_gangetic_plains,Indo-Gangetic Plains,India Meteorological Department AWS Portal,2026-09-29T03:23:56Z
42498099999,Bhagalpur,2026-09-29T03:15:00Z,28.1,1006.7,91.0,25.233,86.95,49.0,Indo-Gangetic Plains,indo_gangetic_plains,Indo-Gangetic Plains,India Meteorological Department AWS Portal,2026-09-29T03:23:56Z
42499099999,Sabaur,2026-09-29T03:15:00Z,28.2,1008.1,89.0,25.233,87.067,37.0,Indo-Gangetic Plains,indo_gangetic_plains,Indo-Gangetic Plains,India Meteorological Department AWS Portal,2026-09-29T03:23:56Z
42500099999,Purnea,2026-09-29T03:15:00Z,27.8,1008.1,88.0,25.267,87.467,38.0,Indo-Gangetic Plains,indo_gangetic_plains,Indo-Gangetic Plains,India Meteorological Department AWS Portal,2026-09-29T03:23:56Z
42503099999,Malda,2026-09-29T03:15:00Z,27.2,1009.2,89.0,25.033,88.133,31.0,Northeast Hills,northeast_hills,Northeast Hills,India Meteorological Department AWS Portal,2026-09-29T03:23:56Z
42506099999,Balurghat,2026-09-29T03:15:00Z,27.5,1008.4,88.0,25.217,88.783,26.0,Northeast Hills,northeast_hills,Northeast Hills,India Meteorological Department AWS Portal,2026-09-29T03:23:56Z
42511099999,Tura,2026-09-29T03:15:00Z,23.4,946.0,95.0,25.517,90.233,370.0,Northeast Hills,northeast_hills,Northeast Hills,India Meteorological Department AWS Portal,2026-09-29T03:23:56Z
42512099999,Shillong Arpt / Umroi Arpt / Barapani,2026-09-29T03:15:00Z,22.6,917.7,88.0,25.7,91.983,891.2,Northeast Hills,northeast_hills,Northeast Hills,India Meteorological Department AWS Portal,2026-09-29T03:23:56Z
42515099999,Cherrapunji,2026-09-29T03:15:00Z,21.9,883.9,78.0,25.25,91.733,1313.0,Northeast Hills,northeast_hills,Northeast Hills,India Meteorological Department AWS Portal,2026-09-29T03:23:56Z
42516099999,Shillong,2026-09-29T03:15:00Z,19.5,855.6,88.0,25.567,91.883,1598.0,Northeast Hills,northeast_hills,Northeast Hills,India Meteorological Department AWS Portal,2026-09-29T03:23:56Z
42522099999,Haflong,2026-09-29T03:15:00Z,23.6,940.8,96.0,25.167,93.017,682.0,Northeast Hills,northeast_hills,Northeast Hills,India Meteorological Department AWS Portal,2026-09-29T03:23:56Z
42523099999,Lumding,2026-09-29T03:15:00Z,27.0,997.4,97.0,25.75,93.183,149.0,Northeast Hills,northeast_hills,Northeast Hills,India Meteorological Department AWS Portal,2026-09-29T03:23:56Z
42527099999,Kohima,2026-09-29T03:15:00Z,19.7,890.4,92.0,25.633,94.167,1406.0,Northeast Hills,northeast_hills,Northeast Hills,India Meteorological Department AWS Portal,2026-09-29T03:23:56Z
42539099999,Deesa,2026-09-29T03:15:00Z,25.1,994.9,95.0,24.2,72.2,136.0,Western Arid/Semi-Arid,western_arid_semi_arid,Western Arid/Semi-Arid,India Meteorological Department AWS Portal,2026-09-29T03:23:56Z
42540099999,Mount Abu,2026-09-29T03:15:00Z,20.8,882.2,76.0,24.6,72.717,1195.0,Western Arid/Semi-Arid,western_arid_semi_arid,Western Arid/Semi-Arid,India Meteorological Department AWS Portal,2026-09-29T03:23:56Z
42542099999,Udaipur / Maharana Pratap,2026-09-29T03:15:00Z,23.6,955.7,85.0,24.618,73.896,513.3,Western Arid/Semi-Arid,western_arid_semi_arid,Western Arid/Semi-Arid,India Meteorological Department AWS Portal,2026-09-29T03:23:56Z
42543099999,Udaipur,2026-09-29T03:15:00Z,23.4,949.0,85.0,24.583,73.7,582.0,Western Arid/Semi-Arid,western_arid_semi_arid,Western Arid/Semi-Arid,India Meteorological Department AWS Portal,2026-09-29T03:23:56Z
42546099999,Chittorgarh,2026-09-29T03:15:00Z,24.0,968.1,87.0,24.883,74.633,404.0,Western Arid/Semi-Arid,western_arid_semi_arid,Western Arid/Semi-Arid,India Meteorological Department AWS Portal,2026-09-29T03:23:56Z
42547099999,Nimach,2026-09-29T03:15:00Z,23.5,958.6,88.0,24.467,74.9,496.0,Western Arid/Semi-Arid,western_arid_semi_arid,Western Arid/Semi-Arid,India Meteorological Department AWS Portal,2026-09-29T03:23:56Z
42552099999,Chambal/Rawat Bhata,2026-09-29T03:15:00Z,23.4,974.2,90.0,24.917,75.583,351.0,Western Arid/Semi-Arid,western_arid_semi_arid,Western Arid/Semi-Arid,India Meteorological Department AWS Portal,2026-09-29T03:23:56Z
42555099999,Jhalawar,2026-09-29T03:15:00Z,23.3,976.2,92.0,24.533,76.167,321.0,Indo-Gangetic Plains,indo_gangetic_plains,Indo-Gangetic Plains,India Meteorological Department AWS Portal,2026-09-29T03:23:56Z
42557099999,Rajgarh,2026-09-29T03:15:00Z,23.2,967.5,91.0,24.0,76.717,382.0,Indo-Gangetic Plains,indo_gangetic_plains,Indo-Gangetic Plains,India Meteorological Department AWS Portal,2026-09-29T03:23:56Z
42559099999,Guna,2026-09-29T03:15:00Z,22.6,958.7,96.0,24.65,77.317,478.0,Indo-Gangetic Plains,indo_gangetic_plains,Indo-Gangetic Plains,India Meteorological Department AWS Portal,2026-09-29T03:23:56Z
42562099999,Tikamgarh,2026-09-29T03:15:00Z,25.0,974.2,97.0,24.767,78.833,345.0,Indo-Gangetic Plains,indo_gangetic_plains,Indo-Gangetic Plains,India Meteorological Department AWS Portal,2026-09-29T03:23:56Z
42567099999,Khajuraho,2026-09-29T03:15:00Z,25.0,988.4,95.0,24.983,79.917,217.0,Indo-Gangetic Plains,indo_gangetic_plains,Indo-Gangetic Plains,India Meteorological Department AWS Portal,2026-09-29T03:23:56Z
42570099999,Panna,2026-09-29T03:15:00Z,23.9,968.3,97.0,24.717,80.167,354.0,Indo-Gangetic Plains,indo_gangetic_plains,Indo-Gangetic Plains,India Meteorological Department AWS Portal,2026-09-29T03:23:56Z
42571099999,Satna,2026-09-29T03:15:00Z,24.3,977.2,100.0,24.567,80.833,317.0,Indo-Gangetic Plains,indo_gangetic_plains,Indo-Gangetic Plains,India Meteorological Department AWS Portal,2026-09-29T03:23:56Z
42574099999,Rewa,2026-09-29T03:15:00Z,24.4,978.0,98.0,24.533,81.3,299.0,Indo-Gangetic Plains,indo_gangetic_plains,Indo-Gangetic Plains,India Meteorological Department AWS Portal,2026-09-29T03:23:56Z
42577099999,Sidhi,2026-09-29T03:15:00Z,24.7,980.9,98.0,24.417,81.867,272.0,Indo-Gangetic Plains,indo_gangetic_plains,Indo-Gangetic Plains,India Meteorological Department AWS Portal,2026-09-29T03:23:56Z
42587099999,Daltonganj,2026-09-29T03:15:00Z,26.6,987.1,92.0,24.05,84.067,221.0,Indo-Gangetic Plains,indo_gangetic_plains,Indo-Gangetic Plains,India Meteorological Department AWS Portal,2026-09-29T03:23:56Z
42588099999,Dehri,2026-09-29T03:15:00Z,27.2,999.7,92.0,24.917,84.183,107.0,Indo-Gangetic Plains,indo_gangetic_plains,Indo-Gangetic Plains,India Meteorological Department AWS Portal,2026-09-29T03:23:56Z
42591099999,Gaya,2026-09-29T03:15:00Z,27.3,999.4,91.0,24.744,84.951,115.8,Indo-Gangetic Plains,indo_gangetic_plains,Indo-Gangetic Plains,India Meteorological Department AWS Portal,2026-09-29T03:23:56Z
42595099999,Jamui,2026-09-29T03:15:00Z,27.7,1002.6,88.0,24.933,86.3,82.0,Indo-Gangetic Plains,indo_gangetic_plains,Indo-Gangetic Plains,India Meteorological Department AWS Portal,2026-09-29T03:23:56Z
42599099999,Dumka,2026-09-29T03:15:00Z,26.5,994.8,97.0,24.267,87.25,149.0,Indo-Gangetic Plains,indo_gangetic_plains,Indo-Gangetic Plains,India Meteorological Department AWS Portal,2026-09-29T03:23:56Z
42603099999,Berhampore,2026-09-29T03:15:00Z,27.8,1009.7,93.0,24.133,88.267,19.0,Northeast Hills,northeast_hills,Northeast Hills,India Meteorological Department AWS Portal,2026-09-29T03:23:56Z
42618099999,Kailashahar,2026-09-29T03:15:00Z,27.6,1008.2,94.0,24.317,92.0,30.0,Northeast Hills,northeast_hills,Northeast Hills,India Meteorological Department AWS Portal,2026-09-29T03:23:56Z
42619099999,Silchar,2026-09-29T03:15:00Z,29.3,1009.0,77.0,24.75,92.8,29.0,Northeast Hills,northeast_hills,Northeast Hills,India Meteorological Department AWS Portal,2026-09-29T03:23:56Z
42620099999,Silchar/Kumbhirgram,2026-09-29T03:15:00Z,27.2,999.0,84.0,24.917,92.983,105.0,Northeast Hills,northeast_hills,Northeast Hills,India Meteorological Department AWS Portal,2026-09-29T03:23:56Z
42623099999,Imphal,2026-09-29T03:15:00Z,23.2,929.8,93.0,24.76,93.897,774.2,Northeast Hills,northeast_hills,Northeast Hills,India Meteorological Department AWS Portal,2026-09-29T03:23:56Z
42631099999,Naliya,2026-09-29T03:15:00Z,26.1,1009.2,89.0,23.25,68.85,21.0,Western Arid/Semi-Arid,western_arid_semi_arid,Western Arid/Semi-Arid,India Meteorological Department AWS Portal,2026-09-29T03:23:56Z
42634099999,Bhuj,2026-09-29T03:15:00Z,25.6,1002.9,92.0,23.288,69.67,81.7,Western Arid/Semi-Arid,western_arid_semi_arid,Western Arid/Semi-Arid,India Meteorological Department AWS Portal,2026-09-29T03:23:56Z
42638099999,Kandla Aerodrome,2026-09-29T03:15:00Z,26.8,1008.5,89.0,23.15,70.117,29.0,Western Arid/Semi-Arid,western_arid_semi_arid,Western Arid/Semi-Arid,India Meteorological Department AWS Portal,2026-09-29T03:23:56Z
42639099999,New Kandla,2026-09-29T03:15:00Z,27.2,1011.0,89.0,23.0,70.217,14.0,Western Arid/Semi-Arid,western_arid_semi_arid,Western Arid/Semi-Arid,India Meteorological Department AWS Portal,2026-09-29T03:23:56Z
42647099999,Ahmedabad / Sardar Vallabhbhai Patel Intl,2026-09-29T03:15:00Z,25.2,1005.2,96.0,23.077,72.635,57.6,Western Arid/Semi-Arid,western_arid_semi_arid,Western Arid/Semi-Arid,India Meteorological Department AWS Portal,2026-09-29T03:23:56Z
42651099999,Idar,2026-09-29T03:15:00Z,24.2,988.1,98.0,23.833,73.033,219.0,Western Arid/Semi-Arid,western_arid_semi_arid,Western Arid/Semi-Arid,India Meteorological Department AWS Portal,2026-09-29T03:23:56Z
42652099999,Dungarpur,2026-09-29T03:15:00Z,24.3,979.1,87.0,23.833,73.667,291.0,Western Arid/Semi-Arid,western_arid_semi_arid,Western Arid/Semi-Arid,India Meteorological Department AWS Portal,2026-09-29T03:23:56Z
42654099999,Gandhinagar,2026-09-29T03:15:00Z,24.7,1001.9,97.0,23.233,72.717,82.0,Western Arid/Semi-Arid,western_arid_semi_arid,Western Arid/Semi-Arid,India Meteorological Department AWS Portal,2026-09-29T03:23:56Z
42655099999,Banswara,2026-09-29T03:15:00Z,24.5,986.5,86.0,23.55,74.45,220.0,Western Arid/Semi-Arid,western_arid_semi_arid,Western Arid/Semi-Arid,India Meteorological Department AWS Portal,2026-09-29T03:23:56Z
42661099999,Ratlam,2026-09-29T03:15:00Z,21.6,958.7,96.0,23.317,75.05,486.0,Western Arid/Semi-Arid,western_arid_semi_arid,Western Arid/Semi-Arid,India Meteorological Department AWS Portal,2026-09-29T03:23:56Z
42662099999,Ujjain,2026-09-29T03:15:00Z,23.2,956.8,92.0,23.183,75.783,489.0,Western Arid/Semi-Arid,western_arid_semi_arid,Western Arid/Semi-Arid,India Meteorological Department AWS Portal,2026-09-29T03:23:56Z
42665099999,Shajapur,2026-09-29T03:15:00Z,23.7,961.4,93.0,23.433,76.317,446.0,Central Plateau,central_plateau,Central Plateau,India Meteorological Department AWS Portal,2026-09-29T03:23:56Z
42667099999,Bhopal / Raja Bhoj,2026-09-29T03:15:00Z,22.3,954.3,96.0,23.287,77.337,524.0,Central Plateau,central_plateau,Central Plateau,India Meteorological Department AWS Portal,2026-09-29T03:23:56Z
42669099999,Vidisha,2026-09-29T03:15:00Z,23.1,964.8,96.0,23.533,77.817,430.0,Central Plateau,central_plateau,Central Plateau,India Meteorological Department AWS Portal,2026-09-29T03:23:56Z
42671099999,Sagar,2026-09-29T03:15:00Z,23.5,954.4,100.0,23.85,78.75,551.0,Central Plateau,central_plateau,Central Plateau,India Meteorological Department AWS Portal,2026-09-29T03:23:56Z
42672099999,Raisen,2026-09-29T03:15:00Z,22.5,962.9,98.0,23.317,77.833,440.0,Central Plateau,central_plateau,Central Plateau,India Meteorological Department AWS Portal,2026-09-29T03:23:56Z
42674099999,Damoh,2026-09-29T03:15:00Z,24.2,970.1,97.0,23.833,79.45,371.0,Central Plateau,central_plateau,Central Plateau,India Meteorological Department AWS Portal,2026-09-29T03:23:56Z
42675099999,Jabalpur,2026-09-29T03:15:00Z,24.3,957.8,97.0,23.178,80.052,495.0,Central Plateau,central_plateau,Central Plateau,India Meteorological Department AWS Portal,2026-09-29T03:23:56Z
42679099999,Umaria,2026-09-29T03:15:00Z,23.0,963.3,97.0,23.533,80.883,459.0,Central Plateau,central_plateau,Central Plateau,India Meteorological Department AWS Portal,2026-09-29T03:23:56Z
42693099999,Ambikapur,2026-09-29T03:15:00Z,23.3,944.1,94.0,23.167,83.25,611.0,Central Plateau,central_plateau,Central Plateau,India Meteorological Department AWS Portal,2026-09-29T03:23:56Z
42699099999,Hazaribagh,2026-09-29T03:15:00Z,23.7,945.2,93.0,23.983,85.367,611.0,Central Plateau,central_plateau,Central Plateau,India Meteorological Department AWS Portal,2026-09-29T03:23:56Z
42700099999,Ranchi,2026-09-29T03:15:00Z,22.9,945.9,95.0,23.433,85.4,647.0,Central Plateau,central_plateau,Central Plateau,India Meteorological Department AWS Portal,2026-09-29T03:23:56Z
42701099999,Birsa Munda,2026-09-29T03:15:00Z,23.0,941.9,95.0,23.314,85.322,654.7,Central Plateau,central_plateau,Central Plateau,India Meteorological Department AWS Portal,2026-09-29T03:23:56Z
42703099999,Dhanbad,2026-09-29T03:15:00Z,26.2,986.4,92.0,23.783,86.433,257.0,Central Plateau,central_plateau,Central Plateau,India Meteorological Department AWS Portal,2026-09-29T03:23:56Z
42704099999,Panagarh,2026-09-29T03:15:00Z,26.5,1003.2,99.0,23.467,87.433,74.0,Central Plateau,central_plateau,Central Plateau,India Meteorological Department AWS Portal,2026-09-29T03:23:56Z
42705099999,Purulia,2026-09-29T03:15:00Z,25.3,985.6,99.0,23.333,86.417,255.0,Central Plateau,central_plateau,Central Plateau,India Meteorological Department AWS Portal,2026-09-29T03:23:56Z
42705199999,Kullu Manali,2026-09-29T03:15:00Z,18.6,898.3,82.0,31.877,77.154,1089.1,Northern Himalayas,northern_himalayas,Northern Himalayas,India Meteorological Department AWS Portal,2026-09-29T03:23:56Z
42705299999,Chandigarh,2026-09-29T03:15:00Z,24.6,976.6,88.0,30.673,76.789,308.5,Northern Himalayas,northern_himalayas,Northern Himalayas,India Meteorological Department AWS Portal,2026-09-29T03:23:56Z
42705399999,Leh,2026-09-29T03:15:00Z,7.4,695.9,62.0,34.136,77.547,3255.9,Northern Himalayas,northern_himalayas,Northern Himalayas,India Meteorological Department AWS Portal,2026-09-29T03:23:56Z
42705599999,Calicut,2026-09-29T03:15:00Z,24.1,1003.8,99.0,11.137,75.955,104.2,Coastal Plains,coastal_plains,Coastal Plains,India Meteorological Department AWS Portal,2026-09-29T03:23:56Z
42705699999,Bangaluru Intl Airport / Kempegowda Intl,2026-09-29T03:15:00Z,20.9,914.8,94.0,13.2,77.7,915.0,Deccan Plateau,bengaluru,Deccan Plateau,India Meteorological Department AWS Portal,2026-09-29T03:23:56Z
42706099999,Bankura,2026-09-29T03:15:00Z,25.9,999.9,100.0,23.383,87.083,100.0,Central Plateau,central_plateau,Central Plateau,India Meteorological Department AWS Portal,2026-09-29T03:23:56Z
42708099999,Shanti Niketan,2026-09-29T03:15:00Z,27.3,1006.3,97.0,23.65,87.7,59.0,Central Plateau,central_plateau,Central Plateau,India Meteorological Department AWS Portal,2026-09-29T03:23:56Z
42709099999,Burdwan,2026-09-29T03:15:00Z,26.5,1007.9,98.0,23.233,87.85,30.0,Central Plateau,central_plateau,Central Plateau,India Meteorological Department AWS Portal,2026-09-29T03:23:56Z
42711099999,Krishnanagar,2026-09-29T03:15:00Z,27.0,1010.1,96.0,23.4,88.517,15.0,Northeast Hills,northeast_hills,Northeast Hills,India Meteorological Department AWS Portal,2026-09-29T03:23:56Z
42714099999,Bagati,2026-09-29T03:15:00Z,27.0,1010.6,96.0,22.983,88.367,12.0,Northeast Hills,northeast_hills,Northeast Hills,India Meteorological Department AWS Portal,2026-09-29T03:23:56Z
42715099999,Malanjkhand,2026-09-29T03:15:00Z,22.9,947.0,96.0,22.0,80.7,581.0,Central Plateau,central_plateau,Central Plateau,India Meteorological Department AWS Portal,2026-09-29T03:23:56Z
42724099999,Agartala,2026-09-29T03:15:00Z,28.4,1009.3,92.0,23.887,91.24,14.0,Northeast Hills,northeast_hills,Northeast Hills,India Meteorological Department AWS Portal,2026-09-29T03:23:56Z
42726099999,Lengpui,2026-09-29T03:15:00Z,24.7,964.3,100.0,23.841,92.62,426.1,Northeast Hills,northeast_hills,Northeast Hills,India Meteorological Department AWS Portal,2026-09-29T03:23:56Z
42727099999,Aijal,2026-09-29T03:15:00Z,20.8,893.3,100.0,23.733,92.717,1097.0,Northeast Hills,northeast_hills,Northeast Hills,India Meteorological Department AWS Portal,2026-09-29T03:23:56Z
42729099999,Mandvi,2026-09-29T03:15:00Z,26.6,1012.1,88.0,22.817,69.267,9.0,Western Arid/Semi-Arid,western_arid_semi_arid,Western Arid/Semi-Arid,India Meteorological Department AWS Portal,2026-09-29T03:23:56Z
42730099999,Okha,2026-09-29T03:15:00Z,26.5,1012.2,89.0,22.483,69.117,7.0,Western Arid/Semi-Arid,western_arid_semi_arid,Western Arid/Semi-Arid,India Meteorological Department AWS Portal,2026-09-29T03:23:56Z
42731099999,Dwarka,2026-09-29T03:15:00Z,26.6,1010.7,88.0,22.367,69.083,11.0,Western Arid/Semi-Arid,western_arid_semi_arid,Western Arid/Semi-Arid,India Meteorological Department AWS Portal,2026-09-29T03:23:56Z
42734099999,Jamnagar,2026-09-29T03:15:00Z,26.4,1010.6,91.0,22.45,70.083,14.0,Western Arid/Semi-Arid,western_arid_semi_arid,Western Arid/Semi-Arid,India Meteorological Department AWS Portal,2026-09-29T03:23:56Z
42737099999,Rajkot,2026-09-29T03:15:00Z,25.1,997.1,92.0,22.309,70.78,134.4,Western Arid/Semi-Arid,western_arid_semi_arid,Western Arid/Semi-Arid,India Meteorological Department AWS Portal,2026-09-29T03:23:56Z
42737199999,Raipur,2026-09-29T03:15:00Z,24.7,977.0,97.0,21.18,81.739,317.3,Central Plateau,central_plateau,Central Plateau,India Meteorological Department AWS Portal,2026-09-29T03:23:56Z
42740099999,Surendranagar,2026-09-29T03:15:00Z,25.3,1002.2,95.0,22.733,71.6,74.0,Western Arid/Semi-Arid,western_arid_semi_arid,Western Arid/Semi-Arid,India Meteorological Department AWS Portal,2026-09-29T03:23:56Z
42744099999,Vallabh Vidyanagar,2026-09-29T03:15:00Z,25.0,1007.2,99.0,22.567,72.933,44.0,Western Arid/Semi-Arid,western_arid_semi_arid,Western Arid/Semi-Arid,India Meteorological Department AWS Portal,2026-09-29T03:23:56Z
42747099999,Baroda,2026-09-29T03:15:00Z,25.2,1007.6,91.0,22.3,73.25,34.0,Western Arid/Semi-Arid,western_arid_semi_arid,Western Arid/Semi-Arid,India Meteorological Department AWS Portal,2026-09-29T03:23:56Z
42748099999,Baroda Aerodrome,2026-09-29T03:15:00Z,25.2,1006.5,91.0,22.333,73.267,37.0,Western Arid/Semi-Arid,western_arid_semi_arid,Western Arid/Semi-Arid,India Meteorological Department AWS Portal,2026-09-29T03:23:56Z
42751099999,Dohad,2026-09-29T03:15:00Z,24.1,978.7,95.0,22.833,74.267,333.0,Western Arid/Semi-Arid,western_arid_semi_arid,Western Arid/Semi-Arid,India Meteorological Department AWS Portal,2026-09-29T03:23:56Z
42752099999,Dhar,2026-09-29T03:15:00Z,22.5,950.2,91.0,22.6,75.3,583.0,Western Arid/Semi-Arid,western_arid_semi_arid,Western Arid/Semi-Arid,India Meteorological Department AWS Portal,2026-09-29T03:23:56Z
42753099999,Alirajpur,2026-09-29T03:15:00Z,23.8,978.5,94.0,22.283,74.4,293.0,Western Arid/Semi-Arid,western_arid_semi_arid,Western Arid/Semi-Arid,India Meteorological Department AWS Portal,2026-09-29T03:23:56Z
42754099999,Devi Ahilyabai Holkar,2026-09-29T03:15:00Z,23.1,949.4,95.0,22.722,75.801,563.9,Western Arid/Semi-Arid,western_arid_semi_arid,Western Arid/Semi-Arid,India Meteorological Department AWS Portal,2026-09-29T03:23:56Z
42763099999,Hoshangabad,2026-09-29T03:15:00Z,24.0,978.7,96.0,22.767,77.767,302.0,Central Plateau,central_plateau,Central Plateau,India Meteorological Department AWS Portal,2026-09-29T03:23:56Z
42767099999,Pachmarhi,2026-09-29T03:15:00Z,19.4,897.5,100.0,22.467,78.433,1075.0,Central Plateau,central_plateau,Central Plateau,India Meteorological Department AWS Portal,2026-09-29T03:23:56Z
42768099999,Chhindwara,2026-09-29T03:15:00Z,22.4,939.2,98.0,22.1,79.0,685.0,Central Plateau,central_plateau,Central Plateau,India Meteorological Department AWS Portal,2026-09-29T03:23:56Z
42770099999,Narsinghpur,2026-09-29T03:15:00Z,25.0,972.3,94.0,22.95,79.183,356.0,Central Plateau,central_plateau,Central Plateau,India Meteorological Department AWS Portal,2026-09-29T03:23:56Z
42771099999,Seoni,2026-09-29T03:15:00Z,22.8,943.1,97.0,22.083,79.55,619.0,Central Plateau,central_plateau,Central Plateau,India Meteorological Department AWS Portal,2026-09-29T03:23:56Z
42776099999,Mandla,2026-09-29T03:15:00Z,23.9,963.2,96.0,22.583,80.367,443.0,Central Plateau,central_plateau,Central Plateau,India Meteorological Department AWS Portal,2026-09-29T03:23:56Z
42779099999,Pendra Road,2026-09-29T03:15:00Z,22.7,944.5,99.0,22.767,81.9,625.0,Central Plateau,central_plateau,Central Plateau,India Meteorological Department AWS Portal,2026-09-29T03:23:56Z
42782099999,Bilaspur,2026-09-29T03:15:00Z,24.6,980.9,96.0,21.988,82.111,274.0,Central Plateau,central_plateau,Central Plateau,India Meteorological Department AWS Portal,2026-09-29T03:23:56Z
42783099999,Champa,2026-09-29T03:15:00Z,25.3,983.3,97.0,22.033,82.7,245.0,Central Plateau,central_plateau,Central Plateau,India Meteorological Department AWS Portal,2026-09-29T03:23:56Z
42790099999,Jashpurnagar,2026-09-29T03:15:00Z,22.4,928.0,94.0,22.883,84.133,771.0,Central Plateau,central_plateau,Central Plateau,India Meteorological Department AWS Portal,2026-09-29T03:23:56Z
42792099999,Sundargarh,2026-09-29T03:15:00Z,25.9,985.8,94.0,22.117,84.033,240.0,Central Plateau,central_plateau,Central Plateau,India Meteorological Department AWS Portal,2026-09-29T03:23:56Z
42793099999,Rourkela,2026-09-29T03:15:00Z,25.5,989.7,96.0,22.217,84.883,196.0,Central Plateau,central_plateau,Central Plateau,India Meteorological Department AWS Portal,2026-09-29T03:23:56Z
42795099999,Chaibasa,2026-09-29T03:15:00Z,24.4,987.1,98.0,22.55,85.817,226.0,Central Plateau,central_plateau,Central Plateau,India Meteorological Department AWS Portal,2026-09-29T03:23:56Z
42798099999,Jamshedpur,2026-09-29T03:15:00Z,25.8,995.9,99.0,22.813,86.169,153.9,Central Plateau,central_plateau,Central Plateau,India Meteorological Department AWS Portal,2026-09-29T03:23:56Z
42799099999,Jamshedpur,2026-09-29T03:15:00Z,25.8,995.6,99.0,22.817,86.183,129.0,Central Plateau,central_plateau,Central Plateau,India Meteorological Department AWS Portal,2026-09-29T03:23:56Z
42802099999,Kalaikunda,2026-09-29T03:15:00Z,26.2,1004.5,100.0,22.333,87.217,62.0,Central Plateau,central_plateau,Central Plateau,India Meteorological Department AWS Portal,2026-09-29T03:23:56Z
42803099999,Midnapore,2026-09-29T03:15:00Z,26.2,1006.8,99.0,22.417,87.317,45.0,Central Plateau,central_plateau,Central Plateau,India Meteorological Department AWS Portal,2026-09-29T03:23:56Z
42805099999,Uluberia,2026-09-29T03:15:00Z,27.2,1010.9,97.0,22.5,87.95,5.0,Central Plateau,central_plateau,Central Plateau,India Meteorological Department AWS Portal,2026-09-29T03:23:56Z
42807099999,Behala,2026-09-29T03:15:00Z,27.5,1011.4,93.0,22.505,88.293,2.4,Northeast Hills,northeast_hills,Northeast Hills,India Meteorological Department AWS Portal,2026-09-29T03:23:56Z
42808199999,Calcutta/Barracks,2026-09-29T03:15:00Z,26.6,1010.5,96.0,22.767,88.367,7.0,Northeast Hills,northeast_hills,Northeast Hills,India Meteorological Department AWS Portal,2026-09-29T03:23:56Z
42809099999,Netaji Subhash Chandra Bose Intl,2026-09-29T03:15:00Z,27.1,1011.1,96.0,22.655,88.447,4.9,Northeast Hills,northeast_hills,Northeast Hills,India Meteorological Department AWS Portal,2026-09-29T03:23:56Z
42810099999,Basirhat,2026-09-29T03:15:00Z,26.8,1010.6,98.0,22.65,88.867,4.0,Northeast Hills,northeast_hills,Northeast Hills,India Meteorological Department AWS Portal,2026-09-29T03:23:56Z
42811099999,Diamond Harbour,2026-09-29T03:15:00Z,26.8,1011.0,99.0,22.183,88.2,7.0,Northeast Hills,northeast_hills,Northeast Hills,India Meteorological Department AWS Portal,2026-09-29T03:23:56Z
42812099999,Canning,2026-09-29T03:15:00Z,27.2,1011.2,96.0,22.25,88.667,4.0,Northeast Hills,northeast_hills,Northeast Hills,India Meteorological Department AWS Portal,2026-09-29T03:23:56Z
42830099999,Porbandar,2026-09-29T03:15:00Z,25.8,1012.2,91.0,21.65,69.667,5.0,Central Plateau,central_plateau,Central Plateau,India Meteorological Department AWS Portal,2026-09-29T03:23:56Z
42832099999,Keshod,2026-09-29T03:15:00Z,25.7,1006.0,91.0,21.317,70.317,50.0,Central Plateau,central_plateau,Central Plateau,India Meteorological Department AWS Portal,2026-09-29T03:23:56Z
42834099999,Amreli,2026-09-29T03:15:00Z,24.0,998.3,96.0,21.6,71.217,115.0,Central Plateau,central_plateau,Central Plateau,India Meteorological Department AWS Portal,2026-09-29T03:23:56Z
42837099999,Mahuva,2026-09-29T03:15:00Z,25.6,1010.6,93.0,21.083,71.783,9.0,Central Plateau,central_plateau,Central Plateau,India Meteorological Department AWS Portal,2026-09-29T03:23:56Z
42838099999,Bhaunagar,2026-09-29T03:15:00Z,26.4,1011.1,91.0,21.75,72.2,5.0,Central Plateau,central_plateau,Central Plateau,India Meteorological Department AWS Portal,2026-09-29T03:23:56Z
42840099999,Surat,2026-09-29T03:15:00Z,26.5,1009.4,93.0,21.2,72.833,12.0,Central Plateau,central_plateau,Central Plateau,India Meteorological Department AWS Portal,2026-09-29T03:23:56Z
42841099999,Broach,2026-09-29T03:15:00Z,26.1,1009.4,95.0,21.733,73.0,17.0,Central Plateau,central_plateau,Central Plateau,India Meteorological Department AWS Portal,2026-09-29T03:23:56Z
42846099999,Nandurbar,2026-09-29T03:15:00Z,24.7,984.3,88.0,21.333,74.25,206.0,Central Plateau,central_plateau,Central Plateau,India Meteorological Department AWS Portal,2026-09-29T03:23:56Z
42849099999,Khargone,2026-09-29T03:15:00Z,25.0,982.8,83.0,21.817,75.617,251.0,Central Plateau,central_plateau,Central Plateau,India Meteorological Department AWS Portal,2026-09-29T03:23:56Z
42851099999,Jalgaon,2026-09-29T03:15:00Z,26.0,989.4,81.0,21.05,75.567,201.0,Central Plateau,central_plateau,Central Plateau,India Meteorological Department AWS Portal,2026-09-29T03:23:56Z
42855099999,Khandwa,2026-09-29T03:15:00Z,24.8,976.6,87.0,21.833,76.367,318.0,Central Plateau,central_plateau,Central Plateau,India Meteorological Department AWS Portal,2026-09-29T03:23:56Z
42860099999,Betul,2026-09-29T03:15:00Z,22.1,940.4,99.0,21.867,77.933,653.0,Central Plateau,central_plateau,Central Plateau,India Meteorological Department AWS Portal,2026-09-29T03:23:56Z
42866099999,Nagpur (Mayo Hospital),2026-09-29T03:15:00Z,26.0,977.5,97.0,21.15,79.117,311.0,Central Plateau,central_plateau,Central Plateau,India Meteorological Department AWS Portal,2026-09-29T03:23:56Z
42867099999,Dr Baba Saheb Ambedkar Intl,2026-09-29T03:15:00Z,25.5,976.9,94.0,21.092,79.047,314.9,Central Plateau,central_plateau,Central Plateau,India Meteorological Department AWS Portal,2026-09-29T03:23:56Z
42871099999,Gondia Arpt/Birsi,2026-09-29T03:15:00Z,25.7,978.1,96.0,21.524,80.288,300.8,Central Plateau,central_plateau,Central Plateau,India Meteorological Department AWS Portal,2026-09-29T03:23:56Z
42872099999,Mana,2026-09-29T03:15:00Z,25.2,977.7,96.0,21.233,81.65,313.0,Central Plateau,central_plateau,Central Plateau,India Meteorological Department AWS Portal,2026-09-29T03:23:56Z
42874099999,Pbo Raipur,2026-09-29T03:15:00Z,25.2,977.7,96.0,21.233,81.65,298.0,Central Plateau,central_plateau,Central Plateau,India Meteorological Department AWS Portal,2026-09-29T03:23:56Z
42875099999,Swami Vivekananda,2026-09-29T03:15:00Z,24.7,977.7,97.0,21.183,81.733,317.6,Central Plateau,central_plateau,Central Plateau,India Meteorological Department AWS Portal,2026-09-29T03:23:56Z
42876099999,Durg,2026-09-29T03:15:00Z,25.5,979.7,96.0,21.183,81.283,293.0,Central Plateau,central_plateau,Central Plateau,India Meteorological Department AWS Portal,2026-09-29T03:23:56Z
42883099999,Sambalpur,2026-09-29T03:15:00Z,25.8,994.4,95.0,21.467,83.967,148.0,Central Plateau,central_plateau,Central Plateau,India Meteorological Department AWS Portal,2026-09-29T03:23:56Z
42884099999,Raigarh,2026-09-29T03:15:00Z,25.5,987.1,98.0,21.883,83.383,220.0,Central Plateau,central_plateau,Central Plateau,India Meteorological Department AWS Portal,2026-09-29T03:23:56Z
42886099999,Jharsuguda / Veer Surendra Sai,2026-09-29T03:15:00Z,26.0,986.4,95.0,21.914,84.05,228.9,Central Plateau,central_plateau,Central Plateau,India Meteorological Department AWS Portal,2026-09-29T03:23:56Z
42891099999,Keongjhargarh,2026-09-29T03:15:00Z,22.7,941.1,100.0,21.617,85.517,463.0,Central Plateau,central_plateau,Central Plateau,India Meteorological Department AWS Portal,2026-09-29T03:23:56Z
42894099999,Baripada,2026-09-29T03:15:00Z,26.2,1005.0,96.0,21.933,86.767,54.0,Central Plateau,central_plateau,Central Plateau,India Meteorological Department AWS Portal,2026-09-29T03:23:56Z
42895099999,Balasore,2026-09-29T03:15:00Z,26.8,1011.2,98.0,21.517,86.933,20.0,Central Plateau,central_plateau,Central Plateau,India Meteorological Department AWS Portal,2026-09-29T03:23:56Z
42900099999,Contai,2026-09-29T03:15:00Z,26.7,1011.2,92.0,21.783,87.75,11.0,Central Plateau,central_plateau,Central Plateau,India Meteorological Department AWS Portal,2026-09-29T03:23:56Z
42901099999,Digha,2026-09-29T03:15:00Z,26.6,1010.4,95.0,21.617,87.5,6.0,Central Plateau,central_plateau,Central Plateau,India Meteorological Department AWS Portal,2026-09-29T03:23:56Z
42903099999,Sagar Island,2026-09-29T03:15:00Z,28.0,1011.0,90.0,21.65,88.05,3.0,Northeast Hills,northeast_hills,Northeast Hills,India Meteorological Department AWS Portal,2026-09-29T03:23:56Z
42909099999,Veraval,2026-09-29T03:15:00Z,25.8,1011.8,91.0,20.9,70.367,8.0,Coastal Plains,coastal_plains,Coastal Plains,India Meteorological Department AWS Portal,2026-09-29T03:23:56Z
42914099999,Diu Aprt,2026-09-29T03:15:00Z,25.6,1010.6,90.0,20.715,70.922,9.1,Coastal Plains,coastal_plains,Coastal Plains,India Meteorological Department AWS Portal,2026-09-29T03:23:56Z
42915099999,Bulsar,2026-09-29T03:15:00Z,26.2,1011.1,90.0,20.617,72.933,15.0,Coastal Plains,coastal_plains,Coastal Plains,India Meteorological Department AWS Portal,2026-09-29T03:23:56Z
42916099999,Daman,2026-09-29T03:15:00Z,25.6,1011.9,94.0,20.417,72.85,12.0,Coastal Plains,coastal_plains,Coastal Plains,India Meteorological Department AWS Portal,2026-09-29T03:23:56Z
42920099999,Ozar Air Force Station /Nashik Arpt,2026-09-29T03:15:00Z,22.5,946.7,96.0,20.119,73.914,598.0,Central Plateau,central_plateau,Central Plateau,India Meteorological Department AWS Portal,2026-09-29T03:23:56Z
42921099999,Nasik City,2026-09-29T03:15:00Z,22.3,947.3,97.0,19.967,73.817,598.0,Central Plateau,central_plateau,Central Plateau,India Meteorological Department AWS Portal,2026-09-29T03:23:56Z
42925099999,Malegaon,2026-09-29T03:15:00Z,24.2,964.6,85.0,20.55,74.533,437.0,Central Plateau,central_plateau,Central Plateau,India Meteorological Department AWS Portal,2026-09-29T03:23:56Z
42931099999,Buldana,2026-09-29T03:15:00Z,23.9,945.5,82.0,20.533,76.233,650.0,Central Plateau,central_plateau,Central Plateau,India Meteorological Department AWS Portal,2026-09-29T03:23:56Z
42933099999,Akola,2026-09-29T03:15:00Z,25.5,979.4,83.0,20.7,77.033,282.0,Central Plateau,central_plateau,Central Plateau,India Meteorological Department AWS Portal,2026-09-29T03:23:56Z
42934099999,Akola,2026-09-29T03:15:00Z,25.8,977.1,80.0,20.699,77.059,304.5,Central Plateau,central_plateau,Central Plateau,India Meteorological Department AWS Portal,2026-09-29T03:23:56Z
42935099999,Washim,2026-09-29T03:15:00Z,24.3,951.6,86.0,20.117,77.117,565.0,Central Plateau,central_plateau,Central Plateau,India Meteorological Department AWS Portal,2026-09-29T03:23:56Z
42937099999,Amraoti,2026-09-29T03:15:00Z,26.0,970.3,86.0,20.933,77.783,370.0,Central Plateau,central_plateau,Central Plateau,India Meteorological Department AWS Portal,2026-09-29T03:23:56Z
42939099999,Wardha,2026-09-29T03:15:00Z,25.9,983.0,91.0,20.667,78.583,283.0,Central Plateau,central_plateau,Central Plateau,India Meteorological Department AWS Portal,2026-09-29T03:23:56Z
42943099999,Yeotmal,2026-09-29T03:15:00Z,25.0,963.0,93.0,20.4,78.15,451.0,Central Plateau,central_plateau,Central Plateau,India Meteorological Department AWS Portal,2026-09-29T03:23:56Z
42946099999,Bramhapuri,2026-09-29T03:15:00Z,26.1,986.7,99.0,20.6,79.85,229.0,Central Plateau,central_plateau,Central Plateau,India Meteorological Department AWS Portal,2026-09-29T03:23:56Z
42948099999,Rajnandgaon,2026-09-29T03:15:00Z,25.2,977.3,97.0,21.1,81.033,329.0,Central Plateau,central_plateau,Central Plateau,India Meteorological Department AWS Portal,2026-09-29T03:23:56Z
42953099999,Kanker,2026-09-29T03:15:00Z,23.9,967.8,98.0,20.267,81.483,402.0,Central Plateau,central_plateau,Central Plateau,India Meteorological Department AWS Portal,2026-09-29T03:23:56Z
42961099999,Titlagarh,2026-09-29T03:15:00Z,24.6,992.1,99.0,20.3,83.3,211.0,Coastal Plains,coastal_plains,Coastal Plains,India Meteorological Department AWS Portal,2026-09-29T03:23:56Z
42963099999,Bolangir,2026-09-29T03:15:00Z,25.3,991.3,99.0,20.7,83.5,190.0,Coastal Plains,coastal_plains,Coastal Plains,India Meteorological Department AWS Portal,2026-09-29T03:23:56Z
42966099999,Phulbani,2026-09-29T03:15:00Z,23.1,953.1,99.0,20.483,84.267,489.0,Coastal Plains,coastal_plains,Coastal Plains,India Meteorological Department AWS Portal,2026-09-29T03:23:56Z
42969099999,Angul,2026-09-29T03:15:00Z,25.5,996.7,98.0,20.833,85.1,139.0,Coastal Plains,coastal_plains,Coastal Plains,India Meteorological Department AWS Portal,2026-09-29T03:23:56Z
42970099999,Cuttack,2026-09-29T03:15:00Z,26.2,1009.2,97.0,20.467,85.933,27.0,Coastal Plains,coastal_plains,Coastal Plains,India Meteorological Department AWS Portal,2026-09-29T03:23:56Z
42971099999,Bhubaneshwar / Biju Patnaik Intl,2026-09-29T03:15:00Z,26.1,1006.7,99.0,20.244,85.818,42.1,Coastal Plains,coastal_plains,Coastal Plains,India Meteorological Department AWS Portal,2026-09-29T03:23:56Z
42973099999,Chandbali,2026-09-29T03:15:00Z,27.5,1011.3,91.0,20.783,86.733,6.0,Coastal Plains,coastal_plains,Coastal Plains,India Meteorological Department AWS Portal,2026-09-29T03:23:56Z
42976099999,Paradip (C.W.R.),2026-09-29T03:15:00Z,28.3,1011.0,83.0,20.3,86.683,8.0,Coastal Plains,coastal_plains,Coastal Plains,India Meteorological Department AWS Portal,2026-09-29T03:23:56Z
42977099999,Sandheads,2026-09-29T03:15:00Z,29.9,1011.2,76.0,20.85,88.25,10.0,Coastal Plains,coastal_plains,Coastal Plains,India Meteorological Department AWS Portal,2026-09-29T03:23:56Z
43001099999,Dahanu,2026-09-29T03:15:00Z,26.2,1011.7,89.0,19.967,72.717,5.0,Coastal Plains,coastal_plains,Coastal Plains,India Meteorological Department AWS Portal,2026-09-29T03:23:56Z
43002099999,Bombay / Juhu,2026-09-29T03:15:00Z,26.3,1012.3,92.0,19.117,72.833,3.0,Coastal Plains,coastal_plains,Coastal Plains,India Meteorological Department AWS Portal,2026-09-29T03:23:56Z
43003099999,Chhatrapati Shivaji Maharaj Intl,2026-09-29T03:15:00Z,26.3,1011.9,92.0,19.089,72.868,11.3,Coastal Plains,coastal_plains,Coastal Plains,India Meteorological Department AWS Portal,2026-09-29T03:23:56Z
43005099999,T B I A,2026-09-29T03:15:00Z,28.3,1012.4,81.0,19.15,72.0,12.0,Coastal Plains,coastal_plains,Coastal Plains,India Meteorological Department AWS Portal,2026-09-29T03:23:56Z
43009099999,Ahmadnagar,2026-09-29T03:15:00Z,24.2,937.7,74.0,19.083,74.8,657.0,Deccan Plateau,deccan_plateau,Deccan Plateau,India Meteorological Department AWS Portal,2026-09-29T03:23:56Z
43011099999,Bir,2026-09-29T03:15:00Z,27.0,955.8,64.0,19.0,75.717,519.0,Deccan Plateau,deccan_plateau,Deccan Plateau,India Meteorological Department AWS Portal,2026-09-29T03:23:56Z
43012099999,Jalna,2026-09-29T03:15:00Z,24.2,952.2,79.0,19.833,75.8,538.0,Deccan Plateau,deccan_plateau,Deccan Plateau,India Meteorological Department AWS Portal,2026-09-29T03:23:56Z
43013099999,Aurangabad,2026-09-29T03:15:00Z,24.7,949.5,71.0,19.883,75.333,579.0,Deccan Plateau,deccan_plateau,Deccan Plateau,India Meteorological Department AWS Portal,2026-09-29T03:23:56Z
43014099999,Aurangabad,2026-09-29T03:15:00Z,24.7,948.3,71.0,19.863,75.398,582.5,Deccan Plateau,deccan_plateau,Deccan Plateau,India Meteorological Department AWS Portal,2026-09-29T03:23:56Z
43017099999,Parbhani,2026-09-29T03:15:00Z,24.0,967.1,94.0,19.133,76.833,422.0,Deccan Plateau,deccan_plateau,Deccan Plateau,India Meteorological Department AWS Portal,2026-09-29T03:23:56Z
43019099999,Pusad,2026-09-29T03:15:00Z,25.5,975.6,91.0,19.917,77.583,332.0,Deccan Plateau,deccan_plateau,Deccan Plateau,India Meteorological Department AWS Portal,2026-09-29T03:23:56Z
43021099999,Nanded,2026-09-29T03:15:00Z,24.8,969.2,93.0,19.083,77.333,358.0,Deccan Plateau,hyderabad,Deccan Plateau,India Meteorological Department AWS Portal,2026-09-29T03:23:56Z
43022099999,Priyadarshini,2026-09-29T03:15:00Z,24.3,966.1,96.0,19.75,78.033,457.0,Deccan Plateau,deccan_plateau,Deccan Plateau,India Meteorological Department AWS Portal,2026-09-29T03:23:56Z
43025099999,Adilabad,2026-09-29T03:15:00Z,26.4,981.0,97.0,19.65,78.533,269.0,Deccan Plateau,deccan_plateau,Deccan Plateau,India Meteorological Department AWS Portal,2026-09-29T03:23:56Z
43029099999,Chandrapur,2026-09-29T03:15:00Z,26.4,989.4,98.0,19.967,79.3,193.0,Deccan Plateau,deccan_plateau,Deccan Plateau,India Meteorological Department AWS Portal,2026-09-29T03:23:56Z
43041099999,Jagdalpur,2026-09-29T03:15:00Z,23.4,951.3,98.0,19.083,82.033,553.0,Coastal Plains,coastal_plains,Coastal Plains,India Meteorological Department AWS Portal,2026-09-29T03:23:56Z
43042099999,Bhawanipatna,2026-09-29T03:15:00Z,24.8,982.1,99.0,19.917,83.183,261.0,Coastal Plains,coastal_plains,Coastal Plains,India Meteorological Department AWS Portal,2026-09-29T03:23:56Z
43049099999,Gopalpur,2026-09-29T03:15:00Z,25.3,1008.5,97.0,19.267,84.883,17.0,Coastal Plains,coastal_plains,Coastal Plains,India Meteorological Department AWS Portal,2026-09-29T03:23:56Z
43053099999,Puri,2026-09-29T03:15:00Z,25.9,1009.0,98.0,19.8,85.817,6.0,Coastal Plains,coastal_plains,Coastal Plains,India Meteorological Department AWS Portal,2026-09-29T03:23:56Z
43057099999,Bombay / Colaba,2026-09-29T03:15:00Z,26.6,1010.7,95.0,18.9,72.817,11.0,Coastal Plains,coastal_plains,Coastal Plains,India Meteorological Department AWS Portal,2026-09-29T03:23:56Z
43058099999,Alibag,2026-09-29T03:15:00Z,25.8,1012.5,96.0,18.633,72.867,7.0,Coastal Plains,coastal_plains,Coastal Plains,India Meteorological Department AWS Portal,2026-09-29T03:23:56Z
43060099999,Matheran,2026-09-29T03:15:00Z,22.8,967.4,98.0,18.983,73.283,695.0,Coastal Plains,coastal_plains,Coastal Plains,India Meteorological Department AWS Portal,2026-09-29T03:23:56Z
43061099999,Khandala,2026-09-29T03:15:00Z,22.4,950.4,97.0,18.767,73.367,539.0,Coastal Plains,coastal_plains,Coastal Plains,India Meteorological Department AWS Portal,2026-09-29T03:23:56Z
43062099999,Bhira,2026-09-29T03:15:00Z,22.9,967.8,96.0,18.45,73.4,96.0,Coastal Plains,coastal_plains,Coastal Plains,India Meteorological Department AWS Portal,2026-09-29T03:23:56Z
43063099999,Pune,2026-09-29T03:15:00Z,23.1,951.0,92.0,18.533,73.85,558.0,Central Plateau,central_plateau,Central Plateau,India Meteorological Department AWS Portal,2026-09-29T03:23:56Z
43064099999,Pune / Lohogaon Aerodrome,2026-09-29T03:15:00Z,23.6,947.4,91.0,18.583,73.917,589.0,Central Plateau,central_plateau,Central Plateau,India Meteorological Department AWS Portal,2026-09-29T03:23:56Z
43067099999,Pashan Cti,2026-09-29T03:15:00Z,23.1,951.0,92.0,18.533,73.85,560.0,Central Plateau,central_plateau,Central Plateau,India Meteorological Department AWS Portal,2026-09-29T03:23:56Z
43069099999,Baramati,2026-09-29T03:15:00Z,24.2,951.5,88.0,18.15,74.583,551.0,Deccan Plateau,deccan_plateau,Deccan Plateau,India Meteorological Department AWS Portal,2026-09-29T03:23:56Z
43071099999,Jeur,2026-09-29T03:15:00Z,26.3,956.0,81.0,18.2,75.2,521.0,Deccan Plateau,deccan_plateau,Deccan Plateau,India Meteorological Department AWS Portal,2026-09-29T03:23:56Z
43076099999,Udgir,2026-09-29T03:15:00Z,24.8,950.6,84.0,18.067,77.117,639.0,Deccan Plateau,deccan_plateau,Deccan Plateau,India Meteorological Department AWS Portal,2026-09-29T03:23:56Z
43081099999,Nizamabad,2026-09-29T03:15:00Z,25.6,968.7,95.0,18.667,78.1,381.0,Deccan Plateau,deccan_plateau,Deccan Plateau,India Meteorological Department AWS Portal,2026-09-29T03:23:56Z
43083099999,Medak,2026-09-29T03:15:00Z,25.3,959.6,88.0,18.05,78.267,472.0,Deccan Plateau,deccan_plateau,Deccan Plateau,India Meteorological Department AWS Portal,2026-09-29T03:23:56Z
43086099999,Ramgundam,2026-09-29T03:15:00Z,26.7,991.3,95.0,18.767,79.433,156.0,Deccan Plateau,hyderabad,Deccan Plateau,India Meteorological Department AWS Portal,2026-09-29T03:23:56Z
43087099999,Hanamkonda,2026-09-29T03:15:00Z,26.7,982.0,85.0,18.017,79.567,269.0,Deccan Plateau,deccan_plateau,Deccan Plateau,India Meteorological Department AWS Portal,2026-09-29T03:23:56Z
43089099999,Sironcha,2026-09-29T03:15:00Z,25.8,998.5,98.0,18.85,79.967,123.0,Deccan Plateau,deccan_plateau,Deccan Plateau,India Meteorological Department AWS Portal,2026-09-29T03:23:56Z
43093099999,Bailadila,2026-09-29T03:15:00Z,22.4,927.0,96.0,18.583,81.233,1144.0,Central Plateau,central_plateau,Central Plateau,India Meteorological Department AWS Portal,2026-09-29T03:23:56Z
43097099999,Koraput,2026-09-29T03:15:00Z,21.9,915.0,95.0,18.817,82.717,913.0,Coastal Plains,coastal_plains,Coastal Plains,India Meteorological Department AWS Portal,2026-09-29T03:23:56Z
43105099999,Kalingapatam,2026-09-29T03:15:00Z,26.5,1011.1,95.0,18.333,84.133,6.0,Coastal Plains,coastal_plains,Coastal Plains,India Meteorological Department AWS Portal,2026-09-29T03:23:56Z
43109099999,Harnai,2026-09-29T03:15:00Z,25.4,1009.0,94.0,17.817,73.1,20.0,Coastal Plains,coastal_plains,Coastal Plains,India Meteorological Department AWS Portal,2026-09-29T03:23:56Z
43110099999,Ratnagiri,2026-09-29T03:15:00Z,25.7,1003.4,91.0,16.983,73.333,67.0,Coastal Plains,coastal_plains,Coastal Plains,India Meteorological Department AWS Portal,2026-09-29T03:23:56Z
43111099999,Mahabaleshwar,2026-09-29T03:15:00Z,18.2,874.1,100.0,17.933,73.667,1382.0,Central Plateau,central_plateau,Central Plateau,India Meteorological Department AWS Portal,2026-09-29T03:23:56Z
43113099999,Satara,2026-09-29T03:15:00Z,23.0,941.9,93.0,17.517,74.05,612.0,Deccan Plateau,deccan_plateau,Deccan Plateau,India Meteorological Department AWS Portal,2026-09-29T03:23:56Z
43117099999,Solapur,2026-09-29T03:15:00Z,25.7,958.4,81.0,17.628,75.935,482.8,Deccan Plateau,deccan_plateau,Deccan Plateau,India Meteorological Department AWS Portal,2026-09-29T03:23:56Z
43121099999,Gulbarga,2026-09-29T03:15:00Z,27.6,959.5,65.0,17.35,76.85,458.0,Deccan Plateau,deccan_plateau,Deccan Plateau,India Meteorological Department AWS Portal,2026-09-29T03:23:56Z
43125099999,Bidar,2026-09-29T03:15:00Z,25.3,937.4,88.0,17.917,77.533,663.0,Deccan Plateau,deccan_plateau,Deccan Plateau,India Meteorological Department AWS Portal,2026-09-29T03:23:56Z
43128099999,Begumpet Airport / Hyderabad Intl,2026-09-29T03:15:00Z,26.9,953.2,80.0,17.452,78.461,531.0,Deccan Plateau,hyderabad,Deccan Plateau,India Meteorological Department AWS Portal,2026-09-29T03:23:56Z
43128599999,Hyderabad Intl Airport / Rajiv Gandhi Intl,2026-09-29T03:15:00Z,25.3,945.6,83.0,17.233,78.417,617.0,Deccan Plateau,hyderabad,Deccan Plateau,India Meteorological Department AWS Portal,2026-09-29T03:23:56Z
43130099999,Hakimpet,2026-09-29T03:15:00Z,25.5,944.7,88.0,17.55,78.517,613.0,Deccan Plateau,deccan_plateau,Deccan Plateau,India Meteorological Department AWS Portal,2026-09-29T03:23:56Z
43133099999,Nalgonda,2026-09-29T03:15:00Z,28.5,986.3,78.0,17.0,79.25,227.0,Deccan Plateau,deccan_plateau,Deccan Plateau,India Meteorological Department AWS Portal,2026-09-29T03:23:56Z
43136099999,Bhadrachalam,2026-09-29T03:15:00Z,28.1,1004.8,87.0,17.667,80.883,54.0,Central Plateau,central_plateau,Central Plateau,India Meteorological Department AWS Portal,2026-09-29T03:23:56Z
43137099999,Khammam,2026-09-29T03:15:00Z,28.0,996.2,83.0,17.25,80.15,112.0,Central Plateau,central_plateau,Central Plateau,India Meteorological Department AWS Portal,2026-09-29T03:23:56Z
43147099999,Tuni,2026-09-29T03:15:00Z,26.6,1008.1,95.0,17.35,82.55,35.0,Coastal Plains,coastal_plains,Coastal Plains,India Meteorological Department AWS Portal,2026-09-29T03:23:56Z
43149099999,Vishakhapatnam Ctlz,2026-09-29T03:15:00Z,25.5,1010.2,95.0,17.717,83.217,4.6,Coastal Plains,coastal_plains,Coastal Plains,India Meteorological Department AWS Portal,2026-09-29T03:23:56Z
43150099999,Cwc Vishakhapatnam/Waltair,2026-09-29T03:15:00Z,26.2,1009.2,94.0,17.7,83.3,66.0,Coastal Plains,coastal_plains,Coastal Plains,India Meteorological Department AWS Portal,2026-09-29T03:23:56Z
43153099999,Devgarh,2026-09-29T03:15:00Z,26.6,1012.4,88.0,16.383,73.35,36.0,Coastal Plains,coastal_plains,Coastal Plains,India Meteorological Department AWS Portal,2026-09-29T03:23:56Z
43157099999,Kolhapur,2026-09-29T03:15:00Z,22.9,945.7,93.0,16.665,74.289,608.4,Deccan Plateau,deccan_plateau,Deccan Plateau,India Meteorological Department AWS Portal,2026-09-29T03:23:56Z
43158099999,Sangli,2026-09-29T03:15:00Z,24.1,950.0,86.0,16.85,74.6,549.0,Deccan Plateau,deccan_plateau,Deccan Plateau,India Meteorological Department AWS Portal,2026-09-29T03:23:56Z
43160099999,Bagalkote,2026-09-29T03:15:00Z,26.4,947.4,71.0,16.7,75.75,524.0,Deccan Plateau,deccan_plateau,Deccan Plateau,India Meteorological Department AWS Portal,2026-09-29T03:23:56Z
43161099999,Bijapur,2026-09-29T03:15:00Z,25.6,945.6,79.0,16.817,75.717,594.0,Deccan Plateau,deccan_plateau,Deccan Plateau,India Meteorological Department AWS Portal,2026-09-29T03:23:56Z
43168099999,Mahabubnagar,2026-09-29T03:15:00Z,26.3,955.3,80.0,16.75,78.0,505.0,Deccan Plateau,deccan_plateau,Deccan Plateau,India Meteorological Department AWS Portal,2026-09-29T03:23:56Z
43169099999,Raichur,2026-09-29T03:15:00Z,23.8,965.5,94.0,16.2,77.35,400.0,Deccan Plateau,deccan_plateau,Deccan Plateau,India Meteorological Department AWS Portal,2026-09-29T03:23:56Z
43177099999,Rentachintala,2026-09-29T03:15:00Z,28.9,998.9,78.0,16.55,79.55,106.0,Deccan Plateau,deccan_plateau,Deccan Plateau,India Meteorological Department AWS Portal,2026-09-29T03:23:56Z
43180099999,Vijayawada,2026-09-29T03:15:00Z,28.9,1006.8,80.0,16.517,80.617,20.0,Central Plateau,central_plateau,Central Plateau,India Meteorological Department AWS Portal,2026-09-29T03:23:56Z
43181099999,Vijayawada,2026-09-29T03:15:00Z,28.2,1007.5,89.0,16.53,80.797,25.0,Central Plateau,hyderabad,Central Plateau,India Meteorological Department AWS Portal,2026-09-29T03:23:56Z
43182099999,Nandigama,2026-09-29T03:15:00Z,28.7,1005.3,81.0,16.783,80.283,51.0,Central Plateau,central_plateau,Central Plateau,India Meteorological Department AWS Portal,2026-09-29T03:23:56Z
43184099999,Nidadavole,2026-09-29T03:15:00Z,27.2,1008.3,96.0,16.833,81.583,13.0,Central Plateau,central_plateau,Central Plateau,India Meteorological Department AWS Portal,2026-09-29T03:23:56Z
43185099999,Machilipatnam/Franchpet,2026-09-29T03:15:00Z,28.5,1009.5,91.0,16.2,81.15,3.0,Central Plateau,central_plateau,Central Plateau,India Meteorological Department AWS Portal,2026-09-29T03:23:56Z
43187099999,Narsapur,2026-09-29T03:15:00Z,27.4,1009.2,92.0,16.433,81.7,4.0,Central Plateau,central_plateau,Central Plateau,India Meteorological Department AWS Portal,2026-09-29T03:23:56Z
43189099999,Kakinada,2026-09-29T03:15:00Z,28.5,1009.5,85.0,16.95,82.233,8.0,Coastal Plains,coastal_plains,Coastal Plains,India Meteorological Department AWS Portal,2026-09-29T03:23:56Z
43192099999,Goa/Panjim,2026-09-29T03:15:00Z,27.0,1011.7,87.0,15.483,73.817,58.4,Central Plateau,central_plateau,Central Plateau,India Meteorological Department AWS Portal,2026-09-29T03:23:56Z
43193099999,Vengurla,2026-09-29T03:15:00Z,25.6,1003.8,91.0,15.867,73.633,16.0,Central Plateau,central_plateau,Central Plateau,India Meteorological Department AWS Portal,2026-09-29T03:23:56Z
43194099999,Goa Intl,2026-09-29T03:15:00Z,26.3,1007.5,91.0,15.381,73.831,56.1,Central Plateau,central_plateau,Central Plateau,India Meteorological Department AWS Portal,2026-09-29T03:23:56Z
43196099999,Mormugao,2026-09-29T03:15:00Z,27.1,1012.5,87.0,15.417,73.783,62.0,Central Plateau,central_plateau,Central Plateau,India Meteorological Department AWS Portal,2026-09-29T03:23:56Z
43197099999,Belgaum,2026-09-29T03:15:00Z,21.2,932.2,99.0,15.85,74.533,753.0,Deccan Plateau,deccan_plateau,Deccan Plateau,India Meteorological Department AWS Portal,2026-09-29T03:23:56Z
43197199999,Belgaum Airport / Belagavi,2026-09-29T03:15:00Z,21.5,928.6,98.0,15.85,74.617,747.0,Deccan Plateau,deccan_plateau,Deccan Plateau,India Meteorological Department AWS Portal,2026-09-29T03:23:56Z
43198099999,Belgaum,2026-09-29T03:15:00Z,21.5,929.9,98.0,15.859,74.618,758.0,Deccan Plateau,deccan_plateau,Deccan Plateau,India Meteorological Department AWS Portal,2026-09-29T03:23:56Z
43200099999,Dharwad,2026-09-29T03:15:00Z,22.3,936.5,95.0,15.483,74.983,678.0,Deccan Plateau,deccan_plateau,Deccan Plateau,India Meteorological Department AWS Portal,2026-09-29T03:23:56Z
43201099999,Gadag,2026-09-29T03:15:00Z,24.2,940.6,84.0,15.417,75.633,650.0,Deccan Plateau,deccan_plateau,Deccan Plateau,India Meteorological Department AWS Portal,2026-09-29T03:23:56Z
43201199999,Hubli / Hubballi,2026-09-29T03:15:00Z,22.7,939.4,93.0,15.35,75.083,661.3,Deccan Plateau,deccan_plateau,Deccan Plateau,India Meteorological Department AWS Portal,2026-09-29T03:23:56Z
43205099999,Bellary,2026-09-29T03:15:00Z,25.6,959.3,83.0,15.15,76.85,449.0,Deccan Plateau,deccan_plateau,Deccan Plateau,India Meteorological Department AWS Portal,2026-09-29T03:23:56Z
43207099999,Parangipettai,2026-09-29T03:15:00Z,27.3,1010.9,92.0,11.5,79.767,3.0,Coastal Plains,coastal_plains,Coastal Plains,India Meteorological Department AWS Portal,2026-09-29T03:23:56Z
43212099999,Nandyal,2026-09-29T03:15:00Z,27.8,986.0,88.0,15.467,78.483,212.0,Deccan Plateau,deccan_plateau,Deccan Plateau,India Meteorological Department AWS Portal,2026-09-29T03:23:56Z
43213099999,Kurnool,2026-09-29T03:15:00Z,28.0,979.8,70.0,15.8,78.067,281.0,Deccan Plateau,hyderabad,Deccan Plateau,India Meteorological Department AWS Portal,2026-09-29T03:23:56Z
43220099999,Bapatla,2026-09-29T03:15:00Z,29.3,1008.8,79.0,15.9,80.467,6.0,Central Plateau,central_plateau,Central Plateau,India Meteorological Department AWS Portal,2026-09-29T03:23:56Z
43221099999,Ongole,2026-09-29T03:15:00Z,29.2,1009.1,80.0,15.5,80.083,12.0,Central Plateau,central_plateau,Central Plateau,India Meteorological Department AWS Portal,2026-09-29T03:23:56Z
43225099999,Karwar,2026-09-29T03:15:00Z,26.9,1007.9,89.0,14.783,74.133,4.0,Deccan Plateau,deccan_plateau,Deccan Plateau,India Meteorological Department AWS Portal,2026-09-29T03:23:56Z
43226099999,Honavar,2026-09-29T03:15:00Z,25.5,1010.8,99.0,14.283,74.45,9.0,Deccan Plateau,deccan_plateau,Deccan Plateau,India Meteorological Department AWS Portal,2026-09-29T03:23:56Z
43227099999,Haveri,2026-09-29T03:15:00Z,23.6,951.7,92.0,14.783,75.4,573.0,Deccan Plateau,deccan_plateau,Deccan Plateau,India Meteorological Department AWS Portal,2026-09-29T03:23:56Z
43228099999,Koppal,2026-09-29T03:15:00Z,24.0,954.5,90.0,15.35,76.15,532.0,Deccan Plateau,deccan_plateau,Deccan Plateau,India Meteorological Department AWS Portal,2026-09-29T03:23:56Z
43229099999,Shirali,2026-09-29T03:15:00Z,25.6,1002.2,97.0,14.067,74.533,45.0,Deccan Plateau,deccan_plateau,Deccan Plateau,India Meteorological Department AWS Portal,2026-09-29T03:23:56Z
43230099999,Davangere,2026-09-29T03:15:00Z,24.4,950.9,85.0,14.5,75.917,620.0,Deccan Plateau,deccan_plateau,Deccan Plateau,India Meteorological Department AWS Portal,2026-09-29T03:23:56Z
43233099999,Chitradurga,2026-09-29T03:15:00Z,23.7,935.8,86.0,14.233,76.433,733.0,Deccan Plateau,bengaluru,Deccan Plateau,India Meteorological Department AWS Portal,2026-09-29T03:23:56Z
43237099999,Pbo Anantapur,2026-09-29T03:15:00Z,24.6,971.3,91.0,14.583,77.633,364.0,Deccan Plateau,deccan_plateau,Deccan Plateau,India Meteorological Department AWS Portal,2026-09-29T03:23:56Z
43241099999,Cuddapah,2026-09-29T03:15:00Z,25.7,996.6,96.0,14.483,78.833,130.0,Deccan Plateau,deccan_plateau,Deccan Plateau,India Meteorological Department AWS Portal,2026-09-29T03:23:56Z
43243099999,Kavali,2026-09-29T03:15:00Z,27.8,1008.0,90.0,14.9,79.983,17.0,Deccan Plateau,deccan_plateau,Deccan Plateau,India Meteorological Department AWS Portal,2026-09-29T03:23:56Z
43245099999,Nellore,2026-09-29T03:15:00Z,27.4,1007.7,97.0,14.45,79.983,20.0,Deccan Plateau,chennai,Deccan Plateau,India Meteorological Department AWS Portal,2026-09-29T03:23:56Z
43257099999,Agumbe Emo,2026-09-29T03:15:00Z,21.8,940.3,99.0,13.5,75.083,659.0,Deccan Plateau,deccan_plateau,Deccan Plateau,India Meteorological Department AWS Portal,2026-09-29T03:23:56Z
43258099999,Shivamogga,2026-09-29T03:15:00Z,22.7,945.1,96.0,13.858,75.62,630.6,Deccan Plateau,deccan_plateau,Deccan Plateau,India Meteorological Department AWS Portal,2026-09-29T03:23:56Z
43259099999,Balehonur,2026-09-29T03:15:00Z,21.4,932.4,98.0,13.367,75.45,907.0,Deccan Plateau,deccan_plateau,Deccan Plateau,India Meteorological Department AWS Portal,2026-09-29T03:23:56Z
43260099999,Chickmagalur,2026-09-29T03:15:00Z,19.8,900.5,99.0,13.25,75.75,1057.0,Deccan Plateau,deccan_plateau,Deccan Plateau,India Meteorological Department AWS Portal,2026-09-29T03:23:56Z
43263099999,Hassan,2026-09-29T03:15:00Z,21.5,917.2,93.0,12.967,76.333,955.0,Deccan Plateau,deccan_plateau,Deccan Plateau,India Meteorological Department AWS Portal,2026-09-29T03:23:56Z
43264099999,Chikkanahalli,2026-09-29T03:15:00Z,22.3,917.3,93.0,13.667,77.917,672.0,Deccan Plateau,deccan_plateau,Deccan Plateau,India Meteorological Department AWS Portal,2026-09-29T03:23:56Z
43266099999,M.O. Agathi Airport,2026-09-29T03:15:00Z,28.4,1013.6,79.0,10.85,72.467,3.0,Island Territories,island_territories,Island Territories,India Meteorological Department AWS Portal,2026-09-29T03:23:56Z
43271099999,Arogyavaram,2026-09-29T03:15:00Z,22.3,935.7,93.0,13.533,78.5,701.0,Deccan Plateau,deccan_plateau,Deccan Plateau,India Meteorological Department AWS Portal,2026-09-29T03:23:56Z
43272099999,Chintamani,2026-09-29T03:15:00Z,21.7,921.5,93.0,13.2,78.067,857.0,Deccan Plateau,deccan_plateau,Deccan Plateau,India Meteorological Department AWS Portal,2026-09-29T03:23:56Z
43275099999,Tirupathi,2026-09-29T03:15:00Z,26.2,1001.3,95.0,13.667,79.583,105.0,Deccan Plateau,chennai,Deccan Plateau,India Meteorological Department AWS Portal,2026-09-29T03:23:56Z
43277099999,Tiruttani,2026-09-29T03:15:00Z,24.9,1000.1,97.0,13.15,79.533,87.0,Deccan Plateau,deccan_plateau,Deccan Plateau,India Meteorological Department AWS Portal,2026-09-29T03:23:56Z
43278099999,Numgambakkam,2026-09-29T03:15:00Z,25.3,1010.9,98.0,13.067,80.2,7.0,Central Plateau,chennai,Central Plateau,India Meteorological Department AWS Portal,2026-09-29T03:23:56Z
43279099999,Chennai Intl,2026-09-29T03:15:00Z,25.4,1010.6,97.0,12.994,80.181,15.8,Central Plateau,chennai,Central Plateau,India Meteorological Department AWS Portal,2026-09-29T03:23:56Z
43283099999,Mangalore,2026-09-29T03:15:00Z,27.2,1009.3,84.0,12.867,74.85,22.0,Deccan Plateau,deccan_plateau,Deccan Plateau,India Meteorological Department AWS Portal,2026-09-29T03:23:56Z
43284099999,Mangalore,2026-09-29T03:15:00Z,26.8,1001.5,86.0,12.961,74.89,102.7,Deccan Plateau,bengaluru,Deccan Plateau,India Meteorological Department AWS Portal,2026-09-29T03:23:56Z
43285099999,Mangalore/Panambur,2026-09-29T03:15:00Z,26.8,1012.5,86.0,12.95,74.833,31.0,Deccan Plateau,deccan_plateau,Deccan Plateau,India Meteorological Department AWS Portal,2026-09-29T03:23:56Z
43287099999,Madikeri,2026-09-29T03:15:00Z,19.2,888.5,99.0,12.417,75.733,1153.0,Deccan Plateau,deccan_plateau,Deccan Plateau,India Meteorological Department AWS Portal,2026-09-29T03:23:56Z
43289099999,Mandya,2026-09-29T03:15:00Z,22.5,935.9,99.0,12.5,76.833,695.0,Deccan Plateau,deccan_plateau,Deccan Plateau,India Meteorological Department AWS Portal,2026-09-29T03:23:56Z
43291099999,Mysore,2026-09-29T03:15:00Z,23.2,929.0,89.0,12.3,76.7,767.0,Deccan Plateau,deccan_plateau,Deccan Plateau,India Meteorological Department AWS Portal,2026-09-29T03:23:56Z
43295099999,Bangalore,2026-09-29T03:15:00Z,21.0,914.1,97.0,12.967,77.583,921.0,Deccan Plateau,bengaluru,Deccan Plateau,India Meteorological Department AWS Portal,2026-09-29T03:23:56Z
43296099999,Bangalore/Hindustan Airport,2026-09-29T03:15:00Z,21.4,916.1,94.0,12.95,77.633,888.0,Deccan Plateau,deccan_plateau,Deccan Plateau,India Meteorological Department AWS Portal,2026-09-29T03:23:56Z
43299099999,Kolar Gold Fields,2026-09-29T03:15:00Z,21.3,923.2,94.0,12.95,78.3,882.0,Deccan Plateau,deccan_plateau,Deccan Plateau,India Meteorological Department AWS Portal,2026-09-29T03:23:56Z
43301099999,Dharmapuri,2026-09-29T03:15:00Z,24.9,959.0,92.0,12.133,78.033,396.0,Deccan Plateau,deccan_plateau,Deccan Plateau,India Meteorological Department AWS Portal,2026-09-29T03:23:56Z
43302099999,Tiruppattur,2026-09-29T03:15:00Z,24.9,970.3,92.0,12.483,78.567,385.0,Deccan Plateau,deccan_plateau,Deccan Plateau,India Meteorological Department AWS Portal,2026-09-29T03:23:56Z
43302599999,Bangalore / Hal Airport Bengaluru,2026-09-29T03:15:00Z,21.4,916.7,94.0,12.95,77.668,887.6,Deccan Plateau,bengaluru,Deccan Plateau,India Meteorological Department AWS Portal,2026-09-29T03:23:56Z
43303099999,Vellore,2026-09-29T03:15:00Z,23.2,966.2,100.0,12.917,79.15,214.0,Deccan Plateau,deccan_plateau,Deccan Plateau,India Meteorological Department AWS Portal,2026-09-29T03:23:56Z
43308099999,Mahabalipuram,2026-09-29T03:15:00Z,24.9,1011.9,96.0,12.617,80.2,9.0,Central Plateau,central_plateau,Central Plateau,India Meteorological Department AWS Portal,2026-09-29T03:23:56Z
43309099999,Maya Bandar,2026-09-29T03:15:00Z,25.4,1009.0,99.0,12.917,92.917,28.0,Island Territories,island_territories,Island Territories,India Meteorological Department AWS Portal,2026-09-29T03:23:56Z
43310099999,Long Island,2026-09-29T03:15:00Z,25.2,1008.4,99.0,12.417,92.933,25.0,Island Territories,island_territories,Island Territories,India Meteorological Department AWS Portal,2026-09-29T03:23:56Z
43311099999,M.O. Amini,2026-09-29T03:15:00Z,28.7,1013.5,77.0,11.117,72.733,3.0,Island Territories,island_territories,Island Territories,India Meteorological Department AWS Portal,2026-09-29T03:23:56Z
43312099999,Agatti,2026-09-29T03:15:00Z,28.4,1013.6,79.0,10.85,72.467,4.0,Island Territories,island_territories,Island Territories,India Meteorological Department AWS Portal,2026-09-29T03:23:56Z
43314099999,Kozhikode,2026-09-29T03:15:00Z,24.9,1011.9,98.0,11.25,75.783,5.0,Coastal Plains,coastal_plains,Coastal Plains,India Meteorological Department AWS Portal,2026-09-29T03:23:56Z
43315099999,Cannur,2026-09-29T03:15:00Z,25.9,1013.3,94.0,11.833,75.333,18.0,Coastal Plains,coastal_plains,Coastal Plains,India Meteorological Department AWS Portal,2026-09-29T03:23:56Z
43316099999,Nilambur,2026-09-29T03:15:00Z,25.8,1010.4,97.0,11.283,76.233,31.0,Coastal Plains,coastal_plains,Coastal Plains,India Meteorological Department AWS Portal,2026-09-29T03:23:56Z
43317099999,Udhagamandalam,2026-09-29T03:15:00Z,12.1,763.4,98.0,11.4,76.733,2249.0,Coastal Plains,coastal_plains,Coastal Plains,India Meteorological Department AWS Portal,2026-09-29T03:23:56Z
43318099999,Coonoor,2026-09-29T03:15:00Z,15.3,821.6,94.0,11.35,76.8,1747.0,Coastal Plains,coastal_plains,Coastal Plains,India Meteorological Department AWS Portal,2026-09-29T03:23:56Z
43319099999,Coimbatore,2026-09-29T03:15:00Z,23.4,966.2,97.0,11.0,76.967,409.0,Coastal Plains,coastal_plains,Coastal Plains,India Meteorological Department AWS Portal,2026-09-29T03:23:56Z
43320099999,M.O. Karipur Airport,2026-09-29T03:15:00Z,24.1,1004.0,99.0,11.133,75.95,100.0,Coastal Plains,coastal_plains,Coastal Plains,India Meteorological Department AWS Portal,2026-09-29T03:23:56Z
43321099999,Coimbatore,2026-09-29T03:15:00Z,23.3,968.6,96.0,11.031,77.044,403.6,Coastal Plains,bengaluru,Coastal Plains,India Meteorological Department AWS Portal,2026-09-29T03:23:56Z
43322099999,Chamarajnagar,2026-09-29T03:15:00Z,23.5,935.1,85.0,11.933,76.933,760.0,Coastal Plains,coastal_plains,Coastal Plains,India Meteorological Department AWS Portal,2026-09-29T03:23:56Z
43324099999,Ariyalur,2026-09-29T03:15:00Z,28.5,1001.3,71.0,11.167,79.0,747.0,Coastal Plains,coastal_plains,Coastal Plains,India Meteorological Department AWS Portal,2026-09-29T03:23:56Z
43325099999,Salem,2026-09-29T03:15:00Z,25.9,980.6,90.0,11.65,78.167,278.0,Coastal Plains,coastal_plains,Coastal Plains,India Meteorological Department AWS Portal,2026-09-29T03:23:56Z
43326099999,Kallakkurichchi,2026-09-29T03:15:00Z,27.1,998.0,89.0,11.733,78.967,127.0,Coastal Plains,coastal_plains,Coastal Plains,India Meteorological Department AWS Portal,2026-09-29T03:23:56Z
43327099999,Karaikudi,2026-09-29T03:15:00Z,27.6,1002.3,78.0,10.067,78.8,92.0,Coastal Plains,coastal_plains,Coastal Plains,India Meteorological Department AWS Portal,2026-09-29T03:23:56Z
43328099999,Pondicherry,2026-09-29T03:15:00Z,25.7,1011.7,94.0,11.917,79.833,6.0,Coastal Plains,coastal_plains,Coastal Plains,India Meteorological Department AWS Portal,2026-09-29T03:23:56Z
43329099999,Cuddalore,2026-09-29T03:15:00Z,26.0,1010.6,94.0,11.767,79.767,12.0,Coastal Plains,chennai,Coastal Plains,India Meteorological Department AWS Portal,2026-09-29T03:23:56Z
43330099999,Thanjavur,2026-09-29T03:15:00Z,27.9,1004.4,78.0,10.783,79.133,68.0,Coastal Plains,coastal_plains,Coastal Plains,India Meteorological Department AWS Portal,2026-09-29T03:23:56Z
43331099999,M.O. Pondicherry,2026-09-29T03:15:00Z,25.5,1008.1,95.0,11.967,79.817,38.0,Coastal Plains,chennai,Coastal Plains,India Meteorological Department AWS Portal,2026-09-29T03:23:56Z
43333099999,Port Blair,2026-09-29T03:15:00Z,25.1,1008.8,97.0,11.667,92.717,79.0,Island Territories,island_territories,Island Territories,India Meteorological Department AWS Portal,2026-09-29T03:23:56Z
43334099999,Androth,2026-09-29T03:15:00Z,29.7,1013.0,72.0,10.8,73.983,5.0,Island Territories,island_territories,Island Territories,India Meteorological Department AWS Portal,2026-09-29T03:23:56Z
43335099999,Palakkad,2026-09-29T03:15:00Z,24.0,1002.8,99.0,10.767,76.65,97.0,Coastal Plains,coastal_plains,Coastal Plains,India Meteorological Department AWS Portal,2026-09-29T03:23:56Z
43336099999,Cochin Int. Airport Nedumbassery,2026-09-29T03:15:00Z,24.3,1012.9,98.0,10.15,76.4,7.7,Coastal Plains,coastal_plains,Coastal Plains,India Meteorological Department AWS Portal,2026-09-29T03:23:56Z
43337099999,Kavaratti Heliport,2026-09-29T03:15:00Z,28.2,1013.5,80.0,10.542,72.616,9.1,Island Territories,island_territories,Island Territories,India Meteorological Department AWS Portal,2026-09-29T03:23:56Z
43338099999,Erode,2026-09-29T03:15:00Z,26.9,983.3,81.0,11.483,77.767,172.0,Coastal Plains,coastal_plains,Coastal Plains,India Meteorological Department AWS Portal,2026-09-29T03:23:56Z
43339099999,Kodaikanal,2026-09-29T03:15:00Z,11.7,779.0,100.0,10.233,77.467,2343.0,Coastal Plains,coastal_plains,Coastal Plains,India Meteorological Department AWS Portal,2026-09-29T03:23:56Z
43340099999,Yercaud,2026-09-29T03:15:00Z,25.3,970.5,88.0,11.75,78.167,1463.0,Coastal Plains,coastal_plains,Coastal Plains,India Meteorological Department AWS Portal,2026-09-29T03:23:56Z
43341099999,Valparai,2026-09-29T03:15:00Z,20.7,902.8,97.0,10.283,77.0,1041.0,Coastal Plains,coastal_plains,Coastal Plains,India Meteorological Department AWS Portal,2026-09-29T03:23:56Z
43342099999,K. Paramathy,2026-09-29T03:15:00Z,27.6,998.4,73.0,10.95,78.083,181.0,Coastal Plains,coastal_plains,Coastal Plains,India Meteorological Department AWS Portal,2026-09-29T03:23:56Z
43343099999,Tiruchirapalli Town,2026-09-29T03:15:00Z,28.2,1001.8,72.0,10.767,78.717,88.0,Coastal Plains,coastal_plains,Coastal Plains,India Meteorological Department AWS Portal,2026-09-29T03:23:56Z
43344099999,Tiruchirappalli,2026-09-29T03:15:00Z,28.2,1001.5,72.0,10.765,78.71,87.8,Coastal Plains,coastal_plains,Coastal Plains,India Meteorological Department AWS Portal,2026-09-29T03:23:56Z
43345099999,Kudimiamalai,2026-09-29T03:15:00Z,27.2,998.8,81.0,10.4,78.667,123.0,Coastal Plains,coastal_plains,Coastal Plains,India Meteorological Department AWS Portal,2026-09-29T03:23:56Z
43346099999,Karaikal,2026-09-29T03:15:00Z,29.4,1010.1,76.0,10.917,79.833,7.0,Coastal Plains,coastal_plains,Coastal Plains,India Meteorological Department AWS Portal,2026-09-29T03:23:56Z
43347099999,Nagappattinam,2026-09-29T03:15:00Z,29.4,1010.4,77.0,10.767,79.85,9.0,Coastal Plains,coastal_plains,Coastal Plains,India Meteorological Department AWS Portal,2026-09-29T03:23:56Z
43348099999,Atiramapattinam,2026-09-29T03:15:00Z,28.8,1010.9,75.0,10.333,79.383,6.0,Coastal Plains,coastal_plains,Coastal Plains,India Meteorological Department AWS Portal,2026-09-29T03:23:56Z
43349099999,Vedaranniyam,2026-09-29T03:15:00Z,29.5,1010.1,77.0,10.367,79.85,4.0,Coastal Plains,coastal_plains,Coastal Plains,India Meteorological Department AWS Portal,2026-09-29T03:23:56Z
43351099999,Fort Cochin,2026-09-29T03:15:00Z,25.4,1013.7,94.0,9.967,76.233,3.0,Coastal Plains,coastal_plains,Coastal Plains,India Meteorological Department AWS Portal,2026-09-29T03:23:56Z
43352099999,Alapuzha,2026-09-29T03:15:00Z,24.8,1013.8,99.0,9.55,76.417,4.0,Coastal Plains,coastal_plains,Coastal Plains,India Meteorological Department AWS Portal,2026-09-29T03:23:56Z
43353099999,Cochin,2026-09-29T03:15:00Z,25.5,1013.5,94.0,9.946,76.272,2.4,Coastal Plains,coastal_plains,Coastal Plains,India Meteorological Department AWS Portal,2026-09-29T03:23:56Z
43354099999,Punalur,2026-09-29T03:15:00Z,24.3,994.2,97.0,9.0,76.917,34.0,Coastal Plains,coastal_plains,Coastal Plains,India Meteorological Department AWS Portal,2026-09-29T03:23:56Z
43355099999,Kottayam,2026-09-29T03:15:00Z,24.0,1011.8,99.0,9.533,76.6,78.0,Coastal Plains,coastal_plains,Coastal Plains,India Meteorological Department AWS Portal,2026-09-29T03:23:56Z
43356099999,Periakulam,2026-09-29T03:15:00Z,19.3,894.8,99.0,10.0,77.133,300.0,Coastal Plains,coastal_plains,Coastal Plains,India Meteorological Department AWS Portal,2026-09-29T03:23:56Z
43357099999,Thrissur,2026-09-29T03:15:00Z,25.2,1012.0,96.0,10.517,76.217,39.0,Coastal Plains,coastal_plains,Coastal Plains,India Meteorological Department AWS Portal,2026-09-29T03:23:56Z
43358099999,Kovilangulam,2026-09-29T03:15:00Z,27.2,1000.3,86.0,9.55,78.083,103.0,Coastal Plains,coastal_plains,Coastal Plains,India Meteorological Department AWS Portal,2026-09-29T03:23:56Z
43359099999,Madurai,2026-09-29T03:15:00Z,27.2,995.5,85.0,9.917,78.117,133.0,Coastal Plains,coastal_plains,Coastal Plains,India Meteorological Department AWS Portal,2026-09-29T03:23:56Z
43360099999,Madurai,2026-09-29T03:15:00Z,27.0,996.5,85.0,9.835,78.093,139.9,Coastal Plains,coastal_plains,Coastal Plains,India Meteorological Department AWS Portal,2026-09-29T03:23:56Z
43361099999,Tondi,2026-09-29T03:15:00Z,28.9,1011.1,73.0,9.733,79.033,5.0,Coastal Plains,coastal_plains,Coastal Plains,India Meteorological Department AWS Portal,2026-09-29T03:23:56Z
43363099999,Pamban,2026-09-29T03:15:00Z,29.7,1010.3,73.0,9.283,79.217,11.0,Coastal Plains,coastal_plains,Coastal Plains,India Meteorological Department AWS Portal,2026-09-29T03:23:56Z
43364099999,Hut Bay,2026-09-29T03:15:00Z,25.0,1007.6,96.0,10.583,92.55,5.0,Island Territories,island_territories,Island Territories,India Meteorological Department AWS Portal,2026-09-29T03:23:56Z
43367099999,Car Nicobar,2026-09-29T03:15:00Z,24.7,1011.5,96.0,9.167,92.833,10.0,Island Territories,island_territories,Island Territories,India Meteorological Department AWS Portal,2026-09-29T03:23:56Z
43368099999,Car Nicobar(In-Afb),2026-09-29T03:15:00Z,24.7,1008.5,96.0,9.15,92.817,14.0,Island Territories,island_territories,Island Territories,India Meteorological Department AWS Portal,2026-09-29T03:23:56Z
43369099999,Minicoy,2026-09-29T03:15:00Z,28.8,1014.0,76.0,8.3,73.15,2.0,Island Territories,island_territories,Island Territories,India Meteorological Department AWS Portal,2026-09-29T03:23:56Z
43371099999,Thiruvananthapuram,2026-09-29T03:15:00Z,25.0,1012.3,96.0,8.483,76.95,64.0,Coastal Plains,coastal_plains,Coastal Plains,India Meteorological Department AWS Portal,2026-09-29T03:23:56Z
43372099999,Thiruvananthapuram Intl,2026-09-29T03:15:00Z,25.0,1013.2,96.0,8.482,76.92,4.6,Coastal Plains,coastal_plains,Coastal Plains,India Meteorological Department AWS Portal,2026-09-29T03:23:56Z
43373099999,Trivandrum Met.Obs./Thumba,2026-09-29T03:15:00Z,25.0,1013.7,98.0,8.533,76.867,7.0,Coastal Plains,coastal_plains,Coastal Plains,India Meteorological Department AWS Portal,2026-09-29T03:23:56Z
43374099999,Kovalam,2026-09-29T03:15:00Z,27.1,1013.2,89.0,8.083,77.25,35.0,Coastal Plains,coastal_plains,Coastal Plains,India Meteorological Department AWS Portal,2026-09-29T03:23:56Z
43376099999,Palayankottai,2026-09-29T03:15:00Z,27.8,1007.2,73.0,8.733,77.75,51.0,Coastal Plains,coastal_plains,Coastal Plains,India Meteorological Department AWS Portal,2026-09-29T03:23:56Z
43377099999,Kanniyakumari,2026-09-29T03:15:00Z,26.0,1012.8,86.0,8.083,77.5,37.0,Coastal Plains,coastal_plains,Coastal Plains,India Meteorological Department AWS Portal,2026-09-29T03:23:56Z
43379099999,Tuticorin New Port,2026-09-29T03:15:00Z,28.7,1011.4,69.0,8.75,78.183,2.0,Coastal Plains,coastal_plains,Coastal Plains,India Meteorological Department AWS Portal,2026-09-29T03:23:56Z
43382099999,Nancowry,2026-09-29T03:15:00Z,24.1,999.1,95.0,7.983,93.533,26.0,Island Territories,island_territories,Island Territories,India Meteorological Department AWS Portal,2026-09-29T03:23:56Z
43385099999,Kondul,2026-09-29T03:15:00Z,24.7,1013.2,98.0,7.217,93.733,8.0,Island Territories,island_territories,Island Territories,India Meteorological Department AWS Portal,2026-09-29T03:23:56Z
43541099999,Sonamarg          &,2026-09-29T03:15:00Z,0.4,650.3,78.0,34.317,75.317,2515.0,Northern Himalayas,northern_himalayas,Northern Himalayas,India Meteorological Department AWS Portal,2026-09-29T03:23:56Z
43542099999,Dras,2026-09-29T03:15:00Z,7.0,709.6,65.0,34.433,75.767,3066.0,Northern Himalayas,northern_himalayas,Northern Himalayas,India Meteorological Department AWS Portal,2026-09-29T03:23:56Z
43900000596,Ambedkar Nagar AWS,2026-09-29T03:15:00Z,27.1,1002.3,90.0,26.4499,82.6837,95.0,Indo-Gangetic Plains,indo_gangetic_plains,Indo-Gangetic Plains,India Meteorological Department AWS Portal,2026-09-29T03:23:56Z
43900000597,Amethi AWS,2026-09-29T03:15:00Z,26.6,1001.0,94.0,26.1554,81.8152,101.0,Indo-Gangetic Plains,indo_gangetic_plains,Indo-Gangetic Plains,India Meteorological Department AWS Portal,2026-09-29T03:23:56Z
43900000598,Amroha AWS,2026-09-29T03:15:00Z,25.7,987.2,91.0,28.9044,78.4678,211.0,Indo-Gangetic Plains,indo_gangetic_plains,Indo-Gangetic Plains,India Meteorological Department AWS Portal,2026-09-29T03:23:56Z
43900000599,Auraiya AWS,2026-09-29T03:15:00Z,26.1,996.1,91.0,26.4674,79.5165,137.0,Indo-Gangetic Plains,indo_gangetic_plains,Indo-Gangetic Plains,India Meteorological Department AWS Portal,2026-09-29T03:23:56Z
43900000600,Ayodhya AWS,2026-09-29T03:15:00Z,27.6,1001.0,89.0,26.7922,82.1998,93.0,Indo-Gangetic Plains,indo_gangetic_plains,Indo-Gangetic Plains,India Meteorological Department AWS Portal,2026-09-29T03:23:56Z
43900000601,Azamgarh AWS,2026-09-29T03:15:00Z,26.8,1002.8,94.0,26.0688,83.1859,78.0,Indo-Gangetic Plains,indo_gangetic_plains,Indo-Gangetic Plains,India Meteorological Department AWS Portal,2026-09-29T03:23:56Z
43900000602,Badaun AWS,2026-09-29T03:15:00Z,25.9,992.9,87.0,28.0326,79.1275,169.0,Indo-Gangetic Plains,indo_gangetic_plains,Indo-Gangetic Plains,India Meteorological Department AWS Portal,2026-09-29T03:23:56Z
43900000603,Baghpat AWS,2026-09-29T03:15:00Z,25.7,986.4,83.0,28.9454,77.2208,220.0,Indo-Gangetic Plains,indo_gangetic_plains,Indo-Gangetic Plains,India Meteorological Department AWS Portal,2026-09-29T03:23:56Z
43900000604,Balrampur AWS,2026-09-29T03:15:00Z,27.3,1000.4,87.0,27.4298,82.1793,105.0,Indo-Gangetic Plains,indo_gangetic_plains,Indo-Gangetic Plains,India Meteorological Department AWS Portal,2026-09-29T03:23:56Z
43900000605,Banda AWS,2026-09-29T03:15:00Z,25.9,998.2,95.0,25.4764,80.3347,123.0,Indo-Gangetic Plains,indo_gangetic_plains,Indo-Gangetic Plains,India Meteorological Department AWS Portal,2026-09-29T03:23:56Z
43900000606,Barabanki AWS,2026-09-29T03:15:00Z,26.7,999.1,93.0,26.9268,81.1834,125.0,Indo-Gangetic Plains,indo_gangetic_plains,Indo-Gangetic Plains,India Meteorological Department AWS Portal,2026-09-29T03:23:56Z
43900000607,Bareilly Agro-AWS,2026-09-29T03:15:00Z,25.9,992.2,88.0,28.367,79.4304,177.0,Indo-Gangetic Plains,indo_gangetic_plains,Indo-Gangetic Plains,India Meteorological Department AWS Portal,2026-09-29T03:23:56Z
43900000608,Bhadohi AWS,2026-09-29T03:15:00Z,27.0,1001.6,94.0,25.3942,82.5709,85.0,Indo-Gangetic Plains,indo_gangetic_plains,Indo-Gangetic Plains,India Meteorological Department AWS Portal,2026-09-29T03:23:56Z
43900000609,Bijnor AWS,2026-09-29T03:15:00Z,25.9,985.0,84.0,29.3724,78.1358,225.0,Indo-Gangetic Plains,indo_gangetic_plains,Indo-Gangetic Plains,India Meteorological Department AWS Portal,2026-09-29T03:23:56Z
43900000610,Chandauli AWS,2026-09-29T03:15:00Z,26.8,1003.3,98.0,25.2612,83.2662,76.0,Indo-Gangetic Plains,indo_gangetic_plains,Indo-Gangetic Plains,India Meteorological Department AWS Portal,2026-09-29T03:23:56Z
43900000611,Chitrakoot AWS,2026-09-29T03:15:00Z,24.9,997.3,96.0,25.1764,80.8711,142.0,Indo-Gangetic Plains,indo_gangetic_plains,Indo-Gangetic Plains,India Meteorological Department AWS Portal,2026-09-29T03:23:56Z
43900000612,Deoria AWS,2026-09-29T03:15:00Z,26.9,1003.6,91.0,26.5024,83.7791,68.0,Indo-Gangetic Plains,indo_gangetic_plains,Indo-Gangetic Plains,India Meteorological Department AWS Portal,2026-09-29T03:23:56Z
43900000613,Etah AWS,2026-09-29T03:15:00Z,25.0,992.7,92.0,27.5583,78.6653,170.0,Indo-Gangetic Plains,indo_gangetic_plains,Indo-Gangetic Plains,India Meteorological Department AWS Portal,2026-09-29T03:23:56Z
43900000614,Etawah AWS,2026-09-29T03:15:00Z,25.0,994.6,94.0,26.7769,79.0238,145.0,Indo-Gangetic Plains,indo_gangetic_plains,Indo-Gangetic Plains,India Meteorological Department AWS Portal,2026-09-29T03:23:56Z
43900000615,Farrukhabad AWS,2026-09-29T03:15:00Z,25.5,994.8,91.0,27.3826,79.5847,141.0,Indo-Gangetic Plains,indo_gangetic_plains,Indo-Gangetic Plains,India Meteorological Department AWS Portal,2026-09-29T03:23:56Z
43900000616,Firozabad AWS,2026-09-29T03:15:00Z,26.5,993.1,81.0,27.1591,78.3957,164.0,Indo-Gangetic Plains,indo_gangetic_plains,Indo-Gangetic Plains,India Meteorological Department AWS Portal,2026-09-29T03:23:56Z
43900000617,Gautam Buddha Nagar AWS,2026-09-29T03:15:00Z,25.8,989.5,87.0,28.5355,77.391,200.0,Indo-Gangetic Plains,indo_gangetic_plains,Indo-Gangetic Plains,India Meteorological Department AWS Portal,2026-09-29T03:23:56Z
43900000618,Ghaziabad AWS,2026-09-29T03:15:00Z,25.2,987.7,91.0,28.6692,77.4538,214.0,Indo-Gangetic Plains,indo_gangetic_plains,Indo-Gangetic Plains,India Meteorological Department AWS Portal,2026-09-29T03:23:56Z
43900000619,Ghazipur AWS,2026-09-29T03:15:00Z,27.6,1004.2,92.0,25.584,83.577,67.0,Indo-Gangetic Plains,indo_gangetic_plains,Indo-Gangetic Plains,India Meteorological Department AWS Portal,2026-09-29T03:23:56Z
43900000620,Hapur AWS,2026-09-29T03:15:00Z,26.0,987.7,86.0,28.7306,77.7759,213.0,Indo-Gangetic Plains,indo_gangetic_plains,Indo-Gangetic Plains,India Meteorological Department AWS Portal,2026-09-29T03:23:56Z
43900000621,Hardoi AWS,2026-09-29T03:15:00Z,27.1,995.7,82.0,27.3944,80.1311,134.0,Indo-Gangetic Plains,indo_gangetic_plains,Indo-Gangetic Plains,India Meteorological Department AWS Portal,2026-09-29T03:23:56Z
43900000622,Hathras AWS,2026-09-29T03:15:00Z,25.2,991.5,89.0,27.5971,78.0519,178.0,Indo-Gangetic Plains,indo_gangetic_plains,Indo-Gangetic Plains,India Meteorological Department AWS Portal,2026-09-29T03:23:56Z
43900000623,Jalaun AWS,2026-09-29T03:15:00Z,26.4,995.5,85.0,26.1457,79.3364,144.0,Indo-Gangetic Plains,indo_gangetic_plains,Indo-Gangetic Plains,India Meteorological Department AWS Portal,2026-09-29T03:23:56Z
43900000624,Jhansi Agro-AWS,2026-09-29T03:15:00Z,26.8,982.8,83.0,25.4484,78.5685,285.0,Indo-Gangetic Plains,indo_gangetic_plains,Indo-Gangetic Plains,India Meteorological Department AWS Portal,2026-09-29T03:23:56Z
43900000625,Kannauj AWS,2026-09-29T03:15:00Z,26.4,995.8,87.0,27.0543,79.9194,139.0,Indo-Gangetic Plains,indo_gangetic_plains,Indo-Gangetic Plains,India Meteorological Department AWS Portal,2026-09-29T03:23:56Z
43900000626,Kanpur Dehat AWS,2026-09-29T03:15:00Z,26.0,997.7,88.0,26.34,79.94,133.0,Indo-Gangetic Plains,indo_gangetic_plains,Indo-Gangetic Plains,India Meteorological Department AWS Portal,2026-09-29T03:23:56Z
43900000627,Kanpur Nagar AWS,2026-09-29T03:15:00Z,28.1,997.4,77.0,26.4499,80.3319,126.0,Indo-Gangetic Plains,indo_gangetic_plains,Indo-Gangetic Plains,India Meteorological Department AWS Portal,2026-09-29T03:23:56Z
43900000628,Kasganj AWS,2026-09-29T03:15:00Z,25.6,991.7,91.0,27.8083,78.6475,177.0,Indo-Gangetic Plains,indo_gangetic_plains,Indo-Gangetic Plains,India Meteorological Department AWS Portal,2026-09-29T03:23:56Z
43900000629,Kaushambi AWS,2026-09-29T03:15:00Z,25.6,1000.7,98.0,25.5342,81.3917,98.0,Indo-Gangetic Plains,indo_gangetic_plains,Indo-Gangetic Plains,India Meteorological Department AWS Portal,2026-09-29T03:23:56Z
43900000630,Kheri Lakhimpur AWS,2026-09-29T03:15:00Z,26.3,995.3,89.0,27.9467,80.7786,147.0,Indo-Gangetic Plains,indo_gangetic_plains,Indo-Gangetic Plains,India Meteorological Department AWS Portal,2026-09-29T03:23:56Z
43900000631,Kushinagar AWS,2026-09-29T03:15:00Z,26.9,1003.3,90.0,26.741,83.889,74.0,Indo-Gangetic Plains,indo_gangetic_plains,Indo-Gangetic Plains,India Meteorological Department AWS Portal,2026-09-29T03:23:56Z
43900000632,Lalitpur AWS,2026-09-29T03:15:00Z,24.7,971.9,96.0,24.6865,78.412,394.0,Indo-Gangetic Plains,indo_gangetic_plains,Indo-Gangetic Plains,India Meteorological Department AWS Portal,2026-09-29T03:23:56Z
43900000633,Maharajganj AWS,2026-09-29T03:15:00Z,26.4,1001.8,96.0,27.1464,83.5619,89.0,Indo-Gangetic Plains,indo_gangetic_plains,Indo-Gangetic Plains,India Meteorological Department AWS Portal,2026-09-29T03:23:56Z
43900000634,Mahoba AWS,2026-09-29T03:15:00Z,25.1,988.7,95.0,25.2917,79.8722,214.0,Indo-Gangetic Plains,indo_gangetic_plains,Indo-Gangetic Plains,India Meteorological Department AWS Portal,2026-09-29T03:23:56Z
43900000635,Mau AWS,2026-09-29T03:15:00Z,26.8,1003.5,94.0,25.9417,83.5611,73.0,Indo-Gangetic Plains,indo_gangetic_plains,Indo-Gangetic Plains,India Meteorological Department AWS Portal,2026-09-29T03:23:56Z
43900000636,Mirzapur AWS,2026-09-29T03:15:00Z,26.6,1001.8,98.0,25.146,82.569,80.0,Indo-Gangetic Plains,indo_gangetic_plains,Indo-Gangetic Plains,India Meteorological Department AWS Portal,2026-09-29T03:23:56Z
43900000637,Muzaffarnagar AWS,2026-09-29T03:15:00Z,26.4,984.1,77.0,29.4727,77.7085,232.0,Indo-Gangetic Plains,indo_gangetic_plains,Indo-Gangetic Plains,India Meteorological Department AWS Portal,2026-09-29T03:23:56Z
43900000638,Prayagraj AWS,2026-09-29T03:15:00Z,26.5,1001.6,94.0,25.4358,81.8463,98.0,Indo-Gangetic Plains,indo_gangetic_plains,Indo-Gangetic Plains,India Meteorological Department AWS Portal,2026-09-29T03:23:56Z
43900000639,Raebareli AWS,2026-09-29T03:15:00Z,26.5,999.4,95.0,26.23,81.24,110.0,Indo-Gangetic Plains,indo_gangetic_plains,Indo-Gangetic Plains,India Meteorological Department AWS Portal,2026-09-29T03:23:56Z
43900000640,Rampur AWS,2026-09-29T03:15:00Z,26.6,990.3,89.0,28.8154,79.0257,192.0,Indo-Gangetic Plains,indo_gangetic_plains,Indo-Gangetic Plains,India Meteorological Department AWS Portal,2026-09-29T03:23:56Z
43900000641,Saharanpur AWS,2026-09-29T03:15:00Z,25.6,980.6,78.0,29.9678,77.5511,269.0,Indo-Gangetic Plains,indo_gangetic_plains,Indo-Gangetic Plains,India Meteorological Department AWS Portal,2026-09-29T03:23:56Z
43900000642,Sambhal AWS,2026-09-29T03:15:00Z,25.8,989.5,92.0,28.5833,78.55,193.0,Indo-Gangetic Plains,indo_gangetic_plains,Indo-Gangetic Plains,India Meteorological Department AWS Portal,2026-09-29T03:23:56Z
43900000643,Sant Kabir Nagar AWS,2026-09-29T03:15:00Z,26.9,1002.8,90.0,26.7833,83.0333,79.0,Indo-Gangetic Plains,indo_gangetic_plains,Indo-Gangetic Plains,India Meteorological Department AWS Portal,2026-09-29T03:23:56Z
43900000644,Shamli AWS,2026-09-29T03:15:00Z,25.9,984.7,81.0,29.45,77.3167,248.0,Indo-Gangetic Plains,indo_gangetic_plains,Indo-Gangetic Plains,India Meteorological Department AWS Portal,2026-09-29T03:23:56Z
43900000645,Shrawasti AWS,2026-09-29T03:15:00Z,27.5,999.9,88.0,27.5,82.0333,118.0,Indo-Gangetic Plains,indo_gangetic_plains,Indo-Gangetic Plains,India Meteorological Department AWS Portal,2026-09-29T03:23:56Z
43900000646,Siddharthnagar AWS,2026-09-29T03:15:00Z,26.8,1002.2,92.0,27.2833,82.8167,85.0,Indo-Gangetic Plains,indo_gangetic_plains,Indo-Gangetic Plains,India Meteorological Department AWS Portal,2026-09-29T03:23:56Z
43900000647,Sitapur AWS,2026-09-29T03:15:00Z,26.7,996.4,86.0,27.5667,80.6833,138.0,Indo-Gangetic Plains,indo_gangetic_plains,Indo-Gangetic Plains,India Meteorological Department AWS Portal,2026-09-29T03:23:56Z
43900000648,Sonbhadra AWS,2026-09-29T03:15:00Z,25.4,976.7,95.0,24.6853,83.0667,285.0,Indo-Gangetic Plains,indo_gangetic_plains,Indo-Gangetic Plains,India Meteorological Department AWS Portal,2026-09-29T03:23:56Z
43900000649,Sultanpur AWS,2026-09-29T03:15:00Z,26.6,1000.8,96.0,26.2648,82.0727,95.0,Indo-Gangetic Plains,indo_gangetic_plains,Indo-Gangetic Plains,India Meteorological Department AWS Portal,2026-09-29T03:23:56Z
43900000650,Unnao AWS,2026-09-29T03:15:00Z,26.5,997.6,90.0,26.546,80.4879,127.0,Indo-Gangetic Plains,indo_gangetic_plains,Indo-Gangetic Plains,India Meteorological Department AWS Portal,2026-09-29T03:23:56Z
43900000651,Varanasi BHU AWS,2026-09-29T03:15:00Z,27.2,1002.2,98.0,25.2677,82.9913,81.0,Indo-Gangetic Plains,indo_gangetic_plains,Indo-Gangetic Plains,India Meteorological Department AWS Portal,2026-09-29T03:23:56Z
43900000652,Ahmednagar AWS,2026-09-29T03:15:00Z,24.5,940.3,74.0,19.0948,74.748,656.0,Deccan Plateau,deccan_plateau,Deccan Plateau,India Meteorological Department AWS Portal,2026-09-29T03:23:56Z
43900000653,Amravati AWS,2026-09-29T03:15:00Z,26.0,973.5,86.0,20.932,77.7523,343.0,Central Plateau,central_plateau,Central Plateau,India Meteorological Department AWS Portal,2026-09-29T03:23:56Z
43900000654,Beed AWS,2026-09-29T03:15:00Z,27.1,955.6,65.0,18.9891,75.7601,515.0,Deccan Plateau,deccan_plateau,Deccan Plateau,India Meteorological Department AWS Portal,2026-09-29T03:23:56Z
43900000655,Bhandara AWS,2026-09-29T03:15:00Z,25.8,982.1,93.0,21.1714,79.6528,244.0,Central Plateau,central_plateau,Central Plateau,India Meteorological Department AWS Portal,2026-09-29T03:23:56Z
43900000656,Buldhana AWS,2026-09-29T03:15:00Z,23.0,940.3,83.0,20.531,76.1837,630.0,Central Plateau,central_plateau,Central Plateau,India Meteorological Department AWS Portal,2026-09-29T03:23:56Z
43900000657,Dhule AWS,2026-09-29T03:15:00Z,25.6,982.4,82.0,20.9042,74.7749,250.0,Central Plateau,central_plateau,Central Plateau,India Meteorological Department AWS Portal,2026-09-29T03:23:56Z
43900000658,Gadchiroli AWS,2026-09-29T03:15:00Z,25.9,988.1,98.0,20.1804,79.9961,217.0,Central Plateau,central_plateau,Central Plateau,India Meteorological Department AWS Portal,2026-09-29T03:23:56Z
43900000659,Hingoli AWS,2026-09-29T03:15:00Z,24.1,960.3,92.0,19.7167,77.15,457.0,Deccan Plateau,deccan_plateau,Deccan Plateau,India Meteorological Department AWS Portal,2026-09-29T03:23:56Z
43900000660,Jalgaon AWS,2026-09-29T03:15:00Z,25.9,986.1,81.0,21.0077,75.5626,209.0,Central Plateau,central_plateau,Central Plateau,India Meteorological Department AWS Portal,2026-09-29T03:23:56Z
43900000661,Jalna AWS,2026-09-29T03:15:00Z,24.1,956.4,80.0,19.841,75.8864,508.0,Deccan Plateau,deccan_plateau,Deccan Plateau,India Meteorological Department AWS Portal,2026-09-29T03:23:56Z
43900000662,Latur AWS,2026-09-29T03:15:00Z,22.0,942.4,97.0,18.4088,76.5604,631.0,Deccan Plateau,deccan_plateau,Deccan Plateau,India Meteorological Department AWS Portal,2026-09-29T03:23:56Z
43900000663,Nanded AWS,2026-09-29T03:15:00Z,24.7,972.2,93.0,19.1383,77.321,362.0,Deccan Plateau,deccan_plateau,Deccan Plateau,India Meteorological Department AWS Portal,2026-09-29T03:23:56Z
43900000664,Nandurbar AWS,2026-09-29T03:15:00Z,24.7,988.8,88.0,21.37,74.24,210.0,Central Plateau,central_plateau,Central Plateau,India Meteorological Department AWS Portal,2026-09-29T03:23:56Z
43900000665,Dharashiv AWS,2026-09-29T03:15:00Z,22.7,939.6,96.0,18.1856,76.0419,653.0,Deccan Plateau,deccan_plateau,Deccan Plateau,India Meteorological Department AWS Portal,2026-09-29T03:23:56Z
43900000666,Palghar AWS,2026-09-29T03:15:00Z,25.2,1010.3,93.0,19.6967,72.7699,10.0,Coastal Plains,coastal_plains,Coastal Plains,India Meteorological Department AWS Portal,2026-09-29T03:23:56Z
43900000667,Parbhani AWS,2026-09-29T03:15:00Z,23.8,966.2,94.0,19.2608,76.7748,407.0,Deccan Plateau,deccan_plateau,Deccan Plateau,India Meteorological Department AWS Portal,2026-09-29T03:23:56Z
43900000668,Pune Pashan AWS,2026-09-29T03:15:00Z,22.6,948.4,95.0,18.5398,73.7929,565.0,Central Plateau,central_plateau,Central Plateau,India Meteorological Department AWS Portal,2026-09-29T03:23:56Z
43900000669,Satara AWS,2026-09-29T03:15:00Z,22.2,932.5,96.0,17.6805,73.9936,742.0,Central Plateau,central_plateau,Central Plateau,India Meteorological Department AWS Portal,2026-09-29T03:23:56Z
43900000670,Sindhudurg AWS,2026-09-29T03:15:00Z,24.9,1009.7,98.0,16.1167,73.7,48.0,Central Plateau,central_plateau,Central Plateau,India Meteorological Department AWS Portal,2026-09-29T03:23:56Z
43900000671,Thane AWS,2026-09-29T03:15:00Z,25.5,1011.3,99.0,19.2183,72.9781,15.0,Coastal Plains,coastal_plains,Coastal Plains,India Meteorological Department AWS Portal,2026-09-29T03:23:56Z
43900000672,Wardha AWS,2026-09-29T03:15:00Z,25.6,979.4,88.0,20.7453,78.6022,234.0,Central Plateau,central_plateau,Central Plateau,India Meteorological Department AWS Portal,2026-09-29T03:23:56Z
43900000673,Malvan AWS,2026-09-29T03:15:00Z,26.0,1011.7,91.0,16.06,73.47,6.0,Coastal Plains,coastal_plains,Coastal Plains,India Meteorological Department AWS Portal,2026-09-29T03:23:56Z
43900000674,Agar Malwa AWS,2026-09-29T03:15:00Z,23.4,956.3,92.0,23.7144,76.0156,505.0,Central Plateau,central_plateau,Central Plateau,India Meteorological Department AWS Portal,2026-09-29T03:23:56Z
43900000675,Alirajpur AWS,2026-09-29T03:15:00Z,23.7,978.9,96.0,22.3031,74.3542,288.0,Western Arid/Semi-Arid,western_arid_semi_arid,Western Arid/Semi-Arid,India Meteorological Department AWS Portal,2026-09-29T03:23:56Z
43900000676,Anuppur AWS,2026-09-29T03:15:00Z,22.9,957.0,97.0,23.1042,81.6886,505.0,Central Plateau,central_plateau,Central Plateau,India Meteorological Department AWS Portal,2026-09-29T03:23:56Z
43900000677,Ashoknagar AWS,2026-09-29T03:15:00Z,23.2,956.1,96.0,24.5756,77.7289,507.0,Indo-Gangetic Plains,indo_gangetic_plains,Indo-Gangetic Plains,India Meteorological Department AWS Portal,2026-09-29T03:23:56Z
43900000678,Balaghat AWS,2026-09-29T03:15:00Z,24.8,978.1,94.0,21.8054,80.1847,288.0,Central Plateau,central_plateau,Central Plateau,India Meteorological Department AWS Portal,2026-09-29T03:23:56Z
43900000679,Barwani AWS,2026-09-29T03:15:00Z,24.8,991.3,89.0,22.0353,74.9031,178.0,Western Arid/Semi-Arid,western_arid_semi_arid,Western Arid/Semi-Arid,India Meteorological Department AWS Portal,2026-09-29T03:23:56Z
43900000680,Betul AWS,2026-09-29T03:15:00Z,22.5,941.3,97.0,21.9014,77.9028,658.0,Central Plateau,central_plateau,Central Plateau,India Meteorological Department AWS Portal,2026-09-29T03:23:56Z
43900000681,Burhanpur AWS,2026-09-29T03:15:00Z,24.7,983.7,90.0,21.3142,76.2289,233.0,Central Plateau,central_plateau,Central Plateau,India Meteorological Department AWS Portal,2026-09-29T03:23:56Z
43900000682,Chhatarpur AWS,2026-09-29T03:15:00Z,24.7,977.6,93.0,24.9167,79.5833,305.0,Indo-Gangetic Plains,indo_gangetic_plains,Indo-Gangetic Plains,India Meteorological Department AWS Portal,2026-09-29T03:23:56Z
43900000683,Chhindwara AWS,2026-09-29T03:15:00Z,22.6,937.2,96.0,22.0574,78.9382,675.0,Central Plateau,central_plateau,Central Plateau,India Meteorological Department AWS Portal,2026-09-29T03:23:56Z
43900000684,Dewas AWS,2026-09-29T03:15:00Z,23.3,951.4,93.0,22.9676,76.0534,535.0,Central Plateau,central_plateau,Central Plateau,India Meteorological Department AWS Portal,2026-09-29T03:23:56Z
43900000685,Dindori AWS,2026-09-29T03:15:00Z,22.2,938.4,98.0,22.95,81.0833,640.0,Central Plateau,central_plateau,Central Plateau,India Meteorological Department AWS Portal,2026-09-29T03:23:56Z
43900000686,Gwalior AWS,2026-09-29T03:15:00Z,25.7,988.0,93.0,26.2183,78.1828,207.0,Indo-Gangetic Plains,indo_gangetic_plains,Indo-Gangetic Plains,India Meteorological Department AWS Portal,2026-09-29T03:23:56Z
43900000687,Harda AWS,2026-09-29T03:15:00Z,24.6,979.1,92.0,22.3397,77.0944,296.0,Central Plateau,central_plateau,Central Plateau,India Meteorological Department AWS Portal,2026-09-29T03:23:56Z
43900000688,Hoshangabad Narmadapuram AWS,2026-09-29T03:15:00Z,24.0,977.9,96.0,22.7519,77.7289,278.0,Central Plateau,central_plateau,Central Plateau,India Meteorological Department AWS Portal,2026-09-29T03:23:56Z
43900000689,Jhabua AWS,2026-09-29T03:15:00Z,23.2,976.1,94.0,22.7694,74.5956,318.0,Western Arid/Semi-Arid,western_arid_semi_arid,Western Arid/Semi-Arid,India Meteorological Department AWS Portal,2026-09-29T03:23:56Z
43900000690,Katni AWS,2026-09-29T03:15:00Z,24.2,969.1,97.0,23.8344,80.3956,304.0,Central Plateau,central_plateau,Central Plateau,India Meteorological Department AWS Portal,2026-09-29T03:23:56Z
43900000691,Mandsaur AWS,2026-09-29T03:15:00Z,23.5,963.0,90.0,24.0722,75.0689,428.0,Western Arid/Semi-Arid,western_arid_semi_arid,Western Arid/Semi-Arid,India Meteorological Department AWS Portal,2026-09-29T03:23:56Z
43900000692,Morena AWS,2026-09-29T03:15:00Z,26.0,991.4,89.0,26.5,78.0,177.0,Indo-Gangetic Plains,indo_gangetic_plains,Indo-Gangetic Plains,India Meteorological Department AWS Portal,2026-09-29T03:23:56Z
43900000693,Panna AWS,2026-09-29T03:15:00Z,23.9,966.7,97.0,24.7167,80.2,433.0,Indo-Gangetic Plains,indo_gangetic_plains,Indo-Gangetic Plains,India Meteorological Department AWS Portal,2026-09-29T03:23:56Z
43900000694,Raisen AWS,2026-09-29T03:15:00Z,22.5,962.2,98.0,23.33,77.78,456.0,Central Plateau,central_plateau,Central Plateau,India Meteorological Department AWS Portal,2026-09-29T03:23:56Z
43900000695,Sehore AWS,2026-09-29T03:15:00Z,22.6,956.5,94.0,23.2,77.0833,502.0,Central Plateau,central_plateau,Central Plateau,India Meteorological Department AWS Portal,2026-09-29T03:23:56Z
43900000696,Shahdol AWS,2026-09-29T03:15:00Z,23.0,961.7,98.0,23.2833,81.35,464.0,Central Plateau,central_plateau,Central Plateau,India Meteorological Department AWS Portal,2026-09-29T03:23:56Z
43900000697,Shajapur AWS,2026-09-29T03:15:00Z,23.7,962.1,93.0,23.4267,76.2778,453.0,Central Plateau,central_plateau,Central Plateau,India Meteorological Department AWS Portal,2026-09-29T03:23:56Z
43900000698,Shivpuri AWS,2026-09-29T03:15:00Z,24.4,959.8,93.0,25.4333,77.65,468.0,Indo-Gangetic Plains,indo_gangetic_plains,Indo-Gangetic Plains,India Meteorological Department AWS Portal,2026-09-29T03:23:56Z
43900000699,Singrauli AWS,2026-09-29T03:15:00Z,24.2,968.2,99.0,24.2,82.6667,376.0,Indo-Gangetic Plains,indo_gangetic_plains,Indo-Gangetic Plains,India Meteorological Department AWS Portal,2026-09-29T03:23:56Z
43900000700,Umaria AWS,2026-09-29T03:15:00Z,23.0,960.9,96.0,23.5244,80.8356,448.0,Central Plateau,central_plateau,Central Plateau,India Meteorological Department AWS Portal,2026-09-29T03:23:56Z
43900000701,Khajuraho AWS,2026-09-29T03:15:00Z,25.0,988.7,96.0,24.8318,79.9199,222.0,Indo-Gangetic Plains,indo_gangetic_plains,Indo-Gangetic Plains,India Meteorological Department AWS Portal,2026-09-29T03:23:56Z
43900000702,Alwar Agro-AWS,2026-09-29T03:15:00Z,25.6,982.4,79.0,27.553,76.6346,271.0,Indo-Gangetic Plains,indo_gangetic_plains,Indo-Gangetic Plains,India Meteorological Department AWS Portal,2026-09-29T03:23:56Z
43900000703,Baran AWS,2026-09-29T03:15:00Z,23.6,981.3,93.0,25.1,76.5167,262.0,Indo-Gangetic Plains,indo_gangetic_plains,Indo-Gangetic Plains,India Meteorological Department AWS Portal,2026-09-29T03:23:56Z
43900000704,Churu AWS,2026-09-29T03:15:00Z,27.0,979.4,70.0,28.29,74.96,286.0,Western Arid/Semi-Arid,western_arid_semi_arid,Western Arid/Semi-Arid,India Meteorological Department AWS Portal,2026-09-29T03:23:56Z
43900000705,Dausa AWS,2026-09-29T03:15:00Z,25.6,974.2,81.0,26.8833,76.3333,333.0,Indo-Gangetic Plains,indo_gangetic_plains,Indo-Gangetic Plains,India Meteorological Department AWS Portal,2026-09-29T03:23:56Z
43900000706,Dholpur AWS,2026-09-29T03:15:00Z,26.4,992.1,89.0,26.7,77.9,177.0,Indo-Gangetic Plains,indo_gangetic_plains,Indo-Gangetic Plains,India Meteorological Department AWS Portal,2026-09-29T03:23:56Z
43900000707,Dungarpur AWS,2026-09-29T03:15:00Z,24.2,975.7,93.0,23.8333,73.7167,279.0,Western Arid/Semi-Arid,western_arid_semi_arid,Western Arid/Semi-Arid,India Meteorological Department AWS Portal,2026-09-29T03:23:56Z
43900000708,Hanumangarh AWS,2026-09-29T03:15:00Z,27.2,990.9,74.0,29.58,74.32,177.0,Western Arid/Semi-Arid,western_arid_semi_arid,Western Arid/Semi-Arid,India Meteorological Department AWS Portal,2026-09-29T03:23:56Z
43900000709,Jhalawar AWS,2026-09-29T03:15:00Z,23.4,976.3,92.0,24.5967,76.165,312.0,Indo-Gangetic Plains,indo_gangetic_plains,Indo-Gangetic Plains,India Meteorological Department AWS Portal,2026-09-29T03:23:56Z
43900000710,Jhunjhunu AWS,2026-09-29T03:15:00Z,26.2,974.1,77.0,28.13,75.4,323.0,Western Arid/Semi-Arid,western_arid_semi_arid,Western Arid/Semi-Arid,India Meteorological Department AWS Portal,2026-09-29T03:23:56Z
43900000711,Karauli AWS,2026-09-29T03:15:00Z,24.6,981.7,86.0,26.5,77.02,260.0,Indo-Gangetic Plains,indo_gangetic_plains,Indo-Gangetic Plains,India Meteorological Department AWS Portal,2026-09-29T03:23:56Z
43900000712,Nagaur AWS,2026-09-29T03:15:00Z,28.3,977.6,53.0,27.2,73.74,302.0,Western Arid/Semi-Arid,western_arid_semi_arid,Western Arid/Semi-Arid,India Meteorological Department AWS Portal,2026-09-29T03:23:56Z
43900000713,Pali AWS,2026-09-29T03:15:00Z,27.3,986.9,73.0,25.77,73.33,214.0,Western Arid/Semi-Arid,western_arid_semi_arid,Western Arid/Semi-Arid,India Meteorological Department AWS Portal,2026-09-29T03:23:56Z
43900000714,Pratapgarh Raj AWS,2026-09-29T03:15:00Z,23.3,956.7,88.0,24.03,74.78,491.0,Western Arid/Semi-Arid,western_arid_semi_arid,Western Arid/Semi-Arid,India Meteorological Department AWS Portal,2026-09-29T03:23:56Z
43900000715,Rajsamand AWS,2026-09-29T03:15:00Z,23.6,951.5,87.0,25.07,73.88,547.0,Western Arid/Semi-Arid,western_arid_semi_arid,Western Arid/Semi-Arid,India Meteorological Department AWS Portal,2026-09-29T03:23:56Z
43900000716,Sirohi AWS,2026-09-29T03:15:00Z,25.1,976.2,84.0,24.885,72.8625,321.0,Western Arid/Semi-Arid,western_arid_semi_arid,Western Arid/Semi-Arid,India Meteorological Department AWS Portal,2026-09-29T03:23:56Z
43900000717,Tonk AWS,2026-09-29T03:15:00Z,25.2,980.5,83.0,26.16,75.79,289.0,Western Arid/Semi-Arid,western_arid_semi_arid,Western Arid/Semi-Arid,India Meteorological Department AWS Portal,2026-09-29T03:23:56Z
43900000718,Pilani BITS AWS,2026-09-29T03:15:00Z,26.6,978.4,70.0,28.3639,75.5872,288.0,Western Arid/Semi-Arid,western_arid_semi_arid,Western Arid/Semi-Arid,India Meteorological Department AWS Portal,2026-09-29T03:23:56Z
43900000719,Aravalli Modasa AWS,2026-09-29T03:15:00Z,24.3,994.8,99.0,23.4633,73.3,197.0,Western Arid/Semi-Arid,western_arid_semi_arid,Western Arid/Semi-Arid,India Meteorological Department AWS Portal,2026-09-29T03:23:56Z
43900000720,Banaskantha Palanpur AWS,2026-09-29T03:15:00Z,24.5,986.3,97.0,24.1717,72.4344,252.0,Western Arid/Semi-Arid,western_arid_semi_arid,Western Arid/Semi-Arid,India Meteorological Department AWS Portal,2026-09-29T03:23:56Z
43900000721,Bhavnagar AWS,2026-09-29T03:15:00Z,26.4,1009.1,91.0,21.7645,72.1519,24.0,Central Plateau,central_plateau,Central Plateau,India Meteorological Department AWS Portal,2026-09-29T03:23:56Z
43900000722,Botad AWS,2026-09-29T03:15:00Z,24.7,1001.5,93.0,22.17,71.66,70.0,Western Arid/Semi-Arid,western_arid_semi_arid,Western Arid/Semi-Arid,India Meteorological Department AWS Portal,2026-09-29T03:23:56Z
43900000723,Chhota Udaipur AWS,2026-09-29T03:15:00Z,23.8,995.0,97.0,22.3,74.01,114.0,Western Arid/Semi-Arid,western_arid_semi_arid,Western Arid/Semi-Arid,India Meteorological Department AWS Portal,2026-09-29T03:23:56Z
43900000724,Dang Ahwa AWS,2026-09-29T03:15:00Z,22.5,961.3,97.0,20.76,73.68,549.0,Central Plateau,central_plateau,Central Plateau,India Meteorological Department AWS Portal,2026-09-29T03:23:56Z
43900000725,Gandhinagar AWS,2026-09-29T03:15:00Z,24.9,1002.7,98.0,23.2156,72.6369,81.0,Western Arid/Semi-Arid,western_arid_semi_arid,Western Arid/Semi-Arid,India Meteorological Department AWS Portal,2026-09-29T03:23:56Z
43900000726,Junagadh Agro-AWS,2026-09-29T03:15:00Z,24.7,1002.9,95.0,21.5222,70.4579,107.0,Central Plateau,central_plateau,Central Plateau,India Meteorological Department AWS Portal,2026-09-29T03:23:56Z
43900000727,Kutch Bhuj AWS,2026-09-29T03:15:00Z,25.2,999.9,93.0,23.242,69.6669,110.0,Western Arid/Semi-Arid,western_arid_semi_arid,Western Arid/Semi-Arid,India Meteorological Department AWS Portal,2026-09-29T03:23:56Z
43900000728,Kheda Nadiad AWS,2026-09-29T03:15:00Z,25.3,1007.3,97.0,22.69,72.86,41.0,Western Arid/Semi-Arid,western_arid_semi_arid,Western Arid/Semi-Arid,India Meteorological Department AWS Portal,2026-09-29T03:23:56Z
43900000729,Mahisagar Lunawada AWS,2026-09-29T03:15:00Z,24.7,1000.3,98.0,23.13,73.62,137.0,Western Arid/Semi-Arid,western_arid_semi_arid,Western Arid/Semi-Arid,India Meteorological Department AWS Portal,2026-09-29T03:23:56Z
43900000730,Mehsana AWS,2026-09-29T03:15:00Z,25.2,1000.5,95.0,23.6,72.4,81.0,Western Arid/Semi-Arid,western_arid_semi_arid,Western Arid/Semi-Arid,India Meteorological Department AWS Portal,2026-09-29T03:23:56Z
43900000731,Morbi AWS,2026-09-29T03:15:00Z,25.6,1007.0,96.0,22.82,70.83,54.0,Western Arid/Semi-Arid,western_arid_semi_arid,Western Arid/Semi-Arid,India Meteorological Department AWS Portal,2026-09-29T03:23:56Z
43900000732,Narmada Rajpipla AWS,2026-09-29T03:15:00Z,25.3,1006.6,96.0,21.87,73.5,46.0,Central Plateau,central_plateau,Central Plateau,India Meteorological Department AWS Portal,2026-09-29T03:23:56Z
43900000733,Navsari AWS,2026-09-29T03:15:00Z,25.8,1010.1,95.0,20.95,72.93,9.0,Coastal Plains,coastal_plains,Coastal Plains,India Meteorological Department AWS Portal,2026-09-29T03:23:56Z
43900000734,Panchmahal Godhra AWS,2026-09-29T03:15:00Z,24.7,998.5,97.0,22.77,73.62,119.0,Western Arid/Semi-Arid,western_arid_semi_arid,Western Arid/Semi-Arid,India Meteorological Department AWS Portal,2026-09-29T03:23:56Z
43900000735,Patan AWS,2026-09-29T03:15:00Z,25.2,1001.4,98.0,23.85,72.12,76.0,Western Arid/Semi-Arid,western_arid_semi_arid,Western Arid/Semi-Arid,India Meteorological Department AWS Portal,2026-09-29T03:23:56Z
43900000736,Porbandar Coastal AWS,2026-09-29T03:15:00Z,25.8,1011.4,91.0,21.6417,69.6293,7.0,Central Plateau,central_plateau,Central Plateau,India Meteorological Department AWS Portal,2026-09-29T03:23:56Z
43900000737,Sabarkantha Himatnagar AWS,2026-09-29T03:15:00Z,24.8,995.5,96.0,23.6,72.95,127.0,Western Arid/Semi-Arid,western_arid_semi_arid,Western Arid/Semi-Arid,India Meteorological Department AWS Portal,2026-09-29T03:23:56Z
43900000738,Surendranagar AWS,2026-09-29T03:15:00Z,25.3,1004.5,95.0,22.72,71.63,98.0,Western Arid/Semi-Arid,western_arid_semi_arid,Western Arid/Semi-Arid,India Meteorological Department AWS Portal,2026-09-29T03:23:56Z
43900000739,Tapi Vyara AWS,2026-09-29T03:15:00Z,25.0,1001.0,98.0,21.12,73.4,82.0,Central Plateau,central_plateau,Central Plateau,India Meteorological Department AWS Portal,2026-09-29T03:23:56Z
43900000740,Vadodara Airport AWS,2026-09-29T03:15:00Z,25.2,1007.3,91.0,22.3308,73.2263,39.0,Western Arid/Semi-Arid,western_arid_semi_arid,Western Arid/Semi-Arid,India Meteorological Department AWS Portal,2026-09-29T03:23:56Z
43900000741,Okha Coastal AWS,2026-09-29T03:15:00Z,26.6,1011.6,88.0,22.47,69.07,5.0,Western Arid/Semi-Arid,western_arid_semi_arid,Western Arid/Semi-Arid,India Meteorological Department AWS Portal,2026-09-29T03:23:56Z
43900000742,Araria AWS,2026-09-29T03:15:00Z,27.3,1006.0,89.0,26.15,87.52,47.0,Indo-Gangetic Plains,indo_gangetic_plains,Indo-Gangetic Plains,India Meteorological Department AWS Portal,2026-09-29T03:23:56Z
43900000743,Arwal AWS,2026-09-29T03:15:00Z,27.6,1003.6,90.0,25.24,84.67,67.0,Indo-Gangetic Plains,indo_gangetic_plains,Indo-Gangetic Plains,India Meteorological Department AWS Portal,2026-09-29T03:23:56Z
43900000744,Aurangabad Bihar AWS,2026-09-29T03:15:00Z,27.1,999.2,91.0,24.75,84.37,108.0,Indo-Gangetic Plains,indo_gangetic_plains,Indo-Gangetic Plains,India Meteorological Department AWS Portal,2026-09-29T03:23:56Z
43900000745,Banka AWS,2026-09-29T03:15:00Z,27.8,1002.6,89.0,24.88,86.92,79.0,Indo-Gangetic Plains,indo_gangetic_plains,Indo-Gangetic Plains,India Meteorological Department AWS Portal,2026-09-29T03:23:56Z
43900000746,Begusarai AWS,2026-09-29T03:15:00Z,27.3,1007.0,86.0,25.42,86.13,41.0,Indo-Gangetic Plains,indo_gangetic_plains,Indo-Gangetic Plains,India Meteorological Department AWS Portal,2026-09-29T03:23:56Z
43900000747,Bhagalpur Sabour AWS,2026-09-29T03:15:00Z,28.2,1005.7,89.0,25.25,87.0,43.0,Indo-Gangetic Plains,indo_gangetic_plains,Indo-Gangetic Plains,India Meteorological Department AWS Portal,2026-09-29T03:23:56Z
43900000748,Buxar AWS,2026-09-29T03:15:00Z,27.2,1004.5,90.0,25.56,83.98,56.0,Indo-Gangetic Plains,indo_gangetic_plains,Indo-Gangetic Plains,India Meteorological Department AWS Portal,2026-09-29T03:23:56Z
43900000749,Gopalganj AWS,2026-09-29T03:15:00Z,26.8,1004.1,94.0,26.47,84.44,65.0,Indo-Gangetic Plains,indo_gangetic_plains,Indo-Gangetic Plains,India Meteorological Department AWS Portal,2026-09-29T03:23:56Z
43900000750,Jamui AWS,2026-09-29T03:15:00Z,27.8,1002.6,89.0,24.92,86.22,78.0,Indo-Gangetic Plains,indo_gangetic_plains,Indo-Gangetic Plains,India Meteorological Department AWS Portal,2026-09-29T03:23:56Z
43900000751,Jehanabad AWS,2026-09-29T03:15:00Z,27.7,1004.0,92.0,25.21,84.98,54.0,Indo-Gangetic Plains,indo_gangetic_plains,Indo-Gangetic Plains,India Meteorological Department AWS Portal,2026-09-29T03:23:56Z
43900000752,Kaimur Bhabua AWS,2026-09-29T03:15:00Z,26.8,1002.3,97.0,25.04,83.61,76.0,Indo-Gangetic Plains,indo_gangetic_plains,Indo-Gangetic Plains,India Meteorological Department AWS Portal,2026-09-29T03:23:56Z
43900000753,Katihar AWS,2026-09-29T03:15:00Z,27.4,1008.2,87.0,25.53,87.58,31.0,Indo-Gangetic Plains,indo_gangetic_plains,Indo-Gangetic Plains,India Meteorological Department AWS Portal,2026-09-29T03:23:56Z
43900000754,Khagaria AWS,2026-09-29T03:15:00Z,28.1,1008.4,86.0,25.5,86.48,36.0,Indo-Gangetic Plains,indo_gangetic_plains,Indo-Gangetic Plains,India Meteorological Department AWS Portal,2026-09-29T03:23:56Z
43900000755,Kishanganj AWS,2026-09-29T03:15:00Z,27.0,1006.4,90.0,26.1,87.95,53.0,Indo-Gangetic Plains,indo_gangetic_plains,Indo-Gangetic Plains,India Meteorological Department AWS Portal,2026-09-29T03:23:56Z
43900000756,Lakhisarai AWS,2026-09-29T03:15:00Z,28.0,1006.5,86.0,25.17,86.09,50.0,Indo-Gangetic Plains,indo_gangetic_plains,Indo-Gangetic Plains,India Meteorological Department AWS Portal,2026-09-29T03:23:56Z
43900000757,Madhepura AWS,2026-09-29T03:15:00Z,27.7,1006.6,87.0,25.92,86.79,41.0,Indo-Gangetic Plains,indo_gangetic_plains,Indo-Gangetic Plains,India Meteorological Department AWS Portal,2026-09-29T03:23:56Z
43900000758,Madhubani AWS,2026-09-29T03:15:00Z,27.7,1005.9,88.0,26.35,86.07,56.0,Indo-Gangetic Plains,indo_gangetic_plains,Indo-Gangetic Plains,India Meteorological Department AWS Portal,2026-09-29T03:23:56Z
43900000759,Munger AWS,2026-09-29T03:15:00Z,28.2,1006.0,90.0,25.37,86.47,43.0,Indo-Gangetic Plains,indo_gangetic_plains,Indo-Gangetic Plains,India Meteorological Department AWS Portal,2026-09-29T03:23:56Z
43900000760,Nalanda Bihar Sharif AWS,2026-09-29T03:15:00Z,27.6,1005.2,88.0,25.2,85.52,51.0,Indo-Gangetic Plains,indo_gangetic_plains,Indo-Gangetic Plains,India Meteorological Department AWS Portal,2026-09-29T03:23:56Z
43900000761,Nawada AWS,2026-09-29T03:15:00Z,27.2,1001.7,97.0,24.88,85.54,80.0,Indo-Gangetic Plains,indo_gangetic_plains,Indo-Gangetic Plains,India Meteorological Department AWS Portal,2026-09-29T03:23:56Z
43900000762,Purnea AWS,2026-09-29T03:15:00Z,27.7,1007.0,88.0,25.7771,87.4753,36.0,Indo-Gangetic Plains,indo_gangetic_plains,Indo-Gangetic Plains,India Meteorological Department AWS Portal,2026-09-29T03:23:56Z
43900000763,Rohtas Sasaram AWS,2026-09-29T03:15:00Z,27.2,999.5,91.0,24.95,84.02,101.0,Indo-Gangetic Plains,indo_gangetic_plains,Indo-Gangetic Plains,India Meteorological Department AWS Portal,2026-09-29T03:23:56Z
43900000764,Saharsa AWS,2026-09-29T03:15:00Z,27.7,1006.9,87.0,25.88,86.6,44.0,Indo-Gangetic Plains,indo_gangetic_plains,Indo-Gangetic Plains,India Meteorological Department AWS Portal,2026-09-29T03:23:56Z
43900000765,Samastipur AWS,2026-09-29T03:15:00Z,27.5,1006.3,93.0,25.86,85.78,52.0,Indo-Gangetic Plains,indo_gangetic_plains,Indo-Gangetic Plains,India Meteorological Department AWS Portal,2026-09-29T03:23:56Z
43900000766,Sheikhpura AWS,2026-09-29T03:15:00Z,27.8,1004.5,88.0,25.14,85.86,44.0,Indo-Gangetic Plains,indo_gangetic_plains,Indo-Gangetic Plains,India Meteorological Department AWS Portal,2026-09-29T03:23:56Z
43900000767,Sheohar AWS,2026-09-29T03:15:00Z,27.8,1005.4,88.0,26.52,85.3,63.0,Indo-Gangetic Plains,indo_gangetic_plains,Indo-Gangetic Plains,India Meteorological Department AWS Portal,2026-09-29T03:23:56Z
43900000768,Sitamarhi AWS,2026-09-29T03:15:00Z,27.0,1005.0,92.0,26.6,85.48,56.0,Indo-Gangetic Plains,indo_gangetic_plains,Indo-Gangetic Plains,India Meteorological Department AWS Portal,2026-09-29T03:23:56Z
43900000769,Siwan AWS,2026-09-29T03:15:00Z,26.9,1004.5,93.0,26.22,84.36,64.0,Indo-Gangetic Plains,indo_gangetic_plains,Indo-Gangetic Plains,India Meteorological Department AWS Portal,2026-09-29T03:23:56Z
43900000770,Vaishali Hajipur AWS,2026-09-29T03:15:00Z,28.0,1006.1,89.0,25.68,85.22,52.0,Indo-Gangetic Plains,indo_gangetic_plains,Indo-Gangetic Plains,India Meteorological Department AWS Portal,2026-09-29T03:23:56Z
43900000771,West Champaran Bettiah AWS,2026-09-29T03:15:00Z,26.4,1003.5,96.0,26.8,84.5,65.0,Indo-Gangetic Plains,indo_gangetic_plains,Indo-Gangetic Plains,India Meteorological Department AWS Portal,2026-09-29T03:23:56Z
43900000772,Valmiki Nagar AWS,2026-09-29T03:15:00Z,26.0,999.0,98.0,27.43,83.9,115.0,Indo-Gangetic Plains,indo_gangetic_plains,Indo-Gangetic Plains,India Meteorological Department AWS Portal,2026-09-29T03:23:56Z
43900000773,Alipurduar AWS,2026-09-29T03:15:00Z,26.3,1006.3,94.0,26.49,89.53,93.0,Northeast Hills,northeast_hills,Northeast Hills,India Meteorological Department AWS Portal,2026-09-29T03:23:56Z
43900000774,Bankura AWS,2026-09-29T03:15:00Z,26.6,1001.9,98.0,23.23,87.07,78.0,Central Plateau,central_plateau,Central Plateau,India Meteorological Department AWS Portal,2026-09-29T03:23:56Z
43900000775,Birbhum Suri AWS,2026-09-29T03:15:00Z,27.3,1002.6,96.0,23.91,87.53,71.0,Central Plateau,central_plateau,Central Plateau,India Meteorological Department AWS Portal,2026-09-29T03:23:56Z
43900000776,Hooghly Chinsurah AWS,2026-09-29T03:15:00Z,26.8,1010.1,97.0,22.9,88.4,15.0,Northeast Hills,northeast_hills,Northeast Hills,India Meteorological Department AWS Portal,2026-09-29T03:23:56Z
43900000777,Howrah AWS,2026-09-29T03:15:00Z,27.4,1010.9,93.0,22.59,88.31,12.0,Northeast Hills,northeast_hills,Northeast Hills,India Meteorological Department AWS Portal,2026-09-29T03:23:56Z
43900000778,Jhargram AWS,2026-09-29T03:15:00Z,25.9,1003.0,100.0,22.45,86.98,81.0,Central Plateau,central_plateau,Central Plateau,India Meteorological Department AWS Portal,2026-09-29T03:23:56Z
43900000779,Malda AWS,2026-09-29T03:15:00Z,27.5,1008.3,88.0,25.0,88.14,31.0,Northeast Hills,northeast_hills,Northeast Hills,India Meteorological Department AWS Portal,2026-09-29T03:23:56Z
43900000780,Murshidabad Berhampore AWS,2026-09-29T03:15:00Z,27.7,1009.0,94.0,24.1,88.25,18.0,Northeast Hills,northeast_hills,Northeast Hills,India Meteorological Department AWS Portal,2026-09-29T03:23:56Z
43900000781,North 24 Parganas Barasat AWS,2026-09-29T03:15:00Z,26.5,1010.5,98.0,22.72,88.48,11.0,Northeast Hills,northeast_hills,Northeast Hills,India Meteorological Department AWS Portal,2026-09-29T03:23:56Z
43900000782,Paschim Bardhaman Asansol AWS,2026-09-29T03:15:00Z,26.5,997.8,98.0,23.68,86.98,97.0,Central Plateau,central_plateau,Central Plateau,India Meteorological Department AWS Portal,2026-09-29T03:23:56Z
43900000783,Paschim Bardhaman Durgapur AWS,2026-09-29T03:15:00Z,26.8,1000.0,99.0,23.52,87.31,65.0,Central Plateau,central_plateau,Central Plateau,India Meteorological Department AWS Portal,2026-09-29T03:23:56Z
43900000784,Purulia AWS,2026-09-29T03:15:00Z,25.5,983.5,95.0,23.33,86.36,228.0,Central Plateau,central_plateau,Central Plateau,India Meteorological Department AWS Portal,2026-09-29T03:23:56Z
43900000785,South 24 Parganas Canning AWS,2026-09-29T03:15:00Z,27.3,1010.8,95.0,22.31,88.66,4.0,Northeast Hills,northeast_hills,Northeast Hills,India Meteorological Department AWS Portal,2026-09-29T03:23:56Z
43900000786,South 24 Parganas Sagar Island AWS,2026-09-29T03:15:00Z,28.0,1011.0,90.0,21.65,88.08,3.0,Northeast Hills,northeast_hills,Northeast Hills,India Meteorological Department AWS Portal,2026-09-29T03:23:56Z
43900000787,Uttar Dinajpur Raiganj AWS,2026-09-29T03:15:00Z,27.3,1008.2,89.0,25.62,88.12,40.0,Northeast Hills,northeast_hills,Northeast Hills,India Meteorological Department AWS Portal,2026-09-29T03:23:56Z
43900000788,Siliguri Agro-AWS,2026-09-29T03:15:00Z,26.0,998.6,73.0,26.72,88.42,122.0,Northeast Hills,northeast_hills,Northeast Hills,India Meteorological Department AWS Portal,2026-09-29T03:23:56Z
43900000789,Shantiniketan AWS,2026-09-29T03:15:00Z,27.3,1004.5,97.0,23.68,87.69,56.0,Central Plateau,central_plateau,Central Plateau,India Meteorological Department AWS Portal,2026-09-29T03:23:56Z
43900000790,Bargarh AWS,2026-09-29T03:15:00Z,25.7,992.3,93.0,21.33,83.62,171.0,Central Plateau,central_plateau,Central Plateau,India Meteorological Department AWS Portal,2026-09-29T03:23:56Z
43900000791,Bhadrak AWS,2026-09-29T03:15:00Z,26.8,1009.4,96.0,21.06,86.5,23.0,Central Plateau,central_plateau,Central Plateau,India Meteorological Department AWS Portal,2026-09-29T03:23:56Z
43900000792,Boudh AWS,2026-09-29T03:15:00Z,25.7,1001.4,97.0,20.84,84.32,110.0,Coastal Plains,coastal_plains,Coastal Plains,India Meteorological Department AWS Portal,2026-09-29T03:23:56Z
43900000793,Cuttack AWS,2026-09-29T03:15:00Z,26.2,1008.4,97.0,20.46,85.88,36.0,Coastal Plains,coastal_plains,Coastal Plains,India Meteorological Department AWS Portal,2026-09-29T03:23:56Z
43900000794,Deogarh AWS,2026-09-29T03:15:00Z,25.4,990.8,96.0,21.53,84.73,213.0,Central Plateau,central_plateau,Central Plateau,India Meteorological Department AWS Portal,2026-09-29T03:23:56Z
43900000795,Dhenkanal AWS,2026-09-29T03:15:00Z,25.5,1005.3,98.0,20.67,85.6,80.0,Coastal Plains,coastal_plains,Coastal Plains,India Meteorological Department AWS Portal,2026-09-29T03:23:56Z
43900000796,Gajapati Paralakhemundi AWS,2026-09-29T03:15:00Z,25.8,1006.1,97.0,18.77,84.08,48.0,Coastal Plains,coastal_plains,Coastal Plains,India Meteorological Department AWS Portal,2026-09-29T03:23:56Z
43900000797,Jagatsinghpur Paradip AWS,2026-09-29T03:15:00Z,28.3,1010.7,83.0,20.26,86.67,5.0,Coastal Plains,coastal_plains,Coastal Plains,India Meteorological Department AWS Portal,2026-09-29T03:23:56Z
43900000798,Jajpur AWS,2026-09-29T03:15:00Z,26.8,1010.1,97.0,20.85,86.33,37.0,Coastal Plains,coastal_plains,Coastal Plains,India Meteorological Department AWS Portal,2026-09-29T03:23:56Z
43900000799,Jharsuguda AWS,2026-09-29T03:15:00Z,25.7,987.5,97.0,21.85,84.02,218.0,Central Plateau,central_plateau,Central Plateau,India Meteorological Department AWS Portal,2026-09-29T03:23:56Z
43900000800,Kandhamal Phulbani AWS,2026-09-29T03:15:00Z,24.1,960.4,99.0,20.47,84.23,485.0,Coastal Plains,coastal_plains,Coastal Plains,India Meteorological Department AWS Portal,2026-09-29T03:23:56Z
43900000801,Kendrapara AWS,2026-09-29T03:15:00Z,27.1,1010.2,95.0,20.5,86.42,13.0,Coastal Plains,coastal_plains,Coastal Plains,India Meteorological Department AWS Portal,2026-09-29T03:23:56Z
43900000802,Kendujhar AWS,2026-09-29T03:15:00Z,24.0,960.1,99.0,21.63,85.58,480.0,Central Plateau,central_plateau,Central Plateau,India Meteorological Department AWS Portal,2026-09-29T03:23:56Z
43900000803,Malkangiri AWS,2026-09-29T03:15:00Z,25.5,990.8,94.0,18.35,81.9,195.0,Central Plateau,central_plateau,Central Plateau,India Meteorological Department AWS Portal,2026-09-29T03:23:56Z
43900000804,Mayurbhanj Baripada AWS,2026-09-29T03:15:00Z,26.2,1007.5,96.0,21.93,86.72,36.0,Central Plateau,central_plateau,Central Plateau,India Meteorological Department AWS Portal,2026-09-29T03:23:56Z
43900000805,Nabarangpur AWS,2026-09-29T03:15:00Z,23.2,948.7,99.0,19.23,82.55,582.0,Coastal Plains,coastal_plains,Coastal Plains,India Meteorological Department AWS Portal,2026-09-29T03:23:56Z
43900000806,Nayagarh AWS,2026-09-29T03:15:00Z,25.2,990.7,99.0,20.13,85.1,114.0,Coastal Plains,coastal_plains,Coastal Plains,India Meteorological Department AWS Portal,2026-09-29T03:23:56Z
43900000807,Nuapada AWS,2026-09-29T03:15:00Z,24.9,975.0,97.0,20.83,82.52,260.0,Coastal Plains,coastal_plains,Coastal Plains,India Meteorological Department AWS Portal,2026-09-29T03:23:56Z
43900000808,Rayagada AWS,2026-09-29T03:15:00Z,24.6,987.6,98.0,19.17,83.42,207.0,Coastal Plains,coastal_plains,Coastal Plains,India Meteorological Department AWS Portal,2026-09-29T03:23:56Z
43900000809,Subarnapur Sonepur AWS,2026-09-29T03:15:00Z,25.9,1000.3,97.0,20.83,83.92,117.0,Coastal Plains,coastal_plains,Coastal Plains,India Meteorological Department AWS Portal,2026-09-29T03:23:56Z
43900000810,Sundargarh Rourkela AWS,2026-09-29T03:15:00Z,25.5,988.5,96.0,22.25,84.88,219.0,Central Plateau,central_plateau,Central Plateau,India Meteorological Department AWS Portal,2026-09-29T03:23:56Z
43900000811,Titlagarh Arid AWS,2026-09-29T03:15:00Z,25.2,987.3,94.0,20.3,83.15,215.0,Coastal Plains,coastal_plains,Coastal Plains,India Meteorological Department AWS Portal,2026-09-29T03:23:56Z
43900000812,Daringbadi Hill AWS,2026-09-29T03:15:00Z,21.0,909.0,100.0,19.91,84.13,915.0,Coastal Plains,coastal_plains,Coastal Plains,India Meteorological Department AWS Portal,2026-09-29T03:23:56Z
43900000813,Ariyalur AWS,2026-09-29T03:15:00Z,28.5,1002.1,71.0,11.14,79.08,76.0,Coastal Plains,coastal_plains,Coastal Plains,India Meteorological Department AWS Portal,2026-09-29T03:23:56Z
43900000814,Chengalpattu AWS,2026-09-29T03:15:00Z,24.8,1007.2,97.0,12.69,79.98,36.0,Deccan Plateau,deccan_plateau,Deccan Plateau,India Meteorological Department AWS Portal,2026-09-29T03:23:56Z
43900000815,Dharmapuri AWS,2026-09-29T03:15:00Z,25.0,961.7,89.0,12.13,78.16,468.0,Deccan Plateau,deccan_plateau,Deccan Plateau,India Meteorological Department AWS Portal,2026-09-29T03:23:56Z
43900000816,Dindigul AWS,2026-09-29T03:15:00Z,26.9,980.3,87.0,10.37,77.98,265.0,Coastal Plains,coastal_plains,Coastal Plains,India Meteorological Department AWS Portal,2026-09-29T03:23:56Z
43900000817,Erode AWS,2026-09-29T03:15:00Z,26.3,992.3,83.0,11.34,77.72,183.0,Coastal Plains,coastal_plains,Coastal Plains,India Meteorological Department AWS Portal,2026-09-29T03:23:56Z
43900000818,Kanchipuram AWS,2026-09-29T03:15:00Z,24.7,1002.8,96.0,12.83,79.7,83.0,Deccan Plateau,deccan_plateau,Deccan Plateau,India Meteorological Department AWS Portal,2026-09-29T03:23:56Z
43900000819,Kanyakumari Nagercoil AWS,2026-09-29T03:15:00Z,25.0,1007.0,91.0,8.18,77.41,40.0,Coastal Plains,coastal_plains,Coastal Plains,India Meteorological Department AWS Portal,2026-09-29T03:23:56Z
43900000820,Krishnagiri AWS,2026-09-29T03:15:00Z,23.6,958.6,93.0,12.52,78.21,492.0,Deccan Plateau,deccan_plateau,Deccan Plateau,India Meteorological Department AWS Portal,2026-09-29T03:23:56Z
43900000821,Mayiladuthurai AWS,2026-09-29T03:15:00Z,28.6,1009.0,83.0,11.1,79.65,14.0,Coastal Plains,coastal_plains,Coastal Plains,India Meteorological Department AWS Portal,2026-09-29T03:23:56Z
43900000822,Namakkal AWS,2026-09-29T03:15:00Z,28.0,989.8,74.0,11.22,78.17,218.0,Coastal Plains,coastal_plains,Coastal Plains,India Meteorological Department AWS Portal,2026-09-29T03:23:56Z
43900000823,Nilgiris Ooty Hill AWS,2026-09-29T03:15:00Z,13.9,786.3,98.0,11.41,76.7,2240.0,Coastal Plains,coastal_plains,Coastal Plains,India Meteorological Department AWS Portal,2026-09-29T03:23:56Z
43900000824,Perambalur AWS,2026-09-29T03:15:00Z,28.1,998.0,75.0,11.23,78.88,143.0,Coastal Plains,coastal_plains,Coastal Plains,India Meteorological Department AWS Portal,2026-09-29T03:23:56Z
43900000825,Pudukkottai AWS,2026-09-29T03:15:00Z,27.8,1000.1,77.0,10.38,78.82,100.0,Coastal Plains,coastal_plains,Coastal Plains,India Meteorological Department AWS Portal,2026-09-29T03:23:56Z
43900000826,Ranipet AWS,2026-09-29T03:15:00Z,24.7,992.2,98.0,12.93,79.33,160.0,Deccan Plateau,deccan_plateau,Deccan Plateau,India Meteorological Department AWS Portal,2026-09-29T03:23:56Z
43900000827,Sivaganga AWS,2026-09-29T03:15:00Z,27.5,1000.1,83.0,9.85,78.48,102.0,Coastal Plains,coastal_plains,Coastal Plains,India Meteorological Department AWS Portal,2026-09-29T03:23:56Z
43900000828,Tenkasi AWS,2026-09-29T03:15:00Z,25.2,995.4,86.0,8.96,77.3,143.0,Coastal Plains,coastal_plains,Coastal Plains,India Meteorological Department AWS Portal,2026-09-29T03:23:56Z
43900000829,Theni AWS,2026-09-29T03:15:00Z,25.8,978.5,80.0,10.01,77.48,290.0,Coastal Plains,coastal_plains,Coastal Plains,India Meteorological Department AWS Portal,2026-09-29T03:23:56Z
43900000830,Thoothukudi Tuticorin AWS,2026-09-29T03:15:00Z,28.7,1011.2,69.0,8.76,78.13,8.0,Coastal Plains,coastal_plains,Coastal Plains,India Meteorological Department AWS Portal,2026-09-29T03:23:56Z
43900000831,Tirunelveli Palayamkottai AWS,2026-09-29T03:15:00Z,27.7,1007.7,73.0,8.73,77.7,47.0,Coastal Plains,coastal_plains,Coastal Plains,India Meteorological Department AWS Portal,2026-09-29T03:23:56Z
43900000832,Tiruppur AWS,2026-09-29T03:15:00Z,24.8,977.3,89.0,11.11,77.34,295.0,Coastal Plains,coastal_plains,Coastal Plains,India Meteorological Department AWS Portal,2026-09-29T03:23:56Z
43900000833,Tiruvallur AWS,2026-09-29T03:15:00Z,25.2,1006.9,96.0,13.14,79.91,38.0,Deccan Plateau,deccan_plateau,Deccan Plateau,India Meteorological Department AWS Portal,2026-09-29T03:23:56Z
43900000834,Tiruvannamalai AWS,2026-09-29T03:15:00Z,25.4,990.9,98.0,12.23,79.07,171.0,Deccan Plateau,deccan_plateau,Deccan Plateau,India Meteorological Department AWS Portal,2026-09-29T03:23:56Z
43900000835,Tiruvarur AWS,2026-09-29T03:15:00Z,29.1,1009.8,76.0,10.77,79.64,10.0,Coastal Plains,coastal_plains,Coastal Plains,India Meteorological Department AWS Portal,2026-09-29T03:23:56Z
43900000836,Viluppuram AWS,2026-09-29T03:15:00Z,25.7,1006.3,95.0,11.94,79.49,42.0,Coastal Plains,coastal_plains,Coastal Plains,India Meteorological Department AWS Portal,2026-09-29T03:23:56Z
43900000837,Virudhunagar AWS,2026-09-29T03:15:00Z,27.4,999.9,83.0,9.58,77.96,117.0,Coastal Plains,coastal_plains,Coastal Plains,India Meteorological Department AWS Portal,2026-09-29T03:23:56Z
43900000838,Ennore Port AWS,2026-09-29T03:15:00Z,25.7,1011.4,96.0,13.24,80.33,6.0,Central Plateau,central_plateau,Central Plateau,India Meteorological Department AWS Portal,2026-09-29T03:23:56Z
43900000839,Bagalkot AWS,2026-09-29T03:15:00Z,26.5,952.8,77.0,16.18,75.7,533.0,Deccan Plateau,deccan_plateau,Deccan Plateau,India Meteorological Department AWS Portal,2026-09-29T03:23:56Z
43900000840,Ballari AWS,2026-09-29T03:15:00Z,25.5,961.7,85.0,15.14,76.92,495.0,Deccan Plateau,deccan_plateau,Deccan Plateau,India Meteorological Department AWS Portal,2026-09-29T03:23:56Z
43900000841,Bengaluru Urban GKVK AWS,2026-09-29T03:15:00Z,20.5,910.9,99.0,13.08,77.58,920.0,Deccan Plateau,deccan_plateau,Deccan Plateau,India Meteorological Department AWS Portal,2026-09-29T03:23:56Z
43900000842,Chikkaballapur AWS,2026-09-29T03:15:00Z,20.9,913.9,95.0,13.43,77.73,915.0,Deccan Plateau,deccan_plateau,Deccan Plateau,India Meteorological Department AWS Portal,2026-09-29T03:23:56Z
43900000843,Chikkamagaluru AWS,2026-09-29T03:15:00Z,19.9,902.8,98.0,13.32,75.77,1090.0,Deccan Plateau,deccan_plateau,Deccan Plateau,India Meteorological Department AWS Portal,2026-09-29T03:23:56Z
43900000844,Chitradurga AWS,2026-09-29T03:15:00Z,23.2,933.7,89.0,14.23,76.4,732.0,Deccan Plateau,deccan_plateau,Deccan Plateau,India Meteorological Department AWS Portal,2026-09-29T03:23:56Z
43900000845,Hassan AWS,2026-09-29T03:15:00Z,21.3,910.7,95.0,13.01,76.1,957.0,Deccan Plateau,deccan_plateau,Deccan Plateau,India Meteorological Department AWS Portal,2026-09-29T03:23:56Z
43900000846,Kolar AWS,2026-09-29T03:15:00Z,21.6,922.0,93.0,13.14,78.13,822.0,Deccan Plateau,deccan_plateau,Deccan Plateau,India Meteorological Department AWS Portal,2026-09-29T03:23:56Z
43900000847,Mandya V C Farm AWS,2026-09-29T03:15:00Z,22.0,939.3,99.0,12.52,76.9,678.0,Deccan Plateau,deccan_plateau,Deccan Plateau,India Meteorological Department AWS Portal,2026-09-29T03:23:56Z
43900000848,Mysuru Airport AWS,2026-09-29T03:15:00Z,23.3,934.1,87.0,12.23,76.65,763.0,Deccan Plateau,deccan_plateau,Deccan Plateau,India Meteorological Department AWS Portal,2026-09-29T03:23:56Z
43900000849,Ramanagara AWS,2026-09-29T03:15:00Z,22.0,938.0,96.0,12.72,77.28,747.0,Deccan Plateau,deccan_plateau,Deccan Plateau,India Meteorological Department AWS Portal,2026-09-29T03:23:56Z
43900000850,Shivamogga AWS,2026-09-29T03:15:00Z,23.1,949.0,94.0,13.93,75.57,569.0,Deccan Plateau,deccan_plateau,Deccan Plateau,India Meteorological Department AWS Portal,2026-09-29T03:23:56Z
43900000851,Tumakuru AWS,2026-09-29T03:15:00Z,21.2,924.0,95.0,13.34,77.1,822.0,Deccan Plateau,deccan_plateau,Deccan Plateau,India Meteorological Department AWS Portal,2026-09-29T03:23:56Z
43900000852,Udupi Manipal AWS,2026-09-29T03:15:00Z,26.2,1008.0,91.0,13.35,74.78,88.0,Deccan Plateau,deccan_plateau,Deccan Plateau,India Meteorological Department AWS Portal,2026-09-29T03:23:56Z
43900000853,Yadgir AWS,2026-09-29T03:15:00Z,24.1,969.3,94.0,16.77,77.14,389.0,Deccan Plateau,deccan_plateau,Deccan Plateau,India Meteorological Department AWS Portal,2026-09-29T03:23:56Z
43900000854,Alluri Sitharama Raju Paderu AWS,2026-09-29T03:15:00Z,20.6,911.5,97.0,18.08,82.67,910.0,Coastal Plains,coastal_plains,Coastal Plains,India Meteorological Department AWS Portal,2026-09-29T03:23:56Z
43900000855,Anakapalli AWS,2026-09-29T03:15:00Z,25.7,1007.4,95.0,17.69,83.0,26.0,Coastal Plains,coastal_plains,Coastal Plains,India Meteorological Department AWS Portal,2026-09-29T03:23:56Z
43900000856,Ananthapuramu Agro-AWS,2026-09-29T03:15:00Z,25.5,973.5,86.0,14.68,77.6,351.0,Deccan Plateau,deccan_plateau,Deccan Plateau,India Meteorological Department AWS Portal,2026-09-29T03:23:56Z
43900000857,Annamayya Rayachoti AWS,2026-09-29T03:15:00Z,25.0,972.9,93.0,14.06,78.75,380.0,Deccan Plateau,deccan_plateau,Deccan Plateau,India Meteorological Department AWS Portal,2026-09-29T03:23:56Z
43900000858,Chittoor AWS,2026-09-29T03:15:00Z,24.2,978.5,95.0,13.22,79.1,315.0,Deccan Plateau,deccan_plateau,Deccan Plateau,India Meteorological Department AWS Portal,2026-09-29T03:23:56Z
43900000859,East Godavari Rajahmundry AWS,2026-09-29T03:15:00Z,27.6,1007.1,94.0,17.0,81.78,14.0,Central Plateau,central_plateau,Central Plateau,India Meteorological Department AWS Portal,2026-09-29T03:23:56Z
43900000860,Eluru AWS,2026-09-29T03:15:00Z,27.5,1007.9,90.0,16.71,81.1,22.0,Central Plateau,central_plateau,Central Plateau,India Meteorological Department AWS Portal,2026-09-29T03:23:56Z
43900000861,Guntur Lam Farm AWS,2026-09-29T03:15:00Z,28.7,1006.5,82.0,16.3,80.45,33.0,Central Plateau,central_plateau,Central Plateau,India Meteorological Department AWS Portal,2026-09-29T03:23:56Z
43900000862,Konaseema Amalapuram AWS,2026-09-29T03:15:00Z,27.0,1009.6,98.0,16.58,82.0,3.0,Central Plateau,central_plateau,Central Plateau,India Meteorological Department AWS Portal,2026-09-29T03:23:56Z
43900000863,Palnadu Narasaraopet AWS,2026-09-29T03:15:00Z,29.0,1001.4,77.0,16.23,80.05,76.0,Central Plateau,central_plateau,Central Plateau,India Meteorological Department AWS Portal,2026-09-29T03:23:56Z
43900000864,Parvathipuram Manyam AWS,2026-09-29T03:15:00Z,25.1,997.9,96.0,18.78,83.43,120.0,Coastal Plains,coastal_plains,Coastal Plains,India Meteorological Department AWS Portal,2026-09-29T03:23:56Z
43900000865,Prakasam Ongole AWS,2026-09-29T03:15:00Z,29.1,1007.6,83.0,15.5,80.05,10.0,Central Plateau,central_plateau,Central Plateau,India Meteorological Department AWS Portal,2026-09-29T03:23:56Z
43900000866,Sri Sathya Sai Puttaparthi AWS,2026-09-29T03:15:00Z,24.1,961.3,91.0,14.16,77.81,475.0,Deccan Plateau,deccan_plateau,Deccan Plateau,India Meteorological Department AWS Portal,2026-09-29T03:23:56Z
43900000867,Tirupati Airport AWS,2026-09-29T03:15:00Z,25.3,1000.2,95.0,13.63,79.54,107.0,Deccan Plateau,deccan_plateau,Deccan Plateau,India Meteorological Department AWS Portal,2026-09-29T03:23:56Z
43900000868,Visakhapatnam Dolphin Nose AWS,2026-09-29T03:15:00Z,26.1,997.3,93.0,17.68,83.22,66.0,Coastal Plains,coastal_plains,Coastal Plains,India Meteorological Department AWS Portal,2026-09-29T03:23:56Z
43900000869,Vizianagaram AWS,2026-09-29T03:15:00Z,25.6,1003.8,94.0,18.12,83.42,66.0,Coastal Plains,coastal_plains,Coastal Plains,India Meteorological Department AWS Portal,2026-09-29T03:23:56Z
43900000870,West Godavari Bhimavaram AWS,2026-09-29T03:15:00Z,27.3,1009.9,92.0,16.54,81.52,7.0,Central Plateau,central_plateau,Central Plateau,India Meteorological Department AWS Portal,2026-09-29T03:23:56Z
43900000871,Bhadradri Kothagudem AWS,2026-09-29T03:15:00Z,27.4,998.3,89.0,17.55,80.62,89.0,Central Plateau,central_plateau,Central Plateau,India Meteorological Department AWS Portal,2026-09-29T03:23:56Z
43900000872,Hanumakonda Warangal AWS,2026-09-29T03:15:00Z,26.7,981.2,85.0,17.97,79.59,270.0,Deccan Plateau,deccan_plateau,Deccan Plateau,India Meteorological Department AWS Portal,2026-09-29T03:23:56Z
43900000873,Jagtial Agro-AWS,2026-09-29T03:15:00Z,25.8,980.0,98.0,18.8,78.92,264.0,Deccan Plateau,deccan_plateau,Deccan Plateau,India Meteorological Department AWS Portal,2026-09-29T03:23:56Z
43900000874,Jangaon AWS,2026-09-29T03:15:00Z,25.9,969.3,91.0,17.72,79.16,382.0,Deccan Plateau,deccan_plateau,Deccan Plateau,India Meteorological Department AWS Portal,2026-09-29T03:23:56Z
43900000875,Jayashankar Bhupalpally AWS,2026-09-29T03:15:00Z,25.6,988.7,93.0,18.43,79.86,172.0,Deccan Plateau,deccan_plateau,Deccan Plateau,India Meteorological Department AWS Portal,2026-09-29T03:23:56Z
43900000876,Jogulamba Gadwal AWS,2026-09-29T03:15:00Z,26.8,975.1,80.0,16.23,77.8,325.0,Deccan Plateau,deccan_plateau,Deccan Plateau,India Meteorological Department AWS Portal,2026-09-29T03:23:56Z
43900000877,Kamareddy AWS,2026-09-29T03:15:00Z,24.7,954.1,95.0,18.32,78.34,495.0,Deccan Plateau,deccan_plateau,Deccan Plateau,India Meteorological Department AWS Portal,2026-09-29T03:23:56Z
43900000878,Karimnagar AWS,2026-09-29T03:15:00Z,26.0,980.4,96.0,18.44,79.13,265.0,Deccan Plateau,deccan_plateau,Deccan Plateau,India Meteorological Department AWS Portal,2026-09-29T03:23:56Z
43900000879,Kumuram Bheem Asifabad AWS,2026-09-29T03:15:00Z,25.5,987.6,98.0,19.36,79.28,218.0,Deccan Plateau,deccan_plateau,Deccan Plateau,India Meteorological Department AWS Portal,2026-09-29T03:23:56Z
43900000880,Mahabubabad AWS,2026-09-29T03:15:00Z,26.9,989.2,88.0,17.6,80.0,180.0,Deccan Plateau,deccan_plateau,Deccan Plateau,India Meteorological Department AWS Portal,2026-09-29T03:23:56Z
43900000881,Mancherial AWS,2026-09-29T03:15:00Z,26.3,994.3,96.0,18.87,79.46,153.0,Deccan Plateau,deccan_plateau,Deccan Plateau,India Meteorological Department AWS Portal,2026-09-29T03:23:56Z
43900000882,Medchal Malkajgiri AWS,2026-09-29T03:15:00Z,24.7,946.4,93.0,17.63,78.48,577.0,Deccan Plateau,deccan_plateau,Deccan Plateau,India Meteorological Department AWS Portal,2026-09-29T03:23:56Z
43900000883,Mulugu AWS,2026-09-29T03:15:00Z,25.8,985.9,91.0,18.19,79.94,178.0,Deccan Plateau,deccan_plateau,Deccan Plateau,India Meteorological Department AWS Portal,2026-09-29T03:23:56Z
43900000884,Nagarkurnool AWS,2026-09-29T03:15:00Z,26.1,960.9,77.0,16.48,78.32,458.0,Deccan Plateau,deccan_plateau,Deccan Plateau,India Meteorological Department AWS Portal,2026-09-29T03:23:56Z
43900000885,Nalgonda AWS,2026-09-29T03:15:00Z,28.5,984.1,77.0,17.06,79.27,230.0,Deccan Plateau,deccan_plateau,Deccan Plateau,India Meteorological Department AWS Portal,2026-09-29T03:23:56Z
43900000886,Narayanpet AWS,2026-09-29T03:15:00Z,24.1,964.5,85.0,16.73,77.5,431.0,Deccan Plateau,deccan_plateau,Deccan Plateau,India Meteorological Department AWS Portal,2026-09-29T03:23:56Z
43900000887,Peddapalli Ramagundam AWS,2026-09-29T03:15:00Z,26.9,994.6,97.0,18.76,79.51,179.0,Deccan Plateau,deccan_plateau,Deccan Plateau,India Meteorological Department AWS Portal,2026-09-29T03:23:56Z
43900000888,Rajanna Sircilla AWS,2026-09-29T03:15:00Z,25.8,975.6,96.0,18.38,78.83,322.0,Deccan Plateau,deccan_plateau,Deccan Plateau,India Meteorological Department AWS Portal,2026-09-29T03:23:56Z
43900000889,Ranga Reddy Hayathnagar AWS,2026-09-29T03:15:00Z,25.6,953.5,88.0,17.32,78.59,515.0,Deccan Plateau,deccan_plateau,Deccan Plateau,India Meteorological Department AWS Portal,2026-09-29T03:23:56Z
43900000890,Sangareddy AWS,2026-09-29T03:15:00Z,25.9,953.8,87.0,17.62,78.08,501.0,Deccan Plateau,deccan_plateau,Deccan Plateau,India Meteorological Department AWS Portal,2026-09-29T03:23:56Z
43900000891,Siddipet AWS,2026-09-29T03:15:00Z,25.0,958.3,97.0,18.1,78.85,475.0,Deccan Plateau,deccan_plateau,Deccan Plateau,India Meteorological Department AWS Portal,2026-09-29T03:23:56Z
43900000892,Suryapet AWS,2026-09-29T03:15:00Z,28.1,990.5,78.0,17.14,79.62,181.0,Deccan Plateau,deccan_plateau,Deccan Plateau,India Meteorological Department AWS Portal,2026-09-29T03:23:56Z
43900000893,Vikarabad AWS,2026-09-29T03:15:00Z,25.9,941.2,80.0,17.33,77.9,638.0,Deccan Plateau,deccan_plateau,Deccan Plateau,India Meteorological Department AWS Portal,2026-09-29T03:23:56Z
43900000894,Wanaparthy AWS,2026-09-29T03:15:00Z,27.9,965.5,72.0,16.36,78.06,357.0,Deccan Plateau,deccan_plateau,Deccan Plateau,India Meteorological Department AWS Portal,2026-09-29T03:23:56Z
43900000895,Yadadri Bhuvanagiri AWS,2026-09-29T03:15:00Z,25.8,962.2,87.0,17.51,78.88,430.0,Deccan Plateau,deccan_plateau,Deccan Plateau,India Meteorological Department AWS Portal,2026-09-29T03:23:56Z
43900000896,Alappuzha Coastal AWS,2026-09-29T03:15:00Z,25.3,1012.9,96.0,9.5,76.33,4.0,Coastal Plains,coastal_plains,Coastal Plains,India Meteorological Department AWS Portal,2026-09-29T03:23:56Z
43900000897,Idukki Munnar Hill AWS,2026-09-29T03:15:00Z,17.4,857.1,99.0,10.09,77.06,1530.0,Coastal Plains,coastal_plains,Coastal Plains,India Meteorological Department AWS Portal,2026-09-29T03:23:56Z
43900000898,Idukki Peermade AWS,2026-09-29T03:15:00Z,19.1,900.5,100.0,9.57,76.99,915.0,Coastal Plains,coastal_plains,Coastal Plains,India Meteorological Department AWS Portal,2026-09-29T03:23:56Z
43900000899,Kannur Airport AWS,2026-09-29T03:15:00Z,25.1,1003.8,98.0,11.92,75.55,96.0,Coastal Plains,coastal_plains,Coastal Plains,India Meteorological Department AWS Portal,2026-09-29T03:23:56Z
43900000900,Kasaragod Pilicode AWS,2026-09-29T03:15:00Z,25.9,1013.3,93.0,12.21,75.16,15.0,Deccan Plateau,deccan_plateau,Deccan Plateau,India Meteorological Department AWS Portal,2026-09-29T03:23:56Z
43900000901,Kollam Coastal AWS,2026-09-29T03:15:00Z,25.3,1012.4,96.0,8.89,76.6,12.0,Coastal Plains,coastal_plains,Coastal Plains,India Meteorological Department AWS Portal,2026-09-29T03:23:56Z
43900000902,Kottayam Kumarakom AWS,2026-09-29T03:15:00Z,24.4,1011.6,98.0,9.59,76.52,8.0,Coastal Plains,coastal_plains,Coastal Plains,India Meteorological Department AWS Portal,2026-09-29T03:23:56Z
43900000903,Malappuram Manjeri AWS,2026-09-29T03:15:00Z,24.4,1008.5,97.0,11.12,76.12,68.0,Coastal Plains,coastal_plains,Coastal Plains,India Meteorological Department AWS Portal,2026-09-29T03:23:56Z
43900000904,Pathanamthitta Konni AWS,2026-09-29T03:15:00Z,23.9,1010.3,98.0,9.27,76.79,31.0,Coastal Plains,coastal_plains,Coastal Plains,India Meteorological Department AWS Portal,2026-09-29T03:23:56Z
43900000905,Thrissur Vellanikkara AWS,2026-09-29T03:15:00Z,24.6,1011.5,99.0,10.54,76.28,41.0,Coastal Plains,coastal_plains,Coastal Plains,India Meteorological Department AWS Portal,2026-09-29T03:23:56Z
43900000906,Wayanad Ambalavayal AWS,2026-09-29T03:15:00Z,21.2,912.9,99.0,11.62,76.21,974.0,Coastal Plains,coastal_plains,Coastal Plains,India Meteorological Department AWS Portal,2026-09-29T03:23:56Z
43900000907,Varkala Coastal AWS,2026-09-29T03:15:00Z,25.0,1008.8,97.0,8.73,76.71,18.0,Coastal Plains,coastal_plains,Coastal Plains,India Meteorological Department AWS Portal,2026-09-29T03:23:56Z
43900000908,Ponnani Coastal AWS,2026-09-29T03:15:00Z,24.7,1012.7,97.0,10.77,75.92,5.0,Coastal Plains,coastal_plains,Coastal Plains,India Meteorological Department AWS Portal,2026-09-29T03:23:56Z
43900000909,Barnala AWS,2026-09-29T03:15:00Z,25.5,985.5,84.0,30.38,75.55,227.0,Northern Himalayas,northern_himalayas,Northern Himalayas,India Meteorological Department AWS Portal,2026-09-29T03:23:56Z
43900000910,Bathinda Bhisiana AWS,2026-09-29T03:15:00Z,27.1,988.3,76.0,30.21,74.95,201.0,Northern Himalayas,northern_himalayas,Northern Himalayas,India Meteorological Department AWS Portal,2026-09-29T03:23:56Z
43900000911,Faridkot AWS,2026-09-29T03:15:00Z,26.5,987.9,79.0,30.67,74.76,196.0,Northern Himalayas,northern_himalayas,Northern Himalayas,India Meteorological Department AWS Portal,2026-09-29T03:23:56Z
43900000912,Fatehgarh Sahib AWS,2026-09-29T03:15:00Z,25.4,981.9,71.0,30.65,76.4,246.0,Northern Himalayas,northern_himalayas,Northern Himalayas,India Meteorological Department AWS Portal,2026-09-29T03:23:56Z
43900000913,Fazilka Abohar AWS,2026-09-29T03:15:00Z,26.6,990.2,74.0,30.14,74.2,180.0,Northern Himalayas,northern_himalayas,Northern Himalayas,India Meteorological Department AWS Portal,2026-09-29T03:23:56Z
43900000914,Firozpur AWS,2026-09-29T03:15:00Z,25.6,988.8,81.0,30.92,74.61,197.0,Northern Himalayas,northern_himalayas,Northern Himalayas,India Meteorological Department AWS Portal,2026-09-29T03:23:56Z
43900000915,Gurdaspur AWS,2026-09-29T03:15:00Z,25.2,981.7,81.0,32.04,75.4,242.0,Northern Himalayas,northern_himalayas,Northern Himalayas,India Meteorological Department AWS Portal,2026-09-29T03:23:56Z
43900000916,Hoshiarpur AWS,2026-09-29T03:15:00Z,24.5,976.7,79.0,31.53,75.92,296.0,Northern Himalayas,northern_himalayas,Northern Himalayas,India Meteorological Department AWS Portal,2026-09-29T03:23:56Z
43900000917,Jalandhar AWS,2026-09-29T03:15:00Z,25.8,983.9,84.0,31.33,75.58,229.0,Northern Himalayas,northern_himalayas,Northern Himalayas,India Meteorological Department AWS Portal,2026-09-29T03:23:56Z
43900000918,Kapurthala AWS,2026-09-29T03:15:00Z,25.6,985.5,77.0,31.38,75.38,225.0,Northern Himalayas,northern_himalayas,Northern Himalayas,India Meteorological Department AWS Portal,2026-09-29T03:23:56Z
43900000919,Ludhiana PAU AWS,2026-09-29T03:15:00Z,26.7,983.5,75.0,30.9,75.81,247.0,Northern Himalayas,northern_himalayas,Northern Himalayas,India Meteorological Department AWS Portal,2026-09-29T03:23:56Z
43900000920,Mansa AWS,2026-09-29T03:15:00Z,26.4,987.3,82.0,29.98,75.38,212.0,Western Arid/Semi-Arid,western_arid_semi_arid,Western Arid/Semi-Arid,India Meteorological Department AWS Portal,2026-09-29T03:23:56Z
43900000921,Moga AWS,2026-09-29T03:15:00Z,26.7,986.5,75.0,30.82,75.17,217.0,Northern Himalayas,northern_himalayas,Northern Himalayas,India Meteorological Department AWS Portal,2026-09-29T03:23:56Z
43900000922,Muktsar AWS,2026-09-29T03:15:00Z,26.5,988.8,79.0,30.47,74.52,184.0,Northern Himalayas,northern_himalayas,Northern Himalayas,India Meteorological Department AWS Portal,2026-09-29T03:23:56Z
43900000923,Pathankot AWS,2026-09-29T03:15:00Z,23.2,973.8,88.0,32.27,75.65,332.0,Northern Himalayas,northern_himalayas,Northern Himalayas,India Meteorological Department AWS Portal,2026-09-29T03:23:56Z
43900000924,Patiala AWS,2026-09-29T03:15:00Z,25.4,983.2,82.0,30.33,76.38,251.0,Northern Himalayas,northern_himalayas,Northern Himalayas,India Meteorological Department AWS Portal,2026-09-29T03:23:56Z
43900000925,Rupnagar Ropar AWS,2026-09-29T03:15:00Z,24.8,980.4,77.0,30.97,76.53,260.0,Northern Himalayas,northern_himalayas,Northern Himalayas,India Meteorological Department AWS Portal,2026-09-29T03:23:56Z
43900000926,Sahibzada Ajit Singh Nagar Mohali AWS,2026-09-29T03:15:00Z,25.4,976.0,79.0,30.7,76.72,316.0,Northern Himalayas,northern_himalayas,Northern Himalayas,India Meteorological Department AWS Portal,2026-09-29T03:23:56Z
43900000927,Sangrur AWS,2026-09-29T03:15:00Z,25.7,984.8,76.0,30.25,75.84,232.0,Northern Himalayas,northern_himalayas,Northern Himalayas,India Meteorological Department AWS Portal,2026-09-29T03:23:56Z
43900000928,Shahid Bhagat Singh Nagar Nawanshahr AWS,2026-09-29T03:15:00Z,25.1,982.4,81.0,31.13,76.12,244.0,Northern Himalayas,northern_himalayas,Northern Himalayas,India Meteorological Department AWS Portal,2026-09-29T03:23:56Z
43900000929,Tarn Taran AWS,2026-09-29T03:15:00Z,25.5,985.5,83.0,31.45,74.93,226.0,Northern Himalayas,northern_himalayas,Northern Himalayas,India Meteorological Department AWS Portal,2026-09-29T03:23:56Z
43900000930,Bhiwani AWS,2026-09-29T03:15:00Z,26.2,987.5,83.0,28.78,76.13,215.0,Indo-Gangetic Plains,indo_gangetic_plains,Indo-Gangetic Plains,India Meteorological Department AWS Portal,2026-09-29T03:23:56Z
43900000931,Charkhi Dadri AWS,2026-09-29T03:15:00Z,26.2,987.0,78.0,28.6,76.27,222.0,Indo-Gangetic Plains,indo_gangetic_plains,Indo-Gangetic Plains,India Meteorological Department AWS Portal,2026-09-29T03:23:56Z
43900000932,Faridabad AWS,2026-09-29T03:15:00Z,26.1,988.7,87.0,28.41,77.32,204.0,Indo-Gangetic Plains,indo_gangetic_plains,Indo-Gangetic Plains,India Meteorological Department AWS Portal,2026-09-29T03:23:56Z
43900000933,Fatehabad AWS,2026-09-29T03:15:00Z,27.0,987.7,79.0,29.52,75.45,208.0,Western Arid/Semi-Arid,western_arid_semi_arid,Western Arid/Semi-Arid,India Meteorological Department AWS Portal,2026-09-29T03:23:56Z
43900000934,Gurugram Cybercity AWS,2026-09-29T03:15:00Z,25.4,986.2,84.0,28.46,77.03,220.0,Indo-Gangetic Plains,indo_gangetic_plains,Indo-Gangetic Plains,India Meteorological Department AWS Portal,2026-09-29T03:23:56Z
43900000935,Hisar HAU Agro-AWS,2026-09-29T03:15:00Z,27.3,987.9,79.0,29.15,75.72,215.0,Western Arid/Semi-Arid,western_arid_semi_arid,Western Arid/Semi-Arid,India Meteorological Department AWS Portal,2026-09-29T03:23:56Z
43900000936,Jhajjar AWS,2026-09-29T03:15:00Z,26.2,987.6,81.0,28.61,76.65,220.0,Indo-Gangetic Plains,indo_gangetic_plains,Indo-Gangetic Plains,India Meteorological Department AWS Portal,2026-09-29T03:23:56Z
43900000937,Jind AWS,2026-09-29T03:15:00Z,26.5,986.3,77.0,29.32,76.32,227.0,Indo-Gangetic Plains,indo_gangetic_plains,Indo-Gangetic Plains,India Meteorological Department AWS Portal,2026-09-29T03:23:56Z
43900000938,Kaithal AWS,2026-09-29T03:15:00Z,25.1,985.2,86.0,29.8,76.4,237.0,Indo-Gangetic Plains,indo_gangetic_plains,Indo-Gangetic Plains,India Meteorological Department AWS Portal,2026-09-29T03:23:56Z
43900000939,Karnal NDRI AWS,2026-09-29T03:15:00Z,25.6,983.9,81.0,29.69,76.98,252.0,Indo-Gangetic Plains,indo_gangetic_plains,Indo-Gangetic Plains,India Meteorological Department AWS Portal,2026-09-29T03:23:56Z
43900000940,Kurukshetra AWS,2026-09-29T03:15:00Z,26.0,982.8,79.0,29.97,76.85,260.0,Indo-Gangetic Plains,indo_gangetic_plains,Indo-Gangetic Plains,India Meteorological Department AWS Portal,2026-09-29T03:23:56Z
43900000941,Mahendragarh Narnaul AWS,2026-09-29T03:15:00Z,26.1,977.7,73.0,28.04,76.11,300.0,Indo-Gangetic Plains,indo_gangetic_plains,Indo-Gangetic Plains,India Meteorological Department AWS Portal,2026-09-29T03:23:56Z
43900000942,Nuh Mewat AWS,2026-09-29T03:15:00Z,25.8,990.4,82.0,28.11,77.02,199.0,Indo-Gangetic Plains,indo_gangetic_plains,Indo-Gangetic Plains,India Meteorological Department AWS Portal,2026-09-29T03:23:56Z
43900000943,Palwal AWS,2026-09-29T03:15:00Z,25.3,989.3,88.0,28.14,77.33,195.0,Indo-Gangetic Plains,indo_gangetic_plains,Indo-Gangetic Plains,India Meteorological Department AWS Portal,2026-09-29T03:23:56Z
43900000944,Panchkula AWS,2026-09-29T03:15:00Z,24.6,973.9,88.0,30.69,76.86,365.0,Northern Himalayas,northern_himalayas,Northern Himalayas,India Meteorological Department AWS Portal,2026-09-29T03:23:56Z
43900000945,Panipat AWS,2026-09-29T03:15:00Z,25.9,985.1,86.0,29.39,76.97,228.0,Indo-Gangetic Plains,indo_gangetic_plains,Indo-Gangetic Plains,India Meteorological Department AWS Portal,2026-09-29T03:23:56Z
43900000946,Rewari AWS,2026-09-29T03:15:00Z,26.2,984.1,77.0,28.18,76.62,242.0,Indo-Gangetic Plains,indo_gangetic_plains,Indo-Gangetic Plains,India Meteorological Department AWS Portal,2026-09-29T03:23:56Z
43900000947,Rohtak AWS,2026-09-29T03:15:00Z,27.2,985.8,72.0,28.9,76.58,220.0,Indo-Gangetic Plains,indo_gangetic_plains,Indo-Gangetic Plains,India Meteorological Department AWS Portal,2026-09-29T03:23:56Z
43900000948,Sirsa AWS,2026-09-29T03:15:00Z,26.9,988.4,83.0,29.53,75.03,205.0,Western Arid/Semi-Arid,western_arid_semi_arid,Western Arid/Semi-Arid,India Meteorological Department AWS Portal,2026-09-29T03:23:56Z
43900000949,Sonipat AWS,2026-09-29T03:15:00Z,27.0,986.8,78.0,28.99,77.02,224.0,Indo-Gangetic Plains,indo_gangetic_plains,Indo-Gangetic Plains,India Meteorological Department AWS Portal,2026-09-29T03:23:56Z
43900000950,Yamunanagar AWS,2026-09-29T03:15:00Z,25.7,980.2,86.0,30.13,77.28,274.0,Northern Himalayas,northern_himalayas,Northern Himalayas,India Meteorological Department AWS Portal,2026-09-29T03:23:56Z
43900000951,Delhi Ridge AWS,2026-09-29T03:15:00Z,27.3,985.4,76.0,28.67,77.21,233.0,Indo-Gangetic Plains,indo_gangetic_plains,Indo-Gangetic Plains,India Meteorological Department AWS Portal,2026-09-29T03:23:56Z
43900000952,Delhi Ayanagar AWS,2026-09-29T03:15:00Z,25.1,981.7,86.0,28.47,77.13,274.0,Indo-Gangetic Plains,indo_gangetic_plains,Indo-Gangetic Plains,India Meteorological Department AWS Portal,2026-09-29T03:23:56Z
43900000953,Delhi Najafgarh AWS,2026-09-29T03:15:00Z,26.6,987.4,79.0,28.61,76.98,213.0,Indo-Gangetic Plains,indo_gangetic_plains,Indo-Gangetic Plains,India Meteorological Department AWS Portal,2026-09-29T03:23:56Z
43900000954,Delhi Pitampura AWS,2026-09-29T03:15:00Z,27.3,986.2,80.0,28.7,77.13,219.0,Indo-Gangetic Plains,indo_gangetic_plains,Indo-Gangetic Plains,India Meteorological Department AWS Portal,2026-09-29T03:23:56Z
43900000955,Delhi Mayur Vihar AWS,2026-09-29T03:15:00Z,26.6,988.9,84.0,28.6,77.3,207.0,Indo-Gangetic Plains,indo_gangetic_plains,Indo-Gangetic Plains,India Meteorological Department AWS Portal,2026-09-29T03:23:56Z
43900000956,Dharamshala Kangra AWS,2026-09-29T03:15:00Z,19.0,873.3,69.0,32.219,76.3234,1457.0,Northern Himalayas,northern_himalayas,Northern Himalayas,India Meteorological Department AWS Portal,2026-09-29T03:23:56Z
43900000957,Mandi AWS,2026-09-29T03:15:00Z,18.4,928.5,90.0,31.7087,76.932,760.0,Northern Himalayas,northern_himalayas,Northern Himalayas,India Meteorological Department AWS Portal,2026-09-29T03:23:56Z
43900000958,Solan Nauni Agro-AWS,2026-09-29T03:15:00Z,15.5,857.8,96.0,30.9045,77.0967,1502.0,Northern Himalayas,northern_himalayas,Northern Himalayas,India Meteorological Department AWS Portal,2026-09-29T03:23:56Z
43900000959,Bilaspur HP AWS,2026-09-29T03:15:00Z,22.4,948.1,94.0,31.33,76.76,673.0,Northern Himalayas,northern_himalayas,Northern Himalayas,India Meteorological Department AWS Portal,2026-09-29T03:23:56Z
43900000960,Chamba AWS,2026-09-29T03:15:00Z,19.4,917.7,79.0,32.55,76.13,1006.0,Northern Himalayas,northern_himalayas,Northern Himalayas,India Meteorological Department AWS Portal,2026-09-29T03:23:56Z
43900000961,Hamirpur HP AWS,2026-09-29T03:15:00Z,22.9,928.6,73.0,31.68,76.52,785.0,Northern Himalayas,northern_himalayas,Northern Himalayas,India Meteorological Department AWS Portal,2026-09-29T03:23:56Z
43900000962,Kinnaur Reckong Peo AWS,2026-09-29T03:15:00Z,12.3,781.1,69.0,31.54,78.27,2290.0,Northern Himalayas,northern_himalayas,Northern Himalayas,India Meteorological Department AWS Portal,2026-09-29T03:23:56Z
43900000963,Lahaul Keylong AWS,2026-09-29T03:15:00Z,7.7,715.7,66.0,32.57,77.03,3080.0,Northern Himalayas,northern_himalayas,Northern Himalayas,India Meteorological Department AWS Portal,2026-09-29T03:23:56Z
43900000964,Spiti Kaza High-Alt AWS,2026-09-29T03:15:00Z,7.3,671.7,49.0,32.22,78.07,3650.0,Northern Himalayas,northern_himalayas,Northern Himalayas,India Meteorological Department AWS Portal,2026-09-29T03:23:56Z
43900000965,Sirmaur Nahan AWS,2026-09-29T03:15:00Z,19.6,916.9,88.0,30.56,77.3,932.0,Northern Himalayas,northern_himalayas,Northern Himalayas,India Meteorological Department AWS Portal,2026-09-29T03:23:56Z
43900000966,Kasauli AWS,2026-09-29T03:15:00Z,14.0,827.3,91.0,30.9,76.96,1927.0,Northern Himalayas,northern_himalayas,Northern Himalayas,India Meteorological Department AWS Portal,2026-09-29T03:23:56Z
43900000967,Dehradun Forest Research AWS,2026-09-29T03:15:00Z,21.4,939.8,86.0,30.34,78.0,682.0,Northern Himalayas,northern_himalayas,Northern Himalayas,India Meteorological Department AWS Portal,2026-09-29T03:23:56Z
43900000968,Dehradun Jolly Grant AWS,2026-09-29T03:15:00Z,21.1,951.7,84.0,30.19,78.18,558.0,Northern Himalayas,northern_himalayas,Northern Himalayas,India Meteorological Department AWS Portal,2026-09-29T03:23:56Z
43900000969,Haridwar AWS,2026-09-29T03:15:00Z,23.0,979.1,96.0,29.95,78.16,249.0,Indo-Gangetic Plains,indo_gangetic_plains,Indo-Gangetic Plains,India Meteorological Department AWS Portal,2026-09-29T03:23:56Z
43900000970,Almora AWS,2026-09-29T03:15:00Z,16.0,849.6,95.0,29.6,79.66,1638.0,Northern Himalayas,northern_himalayas,Northern Himalayas,India Meteorological Department AWS Portal,2026-09-29T03:23:56Z
43900000971,Ranikhet AWS,2026-09-29T03:15:00Z,13.6,824.4,100.0,29.64,79.43,1869.0,Northern Himalayas,northern_himalayas,Northern Himalayas,India Meteorological Department AWS Portal,2026-09-29T03:23:56Z
43900000972,Pithoragarh AWS,2026-09-29T03:15:00Z,17.0,852.3,99.0,29.58,80.22,1636.0,Northern Himalayas,northern_himalayas,Northern Himalayas,India Meteorological Department AWS Portal,2026-09-29T03:23:56Z
43900000973,Rudraprayag AWS,2026-09-29T03:15:00Z,20.8,926.0,85.0,30.28,78.98,895.0,Northern Himalayas,northern_himalayas,Northern Himalayas,India Meteorological Department AWS Portal,2026-09-29T03:23:56Z
43900000974,Bageshwar AWS,2026-09-29T03:15:00Z,18.2,900.1,91.0,29.85,79.77,1004.0,Northern Himalayas,northern_himalayas,Northern Himalayas,India Meteorological Department AWS Portal,2026-09-29T03:23:56Z
43900000975,Champawat AWS,2026-09-29T03:15:00Z,15.6,844.6,99.0,29.33,80.1,1610.0,Northern Himalayas,northern_himalayas,Northern Himalayas,India Meteorological Department AWS Portal,2026-09-29T03:23:56Z
43900000976,Srinagar Garhwal AWS,2026-09-29T03:15:00Z,21.9,950.5,95.0,30.22,78.78,560.0,Northern Himalayas,northern_himalayas,Northern Himalayas,India Meteorological Department AWS Portal,2026-09-29T03:23:56Z
43900000977,Anantnag AWS,2026-09-29T03:15:00Z,14.0,843.3,82.0,33.73,75.15,1601.0,Northern Himalayas,northern_himalayas,Northern Himalayas,India Meteorological Department AWS Portal,2026-09-29T03:23:56Z
43900000978,Baramulla AWS,2026-09-29T03:15:00Z,16.5,845.0,63.0,34.2,74.36,1593.0,Northern Himalayas,northern_himalayas,Northern Himalayas,India Meteorological Department AWS Portal,2026-09-29T03:23:56Z
43900000979,Pahalgam AWS,2026-09-29T03:15:00Z,10.4,791.1,66.0,34.01,75.32,2130.0,Northern Himalayas,northern_himalayas,Northern Himalayas,India Meteorological Department AWS Portal,2026-09-29T03:23:56Z
43900000980,Kupwara AWS,2026-09-29T03:15:00Z,12.9,836.8,67.0,34.53,74.25,1609.0,Northern Himalayas,northern_himalayas,Northern Himalayas,India Meteorological Department AWS Portal,2026-09-29T03:23:56Z
43900000981,Pulwama AWS,2026-09-29T03:15:00Z,11.2,836.4,81.0,33.87,74.89,1630.0,Northern Himalayas,northern_himalayas,Northern Himalayas,India Meteorological Department AWS Portal,2026-09-29T03:23:56Z
43900000982,Shopian AWS,2026-09-29T03:15:00Z,12.3,801.1,53.0,33.72,74.83,2057.0,Northern Himalayas,northern_himalayas,Northern Himalayas,India Meteorological Department AWS Portal,2026-09-29T03:23:56Z
43900000983,Kulgam AWS,2026-09-29T03:15:00Z,13.4,830.0,64.0,33.65,75.02,1739.0,Northern Himalayas,northern_himalayas,Northern Himalayas,India Meteorological Department AWS Portal,2026-09-29T03:23:56Z
43900000984,Bandipora AWS,2026-09-29T03:15:00Z,12.0,838.5,62.0,34.42,74.64,1578.0,Northern Himalayas,northern_himalayas,Northern Himalayas,India Meteorological Department AWS Portal,2026-09-29T03:23:56Z
43900000985,Ganderbal AWS,2026-09-29T03:15:00Z,13.5,843.0,62.0,34.22,74.78,1619.0,Northern Himalayas,northern_himalayas,Northern Himalayas,India Meteorological Department AWS Portal,2026-09-29T03:23:56Z
43900000986,Udhampur AWS,2026-09-29T03:15:00Z,21.8,929.7,76.0,32.93,75.14,756.0,Northern Himalayas,northern_himalayas,Northern Himalayas,India Meteorological Department AWS Portal,2026-09-29T03:23:56Z
43900000987,Katra Mata Vaishno Devi AWS,2026-09-29T03:15:00Z,20.4,911.0,77.0,32.99,74.95,875.0,Northern Himalayas,northern_himalayas,Northern Himalayas,India Meteorological Department AWS Portal,2026-09-29T03:23:56Z
43900000988,Reasi AWS,2026-09-29T03:15:00Z,21.9,955.5,83.0,33.08,74.83,466.0,Northern Himalayas,northern_himalayas,Northern Himalayas,India Meteorological Department AWS Portal,2026-09-29T03:23:56Z
43900000989,Kathua AWS,2026-09-29T03:15:00Z,22.9,975.3,92.0,32.37,75.52,307.0,Northern Himalayas,northern_himalayas,Northern Himalayas,India Meteorological Department AWS Portal,2026-09-29T03:23:56Z
43900000990,Samba AWS,2026-09-29T03:15:00Z,24.1,967.9,75.0,32.56,75.12,384.0,Northern Himalayas,northern_himalayas,Northern Himalayas,India Meteorological Department AWS Portal,2026-09-29T03:23:56Z
43900000991,Poonch AWS,2026-09-29T03:15:00Z,17.6,902.9,67.0,33.77,74.1,1005.0,Northern Himalayas,northern_himalayas,Northern Himalayas,India Meteorological Department AWS Portal,2026-09-29T03:23:56Z
43900000992,Rajouri AWS,2026-09-29T03:15:00Z,18.8,909.0,70.0,33.38,74.3,915.0,Northern Himalayas,northern_himalayas,Northern Himalayas,India Meteorological Department AWS Portal,2026-09-29T03:23:56Z
43900000993,Ramban Banihal AWS,2026-09-29T03:15:00Z,11.9,792.3,71.0,33.49,75.2,1666.0,Northern Himalayas,northern_himalayas,Northern Himalayas,India Meteorological Department AWS Portal,2026-09-29T03:23:56Z
43900000994,Doda Bhadarwah AWS,2026-09-29T03:15:00Z,15.1,841.1,61.0,32.98,75.71,1613.0,Northern Himalayas,northern_himalayas,Northern Himalayas,India Meteorological Department AWS Portal,2026-09-29T03:23:56Z
43900000995,Kishtwar AWS,2026-09-29T03:15:00Z,14.8,837.0,68.0,33.32,75.77,1638.0,Northern Himalayas,northern_himalayas,Northern Himalayas,India Meteorological Department AWS Portal,2026-09-29T03:23:56Z
43900000996,Kargil High-Alt AWS,2026-09-29T03:15:00Z,12.1,749.1,50.0,34.56,76.13,2676.0,Northern Himalayas,northern_himalayas,Northern Himalayas,India Meteorological Department AWS Portal,2026-09-29T03:23:56Z
43900000997,Nubra Diskit AWS,2026-09-29T03:15:00Z,5.6,708.5,61.0,34.57,77.56,3144.0,Northern Himalayas,northern_himalayas,Northern Himalayas,India Meteorological Department AWS Portal,2026-09-29T03:23:56Z
43900000998,Nyoma Changthang AWS,2026-09-29T03:15:00Z,5.4,630.3,55.0,33.19,78.65,4180.0,Northern Himalayas,northern_himalayas,Northern Himalayas,India Meteorological Department AWS Portal,2026-09-29T03:23:56Z
43900000999,Barpeta AWS,2026-09-29T03:15:00Z,27.8,1007.1,82.0,26.32,91.0,43.0,Northeast Hills,northeast_hills,Northeast Hills,India Meteorological Department AWS Portal,2026-09-29T03:23:56Z
43900001000,Nagaon AWS,2026-09-29T03:15:00Z,27.6,1004.6,91.0,26.35,92.68,60.0,Northeast Hills,northeast_hills,Northeast Hills,India Meteorological Department AWS Portal,2026-09-29T03:23:56Z
43900001001,Tinsukia AWS,2026-09-29T03:15:00Z,27.2,998.4,89.0,27.5,95.37,125.0,Northeast Hills,northeast_hills,Northeast Hills,India Meteorological Department AWS Portal,2026-09-29T03:23:56Z
43900001002,Karbi Anglong Diphu AWS,2026-09-29T03:15:00Z,27.1,991.1,94.0,25.84,93.43,186.0,Northeast Hills,northeast_hills,Northeast Hills,India Meteorological Department AWS Portal,2026-09-29T03:23:56Z
43900001003,Kokrajhar AWS,2026-09-29T03:15:00Z,26.8,1006.4,86.0,26.4,90.27,48.0,Northeast Hills,northeast_hills,Northeast Hills,India Meteorological Department AWS Portal,2026-09-29T03:23:56Z
43900001004,Silvassa Inland AWS,2026-09-29T03:15:00Z,24.9,1006.7,96.0,20.27,73.01,32.0,Coastal Plains,coastal_plains,Coastal Plains,India Meteorological Department AWS Portal,2026-09-29T03:23:56Z
43900001005,Shillong Barapani AWS,2026-09-29T03:15:00Z,21.6,907.7,90.0,25.67,91.89,1496.0,Northeast Hills,northeast_hills,Northeast Hills,India Meteorological Department AWS Portal,2026-09-29T03:23:56Z
43900001006,Mawsynram AWS,2026-09-29T03:15:00Z,18.5,861.5,92.0,25.3,91.58,1400.0,Northeast Hills,northeast_hills,Northeast Hills,India Meteorological Department AWS Portal,2026-09-29T03:23:56Z
43900001007,Jowai West Jaintia Hills AWS,2026-09-29T03:15:00Z,19.3,872.5,96.0,25.44,92.2,1380.0,Northeast Hills,northeast_hills,Northeast Hills,India Meteorological Department AWS Portal,2026-09-29T03:23:56Z
43920001004,Maharashtra Vidarbha Agro Block-01 AWS,2026-09-29T03:15:00Z,24.9,959.3,91.0,21.15,78.68,290.5,Central Plateau,central_plateau,Central Plateau,India Meteorological Department AWS Portal,2026-09-29T03:23:56Z
43920001005,Maharashtra Marathwada Agro Block-01 AWS,2026-09-29T03:15:00Z,25.4,964.5,80.0,19.4216,76.3673,420.5,Deccan Plateau,deccan_plateau,Deccan Plateau,India Meteorological Department AWS Portal,2026-09-29T03:23:56Z
43920001006,Madhya Pradesh Nimar Valley Block-01 AWS,2026-09-29T03:15:00Z,25.0,978.5,83.0,21.7207,75.8157,280.5,Central Plateau,central_plateau,Central Plateau,India Meteorological Department AWS Portal,2026-09-29T03:23:56Z
43920001007,Madhya Pradesh Bundelkhand Agro Block-01 AWS,2026-09-29T03:15:00Z,24.9,985.4,93.0,24.9428,79.3096,320.5,Indo-Gangetic Plains,indo_gangetic_plains,Indo-Gangetic Plains,India Meteorological Department AWS Portal,2026-09-29T03:23:56Z
74923499999,Guskhara Southeast,2026-09-29T03:15:00Z,27.1,1006.5,98.0,23.467,87.783,41.0,Central Plateau,central_plateau,Central Plateau,India Meteorological Department AWS Portal,2026-09-29T03:23:56Z
74923599999,Chakulia,2026-09-29T03:15:00Z,25.5,998.5,99.0,22.45,86.7,131.0,Central Plateau,central_plateau,Central Plateau,India Meteorological Department AWS Portal,2026-09-29T03:23:56Z
74923899999,Raniganj East,2026-09-29T03:15:00Z,27.3,1002.7,95.0,23.617,87.2,86.0,Central Plateau,central_plateau,Central Plateau,India Meteorological Department AWS Portal,2026-09-29T03:23:56Z
74923999999,Sherghati Northeast,2026-09-29T03:15:00Z,26.8,996.4,90.0,24.6,84.883,149.0,Indo-Gangetic Plains,indo_gangetic_plains,Indo-Gangetic Plains,India Meteorological Department AWS Portal,2026-09-29T03:23:56Z
74924099999,Malandighi Northwest,2026-09-29T03:15:00Z,26.8,1002.5,99.0,23.633,87.35,94.0,Central Plateau,central_plateau,Central Plateau,India Meteorological Department AWS Portal,2026-09-29T03:23:56Z
74924199999,Kharagpur Southeast,2026-09-29T03:15:00Z,26.1,1007.9,99.0,22.3,87.333,41.0,Central Plateau,central_plateau,Central Plateau,India Meteorological Department AWS Portal,2026-09-29T03:23:56Z
74924299999,Bankadaha West,2026-09-29T03:15:00Z,26.0,1002.7,100.0,22.967,87.3,79.0,Central Plateau,central_plateau,Central Plateau,India Meteorological Department AWS Portal,2026-09-29T03:23:56Z
74924399999,Pandaveswar Sw,2026-09-29T03:15:00Z,27.0,1002.8,96.0,23.717,87.283,87.0,Central Plateau,central_plateau,Central Plateau,India Meteorological Department AWS Portal,2026-09-29T03:23:56Z
74924499999,Doom-Dooma,2026-09-29T03:15:00Z,27.0,999.0,84.0,27.567,95.567,130.0,Northeast Hills,northeast_hills,Northeast Hills,India Meteorological Department AWS Portal,2026-09-29T03:23:56Z
74924699999,Bansbera Northeast,2026-09-29T03:15:00Z,26.9,1002.4,89.0,26.8,92.617,98.0,Northeast Hills,northeast_hills,Northeast Hills,India Meteorological Department AWS Portal,2026-09-29T03:23:56Z
74924799999,Jhanzi West,2026-09-29T03:15:00Z,27.9,1002.0,85.0,26.85,94.433,92.0,Northeast Hills,northeast_hills,Northeast Hills,India Meteorological Department AWS Portal,2026-09-29T03:23:56Z
74924999999,Hailakandi Northwest,2026-09-29T03:15:00Z,28.4,1008.4,95.0,24.717,92.533,25.0,Northeast Hills,northeast_hills,Northeast Hills,India Meteorological Department AWS Portal,2026-09-29T03:23:56Z
74925099999,Moran Southwest,2026-09-29T03:15:00Z,26.5,1001.1,92.0,27.15,94.9,100.0,Northeast Hills,northeast_hills,Northeast Hills,India Meteorological Department AWS Portal,2026-09-29T03:23:56Z
74925199999,Sadiya,2026-09-29T03:15:00Z,27.5,997.9,64.0,27.85,95.667,130.0,Northeast Hills,northeast_hills,Northeast Hills,India Meteorological Department AWS Portal,2026-09-29T03:23:56Z
74925299999,Dergaon,2026-09-29T03:15:00Z,27.7,1003.0,90.0,26.717,93.95,91.0,Northeast Hills,northeast_hills,Northeast Hills,India Meteorological Department AWS Portal,2026-09-29T03:23:56Z
0-20000-0-42901,Digha,2026-09-29T03:15:00Z,31.8,1012.2,74.9,21.83333,87.78333,5.2,,,,India Meteorological Department AWS Portal,2026-09-29T03:23:56Z
0-20000-0-43005,T.B.I.A,2026-09-29T03:15:00Z,26.2,1005.3,94.8,19.15,73.0,14.85,,,,India Meteorological Department AWS Portal,2026-09-29T03:23:56Z
DEL001,Station DEL001,2026-09-29T03:15:00Z,31.2,1012.0,55.0,28.5,77.2,215.0,Delhi,New Delhi,Delhi,India Meteorological Department AWS Portal,2026-09-29T03:24:02Z
TGT_ANOMALY,Target Anomaly AWS,2026-09-25T11:00:00Z,49.5,1008.0,25.0,28.6,77.2,220.0,,,,IMD_AWS,2026-09-29T03:24:03Z
PEER_1,Peer 1 AWS,2026-09-25T11:00:00Z,31.0,1008.0,55.0,28.65,77.25,220.0,,,,IMD_AWS,2026-09-29T03:24:03Z
PEER_2,Peer 2 AWS,2026-09-25T11:00:00Z,30.5,1008.0,56.0,28.55,77.15,220.0,,,,IMD_AWS,2026-09-29T03:24:03Z
PEER_1,Peer 1 AWS,2026-09-29T03:15:00Z,31.0,1008.0,55.0,28.65,77.25,,,,,India Meteorological Department AWS Portal,2026-09-29T03:24:06Z
PEER_2,Peer 2 AWS,2026-09-29T03:15:00Z,30.5,1008.0,56.0,28.55,77.15,,,,,India Meteorological Department AWS Portal,2026-09-29T03:24:06Z
TGT_ANOMALY,Target Anomaly AWS,2026-09-29T03:15:00Z,49.5,1008.0,25.0,28.6,77.2,,,,,India Meteorological Department AWS Portal,2026-09-29T03:24:06Z
DELHI_TEST_1790652266412,DELHI PALAM AIRPORT,2026-09-24T21:00:00Z,32.5,1008.2,58.0,28.56,77.11,,,,,IMD_AWS,2026-09-29T03:24:26Z
MUMBAI_TEST_1790652266412,MUMBAI SANTACRUZ,2026-09-24T21:00:00Z,29.8,1011.0,82.0,19.12,72.85,,,,,IMD_AWS,2026-09-29T03:24:26Z
DELHI_TEST_1790652266412,DELHI PALAM AIRPORT,2026-09-29T03:15:00Z,32.5,1008.2,58.0,28.56,77.11,,,,,India Meteorological Department AWS Portal,2026-09-29T03:24:29Z
MUMBAI_TEST_1790652266412,MUMBAI SANTACRUZ,2026-09-29T03:15:00Z,29.8,1011.0,82.0,19.12,72.85,,,,,India Meteorological Department AWS Portal,2026-09-29T03:24:29Z
